Epoch,Timestamp,Open,High,Low,Close,Volume
1772423100,2026-03-02T09:15:00,24659.25,24948.45,24645.1,24858.35,15567513
1772423160,2026-03-02T09:16:00,24852.3,24864.45,24834.0,24839.8,8722520
1772423220,2026-03-02T09:17:00,24842.8,24895.4,24837.9,24874.95,6267944
1772423280,2026-03-02T09:18:00,24878.05,24892.0,24853.65,24870.3,5344398
1772423340,2026-03-02T09:19:00,24870.4,24894.3,24864.9,24892.95,4206850
1772423400,2026-03-02T09:20:00,24893.1,24941.65,24891.3,24929.85,4813300
1772423460,2026-03-02T09:21:00,24934.25,24958.8,24927.15,24929.45,3368566
1772423520,2026-03-02T09:22:00,24928.75,24934.25,24908.05,24925.8,4079507
1772423580,2026-03-02T09:23:00,24925.5,24925.5,24878.8,24885.6,3335101
1772423640,2026-03-02T09:24:00,24886.6,24910.15,24886.6,24896.5,3118728
1772423700,2026-03-02T09:25:00,24896.7,24896.7,24863.05,24869.9,3673658
1772423760,2026-03-02T09:26:00,24866.1,24884.35,24857.1,24884.35,3172794
1772423820,2026-03-02T09:27:00,24883.5,24912.15,24882.05,24907.9,2356640
1772423880,2026-03-02T09:28:00,24907.05,24920.15,24905.4,24920.15,3726931
1772423940,2026-03-02T09:29:00,24918.3,24918.3,24882.55,24889.4,3019593
1772424000,2026-03-02T09:30:00,24889.75,24927.5,24885.45,24927.1,2239565
1772424060,2026-03-02T09:31:00,24926.8,24934.75,24923.1,24931.15,2343454
1772424120,2026-03-02T09:32:00,24929.6,24939.5,24915.9,24935.05,2782336
1772424180,2026-03-02T09:33:00,24933.65,24971.6,24932.6,24964.15,2100855
1772424240,2026-03-02T09:34:00,24963.25,24975.45,24963.0,24974.55,2179060
1772424300,2026-03-02T09:35:00,24975.7,24977.6,24961.75,24966.85,2310327
1772424360,2026-03-02T09:36:00,24967.5,24974.4,24944.55,24947.95,1746209
1772424420,2026-03-02T09:37:00,24948.8,24953.05,24923.8,24931.8,2257065
1772424480,2026-03-02T09:38:00,24931.6,24952.9,24926.6,24943.85,1697403
1772424540,2026-03-02T09:39:00,24944.15,24955.9,24941.45,24949.8,1580376
1772424600,2026-03-02T09:40:00,24948.55,24975.75,24944.25,24944.25,1984895
1772424660,2026-03-02T09:41:00,24946.15,24972.5,24936.05,24960.75,1762835
1772424720,2026-03-02T09:42:00,24960.35,24968.5,24953.75,24967.25,1746411
1772424780,2026-03-02T09:43:00,24967.65,24977.1,24964.2,24966.0,1793262
1772424840,2026-03-02T09:44:00,24967.1,24971.5,24961.5,24963.65,1331257
1772424900,2026-03-02T09:45:00,24964.3,24972.7,24962.25,24966.3,1266058
1772424960,2026-03-02T09:46:00,24964.05,24975.8,24954.25,24973.2,1552587
1772425020,2026-03-02T09:47:00,24975.15,24978.85,24968.8,24978.85,1231781
1772425080,2026-03-02T09:48:00,24976.85,24989.35,24969.4,24972.8,1551494
1772425140,2026-03-02T09:49:00,24970.3,24970.3,24948.6,24953.2,1303813
1772425200,2026-03-02T09:50:00,24949.4,24951.1,24927.4,24943.8,1403407
1772425260,2026-03-02T09:51:00,24943.5,24946.5,24921.4,24945.65,1663571
1772425320,2026-03-02T09:52:00,24945.5,24948.65,24921.05,24921.05,1405552
1772425380,2026-03-02T09:53:00,24916.5,24919.5,24898.4,24898.4,1484822
1772425440,2026-03-02T09:54:00,24897.5,24905.7,24883.2,24884.15,1308754
1772425500,2026-03-02T09:55:00,24886.7,24902.55,24886.1,24897.0,1167407
1772425560,2026-03-02T09:56:00,24899.5,24904.05,24896.2,24901.15,1061356
1772425620,2026-03-02T09:57:00,24904.0,24931.3,24901.7,24931.3,1038611
1772425680,2026-03-02T09:58:00,24931.05,24939.85,24926.85,24931.3,894630
1772425740,2026-03-02T09:59:00,24932.15,24946.1,24930.15,24945.1,804402
1772425800,2026-03-02T10:00:00,24946.2,24953.25,24937.15,24939.65,989525
1772425860,2026-03-02T10:01:00,24941.3,24942.75,24933.45,24934.3,747656
1772425920,2026-03-02T10:02:00,24934.4,24935.35,24911.85,24911.85,1103698
1772425980,2026-03-02T10:03:00,24912.85,24923.4,24906.65,24909.1,1250647
1772426040,2026-03-02T10:04:00,24908.75,24911.8,24894.65,24898.25,1291357
1772426100,2026-03-02T10:05:00,24898.95,24905.95,24898.6,24902.9,765820
1772426160,2026-03-02T10:06:00,24903.45,24903.45,24893.35,24899.7,996375
1772426220,2026-03-02T10:07:00,24902.15,24909.6,24885.35,24889.1,1066009
1772426280,2026-03-02T10:08:00,24888.6,24889.55,24874.15,24879.85,1042068
1772426340,2026-03-02T10:09:00,24878.95,24885.9,24876.9,24884.65,1102494
1772426400,2026-03-02T10:10:00,24885.25,24894.0,24869.35,24869.35,1325687
1772426460,2026-03-02T10:11:00,24871.9,24882.85,24867.6,24872.05,989201
1772426520,2026-03-02T10:12:00,24872.2,24873.6,24865.7,24868.3,931726
1772426580,2026-03-02T10:13:00,24868.45,24882.95,24868.45,24879.3,1036576
1772426640,2026-03-02T10:14:00,24879.0,24885.9,24872.05,24884.85,770176
1772426700,2026-03-02T10:15:00,24885.35,24887.85,24875.4,24878.55,685299
1772426760,2026-03-02T10:16:00,24878.5,24879.3,24859.8,24859.85,1331188
1772426820,2026-03-02T10:17:00,24861.05,24868.05,24853.7,24867.8,1146373
1772426880,2026-03-02T10:18:00,24867.8,24879.95,24866.6,24877.5,819280
1772426940,2026-03-02T10:19:00,24878.0,24887.55,24874.75,24876.4,899585
1772427000,2026-03-02T10:20:00,24876.55,24876.75,24856.85,24857.8,883507
1772427060,2026-03-02T10:21:00,24858.45,24873.0,24857.8,24867.25,681477
1772427120,2026-03-02T10:22:00,24866.9,24872.05,24857.65,24871.05,1106516
1772427180,2026-03-02T10:23:00,24871.7,24875.4,24861.7,24863.2,1037698
1772427240,2026-03-02T10:24:00,24862.55,24869.95,24858.55,24864.6,987020
1772427300,2026-03-02T10:25:00,24863.6,24866.8,24858.1,24864.0,944874
1772427360,2026-03-02T10:26:00,24862.1,24870.75,24861.4,24870.4,994216
1772427420,2026-03-02T10:27:00,24870.5,24873.5,24859.35,24860.35,657418
1772427480,2026-03-02T10:28:00,24861.95,24865.15,24858.1,24858.1,974501
1772427540,2026-03-02T10:29:00,24858.85,24865.6,24856.4,24859.6,1122209
1772427600,2026-03-02T10:30:00,24860.95,24863.6,24853.3,24860.35,673460
1772427660,2026-03-02T10:31:00,24858.75,24879.15,24858.75,24878.75,1078662
1772427720,2026-03-02T10:32:00,24879.05,24879.35,24867.25,24867.25,653474
1772427780,2026-03-02T10:33:00,24867.85,24879.5,24865.75,24879.3,703539
1772427840,2026-03-02T10:34:00,24880.35,24885.25,24871.45,24872.7,878386
1772427900,2026-03-02T10:35:00,24874.05,24878.6,24858.65,24860.1,758880
1772427960,2026-03-02T10:36:00,24859.5,24865.95,24846.85,24850.65,715379
1772428020,2026-03-02T10:37:00,24851.15,24864.15,24843.7,24860.75,693854
1772428080,2026-03-02T10:38:00,24861.15,24869.25,24857.05,24857.8,755574
1772428140,2026-03-02T10:39:00,24857.1,24858.0,24852.45,24855.25,657948
1772428200,2026-03-02T10:40:00,24855.45,24855.75,24845.35,24850.65,879651
1772428260,2026-03-02T10:41:00,24850.15,24855.15,24849.5,24853.9,715660
1772428320,2026-03-02T10:42:00,24853.95,24857.8,24849.2,24852.3,508938
1772428380,2026-03-02T10:43:00,24850.45,24851.3,24824.0,24824.8,789840
1772428440,2026-03-02T10:44:00,24825.65,24828.1,24812.25,24813.7,1113485
1772428500,2026-03-02T10:45:00,24814.8,24829.35,24814.0,24824.3,589901
1772428560,2026-03-02T10:46:00,24824.55,24837.95,24821.0,24829.45,781097
1772428620,2026-03-02T10:47:00,24829.75,24836.3,24823.3,24833.55,979914
1772428680,2026-03-02T10:48:00,24833.2,24835.8,24825.3,24830.35,614851
1772428740,2026-03-02T10:49:00,24830.45,24831.4,24817.15,24818.8,885787
1772428800,2026-03-02T10:50:00,24818.4,24828.25,24818.3,24826.6,944525
1772428860,2026-03-02T10:51:00,24826.95,24828.1,24822.2,24826.55,839325
1772428920,2026-03-02T10:52:00,24827.7,24834.05,24826.5,24829.0,688260
1772428980,2026-03-02T10:53:00,24828.85,24831.55,24826.15,24828.1,643806
1772429040,2026-03-02T10:54:00,24827.6,24832.05,24823.75,24828.85,613466
1772429100,2026-03-02T10:55:00,24828.6,24840.15,24826.65,24839.05,908701
1772429160,2026-03-02T10:56:00,24840.2,24846.75,24840.05,24840.55,762202
1772429220,2026-03-02T10:57:00,24842.8,24847.9,24840.85,24846.8,715259
1772429280,2026-03-02T10:58:00,24847.95,24859.2,24843.5,24855.9,972447
1772429340,2026-03-02T10:59:00,24856.5,24858.4,24854.75,24855.15,603917
1772429400,2026-03-02T11:00:00,24856.3,24860.35,24849.3,24850.25,838041
1772429460,2026-03-02T11:01:00,24850.35,24858.8,24850.25,24857.05,636409
1772429520,2026-03-02T11:02:00,24857.0,24867.5,24854.9,24861.75,804388
1772429580,2026-03-02T11:03:00,24862.15,24868.7,24861.2,24865.15,464871
1772429640,2026-03-02T11:04:00,24866.15,24868.2,24853.75,24854.05,635073
1772429700,2026-03-02T11:05:00,24853.75,24856.25,24842.55,24855.45,1123589
1772429760,2026-03-02T11:06:00,24855.65,24865.4,24855.65,24860.5,745084
1772429820,2026-03-02T11:07:00,24861.05,24864.85,24853.9,24854.6,524965
1772429880,2026-03-02T11:08:00,24855.0,24860.5,24854.2,24854.2,989679
1772429940,2026-03-02T11:09:00,24854.25,24861.6,24853.8,24858.2,712238
1772430000,2026-03-02T11:10:00,24859.3,24860.35,24849.6,24850.95,881189
1772430060,2026-03-02T11:11:00,24851.1,24851.55,24844.85,24849.35,818624
1772430120,2026-03-02T11:12:00,24850.0,24852.95,24842.45,24848.25,550200
1772430180,2026-03-02T11:13:00,24848.0,24852.25,24844.85,24851.6,490090
1772430240,2026-03-02T11:14:00,24851.0,24851.15,24839.35,24843.2,1165954
1772430300,2026-03-02T11:15:00,24844.8,24849.2,24839.25,24841.15,854761
1772430360,2026-03-02T11:16:00,24840.5,24846.6,24838.35,24839.9,765732
1772430420,2026-03-02T11:17:00,24839.4,24841.35,24831.55,24836.05,891138
1772430480,2026-03-02T11:18:00,24836.85,24842.0,24835.65,24838.05,648959
1772430540,2026-03-02T11:19:00,24834.35,24840.15,24831.55,24831.55,733318
1772430600,2026-03-02T11:20:00,24830.0,24830.25,24819.85,24826.05,825496
1772430660,2026-03-02T11:21:00,24827.35,24831.35,24822.95,24830.15,463765
1772430720,2026-03-02T11:22:00,24829.9,24834.95,24829.1,24832.55,508558
1772430780,2026-03-02T11:23:00,24832.95,24832.95,24820.3,24822.75,468654
1772430840,2026-03-02T11:24:00,24823.1,24827.3,24821.45,24825.15,596031
1772430900,2026-03-02T11:25:00,24825.35,24828.05,24821.15,24827.1,701111
1772430960,2026-03-02T11:26:00,24827.35,24829.25,24813.75,24816.6,941368
1772431020,2026-03-02T11:27:00,24819.9,24820.0,24808.1,24810.65,718199
1772431080,2026-03-02T11:28:00,24810.4,24810.6,24800.9,24810.6,749779
1772431140,2026-03-02T11:29:00,24809.75,24809.75,24797.55,24803.0,652035
1772431200,2026-03-02T11:30:00,24802.8,24803.4,24797.45,24801.0,1151674
1772431260,2026-03-02T11:31:00,24800.25,24813.5,24797.8,24806.35,1894747
1772431320,2026-03-02T11:32:00,24806.9,24813.8,24803.45,24805.9,1360453
1772431380,2026-03-02T11:33:00,24805.65,24807.35,24799.2,24805.8,808319
1772431440,2026-03-02T11:34:00,24804.85,24809.2,24804.2,24808.05,814811
1772431500,2026-03-02T11:35:00,24807.65,24818.4,24807.65,24811.6,732179
1772431560,2026-03-02T11:36:00,24811.65,24818.05,24810.85,24811.65,701249
1772431620,2026-03-02T11:37:00,24811.8,24812.9,24806.25,24808.9,1590333
1772431680,2026-03-02T11:38:00,24808.7,24817.55,24808.05,24817.55,520128
1772431740,2026-03-02T11:39:00,24818.55,24825.45,24817.75,24822.95,467217
1772431800,2026-03-02T11:40:00,24822.1,24824.5,24807.7,24810.2,1119483
1772431860,2026-03-02T11:41:00,24810.75,24819.6,24810.5,24814.35,885259
1772431920,2026-03-02T11:42:00,24816.45,24821.65,24812.4,24818.5,704047
1772431980,2026-03-02T11:43:00,24818.65,24823.9,24814.1,24816.8,793519
1772432040,2026-03-02T11:44:00,24816.9,24822.15,24815.75,24821.6,544069
1772432100,2026-03-02T11:45:00,24822.2,24827.1,24813.9,24825.8,601966
1772432160,2026-03-02T11:46:00,24826.25,24838.45,24824.5,24836.45,587122
1772432220,2026-03-02T11:47:00,24836.6,24842.8,24830.75,24830.9,530193
1772432280,2026-03-02T11:48:00,24832.1,24832.75,24817.85,24824.65,481910
1772432340,2026-03-02T11:49:00,24824.15,24824.15,24813.65,24815.3,909186
1772432400,2026-03-02T11:50:00,24815.9,24821.85,24811.05,24812.15,579130
1772432460,2026-03-02T11:51:00,24811.45,24816.55,24803.8,24812.1,704530
1772432520,2026-03-02T11:52:00,24812.8,24812.8,24796.8,24798.05,785552
1772432580,2026-03-02T11:53:00,24795.25,24805.55,24794.0,24795.1,703308
1772432640,2026-03-02T11:54:00,24797.3,24807.1,24793.65,24804.2,729185
1772432700,2026-03-02T11:55:00,24804.25,24806.25,24798.0,24800.85,648286
1772432760,2026-03-02T11:56:00,24801.45,24804.4,24794.35,24799.1,428841
1772432820,2026-03-02T11:57:00,24798.8,24800.75,24792.8,24796.35,724212
1772432880,2026-03-02T11:58:00,24797.3,24799.4,24792.2,24795.45,556941
1772432940,2026-03-02T11:59:00,24793.8,24795.05,24782.7,24784.0,1055001
1772433000,2026-03-02T12:00:00,24784.1,24784.6,24764.4,24773.65,1702075
1772433060,2026-03-02T12:01:00,24775.05,24781.8,24772.0,24773.7,865613
1772433120,2026-03-02T12:02:00,24774.75,24775.5,24768.7,24770.65,842695
1772433180,2026-03-02T12:03:00,24771.1,24776.4,24765.75,24768.1,986439
1772433240,2026-03-02T12:04:00,24769.45,24776.6,24765.55,24773.7,748700
1772433300,2026-03-02T12:05:00,24775.1,24775.1,24762.55,24763.1,1102315
1772433360,2026-03-02T12:06:00,24764.95,24770.15,24761.6,24766.9,867005
1772433420,2026-03-02T12:07:00,24765.55,24777.45,24764.95,24774.55,1259372
1772433480,2026-03-02T12:08:00,24775.6,24779.0,24770.2,24772.45,785425
1772433540,2026-03-02T12:09:00,24771.0,24776.2,24766.8,24770.75,768063
1772433600,2026-03-02T12:10:00,24768.7,24772.2,24764.75,24767.2,535286
1772433660,2026-03-02T12:11:00,24767.8,24771.95,24763.7,24770.2,618669
1772433720,2026-03-02T12:12:00,24770.65,24781.2,24769.5,24774.75,570023
1772433780,2026-03-02T12:13:00,24776.25,24778.25,24770.0,24772.85,658083
1772433840,2026-03-02T12:14:00,24774.7,24774.85,24743.25,24744.55,1303934
1772433900,2026-03-02T12:15:00,24743.5,24756.0,24726.5,24726.5,1460264
1772433960,2026-03-02T12:16:00,24726.8,24753.2,24725.6,24736.4,1228152
1772434020,2026-03-02T12:17:00,24736.7,24742.95,24728.1,24732.4,842054
1772434080,2026-03-02T12:18:00,24732.4,24733.3,24721.7,24728.9,964927
1772434140,2026-03-02T12:19:00,24729.45,24733.2,24723.65,24727.45,815467
1772434200,2026-03-02T12:20:00,24725.3,24734.95,24723.75,24733.6,651228
1772434260,2026-03-02T12:21:00,24733.0,24733.0,24721.0,24725.65,791366
1772434320,2026-03-02T12:22:00,24725.15,24732.1,24720.75,24720.75,954580
1772434380,2026-03-02T12:23:00,24720.0,24731.4,24718.55,24730.25,951895
1772434440,2026-03-02T12:24:00,24731.3,24736.3,24726.8,24728.55,551802
1772434500,2026-03-02T12:25:00,24728.45,24732.1,24726.35,24729.6,879671
1772434560,2026-03-02T12:26:00,24730.25,24731.75,24725.2,24729.05,1056790
1772434620,2026-03-02T12:27:00,24728.05,24736.95,24726.8,24733.6,1033025
1772434680,2026-03-02T12:28:00,24733.9,24737.25,24721.9,24724.85,649261
1772434740,2026-03-02T12:29:00,24724.15,24736.5,24721.45,24735.65,546068
1772434800,2026-03-02T12:30:00,24734.55,24735.2,24724.85,24728.0,658947
1772434860,2026-03-02T12:31:00,24727.25,24733.85,24725.85,24731.85,1251587
1772434920,2026-03-02T12:32:00,24733.85,24741.25,24733.25,24736.2,761242
1772434980,2026-03-02T12:33:00,24736.85,24736.85,24729.7,24734.5,1156903
1772435040,2026-03-02T12:34:00,24734.05,24737.25,24730.75,24734.9,687485
1772435100,2026-03-02T12:35:00,24734.15,24736.05,24726.15,24727.05,900844
1772435160,2026-03-02T12:36:00,24725.9,24736.65,24725.9,24729.15,781684
1772435220,2026-03-02T12:37:00,24729.75,24736.35,24727.5,24736.35,914126
1772435280,2026-03-02T12:38:00,24735.6,24736.8,24694.4,24695.7,1773497
1772435340,2026-03-02T12:39:00,24694.45,24708.45,24691.5,24695.75,1708087
1772435400,2026-03-02T12:40:00,24695.65,24712.8,24687.85,24702.8,992277
1772435460,2026-03-02T12:41:00,24702.95,24708.15,24699.2,24699.2,828139
1772435520,2026-03-02T12:42:00,24698.7,24699.95,24691.0,24691.95,1015188
1772435580,2026-03-02T12:43:00,24690.75,24695.35,24684.25,24688.5,1008313
1772435640,2026-03-02T12:44:00,24688.1,24693.55,24684.9,24687.9,1006631
1772435700,2026-03-02T12:45:00,24687.5,24692.75,24679.1,24683.6,1341777
1772435760,2026-03-02T12:46:00,24683.7,24703.0,24683.4,24697.0,991334
1772435820,2026-03-02T12:47:00,24696.95,24707.15,24693.0,24693.7,1032759
1772435880,2026-03-02T12:48:00,24695.55,24697.15,24689.45,24689.45,900812
1772435940,2026-03-02T12:49:00,24690.3,24692.2,24685.55,24688.6,954584
1772436000,2026-03-02T12:50:00,24687.6,24694.9,24686.3,24689.95,805245
1772436060,2026-03-02T12:51:00,24689.9,24693.8,24685.25,24693.8,842021
1772436120,2026-03-02T12:52:00,24694.35,24704.15,24691.5,24704.15,720104
1772436180,2026-03-02T12:53:00,24704.35,24709.5,24693.65,24701.0,926983
1772436240,2026-03-02T12:54:00,24701.8,24711.8,24697.85,24698.1,961776
1772436300,2026-03-02T12:55:00,24697.8,24705.4,24697.8,24699.7,809152
1772436360,2026-03-02T12:56:00,24701.2,24701.6,24693.55,24695.25,970353
1772436420,2026-03-02T12:57:00,24693.35,24696.35,24688.1,24693.15,696141
1772436480,2026-03-02T12:58:00,24692.3,24696.45,24687.8,24690.45,558400
1772436540,2026-03-02T12:59:00,24690.45,24700.45,24689.55,24697.05,682489
1772436600,2026-03-02T13:00:00,24698.95,24701.35,24691.9,24693.2,600161
1772436660,2026-03-02T13:01:00,24693.65,24706.65,24686.85,24702.2,743280
1772436720,2026-03-02T13:02:00,24702.8,24706.25,24697.7,24698.2,1007026
1772436780,2026-03-02T13:03:00,24700.15,24703.65,24697.2,24698.3,678410
1772436840,2026-03-02T13:04:00,24699.6,24702.95,24695.05,24697.7,758721
1772436900,2026-03-02T13:05:00,24699.3,24700.3,24692.25,24695.45,463862
1772436960,2026-03-02T13:06:00,24695.7,24699.25,24694.05,24696.05,467296
1772437020,2026-03-02T13:07:00,24696.5,24700.75,24694.25,24699.35,534771
1772437080,2026-03-02T13:08:00,24699.55,24702.45,24696.3,24697.9,586605
1772437140,2026-03-02T13:09:00,24697.85,24701.75,24692.25,24692.9,705118
1772437200,2026-03-02T13:10:00,24692.9,24698.95,24691.9,24696.3,650178
1772437260,2026-03-02T13:11:00,24696.8,24699.45,24689.6,24696.65,549451
1772437320,2026-03-02T13:12:00,24696.35,24698.1,24690.65,24690.65,611350
1772437380,2026-03-02T13:13:00,24691.75,24696.55,24689.15,24696.1,806332
1772437440,2026-03-02T13:14:00,24696.5,24696.65,24691.8,24695.5,633150
1772437500,2026-03-02T13:15:00,24695.65,24708.2,24694.5,24697.95,833249
1772437560,2026-03-02T13:16:00,24698.3,24708.8,24695.95,24697.15,727665
1772437620,2026-03-02T13:17:00,24698.35,24701.4,24691.45,24693.8,1004044
1772437680,2026-03-02T13:18:00,24694.4,24699.6,24688.4,24697.2,812449
1772437740,2026-03-02T13:19:00,24697.5,24699.75,24693.05,24699.2,593511
1772437800,2026-03-02T13:20:00,24696.75,24699.45,24691.45,24698.1,605890
1772437860,2026-03-02T13:21:00,24699.1,24700.55,24691.2,24697.85,538165
1772437920,2026-03-02T13:22:00,24697.9,24704.6,24695.9,24698.5,739514
1772437980,2026-03-02T13:23:00,24698.5,24700.0,24692.45,24695.05,528261
1772438040,2026-03-02T13:24:00,24695.1,24700.65,24692.9,24696.0,760532
1772438100,2026-03-02T13:25:00,24696.3,24697.9,24690.55,24691.1,647226
1772438160,2026-03-02T13:26:00,24689.85,24692.2,24680.7,24688.5,1333988
1772438220,2026-03-02T13:27:00,24687.9,24691.1,24678.35,24680.75,825126
1772438280,2026-03-02T13:28:00,24682.2,24684.45,24673.0,24676.3,883276
1772438340,2026-03-02T13:29:00,24676.5,24683.05,24671.6,24679.5,780737
1772438400,2026-03-02T13:30:00,24677.8,24680.7,24671.05,24675.45,681013
1772438460,2026-03-02T13:31:00,24674.7,24678.45,24669.65,24675.65,831855
1772438520,2026-03-02T13:32:00,24674.35,24674.45,24668.45,24673.65,524790
1772438580,2026-03-02T13:33:00,24673.8,24690.6,24670.9,24689.65,888890
1772438640,2026-03-02T13:34:00,24690.65,24690.65,24676.8,24677.25,787892
1772438700,2026-03-02T13:35:00,24677.9,24685.7,24673.65,24680.65,527983
1772438760,2026-03-02T13:36:00,24681.95,24687.85,24680.4,24684.4,602756
1772438820,2026-03-02T13:37:00,24684.75,24687.55,24681.85,24683.4,1396648
1772438880,2026-03-02T13:38:00,24682.15,24685.2,24675.8,24677.9,574285
1772438940,2026-03-02T13:39:00,24677.6,24678.65,24669.65,24674.95,703012
1772439000,2026-03-02T13:40:00,24675.7,24675.95,24665.8,24665.8,564367
1772439060,2026-03-02T13:41:00,24665.6,24665.6,24655.55,24659.4,1460072
1772439120,2026-03-02T13:42:00,24658.1,24670.65,24657.55,24664.7,1496530
1772439180,2026-03-02T13:43:00,24664.7,24670.95,24659.5,24668.1,1240994
1772439240,2026-03-02T13:44:00,24668.15,24676.5,24663.15,24675.35,788916
1772439300,2026-03-02T13:45:00,24675.15,24678.5,24668.05,24668.05,886741
1772439360,2026-03-02T13:46:00,24669.6,24672.55,24665.65,24667.35,901748
1772439420,2026-03-02T13:47:00,24667.05,24669.85,24660.45,24664.8,701151
1772439480,2026-03-02T13:48:00,24665.3,24668.8,24661.05,24662.55,1092536
1772439540,2026-03-02T13:49:00,24663.35,24664.9,24658.05,24661.45,1410056
1772439600,2026-03-02T13:50:00,24661.05,24665.75,24658.5,24663.2,1022419
1772439660,2026-03-02T13:51:00,24663.35,24663.95,24652.5,24652.5,848780
1772439720,2026-03-02T13:52:00,24652.85,24654.6,24643.9,24647.75,1362293
1772439780,2026-03-02T13:53:00,24648.0,24651.0,24642.8,24646.65,1031757
1772439840,2026-03-02T13:54:00,24648.3,24650.3,24644.25,24645.85,778428
1772439900,2026-03-02T13:55:00,24646.7,24647.0,24622.5,24623.85,3121643
1772439960,2026-03-02T13:56:00,24621.5,24623.75,24614.6,24617.05,2134054
1772440020,2026-03-02T13:57:00,24613.05,24619.75,24604.5,24611.3,1255183
1772440080,2026-03-02T13:58:00,24609.5,24622.8,24609.1,24618.4,1222842
1772440140,2026-03-02T13:59:00,24615.2,24620.85,24613.25,24614.75,1165545
1772440200,2026-03-02T14:00:00,24612.6,24618.85,24609.95,24610.2,909561
1772440260,2026-03-02T14:01:00,24608.75,24613.95,24603.5,24611.7,823174
1772440320,2026-03-02T14:02:00,24613.15,24622.0,24613.1,24622.0,1216744
1772440380,2026-03-02T14:03:00,24621.95,24688.35,24621.6,24688.35,2632295
1772440440,2026-03-02T14:04:00,24689.95,24740.8,24687.1,24687.3,4007813
1772440500,2026-03-02T14:05:00,24686.35,24722.4,24685.3,24706.55,2150186
1772440560,2026-03-02T14:06:00,24708.9,24744.8,24707.65,24744.8,2484655
1772440620,2026-03-02T14:07:00,24744.5,24753.35,24741.9,24750.75,1846083
1772440680,2026-03-02T14:08:00,24752.2,24780.1,24736.35,24740.5,2041214
1772440740,2026-03-02T14:09:00,24740.6,24752.05,24736.15,24746.5,974806
1772440800,2026-03-02T14:10:00,24746.25,24758.15,24745.3,24756.3,988491
1772440860,2026-03-02T14:11:00,24757.25,24767.15,24750.35,24754.05,1267184
1772440920,2026-03-02T14:12:00,24754.05,24774.05,24754.05,24772.75,1172672
1772440980,2026-03-02T14:13:00,24775.75,24795.5,24775.75,24782.65,1637820
1772441040,2026-03-02T14:14:00,24783.1,24794.2,24782.4,24787.4,1012828
1772441100,2026-03-02T14:15:00,24787.5,24794.55,24752.35,24756.3,1766892
1772441160,2026-03-02T14:16:00,24755.05,24790.85,24755.05,24790.45,966552
1772441220,2026-03-02T14:17:00,24789.75,24791.2,24768.85,24773.95,1025460
1772441280,2026-03-02T14:18:00,24775.1,24789.15,24774.6,24787.05,961360
1772441340,2026-03-02T14:19:00,24786.8,24788.55,24776.8,24782.15,867662
1772441400,2026-03-02T14:20:00,24782.65,24790.45,24776.15,24783.45,978499
1772441460,2026-03-02T14:21:00,24785.9,24791.3,24771.9,24772.4,1185089
1772441520,2026-03-02T14:22:00,24772.1,24772.15,24755.55,24760.95,1276720
1772441580,2026-03-02T14:23:00,24761.5,24779.7,24757.35,24777.7,929562
1772441640,2026-03-02T14:24:00,24777.8,24785.85,24774.5,24779.25,947782
1772441700,2026-03-02T14:25:00,24779.5,24783.15,24768.9,24768.9,911155
1772441760,2026-03-02T14:26:00,24768.25,24769.7,24754.9,24757.9,1069467
1772441820,2026-03-02T14:27:00,24759.35,24766.5,24742.8,24743.55,1231713
1772441880,2026-03-02T14:28:00,24742.2,24745.1,24728.2,24735.15,1975171
1772441940,2026-03-02T14:29:00,24735.0,24735.0,24727.8,24730.3,1179207
1772442000,2026-03-02T14:30:00,24730.9,24742.0,24724.85,24730.65,1280499
1772442060,2026-03-02T14:31:00,24729.65,24730.95,24722.5,24726.9,1343861
1772442120,2026-03-02T14:32:00,24727.5,24738.3,24726.15,24738.3,1332598
1772442180,2026-03-02T14:33:00,24736.8,24768.65,24736.8,24767.65,1318467
1772442240,2026-03-02T14:34:00,24770.6,24799.75,24762.6,24799.75,1168137
1772442300,2026-03-02T14:35:00,24801.85,24847.6,24801.85,24840.3,4517460
1772442360,2026-03-02T14:36:00,24840.15,24841.85,24810.95,24832.1,1645245
1772442420,2026-03-02T14:37:00,24832.55,24837.75,24819.25,24820.35,1133411
1772442480,2026-03-02T14:38:00,24821.15,24845.05,24805.0,24845.05,2825875
1772442540,2026-03-02T14:39:00,24847.55,24854.35,24833.15,24837.65,1748587
1772442600,2026-03-02T14:40:00,24838.35,24869.05,24838.35,24867.35,2034143
1772442660,2026-03-02T14:41:00,24868.95,24875.7,24862.7,24875.45,1939772
1772442720,2026-03-02T14:42:00,24878.9,24879.35,24850.3,24863.65,1897716
1772442780,2026-03-02T14:43:00,24863.95,24864.15,24852.5,24857.1,1330593
1772442840,2026-03-02T14:44:00,24857.55,24872.3,24857.45,24864.85,1357037
1772442900,2026-03-02T14:45:00,24865.3,24868.55,24845.0,24845.0,1326882
1772442960,2026-03-02T14:46:00,24843.75,24845.95,24832.1,24832.1,1328861
1772443020,2026-03-02T14:47:00,24831.5,24889.45,24825.9,24889.45,2134392
1772443080,2026-03-02T14:48:00,24892.4,24892.4,24861.95,24879.95,1313725
1772443140,2026-03-02T14:49:00,24881.35,24881.35,24863.5,24872.15,995657
1772443200,2026-03-02T14:50:00,24871.95,24878.8,24864.6,24873.9,970318
1772443260,2026-03-02T14:51:00,24872.15,24874.7,24850.35,24864.0,1034479
1772443320,2026-03-02T14:52:00,24863.45,24875.5,24858.55,24875.5,1026069
1772443380,2026-03-02T14:53:00,24877.05,24879.5,24870.55,24872.65,1002406
1772443440,2026-03-02T14:54:00,24872.4,24880.45,24869.95,24876.5,994071
1772443500,2026-03-02T14:55:00,24875.75,24881.05,24866.15,24871.3,1129426
1772443560,2026-03-02T14:56:00,24869.0,24869.3,24845.3,24860.55,1813285
1772443620,2026-03-02T14:57:00,24859.2,24859.2,24837.1,24838.15,1632746
1772443680,2026-03-02T14:58:00,24837.6,24843.8,24834.35,24838.3,1336281
1772443740,2026-03-02T14:59:00,24838.7,24843.15,24815.2,24823.35,1279837
1772443800,2026-03-02T15:00:00,24824.7,24848.6,24808.35,24841.45,2576174
1772443860,2026-03-02T15:01:00,24841.9,24847.05,24817.9,24823.75,2338121
1772443920,2026-03-02T15:02:00,24825.35,24828.0,24815.55,24820.45,2847086
1772443980,2026-03-02T15:03:00,24822.55,24856.6,24821.9,24856.6,2813451
1772444040,2026-03-02T15:04:00,24858.05,24878.25,24856.5,24862.2,3867000
1772444100,2026-03-02T15:05:00,24863.05,24863.5,24832.25,24833.2,4057946
1772444160,2026-03-02T15:06:00,24835.85,24845.7,24830.6,24844.8,3449366
1772444220,2026-03-02T15:07:00,24845.6,24877.1,24845.55,24875.9,2973961
1772444280,2026-03-02T15:08:00,24874.95,24876.65,24864.45,24870.6,2764717
1772444340,2026-03-02T15:09:00,24869.9,24869.9,24851.4,24862.6,3784570
1772444400,2026-03-02T15:10:00,24863.2,24863.85,24849.0,24855.3,3595968
1772444460,2026-03-02T15:11:00,24855.25,24881.2,24849.3,24879.95,3585317
1772444520,2026-03-02T15:12:00,24879.45,24889.25,24875.4,24888.3,3571887
1772444580,2026-03-02T15:13:00,24885.95,24900.6,24883.75,24900.6,3077826
1772444640,2026-03-02T15:14:00,24899.85,24904.8,24890.75,24904.8,2583259
1772444700,2026-03-02T15:15:00,24905.25,24905.55,24879.2,24886.5,3528597
1772444760,2026-03-02T15:16:00,24885.6,24898.55,24881.7,24895.55,3210814
1772444820,2026-03-02T15:17:00,24894.8,24896.05,24878.95,24886.15,2587340
1772444880,2026-03-02T15:18:00,24889.25,24904.9,24886.35,24903.5,3384966
1772444940,2026-03-02T15:19:00,24903.5,24913.55,24903.25,24912.1,2797453
1772445000,2026-03-02T15:20:00,24913.45,24914.85,24903.15,24905.4,2884084
1772445060,2026-03-02T15:21:00,24905.3,24906.7,24891.95,24892.8,3012207
1772445120,2026-03-02T15:22:00,24894.4,24905.6,24892.0,24904.55,2360757
1772445180,2026-03-02T15:23:00,24905.35,24905.35,24869.65,24871.0,2502032
1772445240,2026-03-02T15:24:00,24872.15,24872.55,24860.4,24864.25,3055574
1772445300,2026-03-02T15:25:00,24865.55,24880.0,24865.05,24878.45,4097018
1772445360,2026-03-02T15:26:00,24879.0,24886.1,24876.45,24884.3,2394074
1772445420,2026-03-02T15:27:00,24884.3,24885.3,24875.45,24876.85,2917668
1772445480,2026-03-02T15:28:00,24877.2,24877.2,24852.4,24853.8,2173028
1772445540,2026-03-02T15:29:00,24852.6,24855.6,24845.2,24849.75,1626329
1772595900,2026-03-04T09:15:00,24388.8,24476.95,24358.65,24401.25,20281615
1772595960,2026-03-04T09:16:00,24398.05,24398.05,24347.95,24364.35,10675354
1772596020,2026-03-04T09:17:00,24368.35,24368.35,24334.85,24354.1,9234526
1772596080,2026-03-04T09:18:00,24355.8,24398.35,24355.8,24394.85,7312680
1772596140,2026-03-04T09:19:00,24395.2,24408.35,24383.0,24385.1,6561899
1772596200,2026-03-04T09:20:00,24387.9,24392.05,24372.75,24386.65,4851036
1772596260,2026-03-04T09:21:00,24388.4,24389.7,24368.65,24383.2,3786306
1772596320,2026-03-04T09:22:00,24384.1,24386.65,24369.45,24372.8,3668395
1772596380,2026-03-04T09:23:00,24374.5,24375.75,24345.85,24350.1,4421997
1772596440,2026-03-04T09:24:00,24353.45,24360.35,24339.55,24341.15,4072986
1772596500,2026-03-04T09:25:00,24340.55,24343.95,24324.9,24339.55,4887182
1772596560,2026-03-04T09:26:00,24341.8,24348.9,24330.7,24331.45,3470633
1772596620,2026-03-04T09:27:00,24332.8,24335.25,24315.45,24334.85,2653630
1772596680,2026-03-04T09:28:00,24334.85,24374.45,24324.0,24355.1,3259211
1772596740,2026-03-04T09:29:00,24357.2,24357.2,24339.75,24342.85,3223083
1772596800,2026-03-04T09:30:00,24344.75,24365.7,24344.75,24353.55,2946638
1772596860,2026-03-04T09:31:00,24354.6,24366.5,24348.0,24350.8,2628531
1772596920,2026-03-04T09:32:00,24351.45,24364.15,24348.6,24354.65,2946440
1772596980,2026-03-04T09:33:00,24356.4,24356.4,24336.25,24336.3,3361676
1772597040,2026-03-04T09:34:00,24337.25,24349.5,24326.0,24332.35,2595276
1772597100,2026-03-04T09:35:00,24334.95,24334.95,24317.15,24324.5,2603327
1772597160,2026-03-04T09:36:00,24326.15,24345.0,24323.45,24345.0,3023493
1772597220,2026-03-04T09:37:00,24345.95,24362.05,24341.4,24360.25,2075863
1772597280,2026-03-04T09:38:00,24358.3,24358.4,24346.95,24351.9,1696797
1772597340,2026-03-04T09:39:00,24353.4,24353.75,24343.3,24346.85,2896860
1772597400,2026-03-04T09:40:00,24348.6,24372.7,24345.2,24372.7,2053483
1772597460,2026-03-04T09:41:00,24372.25,24385.65,24371.85,24384.9,1769735
1772597520,2026-03-04T09:42:00,24386.1,24399.4,24384.55,24396.1,2184900
1772597580,2026-03-04T09:43:00,24397.45,24412.0,24392.85,24408.95,1836131
1772597640,2026-03-04T09:44:00,24409.0,24410.65,24399.25,24408.75,1754818
1772597700,2026-03-04T09:45:00,24410.95,24416.2,24407.35,24413.15,3334080
1772597760,2026-03-04T09:46:00,24413.2,24413.2,24382.25,24383.45,2083929
1772597820,2026-03-04T09:47:00,24383.65,24383.65,24364.2,24367.7,1814236
1772597880,2026-03-04T09:48:00,24368.1,24369.85,24353.95,24355.6,2508076
1772597940,2026-03-04T09:49:00,24355.65,24371.05,24353.8,24365.25,1807143
1772598000,2026-03-04T09:50:00,24365.75,24365.75,24349.8,24356.25,1556001
1772598060,2026-03-04T09:51:00,24356.5,24363.5,24351.3,24356.35,1719142
1772598120,2026-03-04T09:52:00,24358.45,24372.0,24357.25,24369.3,1267554
1772598180,2026-03-04T09:53:00,24370.45,24370.45,24359.05,24359.05,1239824
1772598240,2026-03-04T09:54:00,24360.8,24361.7,24355.55,24359.1,1610501
1772598300,2026-03-04T09:55:00,24359.2,24360.35,24349.1,24350.05,1388420
1772598360,2026-03-04T09:56:00,24352.0,24352.0,24340.45,24341.1,1364283
1772598420,2026-03-04T09:57:00,24341.45,24344.85,24329.9,24334.2,1925160
1772598480,2026-03-04T09:58:00,24334.95,24338.45,24328.85,24333.35,1396128
1772598540,2026-03-04T09:59:00,24333.85,24333.85,24323.6,24325.9,1242313
1772598600,2026-03-04T10:00:00,24325.8,24325.8,24305.4,24315.45,1987190
1772598660,2026-03-04T10:01:00,24316.3,24320.45,24310.55,24320.45,1769575
1772598720,2026-03-04T10:02:00,24322.7,24343.85,24319.45,24342.4,1568704
1772598780,2026-03-04T10:03:00,24344.05,24346.1,24332.1,24332.8,1341886
1772598840,2026-03-04T10:04:00,24333.2,24342.2,24332.55,24332.85,1099412
1772598900,2026-03-04T10:05:00,24335.05,24350.35,24331.9,24341.2,1003398
1772598960,2026-03-04T10:06:00,24342.45,24342.45,24329.7,24333.4,1078587
1772599020,2026-03-04T10:07:00,24335.55,24344.7,24330.05,24338.35,1119293
1772599080,2026-03-04T10:08:00,24341.1,24355.8,24341.1,24353.55,1307127
1772599140,2026-03-04T10:09:00,24354.95,24371.8,24352.4,24367.95,1365655
1772599200,2026-03-04T10:10:00,24368.85,24369.05,24351.05,24354.05,1259822
1772599260,2026-03-04T10:11:00,24355.3,24377.85,24353.1,24375.95,1206704
1772599320,2026-03-04T10:12:00,24377.0,24384.6,24371.75,24383.85,1390106
1772599380,2026-03-04T10:13:00,24385.1,24392.1,24382.05,24389.25,1345484
1772599440,2026-03-04T10:14:00,24390.55,24414.8,24388.45,24413.65,2097009
1772599500,2026-03-04T10:15:00,24413.65,24413.65,24401.95,24409.95,1517333
1772599560,2026-03-04T10:16:00,24410.75,24415.0,24404.45,24413.2,1266772
1772599620,2026-03-04T10:17:00,24414.75,24417.55,24398.25,24401.95,1277974
1772599680,2026-03-04T10:18:00,24404.55,24406.1,24390.65,24391.3,1326895
1772599740,2026-03-04T10:19:00,24391.55,24393.85,24384.3,24387.0,1131672
1772599800,2026-03-04T10:20:00,24387.75,24402.75,24382.6,24402.75,1430445
1772599860,2026-03-04T10:21:00,24404.2,24408.4,24390.95,24397.1,1346587
1772599920,2026-03-04T10:22:00,24399.75,24402.45,24396.5,24401.5,1139708
1772599980,2026-03-04T10:23:00,24401.85,24405.1,24394.4,24404.3,1339969
1772600040,2026-03-04T10:24:00,24405.35,24425.0,24398.25,24399.35,1384313
1772600100,2026-03-04T10:25:00,24399.6,24404.3,24394.65,24404.3,1313766
1772600160,2026-03-04T10:26:00,24406.1,24425.15,24404.35,24425.15,1082845
1772600220,2026-03-04T10:27:00,24425.85,24437.35,24425.85,24433.95,889780
1772600280,2026-03-04T10:28:00,24434.2,24434.2,24419.25,24425.7,867889
1772600340,2026-03-04T10:29:00,24427.3,24428.1,24415.6,24419.05,1054230
1772600400,2026-03-04T10:30:00,24420.0,24420.7,24411.0,24415.0,896981
1772600460,2026-03-04T10:31:00,24415.35,24417.5,24409.8,24414.1,908017
1772600520,2026-03-04T10:32:00,24415.3,24417.35,24406.15,24409.2,948323
1772600580,2026-03-04T10:33:00,24410.15,24412.0,24398.15,24402.9,1314877
1772600640,2026-03-04T10:34:00,24404.7,24407.65,24394.15,24398.85,941135
1772600700,2026-03-04T10:35:00,24398.95,24399.7,24384.2,24384.3,1057206
1772600760,2026-03-04T10:36:00,24386.6,24391.15,24382.0,24389.0,905865
1772600820,2026-03-04T10:37:00,24388.7,24405.25,24387.5,24405.15,865386
1772600880,2026-03-04T10:38:00,24406.55,24409.3,24400.25,24402.35,757040
1772600940,2026-03-04T10:39:00,24402.5,24403.0,24389.8,24390.1,1009367
1772601000,2026-03-04T10:40:00,24391.55,24392.35,24383.15,24389.0,1105593
1772601060,2026-03-04T10:41:00,24389.15,24391.65,24386.1,24387.65,799374
1772601120,2026-03-04T10:42:00,24388.95,24391.1,24381.9,24388.4,1067634
1772601180,2026-03-04T10:43:00,24388.4,24389.35,24379.95,24383.15,1098814
1772601240,2026-03-04T10:44:00,24385.5,24391.2,24383.7,24390.75,1089959
1772601300,2026-03-04T10:45:00,24391.65,24400.3,24390.45,24400.25,1330958
1772601360,2026-03-04T10:46:00,24400.25,24416.9,24400.25,24414.1,1444604
1772601420,2026-03-04T10:47:00,24414.6,24422.4,24412.55,24413.2,1324902
1772601480,2026-03-04T10:48:00,24413.85,24413.85,24397.55,24401.8,1021491
1772601540,2026-03-04T10:49:00,24402.95,24404.35,24397.75,24400.3,1530456
1772601600,2026-03-04T10:50:00,24401.7,24402.0,24382.8,24389.35,1854765
1772601660,2026-03-04T10:51:00,24389.8,24394.95,24389.5,24391.25,856382
1772601720,2026-03-04T10:52:00,24392.9,24395.05,24386.45,24393.05,819282
1772601780,2026-03-04T10:53:00,24393.0,24394.25,24388.85,24390.55,1210751
1772601840,2026-03-04T10:54:00,24391.75,24400.45,24390.95,24398.0,1224361
1772601900,2026-03-04T10:55:00,24398.8,24399.85,24395.65,24397.8,1479194
1772601960,2026-03-04T10:56:00,24397.75,24397.75,24389.55,24390.25,2069055
1772602020,2026-03-04T10:57:00,24389.9,24390.8,24375.7,24381.45,2109427
1772602080,2026-03-04T10:58:00,24383.2,24384.75,24376.15,24382.4,1349217
1772602140,2026-03-04T10:59:00,24383.25,24391.45,24381.25,24391.45,1063661
1772602200,2026-03-04T11:00:00,24392.45,24410.15,24388.6,24398.2,1348501
1772602260,2026-03-04T11:01:00,24399.85,24402.65,24394.45,24398.05,1673802
1772602320,2026-03-04T11:02:00,24398.2,24418.95,24397.45,24414.7,1682111
1772602380,2026-03-04T11:03:00,24415.15,24427.8,24415.15,24421.05,1109505
1772602440,2026-03-04T11:04:00,24422.05,24423.85,24418.35,24420.7,1198222
1772602500,2026-03-04T11:05:00,24421.15,24421.9,24416.35,24417.0,796609
1772602560,2026-03-04T11:06:00,24418.05,24424.25,24413.2,24423.9,1325423
1772602620,2026-03-04T11:07:00,24425.55,24445.1,24425.55,24433.75,1250446
1772602680,2026-03-04T11:08:00,24434.8,24441.2,24430.55,24441.1,1027286
1772602740,2026-03-04T11:09:00,24441.5,24453.4,24438.65,24450.9,1467750
1772602800,2026-03-04T11:10:00,24451.65,24460.1,24451.65,24458.05,1701393
1772602860,2026-03-04T11:11:00,24458.05,24458.05,24444.15,24445.9,1070728
1772602920,2026-03-04T11:12:00,24448.25,24460.7,24447.15,24458.45,833966
1772602980,2026-03-04T11:13:00,24458.95,24461.4,24447.55,24447.55,1085923
1772603040,2026-03-04T11:14:00,24448.0,24448.0,24433.85,24435.45,1118330
1772603100,2026-03-04T11:15:00,24436.15,24438.9,24429.15,24430.45,1187271
1772603160,2026-03-04T11:16:00,24431.35,24434.8,24426.3,24427.45,2010926
1772603220,2026-03-04T11:17:00,24428.95,24428.95,24420.2,24424.05,846136
1772603280,2026-03-04T11:18:00,24425.4,24425.4,24417.6,24421.3,906985
1772603340,2026-03-04T11:19:00,24421.5,24421.5,24409.05,24412.05,1265229
1772603400,2026-03-04T11:20:00,24412.15,24415.55,24408.75,24415.1,981277
1772603460,2026-03-04T11:21:00,24416.1,24422.6,24407.6,24421.6,1184981
1772603520,2026-03-04T11:22:00,24422.2,24422.9,24417.0,24419.6,995251
1772603580,2026-03-04T11:23:00,24419.95,24419.95,24395.3,24395.3,1889406
1772603640,2026-03-04T11:24:00,24395.0,24395.1,24390.35,24393.3,1167803
1772603700,2026-03-04T11:25:00,24393.45,24397.5,24391.35,24396.45,881064
1772603760,2026-03-04T11:26:00,24397.15,24397.55,24385.4,24386.45,1160659
1772603820,2026-03-04T11:27:00,24387.25,24387.45,24378.6,24380.8,931197
1772603880,2026-03-04T11:28:00,24381.0,24384.4,24371.0,24372.55,1514482
1772603940,2026-03-04T11:29:00,24373.6,24373.6,24363.0,24365.55,1409666
1772604000,2026-03-04T11:30:00,24366.95,24378.5,24366.95,24369.9,1812913
1772604060,2026-03-04T11:31:00,24371.4,24371.7,24361.4,24362.5,2244170
1772604120,2026-03-04T11:32:00,24363.95,24365.55,24354.15,24355.65,2058398
1772604180,2026-03-04T11:33:00,24356.35,24362.4,24354.85,24359.85,1325069
1772604240,2026-03-04T11:34:00,24361.25,24366.75,24359.35,24364.7,924387
1772604300,2026-03-04T11:35:00,24365.75,24373.55,24362.6,24369.8,872412
1772604360,2026-03-04T11:36:00,24370.4,24379.25,24369.6,24378.95,801000
1772604420,2026-03-04T11:37:00,24379.85,24383.35,24370.9,24371.35,1330467
1772604480,2026-03-04T11:38:00,24372.9,24377.45,24366.7,24370.55,918547
1772604540,2026-03-04T11:39:00,24371.9,24372.1,24365.6,24367.25,1023887
1772604600,2026-03-04T11:40:00,24367.05,24367.15,24361.1,24364.8,1101888
1772604660,2026-03-04T11:41:00,24365.3,24375.25,24364.45,24375.05,974937
1772604720,2026-03-04T11:42:00,24375.65,24382.3,24373.3,24374.45,876860
1772604780,2026-03-04T11:43:00,24374.65,24375.95,24363.45,24366.8,886284
1772604840,2026-03-04T11:44:00,24367.0,24367.3,24360.8,24362.2,862130
1772604900,2026-03-04T11:45:00,24364.05,24366.1,24357.85,24358.25,931413
1772604960,2026-03-04T11:46:00,24357.85,24360.5,24354.3,24358.45,961759
1772605020,2026-03-04T11:47:00,24359.4,24361.3,24355.35,24356.05,879764
1772605080,2026-03-04T11:48:00,24358.15,24372.55,24354.85,24370.45,1102152
1772605140,2026-03-04T11:49:00,24371.1,24372.1,24363.35,24367.85,792571
1772605200,2026-03-04T11:50:00,24369.05,24393.35,24367.0,24393.2,867781
1772605260,2026-03-04T11:51:00,24393.65,24398.4,24387.8,24396.5,880587
1772605320,2026-03-04T11:52:00,24397.15,24401.05,24392.05,24395.5,753408
1772605380,2026-03-04T11:53:00,24396.15,24396.25,24389.55,24391.6,759088
1772605440,2026-03-04T11:54:00,24393.0,24393.1,24369.35,24369.4,864900
1772605500,2026-03-04T11:55:00,24370.15,24380.4,24368.15,24376.2,1403130
1772605560,2026-03-04T11:56:00,24377.15,24378.1,24369.0,24371.0,803973
1772605620,2026-03-04T11:57:00,24372.55,24377.0,24370.15,24375.55,748704
1772605680,2026-03-04T11:58:00,24375.85,24375.9,24367.85,24371.1,659986
1772605740,2026-03-04T11:59:00,24370.95,24377.0,24368.55,24374.5,878060
1772605800,2026-03-04T12:00:00,24376.85,24385.05,24376.35,24384.0,685336
1772605860,2026-03-04T12:01:00,24384.75,24389.75,24384.15,24386.7,805944
1772605920,2026-03-04T12:02:00,24388.05,24389.35,24381.9,24386.0,823165
1772605980,2026-03-04T12:03:00,24387.65,24388.55,24383.95,24388.05,654825
1772606040,2026-03-04T12:04:00,24388.8,24391.5,24387.65,24389.1,669233
1772606100,2026-03-04T12:05:00,24389.8,24389.8,24379.4,24379.7,789583
1772606160,2026-03-04T12:06:00,24380.45,24388.2,24378.2,24388.2,1095845
1772606220,2026-03-04T12:07:00,24388.85,24389.95,24385.8,24389.85,850070
1772606280,2026-03-04T12:08:00,24390.95,24391.1,24388.35,24389.85,615804
1772606340,2026-03-04T12:09:00,24390.2,24395.65,24386.6,24393.4,955539
1772606400,2026-03-04T12:10:00,24394.85,24396.4,24393.0,24394.95,628143
1772606460,2026-03-04T12:11:00,24395.55,24395.55,24387.8,24389.45,808182
1772606520,2026-03-04T12:12:00,24390.15,24401.45,24389.2,24401.35,1085025
1772606580,2026-03-04T12:13:00,24402.3,24402.3,24391.35,24391.7,900933
1772606640,2026-03-04T12:14:00,24392.2,24392.2,24378.45,24379.85,1126041
1772606700,2026-03-04T12:15:00,24381.15,24383.8,24379.95,24381.9,753985
1772606760,2026-03-04T12:16:00,24382.3,24382.35,24374.75,24375.35,950272
1772606820,2026-03-04T12:17:00,24375.95,24377.75,24371.85,24376.0,1371970
1772606880,2026-03-04T12:18:00,24376.3,24376.65,24368.5,24369.0,750398
1772606940,2026-03-04T12:19:00,24370.3,24371.55,24366.55,24369.0,771313
1772607000,2026-03-04T12:20:00,24371.35,24385.6,24369.55,24380.85,947834
1772607060,2026-03-04T12:21:00,24381.05,24382.4,24369.85,24372.25,839411
1772607120,2026-03-04T12:22:00,24372.6,24376.1,24371.15,24374.1,597933
1772607180,2026-03-04T12:23:00,24374.3,24385.35,24372.9,24381.25,796199
1772607240,2026-03-04T12:24:00,24382.3,24382.35,24375.1,24375.8,721161
1772607300,2026-03-04T12:25:00,24376.65,24382.95,24374.9,24381.6,562654
1772607360,2026-03-04T12:26:00,24382.3,24384.95,24379.9,24379.9,661929
1772607420,2026-03-04T12:27:00,24381.35,24381.35,24368.3,24368.35,1196310
1772607480,2026-03-04T12:28:00,24369.1,24371.1,24366.15,24366.9,852964
1772607540,2026-03-04T12:29:00,24367.2,24370.5,24362.25,24368.3,1409223
1772607600,2026-03-04T12:30:00,24368.95,24374.05,24368.95,24372.95,765966
1772607660,2026-03-04T12:31:00,24373.65,24381.6,24373.65,24377.15,801047
1772607720,2026-03-04T12:32:00,24377.55,24377.55,24370.15,24373.1,972740
1772607780,2026-03-04T12:33:00,24374.35,24374.35,24369.95,24372.8,640624
1772607840,2026-03-04T12:34:00,24373.55,24376.05,24369.6,24375.05,522369
1772607900,2026-03-04T12:35:00,24375.55,24377.7,24370.95,24376.15,735166
1772607960,2026-03-04T12:36:00,24376.8,24378.65,24372.35,24378.1,793579
1772608020,2026-03-04T12:37:00,24378.7,24387.5,24377.5,24377.5,1241095
1772608080,2026-03-04T12:38:00,24378.5,24383.05,24375.05,24379.5,513914
1772608140,2026-03-04T12:39:00,24379.75,24379.75,24376.6,24377.95,615440
1772608200,2026-03-04T12:40:00,24378.5,24379.55,24370.85,24371.1,869891
1772608260,2026-03-04T12:41:00,24371.85,24374.55,24369.45,24373.3,541147
1772608320,2026-03-04T12:42:00,24373.45,24373.7,24360.5,24360.5,1422164
1772608380,2026-03-04T12:43:00,24361.6,24375.85,24357.75,24375.85,1125430
1772608440,2026-03-04T12:44:00,24376.7,24383.3,24376.5,24382.55,804670
1772608500,2026-03-04T12:45:00,24383.35,24390.15,24379.95,24389.5,729052
1772608560,2026-03-04T12:46:00,24389.45,24392.15,24386.1,24391.6,684559
1772608620,2026-03-04T12:47:00,24392.15,24396.2,24389.2,24389.9,757164
1772608680,2026-03-04T12:48:00,24390.35,24395.85,24387.3,24394.6,957597
1772608740,2026-03-04T12:49:00,24395.85,24395.85,24385.0,24385.85,1067493
1772608800,2026-03-04T12:50:00,24386.55,24390.65,24384.2,24386.2,823085
1772608860,2026-03-04T12:51:00,24386.85,24391.25,24385.75,24388.6,837822
1772608920,2026-03-04T12:52:00,24389.7,24391.35,24386.15,24387.4,720731
1772608980,2026-03-04T12:53:00,24388.05,24390.9,24386.65,24389.25,859428
1772609040,2026-03-04T12:54:00,24389.8,24397.9,24389.25,24394.15,774476
1772609100,2026-03-04T12:55:00,24394.8,24401.5,24393.45,24401.5,596708
1772609160,2026-03-04T12:56:00,24406.6,24419.05,24406.6,24416.95,978988
1772609220,2026-03-04T12:57:00,24417.0,24423.45,24415.0,24421.05,787028
1772609280,2026-03-04T12:58:00,24422.6,24428.1,24422.6,24424.0,893074
1772609340,2026-03-04T12:59:00,24424.8,24427.15,24416.5,24416.8,842449
1772609400,2026-03-04T13:00:00,24418.0,24431.95,24418.0,24426.0,999362
1772609460,2026-03-04T13:01:00,24426.95,24429.1,24419.65,24420.2,783958
1772609520,2026-03-04T13:02:00,24421.15,24421.25,24414.75,24420.05,579777
1772609580,2026-03-04T13:03:00,24421.55,24424.35,24418.75,24424.35,990268
1772609640,2026-03-04T13:04:00,24424.55,24425.05,24415.9,24422.15,848150
1772609700,2026-03-04T13:05:00,24423.15,24426.1,24420.45,24421.95,830746
1772609760,2026-03-04T13:06:00,24422.5,24422.5,24414.5,24417.6,790789
1772609820,2026-03-04T13:07:00,24418.2,24430.55,24417.55,24429.2,1019800
1772609880,2026-03-04T13:08:00,24430.3,24433.95,24429.75,24433.3,686396
1772609940,2026-03-04T13:09:00,24434.05,24438.35,24432.8,24438.15,526074
1772610000,2026-03-04T13:10:00,24438.95,24441.4,24433.0,24434.35,999203
1772610060,2026-03-04T13:11:00,24435.85,24451.3,24433.5,24450.9,877359
1772610120,2026-03-04T13:12:00,24451.4,24454.35,24446.6,24454.35,982452
1772610180,2026-03-04T13:13:00,24454.7,24459.55,24452.0,24457.4,1007335
1772610240,2026-03-04T13:14:00,24457.2,24461.0,24454.05,24461.0,1073479
1772610300,2026-03-04T13:15:00,24461.45,24465.4,24455.9,24462.05,865164
1772610360,2026-03-04T13:16:00,24463.5,24465.75,24452.2,24452.2,1102322
1772610420,2026-03-04T13:17:00,24452.75,24452.75,24441.9,24442.7,946915
1772610480,2026-03-04T13:18:00,24443.35,24443.35,24436.3,24443.1,718647
1772610540,2026-03-04T13:19:00,24443.5,24444.0,24440.95,24441.45,695703
1772610600,2026-03-04T13:20:00,24442.15,24442.15,24432.3,24434.4,837597
1772610660,2026-03-04T13:21:00,24435.15,24450.3,24432.55,24446.5,1034801
1772610720,2026-03-04T13:22:00,24446.8,24449.75,24445.35,24447.65,792229
1772610780,2026-03-04T13:23:00,24447.75,24457.0,24443.8,24454.5,758892
1772610840,2026-03-04T13:24:00,24455.85,24460.2,24454.05,24459.55,1216928
1772610900,2026-03-04T13:25:00,24459.55,24466.75,24459.1,24461.25,927033
1772610960,2026-03-04T13:26:00,24461.7,24474.65,24460.0,24473.2,1088600
1772611020,2026-03-04T13:27:00,24474.75,24475.4,24469.05,24470.0,928036
1772611080,2026-03-04T13:28:00,24470.7,24477.45,24461.85,24461.85,935825
1772611140,2026-03-04T13:29:00,24463.3,24463.5,24449.75,24451.6,1039597
1772611200,2026-03-04T13:30:00,24451.25,24456.45,24448.65,24456.45,771690
1772611260,2026-03-04T13:31:00,24456.3,24462.8,24452.25,24462.8,1031704
1772611320,2026-03-04T13:32:00,24463.9,24466.35,24451.1,24451.15,1147228
1772611380,2026-03-04T13:33:00,24453.2,24454.7,24447.1,24449.15,1206107
1772611440,2026-03-04T13:34:00,24450.0,24450.25,24435.1,24435.65,1786522
1772611500,2026-03-04T13:35:00,24436.05,24436.05,24427.55,24428.5,1149664
1772611560,2026-03-04T13:36:00,24429.4,24438.8,24427.45,24434.3,1250257
1772611620,2026-03-04T13:37:00,24434.6,24434.6,24424.4,24424.9,1571159
1772611680,2026-03-04T13:38:00,24426.15,24433.55,24418.15,24432.45,985327
1772611740,2026-03-04T13:39:00,24433.3,24448.1,24430.8,24447.0,818691
1772611800,2026-03-04T13:40:00,24448.05,24454.05,24446.5,24451.25,903593
1772611860,2026-03-04T13:41:00,24451.7,24451.7,24440.9,24448.8,892139
1772611920,2026-03-04T13:42:00,24449.45,24452.35,24440.25,24441.25,861470
1772611980,2026-03-04T13:43:00,24442.2,24448.05,24440.6,24447.95,829576
1772612040,2026-03-04T13:44:00,24448.55,24462.65,24448.55,24462.6,876847
1772612100,2026-03-04T13:45:00,24463.5,24469.85,24458.9,24458.9,1264201
1772612160,2026-03-04T13:46:00,24459.3,24459.55,24441.45,24441.65,1221387
1772612220,2026-03-04T13:47:00,24442.25,24448.65,24440.35,24441.1,1037786
1772612280,2026-03-04T13:48:00,24441.75,24446.9,24438.7,24442.4,692809
1772612340,2026-03-04T13:49:00,24442.2,24449.1,24440.65,24441.95,901987
1772612400,2026-03-04T13:50:00,24442.6,24445.3,24435.6,24443.1,769982
1772612460,2026-03-04T13:51:00,24443.4,24443.55,24431.3,24432.95,880998
1772612520,2026-03-04T13:52:00,24433.1,24433.2,24428.0,24429.95,760002
1772612580,2026-03-04T13:53:00,24432.2,24437.7,24430.35,24431.45,896953
1772612640,2026-03-04T13:54:00,24432.25,24434.5,24426.9,24428.55,922214
1772612700,2026-03-04T13:55:00,24428.7,24430.95,24424.35,24428.7,1222410
1772612760,2026-03-04T13:56:00,24429.1,24429.5,24415.75,24417.3,1533923
1772612820,2026-03-04T13:57:00,24419.0,24424.2,24416.3,24420.65,1249723
1772612880,2026-03-04T13:58:00,24420.95,24435.4,24420.45,24435.4,1400974
1772612940,2026-03-04T13:59:00,24436.25,24438.4,24431.25,24437.0,1076147
1772613000,2026-03-04T14:00:00,24437.9,24443.6,24437.55,24438.9,953553
1772613060,2026-03-04T14:01:00,24440.1,24452.15,24439.55,24448.05,920040
1772613120,2026-03-04T14:02:00,24448.6,24450.25,24445.5,24449.65,769113
1772613180,2026-03-04T14:03:00,24450.45,24451.2,24443.7,24448.85,832701
1772613240,2026-03-04T14:04:00,24449.1,24453.9,24449.1,24451.1,820069
1772613300,2026-03-04T14:05:00,24451.2,24451.9,24441.45,24444.6,1048607
1772613360,2026-03-04T14:06:00,24444.25,24451.9,24440.2,24450.35,1585047
1772613420,2026-03-04T14:07:00,24451.7,24473.1,24450.95,24472.0,1095986
1772613480,2026-03-04T14:08:00,24472.45,24478.9,24467.15,24478.0,1277800
1772613540,2026-03-04T14:09:00,24478.0,24496.6,24476.8,24494.6,2022146
1772613600,2026-03-04T14:10:00,24495.55,24498.5,24483.3,24495.65,1201261
1772613660,2026-03-04T14:11:00,24495.9,24506.9,24495.9,24504.1,1634744
1772613720,2026-03-04T14:12:00,24505.25,24522.45,24505.25,24519.2,1440605
1772613780,2026-03-04T14:13:00,24519.7,24545.8,24519.7,24543.55,1972637
1772613840,2026-03-04T14:14:00,24543.85,24556.95,24543.85,24554.95,1695960
1772613900,2026-03-04T14:15:00,24555.35,24568.35,24541.3,24559.8,1974015
1772613960,2026-03-04T14:16:00,24559.95,24559.95,24547.45,24555.75,1132590
1772614020,2026-03-04T14:17:00,24556.6,24561.9,24551.55,24561.9,1305418
1772614080,2026-03-04T14:18:00,24562.15,24572.75,24562.15,24568.3,1613416
1772614140,2026-03-04T14:19:00,24569.0,24574.65,24567.05,24567.85,1904689
1772614200,2026-03-04T14:20:00,24568.35,24568.85,24558.55,24561.2,1185202
1772614260,2026-03-04T14:21:00,24561.8,24562.9,24550.25,24553.8,1969945
1772614320,2026-03-04T14:22:00,24551.9,24558.1,24550.05,24551.0,1945368
1772614380,2026-03-04T14:23:00,24552.45,24553.0,24542.8,24545.6,1383512
1772614440,2026-03-04T14:24:00,24546.2,24549.5,24533.95,24535.0,1512107
1772614500,2026-03-04T14:25:00,24536.55,24540.15,24521.2,24521.4,1409996
1772614560,2026-03-04T14:26:00,24523.5,24525.9,24513.85,24514.4,1315998
1772614620,2026-03-04T14:27:00,24514.85,24531.5,24514.0,24525.9,2035211
1772614680,2026-03-04T14:28:00,24527.8,24541.3,24527.75,24534.5,1494314
1772614740,2026-03-04T14:29:00,24534.4,24539.25,24522.5,24522.5,1300828
1772614800,2026-03-04T14:30:00,24523.1,24523.7,24502.6,24502.6,1601390
1772614860,2026-03-04T14:31:00,24504.35,24514.55,24503.65,24511.7,1292461
1772614920,2026-03-04T14:32:00,24512.45,24531.95,24511.3,24529.3,1260289
1772614980,2026-03-04T14:33:00,24530.1,24553.5,24530.1,24549.35,1523932
1772615040,2026-03-04T14:34:00,24551.05,24552.45,24532.7,24534.25,1462360
1772615100,2026-03-04T14:35:00,24534.85,24541.45,24522.9,24529.2,2018482
1772615160,2026-03-04T14:36:00,24531.05,24535.05,24524.65,24531.85,1381157
1772615220,2026-03-04T14:37:00,24532.0,24532.0,24520.6,24524.1,1448525
1772615280,2026-03-04T14:38:00,24525.65,24532.0,24523.95,24526.05,987609
1772615340,2026-03-04T14:39:00,24530.25,24543.5,24530.25,24537.85,1057976
1772615400,2026-03-04T14:40:00,24540.35,24552.95,24539.25,24545.65,1446624
1772615460,2026-03-04T14:41:00,24547.0,24559.55,24547.0,24559.4,1179033
1772615520,2026-03-04T14:42:00,24561.05,24567.9,24561.05,24565.2,1006288
1772615580,2026-03-04T14:43:00,24567.25,24581.85,24567.25,24579.85,1245647
1772615640,2026-03-04T14:44:00,24581.8,24584.15,24576.9,24578.75,1115405
1772615700,2026-03-04T14:45:00,24579.1,24580.3,24568.05,24571.7,1129650
1772615760,2026-03-04T14:46:00,24573.05,24576.55,24551.5,24551.5,2140548
1772615820,2026-03-04T14:47:00,24553.3,24568.55,24548.0,24566.9,1056907
1772615880,2026-03-04T14:48:00,24567.8,24591.85,24567.8,24588.15,1174001
1772615940,2026-03-04T14:49:00,24591.05,24600.15,24578.6,24581.2,1117464
1772616000,2026-03-04T14:50:00,24584.85,24584.85,24570.7,24572.4,1664802
1772616060,2026-03-04T14:51:00,24574.4,24583.15,24571.85,24577.3,1282489
1772616120,2026-03-04T14:52:00,24578.25,24591.6,24573.3,24591.05,1798503
1772616180,2026-03-04T14:53:00,24592.5,24592.8,24581.6,24588.9,1454174
1772616240,2026-03-04T14:54:00,24591.2,24594.05,24585.15,24585.55,1331178
1772616300,2026-03-04T14:55:00,24586.35,24595.55,24581.4,24593.15,1409067
1772616360,2026-03-04T14:56:00,24593.5,24602.45,24590.25,24592.8,1220287
1772616420,2026-03-04T14:57:00,24594.45,24596.55,24583.95,24585.8,1224600
1772616480,2026-03-04T14:58:00,24586.2,24588.35,24572.85,24575.3,1241665
1772616540,2026-03-04T14:59:00,24575.75,24584.6,24571.75,24582.95,1166332
1772616600,2026-03-04T15:00:00,24582.95,24584.45,24533.75,24534.5,4520269
1772616660,2026-03-04T15:01:00,24534.6,24534.6,24513.4,24528.15,3561793
1772616720,2026-03-04T15:02:00,24528.45,24530.35,24511.35,24513.3,2488765
1772616780,2026-03-04T15:03:00,24513.3,24516.05,24506.2,24509.9,2846774
1772616840,2026-03-04T15:04:00,24511.0,24516.2,24506.85,24509.0,2136517
1772616900,2026-03-04T15:05:00,24508.65,24518.45,24505.65,24505.95,2831208
1772616960,2026-03-04T15:06:00,24506.2,24506.3,24489.95,24492.1,3203837
1772617020,2026-03-04T15:07:00,24491.7,24492.4,24479.1,24480.45,3105857
1772617080,2026-03-04T15:08:00,24480.4,24489.15,24473.95,24483.4,3032236
1772617140,2026-03-04T15:09:00,24482.65,24484.55,24471.05,24472.2,2429519
1772617200,2026-03-04T15:10:00,24471.15,24472.0,24464.1,24465.85,3003700
1772617260,2026-03-04T15:11:00,24465.4,24467.85,24457.45,24464.0,2797361
1772617320,2026-03-04T15:12:00,24463.6,24474.45,24459.3,24466.3,3162727
1772617380,2026-03-04T15:13:00,24465.75,24471.15,24463.65,24465.75,3139388
1772617440,2026-03-04T15:14:00,24465.35,24469.9,24463.8,24465.95,2951660
1772617500,2026-03-04T15:15:00,24464.85,24466.5,24451.05,24455.45,3341515
1772617560,2026-03-04T15:16:00,24456.15,24469.8,24455.3,24469.8,3122933
1772617620,2026-03-04T15:17:00,24469.45,24473.5,24468.15,24472.8,2387308
1772617680,2026-03-04T15:18:00,24472.4,24473.55,24465.55,24467.45,3090160
1772617740,2026-03-04T15:19:00,24467.3,24469.55,24453.8,24456.9,2950512
1772617800,2026-03-04T15:20:00,24457.1,24458.1,24453.7,24458.0,4371686
1772617860,2026-03-04T15:21:00,24457.7,24462.6,24454.55,24456.45,2974642
1772617920,2026-03-04T15:22:00,24456.6,24460.95,24454.6,24455.1,3657987
1772617980,2026-03-04T15:23:00,24454.55,24466.05,24453.65,24464.8,2977952
1772618040,2026-03-04T15:24:00,24465.85,24473.0,24464.0,24470.45,3557965
1772618100,2026-03-04T15:25:00,24468.4,24470.2,24459.95,24462.8,3918252
1772618160,2026-03-04T15:26:00,24461.05,24466.85,24457.9,24464.7,2638918
1772618220,2026-03-04T15:27:00,24463.1,24476.75,24463.1,24475.4,3726080
1772618280,2026-03-04T15:28:00,24474.7,24482.15,24474.6,24481.8,2535319
1772618340,2026-03-04T15:29:00,24476.7,24481.55,24463.95,24473.95,1954445
1772682300,2026-03-05T09:15:00,24615.95,24631.35,24549.1,24579.45,6531444
1772682360,2026-03-05T09:16:00,24580.1,24636.15,24573.5,24626.2,4039228
1772682420,2026-03-05T09:17:00,24626.35,24648.0,24626.35,24644.75,2978166
1772682480,2026-03-05T09:18:00,24643.75,24651.95,24592.1,24605.3,3926588
1772682540,2026-03-05T09:19:00,24606.3,24606.3,24579.0,24584.85,2905824
1772682600,2026-03-05T09:20:00,24586.8,24590.15,24567.35,24571.8,2584119
1772682660,2026-03-05T09:21:00,24572.2,24593.1,24557.25,24580.6,2151825
1772682720,2026-03-05T09:22:00,24580.65,24608.6,24578.7,24604.8,2067885
1772682780,2026-03-05T09:23:00,24604.9,24609.5,24592.3,24597.65,1722678
1772682840,2026-03-05T09:24:00,24600.1,24608.9,24592.85,24607.2,2060572
1772682900,2026-03-05T09:25:00,24608.3,24610.95,24593.8,24607.3,1938056
1772682960,2026-03-05T09:26:00,24605.45,24609.25,24581.85,24585.8,2127096
1772683020,2026-03-05T09:27:00,24583.95,24584.7,24564.1,24564.45,1780459
1772683080,2026-03-05T09:28:00,24561.95,24576.35,24558.85,24568.4,1632254
1772683140,2026-03-05T09:29:00,24566.2,24573.15,24563.95,24568.45,1451863
1772683200,2026-03-05T09:30:00,24570.6,24579.2,24563.8,24567.15,1542433
1772683260,2026-03-05T09:31:00,24567.45,24568.25,24550.1,24560.35,2044576
1772683320,2026-03-05T09:32:00,24559.35,24585.3,24559.35,24579.45,1638174
1772683380,2026-03-05T09:33:00,24579.35,24586.3,24574.4,24575.15,1576398
1772683440,2026-03-05T09:34:00,24575.15,24580.8,24562.15,24564.5,2473342
1772683500,2026-03-05T09:35:00,24566.3,24567.9,24555.25,24566.3,2370159
1772683560,2026-03-05T09:36:00,24565.65,24569.85,24558.55,24564.1,1532909
1772683620,2026-03-05T09:37:00,24564.5,24565.0,24539.85,24543.85,1818432
1772683680,2026-03-05T09:38:00,24550.7,24559.9,24535.4,24540.1,2121108
1772683740,2026-03-05T09:39:00,24541.95,24544.4,24533.35,24534.25,1225595
1772683800,2026-03-05T09:40:00,24533.3,24539.5,24530.05,24531.1,1353602
1772683860,2026-03-05T09:41:00,24532.8,24578.6,24532.35,24577.1,1392909
1772683920,2026-03-05T09:42:00,24577.8,24587.8,24568.55,24578.9,1992236
1772683980,2026-03-05T09:43:00,24579.2,24592.85,24578.45,24584.95,1092550
1772684040,2026-03-05T09:44:00,24584.45,24599.6,24584.25,24596.2,1027723
1772684100,2026-03-05T09:45:00,24596.3,24611.2,24596.3,24601.0,1388855
1772684160,2026-03-05T09:46:00,24601.15,24601.15,24583.75,24596.2,1413032
1772684220,2026-03-05T09:47:00,24595.85,24610.5,24595.85,24606.25,1400504
1772684280,2026-03-05T09:48:00,24606.65,24609.15,24599.6,24608.65,1395087
1772684340,2026-03-05T09:49:00,24609.65,24616.55,24604.95,24604.95,1396634
1772684400,2026-03-05T09:50:00,24604.55,24619.0,24603.2,24616.95,914437
1772684460,2026-03-05T09:51:00,24617.55,24632.9,24617.5,24631.2,1448834
1772684520,2026-03-05T09:52:00,24632.05,24635.8,24621.65,24632.6,987103
1772684580,2026-03-05T09:53:00,24632.9,24650.65,24632.9,24646.0,946875
1772684640,2026-03-05T09:54:00,24646.6,24651.15,24641.65,24648.9,813459
1772684700,2026-03-05T09:55:00,24648.85,24656.7,24642.85,24646.25,1340031
1772684760,2026-03-05T09:56:00,24647.2,24647.6,24633.45,24638.15,1044341
1772684820,2026-03-05T09:57:00,24637.6,24640.05,24628.25,24639.6,1369293
1772684880,2026-03-05T09:58:00,24639.2,24639.2,24626.9,24631.15,1099655
1772684940,2026-03-05T09:59:00,24629.85,24635.25,24627.9,24628.5,924605
1772685000,2026-03-05T10:00:00,24628.25,24638.85,24626.7,24635.25,1210652
1772685060,2026-03-05T10:01:00,24636.5,24649.0,24635.95,24639.95,1061468
1772685120,2026-03-05T10:02:00,24640.85,24641.75,24623.8,24624.85,1203109
1772685180,2026-03-05T10:03:00,24625.35,24630.05,24625.0,24626.25,709971
1772685240,2026-03-05T10:04:00,24626.2,24629.3,24623.15,24623.25,1123087
1772685300,2026-03-05T10:05:00,24622.4,24638.7,24622.4,24637.8,881866
1772685360,2026-03-05T10:06:00,24638.2,24643.45,24633.85,24643.45,762326
1772685420,2026-03-05T10:07:00,24643.05,24647.9,24634.4,24636.9,1332822
1772685480,2026-03-05T10:08:00,24637.65,24641.05,24623.45,24623.95,1127044
1772685540,2026-03-05T10:09:00,24625.05,24632.1,24624.45,24628.6,1129471
1772685600,2026-03-05T10:10:00,24629.45,24630.25,24621.35,24621.35,929653
1772685660,2026-03-05T10:11:00,24620.95,24621.05,24611.95,24613.5,1472366
1772685720,2026-03-05T10:12:00,24613.55,24615.15,24609.05,24609.95,1022594
1772685780,2026-03-05T10:13:00,24610.2,24611.25,24602.2,24603.5,1122148
1772685840,2026-03-05T10:14:00,24601.2,24608.45,24595.15,24596.25,1179354
1772685900,2026-03-05T10:15:00,24597.05,24606.15,24596.7,24604.45,887658
1772685960,2026-03-05T10:16:00,24604.2,24608.65,24601.3,24605.5,1033222
1772686020,2026-03-05T10:17:00,24604.95,24607.6,24599.2,24603.75,920533
1772686080,2026-03-05T10:18:00,24603.25,24607.9,24601.95,24604.45,1057442
1772686140,2026-03-05T10:19:00,24605.35,24606.25,24594.4,24596.0,1540620
1772686200,2026-03-05T10:20:00,24594.3,24596.8,24587.4,24593.35,1747298
1772686260,2026-03-05T10:21:00,24594.1,24598.2,24589.45,24589.85,1081902
1772686320,2026-03-05T10:22:00,24591.25,24591.25,24582.7,24582.7,1200054
1772686380,2026-03-05T10:23:00,24582.8,24586.5,24577.45,24577.45,1191778
1772686440,2026-03-05T10:24:00,24580.0,24584.8,24574.4,24581.45,1339377
1772686500,2026-03-05T10:25:00,24582.6,24584.6,24565.5,24566.45,1802277
1772686560,2026-03-05T10:26:00,24566.55,24567.45,24546.4,24546.4,1566387
1772686620,2026-03-05T10:27:00,24548.85,24551.8,24542.75,24544.8,1358564
1772686680,2026-03-05T10:28:00,24542.55,24548.05,24538.55,24539.65,1267675
1772686740,2026-03-05T10:29:00,24541.05,24567.35,24541.05,24564.55,1363392
1772686800,2026-03-05T10:30:00,24563.7,24565.35,24554.95,24555.15,2377931
1772686860,2026-03-05T10:31:00,24555.3,24571.9,24555.3,24571.25,894476
1772686920,2026-03-05T10:32:00,24570.75,24572.05,24560.85,24560.85,1033838
1772686980,2026-03-05T10:33:00,24562.35,24562.7,24552.1,24555.3,1033772
1772687040,2026-03-05T10:34:00,24555.75,24561.1,24550.3,24559.6,921455
1772687100,2026-03-05T10:35:00,24559.95,24590.95,24559.7,24590.55,1360832
1772687160,2026-03-05T10:36:00,24589.95,24602.15,24582.35,24595.65,1419568
1772687220,2026-03-05T10:37:00,24594.95,24614.65,24594.0,24613.65,1328201
1772687280,2026-03-05T10:38:00,24613.05,24616.05,24608.45,24615.15,828500
1772687340,2026-03-05T10:39:00,24615.3,24629.55,24614.9,24627.7,1036432
1772687400,2026-03-05T10:40:00,24627.85,24633.2,24627.65,24627.9,1110562
1772687460,2026-03-05T10:41:00,24626.45,24636.8,24625.85,24632.55,560865
1772687520,2026-03-05T10:42:00,24632.1,24644.25,24632.1,24642.35,1662494
1772687580,2026-03-05T10:43:00,24643.25,24651.7,24640.2,24645.3,1263252
1772687640,2026-03-05T10:44:00,24644.6,24653.95,24643.65,24650.95,933988
1772687700,2026-03-05T10:45:00,24651.05,24654.8,24639.8,24654.8,849554
1772687760,2026-03-05T10:46:00,24654.5,24660.25,24651.9,24657.2,862688
1772687820,2026-03-05T10:47:00,24656.05,24657.95,24649.95,24651.75,881996
1772687880,2026-03-05T10:48:00,24651.35,24659.0,24651.35,24657.95,844619
1772687940,2026-03-05T10:49:00,24658.2,24659.05,24641.25,24641.55,929007
1772688000,2026-03-05T10:50:00,24639.95,24644.65,24632.85,24640.85,1039671
1772688060,2026-03-05T10:51:00,24640.95,24643.9,24629.25,24629.25,687435
1772688120,2026-03-05T10:52:00,24630.85,24635.1,24629.25,24634.65,1123256
1772688180,2026-03-05T10:53:00,24635.3,24639.1,24634.9,24638.75,637187
1772688240,2026-03-05T10:54:00,24639.15,24645.75,24638.9,24644.25,667747
1772688300,2026-03-05T10:55:00,24646.25,24667.45,24645.75,24657.85,845643
1772688360,2026-03-05T10:56:00,24657.85,24670.35,24655.0,24665.25,967725
1772688420,2026-03-05T10:57:00,24666.55,24672.4,24661.45,24663.9,877440
1772688480,2026-03-05T10:58:00,24663.9,24666.25,24650.25,24663.7,1234092
1772688540,2026-03-05T10:59:00,24664.7,24669.4,24661.55,24666.55,770396
1772688600,2026-03-05T11:00:00,24667.2,24672.75,24665.45,24667.35,826356
1772688660,2026-03-05T11:01:00,24668.6,24672.8,24654.65,24654.65,852189
1772688720,2026-03-05T11:02:00,24653.1,24660.05,24648.65,24649.25,1351090
1772688780,2026-03-05T11:03:00,24649.9,24655.65,24646.65,24648.05,1200844
1772688840,2026-03-05T11:04:00,24648.5,24650.35,24639.05,24648.1,1141674
1772688900,2026-03-05T11:05:00,24649.15,24653.6,24645.65,24645.65,787746
1772688960,2026-03-05T11:06:00,24646.15,24651.0,24646.15,24650.6,914412
1772689020,2026-03-05T11:07:00,24650.3,24667.7,24650.3,24650.95,1579923
1772689080,2026-03-05T11:08:00,24653.1,24656.3,24651.15,24654.35,1054299
1772689140,2026-03-05T11:09:00,24653.7,24659.5,24653.6,24655.15,1644445
1772689200,2026-03-05T11:10:00,24656.4,24656.85,24650.25,24655.4,573320
1772689260,2026-03-05T11:11:00,24656.35,24657.4,24646.2,24649.5,585496
1772689320,2026-03-05T11:12:00,24648.5,24651.4,24646.85,24647.5,3722335
1772689380,2026-03-05T11:13:00,24647.65,24655.85,24646.8,24649.7,1391731
1772689440,2026-03-05T11:14:00,24649.45,24652.95,24643.2,24643.2,894321
1772689500,2026-03-05T11:15:00,24639.85,24645.85,24636.05,24638.2,1174451
1772689560,2026-03-05T11:16:00,24637.75,24645.8,24637.75,24644.7,978532
1772689620,2026-03-05T11:17:00,24644.75,24655.65,24644.75,24653.4,1047008
1772689680,2026-03-05T11:18:00,24653.85,24662.0,24653.85,24656.3,888978
1772689740,2026-03-05T11:19:00,24656.2,24662.95,24654.1,24655.9,1029120
1772689800,2026-03-05T11:20:00,24657.65,24658.1,24647.95,24649.0,1258735
1772689860,2026-03-05T11:21:00,24650.05,24650.25,24638.25,24641.25,758743
1772689920,2026-03-05T11:22:00,24641.55,24643.05,24634.75,24634.75,866146
1772689980,2026-03-05T11:23:00,24635.1,24635.9,24626.1,24632.15,1057215
1772690040,2026-03-05T11:24:00,24633.05,24637.7,24632.45,24634.65,939145
1772690100,2026-03-05T11:25:00,24635.1,24636.6,24629.25,24634.8,947221
1772690160,2026-03-05T11:26:00,24635.95,24639.95,24629.7,24632.75,616788
1772690220,2026-03-05T11:27:00,24633.3,24633.5,24626.45,24628.25,682021
1772690280,2026-03-05T11:28:00,24629.3,24629.7,24610.6,24611.95,1767026
1772690340,2026-03-05T11:29:00,24612.0,24618.4,24607.7,24612.9,920365
1772690400,2026-03-05T11:30:00,24613.65,24624.5,24611.75,24617.05,1038773
1772690460,2026-03-05T11:31:00,24617.25,24625.3,24616.0,24618.3,839752
1772690520,2026-03-05T11:32:00,24618.95,24620.3,24613.9,24617.4,866923
1772690580,2026-03-05T11:33:00,24618.8,24632.25,24618.8,24632.25,828760
1772690640,2026-03-05T11:34:00,24632.15,24638.3,24622.25,24624.95,889614
1772690700,2026-03-05T11:35:00,24624.8,24625.6,24610.15,24615.9,750345
1772690760,2026-03-05T11:36:00,24615.55,24616.95,24596.1,24596.9,1093643
1772690820,2026-03-05T11:37:00,24597.6,24603.5,24593.7,24596.4,1038834
1772690880,2026-03-05T11:38:00,24596.25,24605.45,24596.2,24603.25,1238205
1772690940,2026-03-05T11:39:00,24604.85,24607.6,24597.6,24603.4,2156300
1772691000,2026-03-05T11:40:00,24603.95,24604.1,24595.3,24596.4,966110
1772691060,2026-03-05T11:41:00,24597.8,24603.25,24594.15,24601.5,1052294
1772691120,2026-03-05T11:42:00,24602.35,24605.85,24598.95,24602.1,871121
1772691180,2026-03-05T11:43:00,24601.4,24602.95,24592.8,24598.55,871764
1772691240,2026-03-05T11:44:00,24597.65,24598.75,24588.55,24590.35,885267
1772691300,2026-03-05T11:45:00,24590.75,24593.15,24585.5,24587.9,1032478
1772691360,2026-03-05T11:46:00,24587.35,24589.55,24584.55,24585.45,642364
1772691420,2026-03-05T11:47:00,24585.95,24590.85,24582.6,24584.35,902545
1772691480,2026-03-05T11:48:00,24582.15,24585.2,24571.35,24571.35,1892138
1772691540,2026-03-05T11:49:00,24571.0,24574.15,24567.75,24569.7,1136480
1772691600,2026-03-05T11:50:00,24569.2,24569.2,24562.85,24563.5,850790
1772691660,2026-03-05T11:51:00,24564.05,24564.15,24556.9,24560.75,1085742
1772691720,2026-03-05T11:52:00,24560.5,24565.85,24558.45,24563.4,881999
1772691780,2026-03-05T11:53:00,24562.75,24564.1,24559.1,24560.9,1230131
1772691840,2026-03-05T11:54:00,24560.05,24594.6,24558.3,24594.6,1456140
1772691900,2026-03-05T11:55:00,24594.85,24597.55,24590.8,24593.25,1158082
1772691960,2026-03-05T11:56:00,24593.65,24593.7,24575.4,24575.4,732970
1772692020,2026-03-05T11:57:00,24575.9,24575.9,24560.35,24562.8,1357469
1772692080,2026-03-05T11:58:00,24562.95,24576.5,24561.9,24574.7,839208
1772692140,2026-03-05T11:59:00,24575.15,24584.15,24573.0,24579.1,755470
1772692200,2026-03-05T12:00:00,24580.2,24583.75,24578.05,24583.65,542901
1772692260,2026-03-05T12:01:00,24583.65,24594.45,24583.15,24591.65,1247690
1772692320,2026-03-05T12:02:00,24591.45,24594.55,24586.05,24588.6,834615
1772692380,2026-03-05T12:03:00,24588.5,24593.45,24580.35,24592.5,978179
1772692440,2026-03-05T12:04:00,24591.95,24596.05,24584.65,24590.15,1226702
1772692500,2026-03-05T12:05:00,24590.8,24595.8,24586.9,24586.9,1555594
1772692560,2026-03-05T12:06:00,24587.65,24594.65,24585.05,24588.45,1977520
1772692620,2026-03-05T12:07:00,24588.6,24592.25,24580.65,24580.75,1837929
1772692680,2026-03-05T12:08:00,24581.5,24585.05,24576.55,24580.25,833310
1772692740,2026-03-05T12:09:00,24581.0,24593.55,24574.45,24588.25,1536898
1772692800,2026-03-05T12:10:00,24587.15,24598.6,24584.85,24596.1,999188
1772692860,2026-03-05T12:11:00,24597.35,24610.1,24595.6,24606.65,817240
1772692920,2026-03-05T12:12:00,24607.15,24615.9,24602.05,24608.65,696876
1772692980,2026-03-05T12:13:00,24608.8,24608.8,24600.15,24600.75,798404
1772693040,2026-03-05T12:14:00,24599.55,24616.3,24599.55,24615.5,1366472
1772693100,2026-03-05T12:15:00,24615.65,24616.2,24600.15,24601.75,682553
1772693160,2026-03-05T12:16:00,24600.7,24607.15,24594.15,24594.55,1116125
1772693220,2026-03-05T12:17:00,24594.75,24598.05,24592.9,24594.25,965144
1772693280,2026-03-05T12:18:00,24594.8,24610.7,24594.4,24607.5,778861
1772693340,2026-03-05T12:19:00,24606.4,24611.4,24602.05,24602.35,509119
1772693400,2026-03-05T12:20:00,24603.2,24621.9,24602.4,24620.3,846740
1772693460,2026-03-05T12:21:00,24620.65,24633.6,24619.8,24630.7,1117443
1772693520,2026-03-05T12:22:00,24630.25,24635.65,24624.8,24629.15,1202143
1772693580,2026-03-05T12:23:00,24630.4,24633.7,24625.95,24629.05,596949
1772693640,2026-03-05T12:24:00,24629.6,24630.45,24616.3,24619.15,695332
1772693700,2026-03-05T12:25:00,24619.2,24620.05,24611.6,24618.55,701678
1772693760,2026-03-05T12:26:00,24617.85,24627.65,24617.85,24626.55,1807243
1772693820,2026-03-05T12:27:00,24626.9,24635.75,24626.85,24630.55,1343842
1772693880,2026-03-05T12:28:00,24630.9,24639.3,24630.65,24639.3,1284184
1772693940,2026-03-05T12:29:00,24639.25,24651.75,24639.25,24648.85,900161
1772694000,2026-03-05T12:30:00,24649.15,24658.1,24649.15,24656.4,1060551
1772694060,2026-03-05T12:31:00,24655.95,24658.55,24650.35,24654.95,1118336
1772694120,2026-03-05T12:32:00,24655.5,24657.0,24647.0,24652.65,828618
1772694180,2026-03-05T12:33:00,24651.85,24665.95,24651.75,24663.4,874574
1772694240,2026-03-05T12:34:00,24663.45,24664.65,24650.0,24650.3,792641
1772694300,2026-03-05T12:35:00,24650.65,24651.85,24637.4,24641.8,1060550
1772694360,2026-03-05T12:36:00,24642.0,24642.15,24632.65,24637.65,1069151
1772694420,2026-03-05T12:37:00,24638.0,24649.3,24638.0,24644.05,1075333
1772694480,2026-03-05T12:38:00,24643.8,24648.6,24641.8,24647.65,672821
1772694540,2026-03-05T12:39:00,24647.1,24654.2,24647.1,24652.7,1087743
1772694600,2026-03-05T12:40:00,24653.15,24653.15,24643.15,24646.15,831531
1772694660,2026-03-05T12:41:00,24646.65,24649.7,24641.25,24649.0,772485
1772694720,2026-03-05T12:42:00,24650.3,24657.6,24650.3,24654.45,829661
1772694780,2026-03-05T12:43:00,24654.15,24656.95,24649.0,24650.45,534062
1772694840,2026-03-05T12:44:00,24650.5,24652.2,24644.85,24645.8,814429
1772694900,2026-03-05T12:45:00,24645.8,24646.5,24637.6,24638.85,862765
1772694960,2026-03-05T12:46:00,24639.1,24640.05,24619.4,24622.55,1032005
1772695020,2026-03-05T12:47:00,24623.05,24627.5,24622.0,24626.85,707730
1772695080,2026-03-05T12:48:00,24625.0,24628.9,24622.35,24625.5,619017
1772695140,2026-03-05T12:49:00,24625.3,24633.6,24624.5,24631.45,630432
1772695200,2026-03-05T12:50:00,24632.1,24637.5,24629.15,24632.25,570769
1772695260,2026-03-05T12:51:00,24631.3,24642.45,24626.8,24640.9,685720
1772695320,2026-03-05T12:52:00,24641.4,24645.1,24633.45,24645.0,607799
1772695380,2026-03-05T12:53:00,24644.5,24647.6,24639.6,24645.8,572536
1772695440,2026-03-05T12:54:00,24645.25,24654.35,24643.75,24652.65,679024
1772695500,2026-03-05T12:55:00,24653.15,24656.9,24652.55,24654.5,815682
1772695560,2026-03-05T12:56:00,24654.9,24655.4,24648.5,24651.45,698274
1772695620,2026-03-05T12:57:00,24652.35,24657.6,24650.0,24650.85,575639
1772695680,2026-03-05T12:58:00,24649.95,24652.3,24643.7,24644.8,512712
1772695740,2026-03-05T12:59:00,24644.7,24654.1,24644.7,24653.45,629408
1772695800,2026-03-05T13:00:00,24653.95,24660.45,24652.35,24660.3,588551
1772695860,2026-03-05T13:01:00,24659.8,24660.85,24652.55,24654.25,504445
1772695920,2026-03-05T13:02:00,24654.25,24657.65,24653.7,24655.65,984289
1772695980,2026-03-05T13:03:00,24655.85,24657.6,24642.3,24642.3,763064
1772696040,2026-03-05T13:04:00,24641.6,24643.4,24633.15,24633.3,898118
1772696100,2026-03-05T13:05:00,24633.15,24637.35,24632.55,24636.3,722953
1772696160,2026-03-05T13:06:00,24636.6,24640.5,24635.1,24635.45,1069778
1772696220,2026-03-05T13:07:00,24636.15,24640.1,24635.55,24636.75,787355
1772696280,2026-03-05T13:08:00,24636.45,24647.15,24636.35,24646.15,670781
1772696340,2026-03-05T13:09:00,24646.6,24646.6,24639.15,24644.1,1584053
1772696400,2026-03-05T13:10:00,24644.7,24645.75,24639.6,24643.1,796990
1772696460,2026-03-05T13:11:00,24643.05,24648.55,24639.75,24645.75,750964
1772696520,2026-03-05T13:12:00,24648.6,24656.6,24646.85,24649.2,1002566
1772696580,2026-03-05T13:13:00,24648.45,24650.45,24635.25,24635.25,691445
1772696640,2026-03-05T13:14:00,24636.65,24641.35,24632.9,24639.65,711554
1772696700,2026-03-05T13:15:00,24640.7,24646.25,24640.55,24643.55,856526
1772696760,2026-03-05T13:16:00,24642.9,24644.15,24632.45,24634.5,639708
1772696820,2026-03-05T13:17:00,24635.35,24638.2,24630.85,24636.85,547972
1772696880,2026-03-05T13:18:00,24637.5,24637.95,24629.7,24632.5,1211661
1772696940,2026-03-05T13:19:00,24629.9,24631.5,24627.0,24631.05,628003
1772697000,2026-03-05T13:20:00,24631.2,24634.7,24623.85,24624.6,795646
1772697060,2026-03-05T13:21:00,24624.05,24637.65,24621.75,24631.65,725835
1772697120,2026-03-05T13:22:00,24631.5,24633.9,24627.4,24629.7,560479
1772697180,2026-03-05T13:23:00,24629.7,24642.7,24628.7,24641.3,719665
1772697240,2026-03-05T13:24:00,24641.85,24645.55,24638.2,24638.2,610943
1772697300,2026-03-05T13:25:00,24638.65,24645.75,24634.3,24643.3,663143
1772697360,2026-03-05T13:26:00,24644.65,24644.65,24629.05,24629.9,668232
1772697420,2026-03-05T13:27:00,24630.1,24637.1,24629.35,24636.2,498484
1772697480,2026-03-05T13:28:00,24636.15,24644.35,24636.15,24642.0,731123
1772697540,2026-03-05T13:29:00,24642.55,24651.35,24640.85,24651.0,884269
1772697600,2026-03-05T13:30:00,24651.55,24664.65,24650.5,24663.55,909868
1772697660,2026-03-05T13:31:00,24663.05,24666.1,24656.4,24665.7,1004317
1772697720,2026-03-05T13:32:00,24665.05,24671.3,24660.9,24667.7,1082952
1772697780,2026-03-05T13:33:00,24667.45,24671.15,24633.45,24635.05,1230970
1772697840,2026-03-05T13:34:00,24634.5,24642.15,24628.25,24639.2,798947
1772697900,2026-03-05T13:35:00,24639.6,24642.45,24622.95,24622.95,693142
1772697960,2026-03-05T13:36:00,24623.3,24625.65,24605.8,24621.8,863764
1772698020,2026-03-05T13:37:00,24621.8,24621.8,24607.3,24611.65,625871
1772698080,2026-03-05T13:38:00,24611.5,24622.9,24608.4,24617.85,767270
1772698140,2026-03-05T13:39:00,24617.3,24621.3,24611.3,24614.05,937877
1772698200,2026-03-05T13:40:00,24614.7,24624.15,24608.55,24612.7,1043981
1772698260,2026-03-05T13:41:00,24611.85,24615.1,24606.25,24606.95,659245
1772698320,2026-03-05T13:42:00,24607.4,24616.75,24607.0,24615.95,1025893
1772698380,2026-03-05T13:43:00,24615.8,24629.95,24614.0,24626.5,599380
1772698440,2026-03-05T13:44:00,24627.6,24628.95,24618.6,24619.8,408202
1772698500,2026-03-05T13:45:00,24619.85,24626.75,24616.4,24616.4,783726
1772698560,2026-03-05T13:46:00,24616.25,24620.45,24615.3,24617.4,677545
1772698620,2026-03-05T13:47:00,24617.95,24625.55,24617.45,24624.85,522346
1772698680,2026-03-05T13:48:00,24625.65,24635.1,24624.6,24629.3,629596
1772698740,2026-03-05T13:49:00,24629.0,24630.8,24615.4,24615.4,763343
1772698800,2026-03-05T13:50:00,24616.1,24618.5,24606.6,24611.5,853558
1772698860,2026-03-05T13:51:00,24611.5,24613.05,24601.4,24603.05,526851
1772698920,2026-03-05T13:52:00,24601.7,24604.85,24596.25,24598.2,895090
1772698980,2026-03-05T13:53:00,24598.3,24599.05,24591.75,24591.75,903446
1772699040,2026-03-05T13:54:00,24593.3,24595.35,24588.05,24592.6,746853
1772699100,2026-03-05T13:55:00,24593.95,24594.75,24585.35,24588.7,912093
1772699160,2026-03-05T13:56:00,24588.95,24590.55,24582.05,24583.05,916392
1772699220,2026-03-05T13:57:00,24583.75,24583.95,24569.75,24569.75,901268
1772699280,2026-03-05T13:58:00,24571.0,24582.35,24569.8,24578.3,1081831
1772699340,2026-03-05T13:59:00,24579.1,24581.4,24572.8,24573.7,901226
1772699400,2026-03-05T14:00:00,24572.5,24574.25,24565.35,24568.4,1988990
1772699460,2026-03-05T14:01:00,24568.4,24577.9,24564.8,24573.45,1322268
1772699520,2026-03-05T14:02:00,24574.1,24582.55,24572.95,24578.3,818495
1772699580,2026-03-05T14:03:00,24579.7,24586.1,24575.1,24576.75,896863
1772699640,2026-03-05T14:04:00,24577.05,24581.95,24575.75,24578.2,595313
1772699700,2026-03-05T14:05:00,24578.65,24579.25,24569.35,24571.15,930797
1772699760,2026-03-05T14:06:00,24571.45,24572.35,24562.4,24564.1,823581
1772699820,2026-03-05T14:07:00,24564.65,24579.15,24562.7,24578.9,965503
1772699880,2026-03-05T14:08:00,24580.0,24581.1,24573.9,24575.15,608228
1772699940,2026-03-05T14:09:00,24576.5,24576.5,24552.9,24552.9,1061637
1772700000,2026-03-05T14:10:00,24553.3,24557.8,24548.15,24548.8,1055098
1772700060,2026-03-05T14:11:00,24547.7,24556.85,24547.35,24554.9,812517
1772700120,2026-03-05T14:12:00,24554.3,24559.55,24553.05,24558.45,684965
1772700180,2026-03-05T14:13:00,24559.5,24563.2,24550.8,24552.6,891852
1772700240,2026-03-05T14:14:00,24552.4,24555.1,24549.2,24553.75,830386
1772700300,2026-03-05T14:15:00,24554.15,24563.65,24552.85,24560.75,763711
1772700360,2026-03-05T14:16:00,24561.3,24567.65,24558.0,24558.95,1039891
1772700420,2026-03-05T14:17:00,24558.2,24558.55,24539.85,24540.25,1084255
1772700480,2026-03-05T14:18:00,24540.15,24542.2,24534.3,24535.65,1383431
1772700540,2026-03-05T14:19:00,24534.9,24535.7,24529.4,24531.95,2389043
1772700600,2026-03-05T14:20:00,24531.25,24550.85,24529.65,24545.2,1839387
1772700660,2026-03-05T14:21:00,24545.3,24553.35,24541.5,24550.85,1787265
1772700720,2026-03-05T14:22:00,24549.65,24550.5,24544.2,24550.0,1669777
1772700780,2026-03-05T14:23:00,24550.1,24576.15,24546.75,24569.05,1832693
1772700840,2026-03-05T14:24:00,24571.15,24600.0,24569.55,24590.95,1070307
1772700900,2026-03-05T14:25:00,24591.1,24593.65,24576.9,24589.9,824322
1772700960,2026-03-05T14:26:00,24589.75,24597.05,24586.65,24595.95,1544303
1772701020,2026-03-05T14:27:00,24596.45,24601.0,24595.1,24597.55,910972
1772701080,2026-03-05T14:28:00,24598.65,24609.45,24597.85,24609.1,993304
1772701140,2026-03-05T14:29:00,24609.75,24617.4,24608.8,24611.25,1312535
1772701200,2026-03-05T14:30:00,24611.5,24612.75,24589.95,24592.25,1203872
1772701260,2026-03-05T14:31:00,24592.25,24593.65,24581.6,24581.6,813365
1772701320,2026-03-05T14:32:00,24582.05,24587.7,24576.45,24581.7,1038169
1772701380,2026-03-05T14:33:00,24580.75,24591.35,24577.6,24589.8,1071643
1772701440,2026-03-05T14:34:00,24588.8,24589.65,24577.9,24582.5,959671
1772701500,2026-03-05T14:35:00,24583.6,24588.15,24580.15,24584.0,1650529
1772701560,2026-03-05T14:36:00,24585.35,24612.75,24581.35,24610.8,1574275
1772701620,2026-03-05T14:37:00,24611.05,24634.8,24610.2,24634.35,1363940
1772701680,2026-03-05T14:38:00,24635.25,24660.1,24635.25,24659.15,1694398
1772701740,2026-03-05T14:39:00,24657.65,24675.05,24656.1,24672.5,2039687
1772701800,2026-03-05T14:40:00,24672.45,24723.65,24669.8,24723.6,2722656
1772701860,2026-03-05T14:41:00,24724.35,24761.15,24712.9,24741.5,3020241
1772701920,2026-03-05T14:42:00,24742.4,24746.05,24725.55,24743.35,2393523
1772701980,2026-03-05T14:43:00,24742.3,24743.5,24729.15,24731.9,2234156
1772702040,2026-03-05T14:44:00,24732.0,24735.9,24721.25,24726.8,1439404
1772702100,2026-03-05T14:45:00,24727.05,24762.8,24712.75,24754.0,2747679
1772702160,2026-03-05T14:46:00,24754.85,24756.8,24741.05,24748.65,1783111
1772702220,2026-03-05T14:47:00,24748.3,24748.3,24721.3,24723.3,1985766
1772702280,2026-03-05T14:48:00,24723.8,24748.65,24718.35,24747.65,1882389
1772702340,2026-03-05T14:49:00,24750.2,24758.4,24738.4,24758.4,1790065
1772702400,2026-03-05T14:50:00,24757.05,24788.5,24753.7,24783.4,2686035
1772702460,2026-03-05T14:51:00,24783.9,24807.85,24783.6,24799.7,2505489
1772702520,2026-03-05T14:52:00,24799.8,24807.9,24780.95,24806.0,3237552
1772702580,2026-03-05T14:53:00,24805.0,24827.4,24803.25,24826.25,2288058
1772702640,2026-03-05T14:54:00,24827.55,24853.75,24827.0,24846.55,2823002
1772702700,2026-03-05T14:55:00,24846.25,24854.2,24811.65,24826.55,2941644
1772702760,2026-03-05T14:56:00,24826.85,24829.0,24810.15,24810.15,2160952
1772702820,2026-03-05T14:57:00,24812.05,24823.45,24806.05,24810.45,2062095
1772702880,2026-03-05T14:58:00,24810.55,24816.05,24799.85,24814.0,1797906
1772702940,2026-03-05T14:59:00,24812.9,24853.9,24811.1,24848.95,2529129
1772703000,2026-03-05T15:00:00,24849.2,24853.25,24814.05,24826.35,5204327
1772703060,2026-03-05T15:01:00,24825.7,24829.65,24803.75,24805.65,4269351
1772703120,2026-03-05T15:02:00,24803.75,24806.2,24768.05,24782.05,4252829
1772703180,2026-03-05T15:03:00,24780.7,24806.7,24777.0,24805.5,3222214
1772703240,2026-03-05T15:04:00,24805.15,24807.4,24788.85,24790.7,3525862
1772703300,2026-03-05T15:05:00,24789.4,24793.1,24774.05,24785.55,2777921
1772703360,2026-03-05T15:06:00,24784.25,24793.1,24783.4,24792.25,2640346
1772703420,2026-03-05T15:07:00,24790.75,24796.45,24778.45,24779.75,2539181
1772703480,2026-03-05T15:08:00,24780.6,24783.45,24765.9,24772.4,2522099
1772703540,2026-03-05T15:09:00,24771.95,24784.55,24765.6,24774.3,3246162
1772703600,2026-03-05T15:10:00,24772.65,24784.7,24766.55,24780.5,3729136
1772703660,2026-03-05T15:11:00,24780.05,24781.45,24756.7,24759.1,2684682
1772703720,2026-03-05T15:12:00,24758.05,24758.05,24727.0,24727.7,2689970
1772703780,2026-03-05T15:13:00,24727.65,24735.85,24725.05,24726.2,2657697
1772703840,2026-03-05T15:14:00,24725.55,24736.95,24714.1,24714.8,2527691
1772703900,2026-03-05T15:15:00,24716.0,24733.15,24716.0,24731.35,2452704
1772703960,2026-03-05T15:16:00,24732.25,24754.95,24732.25,24753.8,2236068
1772704020,2026-03-05T15:17:00,24754.55,24759.4,24749.05,24751.1,2520903
1772704080,2026-03-05T15:18:00,24750.15,24751.7,24723.4,24725.85,3033654
1772704140,2026-03-05T15:19:00,24725.9,24727.55,24713.75,24716.85,2488625
1772704200,2026-03-05T15:20:00,24717.2,24725.4,24714.0,24720.65,3025683
1772704260,2026-03-05T15:21:00,24717.9,24730.65,24714.9,24718.0,3869472
1772704320,2026-03-05T15:22:00,24719.4,24724.55,24711.75,24714.0,2918880
1772704380,2026-03-05T15:23:00,24713.1,24718.0,24706.05,24712.35,2285450
1772704440,2026-03-05T15:24:00,24713.35,24728.45,24712.45,24719.05,2821024
1772704500,2026-03-05T15:25:00,24719.85,24730.9,24715.9,24727.05,3284177
1772704560,2026-03-05T15:26:00,24729.1,24744.7,24727.65,24734.2,2678219
1772704620,2026-03-05T15:27:00,24733.7,24748.45,24733.55,24739.25,3122783
1772704680,2026-03-05T15:28:00,24740.55,24741.5,24732.5,24736.5,1874397
1772704740,2026-03-05T15:29:00,24732.85,24739.85,24729.35,24737.45,1396085
1772768700,2026-03-06T09:15:00,24656.4,24700.9,24598.15,24611.25,7572283
1772768760,2026-03-06T09:16:00,24611.15,24645.25,24608.5,24645.25,4564228
1772768820,2026-03-06T09:17:00,24644.65,24646.85,24621.9,24625.4,4202222
1772768880,2026-03-06T09:18:00,24625.0,24625.0,24600.6,24608.35,3618058
1772768940,2026-03-06T09:19:00,24604.7,24605.65,24590.75,24594.4,3151487
1772769000,2026-03-06T09:20:00,24594.9,24635.7,24587.15,24621.2,2953285
1772769060,2026-03-06T09:21:00,24622.4,24644.7,24622.4,24639.6,2578225
1772769120,2026-03-06T09:22:00,24641.35,24646.95,24640.6,24642.75,2419707
1772769180,2026-03-06T09:23:00,24645.75,24652.75,24639.3,24645.55,2288982
1772769240,2026-03-06T09:24:00,24645.55,24652.45,24634.35,24647.6,2794570
1772769300,2026-03-06T09:25:00,24647.45,24671.35,24644.2,24667.85,2204302
1772769360,2026-03-06T09:26:00,24667.0,24669.2,24652.7,24655.0,1735081
1772769420,2026-03-06T09:27:00,24655.45,24666.35,24650.5,24666.35,1543046
1772769480,2026-03-06T09:28:00,24666.45,24683.0,24664.95,24677.95,2119157
1772769540,2026-03-06T09:29:00,24678.2,24681.75,24666.7,24681.2,2092238
1772769600,2026-03-06T09:30:00,24681.5,24681.5,24661.15,24661.15,2034383
1772769660,2026-03-06T09:31:00,24662.35,24665.35,24654.9,24661.9,1768894
1772769720,2026-03-06T09:32:00,24661.15,24669.05,24659.1,24661.9,1587886
1772769780,2026-03-06T09:33:00,24661.9,24672.65,24660.35,24667.95,2178998
1772769840,2026-03-06T09:34:00,24666.0,24667.3,24649.3,24650.45,1816451
1772769900,2026-03-06T09:35:00,24650.35,24654.75,24639.8,24649.85,1884777
1772769960,2026-03-06T09:36:00,24649.25,24652.7,24648.4,24652.55,1279005
1772770020,2026-03-06T09:37:00,24653.05,24675.7,24652.75,24673.85,1531519
1772770080,2026-03-06T09:38:00,24673.9,24676.55,24660.85,24662.3,1233625
1772770140,2026-03-06T09:39:00,24662.9,24663.15,24643.95,24648.4,1104625
1772770200,2026-03-06T09:40:00,24647.8,24651.6,24643.3,24648.05,1052610
1772770260,2026-03-06T09:41:00,24647.75,24667.05,24641.25,24663.95,1197274
1772770320,2026-03-06T09:42:00,24664.25,24664.5,24654.1,24660.55,1218677
1772770380,2026-03-06T09:43:00,24660.45,24674.25,24659.9,24673.7,1000374
1772770440,2026-03-06T09:44:00,24674.15,24680.8,24670.35,24678.85,1100881
1772770500,2026-03-06T09:45:00,24678.35,24683.5,24674.35,24678.1,1235754
1772770560,2026-03-06T09:46:00,24678.35,24688.1,24665.15,24666.35,1620270
1772770620,2026-03-06T09:47:00,24666.15,24680.35,24664.75,24678.45,1563615
1772770680,2026-03-06T09:48:00,24679.05,24680.1,24666.4,24670.65,1340917
1772770740,2026-03-06T09:49:00,24671.4,24671.65,24655.75,24657.9,1142918
1772770800,2026-03-06T09:50:00,24658.2,24666.25,24652.05,24652.3,1343832
1772770860,2026-03-06T09:51:00,24653.55,24661.4,24649.85,24657.15,1628546
1772770920,2026-03-06T09:52:00,24656.7,24656.7,24646.65,24648.05,1168825
1772770980,2026-03-06T09:53:00,24648.35,24649.6,24641.5,24643.2,1133404
1772771040,2026-03-06T09:54:00,24642.6,24646.65,24638.95,24643.85,1619929
1772771100,2026-03-06T09:55:00,24643.3,24643.6,24636.45,24641.6,1430032
1772771160,2026-03-06T09:56:00,24640.55,24641.1,24630.8,24634.95,1303715
1772771220,2026-03-06T09:57:00,24635.3,24638.8,24631.0,24636.75,967389
1772771280,2026-03-06T09:58:00,24636.65,24637.3,24623.0,24623.65,893927
1772771340,2026-03-06T09:59:00,24623.1,24628.4,24618.85,24625.15,893813
1772771400,2026-03-06T10:00:00,24624.3,24636.45,24623.7,24631.95,1003260
1772771460,2026-03-06T10:01:00,24632.75,24632.9,24624.75,24627.8,1022246
1772771520,2026-03-06T10:02:00,24627.4,24628.8,24616.95,24621.9,891845
1772771580,2026-03-06T10:03:00,24622.85,24647.5,24622.85,24638.2,1033527
1772771640,2026-03-06T10:04:00,24638.75,24638.75,24628.1,24635.0,884789
1772771700,2026-03-06T10:05:00,24634.65,24636.15,24625.5,24626.3,682912
1772771760,2026-03-06T10:06:00,24625.5,24634.85,24622.8,24634.6,780755
1772771820,2026-03-06T10:07:00,24634.95,24646.85,24632.75,24646.85,617623
1772771880,2026-03-06T10:08:00,24647.6,24653.05,24646.75,24653.0,639094
1772771940,2026-03-06T10:09:00,24654.65,24661.1,24650.65,24653.6,959233
1772772000,2026-03-06T10:10:00,24654.0,24657.85,24649.6,24655.8,615016
1772772060,2026-03-06T10:11:00,24655.8,24656.9,24649.65,24651.8,1048110
1772772120,2026-03-06T10:12:00,24652.35,24656.5,24652.35,24653.45,648221
1772772180,2026-03-06T10:13:00,24653.5,24654.6,24648.95,24653.55,667050
1772772240,2026-03-06T10:14:00,24653.25,24657.75,24652.95,24653.35,771142
1772772300,2026-03-06T10:15:00,24652.35,24661.9,24651.1,24660.8,777397
1772772360,2026-03-06T10:16:00,24660.95,24671.8,24660.9,24663.65,1166161
1772772420,2026-03-06T10:17:00,24663.9,24668.85,24663.9,24668.85,617896
1772772480,2026-03-06T10:18:00,24668.8,24675.3,24668.75,24674.15,878986
1772772540,2026-03-06T10:19:00,24674.15,24675.45,24667.9,24673.5,769927
1772772600,2026-03-06T10:20:00,24674.15,24674.35,24666.35,24667.85,782722
1772772660,2026-03-06T10:21:00,24667.75,24669.7,24661.9,24661.9,986014
1772772720,2026-03-06T10:22:00,24661.85,24663.45,24658.75,24663.25,695845
1772772780,2026-03-06T10:23:00,24664.35,24668.9,24662.05,24667.05,883094
1772772840,2026-03-06T10:24:00,24670.35,24670.65,24665.05,24669.1,897949
1772772900,2026-03-06T10:25:00,24669.2,24673.85,24668.5,24673.85,978754
1772772960,2026-03-06T10:26:00,24673.15,24675.65,24661.95,24661.95,927790
1772773020,2026-03-06T10:27:00,24662.5,24662.5,24651.15,24653.9,1229789
1772773080,2026-03-06T10:28:00,24654.85,24656.0,24649.1,24651.5,728814
1772773140,2026-03-06T10:29:00,24650.1,24652.4,24647.4,24651.75,1016142
1772773200,2026-03-06T10:30:00,24652.35,24652.7,24633.85,24634.8,1141968
1772773260,2026-03-06T10:31:00,24634.75,24637.05,24631.95,24633.4,1192897
1772773320,2026-03-06T10:32:00,24633.75,24635.1,24629.9,24633.1,826515
1772773380,2026-03-06T10:33:00,24632.75,24632.75,24625.55,24625.7,1328469
1772773440,2026-03-06T10:34:00,24626.0,24628.05,24618.85,24619.1,1196233
1772773500,2026-03-06T10:35:00,24618.6,24618.65,24613.6,24615.75,1220524
1772773560,2026-03-06T10:36:00,24616.2,24619.6,24610.7,24612.4,789264
1772773620,2026-03-06T10:37:00,24612.5,24623.85,24608.75,24623.3,1026018
1772773680,2026-03-06T10:38:00,24623.4,24626.2,24619.6,24625.45,621316
1772773740,2026-03-06T10:39:00,24626.4,24630.55,24617.0,24621.6,1390059
1772773800,2026-03-06T10:40:00,24620.95,24621.55,24613.35,24613.55,711526
1772773860,2026-03-06T10:41:00,24613.4,24617.7,24613.3,24616.1,514296
1772773920,2026-03-06T10:42:00,24615.6,24629.1,24615.0,24627.3,658360
1772773980,2026-03-06T10:43:00,24628.45,24628.45,24623.75,24625.6,1115390
1772774040,2026-03-06T10:44:00,24625.6,24625.6,24620.1,24620.15,669112
1772774100,2026-03-06T10:45:00,24620.8,24620.8,24617.5,24620.5,1193654
1772774160,2026-03-06T10:46:00,24620.65,24622.3,24609.85,24614.45,1101286
1772774220,2026-03-06T10:47:00,24614.5,24615.4,24610.4,24611.15,721687
1772774280,2026-03-06T10:48:00,24610.8,24610.8,24596.95,24601.7,815135
1772774340,2026-03-06T10:49:00,24601.15,24603.15,24585.05,24586.5,2637152
1772774400,2026-03-06T10:50:00,24587.2,24600.9,24575.15,24598.4,1204419
1772774460,2026-03-06T10:51:00,24597.5,24603.5,24593.85,24602.3,660941
1772774520,2026-03-06T10:52:00,24602.8,24621.05,24601.9,24607.65,803577
1772774580,2026-03-06T10:53:00,24608.0,24608.85,24596.7,24602.05,652994
1772774640,2026-03-06T10:54:00,24601.7,24604.25,24595.85,24596.7,696750
1772774700,2026-03-06T10:55:00,24596.7,24597.8,24591.8,24597.5,596873
1772774760,2026-03-06T10:56:00,24598.1,24598.1,24584.2,24586.55,936916
1772774820,2026-03-06T10:57:00,24586.6,24588.8,24584.3,24585.55,570118
1772774880,2026-03-06T10:58:00,24585.55,24588.75,24584.25,24588.75,517881
1772774940,2026-03-06T10:59:00,24589.1,24594.65,24587.15,24594.65,606268
1772775000,2026-03-06T11:00:00,24594.9,24622.2,24594.9,24617.5,863027
1772775060,2026-03-06T11:01:00,24617.65,24628.85,24617.65,24622.4,929483
1772775120,2026-03-06T11:02:00,24622.05,24636.85,24621.6,24636.0,947915
1772775180,2026-03-06T11:03:00,24636.0,24636.0,24626.5,24627.85,803588
1772775240,2026-03-06T11:04:00,24627.65,24636.45,24626.7,24635.7,1393168
1772775300,2026-03-06T11:05:00,24636.55,24641.45,24635.4,24641.05,776957
1772775360,2026-03-06T11:06:00,24640.35,24644.15,24639.0,24641.0,749976
1772775420,2026-03-06T11:07:00,24640.9,24648.7,24638.85,24644.7,684109
1772775480,2026-03-06T11:08:00,24645.25,24645.35,24631.85,24633.95,842284
1772775540,2026-03-06T11:09:00,24634.9,24635.95,24626.3,24635.95,825454
1772775600,2026-03-06T11:10:00,24636.1,24637.55,24630.35,24630.35,689041
1772775660,2026-03-06T11:11:00,24630.95,24633.3,24621.2,24621.55,630089
1772775720,2026-03-06T11:12:00,24621.75,24622.0,24615.2,24616.55,538381
1772775780,2026-03-06T11:13:00,24616.2,24620.95,24615.1,24617.45,511166
1772775840,2026-03-06T11:14:00,24618.05,24620.0,24615.95,24617.6,485024
1772775900,2026-03-06T11:15:00,24617.4,24620.95,24611.05,24613.25,671485
1772775960,2026-03-06T11:16:00,24614.25,24621.4,24612.3,24613.55,904647
1772776020,2026-03-06T11:17:00,24613.7,24614.3,24606.4,24613.1,707833
1772776080,2026-03-06T11:18:00,24613.15,24613.45,24600.45,24600.75,732687
1772776140,2026-03-06T11:19:00,24601.6,24606.65,24599.7,24606.35,692121
1772776200,2026-03-06T11:20:00,24606.6,24616.8,24606.1,24615.1,806701
1772776260,2026-03-06T11:21:00,24615.9,24619.6,24615.5,24618.0,584267
1772776320,2026-03-06T11:22:00,24617.35,24618.8,24606.2,24607.45,498922
1772776380,2026-03-06T11:23:00,24607.45,24611.0,24606.5,24607.7,568225
1772776440,2026-03-06T11:24:00,24607.85,24609.65,24600.15,24600.15,990115
1772776500,2026-03-06T11:25:00,24600.2,24604.1,24595.45,24600.05,747265
1772776560,2026-03-06T11:26:00,24599.9,24603.5,24593.9,24599.45,700061
1772776620,2026-03-06T11:27:00,24600.9,24605.6,24599.2,24605.1,759070
1772776680,2026-03-06T11:28:00,24605.15,24605.15,24595.85,24595.95,786580
1772776740,2026-03-06T11:29:00,24596.8,24607.55,24596.65,24607.25,618556
1772776800,2026-03-06T11:30:00,24607.75,24616.95,24607.25,24610.0,811405
1772776860,2026-03-06T11:31:00,24609.95,24610.65,24602.55,24608.45,747738
1772776920,2026-03-06T11:32:00,24608.6,24617.0,24608.55,24613.9,620873
1772776980,2026-03-06T11:33:00,24613.9,24613.95,24607.85,24613.9,756512
1772777040,2026-03-06T11:34:00,24613.15,24620.85,24613.15,24620.45,561459
1772777100,2026-03-06T11:35:00,24620.75,24628.4,24618.35,24625.65,887962
1772777160,2026-03-06T11:36:00,24626.55,24628.8,24622.7,24623.75,628478
1772777220,2026-03-06T11:37:00,24623.55,24632.0,24622.55,24632.0,648997
1772777280,2026-03-06T11:38:00,24631.65,24633.8,24628.0,24628.2,698527
1772777340,2026-03-06T11:39:00,24629.05,24635.65,24627.4,24635.55,833655
1772777400,2026-03-06T11:40:00,24634.85,24643.0,24629.25,24643.0,925221
1772777460,2026-03-06T11:41:00,24643.8,24654.55,24643.8,24645.6,1281728
1772777520,2026-03-06T11:42:00,24645.85,24653.0,24645.05,24645.05,1010276
1772777580,2026-03-06T11:43:00,24645.3,24645.3,24627.65,24628.0,809516
1772777640,2026-03-06T11:44:00,24627.75,24629.85,24615.8,24616.4,804388
1772777700,2026-03-06T11:45:00,24616.5,24622.55,24611.7,24621.3,1176486
1772777760,2026-03-06T11:46:00,24622.15,24626.3,24621.65,24624.25,646435
1772777820,2026-03-06T11:47:00,24624.45,24628.95,24622.25,24626.9,680858
1772777880,2026-03-06T11:48:00,24627.6,24632.7,24626.45,24630.1,913104
1772777940,2026-03-06T11:49:00,24630.5,24634.0,24625.05,24632.45,994140
1772778000,2026-03-06T11:50:00,24632.4,24634.9,24628.05,24628.8,862890
1772778060,2026-03-06T11:51:00,24629.3,24629.75,24623.85,24628.1,645616
1772778120,2026-03-06T11:52:00,24627.9,24628.75,24617.6,24617.6,826550
1772778180,2026-03-06T11:53:00,24618.75,24619.2,24613.9,24618.35,872492
1772778240,2026-03-06T11:54:00,24619.15,24620.05,24615.55,24619.85,688319
1772778300,2026-03-06T11:55:00,24619.3,24621.9,24618.25,24620.9,653103
1772778360,2026-03-06T11:56:00,24620.85,24625.55,24611.95,24613.35,672349
1772778420,2026-03-06T11:57:00,24613.8,24627.1,24612.45,24627.1,1022158
1772778480,2026-03-06T11:58:00,24624.45,24630.2,24624.1,24625.65,1970875
1772778540,2026-03-06T11:59:00,24625.7,24628.55,24622.45,24625.7,670447
1772778600,2026-03-06T12:00:00,24625.85,24627.55,24620.75,24624.85,577557
1772778660,2026-03-06T12:01:00,24624.75,24626.35,24614.55,24614.55,578448
1772778720,2026-03-06T12:02:00,24615.1,24615.3,24611.2,24611.55,397644
1772778780,2026-03-06T12:03:00,24611.95,24614.35,24608.95,24610.1,702483
1772778840,2026-03-06T12:04:00,24610.9,24612.5,24609.45,24609.65,602954
1772778900,2026-03-06T12:05:00,24610.1,24612.6,24608.55,24609.95,468710
1772778960,2026-03-06T12:06:00,24610.0,24611.95,24606.2,24609.5,879637
1772779020,2026-03-06T12:07:00,24609.7,24618.75,24609.1,24616.6,1069821
1772779080,2026-03-06T12:08:00,24616.25,24625.25,24612.7,24625.25,951897
1772779140,2026-03-06T12:09:00,24626.4,24629.55,24624.65,24626.5,1085719
1772779200,2026-03-06T12:10:00,24626.8,24631.45,24623.85,24623.85,1185684
1772779260,2026-03-06T12:11:00,24624.25,24629.25,24621.55,24622.1,950410
1772779320,2026-03-06T12:12:00,24622.05,24623.75,24606.35,24609.7,2250891
1772779380,2026-03-06T12:13:00,24610.95,24612.05,24605.8,24607.1,675814
1772779440,2026-03-06T12:14:00,24607.35,24609.25,24605.45,24608.85,492923
1772779500,2026-03-06T12:15:00,24608.6,24609.85,24603.95,24604.55,482247
1772779560,2026-03-06T12:16:00,24604.75,24615.85,24604.05,24613.55,743954
1772779620,2026-03-06T12:17:00,24614.05,24615.55,24611.75,24613.5,508983
1772779680,2026-03-06T12:18:00,24613.8,24617.25,24611.5,24614.75,1165722
1772779740,2026-03-06T12:19:00,24614.3,24623.35,24609.75,24610.0,904314
1772779800,2026-03-06T12:20:00,24610.6,24612.75,24606.75,24607.3,568015
1772779860,2026-03-06T12:21:00,24607.9,24611.45,24607.2,24609.45,490009
1772779920,2026-03-06T12:22:00,24610.35,24611.05,24606.35,24608.0,1042507
1772779980,2026-03-06T12:23:00,24608.65,24609.1,24600.1,24600.2,525162
1772780040,2026-03-06T12:24:00,24601.65,24609.25,24600.55,24608.85,544332
1772780100,2026-03-06T12:25:00,24609.7,24609.7,24598.35,24600.75,604215
1772780160,2026-03-06T12:26:00,24600.85,24602.9,24600.05,24600.05,601490
1772780220,2026-03-06T12:27:00,24600.6,24601.0,24593.8,24595.0,625496
1772780280,2026-03-06T12:28:00,24595.4,24595.45,24576.05,24578.4,1234688
1772780340,2026-03-06T12:29:00,24578.7,24581.95,24577.6,24578.3,1401210
1772780400,2026-03-06T12:30:00,24578.25,24593.5,24578.25,24590.75,1083185
1772780460,2026-03-06T12:31:00,24591.45,24598.0,24591.1,24591.9,957461
1772780520,2026-03-06T12:32:00,24591.6,24592.25,24586.75,24587.3,574613
1772780580,2026-03-06T12:33:00,24587.15,24591.65,24585.65,24590.0,473612
1772780640,2026-03-06T12:34:00,24589.75,24596.45,24589.75,24595.05,574991
1772780700,2026-03-06T12:35:00,24594.85,24597.9,24592.55,24593.35,581133
1772780760,2026-03-06T12:36:00,24593.95,24597.9,24591.7,24596.4,500786
1772780820,2026-03-06T12:37:00,24596.45,24596.75,24589.35,24590.15,536347
1772780880,2026-03-06T12:38:00,24590.05,24590.95,24587.75,24590.4,648533
1772780940,2026-03-06T12:39:00,24590.0,24591.35,24584.95,24586.15,460606
1772781000,2026-03-06T12:40:00,24586.05,24590.25,24586.05,24587.45,484622
1772781060,2026-03-06T12:41:00,24586.55,24591.1,24586.55,24590.85,533738
1772781120,2026-03-06T12:42:00,24591.15,24599.75,24590.2,24597.0,908816
1772781180,2026-03-06T12:43:00,24596.25,24597.15,24590.6,24592.25,699857
1772781240,2026-03-06T12:44:00,24592.45,24602.0,24590.85,24599.85,835813
1772781300,2026-03-06T12:45:00,24599.8,24603.3,24597.25,24597.25,712209
1772781360,2026-03-06T12:46:00,24597.7,24598.2,24589.5,24589.5,732348
1772781420,2026-03-06T12:47:00,24589.7,24593.5,24583.8,24593.45,743289
1772781480,2026-03-06T12:48:00,24593.9,24600.35,24591.55,24597.55,557226
1772781540,2026-03-06T12:49:00,24596.95,24597.15,24590.65,24595.5,575256
1772781600,2026-03-06T12:50:00,24596.0,24598.95,24595.4,24598.85,579896
1772781660,2026-03-06T12:51:00,24598.3,24611.25,24598.3,24607.7,785587
1772781720,2026-03-06T12:52:00,24607.95,24608.95,24605.1,24606.6,788226
1772781780,2026-03-06T12:53:00,24607.15,24607.85,24598.7,24600.15,1175176
1772781840,2026-03-06T12:54:00,24600.5,24601.2,24595.8,24596.95,1013590
1772781900,2026-03-06T12:55:00,24597.2,24598.45,24593.65,24594.25,619199
1772781960,2026-03-06T12:56:00,24595.85,24599.65,24592.15,24599.6,808262
1772782020,2026-03-06T12:57:00,24600.15,24607.45,24600.15,24603.0,636012
1772782080,2026-03-06T12:58:00,24603.05,24607.45,24603.05,24604.85,1130298
1772782140,2026-03-06T12:59:00,24605.2,24606.2,24601.05,24603.7,746718
1772782200,2026-03-06T13:00:00,24603.6,24611.7,24603.6,24609.05,1000462
1772782260,2026-03-06T13:01:00,24609.0,24614.25,24607.55,24612.75,951864
1772782320,2026-03-06T13:02:00,24613.45,24613.75,24597.25,24598.75,1115697
1772782380,2026-03-06T13:03:00,24597.65,24598.85,24591.9,24595.0,767707
1772782440,2026-03-06T13:04:00,24593.8,24600.85,24593.7,24600.1,715472
1772782500,2026-03-06T13:05:00,24600.75,24601.85,24595.15,24601.4,637185
1772782560,2026-03-06T13:06:00,24601.75,24610.05,24601.4,24608.1,695550
1772782620,2026-03-06T13:07:00,24608.65,24609.2,24601.1,24601.3,540842
1772782680,2026-03-06T13:08:00,24601.9,24602.05,24596.65,24597.7,525898
1772782740,2026-03-06T13:09:00,24598.1,24598.85,24593.6,24595.1,631366
1772782800,2026-03-06T13:10:00,24595.45,24598.2,24594.25,24595.7,649197
1772782860,2026-03-06T13:11:00,24596.2,24602.15,24595.3,24601.55,548441
1772782920,2026-03-06T13:12:00,24601.8,24603.6,24597.0,24598.9,575697
1772782980,2026-03-06T13:13:00,24599.2,24600.5,24597.95,24598.3,588436
1772783040,2026-03-06T13:14:00,24597.7,24603.2,24597.7,24602.65,690603
1772783100,2026-03-06T13:15:00,24602.05,24602.6,24599.45,24600.8,489709
1772783160,2026-03-06T13:16:00,24600.6,24606.7,24599.7,24602.9,725227
1772783220,2026-03-06T13:17:00,24602.9,24603.55,24595.25,24597.15,1681901
1772783280,2026-03-06T13:18:00,24596.9,24598.9,24593.25,24594.7,1581805
1772783340,2026-03-06T13:19:00,24595.55,24598.75,24593.9,24597.8,410998
1772783400,2026-03-06T13:20:00,24597.85,24600.05,24593.6,24594.15,1056482
1772783460,2026-03-06T13:21:00,24594.5,24601.1,24594.5,24601.1,863921
1772783520,2026-03-06T13:22:00,24601.55,24611.3,24601.5,24610.05,1001968
1772783580,2026-03-06T13:23:00,24609.5,24614.85,24607.2,24614.2,979255
1772783640,2026-03-06T13:24:00,24613.55,24614.85,24603.45,24607.15,717115
1772783700,2026-03-06T13:25:00,24605.85,24612.5,24604.65,24609.05,1232037
1772783760,2026-03-06T13:26:00,24609.05,24610.65,24607.95,24608.3,542235
1772783820,2026-03-06T13:27:00,24607.7,24611.8,24606.2,24611.65,509097
1772783880,2026-03-06T13:28:00,24611.1,24611.65,24602.75,24605.1,681221
1772783940,2026-03-06T13:29:00,24605.15,24613.15,24603.9,24609.65,1067094
1772784000,2026-03-06T13:30:00,24609.0,24610.65,24604.3,24604.5,569616
1772784060,2026-03-06T13:31:00,24603.9,24604.05,24594.2,24594.4,726193
1772784120,2026-03-06T13:32:00,24593.75,24594.85,24588.15,24590.6,693597
1772784180,2026-03-06T13:33:00,24590.85,24591.15,24585.6,24587.1,588726
1772784240,2026-03-06T13:34:00,24586.95,24586.95,24576.9,24584.2,900567
1772784300,2026-03-06T13:35:00,24584.0,24584.95,24578.35,24578.35,837877
1772784360,2026-03-06T13:36:00,24579.2,24591.7,24571.55,24591.7,934598
1772784420,2026-03-06T13:37:00,24591.65,24623.5,24591.55,24623.2,1288351
1772784480,2026-03-06T13:38:00,24622.9,24623.4,24601.05,24601.05,1576742
1772784540,2026-03-06T13:39:00,24602.35,24603.2,24592.35,24600.4,622424
1772784600,2026-03-06T13:40:00,24600.45,24608.05,24595.75,24607.2,640012
1772784660,2026-03-06T13:41:00,24605.75,24606.6,24598.5,24599.35,498457
1772784720,2026-03-06T13:42:00,24600.6,24600.6,24592.2,24593.35,572321
1772784780,2026-03-06T13:43:00,24592.95,24602.8,24592.4,24600.2,795838
1772784840,2026-03-06T13:44:00,24600.15,24600.75,24594.35,24594.95,637660
1772784900,2026-03-06T13:45:00,24596.6,24596.6,24585.5,24587.4,910650
1772784960,2026-03-06T13:46:00,24588.3,24589.65,24585.1,24586.2,947088
1772785020,2026-03-06T13:47:00,24587.15,24587.15,24579.05,24581.7,1177836
1772785080,2026-03-06T13:48:00,24581.45,24582.25,24573.8,24578.0,1071730
1772785140,2026-03-06T13:49:00,24577.4,24584.85,24572.4,24581.85,760260
1772785200,2026-03-06T13:50:00,24580.95,24596.5,24580.45,24589.6,939448
1772785260,2026-03-06T13:51:00,24589.8,24593.2,24583.45,24584.05,675419
1772785320,2026-03-06T13:52:00,24584.75,24584.75,24573.5,24574.85,956794
1772785380,2026-03-06T13:53:00,24573.7,24574.9,24570.8,24571.95,706491
1772785440,2026-03-06T13:54:00,24572.3,24576.7,24569.45,24575.15,1126559
1772785500,2026-03-06T13:55:00,24574.25,24574.6,24567.75,24572.25,836977
1772785560,2026-03-06T13:56:00,24572.5,24574.5,24563.15,24564.3,685206
1772785620,2026-03-06T13:57:00,24564.05,24567.8,24559.8,24560.65,887889
1772785680,2026-03-06T13:58:00,24562.65,24570.3,24557.55,24557.85,1019891
1772785740,2026-03-06T13:59:00,24559.95,24561.95,24552.95,24554.9,1167277
1772785800,2026-03-06T14:00:00,24555.7,24557.9,24546.65,24550.25,1051261
1772785860,2026-03-06T14:01:00,24548.3,24575.6,24543.2,24574.9,1031002
1772785920,2026-03-06T14:02:00,24575.05,24580.25,24571.85,24580.25,792245
1772785980,2026-03-06T14:03:00,24580.5,24581.95,24571.65,24575.0,798448
1772786040,2026-03-06T14:04:00,24575.85,24575.95,24567.05,24567.05,1135464
1772786100,2026-03-06T14:05:00,24566.45,24572.85,24565.5,24572.85,838278
1772786160,2026-03-06T14:06:00,24572.65,24573.1,24564.55,24566.35,970701
1772786220,2026-03-06T14:07:00,24565.5,24576.05,24565.5,24573.0,838929
1772786280,2026-03-06T14:08:00,24573.2,24578.3,24571.5,24578.3,930601
1772786340,2026-03-06T14:09:00,24577.9,24585.0,24575.8,24584.9,1172212
1772786400,2026-03-06T14:10:00,24584.1,24593.25,24584.1,24592.7,1264880
1772786460,2026-03-06T14:11:00,24592.95,24597.6,24591.95,24595.45,1090932
1772786520,2026-03-06T14:12:00,24596.05,24601.7,24594.25,24600.45,1133579
1772786580,2026-03-06T14:13:00,24601.45,24604.4,24600.9,24602.25,829204
1772786640,2026-03-06T14:14:00,24603.35,24605.7,24584.65,24585.75,885519
1772786700,2026-03-06T14:15:00,24587.2,24602.25,24585.45,24601.65,1415830
1772786760,2026-03-06T14:16:00,24602.2,24611.65,24602.15,24611.65,1175693
1772786820,2026-03-06T14:17:00,24612.6,24615.9,24603.65,24604.0,1676946
1772786880,2026-03-06T14:18:00,24604.0,24606.25,24601.6,24605.6,892777
1772786940,2026-03-06T14:19:00,24605.75,24611.8,24604.45,24609.25,1180176
1772787000,2026-03-06T14:20:00,24610.05,24612.55,24603.6,24608.0,776729
1772787060,2026-03-06T14:21:00,24609.1,24609.1,24605.4,24607.6,648681
1772787120,2026-03-06T14:22:00,24609.15,24611.4,24608.35,24610.65,1085754
1772787180,2026-03-06T14:23:00,24610.5,24612.3,24603.7,24605.1,837290
1772787240,2026-03-06T14:24:00,24605.15,24612.55,24603.1,24611.7,826269
1772787300,2026-03-06T14:25:00,24612.45,24616.45,24600.9,24601.2,1471442
1772787360,2026-03-06T14:26:00,24601.95,24609.05,24601.95,24605.65,1369369
1772787420,2026-03-06T14:27:00,24605.8,24606.2,24596.1,24601.35,968971
1772787480,2026-03-06T14:28:00,24601.6,24603.25,24594.75,24595.55,784120
1772787540,2026-03-06T14:29:00,24595.45,24597.25,24592.3,24593.0,771242
1772787600,2026-03-06T14:30:00,24593.45,24599.05,24593.0,24596.8,629344
1772787660,2026-03-06T14:31:00,24597.35,24599.85,24589.9,24591.1,726845
1772787720,2026-03-06T14:32:00,24591.05,24602.3,24589.8,24591.1,723118
1772787780,2026-03-06T14:33:00,24591.75,24593.4,24587.35,24589.3,951451
1772787840,2026-03-06T14:34:00,24589.85,24590.15,24581.3,24583.1,948690
1772787900,2026-03-06T14:35:00,24583.8,24584.15,24578.5,24579.05,868539
1772787960,2026-03-06T14:36:00,24580.2,24587.5,24578.05,24586.8,891209
1772788020,2026-03-06T14:37:00,24586.6,24592.45,24584.85,24585.15,1077214
1772788080,2026-03-06T14:38:00,24585.3,24586.65,24578.05,24579.7,777842
1772788140,2026-03-06T14:39:00,24579.9,24580.3,24567.75,24568.9,2460581
1772788200,2026-03-06T14:40:00,24569.2,24569.2,24557.95,24561.75,1237980
1772788260,2026-03-06T14:41:00,24562.3,24563.55,24552.35,24552.45,1415438
1772788320,2026-03-06T14:42:00,24552.5,24552.5,24540.8,24545.2,1211111
1772788380,2026-03-06T14:43:00,24545.2,24545.2,24537.45,24538.55,847469
1772788440,2026-03-06T14:44:00,24538.2,24547.05,24534.1,24543.45,798280
1772788500,2026-03-06T14:45:00,24543.5,24543.5,24535.4,24536.6,1066797
1772788560,2026-03-06T14:46:00,24537.4,24555.85,24535.25,24554.3,1147448
1772788620,2026-03-06T14:47:00,24555.35,24559.75,24537.65,24537.65,1096826
1772788680,2026-03-06T14:48:00,24536.3,24536.3,24445.35,24474.3,6085716
1772788740,2026-03-06T14:49:00,24473.0,24503.2,24464.75,24488.8,1294932
1772788800,2026-03-06T14:50:00,24488.4,24518.8,24484.7,24514.0,1430329
1772788860,2026-03-06T14:51:00,24513.95,24519.65,24508.45,24515.9,901697
1772788920,2026-03-06T14:52:00,24516.55,24527.4,24513.2,24526.95,898359
1772788980,2026-03-06T14:53:00,24527.05,24534.8,24521.2,24529.45,1029080
1772789040,2026-03-06T14:54:00,24529.25,24530.5,24511.6,24512.75,1082079
1772789100,2026-03-06T14:55:00,24512.15,24515.35,24502.85,24507.1,1231896
1772789160,2026-03-06T14:56:00,24507.5,24508.1,24496.15,24496.15,1124860
1772789220,2026-03-06T14:57:00,24495.6,24497.55,24491.6,24491.6,937315
1772789280,2026-03-06T14:58:00,24491.6,24493.4,24481.6,24483.75,1050101
1772789340,2026-03-06T14:59:00,24483.2,24490.25,24482.55,24482.55,1174834
1772789400,2026-03-06T15:00:00,24481.8,24492.8,24470.45,24486.55,2449316
1772789460,2026-03-06T15:01:00,24485.9,24486.3,24465.95,24467.2,2159817
1772789520,2026-03-06T15:02:00,24466.85,24479.35,24466.1,24466.3,1904341
1772789580,2026-03-06T15:03:00,24465.7,24476.9,24461.15,24471.25,2577137
1772789640,2026-03-06T15:04:00,24470.95,24471.7,24459.45,24461.75,2123709
1772789700,2026-03-06T15:05:00,24460.95,24461.65,24450.55,24454.55,2078327
1772789760,2026-03-06T15:06:00,24455.05,24455.55,24448.3,24448.95,1774816
1772789820,2026-03-06T15:07:00,24447.9,24462.4,24445.3,24461.95,2591793
1772789880,2026-03-06T15:08:00,24461.1,24463.05,24451.6,24454.55,2047402
1772789940,2026-03-06T15:09:00,24453.95,24465.35,24453.95,24460.05,2192703
1772790000,2026-03-06T15:10:00,24460.15,24464.1,24458.0,24460.0,2164666
1772790060,2026-03-06T15:11:00,24460.3,24460.3,24451.15,24455.7,2314491
1772790120,2026-03-06T15:12:00,24455.55,24457.25,24446.55,24446.55,2348775
1772790180,2026-03-06T15:13:00,24446.65,24446.65,24434.05,24434.2,2361514
1772790240,2026-03-06T15:14:00,24434.15,24442.9,24431.3,24441.65,2797000
1772790300,2026-03-06T15:15:00,24441.1,24443.85,24427.95,24428.05,3499458
1772790360,2026-03-06T15:16:00,24428.4,24428.85,24415.75,24424.75,2935486
1772790420,2026-03-06T15:17:00,24422.95,24443.1,24422.95,24440.85,3359579
1772790480,2026-03-06T15:18:00,24441.5,24442.7,24434.25,24440.45,2982933
1772790540,2026-03-06T15:19:00,24440.5,24443.1,24433.95,24434.9,2871160
1772790600,2026-03-06T15:20:00,24434.0,24453.9,24434.0,24453.05,3883131
1772790660,2026-03-06T15:21:00,24453.0,24454.25,24443.85,24445.5,3430903
1772790720,2026-03-06T15:22:00,24445.2,24445.55,24440.45,24442.15,2230994
1772790780,2026-03-06T15:23:00,24441.1,24448.2,24440.1,24442.95,2436756
1772790840,2026-03-06T15:24:00,24442.75,24447.85,24438.25,24446.8,2911822
1772790900,2026-03-06T15:25:00,24447.25,24455.3,24443.15,24446.85,3294302
1772790960,2026-03-06T15:26:00,24447.3,24451.2,24445.7,24449.7,2132318
1772791020,2026-03-06T15:27:00,24450.5,24468.25,24449.55,24466.7,2944835
1772791080,2026-03-06T15:28:00,24465.4,24470.05,24464.65,24468.15,2513042
1772791140,2026-03-06T15:29:00,24468.75,24474.4,24465.9,24469.4,1483737
1773027900,2026-03-09T09:15:00,23868.05,23959.7,23805.65,23909.1,14379316
1773027960,2026-03-09T09:16:00,23906.6,23906.6,23839.85,23844.8,8771668
1773028020,2026-03-09T09:17:00,23842.9,23842.9,23789.3,23789.6,7766471
1773028080,2026-03-09T09:18:00,23790.05,23804.55,23756.35,23760.85,6707357
1773028140,2026-03-09T09:19:00,23764.35,23788.1,23743.45,23774.35,9626357
1773028200,2026-03-09T09:20:00,23779.0,23786.8,23760.35,23772.9,5421996
1773028260,2026-03-09T09:21:00,23771.3,23772.95,23739.2,23744.55,5355522
1773028320,2026-03-09T09:22:00,23746.5,23766.7,23745.7,23746.25,4133440
1773028380,2026-03-09T09:23:00,23744.4,23749.15,23727.1,23742.75,4961418
1773028440,2026-03-09T09:24:00,23741.15,23741.15,23713.35,23720.95,4641114
1773028500,2026-03-09T09:25:00,23720.6,23729.35,23710.35,23724.75,3983082
1773028560,2026-03-09T09:26:00,23725.35,23725.85,23697.8,23706.25,3876669
1773028620,2026-03-09T09:27:00,23704.35,23731.45,23699.6,23723.5,3018632
1773028680,2026-03-09T09:28:00,23724.9,23748.7,23719.5,23746.95,3713638
1773028740,2026-03-09T09:29:00,23744.95,23746.4,23725.55,23736.75,3391466
1773028800,2026-03-09T09:30:00,23736.25,23777.25,23736.25,23775.1,5428639
1773028860,2026-03-09T09:31:00,23774.95,23799.3,23763.6,23793.55,4537531
1773028920,2026-03-09T09:32:00,23792.25,23792.25,23752.65,23752.65,3955366
1773028980,2026-03-09T09:33:00,23752.9,23764.9,23734.8,23762.95,3381385
1773029040,2026-03-09T09:34:00,23763.9,23773.45,23746.55,23764.85,2950584
1773029100,2026-03-09T09:35:00,23765.75,23773.25,23752.25,23758.7,2692978
1773029160,2026-03-09T09:36:00,23757.6,23765.05,23751.45,23759.4,2693168
1773029220,2026-03-09T09:37:00,23758.75,23769.15,23754.1,23761.05,2529475
1773029280,2026-03-09T09:38:00,23759.2,23781.9,23757.5,23767.45,2208312
1773029340,2026-03-09T09:39:00,23767.8,23782.4,23763.3,23765.55,2165542
1773029400,2026-03-09T09:40:00,23764.1,23776.7,23761.1,23767.35,2013950
1773029460,2026-03-09T09:41:00,23766.55,23768.2,23751.4,23756.3,2733882
1773029520,2026-03-09T09:42:00,23755.75,23764.65,23749.6,23755.4,2277559
1773029580,2026-03-09T09:43:00,23755.85,23762.75,23739.0,23747.05,1970985
1773029640,2026-03-09T09:44:00,23747.1,23754.55,23735.65,23735.65,2219247
1773029700,2026-03-09T09:45:00,23737.4,23744.5,23715.55,23716.95,2149138
1773029760,2026-03-09T09:46:00,23715.6,23728.05,23711.85,23728.0,1729816
1773029820,2026-03-09T09:47:00,23726.15,23748.15,23725.6,23746.95,1924147
1773029880,2026-03-09T09:48:00,23747.45,23772.4,23747.45,23772.4,1686218
1773029940,2026-03-09T09:49:00,23772.7,23773.35,23761.75,23761.75,1546129
1773030000,2026-03-09T09:50:00,23761.05,23764.05,23757.6,23761.4,1351388
1773030060,2026-03-09T09:51:00,23761.25,23775.05,23751.25,23772.65,1930729
1773030120,2026-03-09T09:52:00,23772.75,23784.3,23768.75,23768.75,2020106
1773030180,2026-03-09T09:53:00,23768.1,23776.1,23767.6,23769.75,1743662
1773030240,2026-03-09T09:54:00,23769.3,23777.1,23760.8,23776.5,1136106
1773030300,2026-03-09T09:55:00,23775.75,23782.0,23769.95,23776.7,1806052
1773030360,2026-03-09T09:56:00,23774.95,23782.65,23774.95,23780.7,1366156
1773030420,2026-03-09T09:57:00,23780.75,23786.4,23777.25,23782.4,1261413
1773030480,2026-03-09T09:58:00,23782.2,23785.1,23763.3,23771.4,1783897
1773030540,2026-03-09T09:59:00,23774.05,23780.75,23771.8,23773.9,1064768
1773030600,2026-03-09T10:00:00,23774.0,23780.55,23769.0,23769.0,2082921
1773030660,2026-03-09T10:01:00,23768.55,23789.25,23768.25,23774.3,1295855
1773030720,2026-03-09T10:02:00,23775.0,23775.0,23758.4,23759.5,1410525
1773030780,2026-03-09T10:03:00,23758.6,23761.6,23751.15,23759.45,1044833
1773030840,2026-03-09T10:04:00,23759.0,23765.0,23750.65,23758.6,935270
1773030900,2026-03-09T10:05:00,23758.2,23768.15,23756.5,23765.25,1146809
1773030960,2026-03-09T10:06:00,23766.55,23793.15,23766.55,23791.2,1445741
1773031020,2026-03-09T10:07:00,23789.7,23794.75,23784.9,23792.75,1569930
1773031080,2026-03-09T10:08:00,23793.4,23803.7,23792.15,23802.4,1394047
1773031140,2026-03-09T10:09:00,23802.8,23813.1,23800.9,23808.7,1147839
1773031200,2026-03-09T10:10:00,23808.0,23825.65,23806.95,23824.05,1049408
1773031260,2026-03-09T10:11:00,23823.5,23834.15,23823.5,23831.55,1023940
1773031320,2026-03-09T10:12:00,23833.3,23833.3,23823.35,23825.95,1445179
1773031380,2026-03-09T10:13:00,23824.95,23828.0,23813.15,23813.15,1202333
1773031440,2026-03-09T10:14:00,23812.95,23815.4,23805.2,23806.2,1165558
1773031500,2026-03-09T10:15:00,23805.0,23805.0,23777.1,23777.1,1337783
1773031560,2026-03-09T10:16:00,23778.5,23785.7,23771.15,23782.15,1175011
1773031620,2026-03-09T10:17:00,23782.6,23791.35,23763.5,23764.85,1407294
1773031680,2026-03-09T10:18:00,23764.15,23767.35,23755.85,23766.4,1114116
1773031740,2026-03-09T10:19:00,23765.8,23766.8,23757.95,23764.5,1277746
1773031800,2026-03-09T10:20:00,23766.7,23780.5,23761.75,23780.5,1005953
1773031860,2026-03-09T10:21:00,23785.75,23797.2,23779.45,23780.9,1047319
1773031920,2026-03-09T10:22:00,23780.8,23788.05,23774.25,23780.3,837161
1773031980,2026-03-09T10:23:00,23779.9,23782.9,23772.25,23773.75,1017973
1773032040,2026-03-09T10:24:00,23773.35,23778.5,23770.8,23776.3,895333
1773032100,2026-03-09T10:25:00,23775.0,23778.95,23759.3,23759.3,1007634
1773032160,2026-03-09T10:26:00,23758.3,23782.8,23758.1,23780.0,742691
1773032220,2026-03-09T10:27:00,23779.7,23787.4,23777.95,23785.55,797352
1773032280,2026-03-09T10:28:00,23784.2,23787.7,23780.05,23783.85,878501
1773032340,2026-03-09T10:29:00,23783.0,23787.45,23781.05,23781.85,659074
1773032400,2026-03-09T10:30:00,23781.15,23785.2,23777.5,23778.9,1021414
1773032460,2026-03-09T10:31:00,23779.55,23781.2,23759.85,23760.95,1038109
1773032520,2026-03-09T10:32:00,23760.8,23764.65,23749.9,23752.6,1589918
1773032580,2026-03-09T10:33:00,23751.75,23770.6,23750.15,23768.05,1374904
1773032640,2026-03-09T10:34:00,23766.4,23768.35,23752.3,23752.3,1758812
1773032700,2026-03-09T10:35:00,23752.1,23758.3,23746.25,23752.7,1208466
1773032760,2026-03-09T10:36:00,23753.25,23761.2,23744.85,23759.4,1292058
1773032820,2026-03-09T10:37:00,23758.5,23777.55,23757.5,23775.15,1038792
1773032880,2026-03-09T10:38:00,23775.6,23791.75,23773.25,23774.2,952227
1773032940,2026-03-09T10:39:00,23773.85,23775.3,23766.9,23774.35,990509
1773033000,2026-03-09T10:40:00,23774.35,23784.1,23771.1,23774.25,1004845
1773033060,2026-03-09T10:41:00,23773.45,23773.45,23764.15,23767.5,665851
1773033120,2026-03-09T10:42:00,23765.95,23777.3,23763.95,23775.9,958849
1773033180,2026-03-09T10:43:00,23776.65,23787.3,23774.45,23783.65,1115101
1773033240,2026-03-09T10:44:00,23782.55,23785.95,23773.15,23783.4,933368
1773033300,2026-03-09T10:45:00,23784.45,23784.9,23772.9,23776.85,889117
1773033360,2026-03-09T10:46:00,23775.75,23780.75,23771.7,23774.95,835918
1773033420,2026-03-09T10:47:00,23773.8,23775.65,23762.4,23765.25,857175
1773033480,2026-03-09T10:48:00,23764.1,23765.1,23757.45,23759.55,919440
1773033540,2026-03-09T10:49:00,23758.35,23760.3,23754.0,23754.95,860767
1773033600,2026-03-09T10:50:00,23754.1,23799.1,23750.15,23791.0,2177122
1773033660,2026-03-09T10:51:00,23791.5,23845.9,23783.0,23845.9,1977078
1773033720,2026-03-09T10:52:00,23850.8,23851.3,23814.55,23841.75,1969945
1773033780,2026-03-09T10:53:00,23841.05,23858.05,23840.25,23853.25,1805900
1773033840,2026-03-09T10:54:00,23853.85,23862.35,23851.4,23852.65,1500858
1773033900,2026-03-09T10:55:00,23851.2,23864.8,23847.3,23856.1,1417369
1773033960,2026-03-09T10:56:00,23854.6,23886.2,23849.85,23886.2,1672091
1773034020,2026-03-09T10:57:00,23887.2,23896.0,23874.35,23875.3,1606614
1773034080,2026-03-09T10:58:00,23874.75,23874.75,23859.85,23861.5,1606426
1773034140,2026-03-09T10:59:00,23861.1,23863.2,23852.5,23862.35,1325331
1773034200,2026-03-09T11:00:00,23866.2,23871.65,23839.25,23839.4,1236092
1773034260,2026-03-09T11:01:00,23839.65,23848.05,23836.55,23846.3,922438
1773034320,2026-03-09T11:02:00,23845.35,23856.7,23843.55,23848.2,1030389
1773034380,2026-03-09T11:03:00,23848.1,23853.45,23842.75,23853.05,1368627
1773034440,2026-03-09T11:04:00,23853.0,23857.35,23847.95,23848.65,889139
1773034500,2026-03-09T11:05:00,23848.55,23850.15,23840.65,23846.85,1451445
1773034560,2026-03-09T11:06:00,23846.45,23854.15,23846.1,23850.95,875239
1773034620,2026-03-09T11:07:00,23849.1,23852.4,23841.45,23841.6,1216941
1773034680,2026-03-09T11:08:00,23839.8,23845.5,23837.6,23841.9,986793
1773034740,2026-03-09T11:09:00,23843.55,23843.55,23824.7,23830.65,1026781
1773034800,2026-03-09T11:10:00,23830.15,23837.3,23805.8,23807.05,2322798
1773034860,2026-03-09T11:11:00,23805.3,23805.7,23784.45,23791.45,1779313
1773034920,2026-03-09T11:12:00,23792.25,23793.85,23786.1,23789.25,1268986
1773034980,2026-03-09T11:13:00,23789.5,23818.5,23789.1,23817.85,1223587
1773035040,2026-03-09T11:14:00,23817.9,23822.05,23811.95,23819.5,1582999
1773035100,2026-03-09T11:15:00,23818.45,23818.45,23800.65,23804.9,883451
1773035160,2026-03-09T11:16:00,23803.1,23805.45,23787.35,23797.9,1099466
1773035220,2026-03-09T11:17:00,23798.0,23814.0,23790.85,23811.25,1244999
1773035280,2026-03-09T11:18:00,23810.95,23834.6,23809.1,23833.2,1209284
1773035340,2026-03-09T11:19:00,23832.65,23837.1,23831.65,23834.05,929381
1773035400,2026-03-09T11:20:00,23833.75,23841.9,23831.85,23841.9,837761
1773035460,2026-03-09T11:21:00,23841.7,23849.65,23837.25,23848.2,924314
1773035520,2026-03-09T11:22:00,23847.7,23856.25,23845.75,23851.8,1286062
1773035580,2026-03-09T11:23:00,23852.5,23864.75,23850.8,23858.35,1513298
1773035640,2026-03-09T11:24:00,23857.15,23857.15,23843.15,23846.8,724535
1773035700,2026-03-09T11:25:00,23846.65,23850.85,23844.95,23847.4,903432
1773035760,2026-03-09T11:26:00,23846.3,23853.2,23840.05,23853.2,769240
1773035820,2026-03-09T11:27:00,23852.5,23856.3,23851.05,23855.05,929169
1773035880,2026-03-09T11:28:00,23854.2,23884.95,23852.55,23882.6,1364690
1773035940,2026-03-09T11:29:00,23883.35,23888.65,23872.65,23877.25,1301593
1773036000,2026-03-09T11:30:00,23877.8,23884.6,23874.8,23882.6,980555
1773036060,2026-03-09T11:31:00,23882.45,23890.0,23882.45,23884.05,879929
1773036120,2026-03-09T11:32:00,23884.25,23884.25,23866.9,23879.7,965832
1773036180,2026-03-09T11:33:00,23879.85,23881.45,23863.9,23870.55,954594
1773036240,2026-03-09T11:34:00,23870.35,23885.55,23870.35,23881.45,910930
1773036300,2026-03-09T11:35:00,23881.8,23892.8,23881.8,23889.15,782260
1773036360,2026-03-09T11:36:00,23889.2,23889.2,23881.85,23884.45,673099
1773036420,2026-03-09T11:37:00,23885.75,23895.45,23884.1,23892.95,839905
1773036480,2026-03-09T11:38:00,23894.65,23898.25,23892.85,23894.6,709975
1773036540,2026-03-09T11:39:00,23894.2,23904.8,23891.7,23901.05,910239
1773036600,2026-03-09T11:40:00,23900.8,23931.35,23900.25,23927.25,5892339
1773036660,2026-03-09T11:41:00,23925.1,23932.0,23925.1,23927.5,1371183
1773036720,2026-03-09T11:42:00,23925.3,23925.3,23907.0,23907.7,924545
1773036780,2026-03-09T11:43:00,23907.5,23911.4,23891.55,23894.6,1018172
1773036840,2026-03-09T11:44:00,23894.2,23905.4,23892.95,23897.65,1076148
1773036900,2026-03-09T11:45:00,23897.85,23901.4,23888.15,23889.45,770844
1773036960,2026-03-09T11:46:00,23888.4,23890.85,23878.75,23890.4,1020011
1773037020,2026-03-09T11:47:00,23891.65,23910.5,23891.65,23905.25,1208126
1773037080,2026-03-09T11:48:00,23904.4,23905.9,23897.9,23898.3,701761
1773037140,2026-03-09T11:49:00,23898.4,23900.2,23891.8,23892.55,728236
1773037200,2026-03-09T11:50:00,23892.5,23896.45,23883.95,23895.15,672970
1773037260,2026-03-09T11:51:00,23895.85,23896.7,23888.65,23890.7,542811
1773037320,2026-03-09T11:52:00,23890.35,23899.3,23889.5,23895.3,599139
1773037380,2026-03-09T11:53:00,23895.9,23896.6,23884.15,23888.9,783003
1773037440,2026-03-09T11:54:00,23889.6,23892.95,23887.0,23892.4,642137
1773037500,2026-03-09T11:55:00,23891.9,23893.4,23882.25,23884.4,660954
1773037560,2026-03-09T11:56:00,23884.4,23892.35,23883.35,23890.45,523166
1773037620,2026-03-09T11:57:00,23889.5,23898.2,23887.45,23894.2,680812
1773037680,2026-03-09T11:58:00,23894.8,23895.25,23883.1,23884.3,469669
1773037740,2026-03-09T11:59:00,23884.4,23888.6,23882.1,23887.2,576440
1773037800,2026-03-09T12:00:00,23887.5,23888.6,23873.2,23873.9,921367
1773037860,2026-03-09T12:01:00,23873.7,23884.75,23871.8,23884.75,730547
1773037920,2026-03-09T12:02:00,23884.0,23884.9,23875.25,23877.95,1551878
1773037980,2026-03-09T12:03:00,23876.4,23877.6,23869.5,23871.25,1024849
1773038040,2026-03-09T12:04:00,23869.65,23886.35,23867.15,23882.6,1020258
1773038100,2026-03-09T12:05:00,23882.05,23882.4,23872.25,23874.05,1279596
1773038160,2026-03-09T12:06:00,23873.65,23875.0,23864.8,23868.2,975928
1773038220,2026-03-09T12:07:00,23867.85,23869.9,23857.65,23859.45,685350
1773038280,2026-03-09T12:08:00,23858.7,23859.55,23853.9,23855.6,599488
1773038340,2026-03-09T12:09:00,23855.05,23856.25,23841.8,23841.8,932553
1773038400,2026-03-09T12:10:00,23841.25,23848.1,23828.35,23847.05,1140649
1773038460,2026-03-09T12:11:00,23847.25,23869.2,23847.25,23863.0,781291
1773038520,2026-03-09T12:12:00,23862.7,23863.4,23855.55,23857.9,905433
1773038580,2026-03-09T12:13:00,23857.9,23859.2,23850.8,23853.2,572382
1773038640,2026-03-09T12:14:00,23852.7,23856.75,23848.9,23855.35,625555
1773038700,2026-03-09T12:15:00,23855.6,23862.1,23854.65,23858.4,473532
1773038760,2026-03-09T12:16:00,23857.95,23859.3,23852.95,23853.25,593683
1773038820,2026-03-09T12:17:00,23854.3,23866.8,23853.4,23856.4,1143478
1773038880,2026-03-09T12:18:00,23855.9,23865.2,23851.0,23853.3,642069
1773038940,2026-03-09T12:19:00,23851.55,23855.0,23848.95,23852.6,819839
1773039000,2026-03-09T12:20:00,23851.9,23853.8,23839.2,23846.1,915525
1773039060,2026-03-09T12:21:00,23845.65,23858.85,23842.85,23858.3,611965
1773039120,2026-03-09T12:22:00,23858.1,23861.55,23849.05,23849.75,775579
1773039180,2026-03-09T12:23:00,23849.0,23850.05,23842.85,23846.55,783372
1773039240,2026-03-09T12:24:00,23845.65,23865.0,23845.65,23865.0,574850
1773039300,2026-03-09T12:25:00,23864.8,23865.8,23854.65,23857.05,875043
1773039360,2026-03-09T12:26:00,23857.25,23868.25,23856.1,23867.35,630108
1773039420,2026-03-09T12:27:00,23868.35,23870.85,23864.2,23865.45,460417
1773039480,2026-03-09T12:28:00,23864.85,23868.3,23857.65,23858.95,869484
1773039540,2026-03-09T12:29:00,23857.55,23864.9,23854.1,23862.2,1075326
1773039600,2026-03-09T12:30:00,23862.8,23870.1,23862.35,23868.75,648421
1773039660,2026-03-09T12:31:00,23867.9,23870.7,23849.8,23869.55,858424
1773039720,2026-03-09T12:32:00,23869.85,23870.4,23850.4,23851.25,719998
1773039780,2026-03-09T12:33:00,23852.0,23855.55,23850.25,23854.75,604588
1773039840,2026-03-09T12:34:00,23854.1,23861.55,23844.5,23844.5,868721
1773039900,2026-03-09T12:35:00,23844.15,23844.75,23834.1,23842.1,1224317
1773039960,2026-03-09T12:36:00,23842.1,23852.7,23840.85,23848.7,490243
1773040020,2026-03-09T12:37:00,23850.15,23857.25,23850.15,23857.25,483360
1773040080,2026-03-09T12:38:00,23856.75,23858.95,23853.45,23858.95,545232
1773040140,2026-03-09T12:39:00,23859.0,23871.15,23858.7,23867.5,615963
1773040200,2026-03-09T12:40:00,23866.95,23870.15,23862.7,23864.3,623342
1773040260,2026-03-09T12:41:00,23866.45,23877.85,23859.0,23874.2,1149084
1773040320,2026-03-09T12:42:00,23872.8,23876.9,23867.75,23868.6,633143
1773040380,2026-03-09T12:43:00,23869.3,23883.15,23868.6,23879.85,706606
1773040440,2026-03-09T12:44:00,23879.1,23880.9,23872.55,23873.45,940582
1773040500,2026-03-09T12:45:00,23874.65,23882.85,23871.9,23881.25,621857
1773040560,2026-03-09T12:46:00,23880.55,23884.0,23875.1,23876.8,705284
1773040620,2026-03-09T12:47:00,23876.65,23880.8,23874.0,23874.3,867291
1773040680,2026-03-09T12:48:00,23873.7,23876.55,23861.8,23864.7,951778
1773040740,2026-03-09T12:49:00,23862.75,23863.95,23854.3,23856.1,1091456
1773040800,2026-03-09T12:50:00,23855.35,23862.3,23854.4,23859.8,711305
1773040860,2026-03-09T12:51:00,23858.95,23868.65,23857.1,23866.2,600464
1773040920,2026-03-09T12:52:00,23866.6,23867.7,23858.6,23861.8,555100
1773040980,2026-03-09T12:53:00,23861.05,23886.4,23859.85,23884.6,825822
1773041040,2026-03-09T12:54:00,23884.65,23891.4,23882.1,23889.5,742220
1773041100,2026-03-09T12:55:00,23889.9,23895.65,23881.0,23888.9,941103
1773041160,2026-03-09T12:56:00,23889.3,23897.25,23889.1,23895.35,751863
1773041220,2026-03-09T12:57:00,23894.3,23914.95,23894.3,23908.3,1101701
1773041280,2026-03-09T12:58:00,23906.9,23910.9,23897.6,23904.5,826588
1773041340,2026-03-09T12:59:00,23903.2,23912.45,23902.75,23910.95,674871
1773041400,2026-03-09T13:00:00,23909.35,23911.75,23900.95,23902.7,830163
1773041460,2026-03-09T13:01:00,23901.45,23915.9,23898.6,23915.65,1140537
1773041520,2026-03-09T13:02:00,23914.8,23916.25,23906.0,23915.3,1088135
1773041580,2026-03-09T13:03:00,23915.2,23916.85,23905.0,23906.3,1558908
1773041640,2026-03-09T13:04:00,23907.7,23917.75,23890.2,23914.45,1391301
1773041700,2026-03-09T13:05:00,23913.3,23918.2,23902.7,23910.55,1143385
1773041760,2026-03-09T13:06:00,23909.1,23914.4,23907.3,23907.85,942427
1773041820,2026-03-09T13:07:00,23906.75,23909.2,23900.15,23902.1,847260
1773041880,2026-03-09T13:08:00,23901.65,23903.3,23893.4,23897.45,918798
1773041940,2026-03-09T13:09:00,23896.2,23902.6,23895.05,23897.55,715265
1773042000,2026-03-09T13:10:00,23897.2,23900.25,23896.25,23899.7,468963
1773042060,2026-03-09T13:11:00,23898.35,23900.1,23890.7,23893.5,884806
1773042120,2026-03-09T13:12:00,23893.3,23896.15,23886.4,23893.4,757026
1773042180,2026-03-09T13:13:00,23892.3,23893.35,23866.95,23867.2,1328165
1773042240,2026-03-09T13:14:00,23867.4,23873.7,23863.35,23869.7,1092710
1773042300,2026-03-09T13:15:00,23870.0,23883.75,23870.0,23878.4,993021
1773042360,2026-03-09T13:16:00,23878.6,23883.7,23873.35,23873.85,1014265
1773042420,2026-03-09T13:17:00,23874.35,23876.7,23862.35,23863.8,1006275
1773042480,2026-03-09T13:18:00,23862.4,23863.05,23854.65,23856.2,978365
1773042540,2026-03-09T13:19:00,23856.5,23864.85,23853.85,23863.35,951286
1773042600,2026-03-09T13:20:00,23864.8,23902.5,23861.15,23902.5,1412703
1773042660,2026-03-09T13:21:00,23902.25,23902.8,23868.15,23868.15,755020
1773042720,2026-03-09T13:22:00,23868.25,23879.9,23867.05,23868.55,650226
1773042780,2026-03-09T13:23:00,23868.35,23878.25,23863.3,23874.95,819118
1773042840,2026-03-09T13:24:00,23875.15,23878.95,23866.2,23866.75,453267
1773042900,2026-03-09T13:25:00,23866.15,23876.45,23858.75,23876.45,950274
1773042960,2026-03-09T13:26:00,23875.75,23898.0,23875.75,23898.0,746492
1773043020,2026-03-09T13:27:00,23898.15,23904.05,23891.05,23901.05,739874
1773043080,2026-03-09T13:28:00,23900.8,23903.85,23893.25,23901.25,939369
1773043140,2026-03-09T13:29:00,23901.35,23906.85,23880.6,23882.15,767119
1773043200,2026-03-09T13:30:00,23883.6,23893.95,23882.5,23892.7,559660
1773043260,2026-03-09T13:31:00,23891.6,23901.65,23888.55,23898.65,554947
1773043320,2026-03-09T13:32:00,23898.35,23906.4,23896.7,23904.2,744242
1773043380,2026-03-09T13:33:00,23902.0,23937.55,23900.05,23931.95,1905410
1773043440,2026-03-09T13:34:00,23931.45,23935.5,23912.3,23912.3,1335874
1773043500,2026-03-09T13:35:00,23911.35,23911.35,23901.05,23905.1,585025
1773043560,2026-03-09T13:36:00,23904.75,23905.55,23894.85,23895.7,737162
1773043620,2026-03-09T13:37:00,23895.05,23899.6,23891.3,23899.6,852805
1773043680,2026-03-09T13:38:00,23899.75,23903.1,23896.15,23900.9,444302
1773043740,2026-03-09T13:39:00,23900.85,23914.4,23899.55,23909.05,535643
1773043800,2026-03-09T13:40:00,23909.3,23919.35,23907.6,23909.15,749286
1773043860,2026-03-09T13:41:00,23909.45,23914.2,23904.0,23909.5,957585
1773043920,2026-03-09T13:42:00,23910.35,23910.95,23904.0,23904.0,454325
1773043980,2026-03-09T13:43:00,23904.9,23911.8,23899.3,23909.75,475683
1773044040,2026-03-09T13:44:00,23909.1,23917.65,23902.85,23902.85,552206
1773044100,2026-03-09T13:45:00,23903.1,23903.7,23895.25,23896.0,1145697
1773044160,2026-03-09T13:46:00,23895.4,23895.4,23878.7,23879.55,809520
1773044220,2026-03-09T13:47:00,23879.85,23892.65,23876.9,23891.95,706916
1773044280,2026-03-09T13:48:00,23891.8,23907.05,23885.65,23892.1,662187
1773044340,2026-03-09T13:49:00,23891.0,23891.0,23885.6,23886.75,1269225
1773044400,2026-03-09T13:50:00,23885.9,23891.55,23882.7,23887.5,657887
1773044460,2026-03-09T13:51:00,23885.85,23889.05,23883.9,23887.0,501697
1773044520,2026-03-09T13:52:00,23885.75,23908.65,23884.8,23907.85,593196
1773044580,2026-03-09T13:53:00,23907.3,23910.35,23903.05,23906.8,388501
1773044640,2026-03-09T13:54:00,23906.7,23906.7,23898.05,23901.15,1337400
1773044700,2026-03-09T13:55:00,23900.9,23906.75,23899.15,23905.3,570660
1773044760,2026-03-09T13:56:00,23904.4,23911.55,23903.85,23907.5,628269
1773044820,2026-03-09T13:57:00,23907.4,23909.0,23904.05,23906.4,425385
1773044880,2026-03-09T13:58:00,23905.85,23907.8,23884.85,23885.25,676536
1773044940,2026-03-09T13:59:00,23884.05,23884.05,23876.05,23878.5,773006
1773045000,2026-03-09T14:00:00,23878.65,23882.35,23869.85,23871.25,713147
1773045060,2026-03-09T14:01:00,23871.15,23873.75,23867.05,23871.05,644916
1773045120,2026-03-09T14:02:00,23871.2,23873.15,23859.6,23866.5,825279
1773045180,2026-03-09T14:03:00,23867.25,23885.7,23865.95,23878.2,647851
1773045240,2026-03-09T14:04:00,23877.55,23884.9,23869.4,23883.65,496818
1773045300,2026-03-09T14:05:00,23883.9,23888.0,23877.3,23878.0,971758
1773045360,2026-03-09T14:06:00,23878.7,23886.75,23876.65,23883.0,406957
1773045420,2026-03-09T14:07:00,23881.35,23895.2,23876.85,23895.2,592040
1773045480,2026-03-09T14:08:00,23897.0,23900.2,23886.85,23893.55,630834
1773045540,2026-03-09T14:09:00,23893.1,23898.4,23892.1,23895.1,709228
1773045600,2026-03-09T14:10:00,23893.95,23904.8,23893.0,23901.7,640279
1773045660,2026-03-09T14:11:00,23903.3,23903.3,23893.95,23894.95,746743
1773045720,2026-03-09T14:12:00,23893.9,23902.4,23883.9,23901.3,732761
1773045780,2026-03-09T14:13:00,23901.5,23904.6,23889.3,23889.75,645245
1773045840,2026-03-09T14:14:00,23889.7,23890.05,23878.75,23883.6,872349
1773045900,2026-03-09T14:15:00,23884.55,23886.85,23869.5,23869.5,756571
1773045960,2026-03-09T14:16:00,23869.8,23879.45,23868.45,23873.9,720593
1773046020,2026-03-09T14:17:00,23873.75,23876.7,23867.1,23867.1,750176
1773046080,2026-03-09T14:18:00,23867.75,23885.7,23865.9,23878.85,811098
1773046140,2026-03-09T14:19:00,23878.6,23879.35,23871.55,23875.45,607718
1773046200,2026-03-09T14:20:00,23875.15,23877.65,23865.5,23866.2,686052
1773046260,2026-03-09T14:21:00,23865.6,23878.2,23863.95,23873.3,660193
1773046320,2026-03-09T14:22:00,23872.6,23894.25,23871.7,23894.1,1030504
1773046380,2026-03-09T14:23:00,23894.05,23899.75,23892.65,23894.65,802249
1773046440,2026-03-09T14:24:00,23894.2,23901.15,23891.25,23899.15,709796
1773046500,2026-03-09T14:25:00,23898.3,23914.2,23896.9,23913.3,1144372
1773046560,2026-03-09T14:26:00,23913.3,23917.3,23896.8,23909.4,1183476
1773046620,2026-03-09T14:27:00,23908.95,23915.45,23908.05,23913.25,648883
1773046680,2026-03-09T14:28:00,23912.55,23912.55,23893.05,23893.05,674724
1773046740,2026-03-09T14:29:00,23894.1,23905.0,23891.8,23902.5,726064
1773046800,2026-03-09T14:30:00,23903.0,23912.15,23895.6,23895.6,786266
1773046860,2026-03-09T14:31:00,23895.75,23914.8,23895.75,23913.95,765385
1773046920,2026-03-09T14:32:00,23914.85,23925.0,23914.85,23924.7,1021482
1773046980,2026-03-09T14:33:00,23923.35,23923.55,23911.95,23911.95,927515
1773047040,2026-03-09T14:34:00,23911.95,23916.45,23906.05,23907.75,841943
1773047100,2026-03-09T14:35:00,23907.8,23914.95,23901.15,23914.95,998845
1773047160,2026-03-09T14:36:00,23915.45,23920.3,23908.65,23909.85,992992
1773047220,2026-03-09T14:37:00,23911.35,23917.8,23910.4,23916.8,737042
1773047280,2026-03-09T14:38:00,23917.45,23928.05,23915.0,23924.45,1105910
1773047340,2026-03-09T14:39:00,23923.85,23931.55,23921.05,23929.8,1321698
1773047400,2026-03-09T14:40:00,23929.85,23936.9,23928.95,23932.9,1275200
1773047460,2026-03-09T14:41:00,23930.85,23930.85,23914.0,23925.75,836012
1773047520,2026-03-09T14:42:00,23924.75,23939.3,23922.85,23938.55,1067922
1773047580,2026-03-09T14:43:00,23939.05,23953.0,23939.05,23949.65,1189766
1773047640,2026-03-09T14:44:00,23949.4,23956.3,23938.0,23946.95,1031201
1773047700,2026-03-09T14:45:00,23947.25,23969.8,23939.3,23969.25,1229268
1773047760,2026-03-09T14:46:00,23973.9,24017.1,23973.9,24001.55,3018608
1773047820,2026-03-09T14:47:00,24001.75,24011.45,23996.6,24006.0,1333251
1773047880,2026-03-09T14:48:00,24006.55,24013.7,24005.05,24010.55,1344316
1773047940,2026-03-09T14:49:00,24010.35,24010.35,23975.8,23981.05,1439057
1773048000,2026-03-09T14:50:00,23983.65,23995.7,23983.05,23989.3,1088406
1773048060,2026-03-09T14:51:00,23987.95,23999.75,23987.25,23999.55,1098682
1773048120,2026-03-09T14:52:00,24001.55,24006.3,23981.25,23981.25,945477
1773048180,2026-03-09T14:53:00,23979.25,23983.45,23968.1,23983.3,1142005
1773048240,2026-03-09T14:54:00,23985.15,24012.45,23985.05,24011.65,1119251
1773048300,2026-03-09T14:55:00,24012.85,24018.0,24008.5,24013.6,1427154
1773048360,2026-03-09T14:56:00,24013.6,24019.35,24009.95,24010.8,1207995
1773048420,2026-03-09T14:57:00,24009.7,24010.4,23991.35,24004.65,1013550
1773048480,2026-03-09T14:58:00,24003.5,24009.0,24000.95,24006.3,770219
1773048540,2026-03-09T14:59:00,24006.8,24011.0,23999.15,24011.0,953888
1773048600,2026-03-09T15:00:00,24012.3,24013.4,23983.3,23985.45,2920665
1773048660,2026-03-09T15:01:00,23986.65,23995.4,23973.95,23994.65,2055566
1773048720,2026-03-09T15:02:00,23995.0,24013.9,23995.0,24013.9,2097035
1773048780,2026-03-09T15:03:00,24014.2,24052.95,24013.3,24042.45,2508686
1773048840,2026-03-09T15:04:00,24043.2,24056.45,24042.2,24049.4,2010960
1773048900,2026-03-09T15:05:00,24050.25,24060.85,24049.3,24057.3,2680061
1773048960,2026-03-09T15:06:00,24057.25,24078.15,24056.45,24057.7,2394546
1773049020,2026-03-09T15:07:00,24058.4,24058.55,24029.8,24031.15,1908219
1773049080,2026-03-09T15:08:00,24031.4,24031.4,24021.6,24028.55,1858437
1773049140,2026-03-09T15:09:00,24029.4,24033.9,24023.8,24033.3,1438241
1773049200,2026-03-09T15:10:00,24031.7,24036.3,24024.7,24035.9,2190701
1773049260,2026-03-09T15:11:00,24037.15,24048.05,24036.9,24038.35,1804121
1773049320,2026-03-09T15:12:00,24039.6,24059.25,24039.6,24054.2,2332928
1773049380,2026-03-09T15:13:00,24054.2,24061.0,24046.05,24051.6,1776500
1773049440,2026-03-09T15:14:00,24051.55,24051.55,24043.65,24047.7,1693166
1773049500,2026-03-09T15:15:00,24047.15,24056.15,24042.9,24052.7,2804676
1773049560,2026-03-09T15:16:00,24053.15,24053.15,24037.8,24039.4,2131500
1773049620,2026-03-09T15:17:00,24040.8,24045.35,24037.8,24045.35,1963116
1773049680,2026-03-09T15:18:00,24045.65,24046.05,24039.3,24041.7,2720720
1773049740,2026-03-09T15:19:00,24043.05,24047.05,24039.2,24040.6,2516921
1773049800,2026-03-09T15:20:00,24040.75,24040.75,24010.75,24012.4,3083256
1773049860,2026-03-09T15:21:00,24012.2,24014.5,24008.5,24011.6,2416199
1773049920,2026-03-09T15:22:00,24011.85,24017.6,24009.9,24017.0,2032711
1773049980,2026-03-09T15:23:00,24016.8,24019.15,24014.1,24017.95,2649761
1773050040,2026-03-09T15:24:00,24018.2,24018.2,24006.15,24014.65,3526110
1773050100,2026-03-09T15:25:00,24015.05,24015.7,23999.65,24012.55,2881756
1773050160,2026-03-09T15:26:00,24012.95,24016.85,24006.2,24008.45,1879286
1773050220,2026-03-09T15:27:00,24008.2,24008.8,23999.25,24001.35,2605577
1773050280,2026-03-09T15:28:00,24000.6,24002.6,23994.7,23998.75,1926037
1773050340,2026-03-09T15:29:00,23997.1,24009.0,23996.65,24005.8,1321614
1773114300,2026-03-10T09:15:00,24280.8,24303.8,24186.05,24195.8,11222161
1773114360,2026-03-10T09:16:00,24197.1,24206.85,24183.5,24200.35,4406022
1773114420,2026-03-10T09:17:00,24200.65,24201.0,24162.8,24180.95,3115973
1773114480,2026-03-10T09:18:00,24181.3,24181.3,24161.2,24161.2,4435008
1773114540,2026-03-10T09:19:00,24158.3,24165.5,24149.0,24150.4,2546094
1773114600,2026-03-10T09:20:00,24150.7,24160.8,24138.6,24159.4,2461954
1773114660,2026-03-10T09:21:00,24159.1,24161.05,24143.1,24148.45,1853680
1773114720,2026-03-10T09:22:00,24147.65,24174.65,24145.15,24163.4,2605602
1773114780,2026-03-10T09:23:00,24164.55,24174.1,24158.75,24160.7,1904297
1773114840,2026-03-10T09:24:00,24159.85,24161.55,24146.05,24152.6,2096522
1773114900,2026-03-10T09:25:00,24151.65,24157.15,24144.6,24145.85,1552489
1773114960,2026-03-10T09:26:00,24145.1,24149.55,24125.15,24129.65,1826864
1773115020,2026-03-10T09:27:00,24129.6,24153.75,24129.6,24149.65,2339740
1773115080,2026-03-10T09:28:00,24146.7,24157.6,24132.2,24157.6,2822733
1773115140,2026-03-10T09:29:00,24156.65,24171.2,24148.7,24159.8,2018400
1773115200,2026-03-10T09:30:00,24159.35,24164.6,24124.9,24133.1,2724108
1773115260,2026-03-10T09:31:00,24131.55,24140.2,24121.2,24137.4,2493068
1773115320,2026-03-10T09:32:00,24137.5,24155.5,24137.5,24143.55,1321448
1773115380,2026-03-10T09:33:00,24142.35,24146.9,24131.65,24135.8,1042043
1773115440,2026-03-10T09:34:00,24135.25,24135.25,24122.1,24124.45,1469288
1773115500,2026-03-10T09:35:00,24124.25,24124.25,24115.55,24119.3,1905949
1773115560,2026-03-10T09:36:00,24119.7,24120.0,24085.6,24091.25,2315167
1773115620,2026-03-10T09:37:00,24091.1,24111.4,24088.9,24108.75,1030857
1773115680,2026-03-10T09:38:00,24108.45,24111.0,24100.05,24107.95,1192819
1773115740,2026-03-10T09:39:00,24107.3,24107.3,24091.9,24093.4,1247281
1773115800,2026-03-10T09:40:00,24093.15,24102.05,24093.15,24097.35,1261678
1773115860,2026-03-10T09:41:00,24096.8,24101.3,24089.35,24097.55,1262770
1773115920,2026-03-10T09:42:00,24096.1,24117.4,24094.7,24117.4,1128753
1773115980,2026-03-10T09:43:00,24117.35,24129.9,24114.45,24127.95,1189911
1773116040,2026-03-10T09:44:00,24128.35,24155.25,24126.4,24153.45,1246467
1773116100,2026-03-10T09:45:00,24152.95,24158.3,24130.9,24138.35,1260872
1773116160,2026-03-10T09:46:00,24138.7,24149.3,24133.3,24149.3,1003689
1773116220,2026-03-10T09:47:00,24149.1,24150.6,24126.05,24126.3,882715
1773116280,2026-03-10T09:48:00,24125.3,24132.65,24115.05,24131.2,847023
1773116340,2026-03-10T09:49:00,24130.25,24140.25,24128.7,24136.65,686286
1773116400,2026-03-10T09:50:00,24136.6,24140.25,24128.9,24138.6,973033
1773116460,2026-03-10T09:51:00,24138.95,24139.2,24127.15,24130.9,701753
1773116520,2026-03-10T09:52:00,24130.4,24135.75,24125.75,24131.55,612011
1773116580,2026-03-10T09:53:00,24131.85,24139.2,24130.55,24133.9,823816
1773116640,2026-03-10T09:54:00,24133.85,24133.85,24121.8,24131.4,1200297
1773116700,2026-03-10T09:55:00,24131.85,24131.95,24118.65,24118.95,720977
1773116760,2026-03-10T09:56:00,24119.05,24120.9,24108.35,24109.25,840034
1773116820,2026-03-10T09:57:00,24108.8,24109.0,24093.35,24100.7,974187
1773116880,2026-03-10T09:58:00,24099.75,24100.4,24085.05,24085.7,1041801
1773116940,2026-03-10T09:59:00,24085.1,24094.25,24079.95,24093.1,1058145
1773117000,2026-03-10T10:00:00,24092.05,24100.35,24091.3,24098.7,755159
1773117060,2026-03-10T10:01:00,24098.65,24122.7,24098.45,24121.9,912673
1773117120,2026-03-10T10:02:00,24122.1,24132.75,24119.25,24131.0,915042
1773117180,2026-03-10T10:03:00,24131.2,24138.65,24129.6,24133.2,1339159
1773117240,2026-03-10T10:04:00,24132.05,24133.2,24123.95,24131.6,867468
1773117300,2026-03-10T10:05:00,24130.8,24137.35,24126.35,24127.55,697051
1773117360,2026-03-10T10:06:00,24127.45,24128.05,24121.4,24127.65,751428
1773117420,2026-03-10T10:07:00,24128.25,24133.8,24127.95,24132.95,961269
1773117480,2026-03-10T10:08:00,24132.25,24147.5,24130.4,24147.0,1075446
1773117540,2026-03-10T10:09:00,24147.2,24147.2,24136.85,24139.5,853972
1773117600,2026-03-10T10:10:00,24139.15,24142.15,24134.65,24140.0,1123988
1773117660,2026-03-10T10:11:00,24139.45,24139.8,24131.1,24131.85,749681
1773117720,2026-03-10T10:12:00,24131.8,24141.6,24131.1,24134.65,1165060
1773117780,2026-03-10T10:13:00,24135.0,24139.8,24132.7,24134.45,585226
1773117840,2026-03-10T10:14:00,24134.2,24160.95,24134.2,24151.05,1390299
1773117900,2026-03-10T10:15:00,24151.5,24195.15,24149.3,24187.75,2523194
1773117960,2026-03-10T10:16:00,24188.95,24197.85,24183.3,24197.85,1705871
1773118020,2026-03-10T10:17:00,24197.95,24213.7,24190.25,24211.25,1827111
1773118080,2026-03-10T10:18:00,24210.7,24211.8,24197.95,24203.75,1278982
1773118140,2026-03-10T10:19:00,24203.2,24206.85,24197.9,24204.55,1056960
1773118200,2026-03-10T10:20:00,24205.0,24208.2,24193.5,24197.8,907783
1773118260,2026-03-10T10:21:00,24197.55,24197.55,24180.65,24181.95,710067
1773118320,2026-03-10T10:22:00,24181.85,24182.7,24159.7,24164.0,1156159
1773118380,2026-03-10T10:23:00,24163.95,24163.95,24151.9,24157.25,745536
1773118440,2026-03-10T10:24:00,24156.25,24171.85,24156.25,24169.0,750385
1773118500,2026-03-10T10:25:00,24169.2,24175.95,24168.7,24169.3,541600
1773118560,2026-03-10T10:26:00,24168.3,24168.8,24160.0,24160.0,743585
1773118620,2026-03-10T10:27:00,24160.55,24163.55,24154.55,24156.2,912461
1773118680,2026-03-10T10:28:00,24157.25,24175.95,24153.2,24175.7,959240
1773118740,2026-03-10T10:29:00,24175.15,24175.15,24160.4,24160.6,551177
1773118800,2026-03-10T10:30:00,24160.3,24168.65,24159.1,24166.25,540440
1773118860,2026-03-10T10:31:00,24165.7,24177.95,24163.0,24177.95,1106103
1773118920,2026-03-10T10:32:00,24177.45,24188.2,24173.4,24186.55,905553
1773118980,2026-03-10T10:33:00,24185.7,24204.95,24181.95,24204.95,1054152
1773119040,2026-03-10T10:34:00,24205.05,24207.3,24191.5,24200.3,1134206
1773119100,2026-03-10T10:35:00,24200.3,24205.05,24191.7,24204.25,827873
1773119160,2026-03-10T10:36:00,24204.05,24209.15,24200.4,24200.45,818721
1773119220,2026-03-10T10:37:00,24200.7,24201.5,24185.45,24190.45,771300
1773119280,2026-03-10T10:38:00,24190.2,24195.25,24187.8,24193.0,755861
1773119340,2026-03-10T10:39:00,24192.95,24195.1,24189.05,24193.2,910954
1773119400,2026-03-10T10:40:00,24192.7,24215.85,24191.5,24204.7,1479229
1773119460,2026-03-10T10:41:00,24204.6,24215.25,24203.9,24214.5,1028131
1773119520,2026-03-10T10:42:00,24215.0,24221.45,24214.75,24216.5,949964
1773119580,2026-03-10T10:43:00,24217.8,24224.8,24214.95,24216.85,666374
1773119640,2026-03-10T10:44:00,24216.2,24219.0,24210.8,24217.05,1044429
1773119700,2026-03-10T10:45:00,24217.2,24229.05,24217.0,24222.3,973328
1773119760,2026-03-10T10:46:00,24220.95,24221.9,24213.25,24218.8,601466
1773119820,2026-03-10T10:47:00,24218.35,24224.7,24216.0,24224.7,993919
1773119880,2026-03-10T10:48:00,24223.95,24233.2,24222.5,24231.1,1237931
1773119940,2026-03-10T10:49:00,24231.35,24232.3,24221.35,24222.4,824001
1773120000,2026-03-10T10:50:00,24222.2,24224.1,24217.65,24224.1,731876
1773120060,2026-03-10T10:51:00,24224.15,24225.8,24214.0,24214.0,1506878
1773120120,2026-03-10T10:52:00,24213.1,24213.7,24202.0,24203.05,911939
1773120180,2026-03-10T10:53:00,24202.45,24203.2,24184.95,24192.6,925955
1773120240,2026-03-10T10:54:00,24193.35,24193.4,24186.05,24192.05,1161169
1773120300,2026-03-10T10:55:00,24192.2,24196.9,24188.95,24188.95,538738
1773120360,2026-03-10T10:56:00,24188.05,24189.5,24178.8,24179.1,933752
1773120420,2026-03-10T10:57:00,24178.25,24189.55,24173.95,24188.4,1355076
1773120480,2026-03-10T10:58:00,24188.05,24197.25,24188.05,24197.15,672017
1773120540,2026-03-10T10:59:00,24196.85,24198.8,24193.0,24197.4,1267931
1773120600,2026-03-10T11:00:00,24197.6,24205.75,24196.95,24205.1,716884
1773120660,2026-03-10T11:01:00,24205.65,24207.3,24193.25,24200.2,822037
1773120720,2026-03-10T11:02:00,24199.85,24201.5,24189.45,24189.45,674649
1773120780,2026-03-10T11:03:00,24187.25,24200.3,24186.6,24198.6,803150
1773120840,2026-03-10T11:04:00,24198.7,24205.5,24198.45,24202.65,699476
1773120900,2026-03-10T11:05:00,24202.8,24208.85,24201.45,24207.65,742570
1773120960,2026-03-10T11:06:00,24208.75,24215.75,24208.75,24210.65,810700
1773121020,2026-03-10T11:07:00,24210.75,24213.1,24196.75,24200.5,801837
1773121080,2026-03-10T11:08:00,24200.45,24208.45,24200.45,24207.7,635817
1773121140,2026-03-10T11:09:00,24208.9,24219.6,24207.5,24219.6,1034178
1773121200,2026-03-10T11:10:00,24219.1,24222.0,24216.2,24219.7,808585
1773121260,2026-03-10T11:11:00,24219.6,24224.65,24218.85,24221.5,910331
1773121320,2026-03-10T11:12:00,24221.65,24224.6,24217.55,24222.1,1026788
1773121380,2026-03-10T11:13:00,24222.5,24224.4,24219.2,24222.05,934144
1773121440,2026-03-10T11:14:00,24221.75,24224.95,24217.9,24222.4,695768
1773121500,2026-03-10T11:15:00,24222.2,24243.5,24221.75,24240.75,1089473
1773121560,2026-03-10T11:16:00,24241.1,24241.1,24231.55,24231.9,1135493
1773121620,2026-03-10T11:17:00,24231.45,24234.0,24223.2,24224.55,676464
1773121680,2026-03-10T11:18:00,24224.4,24225.8,24220.05,24221.45,677654
1773121740,2026-03-10T11:19:00,24220.6,24220.95,24208.3,24210.25,810712
1773121800,2026-03-10T11:20:00,24210.8,24215.7,24206.1,24214.4,1938710
1773121860,2026-03-10T11:21:00,24214.3,24231.4,24214.0,24231.4,1217141
1773121920,2026-03-10T11:22:00,24231.35,24233.05,24229.35,24232.75,982817
1773121980,2026-03-10T11:23:00,24232.15,24233.85,24227.7,24228.35,869227
1773122040,2026-03-10T11:24:00,24228.85,24234.45,24228.8,24233.3,746596
1773122100,2026-03-10T11:25:00,24233.4,24237.7,24224.9,24224.9,945848
1773122160,2026-03-10T11:26:00,24226.5,24230.4,24221.45,24223.3,863525
1773122220,2026-03-10T11:27:00,24223.15,24224.55,24216.95,24220.2,857030
1773122280,2026-03-10T11:28:00,24219.75,24224.25,24218.4,24223.15,897382
1773122340,2026-03-10T11:29:00,24223.3,24229.25,24221.5,24229.0,925633
1773122400,2026-03-10T11:30:00,24229.55,24240.15,24226.95,24228.55,1235747
1773122460,2026-03-10T11:31:00,24228.45,24235.1,24228.45,24233.95,775512
1773122520,2026-03-10T11:32:00,24233.55,24239.65,24233.55,24239.05,1060230
1773122580,2026-03-10T11:33:00,24240.85,24246.85,24240.8,24243.1,885618
1773122640,2026-03-10T11:34:00,24242.45,24246.05,24238.25,24244.65,996654
1773122700,2026-03-10T11:35:00,24245.4,24250.75,24244.8,24248.55,857149
1773122760,2026-03-10T11:36:00,24248.95,24249.5,24242.5,24246.65,999216
1773122820,2026-03-10T11:37:00,24247.2,24249.4,24243.9,24243.9,571211
1773122880,2026-03-10T11:38:00,24243.45,24249.05,24242.35,24248.2,551709
1773122940,2026-03-10T11:39:00,24248.25,24255.05,24246.3,24252.05,1056613
1773123000,2026-03-10T11:40:00,24252.3,24253.25,24247.95,24252.75,793618
1773123060,2026-03-10T11:41:00,24252.95,24253.05,24247.85,24250.55,551428
1773123120,2026-03-10T11:42:00,24251.15,24255.3,24250.25,24253.55,796518
1773123180,2026-03-10T11:43:00,24253.6,24254.65,24250.75,24253.75,1136665
1773123240,2026-03-10T11:44:00,24253.95,24254.9,24249.3,24250.1,608931
1773123300,2026-03-10T11:45:00,24250.0,24250.5,24241.35,24246.3,1164417
1773123360,2026-03-10T11:46:00,24246.85,24247.0,24238.25,24239.55,565101
1773123420,2026-03-10T11:47:00,24239.25,24239.8,24230.85,24231.55,769685
1773123480,2026-03-10T11:48:00,24231.75,24232.0,24212.8,24212.95,754867
1773123540,2026-03-10T11:49:00,24213.1,24214.4,24208.0,24208.2,836498
1773123600,2026-03-10T11:50:00,24207.45,24207.85,24201.85,24203.5,697937
1773123660,2026-03-10T11:51:00,24204.3,24204.3,24196.65,24196.65,752696
1773123720,2026-03-10T11:52:00,24197.35,24201.35,24195.7,24200.05,1061683
1773123780,2026-03-10T11:53:00,24200.4,24207.65,24199.7,24207.05,688378
1773123840,2026-03-10T11:54:00,24207.25,24214.6,24206.45,24213.15,593261
1773123900,2026-03-10T11:55:00,24214.3,24225.25,24214.2,24219.4,891247
1773123960,2026-03-10T11:56:00,24219.65,24219.65,24198.4,24199.1,502590
1773124020,2026-03-10T11:57:00,24197.95,24208.6,24193.9,24204.15,753992
1773124080,2026-03-10T11:58:00,24204.45,24208.5,24202.25,24207.45,648464
1773124140,2026-03-10T11:59:00,24208.15,24215.9,24207.65,24210.65,771650
1773124200,2026-03-10T12:00:00,24210.8,24212.85,24207.95,24212.8,457240
1773124260,2026-03-10T12:01:00,24212.95,24217.1,24212.4,24216.15,606304
1773124320,2026-03-10T12:02:00,24216.5,24222.75,24215.95,24218.45,612418
1773124380,2026-03-10T12:03:00,24220.1,24220.2,24217.55,24218.2,471377
1773124440,2026-03-10T12:04:00,24218.65,24219.05,24212.5,24214.15,631247
1773124500,2026-03-10T12:05:00,24214.45,24220.95,24212.95,24220.2,671813
1773124560,2026-03-10T12:06:00,24221.6,24223.25,24216.4,24217.95,631027
1773124620,2026-03-10T12:07:00,24218.15,24229.2,24218.15,24229.2,1060338
1773124680,2026-03-10T12:08:00,24229.45,24229.45,24206.25,24212.7,715105
1773124740,2026-03-10T12:09:00,24213.65,24217.5,24205.3,24205.3,536796
1773124800,2026-03-10T12:10:00,24205.35,24208.8,24199.2,24208.8,785847
1773124860,2026-03-10T12:11:00,24208.7,24213.9,24208.35,24213.25,393011
1773124920,2026-03-10T12:12:00,24213.25,24215.9,24209.9,24211.1,459988
1773124980,2026-03-10T12:13:00,24210.3,24211.0,24198.15,24198.15,571758
1773125040,2026-03-10T12:14:00,24200.55,24201.1,24172.5,24172.5,1418068
1773125100,2026-03-10T12:15:00,24173.1,24185.1,24149.95,24176.9,2261841
1773125160,2026-03-10T12:16:00,24176.7,24189.45,24173.9,24185.95,678374
1773125220,2026-03-10T12:17:00,24185.15,24185.45,24172.95,24183.1,621828
1773125280,2026-03-10T12:18:00,24183.2,24188.5,24182.5,24182.8,676755
1773125340,2026-03-10T12:19:00,24182.6,24187.4,24176.1,24184.5,641873
1773125400,2026-03-10T12:20:00,24184.4,24186.65,24178.75,24178.75,551802
1773125460,2026-03-10T12:21:00,24178.8,24180.7,24171.9,24172.25,444586
1773125520,2026-03-10T12:22:00,24171.95,24173.95,24144.4,24144.4,1142667
1773125580,2026-03-10T12:23:00,24144.85,24160.65,24143.05,24153.95,794832
1773125640,2026-03-10T12:24:00,24154.05,24154.05,24144.9,24152.0,855817
1773125700,2026-03-10T12:25:00,24152.0,24166.05,24149.75,24166.05,575676
1773125760,2026-03-10T12:26:00,24166.05,24166.05,24156.45,24157.05,737980
1773125820,2026-03-10T12:27:00,24154.25,24156.5,24151.15,24153.6,573426
1773125880,2026-03-10T12:28:00,24153.95,24156.85,24147.6,24151.8,716440
1773125940,2026-03-10T12:29:00,24152.35,24165.25,24151.35,24162.65,1881080
1773126000,2026-03-10T12:30:00,24163.3,24163.55,24153.15,24159.3,1090651
1773126060,2026-03-10T12:31:00,24159.85,24165.8,24158.15,24163.55,837910
1773126120,2026-03-10T12:32:00,24163.35,24163.95,24156.75,24161.65,1083774
1773126180,2026-03-10T12:33:00,24161.2,24165.9,24157.0,24159.1,1113568
1773126240,2026-03-10T12:34:00,24159.75,24165.0,24158.2,24160.9,1509863
1773126300,2026-03-10T12:35:00,24160.0,24189.5,24156.5,24187.05,1564946
1773126360,2026-03-10T12:36:00,24187.05,24191.5,24179.4,24179.4,827967
1773126420,2026-03-10T12:37:00,24180.65,24180.65,24160.35,24161.4,948852
1773126480,2026-03-10T12:38:00,24161.65,24168.6,24160.25,24162.6,885623
1773126540,2026-03-10T12:39:00,24161.9,24164.75,24157.0,24157.0,1027496
1773126600,2026-03-10T12:40:00,24156.65,24161.75,24155.1,24159.45,1110997
1773126660,2026-03-10T12:41:00,24160.6,24163.35,24155.1,24160.05,1060927
1773126720,2026-03-10T12:42:00,24160.85,24163.0,24153.0,24155.4,1018794
1773126780,2026-03-10T12:43:00,24156.45,24156.45,24145.85,24145.85,811435
1773126840,2026-03-10T12:44:00,24146.5,24150.65,24142.45,24147.05,891125
1773126900,2026-03-10T12:45:00,24147.6,24159.7,24142.75,24159.7,991585
1773126960,2026-03-10T12:46:00,24160.15,24172.7,24160.15,24170.3,919721
1773127020,2026-03-10T12:47:00,24171.05,24172.35,24167.35,24171.3,823120
1773127080,2026-03-10T12:48:00,24171.65,24177.3,24171.65,24173.9,832341
1773127140,2026-03-10T12:49:00,24174.4,24184.5,24172.25,24184.5,1194033
1773127200,2026-03-10T12:50:00,24184.45,24195.1,24181.9,24194.25,1197091
1773127260,2026-03-10T12:51:00,24194.45,24199.55,24194.25,24194.4,713570
1773127320,2026-03-10T12:52:00,24194.6,24195.9,24191.65,24195.9,585061
1773127380,2026-03-10T12:53:00,24196.1,24197.9,24183.35,24196.3,997917
1773127440,2026-03-10T12:54:00,24196.0,24220.05,24195.6,24218.4,1390202
1773127500,2026-03-10T12:55:00,24218.55,24224.75,24209.4,24222.85,1020214
1773127560,2026-03-10T12:56:00,24225.05,24231.35,24223.55,24228.3,964762
1773127620,2026-03-10T12:57:00,24228.5,24231.0,24223.7,24223.7,897506
1773127680,2026-03-10T12:58:00,24224.7,24227.25,24219.15,24219.6,569067
1773127740,2026-03-10T12:59:00,24219.6,24220.35,24211.55,24219.15,668157
1773127800,2026-03-10T13:00:00,24219.4,24222.5,24215.2,24216.15,757630
1773127860,2026-03-10T13:01:00,24216.15,24236.5,24213.6,24228.45,1585420
1773127920,2026-03-10T13:02:00,24228.85,24232.4,24219.85,24224.4,792696
1773127980,2026-03-10T13:03:00,24224.85,24229.45,24222.2,24225.9,797589
1773128040,2026-03-10T13:04:00,24226.6,24226.85,24220.3,24224.1,746572
1773128100,2026-03-10T13:05:00,24226.35,24226.7,24216.15,24216.9,791849
1773128160,2026-03-10T13:06:00,24217.0,24222.6,24207.6,24208.2,841950
1773128220,2026-03-10T13:07:00,24206.85,24213.05,24205.3,24208.6,870131
1773128280,2026-03-10T13:08:00,24208.6,24212.1,24201.7,24203.5,924513
1773128340,2026-03-10T13:09:00,24202.8,24210.55,24201.55,24206.3,1071423
1773128400,2026-03-10T13:10:00,24208.05,24217.85,24205.55,24210.4,1209405
1773128460,2026-03-10T13:11:00,24209.45,24209.45,24200.4,24200.7,739328
1773128520,2026-03-10T13:12:00,24200.95,24206.55,24194.9,24203.0,1085823
1773128580,2026-03-10T13:13:00,24202.8,24207.1,24198.9,24203.0,877075
1773128640,2026-03-10T13:14:00,24203.35,24212.5,24202.75,24209.35,988114
1773128700,2026-03-10T13:15:00,24209.9,24214.05,24205.7,24213.2,715644
1773128760,2026-03-10T13:16:00,24212.9,24219.05,24208.25,24211.3,918414
1773128820,2026-03-10T13:17:00,24211.15,24214.65,24203.6,24210.8,931388
1773128880,2026-03-10T13:18:00,24208.75,24214.2,24207.25,24210.6,991596
1773128940,2026-03-10T13:19:00,24211.0,24218.9,24210.35,24215.4,1123862
1773129000,2026-03-10T13:20:00,24215.75,24223.85,24211.9,24223.85,1735200
1773129060,2026-03-10T13:21:00,24223.95,24225.3,24215.0,24217.35,813957
1773129120,2026-03-10T13:22:00,24217.05,24217.55,24204.45,24205.8,752143
1773129180,2026-03-10T13:23:00,24203.75,24203.75,24190.4,24196.25,952521
1773129240,2026-03-10T13:24:00,24196.1,24211.45,24194.95,24199.85,1019719
1773129300,2026-03-10T13:25:00,24199.35,24210.85,24197.85,24197.85,705251
1773129360,2026-03-10T13:26:00,24197.3,24203.05,24191.85,24202.35,727640
1773129420,2026-03-10T13:27:00,24203.45,24203.45,24195.65,24200.7,544648
1773129480,2026-03-10T13:28:00,24200.85,24212.05,24200.75,24208.55,802676
1773129540,2026-03-10T13:29:00,24208.25,24213.35,24207.35,24212.6,708224
1773129600,2026-03-10T13:30:00,24212.55,24232.4,24212.4,24232.4,896279
1773129660,2026-03-10T13:31:00,24234.0,24236.05,24221.9,24230.5,1172918
1773129720,2026-03-10T13:32:00,24231.45,24231.45,24223.65,24228.5,1438911
1773129780,2026-03-10T13:33:00,24228.9,24230.55,24225.3,24226.0,982081
1773129840,2026-03-10T13:34:00,24224.85,24231.95,24223.35,24231.8,723637
1773129900,2026-03-10T13:35:00,24231.4,24235.45,24221.0,24235.45,1019670
1773129960,2026-03-10T13:36:00,24235.6,24236.8,24225.0,24225.0,971380
1773130020,2026-03-10T13:37:00,24220.25,24222.8,24215.75,24222.7,827985
1773130080,2026-03-10T13:38:00,24223.05,24258.1,24223.05,24256.6,1345005
1773130140,2026-03-10T13:39:00,24256.0,24262.85,24252.15,24252.15,1492177
1773130200,2026-03-10T13:40:00,24251.7,24258.1,24250.95,24256.7,914745
1773130260,2026-03-10T13:41:00,24256.9,24257.25,24241.7,24241.8,652164
1773130320,2026-03-10T13:42:00,24242.85,24243.35,24234.85,24239.55,502302
1773130380,2026-03-10T13:43:00,24239.3,24240.15,24230.35,24235.0,688874
1773130440,2026-03-10T13:44:00,24235.05,24240.7,24234.95,24238.55,504983
1773130500,2026-03-10T13:45:00,24238.5,24238.7,24228.6,24229.75,571492
1773130560,2026-03-10T13:46:00,24229.55,24238.2,24227.6,24236.6,800610
1773130620,2026-03-10T13:47:00,24236.95,24236.95,24229.8,24230.35,595133
1773130680,2026-03-10T13:48:00,24230.95,24231.45,24223.5,24224.55,695859
1773130740,2026-03-10T13:49:00,24224.65,24234.55,24224.35,24233.65,593971
1773130800,2026-03-10T13:50:00,24233.8,24247.05,24232.75,24246.05,770466
1773130860,2026-03-10T13:51:00,24245.95,24249.65,24236.9,24238.75,717354
1773130920,2026-03-10T13:52:00,24238.45,24246.55,24238.45,24245.6,508887
1773130980,2026-03-10T13:53:00,24245.45,24253.5,24244.15,24248.95,717717
1773131040,2026-03-10T13:54:00,24249.6,24249.75,24237.45,24239.5,627181
1773131100,2026-03-10T13:55:00,24239.7,24244.35,24239.7,24242.75,394340
1773131160,2026-03-10T13:56:00,24242.8,24242.95,24239.1,24239.6,412986
1773131220,2026-03-10T13:57:00,24240.15,24241.0,24237.2,24239.25,823752
1773131280,2026-03-10T13:58:00,24239.2,24243.3,24236.45,24237.95,563643
1773131340,2026-03-10T13:59:00,24237.8,24238.6,24232.8,24233.2,604577
1773131400,2026-03-10T14:00:00,24233.45,24236.65,24227.85,24228.4,697611
1773131460,2026-03-10T14:01:00,24228.9,24229.3,24215.6,24218.85,773862
1773131520,2026-03-10T14:02:00,24219.35,24224.35,24218.05,24221.6,765856
1773131580,2026-03-10T14:03:00,24221.4,24222.45,24219.05,24221.9,592018
1773131640,2026-03-10T14:04:00,24221.35,24233.6,24219.1,24233.35,1008698
1773131700,2026-03-10T14:05:00,24232.8,24247.45,24232.8,24244.4,1167081
1773131760,2026-03-10T14:06:00,24245.25,24246.25,24227.65,24236.75,823939
1773131820,2026-03-10T14:07:00,24236.8,24246.65,24235.9,24245.5,547688
1773131880,2026-03-10T14:08:00,24245.35,24270.2,24245.05,24270.2,783937
1773131940,2026-03-10T14:09:00,24270.4,24289.95,24262.15,24275.5,2182153
1773132000,2026-03-10T14:10:00,24276.75,24290.0,24274.05,24289.9,1441092
1773132060,2026-03-10T14:11:00,24290.1,24294.0,24285.3,24288.65,1414951
1773132120,2026-03-10T14:12:00,24289.4,24291.3,24280.5,24281.4,1253822
1773132180,2026-03-10T14:13:00,24281.15,24283.9,24269.6,24281.2,1216987
1773132240,2026-03-10T14:14:00,24280.5,24288.25,24279.75,24285.95,1050992
1773132300,2026-03-10T14:15:00,24286.25,24296.65,24273.25,24273.8,1620690
1773132360,2026-03-10T14:16:00,24273.65,24274.9,24261.15,24265.65,849946
1773132420,2026-03-10T14:17:00,24266.4,24271.9,24264.2,24264.35,886205
1773132480,2026-03-10T14:18:00,24264.4,24265.85,24258.6,24259.95,727349
1773132540,2026-03-10T14:19:00,24259.55,24260.35,24248.45,24252.85,934868
1773132600,2026-03-10T14:20:00,24252.65,24253.8,24239.15,24241.65,732477
1773132660,2026-03-10T14:21:00,24241.65,24247.35,24228.55,24228.7,872951
1773132720,2026-03-10T14:22:00,24226.8,24238.2,24222.45,24234.2,650353
1773132780,2026-03-10T14:23:00,24234.15,24245.05,24234.15,24240.25,559886
1773132840,2026-03-10T14:24:00,24240.7,24246.3,24238.1,24239.35,618884
1773132900,2026-03-10T14:25:00,24238.05,24244.45,24236.55,24244.45,485975
1773132960,2026-03-10T14:26:00,24243.0,24244.15,24221.7,24224.9,756838
1773133020,2026-03-10T14:27:00,24224.7,24232.5,24222.05,24223.95,766996
1773133080,2026-03-10T14:28:00,24222.65,24229.3,24221.7,24224.15,932640
1773133140,2026-03-10T14:29:00,24223.4,24236.1,24221.25,24235.45,821767
1773133200,2026-03-10T14:30:00,24235.2,24238.95,24232.0,24238.95,586368
1773133260,2026-03-10T14:31:00,24238.05,24245.95,24237.95,24245.55,819946
1773133320,2026-03-10T14:32:00,24244.4,24245.7,24234.35,24237.25,950503
1773133380,2026-03-10T14:33:00,24236.65,24240.4,24209.65,24211.4,1560761
1773133440,2026-03-10T14:34:00,24211.8,24224.6,24201.95,24215.15,1076966
1773133500,2026-03-10T14:35:00,24215.3,24230.6,24214.05,24227.4,744295
1773133560,2026-03-10T14:36:00,24227.15,24231.85,24221.15,24231.0,855016
1773133620,2026-03-10T14:37:00,24230.2,24238.75,24230.2,24237.05,965884
1773133680,2026-03-10T14:38:00,24236.7,24242.05,24235.4,24241.6,629061
1773133740,2026-03-10T14:39:00,24241.35,24245.15,24226.15,24228.45,869439
1773133800,2026-03-10T14:40:00,24227.5,24235.45,24223.65,24232.1,792892
1773133860,2026-03-10T14:41:00,24232.35,24236.4,24203.05,24205.4,1915396
1773133920,2026-03-10T14:42:00,24203.95,24217.9,24203.95,24217.45,1686980
1773133980,2026-03-10T14:43:00,24214.95,24224.9,24212.55,24217.9,1284497
1773134040,2026-03-10T14:44:00,24216.8,24225.1,24216.6,24224.6,1156024
1773134100,2026-03-10T14:45:00,24224.85,24225.85,24212.0,24213.9,1149412
1773134160,2026-03-10T14:46:00,24213.4,24216.2,24211.2,24215.35,1209014
1773134220,2026-03-10T14:47:00,24215.15,24218.4,24212.7,24212.75,1281008
1773134280,2026-03-10T14:48:00,24212.7,24247.2,24208.5,24245.7,2015129
1773134340,2026-03-10T14:49:00,24245.3,24267.65,24236.95,24264.6,1392272
1773134400,2026-03-10T14:50:00,24265.75,24267.1,24256.4,24261.45,1250623
1773134460,2026-03-10T14:51:00,24260.95,24261.9,24248.5,24248.65,688170
1773134520,2026-03-10T14:52:00,24248.25,24278.15,24240.35,24273.85,1561054
1773134580,2026-03-10T14:53:00,24271.9,24273.7,24260.0,24269.8,934738
1773134640,2026-03-10T14:54:00,24272.35,24273.5,24261.65,24263.8,1431263
1773134700,2026-03-10T14:55:00,24263.85,24273.9,24253.1,24265.05,2198768
1773134760,2026-03-10T14:56:00,24265.05,24265.05,24250.15,24262.0,829348
1773134820,2026-03-10T14:57:00,24260.5,24260.95,24253.75,24260.0,793789
1773134880,2026-03-10T14:58:00,24259.95,24262.9,24254.8,24262.35,870689
1773134940,2026-03-10T14:59:00,24261.75,24266.3,24259.45,24261.45,858987
1773135000,2026-03-10T15:00:00,24261.95,24264.05,24228.1,24232.5,2630893
1773135060,2026-03-10T15:01:00,24232.75,24241.05,24217.5,24223.55,2847779
1773135120,2026-03-10T15:02:00,24221.65,24228.15,24219.35,24223.05,2647127
1773135180,2026-03-10T15:03:00,24222.15,24246.35,24222.15,24245.5,3428740
1773135240,2026-03-10T15:04:00,24244.75,24252.9,24244.75,24252.4,2455430
1773135300,2026-03-10T15:05:00,24252.05,24256.25,24246.55,24256.25,2536595
1773135360,2026-03-10T15:06:00,24255.15,24269.2,24255.15,24262.3,2796509
1773135420,2026-03-10T15:07:00,24261.9,24261.9,24251.8,24256.55,3758312
1773135480,2026-03-10T15:08:00,24256.05,24261.0,24254.95,24257.6,2424558
1773135540,2026-03-10T15:09:00,24258.4,24259.95,24255.45,24259.0,1719941
1773135600,2026-03-10T15:10:00,24259.0,24264.55,24250.6,24264.55,2452049
1773135660,2026-03-10T15:11:00,24265.85,24276.25,24265.85,24275.5,3857552
1773135720,2026-03-10T15:12:00,24275.65,24276.05,24263.1,24264.8,2074526
1773135780,2026-03-10T15:13:00,24264.05,24266.45,24258.2,24259.25,2162671
1773135840,2026-03-10T15:14:00,24258.4,24261.7,24257.05,24258.0,2487284
1773135900,2026-03-10T15:15:00,24257.4,24266.95,24256.95,24266.0,2539913
1773135960,2026-03-10T15:16:00,24266.1,24273.7,24264.05,24273.7,2294884
1773136020,2026-03-10T15:17:00,24272.35,24280.05,24272.35,24279.7,2039259
1773136080,2026-03-10T15:18:00,24279.2,24280.4,24275.85,24278.2,2542366
1773136140,2026-03-10T15:19:00,24277.4,24279.55,24271.15,24274.25,2426174
1773136200,2026-03-10T15:20:00,24273.6,24274.9,24265.75,24268.1,2601671
1773136260,2026-03-10T15:21:00,24267.35,24268.4,24264.85,24265.8,3488859
1773136320,2026-03-10T15:22:00,24266.35,24267.85,24257.25,24257.25,2367010
1773136380,2026-03-10T15:23:00,24254.25,24276.1,24254.0,24275.6,3050805
1773136440,2026-03-10T15:24:00,24275.6,24292.0,24274.8,24291.35,3330814
1773136500,2026-03-10T15:25:00,24291.6,24301.3,24288.35,24294.4,3123980
1773136560,2026-03-10T15:26:00,24294.7,24300.2,24291.9,24298.4,1955124
1773136620,2026-03-10T15:27:00,24297.6,24302.5,24288.25,24291.75,3493818
1773136680,2026-03-10T15:28:00,24289.15,24289.8,24283.55,24289.05,2038525
1773136740,2026-03-10T15:29:00,24289.9,24295.55,24281.25,24286.15,1602640
1773200700,2026-03-11T09:15:00,24231.85,24292.35,24218.5,24228.75,7299829
1773200760,2026-03-11T09:16:00,24230.15,24257.45,24230.15,24255.55,4199155
1773200820,2026-03-11T09:17:00,24257.95,24281.35,24256.55,24274.0,3368333
1773200880,2026-03-11T09:18:00,24274.8,24287.35,24269.0,24283.7,2715198
1773200940,2026-03-11T09:19:00,24285.9,24294.1,24276.45,24285.9,2537625
1773201000,2026-03-11T09:20:00,24288.8,24297.05,24280.95,24295.85,2379972
1773201060,2026-03-11T09:21:00,24297.2,24298.4,24287.95,24293.5,2232276
1773201120,2026-03-11T09:22:00,24293.4,24299.0,24275.05,24277.35,2258216
1773201180,2026-03-11T09:23:00,24278.15,24284.85,24271.0,24272.15,1765428
1773201240,2026-03-11T09:24:00,24272.95,24272.95,24239.35,24242.5,1714965
1773201300,2026-03-11T09:25:00,24243.6,24245.7,24225.35,24225.55,2105288
1773201360,2026-03-11T09:26:00,24228.0,24233.65,24213.75,24232.85,2103558
1773201420,2026-03-11T09:27:00,24235.05,24250.35,24234.75,24245.05,1294871
1773201480,2026-03-11T09:28:00,24245.4,24245.65,24234.6,24237.0,1077665
1773201540,2026-03-11T09:29:00,24237.45,24241.1,24232.3,24237.35,1214408
1773201600,2026-03-11T09:30:00,24237.9,24237.9,24222.0,24227.25,1521258
1773201660,2026-03-11T09:31:00,24227.15,24238.25,24216.7,24217.05,1686898
1773201720,2026-03-11T09:32:00,24219.35,24223.05,24203.1,24208.45,1747484
1773201780,2026-03-11T09:33:00,24209.35,24223.65,24206.15,24219.45,1071075
1773201840,2026-03-11T09:34:00,24219.75,24232.3,24213.6,24228.6,1324188
1773201900,2026-03-11T09:35:00,24228.75,24230.7,24215.0,24215.4,1302169
1773201960,2026-03-11T09:36:00,24216.85,24217.0,24190.25,24192.7,1631011
1773202020,2026-03-11T09:37:00,24190.95,24195.4,24184.65,24185.25,1187710
1773202080,2026-03-11T09:38:00,24186.2,24190.8,24181.75,24186.6,1637405
1773202140,2026-03-11T09:39:00,24188.2,24197.3,24184.15,24192.45,1203320
1773202200,2026-03-11T09:40:00,24194.7,24194.7,24176.25,24181.35,1111203
1773202260,2026-03-11T09:41:00,24181.55,24197.6,24181.15,24185.8,958478
1773202320,2026-03-11T09:42:00,24187.55,24189.75,24182.45,24184.25,948586
1773202380,2026-03-11T09:43:00,24184.45,24191.75,24172.75,24191.75,1031330
1773202440,2026-03-11T09:44:00,24191.6,24194.35,24185.35,24187.65,749493
1773202500,2026-03-11T09:45:00,24188.95,24200.05,24187.85,24199.15,927915
1773202560,2026-03-11T09:46:00,24200.4,24201.65,24184.65,24185.5,1716705
1773202620,2026-03-11T09:47:00,24185.65,24188.4,24179.95,24181.45,1176189
1773202680,2026-03-11T09:48:00,24182.85,24201.8,24182.25,24195.75,900601
1773202740,2026-03-11T09:49:00,24196.7,24207.5,24196.15,24198.8,1259439
1773202800,2026-03-11T09:50:00,24199.3,24205.35,24197.45,24197.45,948618
1773202860,2026-03-11T09:51:00,24200.2,24200.2,24189.9,24189.9,1089415
1773202920,2026-03-11T09:52:00,24191.0,24201.1,24189.95,24190.3,865567
1773202980,2026-03-11T09:53:00,24191.6,24191.6,24159.0,24160.95,1287551
1773203040,2026-03-11T09:54:00,24161.55,24163.65,24146.5,24148.55,1377477
1773203100,2026-03-11T09:55:00,24148.35,24162.45,24144.65,24149.0,1016602
1773203160,2026-03-11T09:56:00,24149.7,24163.6,24147.2,24163.6,1384985
1773203220,2026-03-11T09:57:00,24164.2,24170.0,24161.65,24164.75,749962
1773203280,2026-03-11T09:58:00,24165.8,24170.55,24158.75,24158.9,714883
1773203340,2026-03-11T09:59:00,24159.9,24161.45,24153.45,24153.7,770108
1773203400,2026-03-11T10:00:00,24154.6,24154.6,24145.0,24146.0,1729679
1773203460,2026-03-11T10:01:00,24147.05,24147.05,24138.15,24141.05,1045298
1773203520,2026-03-11T10:02:00,24142.45,24152.2,24134.2,24151.7,891327
1773203580,2026-03-11T10:03:00,24152.7,24161.7,24152.1,24154.25,1345056
1773203640,2026-03-11T10:04:00,24155.25,24161.45,24154.8,24160.6,708118
1773203700,2026-03-11T10:05:00,24160.95,24160.95,24143.05,24146.15,774602
1773203760,2026-03-11T10:06:00,24147.1,24152.8,24143.35,24143.35,657551
1773203820,2026-03-11T10:07:00,24144.65,24148.8,24138.9,24139.45,692493
1773203880,2026-03-11T10:08:00,24139.65,24140.4,24123.05,24123.15,1214438
1773203940,2026-03-11T10:09:00,24124.45,24127.55,24117.05,24118.2,1073730
1773204000,2026-03-11T10:10:00,24118.85,24125.2,24110.3,24119.2,1707492
1773204060,2026-03-11T10:11:00,24119.3,24125.9,24117.95,24121.15,498025
1773204120,2026-03-11T10:12:00,24122.45,24122.45,24109.6,24112.3,581179
1773204180,2026-03-11T10:13:00,24113.5,24124.7,24113.05,24118.6,877293
1773204240,2026-03-11T10:14:00,24118.8,24120.95,24115.45,24116.5,436113
1773204300,2026-03-11T10:15:00,24117.1,24120.5,24112.45,24119.25,981429
1773204360,2026-03-11T10:16:00,24119.65,24119.65,24112.0,24112.5,561904
1773204420,2026-03-11T10:17:00,24113.75,24130.6,24112.5,24130.25,1411250
1773204480,2026-03-11T10:18:00,24131.1,24132.25,24126.7,24128.85,498115
1773204540,2026-03-11T10:19:00,24129.9,24130.7,24124.0,24124.0,429723
1773204600,2026-03-11T10:20:00,24124.6,24126.05,24103.45,24113.15,960003
1773204660,2026-03-11T10:21:00,24113.5,24118.0,24109.55,24110.7,539317
1773204720,2026-03-11T10:22:00,24112.2,24115.7,24110.7,24115.7,524337
1773204780,2026-03-11T10:23:00,24116.9,24130.35,24116.9,24127.65,623163
1773204840,2026-03-11T10:24:00,24128.3,24129.1,24125.05,24125.05,447299
1773204900,2026-03-11T10:25:00,24126.3,24126.85,24122.15,24124.4,512876
1773204960,2026-03-11T10:26:00,24125.15,24131.95,24124.2,24126.0,697900
1773205020,2026-03-11T10:27:00,24126.9,24127.85,24118.35,24118.35,490944
1773205080,2026-03-11T10:28:00,24119.25,24119.4,24111.0,24112.25,615290
1773205140,2026-03-11T10:29:00,24113.35,24121.85,24112.25,24121.65,564150
1773205200,2026-03-11T10:30:00,24122.35,24137.45,24121.45,24135.4,675473
1773205260,2026-03-11T10:31:00,24136.65,24141.95,24135.85,24137.75,783670
1773205320,2026-03-11T10:32:00,24138.55,24141.25,24134.7,24134.7,976972
1773205380,2026-03-11T10:33:00,24136.15,24139.05,24126.55,24126.8,1182096
1773205440,2026-03-11T10:34:00,24128.05,24128.35,24119.4,24125.4,596863
1773205500,2026-03-11T10:35:00,24125.35,24125.6,24096.25,24097.4,783971
1773205560,2026-03-11T10:36:00,24098.6,24104.4,24091.7,24095.8,967186
1773205620,2026-03-11T10:37:00,24096.25,24097.55,24089.35,24090.7,926822
1773205680,2026-03-11T10:38:00,24091.0,24095.5,24088.7,24094.15,855366
1773205740,2026-03-11T10:39:00,24094.35,24094.35,24084.85,24085.55,851344
1773205800,2026-03-11T10:40:00,24087.0,24090.45,24083.3,24088.75,507511
1773205860,2026-03-11T10:41:00,24088.85,24101.4,24087.4,24100.5,663074
1773205920,2026-03-11T10:42:00,24101.35,24101.35,24086.65,24087.35,783793
1773205980,2026-03-11T10:43:00,24088.35,24088.35,24072.3,24074.1,772888
1773206040,2026-03-11T10:44:00,24074.65,24074.9,24069.85,24074.1,535942
1773206100,2026-03-11T10:45:00,24074.0,24074.15,24060.9,24062.55,1078215
1773206160,2026-03-11T10:46:00,24064.15,24066.55,24049.35,24054.45,696898
1773206220,2026-03-11T10:47:00,24055.95,24078.9,24049.05,24073.75,894576
1773206280,2026-03-11T10:48:00,24075.15,24081.25,24073.65,24080.0,468723
1773206340,2026-03-11T10:49:00,24080.25,24088.35,24076.9,24087.6,555927
1773206400,2026-03-11T10:50:00,24087.4,24094.05,24081.3,24093.9,684673
1773206460,2026-03-11T10:51:00,24094.15,24097.65,24079.8,24079.8,1127619
1773206520,2026-03-11T10:52:00,24080.0,24081.65,24077.4,24079.65,829100
1773206580,2026-03-11T10:53:00,24080.05,24080.35,24072.35,24073.85,624714
1773206640,2026-03-11T10:54:00,24073.85,24084.55,24073.05,24083.45,575933
1773206700,2026-03-11T10:55:00,24083.45,24085.2,24080.35,24084.0,868701
1773206760,2026-03-11T10:56:00,24084.85,24087.95,24084.0,24087.15,439423
1773206820,2026-03-11T10:57:00,24086.85,24089.25,24081.15,24081.8,647832
1773206880,2026-03-11T10:58:00,24081.95,24101.8,24081.95,24100.8,668188
1773206940,2026-03-11T10:59:00,24101.1,24104.1,24098.65,24102.95,691197
1773207000,2026-03-11T11:00:00,24102.95,24103.1,24092.45,24094.65,993112
1773207060,2026-03-11T11:01:00,24093.1,24095.5,24090.5,24093.0,853121
1773207120,2026-03-11T11:02:00,24093.05,24098.5,24089.9,24097.95,577874
1773207180,2026-03-11T11:03:00,24098.45,24108.2,24098.45,24107.3,959110
1773207240,2026-03-11T11:04:00,24108.35,24114.1,24108.35,24110.85,903320
1773207300,2026-03-11T11:05:00,24111.45,24111.95,24100.5,24106.05,986178
1773207360,2026-03-11T11:06:00,24106.55,24106.75,24098.6,24099.05,479116
1773207420,2026-03-11T11:07:00,24099.65,24099.65,24090.0,24090.5,600395
1773207480,2026-03-11T11:08:00,24090.7,24093.95,24088.25,24091.5,547687
1773207540,2026-03-11T11:09:00,24092.3,24092.3,24083.65,24085.65,798241
1773207600,2026-03-11T11:10:00,24085.75,24087.4,24080.5,24085.85,711833
1773207660,2026-03-11T11:11:00,24086.1,24086.1,24078.15,24084.5,988476
1773207720,2026-03-11T11:12:00,24085.4,24085.4,24079.8,24080.45,511813
1773207780,2026-03-11T11:13:00,24081.15,24081.15,24072.95,24073.6,786568
1773207840,2026-03-11T11:14:00,24074.05,24074.05,24063.3,24071.4,948635
1773207900,2026-03-11T11:15:00,24073.75,24073.75,24067.1,24068.0,580290
1773207960,2026-03-11T11:16:00,24068.35,24068.35,24048.25,24050.9,1066944
1773208020,2026-03-11T11:17:00,24051.3,24064.1,24047.6,24055.75,1019680
1773208080,2026-03-11T11:18:00,24056.65,24056.75,24047.05,24047.1,641194
1773208140,2026-03-11T11:19:00,24047.3,24047.3,24037.65,24042.1,991721
1773208200,2026-03-11T11:20:00,24042.1,24042.1,24025.6,24026.85,608196
1773208260,2026-03-11T11:21:00,24027.75,24036.25,24023.15,24035.85,674596
1773208320,2026-03-11T11:22:00,24036.2,24037.05,24027.1,24027.1,607249
1773208380,2026-03-11T11:23:00,24027.75,24030.85,24022.5,24023.6,625356
1773208440,2026-03-11T11:24:00,24023.0,24023.95,24009.2,24010.6,754397
1773208500,2026-03-11T11:25:00,24013.5,24023.6,24011.95,24022.65,750439
1773208560,2026-03-11T11:26:00,24023.25,24027.35,24017.95,24027.35,710317
1773208620,2026-03-11T11:27:00,24026.8,24032.45,24023.85,24031.55,566151
1773208680,2026-03-11T11:28:00,24031.8,24033.1,24027.25,24032.1,773525
1773208740,2026-03-11T11:29:00,24032.05,24033.7,24029.4,24033.55,539325
1773208800,2026-03-11T11:30:00,24033.9,24034.35,24025.0,24025.4,780361
1773208860,2026-03-11T11:31:00,24025.45,24025.45,24007.05,24007.9,847561
1773208920,2026-03-11T11:32:00,24008.55,24008.55,24002.85,24003.95,859977
1773208980,2026-03-11T11:33:00,24005.8,24005.9,23996.4,24003.15,780245
1773209040,2026-03-11T11:34:00,24003.05,24003.05,23997.9,24001.2,533762
1773209100,2026-03-11T11:35:00,24001.45,24003.3,23987.55,23987.85,818174
1773209160,2026-03-11T11:36:00,23988.05,24005.95,23986.0,24005.4,740317
1773209220,2026-03-11T11:37:00,24006.55,24019.0,24004.75,24017.35,636321
1773209280,2026-03-11T11:38:00,24017.7,24023.6,24016.45,24018.95,630027
1773209340,2026-03-11T11:39:00,24019.6,24019.6,24009.6,24009.6,440892
1773209400,2026-03-11T11:40:00,24010.45,24012.45,24006.75,24010.7,615254
1773209460,2026-03-11T11:41:00,24011.05,24014.25,24009.6,24011.7,571148
1773209520,2026-03-11T11:42:00,24011.85,24012.4,24002.5,24004.25,672283
1773209580,2026-03-11T11:43:00,24004.3,24014.05,24000.1,24013.15,607198
1773209640,2026-03-11T11:44:00,24013.75,24014.45,24009.65,24013.55,592046
1773209700,2026-03-11T11:45:00,24014.45,24015.95,24009.0,24009.25,730264
1773209760,2026-03-11T11:46:00,24010.05,24011.6,24007.65,24010.25,546051
1773209820,2026-03-11T11:47:00,24011.25,24015.05,24004.05,24004.45,766568
1773209880,2026-03-11T11:48:00,24005.1,24007.05,24002.05,24003.35,646626
1773209940,2026-03-11T11:49:00,24003.65,24003.65,23995.9,23996.75,620066
1773210000,2026-03-11T11:50:00,23997.95,23998.2,23989.3,23992.8,732296
1773210060,2026-03-11T11:51:00,23993.1,23993.85,23989.55,23990.45,658468
1773210120,2026-03-11T11:52:00,23991.65,23991.65,23974.8,23975.7,952631
1773210180,2026-03-11T11:53:00,23976.45,23996.45,23974.45,23995.45,936867
1773210240,2026-03-11T11:54:00,23995.8,23998.25,23993.5,23995.25,536979
1773210300,2026-03-11T11:55:00,23995.55,23995.55,23980.35,23981.2,601173
1773210360,2026-03-11T11:56:00,23981.95,23987.5,23978.55,23978.75,586706
1773210420,2026-03-11T11:57:00,23979.95,23983.5,23978.5,23981.65,528009
1773210480,2026-03-11T11:58:00,23982.5,23982.85,23975.85,23976.85,428442
1773210540,2026-03-11T11:59:00,23976.6,23984.8,23971.6,23982.3,1062265
1773210600,2026-03-11T12:00:00,23982.6,23983.85,23978.8,23983.0,508467
1773210660,2026-03-11T12:01:00,23983.35,23997.7,23983.25,23996.9,765741
1773210720,2026-03-11T12:02:00,23997.15,24006.7,23996.15,24006.2,722719
1773210780,2026-03-11T12:03:00,24007.0,24020.95,24006.0,24020.25,1220224
1773210840,2026-03-11T12:04:00,24021.45,24022.85,24019.15,24021.95,601801
1773210900,2026-03-11T12:05:00,24022.1,24023.85,24016.95,24018.9,646860
1773210960,2026-03-11T12:06:00,24018.1,24018.1,24009.6,24011.15,521566
1773211020,2026-03-11T12:07:00,24011.7,24011.7,24001.65,24002.25,782653
1773211080,2026-03-11T12:08:00,24002.55,24003.2,23997.9,23998.25,782261
1773211140,2026-03-11T12:09:00,23998.95,24006.8,23997.6,24002.5,714451
1773211200,2026-03-11T12:10:00,24003.15,24003.4,23999.65,24001.6,621655
1773211260,2026-03-11T12:11:00,24002.85,24019.45,24001.9,24018.9,815917
1773211320,2026-03-11T12:12:00,24020.5,24020.8,24013.75,24017.5,508636
1773211380,2026-03-11T12:13:00,24018.3,24020.75,24006.55,24006.55,602691
1773211440,2026-03-11T12:14:00,24008.05,24012.7,24004.45,24011.6,610003
1773211500,2026-03-11T12:15:00,24012.55,24013.45,24006.25,24010.7,721538
1773211560,2026-03-11T12:16:00,24011.05,24016.8,24010.2,24014.85,571129
1773211620,2026-03-11T12:17:00,24015.75,24019.75,24014.6,24015.9,784708
1773211680,2026-03-11T12:18:00,24016.85,24016.85,24007.65,24013.05,681899
1773211740,2026-03-11T12:19:00,24014.65,24016.5,24010.15,24015.3,507469
1773211800,2026-03-11T12:20:00,24016.05,24016.05,24009.15,24011.35,1238674
1773211860,2026-03-11T12:21:00,24011.95,24023.2,24010.85,24022.25,627988
1773211920,2026-03-11T12:22:00,24022.75,24024.2,24011.85,24012.05,539668
1773211980,2026-03-11T12:23:00,24012.1,24017.5,24009.05,24017.15,568997
1773212040,2026-03-11T12:24:00,24017.65,24018.7,24014.95,24015.6,491172
1773212100,2026-03-11T12:25:00,24016.2,24017.0,24006.0,24007.0,859706
1773212160,2026-03-11T12:26:00,24007.4,24007.7,24004.35,24006.5,563132
1773212220,2026-03-11T12:27:00,24007.65,24012.9,24005.35,24005.55,612937
1773212280,2026-03-11T12:28:00,24006.15,24009.95,24002.5,24009.15,559819
1773212340,2026-03-11T12:29:00,24009.45,24014.35,24008.15,24011.9,549322
1773212400,2026-03-11T12:30:00,24012.35,24020.65,24008.95,24019.9,696426
1773212460,2026-03-11T12:31:00,24020.8,24022.05,24018.65,24020.55,890472
1773212520,2026-03-11T12:32:00,24021.2,24023.65,24018.95,24022.35,660100
1773212580,2026-03-11T12:33:00,24022.45,24022.75,24005.85,24006.55,923677
1773212640,2026-03-11T12:34:00,24007.0,24007.35,23984.0,23990.9,1395781
1773212700,2026-03-11T12:35:00,23993.25,24001.75,23988.5,23988.5,904642
1773212760,2026-03-11T12:36:00,23989.2,23990.2,23983.8,23986.4,824475
1773212820,2026-03-11T12:37:00,23986.5,23987.6,23979.05,23980.85,850009
1773212880,2026-03-11T12:38:00,23982.1,23982.85,23976.7,23976.9,1046394
1773212940,2026-03-11T12:39:00,23977.45,23977.8,23969.7,23972.2,962995
1773213000,2026-03-11T12:40:00,23973.6,23977.75,23970.95,23977.0,689330
1773213060,2026-03-11T12:41:00,23977.85,23989.8,23976.6,23989.8,1092498
1773213120,2026-03-11T12:42:00,23989.95,23994.35,23986.85,23993.65,1129868
1773213180,2026-03-11T12:43:00,23995.2,24005.55,23993.55,24003.95,882350
1773213240,2026-03-11T12:44:00,24005.7,24011.0,24002.05,24010.95,811507
1773213300,2026-03-11T12:45:00,24011.85,24011.85,23999.45,23999.45,808652
1773213360,2026-03-11T12:46:00,24000.85,24001.75,23996.55,23997.35,911151
1773213420,2026-03-11T12:47:00,23998.3,23998.3,23988.75,23989.3,990180
1773213480,2026-03-11T12:48:00,23989.85,23989.85,23983.1,23983.85,629401
1773213540,2026-03-11T12:49:00,23985.1,23993.2,23983.45,23992.55,676033
1773213600,2026-03-11T12:50:00,23993.4,23997.4,23990.65,23993.95,618958
1773213660,2026-03-11T12:51:00,23994.45,23996.4,23989.35,23992.6,535911
1773213720,2026-03-11T12:52:00,23992.55,23997.9,23991.7,23996.7,749255
1773213780,2026-03-11T12:53:00,23997.05,23999.25,23989.3,23989.3,701150
1773213840,2026-03-11T12:54:00,23990.05,23990.05,23983.2,23985.95,601590
1773213900,2026-03-11T12:55:00,23986.3,23990.85,23986.2,23988.35,608455
1773213960,2026-03-11T12:56:00,23989.1,23989.1,23976.15,23976.95,799799
1773214020,2026-03-11T12:57:00,23977.45,23977.45,23971.15,23974.95,906822
1773214080,2026-03-11T12:58:00,23975.5,23979.35,23973.0,23975.2,762629
1773214140,2026-03-11T12:59:00,23976.0,23976.0,23972.15,23973.3,604786
1773214200,2026-03-11T13:00:00,23973.8,23993.75,23966.45,23983.1,1349710
1773214260,2026-03-11T13:01:00,23983.0,23991.65,23973.8,23974.05,1375835
1773214320,2026-03-11T13:02:00,23974.85,23974.85,23966.7,23968.2,2347893
1773214380,2026-03-11T13:03:00,23968.1,23968.1,23954.0,23957.6,1404220
1773214440,2026-03-11T13:04:00,23958.7,23964.35,23957.75,23961.5,1015724
1773214500,2026-03-11T13:05:00,23962.15,23964.15,23958.7,23962.15,1210734
1773214560,2026-03-11T13:06:00,23963.1,23970.75,23961.15,23969.4,843880
1773214620,2026-03-11T13:07:00,23969.75,23970.0,23959.0,23964.05,1194010
1773214680,2026-03-11T13:08:00,23964.25,23973.7,23964.25,23969.75,1293079
1773214740,2026-03-11T13:09:00,23970.05,23974.35,23966.5,23971.5,2198156
1773214800,2026-03-11T13:10:00,23971.55,23971.55,23951.85,23954.4,1781694
1773214860,2026-03-11T13:11:00,23955.85,23958.0,23933.9,23945.45,1582458
1773214920,2026-03-11T13:12:00,23945.0,23945.8,23939.45,23940.9,1985326
1773214980,2026-03-11T13:13:00,23941.75,23941.85,23927.5,23929.3,1541538
1773215040,2026-03-11T13:14:00,23927.55,23936.0,23919.8,23929.65,1243599
1773215100,2026-03-11T13:15:00,23930.7,23932.85,23924.4,23929.9,930881
1773215160,2026-03-11T13:16:00,23929.8,23931.35,23923.35,23923.5,904885
1773215220,2026-03-11T13:17:00,23923.1,23923.8,23913.45,23917.8,910517
1773215280,2026-03-11T13:18:00,23917.4,23933.0,23915.5,23929.95,816391
1773215340,2026-03-11T13:19:00,23930.4,23939.65,23929.35,23938.75,736472
1773215400,2026-03-11T13:20:00,23939.65,23940.75,23934.75,23940.2,598053
1773215460,2026-03-11T13:21:00,23939.9,23943.15,23935.7,23939.4,720866
1773215520,2026-03-11T13:22:00,23939.95,23951.65,23937.85,23947.95,704693
1773215580,2026-03-11T13:23:00,23948.15,23953.4,23947.5,23950.25,614063
1773215640,2026-03-11T13:24:00,23950.65,23963.2,23949.95,23961.45,867859
1773215700,2026-03-11T13:25:00,23962.05,23962.05,23952.4,23959.35,981524
1773215760,2026-03-11T13:26:00,23959.5,23971.3,23957.2,23970.55,728170
1773215820,2026-03-11T13:27:00,23971.25,23971.25,23960.05,23960.25,857237
1773215880,2026-03-11T13:28:00,23960.95,23966.55,23956.5,23965.5,729716
1773215940,2026-03-11T13:29:00,23966.45,23980.65,23964.95,23980.0,790791
1773216000,2026-03-11T13:30:00,23980.45,24002.7,23979.85,24002.7,1151012
1773216060,2026-03-11T13:31:00,24003.45,24005.35,23991.35,23991.85,889840
1773216120,2026-03-11T13:32:00,23991.05,23991.05,23977.5,23985.65,1147794
1773216180,2026-03-11T13:33:00,23986.25,23990.0,23980.45,23987.55,917579
1773216240,2026-03-11T13:34:00,23987.0,23987.0,23973.9,23977.1,922689
1773216300,2026-03-11T13:35:00,23977.55,23977.55,23971.45,23972.65,655357
1773216360,2026-03-11T13:36:00,23974.25,23985.6,23973.85,23976.95,741832
1773216420,2026-03-11T13:37:00,23976.2,23977.3,23969.2,23971.6,673427
1773216480,2026-03-11T13:38:00,23971.25,23971.25,23959.8,23959.95,842199
1773216540,2026-03-11T13:39:00,23961.6,23962.95,23958.35,23961.35,565839
1773216600,2026-03-11T13:40:00,23962.1,23962.1,23956.5,23960.05,798130
1773216660,2026-03-11T13:41:00,23961.15,23967.9,23960.65,23964.55,817924
1773216720,2026-03-11T13:42:00,23965.2,23973.75,23964.7,23973.25,704379
1773216780,2026-03-11T13:43:00,23973.2,23974.25,23966.5,23968.4,967305
1773216840,2026-03-11T13:44:00,23968.65,23968.65,23955.85,23957.95,1029684
1773216900,2026-03-11T13:45:00,23958.45,23961.35,23957.4,23957.85,967497
1773216960,2026-03-11T13:46:00,23958.4,23964.4,23950.75,23953.05,856741
1773217020,2026-03-11T13:47:00,23953.25,23953.9,23943.65,23943.65,694098
1773217080,2026-03-11T13:48:00,23945.15,23959.55,23941.8,23959.55,937363
1773217140,2026-03-11T13:49:00,23959.25,23961.65,23951.75,23951.75,747899
1773217200,2026-03-11T13:50:00,23951.85,23951.85,23942.2,23942.55,893957
1773217260,2026-03-11T13:51:00,23943.3,23955.25,23938.7,23954.4,1136229
1773217320,2026-03-11T13:52:00,23955.1,23965.65,23954.65,23958.8,612830
1773217380,2026-03-11T13:53:00,23959.3,23959.95,23953.3,23958.85,431590
1773217440,2026-03-11T13:54:00,23959.1,23965.5,23958.65,23961.5,619945
1773217500,2026-03-11T13:55:00,23961.85,23966.25,23960.0,23960.95,501931
1773217560,2026-03-11T13:56:00,23960.85,23960.85,23951.15,23951.15,626345
1773217620,2026-03-11T13:57:00,23952.0,23952.0,23942.9,23944.7,1048957
1773217680,2026-03-11T13:58:00,23945.2,23957.9,23942.45,23955.05,768893
1773217740,2026-03-11T13:59:00,23955.45,23960.4,23954.2,23959.2,645484
1773217800,2026-03-11T14:00:00,23959.0,23960.9,23950.05,23958.9,800158
1773217860,2026-03-11T14:01:00,23957.65,23959.15,23946.6,23947.8,687760
1773217920,2026-03-11T14:02:00,23947.6,23947.6,23940.6,23943.2,621658
1773217980,2026-03-11T14:03:00,23943.35,23958.5,23943.35,23958.5,553863
1773218040,2026-03-11T14:04:00,23959.5,23960.15,23952.85,23955.05,602119
1773218100,2026-03-11T14:05:00,23955.1,23955.1,23946.8,23952.5,569709
1773218160,2026-03-11T14:06:00,23952.15,23958.15,23951.25,23957.35,599619
1773218220,2026-03-11T14:07:00,23957.95,23959.4,23946.05,23946.2,759457
1773218280,2026-03-11T14:08:00,23946.4,23946.4,23934.55,23936.55,1052349
1773218340,2026-03-11T14:09:00,23936.95,23944.15,23934.35,23934.35,986944
1773218400,2026-03-11T14:10:00,23936.2,23938.65,23931.45,23938.15,829328
1773218460,2026-03-11T14:11:00,23939.35,23941.0,23933.05,23934.95,723473
1773218520,2026-03-11T14:12:00,23934.55,23935.85,23931.6,23934.65,754949
1773218580,2026-03-11T14:13:00,23933.9,23938.2,23929.2,23936.4,1072315
1773218640,2026-03-11T14:14:00,23937.05,23944.15,23935.6,23939.95,619347
1773218700,2026-03-11T14:15:00,23940.95,23948.4,23940.05,23945.8,1093958
1773218760,2026-03-11T14:16:00,23946.5,23946.5,23930.7,23935.8,1081693
1773218820,2026-03-11T14:17:00,23935.55,23937.3,23928.75,23928.75,776684
1773218880,2026-03-11T14:18:00,23929.4,23929.4,23907.65,23909.7,1189377
1773218940,2026-03-11T14:19:00,23910.85,23915.3,23903.6,23915.3,769601
1773219000,2026-03-11T14:20:00,23916.9,23927.35,23915.6,23919.8,1057783
1773219060,2026-03-11T14:21:00,23920.75,23920.75,23908.2,23914.35,963180
1773219120,2026-03-11T14:22:00,23913.95,23915.15,23907.65,23907.9,819357
1773219180,2026-03-11T14:23:00,23908.5,23908.5,23900.3,23902.45,956412
1773219240,2026-03-11T14:24:00,23904.05,23911.35,23900.1,23900.1,811211
1773219300,2026-03-11T14:25:00,23899.55,23905.6,23894.4,23903.15,1160661
1773219360,2026-03-11T14:26:00,23905.15,23908.55,23896.65,23898.35,1092304
1773219420,2026-03-11T14:27:00,23898.95,23934.5,23892.0,23934.35,1645123
1773219480,2026-03-11T14:28:00,23935.05,23949.25,23934.1,23949.25,958141
1773219540,2026-03-11T14:29:00,23949.8,23974.6,23949.1,23974.55,1430652
1773219600,2026-03-11T14:30:00,23975.8,23977.05,23943.7,23943.7,1539021
1773219660,2026-03-11T14:31:00,23945.2,23945.2,23926.35,23929.9,1419292
1773219720,2026-03-11T14:32:00,23930.4,23956.3,23927.05,23950.05,1003259
1773219780,2026-03-11T14:33:00,23950.85,23950.85,23931.55,23931.55,913108
1773219840,2026-03-11T14:34:00,23932.45,23932.45,23924.3,23924.3,695728
1773219900,2026-03-11T14:35:00,23923.25,23931.0,23918.65,23931.0,1050134
1773219960,2026-03-11T14:36:00,23931.1,23932.85,23924.55,23927.45,955107
1773220020,2026-03-11T14:37:00,23928.6,23931.8,23922.75,23930.1,949878
1773220080,2026-03-11T14:38:00,23931.3,23932.2,23921.95,23925.35,1199631
1773220140,2026-03-11T14:39:00,23925.55,23939.5,23923.15,23936.8,1133363
1773220200,2026-03-11T14:40:00,23938.6,23938.6,23921.4,23923.75,942246
1773220260,2026-03-11T14:41:00,23923.9,23924.3,23920.8,23920.85,593182
1773220320,2026-03-11T14:42:00,23922.55,23929.4,23921.8,23928.75,801494
1773220380,2026-03-11T14:43:00,23928.6,23929.25,23920.55,23929.25,992396
1773220440,2026-03-11T14:44:00,23930.15,23930.2,23913.7,23921.3,1333253
1773220500,2026-03-11T14:45:00,23921.55,23924.2,23915.5,23920.8,1029349
1773220560,2026-03-11T14:46:00,23923.05,23930.4,23921.2,23928.6,836136
1773220620,2026-03-11T14:47:00,23928.55,23929.5,23918.95,23918.95,902682
1773220680,2026-03-11T14:48:00,23919.25,23925.5,23916.65,23920.05,1148019
1773220740,2026-03-11T14:49:00,23921.15,23921.75,23912.3,23916.45,1923023
1773220800,2026-03-11T14:50:00,23917.4,23923.85,23914.5,23917.65,1404321
1773220860,2026-03-11T14:51:00,23918.05,23918.25,23909.9,23910.45,936563
1773220920,2026-03-11T14:52:00,23911.05,23911.4,23895.5,23898.15,1373214
1773220980,2026-03-11T14:53:00,23897.7,23905.85,23894.5,23905.85,1057214
1773221040,2026-03-11T14:54:00,23907.55,23917.9,23907.55,23916.15,1329526
1773221100,2026-03-11T14:55:00,23916.75,23916.75,23907.35,23909.85,2879253
1773221160,2026-03-11T14:56:00,23911.1,23911.75,23905.65,23910.45,773634
1773221220,2026-03-11T14:57:00,23910.2,23910.75,23902.35,23907.5,947382
1773221280,2026-03-11T14:58:00,23909.45,23909.65,23888.95,23890.45,1358989
1773221340,2026-03-11T14:59:00,23890.15,23890.15,23871.8,23872.4,1733519
1773221400,2026-03-11T15:00:00,23874.8,23899.15,23871.65,23898.6,2189887
1773221460,2026-03-11T15:01:00,23900.7,23910.7,23897.55,23907.4,1445211
1773221520,2026-03-11T15:02:00,23908.7,23912.45,23904.25,23904.25,1442208
1773221580,2026-03-11T15:03:00,23908.8,23913.1,23904.95,23904.95,1503087
1773221640,2026-03-11T15:04:00,23907.2,23910.0,23883.95,23883.95,1911974
1773221700,2026-03-11T15:05:00,23887.15,23896.4,23881.55,23884.05,1805162
1773221760,2026-03-11T15:06:00,23885.6,23886.65,23874.5,23874.5,1617223
1773221820,2026-03-11T15:07:00,23877.65,23878.35,23854.8,23858.7,2017840
1773221880,2026-03-11T15:08:00,23860.5,23864.9,23854.35,23862.85,1862281
1773221940,2026-03-11T15:09:00,23865.9,23880.15,23865.7,23878.9,2251743
1773222000,2026-03-11T15:10:00,23880.55,23883.2,23874.75,23879.45,2489555
1773222060,2026-03-11T15:11:00,23881.4,23885.85,23879.15,23879.15,1997166
1773222120,2026-03-11T15:12:00,23881.95,23883.3,23872.0,23872.0,1976884
1773222180,2026-03-11T15:13:00,23874.85,23875.65,23862.8,23862.8,2104135
1773222240,2026-03-11T15:14:00,23866.35,23866.9,23857.5,23861.9,2924384
1773222300,2026-03-11T15:15:00,23864.2,23866.05,23856.45,23864.05,2561009
1773222360,2026-03-11T15:16:00,23866.8,23873.75,23864.8,23869.5,2875172
1773222420,2026-03-11T15:17:00,23872.8,23879.3,23869.55,23871.4,2596534
1773222480,2026-03-11T15:18:00,23874.2,23876.2,23864.8,23873.3,2623406
1773222540,2026-03-11T15:19:00,23875.65,23879.6,23872.35,23874.55,2481131
1773222600,2026-03-11T15:20:00,23876.5,23878.45,23873.15,23874.55,2703263
1773222660,2026-03-11T15:21:00,23875.9,23875.9,23864.95,23864.95,2810421
1773222720,2026-03-11T15:22:00,23867.6,23870.2,23858.25,23858.25,2694769
1773222780,2026-03-11T15:23:00,23861.25,23861.6,23854.75,23854.75,2088011
1773222840,2026-03-11T15:24:00,23856.65,23860.25,23846.25,23860.25,2852488
1773222900,2026-03-11T15:25:00,23860.55,23860.55,23842.55,23855.3,3149049
1773222960,2026-03-11T15:26:00,23855.7,23856.55,23845.0,23845.0,2030140
1773223020,2026-03-11T15:27:00,23848.45,23849.2,23835.2,23840.15,9553147
1773223080,2026-03-11T15:28:00,23841.6,23844.5,23834.3,23842.95,2164761
1773223140,2026-03-11T15:29:00,23844.0,23850.6,23839.55,23848.2,1425988
1773287100,2026-03-12T09:15:00,23674.85,23690.85,23580.9,23585.9,8852534
1773287160,2026-03-12T09:16:00,23586.35,23608.4,23568.7,23575.45,4852291
1773287220,2026-03-12T09:17:00,23575.25,23587.2,23556.3,23562.95,4062168
1773287280,2026-03-12T09:18:00,23560.95,23572.0,23559.35,23568.4,3484694
1773287340,2026-03-12T09:19:00,23572.2,23572.85,23561.05,23563.15,3634345
1773287400,2026-03-12T09:20:00,23564.5,23594.35,23558.85,23594.35,2673651
1773287460,2026-03-12T09:21:00,23597.95,23600.95,23569.05,23570.65,2303498
1773287520,2026-03-12T09:22:00,23570.05,23580.0,23568.65,23573.2,3621330
1773287580,2026-03-12T09:23:00,23575.5,23588.3,23557.85,23588.3,1899330
1773287640,2026-03-12T09:24:00,23590.5,23601.4,23585.3,23601.4,1720492
1773287700,2026-03-12T09:25:00,23601.65,23607.95,23586.85,23598.15,1775725
1773287760,2026-03-12T09:26:00,23599.95,23604.55,23588.95,23602.65,1684760
1773287820,2026-03-12T09:27:00,23604.25,23611.25,23593.2,23597.25,2642190
1773287880,2026-03-12T09:28:00,23598.2,23602.35,23590.0,23593.8,1437545
1773287940,2026-03-12T09:29:00,23594.6,23612.75,23593.2,23603.35,1934689
1773288000,2026-03-12T09:30:00,23600.45,23603.55,23594.25,23598.05,2193069
1773288060,2026-03-12T09:31:00,23598.5,23619.6,23596.85,23610.6,1892493
1773288120,2026-03-12T09:32:00,23610.55,23615.15,23601.85,23605.4,1396389
1773288180,2026-03-12T09:33:00,23606.8,23614.15,23599.45,23604.05,1402821
1773288240,2026-03-12T09:34:00,23604.15,23605.8,23589.55,23592.65,1602359
1773288300,2026-03-12T09:35:00,23593.95,23599.0,23583.4,23588.45,1489119
1773288360,2026-03-12T09:36:00,23591.05,23597.85,23583.25,23588.3,1193802
1773288420,2026-03-12T09:37:00,23588.85,23602.95,23584.25,23600.3,1336454
1773288480,2026-03-12T09:38:00,23600.15,23610.1,23590.9,23590.9,2319541
1773288540,2026-03-12T09:39:00,23592.3,23592.6,23571.85,23572.85,1406228
1773288600,2026-03-12T09:40:00,23574.5,23581.25,23569.4,23575.7,1295645
1773288660,2026-03-12T09:41:00,23578.9,23586.0,23575.85,23578.45,1284177
1773288720,2026-03-12T09:42:00,23580.7,23605.4,23577.45,23603.5,1465793
1773288780,2026-03-12T09:43:00,23605.05,23606.9,23594.3,23594.95,1232641
1773288840,2026-03-12T09:44:00,23596.45,23603.95,23592.8,23602.65,1056186
1773288900,2026-03-12T09:45:00,23606.2,23614.8,23603.95,23612.75,1427053
1773288960,2026-03-12T09:46:00,23612.75,23615.55,23600.4,23600.55,2699248
1773289020,2026-03-12T09:47:00,23600.1,23608.7,23595.05,23599.35,1325872
1773289080,2026-03-12T09:48:00,23601.25,23610.95,23599.05,23608.7,1634290
1773289140,2026-03-12T09:49:00,23611.2,23624.55,23608.45,23623.15,1473447
1773289200,2026-03-12T09:50:00,23623.5,23633.4,23618.45,23625.1,1936130
1773289260,2026-03-12T09:51:00,23625.45,23641.95,23623.15,23638.85,1162988
1773289320,2026-03-12T09:52:00,23639.5,23651.2,23637.15,23645.9,1104272
1773289380,2026-03-12T09:53:00,23644.05,23647.85,23641.0,23646.45,1517180
1773289440,2026-03-12T09:54:00,23646.7,23657.0,23643.95,23656.75,1290150
1773289500,2026-03-12T09:55:00,23657.0,23657.2,23643.75,23647.8,1010174
1773289560,2026-03-12T09:56:00,23650.25,23656.35,23645.1,23656.15,2312089
1773289620,2026-03-12T09:57:00,23658.15,23672.6,23655.35,23669.1,1034203
1773289680,2026-03-12T09:58:00,23670.65,23683.8,23670.0,23683.8,1512908
1773289740,2026-03-12T09:59:00,23686.9,23696.6,23685.85,23693.8,1545450
1773289800,2026-03-12T10:00:00,23695.4,23696.75,23675.05,23676.75,1075139
1773289860,2026-03-12T10:01:00,23678.15,23678.55,23670.6,23676.1,1003154
1773289920,2026-03-12T10:02:00,23676.45,23691.0,23676.45,23685.8,1556463
1773289980,2026-03-12T10:03:00,23687.2,23687.35,23676.1,23680.7,1184670
1773290040,2026-03-12T10:04:00,23681.15,23684.75,23676.8,23677.85,1253815
1773290100,2026-03-12T10:05:00,23679.85,23679.85,23656.9,23657.25,1837343
1773290160,2026-03-12T10:06:00,23657.45,23659.55,23652.5,23652.5,975745
1773290220,2026-03-12T10:07:00,23653.8,23654.1,23637.5,23640.05,1090708
1773290280,2026-03-12T10:08:00,23642.45,23645.25,23624.1,23625.8,909749
1773290340,2026-03-12T10:09:00,23625.25,23635.05,23620.15,23628.2,1872928
1773290400,2026-03-12T10:10:00,23632.45,23651.4,23628.25,23649.6,1651423
1773290460,2026-03-12T10:11:00,23647.9,23647.9,23630.55,23633.15,1135567
1773290520,2026-03-12T10:12:00,23634.9,23640.2,23625.6,23626.95,914854
1773290580,2026-03-12T10:13:00,23627.8,23627.8,23618.85,23620.65,1110573
1773290640,2026-03-12T10:14:00,23622.05,23622.15,23605.35,23610.15,1321256
1773290700,2026-03-12T10:15:00,23610.5,23614.25,23606.8,23608.1,1163626
1773290760,2026-03-12T10:16:00,23608.75,23610.65,23596.1,23599.1,1050326
1773290820,2026-03-12T10:17:00,23599.4,23605.1,23594.4,23594.95,1076550
1773290880,2026-03-12T10:18:00,23595.35,23611.4,23589.9,23607.2,1068844
1773290940,2026-03-12T10:19:00,23609.8,23615.9,23606.55,23612.65,996695
1773291000,2026-03-12T10:20:00,23614.75,23619.1,23609.25,23612.9,1126984
1773291060,2026-03-12T10:21:00,23614.4,23624.1,23611.1,23623.6,992956
1773291120,2026-03-12T10:22:00,23624.45,23628.95,23615.65,23616.75,4036018
1773291180,2026-03-12T10:23:00,23617.75,23620.6,23609.45,23609.45,722040
1773291240,2026-03-12T10:24:00,23610.4,23618.9,23608.5,23616.45,972815
1773291300,2026-03-12T10:25:00,23617.2,23638.35,23617.15,23636.55,1506728
1773291360,2026-03-12T10:26:00,23639.15,23671.15,23630.0,23670.45,2136893
1773291420,2026-03-12T10:27:00,23669.7,23681.55,23655.9,23660.0,1902443
1773291480,2026-03-12T10:28:00,23658.95,23664.45,23649.25,23656.35,1014197
1773291540,2026-03-12T10:29:00,23657.6,23666.65,23656.75,23666.65,910470
1773291600,2026-03-12T10:30:00,23666.35,23668.1,23640.55,23640.55,1116636
1773291660,2026-03-12T10:31:00,23643.15,23643.15,23632.35,23636.35,812111
1773291720,2026-03-12T10:32:00,23640.65,23661.75,23637.3,23661.75,677642
1773291780,2026-03-12T10:33:00,23662.3,23676.95,23658.95,23671.65,959576
1773291840,2026-03-12T10:34:00,23674.0,23690.1,23668.25,23685.45,1231148
1773291900,2026-03-12T10:35:00,23686.15,23689.4,23676.35,23676.65,854310
1773291960,2026-03-12T10:36:00,23677.0,23690.05,23673.45,23690.05,934461
1773292020,2026-03-12T10:37:00,23691.75,23714.4,23690.9,23711.35,1217116
1773292080,2026-03-12T10:38:00,23711.6,23720.0,23703.2,23714.75,1529418
1773292140,2026-03-12T10:39:00,23716.35,23717.85,23707.45,23712.95,2553127
1773292200,2026-03-12T10:40:00,23714.35,23721.05,23710.45,23716.7,1184100
1773292260,2026-03-12T10:41:00,23716.5,23716.5,23697.9,23711.45,1208412
1773292320,2026-03-12T10:42:00,23712.55,23715.5,23700.3,23701.95,990689
1773292380,2026-03-12T10:43:00,23702.55,23705.15,23688.5,23688.55,1006231
1773292440,2026-03-12T10:44:00,23689.0,23702.1,23684.65,23692.7,1188677
1773292500,2026-03-12T10:45:00,23693.4,23699.8,23691.35,23696.1,1322695
1773292560,2026-03-12T10:46:00,23697.05,23704.85,23691.95,23693.25,1043595
1773292620,2026-03-12T10:47:00,23693.55,23703.1,23690.6,23699.5,1114256
1773292680,2026-03-12T10:48:00,23701.65,23701.65,23692.7,23697.85,933479
1773292740,2026-03-12T10:49:00,23698.6,23699.65,23691.2,23694.0,578357
1773292800,2026-03-12T10:50:00,23694.6,23695.1,23676.9,23677.15,846515
1773292860,2026-03-12T10:51:00,23679.05,23683.65,23676.1,23676.9,732156
1773292920,2026-03-12T10:52:00,23676.15,23680.15,23669.3,23669.55,741759
1773292980,2026-03-12T10:53:00,23672.35,23710.7,23670.25,23709.3,1176057
1773293040,2026-03-12T10:54:00,23711.1,23713.65,23694.4,23694.5,1052358
1773293100,2026-03-12T10:55:00,23695.25,23697.2,23681.7,23685.6,681322
1773293160,2026-03-12T10:56:00,23685.9,23699.2,23685.9,23698.45,1373678
1773293220,2026-03-12T10:57:00,23699.95,23725.1,23699.95,23724.65,1016543
1773293280,2026-03-12T10:58:00,23725.1,23737.2,23721.65,23736.75,1334127
1773293340,2026-03-12T10:59:00,23737.95,23742.15,23736.1,23740.9,1535007
1773293400,2026-03-12T11:00:00,23741.6,23746.65,23741.15,23744.55,1211956
1773293460,2026-03-12T11:01:00,23745.5,23758.65,23743.75,23749.9,981724
1773293520,2026-03-12T11:02:00,23751.05,23758.85,23750.3,23757.1,741049
1773293580,2026-03-12T11:03:00,23757.75,23762.2,23750.2,23755.8,987340
1773293640,2026-03-12T11:04:00,23756.05,23768.75,23755.25,23767.2,1216832
1773293700,2026-03-12T11:05:00,23768.55,23774.0,23760.5,23762.4,1408928
1773293760,2026-03-12T11:06:00,23762.2,23762.7,23743.4,23746.55,1073084
1773293820,2026-03-12T11:07:00,23747.3,23748.65,23733.95,23741.55,1448882
1773293880,2026-03-12T11:08:00,23741.25,23745.55,23735.15,23741.6,1225018
1773293940,2026-03-12T11:09:00,23743.05,23743.7,23735.6,23738.4,1165739
1773294000,2026-03-12T11:10:00,23739.45,23754.3,23739.1,23753.05,700143
1773294060,2026-03-12T11:11:00,23756.2,23764.4,23752.4,23752.95,921832
1773294120,2026-03-12T11:12:00,23755.35,23755.35,23741.75,23745.75,708278
1773294180,2026-03-12T11:13:00,23746.2,23751.05,23737.2,23742.7,813481
1773294240,2026-03-12T11:14:00,23742.85,23751.0,23737.55,23741.05,871213
1773294300,2026-03-12T11:15:00,23741.75,23749.55,23740.25,23749.55,871460
1773294360,2026-03-12T11:16:00,23750.05,23756.65,23748.15,23751.6,710237
1773294420,2026-03-12T11:17:00,23752.75,23753.85,23741.75,23745.2,861996
1773294480,2026-03-12T11:18:00,23745.85,23746.85,23678.15,23678.15,2130180
1773294540,2026-03-12T11:19:00,23680.3,23704.85,23678.6,23696.9,1267737
1773294600,2026-03-12T11:20:00,23700.7,23700.7,23681.95,23683.0,1094568
1773294660,2026-03-12T11:21:00,23683.35,23683.35,23666.25,23667.8,1023166
1773294720,2026-03-12T11:22:00,23669.45,23677.0,23665.0,23670.5,1229478
1773294780,2026-03-12T11:23:00,23672.2,23678.6,23668.45,23674.4,780911
1773294840,2026-03-12T11:24:00,23675.2,23703.9,23673.6,23703.5,968160
1773294900,2026-03-12T11:25:00,23703.85,23704.15,23690.5,23690.95,683711
1773294960,2026-03-12T11:26:00,23692.8,23701.65,23691.85,23695.65,702240
1773295020,2026-03-12T11:27:00,23696.65,23705.35,23693.8,23695.3,670175
1773295080,2026-03-12T11:28:00,23695.65,23701.5,23693.05,23700.05,454035
1773295140,2026-03-12T11:29:00,23701.95,23713.45,23700.65,23703.3,706256
1773295200,2026-03-12T11:30:00,23704.2,23704.2,23686.5,23686.9,619060
1773295260,2026-03-12T11:31:00,23686.7,23686.95,23680.8,23683.4,420511
1773295320,2026-03-12T11:32:00,23683.25,23685.85,23676.6,23679.9,432445
1773295380,2026-03-12T11:33:00,23681.6,23689.6,23678.2,23684.2,741116
1773295440,2026-03-12T11:34:00,23685.2,23698.75,23684.25,23697.9,832890
1773295500,2026-03-12T11:35:00,23698.35,23701.25,23690.4,23699.15,510080
1773295560,2026-03-12T11:36:00,23698.35,23698.95,23692.45,23693.65,751389
1773295620,2026-03-12T11:37:00,23693.75,23694.65,23689.35,23690.5,1189488
1773295680,2026-03-12T11:38:00,23690.5,23698.15,23682.65,23697.05,838838
1773295740,2026-03-12T11:39:00,23698.5,23700.2,23693.95,23697.25,529226
1773295800,2026-03-12T11:40:00,23699.4,23709.65,23696.85,23709.65,674113
1773295860,2026-03-12T11:41:00,23710.55,23714.55,23689.8,23691.0,846655
1773295920,2026-03-12T11:42:00,23692.35,23701.45,23690.9,23698.7,550525
1773295980,2026-03-12T11:43:00,23698.15,23718.25,23695.25,23709.1,728943
1773296040,2026-03-12T11:44:00,23709.05,23716.05,23706.2,23711.35,1040481
1773296100,2026-03-12T11:45:00,23712.45,23725.0,23710.45,23723.3,849293
1773296160,2026-03-12T11:46:00,23723.6,23724.3,23708.0,23714.55,980650
1773296220,2026-03-12T11:47:00,23714.15,23717.25,23707.25,23716.15,552543
1773296280,2026-03-12T11:48:00,23716.5,23716.55,23705.55,23706.75,992616
1773296340,2026-03-12T11:49:00,23706.85,23706.85,23688.1,23694.3,937556
1773296400,2026-03-12T11:50:00,23695.7,23704.05,23692.5,23698.25,814809
1773296460,2026-03-12T11:51:00,23698.3,23712.8,23697.8,23703.75,765938
1773296520,2026-03-12T11:52:00,23705.35,23709.85,23703.1,23705.7,619855
1773296580,2026-03-12T11:53:00,23706.2,23714.9,23699.95,23713.4,1174297
1773296640,2026-03-12T11:54:00,23714.3,23718.85,23712.5,23712.95,911037
1773296700,2026-03-12T11:55:00,23713.9,23714.75,23708.15,23711.5,719342
1773296760,2026-03-12T11:56:00,23711.85,23737.4,23711.65,23734.1,1670033
1773296820,2026-03-12T11:57:00,23735.25,23739.25,23731.05,23736.6,964676
1773296880,2026-03-12T11:58:00,23736.1,23736.7,23729.55,23732.7,1053451
1773296940,2026-03-12T11:59:00,23734.35,23742.2,23733.25,23739.85,829217
1773297000,2026-03-12T12:00:00,23739.45,23742.85,23735.3,23739.3,587141
1773297060,2026-03-12T12:01:00,23741.15,23748.1,23736.4,23738.9,926519
1773297120,2026-03-12T12:02:00,23741.35,23741.5,23735.9,23738.75,635738
1773297180,2026-03-12T12:03:00,23740.55,23748.0,23738.9,23745.05,694780
1773297240,2026-03-12T12:04:00,23744.85,23747.55,23741.65,23744.2,726245
1773297300,2026-03-12T12:05:00,23744.4,23748.45,23729.0,23729.0,819494
1773297360,2026-03-12T12:06:00,23731.0,23734.85,23729.0,23733.0,1124183
1773297420,2026-03-12T12:07:00,23734.3,23736.65,23719.1,23719.95,854452
1773297480,2026-03-12T12:08:00,23720.75,23725.3,23718.1,23721.15,916893
1773297540,2026-03-12T12:09:00,23721.7,23732.25,23718.6,23725.65,779750
1773297600,2026-03-12T12:10:00,23727.8,23727.8,23720.2,23722.65,808858
1773297660,2026-03-12T12:11:00,23724.6,23725.75,23711.6,23711.6,747633
1773297720,2026-03-12T12:12:00,23713.05,23725.9,23710.5,23725.9,800668
1773297780,2026-03-12T12:13:00,23726.65,23739.8,23726.65,23738.95,812373
1773297840,2026-03-12T12:14:00,23739.8,23750.65,23738.6,23749.35,913550
1773297900,2026-03-12T12:15:00,23751.15,23751.15,23742.4,23745.85,692905
1773297960,2026-03-12T12:16:00,23747.05,23748.45,23721.8,23724.35,917616
1773298020,2026-03-12T12:17:00,23724.95,23733.3,23723.2,23731.95,683115
1773298080,2026-03-12T12:18:00,23734.5,23741.1,23731.85,23731.85,705034
1773298140,2026-03-12T12:19:00,23732.1,23732.3,23722.5,23724.3,836819
1773298200,2026-03-12T12:20:00,23725.7,23733.9,23724.0,23732.5,935730
1773298260,2026-03-12T12:21:00,23732.6,23745.45,23732.15,23743.75,1836782
1773298320,2026-03-12T12:22:00,23743.15,23755.95,23741.8,23749.15,1390511
1773298380,2026-03-12T12:23:00,23750.0,23750.2,23736.2,23738.75,1149272
1773298440,2026-03-12T12:24:00,23738.1,23749.95,23733.45,23749.2,1821415
1773298500,2026-03-12T12:25:00,23750.85,23752.65,23743.95,23745.45,836278
1773298560,2026-03-12T12:26:00,23745.2,23759.2,23744.0,23756.35,1561535
1773298620,2026-03-12T12:27:00,23756.85,23757.55,23749.1,23753.3,839227
1773298680,2026-03-12T12:28:00,23753.9,23754.1,23739.95,23741.65,1183709
1773298740,2026-03-12T12:29:00,23742.2,23745.9,23735.2,23744.1,935184
1773298800,2026-03-12T12:30:00,23744.4,23747.6,23739.4,23741.25,607492
1773298860,2026-03-12T12:31:00,23741.1,23743.85,23738.25,23742.35,604217
1773298920,2026-03-12T12:32:00,23742.55,23742.95,23730.2,23731.15,649256
1773298980,2026-03-12T12:33:00,23730.2,23733.8,23719.05,23719.45,967498
1773299040,2026-03-12T12:34:00,23719.95,23725.85,23717.5,23721.9,628124
1773299100,2026-03-12T12:35:00,23721.75,23731.7,23718.45,23730.95,738785
1773299160,2026-03-12T12:36:00,23730.45,23730.45,23704.55,23707.6,1439605
1773299220,2026-03-12T12:37:00,23709.45,23722.35,23706.2,23720.8,745017
1773299280,2026-03-12T12:38:00,23722.25,23722.55,23707.5,23708.95,765064
1773299340,2026-03-12T12:39:00,23709.05,23712.15,23702.4,23709.75,712560
1773299400,2026-03-12T12:40:00,23710.65,23710.65,23702.3,23708.05,697448
1773299460,2026-03-12T12:41:00,23706.55,23717.55,23706.55,23717.55,745855
1773299520,2026-03-12T12:42:00,23718.15,23720.6,23712.1,23713.2,841846
1773299580,2026-03-12T12:43:00,23714.05,23722.35,23712.2,23714.7,1113902
1773299640,2026-03-12T12:44:00,23715.25,23716.6,23708.0,23715.8,877963
1773299700,2026-03-12T12:45:00,23716.7,23720.15,23714.1,23714.1,679854
1773299760,2026-03-12T12:46:00,23715.45,23728.35,23714.5,23724.4,599647
1773299820,2026-03-12T12:47:00,23725.5,23729.0,23721.55,23729.0,629682
1773299880,2026-03-12T12:48:00,23729.45,23731.25,23724.95,23724.95,1017974
1773299940,2026-03-12T12:49:00,23725.75,23726.65,23718.05,23722.1,637976
1773300000,2026-03-12T12:50:00,23722.85,23727.05,23719.6,23726.05,509676
1773300060,2026-03-12T12:51:00,23727.35,23728.9,23721.05,23723.55,469512
1773300120,2026-03-12T12:52:00,23723.4,23723.6,23710.25,23711.0,579229
1773300180,2026-03-12T12:53:00,23711.7,23713.7,23701.5,23713.7,638277
1773300240,2026-03-12T12:54:00,23715.15,23716.05,23703.5,23708.35,597063
1773300300,2026-03-12T12:55:00,23710.7,23711.7,23700.8,23703.05,530241
1773300360,2026-03-12T12:56:00,23703.7,23711.4,23703.35,23711.4,507268
1773300420,2026-03-12T12:57:00,23710.5,23716.2,23709.15,23714.45,811184
1773300480,2026-03-12T12:58:00,23714.95,23723.8,23714.95,23722.85,596840
1773300540,2026-03-12T12:59:00,23722.95,23722.95,23712.0,23717.0,686019
1773300600,2026-03-12T13:00:00,23717.85,23718.7,23709.6,23709.85,584865
1773300660,2026-03-12T13:01:00,23711.7,23713.6,23697.65,23697.65,746699
1773300720,2026-03-12T13:02:00,23698.4,23707.85,23691.4,23702.7,730292
1773300780,2026-03-12T13:03:00,23703.1,23704.75,23697.35,23704.45,497548
1773300840,2026-03-12T13:04:00,23705.1,23707.95,23701.55,23702.75,471949
1773300900,2026-03-12T13:05:00,23702.45,23702.6,23663.4,23664.15,1614895
1773300960,2026-03-12T13:06:00,23663.3,23663.65,23656.4,23658.9,1289766
1773301020,2026-03-12T13:07:00,23660.7,23673.45,23659.6,23673.45,929009
1773301080,2026-03-12T13:08:00,23673.45,23677.75,23669.25,23676.5,759732
1773301140,2026-03-12T13:09:00,23677.6,23686.45,23673.35,23682.55,822510
1773301200,2026-03-12T13:10:00,23683.55,23693.2,23678.75,23693.2,721797
1773301260,2026-03-12T13:11:00,23693.8,23696.9,23692.05,23695.9,713909
1773301320,2026-03-12T13:12:00,23696.5,23705.8,23694.85,23699.05,768393
1773301380,2026-03-12T13:13:00,23700.6,23710.85,23696.2,23710.85,628124
1773301440,2026-03-12T13:14:00,23711.45,23722.4,23710.3,23715.25,720591
1773301500,2026-03-12T13:15:00,23718.3,23718.3,23711.75,23716.7,706244
1773301560,2026-03-12T13:16:00,23715.6,23717.5,23707.0,23711.25,850499
1773301620,2026-03-12T13:17:00,23712.6,23718.5,23709.8,23712.2,1233724
1773301680,2026-03-12T13:18:00,23713.35,23713.35,23700.5,23701.75,729675
1773301740,2026-03-12T13:19:00,23701.7,23704.95,23697.25,23702.25,635126
1773301800,2026-03-12T13:20:00,23702.95,23705.35,23698.95,23700.1,603640
1773301860,2026-03-12T13:21:00,23700.9,23701.6,23695.8,23699.25,609613
1773301920,2026-03-12T13:22:00,23700.3,23722.35,23700.3,23719.05,809696
1773301980,2026-03-12T13:23:00,23720.45,23732.2,23718.15,23731.75,727008
1773302040,2026-03-12T13:24:00,23731.35,23744.1,23731.35,23740.35,1067256
1773302100,2026-03-12T13:25:00,23741.7,23751.1,23732.7,23749.95,1006760
1773302160,2026-03-12T13:26:00,23750.85,23753.75,23745.85,23750.8,914200
1773302220,2026-03-12T13:27:00,23750.5,23755.25,23743.2,23754.0,929059
1773302280,2026-03-12T13:28:00,23755.7,23765.75,23753.85,23761.7,1321463
1773302340,2026-03-12T13:29:00,23762.55,23767.95,23748.95,23764.3,1408777
1773302400,2026-03-12T13:30:00,23765.25,23778.1,23764.7,23776.05,1185139
1773302460,2026-03-12T13:31:00,23776.3,23782.0,23771.2,23779.15,1411623
1773302520,2026-03-12T13:32:00,23780.55,23780.7,23772.05,23775.05,1027862
1773302580,2026-03-12T13:33:00,23776.35,23810.8,23771.5,23810.8,1812893
1773302640,2026-03-12T13:34:00,23809.6,23815.8,23799.45,23804.3,2080854
1773302700,2026-03-12T13:35:00,23805.25,23818.2,23796.6,23817.3,1208208
1773302760,2026-03-12T13:36:00,23817.65,23819.1,23810.9,23815.75,886118
1773302820,2026-03-12T13:37:00,23816.2,23818.45,23805.15,23807.05,908048
1773302880,2026-03-12T13:38:00,23809.35,23813.95,23806.9,23808.15,1095790
1773302940,2026-03-12T13:39:00,23808.9,23814.8,23806.15,23811.8,1359805
1773303000,2026-03-12T13:40:00,23813.6,23824.5,23813.6,23823.3,1075935
1773303060,2026-03-12T13:41:00,23824.1,23833.15,23811.45,23813.2,1129547
1773303120,2026-03-12T13:42:00,23813.65,23813.65,23790.3,23796.45,947523
1773303180,2026-03-12T13:43:00,23796.45,23801.95,23784.25,23788.2,931105
1773303240,2026-03-12T13:44:00,23789.35,23792.3,23786.75,23789.9,861456
1773303300,2026-03-12T13:45:00,23789.35,23795.85,23776.25,23794.85,1064509
1773303360,2026-03-12T13:46:00,23795.25,23801.25,23793.65,23795.2,741325
1773303420,2026-03-12T13:47:00,23794.55,23799.15,23784.35,23794.4,918245
1773303480,2026-03-12T13:48:00,23796.25,23798.85,23790.8,23793.2,1786715
1773303540,2026-03-12T13:49:00,23791.95,23792.6,23778.7,23782.55,944529
1773303600,2026-03-12T13:50:00,23783.6,23793.1,23779.4,23779.4,1028634
1773303660,2026-03-12T13:51:00,23780.15,23781.1,23762.5,23774.0,1431530
1773303720,2026-03-12T13:52:00,23774.65,23775.35,23769.2,23774.45,785669
1773303780,2026-03-12T13:53:00,23774.75,23774.75,23764.55,23766.05,722538
1773303840,2026-03-12T13:54:00,23767.55,23775.65,23767.55,23771.45,799230
1773303900,2026-03-12T13:55:00,23771.85,23772.0,23752.45,23753.75,1029065
1773303960,2026-03-12T13:56:00,23754.9,23762.95,23752.65,23757.7,865588
1773304020,2026-03-12T13:57:00,23757.9,23761.5,23745.35,23748.6,1131627
1773304080,2026-03-12T13:58:00,23749.65,23751.6,23744.1,23746.25,1285201
1773304140,2026-03-12T13:59:00,23747.25,23747.85,23738.6,23738.6,1188101
1773304200,2026-03-12T14:00:00,23740.55,23759.3,23733.5,23757.5,1378450
1773304260,2026-03-12T14:01:00,23759.45,23762.45,23755.2,23757.4,1461838
1773304320,2026-03-12T14:02:00,23758.5,23761.55,23750.15,23755.6,744853
1773304380,2026-03-12T14:03:00,23758.1,23758.4,23751.05,23751.75,792791
1773304440,2026-03-12T14:04:00,23751.85,23753.55,23746.35,23752.85,755117
1773304500,2026-03-12T14:05:00,23752.85,23771.55,23749.7,23765.65,901140
1773304560,2026-03-12T14:06:00,23765.2,23766.85,23758.35,23760.8,987922
1773304620,2026-03-12T14:07:00,23761.95,23763.1,23741.7,23743.0,1062699
1773304680,2026-03-12T14:08:00,23743.9,23745.15,23736.4,23737.6,1347813
1773304740,2026-03-12T14:09:00,23738.0,23738.7,23720.05,23721.5,1271574
1773304800,2026-03-12T14:10:00,23721.7,23722.35,23714.0,23715.25,1258553
1773304860,2026-03-12T14:11:00,23715.2,23717.5,23706.1,23708.1,1357735
1773304920,2026-03-12T14:12:00,23708.65,23709.35,23701.95,23705.3,1432313
1773304980,2026-03-12T14:13:00,23705.95,23725.55,23705.8,23720.45,2049779
1773305040,2026-03-12T14:14:00,23720.35,23747.65,23719.6,23738.9,2218460
1773305100,2026-03-12T14:15:00,23739.35,23750.8,23723.3,23749.85,1727056
1773305160,2026-03-12T14:16:00,23750.25,23758.15,23750.25,23751.2,1115524
1773305220,2026-03-12T14:17:00,23752.35,23752.35,23731.6,23739.7,776887
1773305280,2026-03-12T14:18:00,23740.35,23745.45,23734.85,23744.7,871343
1773305340,2026-03-12T14:19:00,23745.85,23751.1,23743.6,23749.35,690450
1773305400,2026-03-12T14:20:00,23749.5,23755.8,23744.9,23747.45,837882
1773305460,2026-03-12T14:21:00,23747.9,23748.25,23741.65,23748.25,591700
1773305520,2026-03-12T14:22:00,23747.8,23751.9,23744.95,23745.15,709824
1773305580,2026-03-12T14:23:00,23746.4,23753.95,23745.15,23750.55,764860
1773305640,2026-03-12T14:24:00,23749.75,23751.9,23730.35,23732.95,1100642
1773305700,2026-03-12T14:25:00,23734.15,23740.7,23732.1,23733.5,772737
1773305760,2026-03-12T14:26:00,23734.1,23742.8,23730.75,23739.7,687700
1773305820,2026-03-12T14:27:00,23741.15,23744.3,23732.2,23732.35,723519
1773305880,2026-03-12T14:28:00,23733.1,23733.1,23717.2,23719.75,1010757
1773305940,2026-03-12T14:29:00,23722.75,23723.4,23709.65,23711.8,761311
1773306000,2026-03-12T14:30:00,23713.5,23729.0,23712.75,23729.0,1005164
1773306060,2026-03-12T14:31:00,23731.25,23733.05,23717.85,23721.4,850641
1773306120,2026-03-12T14:32:00,23721.4,23721.4,23710.4,23716.05,777667
1773306180,2026-03-12T14:33:00,23717.45,23739.35,23715.2,23728.45,1150502
1773306240,2026-03-12T14:34:00,23730.5,23739.95,23730.5,23738.3,1030303
1773306300,2026-03-12T14:35:00,23739.3,23740.45,23733.45,23737.25,1481280
1773306360,2026-03-12T14:36:00,23737.9,23745.15,23731.4,23731.4,1712895
1773306420,2026-03-12T14:37:00,23733.3,23734.25,23721.4,23726.0,1809303
1773306480,2026-03-12T14:38:00,23727.25,23739.9,23727.15,23739.15,1498564
1773306540,2026-03-12T14:39:00,23739.55,23739.55,23721.7,23724.95,2369558
1773306600,2026-03-12T14:40:00,23726.15,23726.15,23697.95,23704.75,1811892
1773306660,2026-03-12T14:41:00,23702.7,23706.2,23699.15,23699.7,900131
1773306720,2026-03-12T14:42:00,23701.5,23702.95,23692.25,23692.25,996383
1773306780,2026-03-12T14:43:00,23693.25,23697.35,23681.95,23684.9,1215260
1773306840,2026-03-12T14:44:00,23685.95,23685.95,23667.6,23673.8,1547792
1773306900,2026-03-12T14:45:00,23673.15,23684.1,23659.5,23675.45,2052462
1773306960,2026-03-12T14:46:00,23677.9,23680.05,23660.1,23660.1,1289194
1773307020,2026-03-12T14:47:00,23661.55,23666.25,23657.2,23660.55,1113976
1773307080,2026-03-12T14:48:00,23659.35,23677.3,23658.75,23674.1,1728244
1773307140,2026-03-12T14:49:00,23675.7,23678.3,23669.95,23672.55,1364902
1773307200,2026-03-12T14:50:00,23674.25,23674.7,23627.9,23627.9,2497027
1773307260,2026-03-12T14:51:00,23627.25,23632.05,23616.4,23617.7,2221285
1773307320,2026-03-12T14:52:00,23618.35,23623.7,23605.55,23621.7,1783108
1773307380,2026-03-12T14:53:00,23622.1,23639.8,23619.95,23631.8,1972461
1773307440,2026-03-12T14:54:00,23634.6,23642.45,23630.8,23633.05,1704724
1773307500,2026-03-12T14:55:00,23634.5,23637.5,23619.95,23633.8,1347228
1773307560,2026-03-12T14:56:00,23635.9,23647.95,23635.9,23641.35,1200028
1773307620,2026-03-12T14:57:00,23642.8,23646.05,23633.3,23635.1,1092966
1773307680,2026-03-12T14:58:00,23635.0,23639.05,23631.9,23635.3,1074247
1773307740,2026-03-12T14:59:00,23637.55,23647.75,23633.45,23639.45,1423288
1773307800,2026-03-12T15:00:00,23641.1,23644.45,23613.95,23619.4,3342968
1773307860,2026-03-12T15:01:00,23620.5,23621.2,23609.95,23611.5,2034493
1773307920,2026-03-12T15:02:00,23610.85,23632.15,23610.85,23623.5,2711470
1773307980,2026-03-12T15:03:00,23623.65,23633.65,23622.65,23631.75,3062770
1773308040,2026-03-12T15:04:00,23633.4,23655.8,23631.75,23654.9,3048054
1773308100,2026-03-12T15:05:00,23655.65,23665.85,23651.5,23660.0,3115320
1773308160,2026-03-12T15:06:00,23662.0,23662.0,23644.0,23644.0,2456822
1773308220,2026-03-12T15:07:00,23644.4,23654.2,23640.8,23640.8,3030952
1773308280,2026-03-12T15:08:00,23642.05,23646.4,23637.9,23646.4,2736945
1773308340,2026-03-12T15:09:00,23649.2,23669.05,23649.2,23666.8,2793116
1773308400,2026-03-12T15:10:00,23665.35,23679.8,23664.5,23676.7,3491287
1773308460,2026-03-12T15:11:00,23677.65,23678.35,23650.25,23650.25,3027978
1773308520,2026-03-12T15:12:00,23649.85,23654.55,23628.8,23631.0,3656559
1773308580,2026-03-12T15:13:00,23632.0,23642.6,23632.0,23637.45,3661039
1773308640,2026-03-12T15:14:00,23637.6,23649.75,23631.45,23633.9,3955866
1773308700,2026-03-12T15:15:00,23636.35,23638.75,23629.0,23630.0,3531598
1773308760,2026-03-12T15:16:00,23629.35,23636.2,23625.05,23625.15,3114981
1773308820,2026-03-12T15:17:00,23626.3,23647.4,23624.75,23646.75,2662396
1773308880,2026-03-12T15:18:00,23647.4,23652.0,23647.05,23649.15,3258543
1773308940,2026-03-12T15:19:00,23649.15,23651.25,23645.0,23649.55,2747368
1773309000,2026-03-12T15:20:00,23650.65,23652.15,23642.4,23643.0,3292383
1773309060,2026-03-12T15:21:00,23643.35,23647.35,23631.85,23633.2,5750906
1773309120,2026-03-12T15:22:00,23633.75,23645.0,23632.85,23640.55,3194545
1773309180,2026-03-12T15:23:00,23641.45,23644.2,23636.55,23637.25,2522337
1773309240,2026-03-12T15:24:00,23638.05,23640.6,23630.55,23635.6,3234106
1773309300,2026-03-12T15:25:00,23635.55,23638.1,23627.65,23628.15,3134434
1773309360,2026-03-12T15:26:00,23629.55,23637.35,23628.95,23634.4,2426563
1773309420,2026-03-12T15:27:00,23634.7,23638.2,23631.45,23634.55,2494135
1773309480,2026-03-12T15:28:00,23632.0,23636.45,23630.75,23634.8,2591372
1773309540,2026-03-12T15:29:00,23633.4,23643.1,23624.6,23639.35,1444085
1773373500,2026-03-13T09:15:00,23462.5,23487.9,23419.1,23465.85,8410787
1773373560,2026-03-13T09:16:00,23467.1,23484.0,23455.5,23455.5,4541086
1773373620,2026-03-13T09:17:00,23456.4,23466.85,23455.35,23463.75,3255537
1773373680,2026-03-13T09:18:00,23463.5,23476.65,23451.3,23455.7,3434495
1773373740,2026-03-13T09:19:00,23456.3,23461.95,23444.1,23450.25,2567622
1773373800,2026-03-13T09:20:00,23448.5,23451.5,23421.7,23422.8,3853823
1773373860,2026-03-13T09:21:00,23422.85,23450.55,23417.1,23449.15,1887483
1773373920,2026-03-13T09:22:00,23448.45,23451.95,23428.5,23428.95,2400218
1773373980,2026-03-13T09:23:00,23430.4,23431.5,23417.0,23425.3,2155805
1773374040,2026-03-13T09:24:00,23426.3,23437.15,23422.2,23431.6,1557883
1773374100,2026-03-13T09:25:00,23431.15,23431.15,23415.25,23427.4,2140532
1773374160,2026-03-13T09:26:00,23430.25,23443.05,23430.25,23443.05,1726311
1773374220,2026-03-13T09:27:00,23443.75,23462.7,23443.15,23460.15,1898486
1773374280,2026-03-13T09:28:00,23463.25,23471.55,23457.55,23469.85,2235034
1773374340,2026-03-13T09:29:00,23470.3,23475.55,23464.8,23469.65,1397559
1773374400,2026-03-13T09:30:00,23469.8,23473.15,23463.5,23472.7,1386618
1773374460,2026-03-13T09:31:00,23473.05,23492.4,23470.5,23487.0,1466085
1773374520,2026-03-13T09:32:00,23488.05,23489.05,23462.7,23466.65,1216196
1773374580,2026-03-13T09:33:00,23470.05,23476.6,23460.1,23461.2,1141792
1773374640,2026-03-13T09:34:00,23461.25,23462.15,23452.6,23453.9,1399837
1773374700,2026-03-13T09:35:00,23455.05,23455.05,23446.6,23446.65,1679062
1773374760,2026-03-13T09:36:00,23446.9,23449.55,23438.75,23440.65,1434170
1773374820,2026-03-13T09:37:00,23440.7,23448.9,23433.6,23446.35,1287090
1773374880,2026-03-13T09:38:00,23449.05,23474.45,23448.55,23459.85,1799832
1773374940,2026-03-13T09:39:00,23461.25,23463.55,23448.8,23454.75,1295936
1773375000,2026-03-13T09:40:00,23456.25,23462.0,23450.7,23456.7,1664002
1773375060,2026-03-13T09:41:00,23458.9,23458.9,23447.5,23449.55,1239355
1773375120,2026-03-13T09:42:00,23450.65,23450.95,23442.55,23442.55,7908227
1773375180,2026-03-13T09:43:00,23443.75,23443.8,23438.0,23441.4,1926765
1773375240,2026-03-13T09:44:00,23443.3,23443.35,23424.95,23425.25,2177853
1773375300,2026-03-13T09:45:00,23426.55,23426.85,23414.45,23415.5,1942338
1773375360,2026-03-13T09:46:00,23418.5,23418.5,23403.3,23404.2,1287782
1773375420,2026-03-13T09:47:00,23405.35,23405.95,23393.25,23393.75,2669829
1773375480,2026-03-13T09:48:00,23394.2,23410.45,23388.45,23400.3,1936689
1773375540,2026-03-13T09:49:00,23402.8,23411.1,23397.4,23397.4,1319117
1773375600,2026-03-13T09:50:00,23399.65,23399.65,23392.45,23395.85,1052335
1773375660,2026-03-13T09:51:00,23397.4,23399.6,23377.3,23383.5,1303832
1773375720,2026-03-13T09:52:00,23384.4,23384.4,23364.0,23374.55,1672654
1773375780,2026-03-13T09:53:00,23374.15,23382.25,23373.6,23377.15,1443946
1773375840,2026-03-13T09:54:00,23377.15,23377.9,23362.65,23363.1,1784886
1773375900,2026-03-13T09:55:00,23364.45,23368.6,23354.7,23359.7,1182193
1773375960,2026-03-13T09:56:00,23362.4,23372.55,23361.3,23364.55,1428355
1773376020,2026-03-13T09:57:00,23366.2,23372.3,23363.35,23365.25,1592570
1773376080,2026-03-13T09:58:00,23365.5,23365.5,23346.75,23347.8,1523074
1773376140,2026-03-13T09:59:00,23348.75,23355.2,23344.2,23347.55,1272375
1773376200,2026-03-13T10:00:00,23349.1,23349.1,23333.55,23335.05,1558416
1773376260,2026-03-13T10:01:00,23336.25,23349.5,23333.0,23344.5,1344446
1773376320,2026-03-13T10:02:00,23346.15,23367.55,23344.6,23367.55,1820801
1773376380,2026-03-13T10:03:00,23368.6,23369.95,23360.5,23365.25,1324627
1773376440,2026-03-13T10:04:00,23366.5,23367.9,23359.3,23361.1,1145862
1773376500,2026-03-13T10:05:00,23361.8,23361.8,23340.2,23341.35,1244606
1773376560,2026-03-13T10:06:00,23341.95,23342.1,23326.1,23327.5,1308900
1773376620,2026-03-13T10:07:00,23328.75,23342.15,23328.7,23342.15,1087597
1773376680,2026-03-13T10:08:00,23343.1,23343.1,23335.8,23342.4,847933
1773376740,2026-03-13T10:09:00,23343.6,23343.6,23335.6,23337.05,1264132
1773376800,2026-03-13T10:10:00,23337.35,23339.7,23331.0,23339.7,967667
1773376860,2026-03-13T10:11:00,23341.8,23344.1,23330.3,23333.15,1033374
1773376920,2026-03-13T10:12:00,23333.15,23334.3,23319.9,23320.5,1011346
1773376980,2026-03-13T10:13:00,23321.5,23329.15,23320.35,23324.4,865991
1773377040,2026-03-13T10:14:00,23323.9,23329.95,23311.85,23329.8,1721863
1773377100,2026-03-13T10:15:00,23330.95,23340.7,23324.2,23338.4,841542
1773377160,2026-03-13T10:16:00,23339.2,23339.2,23321.15,23325.8,694656
1773377220,2026-03-13T10:17:00,23325.15,23326.65,23318.95,23319.55,1057681
1773377280,2026-03-13T10:18:00,23319.9,23331.1,23319.0,23329.9,940698
1773377340,2026-03-13T10:19:00,23331.8,23331.8,23317.35,23317.5,1352081
1773377400,2026-03-13T10:20:00,23318.1,23333.35,23317.45,23331.35,1299828
1773377460,2026-03-13T10:21:00,23331.45,23334.85,23324.45,23324.45,1095512
1773377520,2026-03-13T10:22:00,23325.55,23325.55,23313.85,23321.2,922222
1773377580,2026-03-13T10:23:00,23323.25,23325.4,23313.9,23314.0,1065833
1773377640,2026-03-13T10:24:00,23315.95,23318.4,23305.75,23311.85,1024921
1773377700,2026-03-13T10:25:00,23313.7,23318.45,23309.0,23315.85,959910
1773377760,2026-03-13T10:26:00,23316.9,23319.7,23313.6,23318.25,673779
1773377820,2026-03-13T10:27:00,23320.35,23334.5,23318.25,23334.35,867788
1773377880,2026-03-13T10:28:00,23335.0,23348.05,23333.25,23346.5,1123797
1773377940,2026-03-13T10:29:00,23346.45,23357.1,23340.2,23353.45,1510549
1773378000,2026-03-13T10:30:00,23354.45,23360.0,23342.25,23347.95,1077257
1773378060,2026-03-13T10:31:00,23348.85,23354.15,23346.15,23354.15,1069133
1773378120,2026-03-13T10:32:00,23356.35,23357.55,23345.45,23349.4,4718417
1773378180,2026-03-13T10:33:00,23350.1,23350.2,23330.55,23332.15,940824
1773378240,2026-03-13T10:34:00,23334.0,23334.7,23325.7,23326.75,871723
1773378300,2026-03-13T10:35:00,23326.75,23326.85,23320.3,23323.3,1048840
1773378360,2026-03-13T10:36:00,23323.65,23333.15,23323.3,23329.55,705460
1773378420,2026-03-13T10:37:00,23330.4,23333.2,23329.05,23331.85,1121232
1773378480,2026-03-13T10:38:00,23332.6,23333.05,23323.25,23331.55,1427252
1773378540,2026-03-13T10:39:00,23332.3,23338.0,23328.65,23337.2,1029277
1773378600,2026-03-13T10:40:00,23338.1,23338.1,23330.7,23331.25,963392
1773378660,2026-03-13T10:41:00,23332.05,23342.0,23332.05,23335.85,980432
1773378720,2026-03-13T10:42:00,23336.75,23337.75,23324.95,23329.45,893259
1773378780,2026-03-13T10:43:00,23327.6,23329.1,23317.75,23318.35,1336088
1773378840,2026-03-13T10:44:00,23318.55,23325.5,23313.05,23324.55,993229
1773378900,2026-03-13T10:45:00,23325.2,23329.45,23320.0,23325.75,745462
1773378960,2026-03-13T10:46:00,23326.1,23326.75,23321.9,23322.0,921921
1773379020,2026-03-13T10:47:00,23323.65,23323.65,23309.3,23313.05,1051853
1773379080,2026-03-13T10:48:00,23315.0,23326.95,23312.8,23326.7,1302440
1773379140,2026-03-13T10:49:00,23327.55,23333.4,23325.85,23330.4,988052
1773379200,2026-03-13T10:50:00,23330.65,23343.2,23330.1,23343.2,1192663
1773379260,2026-03-13T10:51:00,23343.2,23362.25,23342.75,23360.2,1665860
1773379320,2026-03-13T10:52:00,23361.7,23372.05,23360.05,23368.3,1530112
1773379380,2026-03-13T10:53:00,23368.4,23379.55,23365.95,23374.65,1639995
1773379440,2026-03-13T10:54:00,23374.45,23375.3,23359.15,23359.2,1070167
1773379500,2026-03-13T10:55:00,23362.1,23362.1,23352.1,23354.85,875340
1773379560,2026-03-13T10:56:00,23357.35,23362.5,23354.0,23361.5,773432
1773379620,2026-03-13T10:57:00,23363.8,23363.95,23348.9,23351.25,1242130
1773379680,2026-03-13T10:58:00,23353.75,23361.75,23351.65,23361.35,981059
1773379740,2026-03-13T10:59:00,23363.3,23372.7,23359.05,23372.7,972712
1773379800,2026-03-13T11:00:00,23373.8,23373.8,23359.45,23361.2,1056186
1773379860,2026-03-13T11:01:00,23361.2,23371.65,23361.1,23371.45,608278
1773379920,2026-03-13T11:02:00,23372.2,23374.7,23355.2,23355.2,1665962
1773379980,2026-03-13T11:03:00,23357.45,23363.5,23355.3,23362.3,734397
1773380040,2026-03-13T11:04:00,23363.85,23368.2,23356.1,23358.25,924733
1773380100,2026-03-13T11:05:00,23357.25,23361.4,23352.35,23360.0,886938
1773380160,2026-03-13T11:06:00,23361.65,23361.65,23350.3,23355.9,887197
1773380220,2026-03-13T11:07:00,23355.8,23358.25,23348.7,23349.2,711579
1773380280,2026-03-13T11:08:00,23350.1,23353.2,23344.1,23349.75,836546
1773380340,2026-03-13T11:09:00,23351.05,23351.05,23331.5,23334.2,1145823
1773380400,2026-03-13T11:10:00,23333.35,23335.3,23329.7,23333.15,764664
1773380460,2026-03-13T11:11:00,23334.75,23337.6,23330.3,23337.6,1464760
1773380520,2026-03-13T11:12:00,23337.45,23339.55,23327.2,23329.4,748967
1773380580,2026-03-13T11:13:00,23330.4,23336.15,23328.8,23328.8,1809234
1773380640,2026-03-13T11:14:00,23331.8,23332.0,23317.45,23321.65,1324636
1773380700,2026-03-13T11:15:00,23323.55,23324.3,23309.65,23309.65,1121789
1773380760,2026-03-13T11:16:00,23312.15,23322.55,23310.0,23321.05,1131725
1773380820,2026-03-13T11:17:00,23322.8,23329.25,23321.0,23326.35,761158
1773380880,2026-03-13T11:18:00,23328.3,23328.3,23321.4,23324.85,505135
1773380940,2026-03-13T11:19:00,23327.25,23328.5,23322.55,23324.85,718298
1773381000,2026-03-13T11:20:00,23324.1,23325.25,23319.6,23323.1,609860
1773381060,2026-03-13T11:21:00,23322.35,23334.3,23322.15,23333.35,693066
1773381120,2026-03-13T11:22:00,23335.5,23342.85,23326.7,23326.7,1029529
1773381180,2026-03-13T11:23:00,23327.65,23335.05,23324.15,23333.0,620771
1773381240,2026-03-13T11:24:00,23333.95,23338.95,23330.8,23335.95,604335
1773381300,2026-03-13T11:25:00,23337.0,23338.0,23333.15,23335.25,710259
1773381360,2026-03-13T11:26:00,23338.1,23349.2,23337.85,23347.5,689072
1773381420,2026-03-13T11:27:00,23348.05,23358.45,23343.55,23355.3,1636650
1773381480,2026-03-13T11:28:00,23356.1,23367.8,23356.1,23366.85,1138936
1773381540,2026-03-13T11:29:00,23370.45,23379.2,23367.5,23377.35,1508908
1773381600,2026-03-13T11:30:00,23378.85,23378.85,23371.45,23373.55,740075
1773381660,2026-03-13T11:31:00,23375.0,23376.05,23365.35,23376.05,952375
1773381720,2026-03-13T11:32:00,23377.8,23388.1,23376.65,23384.95,996253
1773381780,2026-03-13T11:33:00,23385.55,23400.3,23384.05,23398.15,1084023
1773381840,2026-03-13T11:34:00,23399.3,23399.3,23389.7,23391.3,787360
1773381900,2026-03-13T11:35:00,23392.2,23401.0,23391.0,23399.45,891357
1773381960,2026-03-13T11:36:00,23401.3,23401.3,23388.3,23388.3,881765
1773382020,2026-03-13T11:37:00,23390.55,23390.55,23380.5,23382.7,987507
1773382080,2026-03-13T11:38:00,23387.0,23408.05,23385.85,23405.9,2020772
1773382140,2026-03-13T11:39:00,23408.45,23410.2,23405.15,23405.15,1052363
1773382200,2026-03-13T11:40:00,23407.35,23408.5,23396.4,23397.6,971242
1773382260,2026-03-13T11:41:00,23398.35,23404.0,23395.25,23403.2,655795
1773382320,2026-03-13T11:42:00,23403.45,23410.7,23401.95,23406.95,724466
1773382380,2026-03-13T11:43:00,23408.8,23414.9,23406.05,23411.8,1155045
1773382440,2026-03-13T11:44:00,23413.35,23413.7,23405.95,23407.9,1091454
1773382500,2026-03-13T11:45:00,23409.35,23410.6,23399.0,23405.55,1017402
1773382560,2026-03-13T11:46:00,23406.15,23406.15,23392.4,23402.2,1031364
1773382620,2026-03-13T11:47:00,23403.2,23405.25,23396.65,23397.8,1059346
1773382680,2026-03-13T11:48:00,23399.6,23399.65,23390.4,23396.35,691798
1773382740,2026-03-13T11:49:00,23396.75,23406.6,23395.4,23403.5,673867
1773382800,2026-03-13T11:50:00,23405.5,23409.1,23401.4,23407.25,762463
1773382860,2026-03-13T11:51:00,23409.4,23409.4,23392.75,23395.8,796273
1773382920,2026-03-13T11:52:00,23398.35,23398.35,23388.7,23392.6,578139
1773382980,2026-03-13T11:53:00,23394.2,23406.1,23392.9,23403.45,694685
1773383040,2026-03-13T11:54:00,23403.7,23403.7,23389.25,23389.25,723462
1773383100,2026-03-13T11:55:00,23389.7,23389.7,23379.2,23379.55,1900398
1773383160,2026-03-13T11:56:00,23381.05,23381.15,23372.15,23375.2,1121434
1773383220,2026-03-13T11:57:00,23376.6,23378.05,23368.4,23376.25,994580
1773383280,2026-03-13T11:58:00,23378.1,23378.1,23363.0,23367.05,1509521
1773383340,2026-03-13T11:59:00,23368.9,23368.9,23360.5,23361.2,880286
1773383400,2026-03-13T12:00:00,23363.1,23365.45,23353.35,23355.7,1189454
1773383460,2026-03-13T12:01:00,23356.65,23356.65,23345.35,23346.0,918842
1773383520,2026-03-13T12:02:00,23344.85,23345.65,23335.75,23339.1,1071426
1773383580,2026-03-13T12:03:00,23339.3,23349.45,23338.8,23345.65,823758
1773383640,2026-03-13T12:04:00,23347.45,23347.45,23342.2,23344.15,640902
1773383700,2026-03-13T12:05:00,23344.3,23344.9,23338.55,23342.15,751830
1773383760,2026-03-13T12:06:00,23344.4,23344.75,23339.3,23343.05,978338
1773383820,2026-03-13T12:07:00,23344.3,23347.5,23341.35,23343.0,616223
1773383880,2026-03-13T12:08:00,23345.6,23345.8,23325.1,23326.6,1011014
1773383940,2026-03-13T12:09:00,23328.0,23332.35,23322.35,23331.6,1036725
1773384000,2026-03-13T12:10:00,23333.9,23333.9,23324.4,23326.55,786653
1773384060,2026-03-13T12:11:00,23327.85,23327.85,23317.45,23324.85,850567
1773384120,2026-03-13T12:12:00,23325.4,23332.3,23324.35,23331.9,911166
1773384180,2026-03-13T12:13:00,23332.0,23336.95,23328.55,23329.9,995350
1773384240,2026-03-13T12:14:00,23331.35,23342.55,23329.45,23336.15,858733
1773384300,2026-03-13T12:15:00,23338.9,23338.9,23330.15,23331.05,972081
1773384360,2026-03-13T12:16:00,23332.05,23333.95,23329.05,23329.7,747836
1773384420,2026-03-13T12:17:00,23330.75,23337.4,23326.5,23335.9,647615
1773384480,2026-03-13T12:18:00,23337.6,23337.7,23327.35,23333.3,700075
1773384540,2026-03-13T12:19:00,23333.85,23334.9,23318.1,23318.1,999787
1773384600,2026-03-13T12:20:00,23319.1,23319.1,23306.75,23308.35,1561978
1773384660,2026-03-13T12:21:00,23309.4,23313.7,23307.3,23309.05,903539
1773384720,2026-03-13T12:22:00,23310.05,23310.05,23291.2,23291.45,1180907
1773384780,2026-03-13T12:23:00,23293.6,23293.6,23270.0,23273.3,1725771
1773384840,2026-03-13T12:24:00,23275.45,23287.55,23269.05,23269.55,1158735
1773384900,2026-03-13T12:25:00,23273.3,23281.7,23266.1,23273.6,2302998
1773384960,2026-03-13T12:26:00,23276.45,23282.95,23272.8,23282.8,1385199
1773385020,2026-03-13T12:27:00,23284.8,23285.6,23273.45,23276.3,1078663
1773385080,2026-03-13T12:28:00,23277.2,23291.25,23273.6,23288.6,1106811
1773385140,2026-03-13T12:29:00,23289.75,23290.45,23278.45,23278.7,1305018
1773385200,2026-03-13T12:30:00,23280.05,23281.5,23270.45,23270.95,847210
1773385260,2026-03-13T12:31:00,23271.75,23272.1,23239.45,23240.8,1836493
1773385320,2026-03-13T12:32:00,23242.3,23251.35,23227.75,23246.5,1680376
1773385380,2026-03-13T12:33:00,23248.7,23252.6,23242.1,23242.5,797156
1773385440,2026-03-13T12:34:00,23244.5,23244.5,23235.6,23239.2,1133549
1773385500,2026-03-13T12:35:00,23241.0,23241.8,23234.45,23236.75,1340786
1773385560,2026-03-13T12:36:00,23237.45,23240.7,23235.2,23235.9,1058411
1773385620,2026-03-13T12:37:00,23236.7,23238.4,23225.6,23229.25,1048956
1773385680,2026-03-13T12:38:00,23231.2,23232.3,23210.5,23211.55,1023459
1773385740,2026-03-13T12:39:00,23212.65,23219.3,23211.8,23216.3,1567691
1773385800,2026-03-13T12:40:00,23219.2,23219.4,23208.65,23210.05,878691
1773385860,2026-03-13T12:41:00,23210.35,23210.35,23193.55,23199.5,1327864
1773385920,2026-03-13T12:42:00,23199.9,23216.6,23198.75,23215.15,980443
1773385980,2026-03-13T12:43:00,23215.75,23216.95,23211.3,23214.9,933471
1773386040,2026-03-13T12:44:00,23216.05,23218.8,23212.4,23212.4,812090
1773386100,2026-03-13T12:45:00,23214.0,23225.25,23210.2,23225.0,880103
1773386160,2026-03-13T12:46:00,23226.95,23241.3,23225.35,23240.55,870695
1773386220,2026-03-13T12:47:00,23241.05,23241.05,23230.75,23233.5,687346
1773386280,2026-03-13T12:48:00,23235.7,23245.5,23235.0,23237.4,793528
1773386340,2026-03-13T12:49:00,23240.2,23242.5,23236.6,23240.9,858551
1773386400,2026-03-13T12:50:00,23241.65,23247.35,23233.8,23247.35,820317
1773386460,2026-03-13T12:51:00,23247.65,23250.2,23238.65,23238.65,746742
1773386520,2026-03-13T12:52:00,23239.7,23239.7,23225.65,23226.4,885562
1773386580,2026-03-13T12:53:00,23228.35,23228.35,23216.85,23218.65,870195
1773386640,2026-03-13T12:54:00,23218.9,23229.95,23213.55,23229.6,826524
1773386700,2026-03-13T12:55:00,23230.45,23233.5,23224.65,23229.45,1129311
1773386760,2026-03-13T12:56:00,23230.65,23232.75,23220.5,23221.05,860145
1773386820,2026-03-13T12:57:00,23221.15,23221.25,23213.3,23221.25,868348
1773386880,2026-03-13T12:58:00,23222.05,23230.6,23218.8,23230.6,779234
1773386940,2026-03-13T12:59:00,23229.85,23242.8,23229.6,23231.1,797673
1773387000,2026-03-13T13:00:00,23232.55,23235.55,23227.8,23227.8,1496811
1773387060,2026-03-13T13:01:00,23226.5,23230.95,23223.15,23229.2,808579
1773387120,2026-03-13T13:02:00,23231.4,23239.55,23230.4,23236.55,1062981
1773387180,2026-03-13T13:03:00,23237.8,23238.3,23221.85,23224.05,712094
1773387240,2026-03-13T13:04:00,23224.55,23224.55,23217.75,23221.25,691740
1773387300,2026-03-13T13:05:00,23223.75,23227.5,23217.1,23217.1,707387
1773387360,2026-03-13T13:06:00,23218.95,23224.5,23214.75,23222.5,718275
1773387420,2026-03-13T13:07:00,23224.05,23224.45,23217.4,23221.0,675676
1773387480,2026-03-13T13:08:00,23223.2,23224.85,23200.6,23200.6,781965
1773387540,2026-03-13T13:09:00,23203.15,23207.5,23191.7,23197.15,958313
1773387600,2026-03-13T13:10:00,23198.45,23198.45,23181.45,23184.25,3234529
1773387660,2026-03-13T13:11:00,23186.2,23210.2,23180.55,23206.85,985372
1773387720,2026-03-13T13:12:00,23208.7,23208.7,23190.8,23194.2,799182
1773387780,2026-03-13T13:13:00,23196.7,23198.85,23179.6,23179.8,755449
1773387840,2026-03-13T13:14:00,23180.6,23185.8,23173.55,23175.7,853524
1773387900,2026-03-13T13:15:00,23178.35,23183.3,23170.95,23173.7,910486
1773387960,2026-03-13T13:16:00,23175.1,23178.75,23170.75,23178.35,1031796
1773388020,2026-03-13T13:17:00,23179.6,23192.75,23179.25,23187.45,982832
1773388080,2026-03-13T13:18:00,23189.3,23189.45,23175.5,23177.8,635922
1773388140,2026-03-13T13:19:00,23177.85,23179.35,23167.95,23171.6,1973875
1773388200,2026-03-13T13:20:00,23171.75,23186.6,23170.2,23180.5,922145
1773388260,2026-03-13T13:21:00,23181.55,23187.65,23173.75,23175.15,1230228
1773388320,2026-03-13T13:22:00,23176.1,23180.45,23172.8,23178.05,777076
1773388380,2026-03-13T13:23:00,23179.3,23179.35,23170.55,23171.7,1027775
1773388440,2026-03-13T13:24:00,23172.9,23174.05,23136.5,23141.25,1650815
1773388500,2026-03-13T13:25:00,23142.75,23150.65,23139.25,23150.65,1065872
1773388560,2026-03-13T13:26:00,23151.8,23164.65,23151.5,23162.3,1226106
1773388620,2026-03-13T13:27:00,23163.55,23171.6,23159.15,23169.8,860561
1773388680,2026-03-13T13:28:00,23173.15,23190.25,23169.9,23189.55,1189476
1773388740,2026-03-13T13:29:00,23189.05,23191.3,23183.8,23189.35,781291
1773388800,2026-03-13T13:30:00,23191.35,23194.25,23180.65,23193.3,1177219
1773388860,2026-03-13T13:31:00,23194.5,23202.65,23189.0,23189.0,1042897
1773388920,2026-03-13T13:32:00,23189.95,23189.95,23177.55,23177.55,1000346
1773388980,2026-03-13T13:33:00,23180.25,23180.25,23167.85,23169.5,816814
1773389040,2026-03-13T13:34:00,23170.5,23174.75,23166.4,23167.95,632016
1773389100,2026-03-13T13:35:00,23169.2,23171.1,23154.55,23155.75,935063
1773389160,2026-03-13T13:36:00,23157.65,23166.8,23156.45,23160.6,741002
1773389220,2026-03-13T13:37:00,23162.95,23163.25,23150.85,23155.6,867908
1773389280,2026-03-13T13:38:00,23157.05,23157.95,23144.85,23146.1,1087121
1773389340,2026-03-13T13:39:00,23147.6,23154.45,23142.7,23145.65,1100823
1773389400,2026-03-13T13:40:00,23147.25,23150.0,23144.55,23144.65,712018
1773389460,2026-03-13T13:41:00,23147.2,23150.0,23131.15,23146.9,1355791
1773389520,2026-03-13T13:42:00,23148.8,23165.2,23148.55,23160.25,994603
1773389580,2026-03-13T13:43:00,23162.45,23162.45,23154.45,23155.6,1159551
1773389640,2026-03-13T13:44:00,23157.55,23162.25,23151.5,23157.15,1646372
1773389700,2026-03-13T13:45:00,23159.1,23160.0,23148.85,23152.0,1786310
1773389760,2026-03-13T13:46:00,23154.95,23157.25,23151.3,23155.3,1427016
1773389820,2026-03-13T13:47:00,23154.5,23164.9,23152.8,23159.45,1033398
1773389880,2026-03-13T13:48:00,23161.9,23168.4,23156.7,23162.25,2401591
1773389940,2026-03-13T13:49:00,23164.85,23166.35,23158.75,23160.25,1551890
1773390000,2026-03-13T13:50:00,23162.3,23166.9,23150.4,23150.8,1645424
1773390060,2026-03-13T13:51:00,23150.8,23151.0,23133.55,23133.55,1191332
1773390120,2026-03-13T13:52:00,23136.1,23155.15,23119.6,23152.55,1568427
1773390180,2026-03-13T13:53:00,23154.85,23155.3,23141.65,23151.15,647657
1773390240,2026-03-13T13:54:00,23153.05,23153.3,23138.25,23138.25,732640
1773390300,2026-03-13T13:55:00,23141.55,23149.05,23138.85,23140.35,839921
1773390360,2026-03-13T13:56:00,23143.3,23150.3,23139.6,23142.5,1040042
1773390420,2026-03-13T13:57:00,23145.9,23148.35,23137.9,23137.9,858689
1773390480,2026-03-13T13:58:00,23139.4,23141.8,23125.2,23126.9,1160339
1773390540,2026-03-13T13:59:00,23128.05,23129.65,23112.0,23118.95,1277699
1773390600,2026-03-13T14:00:00,23121.65,23135.5,23120.2,23131.45,1059634
1773390660,2026-03-13T14:01:00,23133.2,23138.15,23129.3,23136.1,920810
1773390720,2026-03-13T14:02:00,23136.55,23154.75,23135.45,23152.35,1150586
1773390780,2026-03-13T14:03:00,23155.0,23161.45,23146.5,23149.95,1026686
1773390840,2026-03-13T14:04:00,23149.45,23153.8,23142.9,23143.2,1577916
1773390900,2026-03-13T14:05:00,23145.25,23159.85,23142.25,23150.85,1712296
1773390960,2026-03-13T14:06:00,23151.75,23172.6,23151.75,23168.4,1888067
1773391020,2026-03-13T14:07:00,23168.25,23178.0,23167.4,23172.3,1682379
1773391080,2026-03-13T14:08:00,23174.55,23176.4,23165.75,23171.85,1253208
1773391140,2026-03-13T14:09:00,23173.9,23178.5,23167.75,23170.25,1127775
1773391200,2026-03-13T14:10:00,23172.75,23183.1,23167.15,23176.4,1472929
1773391260,2026-03-13T14:11:00,23177.6,23178.55,23167.5,23174.05,1167222
1773391320,2026-03-13T14:12:00,23176.15,23179.6,23171.85,23172.15,1237717
1773391380,2026-03-13T14:13:00,23171.95,23184.5,23168.7,23180.65,1451659
1773391440,2026-03-13T14:14:00,23182.9,23205.5,23182.15,23201.85,1322854
1773391500,2026-03-13T14:15:00,23203.65,23208.05,23184.3,23184.4,1064310
1773391560,2026-03-13T14:16:00,23187.0,23191.65,23182.75,23184.0,1317358
1773391620,2026-03-13T14:17:00,23186.2,23195.9,23183.6,23191.85,1242371
1773391680,2026-03-13T14:18:00,23192.9,23198.65,23185.7,23187.4,1608215
1773391740,2026-03-13T14:19:00,23190.8,23220.0,23187.3,23219.2,1859418
1773391800,2026-03-13T14:20:00,23221.45,23233.5,23215.95,23223.6,1502712
1773391860,2026-03-13T14:21:00,23226.75,23232.4,23210.15,23210.15,1242700
1773391920,2026-03-13T14:22:00,23212.25,23214.0,23201.75,23211.9,1392283
1773391980,2026-03-13T14:23:00,23215.7,23216.6,23206.05,23212.65,1145740
1773392040,2026-03-13T14:24:00,23213.3,23217.65,23208.2,23210.2,923927
1773392100,2026-03-13T14:25:00,23210.8,23218.85,23208.35,23209.5,995783
1773392160,2026-03-13T14:26:00,23211.2,23211.2,23199.75,23203.85,1156352
1773392220,2026-03-13T14:27:00,23205.9,23217.85,23203.55,23207.5,1084643
1773392280,2026-03-13T14:28:00,23209.8,23225.1,23207.7,23219.2,1413934
1773392340,2026-03-13T14:29:00,23221.1,23222.75,23202.5,23202.5,1160543
1773392400,2026-03-13T14:30:00,23204.6,23227.45,23203.6,23222.8,1610598
1773392460,2026-03-13T14:31:00,23225.35,23227.85,23212.05,23225.35,1289849
1773392520,2026-03-13T14:32:00,23225.55,23247.05,23225.55,23244.75,1596784
1773392580,2026-03-13T14:33:00,23244.6,23257.3,23244.6,23251.9,1957100
1773392640,2026-03-13T14:34:00,23253.35,23258.6,23235.3,23235.5,1532374
1773392700,2026-03-13T14:35:00,23242.1,23242.3,23217.0,23231.2,1710494
1773392760,2026-03-13T14:36:00,23232.75,23241.3,23229.65,23234.55,1385468
1773392820,2026-03-13T14:37:00,23236.35,23239.75,23219.3,23236.75,1272606
1773392880,2026-03-13T14:38:00,23238.55,23249.05,23228.3,23228.3,1613894
1773392940,2026-03-13T14:39:00,23230.9,23232.2,23208.3,23208.65,1465469
1773393000,2026-03-13T14:40:00,23211.75,23220.55,23208.15,23213.75,1326301
1773393060,2026-03-13T14:41:00,23214.45,23219.6,23208.2,23214.4,1220028
1773393120,2026-03-13T14:42:00,23216.35,23218.25,23205.65,23208.95,1694023
1773393180,2026-03-13T14:43:00,23211.3,23217.9,23208.5,23214.85,1775105
1773393240,2026-03-13T14:44:00,23216.65,23231.55,23215.5,23224.8,1610309
1773393300,2026-03-13T14:45:00,23228.7,23231.2,23213.15,23213.8,1742529
1773393360,2026-03-13T14:46:00,23212.0,23216.2,23188.7,23189.6,1841496
1773393420,2026-03-13T14:47:00,23189.85,23198.25,23177.55,23194.95,1944268
1773393480,2026-03-13T14:48:00,23196.75,23204.3,23193.3,23195.7,1280587
1773393540,2026-03-13T14:49:00,23199.05,23204.75,23191.05,23191.05,1225317
1773393600,2026-03-13T14:50:00,23193.65,23212.2,23191.05,23208.65,1354543
1773393660,2026-03-13T14:51:00,23209.75,23212.5,23203.25,23205.45,1175688
1773393720,2026-03-13T14:52:00,23204.9,23210.95,23191.1,23191.1,1503874
1773393780,2026-03-13T14:53:00,23193.0,23193.0,23169.75,23173.15,1563531
1773393840,2026-03-13T14:54:00,23171.9,23178.15,23166.6,23167.35,1550353
1773393900,2026-03-13T14:55:00,23172.65,23175.15,23159.15,23159.35,1996086
1773393960,2026-03-13T14:56:00,23158.3,23160.75,23147.65,23150.25,1968842
1773394020,2026-03-13T14:57:00,23151.25,23158.75,23144.55,23158.75,1651499
1773394080,2026-03-13T14:58:00,23159.8,23170.15,23156.1,23165.65,1618901
1773394140,2026-03-13T14:59:00,23166.6,23182.1,23162.1,23177.9,1614987
1773394200,2026-03-13T15:00:00,23181.05,23190.55,23168.45,23185.3,2593279
1773394260,2026-03-13T15:01:00,23186.2,23187.3,23167.85,23172.55,1895129
1773394320,2026-03-13T15:02:00,23172.3,23174.35,23165.95,23168.8,2771369
1773394380,2026-03-13T15:03:00,23168.25,23168.85,23156.2,23161.75,2056375
1773394440,2026-03-13T15:04:00,23161.3,23163.5,23135.75,23138.05,2524469
1773394500,2026-03-13T15:05:00,23137.45,23142.15,23134.3,23139.45,2551050
1773394560,2026-03-13T15:06:00,23141.2,23141.5,23133.1,23135.35,2101237
1773394620,2026-03-13T15:07:00,23134.95,23147.9,23131.45,23144.8,2439884
1773394680,2026-03-13T15:08:00,23145.55,23147.95,23132.95,23134.55,2463955
1773394740,2026-03-13T15:09:00,23132.15,23134.15,23125.1,23132.75,2555918
1773394800,2026-03-13T15:10:00,23136.9,23139.25,23127.75,23136.05,3160716
1773394860,2026-03-13T15:11:00,23135.0,23151.65,23133.95,23149.95,2800754
1773394920,2026-03-13T15:12:00,23149.15,23166.2,23149.15,23160.2,3072251
1773394980,2026-03-13T15:13:00,23159.95,23166.95,23156.4,23165.65,2129245
1773395040,2026-03-13T15:14:00,23162.25,23167.05,23160.4,23162.55,2263490
1773395100,2026-03-13T15:15:00,23161.45,23165.15,23152.2,23156.1,3046095
1773395160,2026-03-13T15:16:00,23154.1,23156.2,23145.7,23149.95,4048066
1773395220,2026-03-13T15:17:00,23149.25,23155.6,23146.75,23152.0,2174010
1773395280,2026-03-13T15:18:00,23151.95,23155.55,23145.65,23151.15,2810458
1773395340,2026-03-13T15:19:00,23150.8,23157.35,23149.3,23153.2,2801792
1773395400,2026-03-13T15:20:00,23153.1,23153.75,23146.35,23148.3,2586060
1773395460,2026-03-13T15:21:00,23146.4,23149.65,23143.2,23149.65,2505557
1773395520,2026-03-13T15:22:00,23149.4,23154.1,23145.4,23150.7,2833954
1773395580,2026-03-13T15:23:00,23148.25,23149.95,23144.5,23144.5,2599626
1773395640,2026-03-13T15:24:00,23143.45,23148.45,23138.5,23148.15,2793896
1773395700,2026-03-13T15:25:00,23147.3,23158.1,23147.0,23155.55,3244286
1773395760,2026-03-13T15:26:00,23154.9,23164.5,23154.9,23161.5,2543090
1773395820,2026-03-13T15:27:00,23163.2,23163.7,23158.1,23160.0,1772130
1773395880,2026-03-13T15:28:00,23157.5,23163.75,23155.7,23162.15,2266501
1773395940,2026-03-13T15:29:00,23163.25,23173.85,23159.55,23170.9,1320188
1773632700,2026-03-16T09:15:00,23116.1,23248.05,23098.0,23155.35,8413712
1773632760,2026-03-16T09:16:00,23166.9,23186.1,23132.6,23133.0,5129594
1773632820,2026-03-16T09:17:00,23134.8,23156.25,23121.45,23131.6,3180109
1773632880,2026-03-16T09:18:00,23133.15,23169.45,23127.75,23169.45,3890297
1773632940,2026-03-16T09:19:00,23168.4,23190.95,23163.05,23172.55,2930162
1773633000,2026-03-16T09:20:00,23173.8,23188.3,23163.6,23165.45,3516473
1773633060,2026-03-16T09:21:00,23166.35,23168.2,23148.75,23156.65,2541415
1773633120,2026-03-16T09:22:00,23158.35,23170.45,23142.9,23166.3,1784087
1773633180,2026-03-16T09:23:00,23164.4,23182.0,23161.65,23163.65,1986557
1773633240,2026-03-16T09:24:00,23163.1,23168.85,23131.65,23139.9,1813037
1773633300,2026-03-16T09:25:00,23140.85,23146.2,23111.3,23121.9,2292522
1773633360,2026-03-16T09:26:00,23123.15,23129.95,23113.25,23119.15,2003193
1773633420,2026-03-16T09:27:00,23119.2,23149.35,23118.35,23139.6,2506426
1773633480,2026-03-16T09:28:00,23144.5,23166.95,23144.5,23156.75,2053814
1773633540,2026-03-16T09:29:00,23155.35,23159.7,23150.05,23157.75,1437464
1773633600,2026-03-16T09:30:00,23159.5,23187.5,23158.2,23183.8,1850104
1773633660,2026-03-16T09:31:00,23184.1,23204.75,23176.8,23200.9,1560418
1773633720,2026-03-16T09:32:00,23201.95,23202.2,23185.7,23191.75,1584744
1773633780,2026-03-16T09:33:00,23192.15,23214.35,23192.15,23201.55,1324369
1773633840,2026-03-16T09:34:00,23201.9,23224.3,23201.15,23219.65,1349169
1773633900,2026-03-16T09:35:00,23221.15,23234.8,23217.05,23227.8,1599343
1773633960,2026-03-16T09:36:00,23228.25,23245.45,23226.1,23244.45,1789818
1773634020,2026-03-16T09:37:00,23244.55,23266.8,23236.15,23262.8,1377819
1773634080,2026-03-16T09:38:00,23261.15,23270.0,23256.0,23263.35,1808224
1773634140,2026-03-16T09:39:00,23263.15,23264.5,23238.1,23242.75,1371387
1773634200,2026-03-16T09:40:00,23240.95,23275.25,23239.6,23274.15,1509156
1773634260,2026-03-16T09:41:00,23274.45,23284.65,23270.25,23276.25,1627996
1773634320,2026-03-16T09:42:00,23276.45,23278.6,23263.75,23265.1,1363248
1773634380,2026-03-16T09:43:00,23264.75,23265.6,23247.25,23248.8,1243802
1773634440,2026-03-16T09:44:00,23249.25,23252.8,23237.4,23240.5,1655011
1773634500,2026-03-16T09:45:00,23240.2,23272.85,23239.05,23268.45,1206453
1773634560,2026-03-16T09:46:00,23269.0,23276.95,23261.1,23261.7,1394697
1773634620,2026-03-16T09:47:00,23261.95,23262.1,23231.45,23231.75,1356447
1773634680,2026-03-16T09:48:00,23231.45,23247.3,23231.45,23245.25,1076672
1773634740,2026-03-16T09:49:00,23244.75,23248.95,23239.9,23241.0,1082680
1773634800,2026-03-16T09:50:00,23240.85,23246.25,23233.75,23235.85,946971
1773634860,2026-03-16T09:51:00,23236.55,23249.25,23229.6,23247.45,1113051
1773634920,2026-03-16T09:52:00,23247.9,23261.0,23242.4,23250.9,1093395
1773634980,2026-03-16T09:53:00,23250.8,23256.25,23232.95,23233.2,1206439
1773635040,2026-03-16T09:54:00,23233.0,23235.9,23221.0,23226.5,993780
1773635100,2026-03-16T09:55:00,23226.65,23232.75,23223.0,23230.05,770598
1773635160,2026-03-16T09:56:00,23230.0,23230.0,23215.05,23217.2,796658
1773635220,2026-03-16T09:57:00,23217.0,23232.05,23216.35,23216.9,991260
1773635280,2026-03-16T09:58:00,23215.7,23217.0,23199.95,23199.95,1017022
1773635340,2026-03-16T09:59:00,23198.65,23198.65,23164.7,23167.55,2132051
1773635400,2026-03-16T10:00:00,23168.8,23190.45,23168.35,23187.95,1456108
1773635460,2026-03-16T10:01:00,23189.65,23198.15,23171.85,23173.2,936732
1773635520,2026-03-16T10:02:00,23173.0,23183.8,23169.55,23172.45,1332893
1773635580,2026-03-16T10:03:00,23172.2,23179.15,23167.45,23169.55,1155233
1773635640,2026-03-16T10:04:00,23170.35,23198.35,23169.45,23196.95,950112
1773635700,2026-03-16T10:05:00,23197.1,23209.85,23193.15,23208.4,1051537
1773635760,2026-03-16T10:06:00,23208.75,23210.5,23196.5,23205.45,872526
1773635820,2026-03-16T10:07:00,23204.9,23207.2,23196.25,23201.65,794538
1773635880,2026-03-16T10:08:00,23200.6,23203.95,23189.95,23199.1,692562
1773635940,2026-03-16T10:09:00,23199.35,23199.35,23182.15,23184.45,598316
1773636000,2026-03-16T10:10:00,23184.75,23189.95,23176.35,23178.7,644763
1773636060,2026-03-16T10:11:00,23179.3,23181.75,23168.05,23168.75,1052709
1773636120,2026-03-16T10:12:00,23168.25,23168.25,23155.7,23156.55,851732
1773636180,2026-03-16T10:13:00,23156.15,23159.95,23143.5,23146.25,1818750
1773636240,2026-03-16T10:14:00,23146.4,23155.3,23143.25,23155.2,1064777
1773636300,2026-03-16T10:15:00,23154.35,23154.35,23135.75,23137.65,926454
1773636360,2026-03-16T10:16:00,23136.9,23139.4,23119.1,23130.55,1491603
1773636420,2026-03-16T10:17:00,23131.6,23133.05,23111.2,23111.2,1172155
1773636480,2026-03-16T10:18:00,23111.65,23120.05,23106.75,23117.4,1168135
1773636540,2026-03-16T10:19:00,23116.4,23118.1,23099.8,23100.0,881425
1773636600,2026-03-16T10:20:00,23100.6,23100.6,23057.2,23059.0,1731692
1773636660,2026-03-16T10:21:00,23058.95,23078.8,23055.7,23076.5,1314577
1773636720,2026-03-16T10:22:00,23076.8,23077.45,23066.05,23073.65,916396
1773636780,2026-03-16T10:23:00,23074.2,23077.85,23064.15,23065.75,834938
1773636840,2026-03-16T10:24:00,23066.55,23067.9,23055.1,23056.7,888692
1773636900,2026-03-16T10:25:00,23055.7,23065.95,23044.85,23058.5,1209308
1773636960,2026-03-16T10:26:00,23057.75,23064.95,23053.0,23053.0,1198018
1773637020,2026-03-16T10:27:00,23053.65,23053.65,23038.35,23046.6,836979
1773637080,2026-03-16T10:28:00,23045.95,23047.65,23032.15,23033.15,918881
1773637140,2026-03-16T10:29:00,23033.85,23036.35,23024.45,23024.95,1995492
1773637200,2026-03-16T10:30:00,23026.5,23063.9,23025.95,23057.35,2077406
1773637260,2026-03-16T10:31:00,23057.85,23074.5,23057.85,23066.85,1149383
1773637320,2026-03-16T10:32:00,23066.6,23070.35,23061.7,23063.05,659880
1773637380,2026-03-16T10:33:00,23062.85,23062.85,23046.75,23046.75,837436
1773637440,2026-03-16T10:34:00,23047.35,23047.55,23040.15,23045.1,698306
1773637500,2026-03-16T10:35:00,23045.3,23059.65,23038.8,23059.65,1098898
1773637560,2026-03-16T10:36:00,23058.05,23063.25,23056.1,23059.0,857276
1773637620,2026-03-16T10:37:00,23060.3,23066.65,23053.25,23060.15,851986
1773637680,2026-03-16T10:38:00,23059.95,23076.75,23059.95,23069.85,815446
1773637740,2026-03-16T10:39:00,23071.0,23072.25,23056.75,23057.7,662544
1773637800,2026-03-16T10:40:00,23056.85,23060.05,23051.65,23057.75,864330
1773637860,2026-03-16T10:41:00,23057.95,23068.3,23047.75,23064.2,818834
1773637920,2026-03-16T10:42:00,23064.25,23064.95,23053.4,23054.3,752775
1773637980,2026-03-16T10:43:00,23055.55,23060.0,23049.45,23057.9,764947
1773638040,2026-03-16T10:44:00,23059.0,23059.1,23049.3,23052.05,577274
1773638100,2026-03-16T10:45:00,23053.5,23053.5,23041.65,23041.9,611626
1773638160,2026-03-16T10:46:00,23042.05,23056.05,23039.6,23052.45,693826
1773638220,2026-03-16T10:47:00,23053.05,23064.25,23050.65,23052.15,679606
1773638280,2026-03-16T10:48:00,23051.9,23053.85,23036.5,23037.05,555483
1773638340,2026-03-16T10:49:00,23036.8,23038.75,23028.0,23035.6,912106
1773638400,2026-03-16T10:50:00,23035.7,23041.5,23023.35,23024.2,862396
1773638460,2026-03-16T10:51:00,23026.1,23035.7,23017.35,23017.7,937542
1773638520,2026-03-16T10:52:00,23017.65,23019.2,23007.05,23008.55,1329201
1773638580,2026-03-16T10:53:00,23008.95,23011.3,22989.2,22993.25,1058907
1773638640,2026-03-16T10:54:00,22992.0,22996.9,22985.15,22986.25,1829428
1773638700,2026-03-16T10:55:00,22987.35,22990.75,22967.0,22967.6,1614957
1773638760,2026-03-16T10:56:00,22967.85,22973.25,22955.25,22957.45,1570585
1773638820,2026-03-16T10:57:00,22958.45,22992.05,22958.45,22992.05,1125618
1773638880,2026-03-16T10:58:00,22992.5,23010.85,22992.5,23007.7,1449185
1773638940,2026-03-16T10:59:00,23008.05,23034.05,23008.05,23032.25,1436443
1773639000,2026-03-16T11:00:00,23032.95,23035.1,23016.2,23016.2,1073397
1773639060,2026-03-16T11:01:00,23015.85,23039.35,23012.95,23038.2,1078274
1773639120,2026-03-16T11:02:00,23037.7,23041.4,23030.4,23034.6,1283365
1773639180,2026-03-16T11:03:00,23034.4,23046.05,23030.7,23046.05,1008706
1773639240,2026-03-16T11:04:00,23046.1,23049.05,23043.05,23043.05,770843
1773639300,2026-03-16T11:05:00,23043.85,23047.2,23030.4,23045.25,714533
1773639360,2026-03-16T11:06:00,23045.25,23056.7,23039.3,23056.3,721130
1773639420,2026-03-16T11:07:00,23057.85,23070.95,23057.85,23069.3,1029371
1773639480,2026-03-16T11:08:00,23068.85,23074.05,23065.8,23067.7,850437
1773639540,2026-03-16T11:09:00,23068.4,23079.0,23064.15,23076.75,886812
1773639600,2026-03-16T11:10:00,23077.9,23096.35,23077.9,23078.95,1062402
1773639660,2026-03-16T11:11:00,23079.8,23080.25,23060.65,23066.0,748089
1773639720,2026-03-16T11:12:00,23066.5,23083.3,23066.5,23083.3,645756
1773639780,2026-03-16T11:13:00,23084.8,23092.8,23075.95,23088.9,664981
1773639840,2026-03-16T11:14:00,23089.1,23097.45,23089.1,23092.35,722578
1773639900,2026-03-16T11:15:00,23093.55,23115.95,23090.7,23114.65,1014484
1773639960,2026-03-16T11:16:00,23115.75,23124.4,23114.6,23124.4,1155383
1773640020,2026-03-16T11:17:00,23125.0,23152.5,23123.95,23146.7,1301012
1773640080,2026-03-16T11:18:00,23146.4,23152.8,23131.05,23152.8,997860
1773640140,2026-03-16T11:19:00,23154.95,23190.15,23154.95,23187.75,1754148
1773640200,2026-03-16T11:20:00,23189.05,23189.05,23164.5,23182.55,929178
1773640260,2026-03-16T11:21:00,23181.95,23196.6,23181.95,23192.2,1104129
1773640320,2026-03-16T11:22:00,23192.85,23195.35,23179.55,23181.6,932055
1773640380,2026-03-16T11:23:00,23181.4,23189.35,23175.3,23177.65,1390397
1773640440,2026-03-16T11:24:00,23177.2,23199.45,23174.25,23185.4,1178623
1773640500,2026-03-16T11:25:00,23182.7,23182.8,23162.5,23166.85,866291
1773640560,2026-03-16T11:26:00,23167.25,23184.15,23167.25,23173.3,740009
1773640620,2026-03-16T11:27:00,23173.25,23178.95,23169.5,23178.5,676124
1773640680,2026-03-16T11:28:00,23179.65,23183.25,23171.85,23172.0,536809
1773640740,2026-03-16T11:29:00,23172.65,23173.4,23160.55,23172.2,785335
1773640800,2026-03-16T11:30:00,23172.75,23176.35,23163.2,23173.0,652272
1773640860,2026-03-16T11:31:00,23173.05,23201.2,23173.05,23193.35,1012046
1773640920,2026-03-16T11:32:00,23192.65,23218.15,23191.8,23211.25,1181824
1773640980,2026-03-16T11:33:00,23211.0,23211.9,23198.35,23198.35,1137494
1773641040,2026-03-16T11:34:00,23198.95,23200.05,23193.2,23196.85,898357
1773641100,2026-03-16T11:35:00,23197.1,23209.05,23193.5,23198.0,798526
1773641160,2026-03-16T11:36:00,23198.7,23200.1,23183.2,23185.05,827158
1773641220,2026-03-16T11:37:00,23185.25,23186.55,23174.15,23179.65,794043
1773641280,2026-03-16T11:38:00,23179.5,23186.75,23174.9,23177.7,645810
1773641340,2026-03-16T11:39:00,23178.85,23179.3,23161.35,23166.7,832470
1773641400,2026-03-16T11:40:00,23166.35,23170.25,23161.4,23168.85,637055
1773641460,2026-03-16T11:41:00,23169.35,23174.55,23164.15,23172.75,655842
1773641520,2026-03-16T11:42:00,23172.4,23184.05,23164.1,23183.15,778722
1773641580,2026-03-16T11:43:00,23182.15,23184.0,23163.55,23164.4,686735
1773641640,2026-03-16T11:44:00,23163.35,23165.05,23148.35,23149.5,943285
1773641700,2026-03-16T11:45:00,23149.9,23166.45,23149.9,23162.15,635250
1773641760,2026-03-16T11:46:00,23162.3,23163.05,23149.95,23151.15,674825
1773641820,2026-03-16T11:47:00,23151.25,23157.5,23150.9,23153.45,600251
1773641880,2026-03-16T11:48:00,23153.8,23158.7,23144.8,23157.8,865629
1773641940,2026-03-16T11:49:00,23155.65,23165.75,23154.5,23160.0,675104
1773642000,2026-03-16T11:50:00,23160.0,23166.9,23158.6,23165.9,570233
1773642060,2026-03-16T11:51:00,23166.7,23170.55,23154.6,23155.2,526836
1773642120,2026-03-16T11:52:00,23154.4,23161.6,23144.95,23161.6,898708
1773642180,2026-03-16T11:53:00,23161.55,23164.6,23156.85,23156.85,332043
1773642240,2026-03-16T11:54:00,23158.2,23159.4,23154.2,23154.2,426644
1773642300,2026-03-16T11:55:00,23152.95,23152.95,23139.7,23139.7,1036906
1773642360,2026-03-16T11:56:00,23140.1,23156.05,23138.1,23156.05,721245
1773642420,2026-03-16T11:57:00,23155.7,23172.0,23152.45,23169.45,924320
1773642480,2026-03-16T11:58:00,23169.95,23169.95,23149.55,23149.55,501509
1773642540,2026-03-16T11:59:00,23150.15,23154.05,23142.5,23144.95,471710
1773642600,2026-03-16T12:00:00,23144.4,23168.15,23144.4,23165.3,706190
1773642660,2026-03-16T12:01:00,23165.25,23177.05,23165.25,23175.75,516994
1773642720,2026-03-16T12:02:00,23175.25,23180.1,23174.4,23178.55,547889
1773642780,2026-03-16T12:03:00,23178.8,23187.6,23178.65,23186.3,631766
1773642840,2026-03-16T12:04:00,23186.15,23188.95,23154.35,23155.1,724599
1773642900,2026-03-16T12:05:00,23155.5,23162.65,23155.5,23160.45,515170
1773642960,2026-03-16T12:06:00,23160.4,23160.95,23150.8,23160.3,566902
1773643020,2026-03-16T12:07:00,23160.1,23163.8,23152.15,23162.0,460825
1773643080,2026-03-16T12:08:00,23162.65,23168.15,23160.35,23164.1,549537
1773643140,2026-03-16T12:09:00,23164.3,23164.3,23158.6,23159.55,455954
1773643200,2026-03-16T12:10:00,23159.2,23159.65,23147.6,23148.8,598459
1773643260,2026-03-16T12:11:00,23147.3,23166.35,23147.3,23162.45,701434
1773643320,2026-03-16T12:12:00,23163.15,23177.35,23163.15,23176.9,638782
1773643380,2026-03-16T12:13:00,23177.2,23185.85,23176.75,23177.7,727388
1773643440,2026-03-16T12:14:00,23177.0,23177.6,23161.05,23162.85,615512
1773643500,2026-03-16T12:15:00,23163.3,23167.95,23161.55,23164.95,1040381
1773643560,2026-03-16T12:16:00,23164.75,23165.9,23154.35,23156.1,665581
1773643620,2026-03-16T12:17:00,23156.4,23169.15,23155.2,23165.45,618484
1773643680,2026-03-16T12:18:00,23165.1,23165.1,23156.0,23157.95,617158
1773643740,2026-03-16T12:19:00,23158.0,23167.15,23158.0,23166.05,518780
1773643800,2026-03-16T12:20:00,23166.5,23170.75,23162.3,23170.65,850494
1773643860,2026-03-16T12:21:00,23170.95,23174.9,23169.35,23171.85,629204
1773643920,2026-03-16T12:22:00,23171.75,23172.65,23167.2,23169.7,603172
1773643980,2026-03-16T12:23:00,23170.25,23177.15,23170.25,23174.25,694103
1773644040,2026-03-16T12:24:00,23174.2,23192.85,23171.05,23191.9,1193347
1773644100,2026-03-16T12:25:00,23191.15,23191.15,23180.1,23188.35,817288
1773644160,2026-03-16T12:26:00,23188.45,23196.45,23187.8,23190.15,923802
1773644220,2026-03-16T12:27:00,23190.65,23191.85,23183.6,23185.9,574716
1773644280,2026-03-16T12:28:00,23186.2,23186.9,23171.15,23177.3,916445
1773644340,2026-03-16T12:29:00,23177.15,23189.05,23177.15,23179.4,891710
1773644400,2026-03-16T12:30:00,23178.65,23178.65,23163.85,23172.75,839764
1773644460,2026-03-16T12:31:00,23172.35,23178.6,23172.35,23175.35,696617
1773644520,2026-03-16T12:32:00,23174.9,23182.55,23173.75,23175.85,1285269
1773644580,2026-03-16T12:33:00,23175.8,23177.7,23161.4,23161.4,1041594
1773644640,2026-03-16T12:34:00,23162.4,23162.4,23138.85,23144.65,1205635
1773644700,2026-03-16T12:35:00,23144.2,23145.35,23116.5,23116.65,1345986
1773644760,2026-03-16T12:36:00,23116.3,23146.15,23114.5,23145.95,971184
1773644820,2026-03-16T12:37:00,23146.35,23153.8,23139.05,23153.8,851867
1773644880,2026-03-16T12:38:00,23152.85,23158.45,23145.7,23151.3,1040352
1773644940,2026-03-16T12:39:00,23151.8,23160.55,23150.9,23159.45,978312
1773645000,2026-03-16T12:40:00,23159.45,23160.1,23151.45,23155.85,670549
1773645060,2026-03-16T12:41:00,23155.95,23165.35,23155.95,23161.6,1003930
1773645120,2026-03-16T12:42:00,23161.65,23167.9,23160.65,23161.1,1299447
1773645180,2026-03-16T12:43:00,23161.05,23173.65,23159.5,23172.85,1121091
1773645240,2026-03-16T12:44:00,23172.05,23172.75,23151.95,23154.8,814450
1773645300,2026-03-16T12:45:00,23154.15,23154.6,23134.05,23134.05,1022577
1773645360,2026-03-16T12:46:00,23134.25,23137.8,23118.6,23122.05,1343540
1773645420,2026-03-16T12:47:00,23122.6,23126.7,23118.8,23124.3,901528
1773645480,2026-03-16T12:48:00,23124.05,23124.05,23106.35,23107.2,931099
1773645540,2026-03-16T12:49:00,23107.7,23107.85,23100.6,23102.65,1446804
1773645600,2026-03-16T12:50:00,23102.4,23105.9,23095.85,23095.85,909900
1773645660,2026-03-16T12:51:00,23095.65,23102.1,23093.25,23096.6,919132
1773645720,2026-03-16T12:52:00,23096.05,23108.6,23095.45,23108.6,664951
1773645780,2026-03-16T12:53:00,23107.8,23128.7,23106.75,23125.45,1270698
1773645840,2026-03-16T12:54:00,23124.3,23126.55,23121.25,23123.5,736544
1773645900,2026-03-16T12:55:00,23123.2,23124.15,23114.8,23116.1,802825
1773645960,2026-03-16T12:56:00,23116.55,23128.3,23116.55,23124.8,617633
1773646020,2026-03-16T12:57:00,23123.65,23125.25,23115.55,23119.7,1637664
1773646080,2026-03-16T12:58:00,23119.3,23121.2,23116.95,23117.1,564045
1773646140,2026-03-16T12:59:00,23116.65,23132.75,23116.65,23132.4,792931
1773646200,2026-03-16T13:00:00,23132.75,23137.75,23130.9,23134.05,673690
1773646260,2026-03-16T13:01:00,23134.55,23150.7,23133.4,23148.6,854946
1773646320,2026-03-16T13:02:00,23148.55,23168.55,23148.55,23167.95,976201
1773646380,2026-03-16T13:03:00,23167.75,23169.15,23164.95,23164.95,736819
1773646440,2026-03-16T13:04:00,23166.85,23172.6,23121.9,23121.9,1481745
1773646500,2026-03-16T13:05:00,23120.95,23120.95,23086.35,23103.65,1597559
1773646560,2026-03-16T13:06:00,23103.05,23119.0,23102.45,23116.95,554610
1773646620,2026-03-16T13:07:00,23115.65,23117.95,23106.2,23111.6,761950
1773646680,2026-03-16T13:08:00,23111.05,23122.3,23103.2,23118.45,1186735
1773646740,2026-03-16T13:09:00,23118.1,23131.85,23118.1,23121.55,1288301
1773646800,2026-03-16T13:10:00,23120.25,23121.0,23111.65,23116.55,839954
1773646860,2026-03-16T13:11:00,23115.2,23134.2,23115.2,23132.6,1149431
1773646920,2026-03-16T13:12:00,23133.0,23146.3,23127.3,23127.45,958885
1773646980,2026-03-16T13:13:00,23126.55,23126.95,23119.05,23121.85,517060
1773647040,2026-03-16T13:14:00,23120.9,23125.4,23113.0,23116.8,668245
1773647100,2026-03-16T13:15:00,23117.95,23136.0,23115.4,23132.15,659661
1773647160,2026-03-16T13:16:00,23131.9,23140.4,23131.0,23139.05,1339908
1773647220,2026-03-16T13:17:00,23138.6,23151.05,23137.9,23150.85,770348
1773647280,2026-03-16T13:18:00,23149.85,23149.85,23138.3,23141.25,662130
1773647340,2026-03-16T13:19:00,23140.4,23151.1,23138.7,23151.1,901377
1773647400,2026-03-16T13:20:00,23150.7,23156.8,23144.8,23154.6,1420068
1773647460,2026-03-16T13:21:00,23155.1,23159.1,23151.5,23157.4,660292
1773647520,2026-03-16T13:22:00,23157.2,23168.4,23157.2,23165.15,988582
1773647580,2026-03-16T13:23:00,23164.0,23168.95,23151.9,23152.05,1507165
1773647640,2026-03-16T13:24:00,23151.6,23153.4,23145.7,23149.2,809572
1773647700,2026-03-16T13:25:00,23150.0,23161.8,23150.0,23154.85,933713
1773647760,2026-03-16T13:26:00,23153.9,23160.4,23146.45,23147.55,860757
1773647820,2026-03-16T13:27:00,23146.75,23147.55,23133.4,23133.4,881430
1773647880,2026-03-16T13:28:00,23132.75,23134.7,23122.25,23126.0,1074274
1773647940,2026-03-16T13:29:00,23126.3,23131.15,23121.85,23124.5,1029735
1773648000,2026-03-16T13:30:00,23123.75,23137.95,23122.0,23137.75,805416
1773648060,2026-03-16T13:31:00,23136.7,23144.2,23119.95,23119.95,840654
1773648120,2026-03-16T13:32:00,23118.4,23122.4,23115.35,23119.05,1347632
1773648180,2026-03-16T13:33:00,23117.75,23117.9,23100.7,23113.25,1419561
1773648240,2026-03-16T13:34:00,23112.25,23114.0,23103.9,23108.3,637818
1773648300,2026-03-16T13:35:00,23107.9,23113.95,23106.65,23112.55,987689
1773648360,2026-03-16T13:36:00,23111.35,23122.2,23111.35,23118.8,986406
1773648420,2026-03-16T13:37:00,23121.1,23129.2,23121.1,23124.5,1094191
1773648480,2026-03-16T13:38:00,23124.0,23130.45,23119.15,23128.1,849352
1773648540,2026-03-16T13:39:00,23128.7,23129.4,23119.5,23128.2,918775
1773648600,2026-03-16T13:40:00,23126.35,23131.25,23122.95,23131.15,930239
1773648660,2026-03-16T13:41:00,23130.7,23147.85,23127.05,23139.2,1872390
1773648720,2026-03-16T13:42:00,23139.25,23139.25,23123.35,23124.8,928128
1773648780,2026-03-16T13:43:00,23124.35,23132.2,23122.25,23126.05,873874
1773648840,2026-03-16T13:44:00,23125.85,23125.85,23107.05,23108.25,658082
1773648900,2026-03-16T13:45:00,23107.45,23110.0,23097.25,23099.7,716174
1773648960,2026-03-16T13:46:00,23098.1,23110.25,23092.85,23110.0,738575
1773649020,2026-03-16T13:47:00,23110.0,23119.35,23109.25,23118.2,504637
1773649080,2026-03-16T13:48:00,23117.65,23118.3,23102.45,23103.15,919392
1773649140,2026-03-16T13:49:00,23102.9,23116.95,23100.8,23107.8,870624
1773649200,2026-03-16T13:50:00,23107.85,23110.25,23097.15,23098.95,753916
1773649260,2026-03-16T13:51:00,23098.85,23116.6,23098.85,23110.7,1007194
1773649320,2026-03-16T13:52:00,23110.75,23129.5,23110.75,23129.5,935789
1773649380,2026-03-16T13:53:00,23129.9,23141.45,23129.9,23138.45,1205007
1773649440,2026-03-16T13:54:00,23138.4,23142.55,23130.05,23130.05,952749
1773649500,2026-03-16T13:55:00,23127.6,23131.05,23122.1,23124.35,874649
1773649560,2026-03-16T13:56:00,23124.15,23130.15,23115.75,23129.65,916665
1773649620,2026-03-16T13:57:00,23129.0,23131.1,23122.55,23128.55,515347
1773649680,2026-03-16T13:58:00,23127.4,23129.55,23123.7,23129.0,568778
1773649740,2026-03-16T13:59:00,23128.3,23133.25,23126.65,23130.8,581604
1773649800,2026-03-16T14:00:00,23130.45,23134.45,23128.8,23132.35,838295
1773649860,2026-03-16T14:01:00,23131.65,23132.25,23123.7,23125.1,643046
1773649920,2026-03-16T14:02:00,23124.55,23127.9,23121.6,23125.05,695667
1773649980,2026-03-16T14:03:00,23124.05,23128.9,23122.2,23128.55,719170
1773650040,2026-03-16T14:04:00,23128.0,23132.15,23122.9,23123.7,589249
1773650100,2026-03-16T14:05:00,23123.45,23133.9,23122.05,23132.95,668692
1773650160,2026-03-16T14:06:00,23132.5,23134.2,23117.95,23119.35,911165
1773650220,2026-03-16T14:07:00,23119.45,23134.75,23116.0,23133.1,817856
1773650280,2026-03-16T14:08:00,23133.55,23134.6,23126.55,23128.05,691257
1773650340,2026-03-16T14:09:00,23127.4,23142.9,23127.4,23137.6,986500
1773650400,2026-03-16T14:10:00,23136.35,23141.8,23136.35,23140.2,987758
1773650460,2026-03-16T14:11:00,23138.3,23178.35,23137.0,23178.35,1922702
1773650520,2026-03-16T14:12:00,23178.65,23180.7,23174.4,23176.45,997675
1773650580,2026-03-16T14:13:00,23176.55,23179.85,23161.15,23161.15,767196
1773650640,2026-03-16T14:14:00,23161.4,23166.5,23152.65,23155.3,820115
1773650700,2026-03-16T14:15:00,23155.05,23160.25,23144.2,23144.2,608041
1773650760,2026-03-16T14:16:00,23144.15,23146.8,23134.9,23135.6,550608
1773650820,2026-03-16T14:17:00,23135.35,23152.7,23134.6,23151.0,809715
1773650880,2026-03-16T14:18:00,23149.6,23206.0,23149.6,23204.85,2418797
1773650940,2026-03-16T14:19:00,23204.3,23226.85,23204.3,23225.6,2358683
1773651000,2026-03-16T14:20:00,23226.55,23248.55,23225.2,23244.25,2588912
1773651060,2026-03-16T14:21:00,23246.55,23277.55,23244.0,23261.85,4032498
1773651120,2026-03-16T14:22:00,23267.45,23297.95,23266.45,23291.25,2621332
1773651180,2026-03-16T14:23:00,23293.1,23314.55,23292.55,23311.7,3716909
1773651240,2026-03-16T14:24:00,23314.5,23343.6,23308.55,23336.45,2948940
1773651300,2026-03-16T14:25:00,23339.7,23359.8,23316.7,23316.7,2724909
1773651360,2026-03-16T14:26:00,23320.45,23349.45,23302.15,23346.05,3496688
1773651420,2026-03-16T14:27:00,23348.8,23361.2,23337.3,23355.25,3431165
1773651480,2026-03-16T14:28:00,23355.15,23374.7,23342.8,23357.0,3708458
1773651540,2026-03-16T14:29:00,23358.2,23363.35,23342.95,23347.85,2800070
1773651600,2026-03-16T14:30:00,23352.85,23368.2,23340.3,23340.3,4159321
1773651660,2026-03-16T14:31:00,23342.25,23360.4,23337.65,23355.15,2807851
1773651720,2026-03-16T14:32:00,23358.5,23367.75,23355.1,23360.75,2242493
1773651780,2026-03-16T14:33:00,23361.35,23386.55,23357.5,23371.5,3837883
1773651840,2026-03-16T14:34:00,23373.1,23381.5,23365.7,23365.85,3525716
1773651900,2026-03-16T14:35:00,23370.25,23373.45,23358.1,23366.1,3269415
1773651960,2026-03-16T14:36:00,23370.7,23383.35,23360.95,23378.95,2744689
1773652020,2026-03-16T14:37:00,23377.3,23394.25,23373.8,23375.05,3343330
1773652080,2026-03-16T14:38:00,23377.95,23386.3,23369.1,23374.2,2779815
1773652140,2026-03-16T14:39:00,23379.8,23418.55,23377.3,23411.6,3520021
1773652200,2026-03-16T14:40:00,23415.0,23434.45,23401.9,23414.55,3390936
1773652260,2026-03-16T14:41:00,23417.15,23420.15,23390.75,23391.85,3066841
1773652320,2026-03-16T14:42:00,23394.15,23405.05,23390.05,23404.2,2866789
1773652380,2026-03-16T14:43:00,23407.9,23442.6,23407.9,23426.85,3514709
1773652440,2026-03-16T14:44:00,23429.3,23450.8,23419.6,23427.85,3259247
1773652500,2026-03-16T14:45:00,23429.85,23437.2,23419.45,23423.6,2291035
1773652560,2026-03-16T14:46:00,23424.65,23428.7,23411.3,23420.3,2938270
1773652620,2026-03-16T14:47:00,23422.95,23445.5,23422.95,23435.0,2481721
1773652680,2026-03-16T14:48:00,23436.35,23454.15,23436.25,23444.55,2710202
1773652740,2026-03-16T14:49:00,23446.65,23462.6,23434.25,23453.85,2731505
1773652800,2026-03-16T14:50:00,23456.25,23468.05,23435.1,23440.2,2565054
1773652860,2026-03-16T14:51:00,23442.4,23457.45,23442.4,23443.0,2643620
1773652920,2026-03-16T14:52:00,23445.05,23465.2,23436.8,23461.85,2753859
1773652980,2026-03-16T14:53:00,23463.35,23502.0,23463.35,23490.55,2894769
1773653040,2026-03-16T14:54:00,23492.35,23492.35,23455.95,23458.15,2823432
1773653100,2026-03-16T14:55:00,23463.75,23466.1,23436.75,23444.7,3377407
1773653160,2026-03-16T14:56:00,23447.3,23462.65,23440.5,23443.0,2428831
1773653220,2026-03-16T14:57:00,23443.75,23475.25,23443.75,23450.55,3645892
1773653280,2026-03-16T14:58:00,23452.9,23463.95,23448.05,23461.6,2772148
1773653340,2026-03-16T14:59:00,23461.45,23475.45,23451.05,23454.05,3218048
1773653400,2026-03-16T15:00:00,23455.3,23459.25,23412.15,23416.2,4633437
1773653460,2026-03-16T15:01:00,23416.35,23425.45,23401.8,23402.0,4012338
1773653520,2026-03-16T15:02:00,23404.1,23404.85,23388.75,23390.1,3760600
1773653580,2026-03-16T15:03:00,23393.7,23416.6,23393.7,23412.0,3595103
1773653640,2026-03-16T15:04:00,23413.85,23418.0,23401.7,23401.7,3080763
1773653700,2026-03-16T15:05:00,23403.55,23419.8,23403.55,23410.9,3649043
1773653760,2026-03-16T15:06:00,23412.3,23457.55,23412.3,23456.3,3396553
1773653820,2026-03-16T15:07:00,23456.15,23458.0,23442.6,23445.75,2556771
1773653880,2026-03-16T15:08:00,23447.25,23450.7,23429.5,23429.5,2654333
1773653940,2026-03-16T15:09:00,23431.9,23445.6,23430.9,23440.2,2946534
1773654000,2026-03-16T15:10:00,23442.2,23450.55,23436.45,23442.25,3332572
1773654060,2026-03-16T15:11:00,23442.7,23456.2,23440.3,23453.75,2992302
1773654120,2026-03-16T15:12:00,23454.15,23460.2,23428.05,23432.85,3334499
1773654180,2026-03-16T15:13:00,23434.55,23439.15,23418.25,23423.2,2780705
1773654240,2026-03-16T15:14:00,23427.55,23438.5,23423.8,23435.25,3763205
1773654300,2026-03-16T15:15:00,23435.8,23436.05,23416.2,23416.2,2822614
1773654360,2026-03-16T15:16:00,23417.35,23417.75,23400.7,23405.1,2734000
1773654420,2026-03-16T15:17:00,23404.75,23410.25,23401.45,23405.6,2314560
1773654480,2026-03-16T15:18:00,23406.3,23407.8,23400.7,23402.3,2782734
1773654540,2026-03-16T15:19:00,23403.5,23406.05,23373.25,23376.0,3162500
1773654600,2026-03-16T15:20:00,23376.7,23379.3,23372.5,23377.25,2915833
1773654660,2026-03-16T15:21:00,23378.5,23385.35,23378.05,23381.1,2870868
1773654720,2026-03-16T15:22:00,23382.05,23382.05,23374.8,23379.65,2756046
1773654780,2026-03-16T15:23:00,23379.35,23380.55,23364.9,23366.75,2666300
1773654840,2026-03-16T15:24:00,23368.25,23368.25,23352.65,23354.55,2725973
1773654900,2026-03-16T15:25:00,23354.85,23356.8,23347.4,23351.2,2898610
1773654960,2026-03-16T15:26:00,23352.2,23353.55,23345.05,23346.75,2052674
1773655020,2026-03-16T15:27:00,23346.1,23350.8,23343.65,23349.35,2352559
1773655080,2026-03-16T15:28:00,23349.1,23357.1,23338.6,23340.3,1411442
1773655140,2026-03-16T15:29:00,23345.0,23359.9,23338.75,23355.6,1142523
1773719100,2026-03-17T09:15:00,23493.2,23493.2,23395.7,23400.75,5611603
1773719160,2026-03-17T09:16:00,23397.0,23405.15,23380.25,23401.95,3221182
1773719220,2026-03-17T09:17:00,23400.7,23401.7,23360.3,23386.25,2314261
1773719280,2026-03-17T09:18:00,23385.15,23396.8,23376.9,23390.55,1663839
1773719340,2026-03-17T09:19:00,23391.25,23419.1,23391.25,23395.55,2516466
1773719400,2026-03-17T09:20:00,23393.2,23394.55,23375.35,23380.5,1904236
1773719460,2026-03-17T09:21:00,23376.35,23390.75,23375.85,23381.4,1500704
1773719520,2026-03-17T09:22:00,23381.85,23424.25,23381.85,23403.9,2223933
1773719580,2026-03-17T09:23:00,23403.2,23406.55,23378.1,23386.2,1893195
1773719640,2026-03-17T09:24:00,23385.1,23394.3,23363.75,23363.75,1835853
1773719700,2026-03-17T09:25:00,23359.15,23377.9,23355.3,23367.3,1706689
1773719760,2026-03-17T09:26:00,23367.05,23378.45,23358.95,23370.6,1754520
1773719820,2026-03-17T09:27:00,23371.6,23373.1,23346.6,23359.9,2306239
1773719880,2026-03-17T09:28:00,23359.4,23381.75,23359.4,23377.5,1245425
1773719940,2026-03-17T09:29:00,23377.55,23391.05,23369.95,23373.15,1097017
1773720000,2026-03-17T09:30:00,23376.7,23390.1,23362.15,23366.7,1416822
1773720060,2026-03-17T09:31:00,23369.0,23375.6,23359.5,23371.85,1458066
1773720120,2026-03-17T09:32:00,23371.8,23379.3,23363.95,23377.8,1398907
1773720180,2026-03-17T09:33:00,23377.75,23398.95,23376.35,23392.95,1416959
1773720240,2026-03-17T09:34:00,23392.8,23402.85,23387.8,23388.8,1549309
1773720300,2026-03-17T09:35:00,23390.65,23417.65,23385.05,23411.45,1545237
1773720360,2026-03-17T09:36:00,23411.65,23433.2,23411.65,23432.85,1831030
1773720420,2026-03-17T09:37:00,23432.6,23436.6,23426.05,23429.35,1701436
1773720480,2026-03-17T09:38:00,23429.95,23432.5,23413.5,23415.3,1400072
1773720540,2026-03-17T09:39:00,23416.35,23440.3,23416.35,23437.25,1338036
1773720600,2026-03-17T09:40:00,23437.8,23462.9,23436.75,23458.95,1788963
1773720660,2026-03-17T09:41:00,23458.25,23462.2,23442.65,23448.55,1576238
1773720720,2026-03-17T09:42:00,23448.55,23450.2,23421.6,23424.5,2049023
1773720780,2026-03-17T09:43:00,23424.5,23433.65,23417.3,23433.65,1358795
1773720840,2026-03-17T09:44:00,23433.85,23454.05,23433.75,23453.15,1668289
1773720900,2026-03-17T09:45:00,23453.45,23457.1,23439.6,23439.65,1116713
1773720960,2026-03-17T09:46:00,23439.55,23465.65,23431.7,23463.0,1188196
1773721020,2026-03-17T09:47:00,23462.45,23485.15,23462.0,23480.15,1200199
1773721080,2026-03-17T09:48:00,23481.45,23481.45,23472.3,23476.55,1056785
1773721140,2026-03-17T09:49:00,23476.9,23486.3,23473.75,23484.5,1011105
1773721200,2026-03-17T09:50:00,23484.4,23485.55,23472.9,23477.4,1441854
1773721260,2026-03-17T09:51:00,23476.85,23480.25,23474.35,23476.05,843610
1773721320,2026-03-17T09:52:00,23469.2,23473.5,23456.4,23473.3,1498751
1773721380,2026-03-17T09:53:00,23473.65,23486.05,23473.65,23480.95,1026406
1773721440,2026-03-17T09:54:00,23481.35,23488.3,23473.6,23483.0,1119218
1773721500,2026-03-17T09:55:00,23484.2,23484.2,23472.25,23472.95,956544
1773721560,2026-03-17T09:56:00,23472.15,23475.85,23466.0,23470.1,796552
1773721620,2026-03-17T09:57:00,23471.85,23476.55,23469.25,23473.85,561795
1773721680,2026-03-17T09:58:00,23475.35,23501.75,23475.35,23494.1,964634
1773721740,2026-03-17T09:59:00,23495.75,23497.3,23480.3,23496.75,829448
1773721800,2026-03-17T10:00:00,23496.7,23508.3,23496.7,23498.15,819856
1773721860,2026-03-17T10:01:00,23498.55,23516.45,23498.55,23516.2,1349988
1773721920,2026-03-17T10:02:00,23515.6,23524.45,23511.9,23523.55,1139999
1773721980,2026-03-17T10:03:00,23522.7,23525.2,23511.5,23514.55,813217
1773722040,2026-03-17T10:04:00,23513.9,23519.5,23505.2,23513.45,1082567
1773722100,2026-03-17T10:05:00,23512.75,23530.6,23512.75,23526.45,1261391
1773722160,2026-03-17T10:06:00,23526.15,23528.05,23520.0,23523.85,885048
1773722220,2026-03-17T10:07:00,23523.15,23528.6,23518.2,23527.95,724042
1773722280,2026-03-17T10:08:00,23527.2,23529.25,23512.65,23516.7,896487
1773722340,2026-03-17T10:09:00,23516.5,23521.6,23516.5,23520.5,835886
1773722400,2026-03-17T10:10:00,23518.55,23522.75,23514.65,23518.85,1057573
1773722460,2026-03-17T10:11:00,23519.15,23524.45,23516.6,23522.5,698533
1773722520,2026-03-17T10:12:00,23522.65,23537.1,23517.35,23521.1,805969
1773722580,2026-03-17T10:13:00,23521.95,23523.65,23509.25,23509.3,733079
1773722640,2026-03-17T10:14:00,23508.85,23526.65,23504.8,23525.85,799575
1773722700,2026-03-17T10:15:00,23525.75,23541.45,23525.75,23540.65,1327032
1773722760,2026-03-17T10:16:00,23539.3,23543.9,23537.2,23541.25,1352541
1773722820,2026-03-17T10:17:00,23542.05,23549.7,23540.7,23542.95,1591899
1773722880,2026-03-17T10:18:00,23542.45,23547.65,23542.05,23543.0,812670
1773722940,2026-03-17T10:19:00,23542.2,23555.5,23542.15,23554.3,1276673
1773723000,2026-03-17T10:20:00,23553.3,23557.35,23536.6,23556.2,1774041
1773723060,2026-03-17T10:21:00,23558.0,23560.55,23554.0,23559.5,1276097
1773723120,2026-03-17T10:22:00,23559.2,23573.15,23559.2,23572.65,1935939
1773723180,2026-03-17T10:23:00,23572.35,23574.25,23567.75,23574.25,1390964
1773723240,2026-03-17T10:24:00,23575.2,23577.55,23562.15,23563.7,972151
1773723300,2026-03-17T10:25:00,23563.5,23566.15,23547.05,23547.55,1060531
1773723360,2026-03-17T10:26:00,23547.45,23552.15,23539.15,23541.95,934448
1773723420,2026-03-17T10:27:00,23539.9,23544.35,23531.5,23533.2,1023907
1773723480,2026-03-17T10:28:00,23536.0,23543.3,23524.75,23525.2,958621
1773723540,2026-03-17T10:29:00,23524.25,23528.45,23500.2,23501.85,967187
1773723600,2026-03-17T10:30:00,23501.7,23502.6,23482.25,23484.7,1947646
1773723660,2026-03-17T10:31:00,23484.45,23510.65,23484.45,23503.95,1101666
1773723720,2026-03-17T10:32:00,23504.65,23509.0,23491.85,23494.0,631011
1773723780,2026-03-17T10:33:00,23495.0,23495.0,23470.15,23477.5,1229209
1773723840,2026-03-17T10:34:00,23477.3,23485.1,23467.85,23467.85,857080
1773723900,2026-03-17T10:35:00,23469.55,23477.35,23460.6,23463.55,963951
1773723960,2026-03-17T10:36:00,23463.3,23464.5,23448.8,23448.8,1113900
1773724020,2026-03-17T10:37:00,23450.25,23469.35,23443.0,23465.65,979023
1773724080,2026-03-17T10:38:00,23466.45,23483.15,23466.45,23478.85,793448
1773724140,2026-03-17T10:39:00,23478.15,23490.6,23471.6,23489.7,631438
1773724200,2026-03-17T10:40:00,23489.55,23493.8,23474.45,23476.8,791846
1773724260,2026-03-17T10:41:00,23476.65,23477.6,23461.25,23468.0,811931
1773724320,2026-03-17T10:42:00,23469.5,23479.75,23467.55,23478.05,653823
1773724380,2026-03-17T10:43:00,23478.8,23489.75,23478.5,23482.9,704318
1773724440,2026-03-17T10:44:00,23482.25,23487.15,23478.1,23483.9,1003482
1773724500,2026-03-17T10:45:00,23484.65,23487.9,23483.45,23483.8,597666
1773724560,2026-03-17T10:46:00,23483.85,23500.85,23483.4,23498.2,920000
1773724620,2026-03-17T10:47:00,23497.95,23499.05,23475.5,23482.45,989522
1773724680,2026-03-17T10:48:00,23482.7,23497.6,23482.65,23497.6,661460
1773724740,2026-03-17T10:49:00,23497.1,23523.15,23497.1,23522.65,1166559
1773724800,2026-03-17T10:50:00,23522.95,23533.0,23519.45,23519.45,976641
1773724860,2026-03-17T10:51:00,23518.95,23530.1,23510.25,23528.45,819993
1773724920,2026-03-17T10:52:00,23527.45,23529.75,23522.95,23525.9,755716
1773724980,2026-03-17T10:53:00,23525.7,23532.0,23520.35,23521.75,814432
1773725040,2026-03-17T10:54:00,23522.7,23529.4,23519.25,23521.15,781809
1773725100,2026-03-17T10:55:00,23519.4,23532.25,23519.4,23532.25,679581
1773725160,2026-03-17T10:56:00,23531.8,23533.9,23523.95,23527.2,790724
1773725220,2026-03-17T10:57:00,23527.4,23528.6,23509.4,23512.15,1219450
1773725280,2026-03-17T10:58:00,23513.45,23528.1,23513.45,23523.9,765038
1773725340,2026-03-17T10:59:00,23524.3,23527.8,23523.6,23523.85,662595
1773725400,2026-03-17T11:00:00,23523.85,23528.15,23511.5,23518.9,875859
1773725460,2026-03-17T11:01:00,23518.65,23525.35,23517.05,23523.95,504565
1773725520,2026-03-17T11:02:00,23523.5,23527.9,23521.0,23521.15,537958
1773725580,2026-03-17T11:03:00,23520.9,23521.45,23508.0,23516.3,771636
1773725640,2026-03-17T11:04:00,23517.2,23519.5,23511.3,23514.9,621718
1773725700,2026-03-17T11:05:00,23514.4,23523.1,23514.4,23522.95,670857
1773725760,2026-03-17T11:06:00,23522.35,23526.95,23516.9,23516.9,995329
1773725820,2026-03-17T11:07:00,23518.05,23521.0,23507.5,23509.4,576477
1773725880,2026-03-17T11:08:00,23509.6,23513.15,23481.6,23482.5,1244465
1773725940,2026-03-17T11:09:00,23481.65,23495.4,23481.65,23490.45,703606
1773726000,2026-03-17T11:10:00,23491.7,23496.5,23488.25,23495.55,711868
1773726060,2026-03-17T11:11:00,23495.05,23504.7,23495.05,23499.5,464763
1773726120,2026-03-17T11:12:00,23499.75,23507.4,23492.95,23492.95,625657
1773726180,2026-03-17T11:13:00,23490.35,23492.1,23468.6,23468.6,1249898
1773726240,2026-03-17T11:14:00,23468.6,23481.5,23467.4,23471.45,874809
1773726300,2026-03-17T11:15:00,23470.45,23479.5,23454.85,23455.85,1121602
1773726360,2026-03-17T11:16:00,23459.15,23464.65,23454.45,23456.75,936002
1773726420,2026-03-17T11:17:00,23456.05,23456.9,23441.4,23444.3,1145220
1773726480,2026-03-17T11:18:00,23443.5,23455.25,23442.45,23445.2,622572
1773726540,2026-03-17T11:19:00,23445.45,23457.45,23438.55,23438.55,881198
1773726600,2026-03-17T11:20:00,23439.75,23446.6,23436.0,23443.35,1187072
1773726660,2026-03-17T11:21:00,23443.2,23448.15,23413.85,23423.65,2021978
1773726720,2026-03-17T11:22:00,23425.7,23440.2,23425.0,23427.4,713180
1773726780,2026-03-17T11:23:00,23426.3,23432.65,23416.55,23427.1,807743
1773726840,2026-03-17T11:24:00,23426.7,23429.15,23411.15,23412.65,897217
1773726900,2026-03-17T11:25:00,23412.35,23416.85,23388.55,23389.55,1429788
1773726960,2026-03-17T11:26:00,23387.6,23394.15,23379.6,23385.55,2168827
1773727020,2026-03-17T11:27:00,23385.65,23394.0,23379.8,23383.7,1108181
1773727080,2026-03-17T11:28:00,23383.7,23395.25,23378.8,23380.45,1370677
1773727140,2026-03-17T11:29:00,23378.8,23386.7,23375.95,23384.35,922337
1773727200,2026-03-17T11:30:00,23385.25,23393.25,23375.35,23375.8,1205877
1773727260,2026-03-17T11:31:00,23374.95,23394.0,23374.95,23385.6,1098015
1773727320,2026-03-17T11:32:00,23383.55,23385.15,23375.45,23378.55,1153271
1773727380,2026-03-17T11:33:00,23377.4,23391.85,23367.45,23367.45,1276902
1773727440,2026-03-17T11:34:00,23365.95,23376.7,23363.45,23365.75,1072330
1773727500,2026-03-17T11:35:00,23365.6,23378.85,23365.6,23368.45,1011378
1773727560,2026-03-17T11:36:00,23367.85,23369.4,23355.7,23366.35,1333169
1773727620,2026-03-17T11:37:00,23366.15,23379.1,23366.15,23377.2,1075214
1773727680,2026-03-17T11:38:00,23379.3,23409.9,23378.15,23406.95,1490329
1773727740,2026-03-17T11:39:00,23406.8,23408.1,23389.9,23390.45,730062
1773727800,2026-03-17T11:40:00,23389.4,23399.0,23387.3,23391.35,606204
1773727860,2026-03-17T11:41:00,23392.1,23397.85,23388.75,23396.55,647268
1773727920,2026-03-17T11:42:00,23395.6,23403.5,23395.6,23399.55,701778
1773727980,2026-03-17T11:43:00,23400.4,23408.15,23398.95,23405.75,638784
1773728040,2026-03-17T11:44:00,23405.55,23406.25,23379.95,23390.45,693168
1773728100,2026-03-17T11:45:00,23390.9,23397.85,23389.6,23397.85,488928
1773728160,2026-03-17T11:46:00,23398.55,23410.75,23395.8,23410.7,595554
1773728220,2026-03-17T11:47:00,23408.45,23417.85,23403.1,23403.1,554286
1773728280,2026-03-17T11:48:00,23404.1,23404.1,23388.15,23388.55,540119
1773728340,2026-03-17T11:49:00,23389.6,23394.85,23387.8,23392.65,368921
1773728400,2026-03-17T11:50:00,23392.3,23416.0,23389.05,23413.1,816957
1773728460,2026-03-17T11:51:00,23412.6,23429.45,23409.95,23422.25,721772
1773728520,2026-03-17T11:52:00,23422.65,23429.6,23419.95,23428.05,864163
1773728580,2026-03-17T11:53:00,23427.75,23429.05,23408.75,23409.85,470998
1773728640,2026-03-17T11:54:00,23409.65,23414.3,23408.55,23410.6,434586
1773728700,2026-03-17T11:55:00,23410.4,23411.95,23395.15,23395.15,487666
1773728760,2026-03-17T11:56:00,23394.15,23397.05,23376.05,23377.2,980873
1773728820,2026-03-17T11:57:00,23378.85,23397.45,23378.85,23395.35,574352
1773728880,2026-03-17T11:58:00,23395.4,23411.65,23394.55,23410.15,705393
1773728940,2026-03-17T11:59:00,23409.55,23419.6,23409.55,23415.35,714316
1773729000,2026-03-17T12:00:00,23414.75,23415.85,23402.85,23404.95,497276
1773729060,2026-03-17T12:01:00,23404.35,23421.7,23402.6,23420.55,658688
1773729120,2026-03-17T12:02:00,23419.25,23421.95,23412.6,23415.75,501350
1773729180,2026-03-17T12:03:00,23415.1,23418.7,23407.85,23409.6,442740
1773729240,2026-03-17T12:04:00,23408.75,23415.5,23406.3,23410.4,557693
1773729300,2026-03-17T12:05:00,23411.4,23421.0,23408.2,23418.3,472619
1773729360,2026-03-17T12:06:00,23418.35,23423.6,23416.4,23418.1,414084
1773729420,2026-03-17T12:07:00,23417.7,23428.85,23417.55,23427.0,510934
1773729480,2026-03-17T12:08:00,23426.35,23438.0,23425.65,23436.65,652024
1773729540,2026-03-17T12:09:00,23437.0,23438.0,23433.3,23435.6,429679
1773729600,2026-03-17T12:10:00,23435.3,23436.85,23424.3,23432.5,458135
1773729660,2026-03-17T12:11:00,23431.75,23439.8,23431.75,23436.15,862662
1773729720,2026-03-17T12:12:00,23436.3,23441.05,23436.05,23437.5,518744
1773729780,2026-03-17T12:13:00,23437.45,23450.05,23437.0,23442.05,832312
1773729840,2026-03-17T12:14:00,23442.1,23444.15,23432.15,23435.15,642425
1773729900,2026-03-17T12:15:00,23435.15,23438.3,23422.2,23422.35,686989
1773729960,2026-03-17T12:16:00,23422.45,23423.2,23407.4,23409.65,976492
1773730020,2026-03-17T12:17:00,23409.7,23412.95,23397.75,23412.55,825932
1773730080,2026-03-17T12:18:00,23412.1,23414.35,23399.8,23399.85,573573
1773730140,2026-03-17T12:19:00,23399.9,23401.55,23382.25,23383.45,772691
1773730200,2026-03-17T12:20:00,23383.7,23399.2,23381.55,23397.65,690384
1773730260,2026-03-17T12:21:00,23397.95,23402.85,23396.2,23402.45,461230
1773730320,2026-03-17T12:22:00,23402.8,23411.75,23401.0,23408.55,577375
1773730380,2026-03-17T12:23:00,23408.9,23413.05,23399.2,23402.85,475478
1773730440,2026-03-17T12:24:00,23401.8,23403.8,23385.2,23385.2,558271
1773730500,2026-03-17T12:25:00,23386.85,23400.35,23385.35,23396.4,579145
1773730560,2026-03-17T12:26:00,23395.55,23404.0,23395.4,23399.5,422380
1773730620,2026-03-17T12:27:00,23398.55,23404.95,23398.3,23401.15,583393
1773730680,2026-03-17T12:28:00,23400.95,23402.4,23386.0,23387.15,626357
1773730740,2026-03-17T12:29:00,23390.2,23408.75,23389.1,23406.35,505469
1773730800,2026-03-17T12:30:00,23407.05,23408.75,23388.45,23392.45,622412
1773730860,2026-03-17T12:31:00,23393.8,23394.4,23380.35,23387.85,922235
1773730920,2026-03-17T12:32:00,23388.1,23400.1,23388.1,23399.7,558001
1773730980,2026-03-17T12:33:00,23398.85,23408.55,23398.85,23406.75,514422
1773731040,2026-03-17T12:34:00,23407.8,23415.2,23406.9,23411.0,715034
1773731100,2026-03-17T12:35:00,23410.55,23429.7,23409.85,23426.9,873036
1773731160,2026-03-17T12:36:00,23426.15,23432.5,23420.85,23422.0,747734
1773731220,2026-03-17T12:37:00,23421.15,23422.95,23418.35,23419.9,498844
1773731280,2026-03-17T12:38:00,23418.3,23423.95,23414.15,23422.55,502514
1773731340,2026-03-17T12:39:00,23421.75,23437.1,23421.75,23424.5,566064
1773731400,2026-03-17T12:40:00,23423.25,23425.1,23416.95,23418.85,420803
1773731460,2026-03-17T12:41:00,23416.65,23420.2,23412.85,23420.2,514197
1773731520,2026-03-17T12:42:00,23418.55,23428.45,23416.3,23427.2,486133
1773731580,2026-03-17T12:43:00,23426.35,23457.25,23420.4,23451.35,1616288
1773731640,2026-03-17T12:44:00,23449.05,23451.3,23445.35,23450.9,639211
1773731700,2026-03-17T12:45:00,23449.3,23472.3,23449.3,23462.75,1822233
1773731760,2026-03-17T12:46:00,23461.5,23467.1,23456.25,23461.45,532884
1773731820,2026-03-17T12:47:00,23461.85,23466.8,23458.2,23465.3,635276
1773731880,2026-03-17T12:48:00,23466.55,23469.6,23458.0,23468.95,638922
1773731940,2026-03-17T12:49:00,23467.7,23488.15,23467.55,23488.15,868996
1773732000,2026-03-17T12:50:00,23486.75,23496.2,23474.3,23483.5,1225888
1773732060,2026-03-17T12:51:00,23483.85,23489.0,23473.85,23474.05,731035
1773732120,2026-03-17T12:52:00,23473.7,23475.15,23463.05,23463.35,790147
1773732180,2026-03-17T12:53:00,23463.5,23477.75,23462.7,23462.7,959267
1773732240,2026-03-17T12:54:00,23461.8,23470.1,23459.75,23465.5,546718
1773732300,2026-03-17T12:55:00,23464.85,23466.2,23456.95,23458.35,600904
1773732360,2026-03-17T12:56:00,23458.55,23473.6,23457.35,23472.25,678852
1773732420,2026-03-17T12:57:00,23471.65,23479.8,23468.45,23468.9,853968
1773732480,2026-03-17T12:58:00,23468.65,23479.2,23467.2,23477.15,638623
1773732540,2026-03-17T12:59:00,23476.45,23482.6,23474.6,23477.55,759359
1773732600,2026-03-17T13:00:00,23477.05,23489.0,23477.05,23489.0,1530330
1773732660,2026-03-17T13:01:00,23486.65,23495.3,23485.75,23492.65,1180841
1773732720,2026-03-17T13:02:00,23492.35,23502.7,23488.15,23502.65,1602863
1773732780,2026-03-17T13:03:00,23502.75,23512.55,23500.8,23508.65,1746632
1773732840,2026-03-17T13:04:00,23506.1,23508.25,23500.55,23505.2,865309
1773732900,2026-03-17T13:05:00,23504.9,23510.25,23502.45,23502.6,826330
1773732960,2026-03-17T13:06:00,23502.15,23502.6,23476.15,23485.4,2006007
1773733020,2026-03-17T13:07:00,23484.1,23503.4,23484.1,23503.4,1521453
1773733080,2026-03-17T13:08:00,23504.45,23516.45,23504.45,23516.0,1082583
1773733140,2026-03-17T13:09:00,23514.75,23520.3,23511.1,23516.3,1126224
1773733200,2026-03-17T13:10:00,23516.25,23526.0,23515.95,23521.3,871027
1773733260,2026-03-17T13:11:00,23522.15,23526.75,23518.85,23520.75,854484
1773733320,2026-03-17T13:12:00,23520.2,23528.85,23520.2,23523.15,658837
1773733380,2026-03-17T13:13:00,23523.25,23527.4,23517.25,23525.1,1026568
1773733440,2026-03-17T13:14:00,23524.9,23533.5,23523.7,23532.95,785060
1773733500,2026-03-17T13:15:00,23533.95,23551.2,23533.95,23551.2,1641428
1773733560,2026-03-17T13:16:00,23552.2,23557.65,23550.25,23550.25,1285401
1773733620,2026-03-17T13:17:00,23551.55,23552.7,23544.9,23549.8,1375805
1773733680,2026-03-17T13:18:00,23550.5,23557.8,23549.75,23551.5,1090490
1773733740,2026-03-17T13:19:00,23551.45,23555.35,23546.6,23554.7,927452
1773733800,2026-03-17T13:20:00,23555.25,23560.2,23552.25,23557.25,848009
1773733860,2026-03-17T13:21:00,23557.35,23559.75,23547.9,23548.35,1000742
1773733920,2026-03-17T13:22:00,23549.4,23557.45,23548.65,23548.65,872183
1773733980,2026-03-17T13:23:00,23549.05,23549.15,23537.15,23537.8,816697
1773734040,2026-03-17T13:24:00,23539.0,23542.75,23538.25,23539.9,755684
1773734100,2026-03-17T13:25:00,23540.95,23543.4,23533.85,23535.8,793255
1773734160,2026-03-17T13:26:00,23535.95,23543.7,23530.7,23533.3,1382804
1773734220,2026-03-17T13:27:00,23534.3,23534.3,23524.85,23529.1,815092
1773734280,2026-03-17T13:28:00,23529.05,23543.35,23528.45,23539.85,1044139
1773734340,2026-03-17T13:29:00,23539.8,23544.75,23537.95,23541.05,709160
1773734400,2026-03-17T13:30:00,23542.5,23574.85,23542.5,23573.35,1704979
1773734460,2026-03-17T13:31:00,23574.6,23592.05,23568.2,23570.3,1391625
1773734520,2026-03-17T13:32:00,23570.2,23580.4,23569.15,23575.0,1037817
1773734580,2026-03-17T13:33:00,23575.0,23577.0,23567.8,23568.1,849679
1773734640,2026-03-17T13:34:00,23567.1,23567.15,23546.15,23549.9,1142598
1773734700,2026-03-17T13:35:00,23550.1,23554.35,23547.8,23547.8,768081
1773734760,2026-03-17T13:36:00,23548.15,23552.65,23542.75,23542.75,808611
1773734820,2026-03-17T13:37:00,23542.35,23544.1,23538.7,23541.4,833871
1773734880,2026-03-17T13:38:00,23542.55,23552.05,23540.55,23541.6,811773
1773734940,2026-03-17T13:39:00,23541.25,23542.35,23512.55,23513.2,1218748
1773735000,2026-03-17T13:40:00,23513.5,23528.55,23513.5,23519.0,767797
1773735060,2026-03-17T13:41:00,23519.05,23520.1,23508.25,23508.3,881648
1773735120,2026-03-17T13:42:00,23508.5,23518.75,23504.15,23517.65,806809
1773735180,2026-03-17T13:43:00,23517.55,23539.95,23517.55,23539.35,751549
1773735240,2026-03-17T13:44:00,23540.2,23540.75,23528.05,23530.75,917923
1773735300,2026-03-17T13:45:00,23531.75,23544.85,23531.75,23543.6,563260
1773735360,2026-03-17T13:46:00,23545.15,23553.3,23543.2,23549.0,920660
1773735420,2026-03-17T13:47:00,23548.55,23558.4,23548.55,23553.75,907790
1773735480,2026-03-17T13:48:00,23554.85,23554.85,23537.9,23540.55,653582
1773735540,2026-03-17T13:49:00,23543.0,23558.2,23542.05,23557.45,651387
1773735600,2026-03-17T13:50:00,23557.5,23568.3,23555.3,23555.3,928776
1773735660,2026-03-17T13:51:00,23555.85,23559.2,23548.7,23550.4,605375
1773735720,2026-03-17T13:52:00,23552.6,23567.7,23550.85,23559.1,1004574
1773735780,2026-03-17T13:53:00,23560.35,23561.1,23548.75,23551.15,579417
1773735840,2026-03-17T13:54:00,23551.0,23555.85,23547.5,23547.5,484065
1773735900,2026-03-17T13:55:00,23547.85,23550.65,23545.7,23549.65,657314
1773735960,2026-03-17T13:56:00,23551.1,23552.75,23547.1,23547.1,632104
1773736020,2026-03-17T13:57:00,23547.35,23554.2,23547.05,23549.25,655446
1773736080,2026-03-17T13:58:00,23550.1,23550.4,23531.05,23532.8,891749
1773736140,2026-03-17T13:59:00,23533.1,23547.05,23533.05,23541.85,576846
1773736200,2026-03-17T14:00:00,23542.5,23552.65,23542.5,23550.55,868005
1773736260,2026-03-17T14:01:00,23551.1,23557.45,23538.3,23538.3,1236063
1773736320,2026-03-17T14:02:00,23536.15,23541.8,23533.4,23539.25,700002
1773736380,2026-03-17T14:03:00,23539.7,23568.65,23539.7,23566.15,1541443
1773736440,2026-03-17T14:04:00,23565.1,23573.2,23561.35,23566.7,1411641
1773736500,2026-03-17T14:05:00,23565.55,23569.25,23549.5,23549.5,1498755
1773736560,2026-03-17T14:06:00,23548.7,23549.3,23537.25,23545.1,1151429
1773736620,2026-03-17T14:07:00,23545.2,23558.0,23544.1,23557.45,959743
1773736680,2026-03-17T14:08:00,23557.05,23563.45,23552.3,23562.85,678333
1773736740,2026-03-17T14:09:00,23562.05,23573.3,23562.05,23569.7,941470
1773736800,2026-03-17T14:10:00,23570.0,23587.95,23570.0,23587.55,1312337
1773736860,2026-03-17T14:11:00,23588.1,23596.5,23586.25,23593.35,926880
1773736920,2026-03-17T14:12:00,23593.4,23602.75,23588.05,23598.7,1756336
1773736980,2026-03-17T14:13:00,23599.25,23608.95,23595.8,23603.65,988060
1773737040,2026-03-17T14:14:00,23603.35,23604.0,23597.3,23600.0,902986
1773737100,2026-03-17T14:15:00,23600.4,23606.85,23597.85,23604.0,956253
1773737160,2026-03-17T14:16:00,23599.6,23599.6,23551.15,23561.4,4104465
1773737220,2026-03-17T14:17:00,23560.6,23588.1,23559.75,23561.15,1864980
1773737280,2026-03-17T14:18:00,23562.45,23573.3,23562.45,23562.95,996025
1773737340,2026-03-17T14:19:00,23564.05,23567.05,23560.75,23562.1,760695
1773737400,2026-03-17T14:20:00,23562.9,23575.3,23562.9,23570.05,1115869
1773737460,2026-03-17T14:21:00,23569.65,23569.65,23550.9,23552.6,1262687
1773737520,2026-03-17T14:22:00,23553.0,23558.9,23540.3,23544.05,997140
1773737580,2026-03-17T14:23:00,23543.85,23555.9,23534.85,23537.25,1001967
1773737640,2026-03-17T14:24:00,23537.85,23554.25,23536.9,23545.75,1084850
1773737700,2026-03-17T14:25:00,23545.0,23556.65,23538.3,23543.1,840812
1773737760,2026-03-17T14:26:00,23543.1,23546.6,23526.85,23529.25,1271337
1773737820,2026-03-17T14:27:00,23529.8,23550.3,23529.8,23544.85,1341438
1773737880,2026-03-17T14:28:00,23545.45,23558.25,23545.05,23552.95,1159687
1773737940,2026-03-17T14:29:00,23553.15,23565.6,23551.85,23554.05,966220
1773738000,2026-03-17T14:30:00,23559.35,23574.75,23559.35,23572.75,1680486
1773738060,2026-03-17T14:31:00,23572.05,23580.25,23566.65,23579.3,1639951
1773738120,2026-03-17T14:32:00,23579.6,23587.8,23579.2,23586.45,1038652
1773738180,2026-03-17T14:33:00,23586.85,23586.85,23571.25,23577.55,1072194
1773738240,2026-03-17T14:34:00,23577.55,23584.35,23577.05,23579.3,1010830
1773738300,2026-03-17T14:35:00,23580.3,23590.95,23577.6,23589.6,1150908
1773738360,2026-03-17T14:36:00,23590.3,23596.85,23584.6,23584.6,1029637
1773738420,2026-03-17T14:37:00,23584.95,23585.35,23575.1,23579.8,1044747
1773738480,2026-03-17T14:38:00,23579.65,23600.15,23579.65,23591.15,1225600
1773738540,2026-03-17T14:39:00,23592.1,23592.6,23584.85,23590.2,843701
1773738600,2026-03-17T14:40:00,23592.4,23599.3,23588.85,23592.65,1044953
1773738660,2026-03-17T14:41:00,23594.0,23603.1,23594.0,23603.1,905099
1773738720,2026-03-17T14:42:00,23601.65,23615.35,23586.45,23586.45,1268180
1773738780,2026-03-17T14:43:00,23586.65,23594.1,23586.1,23586.1,785298
1773738840,2026-03-17T14:44:00,23587.15,23590.0,23585.35,23587.1,920715
1773738900,2026-03-17T14:45:00,23588.35,23594.7,23578.45,23579.35,1134053
1773738960,2026-03-17T14:46:00,23579.65,23594.25,23577.2,23590.65,851824
1773739020,2026-03-17T14:47:00,23591.5,23597.05,23589.8,23589.85,1504543
1773739080,2026-03-17T14:48:00,23589.2,23590.25,23567.55,23575.25,1355277
1773739140,2026-03-17T14:49:00,23576.3,23599.15,23571.4,23598.6,5179632
1773739200,2026-03-17T14:50:00,23600.05,23614.35,23600.05,23611.85,2557286
1773739260,2026-03-17T14:51:00,23612.9,23614.95,23592.1,23611.0,1534660
1773739320,2026-03-17T14:52:00,23609.85,23613.1,23603.4,23609.3,1603891
1773739380,2026-03-17T14:53:00,23610.75,23618.85,23603.35,23604.3,1191404
1773739440,2026-03-17T14:54:00,23603.95,23624.15,23596.3,23622.45,1770730
1773739500,2026-03-17T14:55:00,23622.4,23629.95,23621.95,23626.5,1402404
1773739560,2026-03-17T14:56:00,23626.55,23636.7,23626.55,23631.4,2267048
1773739620,2026-03-17T14:57:00,23633.5,23638.0,23624.15,23632.4,1259383
1773739680,2026-03-17T14:58:00,23633.2,23644.05,23632.7,23643.2,1636947
1773739740,2026-03-17T14:59:00,23644.95,23656.8,23641.8,23654.5,1374049
1773739800,2026-03-17T15:00:00,23655.2,23655.2,23606.05,23622.8,4591842
1773739860,2026-03-17T15:01:00,23624.2,23629.4,23611.5,23625.5,4813086
1773739920,2026-03-17T15:02:00,23621.45,23626.15,23595.4,23595.4,3451683
1773739980,2026-03-17T15:03:00,23594.1,23594.9,23569.7,23577.2,4061476
1773740040,2026-03-17T15:04:00,23577.35,23593.2,23569.25,23592.95,2944251
1773740100,2026-03-17T15:05:00,23591.85,23593.85,23579.1,23581.15,2911423
1773740160,2026-03-17T15:06:00,23582.1,23592.5,23574.45,23587.5,3664252
1773740220,2026-03-17T15:07:00,23588.25,23596.5,23584.55,23596.05,2455923
1773740280,2026-03-17T15:08:00,23594.85,23600.65,23589.1,23599.8,3619966
1773740340,2026-03-17T15:09:00,23600.35,23614.6,23592.9,23593.6,2951169
1773740400,2026-03-17T15:10:00,23594.45,23594.45,23568.4,23571.5,3289225
1773740460,2026-03-17T15:11:00,23571.55,23576.9,23569.75,23572.7,2253269
1773740520,2026-03-17T15:12:00,23572.6,23587.55,23567.5,23587.55,2736074
1773740580,2026-03-17T15:13:00,23587.95,23606.15,23587.95,23604.4,3521861
1773740640,2026-03-17T15:14:00,23605.05,23610.7,23601.25,23607.5,2837311
1773740700,2026-03-17T15:15:00,23607.05,23607.65,23573.4,23573.4,4114149
1773740760,2026-03-17T15:16:00,23574.65,23574.65,23554.4,23555.4,3504451
1773740820,2026-03-17T15:17:00,23555.35,23556.2,23546.55,23549.95,3364895
1773740880,2026-03-17T15:18:00,23550.45,23567.55,23546.8,23559.75,3246367
1773740940,2026-03-17T15:19:00,23561.45,23566.9,23550.15,23563.0,3573188
1773741000,2026-03-17T15:20:00,23564.2,23580.55,23560.85,23574.95,4094846
1773741060,2026-03-17T15:21:00,23575.05,23575.05,23561.55,23567.7,2904793
1773741120,2026-03-17T15:22:00,23567.1,23567.1,23558.25,23560.45,2128053
1773741180,2026-03-17T15:23:00,23559.7,23559.7,23552.7,23558.65,2227450
1773741240,2026-03-17T15:24:00,23559.55,23559.55,23554.2,23559.0,2997699
1773741300,2026-03-17T15:25:00,23558.6,23561.7,23553.15,23558.2,2987598
1773741360,2026-03-17T15:26:00,23557.95,23559.1,23553.85,23559.1,1998025
1773741420,2026-03-17T15:27:00,23558.5,23565.9,23556.75,23564.2,2553076
1773741480,2026-03-17T15:28:00,23562.1,23567.55,23559.75,23561.3,1646033
1773741540,2026-03-17T15:29:00,23558.9,23568.4,23554.75,23558.8,1140303
1773805500,2026-03-18T09:15:00,23632.9,23677.2,23618.45,23671.7,7255085
1773805560,2026-03-18T09:16:00,23669.3,23706.1,23668.5,23701.7,4538276
1773805620,2026-03-18T09:17:00,23701.95,23726.05,23697.75,23715.35,3809051
1773805680,2026-03-18T09:18:00,23719.35,23723.9,23713.6,23719.15,3236290
1773805740,2026-03-18T09:19:00,23719.6,23726.75,23716.5,23721.9,3185836
1773805800,2026-03-18T09:20:00,23721.6,23738.9,23720.95,23732.6,2699671
1773805860,2026-03-18T09:21:00,23734.1,23734.1,23704.0,23704.9,2675053
1773805920,2026-03-18T09:22:00,23706.1,23709.65,23690.05,23693.45,2160002
1773805980,2026-03-18T09:23:00,23692.95,23713.3,23692.0,23705.8,1873581
1773806040,2026-03-18T09:24:00,23705.35,23705.35,23675.5,23676.15,1809045
1773806100,2026-03-18T09:25:00,23677.0,23691.4,23667.3,23691.35,1804079
1773806160,2026-03-18T09:26:00,23689.5,23696.15,23677.6,23684.0,1551807
1773806220,2026-03-18T09:27:00,23685.5,23705.95,23684.55,23705.95,1659087
1773806280,2026-03-18T09:28:00,23705.6,23724.15,23702.95,23721.6,1886598
1773806340,2026-03-18T09:29:00,23721.2,23723.25,23710.7,23715.3,1641872
1773806400,2026-03-18T09:30:00,23714.8,23733.4,23714.8,23732.2,1629357
1773806460,2026-03-18T09:31:00,23731.7,23735.05,23721.25,23725.85,1777495
1773806520,2026-03-18T09:32:00,23725.7,23733.45,23725.55,23728.4,1372715
1773806580,2026-03-18T09:33:00,23728.2,23732.8,23719.65,23720.3,1201556
1773806640,2026-03-18T09:34:00,23720.0,23732.65,23720.0,23725.3,1025779
1773806700,2026-03-18T09:35:00,23726.8,23728.8,23720.6,23724.9,1253846
1773806760,2026-03-18T09:36:00,23723.7,23726.8,23720.2,23721.9,1346706
1773806820,2026-03-18T09:37:00,23721.05,23726.5,23715.7,23725.8,1263375
1773806880,2026-03-18T09:38:00,23724.05,23729.35,23718.65,23719.55,1382807
1773806940,2026-03-18T09:39:00,23717.6,23718.7,23706.45,23708.05,1123978
1773807000,2026-03-18T09:40:00,23708.1,23712.25,23707.55,23709.3,748872
1773807060,2026-03-18T09:41:00,23708.0,23709.85,23704.05,23705.4,1041032
1773807120,2026-03-18T09:42:00,23705.45,23717.75,23700.1,23712.5,965376
1773807180,2026-03-18T09:43:00,23713.15,23731.1,23713.15,23725.1,1039045
1773807240,2026-03-18T09:44:00,23725.5,23727.25,23715.25,23721.75,1335173
1773807300,2026-03-18T09:45:00,23720.35,23725.25,23711.55,23713.2,1602434
1773807360,2026-03-18T09:46:00,23712.8,23717.1,23704.45,23708.5,964985
1773807420,2026-03-18T09:47:00,23707.3,23719.9,23705.05,23708.85,1405643
1773807480,2026-03-18T09:48:00,23709.3,23715.5,23704.9,23713.65,1231594
1773807540,2026-03-18T09:49:00,23714.6,23733.95,23714.6,23732.2,1260659
1773807600,2026-03-18T09:50:00,23733.4,23752.75,23732.45,23751.65,1503708
1773807660,2026-03-18T09:51:00,23749.45,23754.65,23737.5,23738.3,1072953
1773807720,2026-03-18T09:52:00,23739.1,23741.6,23728.3,23731.05,1165787
1773807780,2026-03-18T09:53:00,23730.8,23732.85,23724.6,23731.05,1493416
1773807840,2026-03-18T09:54:00,23730.4,23732.8,23720.85,23724.35,1492225
1773807900,2026-03-18T09:55:00,23724.3,23725.2,23700.9,23704.15,1020116
1773807960,2026-03-18T09:56:00,23704.45,23705.6,23681.5,23683.95,1188688
1773808020,2026-03-18T09:57:00,23683.15,23685.1,23669.55,23669.55,1934755
1773808080,2026-03-18T09:58:00,23671.05,23684.9,23671.0,23684.9,1422468
1773808140,2026-03-18T09:59:00,23684.35,23693.15,23684.35,23691.25,981168
1773808200,2026-03-18T10:00:00,23691.15,23695.65,23684.55,23686.7,1164914
1773808260,2026-03-18T10:01:00,23685.65,23690.9,23683.05,23687.85,980401
1773808320,2026-03-18T10:02:00,23687.8,23689.1,23668.4,23669.8,1481979
1773808380,2026-03-18T10:03:00,23668.85,23671.05,23657.8,23659.35,1627520
1773808440,2026-03-18T10:04:00,23658.3,23661.25,23650.6,23657.05,1325930
1773808500,2026-03-18T10:05:00,23658.05,23659.75,23644.6,23648.7,1205409
1773808560,2026-03-18T10:06:00,23648.3,23654.2,23643.3,23653.3,920154
1773808620,2026-03-18T10:07:00,23654.3,23663.95,23654.3,23660.95,779925
1773808680,2026-03-18T10:08:00,23661.0,23663.05,23652.3,23656.95,803047
1773808740,2026-03-18T10:09:00,23657.85,23664.0,23650.2,23650.2,1154208
1773808800,2026-03-18T10:10:00,23649.35,23652.35,23640.85,23642.3,941038
1773808860,2026-03-18T10:11:00,23643.35,23655.2,23640.7,23653.35,786120
1773808920,2026-03-18T10:12:00,23652.55,23653.9,23645.2,23645.55,565292
1773808980,2026-03-18T10:13:00,23645.35,23652.55,23641.6,23650.9,856132
1773809040,2026-03-18T10:14:00,23650.65,23666.3,23650.65,23664.3,630764
1773809100,2026-03-18T10:15:00,23664.95,23674.65,23664.65,23673.75,1036717
1773809160,2026-03-18T10:16:00,23671.65,23688.45,23671.65,23686.2,855982
1773809220,2026-03-18T10:17:00,23685.35,23688.85,23684.3,23687.35,789900
1773809280,2026-03-18T10:18:00,23686.75,23704.4,23686.75,23703.8,1092641
1773809340,2026-03-18T10:19:00,23703.85,23711.0,23703.8,23707.35,1011307
1773809400,2026-03-18T10:20:00,23707.7,23714.2,23707.1,23707.1,889239
1773809460,2026-03-18T10:21:00,23707.6,23709.2,23701.35,23709.2,613179
1773809520,2026-03-18T10:22:00,23709.25,23720.2,23709.25,23717.4,877467
1773809580,2026-03-18T10:23:00,23717.6,23731.2,23717.3,23731.1,897152
1773809640,2026-03-18T10:24:00,23729.6,23736.05,23729.4,23735.85,816247
1773809700,2026-03-18T10:25:00,23734.9,23736.1,23728.3,23731.75,799877
1773809760,2026-03-18T10:26:00,23731.55,23737.55,23726.1,23737.55,901771
1773809820,2026-03-18T10:27:00,23736.15,23737.85,23716.7,23725.3,1093043
1773809880,2026-03-18T10:28:00,23725.4,23727.85,23720.5,23725.8,567103
1773809940,2026-03-18T10:29:00,23725.45,23727.2,23721.65,23722.95,763375
1773810000,2026-03-18T10:30:00,23721.65,23723.4,23715.95,23716.05,680858
1773810060,2026-03-18T10:31:00,23715.65,23722.35,23713.45,23720.1,753813
1773810120,2026-03-18T10:32:00,23720.4,23738.1,23720.4,23737.7,849442
1773810180,2026-03-18T10:33:00,23736.2,23739.45,23733.85,23735.55,876071
1773810240,2026-03-18T10:34:00,23735.85,23737.85,23724.25,23732.15,798142
1773810300,2026-03-18T10:35:00,23730.4,23735.95,23726.35,23726.35,495233
1773810360,2026-03-18T10:36:00,23725.95,23733.75,23723.0,23733.3,713933
1773810420,2026-03-18T10:37:00,23730.9,23740.95,23730.9,23739.15,599749
1773810480,2026-03-18T10:38:00,23739.85,23746.0,23739.8,23743.05,1048262
1773810540,2026-03-18T10:39:00,23742.1,23745.15,23730.05,23731.5,735095
1773810600,2026-03-18T10:40:00,23730.55,23740.05,23728.4,23737.4,808536
1773810660,2026-03-18T10:41:00,23737.45,23741.2,23731.4,23733.25,646520
1773810720,2026-03-18T10:42:00,23734.1,23737.95,23731.55,23732.65,475574
1773810780,2026-03-18T10:43:00,23733.2,23733.55,23722.9,23728.5,1091508
1773810840,2026-03-18T10:44:00,23728.85,23730.35,23718.3,23723.35,694149
1773810900,2026-03-18T10:45:00,23721.65,23732.05,23721.1,23731.8,1175643
1773810960,2026-03-18T10:46:00,23731.55,23739.85,23731.15,23736.0,764039
1773811020,2026-03-18T10:47:00,23736.15,23738.75,23732.2,23738.65,929274
1773811080,2026-03-18T10:48:00,23738.2,23761.15,23738.2,23759.85,1040097
1773811140,2026-03-18T10:49:00,23757.65,23760.2,23753.95,23759.85,869141
1773811200,2026-03-18T10:50:00,23759.55,23765.95,23753.2,23753.3,964320
1773811260,2026-03-18T10:51:00,23753.0,23763.6,23752.65,23761.3,1051964
1773811320,2026-03-18T10:52:00,23761.1,23762.8,23753.75,23755.6,1149748
1773811380,2026-03-18T10:53:00,23754.05,23761.6,23754.05,23760.3,680713
1773811440,2026-03-18T10:54:00,23760.95,23770.5,23760.05,23768.15,1043620
1773811500,2026-03-18T10:55:00,23767.55,23771.0,23764.2,23769.95,1174666
1773811560,2026-03-18T10:56:00,23769.65,23774.9,23768.6,23771.3,830767
1773811620,2026-03-18T10:57:00,23771.55,23778.55,23769.8,23776.35,826950
1773811680,2026-03-18T10:58:00,23776.25,23777.9,23767.4,23768.6,898481
1773811740,2026-03-18T10:59:00,23767.05,23773.3,23766.6,23770.6,1159995
1773811800,2026-03-18T11:00:00,23770.8,23781.75,23770.4,23777.95,846367
1773811860,2026-03-18T11:01:00,23776.45,23778.2,23764.15,23767.1,661320
1773811920,2026-03-18T11:02:00,23767.35,23775.85,23765.7,23775.5,1072787
1773811980,2026-03-18T11:03:00,23775.65,23783.2,23775.65,23781.2,1149809
1773812040,2026-03-18T11:04:00,23781.6,23786.5,23777.6,23784.4,967138
1773812100,2026-03-18T11:05:00,23782.45,23784.2,23771.6,23772.45,728276
1773812160,2026-03-18T11:06:00,23771.95,23774.3,23768.55,23770.35,793864
1773812220,2026-03-18T11:07:00,23770.95,23772.55,23764.55,23766.6,931709
1773812280,2026-03-18T11:08:00,23767.05,23773.75,23765.0,23770.8,774154
1773812340,2026-03-18T11:09:00,23770.25,23783.45,23770.25,23777.15,751159
1773812400,2026-03-18T11:10:00,23776.6,23783.4,23774.15,23783.4,597575
1773812460,2026-03-18T11:11:00,23782.5,23784.3,23769.35,23770.05,947730
1773812520,2026-03-18T11:12:00,23770.05,23775.15,23768.45,23772.75,966291
1773812580,2026-03-18T11:13:00,23772.25,23777.35,23770.5,23773.85,626779
1773812640,2026-03-18T11:14:00,23773.85,23791.5,23773.85,23785.3,603263
1773812700,2026-03-18T11:15:00,23784.7,23785.95,23771.15,23773.55,720734
1773812760,2026-03-18T11:16:00,23771.95,23775.6,23770.6,23773.05,825292
1773812820,2026-03-18T11:17:00,23772.0,23777.1,23772.0,23773.65,537471
1773812880,2026-03-18T11:18:00,23772.95,23778.15,23770.6,23776.5,757409
1773812940,2026-03-18T11:19:00,23776.9,23787.05,23776.9,23787.05,968164
1773813000,2026-03-18T11:20:00,23786.25,23791.3,23786.25,23791.2,544621
1773813060,2026-03-18T11:21:00,23791.35,23796.7,23787.2,23793.6,875795
1773813120,2026-03-18T11:22:00,23794.05,23800.15,23781.85,23781.85,857675
1773813180,2026-03-18T11:23:00,23782.55,23791.4,23782.55,23791.4,738351
1773813240,2026-03-18T11:24:00,23790.7,23801.1,23790.7,23798.2,742045
1773813300,2026-03-18T11:25:00,23797.85,23798.65,23790.1,23792.15,561320
1773813360,2026-03-18T11:26:00,23791.75,23794.55,23779.75,23784.0,626867
1773813420,2026-03-18T11:27:00,23782.8,23801.2,23782.8,23801.2,758738
1773813480,2026-03-18T11:28:00,23800.45,23805.9,23797.85,23805.5,732060
1773813540,2026-03-18T11:29:00,23804.75,23806.4,23798.4,23799.6,762999
1773813600,2026-03-18T11:30:00,23798.75,23800.35,23790.1,23795.8,667008
1773813660,2026-03-18T11:31:00,23795.25,23798.7,23792.35,23792.9,788808
1773813720,2026-03-18T11:32:00,23793.05,23799.65,23793.05,23798.4,554346
1773813780,2026-03-18T11:33:00,23797.8,23804.35,23792.0,23793.5,802508
1773813840,2026-03-18T11:34:00,23793.05,23798.4,23791.65,23791.65,793026
1773813900,2026-03-18T11:35:00,23791.7,23792.35,23783.1,23784.3,1165103
1773813960,2026-03-18T11:36:00,23784.7,23796.85,23784.7,23796.5,829741
1773814020,2026-03-18T11:37:00,23795.5,23807.65,23795.5,23804.25,827965
1773814080,2026-03-18T11:38:00,23803.8,23812.0,23801.1,23811.55,795091
1773814140,2026-03-18T11:39:00,23811.3,23816.0,23810.35,23812.95,747980
1773814200,2026-03-18T11:40:00,23813.35,23817.4,23812.1,23817.3,770440
1773814260,2026-03-18T11:41:00,23817.0,23824.55,23817.0,23824.5,683077
1773814320,2026-03-18T11:42:00,23825.6,23835.95,23818.45,23823.4,1017696
1773814380,2026-03-18T11:43:00,23823.7,23828.5,23819.65,23828.5,837484
1773814440,2026-03-18T11:44:00,23829.2,23833.45,23816.45,23817.95,849796
1773814500,2026-03-18T11:45:00,23816.9,23820.4,23812.15,23813.25,611154
1773814560,2026-03-18T11:46:00,23812.3,23813.35,23808.35,23810.8,590499
1773814620,2026-03-18T11:47:00,23810.35,23816.7,23808.2,23814.75,648390
1773814680,2026-03-18T11:48:00,23813.6,23818.0,23812.55,23814.4,855399
1773814740,2026-03-18T11:49:00,23813.8,23814.4,23804.15,23804.15,528493
1773814800,2026-03-18T11:50:00,23804.3,23814.15,23803.55,23812.95,561775
1773814860,2026-03-18T11:51:00,23813.3,23818.7,23813.05,23816.55,922098
1773814920,2026-03-18T11:52:00,23816.85,23818.55,23807.15,23810.9,545650
1773814980,2026-03-18T11:53:00,23811.05,23813.35,23808.6,23810.05,388887
1773815040,2026-03-18T11:54:00,23809.65,23822.5,23809.65,23820.55,541503
1773815100,2026-03-18T11:55:00,23820.15,23821.3,23814.1,23815.0,767517
1773815160,2026-03-18T11:56:00,23813.9,23814.7,23807.55,23812.85,641359
1773815220,2026-03-18T11:57:00,23812.25,23815.4,23806.5,23811.2,486140
1773815280,2026-03-18T11:58:00,23810.2,23813.05,23808.2,23810.5,445946
1773815340,2026-03-18T11:59:00,23808.8,23811.3,23806.3,23806.3,493203
1773815400,2026-03-18T12:00:00,23806.65,23810.8,23802.2,23803.6,724853
1773815460,2026-03-18T12:01:00,23802.15,23808.95,23798.6,23799.65,814997
1773815520,2026-03-18T12:02:00,23798.2,23800.1,23790.6,23794.55,752761
1773815580,2026-03-18T12:03:00,23793.65,23795.85,23787.0,23790.65,873035
1773815640,2026-03-18T12:04:00,23790.05,23797.55,23790.05,23793.3,699038
1773815700,2026-03-18T12:05:00,23793.45,23795.9,23790.7,23793.45,526744
1773815760,2026-03-18T12:06:00,23792.55,23797.2,23787.65,23789.15,521576
1773815820,2026-03-18T12:07:00,23787.25,23789.7,23778.2,23778.2,821088
1773815880,2026-03-18T12:08:00,23777.75,23788.35,23777.75,23788.35,582085
1773815940,2026-03-18T12:09:00,23788.6,23789.85,23778.4,23779.6,515211
1773816000,2026-03-18T12:10:00,23779.3,23787.8,23777.55,23782.7,673414
1773816060,2026-03-18T12:11:00,23783.65,23788.55,23779.4,23783.9,563299
1773816120,2026-03-18T12:12:00,23783.1,23783.7,23775.7,23783.25,621462
1773816180,2026-03-18T12:13:00,23783.25,23789.55,23782.85,23784.35,571160
1773816240,2026-03-18T12:14:00,23783.35,23783.85,23772.15,23779.65,726542
1773816300,2026-03-18T12:15:00,23779.2,23781.95,23776.0,23780.0,399391
1773816360,2026-03-18T12:16:00,23780.1,23784.65,23777.75,23779.75,628352
1773816420,2026-03-18T12:17:00,23778.45,23780.75,23775.15,23777.9,716845
1773816480,2026-03-18T12:18:00,23776.4,23786.25,23776.4,23785.9,586602
1773816540,2026-03-18T12:19:00,23785.6,23787.7,23779.2,23786.45,455818
1773816600,2026-03-18T12:20:00,23785.7,23788.8,23784.05,23787.3,525052
1773816660,2026-03-18T12:21:00,23785.95,23787.45,23776.4,23779.15,910789
1773816720,2026-03-18T12:22:00,23778.05,23786.8,23778.05,23781.3,563395
1773816780,2026-03-18T12:23:00,23780.95,23782.1,23770.1,23772.2,615802
1773816840,2026-03-18T12:24:00,23770.55,23787.15,23769.4,23781.45,1128684
1773816900,2026-03-18T12:25:00,23781.6,23784.2,23771.6,23774.9,484777
1773816960,2026-03-18T12:26:00,23775.6,23777.1,23762.6,23767.1,1039469
1773817020,2026-03-18T12:27:00,23768.35,23777.35,23762.5,23764.35,1050544
1773817080,2026-03-18T12:28:00,23763.85,23768.4,23760.9,23764.95,650855
1773817140,2026-03-18T12:29:00,23765.6,23769.5,23762.5,23767.0,833996
1773817200,2026-03-18T12:30:00,23767.15,23781.45,23767.15,23780.0,774499
1773817260,2026-03-18T12:31:00,23780.5,23784.25,23775.7,23777.6,823132
1773817320,2026-03-18T12:32:00,23775.8,23782.7,23775.8,23781.6,497177
1773817380,2026-03-18T12:33:00,23781.35,23788.75,23778.0,23783.45,756435
1773817440,2026-03-18T12:34:00,23782.7,23789.95,23780.85,23780.85,923144
1773817500,2026-03-18T12:35:00,23780.2,23787.15,23778.55,23785.8,776199
1773817560,2026-03-18T12:36:00,23785.9,23788.8,23774.55,23775.35,1002038
1773817620,2026-03-18T12:37:00,23774.1,23774.1,23765.3,23771.25,1152770
1773817680,2026-03-18T12:38:00,23770.25,23778.05,23770.25,23772.2,876383
1773817740,2026-03-18T12:39:00,23772.65,23773.95,23770.2,23772.6,482421
1773817800,2026-03-18T12:40:00,23772.6,23774.2,23765.7,23765.7,452911
1773817860,2026-03-18T12:41:00,23767.35,23771.2,23762.4,23770.95,727580
1773817920,2026-03-18T12:42:00,23770.1,23773.45,23766.8,23771.65,953970
1773817980,2026-03-18T12:43:00,23771.85,23775.85,23768.35,23773.15,783569
1773818040,2026-03-18T12:44:00,23773.25,23778.2,23772.15,23778.2,575743
1773818100,2026-03-18T12:45:00,23777.7,23778.35,23768.45,23770.95,650384
1773818160,2026-03-18T12:46:00,23770.1,23773.05,23767.8,23772.85,697011
1773818220,2026-03-18T12:47:00,23772.05,23772.85,23766.8,23768.2,628899
1773818280,2026-03-18T12:48:00,23768.7,23774.4,23764.95,23773.0,509023
1773818340,2026-03-18T12:49:00,23772.85,23785.75,23772.6,23785.75,845011
1773818400,2026-03-18T12:50:00,23785.45,23790.6,23781.25,23789.3,708076
1773818460,2026-03-18T12:51:00,23788.75,23789.85,23782.65,23783.8,661029
1773818520,2026-03-18T12:52:00,23784.6,23794.5,23783.25,23789.8,728318
1773818580,2026-03-18T12:53:00,23789.6,23791.0,23778.6,23779.3,781106
1773818640,2026-03-18T12:54:00,23778.8,23781.0,23768.35,23772.45,678876
1773818700,2026-03-18T12:55:00,23771.6,23774.5,23766.75,23767.2,499979
1773818760,2026-03-18T12:56:00,23767.1,23776.2,23765.75,23776.2,476587
1773818820,2026-03-18T12:57:00,23775.5,23778.85,23772.85,23772.85,509292
1773818880,2026-03-18T12:58:00,23773.4,23780.65,23772.7,23780.65,549934
1773818940,2026-03-18T12:59:00,23779.2,23781.15,23774.4,23775.9,741802
1773819000,2026-03-18T13:00:00,23775.15,23789.1,23775.15,23787.05,1000792
1773819060,2026-03-18T13:01:00,23788.0,23795.35,23784.65,23794.55,824816
1773819120,2026-03-18T13:02:00,23795.35,23795.35,23780.55,23783.8,763345
1773819180,2026-03-18T13:03:00,23783.75,23792.9,23778.0,23789.25,812077
1773819240,2026-03-18T13:04:00,23792.6,23798.2,23789.65,23796.15,636888
1773819300,2026-03-18T13:05:00,23796.45,23797.6,23786.7,23788.6,538155
1773819360,2026-03-18T13:06:00,23789.95,23793.25,23775.8,23778.3,760449
1773819420,2026-03-18T13:07:00,23776.85,23779.65,23773.8,23774.95,821059
1773819480,2026-03-18T13:08:00,23774.75,23776.35,23766.4,23770.35,736459
1773819540,2026-03-18T13:09:00,23769.35,23780.2,23768.75,23777.85,478939
1773819600,2026-03-18T13:10:00,23776.5,23782.55,23774.7,23779.35,803897
1773819660,2026-03-18T13:11:00,23780.1,23794.1,23779.4,23791.95,855064
1773819720,2026-03-18T13:12:00,23792.5,23798.35,23788.5,23795.85,743015
1773819780,2026-03-18T13:13:00,23796.25,23799.8,23794.4,23797.4,715745
1773819840,2026-03-18T13:14:00,23797.65,23803.2,23795.4,23803.2,565816
1773819900,2026-03-18T13:15:00,23802.4,23806.35,23796.95,23806.3,549265
1773819960,2026-03-18T13:16:00,23805.2,23805.2,23792.4,23797.35,790953
1773820020,2026-03-18T13:17:00,23797.15,23805.65,23796.2,23803.5,926621
1773820080,2026-03-18T13:18:00,23800.95,23810.2,23798.7,23799.65,1265869
1773820140,2026-03-18T13:19:00,23797.9,23806.65,23795.7,23796.6,599726
1773820200,2026-03-18T13:20:00,23798.0,23818.4,23797.25,23817.7,1084790
1773820260,2026-03-18T13:21:00,23817.45,23822.0,23815.75,23822.0,863571
1773820320,2026-03-18T13:22:00,23821.0,23827.25,23817.6,23827.15,636237
1773820380,2026-03-18T13:23:00,23826.65,23827.75,23823.25,23827.2,846113
1773820440,2026-03-18T13:24:00,23827.75,23829.25,23824.25,23828.7,1201521
1773820500,2026-03-18T13:25:00,23828.2,23836.75,23823.4,23823.4,1095741
1773820560,2026-03-18T13:26:00,23823.15,23823.45,23814.7,23815.5,632996
1773820620,2026-03-18T13:27:00,23814.35,23821.45,23811.25,23811.6,639150
1773820680,2026-03-18T13:28:00,23811.55,23817.7,23810.35,23816.05,453611
1773820740,2026-03-18T13:29:00,23815.2,23825.65,23814.85,23824.35,725586
1773820800,2026-03-18T13:30:00,23823.85,23826.45,23817.75,23819.35,840450
1773820860,2026-03-18T13:31:00,23819.75,23823.85,23816.95,23821.65,777440
1773820920,2026-03-18T13:32:00,23821.7,23826.4,23816.0,23820.3,764377
1773820980,2026-03-18T13:33:00,23819.75,23837.65,23817.9,23835.9,1175659
1773821040,2026-03-18T13:34:00,23835.55,23838.2,23827.5,23833.15,929579
1773821100,2026-03-18T13:35:00,23834.95,23835.75,23824.15,23831.1,751011
1773821160,2026-03-18T13:36:00,23830.65,23838.35,23828.2,23836.55,895109
1773821220,2026-03-18T13:37:00,23835.7,23840.35,23833.95,23836.0,886320
1773821280,2026-03-18T13:38:00,23836.2,23837.25,23829.1,23829.9,717895
1773821340,2026-03-18T13:39:00,23830.2,23843.35,23829.1,23841.4,589754
1773821400,2026-03-18T13:40:00,23840.5,23843.65,23835.4,23835.4,799764
1773821460,2026-03-18T13:41:00,23834.65,23842.05,23832.9,23841.0,657799
1773821520,2026-03-18T13:42:00,23839.2,23839.2,23830.1,23831.6,755759
1773821580,2026-03-18T13:43:00,23831.7,23839.1,23829.65,23839.1,472303
1773821640,2026-03-18T13:44:00,23838.9,23844.8,23834.25,23844.4,652671
1773821700,2026-03-18T13:45:00,23845.45,23845.95,23834.8,23842.25,633683
1773821760,2026-03-18T13:46:00,23841.4,23842.2,23826.35,23828.1,898640
1773821820,2026-03-18T13:47:00,23827.85,23832.25,23824.15,23832.25,665904
1773821880,2026-03-18T13:48:00,23831.3,23834.85,23826.9,23832.2,528123
1773821940,2026-03-18T13:49:00,23831.4,23832.95,23827.35,23829.45,492241
1773822000,2026-03-18T13:50:00,23828.15,23829.65,23819.05,23829.65,889750
1773822060,2026-03-18T13:51:00,23829.75,23832.9,23825.8,23832.9,661784
1773822120,2026-03-18T13:52:00,23832.45,23839.2,23831.45,23839.2,589806
1773822180,2026-03-18T13:53:00,23839.15,23848.55,23836.7,23844.6,609107
1773822240,2026-03-18T13:54:00,23845.35,23850.95,23841.8,23845.8,783983
1773822300,2026-03-18T13:55:00,23844.6,23859.35,23844.5,23855.35,974017
1773822360,2026-03-18T13:56:00,23854.4,23854.4,23841.0,23845.15,730479
1773822420,2026-03-18T13:57:00,23844.25,23845.35,23838.65,23842.35,779998
1773822480,2026-03-18T13:58:00,23843.45,23848.85,23838.8,23839.45,605539
1773822540,2026-03-18T13:59:00,23838.55,23840.65,23831.2,23833.65,704305
1773822600,2026-03-18T14:00:00,23832.5,23842.3,23831.9,23842.3,763606
1773822660,2026-03-18T14:01:00,23841.5,23851.5,23840.0,23847.2,1287773
1773822720,2026-03-18T14:02:00,23845.35,23846.4,23836.95,23840.35,768379
1773822780,2026-03-18T14:03:00,23841.0,23842.05,23834.55,23835.8,779334
1773822840,2026-03-18T14:04:00,23835.05,23835.05,23820.85,23826.75,1058919
1773822900,2026-03-18T14:05:00,23827.35,23827.35,23820.0,23824.45,811379
1773822960,2026-03-18T14:06:00,23823.9,23830.15,23819.75,23829.1,719101
1773823020,2026-03-18T14:07:00,23827.25,23827.75,23817.25,23817.65,738889
1773823080,2026-03-18T14:08:00,23817.4,23822.65,23812.95,23821.7,696094
1773823140,2026-03-18T14:09:00,23822.2,23830.25,23820.9,23828.0,580364
1773823200,2026-03-18T14:10:00,23827.5,23836.05,23826.05,23831.7,616282
1773823260,2026-03-18T14:11:00,23831.7,23833.25,23824.9,23825.7,774954
1773823320,2026-03-18T14:12:00,23825.6,23825.6,23817.75,23820.1,632824
1773823380,2026-03-18T14:13:00,23820.15,23822.4,23812.55,23812.55,533636
1773823440,2026-03-18T14:14:00,23812.95,23818.75,23809.6,23817.65,561211
1773823500,2026-03-18T14:15:00,23817.5,23818.15,23811.1,23817.4,867404
1773823560,2026-03-18T14:16:00,23817.0,23824.85,23815.9,23824.15,557808
1773823620,2026-03-18T14:17:00,23824.5,23835.45,23822.9,23835.45,734754
1773823680,2026-03-18T14:18:00,23835.05,23845.6,23833.85,23837.5,843755
1773823740,2026-03-18T14:19:00,23837.0,23840.05,23835.65,23839.35,629877
1773823800,2026-03-18T14:20:00,23839.85,23845.35,23833.15,23844.75,772194
1773823860,2026-03-18T14:21:00,23844.35,23852.6,23843.95,23845.45,964092
1773823920,2026-03-18T14:22:00,23844.05,23844.25,23837.3,23843.55,684406
1773823980,2026-03-18T14:23:00,23843.75,23847.2,23838.35,23840.25,814072
1773824040,2026-03-18T14:24:00,23839.85,23850.75,23838.95,23849.2,654575
1773824100,2026-03-18T14:25:00,23848.7,23856.85,23846.65,23855.55,623106
1773824160,2026-03-18T14:26:00,23855.6,23862.25,23854.65,23859.25,736434
1773824220,2026-03-18T14:27:00,23859.35,23860.05,23843.75,23847.25,862815
1773824280,2026-03-18T14:28:00,23846.85,23850.3,23843.7,23843.8,621975
1773824340,2026-03-18T14:29:00,23844.1,23844.15,23835.25,23835.25,711373
1773824400,2026-03-18T14:30:00,23836.45,23836.7,23830.15,23830.5,721648
1773824460,2026-03-18T14:31:00,23830.75,23840.05,23815.55,23815.55,874241
1773824520,2026-03-18T14:32:00,23816.95,23818.55,23811.85,23813.2,1289269
1773824580,2026-03-18T14:33:00,23813.95,23813.95,23799.35,23799.35,917423
1773824640,2026-03-18T14:34:00,23799.9,23807.95,23795.8,23796.15,1057479
1773824700,2026-03-18T14:35:00,23795.9,23805.3,23790.35,23804.65,865698
1773824760,2026-03-18T14:36:00,23805.0,23805.25,23795.8,23796.25,737975
1773824820,2026-03-18T14:37:00,23796.25,23798.0,23786.95,23795.75,877322
1773824880,2026-03-18T14:38:00,23796.1,23805.7,23793.8,23798.65,797330
1773824940,2026-03-18T14:39:00,23800.2,23802.0,23795.75,23801.15,598707
1773825000,2026-03-18T14:40:00,23801.5,23811.4,23799.55,23806.0,882651
1773825060,2026-03-18T14:41:00,23806.05,23806.05,23797.15,23799.6,832382
1773825120,2026-03-18T14:42:00,23799.55,23802.8,23793.0,23793.8,1062200
1773825180,2026-03-18T14:43:00,23793.7,23794.1,23784.75,23786.25,977878
1773825240,2026-03-18T14:44:00,23787.15,23787.15,23779.7,23780.6,851803
1773825300,2026-03-18T14:45:00,23780.55,23785.5,23775.55,23780.5,829890
1773825360,2026-03-18T14:46:00,23781.5,23802.55,23780.55,23799.6,902094
1773825420,2026-03-18T14:47:00,23799.25,23799.8,23788.6,23791.4,595696
1773825480,2026-03-18T14:48:00,23791.9,23795.5,23787.05,23788.3,713442
1773825540,2026-03-18T14:49:00,23788.55,23800.4,23787.35,23799.05,672686
1773825600,2026-03-18T14:50:00,23798.6,23804.95,23796.35,23803.35,671453
1773825660,2026-03-18T14:51:00,23804.1,23808.35,23794.15,23794.3,822805
1773825720,2026-03-18T14:52:00,23794.75,23798.3,23791.6,23792.05,778453
1773825780,2026-03-18T14:53:00,23792.7,23792.7,23780.95,23783.2,770662
1773825840,2026-03-18T14:54:00,23783.5,23789.9,23780.6,23783.75,903475
1773825900,2026-03-18T14:55:00,23785.55,23796.55,23781.85,23792.95,950578
1773825960,2026-03-18T14:56:00,23793.35,23798.75,23782.75,23786.15,836067
1773826020,2026-03-18T14:57:00,23785.95,23797.8,23785.65,23790.8,824480
1773826080,2026-03-18T14:58:00,23792.05,23799.45,23790.25,23798.2,801185
1773826140,2026-03-18T14:59:00,23798.7,23804.0,23793.9,23801.8,877797
1773826200,2026-03-18T15:00:00,23801.65,23809.8,23770.25,23773.25,2755077
1773826260,2026-03-18T15:01:00,23771.85,23786.95,23766.9,23786.95,2153791
1773826320,2026-03-18T15:02:00,23787.1,23798.0,23787.1,23795.25,1728312
1773826380,2026-03-18T15:03:00,23795.4,23803.8,23785.5,23797.9,2166526
1773826440,2026-03-18T15:04:00,23797.55,23804.7,23797.55,23804.7,1571344
1773826500,2026-03-18T15:05:00,23803.55,23806.0,23794.9,23802.65,1813579
1773826560,2026-03-18T15:06:00,23802.75,23803.7,23793.65,23798.4,1722712
1773826620,2026-03-18T15:07:00,23797.45,23800.55,23794.05,23797.65,1641327
1773826680,2026-03-18T15:08:00,23798.45,23805.8,23798.45,23804.5,1803792
1773826740,2026-03-18T15:09:00,23804.5,23805.95,23792.9,23795.25,1750938
1773826800,2026-03-18T15:10:00,23795.9,23798.55,23791.8,23792.25,2427806
1773826860,2026-03-18T15:11:00,23795.25,23796.25,23790.3,23791.0,1788063
1773826920,2026-03-18T15:12:00,23790.8,23795.4,23790.7,23792.4,2010518
1773826980,2026-03-18T15:13:00,23793.55,23794.85,23789.1,23789.7,1857081
1773827040,2026-03-18T15:14:00,23790.65,23795.15,23789.0,23792.55,2273909
1773827100,2026-03-18T15:15:00,23792.9,23792.9,23775.2,23776.9,2519046
1773827160,2026-03-18T15:16:00,23777.35,23779.1,23773.95,23778.6,2153438
1773827220,2026-03-18T15:17:00,23778.8,23780.55,23773.3,23773.3,1988360
1773827280,2026-03-18T15:18:00,23773.05,23774.5,23768.55,23771.3,2581527
1773827340,2026-03-18T15:19:00,23770.25,23772.1,23766.15,23766.8,1968027
1773827400,2026-03-18T15:20:00,23767.45,23768.1,23755.35,23756.05,2858131
1773827460,2026-03-18T15:21:00,23757.6,23760.4,23734.1,23734.5,3257544
1773827520,2026-03-18T15:22:00,23736.6,23740.6,23730.65,23739.8,2350710
1773827580,2026-03-18T15:23:00,23740.05,23749.9,23739.1,23746.6,2231177
1773827640,2026-03-18T15:24:00,23747.3,23752.3,23745.85,23751.25,2739454
1773827700,2026-03-18T15:25:00,23750.95,23768.15,23750.05,23763.35,3172978
1773827760,2026-03-18T15:26:00,23762.45,23766.4,23758.35,23765.3,2264882
1773827820,2026-03-18T15:27:00,23764.0,23766.55,23761.0,23762.6,2591835
1773827880,2026-03-18T15:28:00,23761.95,23767.35,23757.0,23761.85,2076865
1773827940,2026-03-18T15:29:00,23762.7,23770.05,23757.4,23764.1,1416401
1773891900,2026-03-19T09:15:00,23197.75,23378.7,23180.95,23334.7,23717818
1773891960,2026-03-19T09:16:00,23332.25,23333.4,23270.15,23303.85,9592814
1773892020,2026-03-19T09:17:00,23303.3,23314.8,23295.1,23303.95,4751853
1773892080,2026-03-19T09:18:00,23304.3,23317.55,23283.75,23290.7,6038442
1773892140,2026-03-19T09:19:00,23291.4,23299.4,23281.7,23289.5,5605043
1773892200,2026-03-19T09:20:00,23289.7,23294.6,23276.8,23280.4,3718917
1773892260,2026-03-19T09:21:00,23282.55,23300.7,23278.1,23297.5,3677985
1773892320,2026-03-19T09:22:00,23298.25,23321.45,23293.2,23312.25,4513151
1773892380,2026-03-19T09:23:00,23314.45,23327.3,23306.95,23327.25,3569232
1773892440,2026-03-19T09:24:00,23325.9,23345.15,23311.7,23345.15,2829984
1773892500,2026-03-19T09:25:00,23345.45,23348.35,23335.35,23338.15,3842764
1773892560,2026-03-19T09:26:00,23338.1,23351.65,23334.45,23347.3,2817093
1773892620,2026-03-19T09:27:00,23346.85,23346.85,23332.0,23338.45,2495951
1773892680,2026-03-19T09:28:00,23338.5,23352.5,23336.0,23344.5,1909012
1773892740,2026-03-19T09:29:00,23342.9,23345.35,23316.05,23316.05,4038207
1773892800,2026-03-19T09:30:00,23317.2,23317.2,23299.25,23315.1,2388673
1773892860,2026-03-19T09:31:00,23315.75,23324.65,23303.8,23314.3,2256753
1773892920,2026-03-19T09:32:00,23314.65,23322.3,23309.1,23319.85,1752624
1773892980,2026-03-19T09:33:00,23318.7,23325.6,23315.8,23316.8,1491963
1773893040,2026-03-19T09:34:00,23316.5,23317.55,23296.7,23301.0,1759653
1773893100,2026-03-19T09:35:00,23299.7,23306.8,23292.5,23299.1,2013469
1773893160,2026-03-19T09:36:00,23298.05,23303.05,23290.45,23299.9,2158224
1773893220,2026-03-19T09:37:00,23298.3,23304.8,23291.55,23298.45,3538595
1773893280,2026-03-19T09:38:00,23296.45,23296.9,23262.3,23266.15,3874867
1773893340,2026-03-19T09:39:00,23265.55,23273.5,23255.5,23257.25,2763004
1773893400,2026-03-19T09:40:00,23261.1,23271.55,23255.7,23270.5,2346845
1773893460,2026-03-19T09:41:00,23269.75,23281.65,23266.25,23268.1,1287850
1773893520,2026-03-19T09:42:00,23266.55,23275.2,23263.7,23274.65,1575981
1773893580,2026-03-19T09:43:00,23273.5,23277.25,23264.35,23267.3,1573322
1773893640,2026-03-19T09:44:00,23269.25,23274.1,23266.3,23271.0,1246316
1773893700,2026-03-19T09:45:00,23269.6,23273.35,23264.0,23265.25,1325780
1773893760,2026-03-19T09:46:00,23266.25,23266.25,23240.85,23244.15,2955190
1773893820,2026-03-19T09:47:00,23242.85,23249.1,23237.7,23241.9,2574021
1773893880,2026-03-19T09:48:00,23240.8,23247.75,23229.8,23235.7,3581461
1773893940,2026-03-19T09:49:00,23235.8,23241.1,23226.75,23238.3,2030442
1773894000,2026-03-19T09:50:00,23235.9,23242.1,23233.65,23236.6,1884690
1773894060,2026-03-19T09:51:00,23235.75,23244.6,23233.0,23239.0,1972559
1773894120,2026-03-19T09:52:00,23239.3,23263.65,23238.0,23263.2,1612806
1773894180,2026-03-19T09:53:00,23263.15,23263.6,23231.2,23234.3,6003839
1773894240,2026-03-19T09:54:00,23235.45,23247.75,23233.1,23239.25,1407033
1773894300,2026-03-19T09:55:00,23239.15,23250.05,23235.3,23250.05,1115425
1773894360,2026-03-19T09:56:00,23250.15,23260.3,23248.1,23254.9,984928
1773894420,2026-03-19T09:57:00,23253.45,23256.8,23249.2,23254.0,906149
1773894480,2026-03-19T09:58:00,23253.5,23257.65,23249.85,23253.15,1547735
1773894540,2026-03-19T09:59:00,23253.65,23253.65,23229.35,23242.7,1952144
1773894600,2026-03-19T10:00:00,23241.95,23242.0,23230.7,23231.15,2473087
1773894660,2026-03-19T10:01:00,23231.35,23250.35,23230.45,23243.65,2138578
1773894720,2026-03-19T10:02:00,23242.7,23242.7,23233.5,23241.35,1166960
1773894780,2026-03-19T10:03:00,23242.85,23260.25,23242.3,23259.75,1103424
1773894840,2026-03-19T10:04:00,23259.95,23269.95,23256.75,23264.85,1410221
1773894900,2026-03-19T10:05:00,23264.9,23267.15,23260.45,23262.25,893157
1773894960,2026-03-19T10:06:00,23262.55,23264.35,23251.8,23255.6,866740
1773895020,2026-03-19T10:07:00,23254.1,23258.0,23247.6,23251.35,980614
1773895080,2026-03-19T10:08:00,23251.25,23256.1,23248.45,23253.45,933140
1773895140,2026-03-19T10:09:00,23254.7,23268.35,23253.9,23261.2,835823
1773895200,2026-03-19T10:10:00,23260.5,23260.85,23249.35,23252.2,1186440
1773895260,2026-03-19T10:11:00,23251.3,23251.8,23235.7,23238.5,1140031
1773895320,2026-03-19T10:12:00,23236.15,23249.55,23236.15,23242.5,713199
1773895380,2026-03-19T10:13:00,23243.0,23243.85,23235.9,23239.8,3068827
1773895440,2026-03-19T10:14:00,23239.6,23245.6,23236.65,23236.65,1214474
1773895500,2026-03-19T10:15:00,23234.75,23234.95,23219.5,23225.6,2779278
1773895560,2026-03-19T10:16:00,23226.2,23226.2,23215.8,23217.45,1364842
1773895620,2026-03-19T10:17:00,23214.45,23220.85,23204.05,23220.7,2329819
1773895680,2026-03-19T10:18:00,23222.85,23224.25,23214.2,23218.1,1239521
1773895740,2026-03-19T10:19:00,23218.2,23219.85,23212.15,23217.0,1218465
1773895800,2026-03-19T10:20:00,23216.95,23227.0,23214.75,23225.1,1392473
1773895860,2026-03-19T10:21:00,23225.1,23239.05,23222.4,23235.5,1204827
1773895920,2026-03-19T10:22:00,23237.65,23246.8,23234.5,23246.8,1316868
1773895980,2026-03-19T10:23:00,23244.05,23251.3,23241.35,23250.5,802054
1773896040,2026-03-19T10:24:00,23251.0,23260.0,23242.15,23260.0,907561
1773896100,2026-03-19T10:25:00,23258.45,23267.55,23257.95,23266.9,1521815
1773896160,2026-03-19T10:26:00,23268.15,23282.65,23268.15,23276.35,1691885
1773896220,2026-03-19T10:27:00,23276.15,23279.3,23273.55,23275.95,852734
1773896280,2026-03-19T10:28:00,23276.25,23283.95,23274.8,23278.4,1158533
1773896340,2026-03-19T10:29:00,23276.8,23278.15,23268.7,23272.4,816456
1773896400,2026-03-19T10:30:00,23272.4,23283.55,23272.4,23281.85,1376456
1773896460,2026-03-19T10:31:00,23282.3,23282.3,23274.35,23276.35,1583203
1773896520,2026-03-19T10:32:00,23276.6,23281.0,23273.95,23281.0,1322289
1773896580,2026-03-19T10:33:00,23281.75,23285.55,23275.7,23281.55,922835
1773896640,2026-03-19T10:34:00,23280.9,23287.15,23274.15,23274.15,1081388
1773896700,2026-03-19T10:35:00,23275.2,23279.05,23273.35,23275.45,798833
1773896760,2026-03-19T10:36:00,23275.1,23288.5,23271.7,23288.5,1170052
1773896820,2026-03-19T10:37:00,23287.8,23295.4,23281.35,23294.5,1018414
1773896880,2026-03-19T10:38:00,23293.05,23300.4,23293.05,23295.85,1334913
1773896940,2026-03-19T10:39:00,23294.9,23317.8,23293.2,23311.6,2030844
1773897000,2026-03-19T10:40:00,23313.35,23316.3,23304.5,23308.35,919681
1773897060,2026-03-19T10:41:00,23308.8,23308.8,23294.3,23294.95,1243587
1773897120,2026-03-19T10:42:00,23293.45,23299.85,23287.3,23299.85,899718
1773897180,2026-03-19T10:43:00,23299.55,23299.75,23290.95,23291.5,1209794
1773897240,2026-03-19T10:44:00,23292.7,23315.0,23292.7,23311.7,1245378
1773897300,2026-03-19T10:45:00,23312.6,23312.6,23300.55,23307.7,1234349
1773897360,2026-03-19T10:46:00,23307.75,23311.15,23303.4,23305.9,1257494
1773897420,2026-03-19T10:47:00,23306.25,23310.25,23304.6,23309.5,723806
1773897480,2026-03-19T10:48:00,23309.75,23309.75,23290.6,23291.1,1029524
1773897540,2026-03-19T10:49:00,23291.25,23291.25,23275.05,23276.75,1243377
1773897600,2026-03-19T10:50:00,23276.75,23291.25,23272.6,23290.15,1287469
1773897660,2026-03-19T10:51:00,23290.6,23290.6,23278.35,23281.55,826650
1773897720,2026-03-19T10:52:00,23281.35,23284.1,23276.5,23279.15,721686
1773897780,2026-03-19T10:53:00,23279.3,23283.45,23277.45,23282.55,699479
1773897840,2026-03-19T10:54:00,23282.25,23287.5,23277.8,23287.5,687834
1773897900,2026-03-19T10:55:00,23286.4,23287.3,23274.95,23275.15,646259
1773897960,2026-03-19T10:56:00,23275.6,23279.35,23273.0,23277.95,843842
1773898020,2026-03-19T10:57:00,23278.55,23291.7,23277.7,23282.15,1175954
1773898080,2026-03-19T10:58:00,23282.7,23284.85,23276.3,23280.45,1659979
1773898140,2026-03-19T10:59:00,23280.4,23280.5,23258.3,23260.45,1584499
1773898200,2026-03-19T11:00:00,23260.65,23264.65,23247.85,23250.55,1384100
1773898260,2026-03-19T11:01:00,23250.5,23255.15,23244.65,23251.15,1304591
1773898320,2026-03-19T11:02:00,23251.05,23261.65,23247.9,23251.25,1627792
1773898380,2026-03-19T11:03:00,23250.7,23256.65,23249.6,23252.05,863312
1773898440,2026-03-19T11:04:00,23252.0,23254.1,23246.95,23250.1,818637
1773898500,2026-03-19T11:05:00,23251.05,23251.2,23241.0,23244.9,1003737
1773898560,2026-03-19T11:06:00,23245.0,23251.1,23243.75,23248.9,579071
1773898620,2026-03-19T11:07:00,23251.65,23259.25,23247.3,23247.8,719595
1773898680,2026-03-19T11:08:00,23250.05,23250.05,23239.9,23242.35,1045888
1773898740,2026-03-19T11:09:00,23241.15,23247.95,23238.55,23239.4,785512
1773898800,2026-03-19T11:10:00,23241.45,23251.4,23238.7,23251.4,837973
1773898860,2026-03-19T11:11:00,23250.9,23251.5,23244.05,23248.1,478610
1773898920,2026-03-19T11:12:00,23247.2,23248.95,23237.2,23240.5,769617
1773898980,2026-03-19T11:13:00,23240.9,23254.95,23238.7,23253.1,1496092
1773899040,2026-03-19T11:14:00,23252.35,23253.9,23217.1,23220.95,2464908
1773899100,2026-03-19T11:15:00,23221.35,23221.4,23211.6,23213.55,950549
1773899160,2026-03-19T11:16:00,23213.4,23219.15,23209.2,23213.2,749105
1773899220,2026-03-19T11:17:00,23213.5,23221.5,23207.55,23221.5,1549435
1773899280,2026-03-19T11:18:00,23221.45,23228.9,23220.9,23222.0,907263
1773899340,2026-03-19T11:19:00,23222.35,23222.65,23217.35,23218.7,1039755
1773899400,2026-03-19T11:20:00,23219.55,23222.8,23216.45,23217.95,900125
1773899460,2026-03-19T11:21:00,23217.0,23232.05,23214.95,23230.05,1140998
1773899520,2026-03-19T11:22:00,23232.1,23244.45,23232.05,23234.55,1136657
1773899580,2026-03-19T11:23:00,23234.7,23244.75,23234.45,23244.75,1025277
1773899640,2026-03-19T11:24:00,23244.5,23253.6,23244.5,23246.45,1144384
1773899700,2026-03-19T11:25:00,23244.9,23246.0,23239.85,23242.55,825824
1773899760,2026-03-19T11:26:00,23241.9,23242.3,23231.2,23235.9,1245848
1773899820,2026-03-19T11:27:00,23235.75,23243.75,23235.75,23242.4,483892
1773899880,2026-03-19T11:28:00,23243.85,23244.3,23232.3,23234.15,781079
1773899940,2026-03-19T11:29:00,23233.75,23234.05,23224.45,23228.05,730968
1773900000,2026-03-19T11:30:00,23227.35,23237.8,23225.55,23236.95,824958
1773900060,2026-03-19T11:31:00,23236.8,23243.7,23231.6,23243.65,789390
1773900120,2026-03-19T11:32:00,23243.7,23247.9,23240.45,23241.95,826781
1773900180,2026-03-19T11:33:00,23246.1,23246.1,23236.5,23238.6,826120
1773900240,2026-03-19T11:34:00,23238.55,23250.1,23236.15,23248.9,828776
1773900300,2026-03-19T11:35:00,23246.75,23248.8,23243.7,23248.75,510345
1773900360,2026-03-19T11:36:00,23248.55,23253.85,23244.6,23247.4,436787
1773900420,2026-03-19T11:37:00,23247.6,23250.75,23241.6,23244.95,570626
1773900480,2026-03-19T11:38:00,23248.05,23248.95,23242.8,23243.75,470890
1773900540,2026-03-19T11:39:00,23243.5,23243.5,23237.65,23240.6,1703447
1773900600,2026-03-19T11:40:00,23240.35,23240.35,23229.2,23236.2,619265
1773900660,2026-03-19T11:41:00,23236.6,23238.8,23233.6,23233.6,527916
1773900720,2026-03-19T11:42:00,23234.55,23243.3,23232.75,23241.15,1063092
1773900780,2026-03-19T11:43:00,23240.95,23244.45,23236.7,23239.15,1234733
1773900840,2026-03-19T11:44:00,23239.55,23246.75,23239.05,23241.65,496966
1773900900,2026-03-19T11:45:00,23241.6,23244.1,23236.95,23240.9,488481
1773900960,2026-03-19T11:46:00,23241.7,23257.4,23239.9,23255.85,1202116
1773901020,2026-03-19T11:47:00,23253.9,23259.0,23253.65,23257.85,549617
1773901080,2026-03-19T11:48:00,23257.25,23260.0,23255.1,23255.8,718574
1773901140,2026-03-19T11:49:00,23255.1,23255.1,23241.4,23246.2,577527
1773901200,2026-03-19T11:50:00,23246.45,23247.8,23242.45,23247.1,490087
1773901260,2026-03-19T11:51:00,23247.5,23252.55,23245.8,23246.85,583170
1773901320,2026-03-19T11:52:00,23246.5,23256.05,23245.15,23255.3,827309
1773901380,2026-03-19T11:53:00,23255.7,23256.8,23245.15,23247.85,696178
1773901440,2026-03-19T11:54:00,23247.15,23248.15,23244.35,23245.9,580609
1773901500,2026-03-19T11:55:00,23245.6,23247.15,23237.85,23245.0,698410
1773901560,2026-03-19T11:56:00,23245.55,23248.0,23238.85,23238.85,520881
1773901620,2026-03-19T11:57:00,23238.8,23244.95,23237.5,23241.9,496739
1773901680,2026-03-19T11:58:00,23240.75,23242.9,23236.2,23242.85,514649
1773901740,2026-03-19T11:59:00,23242.4,23244.55,23240.25,23241.05,906047
1773901800,2026-03-19T12:00:00,23241.9,23242.15,23232.15,23234.35,950063
1773901860,2026-03-19T12:01:00,23234.7,23240.55,23233.8,23234.7,469293
1773901920,2026-03-19T12:02:00,23235.8,23244.2,23233.75,23243.95,520592
1773901980,2026-03-19T12:03:00,23243.8,23245.15,23230.85,23231.8,757306
1773902040,2026-03-19T12:04:00,23232.0,23232.55,23226.35,23231.6,536318
1773902100,2026-03-19T12:05:00,23232.65,23235.3,23227.95,23232.9,1144602
1773902160,2026-03-19T12:06:00,23232.4,23240.1,23230.1,23239.1,735614
1773902220,2026-03-19T12:07:00,23240.15,23240.8,23229.1,23229.1,815512
1773902280,2026-03-19T12:08:00,23231.15,23231.15,23217.85,23223.5,800710
1773902340,2026-03-19T12:09:00,23224.45,23236.1,23223.7,23234.0,771558
1773902400,2026-03-19T12:10:00,23231.9,23238.15,23231.35,23234.05,533014
1773902460,2026-03-19T12:11:00,23232.8,23241.4,23226.9,23241.25,672213
1773902520,2026-03-19T12:12:00,23241.2,23255.35,23239.8,23248.7,1225542
1773902580,2026-03-19T12:13:00,23248.5,23254.1,23247.5,23253.9,799089
1773902640,2026-03-19T12:14:00,23253.45,23268.75,23251.35,23265.5,988419
1773902700,2026-03-19T12:15:00,23265.5,23268.6,23260.0,23268.25,584267
1773902760,2026-03-19T12:16:00,23268.5,23275.8,23265.15,23265.8,1787192
1773902820,2026-03-19T12:17:00,23265.15,23279.05,23257.1,23275.8,852440
1773902880,2026-03-19T12:18:00,23275.7,23281.15,23274.25,23280.9,575089
1773902940,2026-03-19T12:19:00,23281.2,23281.2,23275.2,23276.75,587104
1773903000,2026-03-19T12:20:00,23276.1,23276.3,23256.55,23258.0,751039
1773903060,2026-03-19T12:21:00,23258.05,23259.25,23250.55,23252.15,657931
1773903120,2026-03-19T12:22:00,23251.85,23254.8,23245.25,23247.8,754163
1773903180,2026-03-19T12:23:00,23247.15,23251.55,23241.55,23242.9,657337
1773903240,2026-03-19T12:24:00,23242.5,23246.25,23238.95,23245.95,776577
1773903300,2026-03-19T12:25:00,23244.95,23255.05,23241.55,23254.65,835408
1773903360,2026-03-19T12:26:00,23255.2,23257.95,23246.05,23250.4,620176
1773903420,2026-03-19T12:27:00,23249.65,23254.95,23246.9,23248.5,597153
1773903480,2026-03-19T12:28:00,23248.2,23249.1,23240.95,23244.4,464701
1773903540,2026-03-19T12:29:00,23244.1,23255.25,23243.65,23254.85,754221
1773903600,2026-03-19T12:30:00,23254.9,23264.7,23254.75,23257.95,576409
1773903660,2026-03-19T12:31:00,23258.55,23259.8,23242.7,23243.8,621781
1773903720,2026-03-19T12:32:00,23243.5,23246.9,23240.45,23243.65,442824
1773903780,2026-03-19T12:33:00,23245.05,23245.35,23235.85,23240.25,601227
1773903840,2026-03-19T12:34:00,23240.1,23250.6,23239.5,23248.95,510101
1773903900,2026-03-19T12:35:00,23249.05,23252.5,23244.25,23252.15,376375
1773903960,2026-03-19T12:36:00,23251.45,23253.45,23246.05,23251.35,650870
1773904020,2026-03-19T12:37:00,23250.85,23256.9,23249.35,23254.65,818879
1773904080,2026-03-19T12:38:00,23255.05,23260.65,23253.95,23260.65,440983
1773904140,2026-03-19T12:39:00,23260.6,23261.15,23251.15,23253.45,499044
1773904200,2026-03-19T12:40:00,23253.35,23255.1,23245.4,23246.9,944692
1773904260,2026-03-19T12:41:00,23247.65,23247.75,23237.15,23237.9,791452
1773904320,2026-03-19T12:42:00,23237.9,23241.1,23236.65,23239.05,591907
1773904380,2026-03-19T12:43:00,23238.75,23239.15,23230.65,23233.5,660094
1773904440,2026-03-19T12:44:00,23233.65,23236.3,23229.3,23235.65,638585
1773904500,2026-03-19T12:45:00,23234.85,23243.1,23233.8,23242.5,502381
1773904560,2026-03-19T12:46:00,23242.4,23245.1,23238.1,23243.25,601440
1773904620,2026-03-19T12:47:00,23242.4,23247.15,23239.1,23246.85,757658
1773904680,2026-03-19T12:48:00,23246.85,23252.3,23243.4,23249.65,607627
1773904740,2026-03-19T12:49:00,23250.3,23274.9,23250.3,23270.2,1288459
1773904800,2026-03-19T12:50:00,23271.5,23274.95,23263.55,23263.55,1018408
1773904860,2026-03-19T12:51:00,23264.75,23265.65,23257.6,23261.35,635623
1773904920,2026-03-19T12:52:00,23263.3,23267.8,23255.15,23256.5,577120
1773904980,2026-03-19T12:53:00,23256.7,23262.6,23253.4,23262.55,882397
1773905040,2026-03-19T12:54:00,23264.3,23274.6,23264.1,23273.85,609182
1773905100,2026-03-19T12:55:00,23274.6,23277.3,23265.05,23268.65,621650
1773905160,2026-03-19T12:56:00,23268.95,23271.15,23259.05,23260.5,570785
1773905220,2026-03-19T12:57:00,23261.15,23267.9,23259.15,23263.65,578331
1773905280,2026-03-19T12:58:00,23262.95,23265.25,23257.45,23264.95,481715
1773905340,2026-03-19T12:59:00,23264.85,23267.55,23262.15,23264.65,426492
1773905400,2026-03-19T13:00:00,23265.35,23265.6,23258.4,23262.75,542710
1773905460,2026-03-19T13:01:00,23262.85,23262.85,23251.9,23251.9,611106
1773905520,2026-03-19T13:02:00,23252.25,23255.4,23250.45,23252.5,539751
1773905580,2026-03-19T13:03:00,23252.55,23254.35,23248.8,23253.95,605099
1773905640,2026-03-19T13:04:00,23253.65,23254.7,23235.6,23238.9,1246930
1773905700,2026-03-19T13:05:00,23238.7,23238.75,23231.35,23237.7,635886
1773905760,2026-03-19T13:06:00,23238.0,23243.9,23230.75,23243.9,740645
1773905820,2026-03-19T13:07:00,23243.15,23243.15,23232.4,23234.25,615586
1773905880,2026-03-19T13:08:00,23235.6,23235.85,23226.15,23230.65,865275
1773905940,2026-03-19T13:09:00,23229.75,23236.5,23228.45,23234.15,600282
1773906000,2026-03-19T13:10:00,23233.6,23255.05,23218.4,23218.4,1320411
1773906060,2026-03-19T13:11:00,23219.2,23234.15,23219.2,23228.75,1100534
1773906120,2026-03-19T13:12:00,23228.2,23228.6,23214.55,23215.7,1318277
1773906180,2026-03-19T13:13:00,23217.65,23219.4,23203.85,23205.6,1178785
1773906240,2026-03-19T13:14:00,23205.7,23205.7,23194.7,23200.25,1519438
1773906300,2026-03-19T13:15:00,23200.35,23202.35,23194.85,23200.95,939285
1773906360,2026-03-19T13:16:00,23200.45,23208.45,23199.25,23206.9,963485
1773906420,2026-03-19T13:17:00,23207.15,23208.7,23198.35,23206.75,757948
1773906480,2026-03-19T13:18:00,23206.25,23206.3,23197.6,23204.85,793812
1773906540,2026-03-19T13:19:00,23205.35,23207.9,23197.6,23200.9,761422
1773906600,2026-03-19T13:20:00,23200.7,23206.1,23197.05,23202.3,517338
1773906660,2026-03-19T13:21:00,23200.5,23203.4,23196.95,23201.1,906993
1773906720,2026-03-19T13:22:00,23201.15,23203.2,23190.6,23199.2,1037077
1773906780,2026-03-19T13:23:00,23198.0,23198.15,23185.3,23187.05,794235
1773906840,2026-03-19T13:24:00,23188.3,23189.85,23181.8,23182.75,768018
1773906900,2026-03-19T13:25:00,23183.7,23195.7,23180.1,23188.65,1409333
1773906960,2026-03-19T13:26:00,23187.85,23193.4,23185.2,23186.0,671099
1773907020,2026-03-19T13:27:00,23186.05,23186.95,23178.65,23181.7,734189
1773907080,2026-03-19T13:28:00,23182.1,23188.8,23176.0,23176.8,743132
1773907140,2026-03-19T13:29:00,23175.85,23179.35,23172.15,23176.65,1422866
1773907200,2026-03-19T13:30:00,23176.7,23192.8,23174.9,23190.4,1139065
1773907260,2026-03-19T13:31:00,23191.45,23194.95,23186.2,23187.9,981731
1773907320,2026-03-19T13:32:00,23186.25,23186.75,23177.55,23184.2,621083
1773907380,2026-03-19T13:33:00,23182.95,23186.95,23180.0,23185.8,627145
1773907440,2026-03-19T13:34:00,23184.9,23184.9,23175.85,23175.85,931744
1773907500,2026-03-19T13:35:00,23177.45,23180.85,23173.8,23179.7,604636
1773907560,2026-03-19T13:36:00,23178.7,23187.25,23177.25,23186.0,1362191
1773907620,2026-03-19T13:37:00,23185.85,23195.0,23181.85,23194.35,538008
1773907680,2026-03-19T13:38:00,23194.35,23198.4,23192.1,23197.2,789942
1773907740,2026-03-19T13:39:00,23196.9,23204.5,23193.95,23204.5,632993
1773907800,2026-03-19T13:40:00,23205.2,23211.0,23199.95,23200.85,1041156
1773907860,2026-03-19T13:41:00,23200.55,23209.55,23199.2,23208.75,830589
1773907920,2026-03-19T13:42:00,23209.55,23217.85,23209.45,23215.3,905654
1773907980,2026-03-19T13:43:00,23216.2,23216.3,23209.5,23209.9,442813
1773908040,2026-03-19T13:44:00,23210.65,23212.25,23198.3,23199.15,683249
1773908100,2026-03-19T13:45:00,23198.55,23203.75,23197.85,23199.55,599520
1773908160,2026-03-19T13:46:00,23198.95,23200.05,23189.6,23190.9,827177
1773908220,2026-03-19T13:47:00,23191.8,23197.05,23182.9,23194.5,817652
1773908280,2026-03-19T13:48:00,23194.0,23196.6,23187.25,23190.4,782048
1773908340,2026-03-19T13:49:00,23189.95,23192.25,23187.0,23190.85,522816
1773908400,2026-03-19T13:50:00,23190.25,23196.35,23189.8,23196.35,601365
1773908460,2026-03-19T13:51:00,23195.8,23199.5,23193.4,23193.4,596553
1773908520,2026-03-19T13:52:00,23195.0,23195.45,23190.0,23193.8,792803
1773908580,2026-03-19T13:53:00,23194.85,23199.25,23187.8,23187.8,450006
1773908640,2026-03-19T13:54:00,23189.1,23198.3,23185.35,23198.3,596967
1773908700,2026-03-19T13:55:00,23197.75,23200.5,23190.25,23190.65,542034
1773908760,2026-03-19T13:56:00,23191.35,23193.5,23173.4,23174.7,1118763
1773908820,2026-03-19T13:57:00,23174.45,23174.65,23159.0,23160.6,888132
1773908880,2026-03-19T13:58:00,23160.05,23170.9,23157.7,23159.3,1004998
1773908940,2026-03-19T13:59:00,23159.9,23163.2,23155.7,23163.05,927208
1773909000,2026-03-19T14:00:00,23163.3,23171.8,23160.6,23169.1,1093424
1773909060,2026-03-19T14:01:00,23168.75,23171.15,23163.6,23165.8,570323
1773909120,2026-03-19T14:02:00,23165.45,23165.9,23155.35,23155.4,845593
1773909180,2026-03-19T14:03:00,23156.2,23156.2,23128.25,23136.5,1830692
1773909240,2026-03-19T14:04:00,23138.1,23138.6,23122.9,23128.05,942875
1773909300,2026-03-19T14:05:00,23129.1,23132.4,23124.65,23128.3,900526
1773909360,2026-03-19T14:06:00,23127.15,23131.5,23116.05,23121.45,1216585
1773909420,2026-03-19T14:07:00,23121.5,23127.7,23120.2,23125.25,911626
1773909480,2026-03-19T14:08:00,23126.55,23132.5,23125.2,23125.2,1024641
1773909540,2026-03-19T14:09:00,23125.7,23125.95,23105.45,23107.25,1255630
1773909600,2026-03-19T14:10:00,23106.45,23106.45,23096.6,23100.2,2182917
1773909660,2026-03-19T14:11:00,23100.8,23107.55,23100.8,23104.0,1182419
1773909720,2026-03-19T14:12:00,23103.35,23103.65,23087.95,23092.4,1054654
1773909780,2026-03-19T14:13:00,23093.15,23109.9,23092.5,23100.9,1032171
1773909840,2026-03-19T14:14:00,23100.8,23113.85,23097.0,23111.3,1195048
1773909900,2026-03-19T14:15:00,23111.55,23130.9,23108.05,23127.7,1225127
1773909960,2026-03-19T14:16:00,23128.9,23128.9,23114.7,23119.3,740858
1773910020,2026-03-19T14:17:00,23118.9,23134.5,23116.55,23133.6,827451
1773910080,2026-03-19T14:18:00,23134.25,23137.05,23129.75,23131.95,751402
1773910140,2026-03-19T14:19:00,23130.05,23130.7,23124.5,23128.75,651211
1773910200,2026-03-19T14:20:00,23129.0,23129.05,23115.7,23123.6,703538
1773910260,2026-03-19T14:21:00,23123.3,23124.1,23111.6,23112.8,699598
1773910320,2026-03-19T14:22:00,23112.5,23124.5,23109.3,23120.2,1165449
1773910380,2026-03-19T14:23:00,23119.8,23129.15,23118.85,23129.15,674484
1773910440,2026-03-19T14:24:00,23127.15,23133.45,23126.8,23127.9,785037
1773910500,2026-03-19T14:25:00,23128.2,23129.8,23111.8,23117.8,1003354
1773910560,2026-03-19T14:26:00,23117.85,23118.1,23103.95,23104.75,911387
1773910620,2026-03-19T14:27:00,23104.05,23114.1,23102.45,23112.95,1049301
1773910680,2026-03-19T14:28:00,23113.65,23115.15,23099.95,23104.45,723145
1773910740,2026-03-19T14:29:00,23105.35,23109.95,23096.9,23100.65,709523
1773910800,2026-03-19T14:30:00,23101.1,23115.25,23101.1,23105.6,934662
1773910860,2026-03-19T14:31:00,23104.2,23109.65,23101.95,23105.6,752663
1773910920,2026-03-19T14:32:00,23105.15,23121.4,23097.95,23121.1,1285925
1773910980,2026-03-19T14:33:00,23119.75,23120.05,23112.1,23119.1,688263
1773911040,2026-03-19T14:34:00,23118.2,23119.15,23108.15,23117.15,907200
1773911100,2026-03-19T14:35:00,23116.6,23127.55,23115.6,23118.65,1612524
1773911160,2026-03-19T14:36:00,23118.2,23119.95,23111.55,23114.1,1094949
1773911220,2026-03-19T14:37:00,23113.6,23123.2,23113.3,23120.55,1166864
1773911280,2026-03-19T14:38:00,23120.8,23121.85,23099.25,23099.25,1040035
1773911340,2026-03-19T14:39:00,23102.35,23105.05,23097.55,23098.9,746182
1773911400,2026-03-19T14:40:00,23098.2,23115.6,23098.2,23114.45,1796015
1773911460,2026-03-19T14:41:00,23115.1,23115.1,23108.0,23111.85,1596314
1773911520,2026-03-19T14:42:00,23111.75,23111.75,23087.9,23097.8,1797681
1773911580,2026-03-19T14:43:00,23098.7,23098.7,23083.75,23092.6,912279
1773911640,2026-03-19T14:44:00,23093.6,23115.0,23093.6,23110.7,1556290
1773911700,2026-03-19T14:45:00,23110.55,23111.55,23096.2,23101.35,1137341
1773911760,2026-03-19T14:46:00,23098.8,23110.85,23093.45,23096.55,1161475
1773911820,2026-03-19T14:47:00,23095.95,23099.6,23078.95,23081.95,1134865
1773911880,2026-03-19T14:48:00,23079.9,23081.45,23054.5,23056.45,2714300
1773911940,2026-03-19T14:49:00,23055.4,23068.3,23052.5,23064.0,1641132
1773912000,2026-03-19T14:50:00,23062.15,23064.6,23048.1,23059.7,1472852
1773912060,2026-03-19T14:51:00,23059.55,23064.8,23053.85,23061.65,1317882
1773912120,2026-03-19T14:52:00,23060.25,23061.45,23054.8,23058.1,916331
1773912180,2026-03-19T14:53:00,23057.85,23059.9,23031.85,23033.45,1675925
1773912240,2026-03-19T14:54:00,23033.25,23035.1,23026.95,23033.5,1122055
1773912300,2026-03-19T14:55:00,23033.45,23044.45,22991.55,22991.55,3079064
1773912360,2026-03-19T14:56:00,22992.55,22997.15,22977.2,22985.6,3236051
1773912420,2026-03-19T14:57:00,22984.15,22987.6,22969.65,22973.5,2441244
1773912480,2026-03-19T14:58:00,22972.7,22981.95,22966.85,22967.25,2279403
1773912540,2026-03-19T14:59:00,22967.45,22975.8,22947.55,22954.05,2943505
1773912600,2026-03-19T15:00:00,22954.9,22957.5,22930.35,22957.4,5426687
1773912660,2026-03-19T15:01:00,22958.0,22992.75,22950.7,22992.75,6048169
1773912720,2026-03-19T15:02:00,22994.4,23016.2,22994.35,23010.9,4279159
1773912780,2026-03-19T15:03:00,23008.4,23008.4,22983.85,22985.75,2981919
1773912840,2026-03-19T15:04:00,22983.45,22999.95,22983.45,22990.0,3301768
1773912900,2026-03-19T15:05:00,22988.6,22989.65,22954.2,22958.85,3452995
1773912960,2026-03-19T15:06:00,22958.0,22985.95,22954.8,22985.95,3105981
1773913020,2026-03-19T15:07:00,22984.65,22993.7,22962.2,22963.15,3236534
1773913080,2026-03-19T15:08:00,22963.3,22967.05,22955.5,22967.05,3341443
1773913140,2026-03-19T15:09:00,22965.8,22975.1,22961.4,22971.9,3600193
1773913200,2026-03-19T15:10:00,22972.05,22995.8,22965.9,22992.8,3945609
1773913260,2026-03-19T15:11:00,22993.45,23011.8,22988.6,23009.45,3342159
1773913320,2026-03-19T15:12:00,23008.85,23019.1,22993.0,22995.4,2966294
1773913380,2026-03-19T15:13:00,22995.3,22996.85,22979.25,22983.05,2953156
1773913440,2026-03-19T15:14:00,22982.95,22987.25,22972.95,22987.25,3202402
1773913500,2026-03-19T15:15:00,22987.55,22996.15,22981.7,22987.3,2547740
1773913560,2026-03-19T15:16:00,22986.7,22989.35,22977.65,22987.35,2618045
1773913620,2026-03-19T15:17:00,22987.0,23001.7,22984.65,23001.7,2299473
1773913680,2026-03-19T15:18:00,23000.65,23033.1,22994.85,23033.1,3405979
1773913740,2026-03-19T15:19:00,23033.15,23037.4,23028.25,23037.25,2445889
1773913800,2026-03-19T15:20:00,23037.5,23071.85,23036.0,23071.85,3873433
1773913860,2026-03-19T15:21:00,23071.7,23072.95,23043.45,23062.85,3550489
1773913920,2026-03-19T15:22:00,23062.1,23065.1,23055.7,23055.85,2783684
1773913980,2026-03-19T15:23:00,23057.45,23064.7,23052.15,23063.85,2471487
1773914040,2026-03-19T15:24:00,23061.8,23070.2,23053.5,23069.15,3187332
1773914100,2026-03-19T15:25:00,23068.7,23079.1,23066.15,23075.4,3481521
1773914160,2026-03-19T15:26:00,23075.1,23079.95,23068.3,23073.2,2379876
1773914220,2026-03-19T15:27:00,23071.3,23074.8,23063.0,23064.8,2310858
1773914280,2026-03-19T15:28:00,23063.0,23078.75,23061.75,23078.75,1853954
1773914340,2026-03-19T15:29:00,23080.3,23093.9,23077.5,23087.85,1804916
1773978300,2026-03-20T09:15:00,23110.15,23224.35,23109.9,23211.45,12840521
1773978360,2026-03-20T09:16:00,23211.4,23263.75,23211.4,23253.2,7278008
1773978420,2026-03-20T09:17:00,23254.55,23279.15,23244.6,23272.65,4393454
1773978480,2026-03-20T09:18:00,23272.65,23275.65,23257.95,23264.55,4112935
1773978540,2026-03-20T09:19:00,23264.15,23285.2,23261.55,23281.5,3192552
1773978600,2026-03-20T09:20:00,23283.45,23303.85,23283.45,23296.45,4040337
1773978660,2026-03-20T09:21:00,23296.55,23296.85,23241.3,23241.3,3231866
1773978720,2026-03-20T09:22:00,23242.8,23258.35,23223.25,23255.75,3264135
1773978780,2026-03-20T09:23:00,23257.4,23266.75,23256.65,23261.55,2693731
1773978840,2026-03-20T09:24:00,23263.85,23264.65,23244.5,23254.45,2268684
1773978900,2026-03-20T09:25:00,23257.4,23261.65,23251.6,23254.7,1957490
1773978960,2026-03-20T09:26:00,23256.3,23264.0,23248.4,23259.7,1828150
1773979020,2026-03-20T09:27:00,23263.1,23271.9,23257.75,23269.9,1919105
1773979080,2026-03-20T09:28:00,23270.35,23282.65,23267.0,23275.6,1682048
1773979140,2026-03-20T09:29:00,23275.9,23287.5,23274.15,23286.8,1574564
1773979200,2026-03-20T09:30:00,23287.05,23291.5,23277.9,23279.05,2331855
1773979260,2026-03-20T09:31:00,23280.25,23288.75,23279.55,23286.55,1703222
1773979320,2026-03-20T09:32:00,23288.95,23312.6,23286.75,23311.7,1721104
1773979380,2026-03-20T09:33:00,23312.6,23313.75,23306.7,23311.7,2176293
1773979440,2026-03-20T09:34:00,23313.35,23318.55,23310.15,23313.8,1917640
1773979500,2026-03-20T09:35:00,23314.9,23319.7,23294.95,23296.15,2287326
1773979560,2026-03-20T09:36:00,23298.0,23298.0,23279.55,23289.45,1891644
1773979620,2026-03-20T09:37:00,23290.45,23294.75,23268.5,23269.85,1930281
1773979680,2026-03-20T09:38:00,23269.9,23273.85,23262.7,23265.05,1989535
1773979740,2026-03-20T09:39:00,23266.2,23280.0,23264.45,23270.8,1841466
1773979800,2026-03-20T09:40:00,23271.4,23271.4,23254.4,23254.95,1574518
1773979860,2026-03-20T09:41:00,23255.8,23260.2,23250.25,23257.85,1447536
1773979920,2026-03-20T09:42:00,23258.35,23258.45,23247.05,23251.5,1411875
1773979980,2026-03-20T09:43:00,23253.0,23254.3,23237.2,23238.5,1225008
1773980040,2026-03-20T09:44:00,23240.05,23248.7,23228.95,23228.95,1675636
1773980100,2026-03-20T09:45:00,23230.6,23240.45,23230.2,23239.55,1383835
1773980160,2026-03-20T09:46:00,23239.6,23240.55,23222.75,23225.25,1610173
1773980220,2026-03-20T09:47:00,23227.05,23249.8,23226.9,23240.25,1555416
1773980280,2026-03-20T09:48:00,23239.25,23244.4,23230.8,23242.2,1521564
1773980340,2026-03-20T09:49:00,23241.95,23247.45,23237.5,23246.9,1468294
1773980400,2026-03-20T09:50:00,23248.6,23264.5,23247.45,23264.0,1576621
1773980460,2026-03-20T09:51:00,23264.2,23264.2,23249.45,23256.15,1236288
1773980520,2026-03-20T09:52:00,23258.3,23266.7,23254.2,23263.35,1361576
1773980580,2026-03-20T09:53:00,23264.1,23264.1,23240.75,23243.35,1316138
1773980640,2026-03-20T09:54:00,23243.75,23244.65,23236.15,23244.3,949176
1773980700,2026-03-20T09:55:00,23243.35,23251.0,23239.1,23251.0,1175025
1773980760,2026-03-20T09:56:00,23251.7,23261.65,23249.95,23251.45,1521578
1773980820,2026-03-20T09:57:00,23252.55,23254.45,23245.95,23248.9,1208262
1773980880,2026-03-20T09:58:00,23249.45,23254.6,23245.45,23247.8,1256290
1773980940,2026-03-20T09:59:00,23248.3,23264.2,23246.8,23259.0,1211664
1773981000,2026-03-20T10:00:00,23260.2,23261.05,23245.6,23246.45,1206615
1773981060,2026-03-20T10:01:00,23247.4,23248.25,23228.75,23236.2,1333736
1773981120,2026-03-20T10:02:00,23236.75,23238.85,23220.7,23234.2,1163379
1773981180,2026-03-20T10:03:00,23235.05,23242.1,23229.55,23229.75,963751
1773981240,2026-03-20T10:04:00,23230.45,23235.35,23227.45,23233.95,872255
1773981300,2026-03-20T10:05:00,23234.25,23251.6,23233.55,23251.6,1256511
1773981360,2026-03-20T10:06:00,23252.85,23258.2,23248.95,23252.45,1033313
1773981420,2026-03-20T10:07:00,23253.3,23255.85,23245.75,23246.75,1528017
1773981480,2026-03-20T10:08:00,23247.6,23247.6,23234.0,23234.0,1141812
1773981540,2026-03-20T10:09:00,23234.85,23246.8,23232.8,23246.45,1160460
1773981600,2026-03-20T10:10:00,23244.95,23249.6,23239.75,23239.75,1063102
1773981660,2026-03-20T10:11:00,23239.9,23249.55,23236.4,23249.3,1090226
1773981720,2026-03-20T10:12:00,23250.2,23260.75,23247.0,23248.8,1049743
1773981780,2026-03-20T10:13:00,23248.85,23252.25,23245.15,23246.05,917453
1773981840,2026-03-20T10:14:00,23245.85,23252.55,23242.45,23243.65,733457
1773981900,2026-03-20T10:15:00,23243.4,23246.8,23237.5,23237.75,824100
1773981960,2026-03-20T10:16:00,23238.35,23246.65,23235.2,23237.35,1013549
1773982020,2026-03-20T10:17:00,23238.55,23238.55,23221.85,23224.95,1161213
1773982080,2026-03-20T10:18:00,23225.95,23229.55,23206.55,23209.05,1437083
1773982140,2026-03-20T10:19:00,23209.8,23220.55,23200.65,23219.6,1385540
1773982200,2026-03-20T10:20:00,23220.9,23228.65,23217.6,23219.1,1053807
1773982260,2026-03-20T10:21:00,23218.3,23218.3,23205.7,23208.75,1065758
1773982320,2026-03-20T10:22:00,23209.9,23222.05,23209.1,23222.05,828278
1773982380,2026-03-20T10:23:00,23222.35,23238.8,23222.05,23231.25,1616251
1773982440,2026-03-20T10:24:00,23232.15,23244.15,23226.85,23244.15,1167916
1773982500,2026-03-20T10:25:00,23243.55,23247.35,23237.55,23245.0,1345014
1773982560,2026-03-20T10:26:00,23245.75,23261.05,23241.45,23261.05,1124373
1773982620,2026-03-20T10:27:00,23261.3,23261.3,23249.5,23253.85,1148401
1773982680,2026-03-20T10:28:00,23253.6,23259.75,23249.7,23257.9,1059605
1773982740,2026-03-20T10:29:00,23256.55,23261.0,23250.6,23260.6,790868
1773982800,2026-03-20T10:30:00,23261.75,23269.6,23258.85,23265.2,903922
1773982860,2026-03-20T10:31:00,23265.4,23272.35,23252.6,23255.15,1149824
1773982920,2026-03-20T10:32:00,23255.9,23274.25,23255.9,23271.5,1210945
1773982980,2026-03-20T10:33:00,23272.5,23278.35,23272.5,23274.35,1170571
1773983040,2026-03-20T10:34:00,23275.15,23277.6,23268.85,23269.3,809819
1773983100,2026-03-20T10:35:00,23269.75,23275.5,23269.45,23272.3,1100271
1773983160,2026-03-20T10:36:00,23273.3,23282.75,23272.0,23281.55,938995
1773983220,2026-03-20T10:37:00,23281.95,23283.75,23272.25,23275.4,993825
1773983280,2026-03-20T10:38:00,23275.55,23282.4,23272.2,23282.4,1000620
1773983340,2026-03-20T10:39:00,23282.1,23286.55,23280.45,23286.55,1016537
1773983400,2026-03-20T10:40:00,23287.3,23292.1,23286.1,23288.85,850587
1773983460,2026-03-20T10:41:00,23289.9,23292.05,23285.4,23289.55,1020229
1773983520,2026-03-20T10:42:00,23290.35,23301.8,23289.0,23293.3,1375095
1773983580,2026-03-20T10:43:00,23293.2,23294.05,23288.5,23290.7,806587
1773983640,2026-03-20T10:44:00,23291.15,23294.0,23288.15,23290.15,1302054
1773983700,2026-03-20T10:45:00,23290.6,23295.8,23286.05,23291.1,1492422
1773983760,2026-03-20T10:46:00,23292.3,23312.6,23291.65,23307.25,1309988
1773983820,2026-03-20T10:47:00,23307.85,23307.85,23287.65,23288.8,1250181
1773983880,2026-03-20T10:48:00,23290.0,23290.5,23278.1,23278.25,958771
1773983940,2026-03-20T10:49:00,23279.4,23296.2,23277.05,23296.2,777729
1773984000,2026-03-20T10:50:00,23297.4,23307.7,23296.9,23304.15,974601
1773984060,2026-03-20T10:51:00,23304.05,23308.9,23300.4,23304.0,1099711
1773984120,2026-03-20T10:52:00,23304.2,23308.85,23300.9,23307.8,1438242
1773984180,2026-03-20T10:53:00,23308.4,23317.9,23307.35,23314.0,989205
1773984240,2026-03-20T10:54:00,23312.8,23316.15,23305.55,23313.45,1256513
1773984300,2026-03-20T10:55:00,23313.6,23314.0,23308.3,23308.7,1024223
1773984360,2026-03-20T10:56:00,23309.05,23310.45,23292.6,23294.05,1198982
1773984420,2026-03-20T10:57:00,23294.85,23295.65,23282.1,23291.2,930230
1773984480,2026-03-20T10:58:00,23291.15,23291.25,23281.45,23287.2,1069678
1773984540,2026-03-20T10:59:00,23288.65,23298.65,23286.6,23296.6,1308502
1773984600,2026-03-20T11:00:00,23298.65,23303.65,23294.8,23302.05,890797
1773984660,2026-03-20T11:01:00,23302.35,23302.35,23283.45,23297.0,1335554
1773984720,2026-03-20T11:02:00,23297.9,23297.9,23287.6,23290.0,1219163
1773984780,2026-03-20T11:03:00,23291.2,23291.2,23276.4,23277.05,850516
1773984840,2026-03-20T11:04:00,23277.85,23278.8,23263.15,23268.3,1259979
1773984900,2026-03-20T11:05:00,23268.7,23275.15,23265.1,23274.0,1120230
1773984960,2026-03-20T11:06:00,23275.15,23278.3,23269.6,23272.0,779681
1773985020,2026-03-20T11:07:00,23272.5,23292.4,23270.3,23292.4,959211
1773985080,2026-03-20T11:08:00,23292.95,23293.3,23283.55,23288.0,991088
1773985140,2026-03-20T11:09:00,23288.45,23290.3,23284.2,23290.15,946843
1773985200,2026-03-20T11:10:00,23290.6,23290.6,23279.75,23280.8,1074193
1773985260,2026-03-20T11:11:00,23281.85,23281.85,23266.2,23272.55,1057148
1773985320,2026-03-20T11:12:00,23273.2,23282.7,23267.1,23281.6,1620153
1773985380,2026-03-20T11:13:00,23282.6,23290.45,23277.9,23278.9,785411
1773985440,2026-03-20T11:14:00,23279.25,23291.45,23279.25,23289.15,1192823
1773985500,2026-03-20T11:15:00,23288.95,23301.45,23284.6,23299.55,988756
1773985560,2026-03-20T11:16:00,23299.75,23302.05,23296.5,23301.85,947408
1773985620,2026-03-20T11:17:00,23302.9,23302.9,23294.95,23300.65,980414
1773985680,2026-03-20T11:18:00,23301.2,23303.2,23293.8,23302.65,871145
1773985740,2026-03-20T11:19:00,23303.5,23307.35,23299.4,23305.45,1220506
1773985800,2026-03-20T11:20:00,23306.6,23310.65,23302.55,23305.8,1068241
1773985860,2026-03-20T11:21:00,23306.3,23342.1,23306.3,23341.8,1649420
1773985920,2026-03-20T11:22:00,23341.0,23345.15,23327.8,23329.9,1032069
1773985980,2026-03-20T11:23:00,23330.8,23338.85,23327.95,23334.25,1074226
1773986040,2026-03-20T11:24:00,23334.9,23335.1,23325.6,23327.55,1060574
1773986100,2026-03-20T11:25:00,23329.1,23332.15,23323.55,23324.3,902284
1773986160,2026-03-20T11:26:00,23326.5,23328.75,23324.85,23326.95,685984
1773986220,2026-03-20T11:27:00,23327.5,23328.75,23324.75,23328.55,813319
1773986280,2026-03-20T11:28:00,23329.2,23330.4,23310.6,23312.35,859042
1773986340,2026-03-20T11:29:00,23313.65,23318.85,23309.45,23317.3,875029
1773986400,2026-03-20T11:30:00,23317.9,23328.05,23316.5,23327.25,805206
1773986460,2026-03-20T11:31:00,23328.2,23329.8,23323.7,23329.8,644365
1773986520,2026-03-20T11:32:00,23330.65,23331.6,23327.4,23327.9,789807
1773986580,2026-03-20T11:33:00,23328.55,23328.55,23318.6,23318.6,743722
1773986640,2026-03-20T11:34:00,23317.95,23317.95,23310.2,23312.2,726163
1773986700,2026-03-20T11:35:00,23312.3,23318.95,23305.7,23318.2,833715
1773986760,2026-03-20T11:36:00,23317.95,23321.7,23311.4,23312.2,874246
1773986820,2026-03-20T11:37:00,23313.85,23316.65,23310.0,23311.4,841208
1773986880,2026-03-20T11:38:00,23312.65,23313.45,23302.55,23304.1,857775
1773986940,2026-03-20T11:39:00,23304.2,23310.7,23302.6,23304.85,1312979
1773987000,2026-03-20T11:40:00,23306.5,23310.8,23302.35,23302.35,1114322
1773987060,2026-03-20T11:41:00,23303.5,23303.55,23295.35,23297.35,1124704
1773987120,2026-03-20T11:42:00,23298.1,23300.1,23290.2,23294.0,1125117
1773987180,2026-03-20T11:43:00,23294.75,23295.1,23286.95,23288.85,739396
1773987240,2026-03-20T11:44:00,23290.2,23294.4,23285.8,23286.9,668858
1773987300,2026-03-20T11:45:00,23287.4,23292.85,23282.05,23289.2,740282
1773987360,2026-03-20T11:46:00,23289.85,23290.55,23286.0,23289.15,715977
1773987420,2026-03-20T11:47:00,23288.9,23288.9,23282.9,23283.0,740423
1773987480,2026-03-20T11:48:00,23284.1,23285.65,23280.8,23281.25,728343
1773987540,2026-03-20T11:49:00,23281.7,23291.95,23279.9,23288.15,821644
1773987600,2026-03-20T11:50:00,23288.75,23288.75,23260.8,23260.8,1340452
1773987660,2026-03-20T11:51:00,23262.8,23262.8,23250.65,23256.05,1177358
1773987720,2026-03-20T11:52:00,23257.3,23269.25,23255.95,23268.7,1078176
1773987780,2026-03-20T11:53:00,23270.9,23270.9,23251.05,23251.9,870267
1773987840,2026-03-20T11:54:00,23252.35,23255.15,23249.2,23249.2,765036
1773987900,2026-03-20T11:55:00,23249.55,23249.8,23243.1,23245.2,786862
1773987960,2026-03-20T11:56:00,23245.3,23245.3,23230.9,23235.15,1523977
1773988020,2026-03-20T11:57:00,23236.4,23237.15,23223.1,23224.6,1336973
1773988080,2026-03-20T11:58:00,23225.9,23234.95,23223.45,23231.75,1102226
1773988140,2026-03-20T11:59:00,23233.15,23250.9,23231.25,23250.3,948174
1773988200,2026-03-20T12:00:00,23251.25,23259.5,23239.45,23239.65,947739
1773988260,2026-03-20T12:01:00,23241.05,23245.75,23236.05,23236.5,1119590
1773988320,2026-03-20T12:02:00,23237.2,23237.4,23231.95,23235.6,1075048
1773988380,2026-03-20T12:03:00,23235.7,23235.7,23226.15,23229.0,743477
1773988440,2026-03-20T12:04:00,23230.1,23231.0,23224.35,23228.95,739291
1773988500,2026-03-20T12:05:00,23229.85,23239.8,23227.25,23239.25,797646
1773988560,2026-03-20T12:06:00,23240.0,23240.0,23230.7,23231.95,929023
1773988620,2026-03-20T12:07:00,23232.4,23232.5,23224.3,23224.9,938493
1773988680,2026-03-20T12:08:00,23226.25,23226.25,23215.45,23215.8,851721
1773988740,2026-03-20T12:09:00,23216.75,23217.3,23210.9,23212.25,1040795
1773988800,2026-03-20T12:10:00,23212.95,23231.2,23210.9,23230.85,801111
1773988860,2026-03-20T12:11:00,23232.15,23236.1,23229.75,23230.2,701960
1773988920,2026-03-20T12:12:00,23230.75,23232.3,23221.05,23222.3,598975
1773988980,2026-03-20T12:13:00,23223.35,23231.4,23220.3,23226.8,627360
1773989040,2026-03-20T12:14:00,23227.5,23234.9,23226.85,23233.05,611683
1773989100,2026-03-20T12:15:00,23234.15,23234.15,23217.0,23219.7,796502
1773989160,2026-03-20T12:16:00,23220.65,23221.45,23211.75,23213.7,1039028
1773989220,2026-03-20T12:17:00,23213.85,23219.35,23211.6,23212.1,814249
1773989280,2026-03-20T12:18:00,23213.8,23213.8,23194.65,23202.35,1400273
1773989340,2026-03-20T12:19:00,23203.1,23206.85,23183.0,23185.6,1211457
1773989400,2026-03-20T12:20:00,23187.45,23187.45,23180.35,23186.4,1127838
1773989460,2026-03-20T12:21:00,23188.5,23193.55,23177.1,23178.5,1368658
1773989520,2026-03-20T12:22:00,23179.35,23179.35,23164.55,23164.6,1246336
1773989580,2026-03-20T12:23:00,23164.75,23164.75,23156.95,23157.75,1034905
1773989640,2026-03-20T12:24:00,23158.85,23163.2,23153.2,23155.05,1032773
1773989700,2026-03-20T12:25:00,23154.8,23157.55,23149.6,23152.2,1145356
1773989760,2026-03-20T12:26:00,23152.35,23160.05,23146.0,23146.25,1099835
1773989820,2026-03-20T12:27:00,23148.4,23157.1,23146.4,23146.4,928266
1773989880,2026-03-20T12:28:00,23146.05,23149.85,23137.05,23149.85,1010853
1773989940,2026-03-20T12:29:00,23151.15,23158.0,23149.55,23155.15,997917
1773990000,2026-03-20T12:30:00,23155.65,23155.65,23140.55,23140.95,907362
1773990060,2026-03-20T12:31:00,23141.35,23141.35,23126.35,23127.05,1193279
1773990120,2026-03-20T12:32:00,23127.8,23155.15,23120.35,23152.85,1449600
1773990180,2026-03-20T12:33:00,23153.3,23170.9,23152.95,23167.2,1251251
1773990240,2026-03-20T12:34:00,23168.2,23170.55,23164.35,23170.1,888930
1773990300,2026-03-20T12:35:00,23171.6,23180.6,23165.85,23179.65,943424
1773990360,2026-03-20T12:36:00,23180.8,23182.2,23170.1,23173.8,851671
1773990420,2026-03-20T12:37:00,23174.4,23181.45,23173.45,23179.25,708423
1773990480,2026-03-20T12:38:00,23180.2,23191.75,23178.55,23188.2,832681
1773990540,2026-03-20T12:39:00,23189.1,23189.1,23179.15,23184.65,745496
1773990600,2026-03-20T12:40:00,23185.5,23191.35,23180.65,23187.25,794910
1773990660,2026-03-20T12:41:00,23188.75,23197.55,23186.75,23197.25,778771
1773990720,2026-03-20T12:42:00,23197.95,23203.7,23192.3,23203.7,891188
1773990780,2026-03-20T12:43:00,23203.75,23209.8,23201.95,23207.75,699091
1773990840,2026-03-20T12:44:00,23208.4,23216.4,23204.85,23205.75,1039808
1773990900,2026-03-20T12:45:00,23206.5,23214.8,23202.8,23214.65,925248
1773990960,2026-03-20T12:46:00,23215.8,23223.1,23214.85,23214.85,976400
1773991020,2026-03-20T12:47:00,23214.7,23226.7,23212.5,23225.55,875075
1773991080,2026-03-20T12:48:00,23225.55,23225.55,23217.2,23220.25,757346
1773991140,2026-03-20T12:49:00,23221.75,23225.95,23217.0,23217.3,778801
1773991200,2026-03-20T12:50:00,23218.9,23218.9,23204.85,23206.35,945118
1773991260,2026-03-20T12:51:00,23207.45,23215.25,23205.55,23215.1,753020
1773991320,2026-03-20T12:52:00,23215.6,23221.65,23214.75,23219.65,816191
1773991380,2026-03-20T12:53:00,23221.1,23240.1,23215.25,23235.25,1392057
1773991440,2026-03-20T12:54:00,23235.1,23241.35,23226.25,23227.0,932695
1773991500,2026-03-20T12:55:00,23227.95,23230.95,23219.7,23228.65,1142867
1773991560,2026-03-20T12:56:00,23229.45,23245.2,23228.6,23242.55,1300428
1773991620,2026-03-20T12:57:00,23243.5,23249.7,23231.0,23235.5,1250289
1773991680,2026-03-20T12:58:00,23237.25,23237.25,23222.1,23225.0,649681
1773991740,2026-03-20T12:59:00,23226.25,23226.6,23214.8,23214.8,890703
1773991800,2026-03-20T13:00:00,23214.9,23216.65,23202.6,23215.5,1123832
1773991860,2026-03-20T13:01:00,23216.45,23221.35,23212.0,23214.05,823290
1773991920,2026-03-20T13:02:00,23214.2,23230.4,23213.0,23230.4,990674
1773991980,2026-03-20T13:03:00,23230.3,23240.4,23223.45,23235.35,1021638
1773992040,2026-03-20T13:04:00,23235.65,23243.15,23233.35,23240.3,858713
1773992100,2026-03-20T13:05:00,23240.9,23249.75,23238.45,23249.55,986038
1773992160,2026-03-20T13:06:00,23249.8,23251.2,23243.0,23250.6,1029352
1773992220,2026-03-20T13:07:00,23250.65,23250.65,23227.65,23230.0,1184343
1773992280,2026-03-20T13:08:00,23229.75,23242.8,23229.4,23239.1,760364
1773992340,2026-03-20T13:09:00,23240.05,23245.5,23231.75,23240.9,946438
1773992400,2026-03-20T13:10:00,23242.15,23242.15,23227.1,23228.2,720669
1773992460,2026-03-20T13:11:00,23229.35,23234.45,23228.4,23233.5,615027
1773992520,2026-03-20T13:12:00,23236.1,23243.15,23234.5,23240.35,706688
1773992580,2026-03-20T13:13:00,23241.15,23241.15,23224.55,23228.65,711389
1773992640,2026-03-20T13:14:00,23228.9,23235.8,23226.05,23231.5,668097
1773992700,2026-03-20T13:15:00,23232.0,23244.35,23231.45,23242.85,744369
1773992760,2026-03-20T13:16:00,23243.65,23257.35,23243.65,23253.6,918649
1773992820,2026-03-20T13:17:00,23254.4,23255.2,23235.65,23235.65,953389
1773992880,2026-03-20T13:18:00,23236.45,23239.9,23230.3,23233.6,847258
1773992940,2026-03-20T13:19:00,23234.25,23236.5,23231.6,23235.6,613554
1773993000,2026-03-20T13:20:00,23236.75,23241.5,23230.0,23238.1,852212
1773993060,2026-03-20T13:21:00,23239.55,23247.2,23238.25,23246.7,530831
1773993120,2026-03-20T13:22:00,23248.2,23259.35,23247.95,23258.3,852115
1773993180,2026-03-20T13:23:00,23258.85,23259.25,23249.35,23249.45,716582
1773993240,2026-03-20T13:24:00,23249.9,23249.9,23240.3,23248.15,844181
1773993300,2026-03-20T13:25:00,23249.2,23255.75,23243.7,23253.8,1048262
1773993360,2026-03-20T13:26:00,23255.4,23270.4,23253.9,23269.05,1358989
1773993420,2026-03-20T13:27:00,23270.35,23271.1,23253.55,23255.75,756960
1773993480,2026-03-20T13:28:00,23256.95,23270.5,23256.75,23267.95,839855
1773993540,2026-03-20T13:29:00,23267.85,23267.85,23257.25,23257.7,524331
1773993600,2026-03-20T13:30:00,23258.45,23266.45,23258.05,23261.1,907148
1773993660,2026-03-20T13:31:00,23261.35,23261.35,23246.4,23253.0,1141394
1773993720,2026-03-20T13:32:00,23254.3,23259.8,23249.1,23255.55,625601
1773993780,2026-03-20T13:33:00,23255.9,23256.4,23250.5,23255.3,890993
1773993840,2026-03-20T13:34:00,23255.8,23260.75,23243.05,23245.2,1056419
1773993900,2026-03-20T13:35:00,23246.2,23253.0,23242.5,23252.4,797485
1773993960,2026-03-20T13:36:00,23254.6,23266.45,23254.6,23265.4,763532
1773994020,2026-03-20T13:37:00,23266.25,23269.6,23262.95,23264.6,614803
1773994080,2026-03-20T13:38:00,23266.05,23268.65,23261.75,23267.95,762351
1773994140,2026-03-20T13:39:00,23270.0,23272.4,23265.9,23270.2,1390969
1773994200,2026-03-20T13:40:00,23270.3,23270.55,23257.75,23259.9,1129708
1773994260,2026-03-20T13:41:00,23261.05,23261.05,23238.35,23240.35,1204145
1773994320,2026-03-20T13:42:00,23241.3,23252.35,23240.35,23247.1,872221
1773994380,2026-03-20T13:43:00,23248.4,23248.4,23239.5,23247.05,770938
1773994440,2026-03-20T13:44:00,23248.0,23253.8,23231.95,23232.0,1008161
1773994500,2026-03-20T13:45:00,23233.7,23234.0,23224.35,23224.35,1146320
1773994560,2026-03-20T13:46:00,23224.15,23225.65,23219.35,23221.1,880392
1773994620,2026-03-20T13:47:00,23222.55,23222.55,23209.0,23212.8,932920
1773994680,2026-03-20T13:48:00,23214.8,23219.7,23208.35,23208.65,956958
1773994740,2026-03-20T13:49:00,23211.25,23216.35,23206.05,23206.45,857461
1773994800,2026-03-20T13:50:00,23207.6,23208.55,23201.3,23202.45,969319
1773994860,2026-03-20T13:51:00,23203.45,23204.65,23197.6,23198.5,1090456
1773994920,2026-03-20T13:52:00,23199.3,23207.95,23194.65,23207.1,935097
1773994980,2026-03-20T13:53:00,23208.05,23212.25,23202.8,23206.7,747606
1773995040,2026-03-20T13:54:00,23208.0,23218.05,23206.65,23216.85,830665
1773995100,2026-03-20T13:55:00,23216.65,23230.3,23216.1,23225.15,751044
1773995160,2026-03-20T13:56:00,23226.0,23226.7,23222.05,23223.2,755443
1773995220,2026-03-20T13:57:00,23222.75,23222.75,23208.2,23209.25,948580
1773995280,2026-03-20T13:58:00,23210.55,23210.55,23192.5,23193.3,832705
1773995340,2026-03-20T13:59:00,23195.35,23202.25,23188.65,23193.45,882394
1773995400,2026-03-20T14:00:00,23195.0,23203.7,23185.25,23203.55,997178
1773995460,2026-03-20T14:01:00,23203.95,23218.1,23203.65,23208.65,860748
1773995520,2026-03-20T14:02:00,23209.6,23212.9,23207.05,23209.9,715998
1773995580,2026-03-20T14:03:00,23211.3,23218.95,23201.35,23217.95,897052
1773995640,2026-03-20T14:04:00,23219.85,23235.35,23218.9,23235.35,958832
1773995700,2026-03-20T14:05:00,23237.4,23244.55,23233.65,23234.15,1055726
1773995760,2026-03-20T14:06:00,23236.2,23238.4,23227.85,23229.8,588235
1773995820,2026-03-20T14:07:00,23230.5,23230.5,23222.05,23226.35,724353
1773995880,2026-03-20T14:08:00,23227.45,23229.0,23212.0,23214.55,874264
1773995940,2026-03-20T14:09:00,23215.25,23229.35,23213.6,23225.55,938239
1773996000,2026-03-20T14:10:00,23226.85,23227.35,23215.1,23216.95,1143991
1773996060,2026-03-20T14:11:00,23216.35,23226.95,23211.6,23225.85,933490
1773996120,2026-03-20T14:12:00,23226.85,23228.55,23202.9,23205.8,1073395
1773996180,2026-03-20T14:13:00,23206.15,23207.5,23198.35,23201.3,863279
1773996240,2026-03-20T14:14:00,23202.2,23202.2,23192.55,23199.15,961374
1773996300,2026-03-20T14:15:00,23200.05,23200.3,23183.45,23189.4,1238143
1773996360,2026-03-20T14:16:00,23191.55,23194.1,23187.2,23192.25,902296
1773996420,2026-03-20T14:17:00,23191.85,23195.15,23185.55,23193.55,1048953
1773996480,2026-03-20T14:18:00,23193.95,23203.6,23192.45,23203.6,1131157
1773996540,2026-03-20T14:19:00,23204.6,23204.85,23190.1,23200.7,1046637
1773996600,2026-03-20T14:20:00,23201.8,23205.75,23195.1,23201.2,1021133
1773996660,2026-03-20T14:21:00,23202.8,23205.05,23192.2,23193.15,1161989
1773996720,2026-03-20T14:22:00,23194.55,23194.55,23169.75,23170.85,1373036
1773996780,2026-03-20T14:23:00,23172.2,23181.0,23170.8,23172.6,989161
1773996840,2026-03-20T14:24:00,23173.2,23189.25,23171.95,23185.4,1107552
1773996900,2026-03-20T14:25:00,23186.2,23186.2,23166.6,23171.6,1314715
1773996960,2026-03-20T14:26:00,23172.35,23175.55,23167.6,23175.2,1074006
1773997020,2026-03-20T14:27:00,23177.4,23181.35,23169.15,23169.9,1045620
1773997080,2026-03-20T14:28:00,23170.5,23172.55,23165.25,23165.65,1235673
1773997140,2026-03-20T14:29:00,23166.55,23178.7,23164.0,23164.0,1166600
1773997200,2026-03-20T14:30:00,23164.05,23188.05,23158.65,23176.9,1579598
1773997260,2026-03-20T14:31:00,23177.5,23183.85,23173.35,23175.75,1286105
1773997320,2026-03-20T14:32:00,23176.5,23182.0,23168.7,23168.7,1121409
1773997380,2026-03-20T14:33:00,23170.1,23170.1,23152.0,23159.05,1390150
1773997440,2026-03-20T14:34:00,23159.35,23177.5,23156.75,23176.65,1256418
1773997500,2026-03-20T14:35:00,23177.6,23177.6,23165.05,23165.05,1338852
1773997560,2026-03-20T14:36:00,23165.75,23168.55,23160.1,23160.1,1368342
1773997620,2026-03-20T14:37:00,23160.15,23160.15,23133.15,23138.85,2488849
1773997680,2026-03-20T14:38:00,23139.8,23145.15,23134.15,23139.7,1500658
1773997740,2026-03-20T14:39:00,23141.75,23155.5,23138.4,23150.25,1517959
1773997800,2026-03-20T14:40:00,23151.4,23154.8,23145.7,23146.5,1190362
1773997860,2026-03-20T14:41:00,23146.4,23146.85,23135.35,23135.75,1121656
1773997920,2026-03-20T14:42:00,23136.65,23137.0,23124.0,23124.55,1852622
1773997980,2026-03-20T14:43:00,23125.95,23125.95,23104.65,23106.85,2753915
1773998040,2026-03-20T14:44:00,23107.1,23111.85,23097.7,23098.25,2169799
1773998100,2026-03-20T14:45:00,23099.4,23100.2,23085.5,23099.8,2212362
1773998160,2026-03-20T14:46:00,23100.95,23113.4,23098.05,23108.65,1808928
1773998220,2026-03-20T14:47:00,23110.4,23110.5,23102.45,23104.3,1610848
1773998280,2026-03-20T14:48:00,23103.1,23108.45,23101.9,23104.0,1165654
1773998340,2026-03-20T14:49:00,23103.8,23106.55,23098.3,23104.35,1342803
1773998400,2026-03-20T14:50:00,23105.75,23107.55,23067.6,23068.15,2274065
1773998460,2026-03-20T14:51:00,23069.25,23086.1,23069.15,23081.4,1792533
1773998520,2026-03-20T14:52:00,23082.2,23091.6,23080.45,23089.25,1344216
1773998580,2026-03-20T14:53:00,23089.3,23096.45,23087.15,23090.3,1334511
1773998640,2026-03-20T14:54:00,23091.15,23091.9,23081.35,23086.6,1330945
1773998700,2026-03-20T14:55:00,23086.65,23095.45,23084.8,23085.2,1534871
1773998760,2026-03-20T14:56:00,23086.2,23094.15,23079.05,23083.05,1396309
1773998820,2026-03-20T14:57:00,23082.4,23084.25,23077.55,23083.5,1199790
1773998880,2026-03-20T14:58:00,23084.85,23088.75,23080.65,23084.75,1136957
1773998940,2026-03-20T14:59:00,23085.9,23096.15,23085.8,23090.5,1410280
1773999000,2026-03-20T15:00:00,23091.3,23103.4,23078.6,23081.35,12712458
1773999060,2026-03-20T15:01:00,23082.85,23151.15,23082.5,23136.3,9443893
1773999120,2026-03-20T15:02:00,23134.35,23146.9,23122.45,23143.85,9003573
1773999180,2026-03-20T15:03:00,23144.55,23177.45,23142.35,23168.7,9180205
1773999240,2026-03-20T15:04:00,23168.25,23168.25,23130.35,23139.4,8655401
1773999300,2026-03-20T15:05:00,23139.25,23154.25,23129.15,23148.1,7763236
1773999360,2026-03-20T15:06:00,23148.05,23156.05,23144.75,23144.75,8063223
1773999420,2026-03-20T15:07:00,23143.45,23143.45,23131.95,23140.7,7836265
1773999480,2026-03-20T15:08:00,23140.2,23141.7,23126.85,23129.65,7425591
1773999540,2026-03-20T15:09:00,23129.4,23131.65,23121.55,23124.45,7629199
1773999600,2026-03-20T15:10:00,23124.35,23132.8,23098.75,23098.75,9275928
1773999660,2026-03-20T15:11:00,23099.25,23102.0,23088.5,23096.75,7542046
1773999720,2026-03-20T15:12:00,23097.0,23104.25,23092.35,23104.05,8005185
1773999780,2026-03-20T15:13:00,23104.25,23105.25,23097.95,23103.7,8505157
1773999840,2026-03-20T15:14:00,23104.4,23116.65,23103.3,23106.85,8281778
1773999900,2026-03-20T15:15:00,23106.25,23107.3,23091.55,23093.2,7946061
1773999960,2026-03-20T15:16:00,23092.85,23092.85,23082.5,23089.35,8590690
1774000020,2026-03-20T15:17:00,23088.15,23089.75,23078.7,23080.5,7417781
1774000080,2026-03-20T15:18:00,23080.15,23085.5,23079.15,23084.2,8039925
1774000140,2026-03-20T15:19:00,23083.35,23097.9,23083.35,23092.5,7836697
1774000200,2026-03-20T15:20:00,23091.65,23102.35,23091.4,23101.25,7649009
1774000260,2026-03-20T15:21:00,23101.6,23139.0,23101.6,23138.45,8346606
1774000320,2026-03-20T15:22:00,23138.55,23138.55,23112.15,23112.15,8507104
1774000380,2026-03-20T15:23:00,23111.3,23119.15,23111.3,23117.6,7355276
1774000440,2026-03-20T15:24:00,23116.55,23118.55,23111.95,23112.9,7860800
1774000500,2026-03-20T15:25:00,23112.75,23119.25,23105.5,23119.25,9097015
1774000560,2026-03-20T15:26:00,23116.95,23125.3,23115.5,23121.65,6774590
1774000620,2026-03-20T15:27:00,23120.5,23121.75,23109.25,23109.4,8340415
1774000680,2026-03-20T15:28:00,23108.25,23131.2,23105.05,23123.4,3766238
1774000740,2026-03-20T15:29:00,23124.4,23139.8,23121.05,23134.65,1475491
1774237500,2026-03-23T09:15:00,22824.35,22851.7,22659.45,22661.6,10325055
1774237560,2026-03-23T09:16:00,22658.9,22692.9,22634.55,22692.9,7940050
1774237620,2026-03-23T09:17:00,22694.05,22708.3,22693.85,22701.1,4397594
1774237680,2026-03-23T09:18:00,22697.6,22707.75,22682.3,22689.25,3034489
1774237740,2026-03-23T09:19:00,22688.45,22695.4,22682.95,22687.45,2732382
1774237800,2026-03-23T09:20:00,22686.25,22706.9,22676.95,22703.05,3118519
1774237860,2026-03-23T09:21:00,22702.9,22724.25,22694.75,22722.5,2969921
1774237920,2026-03-23T09:22:00,22723.25,22737.1,22709.45,22711.6,3069070
1774237980,2026-03-23T09:23:00,22711.75,22729.7,22711.3,22724.4,2558407
1774238040,2026-03-23T09:24:00,22724.3,22730.55,22702.05,22702.6,2625863
1774238100,2026-03-23T09:25:00,22701.6,22713.85,22699.35,22703.0,2106070
1774238160,2026-03-23T09:26:00,22702.05,22720.15,22700.9,22714.65,1924018
1774238220,2026-03-23T09:27:00,22713.65,22728.25,22713.65,22720.85,1760157
1774238280,2026-03-23T09:28:00,22720.65,22723.8,22704.5,22706.0,1850119
1774238340,2026-03-23T09:29:00,22705.8,22709.4,22701.0,22704.4,1982101
1774238400,2026-03-23T09:30:00,22702.15,22720.75,22695.6,22714.65,2452008
1774238460,2026-03-23T09:31:00,22713.6,22715.2,22698.55,22701.45,2495542
1774238520,2026-03-23T09:32:00,22700.7,22705.6,22694.85,22698.0,1329385
1774238580,2026-03-23T09:33:00,22699.25,22721.85,22699.25,22712.0,1791765
1774238640,2026-03-23T09:34:00,22710.85,22716.2,22705.9,22713.05,1597313
1774238700,2026-03-23T09:35:00,22712.45,22735.3,22707.15,22734.75,2164751
1774238760,2026-03-23T09:36:00,22733.95,22742.8,22721.1,22741.0,1748288
1774238820,2026-03-23T09:37:00,22740.2,22740.9,22726.0,22729.7,1338923
1774238880,2026-03-23T09:38:00,22729.55,22734.75,22719.4,22721.75,1340536
1774238940,2026-03-23T09:39:00,22721.35,22723.0,22712.2,22715.3,1404629
1774239000,2026-03-23T09:40:00,22714.65,22716.7,22699.2,22699.45,1362547
1774239060,2026-03-23T09:41:00,22699.65,22713.65,22698.75,22707.5,1330014
1774239120,2026-03-23T09:42:00,22708.15,22708.55,22695.25,22696.9,1725915
1774239180,2026-03-23T09:43:00,22696.8,22704.2,22696.35,22701.05,1386517
1774239240,2026-03-23T09:44:00,22698.8,22710.7,22691.8,22706.4,1636480
1774239300,2026-03-23T09:45:00,22706.1,22706.65,22692.35,22696.85,1477588
1774239360,2026-03-23T09:46:00,22696.35,22699.65,22689.45,22689.45,1602795
1774239420,2026-03-23T09:47:00,22691.9,22692.25,22674.45,22676.65,1771843
1774239480,2026-03-23T09:48:00,22675.95,22677.2,22660.05,22664.25,1818819
1774239540,2026-03-23T09:49:00,22663.85,22665.55,22658.8,22663.0,1154339
1774239600,2026-03-23T09:50:00,22662.05,22665.05,22658.45,22660.4,1589892
1774239660,2026-03-23T09:51:00,22659.4,22661.15,22651.8,22652.0,1474173
1774239720,2026-03-23T09:52:00,22651.85,22656.8,22641.5,22655.0,1710477
1774239780,2026-03-23T09:53:00,22655.45,22655.45,22637.9,22637.9,1553556
1774239840,2026-03-23T09:54:00,22638.15,22638.75,22624.75,22629.05,1510920
1774239900,2026-03-23T09:55:00,22628.55,22629.25,22621.6,22625.85,2768298
1774239960,2026-03-23T09:56:00,22625.55,22634.35,22609.5,22612.85,1661339
1774240020,2026-03-23T09:57:00,22611.6,22613.45,22599.3,22603.15,2162597
1774240080,2026-03-23T09:58:00,22603.75,22629.5,22603.75,22620.0,1515501
1774240140,2026-03-23T09:59:00,22618.5,22619.4,22592.6,22597.5,1298517
1774240200,2026-03-23T10:00:00,22597.45,22599.1,22582.7,22587.75,1979020
1774240260,2026-03-23T10:01:00,22586.9,22606.15,22582.3,22591.15,1315110
1774240320,2026-03-23T10:02:00,22590.15,22610.0,22589.95,22608.45,1098323
1774240380,2026-03-23T10:03:00,22608.95,22617.5,22600.7,22601.05,1142304
1774240440,2026-03-23T10:04:00,22600.8,22618.0,22597.05,22616.1,1083283
1774240500,2026-03-23T10:05:00,22615.2,22628.1,22615.2,22616.85,945139
1774240560,2026-03-23T10:06:00,22616.85,22623.7,22615.05,22622.25,992897
1774240620,2026-03-23T10:07:00,22623.05,22633.05,22611.7,22611.7,1945352
1774240680,2026-03-23T10:08:00,22611.7,22615.75,22606.1,22610.7,1054677
1774240740,2026-03-23T10:09:00,22610.75,22611.75,22605.0,22605.65,1754892
1774240800,2026-03-23T10:10:00,22607.1,22609.2,22596.2,22599.85,984077
1774240860,2026-03-23T10:11:00,22599.7,22607.7,22595.5,22595.7,1344063
1774240920,2026-03-23T10:12:00,22594.15,22595.95,22581.25,22583.45,1024625
1774240980,2026-03-23T10:13:00,22583.2,22590.35,22573.05,22575.55,1077787
1774241040,2026-03-23T10:14:00,22576.65,22577.9,22571.1,22572.3,950694
1774241100,2026-03-23T10:15:00,22571.95,22575.85,22560.65,22560.65,1221718
1774241160,2026-03-23T10:16:00,22560.95,22563.85,22556.7,22558.0,917322
1774241220,2026-03-23T10:17:00,22557.45,22587.5,22556.45,22580.7,1656660
1774241280,2026-03-23T10:18:00,22580.0,22580.0,22567.35,22568.05,758469
1774241340,2026-03-23T10:19:00,22568.1,22569.7,22552.95,22554.5,1304825
1774241400,2026-03-23T10:20:00,22554.3,22558.35,22544.95,22547.65,1149815
1774241460,2026-03-23T10:21:00,22546.95,22550.8,22538.9,22550.8,1167172
1774241520,2026-03-23T10:22:00,22550.2,22555.5,22538.0,22542.65,868884
1774241580,2026-03-23T10:23:00,22543.25,22559.15,22540.8,22555.65,855766
1774241640,2026-03-23T10:24:00,22555.3,22557.1,22541.6,22541.6,1445419
1774241700,2026-03-23T10:25:00,22541.2,22544.3,22538.7,22542.3,841926
1774241760,2026-03-23T10:26:00,22543.1,22554.8,22541.75,22554.55,814761
1774241820,2026-03-23T10:27:00,22553.95,22559.6,22550.6,22553.15,903892
1774241880,2026-03-23T10:28:00,22552.05,22552.05,22534.15,22534.15,1077781
1774241940,2026-03-23T10:29:00,22533.85,22540.45,22530.3,22531.0,907951
1774242000,2026-03-23T10:30:00,22530.6,22547.55,22529.05,22545.25,1149977
1774242060,2026-03-23T10:31:00,22545.25,22553.6,22541.6,22548.85,1163341
1774242120,2026-03-23T10:32:00,22547.2,22554.05,22545.5,22551.25,1113096
1774242180,2026-03-23T10:33:00,22549.45,22553.9,22538.0,22542.75,1428881
1774242240,2026-03-23T10:34:00,22541.5,22548.0,22537.2,22537.75,988164
1774242300,2026-03-23T10:35:00,22538.2,22550.4,22536.85,22549.5,1377526
1774242360,2026-03-23T10:36:00,22548.4,22575.75,22548.25,22575.75,1688167
1774242420,2026-03-23T10:37:00,22574.75,22581.5,22566.9,22579.75,1252703
1774242480,2026-03-23T10:38:00,22579.2,22580.8,22567.25,22569.5,1680086
1774242540,2026-03-23T10:39:00,22567.25,22568.45,22557.35,22557.95,1468503
1774242600,2026-03-23T10:40:00,22558.35,22558.35,22538.55,22539.2,933689
1774242660,2026-03-23T10:41:00,22539.2,22549.3,22536.65,22549.3,1067597
1774242720,2026-03-23T10:42:00,22548.2,22553.55,22540.55,22550.55,1196883
1774242780,2026-03-23T10:43:00,22550.25,22556.6,22543.2,22556.6,967791
1774242840,2026-03-23T10:44:00,22555.85,22557.8,22541.1,22548.1,1522267
1774242900,2026-03-23T10:45:00,22548.2,22550.2,22545.15,22549.45,718630
1774242960,2026-03-23T10:46:00,22548.75,22550.25,22540.35,22540.35,1124285
1774243020,2026-03-23T10:47:00,22540.3,22543.05,22537.4,22542.6,1327084
1774243080,2026-03-23T10:48:00,22541.4,22549.3,22534.85,22538.0,1114641
1774243140,2026-03-23T10:49:00,22536.25,22549.55,22534.0,22547.55,1304367
1774243200,2026-03-23T10:50:00,22545.75,22545.75,22523.95,22526.75,1442234
1774243260,2026-03-23T10:51:00,22522.95,22524.0,22512.25,22515.55,1408143
1774243320,2026-03-23T10:52:00,22514.75,22519.0,22509.65,22516.95,1096957
1774243380,2026-03-23T10:53:00,22516.75,22531.5,22515.2,22531.5,1014319
1774243440,2026-03-23T10:54:00,22528.0,22534.65,22525.6,22527.1,888954
1774243500,2026-03-23T10:55:00,22528.95,22529.3,22516.8,22518.5,845234
1774243560,2026-03-23T10:56:00,22518.5,22536.75,22517.9,22526.55,1213168
1774243620,2026-03-23T10:57:00,22527.0,22530.75,22519.25,22523.65,1013358
1774243680,2026-03-23T10:58:00,22522.8,22529.9,22522.1,22529.9,1022382
1774243740,2026-03-23T10:59:00,22528.65,22536.25,22525.2,22531.85,911315
1774243800,2026-03-23T11:00:00,22531.4,22532.85,22512.1,22515.65,1128280
1774243860,2026-03-23T11:01:00,22514.5,22516.1,22505.5,22507.9,1061599
1774243920,2026-03-23T11:02:00,22507.5,22517.25,22504.15,22513.0,948367
1774243980,2026-03-23T11:03:00,22511.7,22522.8,22511.7,22520.65,897031
1774244040,2026-03-23T11:04:00,22519.5,22533.4,22519.5,22533.15,1329611
1774244100,2026-03-23T11:05:00,22531.95,22538.15,22526.6,22533.65,1015284
1774244160,2026-03-23T11:06:00,22533.3,22541.25,22528.7,22541.25,881120
1774244220,2026-03-23T11:07:00,22540.05,22583.65,22540.05,22583.35,2013463
1774244280,2026-03-23T11:08:00,22581.2,22581.8,22561.6,22570.9,775520
1774244340,2026-03-23T11:09:00,22570.35,22570.5,22554.75,22560.35,647239
1774244400,2026-03-23T11:10:00,22560.8,22562.45,22554.85,22558.95,504146
1774244460,2026-03-23T11:11:00,22559.1,22561.65,22554.6,22561.65,834308
1774244520,2026-03-23T11:12:00,22560.1,22561.45,22551.25,22551.75,748987
1774244580,2026-03-23T11:13:00,22550.35,22551.05,22546.35,22549.4,838606
1774244640,2026-03-23T11:14:00,22548.4,22560.9,22548.4,22554.75,1215601
1774244700,2026-03-23T11:15:00,22554.6,22554.6,22542.45,22543.05,875782
1774244760,2026-03-23T11:16:00,22542.6,22545.45,22532.65,22534.8,650363
1774244820,2026-03-23T11:17:00,22533.0,22538.15,22529.55,22535.65,576753
1774244880,2026-03-23T11:18:00,22534.65,22535.2,22528.0,22530.95,746466
1774244940,2026-03-23T11:19:00,22530.75,22538.1,22529.3,22534.35,692438
1774245000,2026-03-23T11:20:00,22534.25,22556.6,22534.25,22554.7,1207215
1774245060,2026-03-23T11:21:00,22553.8,22553.8,22545.85,22547.85,651993
1774245120,2026-03-23T11:22:00,22547.8,22549.65,22531.25,22531.25,975478
1774245180,2026-03-23T11:23:00,22530.45,22555.05,22528.9,22553.6,855809
1774245240,2026-03-23T11:24:00,22552.9,22554.55,22541.3,22548.0,737553
1774245300,2026-03-23T11:25:00,22547.6,22550.8,22544.25,22550.0,775691
1774245360,2026-03-23T11:26:00,22548.1,22560.55,22545.45,22556.15,691755
1774245420,2026-03-23T11:27:00,22556.4,22560.95,22545.25,22546.0,883668
1774245480,2026-03-23T11:28:00,22544.9,22550.05,22538.5,22538.5,917638
1774245540,2026-03-23T11:29:00,22538.55,22561.45,22536.4,22559.15,754310
1774245600,2026-03-23T11:30:00,22557.85,22559.9,22550.7,22553.1,700582
1774245660,2026-03-23T11:31:00,22552.85,22564.55,22552.55,22564.55,665383
1774245720,2026-03-23T11:32:00,22563.55,22571.6,22545.95,22547.75,3326017
1774245780,2026-03-23T11:33:00,22545.95,22547.05,22530.8,22530.8,733504
1774245840,2026-03-23T11:34:00,22530.55,22536.8,22524.95,22532.9,629123
1774245900,2026-03-23T11:35:00,22531.75,22532.8,22519.85,22520.35,1020674
1774245960,2026-03-23T11:36:00,22521.15,22525.8,22519.7,22519.9,2188741
1774246020,2026-03-23T11:37:00,22520.05,22527.85,22519.75,22526.3,634515
1774246080,2026-03-23T11:38:00,22525.95,22531.95,22525.95,22531.3,513555
1774246140,2026-03-23T11:39:00,22530.9,22542.35,22530.9,22539.6,671392
1774246200,2026-03-23T11:40:00,22539.2,22557.45,22539.0,22541.45,841043
1774246260,2026-03-23T11:41:00,22540.65,22549.35,22540.45,22546.65,568382
1774246320,2026-03-23T11:42:00,22547.0,22548.95,22534.25,22534.75,686771
1774246380,2026-03-23T11:43:00,22534.45,22536.05,22516.5,22521.25,849480
1774246440,2026-03-23T11:44:00,22520.7,22521.85,22508.3,22520.15,1011340
1774246500,2026-03-23T11:45:00,22518.0,22532.7,22518.0,22528.4,664075
1774246560,2026-03-23T11:46:00,22526.5,22529.8,22523.35,22525.65,498524
1774246620,2026-03-23T11:47:00,22526.3,22529.05,22521.35,22524.3,1045306
1774246680,2026-03-23T11:48:00,22523.4,22534.5,22523.4,22530.4,857311
1774246740,2026-03-23T11:49:00,22530.05,22533.0,22525.05,22532.25,923406
1774246800,2026-03-23T11:50:00,22533.15,22538.05,22527.9,22537.2,620872
1774246860,2026-03-23T11:51:00,22537.4,22555.7,22537.4,22551.95,1329871
1774246920,2026-03-23T11:52:00,22551.75,22562.05,22549.45,22553.35,630322
1774246980,2026-03-23T11:53:00,22553.0,22563.55,22549.3,22555.2,700285
1774247040,2026-03-23T11:54:00,22555.15,22558.45,22551.3,22552.75,716047
1774247100,2026-03-23T11:55:00,22555.4,22557.55,22549.5,22549.9,635770
1774247160,2026-03-23T11:56:00,22548.8,22553.15,22539.35,22541.05,788693
1774247220,2026-03-23T11:57:00,22539.65,22556.75,22539.65,22556.7,924105
1774247280,2026-03-23T11:58:00,22556.75,22564.0,22550.3,22560.95,1100724
1774247340,2026-03-23T11:59:00,22561.65,22563.25,22548.1,22555.9,848351
1774247400,2026-03-23T12:00:00,22556.05,22559.75,22545.8,22547.05,694795
1774247460,2026-03-23T12:01:00,22546.85,22552.25,22541.95,22551.1,785498
1774247520,2026-03-23T12:02:00,22550.6,22557.45,22547.2,22557.05,777183
1774247580,2026-03-23T12:03:00,22556.7,22561.15,22547.0,22552.1,890315
1774247640,2026-03-23T12:04:00,22550.75,22560.35,22546.55,22546.55,709323
1774247700,2026-03-23T12:05:00,22545.7,22554.1,22541.4,22550.35,989196
1774247760,2026-03-23T12:06:00,22548.95,22553.9,22542.6,22542.6,770553
1774247820,2026-03-23T12:07:00,22541.6,22542.25,22530.6,22535.5,1010406
1774247880,2026-03-23T12:08:00,22537.05,22538.95,22532.5,22532.75,558857
1774247940,2026-03-23T12:09:00,22533.05,22548.5,22531.85,22547.75,2298636
1774248000,2026-03-23T12:10:00,22551.25,22562.35,22549.85,22556.55,830864
1774248060,2026-03-23T12:11:00,22557.35,22560.4,22555.25,22559.45,453941
1774248120,2026-03-23T12:12:00,22559.1,22561.65,22550.85,22551.05,704003
1774248180,2026-03-23T12:13:00,22550.0,22554.25,22537.9,22540.45,639652
1774248240,2026-03-23T12:14:00,22540.3,22540.55,22533.8,22535.35,700275
1774248300,2026-03-23T12:15:00,22534.25,22535.55,22521.0,22526.7,1569716
1774248360,2026-03-23T12:16:00,22525.7,22526.45,22519.1,22522.65,860323
1774248420,2026-03-23T12:17:00,22522.65,22530.65,22516.45,22526.85,1036753
1774248480,2026-03-23T12:18:00,22526.25,22526.25,22516.85,22519.85,849705
1774248540,2026-03-23T12:19:00,22519.2,22529.9,22514.45,22528.45,1360040
1774248600,2026-03-23T12:20:00,22527.3,22527.3,22518.85,22520.65,810186
1774248660,2026-03-23T12:21:00,22520.25,22522.7,22512.25,22522.4,820766
1774248720,2026-03-23T12:22:00,22520.25,22526.5,22511.8,22512.35,760052
1774248780,2026-03-23T12:23:00,22512.0,22520.0,22509.2,22516.25,963483
1774248840,2026-03-23T12:24:00,22516.8,22516.8,22482.95,22489.55,1659373
1774248900,2026-03-23T12:25:00,22487.55,22490.3,22480.35,22484.5,1468491
1774248960,2026-03-23T12:26:00,22484.7,22486.95,22478.15,22481.7,1469546
1774249020,2026-03-23T12:27:00,22482.35,22495.6,22481.15,22490.4,1014224
1774249080,2026-03-23T12:28:00,22489.35,22509.35,22489.35,22509.35,1200271
1774249140,2026-03-23T12:29:00,22507.4,22515.05,22506.55,22511.95,874384
1774249200,2026-03-23T12:30:00,22514.6,22515.8,22502.0,22506.75,797401
1774249260,2026-03-23T12:31:00,22506.2,22518.0,22500.15,22512.1,768485
1774249320,2026-03-23T12:32:00,22512.2,22512.65,22497.7,22502.45,745837
1774249380,2026-03-23T12:33:00,22500.95,22514.5,22500.95,22505.05,785055
1774249440,2026-03-23T12:34:00,22503.8,22519.1,22503.8,22518.85,634259
1774249500,2026-03-23T12:35:00,22517.7,22526.4,22516.85,22526.4,695786
1774249560,2026-03-23T12:36:00,22525.75,22526.45,22514.8,22519.5,735599
1774249620,2026-03-23T12:37:00,22518.65,22551.1,22518.65,22550.85,1186033
1774249680,2026-03-23T12:38:00,22550.4,22551.5,22537.5,22537.85,693528
1774249740,2026-03-23T12:39:00,22537.45,22538.25,22524.85,22524.9,800056
1774249800,2026-03-23T12:40:00,22524.65,22533.0,22524.5,22530.6,645404
1774249860,2026-03-23T12:41:00,22531.9,22536.45,22529.55,22533.4,759490
1774249920,2026-03-23T12:42:00,22532.7,22533.5,22520.25,22520.25,656838
1774249980,2026-03-23T12:43:00,22520.45,22524.25,22510.6,22517.7,873527
1774250040,2026-03-23T12:44:00,22517.95,22540.6,22517.95,22535.65,910968
1774250100,2026-03-23T12:45:00,22534.7,22535.85,22525.0,22525.5,964847
1774250160,2026-03-23T12:46:00,22525.5,22530.9,22522.75,22530.85,758503
1774250220,2026-03-23T12:47:00,22529.9,22555.9,22529.9,22540.0,944048
1774250280,2026-03-23T12:48:00,22538.75,22542.9,22535.75,22537.45,830707
1774250340,2026-03-23T12:49:00,22537.6,22546.45,22536.8,22543.3,685289
1774250400,2026-03-23T12:50:00,22542.45,22543.35,22524.05,22527.0,923736
1774250460,2026-03-23T12:51:00,22527.15,22540.5,22525.45,22533.95,1102660
1774250520,2026-03-23T12:52:00,22533.9,22534.7,22514.3,22514.3,1222405
1774250580,2026-03-23T12:53:00,22513.95,22515.15,22511.0,22511.75,731382
1774250640,2026-03-23T12:54:00,22511.8,22514.15,22503.65,22504.25,800170
1774250700,2026-03-23T12:55:00,22504.2,22505.5,22490.3,22496.7,909311
1774250760,2026-03-23T12:56:00,22497.2,22503.35,22492.2,22492.2,818920
1774250820,2026-03-23T12:57:00,22490.65,22496.65,22490.2,22492.9,825279
1774250880,2026-03-23T12:58:00,22492.7,22502.5,22481.7,22502.0,1025468
1774250940,2026-03-23T12:59:00,22501.7,22504.1,22494.75,22500.05,877836
1774251000,2026-03-23T13:00:00,22499.55,22499.55,22487.5,22489.35,769054
1774251060,2026-03-23T13:01:00,22486.75,22496.9,22485.6,22494.65,738511
1774251120,2026-03-23T13:02:00,22494.05,22495.3,22482.95,22487.3,835783
1774251180,2026-03-23T13:03:00,22486.6,22486.95,22481.35,22482.6,874554
1774251240,2026-03-23T13:04:00,22481.55,22487.15,22480.25,22480.9,860154
1774251300,2026-03-23T13:05:00,22480.15,22482.05,22475.65,22479.05,855098
1774251360,2026-03-23T13:06:00,22477.8,22499.4,22474.65,22488.95,1416828
1774251420,2026-03-23T13:07:00,22487.35,22493.9,22484.5,22493.25,896299
1774251480,2026-03-23T13:08:00,22492.7,22503.95,22489.45,22502.95,695457
1774251540,2026-03-23T13:09:00,22502.4,22508.25,22486.85,22489.05,856914
1774251600,2026-03-23T13:10:00,22488.9,22493.15,22485.05,22485.05,703094
1774251660,2026-03-23T13:11:00,22481.75,22485.05,22476.35,22476.35,824785
1774251720,2026-03-23T13:12:00,22477.95,22481.75,22471.25,22478.25,1058925
1774251780,2026-03-23T13:13:00,22477.1,22488.4,22475.6,22479.0,970874
1774251840,2026-03-23T13:14:00,22477.9,22489.1,22474.5,22489.1,1015490
1774251900,2026-03-23T13:15:00,22489.7,22512.55,22489.45,22506.1,1066755
1774251960,2026-03-23T13:16:00,22505.7,22507.5,22499.1,22500.75,978950
1774252020,2026-03-23T13:17:00,22500.85,22502.9,22493.85,22497.95,993681
1774252080,2026-03-23T13:18:00,22497.35,22505.85,22496.3,22497.9,1047888
1774252140,2026-03-23T13:19:00,22497.0,22503.05,22494.05,22494.05,950515
1774252200,2026-03-23T13:20:00,22493.75,22499.75,22488.05,22497.45,1032987
1774252260,2026-03-23T13:21:00,22497.25,22514.3,22497.25,22513.85,1071821
1774252320,2026-03-23T13:22:00,22513.55,22514.5,22503.9,22505.9,900038
1774252380,2026-03-23T13:23:00,22504.55,22506.3,22496.4,22502.65,978863
1774252440,2026-03-23T13:24:00,22502.5,22506.4,22501.5,22501.85,768234
1774252500,2026-03-23T13:25:00,22501.25,22503.3,22487.5,22500.65,1179601
1774252560,2026-03-23T13:26:00,22500.75,22511.25,22499.6,22508.15,1193155
1774252620,2026-03-23T13:27:00,22508.3,22512.05,22487.5,22487.8,1070318
1774252680,2026-03-23T13:28:00,22488.2,22496.75,22484.45,22494.4,1088020
1774252740,2026-03-23T13:29:00,22494.1,22497.55,22482.85,22487.05,1099453
1774252800,2026-03-23T13:30:00,22487.6,22525.45,22487.15,22518.6,1691002
1774252860,2026-03-23T13:31:00,22517.7,22517.7,22502.35,22506.5,883884
1774252920,2026-03-23T13:32:00,22505.8,22523.1,22501.35,22520.35,922420
1774252980,2026-03-23T13:33:00,22519.55,22521.0,22506.4,22511.85,923366
1774253040,2026-03-23T13:34:00,22511.35,22520.6,22505.6,22517.25,783747
1774253100,2026-03-23T13:35:00,22518.05,22526.65,22513.25,22517.85,862285
1774253160,2026-03-23T13:36:00,22516.0,22529.0,22514.65,22523.4,1447794
1774253220,2026-03-23T13:37:00,22523.35,22526.75,22518.15,22518.8,971838
1774253280,2026-03-23T13:38:00,22517.0,22524.4,22516.6,22519.05,834581
1774253340,2026-03-23T13:39:00,22519.25,22522.9,22515.45,22518.05,695893
1774253400,2026-03-23T13:40:00,22517.35,22528.0,22513.7,22517.35,893293
1774253460,2026-03-23T13:41:00,22518.25,22534.5,22515.35,22534.25,1060372
1774253520,2026-03-23T13:42:00,22534.05,22544.0,22530.0,22530.0,1533612
1774253580,2026-03-23T13:43:00,22529.15,22539.9,22523.3,22534.6,857975
1774253640,2026-03-23T13:44:00,22534.1,22567.35,22534.1,22561.7,1723372
1774253700,2026-03-23T13:45:00,22558.95,22566.25,22557.6,22564.2,1273581
1774253760,2026-03-23T13:46:00,22562.9,22576.25,22557.65,22570.8,1528945
1774253820,2026-03-23T13:47:00,22569.7,22585.1,22565.3,22579.25,1256507
1774253880,2026-03-23T13:48:00,22579.6,22596.0,22571.45,22593.3,1370357
1774253940,2026-03-23T13:49:00,22591.75,22601.25,22589.45,22598.95,1910439
1774254000,2026-03-23T13:50:00,22597.95,22622.6,22597.95,22619.9,2278583
1774254060,2026-03-23T13:51:00,22620.8,22629.75,22593.7,22594.8,2022766
1774254120,2026-03-23T13:52:00,22594.1,22618.5,22593.2,22618.5,1376679
1774254180,2026-03-23T13:53:00,22615.0,22618.85,22604.85,22613.2,1348793
1774254240,2026-03-23T13:54:00,22612.2,22615.7,22597.3,22601.35,1219270
1774254300,2026-03-23T13:55:00,22602.0,22611.5,22599.7,22606.3,2144701
1774254360,2026-03-23T13:56:00,22606.3,22613.35,22602.85,22610.15,1372868
1774254420,2026-03-23T13:57:00,22609.6,22616.15,22600.1,22615.7,1960565
1774254480,2026-03-23T13:58:00,22619.05,22620.55,22603.85,22606.85,2876844
1774254540,2026-03-23T13:59:00,22607.65,22612.5,22599.15,22599.65,1322143
1774254600,2026-03-23T14:00:00,22598.85,22605.75,22590.45,22601.05,1629932
1774254660,2026-03-23T14:01:00,22601.4,22622.7,22599.3,22619.25,1455770
1774254720,2026-03-23T14:02:00,22620.4,22635.55,22618.5,22632.65,2241696
1774254780,2026-03-23T14:03:00,22635.05,22646.05,22632.25,22642.5,1614104
1774254840,2026-03-23T14:04:00,22641.5,22655.4,22638.15,22644.75,1699457
1774254900,2026-03-23T14:05:00,22645.7,22659.75,22642.55,22646.75,2268836
1774254960,2026-03-23T14:06:00,22647.3,22660.8,22647.3,22657.35,2158719
1774255020,2026-03-23T14:07:00,22658.2,22661.15,22632.55,22638.2,1827056
1774255080,2026-03-23T14:08:00,22639.4,22639.5,22607.45,22610.6,1888397
1774255140,2026-03-23T14:09:00,22609.75,22632.25,22608.85,22627.45,1559456
1774255200,2026-03-23T14:10:00,22627.8,22628.8,22610.35,22622.3,1409304
1774255260,2026-03-23T14:11:00,22621.95,22633.7,22615.85,22629.9,1567661
1774255320,2026-03-23T14:12:00,22632.55,22643.35,22627.4,22629.45,1500910
1774255380,2026-03-23T14:13:00,22628.35,22640.0,22618.4,22619.95,1569085
1774255440,2026-03-23T14:14:00,22619.65,22631.05,22618.7,22618.7,1354677
1774255500,2026-03-23T14:15:00,22619.65,22622.05,22612.25,22620.4,1182825
1774255560,2026-03-23T14:16:00,22621.35,22635.15,22619.3,22629.25,1196467
1774255620,2026-03-23T14:17:00,22628.4,22640.95,22628.4,22639.8,1150740
1774255680,2026-03-23T14:18:00,22639.75,22649.05,22636.6,22644.6,1213499
1774255740,2026-03-23T14:19:00,22643.85,22652.65,22638.45,22641.6,1472415
1774255800,2026-03-23T14:20:00,22641.35,22652.95,22634.3,22646.65,1192059
1774255860,2026-03-23T14:21:00,22645.3,22649.0,22641.8,22643.35,1286168
1774255920,2026-03-23T14:22:00,22642.1,22645.1,22632.95,22638.55,1337058
1774255980,2026-03-23T14:23:00,22637.25,22648.0,22631.95,22647.45,1206188
1774256040,2026-03-23T14:24:00,22647.6,22656.45,22624.55,22625.55,1247153
1774256100,2026-03-23T14:25:00,22624.9,22624.9,22593.0,22599.55,2098455
1774256160,2026-03-23T14:26:00,22600.65,22623.75,22591.95,22620.4,2393491
1774256220,2026-03-23T14:27:00,22620.25,22633.7,22616.8,22625.3,1292533
1774256280,2026-03-23T14:28:00,22624.7,22627.65,22619.35,22622.25,1281902
1774256340,2026-03-23T14:29:00,22620.45,22621.65,22609.8,22611.2,1404413
1774256400,2026-03-23T14:30:00,22608.95,22617.4,22595.7,22596.9,1763435
1774256460,2026-03-23T14:31:00,22594.8,22595.15,22572.25,22572.55,1960925
1774256520,2026-03-23T14:32:00,22570.3,22571.7,22549.15,22560.4,2490513
1774256580,2026-03-23T14:33:00,22559.05,22560.5,22515.25,22517.6,3205011
1774256640,2026-03-23T14:34:00,22517.15,22542.8,22517.15,22526.8,2376179
1774256700,2026-03-23T14:35:00,22524.8,22531.45,22522.15,22527.9,1748423
1774256760,2026-03-23T14:36:00,22527.05,22569.1,22527.05,22564.95,2356173
1774256820,2026-03-23T14:37:00,22563.15,22591.95,22563.15,22581.9,1797184
1774256880,2026-03-23T14:38:00,22580.75,22590.15,22562.9,22564.25,1695313
1774256940,2026-03-23T14:39:00,22562.45,22567.95,22548.05,22564.05,1762298
1774257000,2026-03-23T14:40:00,22561.05,22565.35,22545.25,22554.0,1782007
1774257060,2026-03-23T14:41:00,22551.95,22560.85,22547.75,22560.85,1353183
1774257120,2026-03-23T14:42:00,22560.7,22565.65,22544.05,22544.95,1963629
1774257180,2026-03-23T14:43:00,22543.95,22594.4,22541.95,22594.4,3800696
1774257240,2026-03-23T14:44:00,22593.1,22599.1,22587.5,22599.1,1760647
1774257300,2026-03-23T14:45:00,22596.95,22603.4,22583.2,22594.75,1915775
1774257360,2026-03-23T14:46:00,22595.1,22596.65,22580.85,22588.45,1385069
1774257420,2026-03-23T14:47:00,22586.6,22596.5,22579.05,22588.35,1476390
1774257480,2026-03-23T14:48:00,22586.8,22592.15,22579.4,22590.85,1532418
1774257540,2026-03-23T14:49:00,22592.15,22601.85,22580.75,22596.75,1561287
1774257600,2026-03-23T14:50:00,22597.9,22622.7,22597.9,22620.7,2059874
1774257660,2026-03-23T14:51:00,22617.7,22645.4,22615.85,22642.6,2115405
1774257720,2026-03-23T14:52:00,22640.6,22644.6,22627.25,22644.6,1843222
1774257780,2026-03-23T14:53:00,22643.55,22646.55,22631.35,22640.3,2016123
1774257840,2026-03-23T14:54:00,22637.85,22639.95,22611.7,22613.85,1669195
1774257900,2026-03-23T14:55:00,22612.7,22616.9,22589.75,22591.4,1851751
1774257960,2026-03-23T14:56:00,22592.25,22606.05,22592.25,22600.35,2135298
1774258020,2026-03-23T14:57:00,22599.2,22607.75,22592.55,22602.85,2017013
1774258080,2026-03-23T14:58:00,22601.2,22610.0,22586.2,22602.2,2398386
1774258140,2026-03-23T14:59:00,22601.4,22617.4,22600.95,22614.5,1948189
1774258200,2026-03-23T15:00:00,22614.75,22614.75,22569.2,22579.05,3523889
1774258260,2026-03-23T15:01:00,22578.4,22578.4,22561.6,22573.3,3036209
1774258320,2026-03-23T15:02:00,22578.4,22578.4,22546.0,22552.25,3260388
1774258380,2026-03-23T15:03:00,22550.45,22550.45,22534.0,22534.0,2474285
1774258440,2026-03-23T15:04:00,22534.2,22535.0,22503.05,22503.9,3445437
1774258500,2026-03-23T15:05:00,22503.55,22515.7,22503.05,22511.1,3224946
1774258560,2026-03-23T15:06:00,22512.05,22513.7,22486.1,22494.1,3491500
1774258620,2026-03-23T15:07:00,22491.9,22504.3,22488.65,22499.5,2769772
1774258680,2026-03-23T15:08:00,22495.95,22502.5,22490.8,22499.8,2565626
1774258740,2026-03-23T15:09:00,22500.3,22531.85,22499.55,22523.85,2869069
1774258800,2026-03-23T15:10:00,22523.25,22539.9,22517.6,22537.95,3190948
1774258860,2026-03-23T15:11:00,22538.5,22542.45,22533.45,22538.3,2600568
1774258920,2026-03-23T15:12:00,22537.95,22538.85,22518.15,22522.6,2328340
1774258980,2026-03-23T15:13:00,22521.5,22522.9,22514.95,22520.75,2589860
1774259040,2026-03-23T15:14:00,22519.05,22521.1,22505.2,22509.25,3143204
1774259100,2026-03-23T15:15:00,22509.55,22510.7,22495.15,22505.8,3083657
1774259160,2026-03-23T15:16:00,22504.45,22507.5,22496.9,22502.95,3096318
1774259220,2026-03-23T15:17:00,22502.65,22509.15,22499.2,22500.4,2402442
1774259280,2026-03-23T15:18:00,22500.15,22500.5,22487.4,22488.15,3391822
1774259340,2026-03-23T15:19:00,22488.95,22491.8,22483.85,22485.2,2856262
1774259400,2026-03-23T15:20:00,22484.25,22495.85,22482.7,22492.75,3630294
1774259460,2026-03-23T15:21:00,22493.25,22493.25,22479.55,22482.35,2986961
1774259520,2026-03-23T15:22:00,22483.45,22490.25,22481.3,22484.45,2509744
1774259580,2026-03-23T15:23:00,22484.75,22489.25,22482.6,22486.75,2686671
1774259640,2026-03-23T15:24:00,22486.3,22494.5,22480.05,22492.4,3337985
1774259700,2026-03-23T15:25:00,22492.0,22497.35,22485.65,22492.55,3157170
1774259760,2026-03-23T15:26:00,22490.9,22494.9,22487.95,22491.25,2110451
1774259820,2026-03-23T15:27:00,22489.95,22493.4,22485.0,22487.8,2360162
1774259880,2026-03-23T15:28:00,22483.4,22491.2,22481.65,22481.65,2459759
1774259940,2026-03-23T15:29:00,22483.35,22505.35,22478.1,22492.65,1937081
1774323900,2026-03-24T09:15:00,22878.45,22899.6,22827.0,22851.25,10519509
1774323960,2026-03-24T09:16:00,22847.6,22869.0,22786.8,22802.25,5699042
1774324020,2026-03-24T09:17:00,22800.85,22826.7,22795.0,22821.35,3756040
1774324080,2026-03-24T09:18:00,22821.9,22834.4,22782.4,22794.95,3385626
1774324140,2026-03-24T09:19:00,22796.5,22796.95,22775.2,22785.15,2806575
1774324200,2026-03-24T09:20:00,22789.8,22799.55,22772.05,22776.05,2239721
1774324260,2026-03-24T09:21:00,22775.95,22784.4,22770.85,22782.05,1914522
1774324320,2026-03-24T09:22:00,22782.5,22787.85,22762.8,22771.05,2049721
1774324380,2026-03-24T09:23:00,22769.65,22786.2,22767.8,22785.9,2309426
1774324440,2026-03-24T09:24:00,22788.7,22817.0,22786.6,22816.7,2223495
1774324500,2026-03-24T09:25:00,22815.8,22828.75,22811.15,22824.65,2171620
1774324560,2026-03-24T09:26:00,22826.05,22840.2,22820.9,22838.4,1732456
1774324620,2026-03-24T09:27:00,22838.3,22849.2,22836.15,22848.9,2082144
1774324680,2026-03-24T09:28:00,22848.1,22849.25,22824.85,22825.65,1698343
1774324740,2026-03-24T09:29:00,22826.35,22844.0,22819.5,22839.9,1487034
1774324800,2026-03-24T09:30:00,22839.6,22851.9,22839.45,22848.25,1549795
1774324860,2026-03-24T09:31:00,22847.45,22852.4,22829.45,22832.15,2051697
1774324920,2026-03-24T09:32:00,22831.0,22833.3,22815.75,22829.0,1651689
1774324980,2026-03-24T09:33:00,22830.2,22833.45,22820.8,22831.45,1792300
1774325040,2026-03-24T09:34:00,22831.25,22833.35,22815.2,22815.2,1672929
1774325100,2026-03-24T09:35:00,22815.6,22827.9,22814.75,22819.1,1730722
1774325160,2026-03-24T09:36:00,22818.05,22825.0,22814.75,22823.35,2349113
1774325220,2026-03-24T09:37:00,22822.6,22822.6,22785.85,22790.8,2645658
1774325280,2026-03-24T09:38:00,22793.25,22793.25,22780.9,22782.0,1810301
1774325340,2026-03-24T09:39:00,22784.35,22784.35,22762.3,22764.3,2070446
1774325400,2026-03-24T09:40:00,22764.3,22781.65,22761.4,22779.75,1406807
1774325460,2026-03-24T09:41:00,22778.3,22783.1,22769.9,22782.75,1374802
1774325520,2026-03-24T09:42:00,22782.2,22782.4,22747.65,22749.5,1665203
1774325580,2026-03-24T09:43:00,22747.55,22748.85,22731.95,22736.1,1944703
1774325640,2026-03-24T09:44:00,22734.4,22748.15,22734.4,22744.8,1248773
1774325700,2026-03-24T09:45:00,22747.3,22748.1,22716.6,22719.05,1375853
1774325760,2026-03-24T09:46:00,22718.6,22727.65,22714.9,22721.25,1420573
1774325820,2026-03-24T09:47:00,22720.85,22729.8,22713.45,22717.35,1481262
1774325880,2026-03-24T09:48:00,22717.0,22718.05,22706.35,22711.45,1124855
1774325940,2026-03-24T09:49:00,22711.25,22729.15,22709.95,22718.9,1204936
1774326000,2026-03-24T09:50:00,22718.75,22729.45,22710.5,22712.55,2230845
1774326060,2026-03-24T09:51:00,22711.6,22721.3,22701.2,22717.65,1663234
1774326120,2026-03-24T09:52:00,22717.8,22726.65,22716.65,22724.3,737673
1774326180,2026-03-24T09:53:00,22722.2,22726.25,22713.75,22724.55,926804
1774326240,2026-03-24T09:54:00,22724.8,22737.15,22723.0,22730.7,1022312
1774326300,2026-03-24T09:55:00,22729.9,22756.05,22725.05,22755.45,1103270
1774326360,2026-03-24T09:56:00,22758.4,22773.65,22757.05,22767.35,1838832
1774326420,2026-03-24T09:57:00,22766.4,22771.3,22755.25,22770.2,1377470
1774326480,2026-03-24T09:58:00,22770.85,22773.65,22750.55,22755.95,827183
1774326540,2026-03-24T09:59:00,22755.4,22763.35,22744.3,22754.2,871489
1774326600,2026-03-24T10:00:00,22753.9,22756.65,22746.6,22747.3,687504
1774326660,2026-03-24T10:01:00,22746.0,22746.75,22718.75,22718.75,1179329
1774326720,2026-03-24T10:02:00,22719.0,22730.5,22716.1,22725.0,1015625
1774326780,2026-03-24T10:03:00,22723.5,22724.45,22712.0,22713.35,1546814
1774326840,2026-03-24T10:04:00,22712.55,22715.75,22701.85,22705.6,1313994
1774326900,2026-03-24T10:05:00,22705.7,22716.0,22704.25,22715.0,831007
1774326960,2026-03-24T10:06:00,22714.85,22719.45,22705.8,22705.8,698398
1774327020,2026-03-24T10:07:00,22704.6,22704.8,22694.65,22697.85,1002678
1774327080,2026-03-24T10:08:00,22697.65,22699.3,22688.5,22688.9,895970
1774327140,2026-03-24T10:09:00,22688.95,22697.3,22682.1,22685.15,877904
1774327200,2026-03-24T10:10:00,22684.5,22694.2,22681.6,22693.55,968533
1774327260,2026-03-24T10:11:00,22694.95,22696.35,22687.45,22687.8,1117068
1774327320,2026-03-24T10:12:00,22687.1,22691.1,22685.4,22688.5,1331206
1774327380,2026-03-24T10:13:00,22689.05,22709.05,22687.15,22709.05,1741549
1774327440,2026-03-24T10:14:00,22713.25,22714.85,22706.15,22708.1,1091228
1774327500,2026-03-24T10:15:00,22706.95,22711.4,22701.55,22711.4,770100
1774327560,2026-03-24T10:16:00,22711.05,22730.35,22711.05,22728.2,1587268
1774327620,2026-03-24T10:17:00,22729.1,22744.3,22727.6,22741.25,1796015
1774327680,2026-03-24T10:18:00,22741.15,22748.5,22735.55,22741.0,1258439
1774327740,2026-03-24T10:19:00,22740.3,22742.25,22729.5,22731.7,886287
1774327800,2026-03-24T10:20:00,22731.4,22734.9,22713.45,22714.0,880800
1774327860,2026-03-24T10:21:00,22714.8,22733.45,22712.25,22733.45,888909
1774327920,2026-03-24T10:22:00,22733.6,22747.2,22731.2,22743.85,937401
1774327980,2026-03-24T10:23:00,22744.8,22763.3,22743.6,22763.3,894384
1774328040,2026-03-24T10:24:00,22764.6,22766.8,22759.0,22762.15,895538
1774328100,2026-03-24T10:25:00,22763.1,22765.8,22753.5,22760.0,1727928
1774328160,2026-03-24T10:26:00,22759.75,22761.65,22725.1,22728.7,2044777
1774328220,2026-03-24T10:27:00,22733.5,22737.85,22728.0,22734.4,760406
1774328280,2026-03-24T10:28:00,22734.4,22739.45,22728.25,22731.9,964049
1774328340,2026-03-24T10:29:00,22733.45,22738.6,22731.75,22737.9,769367
1774328400,2026-03-24T10:30:00,22738.2,22738.9,22721.55,22721.55,764989
1774328460,2026-03-24T10:31:00,22722.35,22725.0,22705.0,22705.15,2589655
1774328520,2026-03-24T10:32:00,22706.65,22710.7,22697.55,22697.55,1711568
1774328580,2026-03-24T10:33:00,22697.15,22698.6,22678.8,22680.85,908560
1774328640,2026-03-24T10:34:00,22680.55,22682.5,22667.75,22667.75,751869
1774328700,2026-03-24T10:35:00,22665.6,22667.7,22658.5,22660.9,1502948
1774328760,2026-03-24T10:36:00,22661.1,22664.1,22640.15,22641.05,1214299
1774328820,2026-03-24T10:37:00,22640.8,22643.5,22624.2,22642.6,1296912
1774328880,2026-03-24T10:38:00,22642.15,22653.8,22633.6,22647.25,949620
1774328940,2026-03-24T10:39:00,22647.75,22649.25,22629.55,22631.8,860679
1774329000,2026-03-24T10:40:00,22631.6,22639.65,22630.55,22634.35,769548
1774329060,2026-03-24T10:41:00,22634.4,22659.25,22632.2,22649.1,1569360
1774329120,2026-03-24T10:42:00,22648.8,22667.45,22645.45,22664.85,1028581
1774329180,2026-03-24T10:43:00,22665.9,22680.65,22664.8,22671.05,915508
1774329240,2026-03-24T10:44:00,22671.65,22680.4,22665.85,22667.9,1003940
1774329300,2026-03-24T10:45:00,22667.55,22675.5,22664.95,22665.9,944321
1774329360,2026-03-24T10:46:00,22665.85,22671.25,22657.0,22664.0,1128002
1774329420,2026-03-24T10:47:00,22664.4,22677.05,22660.5,22674.9,1724636
1774329480,2026-03-24T10:48:00,22674.05,22721.25,22670.6,22721.25,2864202
1774329540,2026-03-24T10:49:00,22723.5,22723.5,22689.25,22692.0,1201442
1774329600,2026-03-24T10:50:00,22691.9,22706.45,22690.0,22706.45,710691
1774329660,2026-03-24T10:51:00,22706.25,22707.7,22676.3,22677.9,1273776
1774329720,2026-03-24T10:52:00,22676.0,22682.6,22653.6,22659.25,1133688
1774329780,2026-03-24T10:53:00,22658.05,22669.95,22655.2,22664.1,984421
1774329840,2026-03-24T10:54:00,22667.7,22669.45,22660.15,22667.25,739072
1774329900,2026-03-24T10:55:00,22667.8,22674.25,22666.2,22672.8,721783
1774329960,2026-03-24T10:56:00,22672.6,22673.15,22658.5,22660.7,665063
1774330020,2026-03-24T10:57:00,22660.1,22664.15,22650.4,22651.05,837194
1774330080,2026-03-24T10:58:00,22651.95,22653.15,22636.65,22640.1,1178333
1774330140,2026-03-24T10:59:00,22640.25,22647.8,22629.4,22639.7,858631
1774330200,2026-03-24T11:00:00,22639.8,22660.45,22639.8,22660.45,1116086
1774330260,2026-03-24T11:01:00,22661.0,22667.2,22652.75,22664.95,1103347
1774330320,2026-03-24T11:02:00,22664.55,22665.85,22654.45,22662.5,721585
1774330380,2026-03-24T11:03:00,22662.25,22672.1,22661.45,22667.7,808989
1774330440,2026-03-24T11:04:00,22665.95,22682.0,22665.6,22678.8,910071
1774330500,2026-03-24T11:05:00,22679.75,22679.75,22666.6,22673.05,578066
1774330560,2026-03-24T11:06:00,22673.9,22676.2,22661.45,22663.3,702558
1774330620,2026-03-24T11:07:00,22663.05,22671.65,22661.7,22667.45,848924
1774330680,2026-03-24T11:08:00,22667.8,22689.1,22667.8,22686.4,1188763
1774330740,2026-03-24T11:09:00,22685.75,22685.75,22678.5,22680.9,670388
1774330800,2026-03-24T11:10:00,22680.1,22699.3,22678.7,22687.65,759946
1774330860,2026-03-24T11:11:00,22688.0,22711.05,22688.0,22696.45,935656
1774330920,2026-03-24T11:12:00,22696.25,22701.6,22691.3,22697.85,676452
1774330980,2026-03-24T11:13:00,22699.5,22703.85,22690.4,22693.6,733897
1774331040,2026-03-24T11:14:00,22693.05,22698.25,22679.05,22698.25,642670
1774331100,2026-03-24T11:15:00,22699.4,22707.5,22692.8,22702.0,1058011
1774331160,2026-03-24T11:16:00,22703.05,22715.35,22703.05,22709.55,577290
1774331220,2026-03-24T11:17:00,22708.95,22721.35,22705.7,22721.35,754165
1774331280,2026-03-24T11:18:00,22720.7,22727.15,22715.3,22727.15,683543
1774331340,2026-03-24T11:19:00,22728.1,22732.35,22726.25,22730.45,1280341
1774331400,2026-03-24T11:20:00,22731.8,22746.0,22729.8,22742.3,1938837
1774331460,2026-03-24T11:21:00,22741.45,22743.45,22721.3,22726.25,1357029
1774331520,2026-03-24T11:22:00,22725.65,22739.75,22723.85,22729.8,809975
1774331580,2026-03-24T11:23:00,22728.9,22733.4,22714.8,22715.3,1023854
1774331640,2026-03-24T11:24:00,22714.75,22718.3,22701.6,22703.15,1438611
1774331700,2026-03-24T11:25:00,22703.25,22714.05,22689.55,22714.05,1040624
1774331760,2026-03-24T11:26:00,22714.55,22720.4,22704.85,22720.25,660936
1774331820,2026-03-24T11:27:00,22721.35,22723.95,22716.55,22719.9,881682
1774331880,2026-03-24T11:28:00,22720.65,22737.2,22720.15,22726.9,915832
1774331940,2026-03-24T11:29:00,22726.3,22728.5,22719.3,22728.5,1295020
1774332000,2026-03-24T11:30:00,22729.35,22745.5,22729.35,22731.05,1132000
1774332060,2026-03-24T11:31:00,22730.85,22734.1,22724.5,22728.6,451066
1774332120,2026-03-24T11:32:00,22730.4,22741.75,22730.4,22739.4,572342
1774332180,2026-03-24T11:33:00,22739.05,22740.25,22731.9,22736.1,607945
1774332240,2026-03-24T11:34:00,22738.0,22756.55,22733.8,22753.6,840728
1774332300,2026-03-24T11:35:00,22751.65,22770.0,22749.9,22763.8,1265969
1774332360,2026-03-24T11:36:00,22763.65,22766.4,22754.7,22759.05,1206827
1774332420,2026-03-24T11:37:00,22762.75,22765.55,22757.65,22759.95,1000410
1774332480,2026-03-24T11:38:00,22759.6,22765.45,22758.5,22760.65,848572
1774332540,2026-03-24T11:39:00,22759.65,22766.2,22755.7,22766.2,796852
1774332600,2026-03-24T11:40:00,22764.95,22770.15,22761.75,22763.9,1078605
1774332660,2026-03-24T11:41:00,22763.5,22764.55,22743.35,22743.85,973188
1774332720,2026-03-24T11:42:00,22742.95,22753.55,22738.95,22749.3,1081317
1774332780,2026-03-24T11:43:00,22748.9,22753.1,22745.75,22745.9,723678
1774332840,2026-03-24T11:44:00,22746.25,22755.65,22746.25,22754.65,684600
1774332900,2026-03-24T11:45:00,22754.35,22755.15,22745.85,22751.1,627453
1774332960,2026-03-24T11:46:00,22750.35,22788.0,22750.35,22788.0,1585873
1774333020,2026-03-24T11:47:00,22787.95,22793.25,22770.5,22784.45,999737
1774333080,2026-03-24T11:48:00,22785.2,22787.7,22766.4,22773.5,792512
1774333140,2026-03-24T11:49:00,22772.7,22774.8,22764.55,22769.25,819314
1774333200,2026-03-24T11:50:00,22769.2,22777.15,22756.6,22771.75,887257
1774333260,2026-03-24T11:51:00,22771.05,22773.5,22765.9,22772.85,694004
1774333320,2026-03-24T11:52:00,22772.85,22790.3,22771.75,22786.35,909026
1774333380,2026-03-24T11:53:00,22786.5,22795.5,22785.05,22791.6,756704
1774333440,2026-03-24T11:54:00,22791.05,22792.95,22784.85,22785.55,975994
1774333500,2026-03-24T11:55:00,22785.1,22799.25,22784.4,22798.45,799044
1774333560,2026-03-24T11:56:00,22796.85,22827.65,22796.85,22827.5,1280135
1774333620,2026-03-24T11:57:00,22826.6,22827.8,22817.7,22820.1,1319259
1774333680,2026-03-24T11:58:00,22819.6,22819.65,22807.6,22810.15,1239378
1774333740,2026-03-24T11:59:00,22809.35,22810.3,22805.5,22806.9,889890
1774333800,2026-03-24T12:00:00,22806.75,22816.9,22806.75,22813.0,972094
1774333860,2026-03-24T12:01:00,22812.9,22813.55,22803.1,22804.45,1134960
1774333920,2026-03-24T12:02:00,22802.95,22804.0,22793.9,22802.05,697632
1774333980,2026-03-24T12:03:00,22802.45,22805.0,22795.95,22798.3,634280
1774334040,2026-03-24T12:04:00,22799.5,22800.35,22793.8,22796.55,793206
1774334100,2026-03-24T12:05:00,22796.4,22796.4,22766.3,22769.5,1112892
1774334160,2026-03-24T12:06:00,22769.55,22771.45,22765.7,22768.7,657774
1774334220,2026-03-24T12:07:00,22768.6,22781.65,22766.65,22780.2,681796
1774334280,2026-03-24T12:08:00,22780.5,22780.5,22765.15,22771.4,1010205
1774334340,2026-03-24T12:09:00,22771.9,22776.35,22765.55,22770.1,591629
1774334400,2026-03-24T12:10:00,22769.9,22779.3,22765.1,22777.85,924217
1774334460,2026-03-24T12:11:00,22777.5,22787.75,22776.4,22785.25,729676
1774334520,2026-03-24T12:12:00,22785.9,22786.35,22764.7,22766.05,777614
1774334580,2026-03-24T12:13:00,22766.3,22768.35,22760.0,22762.95,830037
1774334640,2026-03-24T12:14:00,22762.15,22766.05,22760.05,22761.45,705151
1774334700,2026-03-24T12:15:00,22761.9,22773.1,22758.5,22768.05,1130661
1774334760,2026-03-24T12:16:00,22767.45,22773.7,22759.6,22771.65,1305392
1774334820,2026-03-24T12:17:00,22770.35,22770.35,22759.7,22759.95,1044644
1774334880,2026-03-24T12:18:00,22759.75,22761.8,22753.35,22761.45,979836
1774334940,2026-03-24T12:19:00,22761.15,22761.55,22755.35,22757.3,537075
1774335000,2026-03-24T12:20:00,22758.0,22764.6,22756.4,22760.1,633784
1774335060,2026-03-24T12:21:00,22759.7,22770.85,22758.35,22768.4,605235
1774335120,2026-03-24T12:22:00,22768.45,22829.8,22765.2,22828.4,2179426
1774335180,2026-03-24T12:23:00,22829.3,22847.9,22808.1,22846.15,1493882
1774335240,2026-03-24T12:24:00,22845.7,22883.4,22838.9,22881.5,2473067
1774335300,2026-03-24T12:25:00,22880.2,22908.15,22877.65,22908.15,1861787
1774335360,2026-03-24T12:26:00,22912.6,22927.9,22900.15,22927.65,2088684
1774335420,2026-03-24T12:27:00,22927.0,22936.5,22892.8,22902.95,4008049
1774335480,2026-03-24T12:28:00,22902.4,22913.9,22856.05,22856.4,1957396
1774335540,2026-03-24T12:29:00,22855.2,22858.05,22822.35,22844.45,1691448
1774335600,2026-03-24T12:30:00,22844.15,22865.95,22843.4,22864.15,1079035
1774335660,2026-03-24T12:31:00,22864.6,22868.95,22854.2,22867.6,979342
1774335720,2026-03-24T12:32:00,22868.7,22897.65,22867.5,22892.4,1742102
1774335780,2026-03-24T12:33:00,22892.65,22913.5,22890.2,22912.4,1931246
1774335840,2026-03-24T12:34:00,22911.75,22922.8,22908.1,22922.8,1555682
1774335900,2026-03-24T12:35:00,22922.3,22945.2,22915.9,22944.35,1861990
1774335960,2026-03-24T12:36:00,22943.6,22951.75,22933.1,22937.65,1874812
1774336020,2026-03-24T12:37:00,22938.7,22942.35,22927.25,22935.35,1457156
1774336080,2026-03-24T12:38:00,22934.3,22940.6,22928.95,22939.35,1243699
1774336140,2026-03-24T12:39:00,22939.95,22954.2,22934.35,22951.0,1743995
1774336200,2026-03-24T12:40:00,22952.05,22957.0,22939.5,22949.05,1263280
1774336260,2026-03-24T12:41:00,22951.95,22963.5,22937.4,22949.25,1323242
1774336320,2026-03-24T12:42:00,22948.55,22977.7,22948.55,22974.8,1434765
1774336380,2026-03-24T12:43:00,22974.4,22989.2,22962.4,22964.75,1417390
1774336440,2026-03-24T12:44:00,22962.8,22972.1,22948.25,22955.2,1127182
1774336500,2026-03-24T12:45:00,22956.95,22971.7,22955.3,22962.3,1880445
1774336560,2026-03-24T12:46:00,22964.75,22976.25,22963.95,22972.15,1490373
1774336620,2026-03-24T12:47:00,22973.6,22986.9,22970.7,22982.35,2890803
1774336680,2026-03-24T12:48:00,22981.95,22995.85,22973.6,22990.6,1520491
1774336740,2026-03-24T12:49:00,22994.15,22996.8,22978.7,22993.4,1469957
1774336800,2026-03-24T12:50:00,22993.35,22997.35,22982.7,22987.6,930738
1774336860,2026-03-24T12:51:00,22985.95,22992.15,22980.0,22989.95,1297252
1774336920,2026-03-24T12:52:00,22988.55,23025.15,22987.3,23025.0,2295477
1774336980,2026-03-24T12:53:00,23023.15,23026.1,23004.35,23007.5,1546311
1774337040,2026-03-24T12:54:00,23007.8,23014.3,22996.95,23008.5,1375490
1774337100,2026-03-24T12:55:00,23009.05,23009.05,22975.5,22975.5,2168331
1774337160,2026-03-24T12:56:00,22974.85,22982.75,22969.55,22975.05,1356577
1774337220,2026-03-24T12:57:00,22974.25,22974.25,22952.85,22955.1,1598242
1774337280,2026-03-24T12:58:00,22955.65,22976.05,22955.65,22974.7,1281689
1774337340,2026-03-24T12:59:00,22974.65,22981.05,22972.1,22974.4,817054
1774337400,2026-03-24T13:00:00,22974.6,22979.35,22958.6,22960.5,1198595
1774337460,2026-03-24T13:01:00,22961.65,22977.15,22961.65,22966.35,861714
1774337520,2026-03-24T13:02:00,22967.5,22972.0,22954.85,22957.75,1130353
1774337580,2026-03-24T13:03:00,22958.2,22962.35,22940.3,22949.15,1371992
1774337640,2026-03-24T13:04:00,22950.1,22950.1,22936.45,22941.45,700287
1774337700,2026-03-24T13:05:00,22941.9,22941.9,22912.8,22914.25,1296806
1774337760,2026-03-24T13:06:00,22914.0,22928.95,22911.35,22927.25,1369119
1774337820,2026-03-24T13:07:00,22926.95,22946.15,22925.3,22946.15,1022124
1774337880,2026-03-24T13:08:00,22948.1,22956.5,22942.9,22950.95,848324
1774337940,2026-03-24T13:09:00,22949.9,22951.3,22934.15,22939.0,1153908
1774338000,2026-03-24T13:10:00,22939.5,22948.3,22935.3,22944.8,775631
1774338060,2026-03-24T13:11:00,22944.8,22986.0,22944.1,22980.95,1201542
1774338120,2026-03-24T13:12:00,22980.7,22980.7,22959.55,22964.5,863649
1774338180,2026-03-24T13:13:00,22964.75,22976.3,22955.8,22973.9,720358
1774338240,2026-03-24T13:14:00,22974.55,22990.5,22970.75,22990.5,1002269
1774338300,2026-03-24T13:15:00,22990.75,22991.5,22958.4,22960.75,1233247
1774338360,2026-03-24T13:16:00,22960.75,22978.75,22960.05,22975.0,665582
1774338420,2026-03-24T13:17:00,22973.5,22984.25,22970.25,22982.35,802419
1774338480,2026-03-24T13:18:00,22984.8,22991.8,22981.4,22981.4,1394051
1774338540,2026-03-24T13:19:00,22979.0,22990.35,22979.0,22987.5,818523
1774338600,2026-03-24T13:20:00,22986.7,22987.4,22966.45,22987.05,1027754
1774338660,2026-03-24T13:21:00,22986.4,23007.0,22985.55,23001.0,1398316
1774338720,2026-03-24T13:22:00,23000.95,23012.95,22998.5,23011.8,771625
1774338780,2026-03-24T13:23:00,23010.4,23011.15,23001.95,23008.6,1221309
1774338840,2026-03-24T13:24:00,23007.9,23009.75,22989.4,22992.05,848225
1774338900,2026-03-24T13:25:00,22991.4,22997.15,22983.75,22996.9,802137
1774338960,2026-03-24T13:26:00,22997.5,23009.6,22996.55,23009.6,616833
1774339020,2026-03-24T13:27:00,23008.9,23016.95,23008.7,23012.75,971478
1774339080,2026-03-24T13:28:00,23013.8,23015.9,23011.2,23014.55,838596
1774339140,2026-03-24T13:29:00,23013.9,23027.25,23012.5,23021.95,1109959
1774339200,2026-03-24T13:30:00,23021.2,23036.55,22999.85,23034.2,1969141
1774339260,2026-03-24T13:31:00,23033.25,23034.6,23015.8,23015.8,951883
1774339320,2026-03-24T13:32:00,23015.3,23037.5,23014.0,23031.4,1143240
1774339380,2026-03-24T13:33:00,23030.45,23032.55,23026.8,23027.85,891241
1774339440,2026-03-24T13:34:00,23028.35,23039.05,23023.15,23034.85,1016997
1774339500,2026-03-24T13:35:00,23034.7,23054.05,23033.3,23052.0,1058795
1774339560,2026-03-24T13:36:00,23051.75,23056.8,23048.05,23053.65,1076766
1774339620,2026-03-24T13:37:00,23053.7,23057.05,23038.95,23040.2,835672
1774339680,2026-03-24T13:38:00,23039.85,23050.95,23028.55,23030.25,1213389
1774339740,2026-03-24T13:39:00,23030.2,23034.0,23021.7,23028.95,1197025
1774339800,2026-03-24T13:40:00,23029.2,23040.15,23022.0,23032.3,1564671
1774339860,2026-03-24T13:41:00,23032.2,23039.7,23029.1,23039.7,933883
1774339920,2026-03-24T13:42:00,23038.95,23057.3,23033.8,23052.6,1011549
1774339980,2026-03-24T13:43:00,23052.4,23053.25,23037.1,23037.1,880944
1774340040,2026-03-24T13:44:00,23036.05,23038.4,23030.9,23037.5,1081169
1774340100,2026-03-24T13:45:00,23037.6,23047.9,23030.75,23031.0,1379556
1774340160,2026-03-24T13:46:00,23030.85,23045.8,23030.4,23030.95,1464153
1774340220,2026-03-24T13:47:00,23031.55,23031.55,23010.1,23011.2,1179003
1774340280,2026-03-24T13:48:00,23011.15,23013.5,22992.45,22992.45,1153087
1774340340,2026-03-24T13:49:00,22993.4,22994.2,22962.9,22962.9,1662543
1774340400,2026-03-24T13:50:00,22963.65,22981.75,22963.2,22969.15,1293029
1774340460,2026-03-24T13:51:00,22970.1,22973.05,22950.6,22958.9,1431646
1774340520,2026-03-24T13:52:00,22959.4,22979.7,22959.4,22979.7,996270
1774340580,2026-03-24T13:53:00,22977.55,22992.55,22970.5,22987.5,925070
1774340640,2026-03-24T13:54:00,22988.55,22989.65,22971.55,22972.7,1716578
1774340700,2026-03-24T13:55:00,22972.65,22983.15,22971.3,22975.1,1127669
1774340760,2026-03-24T13:56:00,22975.3,22996.55,22974.3,22982.15,872809
1774340820,2026-03-24T13:57:00,22981.6,22990.0,22977.65,22989.35,852399
1774340880,2026-03-24T13:58:00,22989.95,22993.3,22980.75,22982.35,819138
1774340940,2026-03-24T13:59:00,22982.9,22990.65,22972.0,22976.2,779979
1774341000,2026-03-24T14:00:00,22975.25,22987.5,22954.25,22983.75,1309653
1774341060,2026-03-24T14:01:00,22982.65,22992.5,22977.9,22988.35,844050
1774341120,2026-03-24T14:02:00,22989.1,22993.75,22978.55,22980.8,764985
1774341180,2026-03-24T14:03:00,22980.2,22988.6,22965.3,22966.25,825683
1774341240,2026-03-24T14:04:00,22968.15,22976.8,22965.95,22970.7,741917
1774341300,2026-03-24T14:05:00,22970.65,22987.15,22970.65,22987.15,928328
1774341360,2026-03-24T14:06:00,22986.45,22989.8,22981.8,22983.55,935583
1774341420,2026-03-24T14:07:00,22985.25,22988.35,22976.95,22981.65,779351
1774341480,2026-03-24T14:08:00,22981.75,22992.4,22963.5,22964.75,1281146
1774341540,2026-03-24T14:09:00,22965.2,22974.6,22957.15,22972.5,1195900
1774341600,2026-03-24T14:10:00,22971.75,22995.3,22971.3,22993.45,1126084
1774341660,2026-03-24T14:11:00,22995.25,22995.75,22985.85,22987.9,632280
1774341720,2026-03-24T14:12:00,22987.45,22992.7,22971.75,22973.4,886709
1774341780,2026-03-24T14:13:00,22973.3,22979.15,22972.35,22976.3,742574
1774341840,2026-03-24T14:14:00,22976.55,22995.0,22973.1,22992.35,855036
1774341900,2026-03-24T14:15:00,22993.2,23006.6,22992.55,22995.15,788321
1774341960,2026-03-24T14:16:00,22995.05,23037.9,22990.45,23008.55,2048911
1774342020,2026-03-24T14:17:00,23007.85,23021.8,23005.8,23019.15,774302
1774342080,2026-03-24T14:18:00,23019.45,23019.75,23004.6,23006.3,705310
1774342140,2026-03-24T14:19:00,23007.15,23011.4,22980.05,22981.1,1078087
1774342200,2026-03-24T14:20:00,22981.2,22996.45,22979.8,22980.95,1181259
1774342260,2026-03-24T14:21:00,22981.75,22981.8,22925.7,22925.7,2970853
1774342320,2026-03-24T14:22:00,22920.0,22954.65,22920.0,22954.55,1456116
1774342380,2026-03-24T14:23:00,22957.1,22970.6,22957.1,22959.55,969194
1774342440,2026-03-24T14:24:00,22960.35,22974.1,22954.85,22956.75,747242
1774342500,2026-03-24T14:25:00,22955.1,22964.3,22955.1,22963.15,826817
1774342560,2026-03-24T14:26:00,22961.65,22962.75,22932.35,22934.35,1276196
1774342620,2026-03-24T14:27:00,22935.65,22950.0,22932.8,22938.15,1136636
1774342680,2026-03-24T14:28:00,22937.85,22954.25,22935.45,22946.8,1190640
1774342740,2026-03-24T14:29:00,22946.6,22950.55,22940.75,22945.6,869894
1774342800,2026-03-24T14:30:00,22945.1,22946.0,22926.4,22934.2,1648229
1774342860,2026-03-24T14:31:00,22934.6,22946.4,22934.15,22940.65,921782
1774342920,2026-03-24T14:32:00,22940.0,22959.4,22938.85,22958.8,975100
1774342980,2026-03-24T14:33:00,22958.8,22958.8,22943.05,22945.95,972042
1774343040,2026-03-24T14:34:00,22946.3,22950.3,22939.55,22948.05,1367676
1774343100,2026-03-24T14:35:00,22948.15,22954.1,22943.8,22948.15,1531498
1774343160,2026-03-24T14:36:00,22948.55,22948.9,22925.55,22934.9,1128897
1774343220,2026-03-24T14:37:00,22934.2,22942.05,22893.7,22895.4,1839055
1774343280,2026-03-24T14:38:00,22895.95,22906.5,22893.3,22897.35,1554167
1774343340,2026-03-24T14:39:00,22897.6,22903.3,22895.0,22895.95,1086564
1774343400,2026-03-24T14:40:00,22896.15,22901.3,22882.65,22891.05,2030359
1774343460,2026-03-24T14:41:00,22890.1,22905.2,22890.0,22900.3,1207636
1774343520,2026-03-24T14:42:00,22900.55,22912.1,22898.35,22910.95,1109054
1774343580,2026-03-24T14:43:00,22911.3,22931.95,22908.3,22920.9,1364818
1774343640,2026-03-24T14:44:00,22921.6,22921.6,22908.35,22909.65,1096306
1774343700,2026-03-24T14:45:00,22909.25,22917.75,22908.6,22912.15,4944435
1774343760,2026-03-24T14:46:00,22911.9,22912.9,22901.6,22908.3,1886098
1774343820,2026-03-24T14:47:00,22908.0,22916.4,22907.5,22911.25,1047289
1774343880,2026-03-24T14:48:00,22912.5,22915.65,22905.7,22906.5,1146568
1774343940,2026-03-24T14:49:00,22905.95,22917.6,22904.55,22914.95,1482505
1774344000,2026-03-24T14:50:00,22915.9,22916.15,22904.7,22909.05,1819349
1774344060,2026-03-24T14:51:00,22908.05,22910.7,22890.5,22901.15,1646539
1774344120,2026-03-24T14:52:00,22901.3,22911.7,22896.65,22909.45,1259943
1774344180,2026-03-24T14:53:00,22908.45,22908.5,22887.4,22887.4,1141306
1774344240,2026-03-24T14:54:00,22887.35,22894.3,22883.9,22891.85,1566523
1774344300,2026-03-24T14:55:00,22893.35,22907.3,22891.45,22898.4,1596974
1774344360,2026-03-24T14:56:00,22898.85,22906.05,22889.65,22895.85,1249458
1774344420,2026-03-24T14:57:00,22895.35,22911.35,22894.85,22910.45,1233858
1774344480,2026-03-24T14:58:00,22911.1,22927.15,22908.2,22918.95,1564536
1774344540,2026-03-24T14:59:00,22920.3,22925.9,22914.65,22916.35,1445440
1774344600,2026-03-24T15:00:00,22914.6,22914.6,22875.35,22880.3,3980652
1774344660,2026-03-24T15:01:00,22880.95,22901.95,22880.8,22895.9,4509453
1774344720,2026-03-24T15:02:00,22899.85,22923.45,22899.85,22914.0,5696486
1774344780,2026-03-24T15:03:00,22915.8,22919.65,22902.35,22908.85,2565131
1774344840,2026-03-24T15:04:00,22909.8,22918.15,22909.05,22909.05,2836156
1774344900,2026-03-24T15:05:00,22910.1,22910.1,22894.15,22900.75,4166471
1774344960,2026-03-24T15:06:00,22906.5,22917.65,22902.35,22916.15,3414036
1774345020,2026-03-24T15:07:00,22915.5,22925.1,22911.75,22924.0,2916114
1774345080,2026-03-24T15:08:00,22923.85,22932.1,22912.35,22912.75,2602703
1774345140,2026-03-24T15:09:00,22914.35,22919.5,22908.8,22916.55,3308823
1774345200,2026-03-24T15:10:00,22916.9,22922.85,22910.75,22915.8,3285115
1774345260,2026-03-24T15:11:00,22916.4,22919.2,22909.45,22916.2,2748698
1774345320,2026-03-24T15:12:00,22917.3,22919.9,22898.7,22902.0,3772411
1774345380,2026-03-24T15:13:00,22904.45,22913.85,22903.75,22911.1,2597994
1774345440,2026-03-24T15:14:00,22911.0,22917.15,22898.65,22898.65,2676303
1774345500,2026-03-24T15:15:00,22901.15,22901.85,22883.3,22883.3,3477623
1774345560,2026-03-24T15:16:00,22885.25,22890.35,22881.3,22881.3,2987373
1774345620,2026-03-24T15:17:00,22882.0,22916.5,22882.0,22914.5,3381864
1774345680,2026-03-24T15:18:00,22914.9,22927.05,22907.8,22907.9,4316310
1774345740,2026-03-24T15:19:00,22909.25,22922.3,22909.1,22919.7,3020276
1774345800,2026-03-24T15:20:00,22918.85,22932.0,22918.85,22930.5,3451771
1774345860,2026-03-24T15:21:00,22931.25,22932.05,22915.05,22918.2,3398165
1774345920,2026-03-24T15:22:00,22921.45,22923.95,22920.25,22923.5,2467183
1774345980,2026-03-24T15:23:00,22923.1,22925.95,22921.95,22924.7,2357373
1774346040,2026-03-24T15:24:00,22926.3,22932.6,22923.25,22931.35,2706876
1774346100,2026-03-24T15:25:00,22931.8,22947.0,22931.3,22944.8,3283118
1774346160,2026-03-24T15:26:00,22946.35,22950.3,22944.2,22949.0,2051636
1774346220,2026-03-24T15:27:00,22948.3,22954.25,22946.0,22949.45,2481576
1774346280,2026-03-24T15:28:00,22950.4,22957.3,22949.45,22954.0,1549272
1774346340,2026-03-24T15:29:00,22954.75,22961.7,22951.3,22958.4,1323045
1774410300,2026-03-25T09:15:00,23064.4,23132.65,23063.2,23130.3,8263038
1774410360,2026-03-25T09:16:00,23133.15,23156.35,23122.1,23155.45,4315074
1774410420,2026-03-25T09:17:00,23156.1,23173.05,23150.65,23167.35,3041978
1774410480,2026-03-25T09:18:00,23167.7,23167.95,23140.9,23140.9,3410775
1774410540,2026-03-25T09:19:00,23137.85,23166.3,23132.95,23162.6,3006807
1774410600,2026-03-25T09:20:00,23162.2,23187.4,23161.9,23182.35,2873178
1774410660,2026-03-25T09:21:00,23183.3,23195.4,23180.95,23193.45,2679238
1774410720,2026-03-25T09:22:00,23195.45,23196.9,23179.65,23188.05,2320992
1774410780,2026-03-25T09:23:00,23187.6,23187.6,23177.45,23185.35,2719460
1774410840,2026-03-25T09:24:00,23187.3,23202.75,23187.15,23188.5,2359422
1774410900,2026-03-25T09:25:00,23189.65,23204.05,23188.9,23197.35,2208515
1774410960,2026-03-25T09:26:00,23198.45,23209.5,23197.7,23208.5,1839160
1774411020,2026-03-25T09:27:00,23208.4,23220.05,23199.45,23199.5,2080166
1774411080,2026-03-25T09:28:00,23202.25,23211.2,23198.25,23208.45,1629832
1774411140,2026-03-25T09:29:00,23209.95,23220.8,23204.45,23215.1,1806347
1774411200,2026-03-25T09:30:00,23214.65,23221.05,23207.8,23219.5,1882870
1774411260,2026-03-25T09:31:00,23220.05,23225.55,23214.85,23219.2,1614277
1774411320,2026-03-25T09:32:00,23217.35,23231.35,23212.05,23214.4,1678089
1774411380,2026-03-25T09:33:00,23214.95,23223.65,23213.95,23216.85,1480854
1774411440,2026-03-25T09:34:00,23217.45,23238.2,23217.3,23233.45,1695806
1774411500,2026-03-25T09:35:00,23234.85,23239.95,23230.45,23235.5,1581452
1774411560,2026-03-25T09:36:00,23235.3,23237.75,23219.35,23221.1,1697261
1774411620,2026-03-25T09:37:00,23221.3,23228.4,23216.05,23216.45,1888773
1774411680,2026-03-25T09:38:00,23216.7,23223.65,23204.15,23209.2,1426675
1774411740,2026-03-25T09:39:00,23209.5,23216.7,23202.55,23215.9,1319268
1774411800,2026-03-25T09:40:00,23216.3,23219.1,23208.2,23208.25,1165520
1774411860,2026-03-25T09:41:00,23208.7,23218.6,23204.65,23212.8,1792951
1774411920,2026-03-25T09:42:00,23211.95,23229.05,23211.95,23228.7,1436445
1774411980,2026-03-25T09:43:00,23228.85,23270.3,23228.85,23267.8,1688900
1774412040,2026-03-25T09:44:00,23268.65,23278.05,23267.05,23270.9,1551992
1774412100,2026-03-25T09:45:00,23272.95,23280.8,23270.0,23272.1,1377906
1774412160,2026-03-25T09:46:00,23274.0,23285.8,23269.95,23279.6,1446371
1774412220,2026-03-25T09:47:00,23281.4,23287.35,23273.75,23276.3,1506569
1774412280,2026-03-25T09:48:00,23277.95,23283.25,23275.35,23276.8,1215037
1774412340,2026-03-25T09:49:00,23277.2,23278.2,23262.05,23270.0,1379980
1774412400,2026-03-25T09:50:00,23271.4,23275.95,23266.7,23266.75,1607638
1774412460,2026-03-25T09:51:00,23266.4,23275.15,23266.4,23272.8,988847
1774412520,2026-03-25T09:52:00,23273.95,23286.05,23272.65,23278.15,1059184
1774412580,2026-03-25T09:53:00,23279.65,23282.05,23262.75,23274.85,1593470
1774412640,2026-03-25T09:54:00,23273.4,23289.8,23269.9,23287.7,1253325
1774412700,2026-03-25T09:55:00,23287.55,23298.25,23284.95,23289.55,1593755
1774412760,2026-03-25T09:56:00,23291.05,23294.15,23281.75,23285.15,1016949
1774412820,2026-03-25T09:57:00,23284.45,23286.9,23274.3,23278.1,1343126
1774412880,2026-03-25T09:58:00,23275.45,23281.45,23269.35,23276.8,1270673
1774412940,2026-03-25T09:59:00,23276.4,23287.75,23274.05,23286.05,1308670
1774413000,2026-03-25T10:00:00,23287.4,23304.7,23285.35,23296.3,1193765
1774413060,2026-03-25T10:01:00,23294.5,23295.65,23284.85,23291.1,1373892
1774413120,2026-03-25T10:02:00,23291.25,23299.0,23276.95,23280.0,1930908
1774413180,2026-03-25T10:03:00,23279.85,23287.6,23277.05,23282.55,1242896
1774413240,2026-03-25T10:04:00,23282.25,23285.95,23279.25,23280.85,1197516
1774413300,2026-03-25T10:05:00,23281.7,23289.35,23281.05,23282.7,975158
1774413360,2026-03-25T10:06:00,23282.25,23283.1,23246.55,23254.3,2386223
1774413420,2026-03-25T10:07:00,23255.25,23266.45,23253.5,23263.75,1076942
1774413480,2026-03-25T10:08:00,23262.55,23281.55,23258.05,23277.75,991860
1774413540,2026-03-25T10:09:00,23278.4,23291.95,23272.55,23290.15,852530
1774413600,2026-03-25T10:10:00,23290.35,23301.65,23288.25,23290.75,1182288
1774413660,2026-03-25T10:11:00,23289.7,23305.4,23284.95,23303.35,963054
1774413720,2026-03-25T10:12:00,23301.95,23307.3,23299.45,23304.65,1144817
1774413780,2026-03-25T10:13:00,23303.6,23310.35,23301.55,23304.15,977960
1774413840,2026-03-25T10:14:00,23304.35,23308.35,23299.8,23305.55,1316311
1774413900,2026-03-25T10:15:00,23306.6,23312.55,23291.5,23291.75,1207646
1774413960,2026-03-25T10:16:00,23291.4,23303.1,23291.4,23301.2,1205815
1774414020,2026-03-25T10:17:00,23301.95,23317.9,23297.85,23312.6,1081505
1774414080,2026-03-25T10:18:00,23310.15,23313.75,23305.7,23310.7,1050340
1774414140,2026-03-25T10:19:00,23311.1,23313.3,23289.95,23295.5,1203892
1774414200,2026-03-25T10:20:00,23295.45,23301.8,23293.05,23301.8,1034962
1774414260,2026-03-25T10:21:00,23301.45,23313.65,23300.0,23313.05,1121720
1774414320,2026-03-25T10:22:00,23312.0,23312.75,23295.5,23295.8,968678
1774414380,2026-03-25T10:23:00,23295.45,23298.95,23283.35,23288.1,1053721
1774414440,2026-03-25T10:24:00,23287.15,23296.35,23287.15,23292.2,864617
1774414500,2026-03-25T10:25:00,23293.5,23299.5,23291.9,23299.35,1064635
1774414560,2026-03-25T10:26:00,23298.95,23314.6,23298.95,23310.75,939107
1774414620,2026-03-25T10:27:00,23309.7,23314.55,23308.05,23311.1,1260694
1774414680,2026-03-25T10:28:00,23313.75,23318.55,23302.6,23303.9,1135978
1774414740,2026-03-25T10:29:00,23300.3,23315.85,23300.2,23314.55,880977
1774414800,2026-03-25T10:30:00,23313.7,23324.95,23307.25,23313.6,948212
1774414860,2026-03-25T10:31:00,23313.0,23318.45,23307.6,23308.6,891962
1774414920,2026-03-25T10:32:00,23308.3,23313.3,23299.95,23304.5,930122
1774414980,2026-03-25T10:33:00,23304.2,23316.95,23304.2,23315.0,1262335
1774415040,2026-03-25T10:34:00,23314.1,23317.55,23308.95,23310.25,693886
1774415100,2026-03-25T10:35:00,23310.4,23313.75,23303.85,23305.85,763701
1774415160,2026-03-25T10:36:00,23305.6,23317.25,23302.0,23317.2,846339
1774415220,2026-03-25T10:37:00,23316.0,23317.6,23305.65,23309.7,857017
1774415280,2026-03-25T10:38:00,23310.15,23319.2,23308.95,23309.85,676264
1774415340,2026-03-25T10:39:00,23309.4,23316.5,23306.8,23314.95,526604
1774415400,2026-03-25T10:40:00,23313.05,23320.55,23312.8,23316.45,825288
1774415460,2026-03-25T10:41:00,23317.15,23335.2,23317.15,23332.85,1155108
1774415520,2026-03-25T10:42:00,23332.6,23343.0,23331.05,23342.9,1505164
1774415580,2026-03-25T10:43:00,23343.95,23368.0,23343.95,23360.4,1468919
1774415640,2026-03-25T10:44:00,23360.55,23369.6,23360.55,23366.65,969428
1774415700,2026-03-25T10:45:00,23366.25,23368.95,23362.1,23368.8,1058707
1774415760,2026-03-25T10:46:00,23368.3,23373.25,23363.95,23364.1,1186844
1774415820,2026-03-25T10:47:00,23364.55,23365.1,23357.0,23359.95,627823
1774415880,2026-03-25T10:48:00,23359.1,23361.95,23357.7,23360.95,616773
1774415940,2026-03-25T10:49:00,23360.8,23366.2,23358.35,23360.55,1608280
1774416000,2026-03-25T10:50:00,23359.3,23366.8,23358.95,23360.55,998019
1774416060,2026-03-25T10:51:00,23359.9,23362.75,23356.4,23356.4,721278
1774416120,2026-03-25T10:52:00,23358.15,23361.15,23354.35,23356.95,1592484
1774416180,2026-03-25T10:53:00,23358.2,23378.35,23356.75,23372.85,1009526
1774416240,2026-03-25T10:54:00,23371.35,23375.8,23369.0,23375.8,784159
1774416300,2026-03-25T10:55:00,23375.3,23376.25,23363.05,23369.25,845063
1774416360,2026-03-25T10:56:00,23369.35,23370.5,23362.85,23367.85,582095
1774416420,2026-03-25T10:57:00,23367.85,23368.4,23358.95,23361.2,700607
1774416480,2026-03-25T10:58:00,23360.8,23364.45,23357.2,23359.4,840390
1774416540,2026-03-25T10:59:00,23360.0,23369.9,23358.1,23367.45,796731
1774416600,2026-03-25T11:00:00,23366.0,23379.0,23366.0,23376.85,935864
1774416660,2026-03-25T11:01:00,23377.85,23383.5,23373.8,23380.3,876938
1774416720,2026-03-25T11:02:00,23381.9,23391.95,23380.15,23387.6,1113809
1774416780,2026-03-25T11:03:00,23388.05,23389.35,23382.05,23386.55,1352229
1774416840,2026-03-25T11:04:00,23384.15,23387.4,23381.35,23384.8,1401461
1774416900,2026-03-25T11:05:00,23385.1,23395.95,23383.15,23394.9,1826994
1774416960,2026-03-25T11:06:00,23393.8,23399.85,23390.05,23398.35,1137141
1774417020,2026-03-25T11:07:00,23398.75,23419.2,23396.65,23418.65,1984874
1774417080,2026-03-25T11:08:00,23419.45,23429.35,23416.85,23427.75,1378853
1774417140,2026-03-25T11:09:00,23429.2,23432.6,23415.95,23419.35,1151680
1774417200,2026-03-25T11:10:00,23418.35,23428.15,23417.25,23423.6,897657
1774417260,2026-03-25T11:11:00,23424.2,23427.75,23418.85,23419.75,1064122
1774417320,2026-03-25T11:12:00,23419.25,23422.55,23415.2,23420.25,1322229
1774417380,2026-03-25T11:13:00,23419.45,23424.55,23416.35,23417.55,1621436
1774417440,2026-03-25T11:14:00,23417.6,23433.7,23417.6,23432.55,1012895
1774417500,2026-03-25T11:15:00,23432.3,23434.75,23422.9,23429.2,1381245
1774417560,2026-03-25T11:16:00,23429.85,23434.1,23415.9,23419.85,1952640
1774417620,2026-03-25T11:17:00,23418.85,23423.2,23418.5,23418.9,1204959
1774417680,2026-03-25T11:18:00,23419.95,23421.55,23412.45,23419.2,1079490
1774417740,2026-03-25T11:19:00,23418.95,23419.8,23414.6,23417.85,885063
1774417800,2026-03-25T11:20:00,23417.75,23423.0,23411.55,23411.55,1185431
1774417860,2026-03-25T11:21:00,23412.2,23414.95,23410.05,23411.65,862749
1774417920,2026-03-25T11:22:00,23411.95,23414.3,23406.5,23407.55,1276337
1774417980,2026-03-25T11:23:00,23406.55,23408.55,23395.55,23395.55,1711142
1774418040,2026-03-25T11:24:00,23395.75,23399.0,23388.45,23388.75,1483667
1774418100,2026-03-25T11:25:00,23388.35,23395.1,23381.05,23381.8,1154299
1774418160,2026-03-25T11:26:00,23382.75,23385.55,23379.1,23379.65,1110071
1774418220,2026-03-25T11:27:00,23380.0,23390.6,23377.3,23387.9,1104764
1774418280,2026-03-25T11:28:00,23387.95,23396.6,23384.75,23394.8,1060546
1774418340,2026-03-25T11:29:00,23394.75,23398.65,23387.4,23388.4,966782
1774418400,2026-03-25T11:30:00,23391.5,23395.25,23388.2,23390.75,987848
1774418460,2026-03-25T11:31:00,23390.4,23405.95,23390.05,23405.0,1257501
1774418520,2026-03-25T11:32:00,23405.2,23406.8,23383.4,23383.4,1454334
1774418580,2026-03-25T11:33:00,23385.7,23399.45,23380.0,23391.95,1310973
1774418640,2026-03-25T11:34:00,23391.35,23394.9,23388.55,23389.65,1019555
1774418700,2026-03-25T11:35:00,23389.25,23394.25,23380.25,23380.7,1189128
1774418760,2026-03-25T11:36:00,23380.5,23381.45,23368.1,23371.55,1191568
1774418820,2026-03-25T11:37:00,23371.15,23375.45,23365.8,23368.7,1474866
1774418880,2026-03-25T11:38:00,23367.1,23372.3,23345.7,23345.7,2187998
1774418940,2026-03-25T11:39:00,23346.55,23366.1,23343.5,23359.1,2353090
1774419000,2026-03-25T11:40:00,23358.9,23369.6,23355.65,23362.8,1596178
1774419060,2026-03-25T11:41:00,23363.9,23381.45,23357.15,23373.7,1018427
1774419120,2026-03-25T11:42:00,23373.8,23375.1,23369.05,23370.3,1066990
1774419180,2026-03-25T11:43:00,23368.9,23370.5,23365.8,23366.1,871216
1774419240,2026-03-25T11:44:00,23367.05,23367.3,23360.1,23361.35,777449
1774419300,2026-03-25T11:45:00,23361.3,23371.15,23359.4,23367.0,1241882
1774419360,2026-03-25T11:46:00,23366.9,23368.85,23359.9,23363.4,1146352
1774419420,2026-03-25T11:47:00,23362.95,23368.15,23360.1,23362.6,1007159
1774419480,2026-03-25T11:48:00,23362.85,23390.55,23362.85,23390.55,1327063
1774419540,2026-03-25T11:49:00,23391.45,23402.7,23389.2,23390.1,1430010
1774419600,2026-03-25T11:50:00,23391.85,23399.9,23389.3,23398.45,952328
1774419660,2026-03-25T11:51:00,23398.1,23413.85,23398.1,23411.35,1103392
1774419720,2026-03-25T11:52:00,23410.85,23413.1,23407.4,23407.6,1194550
1774419780,2026-03-25T11:53:00,23406.7,23415.15,23403.05,23412.45,999764
1774419840,2026-03-25T11:54:00,23410.35,23416.1,23405.65,23411.4,853135
1774419900,2026-03-25T11:55:00,23411.3,23416.35,23406.05,23406.3,685911
1774419960,2026-03-25T11:56:00,23406.05,23414.9,23406.05,23408.5,702982
1774420020,2026-03-25T11:57:00,23407.95,23410.7,23403.05,23404.5,1016368
1774420080,2026-03-25T11:58:00,23404.3,23404.75,23390.4,23394.2,884990
1774420140,2026-03-25T11:59:00,23392.85,23400.9,23390.65,23399.35,1261792
1774420200,2026-03-25T12:00:00,23399.4,23403.65,23394.5,23403.1,1099965
1774420260,2026-03-25T12:01:00,23402.45,23408.0,23399.75,23399.85,1007438
1774420320,2026-03-25T12:02:00,23400.45,23402.95,23398.7,23401.6,848397
1774420380,2026-03-25T12:03:00,23401.65,23412.85,23401.3,23409.5,942199
1774420440,2026-03-25T12:04:00,23408.7,23414.3,23406.95,23411.6,626736
1774420500,2026-03-25T12:05:00,23411.85,23413.15,23404.65,23407.85,850719
1774420560,2026-03-25T12:06:00,23407.5,23409.9,23402.45,23409.1,974695
1774420620,2026-03-25T12:07:00,23409.0,23411.5,23406.05,23411.5,908118
1774420680,2026-03-25T12:08:00,23410.95,23422.45,23409.5,23420.6,1087849
1774420740,2026-03-25T12:09:00,23421.5,23421.85,23409.85,23411.75,854477
1774420800,2026-03-25T12:10:00,23411.25,23420.65,23408.25,23408.6,898691
1774420860,2026-03-25T12:11:00,23409.5,23422.0,23409.5,23416.45,842252
1774420920,2026-03-25T12:12:00,23415.5,23423.5,23415.5,23419.5,1075668
1774420980,2026-03-25T12:13:00,23418.75,23435.5,23418.75,23434.7,829115
1774421040,2026-03-25T12:14:00,23434.1,23442.35,23430.15,23440.35,773726
1774421100,2026-03-25T12:15:00,23439.95,23443.65,23435.45,23441.1,783122
1774421160,2026-03-25T12:16:00,23441.5,23442.4,23432.1,23433.55,863522
1774421220,2026-03-25T12:17:00,23432.85,23435.15,23417.85,23432.75,1359188
1774421280,2026-03-25T12:18:00,23432.45,23440.9,23432.4,23437.95,1047374
1774421340,2026-03-25T12:19:00,23437.8,23447.75,23433.95,23441.4,925558
1774421400,2026-03-25T12:20:00,23441.75,23447.2,23438.6,23442.85,742442
1774421460,2026-03-25T12:21:00,23443.05,23449.05,23441.4,23446.05,701436
1774421520,2026-03-25T12:22:00,23446.2,23448.1,23440.3,23443.75,766781
1774421580,2026-03-25T12:23:00,23444.0,23449.75,23440.65,23443.45,642830
1774421640,2026-03-25T12:24:00,23443.55,23448.7,23433.4,23433.95,809331
1774421700,2026-03-25T12:25:00,23433.45,23436.3,23423.55,23424.3,842364
1774421760,2026-03-25T12:26:00,23424.3,23432.25,23421.0,23424.55,1155032
1774421820,2026-03-25T12:27:00,23425.75,23429.15,23422.0,23425.7,733604
1774421880,2026-03-25T12:28:00,23426.1,23432.4,23423.3,23425.65,737236
1774421940,2026-03-25T12:29:00,23424.4,23431.15,23424.25,23429.25,797511
1774422000,2026-03-25T12:30:00,23429.0,23432.25,23416.55,23426.0,885618
1774422060,2026-03-25T12:31:00,23426.55,23433.15,23424.3,23432.35,740109
1774422120,2026-03-25T12:32:00,23431.05,23452.8,23429.75,23452.4,960430
1774422180,2026-03-25T12:33:00,23452.8,23461.55,23452.4,23458.95,1111744
1774422240,2026-03-25T12:34:00,23456.75,23465.35,23447.3,23448.7,1157520
1774422300,2026-03-25T12:35:00,23447.55,23452.25,23447.2,23449.35,694626
1774422360,2026-03-25T12:36:00,23449.95,23458.1,23449.25,23451.05,634609
1774422420,2026-03-25T12:37:00,23450.95,23452.4,23443.4,23445.55,896500
1774422480,2026-03-25T12:38:00,23446.15,23446.2,23439.05,23439.05,1153877
1774422540,2026-03-25T12:39:00,23439.55,23441.0,23433.25,23435.55,798925
1774422600,2026-03-25T12:40:00,23434.5,23437.45,23430.9,23433.85,637011
1774422660,2026-03-25T12:41:00,23434.35,23449.5,23432.75,23440.6,1001914
1774422720,2026-03-25T12:42:00,23440.4,23447.5,23438.9,23444.6,972020
1774422780,2026-03-25T12:43:00,23444.7,23447.8,23442.6,23442.95,664498
1774422840,2026-03-25T12:44:00,23443.4,23450.95,23442.25,23447.55,1033480
1774422900,2026-03-25T12:45:00,23447.85,23452.0,23444.85,23449.2,735354
1774422960,2026-03-25T12:46:00,23448.8,23452.25,23428.25,23443.55,970618
1774423020,2026-03-25T12:47:00,23443.6,23444.2,23420.45,23422.05,2176068
1774423080,2026-03-25T12:48:00,23422.65,23433.0,23422.1,23432.5,908194
1774423140,2026-03-25T12:49:00,23432.15,23432.55,23414.35,23418.65,850191
1774423200,2026-03-25T12:50:00,23419.45,23420.4,23411.05,23412.4,824008
1774423260,2026-03-25T12:51:00,23412.9,23419.05,23410.75,23412.2,1054828
1774423320,2026-03-25T12:52:00,23411.65,23412.05,23397.2,23403.65,1131851
1774423380,2026-03-25T12:53:00,23401.9,23404.9,23394.25,23397.7,641303
1774423440,2026-03-25T12:54:00,23397.6,23400.25,23389.8,23390.25,1000260
1774423500,2026-03-25T12:55:00,23391.0,23400.45,23387.75,23400.45,849984
1774423560,2026-03-25T12:56:00,23400.85,23400.85,23388.95,23392.4,720268
1774423620,2026-03-25T12:57:00,23391.3,23392.05,23374.9,23374.9,1394121
1774423680,2026-03-25T12:58:00,23375.15,23378.75,23372.35,23374.75,909851
1774423740,2026-03-25T12:59:00,23374.8,23380.4,23374.05,23375.35,958288
1774423800,2026-03-25T13:00:00,23374.85,23390.7,23369.7,23390.2,909257
1774423860,2026-03-25T13:01:00,23389.65,23398.15,23389.65,23396.65,648026
1774423920,2026-03-25T13:02:00,23396.65,23399.7,23394.35,23397.95,824655
1774423980,2026-03-25T13:03:00,23396.8,23403.15,23394.85,23399.0,907740
1774424040,2026-03-25T13:04:00,23396.4,23402.8,23392.85,23399.55,978124
1774424100,2026-03-25T13:05:00,23400.5,23400.55,23393.1,23396.1,582897
1774424160,2026-03-25T13:06:00,23395.5,23420.5,23392.25,23417.5,1059324
1774424220,2026-03-25T13:07:00,23418.2,23418.25,23404.6,23404.6,708915
1774424280,2026-03-25T13:08:00,23403.6,23403.6,23388.35,23390.25,741074
1774424340,2026-03-25T13:09:00,23389.25,23394.15,23384.9,23392.3,742736
1774424400,2026-03-25T13:10:00,23393.75,23404.3,23390.0,23399.85,681139
1774424460,2026-03-25T13:11:00,23399.75,23405.0,23395.7,23400.7,560004
1774424520,2026-03-25T13:12:00,23400.85,23403.65,23396.7,23399.45,529016
1774424580,2026-03-25T13:13:00,23399.95,23401.4,23397.1,23399.35,468474
1774424640,2026-03-25T13:14:00,23399.35,23404.4,23391.45,23392.6,687552
1774424700,2026-03-25T13:15:00,23392.2,23399.95,23391.5,23396.75,747815
1774424760,2026-03-25T13:16:00,23395.25,23410.9,23393.35,23410.15,667582
1774424820,2026-03-25T13:17:00,23410.4,23411.65,23391.35,23392.55,888585
1774424880,2026-03-25T13:18:00,23391.2,23394.5,23390.55,23392.25,582485
1774424940,2026-03-25T13:19:00,23390.45,23392.6,23381.5,23381.5,607191
1774425000,2026-03-25T13:20:00,23381.0,23382.0,23371.55,23374.2,663238
1774425060,2026-03-25T13:21:00,23373.05,23390.3,23373.05,23385.2,805599
1774425120,2026-03-25T13:22:00,23385.3,23388.25,23377.05,23383.8,574717
1774425180,2026-03-25T13:23:00,23383.1,23397.1,23380.55,23388.3,760253
1774425240,2026-03-25T13:24:00,23389.0,23395.25,23385.15,23392.6,635334
1774425300,2026-03-25T13:25:00,23391.5,23398.15,23391.0,23395.8,560696
1774425360,2026-03-25T13:26:00,23395.3,23412.15,23395.3,23410.65,891808
1774425420,2026-03-25T13:27:00,23410.45,23424.3,23410.1,23416.8,803226
1774425480,2026-03-25T13:28:00,23416.45,23419.7,23413.05,23418.95,716048
1774425540,2026-03-25T13:29:00,23418.45,23418.45,23405.25,23412.95,705241
1774425600,2026-03-25T13:30:00,23414.15,23417.35,23407.15,23415.0,623905
1774425660,2026-03-25T13:31:00,23413.6,23414.7,23391.7,23392.95,846263
1774425720,2026-03-25T13:32:00,23393.5,23405.45,23388.1,23399.45,841810
1774425780,2026-03-25T13:33:00,23398.9,23417.1,23397.25,23417.1,1052014
1774425840,2026-03-25T13:34:00,23417.35,23432.35,23416.0,23423.95,1147355
1774425900,2026-03-25T13:35:00,23424.5,23429.4,23423.2,23427.25,1014931
1774425960,2026-03-25T13:36:00,23427.15,23430.5,23417.9,23428.55,711266
1774426020,2026-03-25T13:37:00,23428.4,23438.25,23426.6,23438.25,873832
1774426080,2026-03-25T13:38:00,23437.9,23439.25,23430.3,23430.7,705996
1774426140,2026-03-25T13:39:00,23428.6,23429.5,23423.85,23429.5,723888
1774426200,2026-03-25T13:40:00,23429.9,23430.75,23420.3,23428.2,753689
1774426260,2026-03-25T13:41:00,23428.45,23431.65,23424.1,23431.65,789640
1774426320,2026-03-25T13:42:00,23431.8,23434.9,23426.1,23428.45,883676
1774426380,2026-03-25T13:43:00,23428.0,23432.65,23425.2,23428.7,745562
1774426440,2026-03-25T13:44:00,23427.8,23434.9,23427.05,23432.55,1677167
1774426500,2026-03-25T13:45:00,23432.95,23447.55,23429.2,23447.55,1143852
1774426560,2026-03-25T13:46:00,23447.2,23451.3,23442.25,23443.95,1119510
1774426620,2026-03-25T13:47:00,23443.55,23444.55,23439.4,23440.45,866090
1774426680,2026-03-25T13:48:00,23440.8,23445.9,23439.6,23445.3,875047
1774426740,2026-03-25T13:49:00,23444.9,23445.85,23441.75,23444.9,963563
1774426800,2026-03-25T13:50:00,23445.75,23455.85,23442.65,23452.8,1430035
1774426860,2026-03-25T13:51:00,23453.3,23462.8,23450.05,23462.3,1273914
1774426920,2026-03-25T13:52:00,23462.35,23462.55,23430.8,23431.75,1307722
1774426980,2026-03-25T13:53:00,23430.7,23434.05,23426.85,23427.05,885055
1774427040,2026-03-25T13:54:00,23426.15,23429.4,23423.2,23428.55,1050096
1774427100,2026-03-25T13:55:00,23428.0,23433.0,23419.0,23423.7,1051894
1774427160,2026-03-25T13:56:00,23424.15,23436.25,23421.55,23435.1,845742
1774427220,2026-03-25T13:57:00,23434.35,23435.4,23425.35,23431.2,956149
1774427280,2026-03-25T13:58:00,23430.15,23437.1,23429.4,23430.95,683469
1774427340,2026-03-25T13:59:00,23431.3,23433.5,23429.0,23430.2,1061335
1774427400,2026-03-25T14:00:00,23430.35,23437.35,23429.2,23434.05,818314
1774427460,2026-03-25T14:01:00,23433.65,23439.6,23429.2,23438.1,1048154
1774427520,2026-03-25T14:02:00,23438.15,23455.35,23436.65,23454.6,1185278
1774427580,2026-03-25T14:03:00,23454.25,23460.3,23448.75,23454.65,1585250
1774427640,2026-03-25T14:04:00,23454.35,23454.55,23439.5,23443.45,1213453
1774427700,2026-03-25T14:05:00,23444.5,23447.9,23440.85,23442.2,830467
1774427760,2026-03-25T14:06:00,23441.55,23442.55,23409.5,23409.6,1945985
1774427820,2026-03-25T14:07:00,23409.25,23412.9,23403.95,23403.95,1206274
1774427880,2026-03-25T14:08:00,23405.3,23415.4,23402.7,23414.3,1106187
1774427940,2026-03-25T14:09:00,23414.25,23416.9,23404.55,23406.3,3269807
1774428000,2026-03-25T14:10:00,23406.7,23418.7,23406.4,23416.85,944605
1774428060,2026-03-25T14:11:00,23416.25,23416.5,23405.3,23405.6,746935
1774428120,2026-03-25T14:12:00,23405.45,23410.25,23396.75,23398.3,1109522
1774428180,2026-03-25T14:13:00,23398.1,23398.75,23387.45,23388.45,1189772
1774428240,2026-03-25T14:14:00,23389.55,23392.55,23388.25,23390.75,913601
1774428300,2026-03-25T14:15:00,23390.3,23403.95,23385.95,23403.35,1104757
1774428360,2026-03-25T14:16:00,23403.25,23403.25,23395.05,23398.2,851648
1774428420,2026-03-25T14:17:00,23397.8,23401.8,23388.95,23392.0,838923
1774428480,2026-03-25T14:18:00,23391.95,23393.25,23376.45,23378.6,1265499
1774428540,2026-03-25T14:19:00,23379.35,23383.45,23375.45,23375.75,1255442
1774428600,2026-03-25T14:20:00,23375.8,23384.05,23373.9,23384.05,1137998
1774428660,2026-03-25T14:21:00,23383.75,23385.65,23363.3,23363.85,1378595
1774428720,2026-03-25T14:22:00,23365.1,23365.95,23347.05,23347.05,1778232
1774428780,2026-03-25T14:23:00,23347.1,23349.05,23331.8,23332.0,1588640
1774428840,2026-03-25T14:24:00,23331.25,23331.85,23316.8,23321.4,1927990
1774428900,2026-03-25T14:25:00,23321.2,23332.6,23314.35,23331.7,1661984
1774428960,2026-03-25T14:26:00,23332.0,23340.85,23323.2,23328.6,1283729
1774429020,2026-03-25T14:27:00,23328.65,23334.5,23320.9,23329.95,1358158
1774429080,2026-03-25T14:28:00,23330.25,23338.35,23325.45,23337.3,1090156
1774429140,2026-03-25T14:29:00,23337.4,23339.1,23328.55,23337.25,1074824
1774429200,2026-03-25T14:30:00,23337.35,23337.35,23304.5,23316.05,1738651
1774429260,2026-03-25T14:31:00,23315.7,23333.35,23314.9,23327.9,1184539
1774429320,2026-03-25T14:32:00,23327.5,23334.7,23326.35,23332.7,1007753
1774429380,2026-03-25T14:33:00,23332.3,23353.85,23329.65,23346.55,1654929
1774429440,2026-03-25T14:34:00,23345.85,23346.75,23335.65,23338.0,812684
1774429500,2026-03-25T14:35:00,23338.8,23348.55,23335.4,23345.85,1397658
1774429560,2026-03-25T14:36:00,23346.5,23347.15,23337.5,23341.55,856760
1774429620,2026-03-25T14:37:00,23339.65,23340.8,23331.6,23337.05,968123
1774429680,2026-03-25T14:38:00,23338.0,23340.15,23321.3,23333.8,1336915
1774429740,2026-03-25T14:39:00,23334.75,23339.8,23332.4,23337.6,1863694
1774429800,2026-03-25T14:40:00,23337.45,23357.1,23336.7,23353.1,1148740
1774429860,2026-03-25T14:41:00,23354.55,23356.8,23344.1,23350.25,867576
1774429920,2026-03-25T14:42:00,23350.2,23367.45,23349.8,23362.75,1104278
1774429980,2026-03-25T14:43:00,23363.3,23368.05,23357.55,23361.8,857251
1774430040,2026-03-25T14:44:00,23363.95,23363.95,23350.8,23357.35,1104721
1774430100,2026-03-25T14:45:00,23357.1,23367.65,23357.1,23363.9,939659
1774430160,2026-03-25T14:46:00,23364.8,23365.7,23346.3,23350.8,957306
1774430220,2026-03-25T14:47:00,23350.65,23352.45,23336.1,23344.5,1022722
1774430280,2026-03-25T14:48:00,23344.2,23345.05,23331.45,23337.35,897178
1774430340,2026-03-25T14:49:00,23336.2,23356.5,23335.9,23344.7,1316593
1774430400,2026-03-25T14:50:00,23345.1,23350.25,23337.95,23337.95,1240122
1774430460,2026-03-25T14:51:00,23338.5,23345.8,23337.15,23344.95,1215605
1774430520,2026-03-25T14:52:00,23345.1,23345.1,23339.45,23340.15,1225169
1774430580,2026-03-25T14:53:00,23340.1,23341.8,23325.45,23326.25,1401460
1774430640,2026-03-25T14:54:00,23326.45,23331.55,23319.1,23325.05,1452359
1774430700,2026-03-25T14:55:00,23325.8,23328.85,23322.7,23323.6,1180182
1774430760,2026-03-25T14:56:00,23324.5,23331.1,23323.1,23325.0,1447407
1774430820,2026-03-25T14:57:00,23325.85,23335.0,23318.5,23322.7,1364028
1774430880,2026-03-25T14:58:00,23322.7,23334.05,23321.65,23326.75,1353385
1774430940,2026-03-25T14:59:00,23326.45,23335.25,23323.2,23334.85,1486325
1774431000,2026-03-25T15:00:00,23332.5,23332.5,23299.65,23312.2,2869231
1774431060,2026-03-25T15:01:00,23312.4,23316.35,23284.1,23292.4,6384855
1774431120,2026-03-25T15:02:00,23292.35,23343.4,23291.65,23342.9,6003726
1774431180,2026-03-25T15:03:00,23344.3,23357.45,23335.1,23343.35,3808358
1774431240,2026-03-25T15:04:00,23344.45,23344.45,23327.9,23330.0,2606944
1774431300,2026-03-25T15:05:00,23330.05,23330.05,23313.65,23322.55,3059290
1774431360,2026-03-25T15:06:00,23325.0,23325.0,23296.65,23301.75,4345832
1774431420,2026-03-25T15:07:00,23301.75,23318.15,23301.75,23314.75,2204424
1774431480,2026-03-25T15:08:00,23315.5,23323.8,23312.9,23317.3,2063592
1774431540,2026-03-25T15:09:00,23318.0,23324.5,23316.4,23321.65,2327058
1774431600,2026-03-25T15:10:00,23321.6,23321.6,23299.45,23301.45,4254833
1774431660,2026-03-25T15:11:00,23302.4,23325.4,23300.5,23313.7,4815879
1774431720,2026-03-25T15:12:00,23313.15,23324.05,23310.0,23312.2,3140461
1774431780,2026-03-25T15:13:00,23313.45,23313.45,23303.8,23303.8,2840410
1774431840,2026-03-25T15:14:00,23305.6,23306.5,23300.05,23300.65,2954002
1774431900,2026-03-25T15:15:00,23302.95,23305.85,23297.2,23304.15,2574189
1774431960,2026-03-25T15:16:00,23305.75,23306.3,23297.7,23301.8,2265313
1774432020,2026-03-25T15:17:00,23301.45,23311.4,23300.85,23307.2,2445641
1774432080,2026-03-25T15:18:00,23307.05,23308.05,23292.95,23294.85,3018833
1774432140,2026-03-25T15:19:00,23294.0,23294.05,23274.6,23274.6,3338405
1774432200,2026-03-25T15:20:00,23277.85,23279.3,23273.95,23278.85,3288351
1774432260,2026-03-25T15:21:00,23279.4,23291.1,23277.65,23289.0,3068584
1774432320,2026-03-25T15:22:00,23289.95,23290.1,23285.45,23288.55,3015194
1774432380,2026-03-25T15:23:00,23289.65,23295.05,23287.35,23292.25,3393093
1774432440,2026-03-25T15:24:00,23292.95,23296.6,23286.85,23296.6,3043098
1774432500,2026-03-25T15:25:00,23296.2,23297.85,23288.7,23290.75,3443296
1774432560,2026-03-25T15:26:00,23289.7,23296.1,23287.65,23293.95,2224873
1774432620,2026-03-25T15:27:00,23295.3,23301.0,23293.95,23295.05,2460744
1774432680,2026-03-25T15:28:00,23296.2,23299.05,23293.6,23295.45,1860552
1774432740,2026-03-25T15:29:00,23296.0,23309.0,23292.9,23309.0,2319005
1774583100,2026-03-27T09:15:00,23173.55,23186.1,23066.05,23071.35,9612188
1774583160,2026-03-27T09:16:00,23070.45,23088.25,23044.05,23083.95,5813501
1774583220,2026-03-27T09:17:00,23082.35,23086.25,23063.35,23064.3,3859073
1774583280,2026-03-27T09:18:00,23064.05,23064.05,23033.6,23034.9,3156133
1774583340,2026-03-27T09:19:00,23034.05,23046.25,23029.4,23041.8,2482122
1774583400,2026-03-27T09:20:00,23039.95,23054.3,23025.5,23038.4,3276595
1774583460,2026-03-27T09:21:00,23039.45,23085.8,23035.85,23082.1,3583750
1774583520,2026-03-27T09:22:00,23082.5,23093.85,23073.5,23078.2,2491894
1774583580,2026-03-27T09:23:00,23078.95,23098.85,23077.05,23098.85,2191158
1774583640,2026-03-27T09:24:00,23096.5,23101.15,23069.7,23075.1,2276709
1774583700,2026-03-27T09:25:00,23072.7,23079.1,23064.45,23078.1,2076693
1774583760,2026-03-27T09:26:00,23078.8,23087.95,23069.95,23075.15,2225410
1774583820,2026-03-27T09:27:00,23076.9,23081.4,23071.35,23072.35,1919319
1774583880,2026-03-27T09:28:00,23070.8,23075.6,23060.8,23064.0,2239783
1774583940,2026-03-27T09:29:00,23063.5,23064.05,23054.55,23056.8,1564433
1774584000,2026-03-27T09:30:00,23056.55,23056.55,23028.35,23033.5,2030269
1774584060,2026-03-27T09:31:00,23033.3,23048.25,23033.3,23046.2,1702172
1774584120,2026-03-27T09:32:00,23048.35,23063.85,23048.35,23055.15,1548153
1774584180,2026-03-27T09:33:00,23055.7,23055.7,23035.45,23035.45,2167818
1774584240,2026-03-27T09:34:00,23033.65,23038.05,23016.85,23018.35,1680424
1774584300,2026-03-27T09:35:00,23018.1,23021.1,23012.3,23014.45,1401156
1774584360,2026-03-27T09:36:00,23013.9,23021.25,23010.5,23016.85,1323403
1774584420,2026-03-27T09:37:00,23016.5,23020.7,23004.95,23007.65,1210608
1774584480,2026-03-27T09:38:00,23006.4,23009.95,23004.0,23005.65,1003609
1774584540,2026-03-27T09:39:00,23006.3,23024.15,23000.85,23024.15,1108104
1774584600,2026-03-27T09:40:00,23024.3,23038.65,23022.35,23028.7,1353873
1774584660,2026-03-27T09:41:00,23028.3,23037.35,23027.0,23032.3,1002962
1774584720,2026-03-27T09:42:00,23031.45,23042.85,23027.95,23041.45,991000
1774584780,2026-03-27T09:43:00,23039.85,23055.55,23039.85,23054.15,1491410
1774584840,2026-03-27T09:44:00,23053.7,23055.75,23048.65,23053.55,1144866
1774584900,2026-03-27T09:45:00,23053.1,23054.6,23035.8,23037.15,1360918
1774584960,2026-03-27T09:46:00,23036.65,23038.55,23029.5,23031.65,934983
1774585020,2026-03-27T09:47:00,23032.5,23038.35,23024.85,23038.35,1462339
1774585080,2026-03-27T09:48:00,23038.25,23048.5,23033.75,23044.4,1159343
1774585140,2026-03-27T09:49:00,23044.95,23049.45,23037.55,23039.25,1089890
1774585200,2026-03-27T09:50:00,23038.65,23039.2,23031.65,23038.75,989792
1774585260,2026-03-27T09:51:00,23037.95,23040.1,23024.1,23033.75,2495775
1774585320,2026-03-27T09:52:00,23033.65,23038.15,23021.7,23028.2,2572310
1774585380,2026-03-27T09:53:00,23027.05,23029.8,23019.45,23023.75,905929
1774585440,2026-03-27T09:54:00,23022.9,23024.45,23014.3,23015.35,1115148
1774585500,2026-03-27T09:55:00,23014.3,23017.3,23006.1,23007.45,998915
1774585560,2026-03-27T09:56:00,23007.45,23008.65,22998.15,22998.75,1092928
1774585620,2026-03-27T09:57:00,22999.35,22999.65,22989.15,22990.55,1620808
1774585680,2026-03-27T09:58:00,22990.0,22990.15,22978.45,22980.5,1277984
1774585740,2026-03-27T09:59:00,22980.5,22995.8,22980.45,22992.25,1259624
1774585800,2026-03-27T10:00:00,22991.45,23003.65,22988.8,23001.35,1682608
1774585860,2026-03-27T10:01:00,23000.75,23004.9,22993.1,23004.1,1041561
1774585920,2026-03-27T10:02:00,23003.7,23010.85,23003.4,23010.85,1063133
1774585980,2026-03-27T10:03:00,23010.05,23034.95,23010.05,23020.35,1508259
1774586040,2026-03-27T10:04:00,23019.5,23026.0,23016.7,23024.85,849318
1774586100,2026-03-27T10:05:00,23024.35,23024.35,23011.3,23011.7,996630
1774586160,2026-03-27T10:06:00,23011.85,23016.4,23003.45,23004.4,1196300
1774586220,2026-03-27T10:07:00,23004.05,23010.05,22998.35,23009.0,1439891
1774586280,2026-03-27T10:08:00,23008.7,23009.4,23001.35,23001.85,1271556
1774586340,2026-03-27T10:09:00,23003.4,23022.4,23003.4,23015.6,1576469
1774586400,2026-03-27T10:10:00,23015.5,23015.5,23003.7,23004.25,921132
1774586460,2026-03-27T10:11:00,23004.15,23004.6,22994.55,22994.55,713153
1774586520,2026-03-27T10:12:00,22993.8,22997.8,22991.85,22993.65,805928
1774586580,2026-03-27T10:13:00,22993.95,22993.95,22981.0,22983.3,921360
1774586640,2026-03-27T10:14:00,22985.7,22985.95,22977.25,22980.5,1057288
1774586700,2026-03-27T10:15:00,22980.9,22986.4,22977.2,22981.2,1200976
1774586760,2026-03-27T10:16:00,22981.6,22985.5,22973.5,22982.65,1094924
1774586820,2026-03-27T10:17:00,22982.35,22985.9,22978.95,22980.35,760250
1774586880,2026-03-27T10:18:00,22979.6,22981.4,22974.7,22974.7,1057046
1774586940,2026-03-27T10:19:00,22975.25,22979.3,22971.75,22973.35,1032915
1774587000,2026-03-27T10:20:00,22973.35,22978.6,22967.3,22978.45,840887
1774587060,2026-03-27T10:21:00,22978.0,22996.6,22978.0,22981.6,1308051
1774587120,2026-03-27T10:22:00,22983.25,22990.25,22979.2,22989.6,1116236
1774587180,2026-03-27T10:23:00,22990.0,22996.55,22988.8,22996.0,777676
1774587240,2026-03-27T10:24:00,22998.3,23011.25,22997.55,23007.9,1249170
1774587300,2026-03-27T10:25:00,23007.65,23013.15,23004.35,23012.75,776407
1774587360,2026-03-27T10:26:00,23013.5,23014.05,22997.45,22997.45,1188603
1774587420,2026-03-27T10:27:00,22997.1,22999.05,22991.35,22997.4,1223526
1774587480,2026-03-27T10:28:00,22997.85,23002.55,22995.95,23001.8,796597
1774587540,2026-03-27T10:29:00,23003.5,23008.05,22998.8,23006.75,637209
1774587600,2026-03-27T10:30:00,23006.55,23019.85,23004.65,23019.6,965636
1774587660,2026-03-27T10:31:00,23019.65,23034.3,23017.9,23034.05,1346352
1774587720,2026-03-27T10:32:00,23034.5,23038.65,23023.8,23023.8,1241105
1774587780,2026-03-27T10:33:00,23024.5,23025.65,23009.45,23011.3,1136003
1774587840,2026-03-27T10:34:00,23010.35,23010.35,23002.9,23009.4,1239807
1774587900,2026-03-27T10:35:00,23009.6,23011.6,23003.95,23011.6,706900
1774587960,2026-03-27T10:36:00,23011.6,23015.0,22997.7,22997.7,1199594
1774588020,2026-03-27T10:37:00,23000.2,23004.3,22996.2,23001.1,925721
1774588080,2026-03-27T10:38:00,23002.15,23019.45,22999.1,23018.85,860961
1774588140,2026-03-27T10:39:00,23018.7,23020.4,23013.55,23018.7,670741
1774588200,2026-03-27T10:40:00,23018.4,23018.4,23002.6,23004.55,758613
1774588260,2026-03-27T10:41:00,23003.95,23003.95,22990.8,22990.8,885275
1774588320,2026-03-27T10:42:00,22990.05,23004.15,22987.1,23003.8,878873
1774588380,2026-03-27T10:43:00,23003.05,23009.5,22996.85,23000.2,1116028
1774588440,2026-03-27T10:44:00,23000.05,23000.65,22987.0,22989.15,819894
1774588500,2026-03-27T10:45:00,22988.35,22988.35,22977.2,22978.95,721444
1774588560,2026-03-27T10:46:00,22980.3,22982.3,22973.05,22973.05,1178349
1774588620,2026-03-27T10:47:00,22974.8,22980.55,22973.0,22979.55,1008654
1774588680,2026-03-27T10:48:00,22979.25,22989.3,22976.95,22988.55,811412
1774588740,2026-03-27T10:49:00,22988.85,22989.4,22976.1,22977.9,768854
1774588800,2026-03-27T10:50:00,22977.7,22979.65,22972.35,22972.35,729110
1774588860,2026-03-27T10:51:00,22974.0,22976.45,22966.9,22968.95,1880752
1774588920,2026-03-27T10:52:00,22968.2,22975.3,22964.9,22972.3,938823
1774588980,2026-03-27T10:53:00,22971.2,22974.15,22961.4,22963.0,968775
1774589040,2026-03-27T10:54:00,22963.7,22963.9,22948.5,22952.1,1062634
1774589100,2026-03-27T10:55:00,22952.25,22965.0,22948.1,22963.35,1240835
1774589160,2026-03-27T10:56:00,22962.95,22969.6,22961.4,22968.1,935013
1774589220,2026-03-27T10:57:00,22968.8,22969.55,22956.1,22963.7,875480
1774589280,2026-03-27T10:58:00,22964.8,22977.8,22964.3,22976.1,1173015
1774589340,2026-03-27T10:59:00,22975.9,22975.9,22969.15,22973.5,974816
1774589400,2026-03-27T11:00:00,22973.4,22989.75,22969.75,22988.95,1123954
1774589460,2026-03-27T11:01:00,22988.1,22997.7,22983.2,22994.35,1308701
1774589520,2026-03-27T11:02:00,22994.15,22997.25,22989.3,22990.3,1676115
1774589580,2026-03-27T11:03:00,22989.5,22989.5,22967.1,22972.9,955556
1774589640,2026-03-27T11:04:00,22973.6,22980.5,22972.05,22979.15,913844
1774589700,2026-03-27T11:05:00,22979.25,22979.8,22972.7,22977.2,817692
1774589760,2026-03-27T11:06:00,22979.75,22982.1,22975.95,22979.6,839693
1774589820,2026-03-27T11:07:00,22980.0,22988.05,22979.0,22982.85,691669
1774589880,2026-03-27T11:08:00,22982.4,22986.7,22978.35,22979.9,958185
1774589940,2026-03-27T11:09:00,22980.0,22992.85,22977.85,22989.35,953167
1774590000,2026-03-27T11:10:00,22990.5,23001.15,22988.95,22989.45,1435205
1774590060,2026-03-27T11:11:00,22986.35,22991.35,22985.0,22986.45,1244361
1774590120,2026-03-27T11:12:00,22986.55,22986.55,22976.8,22983.1,608910
1774590180,2026-03-27T11:13:00,22983.85,22990.45,22980.7,22988.85,858344
1774590240,2026-03-27T11:14:00,22989.75,22991.9,22983.6,22990.45,850232
1774590300,2026-03-27T11:15:00,22990.9,22992.35,22985.1,22991.4,955242
1774590360,2026-03-27T11:16:00,22991.3,22992.7,22988.4,22988.75,663013
1774590420,2026-03-27T11:17:00,22988.7,22988.8,22984.1,22986.45,712776
1774590480,2026-03-27T11:18:00,22985.35,22988.1,22967.1,22968.2,1213848
1774590540,2026-03-27T11:19:00,22968.45,22968.45,22956.25,22960.15,1445894
1774590600,2026-03-27T11:20:00,22959.7,22964.0,22954.2,22962.1,1336400
1774590660,2026-03-27T11:21:00,22962.45,22962.7,22956.55,22958.6,692272
1774590720,2026-03-27T11:22:00,22957.7,22960.2,22953.65,22956.75,1186013
1774590780,2026-03-27T11:23:00,22956.85,22959.0,22950.2,22950.2,1315602
1774590840,2026-03-27T11:24:00,22952.1,22955.0,22946.7,22947.35,869613
1774590900,2026-03-27T11:25:00,22948.8,22949.5,22942.0,22945.45,1033881
1774590960,2026-03-27T11:26:00,22945.4,22952.25,22941.55,22951.85,935057
1774591020,2026-03-27T11:27:00,22951.25,22961.8,22949.4,22949.6,846477
1774591080,2026-03-27T11:28:00,22950.45,22950.45,22931.9,22935.45,1441151
1774591140,2026-03-27T11:29:00,22933.9,22936.45,22927.3,22934.5,1086970
1774591200,2026-03-27T11:30:00,22935.3,22938.25,22931.0,22937.65,1312392
1774591260,2026-03-27T11:31:00,22936.75,22940.1,22934.6,22935.55,1174605
1774591320,2026-03-27T11:32:00,22935.5,22938.8,22929.3,22938.25,1469482
1774591380,2026-03-27T11:33:00,22938.05,22952.15,22937.3,22948.9,1134685
1774591440,2026-03-27T11:34:00,22949.05,22949.7,22935.5,22938.95,862732
1774591500,2026-03-27T11:35:00,22939.7,22948.7,22939.7,22940.25,1258606
1774591560,2026-03-27T11:36:00,22939.2,22947.9,22936.25,22943.75,1091193
1774591620,2026-03-27T11:37:00,22943.35,22953.1,22942.7,22946.1,1024084
1774591680,2026-03-27T11:38:00,22945.7,22945.75,22934.8,22945.35,970535
1774591740,2026-03-27T11:39:00,22945.55,22957.0,22945.45,22950.45,859315
1774591800,2026-03-27T11:40:00,22951.4,22956.1,22948.85,22956.1,729503
1774591860,2026-03-27T11:41:00,22955.3,22957.3,22949.65,22949.9,1296187
1774591920,2026-03-27T11:42:00,22950.75,22951.0,22937.85,22939.3,1122805
1774591980,2026-03-27T11:43:00,22939.6,22939.6,22933.1,22935.65,781777
1774592040,2026-03-27T11:44:00,22938.1,22951.2,22936.75,22950.55,809104
1774592100,2026-03-27T11:45:00,22950.8,22951.1,22947.05,22948.45,741150
1774592160,2026-03-27T11:46:00,22946.95,22957.45,22944.4,22953.6,918454
1774592220,2026-03-27T11:47:00,22953.5,22953.5,22943.7,22945.35,772341
1774592280,2026-03-27T11:48:00,22945.1,22951.9,22943.45,22951.75,629547
1774592340,2026-03-27T11:49:00,22951.5,22951.8,22945.15,22949.25,787440
1774592400,2026-03-27T11:50:00,22949.05,22951.85,22946.45,22950.85,674876
1774592460,2026-03-27T11:51:00,22953.4,22954.55,22949.95,22950.8,619286
1774592520,2026-03-27T11:52:00,22950.65,22952.3,22947.5,22949.0,679440
1774592580,2026-03-27T11:53:00,22949.9,22961.8,22947.3,22960.55,1218904
1774592640,2026-03-27T11:54:00,22959.9,22960.1,22952.55,22958.3,1434894
1774592700,2026-03-27T11:55:00,22958.1,22958.5,22950.3,22954.95,766454
1774592760,2026-03-27T11:56:00,22953.1,22957.5,22938.8,22944.6,1321657
1774592820,2026-03-27T11:57:00,22944.85,22946.35,22942.9,22944.1,1280287
1774592880,2026-03-27T11:58:00,22943.3,22945.5,22939.1,22941.2,830349
1774592940,2026-03-27T11:59:00,22941.85,22951.4,22939.65,22946.65,716589
1774593000,2026-03-27T12:00:00,22946.0,22946.0,22930.65,22936.95,1142434
1774593060,2026-03-27T12:01:00,22936.15,22937.6,22930.3,22930.8,906654
1774593120,2026-03-27T12:02:00,22929.95,22929.95,22917.2,22923.85,1173282
1774593180,2026-03-27T12:03:00,22922.7,22937.35,22921.3,22935.85,866965
1774593240,2026-03-27T12:04:00,22935.05,22942.45,22934.5,22936.85,679998
1774593300,2026-03-27T12:05:00,22936.4,22938.95,22934.05,22936.7,862368
1774593360,2026-03-27T12:06:00,22936.6,22937.85,22933.35,22937.2,709280
1774593420,2026-03-27T12:07:00,22937.85,22944.75,22932.4,22944.65,876613
1774593480,2026-03-27T12:08:00,22944.45,22954.25,22943.45,22944.15,1469741
1774593540,2026-03-27T12:09:00,22944.9,22945.3,22939.25,22939.35,823477
1774593600,2026-03-27T12:10:00,22938.3,22938.55,22931.65,22933.4,890193
1774593660,2026-03-27T12:11:00,22934.55,22934.55,22924.5,22927.25,920250
1774593720,2026-03-27T12:12:00,22927.1,22940.0,22927.05,22938.2,1229562
1774593780,2026-03-27T12:13:00,22937.2,22940.0,22933.05,22936.1,756536
1774593840,2026-03-27T12:14:00,22935.4,22936.15,22932.55,22934.35,723278
1774593900,2026-03-27T12:15:00,22932.95,22934.9,22927.2,22933.8,1016803
1774593960,2026-03-27T12:16:00,22932.85,22933.0,22923.0,22923.0,1052440
1774594020,2026-03-27T12:17:00,22924.05,22924.05,22916.45,22922.55,1472551
1774594080,2026-03-27T12:18:00,22922.85,22923.55,22908.25,22911.4,1028864
1774594140,2026-03-27T12:19:00,22911.3,22915.0,22905.95,22909.2,778804
1774594200,2026-03-27T12:20:00,22908.95,22911.45,22905.6,22908.65,950696
1774594260,2026-03-27T12:21:00,22908.0,22930.9,22908.0,22930.75,1085941
1774594320,2026-03-27T12:22:00,22931.85,22931.85,22924.5,22929.65,883370
1774594380,2026-03-27T12:23:00,22929.75,22933.2,22926.15,22927.4,746542
1774594440,2026-03-27T12:24:00,22927.0,22932.9,22925.85,22932.3,625166
1774594500,2026-03-27T12:25:00,22932.8,22934.6,22924.05,22934.5,1279374
1774594560,2026-03-27T12:26:00,22935.55,22953.55,22935.55,22951.7,1183515
1774594620,2026-03-27T12:27:00,22951.5,22961.9,22950.15,22961.2,1115651
1774594680,2026-03-27T12:28:00,22962.35,22962.35,22954.05,22954.3,812242
1774594740,2026-03-27T12:29:00,22954.0,22964.25,22951.15,22962.3,1131773
1774594800,2026-03-27T12:30:00,22962.8,22963.8,22949.15,22949.15,945555
1774594860,2026-03-27T12:31:00,22949.55,22950.4,22944.35,22946.35,703089
1774594920,2026-03-27T12:32:00,22946.85,22946.85,22930.65,22940.25,968905
1774594980,2026-03-27T12:33:00,22940.4,22954.5,22940.4,22953.15,1135584
1774595040,2026-03-27T12:34:00,22953.4,22959.55,22952.8,22958.0,677115
1774595100,2026-03-27T12:35:00,22957.75,22966.9,22955.0,22966.05,993372
1774595160,2026-03-27T12:36:00,22966.45,22967.55,22954.8,22956.5,841130
1774595220,2026-03-27T12:37:00,22959.0,22962.7,22957.3,22957.65,691473
1774595280,2026-03-27T12:38:00,22958.05,22958.65,22950.65,22952.5,978744
1774595340,2026-03-27T12:39:00,22953.15,22956.8,22951.3,22954.85,835378
1774595400,2026-03-27T12:40:00,22954.95,22957.2,22944.2,22945.25,836967
1774595460,2026-03-27T12:41:00,22945.45,22945.85,22938.95,22945.1,797925
1774595520,2026-03-27T12:42:00,22946.3,22961.8,22945.1,22961.15,917330
1774595580,2026-03-27T12:43:00,22962.25,22963.8,22953.35,22954.15,985073
1774595640,2026-03-27T12:44:00,22954.6,22965.55,22952.4,22964.7,1046215
1774595700,2026-03-27T12:45:00,22965.0,22966.45,22949.8,22953.7,1011822
1774595760,2026-03-27T12:46:00,22954.65,22956.6,22944.4,22950.25,1236092
1774595820,2026-03-27T12:47:00,22949.15,22956.05,22944.8,22955.85,1072791
1774595880,2026-03-27T12:48:00,22956.6,22959.95,22955.15,22955.75,819247
1774595940,2026-03-27T12:49:00,22955.55,22958.95,22954.75,22956.8,969880
1774596000,2026-03-27T12:50:00,22957.95,22973.2,22956.25,22972.35,1116839
1774596060,2026-03-27T12:51:00,22972.15,22972.4,22953.55,22959.8,878730
1774596120,2026-03-27T12:52:00,22959.5,22960.95,22947.9,22947.9,1206630
1774596180,2026-03-27T12:53:00,22948.95,22953.95,22939.9,22953.2,909788
1774596240,2026-03-27T12:54:00,22954.15,22961.55,22951.1,22956.35,697736
1774596300,2026-03-27T12:55:00,22956.55,22957.3,22953.25,22953.6,706863
1774596360,2026-03-27T12:56:00,22953.45,22958.2,22951.5,22957.9,712088
1774596420,2026-03-27T12:57:00,22958.85,22961.3,22952.8,22955.35,949210
1774596480,2026-03-27T12:58:00,22955.55,22957.15,22942.2,22943.75,959303
1774596540,2026-03-27T12:59:00,22945.05,22948.75,22942.7,22945.65,1053072
1774596600,2026-03-27T13:00:00,22945.05,22952.6,22943.25,22944.85,1231967
1774596660,2026-03-27T13:01:00,22945.25,22947.15,22939.6,22941.7,948756
1774596720,2026-03-27T13:02:00,22942.0,22942.9,22938.3,22940.95,738320
1774596780,2026-03-27T13:03:00,22941.65,22941.65,22929.5,22933.55,959283
1774596840,2026-03-27T13:04:00,22933.3,22933.3,22925.85,22926.6,755136
1774596900,2026-03-27T13:05:00,22926.2,22931.1,22925.45,22929.4,889366
1774596960,2026-03-27T13:06:00,22930.25,22932.2,22929.15,22931.2,723406
1774597020,2026-03-27T13:07:00,22931.0,22935.9,22927.25,22929.95,729694
1774597080,2026-03-27T13:08:00,22929.55,22934.25,22928.25,22932.95,765146
1774597140,2026-03-27T13:09:00,22932.5,22933.7,22925.3,22926.4,895953
1774597200,2026-03-27T13:10:00,22926.6,22931.6,22922.45,22922.45,1047101
1774597260,2026-03-27T13:11:00,22920.55,22923.6,22920.0,22921.45,735252
1774597320,2026-03-27T13:12:00,22920.85,22933.05,22920.05,22930.15,743067
1774597380,2026-03-27T13:13:00,22930.9,22933.65,22926.95,22932.95,944055
1774597440,2026-03-27T13:14:00,22934.45,22944.85,22933.85,22943.65,1414825
1774597500,2026-03-27T13:15:00,22943.15,22948.05,22939.7,22946.3,1071135
1774597560,2026-03-27T13:16:00,22947.1,22964.15,22946.45,22964.15,828965
1774597620,2026-03-27T13:17:00,22963.5,22992.95,22962.8,22985.6,1718578
1774597680,2026-03-27T13:18:00,22984.25,22985.05,22968.1,22971.4,1203441
1774597740,2026-03-27T13:19:00,22970.45,22974.45,22969.1,22972.75,695372
1774597800,2026-03-27T13:20:00,22970.9,22971.0,22960.05,22961.3,703541
1774597860,2026-03-27T13:21:00,22961.6,22962.6,22952.45,22952.45,904385
1774597920,2026-03-27T13:22:00,22954.1,22956.45,22945.05,22955.95,891052
1774597980,2026-03-27T13:23:00,22955.8,22966.1,22954.65,22965.25,1072978
1774598040,2026-03-27T13:24:00,22965.55,22965.8,22960.3,22960.3,851365
1774598100,2026-03-27T13:25:00,22961.65,22970.1,22961.6,22969.5,754599
1774598160,2026-03-27T13:26:00,22968.85,22977.25,22968.85,22970.1,829960
1774598220,2026-03-27T13:27:00,22970.4,22971.7,22956.15,22956.3,721008
1774598280,2026-03-27T13:28:00,22957.1,22957.2,22945.25,22945.7,1048904
1774598340,2026-03-27T13:29:00,22945.5,22946.05,22935.75,22936.4,1032377
1774598400,2026-03-27T13:30:00,22935.8,22935.8,22922.8,22930.9,913035
1774598460,2026-03-27T13:31:00,22931.65,22937.2,22927.9,22932.4,885777
1774598520,2026-03-27T13:32:00,22933.15,22936.05,22920.75,22920.75,865846
1774598580,2026-03-27T13:33:00,22922.95,22927.8,22918.35,22927.4,750334
1774598640,2026-03-27T13:34:00,22927.95,22929.45,22920.85,22922.6,770730
1774598700,2026-03-27T13:35:00,22922.9,22922.9,22912.1,22915.9,989637
1774598760,2026-03-27T13:36:00,22915.85,22931.9,22914.15,22931.6,824289
1774598820,2026-03-27T13:37:00,22932.35,22934.15,22917.25,22917.4,792525
1774598880,2026-03-27T13:38:00,22918.65,22919.25,22912.45,22916.25,692707
1774598940,2026-03-27T13:39:00,22916.0,22917.3,22909.3,22912.35,688193
1774599000,2026-03-27T13:40:00,22911.85,22924.55,22909.45,22923.1,740014
1774599060,2026-03-27T13:41:00,22923.3,22930.7,22919.8,22927.35,749955
1774599120,2026-03-27T13:42:00,22927.0,22941.35,22924.15,22941.35,832923
1774599180,2026-03-27T13:43:00,22941.1,22949.15,22934.7,22934.7,822411
1774599240,2026-03-27T13:44:00,22935.2,22935.2,22924.6,22930.3,867590
1774599300,2026-03-27T13:45:00,22931.35,22937.9,22929.3,22936.2,913733
1774599360,2026-03-27T13:46:00,22936.0,22936.0,22929.3,22929.3,1004142
1774599420,2026-03-27T13:47:00,22930.05,22934.3,22926.3,22927.8,1332162
1774599480,2026-03-27T13:48:00,22928.45,22932.35,22925.3,22930.25,1004467
1774599540,2026-03-27T13:49:00,22930.8,22936.7,22920.75,22922.95,994537
1774599600,2026-03-27T13:50:00,22923.15,22929.9,22920.45,22928.15,1412463
1774599660,2026-03-27T13:51:00,22928.25,22945.3,22927.1,22942.6,1012115
1774599720,2026-03-27T13:52:00,22942.45,22944.6,22935.7,22936.75,918715
1774599780,2026-03-27T13:53:00,22937.15,22937.35,22927.6,22928.15,927478
1774599840,2026-03-27T13:54:00,22928.55,22930.5,22926.65,22928.55,678403
1774599900,2026-03-27T13:55:00,22929.6,22937.15,22922.55,22925.0,976538
1774599960,2026-03-27T13:56:00,22924.45,22929.45,22922.55,22928.25,869361
1774600020,2026-03-27T13:57:00,22928.6,22935.35,22927.75,22927.8,941369
1774600080,2026-03-27T13:58:00,22928.35,22933.55,22915.6,22915.8,1147940
1774600140,2026-03-27T13:59:00,22915.7,22928.0,22912.75,22922.85,1208129
1774600200,2026-03-27T14:00:00,22922.9,22924.6,22918.6,22919.4,840475
1774600260,2026-03-27T14:01:00,22919.5,22924.7,22918.7,22922.6,1207423
1774600320,2026-03-27T14:02:00,22924.55,22930.6,22923.25,22929.05,1060774
1774600380,2026-03-27T14:03:00,22928.85,22930.15,22920.05,22921.3,1448827
1774600440,2026-03-27T14:04:00,22921.3,22922.8,22916.2,22919.9,933863
1774600500,2026-03-27T14:05:00,22920.15,22925.0,22910.0,22910.0,1388363
1774600560,2026-03-27T14:06:00,22910.5,22912.15,22899.7,22903.55,2453011
1774600620,2026-03-27T14:07:00,22903.9,22908.75,22898.5,22903.25,1645117
1774600680,2026-03-27T14:08:00,22904.0,22904.5,22895.05,22899.0,1274717
1774600740,2026-03-27T14:09:00,22900.25,22909.2,22898.4,22908.55,963138
1774600800,2026-03-27T14:10:00,22909.7,22910.4,22898.1,22898.2,1527256
1774600860,2026-03-27T14:11:00,22899.9,22899.9,22884.5,22893.15,1231104
1774600920,2026-03-27T14:12:00,22894.5,22907.45,22894.5,22903.6,1176675
1774600980,2026-03-27T14:13:00,22904.2,22912.9,22902.0,22909.5,1867914
1774601040,2026-03-27T14:14:00,22909.45,22915.05,22908.25,22911.05,825444
1774601100,2026-03-27T14:15:00,22911.65,22917.1,22906.6,22915.5,1606106
1774601160,2026-03-27T14:16:00,22915.9,22916.1,22904.4,22907.45,1738209
1774601220,2026-03-27T14:17:00,22908.9,22910.05,22902.2,22903.15,1687839
1774601280,2026-03-27T14:18:00,22902.55,22911.65,22902.3,22905.9,1249401
1774601340,2026-03-27T14:19:00,22906.35,22906.35,22893.75,22895.5,1965355
1774601400,2026-03-27T14:20:00,22896.2,22905.35,22894.4,22900.5,1245129
1774601460,2026-03-27T14:21:00,22900.75,22900.85,22893.55,22893.85,1158783
1774601520,2026-03-27T14:22:00,22894.05,22896.1,22887.15,22888.15,1198833
1774601580,2026-03-27T14:23:00,22888.8,22892.3,22882.15,22891.75,1664900
1774601640,2026-03-27T14:24:00,22892.3,22893.65,22887.2,22888.55,857454
1774601700,2026-03-27T14:25:00,22891.25,22898.75,22887.6,22898.35,1089317
1774601760,2026-03-27T14:26:00,22898.05,22899.4,22878.05,22879.6,1654337
1774601820,2026-03-27T14:27:00,22879.5,22887.15,22872.1,22885.85,1514807
1774601880,2026-03-27T14:28:00,22886.65,22889.25,22881.85,22887.75,1167074
1774601940,2026-03-27T14:29:00,22887.75,22890.3,22885.15,22885.15,920060
1774602000,2026-03-27T14:30:00,22886.65,22886.95,22881.7,22883.05,1146854
1774602060,2026-03-27T14:31:00,22883.3,22886.0,22874.15,22874.15,1271920
1774602120,2026-03-27T14:32:00,22871.8,22878.85,22865.45,22874.65,2225860
1774602180,2026-03-27T14:33:00,22874.9,22876.65,22865.4,22866.05,1084228
1774602240,2026-03-27T14:34:00,22867.05,22867.05,22852.7,22856.7,1325947
1774602300,2026-03-27T14:35:00,22858.7,22868.2,22852.15,22859.45,1638662
1774602360,2026-03-27T14:36:00,22859.65,22864.95,22841.0,22845.0,1339448
1774602420,2026-03-27T14:37:00,22845.35,22850.15,22838.5,22849.3,1141877
1774602480,2026-03-27T14:38:00,22848.55,22855.15,22838.1,22838.95,1231938
1774602540,2026-03-27T14:39:00,22838.35,22841.5,22831.35,22837.0,1232534
1774602600,2026-03-27T14:40:00,22837.95,22841.3,22832.55,22834.4,1150779
1774602660,2026-03-27T14:41:00,22833.8,22850.9,22832.45,22843.25,1565232
1774602720,2026-03-27T14:42:00,22843.8,22863.1,22843.15,22860.85,1644965
1774602780,2026-03-27T14:43:00,22862.6,22867.4,22862.6,22866.3,1202447
1774602840,2026-03-27T14:44:00,22865.85,22866.3,22852.2,22852.6,1084563
1774602900,2026-03-27T14:45:00,22854.35,22859.55,22852.9,22859.55,1224692
1774602960,2026-03-27T14:46:00,22859.2,22864.15,22853.8,22857.05,2098625
1774603020,2026-03-27T14:47:00,22856.15,22856.7,22848.2,22850.75,1409971
1774603080,2026-03-27T14:48:00,22849.7,22859.5,22848.1,22856.0,1216913
1774603140,2026-03-27T14:49:00,22854.35,22858.6,22853.05,22855.2,1249070
1774603200,2026-03-27T14:50:00,22856.75,22858.05,22853.9,22857.9,1283490
1774603260,2026-03-27T14:51:00,22856.4,22866.1,22854.55,22863.15,1511125
1774603320,2026-03-27T14:52:00,22864.3,22869.2,22860.0,22862.05,1517940
1774603380,2026-03-27T14:53:00,22862.55,22865.4,22849.8,22849.8,1706419
1774603440,2026-03-27T14:54:00,22849.95,22856.45,22848.45,22856.45,1413639
1774603500,2026-03-27T14:55:00,22858.4,22863.75,22855.95,22863.75,1358872
1774603560,2026-03-27T14:56:00,22864.2,22865.2,22861.35,22863.5,1407588
1774603620,2026-03-27T14:57:00,22862.05,22862.05,22840.4,22848.35,2101129
1774603680,2026-03-27T14:58:00,22849.45,22853.45,22845.05,22848.0,1612055
1774603740,2026-03-27T14:59:00,22847.0,22853.4,22846.55,22846.55,1795039
1774603800,2026-03-27T15:00:00,22845.0,22845.0,22827.3,22830.9,9348913
1774603860,2026-03-27T15:01:00,22829.5,22831.4,22813.65,22827.8,7105346
1774603920,2026-03-27T15:02:00,22826.25,22843.95,22824.55,22836.9,6351554
1774603980,2026-03-27T15:03:00,22835.7,22835.7,22822.2,22823.45,5966497
1774604040,2026-03-27T15:04:00,22823.25,22832.65,22821.45,22831.3,6274978
1774604100,2026-03-27T15:05:00,22829.9,22830.9,22820.8,22822.2,6367517
1774604160,2026-03-27T15:06:00,22821.05,22830.9,22818.8,22828.65,6536272
1774604220,2026-03-27T15:07:00,22828.15,22828.15,22812.25,22815.7,6423495
1774604280,2026-03-27T15:08:00,22815.25,22821.8,22813.75,22820.1,6907043
1774604340,2026-03-27T15:09:00,22819.2,22821.6,22814.75,22819.8,6401203
1774604400,2026-03-27T15:10:00,22821.25,22833.25,22819.5,22827.35,7232299
1774604460,2026-03-27T15:11:00,22827.25,22830.0,22823.5,22829.5,6378487
1774604520,2026-03-27T15:12:00,22828.05,22828.45,22819.95,22820.0,7127652
1774604580,2026-03-27T15:13:00,22819.7,22822.1,22817.55,22817.7,6573909
1774604640,2026-03-27T15:14:00,22817.05,22818.2,22811.2,22814.4,6633118
1774604700,2026-03-27T15:15:00,22814.8,22818.45,22808.4,22812.45,7517686
1774604760,2026-03-27T15:16:00,22811.65,22811.95,22805.3,22810.65,6837558
1774604820,2026-03-27T15:17:00,22809.85,22816.3,22808.55,22813.25,6378837
1774604880,2026-03-27T15:18:00,22811.85,22814.0,22808.45,22812.55,6686430
1774604940,2026-03-27T15:19:00,22810.7,22820.35,22810.0,22820.35,6929944
1774605000,2026-03-27T15:20:00,22819.55,22821.3,22814.55,22819.0,7210525
1774605060,2026-03-27T15:21:00,22819.3,22820.25,22811.0,22813.0,7037253
1774605120,2026-03-27T15:22:00,22813.5,22814.8,22810.15,22813.5,5975874
1774605180,2026-03-27T15:23:00,22811.55,22815.75,22810.6,22812.55,6211146
1774605240,2026-03-27T15:24:00,22811.85,22817.65,22804.55,22815.85,7520795
1774605300,2026-03-27T15:25:00,22814.85,22820.95,22807.75,22812.35,7750499
1774605360,2026-03-27T15:26:00,22811.8,22817.5,22808.3,22817.5,6418902
1774605420,2026-03-27T15:27:00,22812.65,22819.25,22809.75,22817.65,6089088
1774605480,2026-03-27T15:28:00,22818.65,22829.6,22812.1,22825.1,3682716
1774605540,2026-03-27T15:29:00,22824.85,22839.5,22810.35,22839.5,1992296
1774842300,2026-03-30T09:15:00,22549.65,22618.05,22472.0,22487.95,13964600
1774842360,2026-03-30T09:16:00,22484.95,22510.55,22470.15,22476.75,7162418
1774842420,2026-03-30T09:17:00,22480.7,22525.5,22480.7,22517.75,7500230
1774842480,2026-03-30T09:18:00,22521.5,22540.05,22513.1,22518.95,6642155
1774842540,2026-03-30T09:19:00,22520.3,22527.25,22504.0,22522.45,4446926
1774842600,2026-03-30T09:20:00,22521.2,22524.5,22500.75,22508.2,4913382
1774842660,2026-03-30T09:21:00,22507.15,22516.25,22500.1,22511.6,3753590
1774842720,2026-03-30T09:22:00,22513.6,22551.4,22511.15,22529.0,3855784
1774842780,2026-03-30T09:23:00,22530.9,22547.35,22530.9,22540.5,3540105
1774842840,2026-03-30T09:24:00,22540.5,22550.35,22521.15,22529.3,3029071
1774842900,2026-03-30T09:25:00,22526.1,22538.95,22516.9,22532.8,3056913
1774842960,2026-03-30T09:26:00,22533.4,22553.55,22533.4,22542.95,2841617
1774843020,2026-03-30T09:27:00,22542.85,22547.55,22525.7,22528.8,3013149
1774843080,2026-03-30T09:28:00,22526.85,22553.6,22524.3,22552.65,2897839
1774843140,2026-03-30T09:29:00,22552.05,22590.4,22552.05,22580.75,2726298
1774843200,2026-03-30T09:30:00,22581.4,22601.8,22576.75,22577.8,2242263
1774843260,2026-03-30T09:31:00,22577.25,22619.1,22577.25,22618.75,2127560
1774843320,2026-03-30T09:32:00,22617.75,22635.1,22617.75,22626.15,2554632
1774843380,2026-03-30T09:33:00,22626.2,22635.95,22623.15,22630.4,2788570
1774843440,2026-03-30T09:34:00,22630.15,22685.55,22630.15,22683.6,4016756
1774843500,2026-03-30T09:35:00,22681.55,22681.55,22661.9,22668.0,2256791
1774843560,2026-03-30T09:36:00,22668.1,22714.1,22667.0,22713.15,2124726
1774843620,2026-03-30T09:37:00,22712.7,22713.3,22692.2,22705.95,1686167
1774843680,2026-03-30T09:38:00,22705.55,22706.5,22678.35,22682.3,2166013
1774843740,2026-03-30T09:39:00,22681.35,22685.25,22666.9,22677.4,1824080
1774843800,2026-03-30T09:40:00,22675.8,22688.55,22658.75,22682.6,2028434
1774843860,2026-03-30T09:41:00,22680.95,22703.7,22680.95,22693.1,1544816
1774843920,2026-03-30T09:42:00,22692.3,22695.85,22668.45,22670.8,1304861
1774843980,2026-03-30T09:43:00,22669.65,22683.95,22666.35,22666.5,1608055
1774844040,2026-03-30T09:44:00,22663.6,22665.05,22652.65,22659.25,1405131
1774844100,2026-03-30T09:45:00,22659.55,22685.75,22659.55,22678.25,1862360
1774844160,2026-03-30T09:46:00,22676.15,22690.0,22676.15,22681.8,1926974
1774844220,2026-03-30T09:47:00,22682.1,22688.55,22664.55,22666.5,1520242
1774844280,2026-03-30T09:48:00,22666.95,22668.0,22635.0,22637.5,2187267
1774844340,2026-03-30T09:49:00,22636.7,22642.95,22628.85,22630.45,1267369
1774844400,2026-03-30T09:50:00,22630.2,22632.0,22617.2,22624.75,1443211
1774844460,2026-03-30T09:51:00,22623.65,22665.3,22622.9,22654.8,1723941
1774844520,2026-03-30T09:52:00,22657.55,22664.0,22636.4,22637.9,1220951
1774844580,2026-03-30T09:53:00,22636.45,22645.7,22630.25,22632.85,1204541
1774844640,2026-03-30T09:54:00,22632.25,22636.6,22618.5,22618.5,995839
1774844700,2026-03-30T09:55:00,22617.95,22619.0,22605.2,22608.25,1437650
1774844760,2026-03-30T09:56:00,22607.3,22619.95,22607.3,22612.95,1006185
1774844820,2026-03-30T09:57:00,22612.05,22629.8,22611.2,22622.2,958029
1774844880,2026-03-30T09:58:00,22621.35,22622.65,22596.95,22601.95,1487292
1774844940,2026-03-30T09:59:00,22601.3,22617.55,22601.3,22615.3,1035505
1774845000,2026-03-30T10:00:00,22614.7,22616.15,22605.1,22605.5,1416644
1774845060,2026-03-30T10:01:00,22604.7,22619.0,22604.7,22616.35,1106812
1774845120,2026-03-30T10:02:00,22616.05,22639.35,22615.1,22639.35,1464720
1774845180,2026-03-30T10:03:00,22638.55,22665.5,22637.7,22662.2,1392309
1774845240,2026-03-30T10:04:00,22662.0,22662.0,22649.3,22651.2,1213453
1774845300,2026-03-30T10:05:00,22650.05,22650.05,22639.8,22640.2,1094702
1774845360,2026-03-30T10:06:00,22641.7,22642.75,22625.95,22627.0,1447093
1774845420,2026-03-30T10:07:00,22625.45,22626.55,22611.05,22612.65,1159388
1774845480,2026-03-30T10:08:00,22612.5,22613.2,22599.8,22605.8,1238381
1774845540,2026-03-30T10:09:00,22605.75,22608.2,22594.05,22601.6,1453815
1774845600,2026-03-30T10:10:00,22600.2,22600.2,22574.6,22582.65,1704413
1774845660,2026-03-30T10:11:00,22582.25,22585.85,22565.15,22565.15,1485191
1774845720,2026-03-30T10:12:00,22565.7,22577.95,22565.7,22570.5,1218507
1774845780,2026-03-30T10:13:00,22569.2,22573.7,22556.6,22570.8,1419580
1774845840,2026-03-30T10:14:00,22572.05,22596.75,22572.05,22596.75,1269061
1774845900,2026-03-30T10:15:00,22595.9,22603.95,22579.0,22579.0,879300
1774845960,2026-03-30T10:16:00,22578.15,22583.25,22572.5,22576.15,669936
1774846020,2026-03-30T10:17:00,22576.15,22576.7,22563.7,22564.0,1489925
1774846080,2026-03-30T10:18:00,22564.0,22564.7,22553.65,22554.8,1032483
1774846140,2026-03-30T10:19:00,22554.55,22560.05,22553.5,22556.3,1005678
1774846200,2026-03-30T10:20:00,22555.3,22558.8,22551.4,22553.3,1144513
1774846260,2026-03-30T10:21:00,22552.55,22562.95,22548.8,22559.55,1427603
1774846320,2026-03-30T10:22:00,22558.6,22564.55,22546.95,22548.35,1828267
1774846380,2026-03-30T10:23:00,22548.3,22554.4,22537.65,22542.0,1121883
1774846440,2026-03-30T10:24:00,22541.55,22550.9,22539.1,22544.35,1328892
1774846500,2026-03-30T10:25:00,22542.65,22555.9,22542.65,22555.9,915940
1774846560,2026-03-30T10:26:00,22554.15,22564.0,22549.85,22551.05,1172128
1774846620,2026-03-30T10:27:00,22549.8,22552.75,22542.05,22542.5,968544
1774846680,2026-03-30T10:28:00,22543.15,22546.9,22537.25,22540.85,1457691
1774846740,2026-03-30T10:29:00,22541.25,22542.65,22534.75,22534.75,1459646
1774846800,2026-03-30T10:30:00,22535.45,22540.25,22533.6,22536.85,835433
1774846860,2026-03-30T10:31:00,22535.7,22537.6,22531.6,22532.45,879581
1774846920,2026-03-30T10:32:00,22530.75,22531.6,22525.75,22525.9,1336912
1774846980,2026-03-30T10:33:00,22526.05,22526.8,22519.95,22521.4,1390342
1774847040,2026-03-30T10:34:00,22519.2,22530.85,22519.2,22529.15,1007475
1774847100,2026-03-30T10:35:00,22528.5,22542.7,22528.4,22537.3,1090325
1774847160,2026-03-30T10:36:00,22537.15,22543.75,22535.55,22538.2,734331
1774847220,2026-03-30T10:37:00,22537.8,22538.4,22526.25,22527.65,1270975
1774847280,2026-03-30T10:38:00,22527.6,22547.8,22527.0,22546.3,1704115
1774847340,2026-03-30T10:39:00,22545.35,22549.5,22537.4,22538.3,1172491
1774847400,2026-03-30T10:40:00,22538.85,22554.6,22536.45,22547.2,1097612
1774847460,2026-03-30T10:41:00,22546.2,22547.6,22523.7,22527.15,855245
1774847520,2026-03-30T10:42:00,22527.3,22531.6,22523.6,22526.75,825645
1774847580,2026-03-30T10:43:00,22526.75,22528.0,22512.25,22513.85,1037855
1774847640,2026-03-30T10:44:00,22514.2,22520.0,22513.0,22514.55,1049106
1774847700,2026-03-30T10:45:00,22513.3,22515.9,22510.65,22513.0,696257
1774847760,2026-03-30T10:46:00,22512.75,22523.7,22511.65,22518.3,956567
1774847820,2026-03-30T10:47:00,22518.35,22530.2,22509.45,22530.2,1183898
1774847880,2026-03-30T10:48:00,22529.35,22535.05,22526.8,22526.8,802175
1774847940,2026-03-30T10:49:00,22526.6,22533.1,22521.5,22527.35,848831
1774848000,2026-03-30T10:50:00,22528.0,22538.3,22525.2,22536.85,1081528
1774848060,2026-03-30T10:51:00,22536.4,22536.8,22516.8,22517.8,928250
1774848120,2026-03-30T10:52:00,22516.45,22521.75,22514.35,22515.0,801755
1774848180,2026-03-30T10:53:00,22514.3,22515.6,22494.8,22495.55,1440741
1774848240,2026-03-30T10:54:00,22493.05,22497.5,22491.4,22493.35,1160695
1774848300,2026-03-30T10:55:00,22493.25,22493.45,22480.25,22484.85,1523167
1774848360,2026-03-30T10:56:00,22482.5,22517.55,22478.35,22514.9,1565186
1774848420,2026-03-30T10:57:00,22513.55,22524.2,22512.2,22517.35,903854
1774848480,2026-03-30T10:58:00,22516.15,22517.0,22502.05,22509.15,848253
1774848540,2026-03-30T10:59:00,22508.2,22508.95,22490.2,22490.2,1080630
1774848600,2026-03-30T11:00:00,22489.6,22497.05,22487.7,22492.35,880309
1774848660,2026-03-30T11:01:00,22491.95,22491.95,22483.65,22485.5,833032
1774848720,2026-03-30T11:02:00,22485.15,22498.75,22485.15,22490.35,741316
1774848780,2026-03-30T11:03:00,22489.7,22507.0,22488.55,22506.7,1251716
1774848840,2026-03-30T11:04:00,22506.35,22509.05,22501.4,22504.3,744539
1774848900,2026-03-30T11:05:00,22503.45,22506.3,22500.25,22501.8,886347
1774848960,2026-03-30T11:06:00,22500.55,22505.15,22494.95,22505.15,1240414
1774849020,2026-03-30T11:07:00,22505.3,22509.3,22499.45,22501.4,943657
1774849080,2026-03-30T11:08:00,22500.85,22502.6,22491.05,22494.35,1087053
1774849140,2026-03-30T11:09:00,22493.95,22493.95,22472.3,22472.3,1093073
1774849200,2026-03-30T11:10:00,22471.45,22476.55,22457.65,22474.15,1126813
1774849260,2026-03-30T11:11:00,22473.15,22473.95,22459.9,22459.9,1296555
1774849320,2026-03-30T11:12:00,22458.75,22460.65,22454.0,22456.7,1040653
1774849380,2026-03-30T11:13:00,22455.65,22481.25,22455.65,22480.9,1196539
1774849440,2026-03-30T11:14:00,22481.25,22482.1,22470.0,22478.55,1213078
1774849500,2026-03-30T11:15:00,22479.25,22482.1,22468.05,22468.05,719402
1774849560,2026-03-30T11:16:00,22466.9,22483.5,22466.9,22481.45,959915
1774849620,2026-03-30T11:17:00,22480.5,22482.75,22473.3,22474.15,666032
1774849680,2026-03-30T11:18:00,22474.4,22479.1,22472.0,22478.3,674993
1774849740,2026-03-30T11:19:00,22478.05,22483.45,22474.1,22481.3,780302
1774849800,2026-03-30T11:20:00,22480.35,22481.05,22467.5,22470.75,928580
1774849860,2026-03-30T11:21:00,22470.3,22486.85,22468.7,22483.1,1700138
1774849920,2026-03-30T11:22:00,22482.55,22482.65,22471.0,22479.95,880588
1774849980,2026-03-30T11:23:00,22480.3,22486.35,22472.55,22473.15,603003
1774850040,2026-03-30T11:24:00,22472.5,22485.15,22472.5,22482.35,1130641
1774850100,2026-03-30T11:25:00,22481.25,22488.25,22481.25,22484.2,1416610
1774850160,2026-03-30T11:26:00,22483.25,22486.0,22467.05,22474.3,1316347
1774850220,2026-03-30T11:27:00,22473.4,22477.75,22469.35,22473.0,869089
1774850280,2026-03-30T11:28:00,22473.05,22474.0,22465.8,22468.6,820317
1774850340,2026-03-30T11:29:00,22468.95,22475.8,22467.25,22468.2,843656
1774850400,2026-03-30T11:30:00,22468.1,22469.1,22457.35,22467.5,1022878
1774850460,2026-03-30T11:31:00,22467.25,22488.4,22466.55,22488.4,1163929
1774850520,2026-03-30T11:32:00,22487.2,22493.8,22487.2,22490.15,954539
1774850580,2026-03-30T11:33:00,22489.4,22491.0,22480.65,22485.25,890151
1774850640,2026-03-30T11:34:00,22484.35,22506.3,22484.35,22503.8,1032601
1774850700,2026-03-30T11:35:00,22503.3,22525.05,22503.2,22517.55,1875081
1774850760,2026-03-30T11:36:00,22516.65,22516.65,22504.1,22514.45,930359
1774850820,2026-03-30T11:37:00,22515.35,22533.65,22514.3,22533.2,1216149
1774850880,2026-03-30T11:38:00,22532.85,22535.8,22528.2,22532.5,1327536
1774850940,2026-03-30T11:39:00,22531.5,22534.55,22507.7,22516.25,1644960
1774851000,2026-03-30T11:40:00,22515.05,22516.0,22497.1,22515.65,1628228
1774851060,2026-03-30T11:41:00,22516.6,22519.15,22503.55,22505.45,904005
1774851120,2026-03-30T11:42:00,22504.7,22507.5,22498.85,22498.85,690854
1774851180,2026-03-30T11:43:00,22498.15,22499.3,22492.3,22495.75,712611
1774851240,2026-03-30T11:44:00,22495.55,22496.15,22484.75,22486.65,829746
1774851300,2026-03-30T11:45:00,22485.7,22485.7,22472.2,22472.2,2139474
1774851360,2026-03-30T11:46:00,22472.05,22477.15,22464.8,22465.9,947944
1774851420,2026-03-30T11:47:00,22465.6,22469.7,22460.4,22466.05,1220282
1774851480,2026-03-30T11:48:00,22466.4,22469.95,22463.65,22466.75,875741
1774851540,2026-03-30T11:49:00,22466.1,22468.25,22463.55,22464.55,1134592
1774851600,2026-03-30T11:50:00,22465.05,22465.1,22457.8,22460.9,971914
1774851660,2026-03-30T11:51:00,22459.7,22469.4,22458.55,22462.95,1280786
1774851720,2026-03-30T11:52:00,22462.6,22465.55,22459.2,22459.2,930308
1774851780,2026-03-30T11:53:00,22458.8,22463.6,22458.55,22459.75,899797
1774851840,2026-03-30T11:54:00,22459.3,22480.25,22453.0,22478.6,1128203
1774851900,2026-03-30T11:55:00,22477.7,22485.5,22476.05,22485.5,1040347
1774851960,2026-03-30T11:56:00,22485.4,22489.85,22469.7,22469.7,1032598
1774852020,2026-03-30T11:57:00,22469.0,22477.0,22468.15,22475.25,1019623
1774852080,2026-03-30T11:58:00,22474.55,22484.9,22474.55,22484.3,1032175
1774852140,2026-03-30T11:59:00,22483.95,22486.5,22483.0,22484.0,978272
1774852200,2026-03-30T12:00:00,22483.15,22492.25,22480.3,22492.25,1039134
1774852260,2026-03-30T12:01:00,22492.8,22506.45,22492.8,22506.45,970494
1774852320,2026-03-30T12:02:00,22504.95,22531.7,22504.4,22531.7,1875932
1774852380,2026-03-30T12:03:00,22531.1,22560.6,22527.75,22548.0,2439454
1774852440,2026-03-30T12:04:00,22549.3,22551.1,22537.15,22549.35,1451593
1774852500,2026-03-30T12:05:00,22549.05,22594.5,22548.0,22569.65,3143550
1774852560,2026-03-30T12:06:00,22566.35,22593.4,22560.9,22562.9,2108831
1774852620,2026-03-30T12:07:00,22563.2,22572.45,22557.7,22560.7,1197175
1774852680,2026-03-30T12:08:00,22559.05,22559.7,22547.3,22547.7,1198944
1774852740,2026-03-30T12:09:00,22547.75,22561.85,22545.65,22558.3,1128104
1774852800,2026-03-30T12:10:00,22557.55,22561.9,22553.8,22559.4,1149144
1774852860,2026-03-30T12:11:00,22557.9,22573.0,22557.55,22568.2,1032653
1774852920,2026-03-30T12:12:00,22566.4,22577.95,22563.95,22577.05,1084915
1774852980,2026-03-30T12:13:00,22577.05,22578.1,22559.0,22561.1,1006196
1774853040,2026-03-30T12:14:00,22560.05,22572.85,22559.75,22567.1,1113613
1774853100,2026-03-30T12:15:00,22566.9,22577.45,22557.3,22557.3,1239125
1774853160,2026-03-30T12:16:00,22555.8,22573.55,22553.85,22567.25,1159924
1774853220,2026-03-30T12:17:00,22566.45,22573.7,22557.75,22557.75,936436
1774853280,2026-03-30T12:18:00,22556.95,22560.65,22550.85,22550.85,1025859
1774853340,2026-03-30T12:19:00,22552.35,22558.2,22552.35,22555.3,630282
1774853400,2026-03-30T12:20:00,22555.35,22571.2,22554.45,22566.35,986800
1774853460,2026-03-30T12:21:00,22566.35,22594.1,22564.85,22581.1,1069798
1774853520,2026-03-30T12:22:00,22581.7,22586.45,22564.5,22564.5,758206
1774853580,2026-03-30T12:23:00,22563.55,22563.85,22540.95,22540.95,1329491
1774853640,2026-03-30T12:24:00,22541.95,22549.1,22531.05,22531.3,1143600
1774853700,2026-03-30T12:25:00,22531.15,22534.6,22527.1,22532.65,1112528
1774853760,2026-03-30T12:26:00,22532.1,22533.2,22516.2,22517.0,1080021
1774853820,2026-03-30T12:27:00,22515.85,22525.15,22512.1,22512.1,994003
1774853880,2026-03-30T12:28:00,22511.75,22512.0,22507.15,22508.65,1349203
1774853940,2026-03-30T12:29:00,22508.1,22519.15,22502.85,22519.15,1093535
1774854000,2026-03-30T12:30:00,22519.85,22520.9,22509.9,22511.15,750409
1774854060,2026-03-30T12:31:00,22509.8,22518.8,22508.6,22518.6,769271
1774854120,2026-03-30T12:32:00,22518.5,22523.5,22511.1,22513.45,893605
1774854180,2026-03-30T12:33:00,22513.65,22515.0,22508.0,22508.35,794124
1774854240,2026-03-30T12:34:00,22508.55,22519.6,22508.1,22517.4,1079185
1774854300,2026-03-30T12:35:00,22516.65,22525.6,22514.05,22524.35,1517290
1774854360,2026-03-30T12:36:00,22523.35,22530.85,22521.85,22530.85,1071477
1774854420,2026-03-30T12:37:00,22531.05,22537.4,22531.05,22534.2,958631
1774854480,2026-03-30T12:38:00,22532.75,22545.05,22529.7,22544.4,941765
1774854540,2026-03-30T12:39:00,22546.3,22569.45,22546.3,22565.6,1814946
1774854600,2026-03-30T12:40:00,22564.65,22565.25,22558.35,22564.05,818561
1774854660,2026-03-30T12:41:00,22564.9,22579.3,22561.3,22573.65,1244801
1774854720,2026-03-30T12:42:00,22572.6,22578.0,22566.75,22571.5,824417
1774854780,2026-03-30T12:43:00,22571.45,22572.4,22555.8,22561.3,939745
1774854840,2026-03-30T12:44:00,22561.45,22567.1,22557.05,22557.05,698878
1774854900,2026-03-30T12:45:00,22557.35,22560.7,22556.1,22556.1,835162
1774854960,2026-03-30T12:46:00,22556.8,22556.8,22546.05,22550.0,860801
1774855020,2026-03-30T12:47:00,22550.05,22550.4,22540.2,22541.15,630843
1774855080,2026-03-30T12:48:00,22541.7,22544.05,22538.3,22539.45,811098
1774855140,2026-03-30T12:49:00,22538.6,22539.1,22530.55,22530.55,989024
1774855200,2026-03-30T12:50:00,22530.1,22533.05,22522.8,22526.4,874435
1774855260,2026-03-30T12:51:00,22525.7,22531.8,22523.95,22531.55,758654
1774855320,2026-03-30T12:52:00,22531.55,22531.8,22507.7,22509.0,1487451
1774855380,2026-03-30T12:53:00,22508.55,22509.8,22484.05,22488.8,1475951
1774855440,2026-03-30T12:54:00,22488.75,22504.55,22488.75,22503.95,798014
1774855500,2026-03-30T12:55:00,22501.75,22505.25,22496.4,22503.95,725687
1774855560,2026-03-30T12:56:00,22503.35,22505.7,22496.15,22497.6,652591
1774855620,2026-03-30T12:57:00,22497.1,22503.15,22491.75,22503.15,872827
1774855680,2026-03-30T12:58:00,22502.65,22505.75,22499.35,22502.7,582073
1774855740,2026-03-30T12:59:00,22501.6,22506.7,22500.65,22505.8,601896
1774855800,2026-03-30T13:00:00,22506.1,22511.4,22506.1,22508.9,725737
1774855860,2026-03-30T13:01:00,22508.5,22508.5,22494.9,22497.3,812444
1774855920,2026-03-30T13:02:00,22497.35,22498.8,22487.1,22487.1,834808
1774855980,2026-03-30T13:03:00,22487.05,22494.2,22486.15,22488.1,791037
1774856040,2026-03-30T13:04:00,22487.45,22494.15,22487.45,22491.35,1064188
1774856100,2026-03-30T13:05:00,22490.85,22502.65,22485.35,22502.45,976756
1774856160,2026-03-30T13:06:00,22502.65,22503.25,22493.95,22500.4,991034
1774856220,2026-03-30T13:07:00,22499.85,22504.9,22495.35,22495.35,687837
1774856280,2026-03-30T13:08:00,22495.15,22495.15,22490.15,22492.2,943059
1774856340,2026-03-30T13:09:00,22491.5,22495.95,22491.1,22495.8,853472
1774856400,2026-03-30T13:10:00,22495.3,22497.35,22492.45,22492.45,654448
1774856460,2026-03-30T13:11:00,22492.55,22498.4,22484.6,22496.7,834409
1774856520,2026-03-30T13:12:00,22496.4,22506.5,22496.4,22506.05,730094
1774856580,2026-03-30T13:13:00,22505.3,22506.95,22481.9,22482.9,1002772
1774856640,2026-03-30T13:14:00,22481.95,22499.2,22481.45,22499.2,728832
1774856700,2026-03-30T13:15:00,22498.55,22505.75,22498.55,22504.6,773952
1774856760,2026-03-30T13:16:00,22504.25,22516.35,22503.0,22515.8,811457
1774856820,2026-03-30T13:17:00,22514.65,22516.2,22490.35,22490.35,841954
1774856880,2026-03-30T13:18:00,22491.15,22491.45,22480.75,22487.6,1329919
1774856940,2026-03-30T13:19:00,22488.9,22489.3,22479.1,22484.95,971996
1774857000,2026-03-30T13:20:00,22485.3,22489.8,22483.15,22484.95,826795
1774857060,2026-03-30T13:21:00,22485.45,22495.05,22484.95,22488.85,997884
1774857120,2026-03-30T13:22:00,22487.9,22490.05,22487.35,22487.4,1251287
1774857180,2026-03-30T13:23:00,22486.95,22488.35,22485.8,22487.35,777237
1774857240,2026-03-30T13:24:00,22486.85,22487.8,22482.2,22484.35,955556
1774857300,2026-03-30T13:25:00,22484.25,22486.4,22470.25,22472.55,1270835
1774857360,2026-03-30T13:26:00,22472.45,22472.95,22456.55,22459.65,1273955
1774857420,2026-03-30T13:27:00,22460.05,22474.3,22459.85,22471.2,938221
1774857480,2026-03-30T13:28:00,22470.85,22480.55,22463.15,22479.85,1019644
1774857540,2026-03-30T13:29:00,22479.55,22480.3,22476.05,22476.45,775434
1774857600,2026-03-30T13:30:00,22476.2,22477.7,22471.9,22471.9,642798
1774857660,2026-03-30T13:31:00,22471.75,22474.35,22464.05,22465.65,855792
1774857720,2026-03-30T13:32:00,22465.2,22478.55,22464.95,22466.9,933126
1774857780,2026-03-30T13:33:00,22466.65,22473.45,22466.65,22472.15,743306
1774857840,2026-03-30T13:34:00,22472.1,22486.05,22472.0,22485.8,1126926
1774857900,2026-03-30T13:35:00,22485.6,22502.1,22485.6,22495.2,1458396
1774857960,2026-03-30T13:36:00,22494.2,22494.7,22487.25,22488.2,938748
1774858020,2026-03-30T13:37:00,22487.05,22487.55,22475.65,22476.15,935410
1774858080,2026-03-30T13:38:00,22475.15,22479.5,22474.25,22477.05,683960
1774858140,2026-03-30T13:39:00,22477.2,22494.0,22477.2,22493.65,877486
1774858200,2026-03-30T13:40:00,22494.35,22500.5,22491.7,22492.5,623725
1774858260,2026-03-30T13:41:00,22492.9,22493.2,22485.3,22486.6,704528
1774858320,2026-03-30T13:42:00,22486.35,22486.35,22465.55,22468.5,1782847
1774858380,2026-03-30T13:43:00,22468.25,22470.5,22456.5,22458.0,1399156
1774858440,2026-03-30T13:44:00,22458.45,22462.55,22454.85,22462.05,1271110
1774858500,2026-03-30T13:45:00,22461.15,22464.0,22456.8,22462.6,1088067
1774858560,2026-03-30T13:46:00,22461.8,22468.15,22461.8,22463.25,997201
1774858620,2026-03-30T13:47:00,22461.3,22463.5,22451.3,22457.3,1032658
1774858680,2026-03-30T13:48:00,22456.8,22459.0,22452.25,22454.35,846498
1774858740,2026-03-30T13:49:00,22453.5,22457.8,22446.55,22448.0,823416
1774858800,2026-03-30T13:50:00,22445.55,22450.85,22441.6,22449.35,2049242
1774858860,2026-03-30T13:51:00,22450.45,22452.9,22444.15,22446.8,794795
1774858920,2026-03-30T13:52:00,22445.35,22447.6,22432.8,22433.1,937764
1774858980,2026-03-30T13:53:00,22434.1,22437.8,22422.65,22426.6,1206897
1774859040,2026-03-30T13:54:00,22426.25,22428.9,22420.25,22422.1,979092
1774859100,2026-03-30T13:55:00,22420.95,22430.15,22420.0,22426.7,1388625
1774859160,2026-03-30T13:56:00,22424.7,22428.05,22420.95,22424.75,1053800
1774859220,2026-03-30T13:57:00,22424.95,22441.6,22424.4,22435.6,1819753
1774859280,2026-03-30T13:58:00,22435.55,22438.2,22429.8,22431.05,1041516
1774859340,2026-03-30T13:59:00,22429.0,22431.4,22422.45,22428.8,1456229
1774859400,2026-03-30T14:00:00,22428.1,22436.75,22423.75,22435.3,992929
1774859460,2026-03-30T14:01:00,22435.1,22447.8,22434.65,22447.8,1131064
1774859520,2026-03-30T14:02:00,22447.65,22462.6,22445.8,22462.6,1444575
1774859580,2026-03-30T14:03:00,22466.3,22487.2,22461.55,22469.6,2192947
1774859640,2026-03-30T14:04:00,22469.4,22482.8,22461.0,22462.3,1835843
1774859700,2026-03-30T14:05:00,22461.2,22466.0,22459.1,22465.2,939415
1774859760,2026-03-30T14:06:00,22463.9,22465.3,22450.7,22452.1,993415
1774859820,2026-03-30T14:07:00,22450.95,22461.55,22450.95,22459.55,973945
1774859880,2026-03-30T14:08:00,22458.7,22475.85,22458.6,22462.8,1532500
1774859940,2026-03-30T14:09:00,22461.8,22463.5,22449.45,22449.45,1373757
1774860000,2026-03-30T14:10:00,22449.05,22451.9,22439.0,22440.4,968909
1774860060,2026-03-30T14:11:00,22438.7,22440.75,22429.4,22430.9,978024
1774860120,2026-03-30T14:12:00,22431.4,22438.3,22426.35,22436.8,1249338
1774860180,2026-03-30T14:13:00,22436.6,22439.35,22417.95,22419.95,1884307
1774860240,2026-03-30T14:14:00,22419.9,22424.5,22419.3,22420.5,880287
1774860300,2026-03-30T14:15:00,22420.2,22424.3,22415.15,22421.4,1002794
1774860360,2026-03-30T14:16:00,22420.0,22425.35,22416.65,22423.0,947316
1774860420,2026-03-30T14:17:00,22423.25,22424.5,22413.9,22416.2,1122635
1774860480,2026-03-30T14:18:00,22416.65,22418.85,22409.3,22412.35,1333251
1774860540,2026-03-30T14:19:00,22411.55,22418.8,22411.2,22411.55,1342004
1774860600,2026-03-30T14:20:00,22412.35,22431.85,22412.35,22426.45,1575227
1774860660,2026-03-30T14:21:00,22426.2,22426.75,22405.5,22406.75,1347493
1774860720,2026-03-30T14:22:00,22406.9,22411.8,22396.2,22397.45,1617306
1774860780,2026-03-30T14:23:00,22395.6,22402.95,22383.2,22401.35,2098678
1774860840,2026-03-30T14:24:00,22400.7,22403.75,22386.9,22388.0,1356843
1774860900,2026-03-30T14:25:00,22386.0,22393.45,22385.9,22390.1,1440971
1774860960,2026-03-30T14:26:00,22389.65,22393.85,22380.8,22386.3,1222317
1774861020,2026-03-30T14:27:00,22386.5,22394.4,22386.5,22387.35,1291966
1774861080,2026-03-30T14:28:00,22386.3,22387.65,22380.7,22381.15,1075167
1774861140,2026-03-30T14:29:00,22381.7,22387.2,22375.8,22378.05,1313937
1774861200,2026-03-30T14:30:00,22376.55,22386.25,22376.55,22384.4,1416921
1774861260,2026-03-30T14:31:00,22384.0,22410.6,22384.0,22395.75,2242799
1774861320,2026-03-30T14:32:00,22393.3,22400.7,22390.3,22390.3,2154590
1774861380,2026-03-30T14:33:00,22390.55,22391.95,22380.15,22381.65,2160414
1774861440,2026-03-30T14:34:00,22380.6,22383.5,22359.55,22362.5,3497575
1774861500,2026-03-30T14:35:00,22361.4,22365.7,22350.65,22361.05,2964601
1774861560,2026-03-30T14:36:00,22359.5,22378.5,22359.5,22371.5,1512184
1774861620,2026-03-30T14:37:00,22370.4,22375.2,22364.0,22365.95,1561908
1774861680,2026-03-30T14:38:00,22364.7,22372.15,22364.7,22366.0,1232077
1774861740,2026-03-30T14:39:00,22364.4,22365.9,22356.75,22362.9,2313315
1774861800,2026-03-30T14:40:00,22363.45,22371.55,22363.45,22365.1,1814258
1774861860,2026-03-30T14:41:00,22365.0,22369.4,22358.7,22360.3,1275216
1774861920,2026-03-30T14:42:00,22359.0,22383.9,22359.0,22371.6,1948056
1774861980,2026-03-30T14:43:00,22371.0,22374.3,22361.35,22372.65,1581785
1774862040,2026-03-30T14:44:00,22369.95,22372.75,22366.3,22366.8,1453698
1774862100,2026-03-30T14:45:00,22365.6,22383.4,22363.5,22368.55,2029335
1774862160,2026-03-30T14:46:00,22368.0,22370.35,22364.5,22366.35,1260983
1774862220,2026-03-30T14:47:00,22365.1,22368.95,22354.75,22355.7,1663710
1774862280,2026-03-30T14:48:00,22356.05,22360.2,22340.05,22342.9,2456290
1774862340,2026-03-30T14:49:00,22341.7,22364.0,22341.0,22362.0,2345853
1774862400,2026-03-30T14:50:00,22361.35,22376.9,22361.35,22371.7,1772875
1774862460,2026-03-30T14:51:00,22372.05,22373.1,22363.75,22365.45,1423225
1774862520,2026-03-30T14:52:00,22361.15,22371.3,22354.9,22362.3,2244967
1774862580,2026-03-30T14:53:00,22361.85,22364.25,22352.85,22356.95,1312684
1774862640,2026-03-30T14:54:00,22356.8,22363.55,22344.7,22348.5,1339275
1774862700,2026-03-30T14:55:00,22347.7,22352.95,22346.15,22352.65,1489544
1774862760,2026-03-30T14:56:00,22352.45,22357.8,22348.3,22352.55,1381240
1774862820,2026-03-30T14:57:00,22351.45,22355.3,22337.8,22351.3,1817375
1774862880,2026-03-30T14:58:00,22350.0,22354.7,22348.65,22349.8,1452503
1774862940,2026-03-30T14:59:00,22349.15,22353.05,22344.7,22349.95,2240998
1774863000,2026-03-30T15:00:00,22348.5,22348.5,22305.05,22311.35,13204656
1774863060,2026-03-30T15:01:00,22309.65,22342.95,22309.65,22333.2,10872249
1774863120,2026-03-30T15:02:00,22331.8,22334.55,22310.9,22311.0,6188157
1774863180,2026-03-30T15:03:00,22311.05,22313.55,22302.75,22304.55,6959833
1774863240,2026-03-30T15:04:00,22305.35,22306.5,22283.85,22291.2,7968424
1774863300,2026-03-30T15:05:00,22291.2,22298.85,22289.2,22292.25,7373553
1774863360,2026-03-30T15:06:00,22292.9,22299.85,22289.1,22297.15,6814626
1774863420,2026-03-30T15:07:00,22297.15,22306.45,22297.15,22304.45,5902217
1774863480,2026-03-30T15:08:00,22305.1,22307.7,22294.3,22295.35,7117391
1774863540,2026-03-30T15:09:00,22296.1,22300.15,22295.4,22299.4,6719766
1774863600,2026-03-30T15:10:00,22297.1,22304.5,22295.45,22300.55,8458819
1774863660,2026-03-30T15:11:00,22301.6,22325.85,22301.6,22323.4,8195244
1774863720,2026-03-30T15:12:00,22324.15,22342.0,22324.05,22341.4,6345674
1774863780,2026-03-30T15:13:00,22341.95,22341.95,22328.1,22331.55,6339842
1774863840,2026-03-30T15:14:00,22331.65,22336.85,22330.55,22335.6,6071698
1774863900,2026-03-30T15:15:00,22335.45,22337.3,22325.15,22335.1,7125921
1774863960,2026-03-30T15:16:00,22334.6,22354.85,22334.6,22350.9,7826997
1774864020,2026-03-30T15:17:00,22350.9,22352.15,22343.5,22348.7,6943344
1774864080,2026-03-30T15:18:00,22348.25,22356.55,22344.2,22347.75,7605527
1774864140,2026-03-30T15:19:00,22348.1,22348.35,22339.9,22341.8,7051009
1774864200,2026-03-30T15:20:00,22342.3,22346.45,22341.85,22345.45,6185271
1774864260,2026-03-30T15:21:00,22345.7,22348.75,22344.25,22347.1,7962611
1774864320,2026-03-30T15:22:00,22347.2,22365.55,22347.2,22363.45,6260079
1774864380,2026-03-30T15:23:00,22363.85,22374.95,22363.85,22374.0,6428928
1774864440,2026-03-30T15:24:00,22372.95,22381.25,22371.0,22377.45,5738398
1774864500,2026-03-30T15:25:00,22376.0,22376.8,22367.1,22370.5,6788048
1774864560,2026-03-30T15:26:00,22370.7,22372.6,22366.05,22370.3,6302681
1774864620,2026-03-30T15:27:00,22370.35,22377.6,22363.0,22364.55,8793025
1774864680,2026-03-30T15:28:00,22362.25,22367.5,22359.15,22367.5,2895949
1774864740,2026-03-30T15:29:00,22366.65,22391.0,22362.55,22379.2,2423052
