Epoch,Timestamp,Open,High,Low,Close,Volume
1785728700,2026-08-03T09:15:00,24572.7,24576.45,24515.15,24553.8,7450110
1785728760,2026-08-03T09:16:00,24553.5,24567.5,24549.3,24564.65,5336296
1785728820,2026-08-03T09:17:00,24563.2,24566.7,24542.15,24545.5,4068888
1785728880,2026-08-03T09:18:00,24546.5,24549.7,24538.65,24540.65,2782250
1785728940,2026-08-03T09:19:00,24541.6,24541.6,24524.9,24530.1,2789834
1785729000,2026-08-03T09:20:00,24530.15,24539.5,24526.25,24528.6,2619628
1785729060,2026-08-03T09:21:00,24528.95,24530.85,24522.4,24529.15,2197338
1785729120,2026-08-03T09:22:00,24528.0,24529.55,24516.8,24521.1,1876669
1785729180,2026-08-03T09:23:00,24520.6,24525.85,24515.5,24523.1,1922773
1785729240,2026-08-03T09:24:00,24522.75,24528.05,24518.35,24527.05,2335109
1785729300,2026-08-03T09:25:00,24526.7,24533.65,24523.35,24531.8,1816633
1785729360,2026-08-03T09:26:00,24532.45,24536.9,24530.2,24533.2,1867422
1785729420,2026-08-03T09:27:00,24534.05,24542.6,24533.3,24539.3,1935292
1785729480,2026-08-03T09:28:00,24539.05,24544.45,24537.75,24541.9,1631635
1785729540,2026-08-03T09:29:00,24541.75,24551.95,24540.65,24550.2,2462616
1785729600,2026-08-03T09:30:00,24550.25,24558.4,24548.2,24557.95,2303211
1785729660,2026-08-03T09:31:00,24557.8,24557.95,24544.1,24545.05,1735895
1785729720,2026-08-03T09:32:00,24545.1,24550.3,24544.35,24547.85,1449192
1785729780,2026-08-03T09:33:00,24548.1,24551.45,24541.8,24543.8,1380897
1785729840,2026-08-03T09:34:00,24544.25,24554.1,24542.8,24553.45,1314779
1785729900,2026-08-03T09:35:00,24553.2,24556.1,24549.05,24552.4,1862271
1785729960,2026-08-03T09:36:00,24552.4,24557.0,24547.35,24552.6,1718548
1785730020,2026-08-03T09:37:00,24552.65,24555.0,24543.75,24545.15,1263975
1785730080,2026-08-03T09:38:00,24545.05,24551.4,24545.05,24549.6,1176558
1785730140,2026-08-03T09:39:00,24550.0,24556.9,24549.2,24554.4,1200113
1785730200,2026-08-03T09:40:00,24553.25,24557.75,24551.85,24555.6,1423177
1785730260,2026-08-03T09:41:00,24555.65,24559.85,24554.05,24558.65,1888307
1785730320,2026-08-03T09:42:00,24558.7,24560.45,24555.15,24556.15,1219087
1785730380,2026-08-03T09:43:00,24556.55,24557.35,24550.35,24551.85,1152285
1785730440,2026-08-03T09:44:00,24552.5,24558.15,24550.85,24558.05,939369
1785730500,2026-08-03T09:45:00,24558.45,24558.85,24551.35,24552.45,1066624
1785730560,2026-08-03T09:46:00,24552.5,24557.2,24550.0,24551.1,1350277
1785730620,2026-08-03T09:47:00,24551.3,24553.6,24546.05,24549.2,981295
1785730680,2026-08-03T09:48:00,24548.8,24551.1,24546.1,24549.6,928352
1785730740,2026-08-03T09:49:00,24549.1,24552.7,24546.85,24548.25,948496
1785730800,2026-08-03T09:50:00,24548.1,24552.05,24545.75,24550.25,1651517
1785730860,2026-08-03T09:51:00,24550.2,24556.35,24548.55,24553.9,1388298
1785730920,2026-08-03T09:52:00,24553.65,24555.0,24550.95,24552.6,823247
1785730980,2026-08-03T09:53:00,24552.95,24556.3,24551.5,24551.85,772077
1785731040,2026-08-03T09:54:00,24551.7,24560.9,24550.75,24559.6,1244514
1785731100,2026-08-03T09:55:00,24558.75,24564.4,24558.15,24564.35,988893
1785731160,2026-08-03T09:56:00,24564.6,24568.0,24561.95,24565.85,1009591
1785731220,2026-08-03T09:57:00,24565.8,24569.35,24563.25,24566.55,938993
1785731280,2026-08-03T09:58:00,24566.45,24570.85,24563.7,24568.7,918956
1785731340,2026-08-03T09:59:00,24568.45,24571.6,24560.95,24564.7,1173999
1785731400,2026-08-03T10:00:00,24564.1,24570.9,24563.05,24570.35,860727
1785731460,2026-08-03T10:01:00,24569.6,24574.6,24566.75,24568.85,994661
1785731520,2026-08-03T10:02:00,24568.25,24568.8,24562.1,24562.2,942185
1785731580,2026-08-03T10:03:00,24562.5,24563.8,24559.4,24562.65,794720
1785731640,2026-08-03T10:04:00,24562.65,24569.15,24559.05,24568.4,863305
1785731700,2026-08-03T10:05:00,24569.0,24571.5,24567.3,24570.65,1075392
1785731760,2026-08-03T10:06:00,24570.3,24572.9,24563.95,24564.75,1056508
1785731820,2026-08-03T10:07:00,24564.5,24565.05,24561.0,24563.0,875855
1785731880,2026-08-03T10:08:00,24565.45,24566.3,24561.05,24562.1,1084205
1785731940,2026-08-03T10:09:00,24562.15,24568.5,24560.3,24567.2,732500
1785732000,2026-08-03T10:10:00,24567.15,24568.65,24563.85,24566.0,1230699
1785732060,2026-08-03T10:11:00,24565.75,24569.55,24564.2,24569.0,677753
1785732120,2026-08-03T10:12:00,24569.05,24573.25,24567.1,24569.75,969793
1785732180,2026-08-03T10:13:00,24570.2,24578.9,24568.75,24578.25,1344962
1785732240,2026-08-03T10:14:00,24577.25,24582.25,24576.9,24579.2,1312153
1785732300,2026-08-03T10:15:00,24579.0,24583.75,24578.25,24580.1,1186209
1785732360,2026-08-03T10:16:00,24580.25,24582.65,24578.55,24580.35,1010935
1785732420,2026-08-03T10:17:00,24580.25,24588.3,24577.75,24587.05,853367
1785732480,2026-08-03T10:18:00,24586.7,24592.45,24583.35,24589.35,843978
1785732540,2026-08-03T10:19:00,24590.05,24591.65,24586.65,24588.15,659571
1785732600,2026-08-03T10:20:00,24588.15,24589.4,24583.35,24584.5,710644
1785732660,2026-08-03T10:21:00,24583.6,24585.9,24577.85,24578.6,1226423
1785732720,2026-08-03T10:22:00,24578.55,24579.85,24574.85,24575.55,729173
1785732780,2026-08-03T10:23:00,24576.15,24577.9,24572.8,24573.5,650668
1785732840,2026-08-03T10:24:00,24574.0,24579.1,24573.55,24578.2,430959
1785732900,2026-08-03T10:25:00,24578.4,24580.85,24575.95,24580.0,564692
1785732960,2026-08-03T10:26:00,24579.6,24583.15,24577.45,24582.95,553300
1785733020,2026-08-03T10:27:00,24583.35,24586.85,24582.35,24583.45,502207
1785733080,2026-08-03T10:28:00,24583.2,24586.15,24580.95,24584.2,972283
1785733140,2026-08-03T10:29:00,24584.15,24585.9,24579.05,24580.8,487646
1785733200,2026-08-03T10:30:00,24580.15,24584.7,24579.65,24583.65,630538
1785733260,2026-08-03T10:31:00,24583.5,24584.75,24576.65,24579.6,639187
1785733320,2026-08-03T10:32:00,24578.5,24579.8,24572.05,24573.15,1147319
1785733380,2026-08-03T10:33:00,24572.9,24574.2,24570.0,24571.9,810627
1785733440,2026-08-03T10:34:00,24571.8,24573.75,24564.4,24570.35,819441
1785733500,2026-08-03T10:35:00,24570.95,24572.1,24562.7,24563.95,543874
1785733560,2026-08-03T10:36:00,24564.05,24570.3,24564.05,24569.75,997377
1785733620,2026-08-03T10:37:00,24569.6,24578.55,24569.05,24577.3,630043
1785733680,2026-08-03T10:38:00,24576.7,24582.65,24573.6,24582.65,750636
1785733740,2026-08-03T10:39:00,24582.4,24585.45,24577.85,24584.2,707602
1785733800,2026-08-03T10:40:00,24583.95,24585.7,24578.3,24578.55,1218534
1785733860,2026-08-03T10:41:00,24578.6,24582.95,24576.5,24581.4,598037
1785733920,2026-08-03T10:42:00,24580.45,24583.5,24579.55,24580.8,498098
1785733980,2026-08-03T10:43:00,24580.8,24583.25,24575.6,24581.2,679865
1785734040,2026-08-03T10:44:00,24581.7,24585.5,24580.9,24583.65,726641
1785734100,2026-08-03T10:45:00,24583.75,24585.3,24581.3,24583.85,1409593
1785734160,2026-08-03T10:46:00,24583.5,24586.0,24579.45,24583.85,680492
1785734220,2026-08-03T10:47:00,24583.7,24585.45,24581.1,24583.3,717228
1785734280,2026-08-03T10:48:00,24583.7,24586.9,24582.4,24586.2,498358
1785734340,2026-08-03T10:49:00,24585.65,24589.45,24581.7,24588.85,542804
1785734400,2026-08-03T10:50:00,24587.65,24592.3,24587.25,24590.8,876414
1785734460,2026-08-03T10:51:00,24591.0,24592.55,24587.25,24589.2,685166
1785734520,2026-08-03T10:52:00,24589.45,24591.65,24585.05,24590.35,570316
1785734580,2026-08-03T10:53:00,24590.25,24592.3,24587.4,24589.5,906934
1785734640,2026-08-03T10:54:00,24589.9,24591.6,24587.55,24589.9,1013627
1785734700,2026-08-03T10:55:00,24589.85,24595.8,24586.95,24592.65,1361228
1785734760,2026-08-03T10:56:00,24592.25,24595.9,24590.0,24591.05,869359
1785734820,2026-08-03T10:57:00,24590.95,24592.6,24584.95,24587.4,754383
1785734880,2026-08-03T10:58:00,24587.35,24589.8,24581.8,24588.15,751126
1785734940,2026-08-03T10:59:00,24587.95,24590.25,24584.2,24586.45,499519
1785735000,2026-08-03T11:00:00,24586.9,24597.9,24585.65,24595.85,690603
1785735060,2026-08-03T11:01:00,24596.3,24601.1,24593.15,24597.0,564967
1785735120,2026-08-03T11:02:00,24596.45,24599.5,24591.6,24597.05,748295
1785735180,2026-08-03T11:03:00,24597.85,24601.75,24596.2,24597.1,547047
1785735240,2026-08-03T11:04:00,24596.6,24598.9,24595.4,24598.15,1339314
1785735300,2026-08-03T11:05:00,24597.55,24599.8,24595.15,24599.1,1109321
1785735360,2026-08-03T11:06:00,24598.7,24601.25,24595.65,24598.15,640422
1785735420,2026-08-03T11:07:00,24598.45,24602.55,24597.4,24600.35,505626
1785735480,2026-08-03T11:08:00,24599.6,24602.1,24597.45,24599.2,584668
1785735540,2026-08-03T11:09:00,24598.35,24600.8,24590.45,24593.65,995237
1785735600,2026-08-03T11:10:00,24593.95,24596.6,24591.35,24595.55,629090
1785735660,2026-08-03T11:11:00,24595.65,24597.35,24592.05,24593.65,599862
1785735720,2026-08-03T11:12:00,24593.45,24594.35,24586.05,24588.55,692526
1785735780,2026-08-03T11:13:00,24588.3,24590.1,24584.9,24588.85,978580
1785735840,2026-08-03T11:14:00,24587.65,24590.65,24587.5,24589.45,586461
1785735900,2026-08-03T11:15:00,24588.95,24593.85,24586.05,24588.9,705449
1785735960,2026-08-03T11:16:00,24589.0,24593.75,24586.45,24593.0,874893
1785736020,2026-08-03T11:17:00,24592.55,24598.95,24591.9,24596.7,784354
1785736080,2026-08-03T11:18:00,24597.1,24600.45,24593.45,24593.7,704467
1785736140,2026-08-03T11:19:00,24593.8,24596.0,24591.5,24591.6,651813
1785736200,2026-08-03T11:20:00,24591.45,24595.05,24590.8,24593.55,558904
1785736260,2026-08-03T11:21:00,24593.7,24596.35,24589.5,24594.05,528008
1785736320,2026-08-03T11:22:00,24593.55,24596.15,24590.4,24595.25,557058
1785736380,2026-08-03T11:23:00,24595.25,24600.35,24594.35,24598.95,426707
1785736440,2026-08-03T11:24:00,24599.05,24600.95,24595.55,24598.15,672778
1785736500,2026-08-03T11:25:00,24598.0,24599.2,24593.75,24595.55,643823
1785736560,2026-08-03T11:26:00,24595.15,24597.1,24590.8,24590.8,564463
1785736620,2026-08-03T11:27:00,24591.35,24593.45,24588.75,24591.4,677025
1785736680,2026-08-03T11:28:00,24591.7,24595.2,24589.9,24592.8,418520
1785736740,2026-08-03T11:29:00,24593.1,24596.35,24591.75,24591.75,551497
1785736800,2026-08-03T11:30:00,24591.85,24594.2,24586.15,24586.25,689471
1785736860,2026-08-03T11:31:00,24586.65,24588.65,24581.5,24583.25,557075
1785736920,2026-08-03T11:32:00,24583.15,24586.0,24579.8,24583.25,879545
1785736980,2026-08-03T11:33:00,24583.35,24585.1,24581.15,24584.75,432728
1785737040,2026-08-03T11:34:00,24584.15,24587.1,24582.75,24585.45,559740
1785737100,2026-08-03T11:35:00,24584.85,24588.25,24583.05,24587.0,559755
1785737160,2026-08-03T11:36:00,24586.5,24588.75,24584.55,24585.5,459814
1785737220,2026-08-03T11:37:00,24585.15,24588.9,24584.15,24586.0,514046
1785737280,2026-08-03T11:38:00,24586.4,24592.15,24583.75,24590.95,810862
1785737340,2026-08-03T11:39:00,24591.0,24595.7,24590.25,24593.85,876491
1785737400,2026-08-03T11:40:00,24593.8,24596.45,24590.65,24595.0,472468
1785737460,2026-08-03T11:41:00,24595.45,24600.3,24594.25,24598.3,628107
1785737520,2026-08-03T11:42:00,24598.55,24600.3,24594.05,24596.85,436033
1785737580,2026-08-03T11:43:00,24597.0,24599.95,24593.95,24596.0,474133
1785737640,2026-08-03T11:44:00,24596.25,24596.7,24592.1,24592.3,762207
1785737700,2026-08-03T11:45:00,24592.5,24593.1,24587.7,24588.9,709630
1785737760,2026-08-03T11:46:00,24589.25,24591.0,24586.75,24588.0,674083
1785737820,2026-08-03T11:47:00,24587.85,24591.75,24586.75,24587.3,741912
1785737880,2026-08-03T11:48:00,24587.3,24590.0,24584.8,24588.7,1100814
1785737940,2026-08-03T11:49:00,24588.4,24597.85,24588.0,24597.85,669407
1785738000,2026-08-03T11:50:00,24597.95,24605.1,24597.75,24603.15,822820
1785738060,2026-08-03T11:51:00,24603.25,24606.15,24596.35,24598.15,794170
1785738120,2026-08-03T11:52:00,24599.15,24600.25,24596.0,24599.05,1003383
1785738180,2026-08-03T11:53:00,24598.85,24600.75,24595.7,24598.25,740998
1785738240,2026-08-03T11:54:00,24598.45,24603.1,24597.45,24601.6,854904
1785738300,2026-08-03T11:55:00,24602.25,24603.3,24593.5,24594.6,644845
1785738360,2026-08-03T11:56:00,24594.1,24597.35,24592.3,24593.05,728798
1785738420,2026-08-03T11:57:00,24593.15,24596.75,24591.35,24595.4,648975
1785738480,2026-08-03T11:58:00,24595.45,24596.45,24591.7,24592.2,775120
1785738540,2026-08-03T11:59:00,24592.3,24595.35,24590.55,24592.0,1232764
1785738600,2026-08-03T12:00:00,24591.55,24594.9,24590.25,24591.6,566579
1785738660,2026-08-03T12:01:00,24590.9,24593.25,24588.2,24590.5,930729
1785738720,2026-08-03T12:02:00,24590.0,24591.5,24586.35,24587.85,493521
1785738780,2026-08-03T12:03:00,24586.55,24591.9,24585.95,24588.15,1202707
1785738840,2026-08-03T12:04:00,24586.6,24591.0,24585.7,24588.25,680626
1785738900,2026-08-03T12:05:00,24588.0,24592.95,24587.65,24590.25,520373
1785738960,2026-08-03T12:06:00,24590.45,24594.15,24589.1,24592.3,973311
1785739020,2026-08-03T12:07:00,24590.85,24594.15,24588.35,24593.55,1023425
1785739080,2026-08-03T12:08:00,24593.2,24595.65,24590.6,24591.45,566486
1785739140,2026-08-03T12:09:00,24591.75,24598.7,24590.8,24597.0,1142987
1785739200,2026-08-03T12:10:00,24596.8,24599.95,24593.75,24598.65,716186
1785739260,2026-08-03T12:11:00,24599.05,24599.65,24592.0,24593.0,768080
1785739320,2026-08-03T12:12:00,24593.15,24600.5,24591.65,24597.0,520587
1785739380,2026-08-03T12:13:00,24596.8,24601.65,24595.25,24599.0,574927
1785739440,2026-08-03T12:14:00,24598.9,24602.6,24596.1,24601.3,564506
1785739500,2026-08-03T12:15:00,24601.3,24605.45,24599.25,24603.85,712574
1785739560,2026-08-03T12:16:00,24603.7,24608.2,24602.1,24605.45,549057
1785739620,2026-08-03T12:17:00,24606.0,24608.8,24601.85,24605.35,625332
1785739680,2026-08-03T12:18:00,24605.35,24607.75,24600.5,24605.55,515182
1785739740,2026-08-03T12:19:00,24605.75,24608.15,24603.7,24606.4,533945
1785739800,2026-08-03T12:20:00,24605.3,24607.2,24600.95,24602.9,514654
1785739860,2026-08-03T12:21:00,24602.0,24602.85,24598.1,24599.45,771662
1785739920,2026-08-03T12:22:00,24599.25,24604.85,24598.05,24603.75,509524
1785739980,2026-08-03T12:23:00,24603.5,24606.4,24599.05,24603.3,580640
1785740040,2026-08-03T12:24:00,24603.5,24606.8,24601.1,24605.6,516349
1785740100,2026-08-03T12:25:00,24605.75,24609.25,24605.0,24607.4,409703
1785740160,2026-08-03T12:26:00,24607.1,24609.5,24603.5,24604.55,805879
1785740220,2026-08-03T12:27:00,24603.25,24608.1,24603.25,24607.25,730005
1785740280,2026-08-03T12:28:00,24607.1,24608.05,24602.25,24605.4,399909
1785740340,2026-08-03T12:29:00,24605.15,24607.25,24602.3,24604.05,535022
1785740400,2026-08-03T12:30:00,24604.45,24606.55,24600.1,24604.7,548930
1785740460,2026-08-03T12:31:00,24604.8,24606.25,24602.3,24603.35,439014
1785740520,2026-08-03T12:32:00,24602.95,24604.95,24598.35,24598.95,623083
1785740580,2026-08-03T12:33:00,24598.95,24599.1,24592.15,24593.7,641759
1785740640,2026-08-03T12:34:00,24593.65,24596.7,24591.15,24593.75,773351
1785740700,2026-08-03T12:35:00,24593.7,24595.45,24589.7,24590.65,764848
1785740760,2026-08-03T12:36:00,24590.35,24592.45,24588.1,24590.25,402832
1785740820,2026-08-03T12:37:00,24590.4,24591.55,24587.75,24589.35,918476
1785740880,2026-08-03T12:38:00,24591.25,24592.3,24584.4,24586.3,635202
1785740940,2026-08-03T12:39:00,24587.8,24589.35,24585.05,24587.1,549073
1785741000,2026-08-03T12:40:00,24588.4,24594.55,24585.85,24591.85,943112
1785741060,2026-08-03T12:41:00,24593.4,24596.8,24591.8,24594.05,611181
1785741120,2026-08-03T12:42:00,24596.5,24596.5,24590.45,24591.3,523714
1785741180,2026-08-03T12:43:00,24593.25,24595.35,24589.3,24593.2,1066104
1785741240,2026-08-03T12:44:00,24594.95,24596.25,24592.25,24593.0,1990224
1785741300,2026-08-03T12:45:00,24594.65,24601.35,24593.6,24598.0,2254143
1785741360,2026-08-03T12:46:00,24600.6,24602.05,24596.95,24600.05,1048861
1785741420,2026-08-03T12:47:00,24602.15,24602.15,24574.4,24574.9,1666227
1785741480,2026-08-03T12:48:00,24577.3,24580.0,24570.15,24573.5,1116146
1785741540,2026-08-03T12:49:00,24576.3,24582.3,24572.95,24582.1,718238
1785741600,2026-08-03T12:50:00,24584.35,24586.65,24578.25,24580.05,804721
1785741660,2026-08-03T12:51:00,24582.45,24588.45,24580.5,24585.55,830923
1785741720,2026-08-03T12:52:00,24588.3,24588.8,24583.25,24586.25,595248
1785741780,2026-08-03T12:53:00,24587.9,24591.85,24586.15,24588.95,555736
1785741840,2026-08-03T12:54:00,24590.7,24590.95,24586.95,24588.7,500159
1785741900,2026-08-03T12:55:00,24591.15,24591.15,24585.8,24586.5,710324
1785741960,2026-08-03T12:56:00,24588.65,24588.65,24582.5,24587.2,815331
1785742020,2026-08-03T12:57:00,24587.5,24588.65,24583.75,24586.4,626665
1785742080,2026-08-03T12:58:00,24588.05,24588.05,24581.65,24583.6,687971
1785742140,2026-08-03T12:59:00,24584.35,24586.5,24580.15,24584.65,849627
1785742200,2026-08-03T13:00:00,24584.2,24585.95,24579.65,24580.6,394053
1785742260,2026-08-03T13:01:00,24580.8,24581.3,24576.9,24578.35,394686
1785742320,2026-08-03T13:02:00,24578.5,24582.4,24577.6,24579.15,452639
1785742380,2026-08-03T13:03:00,24579.4,24581.05,24577.6,24578.0,532752
1785742440,2026-08-03T13:04:00,24578.4,24579.95,24575.75,24578.2,484306
1785742500,2026-08-03T13:05:00,24578.15,24581.6,24578.15,24580.5,590033
1785742560,2026-08-03T13:06:00,24580.4,24581.5,24576.15,24577.2,423241
1785742620,2026-08-03T13:07:00,24577.8,24580.0,24576.1,24579.0,465455
1785742680,2026-08-03T13:08:00,24578.4,24582.45,24577.4,24580.85,563370
1785742740,2026-08-03T13:09:00,24581.25,24583.95,24579.8,24582.9,1885733
1785742800,2026-08-03T13:10:00,24583.5,24584.55,24580.0,24583.1,578544
1785742860,2026-08-03T13:11:00,24583.5,24585.7,24579.8,24580.1,578443
1785742920,2026-08-03T13:12:00,24580.75,24580.85,24575.9,24578.75,637822
1785742980,2026-08-03T13:13:00,24578.75,24580.15,24576.9,24578.4,569854
1785743040,2026-08-03T13:14:00,24578.15,24580.65,24576.8,24577.7,398985
1785743100,2026-08-03T13:15:00,24578.2,24580.15,24576.05,24578.95,479418
1785743160,2026-08-03T13:16:00,24579.8,24585.45,24579.3,24583.45,479275
1785743220,2026-08-03T13:17:00,24583.9,24585.85,24581.2,24584.85,448070
1785743280,2026-08-03T13:18:00,24583.2,24586.25,24582.05,24584.8,486872
1785743340,2026-08-03T13:19:00,24584.75,24588.05,24584.0,24587.05,476554
1785743400,2026-08-03T13:20:00,24587.3,24587.95,24583.2,24583.75,437704
1785743460,2026-08-03T13:21:00,24583.7,24585.15,24580.7,24582.1,580268
1785743520,2026-08-03T13:22:00,24582.0,24585.15,24580.6,24583.7,775575
1785743580,2026-08-03T13:23:00,24583.6,24585.85,24581.8,24584.05,1068713
1785743640,2026-08-03T13:24:00,24583.9,24586.35,24581.5,24584.0,376008
1785743700,2026-08-03T13:25:00,24584.3,24588.05,24583.05,24587.1,813706
1785743760,2026-08-03T13:26:00,24587.45,24590.3,24586.8,24588.45,500019
1785743820,2026-08-03T13:27:00,24587.9,24590.75,24586.5,24587.75,557644
1785743880,2026-08-03T13:28:00,24587.4,24591.75,24586.35,24588.3,517822
1785743940,2026-08-03T13:29:00,24588.0,24592.05,24587.5,24589.7,436447
1785744000,2026-08-03T13:30:00,24589.25,24591.4,24587.0,24587.95,379333
1785744060,2026-08-03T13:31:00,24587.85,24589.25,24585.85,24586.6,490435
1785744120,2026-08-03T13:32:00,24586.45,24593.3,24586.15,24591.55,930640
1785744180,2026-08-03T13:33:00,24590.55,24594.2,24588.6,24591.55,663924
1785744240,2026-08-03T13:34:00,24591.4,24598.45,24587.7,24597.8,768835
1785744300,2026-08-03T13:35:00,24597.35,24601.75,24594.15,24598.4,560295
1785744360,2026-08-03T13:36:00,24598.6,24606.05,24598.55,24598.55,596513
1785744420,2026-08-03T13:37:00,24599.2,24601.35,24593.35,24595.2,476557
1785744480,2026-08-03T13:38:00,24594.85,24596.25,24592.0,24594.7,364117
1785744540,2026-08-03T13:39:00,24594.0,24596.45,24592.3,24592.3,548128
1785744600,2026-08-03T13:40:00,24592.0,24593.95,24581.55,24581.75,579607
1785744660,2026-08-03T13:41:00,24582.7,24595.75,24581.2,24592.9,465268
1785744720,2026-08-03T13:42:00,24592.8,24597.8,24592.1,24596.15,566910
1785744780,2026-08-03T13:43:00,24596.7,24596.7,24592.75,24596.6,432230
1785744840,2026-08-03T13:44:00,24596.75,24601.0,24596.0,24596.1,511712
1785744900,2026-08-03T13:45:00,24595.2,24601.15,24592.2,24599.95,625384
1785744960,2026-08-03T13:46:00,24600.15,24600.15,24592.65,24594.15,424313
1785745020,2026-08-03T13:47:00,24593.25,24595.9,24591.35,24593.85,381848
1785745080,2026-08-03T13:48:00,24593.0,24595.9,24591.55,24594.6,453743
1785745140,2026-08-03T13:49:00,24593.65,24595.85,24591.85,24592.7,514097
1785745200,2026-08-03T13:50:00,24592.1,24595.85,24589.7,24590.25,524730
1785745260,2026-08-03T13:51:00,24589.3,24593.9,24588.65,24591.6,510969
1785745320,2026-08-03T13:52:00,24591.4,24592.0,24583.6,24586.9,540972
1785745380,2026-08-03T13:53:00,24586.5,24589.1,24583.1,24587.0,466175
1785745440,2026-08-03T13:54:00,24587.1,24588.6,24584.5,24586.75,410694
1785745500,2026-08-03T13:55:00,24585.9,24586.5,24581.7,24584.15,458088
1785745560,2026-08-03T13:56:00,24583.65,24590.3,24583.65,24588.1,513947
1785745620,2026-08-03T13:57:00,24590.25,24592.65,24587.9,24589.95,545341
1785745680,2026-08-03T13:58:00,24589.95,24591.85,24586.55,24587.4,437226
1785745740,2026-08-03T13:59:00,24587.0,24590.1,24585.95,24586.8,593595
1785745800,2026-08-03T14:00:00,24586.7,24590.8,24585.4,24588.45,491476
1785745860,2026-08-03T14:01:00,24588.55,24589.8,24586.45,24588.5,406091
1785745920,2026-08-03T14:02:00,24588.2,24591.05,24587.35,24588.1,542113
1785745980,2026-08-03T14:03:00,24587.95,24588.55,24583.5,24587.1,390036
1785746040,2026-08-03T14:04:00,24587.15,24589.75,24585.15,24589.45,491977
1785746100,2026-08-03T14:05:00,24590.05,24592.35,24588.85,24589.45,636778
1785746160,2026-08-03T14:06:00,24590.95,24592.35,24588.8,24591.85,369922
1785746220,2026-08-03T14:07:00,24593.15,24593.2,24589.25,24590.1,468772
1785746280,2026-08-03T14:08:00,24590.8,24592.45,24588.05,24589.35,413008
1785746340,2026-08-03T14:09:00,24588.95,24589.85,24585.1,24588.4,581333
1785746400,2026-08-03T14:10:00,24588.75,24589.3,24583.95,24587.1,1926110
1785746460,2026-08-03T14:11:00,24587.25,24589.45,24585.15,24587.85,546777
1785746520,2026-08-03T14:12:00,24588.85,24593.65,24587.4,24592.1,654150
1785746580,2026-08-03T14:13:00,24593.2,24595.05,24588.55,24592.25,622623
1785746640,2026-08-03T14:14:00,24593.1,24594.55,24590.3,24593.5,442338
1785746700,2026-08-03T14:15:00,24594.5,24595.05,24588.75,24590.55,531777
1785746760,2026-08-03T14:16:00,24591.65,24592.7,24586.6,24590.0,755146
1785746820,2026-08-03T14:17:00,24590.55,24592.9,24586.95,24587.95,689943
1785746880,2026-08-03T14:18:00,24588.85,24589.5,24578.45,24579.65,565254
1785746940,2026-08-03T14:19:00,24579.55,24585.15,24577.7,24583.85,464037
1785747000,2026-08-03T14:20:00,24584.2,24590.15,24582.7,24588.7,907727
1785747060,2026-08-03T14:21:00,24589.8,24591.55,24586.5,24587.15,732093
1785747120,2026-08-03T14:22:00,24588.9,24590.15,24585.65,24588.7,672056
1785747180,2026-08-03T14:23:00,24588.95,24590.75,24581.65,24583.2,653584
1785747240,2026-08-03T14:24:00,24583.75,24585.5,24580.65,24584.65,820619
1785747300,2026-08-03T14:25:00,24585.1,24589.15,24584.05,24585.25,597347
1785747360,2026-08-03T14:26:00,24586.15,24591.0,24585.05,24589.0,563252
1785747420,2026-08-03T14:27:00,24590.15,24591.75,24588.1,24589.75,409118
1785747480,2026-08-03T14:28:00,24589.8,24591.35,24587.55,24590.35,452829
1785747540,2026-08-03T14:29:00,24591.1,24592.3,24587.9,24589.85,454200
1785747600,2026-08-03T14:30:00,24589.45,24592.1,24587.1,24588.3,521809
1785747660,2026-08-03T14:31:00,24588.2,24592.7,24587.75,24589.8,536580
1785747720,2026-08-03T14:32:00,24589.65,24592.75,24587.8,24591.35,535523
1785747780,2026-08-03T14:33:00,24591.6,24592.05,24588.5,24589.3,529290
1785747840,2026-08-03T14:34:00,24589.05,24593.65,24588.65,24590.95,612402
1785747900,2026-08-03T14:35:00,24591.45,24594.8,24590.25,24592.15,470712
1785747960,2026-08-03T14:36:00,24592.05,24595.7,24585.4,24591.45,1234873
1785748020,2026-08-03T14:37:00,24591.4,24601.15,24590.9,24596.45,831378
1785748080,2026-08-03T14:38:00,24595.85,24598.55,24594.3,24594.95,405657
1785748140,2026-08-03T14:39:00,24596.75,24599.35,24594.35,24597.6,442238
1785748200,2026-08-03T14:40:00,24597.4,24601.75,24596.9,24599.85,428539
1785748260,2026-08-03T14:41:00,24599.3,24602.0,24594.8,24594.8,608679
1785748320,2026-08-03T14:42:00,24594.9,24598.85,24594.55,24596.9,438372
1785748380,2026-08-03T14:43:00,24596.65,24599.25,24594.35,24596.0,521153
1785748440,2026-08-03T14:44:00,24595.95,24600.5,24594.7,24597.55,864795
1785748500,2026-08-03T14:45:00,24598.35,24600.15,24595.25,24598.15,1023067
1785748560,2026-08-03T14:46:00,24598.3,24601.5,24597.4,24599.05,697104
1785748620,2026-08-03T14:47:00,24599.45,24600.7,24596.35,24597.55,838254
1785748680,2026-08-03T14:48:00,24598.15,24600.2,24596.35,24596.9,786256
1785748740,2026-08-03T14:49:00,24596.95,24601.15,24593.45,24598.55,833596
1785748800,2026-08-03T14:50:00,24598.2,24601.8,24595.25,24597.3,843650
1785748860,2026-08-03T14:51:00,24597.2,24602.75,24597.2,24599.85,1153505
1785748920,2026-08-03T14:52:00,24600.1,24602.3,24593.65,24594.95,2004562
1785748980,2026-08-03T14:53:00,24594.75,24596.45,24592.55,24593.5,1425180
1785749040,2026-08-03T14:54:00,24593.5,24594.8,24588.85,24592.7,1191750
1785749100,2026-08-03T14:55:00,24592.2,24599.2,24590.55,24597.35,937770
1785749160,2026-08-03T14:56:00,24597.35,24598.85,24594.6,24595.5,844740
1785749220,2026-08-03T14:57:00,24596.55,24598.25,24595.0,24595.45,967870
1785749280,2026-08-03T14:58:00,24596.0,24598.6,24593.75,24595.6,1184246
1785749340,2026-08-03T14:59:00,24597.15,24597.65,24592.75,24595.0,2990783
1785749400,2026-08-03T15:00:00,24594.85,24596.55,24591.85,24593.55,1755994
1785749460,2026-08-03T15:01:00,24593.95,24596.35,24590.25,24591.4,2031950
1785749520,2026-08-03T15:02:00,24593.4,24595.05,24588.15,24593.1,1710682
1785749580,2026-08-03T15:03:00,24593.25,24594.25,24587.2,24590.25,1670329
1785749640,2026-08-03T15:04:00,24589.2,24591.0,24583.25,24583.9,2396760
1785749700,2026-08-03T15:05:00,24584.2,24584.95,24570.7,24572.15,3121344
1785749760,2026-08-03T15:06:00,24571.3,24577.7,24567.85,24577.3,2664051
1785749820,2026-08-03T15:07:00,24576.5,24578.65,24569.85,24570.75,1747971
1785749880,2026-08-03T15:08:00,24569.7,24571.8,24564.05,24566.35,2100013
1785749940,2026-08-03T15:09:00,24566.4,24572.3,24554.95,24571.05,2637140
1785750000,2026-08-03T15:10:00,24568.8,24575.1,24562.9,24565.75,3329110
1785750060,2026-08-03T15:11:00,24562.6,24577.3,24554.2,24575.6,2658476
1785750120,2026-08-03T15:12:00,24574.45,24580.7,24567.55,24578.05,2281680
1785750180,2026-08-03T15:13:00,24578.4,24583.8,24575.3,24575.3,1517711
1785750240,2026-08-03T15:14:00,24577.35,24584.05,24569.0,24573.55,933796
1785750300,2026-08-03T15:15:00,24573.35,24573.35,24573.35,24573.35,9878
1785750360,2026-08-03T15:16:00,24573.35,24573.35,24573.35,24573.35,9878
1785750420,2026-08-03T15:17:00,24573.35,24573.35,24573.35,24573.35,9878
1785750480,2026-08-03T15:18:00,24573.35,24573.35,24573.35,24573.35,9878
1785750540,2026-08-03T15:19:00,24573.35,24573.35,24573.35,24573.35,9878
1785750600,2026-08-03T15:20:00,24573.35,24573.35,24573.35,24573.35,9878
1785750660,2026-08-03T15:21:00,24573.35,24573.35,24573.35,24573.35,9878
1785750720,2026-08-03T15:22:00,24573.35,24573.35,24573.35,24573.35,9878
1785750780,2026-08-03T15:23:00,24573.35,24573.35,24573.35,24573.35,9878
1785750840,2026-08-03T15:24:00,24573.35,24573.35,24573.35,24573.35,9878
1785750900,2026-08-03T15:25:00,24573.35,24573.35,24573.35,24573.35,9878
1785750960,2026-08-03T15:26:00,24573.35,24573.35,24573.35,24573.35,9878
1785751020,2026-08-03T15:27:00,24573.35,24573.35,24573.35,24573.35,9878
1785751080,2026-08-03T15:28:00,24573.35,24573.35,24573.35,24573.35,9878
1785751140,2026-08-03T15:29:00,24573.35,24774.3,24573.35,24774.3,9878
1785815100,2026-08-04T09:15:00,24703.9,24703.9,24599.5,24602.45,4170564
1785815160,2026-08-04T09:16:00,24605.1,24605.55,24589.85,24600.95,2453137
1785815220,2026-08-04T09:17:00,24603.4,24608.2,24595.15,24595.15,2060468
1785815280,2026-08-04T09:18:00,24597.15,24611.1,24594.15,24601.75,2588560
1785815340,2026-08-04T09:19:00,24602.9,24605.1,24598.7,24599.8,1948607
1785815400,2026-08-04T09:20:00,24604.9,24615.1,24600.4,24615.05,1398277
1785815460,2026-08-04T09:21:00,24616.85,24617.1,24609.7,24612.35,1349320
1785815520,2026-08-04T09:22:00,24614.2,24624.5,24610.75,24621.95,1948127
1785815580,2026-08-04T09:23:00,24623.9,24626.45,24619.05,24621.65,1257821
1785815640,2026-08-04T09:24:00,24622.4,24622.4,24615.6,24615.85,1180987
1785815700,2026-08-04T09:25:00,24618.45,24618.45,24606.55,24607.5,1150400
1785815760,2026-08-04T09:26:00,24609.35,24609.35,24600.8,24601.5,1343717
1785815820,2026-08-04T09:27:00,24603.9,24604.9,24598.2,24598.65,1003702
1785815880,2026-08-04T09:28:00,24601.75,24601.75,24595.6,24597.5,1065669
1785815940,2026-08-04T09:29:00,24599.2,24602.4,24596.45,24597.6,856923
1785816000,2026-08-04T09:30:00,24598.5,24601.4,24597.0,24599.55,1329115
1785816060,2026-08-04T09:31:00,24601.75,24606.4,24599.25,24599.95,1001153
1785816120,2026-08-04T09:32:00,24600.65,24602.25,24593.25,24593.95,965185
1785816180,2026-08-04T09:33:00,24595.7,24597.4,24589.35,24596.3,792685
1785816240,2026-08-04T09:34:00,24597.75,24597.75,24589.8,24590.65,769813
1785816300,2026-08-04T09:35:00,24591.65,24595.05,24589.8,24593.15,988007
1785816360,2026-08-04T09:36:00,24593.6,24599.6,24590.6,24597.75,871891
1785816420,2026-08-04T09:37:00,24599.3,24600.35,24596.9,24598.9,950708
1785816480,2026-08-04T09:38:00,24599.35,24604.5,24597.15,24602.65,728386
1785816540,2026-08-04T09:39:00,24603.25,24606.2,24601.6,24604.65,710904
1785816600,2026-08-04T09:40:00,24606.0,24614.1,24604.6,24610.75,914490
1785816660,2026-08-04T09:41:00,24612.55,24613.05,24607.25,24612.75,903897
1785816720,2026-08-04T09:42:00,24613.1,24614.95,24611.0,24613.9,811145
1785816780,2026-08-04T09:43:00,24615.1,24626.4,24613.5,24622.9,752701
1785816840,2026-08-04T09:44:00,24624.7,24629.55,24621.65,24623.6,806131
1785816900,2026-08-04T09:45:00,24623.7,24627.25,24622.65,24622.95,672572
1785816960,2026-08-04T09:46:00,24626.3,24626.8,24621.85,24625.9,786724
1785817020,2026-08-04T09:47:00,24628.45,24632.35,24626.9,24630.7,854171
1785817080,2026-08-04T09:48:00,24632.0,24635.95,24630.2,24634.55,679234
1785817140,2026-08-04T09:49:00,24635.25,24635.4,24629.45,24635.15,1037389
1785817200,2026-08-04T09:50:00,24635.8,24637.8,24632.7,24634.2,508828
1785817260,2026-08-04T09:51:00,24634.7,24647.2,24633.0,24646.5,1611513
1785817320,2026-08-04T09:52:00,24646.75,24647.65,24636.4,24636.75,1153881
1785817380,2026-08-04T09:53:00,24638.1,24638.15,24633.65,24634.9,865418
1785817440,2026-08-04T09:54:00,24636.95,24636.95,24631.3,24634.15,669907
1785817500,2026-08-04T09:55:00,24634.8,24638.8,24633.4,24638.05,638671
1785817560,2026-08-04T09:56:00,24639.6,24639.6,24634.7,24634.7,831171
1785817620,2026-08-04T09:57:00,24636.95,24636.95,24631.1,24631.5,667269
1785817680,2026-08-04T09:58:00,24632.1,24635.35,24628.75,24634.75,670837
1785817740,2026-08-04T09:59:00,24635.95,24636.85,24630.0,24631.55,1095128
1785817800,2026-08-04T10:00:00,24633.8,24634.75,24629.7,24629.7,757315
1785817860,2026-08-04T10:01:00,24631.5,24633.1,24628.65,24630.05,962298
1785817920,2026-08-04T10:02:00,24631.55,24632.7,24628.85,24630.4,530043
1785817980,2026-08-04T10:03:00,24631.3,24631.8,24626.6,24627.5,625824
1785818040,2026-08-04T10:04:00,24628.7,24630.35,24625.35,24626.4,712838
1785818100,2026-08-04T10:05:00,24628.15,24629.35,24623.6,24627.7,630059
1785818160,2026-08-04T10:06:00,24629.4,24630.65,24626.7,24627.75,716799
1785818220,2026-08-04T10:07:00,24629.4,24629.4,24622.2,24623.35,458040
1785818280,2026-08-04T10:08:00,24625.55,24625.55,24617.75,24618.15,573889
1785818340,2026-08-04T10:09:00,24619.55,24619.95,24610.3,24611.4,736763
1785818400,2026-08-04T10:10:00,24613.95,24615.2,24610.8,24613.7,607369
1785818460,2026-08-04T10:11:00,24614.85,24615.35,24607.75,24609.2,824100
1785818520,2026-08-04T10:12:00,24611.6,24612.7,24607.45,24611.65,826302
1785818580,2026-08-04T10:13:00,24613.65,24616.7,24610.8,24616.6,1178070
1785818640,2026-08-04T10:14:00,24618.55,24619.0,24615.4,24615.5,970408
1785818700,2026-08-04T10:15:00,24617.6,24617.6,24610.15,24612.1,583621
1785818760,2026-08-04T10:16:00,24613.7,24615.7,24610.45,24613.7,573220
1785818820,2026-08-04T10:17:00,24614.85,24619.75,24613.2,24619.0,527703
1785818880,2026-08-04T10:18:00,24620.4,24620.4,24616.45,24619.2,756845
1785818940,2026-08-04T10:19:00,24620.75,24620.75,24615.8,24616.2,919833
1785819000,2026-08-04T10:20:00,24617.55,24618.15,24609.45,24610.65,824584
1785819060,2026-08-04T10:21:00,24612.65,24612.65,24603.45,24605.0,716164
1785819120,2026-08-04T10:22:00,24606.65,24606.65,24600.25,24601.3,768255
1785819180,2026-08-04T10:23:00,24603.65,24603.65,24594.45,24594.7,1004552
1785819240,2026-08-04T10:24:00,24597.8,24599.8,24593.55,24593.8,862696
1785819300,2026-08-04T10:25:00,24596.4,24596.4,24590.35,24593.2,592111
1785819360,2026-08-04T10:26:00,24596.0,24596.0,24588.95,24590.2,1029750
1785819420,2026-08-04T10:27:00,24592.0,24594.95,24588.3,24592.6,609648
1785819480,2026-08-04T10:28:00,24594.9,24595.55,24591.45,24595.15,601949
1785819540,2026-08-04T10:29:00,24597.45,24598.1,24592.5,24592.8,839681
1785819600,2026-08-04T10:30:00,24594.15,24594.95,24588.2,24590.05,579578
1785819660,2026-08-04T10:31:00,24592.5,24592.5,24582.2,24585.35,1147615
1785819720,2026-08-04T10:32:00,24587.85,24587.85,24582.45,24583.45,457246
1785819780,2026-08-04T10:33:00,24586.75,24586.75,24580.9,24583.65,1258511
1785819840,2026-08-04T10:34:00,24584.4,24588.3,24582.35,24582.9,614538
1785819900,2026-08-04T10:35:00,24584.95,24584.95,24580.1,24582.05,432738
1785819960,2026-08-04T10:36:00,24583.05,24583.05,24578.7,24579.9,434584
1785820020,2026-08-04T10:37:00,24581.55,24582.9,24578.6,24581.9,488454
1785820080,2026-08-04T10:38:00,24583.85,24583.85,24579.75,24581.9,616738
1785820140,2026-08-04T10:39:00,24583.95,24586.25,24580.9,24581.95,442529
1785820200,2026-08-04T10:40:00,24584.0,24585.15,24580.1,24585.15,363668
1785820260,2026-08-04T10:41:00,24585.7,24587.6,24582.15,24586.35,418635
1785820320,2026-08-04T10:42:00,24588.55,24588.55,24583.6,24584.95,397413
1785820380,2026-08-04T10:43:00,24587.25,24587.25,24582.7,24583.15,533110
1785820440,2026-08-04T10:44:00,24586.05,24586.05,24581.25,24582.0,545325
1785820500,2026-08-04T10:45:00,24583.95,24583.95,24580.7,24581.7,387230
1785820560,2026-08-04T10:46:00,24584.15,24585.4,24579.95,24580.05,576179
1785820620,2026-08-04T10:47:00,24582.1,24582.1,24578.7,24580.9,659817
1785820680,2026-08-04T10:48:00,24582.0,24583.75,24579.65,24582.45,545069
1785820740,2026-08-04T10:49:00,24584.55,24585.55,24581.1,24583.5,607197
1785820800,2026-08-04T10:50:00,24586.35,24586.65,24582.75,24586.05,416578
1785820860,2026-08-04T10:51:00,24587.7,24587.7,24582.35,24585.95,431326
1785820920,2026-08-04T10:52:00,24587.95,24587.95,24583.25,24583.6,421984
1785820980,2026-08-04T10:53:00,24587.15,24588.9,24583.95,24585.2,689474
1785821040,2026-08-04T10:54:00,24587.7,24587.7,24580.95,24581.8,677160
1785821100,2026-08-04T10:55:00,24584.55,24584.55,24580.65,24582.1,429092
1785821160,2026-08-04T10:56:00,24583.8,24585.25,24570.3,24570.45,574614
1785821220,2026-08-04T10:57:00,24572.6,24574.65,24569.4,24571.15,529597
1785821280,2026-08-04T10:58:00,24574.15,24574.5,24569.0,24573.75,1173779
1785821340,2026-08-04T10:59:00,24575.2,24579.0,24574.05,24575.4,600567
1785821400,2026-08-04T11:00:00,24577.95,24585.2,24576.15,24584.3,611454
1785821460,2026-08-04T11:01:00,24586.65,24590.55,24585.05,24590.25,813076
1785821520,2026-08-04T11:02:00,24592.05,24592.05,24586.65,24587.05,461151
1785821580,2026-08-04T11:03:00,24589.6,24589.6,24585.25,24585.9,378382
1785821640,2026-08-04T11:04:00,24587.55,24590.45,24584.95,24589.2,471276
1785821700,2026-08-04T11:05:00,24590.65,24590.65,24586.4,24588.65,779661
1785821760,2026-08-04T11:06:00,24590.8,24590.8,24584.0,24586.1,745995
1785821820,2026-08-04T11:07:00,24587.65,24592.65,24585.6,24591.95,614233
1785821880,2026-08-04T11:08:00,24592.6,24593.7,24590.25,24591.15,490049
1785821940,2026-08-04T11:09:00,24592.8,24592.8,24587.4,24587.9,628757
1785822000,2026-08-04T11:10:00,24590.1,24590.1,24585.95,24589.15,731331
1785822060,2026-08-04T11:11:00,24591.75,24591.75,24586.45,24587.9,607674
1785822120,2026-08-04T11:12:00,24589.75,24589.75,24585.75,24588.0,471516
1785822180,2026-08-04T11:13:00,24589.5,24592.45,24588.3,24588.7,824810
1785822240,2026-08-04T11:14:00,24591.1,24592.5,24588.05,24590.9,430826
1785822300,2026-08-04T11:15:00,24593.3,24593.3,24588.7,24590.9,623645
1785822360,2026-08-04T11:16:00,24593.05,24595.0,24588.85,24594.2,652254
1785822420,2026-08-04T11:17:00,24596.4,24596.45,24592.95,24595.05,840343
1785822480,2026-08-04T11:18:00,24596.5,24598.8,24594.7,24595.85,505385
1785822540,2026-08-04T11:19:00,24597.75,24597.75,24592.85,24593.35,466003
1785822600,2026-08-04T11:20:00,24595.45,24595.45,24588.3,24592.05,740410
1785822660,2026-08-04T11:21:00,24594.05,24594.05,24589.55,24592.1,598394
1785822720,2026-08-04T11:22:00,24594.1,24594.1,24590.0,24591.9,401750
1785822780,2026-08-04T11:23:00,24594.7,24594.7,24588.2,24588.8,471499
1785822840,2026-08-04T11:24:00,24589.95,24589.95,24585.5,24585.9,456506
1785822900,2026-08-04T11:25:00,24587.95,24588.8,24584.5,24586.5,1060986
1785822960,2026-08-04T11:26:00,24589.15,24589.15,24585.6,24587.8,440397
1785823020,2026-08-04T11:27:00,24589.45,24589.45,24582.85,24583.0,485824
1785823080,2026-08-04T11:28:00,24585.45,24585.45,24575.6,24575.65,1774680
1785823140,2026-08-04T11:29:00,24578.15,24579.45,24576.6,24577.05,714627
1785823200,2026-08-04T11:30:00,24579.55,24579.55,24575.7,24578.15,562443
1785823260,2026-08-04T11:31:00,24579.55,24579.55,24571.9,24571.9,684913
1785823320,2026-08-04T11:32:00,24574.4,24575.95,24571.2,24572.65,868991
1785823380,2026-08-04T11:33:00,24575.1,24575.5,24570.25,24571.15,799792
1785823440,2026-08-04T11:34:00,24572.6,24573.2,24568.3,24568.8,447941
1785823500,2026-08-04T11:35:00,24571.55,24571.65,24566.85,24568.9,625939
1785823560,2026-08-04T11:36:00,24570.85,24570.85,24563.95,24565.1,992457
1785823620,2026-08-04T11:37:00,24567.25,24567.45,24563.2,24564.0,407792
1785823680,2026-08-04T11:38:00,24565.55,24565.55,24560.15,24561.7,554472
1785823740,2026-08-04T11:39:00,24564.0,24572.55,24561.7,24571.05,681252
1785823800,2026-08-04T11:40:00,24571.4,24571.85,24554.0,24555.7,839264
1785823860,2026-08-04T11:41:00,24558.1,24561.9,24554.4,24557.65,471594
1785823920,2026-08-04T11:42:00,24559.6,24559.7,24555.45,24555.45,514245
1785823980,2026-08-04T11:43:00,24558.4,24560.75,24555.3,24558.4,493848
1785824040,2026-08-04T11:44:00,24561.0,24561.0,24553.7,24555.45,753477
1785824100,2026-08-04T11:45:00,24557.5,24557.5,24551.05,24552.45,405764
1785824160,2026-08-04T11:46:00,24554.35,24554.35,24550.1,24550.65,629523
1785824220,2026-08-04T11:47:00,24551.6,24552.8,24545.75,24551.45,1040989
1785824280,2026-08-04T11:48:00,24552.3,24554.05,24534.55,24535.3,1145764
1785824340,2026-08-04T11:49:00,24539.7,24539.7,24530.45,24532.8,666382
1785824400,2026-08-04T11:50:00,24534.75,24536.9,24530.6,24533.15,704460
1785824460,2026-08-04T11:51:00,24534.7,24536.7,24532.25,24535.55,514266
1785824520,2026-08-04T11:52:00,24538.4,24538.4,24529.6,24530.8,480193
1785824580,2026-08-04T11:53:00,24532.5,24540.4,24531.15,24535.45,497575
1785824640,2026-08-04T11:54:00,24538.45,24539.85,24531.6,24532.75,618811
1785824700,2026-08-04T11:55:00,24534.3,24535.8,24531.75,24532.5,453947
1785824760,2026-08-04T11:56:00,24534.7,24534.7,24530.1,24531.5,496491
1785824820,2026-08-04T11:57:00,24532.95,24532.95,24526.2,24528.95,471287
1785824880,2026-08-04T11:58:00,24531.35,24531.6,24527.0,24527.1,469892
1785824940,2026-08-04T11:59:00,24528.25,24528.25,24521.85,24524.15,645962
1785825000,2026-08-04T12:00:00,24524.75,24524.75,24505.4,24506.4,903394
1785825060,2026-08-04T12:01:00,24508.7,24515.6,24505.95,24514.45,598933
1785825120,2026-08-04T12:02:00,24516.75,24521.15,24514.05,24519.65,649905
1785825180,2026-08-04T12:03:00,24522.95,24528.35,24520.05,24526.35,576673
1785825240,2026-08-04T12:04:00,24528.55,24529.1,24521.9,24521.9,498993
1785825300,2026-08-04T12:05:00,24522.6,24524.05,24519.15,24521.85,478896
1785825360,2026-08-04T12:06:00,24524.0,24524.0,24519.8,24521.0,566273
1785825420,2026-08-04T12:07:00,24522.1,24522.1,24511.45,24511.65,516933
1785825480,2026-08-04T12:08:00,24513.5,24513.65,24503.95,24505.75,764811
1785825540,2026-08-04T12:09:00,24507.55,24512.4,24505.5,24506.35,1048645
1785825600,2026-08-04T12:10:00,24507.9,24507.9,24500.95,24501.45,870469
1785825660,2026-08-04T12:11:00,24502.5,24502.65,24496.7,24497.65,533185
1785825720,2026-08-04T12:12:00,24500.05,24506.25,24498.65,24505.3,553105
1785825780,2026-08-04T12:13:00,24507.9,24510.55,24505.9,24509.25,427909
1785825840,2026-08-04T12:14:00,24510.8,24511.5,24508.7,24511.3,456151
1785825900,2026-08-04T12:15:00,24513.4,24513.4,24505.4,24509.8,646565
1785825960,2026-08-04T12:16:00,24512.3,24514.15,24509.15,24512.75,831811
1785826020,2026-08-04T12:17:00,24515.2,24516.5,24512.6,24513.45,386496
1785826080,2026-08-04T12:18:00,24515.6,24517.05,24512.85,24514.15,425829
1785826140,2026-08-04T12:19:00,24516.15,24523.6,24514.05,24519.75,656735
1785826200,2026-08-04T12:20:00,24521.7,24524.35,24519.1,24521.05,531958
1785826260,2026-08-04T12:21:00,24521.8,24521.8,24515.55,24515.9,424305
1785826320,2026-08-04T12:22:00,24518.0,24518.95,24513.6,24514.5,503709
1785826380,2026-08-04T12:23:00,24516.45,24521.3,24514.7,24520.2,518569
1785826440,2026-08-04T12:24:00,24522.9,24522.9,24517.05,24519.35,627446
1785826500,2026-08-04T12:25:00,24521.35,24521.45,24518.05,24519.2,819283
1785826560,2026-08-04T12:26:00,24521.05,24521.25,24516.25,24518.05,663537
1785826620,2026-08-04T12:27:00,24518.9,24518.9,24511.95,24513.0,572525
1785826680,2026-08-04T12:28:00,24514.3,24517.4,24512.85,24514.7,403788
1785826740,2026-08-04T12:29:00,24516.05,24518.35,24514.45,24515.7,400461
1785826800,2026-08-04T12:30:00,24517.65,24519.65,24516.25,24517.75,442442
1785826860,2026-08-04T12:31:00,24518.85,24518.85,24515.45,24517.1,372663
1785826920,2026-08-04T12:32:00,24519.25,24519.25,24514.25,24516.15,395294
1785826980,2026-08-04T12:33:00,24517.6,24517.6,24509.35,24510.35,401429
1785827040,2026-08-04T12:34:00,24511.5,24511.5,24506.7,24507.55,517616
1785827100,2026-08-04T12:35:00,24509.1,24509.1,24500.3,24500.7,578962
1785827160,2026-08-04T12:36:00,24502.4,24502.4,24498.05,24499.8,427054
1785827220,2026-08-04T12:37:00,24500.95,24500.95,24493.1,24493.4,874011
1785827280,2026-08-04T12:38:00,24495.3,24495.55,24491.0,24495.15,368562
1785827340,2026-08-04T12:39:00,24496.65,24504.15,24494.45,24503.25,733079
1785827400,2026-08-04T12:40:00,24504.9,24506.15,24500.55,24500.9,542093
1785827460,2026-08-04T12:41:00,24502.45,24502.45,24493.75,24494.35,565596
1785827520,2026-08-04T12:42:00,24495.5,24495.5,24489.5,24489.8,536642
1785827580,2026-08-04T12:43:00,24490.95,24492.2,24488.1,24489.0,479017
1785827640,2026-08-04T12:44:00,24490.6,24493.8,24489.1,24493.35,598333
1785827700,2026-08-04T12:45:00,24495.0,24502.9,24493.95,24501.3,421638
1785827760,2026-08-04T12:46:00,24503.7,24503.7,24500.2,24502.2,393552
1785827820,2026-08-04T12:47:00,24503.55,24505.8,24501.95,24504.45,357710
1785827880,2026-08-04T12:48:00,24506.65,24506.65,24498.75,24499.05,413594
1785827940,2026-08-04T12:49:00,24500.85,24503.8,24497.2,24503.3,670045
1785828000,2026-08-04T12:50:00,24504.65,24507.95,24501.7,24506.85,314788
1785828060,2026-08-04T12:51:00,24507.85,24509.15,24504.75,24507.15,406020
1785828120,2026-08-04T12:52:00,24509.8,24509.8,24500.3,24501.45,745131
1785828180,2026-08-04T12:53:00,24504.3,24505.0,24501.1,24501.5,385192
1785828240,2026-08-04T12:54:00,24503.5,24503.5,24499.1,24500.05,414043
1785828300,2026-08-04T12:55:00,24500.65,24500.65,24490.6,24491.75,547120
1785828360,2026-08-04T12:56:00,24494.2,24494.2,24489.35,24491.9,317512
1785828420,2026-08-04T12:57:00,24493.55,24495.95,24491.3,24495.6,286410
1785828480,2026-08-04T12:58:00,24496.95,24496.95,24490.8,24491.3,295394
1785828540,2026-08-04T12:59:00,24493.55,24495.65,24490.65,24491.75,478034
1785828600,2026-08-04T13:00:00,24493.4,24495.8,24488.75,24495.0,435465
1785828660,2026-08-04T13:01:00,24497.35,24500.85,24495.6,24499.55,488329
1785828720,2026-08-04T13:02:00,24500.65,24500.65,24492.1,24492.3,515333
1785828780,2026-08-04T13:03:00,24494.2,24497.35,24492.1,24494.65,321135
1785828840,2026-08-04T13:04:00,24496.65,24496.65,24491.85,24493.65,361007
1785828900,2026-08-04T13:05:00,24494.65,24495.8,24491.75,24491.9,400839
1785828960,2026-08-04T13:06:00,24493.95,24493.95,24488.65,24491.25,646173
1785829020,2026-08-04T13:07:00,24493.25,24493.35,24489.4,24491.45,283072
1785829080,2026-08-04T13:08:00,24492.6,24493.5,24490.0,24490.35,452493
1785829140,2026-08-04T13:09:00,24493.05,24493.05,24483.2,24483.7,680652
1785829200,2026-08-04T13:10:00,24486.65,24489.1,24484.65,24487.25,421525
1785829260,2026-08-04T13:11:00,24489.65,24489.75,24485.55,24485.7,470843
1785829320,2026-08-04T13:12:00,24487.55,24487.55,24483.4,24485.1,377681
1785829380,2026-08-04T13:13:00,24486.95,24488.4,24482.95,24483.6,626866
1785829440,2026-08-04T13:14:00,24485.05,24485.05,24477.35,24479.6,718378
1785829500,2026-08-04T13:15:00,24481.7,24481.7,24474.1,24477.95,824414
1785829560,2026-08-04T13:16:00,24479.4,24480.55,24475.7,24480.5,573197
1785829620,2026-08-04T13:17:00,24483.0,24487.0,24479.15,24482.3,830865
1785829680,2026-08-04T13:18:00,24483.4,24487.95,24480.5,24485.05,579401
1785829740,2026-08-04T13:19:00,24486.6,24486.6,24480.05,24482.05,464042
1785829800,2026-08-04T13:20:00,24484.05,24484.05,24479.45,24480.65,567539
1785829860,2026-08-04T13:21:00,24482.05,24482.05,24475.2,24475.8,589049
1785829920,2026-08-04T13:22:00,24477.65,24480.15,24475.15,24478.75,497624
1785829980,2026-08-04T13:23:00,24481.05,24492.0,24479.15,24491.35,982669
1785830040,2026-08-04T13:24:00,24492.0,24493.45,24490.1,24491.8,768619
1785830100,2026-08-04T13:25:00,24492.75,24492.75,24489.05,24490.1,711448
1785830160,2026-08-04T13:26:00,24491.55,24491.55,24485.75,24488.1,732447
1785830220,2026-08-04T13:27:00,24489.65,24491.05,24487.55,24488.25,750557
1785830280,2026-08-04T13:28:00,24490.05,24490.05,24475.65,24475.8,627289
1785830340,2026-08-04T13:29:00,24478.0,24478.0,24469.35,24471.2,539956
1785830400,2026-08-04T13:30:00,24473.5,24474.0,24468.95,24470.75,459450
1785830460,2026-08-04T13:31:00,24472.4,24472.4,24466.8,24468.65,611526
1785830520,2026-08-04T13:32:00,24469.95,24470.0,24461.95,24462.7,524871
1785830580,2026-08-04T13:33:00,24464.6,24464.6,24458.2,24464.05,574777
1785830640,2026-08-04T13:34:00,24465.95,24468.9,24462.7,24463.7,761826
1785830700,2026-08-04T13:35:00,24464.7,24465.0,24458.55,24458.85,388985
1785830760,2026-08-04T13:36:00,24460.8,24460.8,24455.95,24459.9,478149
1785830820,2026-08-04T13:37:00,24461.85,24464.05,24457.7,24463.45,301836
1785830880,2026-08-04T13:38:00,24464.1,24464.25,24460.85,24464.25,396141
1785830940,2026-08-04T13:39:00,24465.15,24470.85,24463.55,24468.2,638205
1785831000,2026-08-04T13:40:00,24468.75,24470.9,24466.65,24469.1,676691
1785831060,2026-08-04T13:41:00,24470.85,24471.0,24468.5,24469.75,876954
1785831120,2026-08-04T13:42:00,24470.6,24470.6,24462.25,24463.9,934095
1785831180,2026-08-04T13:43:00,24466.1,24466.1,24460.2,24461.2,499828
1785831240,2026-08-04T13:44:00,24463.3,24463.3,24453.65,24453.8,805103
1785831300,2026-08-04T13:45:00,24454.8,24458.2,24453.05,24456.1,555806
1785831360,2026-08-04T13:46:00,24457.5,24457.5,24452.0,24454.2,498133
1785831420,2026-08-04T13:47:00,24455.4,24457.8,24451.7,24457.1,454679
1785831480,2026-08-04T13:48:00,24459.2,24466.8,24456.95,24465.95,477934
1785831540,2026-08-04T13:49:00,24467.45,24467.45,24462.05,24465.45,913052
1785831600,2026-08-04T13:50:00,24466.75,24468.25,24464.3,24466.95,378216
1785831660,2026-08-04T13:51:00,24468.45,24468.45,24462.45,24465.05,565356
1785831720,2026-08-04T13:52:00,24467.1,24467.25,24462.5,24463.75,403267
1785831780,2026-08-04T13:53:00,24464.55,24464.55,24449.75,24450.1,810650
1785831840,2026-08-04T13:54:00,24450.55,24450.55,24440.9,24446.7,1754756
1785831900,2026-08-04T13:55:00,24446.4,24448.4,24444.9,24446.8,1714538
1785831960,2026-08-04T13:56:00,24447.7,24448.4,24439.45,24439.75,1533742
1785832020,2026-08-04T13:57:00,24440.45,24440.7,24429.15,24429.55,1776351
1785832080,2026-08-04T13:58:00,24430.2,24442.75,24427.95,24441.75,1591075
1785832140,2026-08-04T13:59:00,24443.45,24449.6,24440.85,24448.9,354828
1785832200,2026-08-04T14:00:00,24450.6,24450.6,24436.15,24444.95,618008
1785832260,2026-08-04T14:01:00,24448.05,24448.05,24442.75,24444.8,417411
1785832320,2026-08-04T14:02:00,24446.35,24446.35,24440.9,24442.1,555543
1785832380,2026-08-04T14:03:00,24444.2,24444.2,24439.95,24442.7,423752
1785832440,2026-08-04T14:04:00,24443.25,24446.1,24440.45,24445.4,528694
1785832500,2026-08-04T14:05:00,24447.8,24450.3,24444.3,24447.65,565663
1785832560,2026-08-04T14:06:00,24449.65,24454.2,24447.2,24452.45,604646
1785832620,2026-08-04T14:07:00,24453.9,24457.9,24451.65,24456.05,670580
1785832680,2026-08-04T14:08:00,24458.75,24458.75,24451.05,24451.3,460663
1785832740,2026-08-04T14:09:00,24453.8,24454.2,24449.55,24450.2,543846
1785832800,2026-08-04T14:10:00,24452.5,24455.45,24450.1,24452.4,731880
1785832860,2026-08-04T14:11:00,24454.45,24460.45,24450.2,24459.4,1317764
1785832920,2026-08-04T14:12:00,24462.25,24462.25,24457.2,24458.75,862290
1785832980,2026-08-04T14:13:00,24461.1,24461.1,24455.2,24457.65,578320
1785833040,2026-08-04T14:14:00,24459.3,24463.3,24457.15,24462.35,658183
1785833100,2026-08-04T14:15:00,24463.8,24464.95,24460.85,24461.4,608120
1785833160,2026-08-04T14:16:00,24463.3,24465.2,24460.45,24463.25,647826
1785833220,2026-08-04T14:17:00,24464.6,24470.3,24463.4,24469.75,1193880
1785833280,2026-08-04T14:18:00,24470.95,24473.85,24464.55,24473.85,1830068
1785833340,2026-08-04T14:19:00,24475.0,24487.35,24473.45,24486.0,1501862
1785833400,2026-08-04T14:20:00,24487.3,24492.45,24486.65,24492.15,1445469
1785833460,2026-08-04T14:21:00,24493.45,24494.3,24472.65,24476.2,1664786
1785833520,2026-08-04T14:22:00,24478.65,24479.4,24475.0,24477.6,710092
1785833580,2026-08-04T14:23:00,24479.8,24482.05,24463.8,24466.2,1238612
1785833640,2026-08-04T14:24:00,24469.9,24475.95,24467.65,24473.4,578641
1785833700,2026-08-04T14:25:00,24476.0,24480.75,24473.65,24477.85,713606
1785833760,2026-08-04T14:26:00,24480.3,24482.85,24476.25,24478.15,834773
1785833820,2026-08-04T14:27:00,24480.8,24482.1,24475.9,24479.5,558587
1785833880,2026-08-04T14:28:00,24479.85,24481.6,24471.0,24472.2,763177
1785833940,2026-08-04T14:29:00,24473.65,24473.65,24461.1,24470.5,1459143
1785834000,2026-08-04T14:30:00,24470.1,24481.5,24465.85,24479.3,1135618
1785834060,2026-08-04T14:31:00,24480.45,24490.3,24478.2,24481.0,2048737
1785834120,2026-08-04T14:32:00,24480.7,24486.2,24469.65,24469.65,1026579
1785834180,2026-08-04T14:33:00,24470.9,24471.25,24458.9,24458.9,1573229
1785834240,2026-08-04T14:34:00,24462.5,24465.15,24456.3,24463.15,2042071
1785834300,2026-08-04T14:35:00,24464.85,24469.5,24462.65,24466.65,530576
1785834360,2026-08-04T14:36:00,24467.35,24467.9,24456.85,24460.6,707572
1785834420,2026-08-04T14:37:00,24461.8,24465.2,24459.1,24463.75,603594
1785834480,2026-08-04T14:38:00,24464.65,24470.65,24463.35,24469.15,523820
1785834540,2026-08-04T14:39:00,24469.2,24471.5,24462.3,24463.3,820773
1785834600,2026-08-04T14:40:00,24463.85,24467.55,24462.2,24463.25,835920
1785834660,2026-08-04T14:41:00,24464.15,24467.15,24462.0,24464.35,667045
1785834720,2026-08-04T14:42:00,24464.9,24466.5,24459.15,24462.7,560870
1785834780,2026-08-04T14:43:00,24461.75,24463.8,24458.05,24459.5,687858
1785834840,2026-08-04T14:44:00,24461.0,24464.0,24456.65,24456.65,840941
1785834900,2026-08-04T14:45:00,24459.4,24472.05,24455.95,24471.8,1023649
1785834960,2026-08-04T14:46:00,24469.8,24471.9,24465.85,24467.1,775089
1785835020,2026-08-04T14:47:00,24466.85,24469.15,24465.0,24467.4,548261
1785835080,2026-08-04T14:48:00,24468.05,24468.7,24464.25,24465.3,625192
1785835140,2026-08-04T14:49:00,24466.6,24471.65,24465.8,24469.2,956557
1785835200,2026-08-04T14:50:00,24469.65,24473.6,24466.9,24467.5,1491814
1785835260,2026-08-04T14:51:00,24470.6,24471.85,24465.9,24467.95,688091
1785835320,2026-08-04T14:52:00,24469.55,24473.5,24468.1,24470.9,707358
1785835380,2026-08-04T14:53:00,24472.1,24474.85,24470.3,24473.7,624601
1785835440,2026-08-04T14:54:00,24474.15,24476.3,24472.5,24474.8,676112
1785835500,2026-08-04T14:55:00,24475.7,24480.3,24473.75,24473.95,681535
1785835560,2026-08-04T14:56:00,24475.55,24479.9,24473.1,24479.65,1582734
1785835620,2026-08-04T14:57:00,24480.25,24481.45,24468.6,24469.7,1439708
1785835680,2026-08-04T14:58:00,24472.3,24472.3,24465.6,24467.65,1050286
1785835740,2026-08-04T14:59:00,24469.1,24471.3,24465.6,24465.85,1014518
1785835800,2026-08-04T15:00:00,24469.1,24474.3,24463.9,24463.9,1552724
1785835860,2026-08-04T15:01:00,24464.8,24465.75,24453.45,24454.9,1741497
1785835920,2026-08-04T15:02:00,24456.95,24459.65,24454.1,24455.2,1292873
1785835980,2026-08-04T15:03:00,24455.15,24456.7,24452.05,24453.6,1067279
1785836040,2026-08-04T15:04:00,24455.0,24457.1,24449.75,24450.35,1161327
1785836100,2026-08-04T15:05:00,24450.35,24452.0,24445.0,24448.85,1811962
1785836160,2026-08-04T15:06:00,24449.65,24452.5,24446.15,24451.9,1910394
1785836220,2026-08-04T15:07:00,24452.8,24458.3,24451.8,24454.0,1210768
1785836280,2026-08-04T15:08:00,24454.7,24457.15,24451.8,24452.15,1406818
1785836340,2026-08-04T15:09:00,24455.65,24457.35,24447.5,24452.3,1563977
1785836400,2026-08-04T15:10:00,24454.0,24456.7,24443.6,24449.9,2688379
1785836460,2026-08-04T15:11:00,24448.85,24458.75,24446.8,24454.05,1676662
1785836520,2026-08-04T15:12:00,24453.75,24455.2,24446.7,24449.55,2406339
1785836580,2026-08-04T15:13:00,24448.8,24453.55,24446.65,24453.55,1255373
1785836640,2026-08-04T15:14:00,24453.7,24466.15,24451.1,24462.95,1383485
1785836700,2026-08-04T15:15:00,24463.45,24463.45,24463.45,24463.45,146
1785836760,2026-08-04T15:16:00,24463.45,24463.45,24463.45,24463.45,146
1785836820,2026-08-04T15:17:00,24463.45,24463.45,24463.45,24463.45,146
1785836880,2026-08-04T15:18:00,24463.45,24463.45,24463.45,24463.45,146
1785836940,2026-08-04T15:19:00,24463.45,24463.45,24463.45,24463.45,146
1785837000,2026-08-04T15:20:00,24463.45,24463.45,24463.45,24463.45,146
1785837060,2026-08-04T15:21:00,24463.45,24463.45,24463.45,24463.45,146
1785837120,2026-08-04T15:22:00,24463.45,24463.45,24463.45,24463.45,146
1785837180,2026-08-04T15:23:00,24463.45,24463.45,24463.45,24463.45,146
1785837240,2026-08-04T15:24:00,24463.45,24463.45,24463.45,24463.45,146
1785837300,2026-08-04T15:25:00,24463.45,24463.45,24463.45,24463.45,146
1785837360,2026-08-04T15:26:00,24463.45,24463.45,24463.45,24463.45,146
1785837420,2026-08-04T15:27:00,24463.45,24463.45,24463.45,24463.45,146
1785837480,2026-08-04T15:28:00,24463.45,24614.9,24463.45,24614.9,146
1785837540,2026-08-04T15:29:00,24614.9,24614.9,24614.9,24614.9,146
1785901500,2026-08-05T09:15:00,24669.2,24677.6,24616.95,24646.15,7971607
1785901560,2026-08-05T09:16:00,24646.65,24653.9,24634.7,24648.2,3952138
1785901620,2026-08-05T09:17:00,24648.15,24652.9,24641.95,24643.4,2821733
1785901680,2026-08-05T09:18:00,24644.45,24650.45,24637.8,24643.25,2837396
1785901740,2026-08-05T09:19:00,24644.05,24645.05,24633.65,24636.2,2550440
1785901800,2026-08-05T09:20:00,24636.5,24640.95,24634.85,24636.85,2053820
1785901860,2026-08-05T09:21:00,24635.85,24642.15,24633.4,24638.25,1696217
1785901920,2026-08-05T09:22:00,24639.8,24641.6,24625.7,24626.5,1802264
1785901980,2026-08-05T09:23:00,24626.1,24628.4,24622.05,24623.3,1633280
1785902040,2026-08-05T09:24:00,24622.6,24628.3,24621.05,24626.1,1776294
1785902100,2026-08-05T09:25:00,24624.0,24628.2,24619.25,24621.8,1778187
1785902160,2026-08-05T09:26:00,24621.75,24621.75,24611.0,24611.7,1219965
1785902220,2026-08-05T09:27:00,24612.15,24621.6,24611.55,24614.35,1287454
1785902280,2026-08-05T09:28:00,24614.25,24619.4,24613.15,24618.4,1313485
1785902340,2026-08-05T09:29:00,24618.9,24625.1,24617.0,24621.4,1232733
1785902400,2026-08-05T09:30:00,24622.2,24622.45,24605.7,24606.75,2263052
1785902460,2026-08-05T09:31:00,24607.85,24614.3,24605.2,24612.75,1318864
1785902520,2026-08-05T09:32:00,24613.15,24621.6,24612.95,24621.45,1706660
1785902580,2026-08-05T09:33:00,24622.0,24624.05,24616.4,24620.15,1093012
1785902640,2026-08-05T09:34:00,24621.2,24622.15,24610.5,24610.65,1198016
1785902700,2026-08-05T09:35:00,24612.8,24614.2,24609.05,24610.75,1174247
1785902760,2026-08-05T09:36:00,24611.9,24615.55,24607.95,24608.45,1113680
1785902820,2026-08-05T09:37:00,24609.85,24611.55,24604.6,24608.75,834934
1785902880,2026-08-05T09:38:00,24609.4,24613.75,24605.6,24612.45,963478
1785902940,2026-08-05T09:39:00,24614.05,24622.6,24613.65,24622.25,1063685
1785903000,2026-08-05T09:40:00,24622.75,24627.4,24620.45,24627.4,1225394
1785903060,2026-08-05T09:41:00,24627.2,24634.8,24626.1,24633.95,999668
1785903120,2026-08-05T09:42:00,24635.95,24635.95,24626.35,24627.4,856428
1785903180,2026-08-05T09:43:00,24628.6,24633.2,24626.9,24627.65,915692
1785903240,2026-08-05T09:44:00,24628.6,24632.05,24627.25,24628.05,738875
1785903300,2026-08-05T09:45:00,24629.85,24629.85,24624.55,24626.3,992578
1785903360,2026-08-05T09:46:00,24627.65,24627.65,24621.6,24623.55,958952
1785903420,2026-08-05T09:47:00,24625.3,24628.8,24622.55,24624.25,841627
1785903480,2026-08-05T09:48:00,24624.45,24628.45,24621.9,24626.65,1037975
1785903540,2026-08-05T09:49:00,24627.2,24631.7,24625.8,24629.5,1535249
1785903600,2026-08-05T09:50:00,24629.05,24630.5,24621.0,24621.45,2104386
1785903660,2026-08-05T09:51:00,24622.3,24622.5,24607.95,24607.95,1725012
1785903720,2026-08-05T09:52:00,24608.45,24608.7,24598.95,24602.65,2249792
1785903780,2026-08-05T09:53:00,24604.5,24605.2,24597.2,24599.3,1084631
1785903840,2026-08-05T09:54:00,24601.45,24601.45,24591.15,24591.2,1208987
1785903900,2026-08-05T09:55:00,24592.1,24594.3,24582.65,24584.0,1056363
1785903960,2026-08-05T09:56:00,24584.45,24587.6,24582.2,24583.3,760676
1785904020,2026-08-05T09:57:00,24584.65,24588.95,24581.55,24587.4,870149
1785904080,2026-08-05T09:58:00,24588.55,24590.5,24587.05,24588.65,1405009
1785904140,2026-08-05T09:59:00,24589.9,24595.3,24587.75,24594.25,947311
1785904200,2026-08-05T10:00:00,24595.05,24601.75,24595.05,24601.75,755142
1785904260,2026-08-05T10:01:00,24602.15,24604.95,24599.5,24603.55,1225125
1785904320,2026-08-05T10:02:00,24604.55,24610.8,24598.85,24610.2,826063
1785904380,2026-08-05T10:03:00,24612.6,24620.6,24611.8,24616.4,1594413
1785904440,2026-08-05T10:04:00,24617.35,24619.4,24611.25,24612.15,1033933
1785904500,2026-08-05T10:05:00,24612.2,24614.75,24603.85,24604.6,795156
1785904560,2026-08-05T10:06:00,24605.65,24605.95,24591.3,24593.35,1043467
1785904620,2026-08-05T10:07:00,24593.2,24593.5,24588.45,24592.3,579196
1785904680,2026-08-05T10:08:00,24593.6,24606.6,24592.0,24606.0,633506
1785904740,2026-08-05T10:09:00,24607.25,24609.65,24605.0,24605.6,842825
1785904800,2026-08-05T10:10:00,24607.1,24614.4,24605.35,24610.45,725441
1785904860,2026-08-05T10:11:00,24610.65,24618.55,24609.0,24613.25,590107
1785904920,2026-08-05T10:12:00,24613.15,24615.8,24611.7,24612.85,513167
1785904980,2026-08-05T10:13:00,24614.3,24622.4,24613.15,24621.3,656418
1785905040,2026-08-05T10:14:00,24622.55,24623.2,24619.3,24621.25,1150796
1785905100,2026-08-05T10:15:00,24621.75,24621.75,24608.05,24608.05,968667
1785905160,2026-08-05T10:16:00,24608.45,24609.45,24605.6,24605.6,679241
1785905220,2026-08-05T10:17:00,24606.25,24606.25,24601.7,24605.0,919161
1785905280,2026-08-05T10:18:00,24605.9,24607.55,24602.05,24606.65,425961
1785905340,2026-08-05T10:19:00,24609.2,24612.85,24606.75,24610.8,815584
1785905400,2026-08-05T10:20:00,24612.9,24615.65,24609.3,24614.9,831646
1785905460,2026-08-05T10:21:00,24616.05,24616.65,24604.95,24605.5,810167
1785905520,2026-08-05T10:22:00,24606.25,24614.3,24604.7,24613.8,754910
1785905580,2026-08-05T10:23:00,24613.8,24618.9,24611.5,24617.2,625878
1785905640,2026-08-05T10:24:00,24617.85,24617.85,24613.6,24616.0,608175
1785905700,2026-08-05T10:25:00,24616.1,24616.8,24609.85,24611.7,810049
1785905760,2026-08-05T10:26:00,24612.65,24612.7,24594.25,24594.25,681202
1785905820,2026-08-05T10:27:00,24596.3,24596.3,24589.3,24589.6,714754
1785905880,2026-08-05T10:28:00,24591.25,24591.95,24580.5,24582.05,666073
1785905940,2026-08-05T10:29:00,24584.2,24585.45,24580.45,24582.15,912883
1785906000,2026-08-05T10:30:00,24582.8,24583.1,24571.85,24574.55,687639
1785906060,2026-08-05T10:31:00,24574.4,24575.25,24562.2,24563.7,1102129
1785906120,2026-08-05T10:32:00,24564.1,24575.45,24563.05,24575.2,810402
1785906180,2026-08-05T10:33:00,24575.2,24581.15,24574.75,24579.9,492982
1785906240,2026-08-05T10:34:00,24582.0,24582.95,24577.75,24580.15,573907
1785906300,2026-08-05T10:35:00,24580.4,24582.5,24577.7,24580.25,410692
1785906360,2026-08-05T10:36:00,24580.55,24591.2,24579.45,24587.35,719427
1785906420,2026-08-05T10:37:00,24586.6,24586.95,24576.95,24577.5,560082
1785906480,2026-08-05T10:38:00,24577.5,24579.25,24575.1,24579.25,426084
1785906540,2026-08-05T10:39:00,24579.3,24582.85,24576.8,24581.5,1028454
1785906600,2026-08-05T10:40:00,24583.65,24587.45,24578.85,24586.8,553212
1785906660,2026-08-05T10:41:00,24586.8,24594.05,24585.8,24593.35,522137
1785906720,2026-08-05T10:42:00,24593.95,24602.4,24592.5,24599.1,1031111
1785906780,2026-08-05T10:43:00,24601.85,24605.05,24597.25,24601.25,525974
1785906840,2026-08-05T10:44:00,24601.6,24602.2,24594.4,24594.4,473668
1785906900,2026-08-05T10:45:00,24596.25,24602.35,24593.9,24600.0,601314
1785906960,2026-08-05T10:46:00,24601.85,24602.95,24598.25,24602.5,603732
1785907020,2026-08-05T10:47:00,24602.4,24603.4,24597.65,24602.75,706967
1785907080,2026-08-05T10:48:00,24604.1,24608.3,24603.35,24604.8,596345
1785907140,2026-08-05T10:49:00,24605.45,24610.4,24601.9,24609.5,648280
1785907200,2026-08-05T10:50:00,24611.4,24617.45,24609.85,24614.4,637888
1785907260,2026-08-05T10:51:00,24615.75,24615.75,24605.4,24605.4,517937
1785907320,2026-08-05T10:52:00,24605.8,24610.95,24604.3,24609.35,499972
1785907380,2026-08-05T10:53:00,24610.05,24612.5,24608.3,24612.5,458160
1785907440,2026-08-05T10:54:00,24612.85,24619.55,24610.5,24616.2,721469
1785907500,2026-08-05T10:55:00,24618.2,24631.25,24615.4,24630.7,913558
1785907560,2026-08-05T10:56:00,24632.4,24635.0,24629.35,24630.4,670444
1785907620,2026-08-05T10:57:00,24629.75,24636.45,24629.75,24636.45,1108056
1785907680,2026-08-05T10:58:00,24637.45,24641.75,24635.8,24640.55,920006
1785907740,2026-08-05T10:59:00,24640.1,24644.75,24637.25,24643.5,619632
1785907800,2026-08-05T11:00:00,24643.9,24654.3,24643.5,24651.8,1112192
1785907860,2026-08-05T11:01:00,24653.9,24657.15,24647.6,24647.6,760472
1785907920,2026-08-05T11:02:00,24649.45,24649.8,24646.35,24649.25,1015963
1785907980,2026-08-05T11:03:00,24649.5,24654.0,24648.5,24652.75,830520
1785908040,2026-08-05T11:04:00,24653.3,24653.3,24647.65,24648.3,557474
1785908100,2026-08-05T11:05:00,24647.95,24658.9,24647.95,24656.6,900408
1785908160,2026-08-05T11:06:00,24658.3,24662.6,24657.1,24659.0,1732412
1785908220,2026-08-05T11:07:00,24660.85,24661.45,24644.6,24645.85,1127310
1785908280,2026-08-05T11:08:00,24645.15,24645.8,24632.25,24632.75,653675
1785908340,2026-08-05T11:09:00,24635.65,24636.0,24625.65,24626.2,629987
1785908400,2026-08-05T11:10:00,24627.25,24627.25,24617.9,24619.15,991527
1785908460,2026-08-05T11:11:00,24620.45,24624.75,24618.5,24624.7,766640
1785908520,2026-08-05T11:12:00,24625.95,24630.9,24622.0,24629.65,542222
1785908580,2026-08-05T11:13:00,24631.35,24640.65,24629.75,24636.8,695984
1785908640,2026-08-05T11:14:00,24636.6,24639.55,24630.2,24631.45,683632
1785908700,2026-08-05T11:15:00,24631.2,24637.5,24630.95,24635.15,500611
1785908760,2026-08-05T11:16:00,24637.65,24637.65,24632.45,24634.85,462803
1785908820,2026-08-05T11:17:00,24635.35,24635.45,24629.0,24630.5,441388
1785908880,2026-08-05T11:18:00,24631.75,24633.45,24625.65,24627.2,608560
1785908940,2026-08-05T11:19:00,24628.35,24629.15,24622.05,24622.4,1034696
1785909000,2026-08-05T11:20:00,24623.45,24623.9,24620.8,24622.35,830362
1785909060,2026-08-05T11:21:00,24622.9,24624.7,24617.7,24623.25,900422
1785909120,2026-08-05T11:22:00,24623.9,24629.15,24622.6,24626.55,571898
1785909180,2026-08-05T11:23:00,24626.9,24627.2,24620.6,24621.35,515359
1785909240,2026-08-05T11:24:00,24621.75,24621.75,24616.1,24619.55,663206
1785909300,2026-08-05T11:25:00,24620.25,24621.15,24614.2,24617.0,1980665
1785909360,2026-08-05T11:26:00,24617.45,24617.95,24613.1,24613.2,409898
1785909420,2026-08-05T11:27:00,24614.8,24615.25,24611.85,24614.3,487761
1785909480,2026-08-05T11:28:00,24614.9,24614.9,24609.8,24612.0,432407
1785909540,2026-08-05T11:29:00,24613.0,24613.0,24608.0,24610.95,807250
1785909600,2026-08-05T11:30:00,24609.55,24612.25,24605.5,24610.0,729274
1785909660,2026-08-05T11:31:00,24611.05,24611.05,24602.75,24606.85,493979
1785909720,2026-08-05T11:32:00,24607.85,24607.85,24603.15,24604.75,790411
1785909780,2026-08-05T11:33:00,24606.35,24606.7,24597.05,24599.35,533766
1785909840,2026-08-05T11:34:00,24600.25,24600.25,24589.25,24590.2,686181
1785909900,2026-08-05T11:35:00,24591.05,24591.8,24586.5,24588.55,759728
1785909960,2026-08-05T11:36:00,24590.4,24594.3,24587.55,24590.7,682057
1785910020,2026-08-05T11:37:00,24592.0,24593.1,24588.35,24591.9,799218
1785910080,2026-08-05T11:38:00,24592.2,24595.0,24589.4,24594.4,506467
1785910140,2026-08-05T11:39:00,24594.75,24599.3,24592.1,24598.2,753065
1785910200,2026-08-05T11:40:00,24599.3,24600.3,24595.7,24598.65,404230
1785910260,2026-08-05T11:41:00,24598.25,24598.5,24589.85,24592.9,628835
1785910320,2026-08-05T11:42:00,24593.95,24596.1,24591.75,24594.8,400817
1785910380,2026-08-05T11:43:00,24596.05,24596.9,24593.55,24596.5,1069145
1785910440,2026-08-05T11:44:00,24597.3,24601.1,24593.2,24594.4,1393736
1785910500,2026-08-05T11:45:00,24595.75,24595.75,24589.9,24593.4,523257
1785910560,2026-08-05T11:46:00,24595.2,24595.2,24587.45,24589.1,534642
1785910620,2026-08-05T11:47:00,24590.5,24591.9,24587.85,24589.1,1175421
1785910680,2026-08-05T11:48:00,24590.15,24592.65,24586.3,24586.95,697577
1785910740,2026-08-05T11:49:00,24589.0,24589.4,24583.05,24583.65,390728
1785910800,2026-08-05T11:50:00,24584.95,24584.95,24576.35,24577.15,517268
1785910860,2026-08-05T11:51:00,24579.0,24579.0,24571.2,24571.55,554168
1785910920,2026-08-05T11:52:00,24571.7,24578.5,24569.4,24577.0,460416
1785910980,2026-08-05T11:53:00,24577.0,24580.65,24575.6,24576.3,605720
1785911040,2026-08-05T11:54:00,24577.05,24577.15,24573.7,24573.7,1035939
1785911100,2026-08-05T11:55:00,24575.85,24575.85,24569.05,24570.85,531494
1785911160,2026-08-05T11:56:00,24572.6,24575.25,24569.45,24570.65,535248
1785911220,2026-08-05T11:57:00,24570.8,24571.05,24563.5,24563.5,547558
1785911280,2026-08-05T11:58:00,24566.05,24567.95,24561.5,24565.35,678950
1785911340,2026-08-05T11:59:00,24568.7,24571.0,24565.05,24570.05,478520
1785911400,2026-08-05T12:00:00,24570.85,24572.3,24568.3,24570.9,408969
1785911460,2026-08-05T12:01:00,24572.25,24574.6,24570.15,24573.45,422713
1785911520,2026-08-05T12:02:00,24574.7,24577.95,24571.5,24575.15,915347
1785911580,2026-08-05T12:03:00,24578.25,24579.05,24575.35,24577.0,346285
1785911640,2026-08-05T12:04:00,24578.25,24578.25,24573.45,24575.85,378384
1785911700,2026-08-05T12:05:00,24576.35,24577.7,24573.15,24573.2,391758
1785911760,2026-08-05T12:06:00,24573.6,24575.65,24571.9,24573.35,314635
1785911820,2026-08-05T12:07:00,24573.7,24577.5,24572.55,24575.4,335506
1785911880,2026-08-05T12:08:00,24575.65,24576.85,24573.9,24574.0,380098
1785911940,2026-08-05T12:09:00,24577.0,24578.6,24573.6,24576.4,480856
1785912000,2026-08-05T12:10:00,24577.5,24577.5,24572.7,24573.8,469374
1785912060,2026-08-05T12:11:00,24573.6,24573.6,24565.05,24565.8,543830
1785912120,2026-08-05T12:12:00,24566.75,24575.25,24564.75,24575.0,446201
1785912180,2026-08-05T12:13:00,24575.1,24575.65,24571.6,24574.55,424288
1785912240,2026-08-05T12:14:00,24575.4,24576.7,24571.2,24572.85,365800
1785912300,2026-08-05T12:15:00,24573.75,24577.35,24572.75,24574.85,592005
1785912360,2026-08-05T12:16:00,24576.35,24576.35,24571.2,24574.75,536953
1785912420,2026-08-05T12:17:00,24575.6,24580.0,24572.45,24580.0,504091
1785912480,2026-08-05T12:18:00,24579.45,24580.35,24575.6,24577.75,392442
1785912540,2026-08-05T12:19:00,24576.55,24577.35,24566.3,24566.5,1116647
1785912600,2026-08-05T12:20:00,24567.95,24570.7,24565.8,24568.65,475956
1785912660,2026-08-05T12:21:00,24569.05,24574.0,24568.65,24572.95,445972
1785912720,2026-08-05T12:22:00,24574.1,24575.25,24566.15,24566.4,747828
1785912780,2026-08-05T12:23:00,24568.1,24568.95,24560.75,24564.9,1095039
1785912840,2026-08-05T12:24:00,24566.35,24576.8,24564.95,24571.9,1258121
1785912900,2026-08-05T12:25:00,24573.1,24574.05,24568.75,24573.3,559646
1785912960,2026-08-05T12:26:00,24574.35,24576.15,24569.15,24570.05,430619
1785913020,2026-08-05T12:27:00,24571.4,24571.4,24564.1,24565.4,1664772
1785913080,2026-08-05T12:28:00,24568.1,24569.95,24565.75,24569.4,574186
1785913140,2026-08-05T12:29:00,24570.5,24570.55,24565.7,24566.9,526967
1785913200,2026-08-05T12:30:00,24567.3,24568.3,24559.35,24561.45,587305
1785913260,2026-08-05T12:31:00,24561.9,24561.9,24551.95,24552.65,722118
1785913320,2026-08-05T12:32:00,24554.2,24554.7,24544.4,24550.3,1047356
1785913380,2026-08-05T12:33:00,24552.75,24554.5,24547.15,24549.25,798566
1785913440,2026-08-05T12:34:00,24550.35,24551.35,24541.9,24543.95,700700
1785913500,2026-08-05T12:35:00,24544.3,24545.3,24535.4,24538.0,652723
1785913560,2026-08-05T12:36:00,24539.5,24539.5,24533.55,24535.0,632782
1785913620,2026-08-05T12:37:00,24536.35,24536.35,24531.2,24532.85,1106896
1785913680,2026-08-05T12:38:00,24534.25,24535.5,24530.05,24532.9,611164
1785913740,2026-08-05T12:39:00,24534.3,24540.35,24533.3,24540.0,538136
1785913800,2026-08-05T12:40:00,24541.2,24544.6,24537.95,24541.05,547485
1785913860,2026-08-05T12:41:00,24543.35,24545.65,24537.6,24537.6,494961
1785913920,2026-08-05T12:42:00,24539.2,24539.2,24530.35,24530.6,424033
1785913980,2026-08-05T12:43:00,24532.75,24532.75,24525.35,24528.1,752610
1785914040,2026-08-05T12:44:00,24529.25,24533.0,24526.8,24531.85,1086170
1785914100,2026-08-05T12:45:00,24533.6,24535.1,24530.75,24532.05,451846
1785914160,2026-08-05T12:46:00,24533.8,24533.8,24528.4,24530.3,611808
1785914220,2026-08-05T12:47:00,24530.15,24532.4,24529.45,24529.8,419299
1785914280,2026-08-05T12:48:00,24531.1,24531.5,24527.1,24527.15,463292
1785914340,2026-08-05T12:49:00,24528.15,24528.15,24520.6,24523.85,728569
1785914400,2026-08-05T12:50:00,24525.1,24525.55,24519.15,24519.5,632154
1785914460,2026-08-05T12:51:00,24520.35,24520.9,24517.65,24519.3,369716
1785914520,2026-08-05T12:52:00,24520.85,24524.2,24517.45,24522.95,857557
1785914580,2026-08-05T12:53:00,24523.35,24525.05,24521.2,24523.3,445824
1785914640,2026-08-05T12:54:00,24525.4,24526.1,24521.15,24523.05,549633
1785914700,2026-08-05T12:55:00,24524.55,24527.2,24521.05,24527.05,535503
1785914760,2026-08-05T12:56:00,24528.5,24528.5,24522.05,24522.2,792773
1785914820,2026-08-05T12:57:00,24523.15,24524.0,24520.1,24522.2,467571
1785914880,2026-08-05T12:58:00,24523.3,24523.85,24519.8,24521.25,393458
1785914940,2026-08-05T12:59:00,24521.6,24522.2,24515.6,24516.1,727234
1785915000,2026-08-05T13:00:00,24516.35,24518.1,24513.7,24514.6,779146
1785915060,2026-08-05T13:01:00,24515.85,24518.35,24513.8,24517.9,416763
1785915120,2026-08-05T13:02:00,24517.8,24521.8,24516.45,24521.15,482723
1785915180,2026-08-05T13:03:00,24522.75,24530.25,24521.2,24528.45,1773537
1785915240,2026-08-05T13:04:00,24529.05,24534.6,24528.2,24530.9,1654558
1785915300,2026-08-05T13:05:00,24532.3,24532.3,24511.15,24512.3,1152158
1785915360,2026-08-05T13:06:00,24514.45,24516.2,24508.45,24515.7,972844
1785915420,2026-08-05T13:07:00,24516.1,24521.45,24514.0,24520.55,878869
1785915480,2026-08-05T13:08:00,24521.8,24529.4,24520.8,24529.0,1593849
1785915540,2026-08-05T13:09:00,24530.35,24536.9,24529.05,24536.65,1000248
1785915600,2026-08-05T13:10:00,24537.65,24540.1,24535.2,24537.35,948291
1785915660,2026-08-05T13:11:00,24538.5,24538.5,24526.5,24526.6,854632
1785915720,2026-08-05T13:12:00,24528.8,24528.8,24522.95,24523.7,595417
1785915780,2026-08-05T13:13:00,24524.55,24524.55,24519.25,24522.15,643291
1785915840,2026-08-05T13:14:00,24523.9,24535.7,24520.15,24534.95,1478303
1785915900,2026-08-05T13:15:00,24535.85,24541.3,24530.55,24541.25,2048288
1785915960,2026-08-05T13:16:00,24539.75,24545.15,24533.3,24544.25,1135211
1785916020,2026-08-05T13:17:00,24543.6,24546.85,24541.95,24543.1,558466
1785916080,2026-08-05T13:18:00,24544.6,24546.3,24541.2,24543.5,533492
1785916140,2026-08-05T13:19:00,24544.9,24548.5,24541.75,24547.25,436762
1785916200,2026-08-05T13:20:00,24547.3,24549.4,24546.25,24546.75,533545
1785916260,2026-08-05T13:21:00,24548.35,24548.35,24537.55,24541.05,716728
1785916320,2026-08-05T13:22:00,24542.25,24554.3,24540.3,24552.6,888860
1785916380,2026-08-05T13:23:00,24554.0,24559.3,24536.65,24536.65,1153986
1785916440,2026-08-05T13:24:00,24538.5,24539.1,24522.95,24524.45,1670801
1785916500,2026-08-05T13:25:00,24526.05,24528.35,24515.75,24520.6,1738785
1785916560,2026-08-05T13:26:00,24521.05,24531.2,24517.75,24527.25,1750479
1785916620,2026-08-05T13:27:00,24527.35,24532.05,24525.55,24529.05,414178
1785916680,2026-08-05T13:28:00,24530.55,24530.55,24525.45,24525.9,471186
1785916740,2026-08-05T13:29:00,24527.3,24529.35,24524.15,24528.55,597094
1785916800,2026-08-05T13:30:00,24529.2,24533.7,24526.15,24532.25,499672
1785916860,2026-08-05T13:31:00,24533.75,24534.55,24528.55,24530.15,422600
1785916920,2026-08-05T13:32:00,24530.15,24531.5,24525.75,24530.15,512622
1785916980,2026-08-05T13:33:00,24532.0,24535.1,24529.6,24531.4,1002824
1785917040,2026-08-05T13:34:00,24532.85,24533.7,24515.6,24519.05,1011166
1785917100,2026-08-05T13:35:00,24520.8,24526.5,24518.1,24524.85,577561
1785917160,2026-08-05T13:36:00,24525.8,24528.1,24524.3,24525.3,500487
1785917220,2026-08-05T13:37:00,24526.95,24528.05,24522.45,24522.45,519325
1785917280,2026-08-05T13:38:00,24523.65,24523.65,24516.9,24519.15,446539
1785917340,2026-08-05T13:39:00,24519.8,24521.0,24517.3,24520.1,416982
1785917400,2026-08-05T13:40:00,24521.45,24521.45,24517.45,24517.45,490200
1785917460,2026-08-05T13:41:00,24518.8,24520.7,24516.6,24520.1,389106
1785917520,2026-08-05T13:42:00,24521.05,24521.05,24513.4,24514.4,951733
1785917580,2026-08-05T13:43:00,24515.1,24515.1,24501.75,24504.0,631053
1785917640,2026-08-05T13:44:00,24506.55,24509.4,24498.4,24503.15,723037
1785917700,2026-08-05T13:45:00,24502.95,24512.65,24502.1,24506.85,985436
1785917760,2026-08-05T13:46:00,24509.05,24521.9,24503.0,24519.85,963732
1785917820,2026-08-05T13:47:00,24521.95,24521.95,24516.15,24520.05,705995
1785917880,2026-08-05T13:48:00,24520.85,24522.45,24515.6,24520.7,464158
1785917940,2026-08-05T13:49:00,24522.15,24528.0,24520.05,24527.45,603142
1785918000,2026-08-05T13:50:00,24529.0,24532.5,24520.3,24523.3,821501
1785918060,2026-08-05T13:51:00,24523.85,24523.85,24512.4,24513.65,1535018
1785918120,2026-08-05T13:52:00,24513.2,24522.6,24507.8,24519.0,1335632
1785918180,2026-08-05T13:53:00,24520.05,24521.25,24508.7,24514.55,626403
1785918240,2026-08-05T13:54:00,24516.2,24518.2,24511.95,24517.05,419613
1785918300,2026-08-05T13:55:00,24517.3,24517.45,24507.4,24507.4,463827
1785918360,2026-08-05T13:56:00,24509.95,24515.3,24506.5,24511.3,681108
1785918420,2026-08-05T13:57:00,24513.75,24515.35,24509.4,24511.85,695546
1785918480,2026-08-05T13:58:00,24513.2,24517.05,24510.3,24515.5,978137
1785918540,2026-08-05T13:59:00,24516.95,24516.95,24512.9,24514.55,574685
1785918600,2026-08-05T14:00:00,24514.45,24517.85,24513.45,24516.0,708171
1785918660,2026-08-05T14:01:00,24517.75,24518.75,24513.6,24517.5,447991
1785918720,2026-08-05T14:02:00,24517.3,24522.8,24515.55,24520.4,444066
1785918780,2026-08-05T14:03:00,24520.2,24526.5,24518.85,24522.8,757607
1785918840,2026-08-05T14:04:00,24523.2,24526.85,24520.95,24524.5,459868
1785918900,2026-08-05T14:05:00,24525.9,24528.25,24522.25,24527.35,877084
1785918960,2026-08-05T14:06:00,24528.5,24530.85,24525.35,24530.35,808378
1785919020,2026-08-05T14:07:00,24530.35,24533.55,24529.3,24532.45,736122
1785919080,2026-08-05T14:08:00,24534.3,24534.3,24526.25,24526.5,601447
1785919140,2026-08-05T14:09:00,24527.7,24528.75,24522.75,24523.45,1980463
1785919200,2026-08-05T14:10:00,24523.7,24531.45,24522.7,24531.45,904415
1785919260,2026-08-05T14:11:00,24530.8,24532.25,24517.65,24524.8,671579
1785919320,2026-08-05T14:12:00,24526.2,24529.6,24523.55,24524.25,564455
1785919380,2026-08-05T14:13:00,24524.65,24524.65,24515.25,24516.05,481483
1785919440,2026-08-05T14:14:00,24517.65,24518.15,24512.6,24513.25,421786
1785919500,2026-08-05T14:15:00,24514.0,24515.8,24511.2,24514.5,526248
1785919560,2026-08-05T14:16:00,24514.3,24514.8,24508.0,24509.1,504162
1785919620,2026-08-05T14:17:00,24510.15,24510.15,24499.35,24502.2,607447
1785919680,2026-08-05T14:18:00,24501.95,24502.45,24497.95,24502.15,545801
1785919740,2026-08-05T14:19:00,24504.0,24510.8,24502.7,24507.45,761598
1785919800,2026-08-05T14:20:00,24507.45,24513.5,24506.0,24509.55,669857
1785919860,2026-08-05T14:21:00,24510.85,24516.8,24507.6,24514.25,1512860
1785919920,2026-08-05T14:22:00,24515.7,24515.7,24507.55,24507.85,721061
1785919980,2026-08-05T14:23:00,24508.6,24510.7,24505.05,24506.95,613278
1785920040,2026-08-05T14:24:00,24508.0,24510.3,24503.4,24505.5,699769
1785920100,2026-08-05T14:25:00,24505.9,24507.75,24503.45,24504.75,696970
1785920160,2026-08-05T14:26:00,24505.15,24507.55,24501.85,24505.85,667955
1785920220,2026-08-05T14:27:00,24507.4,24513.05,24506.05,24511.2,830853
1785920280,2026-08-05T14:28:00,24511.15,24511.15,24501.65,24502.15,966831
1785920340,2026-08-05T14:29:00,24503.25,24507.5,24501.1,24504.75,698793
1785920400,2026-08-05T14:30:00,24506.75,24509.95,24504.4,24507.5,714943
1785920460,2026-08-05T14:31:00,24508.7,24511.75,24505.35,24505.45,709730
1785920520,2026-08-05T14:32:00,24506.15,24507.65,24503.25,24506.1,638692
1785920580,2026-08-05T14:33:00,24506.45,24509.8,24505.35,24507.75,891364
1785920640,2026-08-05T14:34:00,24508.6,24509.0,24503.75,24504.85,536642
1785920700,2026-08-05T14:35:00,24506.1,24506.3,24501.5,24503.6,718629
1785920760,2026-08-05T14:36:00,24503.55,24518.5,24501.55,24514.25,960106
1785920820,2026-08-05T14:37:00,24517.5,24519.1,24513.75,24517.95,908557
1785920880,2026-08-05T14:38:00,24518.3,24519.05,24513.85,24516.9,1166359
1785920940,2026-08-05T14:39:00,24518.9,24520.35,24515.6,24516.65,1165752
1785921000,2026-08-05T14:40:00,24516.05,24516.75,24508.1,24508.6,1160470
1785921060,2026-08-05T14:41:00,24510.65,24510.85,24506.5,24506.9,828809
1785921120,2026-08-05T14:42:00,24508.3,24509.0,24505.1,24508.2,946998
1785921180,2026-08-05T14:43:00,24509.15,24509.65,24504.3,24505.1,1124768
1785921240,2026-08-05T14:44:00,24505.9,24507.4,24500.75,24505.0,848745
1785921300,2026-08-05T14:45:00,24506.1,24509.0,24505.55,24506.2,980795
1785921360,2026-08-05T14:46:00,24506.1,24513.65,24503.85,24511.9,1010536
1785921420,2026-08-05T14:47:00,24513.15,24515.3,24506.45,24513.35,1026837
1785921480,2026-08-05T14:48:00,24514.9,24515.0,24510.9,24513.4,834444
1785921540,2026-08-05T14:49:00,24514.6,24520.8,24512.9,24517.1,1264333
1785921600,2026-08-05T14:50:00,24517.45,24519.05,24511.2,24512.95,1963827
1785921660,2026-08-05T14:51:00,24514.15,24515.1,24508.6,24508.6,1200322
1785921720,2026-08-05T14:52:00,24509.8,24516.35,24507.45,24513.95,1373156
1785921780,2026-08-05T14:53:00,24514.25,24519.75,24510.25,24516.95,1201142
1785921840,2026-08-05T14:54:00,24518.6,24520.6,24511.2,24511.2,1174871
1785921900,2026-08-05T14:55:00,24512.5,24514.25,24507.05,24508.3,1022802
1785921960,2026-08-05T14:56:00,24508.5,24514.65,24506.2,24512.55,1265494
1785922020,2026-08-05T14:57:00,24513.05,24517.3,24511.55,24515.85,1098588
1785922080,2026-08-05T14:58:00,24516.7,24529.55,24516.0,24527.5,1595746
1785922140,2026-08-05T14:59:00,24527.8,24530.8,24524.15,24524.2,1363583
1785922200,2026-08-05T15:00:00,24523.8,24528.0,24521.8,24522.5,1486372
1785922260,2026-08-05T15:01:00,24523.25,24523.35,24517.3,24521.85,1426199
1785922320,2026-08-05T15:02:00,24521.95,24531.6,24521.65,24529.15,1840120
1785922380,2026-08-05T15:03:00,24528.45,24532.95,24526.2,24531.65,2610400
1785922440,2026-08-05T15:04:00,24532.05,24536.15,24531.3,24533.3,1748942
1785922500,2026-08-05T15:05:00,24533.55,24534.85,24518.6,24526.1,4223807
1785922560,2026-08-05T15:06:00,24527.0,24535.05,24524.25,24531.35,2975256
1785922620,2026-08-05T15:07:00,24532.8,24545.8,24532.25,24543.75,2098029
1785922680,2026-08-05T15:08:00,24544.8,24548.95,24542.65,24544.65,3455406
1785922740,2026-08-05T15:09:00,24544.8,24545.2,24537.0,24540.75,2254479
1785922800,2026-08-05T15:10:00,24542.25,24543.0,24528.5,24534.05,3172293
1785922860,2026-08-05T15:11:00,24532.75,24540.05,24528.95,24539.25,3543514
1785922920,2026-08-05T15:12:00,24539.55,24545.95,24531.45,24544.4,2783267
1785922980,2026-08-05T15:13:00,24543.2,24551.15,24540.35,24549.2,2223199
1785923040,2026-08-05T15:14:00,24550.05,24575.75,24545.95,24570.2,2018583
1785923100,2026-08-05T15:15:00,24570.2,24570.2,24570.2,24570.2,3364
1785923160,2026-08-05T15:16:00,24570.2,24570.2,24570.2,24570.2,3364
1785923220,2026-08-05T15:17:00,24570.2,24570.2,24570.2,24570.2,3364
1785923280,2026-08-05T15:18:00,24570.2,24570.2,24570.2,24570.2,3364
1785923340,2026-08-05T15:19:00,24570.2,24570.2,24570.2,24570.2,3364
1785923400,2026-08-05T15:20:00,24570.2,24570.2,24570.2,24570.2,3364
1785923460,2026-08-05T15:21:00,24570.2,24570.2,24570.2,24570.2,3364
1785923520,2026-08-05T15:22:00,24570.2,24570.2,24570.2,24570.2,3364
1785923580,2026-08-05T15:23:00,24570.2,24570.2,24570.2,24570.2,3364
1785923640,2026-08-05T15:24:00,24570.2,24570.2,24570.2,24570.2,3364
1785923700,2026-08-05T15:25:00,24570.2,24570.2,24570.2,24570.2,3364
1785923760,2026-08-05T15:26:00,24570.2,24570.2,24570.2,24570.2,3364
1785923820,2026-08-05T15:27:00,24570.2,24570.2,24570.2,24570.2,3364
1785923880,2026-08-05T15:28:00,24570.2,24624.65,24570.2,24624.65,3364
1785923940,2026-08-05T15:29:00,24624.65,24624.65,24624.65,24624.65,3364
1785987900,2026-08-06T09:15:00,24641.0,24641.0,24604.15,24628.05,5154502
1785987960,2026-08-06T09:16:00,24629.0,24641.9,24610.7,24633.05,3950661
1785988020,2026-08-06T09:17:00,24631.6,24641.15,24628.7,24637.35,2595285
1785988080,2026-08-06T09:18:00,24638.15,24639.55,24621.2,24624.4,2420850
1785988140,2026-08-06T09:19:00,24625.55,24627.9,24617.05,24625.95,2123245
1785988200,2026-08-06T09:20:00,24627.0,24640.9,24625.4,24637.65,1769558
1785988260,2026-08-06T09:21:00,24638.2,24642.65,24628.15,24639.95,1887270
1785988320,2026-08-06T09:22:00,24642.05,24646.25,24638.1,24643.55,1708282
1785988380,2026-08-06T09:23:00,24644.95,24648.2,24639.8,24642.45,1405383
1785988440,2026-08-06T09:24:00,24644.3,24644.9,24636.9,24637.5,1528974
1785988500,2026-08-06T09:25:00,24638.2,24638.2,24626.25,24636.55,1187716
1785988560,2026-08-06T09:26:00,24637.35,24639.15,24633.95,24637.05,894442
1785988620,2026-08-06T09:27:00,24638.75,24641.95,24634.85,24637.6,1355106
1785988680,2026-08-06T09:28:00,24639.1,24639.75,24634.25,24637.65,1425420
1785988740,2026-08-06T09:29:00,24637.65,24638.3,24631.0,24635.25,1037911
1785988800,2026-08-06T09:30:00,24637.75,24647.25,24636.75,24645.55,1261602
1785988860,2026-08-06T09:31:00,24646.85,24650.45,24636.1,24636.8,1476212
1785988920,2026-08-06T09:32:00,24639.8,24640.85,24631.55,24632.3,1143905
1785988980,2026-08-06T09:33:00,24633.25,24635.4,24629.15,24633.6,1284654
1785989040,2026-08-06T09:34:00,24632.95,24635.4,24620.65,24624.55,1298052
1785989100,2026-08-06T09:35:00,24625.55,24635.2,24622.7,24633.95,1485255
1785989160,2026-08-06T09:36:00,24636.35,24636.35,24626.25,24627.5,1206655
1785989220,2026-08-06T09:37:00,24629.75,24633.0,24627.35,24628.25,891465
1785989280,2026-08-06T09:38:00,24630.8,24637.5,24626.85,24635.35,1018447
1785989340,2026-08-06T09:39:00,24636.45,24639.4,24632.65,24632.95,786425
1785989400,2026-08-06T09:40:00,24635.55,24641.0,24633.95,24638.3,942934
1785989460,2026-08-06T09:41:00,24640.15,24642.3,24637.2,24637.9,860731
1785989520,2026-08-06T09:42:00,24638.65,24638.7,24632.0,24636.55,1331235
1785989580,2026-08-06T09:43:00,24638.25,24644.55,24635.85,24640.8,1369668
1785989640,2026-08-06T09:44:00,24642.0,24646.4,24640.35,24645.15,915286
1785989700,2026-08-06T09:45:00,24647.9,24652.4,24646.6,24648.95,923622
1785989760,2026-08-06T09:46:00,24651.65,24652.1,24645.2,24649.75,829472
1785989820,2026-08-06T09:47:00,24652.05,24657.05,24649.6,24656.55,931140
1785989880,2026-08-06T09:48:00,24657.35,24664.6,24656.05,24660.8,1074218
1785989940,2026-08-06T09:49:00,24663.0,24664.1,24659.1,24659.65,784111
1785990000,2026-08-06T09:50:00,24660.2,24663.0,24657.85,24661.7,888572
1785990060,2026-08-06T09:51:00,24662.45,24662.45,24655.4,24658.7,1748266
1785990120,2026-08-06T09:52:00,24660.45,24662.7,24658.85,24659.1,688804
1785990180,2026-08-06T09:53:00,24660.3,24661.55,24656.5,24660.45,593849
1785990240,2026-08-06T09:54:00,24661.55,24665.05,24660.5,24662.3,1013945
1785990300,2026-08-06T09:55:00,24663.05,24663.05,24654.65,24655.15,913663
1785990360,2026-08-06T09:56:00,24656.9,24656.9,24645.95,24646.2,792819
1785990420,2026-08-06T09:57:00,24648.1,24648.1,24643.3,24646.55,804404
1785990480,2026-08-06T09:58:00,24648.65,24648.65,24643.35,24644.0,698764
1785990540,2026-08-06T09:59:00,24645.8,24645.8,24635.3,24636.35,686925
1785990600,2026-08-06T10:00:00,24637.55,24637.55,24624.75,24624.75,1175547
1785990660,2026-08-06T10:01:00,24626.15,24629.6,24621.3,24626.95,1305427
1785990720,2026-08-06T10:02:00,24627.45,24627.45,24617.25,24617.25,787750
1785990780,2026-08-06T10:03:00,24618.25,24618.25,24607.9,24608.45,1124522
1785990840,2026-08-06T10:04:00,24608.95,24616.4,24606.45,24614.55,1320271
1785990900,2026-08-06T10:05:00,24614.05,24614.05,24605.95,24606.85,674484
1785990960,2026-08-06T10:06:00,24607.2,24613.75,24606.4,24612.05,527474
1785991020,2026-08-06T10:07:00,24612.65,24619.75,24612.0,24618.45,507767
1785991080,2026-08-06T10:08:00,24619.35,24620.0,24615.4,24615.6,418899
1785991140,2026-08-06T10:09:00,24616.2,24621.5,24615.2,24620.7,550886
1785991200,2026-08-06T10:10:00,24621.05,24627.8,24619.55,24627.45,586965
1785991260,2026-08-06T10:11:00,24627.1,24627.2,24622.8,24624.7,545200
1785991320,2026-08-06T10:12:00,24625.1,24633.0,24623.9,24631.65,726172
1785991380,2026-08-06T10:13:00,24632.8,24638.9,24630.95,24631.25,671316
1785991440,2026-08-06T10:14:00,24632.5,24636.0,24630.1,24630.85,1186850
1785991500,2026-08-06T10:15:00,24631.75,24631.75,24625.0,24626.95,1004489
1785991560,2026-08-06T10:16:00,24627.6,24629.6,24626.15,24628.4,599915
1785991620,2026-08-06T10:17:00,24628.5,24629.8,24620.9,24622.05,562495
1785991680,2026-08-06T10:18:00,24622.35,24623.0,24617.75,24621.55,488647
1785991740,2026-08-06T10:19:00,24622.1,24624.05,24618.05,24619.9,529460
1785991800,2026-08-06T10:20:00,24621.0,24623.95,24618.65,24622.65,526031
1785991860,2026-08-06T10:21:00,24623.3,24627.25,24622.2,24626.35,554840
1785991920,2026-08-06T10:22:00,24626.55,24630.05,24626.35,24629.85,633998
1785991980,2026-08-06T10:23:00,24630.1,24635.25,24629.9,24634.25,689423
1785992040,2026-08-06T10:24:00,24634.7,24639.25,24633.95,24638.65,827144
1785992100,2026-08-06T10:25:00,24639.45,24639.7,24629.2,24629.2,545486
1785992160,2026-08-06T10:26:00,24630.25,24631.75,24627.65,24630.7,590036
1785992220,2026-08-06T10:27:00,24630.9,24634.65,24628.0,24630.2,1337710
1785992280,2026-08-06T10:28:00,24630.65,24633.05,24628.45,24632.85,1269797
1785992340,2026-08-06T10:29:00,24633.3,24637.55,24631.95,24635.7,1087555
1785992400,2026-08-06T10:30:00,24636.55,24638.65,24634.4,24637.05,731559
1785992460,2026-08-06T10:31:00,24637.15,24639.05,24635.4,24638.0,776984
1785992520,2026-08-06T10:32:00,24638.05,24640.35,24636.7,24638.9,675418
1785992580,2026-08-06T10:33:00,24639.4,24643.35,24637.7,24639.05,645119
1785992640,2026-08-06T10:34:00,24640.0,24642.85,24634.9,24635.55,757151
1785992700,2026-08-06T10:35:00,24636.05,24637.35,24630.35,24634.5,675780
1785992760,2026-08-06T10:36:00,24636.4,24640.9,24634.8,24638.35,750548
1785992820,2026-08-06T10:37:00,24639.5,24642.45,24632.2,24632.2,631225
1785992880,2026-08-06T10:38:00,24633.65,24642.5,24630.9,24641.2,581995
1785992940,2026-08-06T10:39:00,24641.05,24643.35,24637.1,24639.6,677342
1785993000,2026-08-06T10:40:00,24639.95,24641.1,24634.6,24635.1,605545
1785993060,2026-08-06T10:41:00,24635.5,24636.35,24632.05,24633.8,541616
1785993120,2026-08-06T10:42:00,24634.4,24638.55,24632.75,24635.6,587390
1785993180,2026-08-06T10:43:00,24636.0,24638.95,24632.25,24636.6,648738
1785993240,2026-08-06T10:44:00,24636.7,24640.0,24635.1,24636.65,542807
1785993300,2026-08-06T10:45:00,24637.0,24637.25,24631.75,24633.1,665853
1785993360,2026-08-06T10:46:00,24633.1,24633.85,24627.55,24628.2,870633
1785993420,2026-08-06T10:47:00,24628.1,24631.35,24623.3,24623.85,815229
1785993480,2026-08-06T10:48:00,24624.55,24628.5,24621.65,24627.25,748671
1785993540,2026-08-06T10:49:00,24627.95,24630.75,24622.45,24626.9,907650
1785993600,2026-08-06T10:50:00,24626.05,24629.95,24623.6,24626.55,752637
1785993660,2026-08-06T10:51:00,24627.25,24627.7,24620.35,24620.7,495280
1785993720,2026-08-06T10:52:00,24621.0,24622.0,24617.25,24617.55,512604
1785993780,2026-08-06T10:53:00,24618.3,24623.5,24616.0,24620.85,540045
1785993840,2026-08-06T10:54:00,24621.45,24628.85,24618.1,24628.05,633686
1785993900,2026-08-06T10:55:00,24629.4,24629.95,24625.35,24627.7,523789
1785993960,2026-08-06T10:56:00,24628.75,24633.35,24623.4,24633.25,687676
1785994020,2026-08-06T10:57:00,24633.45,24640.6,24632.9,24633.5,800538
1785994080,2026-08-06T10:58:00,24634.65,24637.2,24629.35,24630.65,769696
1785994140,2026-08-06T10:59:00,24631.55,24634.0,24623.7,24630.7,784214
1785994200,2026-08-06T11:00:00,24630.9,24634.7,24626.6,24631.7,634621
1785994260,2026-08-06T11:01:00,24631.5,24631.65,24626.2,24627.4,623617
1785994320,2026-08-06T11:02:00,24627.75,24630.9,24621.6,24623.8,578739
1785994380,2026-08-06T11:03:00,24624.4,24633.35,24623.75,24631.0,621721
1785994440,2026-08-06T11:04:00,24631.1,24633.95,24628.45,24629.75,355533
1785994500,2026-08-06T11:05:00,24629.9,24637.9,24628.8,24628.8,501795
1785994560,2026-08-06T11:06:00,24630.0,24633.9,24628.95,24630.8,476541
1785994620,2026-08-06T11:07:00,24631.4,24637.05,24629.3,24632.75,435656
1785994680,2026-08-06T11:08:00,24632.95,24635.4,24629.15,24633.15,728187
1785994740,2026-08-06T11:09:00,24634.4,24639.6,24632.1,24638.35,670370
1785994800,2026-08-06T11:10:00,24639.0,24643.55,24637.8,24642.35,870602
1785994860,2026-08-06T11:11:00,24642.5,24645.6,24639.0,24645.2,835670
1785994920,2026-08-06T11:12:00,24645.55,24649.6,24644.4,24646.6,784938
1785994980,2026-08-06T11:13:00,24647.7,24650.95,24646.85,24650.2,1350591
1785995040,2026-08-06T11:14:00,24650.45,24655.6,24648.8,24652.45,916108
1785995100,2026-08-06T11:15:00,24653.8,24656.35,24652.0,24654.55,731302
1785995160,2026-08-06T11:16:00,24655.15,24655.5,24648.2,24648.55,741859
1785995220,2026-08-06T11:17:00,24649.85,24657.7,24647.9,24653.1,759451
1785995280,2026-08-06T11:18:00,24653.0,24660.65,24652.8,24659.6,828546
1785995340,2026-08-06T11:19:00,24660.35,24666.3,24660.05,24663.9,989293
1785995400,2026-08-06T11:20:00,24664.6,24669.8,24663.85,24667.2,879468
1785995460,2026-08-06T11:21:00,24667.6,24670.45,24665.9,24667.45,817583
1785995520,2026-08-06T11:22:00,24667.3,24668.7,24664.1,24666.8,577946
1785995580,2026-08-06T11:23:00,24666.75,24671.05,24666.0,24666.05,539196
1785995640,2026-08-06T11:24:00,24666.9,24669.9,24666.2,24669.65,759040
1785995700,2026-08-06T11:25:00,24669.95,24674.5,24667.55,24673.45,846825
1785995760,2026-08-06T11:26:00,24672.7,24674.85,24667.9,24668.35,774419
1785995820,2026-08-06T11:27:00,24669.15,24672.4,24663.85,24667.3,542160
1785995880,2026-08-06T11:28:00,24667.25,24674.4,24664.85,24670.75,615920
1785995940,2026-08-06T11:29:00,24671.35,24675.05,24669.75,24672.55,515667
1785996000,2026-08-06T11:30:00,24674.0,24677.05,24671.5,24673.35,657972
1785996060,2026-08-06T11:31:00,24673.4,24675.25,24662.2,24663.2,1180540
1785996120,2026-08-06T11:32:00,24664.75,24667.65,24662.0,24662.9,783539
1785996180,2026-08-06T11:33:00,24662.95,24667.2,24659.4,24661.8,706373
1785996240,2026-08-06T11:34:00,24662.0,24663.1,24658.6,24659.75,850065
1785996300,2026-08-06T11:35:00,24660.65,24661.7,24656.6,24659.2,521332
1785996360,2026-08-06T11:36:00,24659.5,24663.4,24656.5,24656.5,1215653
1785996420,2026-08-06T11:37:00,24657.65,24657.65,24652.8,24652.9,945922
1785996480,2026-08-06T11:38:00,24653.65,24656.7,24652.0,24654.1,569877
1785996540,2026-08-06T11:39:00,24654.9,24656.95,24650.65,24651.5,754392
1785996600,2026-08-06T11:40:00,24651.65,24656.55,24649.45,24649.45,661079
1785996660,2026-08-06T11:41:00,24650.35,24652.3,24644.0,24644.3,547412
1785996720,2026-08-06T11:42:00,24645.8,24649.6,24634.95,24636.15,891988
1785996780,2026-08-06T11:43:00,24637.25,24637.65,24628.95,24631.65,972272
1785996840,2026-08-06T11:44:00,24632.3,24636.95,24631.25,24633.65,833178
1785996900,2026-08-06T11:45:00,24633.75,24634.6,24626.9,24631.15,647319
1785996960,2026-08-06T11:46:00,24631.5,24635.9,24630.5,24632.7,679280
1785997020,2026-08-06T11:47:00,24632.8,24635.05,24628.95,24629.8,765668
1785997080,2026-08-06T11:48:00,24630.95,24634.85,24630.1,24632.8,508924
1785997140,2026-08-06T11:49:00,24633.55,24636.35,24630.8,24635.65,565017
1785997200,2026-08-06T11:50:00,24636.45,24642.5,24636.1,24641.05,693512
1785997260,2026-08-06T11:51:00,24641.25,24645.65,24641.2,24644.25,460828
1785997320,2026-08-06T11:52:00,24644.8,24649.6,24643.2,24648.2,501150
1785997380,2026-08-06T11:53:00,24648.9,24650.75,24645.8,24646.4,417382
1785997440,2026-08-06T11:54:00,24647.7,24649.3,24645.2,24645.3,782687
1785997500,2026-08-06T11:55:00,24646.15,24650.7,24644.7,24647.4,1012527
1785997560,2026-08-06T11:56:00,24648.2,24654.25,24646.5,24653.6,529586
1785997620,2026-08-06T11:57:00,24653.15,24661.0,24650.8,24660.0,876964
1785997680,2026-08-06T11:58:00,24660.45,24662.75,24655.8,24660.35,471614
1785997740,2026-08-06T11:59:00,24660.85,24664.35,24657.55,24659.9,589868
1785997800,2026-08-06T12:00:00,24660.55,24661.8,24654.6,24654.7,649134
1785997860,2026-08-06T12:01:00,24655.75,24657.95,24652.85,24656.6,705050
1785997920,2026-08-06T12:02:00,24657.15,24661.45,24656.1,24658.3,712272
1785997980,2026-08-06T12:03:00,24659.7,24660.9,24656.35,24657.45,469125
1785998040,2026-08-06T12:04:00,24657.7,24657.85,24653.4,24654.7,393961
1785998100,2026-08-06T12:05:00,24655.25,24657.65,24652.5,24653.65,927675
1785998160,2026-08-06T12:06:00,24654.35,24656.4,24650.65,24651.55,552958
1785998220,2026-08-06T12:07:00,24651.9,24655.9,24649.0,24653.55,511129
1785998280,2026-08-06T12:08:00,24653.7,24655.55,24649.35,24650.5,503410
1785998340,2026-08-06T12:09:00,24651.35,24652.5,24648.9,24651.65,504389
1785998400,2026-08-06T12:10:00,24651.7,24651.8,24647.15,24648.8,532804
1785998460,2026-08-06T12:11:00,24649.05,24651.1,24646.05,24646.9,542668
1785998520,2026-08-06T12:12:00,24647.55,24651.05,24645.6,24648.0,759042
1785998580,2026-08-06T12:13:00,24648.25,24649.65,24644.75,24645.45,518887
1785998640,2026-08-06T12:14:00,24646.3,24650.0,24638.3,24643.15,561909
1785998700,2026-08-06T12:15:00,24644.2,24652.1,24643.35,24649.7,843528
1785998760,2026-08-06T12:16:00,24649.8,24659.75,24649.35,24654.2,2987669
1785998820,2026-08-06T12:17:00,24653.35,24658.8,24651.5,24656.85,1165088
1785998880,2026-08-06T12:18:00,24656.85,24660.75,24654.05,24656.0,478481
1785998940,2026-08-06T12:19:00,24656.55,24656.75,24645.5,24646.35,540193
1785999000,2026-08-06T12:20:00,24646.5,24646.7,24640.25,24642.05,632212
1785999060,2026-08-06T12:21:00,24642.45,24642.45,24634.45,24635.9,471413
1785999120,2026-08-06T12:22:00,24635.85,24636.35,24630.2,24630.2,541453
1785999180,2026-08-06T12:23:00,24631.1,24633.6,24627.2,24632.1,684868
1785999240,2026-08-06T12:24:00,24632.35,24637.0,24632.1,24635.6,485143
1785999300,2026-08-06T12:25:00,24636.1,24637.65,24630.85,24637.0,450495
1785999360,2026-08-06T12:26:00,24636.95,24641.7,24635.15,24636.55,492085
1785999420,2026-08-06T12:27:00,24637.05,24640.9,24634.7,24635.0,542567
1785999480,2026-08-06T12:28:00,24635.6,24637.95,24633.25,24635.85,310706
1785999540,2026-08-06T12:29:00,24636.0,24637.05,24631.15,24637.05,520215
1785999600,2026-08-06T12:30:00,24637.35,24641.2,24636.4,24640.75,630610
1785999660,2026-08-06T12:31:00,24640.75,24645.25,24638.65,24641.55,806238
1785999720,2026-08-06T12:32:00,24642.0,24648.55,24640.7,24645.0,460763
1785999780,2026-08-06T12:33:00,24644.8,24645.9,24638.35,24641.2,511010
1785999840,2026-08-06T12:34:00,24641.75,24646.7,24641.6,24645.3,487474
1785999900,2026-08-06T12:35:00,24645.9,24649.45,24644.35,24647.4,471145
1785999960,2026-08-06T12:36:00,24647.95,24648.0,24640.45,24644.8,527002
1786000020,2026-08-06T12:37:00,24645.0,24646.2,24642.0,24643.3,593363
1786000080,2026-08-06T12:38:00,24643.95,24644.65,24639.35,24640.95,580441
1786000140,2026-08-06T12:39:00,24641.55,24644.75,24640.15,24642.65,827650
1786000200,2026-08-06T12:40:00,24643.6,24651.1,24641.85,24646.35,808186
1786000260,2026-08-06T12:41:00,24647.15,24647.15,24638.8,24640.25,907322
1786000320,2026-08-06T12:42:00,24641.45,24644.4,24639.65,24642.2,493264
1786000380,2026-08-06T12:43:00,24643.0,24646.15,24641.95,24644.75,465818
1786000440,2026-08-06T12:44:00,24645.8,24646.25,24641.35,24646.25,480815
1786000500,2026-08-06T12:45:00,24646.2,24648.45,24643.1,24647.1,634165
1786000560,2026-08-06T12:46:00,24647.5,24647.8,24640.75,24641.0,645340
1786000620,2026-08-06T12:47:00,24642.15,24646.85,24641.75,24644.05,538748
1786000680,2026-08-06T12:48:00,24644.7,24646.95,24637.6,24639.0,655704
1786000740,2026-08-06T12:49:00,24639.55,24643.45,24634.2,24636.3,962791
1786000800,2026-08-06T12:50:00,24636.8,24640.05,24634.45,24637.2,561141
1786000860,2026-08-06T12:51:00,24636.25,24640.15,24634.85,24637.55,586634
1786000920,2026-08-06T12:52:00,24638.25,24641.8,24637.75,24639.35,485682
1786000980,2026-08-06T12:53:00,24639.85,24640.5,24631.1,24632.1,1177654
1786001040,2026-08-06T12:54:00,24631.85,24633.7,24627.85,24631.95,651591
1786001100,2026-08-06T12:55:00,24632.65,24633.6,24626.95,24629.55,633794
1786001160,2026-08-06T12:56:00,24629.9,24631.55,24625.1,24625.4,718459
1786001220,2026-08-06T12:57:00,24625.7,24631.25,24622.05,24630.25,700488
1786001280,2026-08-06T12:58:00,24630.3,24636.25,24628.1,24630.5,969149
1786001340,2026-08-06T12:59:00,24631.15,24634.2,24628.55,24629.05,780817
1786001400,2026-08-06T13:00:00,24629.25,24636.75,24628.35,24636.1,1218863
1786001460,2026-08-06T13:01:00,24637.0,24638.0,24630.6,24634.35,578287
1786001520,2026-08-06T13:02:00,24635.4,24644.85,24633.5,24643.4,983389
1786001580,2026-08-06T13:03:00,24644.45,24649.5,24642.6,24648.85,1495105
1786001640,2026-08-06T13:04:00,24649.45,24650.95,24640.95,24642.55,726248
1786001700,2026-08-06T13:05:00,24643.05,24645.45,24636.55,24645.45,720030
1786001760,2026-08-06T13:06:00,24645.5,24647.25,24635.7,24636.35,799257
1786001820,2026-08-06T13:07:00,24637.5,24638.85,24630.1,24633.55,1036970
1786001880,2026-08-06T13:08:00,24633.75,24634.15,24622.45,24625.05,988604
1786001940,2026-08-06T13:09:00,24626.25,24628.5,24624.35,24627.15,603719
1786002000,2026-08-06T13:10:00,24627.65,24629.55,24624.95,24626.35,652284
1786002060,2026-08-06T13:11:00,24626.75,24632.6,24624.95,24631.05,935460
1786002120,2026-08-06T13:12:00,24631.5,24644.05,24626.55,24629.0,1118200
1786002180,2026-08-06T13:13:00,24628.75,24630.45,24626.25,24626.6,874059
1786002240,2026-08-06T13:14:00,24627.95,24627.95,24621.25,24622.2,576441
1786002300,2026-08-06T13:15:00,24623.0,24623.0,24611.85,24618.75,832205
1786002360,2026-08-06T13:16:00,24619.65,24637.55,24619.5,24636.95,1678671
1786002420,2026-08-06T13:17:00,24637.65,24642.25,24636.35,24639.75,1721653
1786002480,2026-08-06T13:18:00,24640.5,24653.45,24639.65,24643.75,1769263
1786002540,2026-08-06T13:19:00,24644.75,24652.55,24642.65,24651.6,1908945
1786002600,2026-08-06T13:20:00,24651.8,24655.9,24638.65,24638.65,1933738
1786002660,2026-08-06T13:21:00,24640.65,24643.4,24637.5,24638.4,689437
1786002720,2026-08-06T13:22:00,24639.1,24639.1,24629.1,24630.95,548363
1786002780,2026-08-06T13:23:00,24631.75,24632.95,24624.0,24625.0,664357
1786002840,2026-08-06T13:24:00,24625.25,24625.5,24617.9,24618.9,696909
1786002900,2026-08-06T13:25:00,24619.5,24622.2,24617.55,24618.55,616940
1786002960,2026-08-06T13:26:00,24620.45,24624.9,24615.95,24622.95,663851
1786003020,2026-08-06T13:27:00,24624.65,24629.55,24622.9,24629.55,720107
1786003080,2026-08-06T13:28:00,24629.85,24631.15,24627.45,24628.85,572849
1786003140,2026-08-06T13:29:00,24629.6,24633.45,24622.55,24628.0,909308
1786003200,2026-08-06T13:30:00,24628.05,24634.75,24628.05,24630.2,721687
1786003260,2026-08-06T13:31:00,24630.9,24633.85,24628.35,24632.75,548466
1786003320,2026-08-06T13:32:00,24633.35,24634.8,24629.25,24632.8,504600
1786003380,2026-08-06T13:33:00,24633.5,24643.05,24632.7,24641.55,730019
1786003440,2026-08-06T13:34:00,24641.45,24643.4,24636.9,24640.7,880236
1786003500,2026-08-06T13:35:00,24641.5,24648.05,24637.2,24646.0,824453
1786003560,2026-08-06T13:36:00,24646.85,24654.95,24645.1,24652.75,795159
1786003620,2026-08-06T13:37:00,24653.8,24659.65,24652.1,24652.8,1254323
1786003680,2026-08-06T13:38:00,24653.15,24653.15,24630.5,24634.25,2302440
1786003740,2026-08-06T13:39:00,24635.4,24637.75,24629.9,24633.8,1165511
1786003800,2026-08-06T13:40:00,24633.45,24637.2,24629.65,24636.0,858943
1786003860,2026-08-06T13:41:00,24637.0,24641.15,24635.0,24636.65,700774
1786003920,2026-08-06T13:42:00,24638.5,24638.5,24628.15,24628.55,818315
1786003980,2026-08-06T13:43:00,24629.65,24633.7,24626.95,24628.95,609054
1786004040,2026-08-06T13:44:00,24629.6,24634.0,24626.0,24633.05,516709
1786004100,2026-08-06T13:45:00,24634.55,24636.1,24629.95,24630.65,591090
1786004160,2026-08-06T13:46:00,24631.4,24633.45,24626.8,24627.8,630312
1786004220,2026-08-06T13:47:00,24628.4,24628.65,24613.9,24613.9,1293479
1786004280,2026-08-06T13:48:00,24614.8,24619.75,24613.75,24617.65,1845459
1786004340,2026-08-06T13:49:00,24618.55,24618.65,24613.35,24613.6,1401995
1786004400,2026-08-06T13:50:00,24614.25,24615.25,24608.7,24608.7,1573599
1786004460,2026-08-06T13:51:00,24609.25,24624.95,24606.9,24620.2,2146539
1786004520,2026-08-06T13:52:00,24621.6,24632.6,24620.55,24630.35,651338
1786004580,2026-08-06T13:53:00,24631.95,24632.8,24626.25,24630.15,575281
1786004640,2026-08-06T13:54:00,24631.35,24632.95,24627.65,24629.25,685259
1786004700,2026-08-06T13:55:00,24630.55,24631.55,24627.25,24629.4,560601
1786004760,2026-08-06T13:56:00,24631.05,24632.55,24627.4,24628.85,505894
1786004820,2026-08-06T13:57:00,24630.5,24631.15,24625.6,24627.65,580309
1786004880,2026-08-06T13:58:00,24629.45,24629.5,24620.8,24621.4,1289939
1786004940,2026-08-06T13:59:00,24624.5,24649.75,24621.35,24647.25,1525407
1786005000,2026-08-06T14:00:00,24646.25,24649.5,24637.75,24638.75,862220
1786005060,2026-08-06T14:01:00,24639.4,24640.5,24634.1,24636.3,573032
1786005120,2026-08-06T14:02:00,24636.55,24642.8,24635.9,24638.75,586946
1786005180,2026-08-06T14:03:00,24639.7,24645.4,24637.45,24642.85,569395
1786005240,2026-08-06T14:04:00,24644.15,24651.25,24643.15,24648.05,640082
1786005300,2026-08-06T14:05:00,24647.75,24652.45,24646.9,24652.15,613064
1786005360,2026-08-06T14:06:00,24652.0,24655.05,24650.0,24651.95,717840
1786005420,2026-08-06T14:07:00,24653.4,24656.65,24650.1,24655.45,565651
1786005480,2026-08-06T14:08:00,24655.2,24656.35,24650.5,24653.85,654203
1786005540,2026-08-06T14:09:00,24653.7,24654.7,24647.6,24649.2,841429
1786005600,2026-08-06T14:10:00,24650.0,24653.05,24648.2,24651.4,581630
1786005660,2026-08-06T14:11:00,24652.9,24655.45,24649.45,24653.55,704689
1786005720,2026-08-06T14:12:00,24653.2,24654.75,24649.15,24651.85,635574
1786005780,2026-08-06T14:13:00,24653.0,24658.5,24651.6,24656.9,548729
1786005840,2026-08-06T14:14:00,24657.15,24658.35,24649.8,24651.1,525724
1786005900,2026-08-06T14:15:00,24651.85,24655.25,24650.15,24652.7,626820
1786005960,2026-08-06T14:16:00,24653.3,24655.6,24651.0,24652.3,958520
1786006020,2026-08-06T14:17:00,24653.25,24656.7,24651.25,24655.6,860431
1786006080,2026-08-06T14:18:00,24655.55,24657.6,24654.45,24656.25,844600
1786006140,2026-08-06T14:19:00,24656.9,24657.65,24652.55,24654.3,494169
1786006200,2026-08-06T14:20:00,24654.5,24658.75,24653.05,24655.6,1057120
1786006260,2026-08-06T14:21:00,24657.75,24657.75,24649.35,24652.2,641112
1786006320,2026-08-06T14:22:00,24654.0,24657.75,24651.45,24656.1,674699
1786006380,2026-08-06T14:23:00,24657.05,24657.15,24652.3,24654.75,669624
1786006440,2026-08-06T14:24:00,24655.8,24658.55,24654.2,24657.5,671439
1786006500,2026-08-06T14:25:00,24657.5,24659.35,24654.6,24657.3,504547
1786006560,2026-08-06T14:26:00,24657.1,24662.8,24655.95,24661.55,635555
1786006620,2026-08-06T14:27:00,24661.8,24662.35,24657.0,24659.85,1090802
1786006680,2026-08-06T14:28:00,24660.45,24660.6,24655.35,24656.55,613990
1786006740,2026-08-06T14:29:00,24657.25,24657.25,24651.5,24654.9,568676
1786006800,2026-08-06T14:30:00,24655.45,24656.3,24649.2,24650.95,673359
1786006860,2026-08-06T14:31:00,24651.1,24651.1,24634.25,24640.8,1717327
1786006920,2026-08-06T14:32:00,24641.9,24659.45,24639.4,24654.45,1594856
1786006980,2026-08-06T14:33:00,24654.4,24654.6,24647.1,24647.7,691540
1786007040,2026-08-06T14:34:00,24647.95,24649.9,24646.4,24649.3,753267
1786007100,2026-08-06T14:35:00,24649.4,24652.8,24648.4,24651.45,759752
1786007160,2026-08-06T14:36:00,24651.65,24653.6,24646.4,24649.4,680553
1786007220,2026-08-06T14:37:00,24650.0,24651.55,24645.9,24648.1,711389
1786007280,2026-08-06T14:38:00,24648.65,24649.15,24644.85,24647.0,789530
1786007340,2026-08-06T14:39:00,24647.4,24649.55,24641.75,24643.6,844622
1786007400,2026-08-06T14:40:00,24644.35,24645.7,24632.65,24635.25,1708971
1786007460,2026-08-06T14:41:00,24635.6,24641.7,24633.1,24641.45,992240
1786007520,2026-08-06T14:42:00,24641.15,24652.65,24640.0,24642.1,1550674
1786007580,2026-08-06T14:43:00,24643.45,24644.2,24634.8,24636.8,820582
1786007640,2026-08-06T14:44:00,24635.2,24641.7,24634.2,24638.35,917156
1786007700,2026-08-06T14:45:00,24639.55,24643.5,24636.7,24639.0,839252
1786007760,2026-08-06T14:46:00,24640.05,24640.05,24634.5,24637.2,707412
1786007820,2026-08-06T14:47:00,24637.35,24642.1,24636.4,24641.75,825031
1786007880,2026-08-06T14:48:00,24641.3,24643.5,24640.05,24643.4,813110
1786007940,2026-08-06T14:49:00,24643.35,24647.55,24642.0,24644.55,965789
1786008000,2026-08-06T14:50:00,24645.4,24645.8,24640.65,24642.95,1154466
1786008060,2026-08-06T14:51:00,24643.2,24645.2,24640.95,24643.15,1132880
1786008120,2026-08-06T14:52:00,24643.6,24645.1,24638.8,24639.9,1035816
1786008180,2026-08-06T14:53:00,24640.0,24640.0,24634.7,24636.25,1178052
1786008240,2026-08-06T14:54:00,24636.4,24637.95,24634.05,24636.25,921828
1786008300,2026-08-06T14:55:00,24636.15,24636.15,24629.45,24631.6,1074902
1786008360,2026-08-06T14:56:00,24632.85,24633.75,24630.25,24633.1,1543453
1786008420,2026-08-06T14:57:00,24633.35,24635.0,24631.7,24633.75,1187425
1786008480,2026-08-06T14:58:00,24634.7,24635.9,24629.35,24634.15,1176945
1786008540,2026-08-06T14:59:00,24635.45,24636.2,24629.6,24633.0,1332911
1786008600,2026-08-06T15:00:00,24633.2,24642.05,24629.3,24640.75,1626113
1786008660,2026-08-06T15:01:00,24641.6,24642.05,24635.6,24638.0,1273760
1786008720,2026-08-06T15:02:00,24638.75,24638.85,24630.2,24631.8,1413876
1786008780,2026-08-06T15:03:00,24631.8,24632.0,24615.7,24618.25,2657630
1786008840,2026-08-06T15:04:00,24618.7,24624.25,24614.7,24621.7,2592825
1786008900,2026-08-06T15:05:00,24624.25,24627.45,24617.5,24623.1,2757080
1786008960,2026-08-06T15:06:00,24624.05,24624.75,24616.7,24624.75,2527164
1786009020,2026-08-06T15:07:00,24624.75,24629.4,24620.65,24627.35,1661605
1786009080,2026-08-06T15:08:00,24628.45,24639.0,24619.8,24637.85,2540036
1786009140,2026-08-06T15:09:00,24637.25,24637.25,24625.15,24628.2,2230856
1786009200,2026-08-06T15:10:00,24628.65,24629.4,24622.25,24625.25,3113727
1786009260,2026-08-06T15:11:00,24625.45,24626.85,24621.2,24623.3,2384812
1786009320,2026-08-06T15:12:00,24622.55,24632.65,24619.2,24629.45,2473283
1786009380,2026-08-06T15:13:00,24629.05,24631.95,24627.5,24628.4,1651743
1786009440,2026-08-06T15:14:00,24628.55,24636.6,24622.6,24628.5,1275718
1786009500,2026-08-06T15:15:00,24627.95,24627.95,24627.95,24627.95,1065
1786009560,2026-08-06T15:16:00,24627.95,24627.95,24627.95,24627.95,1065
1786009620,2026-08-06T15:17:00,24627.95,24627.95,24627.95,24627.95,1065
1786009680,2026-08-06T15:18:00,24627.95,24627.95,24627.95,24627.95,1065
1786009740,2026-08-06T15:19:00,24627.95,24627.95,24627.95,24627.95,1065
1786009800,2026-08-06T15:20:00,24627.95,24627.95,24627.95,24627.95,1065
1786009860,2026-08-06T15:21:00,24627.95,24627.95,24627.95,24627.95,1065
1786009920,2026-08-06T15:22:00,24627.95,24627.95,24627.95,24627.95,1065
1786009980,2026-08-06T15:23:00,24627.95,24627.95,24627.95,24627.95,1065
1786010040,2026-08-06T15:24:00,24627.95,24627.95,24627.95,24627.95,1065
1786010100,2026-08-06T15:25:00,24627.95,24627.95,24627.95,24627.95,1065
1786010160,2026-08-06T15:26:00,24627.95,24627.95,24627.95,24627.95,1065
1786010220,2026-08-06T15:27:00,24627.95,24627.95,24627.95,24627.95,1065
1786010280,2026-08-06T15:28:00,24627.95,24636.0,24627.95,24636.0,133776933
1786010340,2026-08-06T15:29:00,24636.0,24636.0,24636.0,24636.0,133776933
1786074300,2026-08-07T09:15:00,24538.9,24592.45,24529.2,24585.4,4020391
1786074360,2026-08-07T09:16:00,24587.6,24603.15,24577.3,24593.9,2986330
1786074420,2026-08-07T09:17:00,24595.5,24600.9,24579.0,24581.2,1817774
1786074480,2026-08-07T09:18:00,24583.05,24592.9,24578.95,24591.15,1517989
1786074540,2026-08-07T09:19:00,24593.9,24594.95,24587.95,24592.2,1518810
1786074600,2026-08-07T09:20:00,24593.25,24599.2,24584.75,24597.95,1887203
1786074660,2026-08-07T09:21:00,24599.35,24600.55,24593.4,24594.85,1180100
1786074720,2026-08-07T09:22:00,24596.85,24607.55,24595.9,24606.15,1395851
1786074780,2026-08-07T09:23:00,24606.65,24618.15,24603.5,24613.65,1803266
1786074840,2026-08-07T09:24:00,24616.25,24620.0,24611.55,24611.7,1164730
1786074900,2026-08-07T09:25:00,24613.3,24614.2,24600.55,24610.4,1071272
1786074960,2026-08-07T09:26:00,24611.6,24614.65,24609.3,24609.3,1189364
1786075020,2026-08-07T09:27:00,24611.45,24612.45,24604.2,24609.1,1487185
1786075080,2026-08-07T09:28:00,24610.55,24610.9,24604.2,24604.4,922208
1786075140,2026-08-07T09:29:00,24604.7,24606.15,24600.5,24601.6,932329
1786075200,2026-08-07T09:30:00,24604.0,24604.75,24594.65,24594.65,1047308
1786075260,2026-08-07T09:31:00,24596.9,24599.65,24593.25,24595.45,939423
1786075320,2026-08-07T09:32:00,24597.85,24611.95,24595.55,24608.95,958551
1786075380,2026-08-07T09:33:00,24610.7,24610.75,24602.95,24603.75,941744
1786075440,2026-08-07T09:34:00,24605.45,24606.15,24596.4,24601.7,925888
1786075500,2026-08-07T09:35:00,24602.65,24605.0,24598.4,24603.55,687315
1786075560,2026-08-07T09:36:00,24605.55,24607.4,24602.8,24606.1,827355
1786075620,2026-08-07T09:37:00,24607.35,24607.35,24598.8,24601.4,796971
1786075680,2026-08-07T09:38:00,24604.7,24608.8,24600.45,24606.2,796132
1786075740,2026-08-07T09:39:00,24607.8,24608.75,24603.35,24604.65,688912
1786075800,2026-08-07T09:40:00,24605.8,24611.4,24602.1,24607.15,739534
1786075860,2026-08-07T09:41:00,24606.05,24606.25,24598.3,24600.15,569243
1786075920,2026-08-07T09:42:00,24602.3,24606.55,24599.2,24603.65,507321
1786075980,2026-08-07T09:43:00,24605.8,24608.7,24602.6,24608.4,690291
1786076040,2026-08-07T09:44:00,24610.05,24618.65,24607.8,24618.2,732751
1786076100,2026-08-07T09:45:00,24620.15,24620.45,24612.65,24616.0,697530
1786076160,2026-08-07T09:46:00,24617.65,24617.65,24607.05,24608.05,564442
1786076220,2026-08-07T09:47:00,24610.35,24610.35,24600.8,24602.25,634448
1786076280,2026-08-07T09:48:00,24604.0,24610.15,24602.7,24608.8,774605
1786076340,2026-08-07T09:49:00,24610.9,24611.7,24606.35,24610.95,699987
1786076400,2026-08-07T09:50:00,24612.6,24617.75,24611.65,24616.45,524142
1786076460,2026-08-07T09:51:00,24619.45,24622.25,24615.95,24620.9,522354
1786076520,2026-08-07T09:52:00,24622.8,24626.5,24617.2,24618.75,472517
1786076580,2026-08-07T09:53:00,24621.8,24621.8,24618.65,24619.6,388365
1786076640,2026-08-07T09:54:00,24621.4,24624.5,24618.75,24622.25,749633
1786076700,2026-08-07T09:55:00,24625.45,24628.35,24623.55,24626.15,699541
1786076760,2026-08-07T09:56:00,24628.3,24628.45,24619.15,24619.85,759783
1786076820,2026-08-07T09:57:00,24623.1,24624.8,24619.45,24620.2,523570
1786076880,2026-08-07T09:58:00,24622.25,24627.75,24617.95,24626.8,522710
1786076940,2026-08-07T09:59:00,24627.95,24630.4,24624.75,24625.8,729344
1786077000,2026-08-07T10:00:00,24627.05,24627.05,24620.6,24622.7,818244
1786077060,2026-08-07T10:01:00,24623.85,24623.85,24615.8,24617.7,477131
1786077120,2026-08-07T10:02:00,24621.55,24621.55,24611.85,24612.1,706318
1786077180,2026-08-07T10:03:00,24614.3,24614.3,24607.5,24608.7,515720
1786077240,2026-08-07T10:04:00,24610.25,24614.2,24607.55,24613.8,420376
1786077300,2026-08-07T10:05:00,24614.95,24616.3,24610.35,24613.25,563710
1786077360,2026-08-07T10:06:00,24612.85,24616.45,24610.2,24614.55,421589
1786077420,2026-08-07T10:07:00,24616.55,24618.55,24614.15,24617.2,448172
1786077480,2026-08-07T10:08:00,24618.75,24618.75,24612.4,24613.05,508210
1786077540,2026-08-07T10:09:00,24613.7,24615.6,24609.7,24613.2,574781
1786077600,2026-08-07T10:10:00,24613.65,24614.9,24609.5,24609.9,522161
1786077660,2026-08-07T10:11:00,24611.05,24611.05,24602.55,24602.85,473660
1786077720,2026-08-07T10:12:00,24604.5,24605.75,24598.25,24599.2,477205
1786077780,2026-08-07T10:13:00,24600.4,24600.4,24594.0,24596.05,575501
1786077840,2026-08-07T10:14:00,24599.25,24600.3,24595.45,24599.15,690047
1786077900,2026-08-07T10:15:00,24601.65,24601.65,24591.75,24592.85,507740
1786077960,2026-08-07T10:16:00,24594.75,24595.35,24592.4,24593.7,534204
1786078020,2026-08-07T10:17:00,24595.7,24595.7,24590.0,24590.75,432677
1786078080,2026-08-07T10:18:00,24593.05,24593.05,24573.4,24574.8,742075
1786078140,2026-08-07T10:19:00,24575.9,24578.95,24570.8,24577.15,727680
1786078200,2026-08-07T10:20:00,24579.1,24583.0,24576.85,24578.15,458245
1786078260,2026-08-07T10:21:00,24580.7,24587.0,24578.15,24585.9,462089
1786078320,2026-08-07T10:22:00,24587.8,24587.8,24579.45,24580.55,293467
1786078380,2026-08-07T10:23:00,24582.25,24582.25,24570.9,24572.5,445412
1786078440,2026-08-07T10:24:00,24573.95,24576.2,24572.1,24574.6,288279
1786078500,2026-08-07T10:25:00,24577.0,24577.0,24571.8,24573.8,418872
1786078560,2026-08-07T10:26:00,24576.65,24576.65,24570.95,24571.65,395262
1786078620,2026-08-07T10:27:00,24572.5,24572.5,24567.65,24568.3,359186
1786078680,2026-08-07T10:28:00,24570.45,24572.8,24566.6,24567.6,477314
1786078740,2026-08-07T10:29:00,24569.5,24569.5,24562.95,24566.55,383761
1786078800,2026-08-07T10:30:00,24567.85,24567.95,24563.65,24565.9,323331
1786078860,2026-08-07T10:31:00,24569.2,24569.2,24561.3,24562.85,449098
1786078920,2026-08-07T10:32:00,24564.2,24568.85,24561.35,24567.25,389512
1786078980,2026-08-07T10:33:00,24568.65,24572.0,24564.9,24571.2,417015
1786079040,2026-08-07T10:34:00,24572.95,24572.95,24569.3,24571.3,379682
1786079100,2026-08-07T10:35:00,24572.4,24574.4,24569.7,24573.1,284758
1786079160,2026-08-07T10:36:00,24574.6,24574.6,24569.35,24569.9,352590
1786079220,2026-08-07T10:37:00,24572.15,24572.55,24568.3,24570.75,366870
1786079280,2026-08-07T10:38:00,24572.4,24572.8,24566.7,24572.0,321631
1786079340,2026-08-07T10:39:00,24574.65,24576.0,24570.8,24574.85,299398
1786079400,2026-08-07T10:40:00,24576.6,24576.6,24569.1,24570.4,441867
1786079460,2026-08-07T10:41:00,24571.8,24572.2,24568.55,24568.55,246204
1786079520,2026-08-07T10:42:00,24571.35,24571.35,24563.95,24564.85,483598
1786079580,2026-08-07T10:43:00,24567.6,24571.95,24564.4,24568.45,499218
1786079640,2026-08-07T10:44:00,24570.0,24571.9,24565.85,24569.5,306585
1786079700,2026-08-07T10:45:00,24572.15,24573.9,24569.65,24572.55,456500
1786079760,2026-08-07T10:46:00,24573.3,24579.05,24569.4,24575.75,500573
1786079820,2026-08-07T10:47:00,24577.35,24580.35,24573.8,24578.85,339022
1786079880,2026-08-07T10:48:00,24580.65,24582.85,24578.1,24582.05,344353
1786079940,2026-08-07T10:49:00,24583.6,24583.9,24577.1,24577.1,356193
1786080000,2026-08-07T10:50:00,24579.05,24579.65,24574.1,24578.05,402621
1786080060,2026-08-07T10:51:00,24579.35,24579.6,24575.0,24576.3,268798
1786080120,2026-08-07T10:52:00,24579.1,24579.1,24572.55,24576.55,298238
1786080180,2026-08-07T10:53:00,24579.0,24586.5,24576.3,24583.3,290767
1786080240,2026-08-07T10:54:00,24584.7,24585.0,24580.75,24582.2,340794
1786080300,2026-08-07T10:55:00,24583.85,24585.6,24582.05,24584.65,479797
1786080360,2026-08-07T10:56:00,24586.05,24586.05,24582.15,24583.3,753567
1786080420,2026-08-07T10:57:00,24585.4,24585.4,24579.25,24580.95,672452
1786080480,2026-08-07T10:58:00,24582.1,24584.45,24577.1,24577.9,748013
1786080540,2026-08-07T10:59:00,24579.8,24579.8,24569.5,24570.35,670542
1786080600,2026-08-07T11:00:00,24572.15,24575.25,24569.55,24573.1,510786
1786080660,2026-08-07T11:01:00,24575.05,24575.05,24566.0,24569.2,1416021
1786080720,2026-08-07T11:02:00,24571.05,24573.15,24568.65,24570.2,388251
1786080780,2026-08-07T11:03:00,24572.2,24572.2,24554.25,24555.65,1332798
1786080840,2026-08-07T11:04:00,24556.5,24558.4,24552.25,24555.8,440022
1786080900,2026-08-07T11:05:00,24557.05,24564.05,24555.15,24563.45,423357
1786080960,2026-08-07T11:06:00,24565.55,24569.75,24563.0,24565.7,363626
1786081020,2026-08-07T11:07:00,24567.6,24568.3,24561.7,24563.65,503110
1786081080,2026-08-07T11:08:00,24565.05,24570.9,24563.8,24568.55,542896
1786081140,2026-08-07T11:09:00,24570.75,24570.75,24565.35,24567.2,324621
1786081200,2026-08-07T11:10:00,24568.9,24571.1,24566.9,24569.3,398437
1786081260,2026-08-07T11:11:00,24570.9,24570.9,24566.7,24567.15,289378
1786081320,2026-08-07T11:12:00,24567.35,24568.9,24565.2,24566.45,403338
1786081380,2026-08-07T11:13:00,24567.7,24570.1,24565.95,24566.65,397469
1786081440,2026-08-07T11:14:00,24569.45,24570.3,24565.45,24567.6,463635
1786081500,2026-08-07T11:15:00,24569.1,24569.1,24563.5,24563.5,551947
1786081560,2026-08-07T11:16:00,24565.0,24566.6,24562.0,24562.15,463547
1786081620,2026-08-07T11:17:00,24563.65,24565.25,24560.4,24560.65,404584
1786081680,2026-08-07T11:18:00,24563.45,24563.55,24558.45,24560.5,450908
1786081740,2026-08-07T11:19:00,24561.7,24563.75,24559.9,24562.65,431897
1786081800,2026-08-07T11:20:00,24564.95,24566.35,24561.15,24564.55,479851
1786081860,2026-08-07T11:21:00,24566.1,24570.85,24564.55,24570.65,503429
1786081920,2026-08-07T11:22:00,24571.15,24574.4,24566.2,24567.25,509871
1786081980,2026-08-07T11:23:00,24569.6,24572.05,24567.05,24571.8,356018
1786082040,2026-08-07T11:24:00,24573.55,24577.55,24572.25,24576.25,342424
1786082100,2026-08-07T11:25:00,24578.7,24582.9,24575.1,24579.35,598540
1786082160,2026-08-07T11:26:00,24581.05,24585.95,24579.9,24582.55,360463
1786082220,2026-08-07T11:27:00,24584.1,24587.85,24582.75,24586.2,661747
1786082280,2026-08-07T11:28:00,24589.3,24591.6,24584.85,24585.2,1245830
1786082340,2026-08-07T11:29:00,24587.95,24590.55,24584.15,24584.75,626495
1786082400,2026-08-07T11:30:00,24586.6,24586.6,24580.8,24583.6,1011717
1786082460,2026-08-07T11:31:00,24585.7,24585.7,24579.15,24580.45,663099
1786082520,2026-08-07T11:32:00,24583.1,24583.1,24575.1,24576.4,342216
1786082580,2026-08-07T11:33:00,24578.3,24581.75,24576.85,24577.6,321351
1786082640,2026-08-07T11:34:00,24579.95,24580.4,24575.75,24578.6,468232
1786082700,2026-08-07T11:35:00,24579.3,24579.85,24576.5,24578.05,347436
1786082760,2026-08-07T11:36:00,24579.65,24580.0,24576.1,24576.9,489703
1786082820,2026-08-07T11:37:00,24578.3,24581.75,24577.2,24580.95,303951
1786082880,2026-08-07T11:38:00,24582.05,24587.6,24580.85,24586.05,397111
1786082940,2026-08-07T11:39:00,24587.85,24589.5,24584.8,24585.7,336382
1786083000,2026-08-07T11:40:00,24587.05,24587.05,24581.35,24583.5,411338
1786083060,2026-08-07T11:41:00,24584.45,24584.5,24580.2,24580.95,368347
1786083120,2026-08-07T11:42:00,24583.15,24585.2,24579.6,24583.2,472792
1786083180,2026-08-07T11:43:00,24585.7,24585.7,24579.95,24581.25,350046
1786083240,2026-08-07T11:44:00,24582.55,24583.2,24579.0,24579.35,526663
1786083300,2026-08-07T11:45:00,24581.5,24581.5,24577.25,24579.65,280087
1786083360,2026-08-07T11:46:00,24581.05,24581.9,24576.85,24577.1,285749
1786083420,2026-08-07T11:47:00,24578.7,24578.7,24569.95,24570.6,457985
1786083480,2026-08-07T11:48:00,24572.75,24572.75,24565.2,24565.2,417448
1786083540,2026-08-07T11:49:00,24566.35,24567.85,24563.15,24564.0,554747
1786083600,2026-08-07T11:50:00,24565.8,24565.8,24559.55,24560.4,685434
1786083660,2026-08-07T11:51:00,24562.45,24562.45,24552.9,24554.5,560551
1786083720,2026-08-07T11:52:00,24556.05,24558.9,24552.4,24553.75,386354
1786083780,2026-08-07T11:53:00,24556.0,24556.0,24550.65,24553.3,316591
1786083840,2026-08-07T11:54:00,24555.2,24557.35,24553.15,24556.45,420201
1786083900,2026-08-07T11:55:00,24557.2,24560.35,24555.35,24555.35,421094
1786083960,2026-08-07T11:56:00,24558.75,24560.9,24556.55,24558.8,397292
1786084020,2026-08-07T11:57:00,24559.95,24560.65,24555.85,24556.7,646297
1786084080,2026-08-07T11:58:00,24558.7,24558.75,24555.95,24557.55,643448
1786084140,2026-08-07T11:59:00,24559.15,24561.0,24556.35,24560.95,723179
1786084200,2026-08-07T12:00:00,24562.5,24563.45,24558.85,24560.7,337988
1786084260,2026-08-07T12:01:00,24562.85,24562.85,24556.6,24556.6,402108
1786084320,2026-08-07T12:02:00,24559.1,24559.1,24553.0,24553.9,443620
1786084380,2026-08-07T12:03:00,24555.5,24555.8,24552.15,24553.0,375898
1786084440,2026-08-07T12:04:00,24554.5,24556.7,24551.75,24552.5,347863
1786084500,2026-08-07T12:05:00,24554.5,24555.5,24548.25,24550.4,379593
1786084560,2026-08-07T12:06:00,24552.0,24553.55,24547.95,24551.0,366280
1786084620,2026-08-07T12:07:00,24553.3,24553.3,24549.85,24550.7,486790
1786084680,2026-08-07T12:08:00,24552.05,24552.55,24547.65,24549.05,429395
1786084740,2026-08-07T12:09:00,24549.95,24552.0,24545.75,24551.45,602849
1786084800,2026-08-07T12:10:00,24552.55,24553.1,24548.45,24548.9,391218
1786084860,2026-08-07T12:11:00,24549.85,24549.85,24546.95,24548.3,378845
1786084920,2026-08-07T12:12:00,24550.15,24551.75,24546.6,24547.7,510089
1786084980,2026-08-07T12:13:00,24548.75,24551.25,24542.85,24543.35,469557
1786085040,2026-08-07T12:14:00,24544.45,24544.55,24540.15,24541.15,656058
1786085100,2026-08-07T12:15:00,24543.3,24543.3,24536.5,24537.05,657005
1786085160,2026-08-07T12:16:00,24538.8,24538.8,24534.2,24536.05,500148
1786085220,2026-08-07T12:17:00,24537.55,24538.0,24532.9,24535.0,367571
1786085280,2026-08-07T12:18:00,24536.3,24539.65,24533.45,24535.9,580329
1786085340,2026-08-07T12:19:00,24537.3,24539.9,24536.2,24537.9,409680
1786085400,2026-08-07T12:20:00,24538.5,24538.55,24534.15,24535.35,348693
1786085460,2026-08-07T12:21:00,24537.15,24543.7,24534.6,24543.15,399738
1786085520,2026-08-07T12:22:00,24544.7,24546.95,24541.6,24542.65,288889
1786085580,2026-08-07T12:23:00,24544.1,24544.2,24539.8,24540.75,330623
1786085640,2026-08-07T12:24:00,24543.05,24543.05,24537.45,24538.1,284349
1786085700,2026-08-07T12:25:00,24540.9,24545.2,24536.2,24544.85,419849
1786085760,2026-08-07T12:26:00,24547.0,24554.1,24544.8,24554.05,615649
1786085820,2026-08-07T12:27:00,24555.85,24558.1,24552.4,24554.95,454816
1786085880,2026-08-07T12:28:00,24557.65,24558.4,24554.15,24556.2,402020
1786085940,2026-08-07T12:29:00,24558.25,24558.25,24549.4,24550.0,266746
1786086000,2026-08-07T12:30:00,24551.75,24552.25,24544.8,24545.85,335500
1786086060,2026-08-07T12:31:00,24547.4,24550.1,24544.8,24548.75,323821
1786086120,2026-08-07T12:32:00,24550.4,24553.0,24548.25,24550.35,435054
1786086180,2026-08-07T12:33:00,24552.65,24553.1,24548.85,24552.2,374111
1786086240,2026-08-07T12:34:00,24553.1,24561.05,24551.3,24559.55,555802
1786086300,2026-08-07T12:35:00,24562.3,24562.4,24557.15,24558.6,421833
1786086360,2026-08-07T12:36:00,24560.25,24560.55,24555.9,24557.4,396361
1786086420,2026-08-07T12:37:00,24558.9,24560.35,24556.8,24558.4,287218
1786086480,2026-08-07T12:38:00,24560.7,24560.7,24556.5,24558.75,353901
1786086540,2026-08-07T12:39:00,24561.2,24562.45,24558.95,24560.05,956531
1786086600,2026-08-07T12:40:00,24562.45,24562.45,24556.35,24556.35,482173
1786086660,2026-08-07T12:41:00,24557.95,24558.25,24554.35,24556.25,228211
1786086720,2026-08-07T12:42:00,24558.0,24561.3,24556.2,24556.65,360078
1786086780,2026-08-07T12:43:00,24559.1,24559.1,24552.45,24552.45,264799
1786086840,2026-08-07T12:44:00,24553.85,24559.45,24552.75,24557.05,346602
1786086900,2026-08-07T12:45:00,24559.35,24559.35,24554.65,24558.5,291691
1786086960,2026-08-07T12:46:00,24561.05,24565.65,24558.4,24564.9,453095
1786087020,2026-08-07T12:47:00,24567.65,24570.05,24565.6,24566.4,458261
1786087080,2026-08-07T12:48:00,24568.45,24568.45,24563.2,24564.15,680575
1786087140,2026-08-07T12:49:00,24566.55,24569.75,24563.1,24567.0,398222
1786087200,2026-08-07T12:50:00,24568.5,24568.55,24563.35,24564.2,270327
1786087260,2026-08-07T12:51:00,24566.4,24566.85,24562.4,24563.15,450595
1786087320,2026-08-07T12:52:00,24565.15,24565.75,24559.15,24559.3,464813
1786087380,2026-08-07T12:53:00,24561.25,24561.25,24554.5,24558.2,530536
1786087440,2026-08-07T12:54:00,24559.6,24559.6,24555.3,24559.3,369248
1786087500,2026-08-07T12:55:00,24560.7,24560.9,24556.2,24556.85,454980
1786087560,2026-08-07T12:56:00,24558.8,24561.25,24556.35,24559.5,371963
1786087620,2026-08-07T12:57:00,24560.5,24560.5,24551.3,24553.25,479742
1786087680,2026-08-07T12:58:00,24553.1,24556.6,24551.7,24555.05,485979
1786087740,2026-08-07T12:59:00,24556.8,24557.6,24553.15,24553.65,263314
1786087800,2026-08-07T13:00:00,24556.25,24557.55,24552.3,24553.6,420433
1786087860,2026-08-07T13:01:00,24554.55,24556.6,24551.2,24552.1,352517
1786087920,2026-08-07T13:02:00,24555.05,24555.05,24551.75,24553.45,240492
1786087980,2026-08-07T13:03:00,24555.0,24555.2,24548.15,24549.25,473395
1786088040,2026-08-07T13:04:00,24550.8,24556.7,24549.8,24556.05,379999
1786088100,2026-08-07T13:05:00,24559.6,24560.0,24555.9,24557.85,298246
1786088160,2026-08-07T13:06:00,24558.85,24566.85,24557.55,24564.9,307721
1786088220,2026-08-07T13:07:00,24567.05,24567.25,24560.55,24563.75,413733
1786088280,2026-08-07T13:08:00,24564.5,24564.5,24558.6,24560.0,266004
1786088340,2026-08-07T13:09:00,24562.9,24562.9,24556.2,24557.9,248060
1786088400,2026-08-07T13:10:00,24559.5,24559.5,24553.3,24554.35,797558
1786088460,2026-08-07T13:11:00,24556.7,24562.45,24553.5,24559.9,359423
1786088520,2026-08-07T13:12:00,24561.8,24562.25,24558.3,24558.45,310245
1786088580,2026-08-07T13:13:00,24560.95,24561.3,24554.95,24555.25,405861
1786088640,2026-08-07T13:14:00,24559.25,24559.25,24546.7,24547.0,639627
1786088700,2026-08-07T13:15:00,24548.25,24555.05,24546.15,24553.45,646335
1786088760,2026-08-07T13:16:00,24556.35,24558.7,24551.7,24557.75,425104
1786088820,2026-08-07T13:17:00,24558.65,24560.25,24551.35,24551.75,224494
1786088880,2026-08-07T13:18:00,24554.35,24554.35,24547.65,24549.0,270515
1786088940,2026-08-07T13:19:00,24551.1,24553.05,24546.1,24546.45,392927
1786089000,2026-08-07T13:20:00,24549.15,24554.4,24546.15,24552.0,321058
1786089060,2026-08-07T13:21:00,24553.7,24556.95,24551.4,24552.6,488382
1786089120,2026-08-07T13:22:00,24555.35,24560.1,24553.35,24559.4,319147
1786089180,2026-08-07T13:23:00,24560.05,24564.3,24558.45,24561.75,471354
1786089240,2026-08-07T13:24:00,24563.7,24566.0,24559.9,24564.8,1478550
1786089300,2026-08-07T13:25:00,24566.0,24569.6,24564.35,24566.55,308951
1786089360,2026-08-07T13:26:00,24568.45,24568.8,24564.3,24564.3,406008
1786089420,2026-08-07T13:27:00,24566.65,24568.75,24563.4,24567.55,326361
1786089480,2026-08-07T13:28:00,24568.95,24572.25,24566.3,24571.95,357177
1786089540,2026-08-07T13:29:00,24573.5,24573.5,24565.7,24565.95,404411
1786089600,2026-08-07T13:30:00,24567.55,24568.45,24563.05,24564.3,424412
1786089660,2026-08-07T13:31:00,24565.6,24566.65,24555.75,24557.35,1559482
1786089720,2026-08-07T13:32:00,24559.3,24559.65,24548.35,24548.65,377381
1786089780,2026-08-07T13:33:00,24551.05,24552.9,24547.85,24550.65,530668
1786089840,2026-08-07T13:34:00,24552.3,24552.9,24545.7,24547.75,363338
1786089900,2026-08-07T13:35:00,24549.0,24550.5,24545.85,24548.8,423270
1786089960,2026-08-07T13:36:00,24551.3,24554.4,24547.45,24552.75,363238
1786090020,2026-08-07T13:37:00,24554.85,24558.15,24552.75,24552.75,382561
1786090080,2026-08-07T13:38:00,24554.2,24554.2,24548.15,24549.05,407665
1786090140,2026-08-07T13:39:00,24550.15,24550.65,24545.35,24547.55,540734
1786090200,2026-08-07T13:40:00,24549.25,24551.0,24545.7,24547.85,513191
1786090260,2026-08-07T13:41:00,24549.0,24550.4,24545.95,24548.85,538228
1786090320,2026-08-07T13:42:00,24549.6,24552.3,24545.85,24546.9,294417
1786090380,2026-08-07T13:43:00,24549.05,24549.55,24545.85,24547.2,240778
1786090440,2026-08-07T13:44:00,24548.7,24549.65,24546.25,24548.5,605726
1786090500,2026-08-07T13:45:00,24550.7,24555.75,24547.7,24551.8,646664
1786090560,2026-08-07T13:46:00,24552.85,24568.25,24547.9,24568.25,1211510
1786090620,2026-08-07T13:47:00,24570.1,24573.25,24557.7,24561.45,1102388
1786090680,2026-08-07T13:48:00,24563.95,24569.55,24562.15,24565.4,1047747
1786090740,2026-08-07T13:49:00,24567.85,24574.85,24564.05,24573.45,798690
1786090800,2026-08-07T13:50:00,24576.2,24581.5,24569.0,24578.7,1164734
1786090860,2026-08-07T13:51:00,24581.05,24587.6,24578.25,24584.6,1350138
1786090920,2026-08-07T13:52:00,24587.0,24588.7,24581.85,24584.95,973046
1786090980,2026-08-07T13:53:00,24586.8,24590.5,24580.45,24580.45,1039673
1786091040,2026-08-07T13:54:00,24582.05,24582.65,24570.4,24571.2,1118351
1786091100,2026-08-07T13:55:00,24572.6,24574.0,24565.3,24566.6,804864
1786091160,2026-08-07T13:56:00,24567.2,24573.85,24562.85,24571.5,812870
1786091220,2026-08-07T13:57:00,24573.15,24573.15,24550.2,24552.9,1564827
1786091280,2026-08-07T13:58:00,24554.3,24557.75,24549.45,24555.7,758409
1786091340,2026-08-07T13:59:00,24558.25,24565.2,24555.7,24563.95,864883
1786091400,2026-08-07T14:00:00,24565.85,24575.85,24564.3,24572.2,1936236
1786091460,2026-08-07T14:01:00,24574.6,24579.65,24570.5,24574.15,1460181
1786091520,2026-08-07T14:02:00,24575.75,24575.75,24561.95,24564.1,1051459
1786091580,2026-08-07T14:03:00,24565.9,24566.1,24554.25,24555.8,1146215
1786091640,2026-08-07T14:04:00,24556.85,24557.05,24549.85,24553.55,611935
1786091700,2026-08-07T14:05:00,24554.85,24559.15,24553.4,24557.05,644346
1786091760,2026-08-07T14:06:00,24557.9,24557.9,24537.45,24538.1,954393
1786091820,2026-08-07T14:07:00,24539.0,24542.25,24532.1,24540.55,905056
1786091880,2026-08-07T14:08:00,24541.45,24543.35,24538.0,24540.25,496601
1786091940,2026-08-07T14:09:00,24541.7,24542.05,24537.15,24538.2,514425
1786092000,2026-08-07T14:10:00,24539.2,24541.45,24536.7,24538.5,667037
1786092060,2026-08-07T14:11:00,24539.25,24539.25,24530.35,24531.5,494549
1786092120,2026-08-07T14:12:00,24533.8,24533.8,24524.25,24527.35,516511
1786092180,2026-08-07T14:13:00,24529.55,24530.4,24522.75,24528.8,497431
1786092240,2026-08-07T14:14:00,24530.55,24531.4,24526.55,24526.85,1063739
1786092300,2026-08-07T14:15:00,24528.8,24529.45,24523.15,24528.1,520270
1786092360,2026-08-07T14:16:00,24530.45,24538.3,24527.75,24535.8,623394
1786092420,2026-08-07T14:17:00,24537.3,24542.25,24533.75,24540.7,449609
1786092480,2026-08-07T14:18:00,24542.75,24542.95,24537.25,24539.15,556001
1786092540,2026-08-07T14:19:00,24542.25,24542.8,24534.35,24536.55,911435
1786092600,2026-08-07T14:20:00,24537.85,24542.55,24534.3,24540.55,751544
1786092660,2026-08-07T14:21:00,24542.7,24542.8,24538.35,24540.95,545859
1786092720,2026-08-07T14:22:00,24543.2,24543.2,24531.4,24533.7,579852
1786092780,2026-08-07T14:23:00,24534.95,24534.95,24529.2,24531.0,452517
1786092840,2026-08-07T14:24:00,24532.0,24542.75,24529.75,24541.3,669912
1786092900,2026-08-07T14:25:00,24544.6,24547.1,24539.7,24542.2,554699
1786092960,2026-08-07T14:26:00,24544.85,24545.1,24536.9,24541.75,430427
1786093020,2026-08-07T14:27:00,24541.5,24541.5,24536.95,24538.65,468174
1786093080,2026-08-07T14:28:00,24540.4,24541.05,24537.15,24539.45,543417
1786093140,2026-08-07T14:29:00,24539.6,24539.6,24532.95,24534.1,595177
1786093200,2026-08-07T14:30:00,24535.8,24536.4,24531.15,24531.95,551981
1786093260,2026-08-07T14:31:00,24534.5,24534.5,24526.15,24529.6,712789
1786093320,2026-08-07T14:32:00,24530.85,24535.15,24527.85,24534.35,612499
1786093380,2026-08-07T14:33:00,24535.85,24548.25,24534.5,24545.9,737674
1786093440,2026-08-07T14:34:00,24547.0,24549.6,24542.65,24543.45,622550
1786093500,2026-08-07T14:35:00,24544.65,24546.45,24541.7,24543.25,435221
1786093560,2026-08-07T14:36:00,24544.1,24545.75,24541.75,24543.75,929392
1786093620,2026-08-07T14:37:00,24545.25,24545.25,24537.55,24538.05,664000
1786093680,2026-08-07T14:38:00,24540.7,24542.55,24538.05,24539.0,557491
1786093740,2026-08-07T14:39:00,24540.5,24542.7,24535.05,24537.1,723890
1786093800,2026-08-07T14:40:00,24536.7,24540.35,24534.4,24539.0,930941
1786093860,2026-08-07T14:41:00,24541.3,24541.3,24531.15,24531.85,1446050
1786093920,2026-08-07T14:42:00,24534.3,24540.6,24532.2,24538.85,722242
1786093980,2026-08-07T14:43:00,24540.25,24540.8,24536.75,24539.0,861823
1786094040,2026-08-07T14:44:00,24540.1,24541.4,24534.25,24537.9,901538
1786094100,2026-08-07T14:45:00,24542.5,24547.05,24537.5,24542.45,1055128
1786094160,2026-08-07T14:46:00,24544.95,24551.95,24542.45,24550.7,1152273
1786094220,2026-08-07T14:47:00,24551.45,24555.0,24547.65,24553.2,907439
1786094280,2026-08-07T14:48:00,24555.2,24557.5,24551.15,24553.85,1409418
1786094340,2026-08-07T14:49:00,24554.5,24561.45,24553.35,24559.05,1154015
1786094400,2026-08-07T14:50:00,24559.35,24561.0,24553.1,24556.05,1457035
1786094460,2026-08-07T14:51:00,24556.75,24556.75,24546.25,24547.75,1832032
1786094520,2026-08-07T14:52:00,24549.55,24550.05,24540.5,24540.65,1584859
1786094580,2026-08-07T14:53:00,24542.15,24545.8,24540.25,24541.8,1314286
1786094640,2026-08-07T14:54:00,24543.65,24544.15,24528.55,24531.95,1272627
1786094700,2026-08-07T14:55:00,24533.55,24541.75,24531.8,24539.3,1216851
1786094760,2026-08-07T14:56:00,24541.25,24541.25,24533.55,24536.9,846769
1786094820,2026-08-07T14:57:00,24538.95,24542.6,24537.3,24541.05,1080158
1786094880,2026-08-07T14:58:00,24542.25,24547.1,24539.75,24545.6,1426274
1786094940,2026-08-07T14:59:00,24545.6,24545.6,24538.8,24542.15,1333725
1786095000,2026-08-07T15:00:00,24544.2,24546.65,24541.6,24545.7,1490001
1786095060,2026-08-07T15:01:00,24545.2,24546.4,24541.8,24542.5,1057524
1786095120,2026-08-07T15:02:00,24543.6,24548.6,24543.6,24545.95,1832291
1786095180,2026-08-07T15:03:00,24546.35,24549.65,24545.2,24546.35,1476317
1786095240,2026-08-07T15:04:00,24546.8,24552.45,24545.9,24550.15,1247264
1786095300,2026-08-07T15:05:00,24551.0,24552.25,24546.95,24546.95,1621491
1786095360,2026-08-07T15:06:00,24547.85,24552.05,24545.55,24549.35,1874787
1786095420,2026-08-07T15:07:00,24550.6,24553.05,24549.1,24549.1,2353413
1786095480,2026-08-07T15:08:00,24552.0,24553.65,24549.2,24550.6,1938944
1786095540,2026-08-07T15:09:00,24551.15,24554.7,24544.65,24552.2,1859588
1786095600,2026-08-07T15:10:00,24553.85,24564.2,24553.65,24556.75,2734592
1786095660,2026-08-07T15:11:00,24558.3,24565.1,24555.8,24561.45,1564143
1786095720,2026-08-07T15:12:00,24561.95,24564.5,24557.2,24557.85,2454393
1786095780,2026-08-07T15:13:00,24557.95,24564.4,24557.1,24559.65,1283582
1786095840,2026-08-07T15:14:00,24562.65,24562.65,24552.35,24554.55,993607
1786095900,2026-08-07T15:15:00,24557.0,24557.0,24557.0,24557.0,3184
1786095960,2026-08-07T15:16:00,24557.0,24557.0,24557.0,24557.0,3184
1786096020,2026-08-07T15:17:00,24557.0,24557.0,24557.0,24557.0,3184
1786096080,2026-08-07T15:18:00,24557.0,24557.0,24557.0,24557.0,3184
1786096140,2026-08-07T15:19:00,24557.0,24557.0,24557.0,24557.0,3184
1786096200,2026-08-07T15:20:00,24557.0,24557.0,24557.0,24557.0,3184
1786096260,2026-08-07T15:21:00,24557.0,24557.0,24557.0,24557.0,1395717
1786096320,2026-08-07T15:22:00,24557.0,24557.0,24557.0,24557.0,475645
1786096380,2026-08-07T15:23:00,24557.0,24557.0,24557.0,24557.0,206861
1786096440,2026-08-07T15:24:00,24557.0,24557.0,24557.0,24557.0,27644
1786096500,2026-08-07T15:25:00,24557.0,24557.0,24557.0,24557.0,217773
1786096560,2026-08-07T15:26:00,24557.0,24557.0,24557.0,24557.0,53678
1786096620,2026-08-07T15:27:00,24557.0,24557.0,24557.0,24557.0,53678
1786096680,2026-08-07T15:28:00,24557.0,24557.0,24557.0,24557.0,124423
1786096740,2026-08-07T15:29:00,24557.0,24570.65,24557.0,24570.65,245548966
1786333500,2026-08-10T09:15:00,24581.25,24591.5,24557.95,24566.95,3685709
1786333560,2026-08-10T09:16:00,24567.85,24584.9,24560.05,24579.45,2412938
1786333620,2026-08-10T09:17:00,24579.35,24592.2,24575.65,24589.6,1765471
1786333680,2026-08-10T09:18:00,24589.4,24601.15,24587.15,24599.4,1482403
1786333740,2026-08-10T09:19:00,24599.4,24607.95,24597.5,24602.7,1594377
1786333800,2026-08-10T09:20:00,24602.85,24620.95,24602.85,24609.65,1965170
1786333860,2026-08-10T09:21:00,24610.35,24615.8,24608.3,24611.4,1076283
1786333920,2026-08-10T09:22:00,24611.85,24614.7,24598.9,24600.8,1320219
1786333980,2026-08-10T09:23:00,24602.35,24603.8,24595.05,24602.8,1051408
1786334040,2026-08-10T09:24:00,24601.8,24604.05,24590.0,24590.35,1467105
1786334100,2026-08-10T09:25:00,24589.95,24592.4,24584.3,24586.65,974019
1786334160,2026-08-10T09:26:00,24587.65,24590.65,24571.35,24571.35,1115407
1786334220,2026-08-10T09:27:00,24571.75,24573.75,24563.0,24564.85,1203422
1786334280,2026-08-10T09:28:00,24564.8,24566.65,24555.1,24564.65,1115354
1786334340,2026-08-10T09:29:00,24566.4,24570.65,24553.55,24555.9,1157338
1786334400,2026-08-10T09:30:00,24557.9,24560.9,24548.8,24550.7,1874292
1786334460,2026-08-10T09:31:00,24551.2,24555.4,24542.15,24544.2,1037203
1786334520,2026-08-10T09:32:00,24544.3,24549.45,24540.9,24548.3,627322
1786334580,2026-08-10T09:33:00,24548.65,24549.75,24537.55,24538.4,1218882
1786334640,2026-08-10T09:34:00,24538.55,24541.25,24533.05,24534.35,884444
1786334700,2026-08-10T09:35:00,24534.25,24534.3,24518.15,24518.8,1078004
1786334760,2026-08-10T09:36:00,24519.15,24536.15,24519.15,24528.4,1231961
1786334820,2026-08-10T09:37:00,24530.1,24530.1,24511.1,24515.1,719796
1786334880,2026-08-10T09:38:00,24516.3,24529.2,24515.3,24526.25,1588184
1786334940,2026-08-10T09:39:00,24528.15,24530.35,24523.7,24528.05,971892
1786335000,2026-08-10T09:40:00,24528.85,24529.3,24523.2,24528.65,1016349
1786335060,2026-08-10T09:41:00,24529.25,24530.35,24523.0,24523.2,789738
1786335120,2026-08-10T09:42:00,24525.0,24525.7,24514.0,24515.25,641684
1786335180,2026-08-10T09:43:00,24514.5,24522.9,24512.95,24521.85,533264
1786335240,2026-08-10T09:44:00,24522.0,24523.8,24519.3,24521.15,640287
1786335300,2026-08-10T09:45:00,24521.75,24523.0,24518.45,24518.8,638333
1786335360,2026-08-10T09:46:00,24520.3,24526.65,24519.25,24522.65,605518
1786335420,2026-08-10T09:47:00,24522.75,24530.45,24522.75,24529.6,543378
1786335480,2026-08-10T09:48:00,24530.2,24538.8,24529.75,24530.7,933995
1786335540,2026-08-10T09:49:00,24531.2,24531.9,24525.55,24527.6,612668
1786335600,2026-08-10T09:50:00,24529.3,24540.65,24527.15,24540.5,772147
1786335660,2026-08-10T09:51:00,24541.3,24542.8,24530.9,24533.2,686478
1786335720,2026-08-10T09:52:00,24533.55,24539.65,24532.95,24536.5,540979
1786335780,2026-08-10T09:53:00,24536.9,24541.0,24524.65,24527.8,1306367
1786335840,2026-08-10T09:54:00,24528.35,24532.05,24524.55,24527.9,810816
1786335900,2026-08-10T09:55:00,24528.25,24536.55,24525.2,24535.05,1020511
1786335960,2026-08-10T09:56:00,24535.1,24536.5,24528.65,24529.35,1024180
1786336020,2026-08-10T09:57:00,24530.35,24532.5,24525.05,24531.55,669810
1786336080,2026-08-10T09:58:00,24532.6,24538.2,24530.0,24530.5,809939
1786336140,2026-08-10T09:59:00,24531.05,24536.45,24530.1,24534.25,656041
1786336200,2026-08-10T10:00:00,24536.35,24542.15,24535.2,24537.05,717373
1786336260,2026-08-10T10:01:00,24537.5,24538.6,24530.25,24537.05,895810
1786336320,2026-08-10T10:02:00,24537.95,24545.85,24534.0,24544.7,872146
1786336380,2026-08-10T10:03:00,24545.85,24551.4,24543.8,24548.65,957430
1786336440,2026-08-10T10:04:00,24549.15,24550.5,24536.45,24538.5,949415
1786336500,2026-08-10T10:05:00,24540.6,24542.75,24535.45,24539.3,701995
1786336560,2026-08-10T10:06:00,24540.85,24544.65,24537.85,24541.75,903225
1786336620,2026-08-10T10:07:00,24542.35,24547.0,24541.4,24543.65,774593
1786336680,2026-08-10T10:08:00,24543.5,24545.05,24539.3,24540.85,731974
1786336740,2026-08-10T10:09:00,24542.1,24542.1,24532.45,24534.65,621445
1786336800,2026-08-10T10:10:00,24535.3,24538.3,24533.95,24534.3,660639
1786336860,2026-08-10T10:11:00,24533.75,24542.05,24533.75,24536.85,1091920
1786336920,2026-08-10T10:12:00,24537.25,24540.2,24536.3,24536.7,591975
1786336980,2026-08-10T10:13:00,24538.25,24546.55,24538.25,24543.55,415096
1786337040,2026-08-10T10:14:00,24544.25,24547.7,24544.0,24544.75,549920
1786337100,2026-08-10T10:15:00,24545.9,24556.6,24545.6,24556.45,450141
1786337160,2026-08-10T10:16:00,24556.6,24563.55,24556.4,24561.25,1060123
1786337220,2026-08-10T10:17:00,24562.0,24565.75,24561.05,24563.9,789059
1786337280,2026-08-10T10:18:00,24565.15,24571.55,24562.5,24569.8,606085
1786337340,2026-08-10T10:19:00,24570.5,24574.9,24569.3,24574.25,888089
1786337400,2026-08-10T10:20:00,24574.95,24578.5,24571.35,24577.0,1100002
1786337460,2026-08-10T10:21:00,24578.15,24585.65,24577.7,24584.2,910909
1786337520,2026-08-10T10:22:00,24584.1,24586.45,24577.35,24582.15,917860
1786337580,2026-08-10T10:23:00,24582.3,24591.25,24581.0,24589.9,879643
1786337640,2026-08-10T10:24:00,24589.9,24593.8,24587.95,24592.55,486024
1786337700,2026-08-10T10:25:00,24594.35,24595.4,24586.15,24587.0,605964
1786337760,2026-08-10T10:26:00,24587.7,24588.0,24580.25,24582.35,580722
1786337820,2026-08-10T10:27:00,24582.5,24592.0,24581.5,24591.55,602233
1786337880,2026-08-10T10:28:00,24591.85,24593.25,24588.75,24589.25,622532
1786337940,2026-08-10T10:29:00,24590.05,24595.3,24589.9,24594.8,424881
1786338000,2026-08-10T10:30:00,24595.2,24600.2,24593.95,24597.05,569750
1786338060,2026-08-10T10:31:00,24598.25,24601.15,24594.4,24598.7,490024
1786338120,2026-08-10T10:32:00,24599.3,24599.35,24593.35,24594.3,515060
1786338180,2026-08-10T10:33:00,24594.85,24595.65,24589.3,24590.5,548201
1786338240,2026-08-10T10:34:00,24589.85,24591.6,24584.85,24585.55,446751
1786338300,2026-08-10T10:35:00,24586.0,24589.4,24585.5,24588.7,1088359
1786338360,2026-08-10T10:36:00,24588.5,24594.75,24588.3,24591.75,643566
1786338420,2026-08-10T10:37:00,24591.85,24592.9,24589.2,24590.2,490103
1786338480,2026-08-10T10:38:00,24590.45,24592.15,24588.8,24590.95,346486
1786338540,2026-08-10T10:39:00,24590.9,24595.05,24590.65,24593.85,514763
1786338600,2026-08-10T10:40:00,24594.9,24598.95,24592.9,24595.6,418608
1786338660,2026-08-10T10:41:00,24597.0,24601.35,24596.05,24599.2,505266
1786338720,2026-08-10T10:42:00,24599.4,24599.65,24594.35,24595.9,401042
1786338780,2026-08-10T10:43:00,24596.3,24599.8,24593.65,24599.5,382067
1786338840,2026-08-10T10:44:00,24600.1,24605.35,24600.05,24603.65,720195
1786338900,2026-08-10T10:45:00,24604.1,24612.35,24601.5,24610.7,881022
1786338960,2026-08-10T10:46:00,24610.45,24614.5,24609.8,24610.5,657367
1786339020,2026-08-10T10:47:00,24611.55,24611.95,24603.5,24604.25,635845
1786339080,2026-08-10T10:48:00,24605.3,24609.0,24602.8,24606.45,691596
1786339140,2026-08-10T10:49:00,24606.4,24607.4,24600.15,24600.9,482525
1786339200,2026-08-10T10:50:00,24601.2,24603.05,24596.2,24596.65,459165
1786339260,2026-08-10T10:51:00,24597.1,24599.3,24594.2,24594.7,283356
1786339320,2026-08-10T10:52:00,24595.1,24596.7,24591.1,24591.9,650250
1786339380,2026-08-10T10:53:00,24592.2,24593.6,24587.6,24589.1,591173
1786339440,2026-08-10T10:54:00,24589.6,24590.0,24586.35,24588.0,403701
1786339500,2026-08-10T10:55:00,24588.4,24590.55,24586.25,24589.15,277623
1786339560,2026-08-10T10:56:00,24589.4,24590.1,24585.9,24589.0,670025
1786339620,2026-08-10T10:57:00,24589.45,24590.25,24586.2,24586.45,327387
1786339680,2026-08-10T10:58:00,24587.65,24590.9,24586.0,24587.7,423783
1786339740,2026-08-10T10:59:00,24588.7,24589.8,24585.85,24588.2,434139
1786339800,2026-08-10T11:00:00,24588.8,24593.25,24587.95,24593.25,547737
1786339860,2026-08-10T11:01:00,24594.2,24599.05,24592.8,24596.3,505239
1786339920,2026-08-10T11:02:00,24596.45,24598.0,24593.6,24593.85,409126
1786339980,2026-08-10T11:03:00,24594.95,24600.7,24593.45,24596.7,518517
1786340040,2026-08-10T11:04:00,24597.3,24601.05,24594.7,24600.75,345202
1786340100,2026-08-10T11:05:00,24600.2,24602.05,24596.7,24597.45,511443
1786340160,2026-08-10T11:06:00,24596.2,24598.75,24594.0,24597.75,418264
1786340220,2026-08-10T11:07:00,24597.85,24598.15,24593.85,24594.75,578843
1786340280,2026-08-10T11:08:00,24594.75,24595.25,24589.35,24593.95,388018
1786340340,2026-08-10T11:09:00,24594.0,24596.1,24589.85,24591.3,669363
1786340400,2026-08-10T11:10:00,24591.95,24594.45,24586.2,24590.6,690516
1786340460,2026-08-10T11:11:00,24591.1,24599.25,24589.75,24596.0,461188
1786340520,2026-08-10T11:12:00,24596.8,24597.3,24590.4,24591.9,652652
1786340580,2026-08-10T11:13:00,24594.15,24599.8,24593.65,24596.8,999205
1786340640,2026-08-10T11:14:00,24596.5,24602.7,24594.75,24602.35,475225
1786340700,2026-08-10T11:15:00,24602.9,24603.6,24598.2,24600.55,494684
1786340760,2026-08-10T11:16:00,24601.5,24602.9,24597.15,24598.35,401327
1786340820,2026-08-10T11:17:00,24598.55,24600.6,24592.65,24597.65,536225
1786340880,2026-08-10T11:18:00,24598.45,24599.9,24595.3,24596.3,499546
1786340940,2026-08-10T11:19:00,24596.65,24604.15,24594.4,24601.6,530813
1786341000,2026-08-10T11:20:00,24602.5,24607.7,24601.15,24604.15,599543
1786341060,2026-08-10T11:21:00,24604.1,24606.05,24598.3,24598.3,1097560
1786341120,2026-08-10T11:22:00,24599.05,24603.8,24597.15,24602.0,715868
1786341180,2026-08-10T11:23:00,24602.35,24603.1,24599.0,24599.95,308357
1786341240,2026-08-10T11:24:00,24601.45,24605.15,24599.6,24601.15,435677
1786341300,2026-08-10T11:25:00,24601.25,24604.75,24600.2,24602.6,320012
1786341360,2026-08-10T11:26:00,24604.65,24608.5,24601.0,24602.8,518040
1786341420,2026-08-10T11:27:00,24602.55,24607.15,24600.3,24604.15,532580
1786341480,2026-08-10T11:28:00,24603.3,24610.3,24602.35,24609.3,504169
1786341540,2026-08-10T11:29:00,24608.4,24610.45,24602.35,24603.9,399683
1786341600,2026-08-10T11:30:00,24604.25,24604.95,24594.05,24594.05,944469
1786341660,2026-08-10T11:31:00,24594.65,24597.25,24589.9,24591.85,466657
1786341720,2026-08-10T11:32:00,24591.75,24592.55,24584.85,24586.05,381564
1786341780,2026-08-10T11:33:00,24586.5,24588.7,24583.15,24583.15,375411
1786341840,2026-08-10T11:34:00,24583.65,24586.05,24581.65,24585.4,1083469
1786341900,2026-08-10T11:35:00,24585.85,24586.65,24581.05,24583.85,746456
1786341960,2026-08-10T11:36:00,24587.25,24592.2,24582.2,24590.65,580972
1786342020,2026-08-10T11:37:00,24591.9,24595.8,24586.5,24593.45,474617
1786342080,2026-08-10T11:38:00,24594.05,24598.65,24592.15,24596.4,476846
1786342140,2026-08-10T11:39:00,24597.4,24599.9,24594.65,24595.55,457559
1786342200,2026-08-10T11:40:00,24596.65,24600.75,24595.0,24598.2,1068198
1786342260,2026-08-10T11:41:00,24598.9,24599.35,24593.95,24596.2,920574
1786342320,2026-08-10T11:42:00,24597.9,24597.9,24591.05,24593.0,817641
1786342380,2026-08-10T11:43:00,24594.1,24594.1,24587.9,24588.85,555865
1786342440,2026-08-10T11:44:00,24589.55,24589.55,24582.7,24583.15,723766
1786342500,2026-08-10T11:45:00,24583.5,24585.85,24578.1,24579.45,911284
1786342560,2026-08-10T11:46:00,24580.2,24584.05,24574.65,24584.05,618276
1786342620,2026-08-10T11:47:00,24584.8,24594.75,24581.8,24592.95,528530
1786342680,2026-08-10T11:48:00,24593.2,24598.0,24590.05,24597.15,414389
1786342740,2026-08-10T11:49:00,24598.3,24598.5,24590.75,24591.25,410756
1786342800,2026-08-10T11:50:00,24591.9,24596.0,24591.25,24593.6,585361
1786342860,2026-08-10T11:51:00,24593.7,24597.1,24592.4,24595.2,450994
1786342920,2026-08-10T11:52:00,24595.75,24599.2,24593.65,24598.9,439718
1786342980,2026-08-10T11:53:00,24599.4,24599.4,24592.9,24595.8,348092
1786343040,2026-08-10T11:54:00,24595.75,24597.2,24586.45,24586.45,1121110
1786343100,2026-08-10T11:55:00,24587.65,24591.4,24585.85,24588.95,376026
1786343160,2026-08-10T11:56:00,24589.75,24597.5,24587.05,24592.7,706405
1786343220,2026-08-10T11:57:00,24593.1,24595.05,24584.8,24586.0,567060
1786343280,2026-08-10T11:58:00,24587.1,24587.6,24583.0,24584.55,983534
1786343340,2026-08-10T11:59:00,24585.85,24589.5,24584.05,24588.2,467010
1786343400,2026-08-10T12:00:00,24588.9,24589.15,24584.35,24584.8,295488
1786343460,2026-08-10T12:01:00,24586.9,24592.75,24584.25,24589.35,656412
1786343520,2026-08-10T12:02:00,24589.05,24594.4,24588.7,24592.05,549540
1786343580,2026-08-10T12:03:00,24592.8,24594.55,24590.55,24592.85,305413
1786343640,2026-08-10T12:04:00,24593.75,24596.25,24591.7,24594.2,399098
1786343700,2026-08-10T12:05:00,24595.25,24597.4,24591.5,24591.9,435176
1786343760,2026-08-10T12:06:00,24592.75,24595.45,24591.1,24592.65,355281
1786343820,2026-08-10T12:07:00,24593.8,24594.75,24588.95,24591.3,1182058
1786343880,2026-08-10T12:08:00,24592.25,24594.3,24587.9,24590.2,431424
1786343940,2026-08-10T12:09:00,24590.75,24594.7,24589.05,24593.95,704947
1786344000,2026-08-10T12:10:00,24594.1,24601.1,24592.35,24599.0,485482
1786344060,2026-08-10T12:11:00,24599.85,24601.25,24592.8,24593.15,678078
1786344120,2026-08-10T12:12:00,24593.05,24601.3,24591.15,24599.6,674223
1786344180,2026-08-10T12:13:00,24599.55,24605.6,24599.1,24605.6,388264
1786344240,2026-08-10T12:14:00,24605.8,24609.9,24603.95,24606.8,384913
1786344300,2026-08-10T12:15:00,24606.6,24614.95,24604.55,24612.4,799809
1786344360,2026-08-10T12:16:00,24613.6,24618.3,24611.3,24616.75,562617
1786344420,2026-08-10T12:17:00,24617.4,24618.9,24614.15,24616.7,377802
1786344480,2026-08-10T12:18:00,24617.1,24618.9,24611.55,24612.6,671370
1786344540,2026-08-10T12:19:00,24613.4,24614.2,24606.45,24608.0,597476
1786344600,2026-08-10T12:20:00,24608.75,24613.95,24607.9,24608.85,400540
1786344660,2026-08-10T12:21:00,24608.6,24609.0,24602.65,24604.65,404961
1786344720,2026-08-10T12:22:00,24605.25,24611.45,24602.45,24611.4,335379
1786344780,2026-08-10T12:23:00,24612.05,24613.0,24605.4,24606.75,503901
1786344840,2026-08-10T12:24:00,24607.45,24607.5,24601.3,24602.0,577072
1786344900,2026-08-10T12:25:00,24602.8,24607.6,24602.05,24606.6,445765
1786344960,2026-08-10T12:26:00,24606.85,24608.1,24604.05,24605.05,331581
1786345020,2026-08-10T12:27:00,24605.0,24611.45,24603.75,24609.6,323948
1786345080,2026-08-10T12:28:00,24609.75,24614.35,24608.55,24611.55,337660
1786345140,2026-08-10T12:29:00,24612.8,24615.85,24608.3,24610.6,495877
1786345200,2026-08-10T12:30:00,24610.35,24616.9,24610.35,24614.6,712538
1786345260,2026-08-10T12:31:00,24614.55,24616.7,24611.25,24614.9,709527
1786345320,2026-08-10T12:32:00,24614.65,24616.25,24611.05,24613.2,558977
1786345380,2026-08-10T12:33:00,24612.5,24613.95,24608.1,24610.05,444443
1786345440,2026-08-10T12:34:00,24610.6,24612.3,24605.75,24609.3,427890
1786345500,2026-08-10T12:35:00,24609.4,24612.85,24607.1,24607.85,384672
1786345560,2026-08-10T12:36:00,24607.45,24608.8,24601.5,24603.45,551055
1786345620,2026-08-10T12:37:00,24603.5,24610.3,24602.05,24606.25,455136
1786345680,2026-08-10T12:38:00,24608.45,24614.65,24606.55,24612.05,653322
1786345740,2026-08-10T12:39:00,24612.25,24615.35,24609.25,24612.5,510121
1786345800,2026-08-10T12:40:00,24612.15,24614.45,24609.4,24611.2,594973
1786345860,2026-08-10T12:41:00,24610.55,24613.3,24608.85,24611.65,510453
1786345920,2026-08-10T12:42:00,24611.65,24612.65,24604.15,24608.3,402317
1786345980,2026-08-10T12:43:00,24607.55,24608.8,24602.7,24605.45,381354
1786346040,2026-08-10T12:44:00,24605.55,24606.9,24598.1,24598.25,424858
1786346100,2026-08-10T12:45:00,24599.4,24600.65,24595.65,24597.7,482737
1786346160,2026-08-10T12:46:00,24597.3,24599.3,24593.55,24596.45,1095269
1786346220,2026-08-10T12:47:00,24596.2,24603.4,24595.75,24602.9,494425
1786346280,2026-08-10T12:48:00,24601.9,24603.75,24598.7,24599.2,433001
1786346340,2026-08-10T12:49:00,24599.0,24599.8,24593.45,24596.1,313991
1786346400,2026-08-10T12:50:00,24595.7,24598.85,24594.7,24598.0,376886
1786346460,2026-08-10T12:51:00,24597.55,24600.45,24595.45,24598.9,411501
1786346520,2026-08-10T12:52:00,24598.7,24599.35,24592.8,24594.55,247284
1786346580,2026-08-10T12:53:00,24595.0,24595.9,24589.05,24590.25,840270
1786346640,2026-08-10T12:54:00,24590.0,24592.2,24588.15,24591.05,344835
1786346700,2026-08-10T12:55:00,24591.85,24593.15,24585.4,24586.0,623108
1786346760,2026-08-10T12:56:00,24585.9,24589.35,24584.15,24586.4,360317
1786346820,2026-08-10T12:57:00,24586.4,24588.45,24583.75,24586.7,491818
1786346880,2026-08-10T12:58:00,24586.95,24589.1,24584.65,24587.9,362228
1786346940,2026-08-10T12:59:00,24587.65,24590.15,24586.05,24587.75,447763
1786347000,2026-08-10T13:00:00,24587.1,24589.0,24583.95,24584.1,549291
1786347060,2026-08-10T13:01:00,24584.1,24584.65,24577.9,24578.45,999926
1786347120,2026-08-10T13:02:00,24578.35,24585.75,24578.35,24583.7,544899
1786347180,2026-08-10T13:03:00,24583.8,24590.7,24582.25,24589.55,434659
1786347240,2026-08-10T13:04:00,24589.1,24592.2,24588.05,24589.95,454594
1786347300,2026-08-10T13:05:00,24589.75,24593.6,24589.75,24592.0,369938
1786347360,2026-08-10T13:06:00,24592.2,24596.0,24590.9,24591.85,346250
1786347420,2026-08-10T13:07:00,24591.3,24592.25,24582.8,24583.9,626518
1786347480,2026-08-10T13:08:00,24583.85,24588.25,24583.05,24584.0,444888
1786347540,2026-08-10T13:09:00,24583.95,24587.05,24577.7,24579.25,396164
1786347600,2026-08-10T13:10:00,24578.8,24582.4,24577.05,24577.25,270049
1786347660,2026-08-10T13:11:00,24577.4,24580.95,24577.25,24579.65,306681
1786347720,2026-08-10T13:12:00,24579.7,24583.0,24578.65,24580.85,469452
1786347780,2026-08-10T13:13:00,24580.5,24582.8,24574.15,24574.6,549634
1786347840,2026-08-10T13:14:00,24574.45,24576.05,24571.35,24573.55,390408
1786347900,2026-08-10T13:15:00,24573.1,24578.9,24573.1,24578.9,388478
1786347960,2026-08-10T13:16:00,24579.65,24587.1,24578.95,24586.1,451838
1786348020,2026-08-10T13:17:00,24585.5,24589.8,24584.35,24585.8,382898
1786348080,2026-08-10T13:18:00,24585.25,24589.5,24581.35,24582.1,321747
1786348140,2026-08-10T13:19:00,24581.95,24588.65,24581.95,24586.85,267258
1786348200,2026-08-10T13:20:00,24586.95,24588.35,24582.1,24583.25,418650
1786348260,2026-08-10T13:21:00,24583.35,24586.2,24582.5,24582.65,531566
1786348320,2026-08-10T13:22:00,24582.8,24585.6,24581.45,24583.75,386299
1786348380,2026-08-10T13:23:00,24583.95,24588.05,24582.9,24587.35,493965
1786348440,2026-08-10T13:24:00,24587.1,24588.8,24582.0,24585.6,552669
1786348500,2026-08-10T13:25:00,24585.45,24593.95,24585.45,24590.7,384737
1786348560,2026-08-10T13:26:00,24590.7,24594.3,24590.2,24592.1,385557
1786348620,2026-08-10T13:27:00,24591.55,24595.35,24590.75,24593.15,327096
1786348680,2026-08-10T13:28:00,24589.7,24594.95,24589.7,24592.8,392513
1786348740,2026-08-10T13:29:00,24592.2,24595.1,24588.85,24589.8,402261
1786348800,2026-08-10T13:30:00,24590.55,24592.8,24587.65,24591.35,369868
1786348860,2026-08-10T13:31:00,24591.35,24593.65,24589.05,24589.65,443583
1786348920,2026-08-10T13:32:00,24589.0,24595.2,24588.25,24593.15,491800
1786348980,2026-08-10T13:33:00,24592.75,24596.55,24591.75,24595.6,502123
1786349040,2026-08-10T13:34:00,24596.25,24600.75,24594.95,24598.6,515434
1786349100,2026-08-10T13:35:00,24599.0,24601.3,24598.2,24599.05,635896
1786349160,2026-08-10T13:36:00,24598.6,24601.45,24596.3,24600.25,680702
1786349220,2026-08-10T13:37:00,24599.65,24602.35,24597.85,24598.65,513993
1786349280,2026-08-10T13:38:00,24599.15,24600.8,24597.0,24599.6,637164
1786349340,2026-08-10T13:39:00,24598.95,24601.4,24597.9,24599.6,776424
1786349400,2026-08-10T13:40:00,24599.25,24601.35,24597.55,24600.7,778392
1786349460,2026-08-10T13:41:00,24600.55,24603.1,24598.15,24600.15,600544
1786349520,2026-08-10T13:42:00,24599.7,24606.65,24599.7,24604.6,812141
1786349580,2026-08-10T13:43:00,24604.55,24608.35,24601.95,24606.0,609669
1786349640,2026-08-10T13:44:00,24606.05,24608.5,24604.95,24606.35,385708
1786349700,2026-08-10T13:45:00,24606.65,24610.3,24605.8,24608.05,389964
1786349760,2026-08-10T13:46:00,24608.3,24609.2,24603.95,24604.4,573111
1786349820,2026-08-10T13:47:00,24604.75,24605.25,24596.95,24598.75,467843
1786349880,2026-08-10T13:48:00,24598.55,24603.75,24596.35,24601.65,450914
1786349940,2026-08-10T13:49:00,24601.7,24606.25,24601.7,24604.6,459880
1786350000,2026-08-10T13:50:00,24605.05,24606.9,24601.05,24602.3,516523
1786350060,2026-08-10T13:51:00,24602.3,24606.7,24601.4,24605.3,583304
1786350120,2026-08-10T13:52:00,24605.05,24606.4,24601.0,24603.65,573108
1786350180,2026-08-10T13:53:00,24603.7,24606.55,24602.9,24604.75,664581
1786350240,2026-08-10T13:54:00,24606.5,24608.95,24604.25,24605.4,510999
1786350300,2026-08-10T13:55:00,24605.35,24606.75,24599.75,24602.0,481134
1786350360,2026-08-10T13:56:00,24600.9,24603.7,24596.8,24597.55,554486
1786350420,2026-08-10T13:57:00,24597.95,24600.25,24593.75,24594.8,529127
1786350480,2026-08-10T13:58:00,24594.9,24596.55,24593.15,24594.7,526786
1786350540,2026-08-10T13:59:00,24595.25,24596.6,24591.1,24591.85,527795
1786350600,2026-08-10T14:00:00,24591.8,24598.05,24591.8,24596.35,713902
1786350660,2026-08-10T14:01:00,24596.15,24597.95,24589.75,24590.8,601688
1786350720,2026-08-10T14:02:00,24591.5,24593.4,24589.65,24591.15,534547
1786350780,2026-08-10T14:03:00,24590.5,24592.85,24582.5,24589.8,639439
1786350840,2026-08-10T14:04:00,24589.65,24592.3,24586.15,24590.9,904180
1786350900,2026-08-10T14:05:00,24590.6,24594.7,24590.0,24593.4,769757
1786350960,2026-08-10T14:06:00,24593.45,24600.05,24593.45,24597.85,670758
1786351020,2026-08-10T14:07:00,24598.35,24605.05,24598.35,24603.7,892517
1786351080,2026-08-10T14:08:00,24603.6,24605.35,24598.9,24599.85,616396
1786351140,2026-08-10T14:09:00,24599.05,24601.55,24595.75,24597.85,467321
1786351200,2026-08-10T14:10:00,24597.2,24598.15,24590.75,24595.0,722808
1786351260,2026-08-10T14:11:00,24595.45,24600.85,24593.05,24596.1,742695
1786351320,2026-08-10T14:12:00,24595.45,24599.85,24594.2,24595.0,664023
1786351380,2026-08-10T14:13:00,24595.95,24596.5,24591.85,24594.75,488011
1786351440,2026-08-10T14:14:00,24594.5,24596.2,24586.95,24587.55,768318
1786351500,2026-08-10T14:15:00,24587.95,24590.6,24584.8,24589.15,529681
1786351560,2026-08-10T14:16:00,24589.35,24592.25,24587.45,24591.3,496366
1786351620,2026-08-10T14:17:00,24591.7,24593.55,24585.6,24586.1,577960
1786351680,2026-08-10T14:18:00,24586.0,24589.2,24583.55,24587.25,505586
1786351740,2026-08-10T14:19:00,24586.25,24588.95,24583.15,24583.9,677231
1786351800,2026-08-10T14:20:00,24584.45,24592.45,24584.45,24589.95,595111
1786351860,2026-08-10T14:21:00,24590.0,24590.55,24585.8,24586.7,686834
1786351920,2026-08-10T14:22:00,24586.65,24588.55,24584.6,24585.8,616999
1786351980,2026-08-10T14:23:00,24586.1,24589.4,24583.7,24588.6,442898
1786352040,2026-08-10T14:24:00,24588.3,24591.05,24586.65,24587.8,523178
1786352100,2026-08-10T14:25:00,24586.8,24588.95,24585.05,24588.65,472721
1786352160,2026-08-10T14:26:00,24588.85,24593.2,24586.95,24588.6,724416
1786352220,2026-08-10T14:27:00,24588.75,24594.4,24587.75,24592.9,1104033
1786352280,2026-08-10T14:28:00,24593.4,24593.9,24584.85,24586.55,596671
1786352340,2026-08-10T14:29:00,24586.75,24588.8,24584.15,24586.75,838291
1786352400,2026-08-10T14:30:00,24586.75,24591.0,24585.4,24585.75,3082060
1786352460,2026-08-10T14:31:00,24586.65,24588.95,24583.8,24585.9,696711
1786352520,2026-08-10T14:32:00,24585.65,24586.2,24582.15,24584.25,886300
1786352580,2026-08-10T14:33:00,24584.15,24585.05,24578.0,24581.55,880191
1786352640,2026-08-10T14:34:00,24581.5,24584.2,24578.1,24582.45,1029275
1786352700,2026-08-10T14:35:00,24582.05,24582.25,24574.45,24578.2,951608
1786352760,2026-08-10T14:36:00,24577.85,24578.9,24571.8,24572.35,657953
1786352820,2026-08-10T14:37:00,24572.3,24574.45,24568.1,24572.3,631820
1786352880,2026-08-10T14:38:00,24572.1,24575.95,24569.85,24574.1,805673
1786352940,2026-08-10T14:39:00,24573.95,24576.75,24571.0,24573.95,545090
1786353000,2026-08-10T14:40:00,24573.65,24578.85,24570.7,24575.6,662876
1786353060,2026-08-10T14:41:00,24576.35,24578.25,24572.7,24574.2,690083
1786353120,2026-08-10T14:42:00,24574.35,24575.4,24569.65,24571.8,1803027
1786353180,2026-08-10T14:43:00,24571.35,24571.8,24565.7,24569.25,2247783
1786353240,2026-08-10T14:44:00,24569.0,24574.35,24565.55,24572.5,1188603
1786353300,2026-08-10T14:45:00,24572.55,24572.55,24563.55,24567.1,1916058
1786353360,2026-08-10T14:46:00,24566.15,24570.75,24564.0,24568.0,674114
1786353420,2026-08-10T14:47:00,24566.55,24569.0,24561.4,24563.0,1009537
1786353480,2026-08-10T14:48:00,24562.0,24564.1,24555.65,24557.6,872957
1786353540,2026-08-10T14:49:00,24556.35,24560.85,24553.7,24556.25,916420
1786353600,2026-08-10T14:50:00,24554.6,24557.15,24549.05,24552.4,1109893
1786353660,2026-08-10T14:51:00,24549.25,24556.85,24549.0,24555.35,956712
1786353720,2026-08-10T14:52:00,24553.4,24557.2,24552.1,24556.15,1015202
1786353780,2026-08-10T14:53:00,24555.6,24562.35,24553.95,24560.7,859869
1786353840,2026-08-10T14:54:00,24558.4,24560.95,24554.7,24558.95,1040118
1786353900,2026-08-10T14:55:00,24556.9,24561.35,24555.3,24559.65,1059246
1786353960,2026-08-10T14:56:00,24557.85,24563.15,24554.25,24562.25,1105396
1786354020,2026-08-10T14:57:00,24560.1,24566.65,24559.1,24562.2,1294344
1786354080,2026-08-10T14:58:00,24560.85,24566.3,24559.5,24562.9,1355780
1786354140,2026-08-10T14:59:00,24562.7,24568.2,24560.95,24567.85,1123523
1786354200,2026-08-10T15:00:00,24566.55,24567.25,24558.05,24560.6,1344090
1786354260,2026-08-10T15:01:00,24559.95,24560.65,24548.9,24550.45,1459823
1786354320,2026-08-10T15:02:00,24549.95,24565.8,24547.6,24565.8,1553656
1786354380,2026-08-10T15:03:00,24564.55,24574.4,24564.15,24570.4,1542603
1786354440,2026-08-10T15:04:00,24570.45,24573.15,24568.65,24572.0,1738178
1786354500,2026-08-10T15:05:00,24572.35,24573.25,24566.75,24568.65,1876742
1786354560,2026-08-10T15:06:00,24566.15,24575.3,24565.1,24572.5,2239099
1786354620,2026-08-10T15:07:00,24569.4,24571.35,24560.45,24562.2,1427496
1786354680,2026-08-10T15:08:00,24562.35,24563.65,24555.7,24557.25,1536249
1786354740,2026-08-10T15:09:00,24554.4,24560.5,24553.25,24553.5,1862399
1786354800,2026-08-10T15:10:00,24555.35,24556.15,24543.05,24546.2,2712656
1786354860,2026-08-10T15:11:00,24543.3,24553.65,24543.3,24552.45,1401622
1786354920,2026-08-10T15:12:00,24552.0,24556.15,24547.0,24555.9,2672701
1786354980,2026-08-10T15:13:00,24554.5,24557.75,24550.15,24555.2,1342258
1786355040,2026-08-10T15:14:00,24554.15,24567.25,24550.6,24560.05,1395516
1786355100,2026-08-10T15:15:00,24560.15,24560.15,24560.15,24560.15,12327
1786355160,2026-08-10T15:16:00,24560.15,24560.15,24560.15,24560.15,12327
1786355220,2026-08-10T15:17:00,24560.15,24560.15,24560.15,24560.15,12327
1786355280,2026-08-10T15:18:00,24560.15,24560.15,24560.15,24560.15,12327
1786355340,2026-08-10T15:19:00,24560.15,24560.15,24560.15,24560.15,12327
1786355400,2026-08-10T15:20:00,24560.15,24560.15,24560.15,24560.15,12327
1786355460,2026-08-10T15:21:00,24560.15,24560.15,24560.15,24560.15,12327
1786355520,2026-08-10T15:22:00,24560.15,24560.15,24560.15,24560.15,12327
1786355580,2026-08-10T15:23:00,24560.15,24560.15,24560.15,24560.15,12327
1786355640,2026-08-10T15:24:00,24560.15,24560.15,24560.15,24560.15,12327
1786355700,2026-08-10T15:25:00,24560.15,24560.15,24560.15,24560.15,12327
1786355760,2026-08-10T15:26:00,24560.15,24560.15,24560.15,24560.15,12327
1786355820,2026-08-10T15:27:00,24560.15,24560.15,24560.15,24560.15,12327
1786355880,2026-08-10T15:28:00,24560.15,24560.15,24560.15,24560.15,12327
1786355940,2026-08-10T15:29:00,24560.15,24583.8,24560.15,24583.8,12327
1786419900,2026-08-11T09:15:00,24575.1,24576.85,24526.85,24537.8,3802395
1786419960,2026-08-11T09:16:00,24537.1,24537.1,24511.45,24520.0,2579213
1786420020,2026-08-11T09:17:00,24518.25,24520.65,24506.5,24513.85,2234701
1786420080,2026-08-11T09:18:00,24513.9,24515.2,24507.05,24515.2,1471432
1786420140,2026-08-11T09:19:00,24515.3,24516.6,24500.85,24504.75,1444200
1786420200,2026-08-11T09:20:00,24503.5,24504.7,24494.8,24496.7,1390392
1786420260,2026-08-11T09:21:00,24496.4,24506.35,24493.3,24504.05,1044140
1786420320,2026-08-11T09:22:00,24503.4,24505.35,24498.6,24498.9,1012229
1786420380,2026-08-11T09:23:00,24498.8,24501.95,24492.5,24493.25,1286123
1786420440,2026-08-11T09:24:00,24494.1,24500.95,24492.45,24500.15,966061
1786420500,2026-08-11T09:25:00,24499.95,24508.3,24497.0,24505.25,1314105
1786420560,2026-08-11T09:26:00,24506.0,24506.75,24491.05,24491.55,950875
1786420620,2026-08-11T09:27:00,24491.5,24495.5,24488.5,24493.95,1083726
1786420680,2026-08-11T09:28:00,24493.9,24496.1,24489.2,24491.5,1473594
1786420740,2026-08-11T09:29:00,24491.3,24494.05,24487.2,24487.4,746090
1786420800,2026-08-11T09:30:00,24486.9,24487.45,24478.6,24483.8,1085349
1786420860,2026-08-11T09:31:00,24484.3,24493.3,24482.55,24486.9,798099
1786420920,2026-08-11T09:32:00,24486.75,24490.95,24484.95,24490.05,616910
1786420980,2026-08-11T09:33:00,24490.25,24493.0,24488.0,24493.0,687317
1786421040,2026-08-11T09:34:00,24492.3,24493.7,24486.95,24488.35,774157
1786421100,2026-08-11T09:35:00,24488.5,24497.6,24487.35,24495.4,515571
1786421160,2026-08-11T09:36:00,24494.75,24495.5,24487.9,24489.55,537101
1786421220,2026-08-11T09:37:00,24489.65,24492.15,24481.2,24481.8,494574
1786421280,2026-08-11T09:38:00,24482.2,24487.8,24480.9,24486.15,501403
1786421340,2026-08-11T09:39:00,24485.9,24488.65,24481.75,24481.75,436000
1786421400,2026-08-11T09:40:00,24482.35,24483.8,24477.45,24479.2,627717
1786421460,2026-08-11T09:41:00,24479.25,24482.6,24476.9,24479.45,506261
1786421520,2026-08-11T09:42:00,24479.45,24480.3,24475.2,24476.15,613646
1786421580,2026-08-11T09:43:00,24475.95,24475.95,24468.35,24470.95,517294
1786421640,2026-08-11T09:44:00,24471.5,24480.9,24469.5,24479.25,485476
1786421700,2026-08-11T09:45:00,24480.55,24483.65,24475.5,24481.3,600296
1786421760,2026-08-11T09:46:00,24480.95,24480.95,24467.3,24468.75,617146
1786421820,2026-08-11T09:47:00,24468.4,24471.85,24464.1,24465.6,730261
1786421880,2026-08-11T09:48:00,24465.8,24470.75,24465.8,24469.75,467793
1786421940,2026-08-11T09:49:00,24469.75,24476.35,24469.4,24472.15,477626
1786422000,2026-08-11T09:50:00,24471.7,24477.2,24469.9,24476.35,596886
1786422060,2026-08-11T09:51:00,24476.75,24477.35,24472.35,24476.45,741942
1786422120,2026-08-11T09:52:00,24476.25,24477.45,24470.6,24471.3,569132
1786422180,2026-08-11T09:53:00,24471.4,24473.45,24469.55,24472.05,391482
1786422240,2026-08-11T09:54:00,24472.35,24473.0,24464.05,24468.6,462983
1786422300,2026-08-11T09:55:00,24467.35,24471.25,24460.9,24470.05,556728
1786422360,2026-08-11T09:56:00,24469.8,24479.2,24468.45,24476.85,411801
1786422420,2026-08-11T09:57:00,24476.8,24479.0,24473.35,24477.35,641639
1786422480,2026-08-11T09:58:00,24477.1,24483.55,24476.55,24481.55,530370
1786422540,2026-08-11T09:59:00,24481.9,24487.55,24480.25,24486.85,513762
1786422600,2026-08-11T10:00:00,24486.4,24488.8,24480.95,24482.95,480143
1786422660,2026-08-11T10:01:00,24482.8,24486.25,24479.75,24484.25,549831
1786422720,2026-08-11T10:02:00,24483.95,24485.35,24479.3,24481.5,390411
1786422780,2026-08-11T10:03:00,24481.6,24491.3,24480.3,24490.05,460212
1786422840,2026-08-11T10:04:00,24489.8,24491.85,24485.55,24486.55,485124
1786422900,2026-08-11T10:05:00,24486.55,24489.25,24484.9,24484.9,429603
1786422960,2026-08-11T10:06:00,24485.0,24487.45,24476.85,24478.15,783874
1786423020,2026-08-11T10:07:00,24477.7,24480.65,24476.0,24476.9,316071
1786423080,2026-08-11T10:08:00,24476.85,24480.1,24475.05,24478.0,324089
1786423140,2026-08-11T10:09:00,24477.8,24482.65,24476.1,24479.55,373500
1786423200,2026-08-11T10:10:00,24479.75,24480.2,24473.9,24475.7,369001
1786423260,2026-08-11T10:11:00,24476.05,24481.3,24474.65,24481.3,296289
1786423320,2026-08-11T10:12:00,24480.25,24481.9,24477.95,24480.2,364498
1786423380,2026-08-11T10:13:00,24480.5,24481.6,24476.65,24477.65,424012
1786423440,2026-08-11T10:14:00,24477.4,24477.9,24472.6,24473.0,539646
1786423500,2026-08-11T10:15:00,24473.5,24474.75,24469.05,24472.55,646180
1786423560,2026-08-11T10:16:00,24472.45,24477.3,24470.15,24476.95,371863
1786423620,2026-08-11T10:17:00,24477.15,24481.05,24475.45,24476.7,437760
1786423680,2026-08-11T10:18:00,24476.55,24477.65,24472.7,24474.8,408435
1786423740,2026-08-11T10:19:00,24474.95,24475.0,24467.35,24467.6,456922
1786423800,2026-08-11T10:20:00,24467.65,24469.05,24463.6,24465.85,709233
1786423860,2026-08-11T10:21:00,24465.85,24469.5,24464.85,24468.05,764386
1786423920,2026-08-11T10:22:00,24467.5,24475.15,24465.35,24473.65,369299
1786423980,2026-08-11T10:23:00,24473.5,24474.3,24469.15,24472.75,385395
1786424040,2026-08-11T10:24:00,24473.05,24473.5,24468.35,24470.3,471167
1786424100,2026-08-11T10:25:00,24470.15,24473.75,24467.9,24469.9,512053
1786424160,2026-08-11T10:26:00,24470.15,24472.5,24468.15,24471.6,459842
1786424220,2026-08-11T10:27:00,24470.95,24474.1,24468.6,24473.2,513123
1786424280,2026-08-11T10:28:00,24473.3,24484.8,24472.3,24482.55,515288
1786424340,2026-08-11T10:29:00,24482.0,24483.7,24476.75,24479.0,498841
1786424400,2026-08-11T10:30:00,24479.15,24479.95,24474.15,24475.4,527235
1786424460,2026-08-11T10:31:00,24475.65,24480.9,24474.35,24479.9,593150
1786424520,2026-08-11T10:32:00,24479.85,24485.0,24478.25,24482.45,579504
1786424580,2026-08-11T10:33:00,24482.55,24484.0,24479.05,24480.95,405271
1786424640,2026-08-11T10:34:00,24480.7,24483.65,24478.8,24480.7,451482
1786424700,2026-08-11T10:35:00,24480.8,24482.5,24473.8,24474.3,427869
1786424760,2026-08-11T10:36:00,24474.3,24479.05,24472.35,24476.3,280331
1786424820,2026-08-11T10:37:00,24475.8,24484.3,24474.4,24482.6,374728
1786424880,2026-08-11T10:38:00,24482.25,24482.35,24478.95,24481.45,372493
1786424940,2026-08-11T10:39:00,24481.1,24481.35,24476.85,24478.95,330093
1786425000,2026-08-11T10:40:00,24479.4,24480.5,24472.95,24475.3,1008149
1786425060,2026-08-11T10:41:00,24475.15,24480.55,24474.3,24479.1,450786
1786425120,2026-08-11T10:42:00,24479.55,24480.6,24477.55,24478.9,347478
1786425180,2026-08-11T10:43:00,24478.65,24481.25,24476.55,24476.9,605154
1786425240,2026-08-11T10:44:00,24477.0,24477.65,24471.5,24474.75,794015
1786425300,2026-08-11T10:45:00,24474.4,24474.85,24470.35,24471.3,549591
1786425360,2026-08-11T10:46:00,24470.7,24471.7,24467.5,24468.25,432800
1786425420,2026-08-11T10:47:00,24467.75,24469.4,24466.6,24469.4,330096
1786425480,2026-08-11T10:48:00,24469.2,24469.25,24465.7,24466.45,310219
1786425540,2026-08-11T10:49:00,24466.6,24469.9,24464.85,24468.4,357079
1786425600,2026-08-11T10:50:00,24468.65,24476.0,24468.35,24474.0,385408
1786425660,2026-08-11T10:51:00,24474.15,24477.6,24473.65,24476.85,452818
1786425720,2026-08-11T10:52:00,24476.45,24477.45,24472.25,24475.4,429220
1786425780,2026-08-11T10:53:00,24475.35,24481.0,24473.15,24479.25,477169
1786425840,2026-08-11T10:54:00,24479.1,24479.15,24473.0,24476.7,295826
1786425900,2026-08-11T10:55:00,24476.9,24479.3,24473.4,24474.05,545540
1786425960,2026-08-11T10:56:00,24473.9,24476.75,24471.85,24474.7,542113
1786426020,2026-08-11T10:57:00,24474.4,24476.65,24471.8,24476.0,441458
1786426080,2026-08-11T10:58:00,24475.1,24478.55,24471.75,24474.8,431923
1786426140,2026-08-11T10:59:00,24474.8,24476.0,24469.0,24469.0,363220
1786426200,2026-08-11T11:00:00,24469.55,24471.25,24463.3,24468.95,586289
1786426260,2026-08-11T11:01:00,24469.9,24471.1,24462.95,24464.9,350385
1786426320,2026-08-11T11:02:00,24464.05,24464.75,24455.45,24456.65,381789
1786426380,2026-08-11T11:03:00,24456.8,24459.45,24454.15,24454.65,347328
1786426440,2026-08-11T11:04:00,24454.5,24454.75,24449.7,24452.0,368590
1786426500,2026-08-11T11:05:00,24452.0,24456.0,24450.6,24454.7,406102
1786426560,2026-08-11T11:06:00,24454.8,24458.95,24454.2,24455.35,435794
1786426620,2026-08-11T11:07:00,24455.2,24457.05,24454.1,24455.05,796294
1786426680,2026-08-11T11:08:00,24454.35,24454.9,24451.0,24451.6,353562
1786426740,2026-08-11T11:09:00,24451.25,24452.3,24445.05,24445.65,1197168
1786426800,2026-08-11T11:10:00,24445.7,24446.3,24440.35,24444.65,427263
1786426860,2026-08-11T11:11:00,24444.6,24448.4,24444.05,24446.1,478221
1786426920,2026-08-11T11:12:00,24445.7,24446.85,24443.8,24444.7,287832
1786426980,2026-08-11T11:13:00,24445.0,24448.1,24443.0,24446.9,337981
1786427040,2026-08-11T11:14:00,24447.0,24451.65,24445.95,24451.25,495250
1786427100,2026-08-11T11:15:00,24451.3,24451.3,24447.45,24449.3,542097
1786427160,2026-08-11T11:16:00,24449.25,24455.7,24448.8,24454.3,566758
1786427220,2026-08-11T11:17:00,24454.0,24454.55,24447.85,24449.6,413878
1786427280,2026-08-11T11:18:00,24449.15,24449.3,24444.15,24448.45,510025
1786427340,2026-08-11T11:19:00,24448.6,24452.7,24445.95,24449.2,427239
1786427400,2026-08-11T11:20:00,24449.55,24449.55,24445.55,24447.95,489153
1786427460,2026-08-11T11:21:00,24448.25,24448.7,24445.35,24447.0,439823
1786427520,2026-08-11T11:22:00,24446.95,24448.9,24445.95,24447.45,763883
1786427580,2026-08-11T11:23:00,24447.85,24448.2,24443.6,24445.3,578053
1786427640,2026-08-11T11:24:00,24445.6,24447.55,24444.0,24445.65,352252
1786427700,2026-08-11T11:25:00,24445.65,24445.7,24441.2,24443.15,373741
1786427760,2026-08-11T11:26:00,24443.25,24443.25,24438.35,24439.65,494740
1786427820,2026-08-11T11:27:00,24440.25,24443.9,24437.55,24443.45,431470
1786427880,2026-08-11T11:28:00,24443.15,24446.25,24441.6,24445.7,429636
1786427940,2026-08-11T11:29:00,24445.55,24447.1,24442.5,24442.6,408483
1786428000,2026-08-11T11:30:00,24442.8,24443.95,24440.0,24442.15,453229
1786428060,2026-08-11T11:31:00,24442.35,24444.35,24439.6,24440.05,494511
1786428120,2026-08-11T11:32:00,24440.1,24440.45,24436.9,24438.15,540432
1786428180,2026-08-11T11:33:00,24438.6,24441.2,24436.7,24439.75,462260
1786428240,2026-08-11T11:34:00,24439.55,24445.45,24439.55,24442.6,414029
1786428300,2026-08-11T11:35:00,24442.65,24444.85,24440.25,24440.35,525237
1786428360,2026-08-11T11:36:00,24440.8,24443.45,24439.4,24441.15,499485
1786428420,2026-08-11T11:37:00,24441.15,24447.8,24440.1,24446.8,395924
1786428480,2026-08-11T11:38:00,24446.8,24450.15,24445.45,24447.45,903396
1786428540,2026-08-11T11:39:00,24447.45,24448.8,24444.95,24447.65,347219
1786428600,2026-08-11T11:40:00,24447.5,24451.55,24446.35,24448.65,644027
1786428660,2026-08-11T11:41:00,24448.2,24451.5,24445.4,24450.7,690169
1786428720,2026-08-11T11:42:00,24450.55,24452.3,24447.95,24450.6,891834
1786428780,2026-08-11T11:43:00,24450.7,24452.0,24448.55,24450.75,1582211
1786428840,2026-08-11T11:44:00,24450.6,24451.15,24447.3,24448.6,437533
1786428900,2026-08-11T11:45:00,24448.75,24450.55,24446.45,24448.4,521516
1786428960,2026-08-11T11:46:00,24448.85,24450.95,24447.75,24450.45,512188
1786429020,2026-08-11T11:47:00,24450.15,24452.95,24449.3,24451.15,344882
1786429080,2026-08-11T11:48:00,24451.3,24455.35,24450.4,24453.95,741869
1786429140,2026-08-11T11:49:00,24453.8,24456.45,24450.4,24453.4,643157
1786429200,2026-08-11T11:50:00,24453.65,24455.9,24450.85,24452.4,936407
1786429260,2026-08-11T11:51:00,24452.6,24453.0,24448.2,24448.45,500022
1786429320,2026-08-11T11:52:00,24448.65,24449.25,24446.85,24447.6,341789
1786429380,2026-08-11T11:53:00,24447.2,24449.2,24444.0,24444.75,480464
1786429440,2026-08-11T11:54:00,24445.0,24445.4,24440.9,24442.2,494683
1786429500,2026-08-11T11:55:00,24441.9,24442.95,24435.75,24438.65,592251
1786429560,2026-08-11T11:56:00,24438.35,24439.8,24436.55,24438.5,487044
1786429620,2026-08-11T11:57:00,24438.85,24438.85,24435.45,24437.4,400314
1786429680,2026-08-11T11:58:00,24436.9,24442.45,24436.9,24440.75,502488
1786429740,2026-08-11T11:59:00,24441.1,24445.15,24440.25,24444.05,691734
1786429800,2026-08-11T12:00:00,24444.1,24446.0,24436.9,24437.3,641063
1786429860,2026-08-11T12:01:00,24437.25,24438.15,24434.45,24436.8,627588
1786429920,2026-08-11T12:02:00,24436.8,24437.75,24433.8,24434.5,292490
1786429980,2026-08-11T12:03:00,24434.75,24434.85,24430.5,24430.5,468887
1786430040,2026-08-11T12:04:00,24430.4,24432.55,24429.5,24431.05,339644
1786430100,2026-08-11T12:05:00,24431.1,24433.15,24429.25,24432.45,534355
1786430160,2026-08-11T12:06:00,24431.9,24433.0,24429.85,24431.85,806214
1786430220,2026-08-11T12:07:00,24434.0,24438.25,24432.8,24436.6,499537
1786430280,2026-08-11T12:08:00,24436.0,24437.2,24433.2,24435.5,607041
1786430340,2026-08-11T12:09:00,24435.6,24437.55,24434.1,24434.65,487441
1786430400,2026-08-11T12:10:00,24434.25,24441.25,24434.25,24440.7,1150543
1786430460,2026-08-11T12:11:00,24440.15,24449.0,24440.15,24448.15,555181
1786430520,2026-08-11T12:12:00,24447.85,24450.75,24446.2,24450.15,568008
1786430580,2026-08-11T12:13:00,24449.05,24450.5,24448.45,24448.45,565199
1786430640,2026-08-11T12:14:00,24448.35,24449.0,24443.4,24444.65,943248
1786430700,2026-08-11T12:15:00,24444.0,24449.0,24443.8,24447.4,826461
1786430760,2026-08-11T12:16:00,24447.7,24448.8,24441.15,24442.2,730483
1786430820,2026-08-11T12:17:00,24442.05,24443.3,24438.3,24439.0,602442
1786430880,2026-08-11T12:18:00,24439.4,24439.4,24435.3,24436.7,1464468
1786430940,2026-08-11T12:19:00,24436.3,24441.05,24434.35,24439.3,606027
1786431000,2026-08-11T12:20:00,24439.1,24442.9,24437.3,24442.15,452886
1786431060,2026-08-11T12:21:00,24442.2,24442.7,24438.65,24439.2,403932
1786431120,2026-08-11T12:22:00,24439.9,24440.6,24436.75,24438.25,438770
1786431180,2026-08-11T12:23:00,24438.65,24442.55,24437.5,24441.05,609549
1786431240,2026-08-11T12:24:00,24441.55,24446.5,24431.25,24431.85,1498308
1786431300,2026-08-11T12:25:00,24431.95,24436.75,24430.35,24436.0,768742
1786431360,2026-08-11T12:26:00,24435.95,24441.9,24435.15,24437.05,554675
1786431420,2026-08-11T12:27:00,24437.0,24440.4,24435.75,24437.75,474697
1786431480,2026-08-11T12:28:00,24437.6,24440.75,24436.35,24439.15,346828
1786431540,2026-08-11T12:29:00,24438.9,24441.2,24437.95,24439.65,317094
1786431600,2026-08-11T12:30:00,24439.35,24440.45,24437.35,24439.4,518344
1786431660,2026-08-11T12:31:00,24439.3,24441.0,24438.15,24440.7,338156
1786431720,2026-08-11T12:32:00,24440.55,24442.95,24439.25,24441.75,1019802
1786431780,2026-08-11T12:33:00,24441.6,24443.6,24439.75,24442.75,444317
1786431840,2026-08-11T12:34:00,24442.65,24446.25,24441.1,24444.25,644385
1786431900,2026-08-11T12:35:00,24444.25,24444.85,24441.15,24441.4,315004
1786431960,2026-08-11T12:36:00,24441.6,24445.1,24440.7,24442.15,386817
1786432020,2026-08-11T12:37:00,24442.25,24445.4,24441.75,24443.5,523909
1786432080,2026-08-11T12:38:00,24443.55,24444.55,24440.6,24441.7,588284
1786432140,2026-08-11T12:39:00,24441.05,24442.35,24439.45,24439.85,488283
1786432200,2026-08-11T12:40:00,24440.25,24443.5,24439.35,24442.7,609895
1786432260,2026-08-11T12:41:00,24442.65,24443.3,24438.75,24440.55,1003977
1786432320,2026-08-11T12:42:00,24440.9,24449.65,24433.5,24448.85,1494324
1786432380,2026-08-11T12:43:00,24448.2,24451.9,24447.1,24448.9,570397
1786432440,2026-08-11T12:44:00,24448.7,24452.4,24447.8,24451.2,356461
1786432500,2026-08-11T12:45:00,24451.95,24452.25,24448.8,24451.4,638715
1786432560,2026-08-11T12:46:00,24451.1,24455.85,24450.7,24454.55,689395
1786432620,2026-08-11T12:47:00,24454.6,24461.0,24453.65,24460.15,1579549
1786432680,2026-08-11T12:48:00,24460.1,24460.15,24455.25,24457.15,755565
1786432740,2026-08-11T12:49:00,24457.25,24461.75,24456.6,24458.4,1091683
1786432800,2026-08-11T12:50:00,24458.55,24460.05,24456.5,24457.8,497102
1786432860,2026-08-11T12:51:00,24457.5,24458.9,24452.2,24452.6,588469
1786432920,2026-08-11T12:52:00,24452.4,24454.9,24449.95,24451.65,921937
1786432980,2026-08-11T12:53:00,24451.35,24452.9,24448.55,24448.55,479991
1786433040,2026-08-11T12:54:00,24448.35,24450.0,24446.8,24448.65,375351
1786433100,2026-08-11T12:55:00,24448.9,24450.55,24447.7,24448.85,648988
1786433160,2026-08-11T12:56:00,24448.85,24450.15,24445.8,24446.3,1165112
1786433220,2026-08-11T12:57:00,24446.45,24447.35,24442.25,24443.0,1094684
1786433280,2026-08-11T12:58:00,24442.55,24442.6,24439.55,24440.8,828361
1786433340,2026-08-11T12:59:00,24440.8,24442.45,24440.0,24440.5,1305368
1786433400,2026-08-11T13:00:00,24440.65,24445.15,24440.2,24444.75,1476654
1786433460,2026-08-11T13:01:00,24444.85,24444.85,24438.9,24444.8,1706656
1786433520,2026-08-11T13:02:00,24445.25,24452.95,24444.3,24451.4,786287
1786433580,2026-08-11T13:03:00,24451.1,24454.6,24449.1,24454.25,605873
1786433640,2026-08-11T13:04:00,24454.05,24456.8,24451.9,24456.7,707322
1786433700,2026-08-11T13:05:00,24456.45,24462.55,24449.8,24462.55,1864573
1786433760,2026-08-11T13:06:00,24462.45,24466.65,24458.3,24459.55,1143341
1786433820,2026-08-11T13:07:00,24459.3,24461.3,24458.35,24460.7,457640
1786433880,2026-08-11T13:08:00,24460.55,24461.75,24459.6,24460.55,646201
1786433940,2026-08-11T13:09:00,24460.65,24464.85,24459.95,24462.0,427642
1786434000,2026-08-11T13:10:00,24461.9,24464.35,24459.1,24459.8,643842
1786434060,2026-08-11T13:11:00,24459.55,24459.75,24451.8,24454.15,550915
1786434120,2026-08-11T13:12:00,24453.6,24454.6,24451.1,24452.65,459105
1786434180,2026-08-11T13:13:00,24452.6,24454.25,24451.1,24452.9,468935
1786434240,2026-08-11T13:14:00,24452.5,24457.5,24452.1,24453.15,515494
1786434300,2026-08-11T13:15:00,24453.35,24453.8,24448.1,24448.85,478554
1786434360,2026-08-11T13:16:00,24449.35,24449.65,24443.15,24445.75,753000
1786434420,2026-08-11T13:17:00,24445.65,24449.1,24442.15,24449.0,1011681
1786434480,2026-08-11T13:18:00,24448.8,24453.25,24447.75,24449.9,966116
1786434540,2026-08-11T13:19:00,24449.95,24452.7,24448.2,24450.0,639417
1786434600,2026-08-11T13:20:00,24450.1,24451.15,24447.0,24448.4,548112
1786434660,2026-08-11T13:21:00,24448.8,24450.05,24447.45,24447.45,435939
1786434720,2026-08-11T13:22:00,24447.35,24450.9,24446.9,24447.25,703483
1786434780,2026-08-11T13:23:00,24447.1,24448.2,24441.8,24443.15,717038
1786434840,2026-08-11T13:24:00,24444.0,24453.25,24441.9,24452.0,829027
1786434900,2026-08-11T13:25:00,24452.15,24457.1,24451.15,24456.55,622625
1786434960,2026-08-11T13:26:00,24456.55,24466.55,24455.45,24465.9,989159
1786435020,2026-08-11T13:27:00,24466.35,24474.9,24463.95,24474.6,1240336
1786435080,2026-08-11T13:28:00,24474.3,24474.3,24454.75,24455.75,916006
1786435140,2026-08-11T13:29:00,24455.9,24456.95,24451.45,24455.05,400425
1786435200,2026-08-11T13:30:00,24454.95,24458.35,24454.85,24456.3,399343
1786435260,2026-08-11T13:31:00,24455.85,24463.75,24455.85,24458.3,973211
1786435320,2026-08-11T13:32:00,24457.55,24464.0,24457.4,24463.95,765689
1786435380,2026-08-11T13:33:00,24463.8,24470.3,24462.1,24469.25,803475
1786435440,2026-08-11T13:34:00,24469.4,24471.45,24465.7,24469.45,439901
1786435500,2026-08-11T13:35:00,24468.8,24468.8,24463.7,24464.0,361107
1786435560,2026-08-11T13:36:00,24464.1,24464.8,24459.0,24461.75,631567
1786435620,2026-08-11T13:37:00,24462.3,24463.15,24458.5,24459.55,292683
1786435680,2026-08-11T13:38:00,24459.65,24460.55,24451.6,24452.35,481479
1786435740,2026-08-11T13:39:00,24452.15,24455.0,24451.25,24454.5,461924
1786435800,2026-08-11T13:40:00,24454.55,24462.3,24454.4,24460.75,476861
1786435860,2026-08-11T13:41:00,24460.15,24465.55,24457.9,24457.9,505623
1786435920,2026-08-11T13:42:00,24458.35,24459.3,24454.35,24456.0,426676
1786435980,2026-08-11T13:43:00,24455.9,24467.45,24455.9,24465.1,562536
1786436040,2026-08-11T13:44:00,24464.4,24465.3,24457.95,24460.55,462363
1786436100,2026-08-11T13:45:00,24460.65,24464.85,24460.5,24463.25,356002
1786436160,2026-08-11T13:46:00,24463.3,24465.05,24461.1,24464.35,350306
1786436220,2026-08-11T13:47:00,24464.35,24468.8,24463.4,24464.65,557741
1786436280,2026-08-11T13:48:00,24464.3,24469.1,24463.65,24465.3,782136
1786436340,2026-08-11T13:49:00,24465.3,24465.45,24457.15,24458.5,438936
1786436400,2026-08-11T13:50:00,24457.45,24462.5,24456.6,24461.15,532906
1786436460,2026-08-11T13:51:00,24461.1,24461.85,24458.0,24459.85,571888
1786436520,2026-08-11T13:52:00,24460.1,24461.75,24452.6,24455.85,801474
1786436580,2026-08-11T13:53:00,24455.95,24456.1,24450.2,24452.9,631722
1786436640,2026-08-11T13:54:00,24453.0,24456.8,24451.8,24453.8,445646
1786436700,2026-08-11T13:55:00,24453.5,24453.8,24447.8,24452.15,818473
1786436760,2026-08-11T13:56:00,24452.2,24453.9,24449.3,24450.15,397723
1786436820,2026-08-11T13:57:00,24450.5,24450.95,24445.8,24448.8,657479
1786436880,2026-08-11T13:58:00,24449.5,24452.0,24448.3,24449.95,389063
1786436940,2026-08-11T13:59:00,24449.75,24452.35,24447.35,24450.15,801660
1786437000,2026-08-11T14:00:00,24451.0,24455.3,24450.1,24454.05,476396
1786437060,2026-08-11T14:01:00,24453.7,24455.05,24449.65,24450.55,431248
1786437120,2026-08-11T14:02:00,24450.05,24452.3,24445.8,24448.0,713026
1786437180,2026-08-11T14:03:00,24447.85,24454.4,24446.95,24452.6,592420
1786437240,2026-08-11T14:04:00,24452.55,24453.0,24447.75,24450.85,614623
1786437300,2026-08-11T14:05:00,24450.95,24452.2,24445.95,24447.45,663107
1786437360,2026-08-11T14:06:00,24446.85,24448.25,24441.1,24445.0,1282830
1786437420,2026-08-11T14:07:00,24445.15,24455.35,24445.15,24453.85,1744014
1786437480,2026-08-11T14:08:00,24453.85,24460.85,24452.65,24459.4,1153153
1786437540,2026-08-11T14:09:00,24459.35,24466.15,24458.9,24460.95,530005
1786437600,2026-08-11T14:10:00,24463.95,24463.95,24453.05,24456.9,806575
1786437660,2026-08-11T14:11:00,24456.5,24462.55,24456.35,24460.2,534985
1786437720,2026-08-11T14:12:00,24460.1,24462.95,24458.95,24460.75,507361
1786437780,2026-08-11T14:13:00,24460.85,24465.6,24459.2,24464.6,565598
1786437840,2026-08-11T14:14:00,24464.7,24466.05,24462.1,24462.55,488278
1786437900,2026-08-11T14:15:00,24464.2,24464.3,24455.7,24456.35,672091
1786437960,2026-08-11T14:16:00,24457.25,24465.4,24456.8,24463.15,427110
1786438020,2026-08-11T14:17:00,24463.4,24470.0,24462.85,24469.5,601979
1786438080,2026-08-11T14:18:00,24469.15,24469.15,24463.2,24463.45,650447
1786438140,2026-08-11T14:19:00,24463.2,24465.55,24452.35,24454.05,748197
1786438200,2026-08-11T14:20:00,24453.75,24456.6,24451.75,24454.9,869142
1786438260,2026-08-11T14:21:00,24454.9,24459.0,24452.45,24456.1,558664
1786438320,2026-08-11T14:22:00,24455.55,24457.8,24451.35,24451.7,452672
1786438380,2026-08-11T14:23:00,24451.35,24457.1,24449.95,24456.55,725541
1786438440,2026-08-11T14:24:00,24455.65,24462.05,24452.55,24458.1,902495
1786438500,2026-08-11T14:25:00,24459.5,24459.5,24452.95,24454.05,560412
1786438560,2026-08-11T14:26:00,24453.6,24458.25,24451.6,24457.55,500324
1786438620,2026-08-11T14:27:00,24457.75,24465.85,24456.8,24457.05,1302376
1786438680,2026-08-11T14:28:00,24456.45,24456.45,24448.85,24451.35,943704
1786438740,2026-08-11T14:29:00,24451.0,24452.9,24447.3,24449.15,1019378
1786438800,2026-08-11T14:30:00,24450.15,24455.65,24448.5,24453.05,552208
1786438860,2026-08-11T14:31:00,24452.35,24454.95,24443.6,24447.6,1015389
1786438920,2026-08-11T14:32:00,24446.2,24449.8,24443.1,24443.7,807119
1786438980,2026-08-11T14:33:00,24443.9,24447.95,24442.15,24444.55,666149
1786439040,2026-08-11T14:34:00,24444.5,24447.15,24442.5,24443.25,509208
1786439100,2026-08-11T14:35:00,24445.8,24447.2,24443.2,24444.05,1439550
1786439160,2026-08-11T14:36:00,24443.9,24445.4,24442.4,24443.25,391589
1786439220,2026-08-11T14:37:00,24443.6,24445.3,24441.05,24443.55,457120
1786439280,2026-08-11T14:38:00,24443.1,24451.35,24440.9,24450.4,611894
1786439340,2026-08-11T14:39:00,24450.6,24452.3,24435.05,24437.75,1047184
1786439400,2026-08-11T14:40:00,24441.6,24444.55,24439.5,24441.9,516230
1786439460,2026-08-11T14:41:00,24441.25,24447.1,24439.55,24444.65,508568
1786439520,2026-08-11T14:42:00,24445.15,24447.75,24444.3,24445.3,545294
1786439580,2026-08-11T14:43:00,24445.95,24449.3,24444.65,24447.3,687045
1786439640,2026-08-11T14:44:00,24447.75,24450.1,24446.7,24448.05,581007
1786439700,2026-08-11T14:45:00,24450.3,24453.0,24448.0,24450.6,1117358
1786439760,2026-08-11T14:46:00,24450.6,24452.15,24448.7,24451.2,535509
1786439820,2026-08-11T14:47:00,24451.1,24454.95,24448.85,24451.55,678142
1786439880,2026-08-11T14:48:00,24452.4,24454.35,24448.75,24452.35,632590
1786439940,2026-08-11T14:49:00,24452.75,24455.45,24451.3,24453.35,720214
1786440000,2026-08-11T14:50:00,24456.1,24457.6,24451.75,24454.35,1025501
1786440060,2026-08-11T14:51:00,24456.25,24456.95,24452.35,24455.15,1163563
1786440120,2026-08-11T14:52:00,24455.5,24456.6,24451.8,24452.6,932820
1786440180,2026-08-11T14:53:00,24453.05,24460.15,24452.55,24454.35,1011786
1786440240,2026-08-11T14:54:00,24455.25,24459.05,24454.5,24456.7,998484
1786440300,2026-08-11T14:55:00,24459.8,24460.05,24455.85,24458.6,718080
1786440360,2026-08-11T14:56:00,24458.45,24463.45,24456.6,24459.35,834352
1786440420,2026-08-11T14:57:00,24460.05,24464.55,24457.55,24464.0,958898
1786440480,2026-08-11T14:58:00,24464.5,24469.2,24463.1,24465.1,982295
1786440540,2026-08-11T14:59:00,24465.6,24466.95,24458.15,24464.2,1493763
1786440600,2026-08-11T15:00:00,24465.3,24471.95,24463.25,24471.65,1591603
1786440660,2026-08-11T15:01:00,24471.9,24472.1,24458.65,24460.7,1336519
1786440720,2026-08-11T15:02:00,24461.5,24466.35,24459.35,24463.5,1426396
1786440780,2026-08-11T15:03:00,24463.75,24464.95,24457.45,24459.55,1710421
1786440840,2026-08-11T15:04:00,24459.4,24472.7,24457.3,24472.2,2664361
1786440900,2026-08-11T15:05:00,24473.75,24476.45,24452.75,24453.65,3714385
1786440960,2026-08-11T15:06:00,24453.55,24459.7,24453.55,24458.35,1758749
1786441020,2026-08-11T15:07:00,24458.75,24464.45,24456.1,24458.7,1947607
1786441080,2026-08-11T15:08:00,24458.05,24460.25,24452.35,24457.85,1937373
1786441140,2026-08-11T15:09:00,24459.25,24459.8,24452.3,24454.6,1903484
1786441200,2026-08-11T15:10:00,24454.35,24456.3,24446.45,24447.55,2249191
1786441260,2026-08-11T15:11:00,24446.55,24451.55,24444.05,24448.55,2240696
1786441320,2026-08-11T15:12:00,24447.95,24451.15,24442.65,24447.45,3339373
1786441380,2026-08-11T15:13:00,24448.2,24457.85,24448.05,24453.2,1724970
1786441440,2026-08-11T15:14:00,24454.6,24454.75,24443.9,24450.0,2094613
1786441500,2026-08-11T15:15:00,24450.25,24450.25,24450.25,24450.25,1374
1786441560,2026-08-11T15:16:00,24450.25,24450.25,24450.25,24450.25,1374
1786441620,2026-08-11T15:17:00,24450.25,24450.25,24450.25,24450.25,1374
1786441680,2026-08-11T15:18:00,24450.25,24450.25,24450.25,24450.25,1374
1786441740,2026-08-11T15:19:00,24450.25,24450.25,24450.25,24450.25,1374
1786441800,2026-08-11T15:20:00,24450.25,24450.25,24450.25,24450.25,1374
1786441860,2026-08-11T15:21:00,24450.25,24450.25,24450.25,24450.25,1374
1786441920,2026-08-11T15:22:00,24450.25,24450.25,24450.25,24450.25,1374
1786441980,2026-08-11T15:23:00,24450.25,24450.25,24450.25,24450.25,1374
1786442040,2026-08-11T15:24:00,24450.25,24450.25,24450.25,24450.25,1374
1786442100,2026-08-11T15:25:00,24450.25,24450.25,24450.25,24450.25,1374
1786442160,2026-08-11T15:26:00,24450.25,24450.25,24450.25,24450.25,1374
1786442220,2026-08-11T15:27:00,24450.25,24450.25,24450.25,24450.25,1374
1786442280,2026-08-11T15:28:00,24450.25,24450.25,24450.25,24450.25,1374
1786442340,2026-08-11T15:29:00,24450.25,24471.7,24450.25,24471.7,1374
1786506300,2026-08-12T09:15:00,24472.45,24473.3,24439.65,24441.45,3743718
1786506360,2026-08-12T09:16:00,24443.0,24443.0,24396.15,24397.7,2972174
1786506420,2026-08-12T09:17:00,24399.5,24405.5,24394.45,24394.75,2029069
1786506480,2026-08-12T09:18:00,24394.9,24399.8,24390.6,24396.5,1554746
1786506540,2026-08-12T09:19:00,24397.55,24409.0,24394.15,24407.15,1369021
1786506600,2026-08-12T09:20:00,24409.9,24415.3,24404.25,24414.1,1281034
1786506660,2026-08-12T09:21:00,24416.65,24423.4,24405.45,24405.45,1418578
1786506720,2026-08-12T09:22:00,24408.15,24416.45,24403.6,24411.1,1226399
1786506780,2026-08-12T09:23:00,24412.95,24419.45,24411.75,24416.9,1219719
1786506840,2026-08-12T09:24:00,24418.75,24430.9,24416.9,24423.0,1600416
1786506900,2026-08-12T09:25:00,24424.9,24444.05,24423.15,24441.65,1255106
1786506960,2026-08-12T09:26:00,24443.85,24445.4,24436.8,24445.4,974426
1786507020,2026-08-12T09:27:00,24447.0,24461.05,24445.15,24460.55,1300878
1786507080,2026-08-12T09:28:00,24462.3,24463.5,24457.9,24458.6,1010859
1786507140,2026-08-12T09:29:00,24459.45,24459.5,24447.85,24457.4,867815
1786507200,2026-08-12T09:30:00,24458.55,24458.55,24439.5,24442.65,1142941
1786507260,2026-08-12T09:31:00,24444.1,24446.7,24436.95,24438.1,1001739
1786507320,2026-08-12T09:32:00,24439.45,24439.45,24432.9,24436.0,650785
1786507380,2026-08-12T09:33:00,24437.8,24440.5,24435.0,24440.5,645863
1786507440,2026-08-12T09:34:00,24442.15,24444.3,24439.1,24440.2,785050
1786507500,2026-08-12T09:35:00,24441.75,24442.3,24433.75,24434.15,789303
1786507560,2026-08-12T09:36:00,24435.15,24442.4,24433.4,24438.55,739822
1786507620,2026-08-12T09:37:00,24436.8,24439.3,24430.75,24430.75,666376
1786507680,2026-08-12T09:38:00,24431.4,24432.15,24420.8,24424.25,740840
1786507740,2026-08-12T09:39:00,24426.75,24431.6,24424.1,24427.85,897965
1786507800,2026-08-12T09:40:00,24428.85,24435.35,24426.1,24434.2,736982
1786507860,2026-08-12T09:41:00,24435.45,24436.45,24431.8,24433.95,568689
1786507920,2026-08-12T09:42:00,24435.05,24438.1,24430.95,24431.35,713384
1786507980,2026-08-12T09:43:00,24432.75,24433.9,24428.85,24432.35,968566
1786508040,2026-08-12T09:44:00,24433.75,24434.15,24425.9,24428.0,1244378
1786508100,2026-08-12T09:45:00,24428.8,24428.85,24417.7,24418.2,927146
1786508160,2026-08-12T09:46:00,24419.9,24419.95,24411.45,24411.5,559844
1786508220,2026-08-12T09:47:00,24412.6,24413.0,24404.45,24406.8,683369
1786508280,2026-08-12T09:48:00,24407.95,24407.95,24401.8,24403.0,667003
1786508340,2026-08-12T09:49:00,24405.1,24406.65,24399.9,24402.55,652936
1786508400,2026-08-12T09:50:00,24404.05,24404.05,24392.7,24393.75,697859
1786508460,2026-08-12T09:51:00,24396.25,24404.0,24394.35,24404.0,630580
1786508520,2026-08-12T09:52:00,24404.9,24404.9,24400.6,24403.65,766783
1786508580,2026-08-12T09:53:00,24405.3,24409.55,24402.2,24409.45,715789
1786508640,2026-08-12T09:54:00,24411.15,24412.1,24408.5,24409.9,667539
1786508700,2026-08-12T09:55:00,24410.95,24410.95,24402.5,24404.4,755438
1786508760,2026-08-12T09:56:00,24406.6,24407.0,24402.95,24403.35,442703
1786508820,2026-08-12T09:57:00,24406.0,24406.0,24393.0,24393.0,1205684
1786508880,2026-08-12T09:58:00,24395.25,24395.25,24380.0,24380.3,1578867
1786508940,2026-08-12T09:59:00,24382.8,24382.8,24376.55,24378.55,788120
1786509000,2026-08-12T10:00:00,24379.5,24379.5,24371.05,24374.35,858947
1786509060,2026-08-12T10:01:00,24375.2,24375.55,24370.3,24373.65,702329
1786509120,2026-08-12T10:02:00,24375.45,24375.75,24370.2,24373.85,588023
1786509180,2026-08-12T10:03:00,24375.65,24376.0,24360.75,24365.4,676690
1786509240,2026-08-12T10:04:00,24367.8,24368.65,24361.55,24362.6,805644
1786509300,2026-08-12T10:05:00,24364.8,24365.4,24359.8,24365.4,755087
1786509360,2026-08-12T10:06:00,24366.6,24367.5,24364.25,24365.4,520364
1786509420,2026-08-12T10:07:00,24365.6,24365.6,24357.75,24358.85,650273
1786509480,2026-08-12T10:08:00,24360.8,24361.35,24357.5,24360.8,751276
1786509540,2026-08-12T10:09:00,24362.8,24364.75,24359.6,24363.75,577019
1786509600,2026-08-12T10:10:00,24365.25,24369.3,24362.25,24368.25,556515
1786509660,2026-08-12T10:11:00,24369.35,24372.1,24366.75,24367.2,444517
1786509720,2026-08-12T10:12:00,24368.85,24368.85,24363.5,24365.45,448904
1786509780,2026-08-12T10:13:00,24366.6,24367.05,24362.4,24366.65,586082
1786509840,2026-08-12T10:14:00,24368.1,24369.7,24363.85,24365.1,588704
1786509900,2026-08-12T10:15:00,24366.25,24366.25,24359.25,24360.2,517733
1786509960,2026-08-12T10:16:00,24362.3,24365.55,24360.95,24364.95,495797
1786510020,2026-08-12T10:17:00,24366.65,24370.55,24362.8,24370.55,523059
1786510080,2026-08-12T10:18:00,24371.5,24376.15,24366.8,24374.7,618071
1786510140,2026-08-12T10:19:00,24377.1,24383.35,24371.75,24373.5,603745
1786510200,2026-08-12T10:20:00,24375.45,24379.2,24372.05,24374.95,674635
1786510260,2026-08-12T10:21:00,24378.3,24379.4,24373.75,24377.4,423853
1786510320,2026-08-12T10:22:00,24379.2,24379.7,24375.05,24375.5,432697
1786510380,2026-08-12T10:23:00,24377.7,24378.1,24373.8,24376.8,469931
1786510440,2026-08-12T10:24:00,24377.65,24378.0,24372.4,24374.8,510168
1786510500,2026-08-12T10:25:00,24376.65,24380.25,24373.85,24379.85,338111
1786510560,2026-08-12T10:26:00,24379.05,24382.15,24378.65,24379.65,353566
1786510620,2026-08-12T10:27:00,24380.3,24380.3,24372.65,24372.65,360352
1786510680,2026-08-12T10:28:00,24375.15,24377.55,24369.95,24376.85,498402
1786510740,2026-08-12T10:29:00,24377.45,24377.45,24371.3,24371.5,618603
1786510800,2026-08-12T10:30:00,24374.65,24376.05,24370.2,24375.3,398682
1786510860,2026-08-12T10:31:00,24376.35,24382.75,24374.75,24380.8,996564
1786510920,2026-08-12T10:32:00,24383.25,24390.05,24380.1,24389.75,546055
1786510980,2026-08-12T10:33:00,24391.3,24398.55,24390.3,24398.55,652660
1786511040,2026-08-12T10:34:00,24399.2,24400.95,24392.6,24395.6,560619
1786511100,2026-08-12T10:35:00,24395.5,24395.95,24390.55,24394.9,797123
1786511160,2026-08-12T10:36:00,24395.45,24395.65,24386.25,24386.9,428576
1786511220,2026-08-12T10:37:00,24388.25,24392.1,24387.2,24389.45,497899
1786511280,2026-08-12T10:38:00,24390.35,24390.95,24384.65,24386.05,598136
1786511340,2026-08-12T10:39:00,24386.65,24387.35,24383.3,24386.55,397884
1786511400,2026-08-12T10:40:00,24387.05,24387.65,24382.35,24382.35,429122
1786511460,2026-08-12T10:41:00,24383.95,24385.15,24370.6,24379.15,1067891
1786511520,2026-08-12T10:42:00,24380.55,24383.1,24376.0,24377.25,291919
1786511580,2026-08-12T10:43:00,24379.55,24380.45,24374.1,24379.35,352836
1786511640,2026-08-12T10:44:00,24380.45,24380.45,24371.9,24375.65,710535
1786511700,2026-08-12T10:45:00,24376.15,24376.15,24367.4,24370.45,528106
1786511760,2026-08-12T10:46:00,24371.1,24371.2,24366.6,24368.6,365750
1786511820,2026-08-12T10:47:00,24369.15,24369.65,24358.75,24358.75,654608
1786511880,2026-08-12T10:48:00,24360.0,24360.35,24352.8,24353.15,418447
1786511940,2026-08-12T10:49:00,24354.4,24357.6,24351.7,24357.25,441876
1786512000,2026-08-12T10:50:00,24358.75,24359.5,24356.55,24358.65,465783
1786512060,2026-08-12T10:51:00,24359.5,24361.2,24356.75,24359.75,350338
1786512120,2026-08-12T10:52:00,24360.95,24360.95,24356.45,24358.15,404625
1786512180,2026-08-12T10:53:00,24359.8,24360.75,24357.75,24358.2,275191
1786512240,2026-08-12T10:54:00,24360.2,24361.1,24357.15,24359.3,1037334
1786512300,2026-08-12T10:55:00,24360.9,24361.8,24355.4,24355.4,1080037
1786512360,2026-08-12T10:56:00,24356.55,24356.55,24346.15,24348.85,1635656
1786512420,2026-08-12T10:57:00,24348.85,24352.6,24343.5,24344.2,781001
1786512480,2026-08-12T10:58:00,24348.1,24348.1,24309.35,24327.65,1892723
1786512540,2026-08-12T10:59:00,24328.6,24330.75,24317.65,24318.65,968199
1786512600,2026-08-12T11:00:00,24321.25,24322.7,24313.15,24313.15,2906068
1786512660,2026-08-12T11:01:00,24314.3,24314.3,24308.5,24311.1,1589783
1786512720,2026-08-12T11:02:00,24312.4,24312.4,24301.1,24303.25,1045806
1786512780,2026-08-12T11:03:00,24305.0,24305.0,24297.1,24297.55,1965377
1786512840,2026-08-12T11:04:00,24298.6,24303.6,24297.45,24300.3,1342811
1786512900,2026-08-12T11:05:00,24300.75,24300.75,24293.35,24296.75,1744161
1786512960,2026-08-12T11:06:00,24299.05,24305.85,24295.55,24305.8,2627016
1786513020,2026-08-12T11:07:00,24306.25,24310.2,24300.1,24304.35,1159310
1786513080,2026-08-12T11:08:00,24305.0,24305.0,24296.65,24302.1,1627840
1786513140,2026-08-12T11:09:00,24302.65,24308.35,24300.35,24305.6,2523448
1786513200,2026-08-12T11:10:00,24307.35,24311.4,24304.85,24310.8,1378222
1786513260,2026-08-12T11:11:00,24312.55,24317.15,24310.1,24315.45,900157
1786513320,2026-08-12T11:12:00,24316.2,24316.9,24294.4,24298.5,1749388
1786513380,2026-08-12T11:13:00,24300.3,24303.7,24297.7,24300.95,1144592
1786513440,2026-08-12T11:14:00,24301.8,24303.15,24299.15,24302.9,1252922
1786513500,2026-08-12T11:15:00,24303.65,24307.2,24300.9,24306.75,881273
1786513560,2026-08-12T11:16:00,24307.6,24307.6,24303.5,24304.95,924608
1786513620,2026-08-12T11:17:00,24305.45,24306.3,24299.0,24301.8,1318023
1786513680,2026-08-12T11:18:00,24302.7,24305.05,24300.45,24303.8,756435
1786513740,2026-08-12T11:19:00,24305.7,24308.5,24303.7,24307.05,701776
1786513800,2026-08-12T11:20:00,24308.4,24309.5,24304.65,24309.15,647929
1786513860,2026-08-12T11:21:00,24310.25,24310.25,24305.75,24307.25,677632
1786513920,2026-08-12T11:22:00,24307.55,24311.0,24304.1,24308.7,753130
1786513980,2026-08-12T11:23:00,24310.2,24318.8,24307.9,24317.3,1453196
1786514040,2026-08-12T11:24:00,24318.35,24318.55,24303.3,24305.3,778354
1786514100,2026-08-12T11:25:00,24305.25,24307.9,24300.5,24302.1,679026
1786514160,2026-08-12T11:26:00,24306.4,24308.95,24301.45,24305.0,642192
1786514220,2026-08-12T11:27:00,24306.7,24306.7,24298.35,24299.7,947533
1786514280,2026-08-12T11:28:00,24301.25,24302.5,24293.1,24300.7,1621051
1786514340,2026-08-12T11:29:00,24302.8,24304.2,24296.35,24297.05,1803642
1786514400,2026-08-12T11:30:00,24297.55,24297.6,24286.1,24289.45,765072
1786514460,2026-08-12T11:31:00,24290.45,24292.7,24287.0,24292.5,808410
1786514520,2026-08-12T11:32:00,24294.05,24297.55,24290.45,24294.35,1073538
1786514580,2026-08-12T11:33:00,24295.1,24297.15,24290.9,24293.6,828873
1786514640,2026-08-12T11:34:00,24295.2,24304.7,24291.85,24302.35,672226
1786514700,2026-08-12T11:35:00,24302.85,24303.0,24294.35,24296.05,831119
1786514760,2026-08-12T11:36:00,24297.15,24298.45,24293.5,24295.4,494939
1786514820,2026-08-12T11:37:00,24295.9,24296.1,24292.2,24293.85,537954
1786514880,2026-08-12T11:38:00,24294.95,24294.95,24290.1,24290.85,1160463
1786514940,2026-08-12T11:39:00,24291.9,24291.9,24284.25,24285.95,463404
1786515000,2026-08-12T11:40:00,24288.15,24288.15,24278.25,24281.05,689388
1786515060,2026-08-12T11:41:00,24281.55,24285.25,24280.1,24283.85,655040
1786515120,2026-08-12T11:42:00,24285.4,24291.05,24283.55,24284.15,877613
1786515180,2026-08-12T11:43:00,24284.15,24287.35,24283.0,24285.6,574288
1786515240,2026-08-12T11:44:00,24287.25,24297.2,24286.75,24294.2,1037680
1786515300,2026-08-12T11:45:00,24295.45,24298.05,24291.45,24294.8,1063825
1786515360,2026-08-12T11:46:00,24295.15,24297.55,24293.35,24293.9,1290715
1786515420,2026-08-12T11:47:00,24295.2,24295.85,24286.6,24289.25,844273
1786515480,2026-08-12T11:48:00,24291.4,24291.4,24286.75,24290.5,1207212
1786515540,2026-08-12T11:49:00,24292.35,24294.4,24290.2,24290.6,767796
1786515600,2026-08-12T11:50:00,24292.15,24292.4,24285.25,24286.25,671513
1786515660,2026-08-12T11:51:00,24287.85,24289.3,24285.75,24286.9,515609
1786515720,2026-08-12T11:52:00,24288.5,24289.5,24284.3,24285.15,703545
1786515780,2026-08-12T11:53:00,24288.15,24289.2,24282.6,24283.65,909705
1786515840,2026-08-12T11:54:00,24284.95,24289.0,24281.5,24282.1,898962
1786515900,2026-08-12T11:55:00,24283.4,24283.4,24271.05,24280.7,714071
1786515960,2026-08-12T11:56:00,24281.05,24284.4,24279.15,24284.15,654749
1786516020,2026-08-12T11:57:00,24284.65,24285.1,24281.0,24281.85,680263
1786516080,2026-08-12T11:58:00,24283.35,24283.35,24277.45,24278.1,573919
1786516140,2026-08-12T11:59:00,24279.55,24285.35,24276.2,24279.65,585131
1786516200,2026-08-12T12:00:00,24280.65,24280.75,24277.15,24278.85,514881
1786516260,2026-08-12T12:01:00,24280.05,24282.25,24278.55,24278.9,1059226
1786516320,2026-08-12T12:02:00,24279.05,24279.65,24275.25,24277.25,640213
1786516380,2026-08-12T12:03:00,24279.25,24279.25,24274.55,24276.15,684995
1786516440,2026-08-12T12:04:00,24277.9,24279.1,24271.45,24272.55,1057607
1786516500,2026-08-12T12:05:00,24273.4,24276.9,24270.55,24276.35,585342
1786516560,2026-08-12T12:06:00,24278.35,24279.95,24275.6,24278.45,771562
1786516620,2026-08-12T12:07:00,24280.2,24281.75,24274.8,24274.8,727375
1786516680,2026-08-12T12:08:00,24276.65,24279.7,24274.05,24275.3,610962
1786516740,2026-08-12T12:09:00,24277.45,24277.45,24271.55,24272.7,403758
1786516800,2026-08-12T12:10:00,24273.3,24274.3,24269.7,24270.35,489014
1786516860,2026-08-12T12:11:00,24271.45,24275.65,24269.65,24272.0,543984
1786516920,2026-08-12T12:12:00,24274.75,24275.15,24271.05,24271.95,818137
1786516980,2026-08-12T12:13:00,24273.6,24273.6,24265.95,24268.3,534388
1786517040,2026-08-12T12:14:00,24267.85,24270.45,24266.2,24267.1,605523
1786517100,2026-08-12T12:15:00,24268.9,24278.55,24266.4,24273.1,574743
1786517160,2026-08-12T12:16:00,24274.9,24277.75,24272.4,24274.8,527523
1786517220,2026-08-12T12:17:00,24276.65,24278.05,24273.55,24277.15,729039
1786517280,2026-08-12T12:18:00,24278.1,24280.1,24274.8,24278.1,496133
1786517340,2026-08-12T12:19:00,24279.95,24280.05,24276.25,24277.45,859617
1786517400,2026-08-12T12:20:00,24278.05,24278.4,24274.75,24275.55,492162
1786517460,2026-08-12T12:21:00,24276.15,24276.6,24273.9,24275.25,496011
1786517520,2026-08-12T12:22:00,24276.1,24277.35,24273.0,24273.45,435726
1786517580,2026-08-12T12:23:00,24274.55,24278.8,24272.35,24274.35,624310
1786517640,2026-08-12T12:24:00,24275.3,24277.5,24271.65,24274.6,460712
1786517700,2026-08-12T12:25:00,24275.0,24278.35,24272.25,24275.45,578896
1786517760,2026-08-12T12:26:00,24276.55,24278.4,24275.55,24277.6,549975
1786517820,2026-08-12T12:27:00,24279.45,24279.45,24274.15,24276.35,907978
1786517880,2026-08-12T12:28:00,24277.1,24279.2,24275.55,24279.2,451527
1786517940,2026-08-12T12:29:00,24279.5,24282.8,24278.05,24282.1,357307
1786518000,2026-08-12T12:30:00,24282.7,24283.65,24278.6,24278.95,620170
1786518060,2026-08-12T12:31:00,24279.6,24281.3,24275.25,24280.7,672341
1786518120,2026-08-12T12:32:00,24281.5,24282.55,24276.1,24281.25,497760
1786518180,2026-08-12T12:33:00,24283.25,24287.8,24280.95,24287.35,559632
1786518240,2026-08-12T12:34:00,24288.7,24292.75,24287.35,24288.7,786163
1786518300,2026-08-12T12:35:00,24289.5,24290.85,24287.05,24287.3,846873
1786518360,2026-08-12T12:36:00,24289.15,24290.0,24285.6,24286.75,585626
1786518420,2026-08-12T12:37:00,24288.15,24288.4,24284.7,24284.7,582528
1786518480,2026-08-12T12:38:00,24286.5,24288.15,24284.15,24286.65,351903
1786518540,2026-08-12T12:39:00,24287.25,24289.75,24285.5,24289.45,493350
1786518600,2026-08-12T12:40:00,24289.95,24292.95,24288.8,24292.05,486522
1786518660,2026-08-12T12:41:00,24292.35,24299.85,24290.3,24297.65,897984
1786518720,2026-08-12T12:42:00,24299.15,24303.2,24293.9,24293.9,974751
1786518780,2026-08-12T12:43:00,24295.75,24295.75,24280.4,24282.8,1052087
1786518840,2026-08-12T12:44:00,24284.15,24285.85,24281.4,24283.2,768187
1786518900,2026-08-12T12:45:00,24284.65,24287.15,24281.25,24281.3,953500
1786518960,2026-08-12T12:46:00,24282.1,24283.7,24276.3,24276.9,862724
1786519020,2026-08-12T12:47:00,24278.95,24285.45,24275.65,24284.25,504400
1786519080,2026-08-12T12:48:00,24284.95,24288.55,24282.5,24286.75,760067
1786519140,2026-08-12T12:49:00,24288.35,24288.35,24281.65,24283.3,420902
1786519200,2026-08-12T12:50:00,24283.6,24284.2,24280.5,24283.65,491941
1786519260,2026-08-12T12:51:00,24284.8,24289.7,24283.4,24288.35,795210
1786519320,2026-08-12T12:52:00,24289.75,24289.75,24284.85,24286.45,454164
1786519380,2026-08-12T12:53:00,24287.3,24287.55,24282.4,24283.4,365726
1786519440,2026-08-12T12:54:00,24284.9,24285.35,24274.9,24275.15,836468
1786519500,2026-08-12T12:55:00,24276.15,24276.8,24271.35,24272.8,1034303
1786519560,2026-08-12T12:56:00,24273.65,24275.0,24270.8,24274.25,728105
1786519620,2026-08-12T12:57:00,24274.5,24274.65,24270.15,24271.9,799735
1786519680,2026-08-12T12:58:00,24272.55,24274.65,24270.15,24273.9,717717
1786519740,2026-08-12T12:59:00,24273.35,24276.85,24272.0,24276.55,662267
1786519800,2026-08-12T13:00:00,24276.6,24279.95,24272.9,24278.0,1141997
1786519860,2026-08-12T13:01:00,24279.3,24281.75,24275.85,24280.45,659568
1786519920,2026-08-12T13:02:00,24281.45,24284.9,24280.1,24283.5,688711
1786519980,2026-08-12T13:03:00,24284.25,24285.5,24282.4,24284.85,757025
1786520040,2026-08-12T13:04:00,24285.4,24286.6,24280.8,24280.8,849246
1786520100,2026-08-12T13:05:00,24282.05,24282.1,24278.75,24279.8,761333
1786520160,2026-08-12T13:06:00,24280.75,24282.45,24279.95,24280.15,745579
1786520220,2026-08-12T13:07:00,24281.4,24282.7,24278.4,24280.95,659202
1786520280,2026-08-12T13:08:00,24281.25,24282.1,24279.0,24279.35,383983
1786520340,2026-08-12T13:09:00,24280.35,24281.65,24277.75,24280.95,508953
1786520400,2026-08-12T13:10:00,24282.0,24282.2,24279.3,24280.15,453657
1786520460,2026-08-12T13:11:00,24280.75,24282.8,24278.95,24281.4,564822
1786520520,2026-08-12T13:12:00,24282.05,24282.35,24278.95,24280.85,552497
1786520580,2026-08-12T13:13:00,24282.15,24283.0,24279.9,24281.6,456299
1786520640,2026-08-12T13:14:00,24282.8,24288.4,24281.75,24288.25,537151
1786520700,2026-08-12T13:15:00,24288.35,24288.7,24284.4,24286.95,311120
1786520760,2026-08-12T13:16:00,24288.25,24293.3,24285.9,24293.05,695964
1786520820,2026-08-12T13:17:00,24293.7,24295.8,24291.55,24292.95,500610
1786520880,2026-08-12T13:18:00,24294.1,24298.65,24292.4,24298.15,575394
1786520940,2026-08-12T13:19:00,24299.4,24300.7,24295.95,24295.95,1096808
1786521000,2026-08-12T13:20:00,24296.8,24297.2,24291.6,24294.95,546893
1786521060,2026-08-12T13:21:00,24296.05,24296.05,24292.05,24292.35,351119
1786521120,2026-08-12T13:22:00,24293.65,24295.2,24292.0,24294.6,391364
1786521180,2026-08-12T13:23:00,24294.9,24294.95,24292.6,24294.1,383025
1786521240,2026-08-12T13:24:00,24294.2,24298.05,24294.15,24296.15,530224
1786521300,2026-08-12T13:25:00,24296.4,24298.2,24287.05,24295.05,1401543
1786521360,2026-08-12T13:26:00,24296.1,24296.3,24291.85,24292.25,581822
1786521420,2026-08-12T13:27:00,24293.6,24294.35,24286.5,24288.0,603017
1786521480,2026-08-12T13:28:00,24288.25,24292.5,24282.0,24288.8,1071339
1786521540,2026-08-12T13:29:00,24291.1,24294.0,24286.75,24292.85,798476
1786521600,2026-08-12T13:30:00,24294.3,24298.4,24293.1,24297.15,422551
1786521660,2026-08-12T13:31:00,24298.6,24298.6,24291.85,24294.7,629730
1786521720,2026-08-12T13:32:00,24297.95,24298.35,24292.1,24294.3,635756
1786521780,2026-08-12T13:33:00,24296.45,24296.45,24291.65,24293.8,703752
1786521840,2026-08-12T13:34:00,24294.85,24295.8,24290.65,24293.5,505286
1786521900,2026-08-12T13:35:00,24294.8,24299.1,24293.05,24297.4,556295
1786521960,2026-08-12T13:36:00,24298.6,24301.45,24296.75,24299.05,545445
1786522020,2026-08-12T13:37:00,24300.95,24300.95,24295.15,24295.8,622572
1786522080,2026-08-12T13:38:00,24295.45,24295.45,24288.65,24289.15,483787
1786522140,2026-08-12T13:39:00,24291.0,24294.0,24288.9,24294.0,382645
1786522200,2026-08-12T13:40:00,24295.4,24298.75,24294.35,24296.45,612631
1786522260,2026-08-12T13:41:00,24299.5,24299.5,24289.75,24289.75,381893
1786522320,2026-08-12T13:42:00,24291.55,24291.7,24288.0,24289.15,589846
1786522380,2026-08-12T13:43:00,24290.8,24290.85,24286.05,24289.0,804695
1786522440,2026-08-12T13:44:00,24290.95,24290.95,24285.55,24289.7,497286
1786522500,2026-08-12T13:45:00,24290.15,24292.4,24285.85,24287.25,427758
1786522560,2026-08-12T13:46:00,24289.1,24289.1,24286.1,24286.15,365656
1786522620,2026-08-12T13:47:00,24288.2,24288.2,24284.15,24285.85,329683
1786522680,2026-08-12T13:48:00,24287.15,24287.15,24283.4,24284.15,279017
1786522740,2026-08-12T13:49:00,24285.4,24291.05,24283.9,24289.95,620079
1786522800,2026-08-12T13:50:00,24289.85,24292.05,24286.6,24287.8,690336
1786522860,2026-08-12T13:51:00,24288.65,24290.3,24287.2,24288.7,530435
1786522920,2026-08-12T13:52:00,24290.0,24290.2,24287.15,24288.9,432341
1786522980,2026-08-12T13:53:00,24290.1,24290.8,24287.25,24287.8,500206
1786523040,2026-08-12T13:54:00,24289.1,24290.1,24285.25,24286.65,481204
1786523100,2026-08-12T13:55:00,24287.25,24290.2,24286.85,24287.45,389094
1786523160,2026-08-12T13:56:00,24288.9,24288.9,24284.6,24285.0,546718
1786523220,2026-08-12T13:57:00,24286.3,24286.3,24281.15,24281.45,411237
1786523280,2026-08-12T13:58:00,24282.5,24283.1,24280.0,24282.35,436943
1786523340,2026-08-12T13:59:00,24283.25,24287.55,24281.35,24286.4,436312
1786523400,2026-08-12T14:00:00,24286.25,24288.9,24284.05,24286.5,375522
1786523460,2026-08-12T14:01:00,24287.65,24287.65,24282.65,24283.7,492323
1786523520,2026-08-12T14:02:00,24284.8,24287.0,24281.35,24282.0,388319
1786523580,2026-08-12T14:03:00,24283.4,24285.8,24281.35,24283.3,406173
1786523640,2026-08-12T14:04:00,24284.95,24285.5,24276.85,24278.7,513274
1786523700,2026-08-12T14:05:00,24280.2,24283.05,24278.6,24279.65,391517
1786523760,2026-08-12T14:06:00,24281.65,24282.9,24279.55,24281.55,390609
1786523820,2026-08-12T14:07:00,24282.5,24282.8,24279.4,24282.35,550824
1786523880,2026-08-12T14:08:00,24282.85,24284.7,24281.0,24282.0,596229
1786523940,2026-08-12T14:09:00,24283.6,24286.1,24281.25,24284.35,630309
1786524000,2026-08-12T14:10:00,24285.65,24287.95,24281.9,24283.8,530760
1786524060,2026-08-12T14:11:00,24285.35,24285.35,24277.45,24280.15,674626
1786524120,2026-08-12T14:12:00,24280.95,24282.35,24278.85,24280.55,583600
1786524180,2026-08-12T14:13:00,24282.1,24282.1,24276.9,24278.45,429518
1786524240,2026-08-12T14:14:00,24279.7,24280.2,24275.4,24278.2,450726
1786524300,2026-08-12T14:15:00,24279.35,24283.85,24277.45,24283.3,436553
1786524360,2026-08-12T14:16:00,24284.6,24288.9,24281.95,24288.75,468619
1786524420,2026-08-12T14:17:00,24289.4,24290.7,24287.2,24289.45,545869
1786524480,2026-08-12T14:18:00,24291.05,24291.25,24286.55,24287.25,764953
1786524540,2026-08-12T14:19:00,24288.65,24291.0,24286.05,24289.65,804322
1786524600,2026-08-12T14:20:00,24291.0,24292.95,24287.4,24288.85,744522
1786524660,2026-08-12T14:21:00,24289.85,24292.4,24287.5,24290.0,1128810
1786524720,2026-08-12T14:22:00,24291.3,24292.85,24288.3,24290.0,988574
1786524780,2026-08-12T14:23:00,24291.55,24294.6,24290.7,24294.05,1114147
1786524840,2026-08-12T14:24:00,24295.1,24296.0,24290.25,24290.3,721418
1786524900,2026-08-12T14:25:00,24293.15,24295.65,24290.85,24293.9,959792
1786524960,2026-08-12T14:26:00,24295.55,24296.6,24293.3,24296.2,662860
1786525020,2026-08-12T14:27:00,24297.9,24299.4,24294.2,24296.3,920466
1786525080,2026-08-12T14:28:00,24298.7,24298.75,24291.15,24294.1,999805
1786525140,2026-08-12T14:29:00,24295.05,24300.7,24293.15,24298.55,969672
1786525200,2026-08-12T14:30:00,24299.65,24309.5,24297.75,24305.75,1208549
1786525260,2026-08-12T14:31:00,24307.25,24312.55,24298.85,24306.35,1171126
1786525320,2026-08-12T14:32:00,24307.4,24327.25,24302.6,24326.6,1806213
1786525380,2026-08-12T14:33:00,24326.8,24331.3,24324.35,24329.35,1254076
1786525440,2026-08-12T14:34:00,24330.3,24330.3,24321.35,24321.6,901166
1786525500,2026-08-12T14:35:00,24322.9,24325.8,24318.55,24318.65,1002424
1786525560,2026-08-12T14:36:00,24320.9,24322.75,24314.75,24318.15,1023966
1786525620,2026-08-12T14:37:00,24319.95,24320.05,24312.55,24313.95,925768
1786525680,2026-08-12T14:38:00,24315.65,24320.75,24313.6,24318.65,710998
1786525740,2026-08-12T14:39:00,24318.35,24320.9,24315.7,24315.8,831072
1786525800,2026-08-12T14:40:00,24318.1,24318.8,24314.3,24317.75,846227
1786525860,2026-08-12T14:41:00,24319.15,24322.05,24317.35,24321.2,911653
1786525920,2026-08-12T14:42:00,24323.45,24328.5,24320.15,24327.65,1045161
1786525980,2026-08-12T14:43:00,24328.25,24334.7,24323.85,24324.65,959526
1786526040,2026-08-12T14:44:00,24327.0,24329.65,24320.85,24326.0,838138
1786526100,2026-08-12T14:45:00,24327.95,24332.15,24324.15,24324.6,879526
1786526160,2026-08-12T14:46:00,24326.6,24332.6,24323.4,24332.6,720658
1786526220,2026-08-12T14:47:00,24332.2,24333.2,24326.5,24328.65,1123165
1786526280,2026-08-12T14:48:00,24329.05,24331.15,24323.5,24324.15,891312
1786526340,2026-08-12T14:49:00,24325.65,24325.85,24316.75,24322.2,1143517
1786526400,2026-08-12T14:50:00,24324.0,24329.5,24323.25,24326.75,1187555
1786526460,2026-08-12T14:51:00,24327.4,24328.5,24319.3,24320.5,2549499
1786526520,2026-08-12T14:52:00,24321.6,24334.0,24320.35,24333.7,1695322
1786526580,2026-08-12T14:53:00,24335.45,24342.95,24333.25,24342.95,1674549
1786526640,2026-08-12T14:54:00,24343.45,24374.6,24343.0,24374.6,2948650
1786526700,2026-08-12T14:55:00,24375.1,24384.9,24366.05,24367.4,2235914
1786526760,2026-08-12T14:56:00,24369.4,24369.4,24354.2,24355.65,1166415
1786526820,2026-08-12T14:57:00,24356.4,24365.5,24353.6,24365.15,1539060
1786526880,2026-08-12T14:58:00,24366.4,24367.45,24359.05,24362.4,2157773
1786526940,2026-08-12T14:59:00,24363.45,24371.15,24363.2,24371.15,1202878
1786527000,2026-08-12T15:00:00,24371.45,24372.3,24365.1,24366.35,1354253
1786527060,2026-08-12T15:01:00,24365.2,24372.45,24365.15,24371.25,1644708
1786527120,2026-08-12T15:02:00,24370.55,24375.45,24367.3,24368.85,1280659
1786527180,2026-08-12T15:03:00,24368.3,24371.45,24361.4,24364.65,1544833
1786527240,2026-08-12T15:04:00,24364.6,24365.5,24361.8,24363.7,1653513
1786527300,2026-08-12T15:05:00,24363.4,24364.2,24356.5,24358.9,2164677
1786527360,2026-08-12T15:06:00,24357.6,24361.65,24351.6,24351.6,1961481
1786527420,2026-08-12T15:07:00,24350.7,24353.95,24349.05,24351.3,1231988
1786527480,2026-08-12T15:08:00,24351.8,24352.5,24345.65,24347.1,1408280
1786527540,2026-08-12T15:09:00,24345.7,24356.5,24341.8,24356.5,1704734
1786527600,2026-08-12T15:10:00,24355.0,24358.4,24350.8,24356.05,1844112
1786527660,2026-08-12T15:11:00,24356.25,24369.5,24355.7,24368.7,2020097
1786527720,2026-08-12T15:12:00,24367.9,24375.55,24364.2,24366.1,3099938
1786527780,2026-08-12T15:13:00,24365.6,24373.35,24364.2,24367.35,2830304
1786527840,2026-08-12T15:14:00,24367.45,24374.65,24361.7,24361.7,1515665
1786527900,2026-08-12T15:15:00,24361.7,24361.7,24361.7,24361.7,1423
1786527960,2026-08-12T15:16:00,24361.7,24361.7,24361.7,24361.7,1423
1786528020,2026-08-12T15:17:00,24361.7,24361.7,24361.7,24361.7,1423
1786528080,2026-08-12T15:18:00,24361.7,24361.7,24361.7,24361.7,1423
1786528140,2026-08-12T15:19:00,24361.7,24361.7,24361.7,24361.7,1423
1786528200,2026-08-12T15:20:00,24361.7,24361.7,24361.7,24361.7,1423
1786528260,2026-08-12T15:21:00,24361.7,24361.7,24361.7,24361.7,1423
1786528320,2026-08-12T15:22:00,24361.7,24361.7,24361.7,24361.7,1423
1786528380,2026-08-12T15:23:00,24361.7,24361.7,24361.7,24361.7,1423
1786528440,2026-08-12T15:24:00,24361.7,24361.7,24361.7,24361.7,1423
1786528500,2026-08-12T15:25:00,24361.7,24361.7,24361.7,24361.7,1423
1786528560,2026-08-12T15:26:00,24361.7,24361.7,24361.7,24361.7,1423
1786528620,2026-08-12T15:27:00,24361.7,24361.7,24361.7,24361.7,1423
1786528680,2026-08-12T15:28:00,24361.7,24435.95,24361.7,24435.95,86052057
1786528740,2026-08-12T15:29:00,24435.95,24435.95,24435.95,24435.95,86052057
1786592700,2026-08-13T09:15:00,24431.6,24431.6,24350.1,24361.25,6464289
1786592760,2026-08-13T09:16:00,24363.25,24371.65,24347.8,24354.65,4460070
1786592820,2026-08-13T09:17:00,24355.65,24355.65,24335.25,24345.0,3492362
1786592880,2026-08-13T09:18:00,24345.4,24345.5,24337.2,24342.7,3014388
1786592940,2026-08-13T09:19:00,24344.95,24348.65,24340.7,24342.55,2373291
1786593000,2026-08-13T09:20:00,24344.9,24348.2,24339.7,24346.95,2438915
1786593060,2026-08-13T09:21:00,24348.4,24358.55,24346.45,24346.95,1571431
1786593120,2026-08-13T09:22:00,24349.9,24353.1,24342.35,24351.5,2206612
1786593180,2026-08-13T09:23:00,24354.8,24354.8,24341.85,24344.9,1361469
1786593240,2026-08-13T09:24:00,24347.55,24350.1,24340.55,24348.2,1531628
1786593300,2026-08-13T09:25:00,24351.15,24352.3,24342.5,24347.55,2003705
1786593360,2026-08-13T09:26:00,24349.55,24349.55,24337.3,24338.3,1043065
1786593420,2026-08-13T09:27:00,24341.6,24341.6,24330.35,24331.9,1441940
1786593480,2026-08-13T09:28:00,24333.25,24334.4,24327.35,24329.55,892545
1786593540,2026-08-13T09:29:00,24332.15,24340.1,24326.1,24339.15,812011
1786593600,2026-08-13T09:30:00,24342.05,24344.15,24326.95,24327.3,1414431
1786593660,2026-08-13T09:31:00,24329.9,24333.4,24324.8,24327.2,988145
1786593720,2026-08-13T09:32:00,24328.05,24328.05,24319.4,24324.9,1462825
1786593780,2026-08-13T09:33:00,24326.6,24327.1,24317.3,24318.0,1036226
1786593840,2026-08-13T09:34:00,24319.35,24325.75,24316.3,24324.35,760692
1786593900,2026-08-13T09:35:00,24326.25,24328.3,24322.6,24328.0,919596
1786593960,2026-08-13T09:36:00,24328.75,24330.95,24325.55,24325.8,1194523
1786594020,2026-08-13T09:37:00,24327.2,24329.0,24324.2,24325.85,1033888
1786594080,2026-08-13T09:38:00,24327.4,24336.15,24325.4,24335.75,714920
1786594140,2026-08-13T09:39:00,24338.05,24342.0,24335.65,24339.65,1468693
1786594200,2026-08-13T09:40:00,24341.95,24345.85,24335.8,24341.5,1831425
1786594260,2026-08-13T09:41:00,24343.1,24344.9,24338.85,24339.6,1570799
1786594320,2026-08-13T09:42:00,24340.65,24342.65,24337.1,24340.3,1285975
1786594380,2026-08-13T09:43:00,24342.35,24350.85,24339.45,24348.05,879276
1786594440,2026-08-13T09:44:00,24349.45,24350.95,24344.5,24346.35,790186
1786594500,2026-08-13T09:45:00,24347.5,24348.3,24342.8,24347.55,977316
1786594560,2026-08-13T09:46:00,24350.1,24351.9,24341.4,24341.4,873541
1786594620,2026-08-13T09:47:00,24342.6,24342.6,24336.65,24339.05,885830
1786594680,2026-08-13T09:48:00,24341.0,24355.3,24339.4,24352.3,540362
1786594740,2026-08-13T09:49:00,24354.55,24354.55,24346.6,24349.55,639128
1786594800,2026-08-13T09:50:00,24350.85,24356.65,24349.3,24350.2,608458
1786594860,2026-08-13T09:51:00,24351.6,24354.4,24347.7,24349.75,785569
1786594920,2026-08-13T09:52:00,24350.85,24350.85,24337.55,24338.05,1873021
1786594980,2026-08-13T09:53:00,24338.8,24349.75,24338.1,24348.25,686079
1786595040,2026-08-13T09:54:00,24351.2,24356.0,24348.7,24354.45,888830
1786595100,2026-08-13T09:55:00,24355.9,24355.9,24350.85,24353.95,785061
1786595160,2026-08-13T09:56:00,24355.7,24356.2,24349.9,24353.05,609143
1786595220,2026-08-13T09:57:00,24353.95,24353.95,24346.55,24348.7,532057
1786595280,2026-08-13T09:58:00,24349.25,24351.4,24344.8,24351.0,1041864
1786595340,2026-08-13T09:59:00,24351.8,24352.7,24347.9,24351.55,966522
1786595400,2026-08-13T10:00:00,24352.0,24353.15,24345.95,24346.25,896538
1786595460,2026-08-13T10:01:00,24347.45,24350.55,24343.8,24350.15,869727
1786595520,2026-08-13T10:02:00,24350.2,24353.45,24346.1,24347.35,643510
1786595580,2026-08-13T10:03:00,24348.85,24354.55,24346.05,24346.65,997513
1786595640,2026-08-13T10:04:00,24347.7,24348.5,24342.35,24342.8,594155
1786595700,2026-08-13T10:05:00,24345.6,24351.25,24340.6,24350.45,632614
1786595760,2026-08-13T10:06:00,24350.95,24352.6,24345.6,24352.35,616843
1786595820,2026-08-13T10:07:00,24353.35,24353.35,24343.05,24344.45,542809
1786595880,2026-08-13T10:08:00,24346.05,24346.05,24341.05,24343.8,523639
1786595940,2026-08-13T10:09:00,24343.5,24344.3,24336.95,24337.2,421515
1786596000,2026-08-13T10:10:00,24338.95,24340.95,24335.3,24336.65,1287457
1786596060,2026-08-13T10:11:00,24338.2,24338.2,24330.3,24332.4,833538
1786596120,2026-08-13T10:12:00,24335.75,24341.05,24331.8,24341.05,1012906
1786596180,2026-08-13T10:13:00,24342.45,24350.3,24341.25,24347.55,741946
1786596240,2026-08-13T10:14:00,24347.7,24349.3,24343.55,24343.55,483178
1786596300,2026-08-13T10:15:00,24346.25,24346.25,24339.55,24340.35,1209987
1786596360,2026-08-13T10:16:00,24341.7,24341.7,24334.1,24338.2,722761
1786596420,2026-08-13T10:17:00,24339.3,24339.3,24331.65,24333.45,611683
1786596480,2026-08-13T10:18:00,24335.7,24339.3,24333.4,24338.65,438899
1786596540,2026-08-13T10:19:00,24340.4,24342.55,24335.5,24336.6,403470
1786596600,2026-08-13T10:20:00,24338.35,24340.25,24332.45,24334.05,408287
1786596660,2026-08-13T10:21:00,24334.35,24338.1,24332.15,24337.6,462383
1786596720,2026-08-13T10:22:00,24337.95,24338.25,24332.75,24336.35,614865
1786596780,2026-08-13T10:23:00,24336.65,24336.8,24327.55,24328.0,368114
1786596840,2026-08-13T10:24:00,24330.05,24334.25,24328.1,24329.15,720924
1786596900,2026-08-13T10:25:00,24330.9,24330.9,24325.8,24327.15,481779
1786596960,2026-08-13T10:26:00,24328.4,24331.85,24326.35,24331.4,410953
1786597020,2026-08-13T10:27:00,24332.6,24332.6,24326.6,24328.9,694387
1786597080,2026-08-13T10:28:00,24329.65,24329.65,24326.0,24327.05,426058
1786597140,2026-08-13T10:29:00,24328.15,24328.15,24318.2,24319.15,560189
1786597200,2026-08-13T10:30:00,24320.4,24320.4,24311.4,24313.0,488406
1786597260,2026-08-13T10:31:00,24312.6,24318.05,24312.5,24314.7,371652
1786597320,2026-08-13T10:32:00,24316.85,24323.0,24313.8,24320.45,432748
1786597380,2026-08-13T10:33:00,24324.55,24325.0,24318.55,24319.2,371529
1786597440,2026-08-13T10:34:00,24320.35,24322.75,24317.75,24322.05,598976
1786597500,2026-08-13T10:35:00,24322.5,24326.25,24319.75,24325.25,594012
1786597560,2026-08-13T10:36:00,24325.25,24325.25,24318.25,24325.05,573504
1786597620,2026-08-13T10:37:00,24326.35,24329.8,24324.85,24327.15,369322
1786597680,2026-08-13T10:38:00,24330.35,24330.35,24324.1,24326.55,305812
1786597740,2026-08-13T10:39:00,24327.9,24328.65,24325.35,24327.1,573298
1786597800,2026-08-13T10:40:00,24328.15,24330.0,24325.75,24326.85,245317
1786597860,2026-08-13T10:41:00,24329.25,24330.8,24324.75,24329.3,743809
1786597920,2026-08-13T10:42:00,24330.55,24330.75,24328.25,24329.65,877965
1786597980,2026-08-13T10:43:00,24330.55,24331.7,24327.15,24329.15,501282
1786598040,2026-08-13T10:44:00,24330.1,24332.8,24327.9,24330.8,800000
1786598100,2026-08-13T10:45:00,24331.1,24331.55,24326.7,24329.7,535965
1786598160,2026-08-13T10:46:00,24330.85,24332.75,24328.15,24330.75,408270
1786598220,2026-08-13T10:47:00,24332.5,24335.9,24330.0,24335.9,516060
1786598280,2026-08-13T10:48:00,24337.05,24339.7,24332.65,24338.7,483825
1786598340,2026-08-13T10:49:00,24341.45,24341.7,24337.1,24339.65,549697
1786598400,2026-08-13T10:50:00,24340.35,24342.7,24338.65,24342.6,469500
1786598460,2026-08-13T10:51:00,24344.0,24345.75,24341.2,24345.75,657277
1786598520,2026-08-13T10:52:00,24346.4,24348.65,24342.45,24343.5,440835
1786598580,2026-08-13T10:53:00,24346.75,24347.5,24343.25,24343.25,446721
1786598640,2026-08-13T10:54:00,24344.45,24347.6,24339.1,24339.45,647959
1786598700,2026-08-13T10:55:00,24342.2,24344.8,24340.4,24342.9,480802
1786598760,2026-08-13T10:56:00,24344.7,24345.1,24340.55,24341.15,454906
1786598820,2026-08-13T10:57:00,24343.2,24343.75,24338.7,24340.85,459313
1786598880,2026-08-13T10:58:00,24341.7,24342.7,24337.3,24337.7,428669
1786598940,2026-08-13T10:59:00,24338.9,24339.65,24336.25,24338.25,411510
1786599000,2026-08-13T11:00:00,24339.85,24339.95,24334.2,24338.35,527042
1786599060,2026-08-13T11:01:00,24340.0,24340.0,24330.1,24330.1,956760
1786599120,2026-08-13T11:02:00,24332.75,24333.4,24326.0,24327.8,686570
1786599180,2026-08-13T11:03:00,24328.4,24330.25,24325.75,24327.6,829965
1786599240,2026-08-13T11:04:00,24328.8,24328.8,24322.1,24325.8,484028
1786599300,2026-08-13T11:05:00,24325.55,24325.6,24320.5,24322.75,433975
1786599360,2026-08-13T11:06:00,24323.8,24324.6,24320.35,24320.45,409302
1786599420,2026-08-13T11:07:00,24321.95,24321.95,24314.3,24317.05,489609
1786599480,2026-08-13T11:08:00,24318.7,24320.85,24317.25,24319.5,395458
1786599540,2026-08-13T11:09:00,24320.7,24325.25,24319.4,24324.5,767848
1786599600,2026-08-13T11:10:00,24325.9,24329.1,24324.75,24325.55,368059
1786599660,2026-08-13T11:11:00,24327.65,24327.65,24323.7,24323.7,311566
1786599720,2026-08-13T11:12:00,24325.2,24325.2,24321.1,24323.25,338319
1786599780,2026-08-13T11:13:00,24324.8,24325.45,24320.2,24320.2,323723
1786599840,2026-08-13T11:14:00,24322.25,24322.25,24316.95,24319.05,471203
1786599900,2026-08-13T11:15:00,24319.85,24322.3,24317.8,24322.1,444157
1786599960,2026-08-13T11:16:00,24322.95,24323.9,24317.95,24318.5,508472
1786600020,2026-08-13T11:17:00,24320.5,24322.9,24318.25,24320.45,368343
1786600080,2026-08-13T11:18:00,24321.3,24324.0,24319.95,24323.2,292073
1786600140,2026-08-13T11:19:00,24324.55,24326.5,24322.9,24324.65,347081
1786600200,2026-08-13T11:20:00,24326.0,24326.0,24322.15,24324.2,374911
1786600260,2026-08-13T11:21:00,24325.4,24325.4,24320.2,24321.6,551191
1786600320,2026-08-13T11:22:00,24324.05,24328.45,24322.25,24328.45,793765
1786600380,2026-08-13T11:23:00,24329.6,24330.8,24325.9,24325.9,458841
1786600440,2026-08-13T11:24:00,24328.3,24328.3,24323.5,24327.25,450398
1786600500,2026-08-13T11:25:00,24327.1,24334.45,24326.2,24331.9,342466
1786600560,2026-08-13T11:26:00,24333.05,24333.8,24329.85,24331.95,384524
1786600620,2026-08-13T11:27:00,24333.1,24339.6,24331.25,24335.85,434334
1786600680,2026-08-13T11:28:00,24336.65,24337.2,24333.9,24336.1,362447
1786600740,2026-08-13T11:29:00,24336.6,24339.6,24333.75,24338.8,368127
1786600800,2026-08-13T11:30:00,24339.95,24344.0,24338.1,24343.1,591106
1786600860,2026-08-13T11:31:00,24343.75,24346.7,24341.6,24346.5,489050
1786600920,2026-08-13T11:32:00,24348.05,24348.1,24343.25,24344.2,350750
1786600980,2026-08-13T11:33:00,24345.35,24347.5,24342.95,24347.05,259877
1786601040,2026-08-13T11:34:00,24348.25,24348.25,24344.75,24345.45,347029
1786601100,2026-08-13T11:35:00,24346.75,24348.5,24344.85,24346.3,574991
1786601160,2026-08-13T11:36:00,24347.5,24353.65,24344.15,24352.6,1227435
1786601220,2026-08-13T11:37:00,24353.55,24355.5,24351.7,24352.1,572276
1786601280,2026-08-13T11:38:00,24353.85,24356.5,24352.3,24353.7,621962
1786601340,2026-08-13T11:39:00,24354.65,24359.85,24353.25,24358.5,624355
1786601400,2026-08-13T11:40:00,24360.2,24363.35,24354.25,24355.7,1181809
1786601460,2026-08-13T11:41:00,24356.75,24357.1,24350.55,24351.15,453296
1786601520,2026-08-13T11:42:00,24352.4,24352.4,24347.45,24348.7,411684
1786601580,2026-08-13T11:43:00,24350.0,24351.5,24347.45,24349.25,498852
1786601640,2026-08-13T11:44:00,24351.2,24353.85,24348.3,24350.05,817697
1786601700,2026-08-13T11:45:00,24350.65,24352.6,24347.65,24349.1,888950
1786601760,2026-08-13T11:46:00,24350.0,24350.1,24346.85,24347.65,874887
1786601820,2026-08-13T11:47:00,24349.7,24355.05,24348.3,24352.45,1287450
1786601880,2026-08-13T11:48:00,24353.9,24356.05,24352.4,24353.8,561695
1786601940,2026-08-13T11:49:00,24355.9,24358.2,24353.85,24357.2,539024
1786602000,2026-08-13T11:50:00,24359.0,24359.75,24355.95,24356.3,530833
1786602060,2026-08-13T11:51:00,24358.2,24360.3,24355.25,24359.75,695436
1786602120,2026-08-13T11:52:00,24360.15,24362.5,24357.35,24360.45,987849
1786602180,2026-08-13T11:53:00,24361.7,24362.1,24358.25,24360.6,869187
1786602240,2026-08-13T11:54:00,24361.9,24361.9,24356.1,24357.45,551585
1786602300,2026-08-13T11:55:00,24358.8,24359.3,24355.7,24357.95,695493
1786602360,2026-08-13T11:56:00,24360.15,24364.1,24356.3,24361.95,757047
1786602420,2026-08-13T11:57:00,24364.3,24371.2,24361.3,24371.2,530445
1786602480,2026-08-13T11:58:00,24372.85,24377.15,24370.35,24376.85,644485
1786602540,2026-08-13T11:59:00,24378.2,24386.8,24375.45,24386.45,808347
1786602600,2026-08-13T12:00:00,24387.6,24407.65,24386.3,24403.4,1415379
1786602660,2026-08-13T12:01:00,24404.25,24404.25,24399.15,24401.75,642815
1786602720,2026-08-13T12:02:00,24403.3,24406.55,24398.55,24406.0,468360
1786602780,2026-08-13T12:03:00,24407.85,24414.75,24404.15,24412.95,537303
1786602840,2026-08-13T12:04:00,24414.9,24414.9,24407.3,24407.55,715109
1786602900,2026-08-13T12:05:00,24409.1,24413.8,24407.55,24411.3,493446
1786602960,2026-08-13T12:06:00,24413.1,24413.1,24406.95,24408.1,330166
1786603020,2026-08-13T12:07:00,24409.55,24409.9,24401.95,24408.15,599984
1786603080,2026-08-13T12:08:00,24410.4,24410.4,24405.8,24406.45,892449
1786603140,2026-08-13T12:09:00,24407.85,24408.7,24402.1,24402.85,457148
1786603200,2026-08-13T12:10:00,24404.8,24406.45,24401.3,24402.55,764146
1786603260,2026-08-13T12:11:00,24403.65,24403.65,24395.4,24396.05,1645688
1786603320,2026-08-13T12:12:00,24399.7,24399.7,24392.0,24392.05,746385
1786603380,2026-08-13T12:13:00,24394.15,24396.1,24391.8,24395.25,457681
1786603440,2026-08-13T12:14:00,24396.3,24397.2,24394.15,24395.65,987459
1786603500,2026-08-13T12:15:00,24397.4,24399.15,24390.4,24395.6,1534790
1786603560,2026-08-13T12:16:00,24397.1,24399.05,24394.1,24395.85,561225
1786603620,2026-08-13T12:17:00,24396.8,24398.3,24390.9,24391.7,717274
1786603680,2026-08-13T12:18:00,24394.0,24394.0,24390.65,24393.0,433416
1786603740,2026-08-13T12:19:00,24394.55,24395.55,24390.5,24392.15,628174
1786603800,2026-08-13T12:20:00,24393.2,24393.45,24389.75,24391.4,513717
1786603860,2026-08-13T12:21:00,24393.75,24393.75,24389.4,24389.6,458011
1786603920,2026-08-13T12:22:00,24392.25,24393.25,24388.25,24392.3,470542
1786603980,2026-08-13T12:23:00,24393.75,24398.15,24391.8,24397.25,505610
1786604040,2026-08-13T12:24:00,24398.25,24402.0,24395.8,24399.2,625877
1786604100,2026-08-13T12:25:00,24401.1,24403.55,24397.5,24401.85,933840
1786604160,2026-08-13T12:26:00,24402.7,24402.8,24398.15,24398.15,533678
1786604220,2026-08-13T12:27:00,24399.2,24400.0,24394.95,24396.05,666629
1786604280,2026-08-13T12:28:00,24397.25,24399.0,24391.5,24392.5,731336
1786604340,2026-08-13T12:29:00,24394.1,24394.8,24391.05,24393.35,634667
1786604400,2026-08-13T12:30:00,24395.8,24398.95,24392.3,24394.5,589135
1786604460,2026-08-13T12:31:00,24396.55,24396.55,24391.9,24394.3,601428
1786604520,2026-08-13T12:32:00,24396.3,24396.75,24391.65,24394.75,4560684
1786604580,2026-08-13T12:33:00,24396.25,24396.55,24393.35,24395.6,503331
1786604640,2026-08-13T12:34:00,24396.85,24399.55,24394.05,24398.6,438227
1786604700,2026-08-13T12:35:00,24399.75,24400.0,24396.85,24397.75,449383
1786604760,2026-08-13T12:36:00,24399.55,24400.2,24395.35,24396.65,2042117
1786604820,2026-08-13T12:37:00,24398.9,24398.9,24391.6,24391.8,502455
1786604880,2026-08-13T12:38:00,24393.45,24393.45,24385.6,24388.6,786884
1786604940,2026-08-13T12:39:00,24389.3,24391.4,24385.65,24390.4,560664
1786605000,2026-08-13T12:40:00,24391.6,24397.4,24390.55,24396.8,1113709
1786605060,2026-08-13T12:41:00,24398.15,24401.25,24395.8,24395.8,491161
1786605120,2026-08-13T12:42:00,24396.05,24397.55,24393.4,24393.9,689602
1786605180,2026-08-13T12:43:00,24394.9,24394.9,24389.15,24391.2,492193
1786605240,2026-08-13T12:44:00,24392.3,24396.1,24390.3,24391.7,1181187
1786605300,2026-08-13T12:45:00,24393.55,24393.55,24388.25,24390.15,1496742
1786605360,2026-08-13T12:46:00,24392.25,24392.25,24383.5,24384.5,1108411
1786605420,2026-08-13T12:47:00,24386.1,24386.1,24378.5,24379.95,901951
1786605480,2026-08-13T12:48:00,24380.6,24382.65,24375.65,24376.6,464056
1786605540,2026-08-13T12:49:00,24379.0,24379.0,24372.15,24372.4,447241
1786605600,2026-08-13T12:50:00,24373.85,24373.85,24368.55,24369.8,538846
1786605660,2026-08-13T12:51:00,24370.3,24370.3,24361.35,24365.05,756081
1786605720,2026-08-13T12:52:00,24366.2,24370.75,24365.0,24369.5,594799
1786605780,2026-08-13T12:53:00,24371.4,24372.6,24367.05,24368.85,929475
1786605840,2026-08-13T12:54:00,24370.35,24371.15,24366.2,24370.1,593355
1786605900,2026-08-13T12:55:00,24370.95,24370.95,24367.15,24369.25,463559
1786605960,2026-08-13T12:56:00,24370.7,24370.7,24364.7,24365.8,380760
1786606020,2026-08-13T12:57:00,24367.45,24367.45,24362.55,24363.1,369513
1786606080,2026-08-13T12:58:00,24365.5,24365.6,24361.4,24363.9,355200
1786606140,2026-08-13T12:59:00,24365.2,24369.15,24362.9,24369.15,470171
1786606200,2026-08-13T13:00:00,24370.15,24371.75,24368.0,24369.0,468486
1786606260,2026-08-13T13:01:00,24370.85,24371.65,24368.15,24368.65,455527
1786606320,2026-08-13T13:02:00,24371.2,24371.35,24367.7,24369.2,388315
1786606380,2026-08-13T13:03:00,24370.75,24370.8,24364.7,24367.15,381618
1786606440,2026-08-13T13:04:00,24368.0,24368.0,24360.55,24361.55,852783
1786606500,2026-08-13T13:05:00,24363.7,24365.85,24361.15,24363.7,493725
1786606560,2026-08-13T13:06:00,24365.55,24367.9,24363.25,24366.2,541704
1786606620,2026-08-13T13:07:00,24366.5,24366.7,24362.7,24364.8,505441
1786606680,2026-08-13T13:08:00,24365.4,24365.4,24361.95,24362.45,381589
1786606740,2026-08-13T13:09:00,24365.25,24369.35,24362.55,24367.15,706770
1786606800,2026-08-13T13:10:00,24368.75,24371.85,24365.7,24369.45,561151
1786606860,2026-08-13T13:11:00,24371.6,24371.6,24361.7,24363.7,626989
1786606920,2026-08-13T13:12:00,24365.25,24365.85,24355.65,24357.6,790770
1786606980,2026-08-13T13:13:00,24359.5,24360.35,24353.6,24357.1,1047420
1786607040,2026-08-13T13:14:00,24358.0,24363.9,24355.85,24362.25,650308
1786607100,2026-08-13T13:15:00,24364.6,24364.6,24348.9,24349.85,716641
1786607160,2026-08-13T13:16:00,24356.1,24357.7,24352.85,24356.55,414390
1786607220,2026-08-13T13:17:00,24358.7,24372.8,24357.75,24369.2,1151195
1786607280,2026-08-13T13:18:00,24370.4,24370.4,24356.35,24357.7,551219
1786607340,2026-08-13T13:19:00,24361.4,24361.4,24351.75,24355.25,875339
1786607400,2026-08-13T13:20:00,24357.3,24359.9,24355.0,24359.15,602295
1786607460,2026-08-13T13:21:00,24361.0,24365.0,24359.0,24363.25,395053
1786607520,2026-08-13T13:22:00,24365.55,24365.55,24358.15,24358.15,391043
1786607580,2026-08-13T13:23:00,24360.45,24360.45,24350.95,24352.3,592138
1786607640,2026-08-13T13:24:00,24354.2,24356.95,24351.65,24356.2,349212
1786607700,2026-08-13T13:25:00,24357.25,24357.25,24348.85,24351.6,369129
1786607760,2026-08-13T13:26:00,24353.35,24358.3,24351.35,24357.8,368061
1786607820,2026-08-13T13:27:00,24358.9,24361.45,24355.9,24359.0,355602
1786607880,2026-08-13T13:28:00,24361.3,24361.85,24357.2,24357.2,323313
1786607940,2026-08-13T13:29:00,24359.05,24359.05,24356.35,24356.75,323202
1786608000,2026-08-13T13:30:00,24358.55,24358.55,24351.95,24351.95,353703
1786608060,2026-08-13T13:31:00,24353.75,24357.1,24348.8,24356.2,360186
1786608120,2026-08-13T13:32:00,24357.25,24357.5,24352.55,24357.4,439409
1786608180,2026-08-13T13:33:00,24359.3,24362.75,24357.75,24358.85,484771
1786608240,2026-08-13T13:34:00,24360.15,24361.0,24350.65,24351.35,528225
1786608300,2026-08-13T13:35:00,24353.1,24358.95,24350.5,24355.3,546023
1786608360,2026-08-13T13:36:00,24357.2,24359.05,24354.85,24356.85,313827
1786608420,2026-08-13T13:37:00,24358.4,24361.5,24354.45,24359.4,605749
1786608480,2026-08-13T13:38:00,24361.4,24362.95,24357.95,24361.05,396360
1786608540,2026-08-13T13:39:00,24362.7,24364.8,24360.15,24363.45,332564
1786608600,2026-08-13T13:40:00,24365.35,24368.3,24363.95,24366.1,377899
1786608660,2026-08-13T13:41:00,24368.05,24369.45,24361.05,24368.45,429114
1786608720,2026-08-13T13:42:00,24370.55,24375.35,24368.35,24372.3,373504
1786608780,2026-08-13T13:43:00,24374.9,24383.85,24372.45,24379.95,428821
1786608840,2026-08-13T13:44:00,24383.0,24388.0,24380.0,24383.8,580161
1786608900,2026-08-13T13:45:00,24385.05,24385.05,24380.05,24381.6,404489
1786608960,2026-08-13T13:46:00,24383.3,24384.05,24379.5,24382.3,387162
1786609020,2026-08-13T13:47:00,24383.7,24395.1,24382.4,24390.5,865481
1786609080,2026-08-13T13:48:00,24391.45,24391.45,24374.15,24375.65,648368
1786609140,2026-08-13T13:49:00,24378.25,24380.8,24370.65,24377.35,912767
1786609200,2026-08-13T13:50:00,24381.35,24381.35,24374.55,24376.1,464501
1786609260,2026-08-13T13:51:00,24378.15,24381.2,24375.85,24380.3,494694
1786609320,2026-08-13T13:52:00,24380.65,24382.7,24377.7,24381.75,401247
1786609380,2026-08-13T13:53:00,24382.6,24383.4,24379.0,24382.3,344405
1786609440,2026-08-13T13:54:00,24383.7,24388.3,24380.85,24385.35,713938
1786609500,2026-08-13T13:55:00,24388.0,24393.2,24386.35,24390.95,564630
1786609560,2026-08-13T13:56:00,24394.55,24396.55,24390.35,24393.45,574833
1786609620,2026-08-13T13:57:00,24394.15,24394.15,24388.0,24391.55,893851
1786609680,2026-08-13T13:58:00,24393.2,24393.2,24385.25,24387.45,449098
1786609740,2026-08-13T13:59:00,24388.95,24396.2,24387.65,24394.15,594281
1786609800,2026-08-13T14:00:00,24395.5,24395.75,24382.25,24383.15,462633
1786609860,2026-08-13T14:01:00,24384.85,24384.85,24377.15,24379.6,743800
1786609920,2026-08-13T14:02:00,24380.3,24380.8,24376.0,24377.55,474550
1786609980,2026-08-13T14:03:00,24378.7,24379.9,24374.35,24376.0,433372
1786610040,2026-08-13T14:04:00,24378.25,24381.25,24375.8,24378.15,410828
1786610100,2026-08-13T14:05:00,24380.05,24382.4,24372.9,24373.7,420524
1786610160,2026-08-13T14:06:00,24376.25,24376.25,24369.4,24369.95,618086
1786610220,2026-08-13T14:07:00,24371.8,24371.85,24366.1,24366.3,346458
1786610280,2026-08-13T14:08:00,24367.6,24367.6,24359.3,24359.3,370071
1786610340,2026-08-13T14:09:00,24362.0,24362.0,24356.3,24359.0,642514
1786610400,2026-08-13T14:10:00,24360.65,24360.65,24356.45,24360.0,623320
1786610460,2026-08-13T14:11:00,24361.45,24363.9,24357.7,24358.7,421363
1786610520,2026-08-13T14:12:00,24360.2,24360.2,24354.45,24357.4,539633
1786610580,2026-08-13T14:13:00,24360.05,24360.55,24355.5,24355.7,319703
1786610640,2026-08-13T14:14:00,24358.35,24358.35,24353.15,24356.05,362941
1786610700,2026-08-13T14:15:00,24356.4,24358.85,24353.8,24357.65,327161
1786610760,2026-08-13T14:16:00,24359.35,24360.0,24356.45,24358.45,358674
1786610820,2026-08-13T14:17:00,24359.6,24359.6,24350.95,24351.6,486804
1786610880,2026-08-13T14:18:00,24352.15,24353.8,24349.2,24350.6,857175
1786610940,2026-08-13T14:19:00,24353.3,24363.9,24349.9,24360.8,916249
1786611000,2026-08-13T14:20:00,24363.1,24369.45,24362.4,24368.45,900585
1786611060,2026-08-13T14:21:00,24368.3,24373.5,24366.95,24373.1,619013
1786611120,2026-08-13T14:22:00,24373.95,24375.65,24370.15,24371.0,535756
1786611180,2026-08-13T14:23:00,24372.2,24375.5,24371.15,24373.05,424389
1786611240,2026-08-13T14:24:00,24374.6,24377.5,24372.1,24372.8,642688
1786611300,2026-08-13T14:25:00,24376.1,24376.15,24369.7,24369.7,482321
1786611360,2026-08-13T14:26:00,24373.6,24375.45,24368.85,24374.35,567283
1786611420,2026-08-13T14:27:00,24375.5,24377.2,24372.35,24375.5,448543
1786611480,2026-08-13T14:28:00,24376.8,24376.8,24368.1,24368.1,1633480
1786611540,2026-08-13T14:29:00,24372.4,24376.05,24366.1,24371.65,1361428
1786611600,2026-08-13T14:30:00,24373.5,24375.5,24368.7,24370.45,1208992
1786611660,2026-08-13T14:31:00,24372.5,24372.5,24363.95,24367.35,666855
1786611720,2026-08-13T14:32:00,24368.4,24368.6,24360.25,24361.45,618634
1786611780,2026-08-13T14:33:00,24364.15,24364.15,24358.8,24361.65,742023
1786611840,2026-08-13T14:34:00,24363.3,24363.65,24357.95,24361.1,741188
1786611900,2026-08-13T14:35:00,24363.65,24364.95,24360.2,24361.9,537446
1786611960,2026-08-13T14:36:00,24363.65,24363.65,24353.1,24358.2,922065
1786612020,2026-08-13T14:37:00,24360.6,24366.05,24358.15,24364.4,623770
1786612080,2026-08-13T14:38:00,24366.6,24367.35,24362.85,24364.8,506673
1786612140,2026-08-13T14:39:00,24366.75,24366.9,24364.1,24365.4,511193
1786612200,2026-08-13T14:40:00,24366.55,24371.2,24364.7,24368.6,626364
1786612260,2026-08-13T14:41:00,24370.85,24371.85,24366.85,24367.45,638686
1786612320,2026-08-13T14:42:00,24369.4,24370.25,24365.85,24366.1,589036
1786612380,2026-08-13T14:43:00,24368.15,24368.15,24363.7,24364.85,540798
1786612440,2026-08-13T14:44:00,24365.1,24365.25,24358.45,24359.85,647975
1786612500,2026-08-13T14:45:00,24362.45,24362.45,24355.75,24357.55,674377
1786612560,2026-08-13T14:46:00,24357.7,24359.85,24354.8,24359.35,513580
1786612620,2026-08-13T14:47:00,24359.6,24361.0,24353.5,24354.5,680093
1786612680,2026-08-13T14:48:00,24356.1,24356.1,24349.8,24353.7,523655
1786612740,2026-08-13T14:49:00,24354.4,24354.9,24350.0,24352.25,1037769
1786612800,2026-08-13T14:50:00,24354.75,24357.85,24351.0,24354.6,1102787
1786612860,2026-08-13T14:51:00,24355.4,24355.4,24348.6,24351.25,1506656
1786612920,2026-08-13T14:52:00,24353.65,24355.05,24350.95,24352.7,1256499
1786612980,2026-08-13T14:53:00,24353.25,24353.65,24347.6,24350.9,965285
1786613040,2026-08-13T14:54:00,24351.85,24353.65,24347.15,24351.9,980762
1786613100,2026-08-13T14:55:00,24353.65,24355.8,24350.6,24352.3,885500
1786613160,2026-08-13T14:56:00,24352.2,24352.6,24347.65,24348.35,667711
1786613220,2026-08-13T14:57:00,24349.5,24353.25,24346.85,24350.7,625282
1786613280,2026-08-13T14:58:00,24351.45,24351.6,24336.5,24337.05,2353364
1786613340,2026-08-13T14:59:00,24338.65,24348.55,24338.0,24344.45,1077913
1786613400,2026-08-13T15:00:00,24345.55,24345.7,24339.25,24342.45,1568367
1786613460,2026-08-13T15:01:00,24345.65,24353.1,24345.4,24352.65,1228493
1786613520,2026-08-13T15:02:00,24351.65,24360.5,24351.2,24357.9,1985514
1786613580,2026-08-13T15:03:00,24355.6,24360.1,24349.8,24356.65,1652499
1786613640,2026-08-13T15:04:00,24354.25,24360.25,24354.25,24356.95,1656647
1786613700,2026-08-13T15:05:00,24357.55,24357.55,24347.3,24348.2,2530201
1786613760,2026-08-13T15:06:00,24349.85,24350.45,24343.2,24344.75,2908916
1786613820,2026-08-13T15:07:00,24345.55,24352.7,24343.35,24352.3,1638850
1786613880,2026-08-13T15:08:00,24352.1,24355.2,24348.0,24352.9,1272911
1786613940,2026-08-13T15:09:00,24352.8,24354.4,24342.15,24347.75,1802983
1786614000,2026-08-13T15:10:00,24348.45,24359.35,24345.65,24357.25,2387795
1786614060,2026-08-13T15:11:00,24357.3,24358.25,24348.7,24349.85,1538099
1786614120,2026-08-13T15:12:00,24350.55,24352.85,24342.25,24351.9,3753724
1786614180,2026-08-13T15:13:00,24353.6,24364.5,24349.6,24362.0,1583941
1786614240,2026-08-13T15:14:00,24361.7,24364.4,24350.25,24352.7,811077
1786614300,2026-08-13T15:15:00,24353.35,24353.35,24353.35,24353.35,1722
1786614360,2026-08-13T15:16:00,24353.35,24353.35,24353.35,24353.35,1722
1786614420,2026-08-13T15:17:00,24353.35,24353.35,24353.35,24353.35,1722
1786614480,2026-08-13T15:18:00,24353.35,24353.35,24353.35,24353.35,1722
1786614540,2026-08-13T15:19:00,24353.35,24353.35,24353.35,24353.35,1722
1786614600,2026-08-13T15:20:00,24353.35,24353.35,24353.35,24353.35,1722
1786614660,2026-08-13T15:21:00,24353.35,24353.35,24353.35,24353.35,1722
1786614720,2026-08-13T15:22:00,24353.35,24353.35,24353.35,24353.35,1722
1786614780,2026-08-13T15:23:00,24353.35,24353.35,24353.35,24353.35,1722
1786614840,2026-08-13T15:24:00,24353.35,24353.35,24353.35,24353.35,1722
1786614900,2026-08-13T15:25:00,24353.35,24353.35,24353.35,24353.35,1722
1786614960,2026-08-13T15:26:00,24353.35,24353.35,24353.35,24353.35,1722
1786615020,2026-08-13T15:27:00,24353.35,24353.35,24353.35,24353.35,1722
1786615080,2026-08-13T15:28:00,24353.35,24353.35,24353.35,24353.35,1722
1786615140,2026-08-13T15:29:00,24353.35,24395.85,24353.35,24395.85,1722
1786679100,2026-08-14T09:15:00,24361.9,24365.0,24316.25,24327.75,4638104
1786679160,2026-08-14T09:16:00,24329.0,24333.1,24318.05,24331.8,2811981
1786679220,2026-08-14T09:17:00,24332.6,24332.6,24319.05,24322.1,1991299
1786679280,2026-08-14T09:18:00,24324.05,24327.7,24311.45,24318.75,2283475
1786679340,2026-08-14T09:19:00,24320.4,24325.3,24314.1,24322.7,1699077
1786679400,2026-08-14T09:20:00,24323.7,24324.4,24317.5,24319.0,1578294
1786679460,2026-08-14T09:21:00,24317.85,24323.9,24315.75,24322.6,1225214
1786679520,2026-08-14T09:22:00,24323.2,24326.25,24319.3,24322.05,1251386
1786679580,2026-08-14T09:23:00,24323.8,24328.7,24322.0,24328.65,1215835
1786679640,2026-08-14T09:24:00,24328.55,24335.9,24324.55,24324.85,3220903
1786679700,2026-08-14T09:25:00,24324.95,24325.75,24318.05,24325.35,945965
1786679760,2026-08-14T09:26:00,24324.85,24326.05,24320.7,24323.55,938918
1786679820,2026-08-14T09:27:00,24324.65,24324.95,24318.8,24320.65,825255
1786679880,2026-08-14T09:28:00,24321.9,24323.55,24317.25,24317.5,1642874
1786679940,2026-08-14T09:29:00,24318.0,24318.0,24307.2,24309.1,1593461
1786680000,2026-08-14T09:30:00,24309.45,24309.9,24304.7,24306.35,1288035
1786680060,2026-08-14T09:31:00,24307.4,24313.2,24304.3,24312.25,1249458
1786680120,2026-08-14T09:32:00,24312.15,24326.9,24311.85,24320.05,2141050
1786680180,2026-08-14T09:33:00,24320.6,24336.45,24319.0,24335.85,1434025
1786680240,2026-08-14T09:34:00,24336.7,24336.7,24324.0,24325.75,1213669
1786680300,2026-08-14T09:35:00,24327.45,24334.9,24326.45,24333.7,1424490
1786680360,2026-08-14T09:36:00,24333.95,24337.85,24332.65,24332.85,1509038
1786680420,2026-08-14T09:37:00,24332.6,24337.1,24329.3,24337.0,1519043
1786680480,2026-08-14T09:38:00,24337.3,24342.35,24337.3,24341.2,854977
1786680540,2026-08-14T09:39:00,24342.05,24345.2,24336.9,24337.65,995480
1786680600,2026-08-14T09:40:00,24338.45,24338.65,24332.95,24333.5,1737624
1786680660,2026-08-14T09:41:00,24335.25,24337.05,24328.85,24336.15,955683
1786680720,2026-08-14T09:42:00,24336.75,24338.25,24333.3,24334.7,904305
1786680780,2026-08-14T09:43:00,24334.9,24336.4,24329.3,24331.0,798534
1786680840,2026-08-14T09:44:00,24330.75,24332.75,24326.15,24332.05,714085
1786680900,2026-08-14T09:45:00,24332.9,24336.95,24331.85,24336.45,1031920
1786680960,2026-08-14T09:46:00,24336.85,24345.0,24336.2,24344.3,873142
1786681020,2026-08-14T09:47:00,24344.45,24346.8,24339.15,24343.1,1065558
1786681080,2026-08-14T09:48:00,24344.15,24345.3,24341.3,24343.8,1119201
1786681140,2026-08-14T09:49:00,24344.2,24344.4,24339.05,24341.6,1041699
1786681200,2026-08-14T09:50:00,24341.15,24345.2,24339.9,24343.25,968595
1786681260,2026-08-14T09:51:00,24340.05,24344.05,24338.75,24341.8,758400
1786681320,2026-08-14T09:52:00,24339.15,24342.55,24336.5,24338.2,561091
1786681380,2026-08-14T09:53:00,24336.45,24340.0,24330.4,24332.8,1062251
1786681440,2026-08-14T09:54:00,24330.8,24334.85,24324.2,24324.7,635434
1786681500,2026-08-14T09:55:00,24326.45,24332.35,24322.55,24330.8,934004
1786681560,2026-08-14T09:56:00,24331.8,24339.95,24330.8,24337.4,538431
1786681620,2026-08-14T09:57:00,24337.65,24339.1,24335.7,24337.65,495928
1786681680,2026-08-14T09:58:00,24337.95,24343.0,24335.0,24341.55,512099
1786681740,2026-08-14T09:59:00,24341.65,24344.85,24340.15,24343.55,891221
1786681800,2026-08-14T10:00:00,24343.55,24347.95,24342.5,24346.35,581330
1786681860,2026-08-14T10:01:00,24347.1,24347.3,24340.65,24344.7,639676
1786681920,2026-08-14T10:02:00,24345.05,24353.35,24343.75,24351.35,529451
1786681980,2026-08-14T10:03:00,24351.0,24353.45,24347.55,24347.55,697007
1786682040,2026-08-14T10:04:00,24347.4,24350.75,24344.2,24350.7,427604
1786682100,2026-08-14T10:05:00,24350.85,24351.8,24348.25,24350.1,321414
1786682160,2026-08-14T10:06:00,24349.7,24350.6,24343.2,24343.75,481348
1786682220,2026-08-14T10:07:00,24344.3,24353.1,24344.1,24352.85,454723
1786682280,2026-08-14T10:08:00,24352.45,24353.2,24348.7,24350.7,396126
1786682340,2026-08-14T10:09:00,24350.25,24355.15,24349.35,24355.15,1057669
1786682400,2026-08-14T10:10:00,24354.65,24358.95,24352.7,24358.2,872538
1786682460,2026-08-14T10:11:00,24358.6,24359.2,24352.3,24352.8,810437
1786682520,2026-08-14T10:12:00,24353.55,24353.65,24346.7,24347.2,1412282
1786682580,2026-08-14T10:13:00,24348.0,24348.1,24342.85,24344.1,1588013
1786682640,2026-08-14T10:14:00,24345.15,24347.1,24342.65,24345.45,876165
1786682700,2026-08-14T10:15:00,24345.15,24345.7,24342.55,24343.3,823641
1786682760,2026-08-14T10:16:00,24344.6,24345.1,24341.3,24342.8,591548
1786682820,2026-08-14T10:17:00,24343.9,24346.7,24340.95,24344.65,681799
1786682880,2026-08-14T10:18:00,24345.4,24347.0,24340.25,24340.25,935428
1786682940,2026-08-14T10:19:00,24341.6,24342.7,24336.2,24336.9,496126
1786683000,2026-08-14T10:20:00,24337.4,24341.1,24334.8,24335.5,435982
1786683060,2026-08-14T10:21:00,24338.2,24338.2,24332.95,24336.05,458117
1786683120,2026-08-14T10:22:00,24336.35,24337.95,24333.05,24334.45,397719
1786683180,2026-08-14T10:23:00,24335.55,24336.8,24332.3,24334.25,739244
1786683240,2026-08-14T10:24:00,24334.45,24335.2,24332.15,24334.05,634965
1786683300,2026-08-14T10:25:00,24334.85,24338.1,24333.45,24334.7,618757
1786683360,2026-08-14T10:26:00,24335.4,24335.85,24330.25,24332.65,520449
1786683420,2026-08-14T10:27:00,24332.25,24335.75,24331.35,24333.75,474530
1786683480,2026-08-14T10:28:00,24334.3,24335.6,24331.35,24331.95,422243
1786683540,2026-08-14T10:29:00,24332.6,24332.85,24329.55,24331.25,434467
1786683600,2026-08-14T10:30:00,24331.9,24332.25,24323.3,24323.75,899798
1786683660,2026-08-14T10:31:00,24324.7,24325.0,24309.55,24311.6,1038497
1786683720,2026-08-14T10:32:00,24312.9,24313.7,24296.8,24304.25,911405
1786683780,2026-08-14T10:33:00,24304.2,24306.25,24299.25,24303.6,1283737
1786683840,2026-08-14T10:34:00,24305.8,24309.75,24301.55,24309.25,1248862
1786683900,2026-08-14T10:35:00,24309.0,24315.25,24307.1,24314.85,735234
1786683960,2026-08-14T10:36:00,24315.5,24318.05,24312.5,24312.5,517705
1786684020,2026-08-14T10:37:00,24313.0,24316.3,24310.15,24314.5,565784
1786684080,2026-08-14T10:38:00,24315.65,24319.85,24315.3,24318.3,415390
1786684140,2026-08-14T10:39:00,24317.65,24321.8,24316.2,24321.75,360063
1786684200,2026-08-14T10:40:00,24322.2,24322.5,24318.45,24319.35,440871
1786684260,2026-08-14T10:41:00,24319.55,24322.3,24316.75,24321.85,693102
1786684320,2026-08-14T10:42:00,24322.8,24322.8,24319.05,24320.85,409085
1786684380,2026-08-14T10:43:00,24319.95,24322.55,24317.45,24321.25,712098
1786684440,2026-08-14T10:44:00,24322.75,24325.7,24320.8,24324.7,377860
1786684500,2026-08-14T10:45:00,24325.25,24327.35,24324.1,24326.55,752869
1786684560,2026-08-14T10:46:00,24328.2,24330.3,24325.75,24328.9,558047
1786684620,2026-08-14T10:47:00,24329.45,24331.6,24327.5,24329.2,625796
1786684680,2026-08-14T10:48:00,24330.1,24335.2,24329.25,24334.7,644745
1786684740,2026-08-14T10:49:00,24335.1,24335.2,24332.1,24333.8,585707
1786684800,2026-08-14T10:50:00,24334.35,24336.45,24331.2,24335.6,606215
1786684860,2026-08-14T10:51:00,24335.6,24338.7,24334.15,24336.2,610936
1786684920,2026-08-14T10:52:00,24336.65,24336.65,24332.95,24334.5,553914
1786684980,2026-08-14T10:53:00,24334.55,24338.65,24333.0,24336.3,450352
1786685040,2026-08-14T10:54:00,24337.7,24338.65,24334.85,24336.7,535955
1786685100,2026-08-14T10:55:00,24335.45,24337.75,24332.0,24332.55,934492
1786685160,2026-08-14T10:56:00,24333.0,24334.4,24330.4,24332.95,499291
1786685220,2026-08-14T10:57:00,24334.45,24334.45,24325.0,24326.45,537395
1786685280,2026-08-14T10:58:00,24326.65,24327.05,24318.5,24319.5,582386
1786685340,2026-08-14T10:59:00,24320.75,24320.75,24312.0,24312.2,855728
1786685400,2026-08-14T11:00:00,24313.05,24313.05,24306.4,24308.05,850174
1786685460,2026-08-14T11:01:00,24309.15,24312.35,24306.95,24307.95,989348
1786685520,2026-08-14T11:02:00,24308.8,24317.85,24307.95,24317.6,1158597
1786685580,2026-08-14T11:03:00,24318.05,24321.15,24315.85,24319.25,736976
1786685640,2026-08-14T11:04:00,24320.6,24322.35,24316.8,24320.85,703582
1786685700,2026-08-14T11:05:00,24321.95,24321.95,24315.95,24317.95,475311
1786685760,2026-08-14T11:06:00,24319.2,24319.75,24314.5,24317.2,399840
1786685820,2026-08-14T11:07:00,24316.75,24318.25,24314.05,24315.35,550779
1786685880,2026-08-14T11:08:00,24316.45,24316.95,24310.85,24311.85,828378
1786685940,2026-08-14T11:09:00,24312.15,24314.85,24309.35,24314.25,887862
1786686000,2026-08-14T11:10:00,24314.8,24318.55,24313.25,24317.55,770301
1786686060,2026-08-14T11:11:00,24318.25,24318.25,24312.95,24316.3,408788
1786686120,2026-08-14T11:12:00,24316.95,24317.7,24311.7,24313.9,484607
1786686180,2026-08-14T11:13:00,24315.0,24316.5,24312.6,24313.7,324653
1786686240,2026-08-14T11:14:00,24314.1,24316.65,24312.65,24315.0,452310
1786686300,2026-08-14T11:15:00,24315.5,24318.55,24313.95,24318.1,504043
1786686360,2026-08-14T11:16:00,24318.85,24322.65,24317.2,24319.95,444846
1786686420,2026-08-14T11:17:00,24319.65,24321.95,24317.3,24321.7,478360
1786686480,2026-08-14T11:18:00,24321.8,24324.9,24319.65,24324.3,1094512
1786686540,2026-08-14T11:19:00,24324.0,24329.95,24322.7,24327.85,467586
1786686600,2026-08-14T11:20:00,24328.45,24328.7,24326.55,24327.8,384137
1786686660,2026-08-14T11:21:00,24328.4,24332.25,24326.4,24330.25,953209
1786686720,2026-08-14T11:22:00,24331.35,24331.8,24322.95,24327.85,622585
1786686780,2026-08-14T11:23:00,24328.05,24329.8,24324.95,24326.1,632925
1786686840,2026-08-14T11:24:00,24327.7,24329.65,24324.45,24327.7,592528
1786686900,2026-08-14T11:25:00,24328.25,24329.85,24325.5,24326.95,548957
1786686960,2026-08-14T11:26:00,24327.3,24327.45,24318.3,24319.4,785647
1786687020,2026-08-14T11:27:00,24322.15,24323.4,24319.05,24320.55,914341
1786687080,2026-08-14T11:28:00,24321.35,24321.35,24316.4,24317.0,624413
1786687140,2026-08-14T11:29:00,24317.3,24319.35,24313.45,24315.8,444607
1786687200,2026-08-14T11:30:00,24315.7,24316.35,24309.4,24311.35,539402
1786687260,2026-08-14T11:31:00,24312.45,24317.35,24311.95,24315.8,255933
1786687320,2026-08-14T11:32:00,24316.6,24316.9,24312.3,24315.7,534151
1786687380,2026-08-14T11:33:00,24316.2,24321.8,24315.1,24321.2,630970
1786687440,2026-08-14T11:34:00,24320.6,24321.4,24315.6,24318.75,692518
1786687500,2026-08-14T11:35:00,24318.45,24320.15,24315.65,24319.15,363294
1786687560,2026-08-14T11:36:00,24320.0,24320.65,24316.55,24317.0,526458
1786687620,2026-08-14T11:37:00,24317.5,24317.5,24312.35,24313.7,412482
1786687680,2026-08-14T11:38:00,24313.9,24316.4,24312.55,24314.7,533148
1786687740,2026-08-14T11:39:00,24314.85,24322.35,24314.3,24320.45,601489
1786687800,2026-08-14T11:40:00,24322.2,24324.0,24319.3,24323.65,550035
1786687860,2026-08-14T11:41:00,24322.45,24325.65,24320.95,24321.25,462609
1786687920,2026-08-14T11:42:00,24322.0,24323.6,24319.85,24322.0,451777
1786687980,2026-08-14T11:43:00,24322.8,24327.25,24322.8,24326.1,703185
1786688040,2026-08-14T11:44:00,24327.2,24330.7,24326.15,24327.7,679739
1786688100,2026-08-14T11:45:00,24328.0,24329.95,24325.25,24328.55,599044
1786688160,2026-08-14T11:46:00,24329.45,24336.95,24328.45,24335.35,484767
1786688220,2026-08-14T11:47:00,24336.2,24336.35,24330.55,24332.15,464833
1786688280,2026-08-14T11:48:00,24332.4,24333.25,24326.95,24329.25,516459
1786688340,2026-08-14T11:49:00,24329.05,24329.5,24325.55,24326.95,677571
1786688400,2026-08-14T11:50:00,24327.65,24330.0,24325.2,24329.1,680115
1786688460,2026-08-14T11:51:00,24329.65,24330.2,24326.75,24329.15,550302
1786688520,2026-08-14T11:52:00,24330.15,24332.35,24327.5,24331.85,568234
1786688580,2026-08-14T11:53:00,24332.3,24336.25,24331.0,24335.0,553579
1786688640,2026-08-14T11:54:00,24333.25,24336.1,24328.25,24329.75,883107
1786688700,2026-08-14T11:55:00,24330.55,24333.35,24328.85,24332.4,491012
1786688760,2026-08-14T11:56:00,24333.2,24333.6,24328.2,24328.6,431416
1786688820,2026-08-14T11:57:00,24329.4,24329.4,24321.95,24325.65,395295
1786688880,2026-08-14T11:58:00,24326.65,24328.35,24324.55,24327.3,352241
1786688940,2026-08-14T11:59:00,24328.05,24330.6,24325.85,24326.9,359343
1786689000,2026-08-14T12:00:00,24328.2,24329.65,24324.35,24326.05,550302
1786689060,2026-08-14T12:01:00,24326.5,24326.5,24321.95,24321.95,825100
1786689120,2026-08-14T12:02:00,24323.1,24325.35,24320.35,24323.75,480642
1786689180,2026-08-14T12:03:00,24325.25,24325.6,24321.05,24322.95,530623
1786689240,2026-08-14T12:04:00,24323.45,24323.6,24319.25,24321.7,837967
1786689300,2026-08-14T12:05:00,24321.9,24327.95,24321.45,24326.75,1130744
1786689360,2026-08-14T12:06:00,24327.85,24335.0,24326.55,24332.6,1143515
1786689420,2026-08-14T12:07:00,24334.25,24340.65,24331.5,24337.95,428923
1786689480,2026-08-14T12:08:00,24338.35,24338.85,24334.55,24335.7,577337
1786689540,2026-08-14T12:09:00,24336.25,24337.9,24333.35,24335.35,452332
1786689600,2026-08-14T12:10:00,24335.75,24339.7,24335.1,24339.7,348406
1786689660,2026-08-14T12:11:00,24339.7,24343.7,24337.25,24341.5,813194
1786689720,2026-08-14T12:12:00,24342.65,24345.55,24338.1,24340.65,349772
1786689780,2026-08-14T12:13:00,24340.75,24342.55,24338.75,24340.3,386218
1786689840,2026-08-14T12:14:00,24340.8,24342.4,24338.65,24341.45,515404
1786689900,2026-08-14T12:15:00,24342.0,24344.0,24339.9,24342.8,377316
1786689960,2026-08-14T12:16:00,24342.9,24343.7,24340.95,24342.75,460529
1786690020,2026-08-14T12:17:00,24343.15,24344.55,24341.45,24343.1,315217
1786690080,2026-08-14T12:18:00,24344.2,24346.45,24342.8,24345.6,392946
1786690140,2026-08-14T12:19:00,24346.15,24349.25,24343.9,24349.0,313663
1786690200,2026-08-14T12:20:00,24349.3,24349.6,24345.7,24347.25,257708
1786690260,2026-08-14T12:21:00,24348.05,24349.85,24345.9,24346.7,516404
1786690320,2026-08-14T12:22:00,24347.1,24350.7,24345.5,24349.35,425347
1786690380,2026-08-14T12:23:00,24349.25,24351.95,24347.65,24349.15,262596
1786690440,2026-08-14T12:24:00,24349.45,24354.0,24348.3,24351.65,434292
1786690500,2026-08-14T12:25:00,24353.75,24354.65,24348.1,24349.4,289935
1786690560,2026-08-14T12:26:00,24350.15,24350.15,24343.55,24345.45,327582
1786690620,2026-08-14T12:27:00,24345.75,24348.45,24343.25,24345.85,358057
1786690680,2026-08-14T12:28:00,24346.55,24350.95,24344.9,24345.8,597639
1786690740,2026-08-14T12:29:00,24346.75,24349.0,24344.65,24347.3,223440
1786690800,2026-08-14T12:30:00,24346.8,24347.95,24344.05,24345.55,242476
1786690860,2026-08-14T12:31:00,24346.3,24347.1,24340.9,24341.9,268461
1786690920,2026-08-14T12:32:00,24342.4,24344.5,24340.15,24340.45,642024
1786690980,2026-08-14T12:33:00,24342.0,24345.45,24340.0,24344.6,271326
1786691040,2026-08-14T12:34:00,24344.85,24346.75,24342.65,24344.5,339501
1786691100,2026-08-14T12:35:00,24344.1,24346.05,24341.55,24344.75,410817
1786691160,2026-08-14T12:36:00,24344.85,24346.8,24339.65,24339.65,492100
1786691220,2026-08-14T12:37:00,24340.55,24343.4,24338.85,24342.8,568852
1786691280,2026-08-14T12:38:00,24343.65,24345.15,24341.25,24344.7,381198
1786691340,2026-08-14T12:39:00,24344.7,24346.25,24340.9,24340.9,402304
1786691400,2026-08-14T12:40:00,24342.0,24346.1,24340.45,24342.65,524078
1786691460,2026-08-14T12:41:00,24342.45,24344.2,24336.75,24337.75,638441
1786691520,2026-08-14T12:42:00,24338.7,24338.7,24333.65,24334.3,436728
1786691580,2026-08-14T12:43:00,24335.75,24339.5,24333.45,24336.8,488161
1786691640,2026-08-14T12:44:00,24337.0,24338.85,24334.5,24335.85,500346
1786691700,2026-08-14T12:45:00,24336.65,24340.2,24334.8,24335.65,266750
1786691760,2026-08-14T12:46:00,24336.45,24341.3,24335.65,24337.7,419727
1786691820,2026-08-14T12:47:00,24337.6,24341.1,24336.65,24338.9,610560
1786691880,2026-08-14T12:48:00,24338.2,24347.35,24337.35,24344.35,623125
1786691940,2026-08-14T12:49:00,24344.1,24347.7,24342.6,24345.3,338867
1786692000,2026-08-14T12:50:00,24345.45,24349.35,24343.7,24348.6,330466
1786692060,2026-08-14T12:51:00,24348.25,24351.35,24347.35,24348.65,451569
1786692120,2026-08-14T12:52:00,24348.85,24352.25,24347.15,24348.6,431037
1786692180,2026-08-14T12:53:00,24349.15,24352.6,24347.4,24348.45,447249
1786692240,2026-08-14T12:54:00,24348.45,24353.3,24348.05,24350.7,431528
1786692300,2026-08-14T12:55:00,24349.9,24351.6,24347.4,24348.15,339609
1786692360,2026-08-14T12:56:00,24348.6,24351.25,24347.95,24349.0,889714
1786692420,2026-08-14T12:57:00,24349.5,24352.0,24347.1,24349.35,283774
1786692480,2026-08-14T12:58:00,24349.6,24350.15,24344.4,24345.65,324816
1786692540,2026-08-14T12:59:00,24345.65,24349.8,24344.15,24349.55,275227
1786692600,2026-08-14T13:00:00,24349.4,24352.15,24347.65,24347.85,327331
1786692660,2026-08-14T13:01:00,24348.2,24349.85,24345.45,24346.65,391093
1786692720,2026-08-14T13:02:00,24346.6,24349.0,24345.25,24348.0,308301
1786692780,2026-08-14T13:03:00,24348.55,24348.55,24345.25,24345.75,541930
1786692840,2026-08-14T13:04:00,24346.75,24347.7,24343.95,24344.9,489267
1786692900,2026-08-14T13:05:00,24345.15,24347.35,24343.15,24345.15,341206
1786692960,2026-08-14T13:06:00,24345.2,24346.65,24343.25,24344.0,568091
1786693020,2026-08-14T13:07:00,24343.75,24345.45,24340.75,24342.0,771660
1786693080,2026-08-14T13:08:00,24342.25,24343.7,24340.45,24342.55,366140
1786693140,2026-08-14T13:09:00,24341.7,24344.2,24341.05,24342.0,427225
1786693200,2026-08-14T13:10:00,24341.8,24346.05,24341.6,24343.8,442038
1786693260,2026-08-14T13:11:00,24343.95,24344.35,24340.75,24344.3,645253
1786693320,2026-08-14T13:12:00,24343.65,24345.05,24341.3,24343.3,695996
1786693380,2026-08-14T13:13:00,24343.5,24347.15,24342.8,24345.65,404149
1786693440,2026-08-14T13:14:00,24345.15,24348.35,24343.6,24346.85,350795
1786693500,2026-08-14T13:15:00,24347.0,24348.8,24345.1,24345.8,385718
1786693560,2026-08-14T13:16:00,24346.2,24347.1,24339.45,24340.95,809953
1786693620,2026-08-14T13:17:00,24341.15,24345.95,24339.45,24344.0,356437
1786693680,2026-08-14T13:18:00,24344.95,24347.1,24341.7,24345.7,470199
1786693740,2026-08-14T13:19:00,24345.75,24346.05,24342.1,24343.75,307820
1786693800,2026-08-14T13:20:00,24344.2,24345.6,24341.7,24344.2,419707
1786693860,2026-08-14T13:21:00,24344.0,24348.1,24342.95,24344.8,316750
1786693920,2026-08-14T13:22:00,24344.8,24346.5,24343.0,24343.9,376618
1786693980,2026-08-14T13:23:00,24343.1,24345.0,24341.7,24342.9,459169
1786694040,2026-08-14T13:24:00,24343.2,24346.25,24342.35,24343.75,948729
1786694100,2026-08-14T13:25:00,24343.5,24344.7,24338.6,24339.1,507252
1786694160,2026-08-14T13:26:00,24339.3,24340.85,24337.3,24338.6,300271
1786694220,2026-08-14T13:27:00,24338.5,24340.95,24337.5,24339.2,314781
1786694280,2026-08-14T13:28:00,24339.0,24342.3,24338.05,24341.95,391138
1786694340,2026-08-14T13:29:00,24342.0,24344.1,24339.85,24340.55,322425
1786694400,2026-08-14T13:30:00,24340.2,24341.65,24337.5,24338.95,388438
1786694460,2026-08-14T13:31:00,24338.55,24341.55,24337.05,24338.2,574161
1786694520,2026-08-14T13:32:00,24338.35,24339.2,24333.3,24334.3,346444
1786694580,2026-08-14T13:33:00,24334.55,24335.55,24332.0,24332.85,290803
1786694640,2026-08-14T13:34:00,24333.8,24334.4,24328.35,24330.05,826604
1786694700,2026-08-14T13:35:00,24329.75,24331.15,24327.35,24329.0,1011287
1786694760,2026-08-14T13:36:00,24328.9,24331.2,24328.15,24330.5,429473
1786694820,2026-08-14T13:37:00,24329.95,24335.15,24329.85,24334.0,633266
1786694880,2026-08-14T13:38:00,24333.4,24340.25,24333.0,24339.65,638668
1786694940,2026-08-14T13:39:00,24340.1,24349.5,24339.6,24348.3,586728
1786695000,2026-08-14T13:40:00,24348.7,24352.95,24348.2,24352.4,718266
1786695060,2026-08-14T13:41:00,24352.2,24353.4,24349.85,24350.7,466916
1786695120,2026-08-14T13:42:00,24350.35,24353.4,24350.15,24352.05,330484
1786695180,2026-08-14T13:43:00,24351.8,24357.2,24351.8,24355.85,559728
1786695240,2026-08-14T13:44:00,24356.15,24358.3,24355.15,24357.35,456316
1786695300,2026-08-14T13:45:00,24357.4,24385.2,24356.8,24383.55,1841526
1786695360,2026-08-14T13:46:00,24383.4,24391.1,24383.4,24388.75,693015
1786695420,2026-08-14T13:47:00,24389.2,24389.65,24378.45,24379.5,557555
1786695480,2026-08-14T13:48:00,24379.75,24381.45,24376.75,24377.6,514051
1786695540,2026-08-14T13:49:00,24377.45,24385.2,24377.45,24383.7,470290
1786695600,2026-08-14T13:50:00,24383.7,24388.65,24383.5,24387.65,712261
1786695660,2026-08-14T13:51:00,24387.65,24389.1,24382.4,24383.05,513081
1786695720,2026-08-14T13:52:00,24383.9,24384.7,24380.4,24383.55,599469
1786695780,2026-08-14T13:53:00,24383.7,24387.1,24382.8,24384.85,344519
1786695840,2026-08-14T13:54:00,24385.05,24389.1,24384.5,24385.6,433677
1786695900,2026-08-14T13:55:00,24386.4,24388.5,24383.1,24383.1,353415
1786695960,2026-08-14T13:56:00,24383.45,24385.75,24381.6,24382.8,951156
1786696020,2026-08-14T13:57:00,24383.7,24390.6,24383.45,24388.2,427485
1786696080,2026-08-14T13:58:00,24389.15,24395.1,24389.15,24392.6,536262
1786696140,2026-08-14T13:59:00,24392.05,24397.85,24392.05,24395.0,508062
1786696200,2026-08-14T14:00:00,24395.0,24399.45,24394.15,24396.3,514478
1786696260,2026-08-14T14:01:00,24396.8,24402.2,24396.25,24401.05,655355
1786696320,2026-08-14T14:02:00,24400.85,24405.2,24400.4,24402.05,762491
1786696380,2026-08-14T14:03:00,24402.75,24405.2,24399.3,24399.4,549525
1786696440,2026-08-14T14:04:00,24400.35,24400.85,24393.0,24395.55,606386
1786696500,2026-08-14T14:05:00,24395.9,24398.8,24395.3,24396.3,642316
1786696560,2026-08-14T14:06:00,24395.7,24396.0,24387.35,24393.35,836882
1786696620,2026-08-14T14:07:00,24393.75,24394.35,24390.5,24391.35,684616
1786696680,2026-08-14T14:08:00,24391.9,24392.7,24388.45,24390.85,727455
1786696740,2026-08-14T14:09:00,24391.35,24393.7,24389.7,24389.95,426064
1786696800,2026-08-14T14:10:00,24390.5,24392.05,24387.5,24390.45,415758
1786696860,2026-08-14T14:11:00,24389.7,24390.2,24386.2,24387.4,509439
1786696920,2026-08-14T14:12:00,24387.05,24389.85,24382.8,24385.85,393906
1786696980,2026-08-14T14:13:00,24385.6,24388.7,24384.7,24386.85,451746
1786697040,2026-08-14T14:14:00,24386.75,24387.15,24382.5,24383.55,332434
1786697100,2026-08-14T14:15:00,24383.2,24386.35,24381.6,24384.45,444624
1786697160,2026-08-14T14:16:00,24384.4,24389.0,24383.35,24389.0,334614
1786697220,2026-08-14T14:17:00,24388.15,24389.2,24384.3,24384.75,697036
1786697280,2026-08-14T14:18:00,24385.4,24385.75,24381.25,24382.8,432269
1786697340,2026-08-14T14:19:00,24382.75,24383.35,24378.65,24379.95,484584
1786697400,2026-08-14T14:20:00,24378.7,24381.0,24376.95,24378.6,461865
1786697460,2026-08-14T14:21:00,24378.6,24380.4,24374.05,24375.25,650175
1786697520,2026-08-14T14:22:00,24376.4,24377.75,24372.8,24373.55,533007
1786697580,2026-08-14T14:23:00,24373.95,24377.1,24372.8,24376.2,393453
1786697640,2026-08-14T14:24:00,24376.3,24378.25,24374.2,24376.9,327781
1786697700,2026-08-14T14:25:00,24377.3,24379.2,24375.55,24377.05,347964
1786697760,2026-08-14T14:26:00,24377.9,24378.5,24374.2,24376.4,449089
1786697820,2026-08-14T14:27:00,24376.7,24377.2,24370.3,24371.45,572645
1786697880,2026-08-14T14:28:00,24371.4,24374.25,24369.65,24373.0,382908
1786697940,2026-08-14T14:29:00,24373.65,24374.45,24370.4,24371.6,618542
1786698000,2026-08-14T14:30:00,24372.6,24373.45,24367.55,24371.3,586326
1786698060,2026-08-14T14:31:00,24371.75,24374.85,24369.55,24372.85,609737
1786698120,2026-08-14T14:32:00,24372.45,24375.0,24370.2,24372.6,625413
1786698180,2026-08-14T14:33:00,24373.8,24373.9,24370.1,24370.85,657013
1786698240,2026-08-14T14:34:00,24371.1,24372.5,24369.25,24371.6,429979
1786698300,2026-08-14T14:35:00,24371.95,24372.7,24369.1,24370.5,564153
1786698360,2026-08-14T14:36:00,24370.6,24373.5,24369.25,24372.95,422890
1786698420,2026-08-14T14:37:00,24373.3,24373.5,24366.4,24368.0,738507
1786698480,2026-08-14T14:38:00,24368.0,24372.3,24367.45,24370.55,789792
1786698540,2026-08-14T14:39:00,24370.75,24371.2,24368.0,24369.35,631354
1786698600,2026-08-14T14:40:00,24369.35,24373.1,24368.4,24371.85,714364
1786698660,2026-08-14T14:41:00,24371.55,24373.75,24370.1,24372.1,940415
1786698720,2026-08-14T14:42:00,24372.2,24373.8,24371.0,24372.9,754587
1786698780,2026-08-14T14:43:00,24373.0,24373.85,24370.35,24371.05,828436
1786698840,2026-08-14T14:44:00,24371.85,24372.2,24368.6,24369.45,1064991
1786698900,2026-08-14T14:45:00,24370.0,24374.15,24368.25,24371.45,878459
1786698960,2026-08-14T14:46:00,24371.1,24373.15,24367.9,24368.85,791987
1786699020,2026-08-14T14:47:00,24367.3,24369.3,24365.5,24366.25,580760
1786699080,2026-08-14T14:48:00,24365.05,24367.8,24364.9,24366.65,540680
1786699140,2026-08-14T14:49:00,24365.75,24368.0,24364.75,24366.8,594119
1786699200,2026-08-14T14:50:00,24365.65,24371.05,24365.65,24370.35,697489
1786699260,2026-08-14T14:51:00,24367.85,24379.65,24367.4,24377.5,1827311
1786699320,2026-08-14T14:52:00,24376.0,24380.9,24376.0,24380.55,889892
1786699380,2026-08-14T14:53:00,24379.55,24382.05,24377.05,24379.1,772595
1786699440,2026-08-14T14:54:00,24377.55,24383.4,24377.45,24382.4,1387843
1786699500,2026-08-14T14:55:00,24380.9,24384.4,24378.5,24380.95,832655
1786699560,2026-08-14T14:56:00,24378.7,24383.4,24378.7,24381.05,692235
1786699620,2026-08-14T14:57:00,24379.25,24383.1,24379.25,24381.8,671195
1786699680,2026-08-14T14:58:00,24379.35,24382.4,24375.6,24377.75,825879
1786699740,2026-08-14T14:59:00,24376.4,24378.25,24373.4,24374.6,1015341
1786699800,2026-08-14T15:00:00,24374.25,24379.0,24370.7,24377.3,1457520
1786699860,2026-08-14T15:01:00,24378.1,24381.45,24376.3,24381.2,1387341
1786699920,2026-08-14T15:02:00,24381.7,24382.25,24378.8,24379.65,1184899
1786699980,2026-08-14T15:03:00,24379.75,24381.45,24377.15,24377.7,1373285
1786700040,2026-08-14T15:04:00,24378.05,24378.35,24374.65,24375.45,1254260
1786700100,2026-08-14T15:05:00,24375.75,24376.05,24370.55,24374.4,2417957
1786700160,2026-08-14T15:06:00,24375.2,24375.85,24368.25,24371.6,2597720
1786700220,2026-08-14T15:07:00,24371.15,24375.35,24370.15,24374.25,1317946
1786700280,2026-08-14T15:08:00,24373.1,24377.45,24372.95,24375.1,1164771
1786700340,2026-08-14T15:09:00,24375.45,24376.05,24368.3,24371.05,1552208
1786700400,2026-08-14T15:10:00,24371.15,24373.1,24370.5,24371.7,1840445
1786700460,2026-08-14T15:11:00,24370.7,24372.75,24368.8,24370.7,1769726
1786700520,2026-08-14T15:12:00,24369.75,24375.2,24365.3,24370.2,2933753
1786700580,2026-08-14T15:13:00,24368.7,24374.35,24364.55,24370.15,1760690
1786700640,2026-08-14T15:14:00,24367.0,24372.25,24354.45,24354.45,1270892
1786700700,2026-08-14T15:15:00,24354.85,24354.85,24354.85,24354.85,379
1786700760,2026-08-14T15:16:00,24354.85,24354.85,24354.85,24354.85,379
1786700820,2026-08-14T15:17:00,24354.85,24354.85,24354.85,24354.85,379
1786700880,2026-08-14T15:18:00,24354.85,24354.85,24354.85,24354.85,379
1786700940,2026-08-14T15:19:00,24354.85,24354.85,24354.85,24354.85,379
1786701000,2026-08-14T15:20:00,24354.85,24354.85,24354.85,24354.85,379
1786701060,2026-08-14T15:21:00,24354.85,24354.85,24354.85,24354.85,379
1786701120,2026-08-14T15:22:00,24354.85,24354.85,24354.85,24354.85,379
1786701180,2026-08-14T15:23:00,24354.85,24354.85,24354.85,24354.85,379
1786701240,2026-08-14T15:24:00,24354.85,24354.85,24354.85,24354.85,379
1786701300,2026-08-14T15:25:00,24354.85,24354.85,24354.85,24354.85,379
1786701360,2026-08-14T15:26:00,24354.85,24354.85,24354.85,24354.85,379
1786701420,2026-08-14T15:27:00,24354.85,24354.85,24354.85,24354.85,379
1786701480,2026-08-14T15:28:00,24354.85,24366.0,24354.85,24366.0,379
1786701540,2026-08-14T15:29:00,24366.0,24366.0,24366.0,24366.0,379
1786938300,2026-08-17T09:15:00,24343.45,24357.6,24295.85,24307.95,2950151
1786938360,2026-08-17T09:16:00,24305.9,24305.9,24294.1,24295.3,2064130
1786938420,2026-08-17T09:17:00,24295.1,24301.2,24292.35,24293.2,1599642
1786938480,2026-08-17T09:18:00,24293.0,24297.95,24282.8,24295.2,1336681
1786938540,2026-08-17T09:19:00,24295.6,24307.3,24291.8,24306.05,1293204
1786938600,2026-08-17T09:20:00,24305.25,24306.7,24294.45,24305.95,1117556
1786938660,2026-08-17T09:21:00,24305.7,24310.2,24301.95,24303.45,901785
1786938720,2026-08-17T09:22:00,24302.45,24303.3,24294.45,24299.05,856556
1786938780,2026-08-17T09:23:00,24298.0,24307.2,24293.25,24306.1,1185910
1786938840,2026-08-17T09:24:00,24306.25,24310.0,24298.75,24303.1,882387
1786938900,2026-08-17T09:25:00,24302.85,24307.45,24296.65,24306.65,965940
1786938960,2026-08-17T09:26:00,24306.75,24311.95,24306.15,24311.75,1344892
1786939020,2026-08-17T09:27:00,24311.8,24312.4,24299.05,24299.3,988501
1786939080,2026-08-17T09:28:00,24300.2,24305.45,24298.6,24301.35,769395
1786939140,2026-08-17T09:29:00,24300.65,24310.15,24300.65,24306.05,1317040
1786939200,2026-08-17T09:30:00,24306.5,24307.75,24294.85,24295.85,863119
1786939260,2026-08-17T09:31:00,24294.95,24300.15,24291.95,24294.3,1120042
1786939320,2026-08-17T09:32:00,24293.7,24295.5,24286.35,24286.35,987410
1786939380,2026-08-17T09:33:00,24286.6,24288.45,24280.85,24283.75,671121
1786939440,2026-08-17T09:34:00,24283.7,24288.05,24283.0,24287.1,732420
1786939500,2026-08-17T09:35:00,24286.5,24294.3,24286.5,24290.25,626196
1786939560,2026-08-17T09:36:00,24291.35,24296.6,24289.15,24293.9,533731
1786939620,2026-08-17T09:37:00,24293.65,24299.6,24290.2,24299.1,558098
1786939680,2026-08-17T09:38:00,24298.3,24302.9,24297.55,24300.15,864161
1786939740,2026-08-17T09:39:00,24299.25,24300.65,24291.05,24293.15,641318
1786939800,2026-08-17T09:40:00,24294.0,24300.4,24293.2,24299.05,676012
1786939860,2026-08-17T09:41:00,24299.1,24308.1,24299.1,24308.0,711821
1786939920,2026-08-17T09:42:00,24307.6,24312.45,24301.8,24301.8,594752
1786939980,2026-08-17T09:43:00,24302.15,24308.25,24300.8,24302.7,564452
1786940040,2026-08-17T09:44:00,24304.05,24305.35,24300.8,24301.35,538346
1786940100,2026-08-17T09:45:00,24301.8,24304.45,24298.95,24302.4,539242
1786940160,2026-08-17T09:46:00,24302.05,24304.65,24297.9,24300.25,507766
1786940220,2026-08-17T09:47:00,24300.15,24301.25,24296.05,24297.4,462456
1786940280,2026-08-17T09:48:00,24297.75,24302.95,24296.5,24302.15,397257
1786940340,2026-08-17T09:49:00,24302.0,24307.0,24301.05,24305.15,477197
1786940400,2026-08-17T09:50:00,24305.05,24309.25,24303.15,24306.6,432337
1786940460,2026-08-17T09:51:00,24306.75,24309.1,24302.95,24306.3,753772
1786940520,2026-08-17T09:52:00,24306.65,24308.95,24303.5,24304.55,566205
1786940580,2026-08-17T09:53:00,24304.7,24305.8,24299.85,24302.4,484096
1786940640,2026-08-17T09:54:00,24302.0,24302.6,24295.45,24300.15,559419
1786940700,2026-08-17T09:55:00,24300.35,24301.7,24297.75,24299.55,456378
1786940760,2026-08-17T09:56:00,24299.4,24300.85,24291.95,24292.2,786983
1786940820,2026-08-17T09:57:00,24293.4,24295.45,24291.8,24293.5,1244652
1786940880,2026-08-17T09:58:00,24293.7,24295.5,24288.6,24289.25,381201
1786940940,2026-08-17T09:59:00,24288.9,24291.05,24283.85,24283.95,512579
1786941000,2026-08-17T10:00:00,24284.85,24287.05,24283.65,24286.2,644379
1786941060,2026-08-17T10:01:00,24285.25,24294.05,24284.6,24292.9,548254
1786941120,2026-08-17T10:02:00,24293.55,24295.65,24290.35,24291.25,439195
1786941180,2026-08-17T10:03:00,24290.8,24293.0,24287.15,24288.6,1057102
1786941240,2026-08-17T10:04:00,24288.95,24292.45,24285.6,24291.3,410072
1786941300,2026-08-17T10:05:00,24290.35,24294.05,24288.45,24291.45,534103
1786941360,2026-08-17T10:06:00,24287.5,24294.15,24287.5,24293.45,630750
1786941420,2026-08-17T10:07:00,24293.5,24295.05,24288.3,24288.45,497577
1786941480,2026-08-17T10:08:00,24288.05,24292.0,24286.5,24290.5,483218
1786941540,2026-08-17T10:09:00,24290.65,24293.35,24288.55,24291.3,420297
1786941600,2026-08-17T10:10:00,24291.7,24292.4,24286.95,24287.8,366206
1786941660,2026-08-17T10:11:00,24287.65,24290.1,24279.75,24279.9,434688
1786941720,2026-08-17T10:12:00,24279.85,24282.1,24276.85,24279.05,338541
1786941780,2026-08-17T10:13:00,24278.8,24282.35,24277.55,24280.75,365054
1786941840,2026-08-17T10:14:00,24280.45,24283.8,24277.4,24281.45,264074
1786941900,2026-08-17T10:15:00,24281.0,24283.8,24280.05,24281.7,344820
1786941960,2026-08-17T10:16:00,24281.25,24283.9,24280.15,24281.2,423294
1786942020,2026-08-17T10:17:00,24281.1,24282.65,24263.8,24266.25,617932
1786942080,2026-08-17T10:18:00,24266.85,24268.7,24259.4,24261.2,499066
1786942140,2026-08-17T10:19:00,24260.95,24265.35,24259.9,24264.25,356100
1786942200,2026-08-17T10:20:00,24264.15,24264.7,24260.7,24261.95,358650
1786942260,2026-08-17T10:21:00,24262.65,24263.0,24257.0,24258.7,239579
1786942320,2026-08-17T10:22:00,24258.55,24262.55,24258.0,24259.4,266460
1786942380,2026-08-17T10:23:00,24259.9,24260.6,24255.75,24257.85,273131
1786942440,2026-08-17T10:24:00,24257.9,24258.85,24251.8,24252.7,273563
1786942500,2026-08-17T10:25:00,24252.45,24254.4,24250.6,24252.35,249558
1786942560,2026-08-17T10:26:00,24251.6,24255.6,24249.95,24253.9,380084
1786942620,2026-08-17T10:27:00,24253.15,24260.2,24252.6,24259.05,338315
1786942680,2026-08-17T10:28:00,24257.9,24263.05,24257.2,24261.55,267960
1786942740,2026-08-17T10:29:00,24261.2,24262.5,24258.6,24260.45,270284
1786942800,2026-08-17T10:30:00,24260.35,24261.9,24257.1,24258.75,265871
1786942860,2026-08-17T10:31:00,24259.2,24260.65,24252.65,24255.0,466750
1786942920,2026-08-17T10:32:00,24254.4,24258.5,24253.15,24256.75,265649
1786942980,2026-08-17T10:33:00,24256.3,24261.1,24254.75,24255.95,411664
1786943040,2026-08-17T10:34:00,24255.55,24257.55,24252.35,24255.35,286285
1786943100,2026-08-17T10:35:00,24255.0,24258.2,24254.35,24257.35,204052
1786943160,2026-08-17T10:36:00,24256.9,24258.2,24254.3,24256.25,170180
1786943220,2026-08-17T10:37:00,24255.2,24259.3,24252.3,24253.9,293455
1786943280,2026-08-17T10:38:00,24253.55,24256.05,24250.85,24252.55,301135
1786943340,2026-08-17T10:39:00,24251.4,24256.7,24250.1,24254.3,239147
1786943400,2026-08-17T10:40:00,24253.25,24256.75,24250.2,24251.9,304716
1786943460,2026-08-17T10:41:00,24251.45,24255.2,24248.85,24251.75,288942
1786943520,2026-08-17T10:42:00,24250.5,24251.7,24240.45,24241.75,527600
1786943580,2026-08-17T10:43:00,24240.7,24244.55,24235.45,24237.75,428434
1786943640,2026-08-17T10:44:00,24237.65,24240.25,24235.55,24239.2,685943
1786943700,2026-08-17T10:45:00,24237.65,24240.0,24229.75,24231.25,622037
1786943760,2026-08-17T10:46:00,24231.1,24233.5,24228.15,24232.65,544304
1786943820,2026-08-17T10:47:00,24233.05,24235.4,24228.45,24230.75,415342
1786943880,2026-08-17T10:48:00,24231.2,24235.0,24229.3,24234.05,800148
1786943940,2026-08-17T10:49:00,24233.75,24239.9,24233.75,24238.4,1352431
1786944000,2026-08-17T10:50:00,24238.65,24241.65,24236.65,24240.35,398897
1786944060,2026-08-17T10:51:00,24239.8,24243.85,24238.9,24239.7,371164
1786944120,2026-08-17T10:52:00,24239.35,24243.45,24237.8,24241.8,493829
1786944180,2026-08-17T10:53:00,24241.9,24246.5,24241.45,24246.05,403270
1786944240,2026-08-17T10:54:00,24245.15,24246.6,24241.7,24241.95,525908
1786944300,2026-08-17T10:55:00,24241.65,24243.75,24239.45,24239.9,358644
1786944360,2026-08-17T10:56:00,24239.6,24246.3,24239.1,24245.8,561652
1786944420,2026-08-17T10:57:00,24244.75,24247.45,24244.1,24246.4,403542
1786944480,2026-08-17T10:58:00,24247.05,24247.15,24241.35,24243.1,301756
1786944540,2026-08-17T10:59:00,24243.0,24244.0,24236.75,24237.55,832923
1786944600,2026-08-17T11:00:00,24236.35,24238.85,24233.9,24236.7,353639
1786944660,2026-08-17T11:01:00,24236.0,24238.65,24233.4,24236.2,294193
1786944720,2026-08-17T11:02:00,24235.8,24236.4,24232.5,24234.5,276081
1786944780,2026-08-17T11:03:00,24233.85,24240.35,24233.5,24240.35,404820
1786944840,2026-08-17T11:04:00,24239.55,24246.6,24238.8,24240.6,273393
1786944900,2026-08-17T11:05:00,24240.75,24242.7,24233.15,24234.35,682044
1786944960,2026-08-17T11:06:00,24233.7,24237.6,24233.4,24235.3,337153
1786945020,2026-08-17T11:07:00,24235.05,24236.9,24231.75,24233.6,354296
1786945080,2026-08-17T11:08:00,24233.15,24238.95,24231.45,24237.8,691214
1786945140,2026-08-17T11:09:00,24237.35,24240.75,24233.55,24235.7,1048228
1786945200,2026-08-17T11:10:00,24235.4,24238.4,24233.35,24235.25,778374
1786945260,2026-08-17T11:11:00,24234.7,24238.2,24232.85,24234.0,524971
1786945320,2026-08-17T11:12:00,24234.5,24238.7,24233.45,24235.25,336209
1786945380,2026-08-17T11:13:00,24234.85,24237.4,24233.15,24234.6,496569
1786945440,2026-08-17T11:14:00,24233.8,24237.7,24233.0,24236.2,512755
1786945500,2026-08-17T11:15:00,24236.05,24238.55,24234.45,24236.05,317311
1786945560,2026-08-17T11:16:00,24235.65,24238.4,24233.4,24236.8,399632
1786945620,2026-08-17T11:17:00,24235.3,24238.1,24234.4,24235.1,361646
1786945680,2026-08-17T11:18:00,24234.95,24240.0,24233.75,24238.0,259019
1786945740,2026-08-17T11:19:00,24237.05,24238.95,24234.35,24235.65,796743
1786945800,2026-08-17T11:20:00,24235.3,24237.8,24233.05,24233.6,264979
1786945860,2026-08-17T11:21:00,24234.0,24236.45,24232.5,24233.4,297991
1786945920,2026-08-17T11:22:00,24232.05,24233.65,24229.1,24230.25,304777
1786945980,2026-08-17T11:23:00,24229.6,24232.4,24228.05,24228.65,275127
1786946040,2026-08-17T11:24:00,24229.9,24232.05,24226.95,24229.95,658099
1786946100,2026-08-17T11:25:00,24229.25,24233.65,24228.1,24231.2,349462
1786946160,2026-08-17T11:26:00,24230.85,24243.25,24230.2,24240.05,562390
1786946220,2026-08-17T11:27:00,24239.8,24241.95,24237.45,24241.15,326026
1786946280,2026-08-17T11:28:00,24241.25,24243.6,24238.35,24240.35,1007512
1786946340,2026-08-17T11:29:00,24239.6,24241.9,24237.55,24239.85,330788
1786946400,2026-08-17T11:30:00,24239.1,24242.45,24236.65,24239.0,449476
1786946460,2026-08-17T11:31:00,24238.3,24243.65,24234.35,24234.85,572486
1786946520,2026-08-17T11:32:00,24234.8,24243.7,24234.25,24241.8,620964
1786946580,2026-08-17T11:33:00,24240.65,24244.95,24239.85,24240.5,334909
1786946640,2026-08-17T11:34:00,24241.5,24243.9,24239.1,24241.4,301321
1786946700,2026-08-17T11:35:00,24241.65,24247.15,24240.4,24245.15,500033
1786946760,2026-08-17T11:36:00,24244.1,24248.35,24242.45,24243.1,563998
1786946820,2026-08-17T11:37:00,24242.5,24245.1,24240.5,24244.25,270085
1786946880,2026-08-17T11:38:00,24244.25,24245.9,24240.05,24240.8,397037
1786946940,2026-08-17T11:39:00,24240.65,24243.85,24235.55,24239.45,836329
1786947000,2026-08-17T11:40:00,24239.0,24244.65,24235.75,24243.05,744871
1786947060,2026-08-17T11:41:00,24242.95,24247.45,24242.45,24244.8,478721
1786947120,2026-08-17T11:42:00,24244.7,24248.2,24242.4,24243.6,608317
1786947180,2026-08-17T11:43:00,24243.55,24246.95,24242.6,24244.05,328407
1786947240,2026-08-17T11:44:00,24243.05,24246.75,24242.5,24244.75,296467
1786947300,2026-08-17T11:45:00,24243.95,24248.65,24243.95,24246.05,463029
1786947360,2026-08-17T11:46:00,24246.0,24249.05,24242.15,24243.65,498158
1786947420,2026-08-17T11:47:00,24243.05,24251.5,24242.1,24248.75,1777115
1786947480,2026-08-17T11:48:00,24249.1,24255.7,24247.85,24254.3,776042
1786947540,2026-08-17T11:49:00,24254.05,24257.55,24252.1,24254.35,1279211
1786947600,2026-08-17T11:50:00,24254.25,24263.7,24253.5,24263.25,844792
1786947660,2026-08-17T11:51:00,24262.6,24267.55,24262.1,24267.35,447270
1786947720,2026-08-17T11:52:00,24266.85,24272.6,24266.85,24272.0,535546
1786947780,2026-08-17T11:53:00,24272.2,24273.25,24260.6,24262.5,496159
1786947840,2026-08-17T11:54:00,24262.8,24267.2,24261.2,24263.75,381128
1786947900,2026-08-17T11:55:00,24263.35,24273.15,24262.9,24272.4,574645
1786947960,2026-08-17T11:56:00,24270.9,24275.25,24268.45,24268.45,401089
1786948020,2026-08-17T11:57:00,24268.5,24271.5,24266.4,24268.1,336069
1786948080,2026-08-17T11:58:00,24268.2,24271.65,24266.7,24269.8,358829
1786948140,2026-08-17T11:59:00,24270.2,24273.65,24269.05,24271.65,347154
1786948200,2026-08-17T12:00:00,24271.75,24274.9,24269.6,24271.2,513698
1786948260,2026-08-17T12:01:00,24270.65,24274.8,24269.9,24271.7,401618
1786948320,2026-08-17T12:02:00,24271.3,24274.9,24269.95,24272.05,401791
1786948380,2026-08-17T12:03:00,24271.95,24275.65,24271.3,24273.75,426628
1786948440,2026-08-17T12:04:00,24273.6,24274.1,24263.85,24266.65,481009
1786948500,2026-08-17T12:05:00,24266.25,24270.1,24265.15,24268.5,358430
1786948560,2026-08-17T12:06:00,24267.35,24268.8,24261.7,24262.3,524809
1786948620,2026-08-17T12:07:00,24262.35,24267.2,24260.75,24265.15,343632
1786948680,2026-08-17T12:08:00,24264.5,24266.7,24261.65,24263.55,399670
1786948740,2026-08-17T12:09:00,24262.85,24265.35,24261.1,24265.0,249099
1786948800,2026-08-17T12:10:00,24264.45,24268.9,24262.85,24265.7,316108
1786948860,2026-08-17T12:11:00,24265.9,24268.4,24256.55,24259.85,612039
1786948920,2026-08-17T12:12:00,24259.9,24265.9,24257.85,24263.3,391693
1786948980,2026-08-17T12:13:00,24263.15,24268.95,24262.4,24267.7,684645
1786949040,2026-08-17T12:14:00,24267.45,24272.5,24266.25,24270.75,340207
1786949100,2026-08-17T12:15:00,24270.75,24274.45,24269.8,24271.6,362217
1786949160,2026-08-17T12:16:00,24271.85,24278.35,24271.0,24277.5,505606
1786949220,2026-08-17T12:17:00,24276.95,24284.25,24276.95,24281.55,489816
1786949280,2026-08-17T12:18:00,24280.9,24284.6,24279.55,24283.3,708961
1786949340,2026-08-17T12:19:00,24282.9,24287.6,24282.5,24285.7,325155
1786949400,2026-08-17T12:20:00,24285.8,24286.35,24282.8,24283.4,435072
1786949460,2026-08-17T12:21:00,24283.0,24285.65,24282.25,24282.6,389342
1786949520,2026-08-17T12:22:00,24282.1,24285.05,24281.5,24283.5,306257
1786949580,2026-08-17T12:23:00,24283.25,24287.75,24283.05,24284.4,361874
1786949640,2026-08-17T12:24:00,24284.55,24288.75,24283.35,24286.65,301289
1786949700,2026-08-17T12:25:00,24286.4,24288.45,24283.75,24284.6,476456
1786949760,2026-08-17T12:26:00,24285.15,24287.55,24283.45,24285.85,444414
1786949820,2026-08-17T12:27:00,24285.8,24289.0,24284.65,24286.4,378315
1786949880,2026-08-17T12:28:00,24287.25,24292.0,24286.1,24289.05,359696
1786949940,2026-08-17T12:29:00,24289.7,24291.5,24287.3,24289.95,496215
1786950000,2026-08-17T12:30:00,24288.6,24291.45,24286.1,24288.3,275749
1786950060,2026-08-17T12:31:00,24288.65,24290.9,24287.5,24287.75,317397
1786950120,2026-08-17T12:32:00,24287.75,24295.2,24287.75,24293.25,606280
1786950180,2026-08-17T12:33:00,24293.2,24296.1,24290.9,24294.8,436936
1786950240,2026-08-17T12:34:00,24295.05,24300.05,24294.0,24294.7,564197
1786950300,2026-08-17T12:35:00,24294.55,24296.9,24291.95,24293.2,328049
1786950360,2026-08-17T12:36:00,24293.05,24299.4,24293.05,24297.8,2481557
1786950420,2026-08-17T12:37:00,24296.95,24302.75,24296.95,24299.7,404151
1786950480,2026-08-17T12:38:00,24299.3,24305.7,24297.95,24297.95,522154
1786950540,2026-08-17T12:39:00,24297.9,24299.9,24295.8,24297.2,631321
1786950600,2026-08-17T12:40:00,24297.05,24301.4,24295.6,24299.7,486496
1786950660,2026-08-17T12:41:00,24299.85,24303.25,24298.4,24300.75,391358
1786950720,2026-08-17T12:42:00,24301.0,24303.55,24299.45,24303.0,467490
1786950780,2026-08-17T12:43:00,24302.75,24306.75,24301.25,24302.6,918468
1786950840,2026-08-17T12:44:00,24301.25,24306.7,24301.05,24303.2,987933
1786950900,2026-08-17T12:45:00,24303.25,24310.25,24302.4,24309.85,1118462
1786950960,2026-08-17T12:46:00,24309.85,24327.05,24309.1,24325.4,2613779
1786951020,2026-08-17T12:47:00,24326.0,24332.0,24323.85,24327.8,976570
1786951080,2026-08-17T12:48:00,24328.0,24328.85,24319.6,24323.7,656438
1786951140,2026-08-17T12:49:00,24324.0,24325.05,24319.55,24321.35,433485
1786951200,2026-08-17T12:50:00,24321.65,24328.8,24321.65,24328.05,411154
1786951260,2026-08-17T12:51:00,24327.1,24333.9,24327.1,24331.85,611825
1786951320,2026-08-17T12:52:00,24331.7,24336.7,24329.4,24332.05,637691
1786951380,2026-08-17T12:53:00,24331.8,24335.3,24331.0,24331.55,1274343
1786951440,2026-08-17T12:54:00,24331.85,24331.85,24325.9,24328.5,521934
1786951500,2026-08-17T12:55:00,24328.4,24335.0,24328.3,24330.7,545295
1786951560,2026-08-17T12:56:00,24330.7,24330.7,24324.15,24325.45,524292
1786951620,2026-08-17T12:57:00,24325.25,24327.25,24321.1,24322.25,351832
1786951680,2026-08-17T12:58:00,24322.5,24327.35,24321.5,24327.25,635351
1786951740,2026-08-17T12:59:00,24326.5,24334.3,24326.15,24334.0,760856
1786951800,2026-08-17T13:00:00,24334.15,24347.45,24332.5,24342.0,717793
1786951860,2026-08-17T13:01:00,24341.4,24343.35,24336.25,24341.2,482962
1786951920,2026-08-17T13:02:00,24341.9,24350.05,24339.9,24348.55,402221
1786951980,2026-08-17T13:03:00,24348.55,24354.3,24346.8,24353.4,691165
1786952040,2026-08-17T13:04:00,24352.7,24352.7,24341.9,24343.95,391939
1786952100,2026-08-17T13:05:00,24343.2,24350.55,24342.85,24347.55,358309
1786952160,2026-08-17T13:06:00,24348.05,24349.95,24344.2,24344.85,1007188
1786952220,2026-08-17T13:07:00,24345.65,24346.3,24342.4,24344.4,587636
1786952280,2026-08-17T13:08:00,24344.6,24345.9,24341.2,24341.55,466620
1786952340,2026-08-17T13:09:00,24342.1,24344.05,24335.65,24338.5,522299
1786952400,2026-08-17T13:10:00,24338.9,24342.1,24335.2,24336.25,471005
1786952460,2026-08-17T13:11:00,24336.3,24343.5,24335.6,24342.6,504345
1786952520,2026-08-17T13:12:00,24342.95,24346.95,24341.3,24345.05,721465
1786952580,2026-08-17T13:13:00,24345.55,24352.95,24344.85,24349.25,1142130
1786952640,2026-08-17T13:14:00,24349.6,24349.75,24346.0,24346.6,499511
1786952700,2026-08-17T13:15:00,24346.15,24355.05,24346.15,24352.05,769697
1786952760,2026-08-17T13:16:00,24352.6,24354.0,24349.55,24351.05,557068
1786952820,2026-08-17T13:17:00,24351.3,24352.5,24345.8,24347.7,630843
1786952880,2026-08-17T13:18:00,24348.1,24348.65,24344.95,24346.55,415880
1786952940,2026-08-17T13:19:00,24347.1,24351.1,24346.45,24349.25,566027
1786953000,2026-08-17T13:20:00,24350.55,24353.05,24347.2,24348.35,322391
1786953060,2026-08-17T13:21:00,24348.35,24350.7,24346.2,24348.0,435508
1786953120,2026-08-17T13:22:00,24348.25,24348.95,24342.3,24343.65,668191
1786953180,2026-08-17T13:23:00,24342.65,24346.75,24342.1,24345.25,377293
1786953240,2026-08-17T13:24:00,24344.55,24346.4,24342.15,24346.3,415192
1786953300,2026-08-17T13:25:00,24345.5,24347.05,24342.3,24346.25,597022
1786953360,2026-08-17T13:26:00,24346.2,24349.15,24344.45,24346.65,591005
1786953420,2026-08-17T13:27:00,24345.7,24353.65,24345.45,24352.35,566254
1786953480,2026-08-17T13:28:00,24352.35,24356.15,24350.75,24352.85,429637
1786953540,2026-08-17T13:29:00,24352.5,24354.9,24351.6,24352.95,410814
1786953600,2026-08-17T13:30:00,24352.5,24358.0,24351.7,24352.7,579213
1786953660,2026-08-17T13:31:00,24353.1,24355.05,24350.2,24354.2,587648
1786953720,2026-08-17T13:32:00,24354.7,24355.4,24349.9,24353.05,386184
1786953780,2026-08-17T13:33:00,24354.0,24354.0,24346.15,24347.3,593965
1786953840,2026-08-17T13:34:00,24347.55,24351.4,24345.2,24349.15,417210
1786953900,2026-08-17T13:35:00,24349.3,24350.75,24342.6,24343.1,543701
1786953960,2026-08-17T13:36:00,24343.1,24346.2,24339.8,24346.2,507938
1786954020,2026-08-17T13:37:00,24344.95,24345.55,24341.0,24342.4,288213
1786954080,2026-08-17T13:38:00,24342.5,24349.35,24340.05,24347.25,467430
1786954140,2026-08-17T13:39:00,24346.8,24347.55,24342.45,24346.0,304696
1786954200,2026-08-17T13:40:00,24346.4,24347.6,24340.45,24346.65,607893
1786954260,2026-08-17T13:41:00,24347.65,24350.1,24343.3,24348.85,636405
1786954320,2026-08-17T13:42:00,24349.25,24359.3,24347.6,24355.6,696577
1786954380,2026-08-17T13:43:00,24355.9,24356.9,24351.15,24354.15,383014
1786954440,2026-08-17T13:44:00,24354.05,24355.75,24351.9,24353.65,344098
1786954500,2026-08-17T13:45:00,24353.9,24357.4,24353.6,24356.6,285683
1786954560,2026-08-17T13:46:00,24356.85,24359.6,24353.45,24354.9,491587
1786954620,2026-08-17T13:47:00,24355.0,24355.8,24351.25,24352.45,306412
1786954680,2026-08-17T13:48:00,24352.65,24352.65,24342.75,24343.35,316608
1786954740,2026-08-17T13:49:00,24343.85,24346.6,24341.6,24343.7,318556
1786954800,2026-08-17T13:50:00,24343.7,24344.75,24340.25,24341.6,304486
1786954860,2026-08-17T13:51:00,24342.1,24343.25,24335.9,24338.15,400033
1786954920,2026-08-17T13:52:00,24338.15,24341.3,24337.2,24338.5,399462
1786954980,2026-08-17T13:53:00,24339.75,24341.85,24337.95,24338.75,502147
1786955040,2026-08-17T13:54:00,24339.2,24342.7,24337.3,24339.8,367583
1786955100,2026-08-17T13:55:00,24340.3,24342.75,24337.75,24338.7,332613
1786955160,2026-08-17T13:56:00,24338.9,24340.2,24335.4,24336.5,278894
1786955220,2026-08-17T13:57:00,24336.5,24337.65,24332.45,24334.45,421722
1786955280,2026-08-17T13:58:00,24334.3,24337.85,24333.35,24337.85,345554
1786955340,2026-08-17T13:59:00,24338.35,24340.35,24334.95,24338.3,525997
1786955400,2026-08-17T14:00:00,24338.6,24339.55,24334.4,24338.8,432875
1786955460,2026-08-17T14:01:00,24339.6,24341.6,24336.25,24341.55,938636
1786955520,2026-08-17T14:02:00,24342.15,24346.75,24338.7,24343.45,502161
1786955580,2026-08-17T14:03:00,24343.8,24344.55,24339.6,24340.6,272682
1786955640,2026-08-17T14:04:00,24340.7,24343.5,24338.35,24342.95,1415336
1786955700,2026-08-17T14:05:00,24343.3,24346.1,24340.8,24344.05,424481
1786955760,2026-08-17T14:06:00,24343.6,24344.55,24341.25,24343.25,454562
1786955820,2026-08-17T14:07:00,24343.25,24344.45,24340.3,24341.55,242151
1786955880,2026-08-17T14:08:00,24341.95,24342.85,24339.5,24341.3,243575
1786955940,2026-08-17T14:09:00,24341.3,24343.15,24340.0,24340.8,394085
1786956000,2026-08-17T14:10:00,24341.5,24342.15,24338.7,24340.65,407730
1786956060,2026-08-17T14:11:00,24340.35,24341.15,24334.65,24335.3,557664
1786956120,2026-08-17T14:12:00,24335.55,24339.7,24333.55,24337.45,477404
1786956180,2026-08-17T14:13:00,24337.5,24338.15,24329.95,24331.45,456880
1786956240,2026-08-17T14:14:00,24331.8,24333.35,24329.5,24331.15,466737
1786956300,2026-08-17T14:15:00,24330.7,24331.7,24328.25,24330.25,286361
1786956360,2026-08-17T14:16:00,24330.9,24335.75,24329.3,24335.1,486207
1786956420,2026-08-17T14:17:00,24335.6,24338.25,24334.4,24337.7,389000
1786956480,2026-08-17T14:18:00,24340.15,24343.05,24338.45,24341.7,766456
1786956540,2026-08-17T14:19:00,24342.3,24342.85,24338.25,24339.15,489140
1786956600,2026-08-17T14:20:00,24337.15,24339.5,24333.8,24339.1,647751
1786956660,2026-08-17T14:21:00,24339.2,24339.95,24332.0,24333.3,712316
1786956720,2026-08-17T14:22:00,24334.15,24334.15,24328.0,24330.15,448965
1786956780,2026-08-17T14:23:00,24330.35,24332.1,24323.75,24325.7,455097
1786956840,2026-08-17T14:24:00,24325.05,24328.75,24322.7,24324.5,492238
1786956900,2026-08-17T14:25:00,24324.8,24326.4,24322.7,24324.6,442378
1786956960,2026-08-17T14:26:00,24324.4,24328.65,24322.65,24326.25,342331
1786957020,2026-08-17T14:27:00,24326.75,24328.55,24323.15,24325.8,474649
1786957080,2026-08-17T14:28:00,24325.55,24327.35,24322.55,24324.6,392806
1786957140,2026-08-17T14:29:00,24325.7,24327.55,24324.35,24326.75,389414
1786957200,2026-08-17T14:30:00,24327.35,24332.1,24326.2,24329.2,511043
1786957260,2026-08-17T14:31:00,24329.45,24331.05,24325.6,24326.8,386844
1786957320,2026-08-17T14:32:00,24327.3,24331.7,24325.45,24329.6,379217
1786957380,2026-08-17T14:33:00,24329.0,24331.55,24325.9,24328.6,429281
1786957440,2026-08-17T14:34:00,24328.2,24330.45,24327.1,24328.35,343575
1786957500,2026-08-17T14:35:00,24329.2,24331.8,24324.7,24326.15,505855
1786957560,2026-08-17T14:36:00,24325.85,24326.25,24317.9,24320.65,582710
1786957620,2026-08-17T14:37:00,24321.15,24327.05,24320.85,24322.8,570835
1786957680,2026-08-17T14:38:00,24322.65,24327.2,24319.4,24320.4,758846
1786957740,2026-08-17T14:39:00,24321.1,24329.45,24320.15,24328.5,699996
1786957800,2026-08-17T14:40:00,24328.55,24333.2,24326.75,24332.35,433255
1786957860,2026-08-17T14:41:00,24331.45,24336.3,24329.1,24333.15,540936
1786957920,2026-08-17T14:42:00,24333.05,24337.15,24331.95,24336.95,404428
1786957980,2026-08-17T14:43:00,24337.15,24337.9,24334.2,24336.25,438590
1786958040,2026-08-17T14:44:00,24336.3,24336.6,24331.05,24335.4,478759
1786958100,2026-08-17T14:45:00,24334.4,24337.1,24333.7,24334.4,514428
1786958160,2026-08-17T14:46:00,24333.8,24336.0,24332.7,24334.55,522277
1786958220,2026-08-17T14:47:00,24333.45,24335.6,24330.95,24335.1,553039
1786958280,2026-08-17T14:48:00,24333.65,24340.6,24332.5,24339.1,569165
1786958340,2026-08-17T14:49:00,24337.4,24340.25,24337.0,24339.2,581563
1786958400,2026-08-17T14:50:00,24336.9,24346.05,24336.9,24344.65,1589511
1786958460,2026-08-17T14:51:00,24344.25,24345.6,24336.3,24337.05,892765
1786958520,2026-08-17T14:52:00,24336.5,24340.5,24335.1,24336.15,996057
1786958580,2026-08-17T14:53:00,24334.7,24338.6,24333.9,24337.35,809728
1786958640,2026-08-17T14:54:00,24335.45,24345.85,24335.45,24343.95,853409
1786958700,2026-08-17T14:55:00,24342.8,24345.1,24340.45,24342.5,732053
1786958760,2026-08-17T14:56:00,24341.55,24345.0,24340.45,24342.65,672923
1786958820,2026-08-17T14:57:00,24341.5,24342.05,24336.55,24337.8,929718
1786958880,2026-08-17T14:58:00,24336.2,24339.4,24334.5,24337.25,796249
1786958940,2026-08-17T14:59:00,24336.25,24339.75,24336.25,24338.2,732308
1786959000,2026-08-17T15:00:00,24337.7,24337.8,24332.0,24333.25,1328222
1786959060,2026-08-17T15:01:00,24331.85,24337.55,24331.8,24337.55,945368
1786959120,2026-08-17T15:02:00,24337.6,24347.65,24336.3,24345.5,945312
1786959180,2026-08-17T15:03:00,24346.35,24353.55,24344.85,24352.35,1043970
1786959240,2026-08-17T15:04:00,24352.25,24353.85,24348.35,24352.05,1185598
1786959300,2026-08-17T15:05:00,24351.0,24352.75,24341.6,24344.5,2219621
1786959360,2026-08-17T15:06:00,24344.2,24347.55,24341.35,24345.05,1619592
1786959420,2026-08-17T15:07:00,24344.6,24347.35,24342.55,24344.85,890269
1786959480,2026-08-17T15:08:00,24344.2,24352.35,24343.6,24352.05,1341435
1786959540,2026-08-17T15:09:00,24351.2,24353.7,24347.15,24349.4,1827219
1786959600,2026-08-17T15:10:00,24348.75,24353.85,24347.65,24352.45,1798902
1786959660,2026-08-17T15:11:00,24352.9,24356.65,24349.05,24354.6,1597639
1786959720,2026-08-17T15:12:00,24355.15,24360.1,24351.6,24356.15,3234726
1786959780,2026-08-17T15:13:00,24355.6,24358.9,24350.9,24357.35,1442274
1786959840,2026-08-17T15:14:00,24356.25,24356.75,24330.7,24339.6,2208642
1786959900,2026-08-17T15:15:00,24339.8,24339.8,24339.8,24339.8,2458
1786959960,2026-08-17T15:16:00,24339.8,24339.8,24339.8,24339.8,2458
1786960020,2026-08-17T15:17:00,24339.8,24339.8,24339.8,24339.8,2458
1786960080,2026-08-17T15:18:00,24339.8,24339.8,24339.8,24339.8,2458
1786960140,2026-08-17T15:19:00,24339.8,24339.8,24339.8,24339.8,2458
1786960200,2026-08-17T15:20:00,24339.8,24339.8,24339.8,24339.8,2458
1786960260,2026-08-17T15:21:00,24339.8,24339.8,24339.8,24339.8,2458
1786960320,2026-08-17T15:22:00,24339.8,24339.8,24339.8,24339.8,2458
1786960380,2026-08-17T15:23:00,24339.8,24339.8,24339.8,24339.8,2458
1786960440,2026-08-17T15:24:00,24339.8,24339.8,24339.8,24339.8,2458
1786960500,2026-08-17T15:25:00,24339.8,24339.8,24339.8,24339.8,2458
1786960560,2026-08-17T15:26:00,24339.8,24339.8,24339.8,24339.8,2458
1786960620,2026-08-17T15:27:00,24339.8,24339.8,24339.8,24339.8,2458
1786960680,2026-08-17T15:28:00,24339.8,24339.8,24287.65,24287.65,2458
1786960740,2026-08-17T15:29:00,24287.65,24287.65,24287.65,24287.65,2458
1787024700,2026-08-18T09:15:00,24223.85,24253.95,24211.1,24244.35,2715857
1787024760,2026-08-18T09:16:00,24245.6,24251.4,24237.65,24238.0,1981535
1787024820,2026-08-18T09:17:00,24239.45,24239.8,24228.45,24232.7,1500157
1787024880,2026-08-18T09:18:00,24233.95,24238.75,24230.15,24234.15,1371671
1787024940,2026-08-18T09:19:00,24237.1,24240.2,24233.4,24238.85,1230821
1787025000,2026-08-18T09:20:00,24239.6,24240.6,24232.45,24234.9,1181737
1787025060,2026-08-18T09:21:00,24236.45,24238.0,24230.75,24232.85,990817
1787025120,2026-08-18T09:22:00,24234.25,24236.6,24229.85,24231.95,891815
1787025180,2026-08-18T09:23:00,24232.85,24239.45,24231.2,24237.95,1055671
1787025240,2026-08-18T09:24:00,24238.95,24246.55,24237.2,24244.35,1242017
1787025300,2026-08-18T09:25:00,24246.25,24248.15,24241.1,24247.3,976742
1787025360,2026-08-18T09:26:00,24248.95,24266.45,24248.35,24265.65,995130
1787025420,2026-08-18T09:27:00,24266.25,24269.65,24258.45,24259.3,1747964
1787025480,2026-08-18T09:28:00,24259.7,24260.15,24248.1,24248.4,1303152
1787025540,2026-08-18T09:29:00,24249.6,24252.25,24244.45,24245.1,930246
1787025600,2026-08-18T09:30:00,24246.4,24246.4,24229.0,24231.1,1121963
1787025660,2026-08-18T09:31:00,24232.6,24233.55,24221.85,24224.1,1003892
1787025720,2026-08-18T09:32:00,24225.45,24225.5,24220.65,24223.2,873500
1787025780,2026-08-18T09:33:00,24224.5,24227.05,24222.2,24227.05,710027
1787025840,2026-08-18T09:34:00,24227.6,24236.0,24226.1,24232.65,762464
1787025900,2026-08-18T09:35:00,24233.5,24233.95,24229.7,24232.3,691145
1787025960,2026-08-18T09:36:00,24234.65,24246.05,24233.0,24244.85,544300
1787026020,2026-08-18T09:37:00,24245.85,24246.0,24240.6,24243.0,646986
1787026080,2026-08-18T09:38:00,24244.3,24244.3,24235.7,24237.15,694895
1787026140,2026-08-18T09:39:00,24238.4,24248.7,24236.1,24247.3,1588273
1787026200,2026-08-18T09:40:00,24249.2,24249.2,24240.35,24242.05,755340
1787026260,2026-08-18T09:41:00,24243.4,24246.25,24241.1,24243.9,631458
1787026320,2026-08-18T09:42:00,24245.25,24245.25,24233.95,24235.9,1134971
1787026380,2026-08-18T09:43:00,24236.9,24237.85,24230.4,24231.95,889145
1787026440,2026-08-18T09:44:00,24234.05,24234.6,24222.95,24224.55,1218591
1787026500,2026-08-18T09:45:00,24226.15,24226.15,24217.0,24219.9,734861
1787026560,2026-08-18T09:46:00,24221.4,24222.45,24216.45,24216.5,651576
1787026620,2026-08-18T09:47:00,24216.95,24223.75,24214.85,24223.75,599740
1787026680,2026-08-18T09:48:00,24224.1,24230.55,24222.6,24230.55,442678
1787026740,2026-08-18T09:49:00,24231.85,24232.05,24228.5,24228.5,356374
1787026800,2026-08-18T09:50:00,24230.8,24231.75,24227.9,24231.55,452776
1787026860,2026-08-18T09:51:00,24231.75,24233.7,24227.25,24227.45,488189
1787026920,2026-08-18T09:52:00,24229.9,24229.9,24224.15,24228.7,438122
1787026980,2026-08-18T09:53:00,24230.1,24239.9,24228.45,24239.9,581563
1787027040,2026-08-18T09:54:00,24240.95,24241.35,24235.3,24235.3,513166
1787027100,2026-08-18T09:55:00,24236.65,24237.3,24226.15,24227.5,542200
1787027160,2026-08-18T09:56:00,24228.2,24231.0,24225.65,24231.0,349668
1787027220,2026-08-18T09:57:00,24231.35,24232.45,24228.95,24229.0,395598
1787027280,2026-08-18T09:58:00,24230.0,24230.35,24221.5,24225.35,524514
1787027340,2026-08-18T09:59:00,24227.4,24234.5,24226.1,24234.5,340909
1787027400,2026-08-18T10:00:00,24234.1,24234.6,24222.8,24223.7,538873
1787027460,2026-08-18T10:01:00,24225.4,24226.55,24222.65,24222.95,589529
1787027520,2026-08-18T10:02:00,24223.4,24224.0,24215.7,24216.15,647690
1787027580,2026-08-18T10:03:00,24217.35,24220.2,24213.0,24218.25,492865
1787027640,2026-08-18T10:04:00,24218.6,24222.95,24215.45,24222.8,424778
1787027700,2026-08-18T10:05:00,24223.4,24225.3,24221.3,24224.6,684882
1787027760,2026-08-18T10:06:00,24226.15,24228.2,24223.4,24224.65,482778
1787027820,2026-08-18T10:07:00,24225.95,24228.4,24222.5,24225.0,613968
1787027880,2026-08-18T10:08:00,24226.6,24226.65,24223.45,24225.2,321285
1787027940,2026-08-18T10:09:00,24225.25,24226.25,24221.45,24221.6,397059
1787028000,2026-08-18T10:10:00,24223.05,24223.3,24220.2,24222.7,291523
1787028060,2026-08-18T10:11:00,24223.75,24224.9,24220.1,24222.3,407790
1787028120,2026-08-18T10:12:00,24223.55,24224.45,24220.05,24222.25,423367
1787028180,2026-08-18T10:13:00,24223.35,24224.1,24219.75,24220.35,377315
1787028240,2026-08-18T10:14:00,24222.0,24222.0,24218.0,24220.2,349817
1787028300,2026-08-18T10:15:00,24221.1,24221.1,24209.65,24210.35,433313
1787028360,2026-08-18T10:16:00,24211.85,24212.2,24209.15,24209.15,392156
1787028420,2026-08-18T10:17:00,24210.05,24211.8,24208.0,24210.65,340848
1787028480,2026-08-18T10:18:00,24211.05,24214.5,24209.8,24212.8,342648
1787028540,2026-08-18T10:19:00,24214.15,24215.95,24212.25,24214.05,620623
1787028600,2026-08-18T10:20:00,24215.05,24217.0,24210.8,24215.6,407893
1787028660,2026-08-18T10:21:00,24216.7,24217.15,24211.4,24214.85,314409
1787028720,2026-08-18T10:22:00,24215.8,24218.0,24215.15,24215.25,331877
1787028780,2026-08-18T10:23:00,24217.25,24220.75,24215.5,24215.85,283111
1787028840,2026-08-18T10:24:00,24217.35,24218.05,24212.35,24216.7,469000
1787028900,2026-08-18T10:25:00,24218.0,24221.45,24210.3,24214.1,479437
1787028960,2026-08-18T10:26:00,24216.3,24218.8,24212.15,24217.5,343356
1787029020,2026-08-18T10:27:00,24219.2,24228.05,24219.0,24226.25,409453
1787029080,2026-08-18T10:28:00,24227.1,24229.8,24225.45,24227.05,332497
1787029140,2026-08-18T10:29:00,24229.25,24231.05,24225.4,24225.85,548699
1787029200,2026-08-18T10:30:00,24227.0,24230.75,24226.2,24229.95,283732
1787029260,2026-08-18T10:31:00,24230.9,24230.95,24227.85,24229.65,412999
1787029320,2026-08-18T10:32:00,24230.8,24230.8,24225.4,24226.0,364125
1787029380,2026-08-18T10:33:00,24227.25,24229.4,24225.45,24227.55,249019
1787029440,2026-08-18T10:34:00,24228.6,24231.3,24226.85,24231.2,425828
1787029500,2026-08-18T10:35:00,24231.55,24233.4,24228.9,24231.8,415029
1787029560,2026-08-18T10:36:00,24232.8,24233.2,24228.05,24228.6,325668
1787029620,2026-08-18T10:37:00,24229.5,24231.5,24227.55,24230.5,346838
1787029680,2026-08-18T10:38:00,24231.65,24232.6,24229.95,24230.75,335987
1787029740,2026-08-18T10:39:00,24232.6,24232.8,24226.0,24226.1,356355
1787029800,2026-08-18T10:40:00,24227.3,24227.3,24217.55,24217.55,425692
1787029860,2026-08-18T10:41:00,24218.4,24223.4,24217.5,24221.55,418834
1787029920,2026-08-18T10:42:00,24223.4,24223.4,24211.8,24212.9,462107
1787029980,2026-08-18T10:43:00,24213.3,24215.05,24210.05,24213.9,425710
1787030040,2026-08-18T10:44:00,24215.95,24217.45,24214.0,24214.8,249357
1787030100,2026-08-18T10:45:00,24216.15,24216.4,24209.6,24210.25,529400
1787030160,2026-08-18T10:46:00,24211.45,24211.45,24203.45,24204.25,769779
1787030220,2026-08-18T10:47:00,24205.65,24205.65,24196.3,24196.5,406429
1787030280,2026-08-18T10:48:00,24198.1,24203.9,24195.95,24202.65,487362
1787030340,2026-08-18T10:49:00,24203.9,24206.5,24202.25,24204.75,312901
1787030400,2026-08-18T10:50:00,24206.25,24209.45,24204.95,24207.95,366552
1787030460,2026-08-18T10:51:00,24209.2,24210.0,24196.5,24197.75,532369
1787030520,2026-08-18T10:52:00,24198.85,24202.45,24195.45,24198.0,480000
1787030580,2026-08-18T10:53:00,24199.0,24199.55,24193.75,24194.45,538940
1787030640,2026-08-18T10:54:00,24194.75,24197.25,24192.5,24195.55,324560
1787030700,2026-08-18T10:55:00,24196.95,24197.4,24188.5,24189.25,468350
1787030760,2026-08-18T10:56:00,24191.65,24193.55,24187.3,24191.35,427227
1787030820,2026-08-18T10:57:00,24193.05,24195.0,24190.35,24193.35,343668
1787030880,2026-08-18T10:58:00,24194.6,24197.15,24192.25,24194.45,386967
1787030940,2026-08-18T10:59:00,24196.15,24201.8,24193.6,24200.25,584501
1787031000,2026-08-18T11:00:00,24201.95,24202.8,24197.4,24198.0,648413
1787031060,2026-08-18T11:01:00,24198.95,24199.15,24194.85,24197.8,356353
1787031120,2026-08-18T11:02:00,24198.8,24202.15,24196.15,24198.8,419256
1787031180,2026-08-18T11:03:00,24200.1,24203.85,24197.65,24203.65,490523
1787031240,2026-08-18T11:04:00,24204.3,24205.85,24202.25,24205.85,515130
1787031300,2026-08-18T11:05:00,24205.5,24207.2,24201.95,24203.4,547865
1787031360,2026-08-18T11:06:00,24204.8,24206.4,24201.7,24204.2,551304
1787031420,2026-08-18T11:07:00,24204.7,24209.0,24203.2,24205.55,625222
1787031480,2026-08-18T11:08:00,24206.75,24210.3,24205.8,24208.75,599445
1787031540,2026-08-18T11:09:00,24210.0,24211.5,24206.55,24207.25,390753
1787031600,2026-08-18T11:10:00,24208.25,24208.7,24201.95,24204.9,661493
1787031660,2026-08-18T11:11:00,24206.05,24206.3,24202.45,24203.8,425036
1787031720,2026-08-18T11:12:00,24204.8,24204.8,24199.7,24200.5,496525
1787031780,2026-08-18T11:13:00,24201.15,24203.3,24197.25,24202.95,527920
1787031840,2026-08-18T11:14:00,24204.1,24206.3,24201.5,24202.35,391286
1787031900,2026-08-18T11:15:00,24203.75,24209.15,24200.75,24206.9,642978
1787031960,2026-08-18T11:16:00,24208.0,24208.0,24201.5,24202.3,808399
1787032020,2026-08-18T11:17:00,24203.1,24203.25,24199.05,24199.75,330289
1787032080,2026-08-18T11:18:00,24200.7,24200.75,24194.95,24195.3,414563
1787032140,2026-08-18T11:19:00,24197.95,24198.75,24195.15,24197.75,563948
1787032200,2026-08-18T11:20:00,24198.9,24198.9,24195.2,24195.5,799597
1787032260,2026-08-18T11:21:00,24196.4,24196.55,24191.45,24191.65,700675
1787032320,2026-08-18T11:22:00,24192.85,24193.15,24190.05,24192.25,815846
1787032380,2026-08-18T11:23:00,24193.5,24193.7,24189.65,24190.9,507181
1787032440,2026-08-18T11:24:00,24192.4,24196.35,24190.1,24195.75,505475
1787032500,2026-08-18T11:25:00,24195.5,24195.6,24191.3,24192.25,401061
1787032560,2026-08-18T11:26:00,24192.9,24192.9,24189.85,24190.3,199726
1787032620,2026-08-18T11:27:00,24190.1,24190.1,24183.45,24185.35,415398
1787032680,2026-08-18T11:28:00,24186.6,24186.6,24183.6,24185.8,677670
1787032740,2026-08-18T11:29:00,24186.95,24188.0,24182.3,24182.65,650294
1787032800,2026-08-18T11:30:00,24183.75,24183.75,24174.85,24175.0,777793
1787032860,2026-08-18T11:31:00,24176.65,24179.45,24174.45,24176.95,827606
1787032920,2026-08-18T11:32:00,24178.1,24187.75,24177.0,24185.6,622391
1787032980,2026-08-18T11:33:00,24186.1,24189.9,24183.15,24184.75,545793
1787033040,2026-08-18T11:34:00,24185.05,24190.65,24184.7,24190.65,1215695
1787033100,2026-08-18T11:35:00,24191.45,24193.95,24190.7,24192.4,721881
1787033160,2026-08-18T11:36:00,24193.7,24193.7,24188.85,24191.65,322636
1787033220,2026-08-18T11:37:00,24192.15,24194.55,24189.45,24190.6,684753
1787033280,2026-08-18T11:38:00,24192.1,24201.1,24191.3,24199.1,654518
1787033340,2026-08-18T11:39:00,24201.2,24201.9,24196.45,24196.6,1063169
1787033400,2026-08-18T11:40:00,24198.0,24198.65,24193.85,24195.45,453141
1787033460,2026-08-18T11:41:00,24196.8,24199.45,24195.25,24196.95,441253
1787033520,2026-08-18T11:42:00,24198.1,24198.65,24196.45,24198.5,430473
1787033580,2026-08-18T11:43:00,24199.0,24199.75,24197.5,24198.4,385875
1787033640,2026-08-18T11:44:00,24198.95,24199.85,24197.05,24198.4,390215
1787033700,2026-08-18T11:45:00,24198.5,24200.6,24196.4,24198.95,344453
1787033760,2026-08-18T11:46:00,24200.5,24202.45,24198.15,24199.9,467831
1787033820,2026-08-18T11:47:00,24200.85,24203.8,24198.35,24199.55,703746
1787033880,2026-08-18T11:48:00,24200.4,24200.4,24196.85,24198.05,308420
1787033940,2026-08-18T11:49:00,24199.85,24201.45,24197.75,24200.1,476015
1787034000,2026-08-18T11:50:00,24201.55,24211.7,24200.5,24211.7,526993
1787034060,2026-08-18T11:51:00,24211.45,24214.4,24205.45,24206.0,750794
1787034120,2026-08-18T11:52:00,24207.4,24209.3,24205.2,24206.45,422935
1787034180,2026-08-18T11:53:00,24207.5,24208.6,24204.7,24205.65,319484
1787034240,2026-08-18T11:54:00,24206.75,24208.15,24198.3,24199.2,374152
1787034300,2026-08-18T11:55:00,24201.2,24201.85,24196.6,24200.85,762904
1787034360,2026-08-18T11:56:00,24201.25,24201.4,24195.8,24199.0,436716
1787034420,2026-08-18T11:57:00,24200.85,24205.65,24198.65,24204.4,311162
1787034480,2026-08-18T11:58:00,24204.55,24206.25,24200.9,24204.6,439661
1787034540,2026-08-18T11:59:00,24205.2,24208.5,24203.4,24206.8,392096
1787034600,2026-08-18T12:00:00,24208.3,24208.9,24206.1,24207.05,267671
1787034660,2026-08-18T12:01:00,24207.5,24207.9,24202.9,24203.1,463731
1787034720,2026-08-18T12:02:00,24204.85,24208.3,24201.85,24206.95,802251
1787034780,2026-08-18T12:03:00,24208.2,24209.85,24202.6,24209.85,1017922
1787034840,2026-08-18T12:04:00,24210.3,24215.45,24208.45,24213.15,490603
1787034900,2026-08-18T12:05:00,24214.95,24218.3,24214.5,24215.45,500995
1787034960,2026-08-18T12:06:00,24217.0,24217.3,24212.9,24214.75,439988
1787035020,2026-08-18T12:07:00,24215.0,24219.95,24213.15,24219.5,500480
1787035080,2026-08-18T12:08:00,24219.9,24220.2,24213.25,24215.15,305453
1787035140,2026-08-18T12:09:00,24215.9,24218.05,24213.65,24215.8,350236
1787035200,2026-08-18T12:10:00,24217.45,24219.45,24213.8,24217.7,434901
1787035260,2026-08-18T12:11:00,24218.55,24220.8,24216.85,24217.65,394774
1787035320,2026-08-18T12:12:00,24218.75,24218.75,24213.95,24214.4,373314
1787035380,2026-08-18T12:13:00,24214.35,24216.35,24209.45,24211.45,562678
1787035440,2026-08-18T12:14:00,24212.1,24213.9,24208.1,24212.95,605649
1787035500,2026-08-18T12:15:00,24213.2,24215.1,24211.15,24211.9,376690
1787035560,2026-08-18T12:16:00,24212.85,24212.85,24205.45,24207.9,345852
1787035620,2026-08-18T12:17:00,24208.75,24211.0,24205.25,24208.4,498542
1787035680,2026-08-18T12:18:00,24210.0,24212.15,24208.25,24210.6,297133
1787035740,2026-08-18T12:19:00,24210.7,24211.6,24207.35,24209.2,307911
1787035800,2026-08-18T12:20:00,24210.0,24211.2,24205.7,24207.2,243851
1787035860,2026-08-18T12:21:00,24208.2,24208.8,24203.65,24205.4,332932
1787035920,2026-08-18T12:22:00,24207.15,24209.85,24203.85,24209.0,300468
1787035980,2026-08-18T12:23:00,24209.9,24210.8,24206.1,24208.15,342425
1787036040,2026-08-18T12:24:00,24208.5,24209.0,24204.85,24206.15,320733
1787036100,2026-08-18T12:25:00,24206.9,24210.75,24204.7,24208.65,666194
1787036160,2026-08-18T12:26:00,24209.85,24210.85,24206.55,24207.65,557964
1787036220,2026-08-18T12:27:00,24209.35,24211.05,24206.75,24208.5,285710
1787036280,2026-08-18T12:28:00,24210.05,24214.1,24207.95,24213.45,408151
1787036340,2026-08-18T12:29:00,24213.85,24217.4,24211.05,24212.8,418108
1787036400,2026-08-18T12:30:00,24213.25,24218.4,24212.35,24217.05,419322
1787036460,2026-08-18T12:31:00,24218.05,24220.35,24216.25,24216.4,422465
1787036520,2026-08-18T12:32:00,24217.55,24217.55,24213.2,24214.45,346418
1787036580,2026-08-18T12:33:00,24215.5,24216.75,24213.4,24214.65,326329
1787036640,2026-08-18T12:34:00,24214.7,24216.3,24212.85,24214.7,324487
1787036700,2026-08-18T12:35:00,24215.3,24217.8,24213.65,24216.2,452627
1787036760,2026-08-18T12:36:00,24216.6,24218.25,24213.85,24214.5,336611
1787036820,2026-08-18T12:37:00,24214.85,24215.4,24210.25,24210.4,452239
1787036880,2026-08-18T12:38:00,24211.75,24211.75,24207.65,24208.9,470154
1787036940,2026-08-18T12:39:00,24209.8,24210.35,24205.6,24208.25,290297
1787037000,2026-08-18T12:40:00,24208.7,24208.7,24203.65,24205.2,254699
1787037060,2026-08-18T12:41:00,24205.95,24205.95,24202.55,24204.05,235106
1787037120,2026-08-18T12:42:00,24205.05,24205.2,24199.55,24201.65,332127
1787037180,2026-08-18T12:43:00,24202.7,24203.15,24199.15,24201.45,244780
1787037240,2026-08-18T12:44:00,24201.8,24201.8,24196.0,24198.05,424370
1787037300,2026-08-18T12:45:00,24198.0,24202.75,24196.5,24201.25,350153
1787037360,2026-08-18T12:46:00,24201.75,24201.75,24194.45,24197.9,329723
1787037420,2026-08-18T12:47:00,24198.4,24200.6,24197.65,24198.2,646353
1787037480,2026-08-18T12:48:00,24199.75,24202.05,24198.75,24201.55,265019
1787037540,2026-08-18T12:49:00,24202.85,24206.85,24202.25,24205.55,291047
1787037600,2026-08-18T12:50:00,24206.3,24210.7,24204.95,24206.15,556460
1787037660,2026-08-18T12:51:00,24207.6,24210.6,24204.55,24208.75,481238
1787037720,2026-08-18T12:52:00,24209.65,24210.45,24206.45,24207.8,262361
1787037780,2026-08-18T12:53:00,24207.55,24208.2,24204.45,24205.7,443536
1787037840,2026-08-18T12:54:00,24207.3,24208.35,24203.5,24206.5,451971
1787037900,2026-08-18T12:55:00,24207.45,24210.05,24205.95,24208.25,341170
1787037960,2026-08-18T12:56:00,24208.9,24209.05,24203.05,24204.5,301557
1787038020,2026-08-18T12:57:00,24205.4,24206.35,24200.95,24202.65,340036
1787038080,2026-08-18T12:58:00,24203.0,24204.4,24200.55,24203.15,470685
1787038140,2026-08-18T12:59:00,24202.95,24202.95,24198.75,24199.05,251972
1787038200,2026-08-18T13:00:00,24200.0,24200.15,24189.9,24190.9,356750
1787038260,2026-08-18T13:01:00,24191.5,24191.9,24187.85,24190.55,357114
1787038320,2026-08-18T13:02:00,24191.75,24196.15,24190.25,24195.7,289613
1787038380,2026-08-18T13:03:00,24196.15,24196.6,24190.5,24192.2,240288
1787038440,2026-08-18T13:04:00,24193.25,24194.95,24190.0,24193.7,341428
1787038500,2026-08-18T13:05:00,24192.4,24192.95,24185.6,24187.5,479060
1787038560,2026-08-18T13:06:00,24188.0,24189.95,24185.6,24187.85,312439
1787038620,2026-08-18T13:07:00,24188.3,24195.75,24187.05,24193.7,364667
1787038680,2026-08-18T13:08:00,24194.55,24197.95,24193.8,24195.2,404223
1787038740,2026-08-18T13:09:00,24196.6,24200.2,24195.7,24198.75,640271
1787038800,2026-08-18T13:10:00,24200.05,24201.85,24196.35,24198.6,803537
1787038860,2026-08-18T13:11:00,24200.85,24201.55,24197.05,24199.65,258190
1787038920,2026-08-18T13:12:00,24200.85,24203.0,24197.95,24201.65,460003
1787038980,2026-08-18T13:13:00,24202.1,24204.9,24199.95,24202.7,341345
1787039040,2026-08-18T13:14:00,24204.1,24204.55,24199.8,24202.6,409029
1787039100,2026-08-18T13:15:00,24204.5,24206.95,24202.1,24205.6,346944
1787039160,2026-08-18T13:16:00,24206.55,24207.7,24203.35,24204.85,409947
1787039220,2026-08-18T13:17:00,24206.15,24208.9,24203.7,24207.15,360402
1787039280,2026-08-18T13:18:00,24208.25,24210.7,24205.05,24208.6,512272
1787039340,2026-08-18T13:19:00,24208.75,24209.4,24203.65,24206.95,592783
1787039400,2026-08-18T13:20:00,24207.4,24207.4,24201.75,24203.1,399627
1787039460,2026-08-18T13:21:00,24203.9,24207.1,24200.85,24203.05,562784
1787039520,2026-08-18T13:22:00,24204.45,24208.9,24202.5,24204.35,1297669
1787039580,2026-08-18T13:23:00,24206.3,24207.4,24202.65,24203.5,526038
1787039640,2026-08-18T13:24:00,24205.2,24206.45,24201.4,24204.2,616021
1787039700,2026-08-18T13:25:00,24205.45,24207.15,24201.25,24201.65,533979
1787039760,2026-08-18T13:26:00,24201.7,24204.35,24198.65,24202.2,450576
1787039820,2026-08-18T13:27:00,24203.65,24205.1,24198.7,24200.7,368565
1787039880,2026-08-18T13:28:00,24202.45,24205.6,24200.1,24200.75,361574
1787039940,2026-08-18T13:29:00,24201.65,24208.05,24200.65,24207.85,453363
1787040000,2026-08-18T13:30:00,24208.35,24208.8,24203.05,24206.1,479753
1787040060,2026-08-18T13:31:00,24207.25,24208.75,24204.25,24208.25,465209
1787040120,2026-08-18T13:32:00,24209.0,24209.0,24203.6,24205.4,309839
1787040180,2026-08-18T13:33:00,24205.7,24206.6,24202.65,24205.7,362940
1787040240,2026-08-18T13:34:00,24205.35,24205.55,24201.75,24203.15,1020460
1787040300,2026-08-18T13:35:00,24203.8,24205.35,24201.75,24202.7,457847
1787040360,2026-08-18T13:36:00,24204.15,24204.75,24194.2,24194.2,502340
1787040420,2026-08-18T13:37:00,24195.45,24195.5,24190.1,24193.9,451490
1787040480,2026-08-18T13:38:00,24194.5,24197.2,24192.85,24196.0,376451
1787040540,2026-08-18T13:39:00,24197.65,24198.05,24192.8,24194.75,391553
1787040600,2026-08-18T13:40:00,24195.4,24198.1,24193.75,24195.7,445818
1787040660,2026-08-18T13:41:00,24197.25,24201.0,24194.55,24198.5,318166
1787040720,2026-08-18T13:42:00,24199.1,24200.3,24196.8,24197.4,414530
1787040780,2026-08-18T13:43:00,24198.5,24199.7,24195.3,24197.05,420117
1787040840,2026-08-18T13:44:00,24197.5,24204.65,24197.5,24202.0,461663
1787040900,2026-08-18T13:45:00,24202.65,24206.85,24200.45,24206.2,359949
1787040960,2026-08-18T13:46:00,24206.65,24207.6,24203.6,24203.95,298960
1787041020,2026-08-18T13:47:00,24204.9,24205.75,24203.2,24205.3,273845
1787041080,2026-08-18T13:48:00,24206.35,24206.35,24201.85,24204.8,371719
1787041140,2026-08-18T13:49:00,24205.9,24206.6,24202.95,24204.7,347309
1787041200,2026-08-18T13:50:00,24206.1,24206.1,24200.5,24201.85,401870
1787041260,2026-08-18T13:51:00,24202.75,24205.1,24199.2,24199.2,320817
1787041320,2026-08-18T13:52:00,24200.45,24200.45,24195.0,24195.0,623203
1787041380,2026-08-18T13:53:00,24196.5,24198.3,24195.1,24197.55,267111
1787041440,2026-08-18T13:54:00,24197.65,24199.6,24194.75,24196.15,387316
1787041500,2026-08-18T13:55:00,24197.9,24198.85,24195.6,24198.65,222022
1787041560,2026-08-18T13:56:00,24199.25,24200.1,24191.35,24193.65,533044
1787041620,2026-08-18T13:57:00,24194.7,24194.9,24187.9,24189.5,436277
1787041680,2026-08-18T13:58:00,24190.75,24191.3,24188.25,24189.85,354320
1787041740,2026-08-18T13:59:00,24190.7,24193.6,24189.6,24190.8,315708
1787041800,2026-08-18T14:00:00,24192.95,24196.15,24191.8,24193.2,317746
1787041860,2026-08-18T14:01:00,24194.95,24194.95,24191.0,24192.2,370347
1787041920,2026-08-18T14:02:00,24192.85,24199.75,24192.25,24199.35,433051
1787041980,2026-08-18T14:03:00,24199.75,24200.85,24197.85,24200.0,468606
1787042040,2026-08-18T14:04:00,24201.55,24207.8,24200.1,24206.75,490529
1787042100,2026-08-18T14:05:00,24207.75,24209.5,24195.1,24196.7,695556
1787042160,2026-08-18T14:06:00,24200.95,24206.3,24197.1,24200.25,361221
1787042220,2026-08-18T14:07:00,24202.65,24203.7,24197.8,24200.2,430571
1787042280,2026-08-18T14:08:00,24201.25,24201.25,24196.15,24196.15,316754
1787042340,2026-08-18T14:09:00,24198.0,24198.0,24194.35,24195.95,268518
1787042400,2026-08-18T14:10:00,24196.55,24197.0,24193.25,24193.4,417786
1787042460,2026-08-18T14:11:00,24195.0,24195.2,24189.2,24189.45,427597
1787042520,2026-08-18T14:12:00,24190.85,24194.4,24189.25,24191.85,344955
1787042580,2026-08-18T14:13:00,24193.95,24195.55,24192.6,24193.55,440033
1787042640,2026-08-18T14:14:00,24194.7,24198.0,24191.9,24195.55,450769
1787042700,2026-08-18T14:15:00,24196.95,24197.95,24191.95,24192.05,483237
1787042760,2026-08-18T14:16:00,24192.7,24194.6,24191.25,24194.3,566157
1787042820,2026-08-18T14:17:00,24194.15,24197.6,24192.3,24194.05,392198
1787042880,2026-08-18T14:18:00,24194.95,24198.3,24194.3,24196.7,390494
1787042940,2026-08-18T14:19:00,24196.8,24198.1,24189.85,24191.0,399400
1787043000,2026-08-18T14:20:00,24191.45,24195.7,24190.1,24194.65,551337
1787043060,2026-08-18T14:21:00,24195.35,24195.7,24192.65,24193.1,530297
1787043120,2026-08-18T14:22:00,24193.1,24193.3,24188.15,24191.25,503735
1787043180,2026-08-18T14:23:00,24192.3,24193.0,24185.85,24187.45,858126
1787043240,2026-08-18T14:24:00,24190.1,24200.3,24188.2,24193.75,1720949
1787043300,2026-08-18T14:25:00,24194.85,24200.6,24192.9,24196.25,867624
1787043360,2026-08-18T14:26:00,24196.0,24196.25,24192.35,24194.65,465339
1787043420,2026-08-18T14:27:00,24194.95,24195.2,24181.75,24187.55,1658685
1787043480,2026-08-18T14:28:00,24189.75,24195.85,24186.9,24195.15,617816
1787043540,2026-08-18T14:29:00,24195.8,24203.5,24194.8,24199.1,844862
1787043600,2026-08-18T14:30:00,24201.1,24207.0,24197.85,24203.45,733490
1787043660,2026-08-18T14:31:00,24205.15,24205.15,24196.8,24196.9,505175
1787043720,2026-08-18T14:32:00,24198.0,24203.0,24194.1,24198.9,692175
1787043780,2026-08-18T14:33:00,24200.7,24200.7,24194.8,24199.6,474531
1787043840,2026-08-18T14:34:00,24200.5,24203.6,24198.55,24198.55,593142
1787043900,2026-08-18T14:35:00,24200.75,24200.75,24191.85,24194.1,541711
1787043960,2026-08-18T14:36:00,24194.55,24197.35,24192.0,24194.7,1225359
1787044020,2026-08-18T14:37:00,24196.35,24200.5,24195.4,24197.25,666861
1787044080,2026-08-18T14:38:00,24198.45,24201.85,24195.65,24199.55,481374
1787044140,2026-08-18T14:39:00,24200.75,24204.45,24198.3,24201.55,383439
1787044200,2026-08-18T14:40:00,24201.75,24203.9,24199.05,24203.5,584092
1787044260,2026-08-18T14:41:00,24203.85,24207.5,24200.0,24201.75,626703
1787044320,2026-08-18T14:42:00,24202.8,24203.05,24198.7,24200.9,378338
1787044380,2026-08-18T14:43:00,24202.2,24202.25,24198.75,24199.2,345411
1787044440,2026-08-18T14:44:00,24201.4,24206.2,24200.4,24205.2,592343
1787044500,2026-08-18T14:45:00,24206.0,24206.05,24200.65,24200.65,625634
1787044560,2026-08-18T14:46:00,24202.0,24211.15,24198.9,24208.45,609951
1787044620,2026-08-18T14:47:00,24209.5,24209.5,24203.1,24205.35,498570
1787044680,2026-08-18T14:48:00,24207.1,24207.1,24201.8,24205.45,556146
1787044740,2026-08-18T14:49:00,24207.2,24209.2,24206.1,24207.1,631461
1787044800,2026-08-18T14:50:00,24208.7,24214.25,24207.45,24211.5,1184091
1787044860,2026-08-18T14:51:00,24213.3,24217.7,24211.75,24213.85,1107017
1787044920,2026-08-18T14:52:00,24215.5,24216.1,24208.7,24209.75,1099340
1787044980,2026-08-18T14:53:00,24210.65,24211.05,24205.8,24205.9,640211
1787045040,2026-08-18T14:54:00,24207.95,24208.65,24204.7,24206.1,674729
1787045100,2026-08-18T14:55:00,24207.35,24212.85,24206.25,24212.1,756771
1787045160,2026-08-18T14:56:00,24212.6,24216.75,24209.6,24213.0,932201
1787045220,2026-08-18T14:57:00,24215.7,24221.1,24212.5,24218.1,854720
1787045280,2026-08-18T14:58:00,24219.55,24219.55,24212.65,24215.3,906839
1787045340,2026-08-18T14:59:00,24216.55,24217.75,24212.6,24214.3,845201
1787045400,2026-08-18T15:00:00,24216.6,24230.05,24210.6,24228.25,2302670
1787045460,2026-08-18T15:01:00,24227.85,24230.75,24219.0,24220.3,1357827
1787045520,2026-08-18T15:02:00,24221.15,24222.95,24217.0,24219.45,838772
1787045580,2026-08-18T15:03:00,24221.35,24221.35,24209.25,24210.5,915884
1787045640,2026-08-18T15:04:00,24211.6,24212.3,24202.65,24203.2,930833
1787045700,2026-08-18T15:05:00,24205.4,24206.4,24201.2,24205.55,1557667
1787045760,2026-08-18T15:06:00,24205.75,24205.75,24197.75,24198.85,1444105
1787045820,2026-08-18T15:07:00,24200.65,24200.75,24191.05,24196.2,1478842
1787045880,2026-08-18T15:08:00,24196.55,24200.2,24194.5,24200.05,1126275
1787045940,2026-08-18T15:09:00,24199.7,24199.7,24191.95,24197.3,2480518
1787046000,2026-08-18T15:10:00,24196.5,24200.65,24193.65,24198.45,1552100
1787046060,2026-08-18T15:11:00,24199.35,24202.85,24195.65,24198.85,2016213
1787046120,2026-08-18T15:12:00,24198.5,24201.3,24189.9,24191.95,3136250
1787046180,2026-08-18T15:13:00,24191.05,24191.85,24183.5,24185.15,1638947
1787046240,2026-08-18T15:14:00,24182.8,24187.1,24165.45,24165.8,2000243
1787046300,2026-08-18T15:15:00,24166.35,24166.35,24166.35,24166.35,12674
1787046360,2026-08-18T15:16:00,24166.35,24166.35,24166.35,24166.35,12674
1787046420,2026-08-18T15:17:00,24166.35,24166.35,24166.35,24166.35,12674
1787046480,2026-08-18T15:18:00,24166.35,24166.35,24166.35,24166.35,12674
1787046540,2026-08-18T15:19:00,24166.35,24166.35,24166.35,24166.35,12674
1787046600,2026-08-18T15:20:00,24166.35,24166.35,24166.35,24166.35,12674
1787046660,2026-08-18T15:21:00,24166.35,24166.35,24166.35,24166.35,12674
1787046720,2026-08-18T15:22:00,24166.35,24166.35,24166.35,24166.35,12674
1787046780,2026-08-18T15:23:00,24166.35,24166.35,24166.35,24166.35,12674
1787046840,2026-08-18T15:24:00,24166.35,24166.35,24166.35,24166.35,12674
1787046900,2026-08-18T15:25:00,24166.35,24166.35,24166.35,24166.35,12674
1787046960,2026-08-18T15:26:00,24166.35,24166.35,24166.35,24166.35,12674
1787047020,2026-08-18T15:27:00,24166.35,24166.35,24166.35,24166.35,12674
1787047080,2026-08-18T15:28:00,24166.35,24166.35,24166.35,24166.35,12674
1787047140,2026-08-18T15:29:00,24166.35,24166.35,24154.9,24154.9,12674
1787111100,2026-08-19T09:15:00,24152.05,24172.85,24105.75,24117.7,4173404
1787111160,2026-08-19T09:16:00,24120.3,24120.8,24108.6,24110.45,2431851
1787111220,2026-08-19T09:17:00,24111.8,24114.85,24102.5,24114.6,1718584
1787111280,2026-08-19T09:18:00,24115.75,24119.7,24109.7,24113.35,1710299
1787111340,2026-08-19T09:19:00,24114.65,24119.6,24109.5,24118.7,1697955
1787111400,2026-08-19T09:20:00,24119.75,24120.45,24109.4,24113.7,1187980
1787111460,2026-08-19T09:21:00,24114.45,24125.3,24110.9,24122.45,1093781
1787111520,2026-08-19T09:22:00,24123.2,24123.2,24113.25,24118.75,984927
1787111580,2026-08-19T09:23:00,24119.5,24120.0,24108.45,24111.15,1002129
1787111640,2026-08-19T09:24:00,24112.2,24113.0,24105.3,24106.05,1000563
1787111700,2026-08-19T09:25:00,24108.6,24109.4,24098.0,24098.3,1301929
1787111760,2026-08-19T09:26:00,24100.65,24103.05,24094.45,24100.7,952643
1787111820,2026-08-19T09:27:00,24103.2,24109.15,24100.4,24104.9,684827
1787111880,2026-08-19T09:28:00,24107.65,24107.65,24098.6,24099.35,994543
1787111940,2026-08-19T09:29:00,24100.85,24101.7,24093.05,24096.75,912766
1787112000,2026-08-19T09:30:00,24098.25,24099.0,24088.65,24089.95,957387
1787112060,2026-08-19T09:31:00,24090.8,24092.05,24080.35,24082.35,889424
1787112120,2026-08-19T09:32:00,24083.9,24087.05,24077.8,24081.25,644786
1787112180,2026-08-19T09:33:00,24082.65,24084.15,24078.4,24079.5,840167
1787112240,2026-08-19T09:34:00,24081.2,24081.2,24071.75,24073.85,680903
1787112300,2026-08-19T09:35:00,24076.4,24077.95,24070.15,24071.2,744617
1787112360,2026-08-19T09:36:00,24074.15,24075.05,24068.35,24071.0,708560
1787112420,2026-08-19T09:37:00,24072.75,24073.55,24066.3,24067.2,725900
1787112480,2026-08-19T09:38:00,24069.5,24069.55,24065.1,24069.55,543702
1787112540,2026-08-19T09:39:00,24070.65,24080.05,24067.1,24079.55,645973
1787112600,2026-08-19T09:40:00,24080.5,24081.3,24069.15,24073.7,723145
1787112660,2026-08-19T09:41:00,24075.75,24079.9,24071.4,24076.75,627494
1787112720,2026-08-19T09:42:00,24078.65,24080.65,24075.25,24080.25,584252
1787112780,2026-08-19T09:43:00,24081.85,24088.35,24078.35,24087.65,690141
1787112840,2026-08-19T09:44:00,24089.1,24090.95,24083.7,24084.55,606754
1787112900,2026-08-19T09:45:00,24085.35,24086.85,24080.3,24082.25,743745
1787112960,2026-08-19T09:46:00,24084.15,24085.55,24079.55,24080.65,533694
1787113020,2026-08-19T09:47:00,24081.75,24084.1,24079.75,24082.15,580171
1787113080,2026-08-19T09:48:00,24084.15,24088.95,24081.3,24088.4,637918
1787113140,2026-08-19T09:49:00,24090.8,24095.45,24085.1,24094.15,596004
1787113200,2026-08-19T09:50:00,24095.35,24103.75,24093.5,24103.75,701138
1787113260,2026-08-19T09:51:00,24105.7,24108.45,24101.45,24102.8,597115
1787113320,2026-08-19T09:52:00,24103.75,24103.75,24096.2,24097.8,669756
1787113380,2026-08-19T09:53:00,24099.5,24106.15,24095.8,24102.45,522309
1787113440,2026-08-19T09:54:00,24104.0,24105.6,24099.4,24099.75,471691
1787113500,2026-08-19T09:55:00,24100.85,24100.9,24093.6,24098.4,549576
1787113560,2026-08-19T09:56:00,24098.75,24102.3,24096.2,24102.1,485773
1787113620,2026-08-19T09:57:00,24102.75,24105.15,24097.9,24099.8,616917
1787113680,2026-08-19T09:58:00,24100.25,24100.8,24094.45,24098.15,702359
1787113740,2026-08-19T09:59:00,24098.05,24098.75,24094.25,24097.8,664510
1787113800,2026-08-19T10:00:00,24097.15,24101.6,24096.75,24098.55,827184
1787113860,2026-08-19T10:01:00,24100.65,24100.65,24093.1,24095.05,744763
1787113920,2026-08-19T10:02:00,24097.95,24100.45,24094.95,24098.2,493152
1787113980,2026-08-19T10:03:00,24100.8,24107.8,24099.0,24105.45,560882
1787114040,2026-08-19T10:04:00,24106.1,24106.1,24098.6,24099.75,386052
1787114100,2026-08-19T10:05:00,24101.55,24102.5,24095.75,24096.3,438133
1787114160,2026-08-19T10:06:00,24098.4,24098.4,24093.85,24096.5,536378
1787114220,2026-08-19T10:07:00,24098.0,24099.6,24095.25,24098.25,362274
1787114280,2026-08-19T10:08:00,24100.35,24101.75,24097.85,24100.5,443934
1787114340,2026-08-19T10:09:00,24101.15,24101.4,24093.6,24094.45,540287
1787114400,2026-08-19T10:10:00,24094.85,24098.55,24092.25,24093.65,452821
1787114460,2026-08-19T10:11:00,24094.6,24095.5,24090.05,24092.95,648578
1787114520,2026-08-19T10:12:00,24095.1,24095.1,24088.55,24090.0,559153
1787114580,2026-08-19T10:13:00,24091.75,24091.75,24085.2,24085.3,560719
1787114640,2026-08-19T10:14:00,24087.35,24091.95,24085.15,24091.8,450394
1787114700,2026-08-19T10:15:00,24093.25,24094.5,24083.05,24083.75,538519
1787114760,2026-08-19T10:16:00,24085.65,24086.35,24081.3,24083.5,642403
1787114820,2026-08-19T10:17:00,24085.9,24086.6,24080.15,24080.25,385031
1787114880,2026-08-19T10:18:00,24083.05,24084.6,24074.25,24075.2,441508
1787114940,2026-08-19T10:19:00,24076.25,24076.25,24071.3,24072.7,361027
1787115000,2026-08-19T10:20:00,24074.45,24074.45,24065.8,24066.1,561369
1787115060,2026-08-19T10:21:00,24068.05,24068.25,24064.05,24065.9,500157
1787115120,2026-08-19T10:22:00,24067.45,24068.85,24065.1,24067.0,323204
1787115180,2026-08-19T10:23:00,24069.0,24069.6,24064.55,24064.7,584215
1787115240,2026-08-19T10:24:00,24067.45,24069.4,24063.2,24065.05,409543
1787115300,2026-08-19T10:25:00,24067.2,24069.0,24064.6,24066.7,503103
1787115360,2026-08-19T10:26:00,24068.35,24068.45,24064.05,24067.8,402572
1787115420,2026-08-19T10:27:00,24069.6,24070.65,24066.5,24068.8,495034
1787115480,2026-08-19T10:28:00,24069.95,24070.75,24067.2,24069.6,677037
1787115540,2026-08-19T10:29:00,24071.25,24071.25,24064.95,24065.2,553766
1787115600,2026-08-19T10:30:00,24066.4,24066.4,24061.25,24063.25,585740
1787115660,2026-08-19T10:31:00,24064.75,24064.75,24057.8,24062.85,557892
1787115720,2026-08-19T10:32:00,24063.6,24065.4,24059.05,24062.8,397067
1787115780,2026-08-19T10:33:00,24064.15,24064.85,24060.0,24063.9,514443
1787115840,2026-08-19T10:34:00,24064.7,24064.9,24056.55,24057.45,594364
1787115900,2026-08-19T10:35:00,24058.85,24060.25,24051.15,24058.3,514279
1787115960,2026-08-19T10:36:00,24059.7,24063.2,24058.15,24061.0,1377243
1787116020,2026-08-19T10:37:00,24062.9,24063.05,24054.8,24055.65,446573
1787116080,2026-08-19T10:38:00,24056.85,24056.85,24050.55,24051.55,498733
1787116140,2026-08-19T10:39:00,24054.05,24056.45,24050.75,24051.95,332596
1787116200,2026-08-19T10:40:00,24054.0,24054.05,24049.55,24051.75,522552
1787116260,2026-08-19T10:41:00,24053.8,24054.0,24045.05,24045.45,721548
1787116320,2026-08-19T10:42:00,24047.15,24052.95,24042.9,24052.3,737030
1787116380,2026-08-19T10:43:00,24053.65,24058.45,24048.45,24057.6,805927
1787116440,2026-08-19T10:44:00,24060.0,24061.05,24057.05,24058.4,554020
1787116500,2026-08-19T10:45:00,24060.1,24060.1,24052.6,24054.0,466145
1787116560,2026-08-19T10:46:00,24055.25,24055.25,24051.55,24052.7,397565
1787116620,2026-08-19T10:47:00,24054.4,24055.05,24050.5,24052.4,455876
1787116680,2026-08-19T10:48:00,24054.45,24054.5,24048.65,24051.3,575403
1787116740,2026-08-19T10:49:00,24053.2,24054.65,24051.2,24053.1,448573
1787116800,2026-08-19T10:50:00,24054.9,24054.9,24050.4,24051.15,612092
1787116860,2026-08-19T10:51:00,24052.75,24054.7,24049.65,24052.75,414031
1787116920,2026-08-19T10:52:00,24054.15,24055.1,24050.85,24052.65,324511
1787116980,2026-08-19T10:53:00,24055.1,24058.25,24051.7,24056.65,293615
1787117040,2026-08-19T10:54:00,24057.6,24062.2,24055.8,24061.3,687697
1787117100,2026-08-19T10:55:00,24062.75,24065.6,24059.95,24064.55,537909
1787117160,2026-08-19T10:56:00,24065.6,24067.7,24061.05,24066.15,404434
1787117220,2026-08-19T10:57:00,24067.7,24068.05,24061.15,24064.95,499397
1787117280,2026-08-19T10:58:00,24066.65,24068.3,24062.6,24064.75,392129
1787117340,2026-08-19T10:59:00,24065.85,24066.2,24055.9,24056.1,531775
1787117400,2026-08-19T11:00:00,24058.95,24058.95,24051.75,24053.65,516056
1787117460,2026-08-19T11:01:00,24055.9,24059.2,24052.9,24055.4,589568
1787117520,2026-08-19T11:02:00,24057.15,24057.15,24047.25,24047.65,684065
1787117580,2026-08-19T11:03:00,24050.65,24051.8,24046.05,24047.35,404205
1787117640,2026-08-19T11:04:00,24049.9,24049.9,24044.95,24047.95,338463
1787117700,2026-08-19T11:05:00,24050.0,24050.0,24044.3,24045.8,490761
1787117760,2026-08-19T11:06:00,24047.0,24047.25,24042.2,24043.35,511201
1787117820,2026-08-19T11:07:00,24045.15,24045.25,24029.55,24034.55,945378
1787117880,2026-08-19T11:08:00,24035.45,24041.0,24027.9,24038.1,567209
1787117940,2026-08-19T11:09:00,24039.3,24042.65,24034.8,24041.2,503173
1787118000,2026-08-19T11:10:00,24043.85,24047.6,24041.55,24043.5,652869
1787118060,2026-08-19T11:11:00,24045.6,24048.7,24040.15,24043.0,547451
1787118120,2026-08-19T11:12:00,24045.05,24045.05,24039.1,24041.85,547503
1787118180,2026-08-19T11:13:00,24044.35,24045.9,24038.4,24045.75,863249
1787118240,2026-08-19T11:14:00,24047.85,24051.15,24046.15,24048.5,722911
1787118300,2026-08-19T11:15:00,24051.65,24054.7,24047.8,24051.25,520264
1787118360,2026-08-19T11:16:00,24053.8,24053.8,24045.3,24049.55,568151
1787118420,2026-08-19T11:17:00,24051.6,24052.4,24046.25,24047.75,383797
1787118480,2026-08-19T11:18:00,24049.4,24050.15,24045.35,24048.9,337200
1787118540,2026-08-19T11:19:00,24050.6,24055.4,24047.75,24053.15,388357
1787118600,2026-08-19T11:20:00,24057.0,24060.0,24052.1,24052.95,545158
1787118660,2026-08-19T11:21:00,24056.6,24059.9,24052.1,24059.1,986250
1787118720,2026-08-19T11:22:00,24060.25,24062.25,24055.95,24058.9,740101
1787118780,2026-08-19T11:23:00,24060.35,24060.35,24054.7,24056.2,741424
1787118840,2026-08-19T11:24:00,24058.5,24058.7,24051.55,24052.25,480267
1787118900,2026-08-19T11:25:00,24054.6,24054.85,24048.1,24048.55,505318
1787118960,2026-08-19T11:26:00,24050.2,24054.45,24046.95,24054.45,617109
1787119020,2026-08-19T11:27:00,24055.45,24056.6,24052.05,24054.65,528257
1787119080,2026-08-19T11:28:00,24057.6,24057.85,24053.3,24053.5,540966
1787119140,2026-08-19T11:29:00,24055.5,24055.6,24050.9,24054.35,361663
1787119200,2026-08-19T11:30:00,24056.75,24058.35,24053.2,24056.85,548674
1787119260,2026-08-19T11:31:00,24059.0,24059.0,24055.05,24056.95,368137
1787119320,2026-08-19T11:32:00,24058.45,24058.45,24053.4,24054.15,510648
1787119380,2026-08-19T11:33:00,24055.95,24056.25,24050.25,24054.15,677999
1787119440,2026-08-19T11:34:00,24056.05,24058.5,24053.85,24054.25,1010759
1787119500,2026-08-19T11:35:00,24056.6,24057.0,24048.5,24053.1,918332
1787119560,2026-08-19T11:36:00,24054.9,24054.9,24047.5,24047.7,479382
1787119620,2026-08-19T11:37:00,24048.35,24048.75,24042.65,24044.15,492220
1787119680,2026-08-19T11:38:00,24046.3,24048.65,24043.2,24044.9,369880
1787119740,2026-08-19T11:39:00,24046.3,24049.8,24045.05,24048.1,667649
1787119800,2026-08-19T11:40:00,24050.35,24051.35,24044.35,24050.4,564746
1787119860,2026-08-19T11:41:00,24050.35,24051.9,24047.7,24051.7,423393
1787119920,2026-08-19T11:42:00,24052.95,24052.95,24046.85,24048.35,545663
1787119980,2026-08-19T11:43:00,24050.5,24051.95,24048.65,24049.75,470053
1787120040,2026-08-19T11:44:00,24051.35,24053.35,24048.25,24052.45,381504
1787120100,2026-08-19T11:45:00,24054.5,24055.3,24049.75,24053.15,427495
1787120160,2026-08-19T11:46:00,24054.15,24059.45,24053.35,24056.45,397889
1787120220,2026-08-19T11:47:00,24057.75,24066.2,24056.3,24061.85,801654
1787120280,2026-08-19T11:48:00,24063.4,24066.4,24061.5,24065.0,480251
1787120340,2026-08-19T11:49:00,24066.5,24069.05,24062.2,24066.9,1234539
1787120400,2026-08-19T11:50:00,24068.95,24076.5,24067.35,24072.5,966990
1787120460,2026-08-19T11:51:00,24074.75,24075.15,24069.6,24074.65,553012
1787120520,2026-08-19T11:52:00,24075.35,24075.8,24070.45,24074.7,527618
1787120580,2026-08-19T11:53:00,24077.3,24081.7,24074.05,24078.4,491827
1787120640,2026-08-19T11:54:00,24079.85,24080.0,24076.85,24079.9,439753
1787120700,2026-08-19T11:55:00,24081.85,24082.05,24075.8,24077.35,513415
1787120760,2026-08-19T11:56:00,24079.6,24079.6,24075.8,24076.3,611144
1787120820,2026-08-19T11:57:00,24077.9,24080.55,24075.95,24079.25,564902
1787120880,2026-08-19T11:58:00,24080.7,24082.2,24076.3,24077.4,1058072
1787120940,2026-08-19T11:59:00,24078.25,24081.1,24076.35,24078.3,1066962
1787121000,2026-08-19T12:00:00,24080.35,24081.15,24071.0,24072.75,811543
1787121060,2026-08-19T12:01:00,24073.9,24077.15,24070.2,24070.35,553947
1787121120,2026-08-19T12:02:00,24071.7,24074.9,24070.25,24072.05,633534
1787121180,2026-08-19T12:03:00,24072.7,24073.25,24063.1,24063.25,1049338
1787121240,2026-08-19T12:04:00,24065.4,24067.45,24058.8,24059.8,529863
1787121300,2026-08-19T12:05:00,24061.0,24062.1,24058.1,24060.85,513876
1787121360,2026-08-19T12:06:00,24062.5,24067.8,24060.9,24067.8,578342
1787121420,2026-08-19T12:07:00,24068.55,24068.55,24061.3,24062.55,816507
1787121480,2026-08-19T12:08:00,24064.95,24064.95,24056.2,24058.15,630060
1787121540,2026-08-19T12:09:00,24061.55,24061.85,24051.6,24056.15,975079
1787121600,2026-08-19T12:10:00,24058.45,24058.45,24052.25,24055.4,331010
1787121660,2026-08-19T12:11:00,24056.4,24056.85,24054.0,24054.45,486832
1787121720,2026-08-19T12:12:00,24055.85,24056.5,24050.7,24051.6,674730
1787121780,2026-08-19T12:13:00,24053.9,24054.55,24050.25,24050.7,394047
1787121840,2026-08-19T12:14:00,24052.0,24054.6,24050.3,24052.8,634045
1787121900,2026-08-19T12:15:00,24054.05,24055.65,24050.95,24053.6,509753
1787121960,2026-08-19T12:16:00,24055.55,24057.0,24051.65,24054.15,512293
1787122020,2026-08-19T12:17:00,24056.0,24056.15,24052.15,24053.7,619622
1787122080,2026-08-19T12:18:00,24055.5,24055.5,24051.95,24054.6,912903
1787122140,2026-08-19T12:19:00,24056.35,24061.3,24053.8,24060.2,898359
1787122200,2026-08-19T12:20:00,24060.5,24063.55,24058.3,24061.35,435658
1787122260,2026-08-19T12:21:00,24062.35,24064.4,24057.55,24062.85,458180
1787122320,2026-08-19T12:22:00,24065.05,24065.05,24055.3,24056.95,581183
1787122380,2026-08-19T12:23:00,24058.9,24062.15,24056.85,24061.15,553276
1787122440,2026-08-19T12:24:00,24061.7,24067.15,24060.5,24064.5,503413
1787122500,2026-08-19T12:25:00,24066.0,24066.35,24058.0,24058.75,343615
1787122560,2026-08-19T12:26:00,24060.6,24060.6,24054.0,24054.0,417716
1787122620,2026-08-19T12:27:00,24055.35,24058.55,24052.7,24056.1,344358
1787122680,2026-08-19T12:28:00,24057.25,24059.55,24054.95,24058.4,282002
1787122740,2026-08-19T12:29:00,24060.95,24062.95,24058.7,24059.85,349981
1787122800,2026-08-19T12:30:00,24061.55,24062.1,24054.35,24054.7,398997
1787122860,2026-08-19T12:31:00,24056.5,24056.5,24051.8,24054.4,345594
1787122920,2026-08-19T12:32:00,24055.65,24055.9,24049.05,24050.55,426005
1787122980,2026-08-19T12:33:00,24052.85,24054.6,24049.7,24051.3,531483
1787123040,2026-08-19T12:34:00,24053.3,24055.6,24050.35,24054.05,418366
1787123100,2026-08-19T12:35:00,24055.95,24059.5,24054.5,24057.95,392934
1787123160,2026-08-19T12:36:00,24059.9,24059.9,24055.75,24057.2,412134
1787123220,2026-08-19T12:37:00,24059.95,24061.2,24055.3,24056.6,544096
1787123280,2026-08-19T12:38:00,24058.8,24058.8,24048.45,24048.45,743274
1787123340,2026-08-19T12:39:00,24051.45,24057.35,24049.8,24054.55,361118
1787123400,2026-08-19T12:40:00,24057.0,24059.3,24051.15,24051.15,309794
1787123460,2026-08-19T12:41:00,24053.45,24060.45,24051.7,24057.9,542228
1787123520,2026-08-19T12:42:00,24058.9,24058.9,24053.2,24053.45,414246
1787123580,2026-08-19T12:43:00,24055.95,24060.95,24052.85,24060.25,481645
1787123640,2026-08-19T12:44:00,24062.1,24062.1,24054.55,24055.3,309361
1787123700,2026-08-19T12:45:00,24056.95,24056.95,24048.75,24050.5,433642
1787123760,2026-08-19T12:46:00,24053.3,24053.35,24047.05,24051.35,412319
1787123820,2026-08-19T12:47:00,24053.1,24053.65,24046.95,24048.0,340496
1787123880,2026-08-19T12:48:00,24051.2,24052.3,24047.05,24051.8,354222
1787123940,2026-08-19T12:49:00,24052.5,24054.4,24049.6,24052.05,325561
1787124000,2026-08-19T12:50:00,24053.7,24055.45,24050.55,24055.05,502548
1787124060,2026-08-19T12:51:00,24055.95,24055.95,24050.25,24053.0,277876
1787124120,2026-08-19T12:52:00,24054.45,24055.35,24051.85,24053.25,240590
1787124180,2026-08-19T12:53:00,24055.0,24055.95,24052.5,24055.55,470624
1787124240,2026-08-19T12:54:00,24056.5,24057.35,24053.0,24055.55,507157
1787124300,2026-08-19T12:55:00,24057.4,24057.75,24053.15,24053.55,813727
1787124360,2026-08-19T12:56:00,24055.1,24055.1,24047.6,24051.75,564297
1787124420,2026-08-19T12:57:00,24052.55,24054.25,24048.65,24052.4,330830
1787124480,2026-08-19T12:58:00,24053.75,24055.35,24050.15,24051.2,258752
1787124540,2026-08-19T12:59:00,24053.75,24057.55,24051.5,24055.3,480790
1787124600,2026-08-19T13:00:00,24056.2,24057.8,24053.55,24055.05,540879
1787124660,2026-08-19T13:01:00,24056.05,24058.75,24053.65,24056.4,260075
1787124720,2026-08-19T13:02:00,24058.1,24058.1,24054.3,24056.2,382387
1787124780,2026-08-19T13:03:00,24057.15,24062.3,24053.85,24061.6,480476
1787124840,2026-08-19T13:04:00,24063.0,24066.15,24061.45,24062.8,463475
1787124900,2026-08-19T13:05:00,24063.6,24064.15,24057.4,24059.3,1155929
1787124960,2026-08-19T13:06:00,24060.7,24060.7,24056.5,24056.5,841161
1787125020,2026-08-19T13:07:00,24058.75,24059.6,24055.6,24058.5,871206
1787125080,2026-08-19T13:08:00,24060.75,24064.25,24059.25,24062.75,535333
1787125140,2026-08-19T13:09:00,24064.7,24064.7,24059.15,24064.45,641509
1787125200,2026-08-19T13:10:00,24065.9,24066.0,24056.6,24058.85,499741
1787125260,2026-08-19T13:11:00,24059.4,24060.65,24056.65,24057.5,747406
1787125320,2026-08-19T13:12:00,24059.3,24059.55,24053.7,24054.0,311403
1787125380,2026-08-19T13:13:00,24055.65,24055.85,24049.85,24050.4,531595
1787125440,2026-08-19T13:14:00,24052.05,24052.05,24045.15,24046.15,432502
1787125500,2026-08-19T13:15:00,24048.0,24051.2,24043.9,24044.6,639554
1787125560,2026-08-19T13:16:00,24047.0,24048.45,24040.95,24042.9,424141
1787125620,2026-08-19T13:17:00,24044.2,24044.65,24038.35,24040.55,473956
1787125680,2026-08-19T13:18:00,24042.2,24050.25,24041.0,24045.9,340754
1787125740,2026-08-19T13:19:00,24048.25,24050.45,24043.1,24043.1,303195
1787125800,2026-08-19T13:20:00,24044.75,24044.75,24038.0,24040.8,488229
1787125860,2026-08-19T13:21:00,24041.9,24043.95,24039.55,24040.8,460279
1787125920,2026-08-19T13:22:00,24042.7,24045.5,24039.95,24042.35,437501
1787125980,2026-08-19T13:23:00,24043.75,24043.75,24038.2,24040.85,350614
1787126040,2026-08-19T13:24:00,24043.0,24043.85,24039.8,24041.95,567564
1787126100,2026-08-19T13:25:00,24043.7,24045.0,24038.6,24043.8,461818
1787126160,2026-08-19T13:26:00,24045.4,24045.4,24040.95,24042.7,289054
1787126220,2026-08-19T13:27:00,24043.6,24044.55,24039.35,24042.45,274116
1787126280,2026-08-19T13:28:00,24043.9,24044.5,24041.15,24042.35,226051
1787126340,2026-08-19T13:29:00,24044.1,24045.15,24039.4,24041.1,383409
1787126400,2026-08-19T13:30:00,24042.5,24044.65,24039.6,24043.6,280257
1787126460,2026-08-19T13:31:00,24044.3,24044.9,24040.05,24041.55,205106
1787126520,2026-08-19T13:32:00,24044.05,24046.05,24041.5,24043.55,250823
1787126580,2026-08-19T13:33:00,24045.55,24045.9,24038.2,24039.2,409935
1787126640,2026-08-19T13:34:00,24040.6,24041.75,24037.75,24038.9,585624
1787126700,2026-08-19T13:35:00,24041.35,24044.5,24038.3,24043.35,495948
1787126760,2026-08-19T13:36:00,24044.95,24046.55,24042.45,24046.05,290122
1787126820,2026-08-19T13:37:00,24048.15,24050.6,24041.9,24043.95,503381
1787126880,2026-08-19T13:38:00,24045.3,24045.4,24038.2,24038.8,590488
1787126940,2026-08-19T13:39:00,24042.15,24048.4,24039.1,24046.55,438475
1787127000,2026-08-19T13:40:00,24047.9,24049.3,24042.85,24044.35,574120
1787127060,2026-08-19T13:41:00,24045.7,24049.6,24042.35,24046.5,475887
1787127120,2026-08-19T13:42:00,24049.45,24050.4,24046.25,24047.45,678393
1787127180,2026-08-19T13:43:00,24048.7,24049.2,24044.65,24044.85,352350
1787127240,2026-08-19T13:44:00,24048.7,24048.75,24041.55,24042.2,343791
1787127300,2026-08-19T13:45:00,24044.35,24052.7,24042.15,24043.4,741413
1787127360,2026-08-19T13:46:00,24045.45,24045.65,24040.3,24042.0,370634
1787127420,2026-08-19T13:47:00,24044.25,24044.25,24039.8,24040.95,268407
1787127480,2026-08-19T13:48:00,24043.05,24044.15,24037.15,24043.25,410073
1787127540,2026-08-19T13:49:00,24045.15,24047.5,24041.3,24041.9,399748
1787127600,2026-08-19T13:50:00,24043.6,24043.7,24038.75,24039.65,335138
1787127660,2026-08-19T13:51:00,24042.2,24042.7,24036.0,24036.85,506908
1787127720,2026-08-19T13:52:00,24038.9,24043.1,24035.7,24042.25,597776
1787127780,2026-08-19T13:53:00,24043.25,24043.9,24039.6,24042.1,492248
1787127840,2026-08-19T13:54:00,24044.5,24045.55,24039.0,24040.0,410810
1787127900,2026-08-19T13:55:00,24042.4,24045.2,24039.4,24042.4,369171
1787127960,2026-08-19T13:56:00,24044.0,24045.25,24041.15,24042.6,247426
1787128020,2026-08-19T13:57:00,24044.25,24047.8,24041.95,24045.3,520893
1787128080,2026-08-19T13:58:00,24047.05,24047.8,24044.65,24046.3,371116
1787128140,2026-08-19T13:59:00,24049.2,24050.0,24042.55,24044.95,385088
1787128200,2026-08-19T14:00:00,24046.5,24050.35,24044.25,24050.05,440820
1787128260,2026-08-19T14:01:00,24051.6,24053.45,24047.2,24052.75,325372
1787128320,2026-08-19T14:02:00,24054.6,24057.3,24051.8,24055.0,464327
1787128380,2026-08-19T14:03:00,24055.55,24059.3,24053.5,24055.5,426211
1787128440,2026-08-19T14:04:00,24057.35,24057.35,24052.15,24054.6,425047
1787128500,2026-08-19T14:05:00,24056.85,24056.9,24051.0,24052.4,577613
1787128560,2026-08-19T14:06:00,24055.45,24056.3,24052.25,24055.3,467330
1787128620,2026-08-19T14:07:00,24056.8,24057.2,24051.2,24054.3,469225
1787128680,2026-08-19T14:08:00,24056.7,24062.6,24056.7,24059.5,377385
1787128740,2026-08-19T14:09:00,24061.1,24061.1,24053.1,24054.65,327917
1787128800,2026-08-19T14:10:00,24056.85,24057.0,24051.4,24056.65,346473
1787128860,2026-08-19T14:11:00,24058.5,24062.75,24057.25,24060.8,467304
1787128920,2026-08-19T14:12:00,24063.95,24064.55,24060.4,24062.15,413766
1787128980,2026-08-19T14:13:00,24063.0,24064.35,24054.95,24055.2,414941
1787129040,2026-08-19T14:14:00,24056.85,24056.85,24048.05,24051.35,442738
1787129100,2026-08-19T14:15:00,24052.35,24054.05,24046.3,24046.9,440645
1787129160,2026-08-19T14:16:00,24049.45,24049.45,24041.7,24042.55,671033
1787129220,2026-08-19T14:17:00,24045.85,24050.05,24043.95,24044.55,654776
1787129280,2026-08-19T14:18:00,24045.75,24049.5,24041.9,24043.05,473098
1787129340,2026-08-19T14:19:00,24044.45,24044.45,24039.0,24039.7,448120
1787129400,2026-08-19T14:20:00,24041.7,24041.75,24037.45,24038.4,397708
1787129460,2026-08-19T14:21:00,24040.0,24040.15,24034.65,24035.3,486224
1787129520,2026-08-19T14:22:00,24037.65,24037.65,24028.8,24031.8,499614
1787129580,2026-08-19T14:23:00,24034.35,24035.65,24025.65,24031.2,779569
1787129640,2026-08-19T14:24:00,24032.3,24035.6,24029.2,24030.5,478180
1787129700,2026-08-19T14:25:00,24031.8,24036.65,24029.4,24033.45,709641
1787129760,2026-08-19T14:26:00,24034.4,24034.8,24026.65,24029.05,490466
1787129820,2026-08-19T14:27:00,24030.95,24036.55,24030.6,24033.0,510322
1787129880,2026-08-19T14:28:00,24036.45,24036.45,24028.9,24031.2,475263
1787129940,2026-08-19T14:29:00,24033.4,24041.4,24030.8,24039.05,515776
1787130000,2026-08-19T14:30:00,24040.45,24045.4,24037.9,24043.85,615555
1787130060,2026-08-19T14:31:00,24045.6,24049.25,24041.85,24047.95,509146
1787130120,2026-08-19T14:32:00,24049.55,24049.55,24042.15,24044.0,704187
1787130180,2026-08-19T14:33:00,24046.3,24051.45,24045.35,24050.15,635200
1787130240,2026-08-19T14:34:00,24051.9,24053.9,24049.15,24050.9,837374
1787130300,2026-08-19T14:35:00,24053.35,24086.5,24046.25,24085.25,1591486
1787130360,2026-08-19T14:36:00,24087.05,24087.05,24066.7,24069.7,1234321
1787130420,2026-08-19T14:37:00,24072.5,24074.75,24058.4,24059.55,489575
1787130480,2026-08-19T14:38:00,24061.1,24061.55,24046.05,24048.6,498216
1787130540,2026-08-19T14:39:00,24050.9,24054.65,24044.6,24046.85,492290
1787130600,2026-08-19T14:40:00,24049.5,24050.55,24045.15,24050.2,512413
1787130660,2026-08-19T14:41:00,24051.85,24053.2,24040.75,24041.95,561878
1787130720,2026-08-19T14:42:00,24044.7,24048.3,24042.7,24046.85,565181
1787130780,2026-08-19T14:43:00,24049.4,24053.45,24047.5,24051.95,560043
1787130840,2026-08-19T14:44:00,24053.9,24054.5,24046.3,24049.0,512948
1787130900,2026-08-19T14:45:00,24049.45,24054.35,24049.15,24050.85,510801
1787130960,2026-08-19T14:46:00,24053.2,24053.2,24045.4,24046.1,573920
1787131020,2026-08-19T14:47:00,24048.7,24048.7,24042.45,24044.3,534350
1787131080,2026-08-19T14:48:00,24045.3,24045.65,24039.75,24041.25,557685
1787131140,2026-08-19T14:49:00,24042.8,24045.75,24039.75,24041.55,538467
1787131200,2026-08-19T14:50:00,24044.05,24047.85,24042.25,24043.4,977699
1787131260,2026-08-19T14:51:00,24045.75,24048.05,24042.6,24045.7,1216706
1787131320,2026-08-19T14:52:00,24047.45,24048.15,24043.25,24045.65,1107825
1787131380,2026-08-19T14:53:00,24047.25,24049.8,24044.15,24049.6,1145646
1787131440,2026-08-19T14:54:00,24050.55,24051.7,24047.1,24050.45,843530
1787131500,2026-08-19T14:55:00,24050.95,24053.15,24047.65,24050.45,852302
1787131560,2026-08-19T14:56:00,24053.0,24056.7,24047.35,24054.2,983289
1787131620,2026-08-19T14:57:00,24055.95,24056.6,24051.75,24052.7,1016499
1787131680,2026-08-19T14:58:00,24054.55,24056.9,24051.95,24054.5,927186
1787131740,2026-08-19T14:59:00,24057.6,24058.6,24050.8,24053.1,1024485
1787131800,2026-08-19T15:00:00,24052.75,24055.7,24050.45,24052.7,1273663
1787131860,2026-08-19T15:01:00,24052.4,24061.2,24052.2,24060.8,1183968
1787131920,2026-08-19T15:02:00,24060.6,24065.35,24058.75,24063.9,1198645
1787131980,2026-08-19T15:03:00,24063.05,24064.75,24057.6,24060.1,1016943
1787132040,2026-08-19T15:04:00,24060.05,24060.85,24053.35,24055.85,1207143
1787132100,2026-08-19T15:05:00,24056.05,24057.95,24048.6,24051.05,2048243
1787132160,2026-08-19T15:06:00,24049.7,24051.05,24041.05,24043.1,1951337
1787132220,2026-08-19T15:07:00,24043.5,24045.3,24038.15,24040.4,1458071
1787132280,2026-08-19T15:08:00,24040.95,24042.65,24036.5,24040.55,1293605
1787132340,2026-08-19T15:09:00,24041.05,24043.3,24036.45,24038.4,1677604
1787132400,2026-08-19T15:10:00,24040.0,24043.3,24037.45,24037.95,1858045
1787132460,2026-08-19T15:11:00,24037.75,24044.05,24034.2,24041.35,1474560
1787132520,2026-08-19T15:12:00,24041.9,24049.95,24037.25,24048.15,2992736
1787132580,2026-08-19T15:13:00,24047.6,24051.8,24042.7,24048.15,1436437
1787132640,2026-08-19T15:14:00,24046.95,24057.45,24045.25,24048.55,1068545
1787132700,2026-08-19T15:15:00,24048.55,24048.55,24048.55,24048.55,320
1787132760,2026-08-19T15:16:00,24048.55,24048.55,24048.55,24048.55,320
1787132820,2026-08-19T15:17:00,24048.55,24048.55,24048.55,24048.55,320
1787132880,2026-08-19T15:18:00,24048.55,24048.55,24048.55,24048.55,320
1787132940,2026-08-19T15:19:00,24048.55,24048.55,24048.55,24048.55,320
1787133000,2026-08-19T15:20:00,24048.55,24048.55,24048.55,24048.55,320
1787133060,2026-08-19T15:21:00,24048.55,24048.55,24048.55,24048.55,320
1787133120,2026-08-19T15:22:00,24048.55,24048.55,24048.55,24048.55,320
1787133180,2026-08-19T15:23:00,24048.55,24048.55,24048.55,24048.55,320
1787133240,2026-08-19T15:24:00,24048.55,24048.55,24048.55,24048.55,320
1787133300,2026-08-19T15:25:00,24048.55,24048.55,24048.55,24048.55,320
1787133360,2026-08-19T15:26:00,24048.55,24048.55,24048.55,24048.55,320
1787133420,2026-08-19T15:27:00,24048.55,24048.55,24048.55,24048.55,320
1787133480,2026-08-19T15:28:00,24048.55,24048.55,24048.55,24048.55,320
1787133540,2026-08-19T15:29:00,24048.55,24078.3,24048.55,24078.3,320
1787197500,2026-08-20T09:15:00,24225.2,24225.2,24197.35,24214.4,4318038
1787197560,2026-08-20T09:16:00,24213.45,24222.0,24206.75,24209.05,2430970
1787197620,2026-08-20T09:17:00,24206.55,24212.75,24201.2,24204.3,1910057
1787197680,2026-08-20T09:18:00,24203.05,24208.95,24201.2,24201.8,1666408
1787197740,2026-08-20T09:19:00,24201.5,24204.45,24189.3,24192.85,1430839
1787197800,2026-08-20T09:20:00,24191.8,24197.8,24189.9,24193.75,1274867
1787197860,2026-08-20T09:21:00,24193.65,24199.5,24187.7,24198.45,1247042
1787197920,2026-08-20T09:22:00,24197.65,24198.0,24191.7,24195.85,1206382
1787197980,2026-08-20T09:23:00,24195.6,24195.85,24189.65,24192.5,964965
1787198040,2026-08-20T09:24:00,24192.3,24193.45,24184.55,24185.5,869283
1787198100,2026-08-20T09:25:00,24185.55,24196.95,24185.55,24195.25,838037
1787198160,2026-08-20T09:26:00,24194.9,24197.35,24191.65,24194.8,1196446
1787198220,2026-08-20T09:27:00,24194.7,24201.6,24193.55,24196.1,1047094
1787198280,2026-08-20T09:28:00,24195.55,24198.75,24192.75,24197.05,858953
1787198340,2026-08-20T09:29:00,24197.15,24198.55,24188.95,24190.8,1075666
1787198400,2026-08-20T09:30:00,24190.95,24196.05,24189.5,24191.45,1589151
1787198460,2026-08-20T09:31:00,24190.65,24193.95,24187.7,24189.95,1357950
1787198520,2026-08-20T09:32:00,24190.35,24192.7,24187.0,24187.65,891292
1787198580,2026-08-20T09:33:00,24187.2,24192.75,24185.1,24186.45,789136
1787198640,2026-08-20T09:34:00,24185.85,24199.3,24185.85,24197.9,1130484
1787198700,2026-08-20T09:35:00,24196.95,24209.65,24196.65,24204.8,1528450
1787198760,2026-08-20T09:36:00,24205.5,24209.35,24203.55,24206.3,1209906
1787198820,2026-08-20T09:37:00,24206.45,24207.7,24202.55,24203.05,689028
1787198880,2026-08-20T09:38:00,24202.3,24204.25,24199.2,24200.15,1014424
1787198940,2026-08-20T09:39:00,24200.25,24202.15,24196.35,24201.35,663242
1787199000,2026-08-20T09:40:00,24200.9,24210.7,24200.35,24210.0,746457
1787199060,2026-08-20T09:41:00,24209.5,24210.7,24202.6,24204.05,1007111
1787199120,2026-08-20T09:42:00,24203.85,24205.7,24202.4,24203.25,604397
1787199180,2026-08-20T09:43:00,24202.5,24209.7,24201.15,24209.05,723118
1787199240,2026-08-20T09:44:00,24208.75,24212.85,24208.15,24210.95,506985
1787199300,2026-08-20T09:45:00,24211.05,24214.6,24210.05,24214.15,612524
1787199360,2026-08-20T09:46:00,24213.3,24215.05,24209.0,24210.05,809258
1787199420,2026-08-20T09:47:00,24209.8,24210.7,24202.35,24205.45,585227
1787199480,2026-08-20T09:48:00,24205.1,24206.55,24201.5,24205.3,748568
1787199540,2026-08-20T09:49:00,24205.05,24207.65,24202.9,24203.35,454555
1787199600,2026-08-20T09:50:00,24203.0,24204.6,24199.25,24200.75,579407
1787199660,2026-08-20T09:51:00,24199.5,24202.25,24198.35,24199.85,872045
1787199720,2026-08-20T09:52:00,24200.1,24202.85,24196.3,24197.5,933348
1787199780,2026-08-20T09:53:00,24198.8,24199.8,24195.95,24197.95,983794
1787199840,2026-08-20T09:54:00,24197.6,24204.35,24196.75,24201.95,584973
1787199900,2026-08-20T09:55:00,24201.45,24209.15,24201.45,24207.1,641569
1787199960,2026-08-20T09:56:00,24207.35,24212.3,24206.3,24211.25,903978
1787200020,2026-08-20T09:57:00,24210.45,24214.25,24209.35,24211.55,847412
1787200080,2026-08-20T09:58:00,24211.25,24213.0,24204.4,24207.25,680979
1787200140,2026-08-20T09:59:00,24207.05,24210.0,24203.55,24203.8,529881
1787200200,2026-08-20T10:00:00,24204.05,24209.65,24204.05,24208.0,397236
1787200260,2026-08-20T10:01:00,24207.95,24211.45,24207.25,24208.1,485022
1787200320,2026-08-20T10:02:00,24207.05,24208.75,24204.3,24205.0,499013
1787200380,2026-08-20T10:03:00,24205.45,24208.35,24199.7,24205.55,615749
1787200440,2026-08-20T10:04:00,24205.15,24207.4,24202.5,24205.9,421275
1787200500,2026-08-20T10:05:00,24205.9,24208.05,24203.35,24207.3,547758
1787200560,2026-08-20T10:06:00,24206.35,24210.15,24204.0,24209.3,1790089
1787200620,2026-08-20T10:07:00,24209.6,24214.25,24208.65,24213.0,511077
1787200680,2026-08-20T10:08:00,24212.35,24214.4,24209.15,24210.75,386227
1787200740,2026-08-20T10:09:00,24210.05,24213.35,24208.9,24211.6,506624
1787200800,2026-08-20T10:10:00,24211.25,24216.65,24208.75,24216.3,1154108
1787200860,2026-08-20T10:11:00,24214.45,24219.05,24213.9,24218.1,598543
1787200920,2026-08-20T10:12:00,24218.0,24221.9,24214.9,24215.35,430581
1787200980,2026-08-20T10:13:00,24215.05,24219.3,24214.6,24216.7,397816
1787201040,2026-08-20T10:14:00,24216.65,24221.85,24216.45,24221.85,552202
1787201100,2026-08-20T10:15:00,24220.75,24226.4,24220.65,24223.95,537320
1787201160,2026-08-20T10:16:00,24224.25,24225.35,24222.55,24224.15,498702
1787201220,2026-08-20T10:17:00,24223.7,24226.85,24222.3,24224.8,524479
1787201280,2026-08-20T10:18:00,24224.65,24225.4,24219.8,24221.35,431887
1787201340,2026-08-20T10:19:00,24220.75,24222.75,24218.7,24219.6,458330
1787201400,2026-08-20T10:20:00,24219.3,24220.45,24213.4,24214.4,907507
1787201460,2026-08-20T10:21:00,24213.95,24219.15,24212.55,24217.6,543746
1787201520,2026-08-20T10:22:00,24216.5,24219.75,24215.65,24218.6,413187
1787201580,2026-08-20T10:23:00,24219.0,24223.4,24217.25,24221.1,463939
1787201640,2026-08-20T10:24:00,24220.7,24222.45,24216.7,24217.8,432434
1787201700,2026-08-20T10:25:00,24217.65,24219.35,24215.6,24215.65,373792
1787201760,2026-08-20T10:26:00,24215.45,24218.55,24214.1,24215.2,670477
1787201820,2026-08-20T10:27:00,24214.4,24216.75,24210.0,24211.45,456819
1787201880,2026-08-20T10:28:00,24211.55,24214.2,24207.25,24209.05,565834
1787201940,2026-08-20T10:29:00,24207.95,24212.1,24207.55,24210.15,427268
1787202000,2026-08-20T10:30:00,24209.65,24212.55,24209.15,24211.65,826854
1787202060,2026-08-20T10:31:00,24211.4,24213.25,24208.9,24210.6,460605
1787202120,2026-08-20T10:32:00,24210.65,24213.15,24208.75,24211.15,869864
1787202180,2026-08-20T10:33:00,24211.3,24215.35,24209.0,24211.05,611504
1787202240,2026-08-20T10:34:00,24210.75,24211.95,24207.75,24210.2,470611
1787202300,2026-08-20T10:35:00,24209.7,24213.35,24208.3,24210.1,999509
1787202360,2026-08-20T10:36:00,24211.45,24211.45,24204.4,24204.7,758609
1787202420,2026-08-20T10:37:00,24205.2,24207.55,24201.75,24202.1,967887
1787202480,2026-08-20T10:38:00,24202.05,24205.75,24201.25,24204.95,997188
1787202540,2026-08-20T10:39:00,24204.55,24206.85,24203.6,24205.0,579130
1787202600,2026-08-20T10:40:00,24204.5,24207.3,24203.95,24204.45,624905
1787202660,2026-08-20T10:41:00,24204.7,24210.3,24204.65,24209.65,983787
1787202720,2026-08-20T10:42:00,24209.65,24209.7,24204.95,24208.0,507393
1787202780,2026-08-20T10:43:00,24206.7,24209.1,24205.9,24207.55,440623
1787202840,2026-08-20T10:44:00,24208.0,24212.3,24208.0,24211.85,581227
1787202900,2026-08-20T10:45:00,24211.45,24214.7,24210.0,24210.25,547793
1787202960,2026-08-20T10:46:00,24210.65,24211.85,24204.85,24206.6,675714
1787203020,2026-08-20T10:47:00,24206.8,24209.4,24204.45,24205.7,414791
1787203080,2026-08-20T10:48:00,24205.55,24209.8,24203.95,24209.5,634781
1787203140,2026-08-20T10:49:00,24207.9,24218.1,24207.9,24215.55,530098
1787203200,2026-08-20T10:50:00,24215.5,24216.85,24209.55,24210.75,982942
1787203260,2026-08-20T10:51:00,24210.9,24212.65,24207.8,24210.25,436972
1787203320,2026-08-20T10:52:00,24210.2,24211.0,24205.0,24205.65,452933
1787203380,2026-08-20T10:53:00,24205.9,24210.6,24204.85,24208.9,378595
1787203440,2026-08-20T10:54:00,24208.85,24209.55,24204.0,24204.0,535463
1787203500,2026-08-20T10:55:00,24203.9,24210.25,24203.9,24207.9,411155
1787203560,2026-08-20T10:56:00,24207.6,24211.75,24207.6,24210.8,1009728
1787203620,2026-08-20T10:57:00,24209.2,24212.45,24208.15,24210.05,887973
1787203680,2026-08-20T10:58:00,24209.9,24211.15,24208.05,24209.45,494704
1787203740,2026-08-20T10:59:00,24209.0,24214.55,24209.0,24212.55,452130
1787203800,2026-08-20T11:00:00,24212.5,24223.55,24212.5,24219.65,478527
1787203860,2026-08-20T11:01:00,24219.25,24223.05,24215.95,24215.95,446942
1787203920,2026-08-20T11:02:00,24215.4,24217.5,24211.9,24212.45,414740
1787203980,2026-08-20T11:03:00,24212.25,24217.2,24210.05,24213.5,563795
1787204040,2026-08-20T11:04:00,24212.35,24215.9,24211.5,24214.05,591707
1787204100,2026-08-20T11:05:00,24214.25,24217.85,24214.2,24215.05,497950
1787204160,2026-08-20T11:06:00,24215.0,24217.2,24213.25,24215.0,511733
1787204220,2026-08-20T11:07:00,24214.65,24216.05,24212.15,24213.0,380445
1787204280,2026-08-20T11:08:00,24212.6,24214.35,24210.15,24211.45,548110
1787204340,2026-08-20T11:09:00,24211.15,24213.35,24209.95,24211.45,488019
1787204400,2026-08-20T11:10:00,24211.15,24214.25,24210.25,24213.1,533909
1787204460,2026-08-20T11:11:00,24212.8,24213.5,24206.25,24207.35,420542
1787204520,2026-08-20T11:12:00,24207.2,24209.75,24206.15,24208.5,414771
1787204580,2026-08-20T11:13:00,24208.45,24209.45,24203.45,24203.6,419457
1787204640,2026-08-20T11:14:00,24204.0,24206.75,24202.5,24204.4,716149
1787204700,2026-08-20T11:15:00,24204.75,24206.35,24200.1,24205.65,549197
1787204760,2026-08-20T11:16:00,24204.65,24207.7,24204.65,24205.55,347825
1787204820,2026-08-20T11:17:00,24204.6,24206.7,24200.55,24202.85,997364
1787204880,2026-08-20T11:18:00,24202.5,24203.85,24200.1,24200.9,376376
1787204940,2026-08-20T11:19:00,24200.1,24202.55,24198.6,24198.75,561364
1787205000,2026-08-20T11:20:00,24198.95,24202.05,24196.2,24196.85,716166
1787205060,2026-08-20T11:21:00,24196.45,24199.3,24194.2,24197.3,739814
1787205120,2026-08-20T11:22:00,24197.15,24199.75,24194.75,24195.45,533917
1787205180,2026-08-20T11:23:00,24195.9,24200.6,24195.9,24198.45,1325551
1787205240,2026-08-20T11:24:00,24197.55,24199.0,24196.35,24198.1,846100
1787205300,2026-08-20T11:25:00,24197.9,24199.95,24196.6,24197.1,509046
1787205360,2026-08-20T11:26:00,24197.25,24199.1,24194.8,24196.85,478312
1787205420,2026-08-20T11:27:00,24196.25,24200.3,24195.3,24199.6,425344
1787205480,2026-08-20T11:28:00,24199.25,24200.0,24197.55,24198.75,1005501
1787205540,2026-08-20T11:29:00,24199.2,24201.35,24198.3,24201.0,881008
1787205600,2026-08-20T11:30:00,24200.75,24206.65,24200.1,24205.45,406775
1787205660,2026-08-20T11:31:00,24204.85,24210.5,24202.7,24208.05,643576
1787205720,2026-08-20T11:32:00,24208.3,24217.25,24207.0,24216.35,1181703
1787205780,2026-08-20T11:33:00,24215.25,24217.4,24212.55,24213.75,548757
1787205840,2026-08-20T11:34:00,24213.0,24215.1,24210.55,24212.15,810726
1787205900,2026-08-20T11:35:00,24212.4,24217.3,24212.0,24213.9,476416
1787205960,2026-08-20T11:36:00,24214.0,24216.15,24213.15,24213.65,478057
1787206020,2026-08-20T11:37:00,24213.2,24216.95,24212.75,24213.0,538155
1787206080,2026-08-20T11:38:00,24212.85,24214.9,24211.3,24214.8,813697
1787206140,2026-08-20T11:39:00,24213.65,24215.95,24211.4,24211.75,390686
1787206200,2026-08-20T11:40:00,24211.65,24214.15,24210.05,24211.15,364800
1787206260,2026-08-20T11:41:00,24210.85,24213.15,24209.0,24209.75,1038953
1787206320,2026-08-20T11:42:00,24209.95,24213.15,24209.95,24212.65,773068
1787206380,2026-08-20T11:43:00,24212.3,24215.0,24211.3,24212.7,404257
1787206440,2026-08-20T11:44:00,24212.4,24214.65,24211.5,24212.35,448483
1787206500,2026-08-20T11:45:00,24212.1,24215.7,24211.95,24213.8,446902
1787206560,2026-08-20T11:46:00,24213.55,24217.8,24212.6,24216.7,758887
1787206620,2026-08-20T11:47:00,24216.4,24218.85,24214.25,24214.4,628213
1787206680,2026-08-20T11:48:00,24214.45,24216.4,24211.8,24212.75,369304
1787206740,2026-08-20T11:49:00,24213.0,24215.05,24211.85,24212.4,489580
1787206800,2026-08-20T11:50:00,24211.75,24216.05,24211.65,24212.25,486436
1787206860,2026-08-20T11:51:00,24212.0,24214.65,24211.1,24212.25,435377
1787206920,2026-08-20T11:52:00,24211.9,24217.45,24210.9,24211.75,479346
1787206980,2026-08-20T11:53:00,24212.5,24214.7,24211.5,24212.75,820806
1787207040,2026-08-20T11:54:00,24212.35,24214.95,24211.15,24212.85,340453
1787207100,2026-08-20T11:55:00,24212.8,24214.4,24210.05,24212.55,463699
1787207160,2026-08-20T11:56:00,24212.25,24220.5,24212.15,24218.6,410732
1787207220,2026-08-20T11:57:00,24218.1,24220.0,24211.75,24213.15,492833
1787207280,2026-08-20T11:58:00,24212.7,24219.0,24209.95,24216.4,525530
1787207340,2026-08-20T11:59:00,24215.7,24218.1,24214.4,24216.6,617755
1787207400,2026-08-20T12:00:00,24216.55,24218.95,24215.45,24218.1,663428
1787207460,2026-08-20T12:01:00,24217.8,24219.65,24216.05,24216.65,506554
1787207520,2026-08-20T12:02:00,24216.85,24219.3,24214.25,24215.3,518592
1787207580,2026-08-20T12:03:00,24215.25,24217.1,24211.65,24212.65,827088
1787207640,2026-08-20T12:04:00,24212.25,24214.5,24210.8,24212.2,776899
1787207700,2026-08-20T12:05:00,24211.9,24214.5,24210.4,24213.35,504757
1787207760,2026-08-20T12:06:00,24212.9,24215.35,24211.85,24213.35,449689
1787207820,2026-08-20T12:07:00,24212.5,24216.8,24212.5,24214.2,304895
1787207880,2026-08-20T12:08:00,24213.95,24215.3,24211.5,24212.4,473852
1787207940,2026-08-20T12:09:00,24212.0,24214.35,24210.15,24213.0,561296
1787208000,2026-08-20T12:10:00,24213.1,24216.25,24211.25,24214.7,608713
1787208060,2026-08-20T12:11:00,24214.05,24218.1,24214.05,24215.5,353271
1787208120,2026-08-20T12:12:00,24215.0,24216.45,24212.45,24213.65,407344
1787208180,2026-08-20T12:13:00,24213.5,24219.8,24212.85,24215.9,332662
1787208240,2026-08-20T12:14:00,24216.15,24218.95,24213.75,24214.75,395614
1787208300,2026-08-20T12:15:00,24214.55,24218.5,24214.55,24217.5,589635
1787208360,2026-08-20T12:16:00,24217.1,24219.55,24216.45,24219.25,507993
1787208420,2026-08-20T12:17:00,24219.2,24223.0,24217.9,24219.35,373670
1787208480,2026-08-20T12:18:00,24219.1,24221.65,24218.6,24220.7,358947
1787208540,2026-08-20T12:19:00,24220.85,24222.1,24215.45,24216.75,514133
1787208600,2026-08-20T12:20:00,24216.35,24218.4,24213.05,24214.1,431369
1787208660,2026-08-20T12:21:00,24214.05,24216.65,24212.7,24215.75,494945
1787208720,2026-08-20T12:22:00,24214.7,24216.7,24212.55,24216.25,353677
1787208780,2026-08-20T12:23:00,24216.05,24217.45,24213.5,24214.05,671406
1787208840,2026-08-20T12:24:00,24213.65,24214.7,24210.75,24211.8,455442
1787208900,2026-08-20T12:25:00,24211.2,24214.75,24209.95,24211.7,808542
1787208960,2026-08-20T12:26:00,24211.85,24214.65,24208.15,24210.25,287264
1787209020,2026-08-20T12:27:00,24209.4,24215.85,24209.4,24213.6,271247
1787209080,2026-08-20T12:28:00,24213.1,24215.4,24211.95,24213.35,619865
1787209140,2026-08-20T12:29:00,24213.1,24215.0,24212.5,24213.75,409847
1787209200,2026-08-20T12:30:00,24213.75,24215.25,24209.95,24210.85,521723
1787209260,2026-08-20T12:31:00,24210.55,24212.45,24209.1,24211.6,397814
1787209320,2026-08-20T12:32:00,24211.45,24214.7,24209.8,24210.9,431691
1787209380,2026-08-20T12:33:00,24210.55,24214.2,24209.75,24211.85,362574
1787209440,2026-08-20T12:34:00,24211.5,24213.75,24209.2,24209.95,699217
1787209500,2026-08-20T12:35:00,24210.6,24212.5,24207.85,24209.9,521780
1787209560,2026-08-20T12:36:00,24210.1,24212.35,24207.85,24209.7,557330
1787209620,2026-08-20T12:37:00,24208.55,24211.45,24207.4,24208.7,415116
1787209680,2026-08-20T12:38:00,24208.15,24212.5,24208.15,24212.35,996630
1787209740,2026-08-20T12:39:00,24212.05,24217.0,24211.95,24216.95,910692
1787209800,2026-08-20T12:40:00,24217.0,24221.8,24216.55,24219.45,565046
1787209860,2026-08-20T12:41:00,24219.35,24221.5,24216.1,24219.45,459707
1787209920,2026-08-20T12:42:00,24219.25,24221.85,24215.85,24218.5,480799
1787209980,2026-08-20T12:43:00,24217.9,24219.95,24216.25,24219.05,442469
1787210040,2026-08-20T12:44:00,24218.75,24220.65,24214.4,24217.2,679876
1787210100,2026-08-20T12:45:00,24216.9,24221.75,24216.05,24220.2,524163
1787210160,2026-08-20T12:46:00,24220.2,24224.5,24219.1,24223.55,528504
1787210220,2026-08-20T12:47:00,24222.95,24235.15,24222.7,24233.9,1469690
1787210280,2026-08-20T12:48:00,24233.9,24247.65,24232.4,24245.15,794905
1787210340,2026-08-20T12:49:00,24245.3,24246.9,24239.7,24241.45,563414
1787210400,2026-08-20T12:50:00,24241.0,24252.8,24240.15,24249.8,1621772
1787210460,2026-08-20T12:51:00,24249.2,24259.35,24249.2,24258.9,1389600
1787210520,2026-08-20T12:52:00,24257.95,24265.15,24257.95,24258.55,963512
1787210580,2026-08-20T12:53:00,24258.9,24261.4,24245.5,24247.8,1090383
1787210640,2026-08-20T12:54:00,24247.2,24247.8,24241.5,24244.3,725281
1787210700,2026-08-20T12:55:00,24244.05,24245.4,24235.55,24241.7,821596
1787210760,2026-08-20T12:56:00,24240.9,24245.1,24239.3,24244.85,486406
1787210820,2026-08-20T12:57:00,24244.1,24246.0,24240.2,24242.35,778018
1787210880,2026-08-20T12:58:00,24241.95,24247.35,24241.9,24244.05,485036
1787210940,2026-08-20T12:59:00,24243.6,24248.4,24243.6,24244.25,436338
1787211000,2026-08-20T13:00:00,24244.15,24245.8,24240.65,24242.8,436395
1787211060,2026-08-20T13:01:00,24241.75,24245.55,24239.05,24244.85,820489
1787211120,2026-08-20T13:02:00,24245.1,24249.5,24242.25,24248.6,532503
1787211180,2026-08-20T13:03:00,24248.8,24249.55,24246.1,24248.75,566462
1787211240,2026-08-20T13:04:00,24248.75,24250.6,24244.15,24244.95,424652
1787211300,2026-08-20T13:05:00,24244.85,24248.85,24244.7,24247.9,506879
1787211360,2026-08-20T13:06:00,24247.85,24250.4,24245.4,24247.25,988922
1787211420,2026-08-20T13:07:00,24246.35,24248.7,24243.8,24245.65,372254
1787211480,2026-08-20T13:08:00,24244.9,24248.65,24244.2,24247.3,635777
1787211540,2026-08-20T13:09:00,24246.1,24249.25,24245.15,24248.5,486248
1787211600,2026-08-20T13:10:00,24248.25,24251.7,24247.0,24247.85,653138
1787211660,2026-08-20T13:11:00,24247.85,24249.15,24242.95,24243.7,1019912
1787211720,2026-08-20T13:12:00,24243.5,24246.1,24241.0,24244.45,677351
1787211780,2026-08-20T13:13:00,24244.6,24249.05,24243.8,24246.7,349019
1787211840,2026-08-20T13:14:00,24247.45,24249.65,24245.65,24246.8,375979
1787211900,2026-08-20T13:15:00,24247.15,24250.7,24246.75,24249.65,378134
1787211960,2026-08-20T13:16:00,24249.0,24250.6,24244.15,24245.1,390079
1787212020,2026-08-20T13:17:00,24244.6,24246.65,24238.65,24241.4,369628
1787212080,2026-08-20T13:18:00,24240.65,24242.25,24237.15,24238.65,582989
1787212140,2026-08-20T13:19:00,24238.35,24243.85,24238.0,24241.0,389829
1787212200,2026-08-20T13:20:00,24240.25,24246.5,24238.35,24243.7,467913
1787212260,2026-08-20T13:21:00,24243.6,24244.65,24240.15,24243.35,366106
1787212320,2026-08-20T13:22:00,24243.35,24247.35,24242.45,24244.0,321133
1787212380,2026-08-20T13:23:00,24244.05,24247.75,24242.85,24246.75,368711
1787212440,2026-08-20T13:24:00,24246.5,24250.9,24246.2,24250.3,340976
1787212500,2026-08-20T13:25:00,24250.2,24251.75,24246.8,24250.75,419439
1787212560,2026-08-20T13:26:00,24250.6,24251.15,24244.95,24245.9,836533
1787212620,2026-08-20T13:27:00,24246.05,24250.6,24244.3,24245.6,882001
1787212680,2026-08-20T13:28:00,24244.95,24246.9,24242.05,24242.85,390984
1787212740,2026-08-20T13:29:00,24243.2,24247.9,24243.2,24247.55,336891
1787212800,2026-08-20T13:30:00,24246.85,24251.75,24246.5,24249.35,324382
1787212860,2026-08-20T13:31:00,24248.25,24250.45,24246.7,24247.8,486346
1787212920,2026-08-20T13:32:00,24246.5,24249.9,24245.75,24249.9,741942
1787212980,2026-08-20T13:33:00,24248.95,24249.9,24245.6,24246.4,538378
1787213040,2026-08-20T13:34:00,24245.55,24250.5,24245.55,24248.7,439641
1787213100,2026-08-20T13:35:00,24249.2,24250.15,24245.55,24250.15,396898
1787213160,2026-08-20T13:36:00,24250.0,24252.15,24247.4,24249.2,385208
1787213220,2026-08-20T13:37:00,24248.05,24251.65,24247.1,24247.15,362221
1787213280,2026-08-20T13:38:00,24246.75,24248.75,24242.6,24243.45,364493
1787213340,2026-08-20T13:39:00,24242.8,24245.0,24240.85,24243.0,474696
1787213400,2026-08-20T13:40:00,24242.45,24243.8,24239.75,24241.35,584044
1787213460,2026-08-20T13:41:00,24240.95,24243.45,24238.4,24243.2,580006
1787213520,2026-08-20T13:42:00,24242.3,24246.2,24241.55,24244.6,364441
1787213580,2026-08-20T13:43:00,24244.45,24248.65,24243.1,24248.4,416114
1787213640,2026-08-20T13:44:00,24247.65,24249.25,24244.4,24246.05,294059
1787213700,2026-08-20T13:45:00,24245.1,24247.9,24242.75,24244.45,315851
1787213760,2026-08-20T13:46:00,24243.15,24247.85,24241.9,24246.65,385241
1787213820,2026-08-20T13:47:00,24246.5,24247.65,24244.25,24245.7,269465
1787213880,2026-08-20T13:48:00,24245.45,24247.7,24243.3,24243.65,382344
1787213940,2026-08-20T13:49:00,24243.5,24249.85,24243.5,24246.25,540002
1787214000,2026-08-20T13:50:00,24245.15,24246.45,24242.05,24243.3,302771
1787214060,2026-08-20T13:51:00,24243.2,24244.4,24240.7,24241.85,344551
1787214120,2026-08-20T13:52:00,24241.95,24243.3,24239.05,24239.5,569583
1787214180,2026-08-20T13:53:00,24239.05,24241.7,24239.05,24241.3,324839
1787214240,2026-08-20T13:54:00,24240.55,24242.0,24237.3,24239.45,371768
1787214300,2026-08-20T13:55:00,24240.05,24240.05,24232.6,24234.85,514430
1787214360,2026-08-20T13:56:00,24235.2,24242.15,24234.6,24241.1,520687
1787214420,2026-08-20T13:57:00,24241.35,24242.9,24236.05,24236.75,350582
1787214480,2026-08-20T13:58:00,24236.35,24239.35,24234.95,24235.55,437052
1787214540,2026-08-20T13:59:00,24236.1,24237.9,24231.2,24232.95,410681
1787214600,2026-08-20T14:00:00,24231.7,24237.0,24231.7,24233.2,459075
1787214660,2026-08-20T14:01:00,24232.7,24234.95,24227.25,24233.95,578019
1787214720,2026-08-20T14:02:00,24233.05,24234.2,24229.15,24231.55,501290
1787214780,2026-08-20T14:03:00,24230.65,24235.9,24229.8,24231.35,450422
1787214840,2026-08-20T14:04:00,24231.15,24235.3,24229.65,24233.6,467258
1787214900,2026-08-20T14:05:00,24233.35,24235.15,24228.1,24228.85,525298
1787214960,2026-08-20T14:06:00,24228.55,24232.25,24228.25,24231.95,516040
1787215020,2026-08-20T14:07:00,24231.8,24241.0,24231.65,24238.6,562344
1787215080,2026-08-20T14:08:00,24238.4,24238.95,24234.5,24235.35,535198
1787215140,2026-08-20T14:09:00,24235.25,24238.95,24233.4,24236.6,427923
1787215200,2026-08-20T14:10:00,24235.75,24238.15,24232.1,24235.2,354731
1787215260,2026-08-20T14:11:00,24235.2,24241.65,24234.85,24237.95,458788
1787215320,2026-08-20T14:12:00,24238.3,24241.2,24237.6,24239.45,352479
1787215380,2026-08-20T14:13:00,24239.6,24240.2,24235.35,24236.6,341435
1787215440,2026-08-20T14:14:00,24236.6,24239.9,24234.25,24238.45,378112
1787215500,2026-08-20T14:15:00,24238.05,24239.55,24234.25,24237.45,331784
1787215560,2026-08-20T14:16:00,24237.6,24238.15,24223.3,24224.1,582216
1787215620,2026-08-20T14:17:00,24223.85,24236.05,24223.3,24232.7,603084
1787215680,2026-08-20T14:18:00,24232.5,24237.75,24230.85,24235.85,464269
1787215740,2026-08-20T14:19:00,24235.85,24239.2,24232.25,24238.0,544821
1787215800,2026-08-20T14:20:00,24237.15,24239.85,24235.05,24237.0,544475
1787215860,2026-08-20T14:21:00,24235.7,24237.8,24229.65,24237.7,822597
1787215920,2026-08-20T14:22:00,24237.2,24238.85,24233.2,24237.05,529193
1787215980,2026-08-20T14:23:00,24235.2,24237.9,24231.4,24235.8,497689
1787216040,2026-08-20T14:24:00,24235.85,24242.35,24234.65,24242.15,558459
1787216100,2026-08-20T14:25:00,24240.35,24243.55,24237.5,24237.55,545540
1787216160,2026-08-20T14:26:00,24236.95,24240.4,24234.7,24239.1,626036
1787216220,2026-08-20T14:27:00,24239.1,24241.95,24237.8,24240.5,474424
1787216280,2026-08-20T14:28:00,24240.45,24242.55,24240.0,24240.25,493130
1787216340,2026-08-20T14:29:00,24240.2,24246.3,24239.9,24245.8,527998
1787216400,2026-08-20T14:30:00,24244.85,24246.05,24240.8,24242.95,514374
1787216460,2026-08-20T14:31:00,24243.05,24246.05,24241.85,24245.1,477302
1787216520,2026-08-20T14:32:00,24245.15,24249.55,24244.75,24248.6,545307
1787216580,2026-08-20T14:33:00,24248.25,24249.5,24244.7,24246.15,547987
1787216640,2026-08-20T14:34:00,24246.05,24246.65,24240.45,24244.6,469873
1787216700,2026-08-20T14:35:00,24244.95,24247.55,24240.6,24241.55,1273428
1787216760,2026-08-20T14:36:00,24240.65,24243.05,24238.65,24242.2,838445
1787216820,2026-08-20T14:37:00,24242.45,24244.0,24238.95,24240.8,631082
1787216880,2026-08-20T14:38:00,24240.45,24244.4,24238.1,24242.4,469580
1787216940,2026-08-20T14:39:00,24242.85,24246.25,24241.4,24244.0,467309
1787217000,2026-08-20T14:40:00,24244.0,24246.5,24242.9,24245.5,482363
1787217060,2026-08-20T14:41:00,24245.4,24246.9,24239.55,24240.75,597536
1787217120,2026-08-20T14:42:00,24240.65,24241.9,24239.05,24240.2,606551
1787217180,2026-08-20T14:43:00,24240.05,24241.3,24237.0,24237.25,634686
1787217240,2026-08-20T14:44:00,24237.4,24240.35,24236.0,24237.0,486820
1787217300,2026-08-20T14:45:00,24237.0,24238.2,24232.2,24234.2,774021
1787217360,2026-08-20T14:46:00,24234.0,24237.2,24231.7,24235.6,691321
1787217420,2026-08-20T14:47:00,24235.95,24238.0,24234.85,24236.2,542095
1787217480,2026-08-20T14:48:00,24236.85,24238.2,24234.3,24236.8,554794
1787217540,2026-08-20T14:49:00,24236.95,24237.75,24235.15,24236.65,545176
1787217600,2026-08-20T14:50:00,24236.3,24238.5,24234.85,24237.25,848452
1787217660,2026-08-20T14:51:00,24236.4,24238.95,24234.6,24236.75,700802
1787217720,2026-08-20T14:52:00,24237.05,24237.5,24232.75,24235.8,721902
1787217780,2026-08-20T14:53:00,24235.75,24236.25,24231.15,24236.25,1009338
1787217840,2026-08-20T14:54:00,24236.0,24238.7,24232.5,24235.7,1247202
1787217900,2026-08-20T14:55:00,24235.4,24237.15,24231.95,24235.0,962804
1787217960,2026-08-20T14:56:00,24236.75,24240.85,24234.4,24237.55,1073763
1787218020,2026-08-20T14:57:00,24237.35,24240.9,24235.15,24236.1,1031551
1787218080,2026-08-20T14:58:00,24235.9,24237.4,24233.4,24234.65,1068613
1787218140,2026-08-20T14:59:00,24234.25,24240.5,24233.4,24238.1,1132954
1787218200,2026-08-20T15:00:00,24238.05,24240.7,24233.25,24233.35,1460475
1787218260,2026-08-20T15:01:00,24233.05,24234.5,24226.1,24228.8,1417357
1787218320,2026-08-20T15:02:00,24228.4,24231.85,24225.3,24227.65,1162825
1787218380,2026-08-20T15:03:00,24228.0,24229.9,24225.3,24229.2,1301536
1787218440,2026-08-20T15:04:00,24228.75,24232.55,24224.55,24231.35,1242727
1787218500,2026-08-20T15:05:00,24232.55,24232.55,24220.85,24222.6,1873330
1787218560,2026-08-20T15:06:00,24222.9,24223.25,24216.75,24219.75,1975664
1787218620,2026-08-20T15:07:00,24219.55,24221.85,24217.1,24218.0,1717532
1787218680,2026-08-20T15:08:00,24218.05,24220.1,24216.0,24217.5,1309961
1787218740,2026-08-20T15:09:00,24218.0,24219.3,24213.55,24215.7,1806178
1787218800,2026-08-20T15:10:00,24215.95,24216.8,24211.55,24214.3,1888819
1787218860,2026-08-20T15:11:00,24215.15,24215.4,24206.4,24207.65,1651558
1787218920,2026-08-20T15:12:00,24208.55,24215.05,24205.3,24211.0,3084033
1787218980,2026-08-20T15:13:00,24213.65,24223.8,24208.2,24220.15,1519516
1787219040,2026-08-20T15:14:00,24220.45,24222.25,24211.6,24212.35,1273104
1787219100,2026-08-20T15:15:00,24211.6,24211.6,24211.6,24211.6,1964
1787219160,2026-08-20T15:16:00,24211.6,24211.6,24211.6,24211.6,1964
1787219220,2026-08-20T15:17:00,24211.6,24211.6,24211.6,24211.6,1964
1787219280,2026-08-20T15:18:00,24211.6,24211.6,24211.6,24211.6,1964
1787219340,2026-08-20T15:19:00,24211.6,24211.6,24211.6,24211.6,1964
1787219400,2026-08-20T15:20:00,24211.6,24211.6,24211.6,24211.6,1964
1787219460,2026-08-20T15:21:00,24211.6,24211.6,24211.6,24211.6,1964
1787219520,2026-08-20T15:22:00,24211.6,24211.6,24211.6,24211.6,1964
1787219580,2026-08-20T15:23:00,24211.6,24211.6,24211.6,24211.6,1964
1787219640,2026-08-20T15:24:00,24211.6,24211.6,24211.6,24211.6,1964
1787219700,2026-08-20T15:25:00,24211.6,24211.6,24211.6,24211.6,1964
1787219760,2026-08-20T15:26:00,24211.6,24211.6,24211.6,24211.6,1964
1787219820,2026-08-20T15:27:00,24211.6,24211.6,24211.6,24211.6,1964
1787219880,2026-08-20T15:28:00,24211.6,24211.6,24211.6,24211.6,1964
1787219940,2026-08-20T15:29:00,24211.6,24231.85,24211.6,24231.85,1964
1787283900,2026-08-21T09:15:00,24282.0,24282.0,24249.25,24261.0,3137446
1787283960,2026-08-21T09:16:00,24261.15,24265.75,24244.25,24250.3,2389987
1787284020,2026-08-21T09:17:00,24250.1,24255.1,24241.45,24255.1,1632747
1787284080,2026-08-21T09:18:00,24255.95,24255.95,24241.75,24241.75,1516614
1787284140,2026-08-21T09:19:00,24241.95,24245.3,24235.5,24238.1,1279346
1787284200,2026-08-21T09:20:00,24237.55,24238.5,24222.1,24222.1,1331516
1787284260,2026-08-21T09:21:00,24221.4,24222.2,24210.8,24219.05,1444143
1787284320,2026-08-21T09:22:00,24218.65,24220.8,24215.25,24217.45,960370
1787284380,2026-08-21T09:23:00,24217.35,24225.0,24215.8,24224.15,924714
1787284440,2026-08-21T09:24:00,24224.45,24225.2,24217.3,24220.3,845738
1787284500,2026-08-21T09:25:00,24220.4,24222.55,24217.6,24220.55,797841
1787284560,2026-08-21T09:26:00,24219.5,24224.7,24218.45,24219.45,873187
1787284620,2026-08-21T09:27:00,24219.8,24220.95,24216.2,24218.9,908709
1787284680,2026-08-21T09:28:00,24218.55,24227.1,24217.8,24226.0,820084
1787284740,2026-08-21T09:29:00,24226.3,24236.2,24225.1,24230.8,1302865
1787284800,2026-08-21T09:30:00,24230.95,24230.95,24221.0,24222.1,939398
1787284860,2026-08-21T09:31:00,24222.0,24225.45,24220.0,24220.8,1188701
1787284920,2026-08-21T09:32:00,24220.75,24225.35,24216.9,24216.9,661694
1787284980,2026-08-21T09:33:00,24216.7,24220.8,24214.1,24215.0,1043304
1787285040,2026-08-21T09:34:00,24215.0,24215.0,24206.8,24208.8,937896
1787285100,2026-08-21T09:35:00,24208.85,24213.85,24207.3,24213.45,869021
1787285160,2026-08-21T09:36:00,24213.65,24218.15,24213.25,24216.9,869801
1787285220,2026-08-21T09:37:00,24216.6,24219.45,24214.7,24217.1,752113
1787285280,2026-08-21T09:38:00,24217.05,24219.35,24214.2,24217.6,743514
1787285340,2026-08-21T09:39:00,24218.0,24221.75,24217.55,24220.7,767742
1787285400,2026-08-21T09:40:00,24220.75,24227.95,24220.55,24227.25,985252
1787285460,2026-08-21T09:41:00,24227.9,24237.4,24226.75,24237.4,1231516
1787285520,2026-08-21T09:42:00,24236.7,24247.85,24236.1,24244.65,1635953
1787285580,2026-08-21T09:43:00,24244.95,24245.95,24238.8,24244.2,901460
1787285640,2026-08-21T09:44:00,24243.9,24246.15,24241.25,24243.85,628395
1787285700,2026-08-21T09:45:00,24243.9,24248.45,24241.85,24245.6,1283157
1787285760,2026-08-21T09:46:00,24245.5,24250.5,24239.85,24240.95,1790294
1787285820,2026-08-21T09:47:00,24241.1,24243.6,24238.6,24242.55,1278315
1787285880,2026-08-21T09:48:00,24242.0,24243.65,24240.15,24242.45,955443
1787285940,2026-08-21T09:49:00,24241.35,24247.45,24241.25,24243.5,1690706
1787286000,2026-08-21T09:50:00,24243.4,24245.65,24240.65,24243.15,818517
1787286060,2026-08-21T09:51:00,24243.05,24250.7,24243.05,24248.2,653152
1787286120,2026-08-21T09:52:00,24248.3,24251.2,24245.1,24246.05,1021321
1787286180,2026-08-21T09:53:00,24245.9,24252.2,24244.8,24251.25,518999
1787286240,2026-08-21T09:54:00,24251.8,24256.4,24250.45,24250.55,779422
1787286300,2026-08-21T09:55:00,24250.65,24251.95,24246.4,24247.5,531710
1787286360,2026-08-21T09:56:00,24247.35,24247.6,24243.35,24245.15,562289
1787286420,2026-08-21T09:57:00,24245.25,24246.6,24240.0,24242.6,742528
1787286480,2026-08-21T09:58:00,24242.8,24248.0,24242.1,24246.2,459155
1787286540,2026-08-21T09:59:00,24246.45,24250.95,24245.4,24246.9,564326
1787286600,2026-08-21T10:00:00,24246.9,24253.65,24246.9,24249.45,537653
1787286660,2026-08-21T10:01:00,24248.75,24248.75,24240.55,24242.45,1373752
1787286720,2026-08-21T10:02:00,24242.7,24244.55,24240.55,24241.55,1150768
1787286780,2026-08-21T10:03:00,24241.65,24244.6,24239.35,24240.5,626490
1787286840,2026-08-21T10:04:00,24240.6,24240.8,24238.15,24239.5,487997
1787286900,2026-08-21T10:05:00,24239.85,24240.2,24236.5,24239.05,849860
1787286960,2026-08-21T10:06:00,24239.15,24241.2,24235.7,24236.35,1378400
1787287020,2026-08-21T10:07:00,24236.7,24237.45,24231.0,24232.1,609559
1787287080,2026-08-21T10:08:00,24232.4,24232.85,24226.2,24227.55,475537
1787287140,2026-08-21T10:09:00,24227.6,24229.9,24224.95,24225.25,916095
1787287200,2026-08-21T10:10:00,24225.5,24232.75,24224.6,24231.95,569666
1787287260,2026-08-21T10:11:00,24231.75,24233.95,24229.3,24233.85,657816
1787287320,2026-08-21T10:12:00,24233.9,24237.5,24233.1,24234.8,693959
1787287380,2026-08-21T10:13:00,24234.7,24237.15,24233.65,24234.7,682504
1787287440,2026-08-21T10:14:00,24234.85,24237.5,24233.75,24235.7,512023
1787287500,2026-08-21T10:15:00,24235.55,24236.2,24231.5,24233.7,581959
1787287560,2026-08-21T10:16:00,24234.05,24235.8,24233.1,24234.65,503771
1787287620,2026-08-21T10:17:00,24234.8,24237.9,24234.2,24236.05,900056
1787287680,2026-08-21T10:18:00,24236.15,24237.75,24233.2,24236.25,541199
1787287740,2026-08-21T10:19:00,24235.45,24236.55,24231.4,24232.1,533605
1787287800,2026-08-21T10:20:00,24232.15,24233.35,24229.35,24232.5,512179
1787287860,2026-08-21T10:21:00,24232.4,24234.35,24230.7,24233.0,640331
1787287920,2026-08-21T10:22:00,24233.7,24239.4,24233.35,24239.15,563724
1787287980,2026-08-21T10:23:00,24239.1,24246.0,24238.65,24244.65,1024344
1787288040,2026-08-21T10:24:00,24244.9,24247.4,24243.8,24243.8,360539
1787288100,2026-08-21T10:25:00,24243.7,24246.3,24242.7,24244.9,624549
1787288160,2026-08-21T10:26:00,24244.95,24249.5,24244.6,24248.45,532442
1787288220,2026-08-21T10:27:00,24248.25,24250.1,24245.25,24246.65,509594
1787288280,2026-08-21T10:28:00,24246.5,24252.2,24245.3,24251.95,507188
1787288340,2026-08-21T10:29:00,24252.15,24256.85,24250.85,24255.0,494052
1787288400,2026-08-21T10:30:00,24255.7,24258.85,24252.55,24254.4,908419
1787288460,2026-08-21T10:31:00,24254.0,24257.55,24252.0,24255.55,838229
1787288520,2026-08-21T10:32:00,24255.4,24255.6,24250.7,24250.8,621127
1787288580,2026-08-21T10:33:00,24251.45,24253.65,24248.65,24251.2,706584
1787288640,2026-08-21T10:34:00,24251.3,24252.45,24248.5,24250.3,567730
1787288700,2026-08-21T10:35:00,24250.5,24251.5,24247.35,24249.05,1029475
1787288760,2026-08-21T10:36:00,24248.9,24250.7,24246.8,24247.6,729111
1787288820,2026-08-21T10:37:00,24247.9,24250.6,24245.4,24249.5,1139582
1787288880,2026-08-21T10:38:00,24249.1,24252.85,24248.25,24249.7,698750
1787288940,2026-08-21T10:39:00,24249.3,24251.3,24247.15,24249.35,853820
1787289000,2026-08-21T10:40:00,24249.25,24251.95,24247.8,24250.9,698368
1787289060,2026-08-21T10:41:00,24250.5,24254.65,24249.4,24253.8,647023
1787289120,2026-08-21T10:42:00,24253.7,24254.4,24251.1,24252.3,1205434
1787289180,2026-08-21T10:43:00,24252.4,24254.1,24251.0,24252.1,402471
1787289240,2026-08-21T10:44:00,24252.3,24253.95,24251.4,24253.2,454680
1787289300,2026-08-21T10:45:00,24253.35,24256.65,24251.2,24256.45,534135
1787289360,2026-08-21T10:46:00,24256.6,24259.0,24253.15,24254.15,837440
1787289420,2026-08-21T10:47:00,24254.15,24255.3,24250.35,24250.75,571924
1787289480,2026-08-21T10:48:00,24250.65,24251.85,24247.95,24251.55,856517
1787289540,2026-08-21T10:49:00,24251.85,24256.3,24250.95,24253.5,783812
1787289600,2026-08-21T10:50:00,24253.2,24256.45,24252.55,24255.3,619116
1787289660,2026-08-21T10:51:00,24255.25,24257.4,24253.2,24255.8,547969
1787289720,2026-08-21T10:52:00,24256.1,24263.4,24254.65,24262.95,705458
1787289780,2026-08-21T10:53:00,24262.35,24265.3,24261.5,24264.55,527588
1787289840,2026-08-21T10:54:00,24265.5,24266.95,24263.35,24264.65,687514
1787289900,2026-08-21T10:55:00,24264.55,24267.65,24259.5,24261.15,737070
1787289960,2026-08-21T10:56:00,24261.05,24264.0,24260.05,24261.15,1593508
1787290020,2026-08-21T10:57:00,24260.75,24261.75,24254.2,24254.7,704473
1787290080,2026-08-21T10:58:00,24254.65,24256.45,24251.05,24256.25,789890
1787290140,2026-08-21T10:59:00,24256.45,24261.55,24253.5,24261.0,407238
1787290200,2026-08-21T11:00:00,24260.65,24265.3,24260.25,24262.55,496982
1787290260,2026-08-21T11:01:00,24262.8,24264.7,24261.7,24263.5,390822
1787290320,2026-08-21T11:02:00,24263.3,24264.55,24260.15,24261.8,554129
1787290380,2026-08-21T11:03:00,24261.95,24265.55,24260.35,24264.55,732423
1787290440,2026-08-21T11:04:00,24263.95,24266.9,24263.05,24266.0,508240
1787290500,2026-08-21T11:05:00,24266.85,24267.3,24263.6,24265.9,515713
1787290560,2026-08-21T11:06:00,24265.7,24267.25,24263.6,24265.5,1132284
1787290620,2026-08-21T11:07:00,24265.55,24266.4,24261.2,24265.2,696060
1787290680,2026-08-21T11:08:00,24265.45,24267.25,24263.0,24264.85,487220
1787290740,2026-08-21T11:09:00,24264.85,24267.05,24259.4,24259.8,504651
1787290800,2026-08-21T11:10:00,24260.05,24263.75,24258.7,24259.5,493550
1787290860,2026-08-21T11:11:00,24260.2,24261.7,24257.85,24260.9,524527
1787290920,2026-08-21T11:12:00,24260.9,24263.15,24259.7,24262.4,438893
1787290980,2026-08-21T11:13:00,24262.05,24264.35,24261.0,24261.5,336647
1787291040,2026-08-21T11:14:00,24261.15,24264.9,24261.0,24262.65,320315
1787291100,2026-08-21T11:15:00,24262.9,24265.85,24261.5,24263.1,516967
1787291160,2026-08-21T11:16:00,24262.75,24264.35,24260.4,24262.95,439371
1787291220,2026-08-21T11:17:00,24263.0,24264.4,24255.7,24255.9,865968
1787291280,2026-08-21T11:18:00,24255.55,24260.05,24251.9,24254.3,948707
1787291340,2026-08-21T11:19:00,24253.85,24256.05,24252.4,24255.35,554058
1787291400,2026-08-21T11:20:00,24255.1,24256.05,24251.35,24251.95,670167
1787291460,2026-08-21T11:21:00,24252.15,24255.1,24250.15,24250.3,997117
1787291520,2026-08-21T11:22:00,24250.2,24251.5,24248.15,24249.55,619501
1787291580,2026-08-21T11:23:00,24249.95,24253.9,24249.4,24252.3,504736
1787291640,2026-08-21T11:24:00,24252.45,24256.1,24251.85,24255.0,563900
1787291700,2026-08-21T11:25:00,24254.9,24257.7,24253.2,24254.95,354994
1787291760,2026-08-21T11:26:00,24254.7,24257.45,24254.15,24255.65,378644
1787291820,2026-08-21T11:27:00,24255.55,24256.7,24253.6,24254.1,576818
1787291880,2026-08-21T11:28:00,24254.0,24257.5,24252.15,24254.75,407146
1787291940,2026-08-21T11:29:00,24255.0,24259.4,24253.05,24256.6,889735
1787292000,2026-08-21T11:30:00,24256.55,24261.75,24256.55,24259.05,1182496
1787292060,2026-08-21T11:31:00,24259.15,24261.05,24254.9,24255.75,1791566
1787292120,2026-08-21T11:32:00,24256.05,24260.9,24254.25,24257.9,882968
1787292180,2026-08-21T11:33:00,24258.8,24260.7,24257.2,24258.65,863325
1787292240,2026-08-21T11:34:00,24258.4,24260.25,24256.55,24258.7,734015
1787292300,2026-08-21T11:35:00,24258.75,24260.15,24256.55,24257.95,517857
1787292360,2026-08-21T11:36:00,24258.1,24258.95,24253.8,24256.35,597982
1787292420,2026-08-21T11:37:00,24256.4,24258.45,24255.15,24256.0,1056853
1787292480,2026-08-21T11:38:00,24255.9,24258.9,24255.0,24257.0,577462
1787292540,2026-08-21T11:39:00,24257.45,24260.7,24255.05,24257.2,910542
1787292600,2026-08-21T11:40:00,24257.3,24258.35,24252.0,24254.35,809854
1787292660,2026-08-21T11:41:00,24254.3,24256.9,24251.55,24252.85,536120
1787292720,2026-08-21T11:42:00,24252.45,24253.75,24249.8,24250.65,629524
1787292780,2026-08-21T11:43:00,24251.05,24255.7,24249.7,24252.4,526624
1787292840,2026-08-21T11:44:00,24252.25,24253.3,24248.85,24251.05,655273
1787292900,2026-08-21T11:45:00,24251.3,24254.7,24249.2,24250.6,516876
1787292960,2026-08-21T11:46:00,24250.4,24252.3,24247.75,24250.45,455313
1787293020,2026-08-21T11:47:00,24250.25,24252.3,24249.4,24250.6,572217
1787293080,2026-08-21T11:48:00,24251.0,24255.7,24250.3,24254.55,386429
1787293140,2026-08-21T11:49:00,24254.4,24255.55,24251.5,24254.35,1006953
1787293200,2026-08-21T11:50:00,24254.45,24257.55,24252.9,24256.7,876984
1787293260,2026-08-21T11:51:00,24256.75,24259.7,24255.75,24256.0,622016
1787293320,2026-08-21T11:52:00,24255.95,24256.4,24250.45,24251.5,580492
1787293380,2026-08-21T11:53:00,24251.5,24254.1,24250.9,24252.05,720750
1787293440,2026-08-21T11:54:00,24252.25,24255.9,24245.25,24245.25,802411
1787293500,2026-08-21T11:55:00,24245.35,24248.25,24240.7,24241.6,648604
1787293560,2026-08-21T11:56:00,24240.8,24245.0,24238.65,24240.2,725601
1787293620,2026-08-21T11:57:00,24240.2,24242.5,24238.85,24239.75,590649
1787293680,2026-08-21T11:58:00,24239.6,24244.25,24239.6,24242.0,777378
1787293740,2026-08-21T11:59:00,24241.9,24243.65,24238.3,24239.3,621352
1787293800,2026-08-21T12:00:00,24238.45,24242.4,24237.05,24241.25,697165
1787293860,2026-08-21T12:01:00,24241.2,24244.05,24239.35,24240.4,1115263
1787293920,2026-08-21T12:02:00,24240.35,24243.5,24239.95,24241.05,677734
1787293980,2026-08-21T12:03:00,24240.65,24241.5,24237.45,24238.3,427860
1787294040,2026-08-21T12:04:00,24239.15,24241.15,24237.4,24238.55,747978
1787294100,2026-08-21T12:05:00,24238.35,24241.85,24237.6,24240.65,491355
1787294160,2026-08-21T12:06:00,24240.7,24240.9,24236.45,24238.95,402091
1787294220,2026-08-21T12:07:00,24238.6,24239.4,24235.75,24239.1,433462
1787294280,2026-08-21T12:08:00,24238.95,24239.9,24236.05,24237.7,554765
1787294340,2026-08-21T12:09:00,24237.25,24238.75,24234.3,24236.25,405906
1787294400,2026-08-21T12:10:00,24236.2,24238.25,24235.45,24237.4,459413
1787294460,2026-08-21T12:11:00,24237.0,24239.6,24235.8,24236.5,459926
1787294520,2026-08-21T12:12:00,24236.4,24238.1,24234.5,24236.5,493276
1787294580,2026-08-21T12:13:00,24236.4,24238.2,24235.8,24236.35,412376
1787294640,2026-08-21T12:14:00,24236.3,24239.45,24232.55,24233.3,480791
1787294700,2026-08-21T12:15:00,24233.2,24236.7,24232.05,24232.45,497449
1787294760,2026-08-21T12:16:00,24232.35,24234.25,24227.5,24229.2,623025
1787294820,2026-08-21T12:17:00,24229.25,24233.05,24227.8,24232.2,761719
1787294880,2026-08-21T12:18:00,24232.05,24238.9,24231.4,24236.9,457869
1787294940,2026-08-21T12:19:00,24236.55,24238.9,24234.35,24237.95,728280
1787295000,2026-08-21T12:20:00,24237.45,24240.8,24236.15,24238.6,432783
1787295060,2026-08-21T12:21:00,24238.05,24241.5,24237.35,24237.75,418993
1787295120,2026-08-21T12:22:00,24237.35,24240.95,24237.3,24239.0,418116
1787295180,2026-08-21T12:23:00,24238.85,24243.25,24238.65,24241.75,368459
1787295240,2026-08-21T12:24:00,24241.65,24243.35,24240.1,24240.75,389734
1787295300,2026-08-21T12:25:00,24240.85,24241.9,24237.5,24239.55,353887
1787295360,2026-08-21T12:26:00,24239.35,24242.55,24238.7,24242.5,343718
1787295420,2026-08-21T12:27:00,24242.15,24243.3,24237.95,24239.85,442245
1787295480,2026-08-21T12:28:00,24239.85,24241.25,24234.9,24237.2,336380
1787295540,2026-08-21T12:29:00,24237.4,24239.1,24235.6,24238.25,414747
1787295600,2026-08-21T12:30:00,24238.0,24242.95,24238.0,24240.0,457335
1787295660,2026-08-21T12:31:00,24240.5,24245.15,24239.5,24242.75,447254
1787295720,2026-08-21T12:32:00,24242.8,24246.65,24242.25,24243.55,472178
1787295780,2026-08-21T12:33:00,24243.85,24245.85,24242.15,24243.5,314232
1787295840,2026-08-21T12:34:00,24243.25,24244.35,24241.0,24243.1,414045
1787295900,2026-08-21T12:35:00,24243.15,24246.4,24241.6,24244.95,687541
1787295960,2026-08-21T12:36:00,24244.25,24246.7,24242.35,24243.2,451980
1787296020,2026-08-21T12:37:00,24242.95,24244.65,24240.15,24242.05,435776
1787296080,2026-08-21T12:38:00,24242.05,24242.9,24237.2,24238.6,384660
1787296140,2026-08-21T12:39:00,24238.95,24240.9,24235.8,24236.55,435745
1787296200,2026-08-21T12:40:00,24236.4,24236.9,24232.8,24234.85,682002
1787296260,2026-08-21T12:41:00,24234.85,24236.1,24230.15,24230.45,805346
1787296320,2026-08-21T12:42:00,24230.35,24232.3,24228.0,24229.75,562025
1787296380,2026-08-21T12:43:00,24229.6,24231.8,24227.45,24229.2,546971
1787296440,2026-08-21T12:44:00,24228.95,24233.8,24228.55,24233.3,515467
1787296500,2026-08-21T12:45:00,24233.1,24238.0,24232.0,24237.35,477433
1787296560,2026-08-21T12:46:00,24237.1,24239.4,24232.4,24232.7,518694
1787296620,2026-08-21T12:47:00,24232.6,24234.6,24229.3,24229.8,432035
1787296680,2026-08-21T12:48:00,24229.9,24232.25,24228.55,24230.55,512769
1787296740,2026-08-21T12:49:00,24230.35,24232.45,24228.8,24230.4,393226
1787296800,2026-08-21T12:50:00,24230.3,24234.55,24230.2,24232.4,553913
1787296860,2026-08-21T12:51:00,24231.9,24234.4,24230.75,24233.4,471937
1787296920,2026-08-21T12:52:00,24233.2,24235.45,24231.95,24232.95,409064
1787296980,2026-08-21T12:53:00,24233.25,24234.35,24231.1,24233.4,496651
1787297040,2026-08-21T12:54:00,24233.4,24234.4,24231.1,24233.2,511642
1787297100,2026-08-21T12:55:00,24233.7,24235.7,24231.35,24234.9,450133
1787297160,2026-08-21T12:56:00,24234.65,24236.45,24230.6,24232.1,355689
1787297220,2026-08-21T12:57:00,24231.9,24233.1,24230.15,24230.65,388977
1787297280,2026-08-21T12:58:00,24230.65,24233.2,24229.55,24231.35,648537
1787297340,2026-08-21T12:59:00,24231.05,24235.75,24230.8,24232.8,758517
1787297400,2026-08-21T13:00:00,24232.6,24234.85,24231.95,24234.4,382196
1787297460,2026-08-21T13:01:00,24234.6,24237.8,24234.4,24237.15,363353
1787297520,2026-08-21T13:02:00,24237.2,24239.1,24236.45,24238.25,511252
1787297580,2026-08-21T13:03:00,24238.15,24240.2,24236.05,24239.05,641018
1787297640,2026-08-21T13:04:00,24238.9,24241.7,24238.4,24241.05,753006
1787297700,2026-08-21T13:05:00,24241.05,24245.95,24239.85,24244.5,1020477
1787297760,2026-08-21T13:06:00,24244.4,24247.35,24244.0,24246.4,529680
1787297820,2026-08-21T13:07:00,24246.2,24249.25,24245.65,24248.3,447001
1787297880,2026-08-21T13:08:00,24248.6,24251.5,24246.85,24250.05,897070
1787297940,2026-08-21T13:09:00,24250.0,24253.1,24248.55,24250.35,600420
1787298000,2026-08-21T13:10:00,24250.35,24252.7,24247.65,24248.3,538894
1787298060,2026-08-21T13:11:00,24248.2,24250.15,24246.55,24248.25,650414
1787298120,2026-08-21T13:12:00,24247.85,24251.0,24247.35,24249.25,539065
1787298180,2026-08-21T13:13:00,24249.15,24250.2,24247.0,24247.45,538092
1787298240,2026-08-21T13:14:00,24247.2,24248.4,24242.85,24244.0,430576
1787298300,2026-08-21T13:15:00,24244.0,24246.5,24241.05,24242.65,478027
1787298360,2026-08-21T13:16:00,24242.35,24244.2,24239.9,24241.1,607954
1787298420,2026-08-21T13:17:00,24241.25,24245.2,24240.25,24244.1,818057
1787298480,2026-08-21T13:18:00,24244.1,24248.2,24243.3,24247.7,744453
1787298540,2026-08-21T13:19:00,24247.05,24248.2,24244.9,24246.0,619987
1787298600,2026-08-21T13:20:00,24245.7,24248.0,24243.1,24244.25,562094
1787298660,2026-08-21T13:21:00,24244.2,24245.6,24238.15,24238.25,618745
1787298720,2026-08-21T13:22:00,24238.0,24239.55,24236.3,24236.45,399465
1787298780,2026-08-21T13:23:00,24236.55,24237.5,24234.9,24235.95,370755
1787298840,2026-08-21T13:24:00,24235.7,24239.8,24235.2,24238.35,613093
1787298900,2026-08-21T13:25:00,24238.65,24239.15,24235.6,24238.75,348036
1787298960,2026-08-21T13:26:00,24238.75,24239.7,24236.2,24238.15,454031
1787299020,2026-08-21T13:27:00,24237.9,24241.05,24237.35,24240.45,334201
1787299080,2026-08-21T13:28:00,24240.55,24242.45,24238.3,24239.65,541440
1787299140,2026-08-21T13:29:00,24239.2,24247.15,24238.75,24246.8,544492
1787299200,2026-08-21T13:30:00,24247.05,24250.35,24243.4,24244.25,435091
1787299260,2026-08-21T13:31:00,24244.1,24246.4,24243.35,24243.85,347500
1787299320,2026-08-21T13:32:00,24244.0,24244.0,24237.65,24238.8,407269
1787299380,2026-08-21T13:33:00,24238.75,24240.55,24237.85,24239.8,385645
1787299440,2026-08-21T13:34:00,24239.5,24242.8,24238.8,24239.5,446678
1787299500,2026-08-21T13:35:00,24239.6,24242.45,24237.95,24238.4,474960
1787299560,2026-08-21T13:36:00,24238.3,24239.1,24229.95,24233.0,530841
1787299620,2026-08-21T13:37:00,24233.1,24235.2,24230.85,24233.7,551163
1787299680,2026-08-21T13:38:00,24233.6,24235.5,24231.95,24232.4,506805
1787299740,2026-08-21T13:39:00,24232.3,24235.0,24231.95,24233.7,976280
1787299800,2026-08-21T13:40:00,24233.9,24237.65,24233.65,24236.5,431155
1787299860,2026-08-21T13:41:00,24236.5,24236.9,24229.95,24231.15,369907
1787299920,2026-08-21T13:42:00,24231.3,24234.75,24229.75,24234.75,457303
1787299980,2026-08-21T13:43:00,24234.3,24237.45,24232.95,24236.15,376192
1787300040,2026-08-21T13:44:00,24236.1,24237.9,24233.65,24235.8,358192
1787300100,2026-08-21T13:45:00,24235.6,24236.75,24231.65,24232.65,347722
1787300160,2026-08-21T13:46:00,24232.45,24233.75,24229.65,24232.9,508914
1787300220,2026-08-21T13:47:00,24232.4,24237.95,24231.2,24236.75,485741
1787300280,2026-08-21T13:48:00,24236.2,24237.3,24232.55,24233.45,294579
1787300340,2026-08-21T13:49:00,24233.55,24234.65,24230.5,24231.45,519735
1787300400,2026-08-21T13:50:00,24231.2,24234.0,24229.9,24231.05,401067
1787300460,2026-08-21T13:51:00,24230.85,24231.35,24226.1,24229.45,566756
1787300520,2026-08-21T13:52:00,24229.55,24233.3,24228.75,24230.75,470990
1787300580,2026-08-21T13:53:00,24230.85,24237.95,24229.55,24232.45,655132
1787300640,2026-08-21T13:54:00,24232.35,24235.1,24231.3,24232.95,435864
1787300700,2026-08-21T13:55:00,24233.25,24236.4,24232.5,24234.7,349509
1787300760,2026-08-21T13:56:00,24234.7,24236.75,24233.65,24235.3,384564
1787300820,2026-08-21T13:57:00,24234.9,24241.7,24234.7,24239.6,617566
1787300880,2026-08-21T13:58:00,24240.25,24242.9,24236.15,24237.8,543210
1787300940,2026-08-21T13:59:00,24237.5,24238.6,24233.4,24233.95,760421
1787301000,2026-08-21T14:00:00,24232.9,24236.45,24232.45,24235.15,593218
1787301060,2026-08-21T14:01:00,24234.3,24236.05,24231.8,24233.65,698499
1787301120,2026-08-21T14:02:00,24234.2,24236.15,24231.4,24231.75,556839
1787301180,2026-08-21T14:03:00,24231.7,24234.1,24227.4,24227.45,862811
1787301240,2026-08-21T14:04:00,24227.8,24233.65,24227.15,24230.7,481994
1787301300,2026-08-21T14:05:00,24230.8,24233.15,24228.75,24230.1,374128
1787301360,2026-08-21T14:06:00,24230.2,24231.35,24226.95,24228.15,324168
1787301420,2026-08-21T14:07:00,24227.35,24231.35,24226.8,24229.2,568617
1787301480,2026-08-21T14:08:00,24228.7,24231.1,24227.55,24229.05,375157
1787301540,2026-08-21T14:09:00,24228.8,24230.35,24223.65,24225.45,523870
1787301600,2026-08-21T14:10:00,24225.15,24227.1,24223.7,24225.6,370560
1787301660,2026-08-21T14:11:00,24225.35,24230.85,24225.0,24226.05,540778
1787301720,2026-08-21T14:12:00,24225.2,24230.15,24224.9,24228.95,323969
1787301780,2026-08-21T14:13:00,24228.7,24230.3,24227.55,24229.55,359625
1787301840,2026-08-21T14:14:00,24229.0,24231.9,24227.1,24230.55,817140
1787301900,2026-08-21T14:15:00,24230.6,24232.8,24229.95,24232.5,414279
1787301960,2026-08-21T14:16:00,24231.75,24237.3,24231.75,24234.85,405352
1787302020,2026-08-21T14:17:00,24234.6,24237.75,24234.0,24236.95,526163
1787302080,2026-08-21T14:18:00,24236.45,24239.6,24235.7,24237.3,549394
1787302140,2026-08-21T14:19:00,24237.15,24238.2,24234.65,24236.15,547610
1787302200,2026-08-21T14:20:00,24236.8,24239.1,24234.2,24235.7,912260
1787302260,2026-08-21T14:21:00,24235.2,24240.2,24234.9,24239.15,562564
1787302320,2026-08-21T14:22:00,24239.6,24243.0,24238.75,24240.0,538022
1787302380,2026-08-21T14:23:00,24240.05,24243.15,24238.5,24240.9,565690
1787302440,2026-08-21T14:24:00,24240.45,24241.95,24236.85,24239.35,479232
1787302500,2026-08-21T14:25:00,24239.6,24240.35,24234.3,24235.9,432757
1787302560,2026-08-21T14:26:00,24235.95,24239.15,24234.45,24236.45,527856
1787302620,2026-08-21T14:27:00,24236.4,24238.55,24234.35,24237.5,589319
1787302680,2026-08-21T14:28:00,24238.75,24239.45,24234.6,24238.35,687282
1787302740,2026-08-21T14:29:00,24238.1,24243.25,24237.8,24243.1,445823
1787302800,2026-08-21T14:30:00,24242.7,24246.25,24242.5,24244.6,581856
1787302860,2026-08-21T14:31:00,24244.45,24245.2,24239.9,24241.85,614834
1787302920,2026-08-21T14:32:00,24242.2,24243.7,24239.65,24241.7,441301
1787302980,2026-08-21T14:33:00,24240.95,24242.95,24238.65,24241.2,463566
1787303040,2026-08-21T14:34:00,24240.65,24242.35,24236.4,24237.75,418624
1787303100,2026-08-21T14:35:00,24238.4,24238.5,24234.15,24236.8,362886
1787303160,2026-08-21T14:36:00,24237.2,24239.2,24234.65,24238.6,366503
1787303220,2026-08-21T14:37:00,24237.1,24239.85,24235.1,24236.4,447821
1787303280,2026-08-21T14:38:00,24236.3,24239.15,24233.95,24235.25,475050
1787303340,2026-08-21T14:39:00,24235.0,24238.45,24233.85,24234.7,468334
1787303400,2026-08-21T14:40:00,24233.75,24238.3,24233.3,24236.25,432346
1787303460,2026-08-21T14:41:00,24235.95,24237.9,24234.0,24235.1,466343
1787303520,2026-08-21T14:42:00,24235.05,24237.5,24234.25,24236.15,530876
1787303580,2026-08-21T14:43:00,24235.35,24236.2,24232.9,24234.6,869509
1787303640,2026-08-21T14:44:00,24234.55,24237.4,24233.95,24235.35,791835
1787303700,2026-08-21T14:45:00,24234.85,24239.35,24234.7,24236.5,491782
1787303760,2026-08-21T14:46:00,24236.45,24240.9,24236.4,24239.5,638831
1787303820,2026-08-21T14:47:00,24239.7,24242.15,24238.2,24240.85,919159
1787303880,2026-08-21T14:48:00,24241.5,24243.95,24239.65,24241.5,556875
1787303940,2026-08-21T14:49:00,24241.65,24242.05,24237.3,24237.6,721285
1787304000,2026-08-21T14:50:00,24238.0,24242.65,24237.55,24240.15,960505
1787304060,2026-08-21T14:51:00,24240.75,24244.4,24239.9,24240.4,823774
1787304120,2026-08-21T14:52:00,24240.45,24243.6,24238.0,24239.05,699720
1787304180,2026-08-21T14:53:00,24239.3,24241.9,24237.75,24239.2,1016442
1787304240,2026-08-21T14:54:00,24239.35,24242.0,24237.7,24238.6,1097251
1787304300,2026-08-21T14:55:00,24239.0,24241.45,24237.8,24237.8,712363
1787304360,2026-08-21T14:56:00,24238.75,24240.95,24237.5,24238.2,698490
1787304420,2026-08-21T14:57:00,24239.45,24239.75,24235.25,24236.4,903508
1787304480,2026-08-21T14:58:00,24235.55,24239.05,24234.8,24235.0,777873
1787304540,2026-08-21T14:59:00,24235.7,24238.5,24233.3,24236.3,896465
1787304600,2026-08-21T15:00:00,24235.85,24239.8,24233.05,24238.1,1545003
1787304660,2026-08-21T15:01:00,24239.55,24239.55,24235.0,24237.8,1109151
1787304720,2026-08-21T15:02:00,24237.4,24243.45,24236.2,24241.45,977622
1787304780,2026-08-21T15:03:00,24240.75,24241.35,24234.6,24237.65,1168677
1787304840,2026-08-21T15:04:00,24237.2,24240.55,24233.95,24235.75,1160030
1787304900,2026-08-21T15:05:00,24234.7,24236.95,24231.55,24233.6,2362166
1787304960,2026-08-21T15:06:00,24233.8,24239.65,24231.65,24238.85,1636176
1787305020,2026-08-21T15:07:00,24239.1,24240.25,24236.0,24238.55,1377837
1787305080,2026-08-21T15:08:00,24238.25,24238.6,24234.95,24236.75,1268763
1787305140,2026-08-21T15:09:00,24237.4,24237.4,24230.9,24234.05,2084934
1787305200,2026-08-21T15:10:00,24234.0,24237.1,24230.65,24232.4,1720129
1787305260,2026-08-21T15:11:00,24232.7,24235.3,24228.9,24232.8,1626009
1787305320,2026-08-21T15:12:00,24234.05,24234.05,24223.6,24228.5,2947318
1787305380,2026-08-21T15:13:00,24228.85,24232.8,24226.4,24231.1,1524642
1787305440,2026-08-21T15:14:00,24229.85,24238.95,24226.75,24234.75,1197804
1787305500,2026-08-21T15:15:00,24234.75,24234.75,24234.75,24234.75,768
1787305560,2026-08-21T15:16:00,24234.75,24234.75,24234.75,24234.75,768
1787305620,2026-08-21T15:17:00,24234.75,24234.75,24234.75,24234.75,768
1787305680,2026-08-21T15:18:00,24234.75,24234.75,24234.75,24234.75,768
1787305740,2026-08-21T15:19:00,24234.75,24234.75,24234.75,24234.75,768
1787305800,2026-08-21T15:20:00,24234.75,24234.75,24234.75,24234.75,768
1787305860,2026-08-21T15:21:00,24234.75,24234.75,24234.75,24234.75,768
1787305920,2026-08-21T15:22:00,24234.75,24234.75,24234.75,24234.75,768
1787305980,2026-08-21T15:23:00,24234.75,24234.75,24234.75,24234.75,768
1787306040,2026-08-21T15:24:00,24234.75,24234.75,24234.75,24234.75,768
1787306100,2026-08-21T15:25:00,24234.75,24234.75,24234.75,24234.75,768
1787306160,2026-08-21T15:26:00,24234.75,24234.75,24234.75,24234.75,768
1787306220,2026-08-21T15:27:00,24234.75,24234.75,24234.75,24234.75,768
1787306280,2026-08-21T15:28:00,24234.75,24234.75,24234.75,24234.75,768
1787306340,2026-08-21T15:29:00,24234.75,24252.0,24234.75,24252.0,768
1787543100,2026-08-24T09:15:00,24285.05,24306.75,24271.1,24297.35,2952312
1787543160,2026-08-24T09:16:00,24299.4,24307.15,24295.8,24300.2,2023601
1787543220,2026-08-24T09:17:00,24301.35,24310.5,24300.35,24307.4,1697314
1787543280,2026-08-24T09:18:00,24308.8,24313.0,24304.2,24305.4,1384039
1787543340,2026-08-24T09:19:00,24306.45,24308.1,24301.05,24303.4,998436
1787543400,2026-08-24T09:20:00,24303.9,24309.5,24303.5,24308.1,1017134
1787543460,2026-08-24T09:21:00,24308.5,24310.9,24301.55,24304.25,1041790
1787543520,2026-08-24T09:22:00,24303.7,24305.15,24298.75,24304.15,994908
1787543580,2026-08-24T09:23:00,24305.75,24311.9,24304.5,24306.55,864448
1787543640,2026-08-24T09:24:00,24307.6,24308.1,24300.1,24303.0,810758
1787543700,2026-08-24T09:25:00,24304.65,24305.6,24299.15,24302.15,680387
1787543760,2026-08-24T09:26:00,24303.35,24305.7,24300.5,24303.5,900342
1787543820,2026-08-24T09:27:00,24305.55,24306.3,24300.75,24301.9,654196
1787543880,2026-08-24T09:28:00,24303.2,24303.2,24287.25,24289.85,707818
1787543940,2026-08-24T09:29:00,24291.6,24293.95,24287.15,24287.15,668220
1787544000,2026-08-24T09:30:00,24290.3,24291.05,24282.4,24286.35,927032
1787544060,2026-08-24T09:31:00,24287.15,24289.0,24278.0,24278.2,657452
1787544120,2026-08-24T09:32:00,24279.6,24279.6,24273.6,24276.25,547453
1787544180,2026-08-24T09:33:00,24278.3,24278.3,24272.55,24276.2,572963
1787544240,2026-08-24T09:34:00,24277.1,24279.55,24274.65,24276.7,660238
1787544300,2026-08-24T09:35:00,24278.45,24278.45,24273.95,24278.15,403514
1787544360,2026-08-24T09:36:00,24278.7,24278.7,24273.4,24276.85,560372
1787544420,2026-08-24T09:37:00,24277.85,24284.35,24276.7,24284.25,726656
1787544480,2026-08-24T09:38:00,24284.1,24288.3,24283.0,24285.0,478183
1787544540,2026-08-24T09:39:00,24286.55,24288.6,24282.4,24283.1,477931
1787544600,2026-08-24T09:40:00,24284.7,24286.2,24279.4,24280.85,496166
1787544660,2026-08-24T09:41:00,24280.7,24281.75,24276.1,24277.15,433745
1787544720,2026-08-24T09:42:00,24277.9,24278.55,24274.25,24276.5,322801
1787544780,2026-08-24T09:43:00,24277.25,24280.95,24276.3,24278.8,404967
1787544840,2026-08-24T09:44:00,24280.15,24283.3,24279.1,24281.65,464224
1787544900,2026-08-24T09:45:00,24282.55,24284.1,24279.7,24282.05,927645
1787544960,2026-08-24T09:46:00,24282.2,24285.15,24276.15,24276.45,705177
1787545020,2026-08-24T09:47:00,24278.9,24281.35,24276.15,24279.8,685711
1787545080,2026-08-24T09:48:00,24279.95,24281.55,24278.4,24278.75,524146
1787545140,2026-08-24T09:49:00,24280.15,24281.35,24276.7,24281.35,756392
1787545200,2026-08-24T09:50:00,24281.2,24283.95,24278.15,24278.15,597354
1787545260,2026-08-24T09:51:00,24280.75,24282.15,24278.2,24280.75,691049
1787545320,2026-08-24T09:52:00,24282.55,24283.0,24277.05,24277.4,651429
1787545380,2026-08-24T09:53:00,24278.3,24280.25,24273.25,24274.95,501299
1787545440,2026-08-24T09:54:00,24276.9,24276.9,24272.1,24272.65,437482
1787545500,2026-08-24T09:55:00,24273.75,24276.6,24270.45,24276.1,508846
1787545560,2026-08-24T09:56:00,24277.75,24281.35,24276.1,24279.55,608748
1787545620,2026-08-24T09:57:00,24279.7,24281.05,24277.7,24278.8,405248
1787545680,2026-08-24T09:58:00,24280.55,24280.55,24268.6,24269.9,561631
1787545740,2026-08-24T09:59:00,24270.15,24271.6,24267.3,24268.65,697009
1787545800,2026-08-24T10:00:00,24270.3,24274.8,24267.9,24269.4,386430
1787545860,2026-08-24T10:01:00,24270.8,24273.85,24268.9,24270.65,533523
1787545920,2026-08-24T10:02:00,24271.7,24274.8,24270.6,24273.6,474467
1787545980,2026-08-24T10:03:00,24274.55,24276.55,24269.85,24270.4,317575
1787546040,2026-08-24T10:04:00,24271.85,24271.85,24267.65,24269.5,357637
1787546100,2026-08-24T10:05:00,24271.1,24272.0,24268.95,24271.65,260431
1787546160,2026-08-24T10:06:00,24272.4,24274.3,24269.55,24271.8,504083
1787546220,2026-08-24T10:07:00,24273.4,24273.4,24267.7,24268.45,508117
1787546280,2026-08-24T10:08:00,24270.0,24273.05,24268.15,24269.35,537266
1787546340,2026-08-24T10:09:00,24270.2,24273.85,24269.1,24270.3,368399
1787546400,2026-08-24T10:10:00,24272.25,24274.7,24270.3,24273.05,376551
1787546460,2026-08-24T10:11:00,24274.55,24275.2,24271.05,24272.6,354071
1787546520,2026-08-24T10:12:00,24273.65,24273.65,24269.6,24271.45,409406
1787546580,2026-08-24T10:13:00,24271.15,24273.9,24270.0,24272.05,348143
1787546640,2026-08-24T10:14:00,24272.95,24276.2,24271.55,24273.05,369011
1787546700,2026-08-24T10:15:00,24274.15,24276.1,24271.75,24273.95,373686
1787546760,2026-08-24T10:16:00,24276.0,24278.0,24272.3,24276.15,350469
1787546820,2026-08-24T10:17:00,24277.2,24278.9,24273.35,24274.9,356358
1787546880,2026-08-24T10:18:00,24276.3,24278.2,24273.7,24277.7,296394
1787546940,2026-08-24T10:19:00,24278.15,24281.9,24277.2,24278.2,580829
1787547000,2026-08-24T10:20:00,24280.05,24281.95,24276.8,24277.6,510589
1787547060,2026-08-24T10:21:00,24279.0,24283.5,24277.15,24281.4,445808
1787547120,2026-08-24T10:22:00,24283.35,24284.25,24277.1,24278.85,404390
1787547180,2026-08-24T10:23:00,24279.95,24280.35,24276.6,24277.55,270893
1787547240,2026-08-24T10:24:00,24278.7,24280.6,24276.6,24278.6,352202
1787547300,2026-08-24T10:25:00,24279.8,24281.75,24274.55,24275.8,542872
1787547360,2026-08-24T10:26:00,24277.85,24279.25,24274.9,24278.45,973586
1787547420,2026-08-24T10:27:00,24279.15,24281.3,24277.85,24278.95,399329
1787547480,2026-08-24T10:28:00,24279.75,24281.65,24276.45,24277.5,461629
1787547540,2026-08-24T10:29:00,24279.6,24280.4,24276.4,24277.7,414852
1787547600,2026-08-24T10:30:00,24278.35,24281.55,24277.45,24278.2,435636
1787547660,2026-08-24T10:31:00,24281.1,24281.95,24276.2,24278.2,370600
1787547720,2026-08-24T10:32:00,24277.55,24279.45,24275.05,24275.75,442155
1787547780,2026-08-24T10:33:00,24276.6,24282.35,24275.85,24280.2,987096
1787547840,2026-08-24T10:34:00,24281.0,24281.95,24278.55,24280.3,576402
1787547900,2026-08-24T10:35:00,24281.95,24282.65,24278.55,24279.6,433445
1787547960,2026-08-24T10:36:00,24281.3,24282.7,24278.9,24280.0,405058
1787548020,2026-08-24T10:37:00,24281.8,24286.85,24280.65,24285.3,425840
1787548080,2026-08-24T10:38:00,24286.45,24287.7,24282.65,24283.45,349222
1787548140,2026-08-24T10:39:00,24285.4,24285.4,24278.85,24280.25,393922
1787548200,2026-08-24T10:40:00,24280.95,24280.95,24277.2,24278.2,1266469
1787548260,2026-08-24T10:41:00,24279.2,24280.05,24276.4,24277.8,619707
1787548320,2026-08-24T10:42:00,24278.15,24282.25,24275.4,24278.0,845275
1787548380,2026-08-24T10:43:00,24278.9,24282.2,24278.0,24280.35,771360
1787548440,2026-08-24T10:44:00,24281.55,24282.4,24278.6,24279.7,492130
1787548500,2026-08-24T10:45:00,24280.9,24280.9,24276.45,24279.15,1053878
1787548560,2026-08-24T10:46:00,24279.75,24279.75,24276.15,24277.9,368174
1787548620,2026-08-24T10:47:00,24279.0,24279.8,24275.85,24277.6,403323
1787548680,2026-08-24T10:48:00,24278.45,24280.05,24274.95,24275.65,502924
1787548740,2026-08-24T10:49:00,24277.1,24277.65,24269.75,24270.6,774670
1787548800,2026-08-24T10:50:00,24272.35,24272.4,24267.95,24270.3,623608
1787548860,2026-08-24T10:51:00,24270.9,24271.15,24263.75,24264.95,369269
1787548920,2026-08-24T10:52:00,24265.55,24265.9,24262.35,24263.8,852992
1787548980,2026-08-24T10:53:00,24265.6,24267.6,24262.95,24266.3,438110
1787549040,2026-08-24T10:54:00,24267.1,24270.45,24266.25,24269.2,468246
1787549100,2026-08-24T10:55:00,24270.0,24272.75,24267.8,24271.25,858267
1787549160,2026-08-24T10:56:00,24272.25,24272.25,24267.85,24269.0,783594
1787549220,2026-08-24T10:57:00,24270.1,24272.5,24265.95,24267.85,429140
1787549280,2026-08-24T10:58:00,24268.7,24268.7,24262.75,24265.7,338080
1787549340,2026-08-24T10:59:00,24266.2,24266.2,24240.35,24243.25,891020
1787549400,2026-08-24T11:00:00,24244.2,24251.55,24242.7,24250.45,578556
1787549460,2026-08-24T11:01:00,24251.25,24255.0,24248.4,24250.6,465902
1787549520,2026-08-24T11:02:00,24251.4,24251.85,24246.85,24247.1,360007
1787549580,2026-08-24T11:03:00,24248.8,24248.8,24227.25,24228.9,1715781
1787549640,2026-08-24T11:04:00,24230.15,24233.0,24228.7,24230.95,589377
1787549700,2026-08-24T11:05:00,24231.25,24232.35,24219.5,24221.9,651006
1787549760,2026-08-24T11:06:00,24222.75,24229.0,24220.15,24227.55,751509
1787549820,2026-08-24T11:07:00,24228.05,24229.8,24226.4,24228.05,397934
1787549880,2026-08-24T11:08:00,24228.6,24228.85,24223.2,24225.45,373554
1787549940,2026-08-24T11:09:00,24226.0,24226.95,24219.8,24221.65,559768
1787550000,2026-08-24T11:10:00,24222.1,24223.55,24218.35,24221.1,657501
1787550060,2026-08-24T11:11:00,24222.3,24223.1,24218.7,24219.75,865518
1787550120,2026-08-24T11:12:00,24221.0,24221.05,24210.65,24212.6,478779
1787550180,2026-08-24T11:13:00,24213.95,24215.65,24210.35,24212.35,530288
1787550240,2026-08-24T11:14:00,24213.6,24214.2,24209.05,24210.75,396717
1787550300,2026-08-24T11:15:00,24212.25,24212.65,24207.05,24210.85,508636
1787550360,2026-08-24T11:16:00,24212.7,24218.0,24210.85,24214.2,404950
1787550420,2026-08-24T11:17:00,24214.5,24215.2,24211.15,24212.35,461713
1787550480,2026-08-24T11:18:00,24213.75,24219.7,24211.85,24216.7,513496
1787550540,2026-08-24T11:19:00,24217.5,24218.0,24214.3,24215.1,398688
1787550600,2026-08-24T11:20:00,24216.6,24220.8,24214.25,24214.45,493789
1787550660,2026-08-24T11:21:00,24215.2,24215.2,24209.6,24212.0,367692
1787550720,2026-08-24T11:22:00,24212.2,24213.6,24204.05,24205.45,1089709
1787550780,2026-08-24T11:23:00,24206.2,24206.7,24196.75,24200.55,692109
1787550840,2026-08-24T11:24:00,24201.4,24205.55,24199.2,24203.25,417689
1787550900,2026-08-24T11:25:00,24203.3,24204.4,24198.8,24199.3,342826
1787550960,2026-08-24T11:26:00,24200.55,24200.55,24196.35,24197.75,421925
1787551020,2026-08-24T11:27:00,24198.7,24202.55,24197.15,24200.4,332424
1787551080,2026-08-24T11:28:00,24202.15,24203.5,24199.45,24200.65,398427
1787551140,2026-08-24T11:29:00,24202.25,24203.8,24200.3,24202.05,475011
1787551200,2026-08-24T11:30:00,24202.5,24204.05,24194.45,24195.05,613635
1787551260,2026-08-24T11:31:00,24195.05,24195.15,24178.4,24179.1,709153
1787551320,2026-08-24T11:32:00,24180.15,24184.7,24177.75,24178.45,791892
1787551380,2026-08-24T11:33:00,24180.25,24182.15,24177.25,24178.95,313368
1787551440,2026-08-24T11:34:00,24180.05,24181.9,24177.35,24180.0,460260
1787551500,2026-08-24T11:35:00,24180.4,24181.95,24175.1,24176.8,503559
1787551560,2026-08-24T11:36:00,24177.0,24178.7,24173.75,24176.75,485630
1787551620,2026-08-24T11:37:00,24177.2,24183.95,24175.3,24178.45,538893
1787551680,2026-08-24T11:38:00,24180.75,24182.15,24178.45,24180.4,378139
1787551740,2026-08-24T11:39:00,24181.85,24184.3,24180.1,24180.85,378627
1787551800,2026-08-24T11:40:00,24181.4,24183.55,24180.3,24183.15,312224
1787551860,2026-08-24T11:41:00,24184.3,24186.8,24182.65,24184.6,465296
1787551920,2026-08-24T11:42:00,24186.7,24192.1,24184.55,24190.65,1101754
1787551980,2026-08-24T11:43:00,24191.55,24193.25,24187.05,24188.1,480571
1787552040,2026-08-24T11:44:00,24188.85,24190.95,24186.3,24187.15,598738
1787552100,2026-08-24T11:45:00,24188.2,24193.0,24187.65,24192.35,454660
1787552160,2026-08-24T11:46:00,24193.5,24197.1,24191.9,24196.05,430734
1787552220,2026-08-24T11:47:00,24197.25,24198.2,24193.85,24194.4,447838
1787552280,2026-08-24T11:48:00,24195.15,24196.9,24192.7,24195.75,529706
1787552340,2026-08-24T11:49:00,24196.3,24198.6,24193.9,24196.85,456671
1787552400,2026-08-24T11:50:00,24197.75,24200.5,24192.45,24193.25,535468
1787552460,2026-08-24T11:51:00,24195.9,24196.3,24191.75,24193.1,451973
1787552520,2026-08-24T11:52:00,24194.1,24196.25,24191.75,24193.75,341481
1787552580,2026-08-24T11:53:00,24195.2,24196.2,24189.9,24191.2,417286
1787552640,2026-08-24T11:54:00,24191.65,24193.5,24190.3,24191.65,538376
1787552700,2026-08-24T11:55:00,24192.1,24196.55,24190.4,24193.6,364754
1787552760,2026-08-24T11:56:00,24194.4,24196.3,24191.85,24193.2,538706
1787552820,2026-08-24T11:57:00,24194.45,24195.8,24185.6,24186.5,489684
1787552880,2026-08-24T11:58:00,24187.5,24187.85,24181.35,24184.2,512971
1787552940,2026-08-24T11:59:00,24185.1,24186.9,24180.4,24181.2,435161
1787553000,2026-08-24T12:00:00,24182.65,24184.75,24179.7,24184.75,375963
1787553060,2026-08-24T12:01:00,24185.95,24187.2,24182.6,24185.85,350367
1787553120,2026-08-24T12:02:00,24186.25,24187.4,24184.05,24185.35,577792
1787553180,2026-08-24T12:03:00,24186.6,24192.25,24185.2,24192.25,1065740
1787553240,2026-08-24T12:04:00,24192.2,24195.25,24188.35,24190.25,826910
1787553300,2026-08-24T12:05:00,24190.9,24192.55,24185.0,24185.75,652006
1787553360,2026-08-24T12:06:00,24185.8,24189.0,24184.9,24185.9,277785
1787553420,2026-08-24T12:07:00,24186.55,24190.05,24185.85,24188.5,583647
1787553480,2026-08-24T12:08:00,24189.95,24192.75,24188.65,24189.1,777376
1787553540,2026-08-24T12:09:00,24191.3,24196.5,24189.6,24194.7,567427
1787553600,2026-08-24T12:10:00,24195.3,24197.6,24192.95,24196.2,452413
1787553660,2026-08-24T12:11:00,24198.2,24198.85,24193.6,24193.9,356213
1787553720,2026-08-24T12:12:00,24194.65,24197.3,24193.25,24194.35,335354
1787553780,2026-08-24T12:13:00,24195.8,24195.9,24191.35,24192.8,1071067
1787553840,2026-08-24T12:14:00,24193.7,24196.25,24191.4,24194.1,591776
1787553900,2026-08-24T12:15:00,24194.55,24196.35,24192.5,24193.15,569189
1787553960,2026-08-24T12:16:00,24194.7,24195.25,24190.2,24191.05,391525
1787554020,2026-08-24T12:17:00,24191.5,24194.85,24190.2,24191.5,368014
1787554080,2026-08-24T12:18:00,24193.25,24193.25,24187.95,24189.3,498539
1787554140,2026-08-24T12:19:00,24190.4,24194.2,24189.0,24190.5,337614
1787554200,2026-08-24T12:20:00,24192.0,24194.9,24189.4,24190.4,365530
1787554260,2026-08-24T12:21:00,24192.6,24194.5,24190.15,24192.0,366017
1787554320,2026-08-24T12:22:00,24192.4,24195.75,24191.2,24192.7,516755
1787554380,2026-08-24T12:23:00,24194.5,24195.7,24191.2,24192.15,320544
1787554440,2026-08-24T12:24:00,24194.1,24195.5,24192.05,24192.7,434361
1787554500,2026-08-24T12:25:00,24194.6,24196.85,24191.25,24193.95,785374
1787554560,2026-08-24T12:26:00,24194.55,24196.9,24193.6,24195.4,350736
1787554620,2026-08-24T12:27:00,24197.85,24199.55,24192.15,24193.55,449080
1787554680,2026-08-24T12:28:00,24195.15,24198.1,24189.55,24190.9,297066
1787554740,2026-08-24T12:29:00,24192.2,24193.35,24182.95,24183.85,495533
1787554800,2026-08-24T12:30:00,24184.6,24189.7,24182.7,24186.55,454334
1787554860,2026-08-24T12:31:00,24188.25,24189.0,24184.05,24185.6,605932
1787554920,2026-08-24T12:32:00,24186.65,24187.85,24184.35,24184.95,418304
1787554980,2026-08-24T12:33:00,24185.75,24189.0,24183.65,24185.75,484948
1787555040,2026-08-24T12:34:00,24187.4,24187.85,24182.45,24183.35,339755
1787555100,2026-08-24T12:35:00,24184.95,24189.05,24182.85,24187.9,389964
1787555160,2026-08-24T12:36:00,24190.0,24193.1,24186.05,24190.3,513982
1787555220,2026-08-24T12:37:00,24190.4,24191.7,24186.45,24188.2,363201
1787555280,2026-08-24T12:38:00,24189.0,24190.5,24182.35,24182.35,417105
1787555340,2026-08-24T12:39:00,24184.05,24184.05,24178.5,24180.1,362037
1787555400,2026-08-24T12:40:00,24181.15,24183.0,24176.95,24177.2,455650
1787555460,2026-08-24T12:41:00,24178.35,24181.2,24176.85,24179.95,365924
1787555520,2026-08-24T12:42:00,24182.55,24183.3,24175.65,24176.45,423181
1787555580,2026-08-24T12:43:00,24177.4,24178.7,24175.65,24176.95,340334
1787555640,2026-08-24T12:44:00,24179.15,24182.8,24177.15,24180.1,441477
1787555700,2026-08-24T12:45:00,24180.9,24183.7,24180.05,24181.15,325411
1787555760,2026-08-24T12:46:00,24181.95,24186.1,24179.6,24183.0,524562
1787555820,2026-08-24T12:47:00,24184.45,24185.25,24179.9,24181.25,405107
1787555880,2026-08-24T12:48:00,24182.05,24185.6,24179.7,24183.2,349585
1787555940,2026-08-24T12:49:00,24183.5,24189.1,24182.85,24185.1,372251
1787556000,2026-08-24T12:50:00,24187.3,24188.0,24181.8,24183.2,383032
1787556060,2026-08-24T12:51:00,24184.05,24186.45,24182.3,24185.1,489813
1787556120,2026-08-24T12:52:00,24186.8,24187.65,24181.8,24182.95,474247
1787556180,2026-08-24T12:53:00,24183.9,24185.85,24180.0,24180.65,1451820
1787556240,2026-08-24T12:54:00,24181.65,24184.5,24180.1,24182.85,361214
1787556300,2026-08-24T12:55:00,24183.95,24188.5,24182.1,24187.7,453536
1787556360,2026-08-24T12:56:00,24188.4,24190.4,24185.25,24185.55,443770
1787556420,2026-08-24T12:57:00,24187.6,24189.1,24183.8,24185.45,365084
1787556480,2026-08-24T12:58:00,24185.2,24186.55,24182.6,24183.4,506529
1787556540,2026-08-24T12:59:00,24184.75,24185.65,24179.0,24180.95,599045
1787556600,2026-08-24T13:00:00,24181.85,24182.85,24177.7,24180.65,394906
1787556660,2026-08-24T13:01:00,24180.6,24182.55,24178.8,24180.05,703262
1787556720,2026-08-24T13:02:00,24182.2,24182.2,24170.95,24174.6,550914
1787556780,2026-08-24T13:03:00,24176.2,24177.0,24165.85,24166.25,871915
1787556840,2026-08-24T13:04:00,24168.5,24173.15,24165.0,24169.85,506798
1787556900,2026-08-24T13:05:00,24171.3,24173.15,24158.05,24158.6,750846
1787556960,2026-08-24T13:06:00,24159.75,24160.95,24154.35,24157.45,856904
1787557020,2026-08-24T13:07:00,24157.85,24158.25,24153.3,24156.35,599287
1787557080,2026-08-24T13:08:00,24157.25,24160.6,24155.65,24158.35,296767
1787557140,2026-08-24T13:09:00,24159.7,24164.7,24157.8,24159.6,1550449
1787557200,2026-08-24T13:10:00,24159.6,24163.25,24158.75,24159.5,400427
1787557260,2026-08-24T13:11:00,24160.5,24163.7,24158.5,24161.55,483911
1787557320,2026-08-24T13:12:00,24162.2,24166.7,24160.55,24164.95,561251
1787557380,2026-08-24T13:13:00,24166.6,24169.05,24164.15,24165.7,538208
1787557440,2026-08-24T13:14:00,24166.4,24168.05,24164.35,24166.15,670176
1787557500,2026-08-24T13:15:00,24167.1,24167.7,24161.75,24162.4,393895
1787557560,2026-08-24T13:16:00,24163.8,24167.05,24162.1,24164.3,282689
1787557620,2026-08-24T13:17:00,24165.9,24169.05,24163.55,24168.55,334655
1787557680,2026-08-24T13:18:00,24170.35,24170.35,24167.25,24167.7,507698
1787557740,2026-08-24T13:19:00,24168.65,24174.55,24167.3,24173.35,971899
1787557800,2026-08-24T13:20:00,24175.1,24175.85,24172.3,24173.7,278390
1787557860,2026-08-24T13:21:00,24175.25,24176.9,24173.1,24175.65,266914
1787557920,2026-08-24T13:22:00,24176.05,24176.05,24173.1,24174.5,274829
1787557980,2026-08-24T13:23:00,24176.25,24177.35,24173.15,24173.4,348716
1787558040,2026-08-24T13:24:00,24175.0,24178.4,24173.05,24175.8,362757
1787558100,2026-08-24T13:25:00,24176.45,24177.4,24173.25,24174.1,719317
1787558160,2026-08-24T13:26:00,24175.7,24178.95,24173.5,24178.15,375828
1787558220,2026-08-24T13:27:00,24179.15,24181.65,24176.0,24178.6,505473
1787558280,2026-08-24T13:28:00,24178.75,24181.75,24177.1,24178.85,473652
1787558340,2026-08-24T13:29:00,24180.7,24181.85,24178.2,24178.75,561488
1787558400,2026-08-24T13:30:00,24178.75,24181.05,24177.6,24179.45,347087
1787558460,2026-08-24T13:31:00,24180.85,24180.85,24172.45,24173.7,381016
1787558520,2026-08-24T13:32:00,24175.25,24175.4,24167.45,24167.75,697284
1787558580,2026-08-24T13:33:00,24168.95,24169.15,24164.45,24165.05,373936
1787558640,2026-08-24T13:34:00,24165.5,24167.6,24163.45,24165.2,316441
1787558700,2026-08-24T13:35:00,24167.15,24169.0,24164.8,24165.9,313620
1787558760,2026-08-24T13:36:00,24167.05,24168.45,24163.65,24164.45,228057
1787558820,2026-08-24T13:37:00,24165.45,24171.35,24162.65,24168.6,362303
1787558880,2026-08-24T13:38:00,24169.95,24173.8,24168.0,24170.3,504526
1787558940,2026-08-24T13:39:00,24172.1,24173.0,24168.45,24169.5,269541
1787559000,2026-08-24T13:40:00,24170.55,24170.95,24168.15,24169.75,253529
1787559060,2026-08-24T13:41:00,24171.85,24174.15,24170.0,24171.45,355653
1787559120,2026-08-24T13:42:00,24172.95,24173.9,24169.25,24170.45,879444
1787559180,2026-08-24T13:43:00,24171.05,24172.15,24166.4,24167.25,491248
1787559240,2026-08-24T13:44:00,24168.15,24169.45,24166.3,24167.05,609676
1787559300,2026-08-24T13:45:00,24168.75,24169.15,24165.15,24167.2,557538
1787559360,2026-08-24T13:46:00,24168.85,24172.4,24167.95,24168.4,841328
1787559420,2026-08-24T13:47:00,24170.1,24170.35,24166.15,24167.35,370345
1787559480,2026-08-24T13:48:00,24168.4,24168.4,24162.25,24163.25,258078
1787559540,2026-08-24T13:49:00,24164.05,24167.6,24162.8,24166.9,392386
1787559600,2026-08-24T13:50:00,24167.75,24170.15,24165.75,24169.05,620574
1787559660,2026-08-24T13:51:00,24169.9,24171.75,24167.2,24167.85,446840
1787559720,2026-08-24T13:52:00,24169.4,24172.8,24165.45,24165.95,450353
1787559780,2026-08-24T13:53:00,24167.5,24167.5,24162.5,24163.1,343772
1787559840,2026-08-24T13:54:00,24164.15,24166.1,24160.3,24160.9,388319
1787559900,2026-08-24T13:55:00,24162.6,24162.6,24159.3,24160.35,366608
1787559960,2026-08-24T13:56:00,24160.65,24163.4,24157.75,24157.75,666989
1787560020,2026-08-24T13:57:00,24158.2,24161.3,24157.4,24160.7,539780
1787560080,2026-08-24T13:58:00,24162.05,24164.3,24159.55,24160.95,462759
1787560140,2026-08-24T13:59:00,24161.85,24163.6,24157.55,24158.55,378701
1787560200,2026-08-24T14:00:00,24160.5,24161.45,24154.7,24157.95,584849
1787560260,2026-08-24T14:01:00,24159.45,24166.6,24158.05,24165.35,639184
1787560320,2026-08-24T14:02:00,24167.35,24169.0,24161.4,24164.85,589289
1787560380,2026-08-24T14:03:00,24166.2,24167.3,24158.3,24160.85,750298
1787560440,2026-08-24T14:04:00,24162.6,24164.85,24157.9,24160.15,610098
1787560500,2026-08-24T14:05:00,24162.35,24166.15,24157.7,24163.2,542489
1787560560,2026-08-24T14:06:00,24165.75,24165.75,24157.6,24161.4,668707
1787560620,2026-08-24T14:07:00,24163.0,24163.85,24157.65,24161.1,464104
1787560680,2026-08-24T14:08:00,24162.55,24162.95,24156.45,24160.2,455190
1787560740,2026-08-24T14:09:00,24163.0,24163.2,24155.75,24162.6,521835
1787560800,2026-08-24T14:10:00,24164.1,24164.65,24156.3,24160.7,665388
1787560860,2026-08-24T14:11:00,24161.5,24162.35,24154.3,24155.9,387546
1787560920,2026-08-24T14:12:00,24157.15,24158.65,24149.75,24152.35,634834
1787560980,2026-08-24T14:13:00,24154.35,24156.2,24149.15,24154.3,789643
1787561040,2026-08-24T14:14:00,24155.7,24155.75,24148.05,24151.1,602420
1787561100,2026-08-24T14:15:00,24151.3,24152.35,24144.3,24149.25,767729
1787561160,2026-08-24T14:16:00,24151.35,24153.6,24144.5,24146.95,1021057
1787561220,2026-08-24T14:17:00,24149.55,24156.45,24148.0,24153.0,1104400
1787561280,2026-08-24T14:18:00,24154.45,24157.85,24148.6,24154.0,876095
1787561340,2026-08-24T14:19:00,24155.15,24157.15,24149.8,24154.15,751936
1787561400,2026-08-24T14:20:00,24155.55,24158.7,24150.5,24152.7,994177
1787561460,2026-08-24T14:21:00,24155.55,24159.65,24152.35,24159.1,532209
1787561520,2026-08-24T14:22:00,24159.65,24160.25,24153.4,24158.5,855755
1787561580,2026-08-24T14:23:00,24159.8,24159.8,24151.05,24153.9,786497
1787561640,2026-08-24T14:24:00,24156.95,24157.1,24145.8,24149.15,592596
1787561700,2026-08-24T14:25:00,24151.0,24157.35,24149.05,24156.95,1058304
1787561760,2026-08-24T14:26:00,24158.4,24159.95,24153.3,24158.0,599025
1787561820,2026-08-24T14:27:00,24159.8,24164.05,24154.05,24161.55,667702
1787561880,2026-08-24T14:28:00,24163.45,24165.65,24158.35,24162.55,723164
1787561940,2026-08-24T14:29:00,24165.4,24166.75,24158.7,24161.05,692472
1787562000,2026-08-24T14:30:00,24162.05,24173.1,24158.35,24171.0,755440
1787562060,2026-08-24T14:31:00,24172.0,24179.7,24170.2,24172.5,947224
1787562120,2026-08-24T14:32:00,24174.6,24178.0,24166.45,24166.45,914054
1787562180,2026-08-24T14:33:00,24170.75,24174.9,24166.2,24171.35,777364
1787562240,2026-08-24T14:34:00,24173.55,24175.75,24170.2,24175.0,725014
1787562300,2026-08-24T14:35:00,24175.9,24175.9,24167.65,24171.45,689071
1787562360,2026-08-24T14:36:00,24172.55,24180.9,24168.9,24171.8,909014
1787562420,2026-08-24T14:37:00,24176.6,24178.25,24172.15,24176.25,497191
1787562480,2026-08-24T14:38:00,24178.1,24178.1,24172.3,24172.95,1805216
1787562540,2026-08-24T14:39:00,24174.9,24174.9,24167.75,24171.85,802632
1787562600,2026-08-24T14:40:00,24172.8,24172.8,24161.45,24161.95,720756
1787562660,2026-08-24T14:41:00,24166.1,24171.55,24164.0,24167.45,760447
1787562720,2026-08-24T14:42:00,24169.55,24169.55,24159.6,24162.15,569299
1787562780,2026-08-24T14:43:00,24164.5,24169.1,24160.3,24166.85,587802
1787562840,2026-08-24T14:44:00,24169.65,24174.05,24165.25,24165.25,604569
1787562900,2026-08-24T14:45:00,24169.9,24170.1,24163.65,24166.05,616112
1787562960,2026-08-24T14:46:00,24167.15,24168.35,24158.95,24161.85,697314
1787563020,2026-08-24T14:47:00,24163.9,24164.05,24159.1,24161.35,624946
1787563080,2026-08-24T14:48:00,24163.3,24168.15,24158.0,24164.7,838734
1787563140,2026-08-24T14:49:00,24168.25,24168.25,24160.85,24163.75,808737
1787563200,2026-08-24T14:50:00,24165.4,24165.85,24159.25,24162.4,1341102
1787563260,2026-08-24T14:51:00,24163.25,24166.35,24159.8,24165.45,966997
1787563320,2026-08-24T14:52:00,24166.75,24171.0,24163.2,24163.2,1150224
1787563380,2026-08-24T14:53:00,24167.35,24168.55,24163.75,24166.85,1179330
1787563440,2026-08-24T14:54:00,24167.3,24171.55,24164.05,24170.6,1004369
1787563500,2026-08-24T14:55:00,24170.65,24174.5,24170.6,24173.85,1387222
1787563560,2026-08-24T14:56:00,24174.7,24175.0,24170.1,24171.8,855076
1787563620,2026-08-24T14:57:00,24173.05,24173.65,24170.5,24172.2,962542
1787563680,2026-08-24T14:58:00,24172.65,24173.05,24169.35,24171.9,915708
1787563740,2026-08-24T14:59:00,24172.6,24174.8,24171.4,24172.45,1028469
1787563800,2026-08-24T15:00:00,24173.9,24177.05,24171.5,24172.45,1472022
1787563860,2026-08-24T15:01:00,24173.3,24178.15,24171.9,24173.15,1093218
1787563920,2026-08-24T15:02:00,24173.05,24178.25,24172.85,24177.45,1410666
1787563980,2026-08-24T15:03:00,24178.75,24180.05,24175.15,24176.0,1181349
1787564040,2026-08-24T15:04:00,24175.5,24177.55,24172.15,24173.3,1201215
1787564100,2026-08-24T15:05:00,24173.0,24173.7,24166.7,24167.8,1856369
1787564160,2026-08-24T15:06:00,24168.05,24169.7,24161.95,24165.1,1945763
1787564220,2026-08-24T15:07:00,24163.35,24169.7,24163.3,24169.45,1218903
1787564280,2026-08-24T15:08:00,24168.95,24176.25,24168.0,24175.3,1047715
1787564340,2026-08-24T15:09:00,24174.85,24177.0,24169.25,24174.5,1345471
1787564400,2026-08-24T15:10:00,24175.1,24176.85,24172.95,24173.9,1875664
1787564460,2026-08-24T15:11:00,24174.8,24180.2,24174.15,24179.35,1738049
1787564520,2026-08-24T15:12:00,24180.05,24183.0,24169.6,24177.15,3133286
1787564580,2026-08-24T15:13:00,24178.55,24180.4,24175.35,24178.5,1652760
1787564640,2026-08-24T15:14:00,24180.0,24185.65,24173.9,24182.8,1137196
1787564700,2026-08-24T15:15:00,24182.8,24182.8,24182.8,24182.8,1074
1787564760,2026-08-24T15:16:00,24182.8,24182.8,24182.8,24182.8,1074
1787564820,2026-08-24T15:17:00,24182.8,24182.8,24182.8,24182.8,1074
1787564880,2026-08-24T15:18:00,24182.8,24182.8,24182.8,24182.8,1074
1787564940,2026-08-24T15:19:00,24182.8,24182.8,24182.8,24182.8,1074
1787565000,2026-08-24T15:20:00,24182.8,24182.8,24182.8,24182.8,1074
1787565060,2026-08-24T15:21:00,24182.8,24182.8,24182.8,24182.8,1074
1787565120,2026-08-24T15:22:00,24182.8,24182.8,24182.8,24182.8,1074
1787565180,2026-08-24T15:23:00,24182.8,24182.8,24182.8,24182.8,1074
1787565240,2026-08-24T15:24:00,24182.8,24182.8,24182.8,24182.8,1074
1787565300,2026-08-24T15:25:00,24182.8,24182.8,24182.8,24182.8,1074
1787565360,2026-08-24T15:26:00,24182.8,24182.8,24182.8,24182.8,1074
1787565420,2026-08-24T15:27:00,24182.8,24182.8,24182.8,24182.8,1074
1787565480,2026-08-24T15:28:00,24182.8,24182.8,24182.8,24182.8,1074
1787565540,2026-08-24T15:29:00,24182.8,24219.05,24182.8,24219.05,1074
1787629500,2026-08-25T09:15:00,24175.75,24193.55,24135.3,24144.35,2104485
1787629560,2026-08-25T09:16:00,24147.45,24147.45,24128.85,24138.9,1581955
1787629620,2026-08-25T09:17:00,24140.4,24155.6,24138.95,24153.35,1485206
1787629680,2026-08-25T09:18:00,24155.55,24172.5,24153.95,24172.35,1274826
1787629740,2026-08-25T09:19:00,24174.4,24185.7,24167.1,24184.05,1338668
1787629800,2026-08-25T09:20:00,24185.5,24190.3,24180.15,24188.0,1672701
1787629860,2026-08-25T09:21:00,24190.4,24198.25,24187.8,24193.0,718057
1787629920,2026-08-25T09:22:00,24194.35,24194.35,24180.25,24181.65,852862
1787629980,2026-08-25T09:23:00,24182.85,24186.65,24173.7,24183.7,693874
1787630040,2026-08-25T09:24:00,24186.7,24187.1,24175.05,24175.05,827287
1787630100,2026-08-25T09:25:00,24176.05,24178.1,24170.8,24175.6,818404
1787630160,2026-08-25T09:26:00,24176.85,24183.25,24172.75,24178.05,1159804
1787630220,2026-08-25T09:27:00,24180.55,24189.3,24178.6,24188.3,756309
1787630280,2026-08-25T09:28:00,24189.85,24189.85,24182.05,24182.85,925273
1787630340,2026-08-25T09:29:00,24184.7,24185.4,24178.3,24181.5,808449
1787630400,2026-08-25T09:30:00,24182.2,24187.35,24179.2,24183.2,720344
1787630460,2026-08-25T09:31:00,24185.95,24191.95,24183.95,24191.45,645174
1787630520,2026-08-25T09:32:00,24192.15,24194.35,24188.5,24190.35,669497
1787630580,2026-08-25T09:33:00,24191.25,24192.85,24188.55,24190.65,466002
1787630640,2026-08-25T09:34:00,24192.2,24197.75,24190.05,24190.9,589105
1787630700,2026-08-25T09:35:00,24192.8,24195.2,24187.65,24188.0,458709
1787630760,2026-08-25T09:36:00,24190.65,24190.65,24184.05,24184.5,841802
1787630820,2026-08-25T09:37:00,24186.9,24186.9,24176.3,24177.65,581329
1787630880,2026-08-25T09:38:00,24180.2,24182.3,24173.7,24174.85,592399
1787630940,2026-08-25T09:39:00,24175.75,24176.6,24169.15,24172.8,531561
1787631000,2026-08-25T09:40:00,24175.45,24175.45,24168.3,24169.25,587730
1787631060,2026-08-25T09:41:00,24170.9,24170.9,24162.6,24162.75,479089
1787631120,2026-08-25T09:42:00,24164.75,24165.0,24160.95,24162.9,387048
1787631180,2026-08-25T09:43:00,24164.6,24166.35,24158.15,24158.6,489416
1787631240,2026-08-25T09:44:00,24160.75,24160.75,24153.0,24154.85,434562
1787631300,2026-08-25T09:45:00,24156.9,24156.9,24149.45,24153.2,551247
1787631360,2026-08-25T09:46:00,24154.9,24160.2,24151.6,24159.85,571905
1787631420,2026-08-25T09:47:00,24161.25,24166.1,24159.0,24163.5,412004
1787631480,2026-08-25T09:48:00,24165.65,24165.65,24153.9,24154.2,531942
1787631540,2026-08-25T09:49:00,24156.55,24156.55,24151.35,24154.15,401689
1787631600,2026-08-25T09:50:00,24156.1,24159.3,24152.85,24153.3,690439
1787631660,2026-08-25T09:51:00,24155.25,24156.3,24150.05,24150.1,521779
1787631720,2026-08-25T09:52:00,24152.6,24152.6,24137.15,24137.25,874057
1787631780,2026-08-25T09:53:00,24139.6,24140.85,24133.8,24135.2,991398
1787631840,2026-08-25T09:54:00,24137.6,24140.75,24133.85,24138.1,444727
1787631900,2026-08-25T09:55:00,24141.0,24141.0,24136.0,24137.55,329187
1787631960,2026-08-25T09:56:00,24140.55,24143.75,24137.85,24143.15,594529
1787632020,2026-08-25T09:57:00,24144.05,24150.1,24143.6,24146.85,403112
1787632080,2026-08-25T09:58:00,24148.45,24148.85,24140.65,24142.1,600762
1787632140,2026-08-25T09:59:00,24144.45,24145.8,24138.1,24138.85,622471
1787632200,2026-08-25T10:00:00,24141.95,24142.7,24137.5,24140.25,671442
1787632260,2026-08-25T10:01:00,24142.75,24143.4,24134.65,24134.65,488515
1787632320,2026-08-25T10:02:00,24137.5,24137.5,24130.35,24134.05,514681
1787632380,2026-08-25T10:03:00,24136.15,24139.65,24134.4,24138.5,424002
1787632440,2026-08-25T10:04:00,24140.75,24144.9,24137.55,24143.9,503159
1787632500,2026-08-25T10:05:00,24145.15,24149.5,24143.0,24146.9,396389
1787632560,2026-08-25T10:06:00,24148.6,24149.35,24144.4,24144.4,358421
1787632620,2026-08-25T10:07:00,24147.35,24147.35,24138.95,24138.95,367687
1787632680,2026-08-25T10:08:00,24141.4,24142.0,24136.85,24137.8,362825
1787632740,2026-08-25T10:09:00,24139.55,24139.55,24134.6,24135.05,444149
1787632800,2026-08-25T10:10:00,24136.05,24142.9,24135.35,24141.35,492810
1787632860,2026-08-25T10:11:00,24143.75,24145.55,24140.9,24142.15,645802
1787632920,2026-08-25T10:12:00,24144.6,24144.6,24138.75,24139.4,272458
1787632980,2026-08-25T10:13:00,24140.95,24142.0,24137.25,24138.55,419806
1787633040,2026-08-25T10:14:00,24140.1,24141.65,24137.4,24141.2,246143
1787633100,2026-08-25T10:15:00,24141.95,24141.95,24137.8,24138.8,267878
1787633160,2026-08-25T10:16:00,24141.45,24142.7,24136.8,24138.55,303313
1787633220,2026-08-25T10:17:00,24139.7,24139.7,24133.85,24137.1,399715
1787633280,2026-08-25T10:18:00,24137.7,24138.75,24132.05,24138.15,564882
1787633340,2026-08-25T10:19:00,24138.7,24138.7,24129.7,24134.1,362509
1787633400,2026-08-25T10:20:00,24136.65,24136.65,24128.1,24131.05,407583
1787633460,2026-08-25T10:21:00,24132.45,24134.3,24128.55,24130.5,377570
1787633520,2026-08-25T10:22:00,24132.05,24132.05,24125.3,24126.3,449819
1787633580,2026-08-25T10:23:00,24127.8,24128.6,24119.75,24119.85,578379
1787633640,2026-08-25T10:24:00,24122.5,24124.85,24119.3,24120.5,295211
1787633700,2026-08-25T10:25:00,24122.3,24122.9,24118.05,24120.65,348007
1787633760,2026-08-25T10:26:00,24121.85,24121.85,24115.45,24119.1,377344
1787633820,2026-08-25T10:27:00,24120.9,24126.45,24119.15,24121.35,566995
1787633880,2026-08-25T10:28:00,24124.65,24127.95,24119.25,24127.3,463731
1787633940,2026-08-25T10:29:00,24129.05,24129.05,24124.2,24126.35,270391
1787634000,2026-08-25T10:30:00,24128.3,24130.55,24123.55,24125.9,397881
1787634060,2026-08-25T10:31:00,24128.15,24130.7,24125.15,24129.1,355408
1787634120,2026-08-25T10:32:00,24130.35,24131.1,24126.8,24128.3,434803
1787634180,2026-08-25T10:33:00,24130.2,24135.15,24128.3,24134.3,240126
1787634240,2026-08-25T10:34:00,24136.2,24137.15,24128.65,24129.75,346671
1787634300,2026-08-25T10:35:00,24132.35,24132.55,24128.2,24131.7,383767
1787634360,2026-08-25T10:36:00,24134.2,24134.2,24130.55,24131.85,366405
1787634420,2026-08-25T10:37:00,24132.95,24132.95,24129.15,24130.6,252972
1787634480,2026-08-25T10:38:00,24132.85,24132.85,24126.75,24127.95,409850
1787634540,2026-08-25T10:39:00,24129.7,24133.45,24127.85,24131.65,274247
1787634600,2026-08-25T10:40:00,24133.2,24133.2,24127.2,24127.85,238523
1787634660,2026-08-25T10:41:00,24129.7,24130.55,24125.85,24128.55,360772
1787634720,2026-08-25T10:42:00,24130.55,24133.7,24127.75,24130.2,327117
1787634780,2026-08-25T10:43:00,24133.95,24138.2,24129.7,24136.35,398027
1787634840,2026-08-25T10:44:00,24139.15,24140.45,24134.1,24135.95,419078
1787634900,2026-08-25T10:45:00,24140.05,24141.05,24135.7,24138.1,548249
1787634960,2026-08-25T10:46:00,24140.45,24145.3,24137.1,24141.0,339766
1787635020,2026-08-25T10:47:00,24145.15,24149.35,24141.9,24148.3,327202
1787635080,2026-08-25T10:48:00,24151.25,24154.1,24148.0,24152.55,1038509
1787635140,2026-08-25T10:49:00,24154.45,24157.4,24151.9,24154.5,735530
1787635200,2026-08-25T10:50:00,24157.6,24160.55,24154.3,24157.6,653117
1787635260,2026-08-25T10:51:00,24159.6,24164.9,24156.85,24163.5,544405
1787635320,2026-08-25T10:52:00,24165.2,24165.45,24159.75,24162.5,944816
1787635380,2026-08-25T10:53:00,24165.25,24166.9,24159.4,24160.45,1394567
1787635440,2026-08-25T10:54:00,24161.8,24161.8,24152.2,24155.4,877060
1787635500,2026-08-25T10:55:00,24158.1,24160.45,24153.4,24157.25,1069442
1787635560,2026-08-25T10:56:00,24160.75,24161.8,24147.25,24148.6,672069
1787635620,2026-08-25T10:57:00,24150.1,24150.75,24145.7,24147.9,465214
1787635680,2026-08-25T10:58:00,24149.9,24149.9,24143.35,24145.2,337979
1787635740,2026-08-25T10:59:00,24147.05,24147.7,24141.9,24142.7,649419
1787635800,2026-08-25T11:00:00,24144.55,24149.25,24142.55,24145.95,809921
1787635860,2026-08-25T11:01:00,24146.95,24147.85,24142.3,24143.5,951351
1787635920,2026-08-25T11:02:00,24145.25,24145.5,24139.2,24141.4,785123
1787635980,2026-08-25T11:03:00,24142.75,24144.1,24138.5,24140.0,478654
1787636040,2026-08-25T11:04:00,24141.45,24142.0,24137.2,24139.8,363830
1787636100,2026-08-25T11:05:00,24141.9,24142.05,24137.95,24139.1,697016
1787636160,2026-08-25T11:06:00,24140.7,24141.7,24136.85,24141.55,281890
1787636220,2026-08-25T11:07:00,24143.25,24147.8,24141.65,24144.95,374375
1787636280,2026-08-25T11:08:00,24146.9,24146.9,24141.5,24144.4,313829
1787636340,2026-08-25T11:09:00,24145.0,24145.5,24139.85,24140.65,434309
1787636400,2026-08-25T11:10:00,24144.25,24145.85,24139.65,24142.0,522855
1787636460,2026-08-25T11:11:00,24144.0,24144.5,24138.45,24138.9,1157751
1787636520,2026-08-25T11:12:00,24139.7,24139.7,24133.9,24136.9,1543972
1787636580,2026-08-25T11:13:00,24138.5,24139.0,24133.45,24138.4,497837
1787636640,2026-08-25T11:14:00,24140.8,24147.65,24139.2,24147.55,512021
1787636700,2026-08-25T11:15:00,24147.75,24150.15,24144.15,24146.55,492484
1787636760,2026-08-25T11:16:00,24148.75,24151.25,24145.05,24146.45,345615
1787636820,2026-08-25T11:17:00,24148.35,24148.35,24141.75,24143.7,515669
1787636880,2026-08-25T11:18:00,24145.45,24148.95,24142.8,24146.0,560209
1787636940,2026-08-25T11:19:00,24148.85,24148.9,24141.85,24146.2,483994
1787637000,2026-08-25T11:20:00,24147.9,24149.45,24143.4,24149.25,493031
1787637060,2026-08-25T11:21:00,24149.9,24154.85,24146.55,24154.5,504575
1787637120,2026-08-25T11:22:00,24153.95,24157.5,24151.25,24155.25,813782
1787637180,2026-08-25T11:23:00,24157.0,24157.0,24150.4,24151.7,306525
1787637240,2026-08-25T11:24:00,24153.5,24155.5,24148.35,24150.75,505292
1787637300,2026-08-25T11:25:00,24154.5,24156.4,24150.3,24152.8,435746
1787637360,2026-08-25T11:26:00,24154.4,24155.45,24149.85,24153.4,590825
1787637420,2026-08-25T11:27:00,24155.15,24155.15,24145.25,24148.55,550489
1787637480,2026-08-25T11:28:00,24150.6,24152.45,24146.75,24149.3,571635
1787637540,2026-08-25T11:29:00,24150.15,24151.45,24145.4,24149.2,1030324
1787637600,2026-08-25T11:30:00,24150.9,24151.25,24146.6,24150.5,551481
1787637660,2026-08-25T11:31:00,24152.5,24153.9,24149.3,24151.6,723397
1787637720,2026-08-25T11:32:00,24153.05,24153.1,24148.75,24151.5,321627
1787637780,2026-08-25T11:33:00,24152.65,24157.65,24151.05,24154.0,479709
1787637840,2026-08-25T11:34:00,24156.4,24156.4,24150.4,24151.1,395014
1787637900,2026-08-25T11:35:00,24151.3,24151.5,24144.85,24145.45,524792
1787637960,2026-08-25T11:36:00,24147.05,24147.05,24142.45,24142.45,353863
1787638020,2026-08-25T11:37:00,24144.8,24145.5,24140.35,24144.55,641212
1787638080,2026-08-25T11:38:00,24145.9,24148.6,24141.9,24145.15,696076
1787638140,2026-08-25T11:39:00,24148.95,24154.9,24145.45,24152.95,853704
1787638200,2026-08-25T11:40:00,24154.8,24154.8,24149.6,24151.0,599456
1787638260,2026-08-25T11:41:00,24153.0,24153.0,24149.55,24151.3,453791
1787638320,2026-08-25T11:42:00,24153.55,24154.15,24149.5,24151.25,375022
1787638380,2026-08-25T11:43:00,24152.8,24155.35,24149.0,24152.05,1273631
1787638440,2026-08-25T11:44:00,24153.25,24154.0,24148.9,24152.05,577003
1787638500,2026-08-25T11:45:00,24154.55,24155.5,24147.5,24149.35,691594
1787638560,2026-08-25T11:46:00,24150.65,24151.95,24141.7,24143.05,806550
1787638620,2026-08-25T11:47:00,24146.45,24147.85,24141.15,24143.45,530001
1787638680,2026-08-25T11:48:00,24145.1,24145.45,24138.9,24141.05,833745
1787638740,2026-08-25T11:49:00,24143.15,24146.3,24139.75,24146.3,295912
1787638800,2026-08-25T11:50:00,24146.9,24146.9,24139.75,24141.3,357356
1787638860,2026-08-25T11:51:00,24145.2,24148.95,24139.9,24148.85,679206
1787638920,2026-08-25T11:52:00,24150.25,24155.55,24148.4,24151.35,320998
1787638980,2026-08-25T11:53:00,24154.0,24160.95,24151.15,24160.35,325502
1787639040,2026-08-25T11:54:00,24161.5,24163.75,24158.6,24163.15,373860
1787639100,2026-08-25T11:55:00,24163.75,24185.55,24161.0,24184.3,775203
1787639160,2026-08-25T11:56:00,24185.65,24185.65,24175.25,24181.35,418264
1787639220,2026-08-25T11:57:00,24185.1,24185.1,24178.0,24179.8,424069
1787639280,2026-08-25T11:58:00,24181.9,24189.4,24181.05,24188.4,849696
1787639340,2026-08-25T11:59:00,24188.15,24189.95,24177.6,24178.3,331119
1787639400,2026-08-25T12:00:00,24180.45,24180.65,24169.05,24169.25,843304
1787639460,2026-08-25T12:01:00,24172.6,24172.6,24163.95,24166.95,462799
1787639520,2026-08-25T12:02:00,24169.0,24173.8,24163.8,24172.6,612162
1787639580,2026-08-25T12:03:00,24174.65,24179.95,24169.8,24178.65,508879
1787639640,2026-08-25T12:04:00,24180.35,24183.8,24177.55,24179.55,659537
1787639700,2026-08-25T12:05:00,24181.1,24181.1,24173.45,24174.65,458764
1787639760,2026-08-25T12:06:00,24177.5,24181.2,24173.0,24177.65,671427
1787639820,2026-08-25T12:07:00,24180.05,24182.1,24177.4,24178.3,487719
1787639880,2026-08-25T12:08:00,24180.65,24180.65,24172.4,24175.15,355944
1787639940,2026-08-25T12:09:00,24176.65,24177.7,24170.35,24170.8,745036
1787640000,2026-08-25T12:10:00,24174.05,24174.15,24166.45,24166.7,674569
1787640060,2026-08-25T12:11:00,24170.25,24171.35,24166.25,24169.55,208969
1787640120,2026-08-25T12:12:00,24172.35,24176.7,24168.4,24172.25,286480
1787640180,2026-08-25T12:13:00,24175.05,24175.05,24169.7,24171.7,341100
1787640240,2026-08-25T12:14:00,24173.55,24173.55,24170.3,24171.6,297682
1787640300,2026-08-25T12:15:00,24174.3,24179.15,24172.45,24176.45,463719
1787640360,2026-08-25T12:16:00,24179.9,24181.0,24175.2,24176.6,918177
1787640420,2026-08-25T12:17:00,24178.7,24178.7,24171.85,24174.1,523332
1787640480,2026-08-25T12:18:00,24176.4,24177.7,24172.25,24175.0,325882
1787640540,2026-08-25T12:19:00,24178.2,24178.8,24172.35,24173.35,319507
1787640600,2026-08-25T12:20:00,24175.5,24180.85,24173.65,24176.35,576970
1787640660,2026-08-25T12:21:00,24177.25,24177.25,24169.25,24172.15,607721
1787640720,2026-08-25T12:22:00,24175.75,24175.75,24167.4,24168.3,527870
1787640780,2026-08-25T12:23:00,24173.2,24175.3,24169.05,24172.0,281550
1787640840,2026-08-25T12:24:00,24174.75,24174.75,24168.45,24170.55,466698
1787640900,2026-08-25T12:25:00,24173.55,24175.7,24169.8,24172.7,446385
1787640960,2026-08-25T12:26:00,24176.35,24176.35,24170.15,24171.35,265089
1787641020,2026-08-25T12:27:00,24173.45,24173.45,24163.8,24169.6,540983
1787641080,2026-08-25T12:28:00,24171.3,24174.4,24168.4,24171.6,602856
1787641140,2026-08-25T12:29:00,24174.3,24174.3,24167.8,24169.85,499101
1787641200,2026-08-25T12:30:00,24172.25,24172.25,24161.6,24161.75,1236071
1787641260,2026-08-25T12:31:00,24164.0,24171.6,24160.55,24171.55,1110186
1787641320,2026-08-25T12:32:00,24172.55,24172.55,24166.3,24168.1,468935
1787641380,2026-08-25T12:33:00,24170.8,24172.9,24165.95,24172.9,504484
1787641440,2026-08-25T12:34:00,24174.75,24175.25,24170.95,24171.35,706226
1787641500,2026-08-25T12:35:00,24174.2,24174.2,24165.95,24170.1,604168
1787641560,2026-08-25T12:36:00,24169.6,24172.3,24165.85,24165.85,899264
1787641620,2026-08-25T12:37:00,24169.5,24170.75,24163.6,24170.75,914832
1787641680,2026-08-25T12:38:00,24172.1,24172.95,24158.25,24159.9,892227
1787641740,2026-08-25T12:39:00,24162.85,24163.45,24158.1,24162.85,444876
1787641800,2026-08-25T12:40:00,24164.75,24164.85,24158.35,24162.15,468458
1787641860,2026-08-25T12:41:00,24163.8,24163.8,24158.1,24159.1,349326
1787641920,2026-08-25T12:42:00,24161.55,24162.55,24156.9,24158.5,362051
1787641980,2026-08-25T12:43:00,24159.9,24159.9,24150.6,24152.9,597720
1787642040,2026-08-25T12:44:00,24155.4,24158.75,24152.85,24156.3,512564
1787642100,2026-08-25T12:45:00,24157.75,24161.55,24154.7,24160.2,338880
1787642160,2026-08-25T12:46:00,24162.25,24162.25,24154.0,24155.05,718521
1787642220,2026-08-25T12:47:00,24157.25,24157.25,24149.7,24152.25,416204
1787642280,2026-08-25T12:48:00,24155.3,24155.9,24152.15,24153.0,407260
1787642340,2026-08-25T12:49:00,24155.3,24160.75,24151.85,24157.75,339568
1787642400,2026-08-25T12:50:00,24159.5,24159.5,24150.7,24156.35,738803
1787642460,2026-08-25T12:51:00,24158.85,24159.4,24152.25,24154.5,589334
1787642520,2026-08-25T12:52:00,24157.75,24160.65,24152.45,24159.05,599140
1787642580,2026-08-25T12:53:00,24161.15,24161.15,24156.2,24158.2,362672
1787642640,2026-08-25T12:54:00,24159.9,24160.05,24151.0,24152.15,505411
1787642700,2026-08-25T12:55:00,24156.05,24156.05,24147.1,24152.25,677158
1787642760,2026-08-25T12:56:00,24155.15,24155.5,24151.95,24155.45,273250
1787642820,2026-08-25T12:57:00,24156.9,24162.4,24154.4,24156.65,684110
1787642880,2026-08-25T12:58:00,24158.05,24158.05,24151.15,24152.05,346559
1787642940,2026-08-25T12:59:00,24153.8,24159.8,24151.35,24157.05,515476
1787643000,2026-08-25T13:00:00,24157.6,24160.85,24151.6,24153.55,492702
1787643060,2026-08-25T13:01:00,24154.7,24154.7,24135.2,24139.2,953295
1787643120,2026-08-25T13:02:00,24141.65,24141.65,24136.3,24139.35,376042
1787643180,2026-08-25T13:03:00,24142.35,24143.75,24139.65,24141.2,468541
1787643240,2026-08-25T13:04:00,24143.1,24144.3,24139.15,24144.2,390404
1787643300,2026-08-25T13:05:00,24145.55,24145.55,24140.25,24142.2,377960
1787643360,2026-08-25T13:06:00,24143.05,24143.2,24138.0,24139.6,344385
1787643420,2026-08-25T13:07:00,24142.5,24142.7,24136.45,24138.75,284260
1787643480,2026-08-25T13:08:00,24141.35,24144.85,24138.8,24140.95,319090
1787643540,2026-08-25T13:09:00,24143.25,24143.25,24137.0,24139.55,233414
1787643600,2026-08-25T13:10:00,24141.4,24143.15,24138.65,24142.45,418972
1787643660,2026-08-25T13:11:00,24145.0,24147.05,24142.45,24145.35,566683
1787643720,2026-08-25T13:12:00,24147.45,24147.45,24139.3,24140.0,472201
1787643780,2026-08-25T13:13:00,24143.0,24143.0,24133.6,24134.25,505488
1787643840,2026-08-25T13:14:00,24136.6,24136.65,24125.9,24129.9,638934
1787643900,2026-08-25T13:15:00,24129.2,24133.85,24125.0,24131.4,431610
1787643960,2026-08-25T13:16:00,24132.85,24135.35,24130.15,24131.6,341275
1787644020,2026-08-25T13:17:00,24132.5,24137.3,24130.9,24135.1,535164
1787644080,2026-08-25T13:18:00,24136.1,24136.3,24131.65,24131.65,273731
1787644140,2026-08-25T13:19:00,24134.4,24134.4,24128.45,24129.6,323716
1787644200,2026-08-25T13:20:00,24132.7,24132.7,24125.2,24126.0,279463
1787644260,2026-08-25T13:21:00,24128.15,24131.35,24126.8,24127.95,269322
1787644320,2026-08-25T13:22:00,24130.65,24130.8,24126.9,24128.35,276409
1787644380,2026-08-25T13:23:00,24129.2,24129.9,24125.2,24126.15,329808
1787644440,2026-08-25T13:24:00,24126.75,24128.6,24124.15,24125.4,287803
1787644500,2026-08-25T13:25:00,24127.15,24128.2,24122.25,24124.45,272763
1787644560,2026-08-25T13:26:00,24124.15,24127.9,24123.1,24126.5,499511
1787644620,2026-08-25T13:27:00,24127.9,24129.3,24125.8,24126.65,355851
1787644680,2026-08-25T13:28:00,24128.25,24130.85,24125.45,24128.1,257360
1787644740,2026-08-25T13:29:00,24129.2,24129.25,24124.7,24126.45,230308
1787644800,2026-08-25T13:30:00,24127.95,24130.25,24125.05,24127.3,239816
1787644860,2026-08-25T13:31:00,24129.4,24133.25,24127.35,24130.65,322580
1787644920,2026-08-25T13:32:00,24132.3,24133.15,24129.5,24131.35,365594
1787644980,2026-08-25T13:33:00,24133.05,24138.45,24129.6,24132.45,711656
1787645040,2026-08-25T13:34:00,24133.5,24134.35,24130.5,24132.2,331267
1787645100,2026-08-25T13:35:00,24133.9,24133.9,24127.25,24129.5,351953
1787645160,2026-08-25T13:36:00,24132.7,24136.75,24129.15,24134.55,413289
1787645220,2026-08-25T13:37:00,24135.45,24137.75,24131.4,24132.8,302679
1787645280,2026-08-25T13:38:00,24134.9,24135.8,24132.65,24134.3,389973
1787645340,2026-08-25T13:39:00,24135.55,24138.7,24134.4,24137.6,327789
1787645400,2026-08-25T13:40:00,24138.85,24139.85,24136.75,24138.6,233000
1787645460,2026-08-25T13:41:00,24140.1,24141.15,24136.65,24139.9,670072
1787645520,2026-08-25T13:42:00,24142.65,24144.25,24139.25,24142.9,405916
1787645580,2026-08-25T13:43:00,24145.25,24146.0,24139.1,24140.0,626114
1787645640,2026-08-25T13:44:00,24141.9,24142.05,24137.65,24140.4,380758
1787645700,2026-08-25T13:45:00,24142.35,24142.9,24138.85,24140.0,258193
1787645760,2026-08-25T13:46:00,24141.85,24142.85,24136.6,24137.3,342015
1787645820,2026-08-25T13:47:00,24139.45,24140.45,24136.25,24139.2,271938
1787645880,2026-08-25T13:48:00,24139.95,24140.05,24135.2,24137.45,316704
1787645940,2026-08-25T13:49:00,24139.1,24139.75,24131.65,24133.85,421865
1787646000,2026-08-25T13:50:00,24135.45,24136.1,24128.95,24134.25,387009
1787646060,2026-08-25T13:51:00,24136.95,24144.95,24135.4,24144.1,670691
1787646120,2026-08-25T13:52:00,24145.7,24150.4,24144.1,24148.15,313442
1787646180,2026-08-25T13:53:00,24150.1,24165.5,24146.15,24163.95,600581
1787646240,2026-08-25T13:54:00,24166.8,24177.3,24161.95,24177.3,1809849
1787646300,2026-08-25T13:55:00,24179.1,24179.9,24162.5,24163.9,789539
1787646360,2026-08-25T13:56:00,24166.65,24167.1,24158.2,24158.2,540071
1787646420,2026-08-25T13:57:00,24162.95,24163.65,24155.65,24159.0,387023
1787646480,2026-08-25T13:58:00,24160.8,24161.65,24154.65,24156.75,393235
1787646540,2026-08-25T13:59:00,24158.35,24160.2,24155.5,24156.6,329405
1787646600,2026-08-25T14:00:00,24157.3,24158.4,24150.95,24151.05,356526
1787646660,2026-08-25T14:01:00,24152.75,24153.3,24145.0,24146.85,427029
1787646720,2026-08-25T14:02:00,24149.2,24152.85,24147.3,24152.05,559235
1787646780,2026-08-25T14:03:00,24153.35,24156.7,24139.3,24142.0,745894
1787646840,2026-08-25T14:04:00,24144.15,24156.95,24143.3,24156.95,458548
1787646900,2026-08-25T14:05:00,24158.8,24159.4,24152.65,24155.3,369918
1787646960,2026-08-25T14:06:00,24156.3,24158.05,24154.0,24154.65,237804
1787647020,2026-08-25T14:07:00,24157.2,24159.0,24152.0,24154.1,315364
1787647080,2026-08-25T14:08:00,24156.65,24157.2,24149.15,24151.8,381198
1787647140,2026-08-25T14:09:00,24153.7,24154.5,24149.8,24153.05,313275
1787647200,2026-08-25T14:10:00,24154.1,24158.35,24152.95,24155.8,329563
1787647260,2026-08-25T14:11:00,24157.6,24161.6,24155.8,24159.1,351752
1787647320,2026-08-25T14:12:00,24161.05,24161.35,24155.4,24156.4,348294
1787647380,2026-08-25T14:13:00,24158.25,24159.25,24155.05,24156.15,377760
1787647440,2026-08-25T14:14:00,24157.65,24158.3,24151.75,24154.2,573905
1787647500,2026-08-25T14:15:00,24153.95,24155.8,24150.9,24153.55,614657
1787647560,2026-08-25T14:16:00,24155.95,24158.5,24153.05,24156.65,347423
1787647620,2026-08-25T14:17:00,24158.05,24159.1,24153.35,24154.5,284247
1787647680,2026-08-25T14:18:00,24157.05,24158.5,24154.15,24155.75,429093
1787647740,2026-08-25T14:19:00,24158.75,24161.6,24156.3,24158.7,396686
1787647800,2026-08-25T14:20:00,24159.45,24166.25,24157.75,24165.3,439081
1787647860,2026-08-25T14:21:00,24166.75,24166.8,24157.55,24158.25,605030
1787647920,2026-08-25T14:22:00,24160.85,24163.35,24156.65,24163.0,922099
1787647980,2026-08-25T14:23:00,24166.0,24171.25,24162.6,24165.7,637517
1787648040,2026-08-25T14:24:00,24168.4,24168.4,24158.5,24160.6,633123
1787648100,2026-08-25T14:25:00,24162.65,24165.95,24158.5,24162.6,515078
1787648160,2026-08-25T14:26:00,24164.15,24169.1,24161.9,24167.95,441734
1787648220,2026-08-25T14:27:00,24169.15,24173.85,24167.65,24172.5,422891
1787648280,2026-08-25T14:28:00,24173.5,24181.0,24172.4,24179.9,473294
1787648340,2026-08-25T14:29:00,24180.75,24185.2,24177.65,24181.85,428802
1787648400,2026-08-25T14:30:00,24183.15,24183.75,24173.95,24176.35,538502
1787648460,2026-08-25T14:31:00,24178.1,24207.05,24173.4,24204.35,1472317
1787648520,2026-08-25T14:32:00,24206.65,24213.0,24197.3,24208.05,1060833
1787648580,2026-08-25T14:33:00,24210.8,24211.8,24204.75,24209.05,563947
1787648640,2026-08-25T14:34:00,24210.5,24210.5,24190.2,24196.65,1119070
1787648700,2026-08-25T14:35:00,24199.25,24210.7,24197.7,24204.85,795960
1787648760,2026-08-25T14:36:00,24207.25,24208.15,24192.5,24193.65,588533
1787648820,2026-08-25T14:37:00,24195.75,24195.85,24185.8,24189.8,567089
1787648880,2026-08-25T14:38:00,24191.9,24197.1,24187.35,24196.0,658552
1787648940,2026-08-25T14:39:00,24198.5,24200.6,24194.05,24198.8,678278
1787649000,2026-08-25T14:40:00,24200.1,24202.65,24195.8,24200.05,656718
1787649060,2026-08-25T14:41:00,24201.95,24215.6,24198.6,24209.9,1408161
1787649120,2026-08-25T14:42:00,24212.0,24212.05,24204.7,24207.5,878599
1787649180,2026-08-25T14:43:00,24209.65,24209.9,24202.7,24204.4,600738
1787649240,2026-08-25T14:44:00,24208.05,24211.45,24205.65,24209.15,794576
1787649300,2026-08-25T14:45:00,24208.9,24215.65,24208.9,24212.9,862772
1787649360,2026-08-25T14:46:00,24212.85,24216.7,24207.7,24213.6,1096736
1787649420,2026-08-25T14:47:00,24211.9,24214.1,24207.05,24210.35,937243
1787649480,2026-08-25T14:48:00,24209.6,24221.8,24209.6,24216.75,1214609
1787649540,2026-08-25T14:49:00,24216.7,24228.85,24215.0,24224.3,1210389
1787649600,2026-08-25T14:50:00,24224.45,24225.95,24216.75,24219.5,1009318
1787649660,2026-08-25T14:51:00,24221.7,24232.9,24220.05,24230.6,1108934
1787649720,2026-08-25T14:52:00,24227.15,24247.85,24227.15,24243.3,3156649
1787649780,2026-08-25T14:53:00,24242.25,24245.4,24239.7,24240.2,1639387
1787649840,2026-08-25T14:54:00,24239.4,24242.25,24236.05,24238.3,1760826
1787649900,2026-08-25T14:55:00,24237.4,24244.0,24236.7,24242.9,914598
1787649960,2026-08-25T14:56:00,24243.1,24248.8,24238.5,24244.95,1135635
1787650020,2026-08-25T14:57:00,24244.4,24249.9,24241.85,24243.2,1112388
1787650080,2026-08-25T14:58:00,24246.2,24252.8,24240.8,24248.05,1213598
1787650140,2026-08-25T14:59:00,24248.3,24256.8,24246.25,24253.1,1285407
1787650200,2026-08-25T15:00:00,24252.8,24255.9,24240.4,24247.0,1395347
1787650260,2026-08-25T15:01:00,24245.55,24249.4,24239.1,24241.25,1237422
1787650320,2026-08-25T15:02:00,24240.0,24255.25,24240.0,24249.6,1159507
1787650380,2026-08-25T15:03:00,24248.15,24251.6,24243.45,24243.9,1243569
1787650440,2026-08-25T15:04:00,24242.05,24256.4,24241.4,24251.3,1363745
1787650500,2026-08-25T15:05:00,24249.75,24252.7,24245.4,24247.55,1774022
1787650560,2026-08-25T15:06:00,24245.35,24251.25,24244.3,24244.6,1252734
1787650620,2026-08-25T15:07:00,24244.6,24250.05,24244.4,24246.45,1234147
1787650680,2026-08-25T15:08:00,24245.55,24250.15,24243.7,24245.05,1811830
1787650740,2026-08-25T15:09:00,24243.65,24252.8,24243.05,24248.65,1656687
1787650800,2026-08-25T15:10:00,24247.05,24254.55,24245.6,24252.3,1815155
1787650860,2026-08-25T15:11:00,24250.0,24265.35,24249.35,24261.45,2072279
1787650920,2026-08-25T15:12:00,24259.05,24267.05,24255.95,24259.3,2748566
1787650980,2026-08-25T15:13:00,24257.2,24262.45,24253.8,24258.15,2799830
1787651040,2026-08-25T15:14:00,24257.75,24264.2,24250.7,24260.15,1681410
1787651100,2026-08-25T15:15:00,24260.05,24260.05,24260.05,24260.05,1681410
1787651160,2026-08-25T15:16:00,24260.05,24260.05,24260.05,24260.05,1681410
1787651220,2026-08-25T15:17:00,24260.05,24260.05,24260.05,24260.05,1681410
1787651280,2026-08-25T15:18:00,24260.05,24260.05,24260.05,24260.05,1681410
1787651340,2026-08-25T15:19:00,24260.05,24260.05,24260.05,24260.05,1681410
1787651400,2026-08-25T15:20:00,24260.05,24260.05,24260.05,24260.05,1681410
1787651460,2026-08-25T15:21:00,24260.05,24260.05,24260.05,24260.05,1681410
1787651520,2026-08-25T15:22:00,24260.05,24260.05,24260.05,24260.05,1681410
1787651580,2026-08-25T15:23:00,24260.05,24260.05,24260.05,24260.05,1681410
1787651640,2026-08-25T15:24:00,24260.05,24260.05,24260.05,24260.05,1681410
1787651700,2026-08-25T15:25:00,24260.05,24260.05,24260.05,24260.05,1681410
1787651760,2026-08-25T15:26:00,24260.05,24260.05,24260.05,24260.05,1681410
1787651820,2026-08-25T15:27:00,24260.05,24260.05,24260.05,24260.05,1681410
1787651880,2026-08-25T15:28:00,24260.05,24334.55,24260.05,24334.55,1681410
1787651940,2026-08-25T15:29:00,24334.55,24334.55,24334.55,24334.55,1681410
1787715900,2026-08-26T09:15:00,24341.95,24357.05,24329.05,24337.3,4128750
1787715960,2026-08-26T09:16:00,24337.4,24344.2,24328.2,24337.0,2512597
1787716020,2026-08-26T09:17:00,24336.6,24338.3,24321.15,24322.8,1685795
1787716080,2026-08-26T09:18:00,24322.6,24324.5,24314.0,24320.0,1831328
1787716140,2026-08-26T09:19:00,24319.85,24320.75,24309.5,24318.3,1333348
1787716200,2026-08-26T09:20:00,24316.95,24336.3,24316.45,24335.1,1269170
1787716260,2026-08-26T09:21:00,24334.5,24346.75,24330.6,24344.1,1262649
1787716320,2026-08-26T09:22:00,24342.9,24346.75,24340.05,24345.1,1624862
1787716380,2026-08-26T09:23:00,24343.9,24348.1,24342.55,24345.25,1058164
1787716440,2026-08-26T09:24:00,24345.1,24355.85,24345.1,24354.0,1110373
1787716500,2026-08-26T09:25:00,24353.3,24354.75,24345.6,24352.35,974408
1787716560,2026-08-26T09:26:00,24352.2,24359.7,24351.45,24356.2,927327
1787716620,2026-08-26T09:27:00,24355.95,24363.2,24353.55,24353.75,778817
1787716680,2026-08-26T09:28:00,24353.05,24356.9,24351.45,24354.55,605660
1787716740,2026-08-26T09:29:00,24353.85,24353.85,24347.0,24351.15,968475
1787716800,2026-08-26T09:30:00,24350.9,24354.75,24343.05,24343.6,767842
1787716860,2026-08-26T09:31:00,24343.5,24347.3,24341.1,24345.05,1289066
1787716920,2026-08-26T09:32:00,24345.4,24350.35,24345.4,24350.1,847850
1787716980,2026-08-26T09:33:00,24350.1,24354.75,24345.85,24346.05,1250218
1787717040,2026-08-26T09:34:00,24346.1,24348.35,24342.35,24344.65,633813
1787717100,2026-08-26T09:35:00,24344.5,24352.2,24344.05,24351.5,932830
1787717160,2026-08-26T09:36:00,24351.55,24354.25,24344.85,24346.15,653830
1787717220,2026-08-26T09:37:00,24346.3,24352.15,24343.3,24348.15,1199358
1787717280,2026-08-26T09:38:00,24347.75,24355.65,24345.55,24354.6,745405
1787717340,2026-08-26T09:39:00,24354.95,24356.15,24353.8,24356.05,517791
1787717400,2026-08-26T09:40:00,24355.65,24364.4,24355.65,24362.0,1875112
1787717460,2026-08-26T09:41:00,24362.1,24368.15,24360.65,24366.25,1590369
1787717520,2026-08-26T09:42:00,24366.35,24373.05,24365.6,24367.45,1086074
1787717580,2026-08-26T09:43:00,24367.8,24373.05,24366.85,24369.45,1086334
1787717640,2026-08-26T09:44:00,24369.95,24375.75,24368.35,24371.6,1226273
1787717700,2026-08-26T09:45:00,24371.35,24376.45,24367.7,24374.6,1064922
1787717760,2026-08-26T09:46:00,24374.7,24377.7,24373.25,24374.75,828403
1787717820,2026-08-26T09:47:00,24374.8,24376.65,24371.55,24376.3,621217
1787717880,2026-08-26T09:48:00,24374.6,24378.6,24372.4,24374.25,537858
1787717940,2026-08-26T09:49:00,24374.55,24375.75,24367.6,24370.0,658283
1787718000,2026-08-26T09:50:00,24370.4,24372.2,24365.65,24368.95,709706
1787718060,2026-08-26T09:51:00,24369.45,24370.5,24366.1,24367.15,786009
1787718120,2026-08-26T09:52:00,24367.05,24367.25,24364.15,24365.1,372991
1787718180,2026-08-26T09:53:00,24366.05,24367.8,24362.3,24362.9,554018
1787718240,2026-08-26T09:54:00,24363.1,24366.65,24360.8,24364.85,1075213
1787718300,2026-08-26T09:55:00,24364.35,24369.35,24363.95,24368.45,772887
1787718360,2026-08-26T09:56:00,24368.55,24374.1,24366.55,24372.35,585755
1787718420,2026-08-26T09:57:00,24372.0,24375.25,24370.55,24370.55,543535
1787718480,2026-08-26T09:58:00,24369.35,24369.95,24365.9,24367.7,526010
1787718540,2026-08-26T09:59:00,24367.45,24370.2,24365.05,24365.8,509348
1787718600,2026-08-26T10:00:00,24366.05,24369.05,24364.5,24365.55,714269
1787718660,2026-08-26T10:01:00,24365.1,24366.3,24359.3,24360.4,525122
1787718720,2026-08-26T10:02:00,24359.85,24362.2,24351.25,24354.35,575522
1787718780,2026-08-26T10:03:00,24353.8,24359.15,24352.85,24357.8,785867
1787718840,2026-08-26T10:04:00,24357.5,24358.6,24354.35,24358.0,556193
1787718900,2026-08-26T10:05:00,24358.25,24360.6,24353.15,24355.4,473314
1787718960,2026-08-26T10:06:00,24355.7,24356.35,24350.2,24351.05,678865
1787719020,2026-08-26T10:07:00,24350.7,24350.7,24340.4,24341.5,755713
1787719080,2026-08-26T10:08:00,24341.65,24346.1,24340.65,24345.8,504914
1787719140,2026-08-26T10:09:00,24346.5,24347.75,24342.2,24346.3,599664
1787719200,2026-08-26T10:10:00,24345.8,24346.25,24341.2,24342.35,400493
1787719260,2026-08-26T10:11:00,24341.9,24341.9,24333.45,24334.4,599705
1787719320,2026-08-26T10:12:00,24334.3,24345.25,24333.85,24344.7,523163
1787719380,2026-08-26T10:13:00,24344.55,24346.55,24342.45,24346.25,465210
1787719440,2026-08-26T10:14:00,24345.7,24349.95,24342.3,24342.95,458446
1787719500,2026-08-26T10:15:00,24343.1,24348.3,24341.65,24343.55,680851
1787719560,2026-08-26T10:16:00,24343.85,24345.4,24335.4,24336.65,505593
1787719620,2026-08-26T10:17:00,24336.4,24336.95,24323.6,24323.75,1145371
1787719680,2026-08-26T10:18:00,24323.9,24324.8,24318.0,24318.45,783670
1787719740,2026-08-26T10:19:00,24318.3,24319.15,24316.2,24318.35,498640
1787719800,2026-08-26T10:20:00,24318.4,24320.15,24304.25,24307.65,909499
1787719860,2026-08-26T10:21:00,24307.5,24309.45,24303.4,24305.2,903945
1787719920,2026-08-26T10:22:00,24305.05,24309.9,24305.05,24309.2,377872
1787719980,2026-08-26T10:23:00,24309.15,24311.95,24295.85,24297.25,886354
1787720040,2026-08-26T10:24:00,24297.3,24305.2,24294.55,24302.4,504827
1787720100,2026-08-26T10:25:00,24302.45,24305.7,24299.25,24300.1,733193
1787720160,2026-08-26T10:26:00,24299.55,24301.25,24295.0,24295.65,759438
1787720220,2026-08-26T10:27:00,24295.15,24299.95,24294.25,24298.95,468493
1787720280,2026-08-26T10:28:00,24299.75,24302.7,24297.05,24301.45,576683
1787720340,2026-08-26T10:29:00,24301.45,24306.0,24300.65,24304.6,396171
1787720400,2026-08-26T10:30:00,24304.65,24310.0,24303.45,24307.4,546826
1787720460,2026-08-26T10:31:00,24307.0,24314.75,24306.15,24313.7,663649
1787720520,2026-08-26T10:32:00,24313.15,24317.65,24312.15,24317.65,470767
1787720580,2026-08-26T10:33:00,24317.4,24321.4,24315.3,24316.8,378265
1787720640,2026-08-26T10:34:00,24316.85,24318.85,24314.35,24318.05,292406
1787720700,2026-08-26T10:35:00,24318.1,24322.5,24317.9,24321.15,402061
1787720760,2026-08-26T10:36:00,24321.4,24323.0,24319.2,24320.25,973652
1787720820,2026-08-26T10:37:00,24320.3,24321.9,24316.8,24318.6,382823
1787720880,2026-08-26T10:38:00,24318.5,24321.9,24317.35,24319.45,467025
1787720940,2026-08-26T10:39:00,24319.35,24323.95,24319.2,24320.85,548138
1787721000,2026-08-26T10:40:00,24321.0,24323.15,24319.05,24320.2,700375
1787721060,2026-08-26T10:41:00,24320.05,24320.75,24315.9,24316.55,546538
1787721120,2026-08-26T10:42:00,24316.85,24321.7,24316.5,24320.75,910197
1787721180,2026-08-26T10:43:00,24320.7,24330.25,24318.8,24327.75,420541
1787721240,2026-08-26T10:44:00,24327.75,24331.3,24326.9,24327.45,477462
1787721300,2026-08-26T10:45:00,24328.25,24328.95,24312.9,24315.05,515532
1787721360,2026-08-26T10:46:00,24315.25,24317.25,24313.15,24316.4,489401
1787721420,2026-08-26T10:47:00,24316.4,24317.9,24314.15,24316.0,234484
1787721480,2026-08-26T10:48:00,24316.25,24318.35,24314.05,24317.7,351979
1787721540,2026-08-26T10:49:00,24317.45,24321.1,24316.9,24317.9,286929
1787721600,2026-08-26T10:50:00,24318.05,24319.65,24315.9,24319.6,462542
1787721660,2026-08-26T10:51:00,24319.3,24319.6,24315.25,24317.6,430609
1787721720,2026-08-26T10:52:00,24317.75,24320.3,24315.0,24320.3,494369
1787721780,2026-08-26T10:53:00,24319.6,24320.05,24311.9,24317.75,552546
1787721840,2026-08-26T10:54:00,24318.15,24320.5,24316.15,24319.35,712069
1787721900,2026-08-26T10:55:00,24319.65,24320.05,24317.8,24318.75,302600
1787721960,2026-08-26T10:56:00,24318.9,24321.95,24317.85,24320.45,590331
1787722020,2026-08-26T10:57:00,24320.55,24329.25,24319.25,24328.15,429369
1787722080,2026-08-26T10:58:00,24327.7,24329.1,24324.75,24325.45,438390
1787722140,2026-08-26T10:59:00,24325.85,24326.4,24319.85,24320.4,452102
1787722200,2026-08-26T11:00:00,24319.95,24320.45,24315.7,24319.5,553390
1787722260,2026-08-26T11:01:00,24319.3,24320.2,24310.4,24316.4,363204
1787722320,2026-08-26T11:02:00,24316.4,24320.95,24315.1,24318.25,451607
1787722380,2026-08-26T11:03:00,24318.4,24319.1,24312.65,24313.95,537214
1787722440,2026-08-26T11:04:00,24313.4,24314.6,24309.6,24313.05,523042
1787722500,2026-08-26T11:05:00,24313.85,24315.35,24312.15,24313.9,284840
1787722560,2026-08-26T11:06:00,24313.65,24314.3,24306.85,24308.9,803844
1787722620,2026-08-26T11:07:00,24309.05,24313.5,24308.35,24313.05,565062
1787722680,2026-08-26T11:08:00,24312.3,24318.05,24311.75,24316.2,655588
1787722740,2026-08-26T11:09:00,24316.2,24321.55,24314.15,24321.25,815139
1787722800,2026-08-26T11:10:00,24321.8,24326.4,24320.0,24325.3,510637
1787722860,2026-08-26T11:11:00,24324.65,24325.9,24321.1,24321.45,547804
1787722920,2026-08-26T11:12:00,24321.85,24326.35,24321.65,24326.35,371606
1787722980,2026-08-26T11:13:00,24326.55,24327.55,24323.85,24325.15,408625
1787723040,2026-08-26T11:14:00,24325.2,24331.6,24323.6,24330.8,511188
1787723100,2026-08-26T11:15:00,24330.6,24332.65,24327.75,24328.85,802736
1787723160,2026-08-26T11:16:00,24328.15,24328.6,24322.7,24323.85,636748
1787723220,2026-08-26T11:17:00,24322.75,24324.3,24314.1,24314.45,655109
1787723280,2026-08-26T11:18:00,24315.0,24315.0,24305.85,24307.5,1667452
1787723340,2026-08-26T11:19:00,24307.6,24311.6,24306.95,24310.2,461953
1787723400,2026-08-26T11:20:00,24310.25,24310.65,24306.9,24310.6,542686
1787723460,2026-08-26T11:21:00,24311.15,24314.65,24309.9,24311.0,910226
1787723520,2026-08-26T11:22:00,24311.25,24311.4,24300.3,24300.3,611911
1787723580,2026-08-26T11:23:00,24300.05,24301.75,24297.95,24300.8,442170
1787723640,2026-08-26T11:24:00,24301.25,24306.65,24300.25,24303.1,510509
1787723700,2026-08-26T11:25:00,24303.85,24306.0,24301.15,24304.45,556098
1787723760,2026-08-26T11:26:00,24304.75,24307.55,24303.7,24305.95,472920
1787723820,2026-08-26T11:27:00,24306.1,24306.65,24301.0,24302.05,357063
1787723880,2026-08-26T11:28:00,24302.15,24307.8,24300.7,24307.6,788161
1787723940,2026-08-26T11:29:00,24307.55,24309.25,24303.85,24304.95,532277
1787724000,2026-08-26T11:30:00,24305.8,24306.55,24301.9,24305.0,359331
1787724060,2026-08-26T11:31:00,24305.2,24305.95,24298.3,24298.75,567184
1787724120,2026-08-26T11:32:00,24299.15,24301.6,24292.05,24300.85,441947
1787724180,2026-08-26T11:33:00,24300.35,24301.35,24296.75,24298.15,816680
1787724240,2026-08-26T11:34:00,24298.65,24301.55,24296.5,24301.25,352589
1787724300,2026-08-26T11:35:00,24301.7,24308.55,24300.1,24307.4,399979
1787724360,2026-08-26T11:36:00,24307.6,24309.7,24306.35,24308.05,626756
1787724420,2026-08-26T11:37:00,24308.2,24313.2,24307.5,24312.85,711914
1787724480,2026-08-26T11:38:00,24312.4,24313.4,24310.65,24312.1,420333
1787724540,2026-08-26T11:39:00,24311.85,24313.0,24308.4,24309.7,489119
1787724600,2026-08-26T11:40:00,24309.3,24310.55,24308.1,24308.75,239018
1787724660,2026-08-26T11:41:00,24309.1,24311.1,24306.95,24308.35,381891
1787724720,2026-08-26T11:42:00,24308.35,24310.6,24306.9,24310.45,219927
1787724780,2026-08-26T11:43:00,24310.8,24311.6,24309.25,24311.2,217153
1787724840,2026-08-26T11:44:00,24311.15,24311.15,24307.35,24308.2,221713
1787724900,2026-08-26T11:45:00,24308.2,24309.1,24306.75,24307.5,249391
1787724960,2026-08-26T11:46:00,24307.6,24308.85,24305.55,24307.35,283552
1787725020,2026-08-26T11:47:00,24307.8,24307.8,24304.4,24305.05,351245
1787725080,2026-08-26T11:48:00,24305.15,24305.9,24298.55,24299.95,272703
1787725140,2026-08-26T11:49:00,24299.8,24300.65,24298.05,24299.6,287586
1787725200,2026-08-26T11:50:00,24299.6,24301.2,24298.6,24299.45,435442
1787725260,2026-08-26T11:51:00,24300.0,24300.0,24294.35,24294.8,593358
1787725320,2026-08-26T11:52:00,24295.85,24296.4,24293.15,24295.65,435321
1787725380,2026-08-26T11:53:00,24295.25,24295.55,24291.0,24292.15,331894
1787725440,2026-08-26T11:54:00,24292.65,24292.65,24282.95,24285.15,457898
1787725500,2026-08-26T11:55:00,24286.1,24290.95,24283.2,24290.6,226759
1787725560,2026-08-26T11:56:00,24290.95,24295.15,24290.9,24294.65,245177
1787725620,2026-08-26T11:57:00,24294.1,24294.7,24289.65,24290.85,380719
1787725680,2026-08-26T11:58:00,24291.45,24293.95,24289.5,24291.55,591102
1787725740,2026-08-26T11:59:00,24292.05,24292.95,24288.45,24288.45,473498
1787725800,2026-08-26T12:00:00,24288.65,24290.05,24279.05,24279.1,577332
1787725860,2026-08-26T12:01:00,24279.95,24281.3,24277.7,24279.6,380035
1787725920,2026-08-26T12:02:00,24280.4,24280.4,24273.95,24275.9,625992
1787725980,2026-08-26T12:03:00,24276.35,24278.25,24272.3,24273.7,357535
1787726040,2026-08-26T12:04:00,24274.05,24276.6,24270.05,24276.45,531327
1787726100,2026-08-26T12:05:00,24276.7,24280.95,24275.0,24280.95,509722
1787726160,2026-08-26T12:06:00,24281.4,24281.45,24276.7,24277.05,483192
1787726220,2026-08-26T12:07:00,24277.5,24278.7,24273.4,24273.9,663726
1787726280,2026-08-26T12:08:00,24274.05,24276.25,24272.85,24275.0,733301
1787726340,2026-08-26T12:09:00,24275.0,24276.8,24268.95,24270.4,351954
1787726400,2026-08-26T12:10:00,24271.1,24271.7,24268.0,24268.45,226454
1787726460,2026-08-26T12:11:00,24269.0,24270.8,24266.45,24268.45,404343
1787726520,2026-08-26T12:12:00,24268.9,24270.85,24267.6,24269.55,387729
1787726580,2026-08-26T12:13:00,24268.9,24273.75,24268.6,24273.6,671931
1787726640,2026-08-26T12:14:00,24273.85,24281.5,24273.55,24280.75,601589
1787726700,2026-08-26T12:15:00,24281.6,24282.15,24276.05,24277.7,497245
1787726760,2026-08-26T12:16:00,24277.6,24280.85,24277.6,24279.8,363080
1787726820,2026-08-26T12:17:00,24279.8,24285.4,24277.45,24283.7,501679
1787726880,2026-08-26T12:18:00,24283.85,24288.6,24283.2,24287.7,568985
1787726940,2026-08-26T12:19:00,24287.55,24289.05,24284.65,24288.0,562768
1787727000,2026-08-26T12:20:00,24286.25,24288.5,24281.8,24282.1,442460
1787727060,2026-08-26T12:21:00,24282.65,24284.55,24277.8,24281.2,452845
1787727120,2026-08-26T12:22:00,24281.15,24283.85,24279.8,24280.4,499233
1787727180,2026-08-26T12:23:00,24281.0,24284.4,24279.4,24284.0,336672
1787727240,2026-08-26T12:24:00,24283.25,24291.4,24280.9,24290.35,619545
1787727300,2026-08-26T12:25:00,24290.65,24290.7,24281.3,24285.7,796592
1787727360,2026-08-26T12:26:00,24285.3,24286.5,24281.1,24281.4,856802
1787727420,2026-08-26T12:27:00,24281.5,24281.8,24277.15,24278.2,414887
1787727480,2026-08-26T12:28:00,24278.6,24279.25,24273.7,24276.7,346245
1787727540,2026-08-26T12:29:00,24276.4,24281.95,24275.45,24278.1,402751
1787727600,2026-08-26T12:30:00,24278.45,24279.3,24271.8,24273.05,426594
1787727660,2026-08-26T12:31:00,24272.5,24275.5,24271.0,24274.4,854755
1787727720,2026-08-26T12:32:00,24273.95,24275.15,24268.9,24269.6,471591
1787727780,2026-08-26T12:33:00,24269.5,24273.8,24268.9,24272.45,716445
1787727840,2026-08-26T12:34:00,24272.5,24280.95,24272.5,24279.5,441503
1787727900,2026-08-26T12:35:00,24279.2,24283.8,24278.65,24282.35,483269
1787727960,2026-08-26T12:36:00,24282.25,24285.45,24281.1,24284.5,725795
1787728020,2026-08-26T12:37:00,24283.85,24286.05,24281.45,24282.75,351867
1787728080,2026-08-26T12:38:00,24282.6,24284.25,24281.2,24283.3,341780
1787728140,2026-08-26T12:39:00,24283.25,24283.45,24277.2,24277.7,528587
1787728200,2026-08-26T12:40:00,24276.3,24278.55,24274.25,24275.5,360004
1787728260,2026-08-26T12:41:00,24275.5,24275.5,24272.45,24274.1,404736
1787728320,2026-08-26T12:42:00,24273.5,24278.05,24272.2,24277.25,422417
1787728380,2026-08-26T12:43:00,24277.25,24284.1,24276.85,24283.75,346947
1787728440,2026-08-26T12:44:00,24283.55,24285.5,24281.2,24283.9,352131
1787728500,2026-08-26T12:45:00,24283.45,24285.45,24281.2,24282.15,465898
1787728560,2026-08-26T12:46:00,24282.05,24283.35,24280.6,24281.45,268587
1787728620,2026-08-26T12:47:00,24281.6,24281.9,24275.45,24275.65,553816
1787728680,2026-08-26T12:48:00,24275.2,24281.0,24274.8,24280.25,501256
1787728740,2026-08-26T12:49:00,24280.15,24280.55,24276.95,24277.5,418737
1787728800,2026-08-26T12:50:00,24277.5,24279.0,24276.2,24277.15,1494050
1787728860,2026-08-26T12:51:00,24277.05,24278.85,24276.5,24277.5,308268
1787728920,2026-08-26T12:52:00,24277.2,24278.55,24274.6,24275.55,407703
1787728980,2026-08-26T12:53:00,24275.65,24277.05,24273.9,24275.85,337434
1787729040,2026-08-26T12:54:00,24275.0,24279.2,24273.75,24277.7,283727
1787729100,2026-08-26T12:55:00,24278.35,24280.65,24276.3,24279.45,329285
1787729160,2026-08-26T12:56:00,24279.5,24282.3,24279.4,24280.7,278410
1787729220,2026-08-26T12:57:00,24280.55,24282.7,24279.35,24280.3,310978
1787729280,2026-08-26T12:58:00,24280.45,24284.05,24279.4,24282.15,402819
1787729340,2026-08-26T12:59:00,24283.05,24284.6,24278.9,24279.05,403262
1787729400,2026-08-26T13:00:00,24279.2,24280.95,24278.35,24280.0,244314
1787729460,2026-08-26T13:01:00,24280.15,24280.55,24273.15,24274.45,267371
1787729520,2026-08-26T13:02:00,24274.35,24275.05,24268.25,24269.25,349594
1787729580,2026-08-26T13:03:00,24269.1,24274.35,24268.55,24273.45,359916
1787729640,2026-08-26T13:04:00,24273.1,24276.65,24271.15,24274.1,258957
1787729700,2026-08-26T13:05:00,24275.1,24280.5,24273.9,24279.85,354063
1787729760,2026-08-26T13:06:00,24280.2,24283.05,24279.55,24283.05,325414
1787729820,2026-08-26T13:07:00,24282.4,24282.45,24279.15,24280.25,688576
1787729880,2026-08-26T13:08:00,24280.05,24281.5,24276.8,24278.6,385352
1787729940,2026-08-26T13:09:00,24277.95,24278.5,24272.35,24273.3,327315
1787730000,2026-08-26T13:10:00,24273.25,24274.5,24269.9,24270.25,508852
1787730060,2026-08-26T13:11:00,24269.85,24272.4,24268.7,24271.4,374386
1787730120,2026-08-26T13:12:00,24271.4,24273.75,24270.9,24271.35,270118
1787730180,2026-08-26T13:13:00,24271.5,24272.95,24270.35,24271.1,224663
1787730240,2026-08-26T13:14:00,24270.9,24270.9,24268.15,24269.2,351897
1787730300,2026-08-26T13:15:00,24269.4,24269.95,24265.8,24266.15,667541
1787730360,2026-08-26T13:16:00,24266.1,24266.5,24261.5,24262.85,582504
1787730420,2026-08-26T13:17:00,24262.8,24263.2,24253.7,24258.0,950363
1787730480,2026-08-26T13:18:00,24257.55,24263.85,24257.35,24263.65,299863
1787730540,2026-08-26T13:19:00,24263.35,24266.35,24263.2,24263.6,334208
1787730600,2026-08-26T13:20:00,24264.05,24264.65,24257.35,24259.5,301547
1787730660,2026-08-26T13:21:00,24259.5,24262.0,24258.2,24260.6,397923
1787730720,2026-08-26T13:22:00,24260.55,24263.8,24260.1,24263.35,255079
1787730780,2026-08-26T13:23:00,24263.65,24263.9,24258.0,24258.15,261910
1787730840,2026-08-26T13:24:00,24258.25,24259.65,24254.95,24258.6,278115
1787730900,2026-08-26T13:25:00,24258.65,24261.45,24258.45,24259.55,212106
1787730960,2026-08-26T13:26:00,24259.75,24261.5,24258.25,24259.5,204037
1787731020,2026-08-26T13:27:00,24260.25,24260.8,24254.9,24254.9,397098
1787731080,2026-08-26T13:28:00,24254.95,24258.7,24253.6,24258.6,360664
1787731140,2026-08-26T13:29:00,24258.45,24265.45,24257.65,24265.45,465566
1787731200,2026-08-26T13:30:00,24265.0,24269.0,24263.2,24266.75,558976
1787731260,2026-08-26T13:31:00,24266.55,24267.4,24262.1,24262.45,496035
1787731320,2026-08-26T13:32:00,24262.45,24265.25,24261.7,24263.1,340494
1787731380,2026-08-26T13:33:00,24263.85,24266.2,24262.0,24262.7,249959
1787731440,2026-08-26T13:34:00,24262.5,24267.8,24262.2,24267.0,601679
1787731500,2026-08-26T13:35:00,24267.15,24268.6,24262.55,24263.3,344018
1787731560,2026-08-26T13:36:00,24263.3,24266.15,24262.4,24263.2,295926
1787731620,2026-08-26T13:37:00,24262.9,24264.8,24261.1,24263.85,470370
1787731680,2026-08-26T13:38:00,24263.45,24267.7,24262.8,24266.1,445197
1787731740,2026-08-26T13:39:00,24265.9,24266.65,24263.4,24264.95,366646
1787731800,2026-08-26T13:40:00,24265.4,24271.25,24264.35,24268.9,403355
1787731860,2026-08-26T13:41:00,24268.7,24271.25,24267.1,24268.5,320140
1787731920,2026-08-26T13:42:00,24268.5,24270.1,24261.05,24263.4,445417
1787731980,2026-08-26T13:43:00,24263.0,24267.65,24263.0,24266.0,457738
1787732040,2026-08-26T13:44:00,24266.1,24267.0,24261.05,24261.9,532079
1787732100,2026-08-26T13:45:00,24262.0,24263.0,24257.0,24260.8,436598
1787732160,2026-08-26T13:46:00,24260.05,24263.6,24259.05,24262.55,377551
1787732220,2026-08-26T13:47:00,24261.9,24263.4,24258.4,24260.15,420710
1787732280,2026-08-26T13:48:00,24259.4,24260.7,24258.05,24258.95,365390
1787732340,2026-08-26T13:49:00,24258.95,24262.55,24257.8,24262.05,430776
1787732400,2026-08-26T13:50:00,24262.45,24264.2,24261.25,24263.25,299873
1787732460,2026-08-26T13:51:00,24263.45,24263.45,24259.0,24260.55,264931
1787732520,2026-08-26T13:52:00,24260.45,24266.8,24260.4,24266.6,270797
1787732580,2026-08-26T13:53:00,24265.95,24269.95,24265.7,24267.4,908430
1787732640,2026-08-26T13:54:00,24267.45,24267.45,24264.65,24264.65,603760
1787732700,2026-08-26T13:55:00,24264.55,24266.3,24262.8,24263.95,408557
1787732760,2026-08-26T13:56:00,24263.45,24263.8,24259.55,24261.1,446367
1787732820,2026-08-26T13:57:00,24261.4,24262.85,24259.55,24261.5,561444
1787732880,2026-08-26T13:58:00,24261.25,24265.4,24260.6,24263.8,505469
1787732940,2026-08-26T13:59:00,24263.45,24265.8,24260.9,24263.35,343162
1787733000,2026-08-26T14:00:00,24262.7,24263.65,24260.1,24260.1,594638
1787733060,2026-08-26T14:01:00,24259.5,24265.0,24258.65,24264.35,673310
1787733120,2026-08-26T14:02:00,24263.95,24265.25,24258.85,24262.75,952568
1787733180,2026-08-26T14:03:00,24262.65,24269.4,24260.55,24267.5,540432
1787733240,2026-08-26T14:04:00,24266.95,24269.2,24266.35,24267.65,309685
1787733300,2026-08-26T14:05:00,24267.75,24269.4,24266.7,24269.4,389065
1787733360,2026-08-26T14:06:00,24268.7,24269.35,24264.45,24267.15,650318
1787733420,2026-08-26T14:07:00,24266.8,24267.7,24260.5,24261.05,387698
1787733480,2026-08-26T14:08:00,24261.05,24265.9,24260.5,24265.3,321311
1787733540,2026-08-26T14:09:00,24265.55,24267.75,24263.55,24266.05,301409
1787733600,2026-08-26T14:10:00,24265.95,24267.3,24263.35,24265.65,405157
1787733660,2026-08-26T14:11:00,24265.7,24267.65,24264.75,24266.35,643204
1787733720,2026-08-26T14:12:00,24266.5,24278.5,24265.95,24277.95,756328
1787733780,2026-08-26T14:13:00,24278.35,24279.55,24274.7,24277.0,416772
1787733840,2026-08-26T14:14:00,24277.1,24277.7,24272.45,24273.5,309583
1787733900,2026-08-26T14:15:00,24272.8,24277.2,24272.8,24274.75,649405
1787733960,2026-08-26T14:16:00,24275.1,24280.85,24275.1,24276.7,441137
1787734020,2026-08-26T14:17:00,24276.9,24278.9,24274.65,24275.55,544079
1787734080,2026-08-26T14:18:00,24275.3,24277.8,24274.0,24276.55,609446
1787734140,2026-08-26T14:19:00,24275.85,24277.55,24275.4,24275.6,272184
1787734200,2026-08-26T14:20:00,24275.75,24279.4,24275.1,24278.8,447197
1787734260,2026-08-26T14:21:00,24278.75,24281.2,24276.7,24278.5,511520
1787734320,2026-08-26T14:22:00,24278.5,24280.75,24275.05,24278.4,866099
1787734380,2026-08-26T14:23:00,24278.4,24280.25,24276.8,24278.8,380751
1787734440,2026-08-26T14:24:00,24278.65,24279.35,24271.4,24273.1,483901
1787734500,2026-08-26T14:25:00,24272.7,24275.05,24270.6,24274.85,568171
1787734560,2026-08-26T14:26:00,24274.7,24276.5,24272.2,24274.1,492406
1787734620,2026-08-26T14:27:00,24273.9,24274.3,24268.75,24272.8,511970
1787734680,2026-08-26T14:28:00,24272.75,24273.05,24266.3,24266.8,660828
1787734740,2026-08-26T14:29:00,24267.35,24273.6,24266.05,24273.25,414773
1787734800,2026-08-26T14:30:00,24273.1,24276.5,24270.1,24273.3,723165
1787734860,2026-08-26T14:31:00,24274.4,24281.1,24271.85,24278.4,591333
1787734920,2026-08-26T14:32:00,24279.4,24280.8,24274.2,24275.95,498376
1787734980,2026-08-26T14:33:00,24275.65,24277.95,24273.55,24277.35,431200
1787735040,2026-08-26T14:34:00,24279.1,24280.25,24274.15,24278.5,1006847
1787735100,2026-08-26T14:35:00,24279.15,24280.4,24275.2,24278.55,1358247
1787735160,2026-08-26T14:36:00,24279.0,24279.65,24275.95,24278.65,873329
1787735220,2026-08-26T14:37:00,24278.5,24284.0,24277.65,24282.3,909967
1787735280,2026-08-26T14:38:00,24282.7,24282.75,24278.85,24279.75,638368
1787735340,2026-08-26T14:39:00,24279.85,24281.75,24276.85,24278.15,474934
1787735400,2026-08-26T14:40:00,24277.75,24279.95,24275.05,24278.7,597490
1787735460,2026-08-26T14:41:00,24279.3,24281.75,24277.75,24280.5,689138
1787735520,2026-08-26T14:42:00,24279.85,24281.7,24277.25,24279.55,660616
1787735580,2026-08-26T14:43:00,24279.7,24281.6,24279.1,24280.2,518831
1787735640,2026-08-26T14:44:00,24280.45,24280.45,24277.0,24278.7,1468411
1787735700,2026-08-26T14:45:00,24278.8,24284.05,24276.8,24282.8,619355
1787735760,2026-08-26T14:46:00,24283.6,24286.1,24281.35,24285.1,666597
1787735820,2026-08-26T14:47:00,24286.5,24290.1,24285.3,24289.1,932361
1787735880,2026-08-26T14:48:00,24289.4,24291.2,24285.2,24290.95,800700
1787735940,2026-08-26T14:49:00,24290.55,24291.9,24286.4,24290.8,1066663
1787736000,2026-08-26T14:50:00,24289.9,24293.65,24289.5,24291.35,1463034
1787736060,2026-08-26T14:51:00,24291.2,24291.9,24286.9,24291.65,1695465
1787736120,2026-08-26T14:52:00,24291.1,24294.65,24287.35,24287.9,1817662
1787736180,2026-08-26T14:53:00,24287.85,24294.3,24287.15,24293.55,1322653
1787736240,2026-08-26T14:54:00,24293.35,24296.65,24292.2,24294.0,1434807
1787736300,2026-08-26T14:55:00,24294.1,24297.05,24290.05,24290.05,1078548
1787736360,2026-08-26T14:56:00,24289.65,24292.15,24287.8,24289.8,893063
1787736420,2026-08-26T14:57:00,24289.75,24294.95,24288.5,24292.65,1233303
1787736480,2026-08-26T14:58:00,24292.3,24292.9,24287.4,24288.65,1353674
1787736540,2026-08-26T14:59:00,24289.3,24291.7,24285.55,24290.8,1222374
1787736600,2026-08-26T15:00:00,24288.95,24292.35,24278.65,24279.45,1398112
1787736660,2026-08-26T15:01:00,24282.1,24287.7,24279.35,24287.55,1090778
1787736720,2026-08-26T15:02:00,24286.9,24290.65,24285.7,24287.1,1303949
1787736780,2026-08-26T15:03:00,24287.3,24290.35,24284.35,24289.75,1421678
1787736840,2026-08-26T15:04:00,24289.3,24290.35,24287.05,24287.5,1319599
1787736900,2026-08-26T15:05:00,24287.25,24289.65,24278.3,24282.15,1878355
1787736960,2026-08-26T15:06:00,24281.4,24282.5,24273.3,24274.85,2097668
1787737020,2026-08-26T15:07:00,24275.4,24278.7,24274.05,24276.0,1536509
1787737080,2026-08-26T15:08:00,24275.75,24277.5,24274.1,24277.5,1622943
1787737140,2026-08-26T15:09:00,24276.95,24279.1,24271.0,24275.35,1718181
1787737200,2026-08-26T15:10:00,24275.45,24280.25,24275.3,24278.05,2307709
1787737260,2026-08-26T15:11:00,24278.3,24279.85,24275.45,24278.2,1783619
1787737320,2026-08-26T15:12:00,24279.4,24283.0,24270.65,24278.85,2963677
1787737380,2026-08-26T15:13:00,24279.3,24282.75,24276.65,24281.9,1659413
1787737440,2026-08-26T15:14:00,24280.95,24284.35,24273.5,24276.6,1317074
1787737500,2026-08-26T15:15:00,24276.9,24276.9,24276.9,24276.9,1317074
1787737560,2026-08-26T15:16:00,24276.9,24276.9,24276.9,24276.9,1317074
1787737620,2026-08-26T15:17:00,24276.9,24276.9,24276.9,24276.9,1317074
1787737680,2026-08-26T15:18:00,24276.9,24276.9,24276.9,24276.9,1317074
1787737740,2026-08-26T15:19:00,24276.9,24276.9,24276.9,24276.9,1317074
1787737800,2026-08-26T15:20:00,24276.9,24276.9,24276.9,24276.9,1317074
1787737860,2026-08-26T15:21:00,24276.9,24276.9,24276.9,24276.9,1317074
1787737920,2026-08-26T15:22:00,24276.9,24276.9,24276.9,24276.9,1317074
1787737980,2026-08-26T15:23:00,24276.9,24276.9,24276.9,24276.9,1317074
1787738040,2026-08-26T15:24:00,24276.9,24276.9,24276.9,24276.9,1317074
1787738100,2026-08-26T15:25:00,24276.9,24276.9,24276.9,24276.9,1317074
1787738160,2026-08-26T15:26:00,24276.9,24276.9,24276.9,24276.9,1317074
1787738220,2026-08-26T15:27:00,24276.9,24276.9,24276.9,24276.9,1317074
1787738280,2026-08-26T15:28:00,24276.9,24276.9,24207.75,24207.75,1317074
1787738340,2026-08-26T15:29:00,24207.75,24207.75,24207.75,24207.75,1317074
1787802300,2026-08-27T09:15:00,24277.6,24296.65,24263.8,24294.9,4995774
1787802360,2026-08-27T09:16:00,24296.65,24297.45,24274.1,24277.65,3448687
1787802420,2026-08-27T09:17:00,24277.15,24277.35,24238.35,24244.25,2604266
1787802480,2026-08-27T09:18:00,24242.95,24259.85,24241.55,24257.7,2825034
1787802540,2026-08-27T09:19:00,24256.85,24262.6,24247.55,24250.05,1930482
1787802600,2026-08-27T09:20:00,24249.3,24253.65,24241.35,24243.95,2273075
1787802660,2026-08-27T09:21:00,24244.7,24251.7,24239.65,24242.7,1761666
1787802720,2026-08-27T09:22:00,24243.85,24247.05,24230.7,24231.5,1321903
1787802780,2026-08-27T09:23:00,24233.0,24233.0,24223.65,24228.05,1414805
1787802840,2026-08-27T09:24:00,24228.35,24228.4,24222.1,24224.65,1358020
1787802900,2026-08-27T09:25:00,24225.15,24228.6,24217.75,24225.35,1414964
1787802960,2026-08-27T09:26:00,24227.35,24232.3,24222.05,24230.1,1570606
1787803020,2026-08-27T09:27:00,24230.7,24232.0,24214.8,24216.95,1288670
1787803080,2026-08-27T09:28:00,24217.7,24219.2,24202.85,24206.75,1454236
1787803140,2026-08-27T09:29:00,24206.95,24208.1,24198.35,24201.1,892358
1787803200,2026-08-27T09:30:00,24202.5,24210.05,24201.25,24203.3,1318666
1787803260,2026-08-27T09:31:00,24205.8,24209.0,24190.7,24191.75,1550240
1787803320,2026-08-27T09:32:00,24192.95,24199.15,24188.6,24197.65,1118606
1787803380,2026-08-27T09:33:00,24198.7,24203.55,24196.95,24203.55,1150328
1787803440,2026-08-27T09:34:00,24203.65,24211.7,24202.95,24210.85,1306035
1787803500,2026-08-27T09:35:00,24210.55,24216.9,24208.7,24209.15,1456576
1787803560,2026-08-27T09:36:00,24209.65,24210.25,24198.9,24200.15,847459
1787803620,2026-08-27T09:37:00,24201.5,24201.5,24192.45,24199.8,987413
1787803680,2026-08-27T09:38:00,24200.25,24201.55,24196.2,24197.25,850076
1787803740,2026-08-27T09:39:00,24198.4,24202.7,24193.0,24198.65,831355
1787803800,2026-08-27T09:40:00,24200.65,24202.05,24195.95,24200.9,1457963
1787803860,2026-08-27T09:41:00,24201.45,24206.15,24198.95,24200.8,1342328
1787803920,2026-08-27T09:42:00,24202.6,24204.7,24197.75,24204.15,1092298
1787803980,2026-08-27T09:43:00,24204.75,24209.6,24203.95,24208.6,1325973
1787804040,2026-08-27T09:44:00,24209.9,24214.85,24207.7,24214.4,765484
1787804100,2026-08-27T09:45:00,24214.35,24218.7,24211.85,24216.2,699354
1787804160,2026-08-27T09:46:00,24216.3,24221.6,24212.95,24216.7,750561
1787804220,2026-08-27T09:47:00,24219.45,24224.8,24216.2,24217.35,747147
1787804280,2026-08-27T09:48:00,24218.75,24224.1,24215.8,24223.05,1205666
1787804340,2026-08-27T09:49:00,24224.1,24228.2,24221.75,24225.1,786184
1787804400,2026-08-27T09:50:00,24225.85,24226.0,24211.65,24211.85,1044312
1787804460,2026-08-27T09:51:00,24213.65,24213.65,24206.5,24209.05,735793
1787804520,2026-08-27T09:52:00,24210.7,24215.9,24210.5,24214.75,660871
1787804580,2026-08-27T09:53:00,24216.1,24220.1,24210.9,24218.45,691073
1787804640,2026-08-27T09:54:00,24217.95,24219.55,24209.6,24210.1,734930
1787804700,2026-08-27T09:55:00,24210.6,24211.3,24200.85,24205.85,762942
1787804760,2026-08-27T09:56:00,24206.0,24208.25,24203.35,24203.5,625015
1787804820,2026-08-27T09:57:00,24205.5,24207.0,24201.45,24203.45,755675
1787804880,2026-08-27T09:58:00,24204.6,24204.6,24190.15,24191.65,958872
1787804940,2026-08-27T09:59:00,24193.95,24198.2,24189.3,24196.75,842974
1787805000,2026-08-27T10:00:00,24196.1,24197.6,24184.65,24188.5,673991
1787805060,2026-08-27T10:01:00,24190.55,24191.75,24181.25,24185.05,1361386
1787805120,2026-08-27T10:02:00,24185.5,24193.6,24183.2,24191.95,436079
1787805180,2026-08-27T10:03:00,24191.55,24191.55,24183.1,24188.3,732177
1787805240,2026-08-27T10:04:00,24190.5,24195.8,24188.5,24191.25,509896
1787805300,2026-08-27T10:05:00,24192.05,24192.05,24184.1,24185.25,1034306
1787805360,2026-08-27T10:06:00,24187.85,24188.4,24183.35,24184.55,710878
1787805420,2026-08-27T10:07:00,24187.9,24194.55,24186.65,24191.95,818801
1787805480,2026-08-27T10:08:00,24192.8,24195.4,24187.95,24189.95,728639
1787805540,2026-08-27T10:09:00,24190.7,24196.45,24187.15,24195.8,705799
1787805600,2026-08-27T10:10:00,24195.9,24197.1,24189.25,24193.45,891620
1787805660,2026-08-27T10:11:00,24193.05,24194.75,24187.1,24191.8,646431
1787805720,2026-08-27T10:12:00,24192.95,24195.8,24190.0,24191.4,486991
1787805780,2026-08-27T10:13:00,24192.3,24192.45,24187.2,24187.3,329150
1787805840,2026-08-27T10:14:00,24188.65,24189.35,24179.55,24183.55,616250
1787805900,2026-08-27T10:15:00,24184.45,24192.3,24182.0,24191.0,496501
1787805960,2026-08-27T10:16:00,24191.45,24192.0,24187.05,24189.5,411879
1787806020,2026-08-27T10:17:00,24191.1,24191.75,24184.95,24186.5,432038
1787806080,2026-08-27T10:18:00,24187.55,24190.35,24183.95,24189.15,515082
1787806140,2026-08-27T10:19:00,24190.05,24191.8,24184.9,24188.3,615280
1787806200,2026-08-27T10:20:00,24188.0,24191.4,24186.25,24189.0,476293
1787806260,2026-08-27T10:21:00,24189.0,24191.4,24183.3,24184.65,556035
1787806320,2026-08-27T10:22:00,24186.75,24189.2,24183.9,24185.25,561134
1787806380,2026-08-27T10:23:00,24186.75,24189.45,24185.5,24186.65,578349
1787806440,2026-08-27T10:24:00,24187.15,24187.15,24181.4,24184.65,703574
1787806500,2026-08-27T10:25:00,24184.85,24184.85,24180.05,24183.3,675067
1787806560,2026-08-27T10:26:00,24184.5,24185.8,24178.65,24181.15,710135
1787806620,2026-08-27T10:27:00,24181.15,24187.7,24180.15,24186.35,698562
1787806680,2026-08-27T10:28:00,24188.05,24190.45,24183.0,24183.75,606193
1787806740,2026-08-27T10:29:00,24184.55,24186.4,24180.4,24182.5,543414
1787806800,2026-08-27T10:30:00,24183.05,24185.75,24178.25,24179.8,613421
1787806860,2026-08-27T10:31:00,24180.4,24184.35,24178.75,24183.75,798307
1787806920,2026-08-27T10:32:00,24183.7,24189.35,24181.55,24186.15,658213
1787806980,2026-08-27T10:33:00,24188.55,24191.9,24186.15,24190.7,455494
1787807040,2026-08-27T10:34:00,24190.95,24191.15,24185.8,24188.55,344428
1787807100,2026-08-27T10:35:00,24189.4,24190.85,24184.95,24185.85,530071
1787807160,2026-08-27T10:36:00,24186.8,24188.0,24183.75,24186.45,446022
1787807220,2026-08-27T10:37:00,24188.0,24188.8,24183.2,24183.2,775168
1787807280,2026-08-27T10:38:00,24185.55,24188.6,24183.25,24185.75,447029
1787807340,2026-08-27T10:39:00,24187.3,24187.4,24182.75,24184.25,465668
1787807400,2026-08-27T10:40:00,24185.7,24187.2,24181.3,24183.05,465039
1787807460,2026-08-27T10:41:00,24183.95,24185.0,24178.7,24180.7,571297
1787807520,2026-08-27T10:42:00,24181.9,24181.9,24177.65,24180.95,574548
1787807580,2026-08-27T10:43:00,24181.0,24181.7,24173.45,24176.2,856666
1787807640,2026-08-27T10:44:00,24177.9,24178.4,24168.8,24169.1,436587
1787807700,2026-08-27T10:45:00,24172.1,24173.7,24168.55,24169.1,430727
1787807760,2026-08-27T10:46:00,24170.7,24178.1,24167.3,24175.45,415551
1787807820,2026-08-27T10:47:00,24177.6,24179.75,24174.2,24175.4,496001
1787807880,2026-08-27T10:48:00,24176.0,24176.0,24169.85,24174.45,363445
1787807940,2026-08-27T10:49:00,24174.95,24176.0,24170.5,24171.6,463769
1787808000,2026-08-27T10:50:00,24173.1,24174.3,24165.95,24166.95,748804
1787808060,2026-08-27T10:51:00,24167.25,24168.35,24159.15,24161.0,1336168
1787808120,2026-08-27T10:52:00,24162.35,24162.75,24158.1,24160.45,734646
1787808180,2026-08-27T10:53:00,24160.85,24162.3,24158.7,24160.35,503548
1787808240,2026-08-27T10:54:00,24160.95,24163.8,24157.5,24162.2,803451
1787808300,2026-08-27T10:55:00,24163.45,24164.6,24158.2,24159.35,727397
1787808360,2026-08-27T10:56:00,24160.65,24161.3,24155.9,24160.6,670718
1787808420,2026-08-27T10:57:00,24161.3,24161.3,24156.8,24158.45,636116
1787808480,2026-08-27T10:58:00,24159.65,24159.85,24154.1,24156.85,566286
1787808540,2026-08-27T10:59:00,24157.7,24160.8,24155.65,24159.65,389435
1787808600,2026-08-27T11:00:00,24161.15,24161.15,24155.6,24158.25,584044
1787808660,2026-08-27T11:01:00,24159.05,24159.15,24148.45,24150.7,709225
1787808720,2026-08-27T11:02:00,24151.1,24161.75,24150.9,24161.75,712595
1787808780,2026-08-27T11:03:00,24161.8,24164.75,24160.45,24161.6,760567
1787808840,2026-08-27T11:04:00,24161.95,24164.6,24159.4,24163.55,390445
1787808900,2026-08-27T11:05:00,24164.7,24167.3,24163.0,24164.95,626613
1787808960,2026-08-27T11:06:00,24166.25,24168.5,24162.75,24163.85,930564
1787809020,2026-08-27T11:07:00,24165.05,24167.1,24163.25,24164.95,730810
1787809080,2026-08-27T11:08:00,24166.15,24167.1,24160.75,24164.25,1281360
1787809140,2026-08-27T11:09:00,24165.45,24168.75,24163.7,24166.45,492354
1787809200,2026-08-27T11:10:00,24167.1,24167.45,24163.4,24164.8,686928
1787809260,2026-08-27T11:11:00,24165.35,24165.35,24160.55,24161.9,580037
1787809320,2026-08-27T11:12:00,24162.75,24162.75,24159.65,24159.85,636243
1787809380,2026-08-27T11:13:00,24161.3,24162.7,24156.45,24158.75,713710
1787809440,2026-08-27T11:14:00,24160.6,24161.85,24155.75,24155.85,612265
1787809500,2026-08-27T11:15:00,24156.85,24156.95,24152.95,24156.05,862859
1787809560,2026-08-27T11:16:00,24157.1,24158.75,24152.9,24153.95,558885
1787809620,2026-08-27T11:17:00,24154.4,24157.45,24152.7,24153.35,488752
1787809680,2026-08-27T11:18:00,24154.5,24155.0,24147.8,24151.15,585733
1787809740,2026-08-27T11:19:00,24151.1,24152.6,24146.0,24146.35,511441
1787809800,2026-08-27T11:20:00,24147.35,24148.9,24141.35,24144.65,913006
1787809860,2026-08-27T11:21:00,24145.5,24147.8,24144.5,24145.25,627138
1787809920,2026-08-27T11:22:00,24146.7,24147.55,24140.2,24142.95,620484
1787809980,2026-08-27T11:23:00,24143.15,24143.15,24137.9,24139.45,454742
1787810040,2026-08-27T11:24:00,24140.2,24141.6,24138.7,24140.2,439327
1787810100,2026-08-27T11:25:00,24139.95,24144.25,24139.3,24142.75,729823
1787810160,2026-08-27T11:26:00,24142.85,24146.2,24140.7,24142.75,1119190
1787810220,2026-08-27T11:27:00,24141.6,24144.3,24140.15,24141.2,829324
1787810280,2026-08-27T11:28:00,24141.75,24144.6,24137.15,24140.65,1105650
1787810340,2026-08-27T11:29:00,24139.5,24146.4,24139.5,24144.05,711580
1787810400,2026-08-27T11:30:00,24144.55,24146.3,24141.6,24142.75,717979
1787810460,2026-08-27T11:31:00,24142.95,24153.5,24141.9,24151.85,607343
1787810520,2026-08-27T11:32:00,24151.95,24155.65,24146.65,24150.75,746159
1787810580,2026-08-27T11:33:00,24151.2,24155.8,24150.35,24152.65,435016
1787810640,2026-08-27T11:34:00,24152.5,24158.0,24150.95,24156.4,442409
1787810700,2026-08-27T11:35:00,24156.25,24159.95,24154.05,24157.4,672345
1787810760,2026-08-27T11:36:00,24156.75,24160.05,24155.3,24155.8,492386
1787810820,2026-08-27T11:37:00,24156.05,24160.1,24155.3,24155.85,443387
1787810880,2026-08-27T11:38:00,24156.05,24160.15,24153.15,24154.8,945990
1787810940,2026-08-27T11:39:00,24155.2,24158.2,24153.85,24155.35,737902
1787811000,2026-08-27T11:40:00,24155.0,24161.35,24154.4,24158.0,974838
1787811060,2026-08-27T11:41:00,24158.25,24162.2,24153.9,24155.45,1521300
1787811120,2026-08-27T11:42:00,24155.7,24157.3,24149.4,24150.05,962152
1787811180,2026-08-27T11:43:00,24152.25,24154.65,24149.25,24152.6,645562
1787811240,2026-08-27T11:44:00,24151.95,24154.1,24150.2,24151.55,623806
1787811300,2026-08-27T11:45:00,24151.5,24153.3,24148.15,24151.0,704690
1787811360,2026-08-27T11:46:00,24151.9,24153.2,24147.9,24150.3,628259
1787811420,2026-08-27T11:47:00,24150.6,24155.65,24150.1,24152.15,488614
1787811480,2026-08-27T11:48:00,24152.05,24154.5,24150.6,24152.4,435556
1787811540,2026-08-27T11:49:00,24151.65,24153.75,24145.35,24148.45,472622
1787811600,2026-08-27T11:50:00,24148.85,24150.5,24144.95,24145.1,680674
1787811660,2026-08-27T11:51:00,24144.95,24151.1,24143.25,24149.2,474091
1787811720,2026-08-27T11:52:00,24151.1,24156.2,24148.2,24153.85,1000031
1787811780,2026-08-27T11:53:00,24154.1,24157.3,24152.7,24155.3,581915
1787811840,2026-08-27T11:54:00,24155.0,24156.5,24152.85,24152.85,631283
1787811900,2026-08-27T11:55:00,24154.0,24158.6,24152.3,24157.8,779689
1787811960,2026-08-27T11:56:00,24157.5,24159.15,24153.55,24155.7,540960
1787812020,2026-08-27T11:57:00,24156.6,24160.25,24154.4,24156.8,807370
1787812080,2026-08-27T11:58:00,24157.05,24162.15,24155.4,24160.6,475315
1787812140,2026-08-27T11:59:00,24160.0,24163.4,24158.5,24158.8,531553
1787812200,2026-08-27T12:00:00,24158.85,24160.5,24152.15,24153.4,1128333
1787812260,2026-08-27T12:01:00,24153.15,24156.75,24150.05,24151.15,711529
1787812320,2026-08-27T12:02:00,24151.25,24154.95,24146.2,24150.55,1042001
1787812380,2026-08-27T12:03:00,24150.6,24155.65,24146.8,24149.85,871671
1787812440,2026-08-27T12:04:00,24149.05,24154.95,24146.95,24153.7,1315252
1787812500,2026-08-27T12:05:00,24152.75,24154.1,24146.75,24147.3,937694
1787812560,2026-08-27T12:06:00,24146.5,24149.0,24144.15,24147.2,753259
1787812620,2026-08-27T12:07:00,24147.55,24148.8,24137.65,24139.65,912289
1787812680,2026-08-27T12:08:00,24137.9,24141.5,24133.75,24139.2,1117527
1787812740,2026-08-27T12:09:00,24138.4,24146.45,24137.1,24142.1,1028058
1787812800,2026-08-27T12:10:00,24141.3,24148.95,24140.95,24146.4,649159
1787812860,2026-08-27T12:11:00,24146.0,24147.2,24138.5,24140.2,457172
1787812920,2026-08-27T12:12:00,24140.2,24145.2,24139.0,24142.9,664684
1787812980,2026-08-27T12:13:00,24142.3,24150.85,24142.1,24150.85,476615
1787813040,2026-08-27T12:14:00,24150.5,24156.2,24150.5,24154.85,869966
1787813100,2026-08-27T12:15:00,24154.85,24157.95,24151.7,24152.95,1313849
1787813160,2026-08-27T12:16:00,24153.4,24156.6,24151.2,24155.05,1134344
1787813220,2026-08-27T12:17:00,24154.55,24161.8,24153.2,24157.7,726491
1787813280,2026-08-27T12:18:00,24157.7,24159.05,24151.3,24151.9,641496
1787813340,2026-08-27T12:19:00,24151.55,24152.75,24145.3,24146.5,705350
1787813400,2026-08-27T12:20:00,24146.1,24147.85,24141.65,24142.4,625681
1787813460,2026-08-27T12:21:00,24142.15,24148.8,24140.55,24145.6,731605
1787813520,2026-08-27T12:22:00,24145.95,24147.9,24143.25,24145.35,594182
1787813580,2026-08-27T12:23:00,24144.5,24146.85,24141.75,24142.25,394257
1787813640,2026-08-27T12:24:00,24143.25,24145.05,24141.35,24143.05,442324
1787813700,2026-08-27T12:25:00,24143.1,24152.5,24141.7,24149.6,472172
1787813760,2026-08-27T12:26:00,24149.3,24156.35,24149.3,24154.75,842343
1787813820,2026-08-27T12:27:00,24154.55,24162.25,24153.6,24158.35,689566
1787813880,2026-08-27T12:28:00,24158.6,24161.2,24156.4,24157.65,630380
1787813940,2026-08-27T12:29:00,24158.05,24160.45,24156.8,24158.35,1471612
1787814000,2026-08-27T12:30:00,24158.0,24158.8,24152.35,24154.15,458624
1787814060,2026-08-27T12:31:00,24154.2,24160.15,24153.75,24155.15,584239
1787814120,2026-08-27T12:32:00,24155.4,24156.95,24151.2,24153.25,712585
1787814180,2026-08-27T12:33:00,24153.9,24156.35,24150.4,24153.25,736793
1787814240,2026-08-27T12:34:00,24153.25,24161.75,24150.2,24159.7,1015382
1787814300,2026-08-27T12:35:00,24159.0,24162.15,24154.15,24155.75,722994
1787814360,2026-08-27T12:36:00,24155.2,24163.05,24153.35,24161.9,932522
1787814420,2026-08-27T12:37:00,24162.1,24169.95,24161.6,24167.8,738771
1787814480,2026-08-27T12:38:00,24167.65,24174.75,24165.8,24173.0,1111306
1787814540,2026-08-27T12:39:00,24172.25,24176.75,24171.4,24174.25,1021243
1787814600,2026-08-27T12:40:00,24173.95,24177.1,24172.75,24172.75,662575
1787814660,2026-08-27T12:41:00,24172.45,24177.4,24172.05,24175.55,1888490
1787814720,2026-08-27T12:42:00,24175.4,24176.8,24170.2,24170.2,652433
1787814780,2026-08-27T12:43:00,24170.7,24171.8,24166.9,24166.95,548470
1787814840,2026-08-27T12:44:00,24167.65,24176.15,24167.65,24173.0,698120
1787814900,2026-08-27T12:45:00,24172.85,24175.65,24171.0,24171.1,608951
1787814960,2026-08-27T12:46:00,24171.5,24178.0,24170.75,24171.6,769897
1787815020,2026-08-27T12:47:00,24171.0,24173.4,24168.6,24169.6,533302
1787815080,2026-08-27T12:48:00,24169.1,24170.6,24166.0,24170.0,858827
1787815140,2026-08-27T12:49:00,24169.45,24178.4,24168.2,24176.5,716787
1787815200,2026-08-27T12:50:00,24177.1,24181.9,24167.4,24172.05,1207361
1787815260,2026-08-27T12:51:00,24171.6,24178.5,24168.7,24175.35,935587
1787815320,2026-08-27T12:52:00,24175.8,24182.95,24174.7,24177.8,727216
1787815380,2026-08-27T12:53:00,24180.35,24190.05,24177.8,24186.35,1058302
1787815440,2026-08-27T12:54:00,24186.25,24192.35,24186.25,24186.55,1308463
1787815500,2026-08-27T12:55:00,24186.4,24188.65,24182.7,24182.7,505580
1787815560,2026-08-27T12:56:00,24183.2,24186.6,24181.0,24184.45,597138
1787815620,2026-08-27T12:57:00,24183.8,24186.65,24181.25,24182.35,630002
1787815680,2026-08-27T12:58:00,24182.9,24185.55,24181.7,24184.05,1146944
1787815740,2026-08-27T12:59:00,24183.65,24184.65,24179.85,24180.05,921859
1787815800,2026-08-27T13:00:00,24180.5,24186.8,24179.25,24183.2,604118
1787815860,2026-08-27T13:01:00,24182.9,24184.35,24180.9,24182.6,358747
1787815920,2026-08-27T13:02:00,24181.8,24186.0,24179.2,24185.05,649743
1787815980,2026-08-27T13:03:00,24184.7,24189.2,24184.05,24186.4,674808
1787816040,2026-08-27T13:04:00,24186.3,24188.4,24181.2,24181.9,952332
1787816100,2026-08-27T13:05:00,24181.85,24184.65,24177.45,24179.1,893016
1787816160,2026-08-27T13:06:00,24179.4,24183.65,24176.15,24176.95,652400
1787816220,2026-08-27T13:07:00,24175.4,24181.3,24175.25,24179.95,769356
1787816280,2026-08-27T13:08:00,24180.65,24182.4,24176.9,24180.65,449998
1787816340,2026-08-27T13:09:00,24179.25,24186.1,24179.15,24182.75,659369
1787816400,2026-08-27T13:10:00,24182.15,24184.95,24180.65,24182.55,681962
1787816460,2026-08-27T13:11:00,24182.95,24187.05,24179.5,24183.9,876457
1787816520,2026-08-27T13:12:00,24183.65,24195.45,24183.4,24194.7,1765926
1787816580,2026-08-27T13:13:00,24194.65,24195.55,24187.95,24192.25,616125
1787816640,2026-08-27T13:14:00,24191.7,24194.7,24188.7,24194.1,572068
1787816700,2026-08-27T13:15:00,24193.1,24199.9,24191.7,24195.35,463960
1787816760,2026-08-27T13:16:00,24194.8,24195.65,24188.9,24189.4,452468
1787816820,2026-08-27T13:17:00,24189.2,24191.05,24183.25,24185.65,472109
1787816880,2026-08-27T13:18:00,24185.8,24192.2,24182.85,24190.1,660678
1787816940,2026-08-27T13:19:00,24190.8,24193.4,24180.2,24186.3,507322
1787817000,2026-08-27T13:20:00,24185.65,24192.55,24183.0,24189.85,831279
1787817060,2026-08-27T13:21:00,24188.65,24191.75,24183.2,24184.9,471584
1787817120,2026-08-27T13:22:00,24183.75,24186.75,24181.2,24183.9,975249
1787817180,2026-08-27T13:23:00,24183.3,24191.05,24179.4,24189.75,621942
1787817240,2026-08-27T13:24:00,24189.35,24193.15,24188.45,24193.0,863804
1787817300,2026-08-27T13:25:00,24192.2,24193.5,24181.15,24183.65,965928
1787817360,2026-08-27T13:26:00,24183.75,24188.85,24180.75,24186.4,1048686
1787817420,2026-08-27T13:27:00,24185.8,24188.0,24179.75,24182.3,706873
1787817480,2026-08-27T13:28:00,24181.95,24184.1,24174.75,24177.4,821645
1787817540,2026-08-27T13:29:00,24176.55,24184.9,24174.45,24182.3,1169052
1787817600,2026-08-27T13:30:00,24181.05,24187.85,24174.4,24175.85,879983
1787817660,2026-08-27T13:31:00,24176.15,24176.95,24169.3,24170.55,599358
1787817720,2026-08-27T13:32:00,24170.55,24172.35,24168.35,24169.25,514828
1787817780,2026-08-27T13:33:00,24169.35,24177.8,24167.8,24176.45,477710
1787817840,2026-08-27T13:34:00,24177.0,24177.9,24172.15,24176.95,339801
1787817900,2026-08-27T13:35:00,24175.9,24178.9,24174.95,24177.6,672945
1787817960,2026-08-27T13:36:00,24177.6,24178.2,24172.9,24174.3,504995
1787818020,2026-08-27T13:37:00,24173.85,24175.5,24171.55,24173.55,410588
1787818080,2026-08-27T13:38:00,24174.6,24179.3,24173.05,24178.5,605246
1787818140,2026-08-27T13:39:00,24178.0,24181.7,24177.85,24179.1,515083
1787818200,2026-08-27T13:40:00,24178.85,24179.75,24174.65,24175.8,429919
1787818260,2026-08-27T13:41:00,24175.35,24176.65,24170.3,24173.45,472104
1787818320,2026-08-27T13:42:00,24172.8,24174.4,24168.5,24169.25,408603
1787818380,2026-08-27T13:43:00,24168.95,24170.9,24164.0,24165.05,698626
1787818440,2026-08-27T13:44:00,24167.05,24172.65,24163.15,24163.3,606600
1787818500,2026-08-27T13:45:00,24163.65,24165.15,24158.8,24158.85,1093025
1787818560,2026-08-27T13:46:00,24159.75,24162.55,24155.2,24159.55,565145
1787818620,2026-08-27T13:47:00,24159.05,24161.1,24153.95,24155.4,523652
1787818680,2026-08-27T13:48:00,24154.3,24155.05,24136.2,24142.05,1501901
1787818740,2026-08-27T13:49:00,24139.8,24146.85,24139.25,24142.95,644449
1787818800,2026-08-27T13:50:00,24141.8,24145.15,24140.6,24142.85,534830
1787818860,2026-08-27T13:51:00,24142.85,24144.6,24139.05,24139.55,531304
1787818920,2026-08-27T13:52:00,24140.9,24143.15,24139.25,24141.5,875505
1787818980,2026-08-27T13:53:00,24141.6,24143.25,24137.6,24139.25,483924
1787819040,2026-08-27T13:54:00,24139.75,24140.3,24136.3,24138.3,484304
1787819100,2026-08-27T13:55:00,24139.65,24139.9,24135.35,24136.2,420466
1787819160,2026-08-27T13:56:00,24136.5,24138.2,24134.65,24136.15,524669
1787819220,2026-08-27T13:57:00,24136.05,24137.7,24132.55,24134.65,539530
1787819280,2026-08-27T13:58:00,24135.0,24136.5,24129.0,24132.2,705421
1787819340,2026-08-27T13:59:00,24131.8,24134.05,24130.25,24131.25,424171
1787819400,2026-08-27T14:00:00,24130.8,24133.8,24127.8,24133.75,865786
1787819460,2026-08-27T14:01:00,24133.65,24135.3,24128.35,24131.7,674918
1787819520,2026-08-27T14:02:00,24132.0,24132.85,24129.6,24131.8,540940
1787819580,2026-08-27T14:03:00,24131.85,24133.5,24127.3,24128.2,715015
1787819640,2026-08-27T14:04:00,24128.65,24131.25,24128.35,24129.1,777227
1787819700,2026-08-27T14:05:00,24129.2,24134.2,24125.7,24133.4,980111
1787819760,2026-08-27T14:06:00,24133.45,24134.5,24128.2,24131.45,619611
1787819820,2026-08-27T14:07:00,24131.75,24132.55,24125.65,24125.9,598130
1787819880,2026-08-27T14:08:00,24125.65,24126.65,24121.15,24123.8,679017
1787819940,2026-08-27T14:09:00,24123.05,24124.85,24120.6,24123.95,682720
1787820000,2026-08-27T14:10:00,24125.75,24130.9,24122.5,24130.0,1253731
1787820060,2026-08-27T14:11:00,24130.3,24137.55,24127.7,24136.35,938906
1787820120,2026-08-27T14:12:00,24136.8,24141.1,24135.55,24139.7,891341
1787820180,2026-08-27T14:13:00,24139.95,24143.05,24137.5,24141.1,901433
1787820240,2026-08-27T14:14:00,24141.15,24141.15,24129.2,24131.75,1160113
1787820300,2026-08-27T14:15:00,24131.9,24136.75,24129.15,24132.3,1192243
1787820360,2026-08-27T14:16:00,24133.25,24137.1,24131.2,24136.75,669688
1787820420,2026-08-27T14:17:00,24136.2,24141.95,24135.75,24139.6,775218
1787820480,2026-08-27T14:18:00,24138.4,24140.55,24134.3,24137.6,552420
1787820540,2026-08-27T14:19:00,24137.45,24144.0,24135.2,24142.7,759874
1787820600,2026-08-27T14:20:00,24142.8,24144.0,24139.35,24140.3,733744
1787820660,2026-08-27T14:21:00,24140.6,24143.75,24138.35,24143.55,634079
1787820720,2026-08-27T14:22:00,24143.45,24145.3,24140.8,24142.1,601400
1787820780,2026-08-27T14:23:00,24142.95,24147.4,24142.1,24145.65,727273
1787820840,2026-08-27T14:24:00,24146.2,24149.35,24145.05,24148.75,572000
1787820900,2026-08-27T14:25:00,24149.0,24149.55,24144.05,24146.15,572551
1787820960,2026-08-27T14:26:00,24146.4,24152.2,24145.2,24150.3,545869
1787821020,2026-08-27T14:27:00,24151.2,24152.15,24148.8,24151.3,655891
1787821080,2026-08-27T14:28:00,24150.95,24156.3,24150.45,24156.3,590650
1787821140,2026-08-27T14:29:00,24155.85,24158.0,24152.3,24158.0,597184
1787821200,2026-08-27T14:30:00,24158.15,24167.2,24158.15,24161.5,1000908
1787821260,2026-08-27T14:31:00,24161.35,24162.25,24152.05,24152.05,1482039
1787821320,2026-08-27T14:32:00,24152.3,24152.3,24138.1,24138.35,1379252
1787821380,2026-08-27T14:33:00,24138.8,24149.45,24138.45,24147.3,1330158
1787821440,2026-08-27T14:34:00,24146.95,24157.3,24146.8,24152.95,1051664
1787821500,2026-08-27T14:35:00,24152.3,24152.7,24139.7,24142.2,1036272
1787821560,2026-08-27T14:36:00,24141.85,24144.35,24138.85,24141.8,1248957
1787821620,2026-08-27T14:37:00,24141.0,24150.15,24139.0,24147.05,997260
1787821680,2026-08-27T14:38:00,24147.35,24152.15,24144.65,24148.3,581206
1787821740,2026-08-27T14:39:00,24148.1,24153.8,24147.4,24153.4,643503
1787821800,2026-08-27T14:40:00,24153.3,24154.85,24145.55,24148.45,640106
1787821860,2026-08-27T14:41:00,24148.85,24150.7,24143.5,24144.75,739439
1787821920,2026-08-27T14:42:00,24144.65,24148.85,24143.0,24143.3,959692
1787821980,2026-08-27T14:43:00,24143.3,24146.8,24139.35,24139.45,736771
1787822040,2026-08-27T14:44:00,24140.35,24144.2,24140.35,24143.3,819066
1787822100,2026-08-27T14:45:00,24143.15,24146.1,24140.9,24143.85,951073
1787822160,2026-08-27T14:46:00,24145.25,24147.05,24141.7,24143.95,937549
1787822220,2026-08-27T14:47:00,24144.05,24150.9,24142.65,24149.05,772299
1787822280,2026-08-27T14:48:00,24149.7,24151.1,24146.9,24150.75,794348
1787822340,2026-08-27T14:49:00,24150.35,24154.4,24148.5,24152.2,1416156
1787822400,2026-08-27T14:50:00,24152.65,24157.1,24151.7,24157.1,1692883
1787822460,2026-08-27T14:51:00,24156.65,24157.55,24147.65,24148.5,1824060
1787822520,2026-08-27T14:52:00,24149.3,24154.65,24144.65,24153.45,1453210
1787822580,2026-08-27T14:53:00,24154.15,24155.6,24150.6,24152.85,917253
1787822640,2026-08-27T14:54:00,24153.55,24154.45,24149.55,24149.55,1434500
1787822700,2026-08-27T14:55:00,24149.9,24154.4,24147.85,24151.2,1196066
1787822760,2026-08-27T14:56:00,24152.4,24155.9,24150.2,24153.55,1430846
1787822820,2026-08-27T14:57:00,24154.35,24155.4,24150.25,24151.85,1427293
1787822880,2026-08-27T14:58:00,24152.15,24155.4,24149.4,24150.6,1110469
1787822940,2026-08-27T14:59:00,24149.8,24156.3,24149.35,24156.3,905664
1787823000,2026-08-27T15:00:00,24155.95,24160.2,24153.6,24157.6,1662222
1787823060,2026-08-27T15:01:00,24158.5,24162.25,24156.1,24160.45,2025853
1787823120,2026-08-27T15:02:00,24160.55,24161.8,24156.45,24157.15,1498719
1787823180,2026-08-27T15:03:00,24158.65,24158.65,24150.9,24153.5,1360277
1787823240,2026-08-27T15:04:00,24153.9,24154.05,24147.55,24148.1,2111457
1787823300,2026-08-27T15:05:00,24150.25,24150.25,24142.85,24146.9,2353862
1787823360,2026-08-27T15:06:00,24148.5,24148.5,24139.65,24141.9,2135434
1787823420,2026-08-27T15:07:00,24142.0,24149.7,24139.3,24147.5,1909591
1787823480,2026-08-27T15:08:00,24148.75,24148.75,24141.7,24143.1,2004356
1787823540,2026-08-27T15:09:00,24143.8,24145.4,24137.0,24143.25,2152452
1787823600,2026-08-27T15:10:00,24143.9,24145.5,24140.9,24144.1,1898575
1787823660,2026-08-27T15:11:00,24144.6,24146.95,24137.45,24144.75,1766882
1787823720,2026-08-27T15:12:00,24146.65,24146.8,24132.5,24139.15,3736307
1787823780,2026-08-27T15:13:00,24139.9,24143.95,24136.5,24138.25,1378534
1787823840,2026-08-27T15:14:00,24137.0,24142.15,24128.6,24133.6,1449744
1787823900,2026-08-27T15:15:00,24133.05,24133.05,24133.05,24133.05,1449744
1787823960,2026-08-27T15:16:00,24133.05,24133.05,24133.05,24133.05,1449744
1787824020,2026-08-27T15:17:00,24133.05,24133.05,24133.05,24133.05,1449744
1787824080,2026-08-27T15:18:00,24133.05,24133.05,24133.05,24133.05,1449744
1787824140,2026-08-27T15:19:00,24133.05,24133.05,24133.05,24133.05,1449744
1787824200,2026-08-27T15:20:00,24133.05,24133.05,24133.05,24133.05,1449744
1787824260,2026-08-27T15:21:00,24133.05,24133.05,24133.05,24133.05,1449744
1787824320,2026-08-27T15:22:00,24133.05,24133.05,24133.05,24133.05,1449744
1787824380,2026-08-27T15:23:00,24133.05,24133.05,24133.05,24133.05,1449744
1787824440,2026-08-27T15:24:00,24133.05,24133.05,24133.05,24133.05,1449744
1787824500,2026-08-27T15:25:00,24133.05,24133.05,24133.05,24133.05,1449744
1787824560,2026-08-27T15:26:00,24133.05,24133.05,24133.05,24133.05,1449744
1787824620,2026-08-27T15:27:00,24133.05,24133.05,24133.05,24133.05,1449744
1787824680,2026-08-27T15:28:00,24133.05,24133.05,24090.85,24090.85,1449744
1787824740,2026-08-27T15:29:00,24090.85,24090.85,24090.85,24090.85,1449744
1787888700,2026-08-28T09:15:00,24122.6,24146.1,24110.9,24121.25,3793267
1787888760,2026-08-28T09:16:00,24122.8,24131.8,24111.55,24123.3,2495334
1787888820,2026-08-28T09:17:00,24125.7,24138.6,24119.8,24125.25,1981519
1787888880,2026-08-28T09:18:00,24124.9,24126.45,24115.5,24117.4,1526751
1787888940,2026-08-28T09:19:00,24118.95,24120.55,24110.05,24112.2,1420384
1787889000,2026-08-28T09:20:00,24113.0,24118.45,24106.55,24112.05,1322070
1787889060,2026-08-28T09:21:00,24113.7,24125.95,24112.1,24124.55,1408165
1787889120,2026-08-28T09:22:00,24125.75,24127.8,24111.65,24112.3,1605375
1787889180,2026-08-28T09:23:00,24113.6,24120.7,24112.7,24115.1,1216796
1787889240,2026-08-28T09:24:00,24116.85,24131.4,24112.6,24129.55,1291619
1787889300,2026-08-28T09:25:00,24131.5,24145.6,24131.0,24144.8,1337438
1787889360,2026-08-28T09:26:00,24146.5,24151.2,24141.7,24149.6,1185679
1787889420,2026-08-28T09:27:00,24150.55,24158.25,24148.65,24154.9,998817
1787889480,2026-08-28T09:28:00,24156.95,24156.95,24144.2,24146.4,960299
1787889540,2026-08-28T09:29:00,24147.65,24151.2,24143.65,24149.55,902357
1787889600,2026-08-28T09:30:00,24148.35,24154.35,24140.85,24142.95,1003196
1787889660,2026-08-28T09:31:00,24144.65,24152.55,24137.8,24141.35,946309
1787889720,2026-08-28T09:32:00,24142.45,24151.25,24140.55,24149.15,1457503
1787889780,2026-08-28T09:33:00,24151.2,24153.1,24144.8,24147.35,733241
1787889840,2026-08-28T09:34:00,24147.95,24154.9,24144.85,24145.45,769878
1787889900,2026-08-28T09:35:00,24149.15,24149.15,24143.7,24144.75,703314
1787889960,2026-08-28T09:36:00,24145.0,24148.1,24136.7,24137.75,791507
1787890020,2026-08-28T09:37:00,24138.9,24140.45,24130.4,24139.8,1013401
1787890080,2026-08-28T09:38:00,24140.2,24141.3,24134.8,24135.15,656405
1787890140,2026-08-28T09:39:00,24136.4,24145.15,24134.85,24140.35,703039
1787890200,2026-08-28T09:40:00,24141.1,24147.25,24138.6,24146.1,681017
1787890260,2026-08-28T09:41:00,24148.2,24150.2,24145.7,24148.05,545799
1787890320,2026-08-28T09:42:00,24150.15,24157.3,24148.6,24157.3,474776
1787890380,2026-08-28T09:43:00,24158.3,24166.25,24158.3,24162.5,1292798
1787890440,2026-08-28T09:44:00,24162.85,24163.7,24160.05,24160.05,662337
1787890500,2026-08-28T09:45:00,24161.4,24163.05,24158.0,24158.65,778381
1787890560,2026-08-28T09:46:00,24161.15,24161.15,24152.05,24152.05,551107
1787890620,2026-08-28T09:47:00,24153.05,24153.3,24148.1,24151.85,570892
1787890680,2026-08-28T09:48:00,24153.35,24155.2,24148.9,24150.45,847853
1787890740,2026-08-28T09:49:00,24150.35,24151.15,24144.45,24146.95,542505
1787890800,2026-08-28T09:50:00,24148.3,24150.7,24143.2,24146.4,543488
1787890860,2026-08-28T09:51:00,24148.55,24150.35,24142.2,24143.55,376979
1787890920,2026-08-28T09:52:00,24144.3,24145.45,24136.15,24143.2,516039
1787890980,2026-08-28T09:53:00,24144.6,24148.3,24141.45,24147.6,522757
1787891040,2026-08-28T09:54:00,24149.75,24155.7,24147.85,24154.9,538801
1787891100,2026-08-28T09:55:00,24156.2,24159.65,24153.95,24157.35,419128
1787891160,2026-08-28T09:56:00,24160.1,24160.1,24154.05,24157.55,559227
1787891220,2026-08-28T09:57:00,24159.05,24159.05,24152.75,24155.7,574426
1787891280,2026-08-28T09:58:00,24158.0,24161.1,24156.6,24159.0,713282
1787891340,2026-08-28T09:59:00,24161.3,24161.3,24155.2,24156.5,478226
1787891400,2026-08-28T10:00:00,24158.3,24159.15,24149.5,24149.5,506229
1787891460,2026-08-28T10:01:00,24151.0,24153.0,24146.65,24147.55,462731
1787891520,2026-08-28T10:02:00,24148.7,24149.55,24145.3,24148.85,377081
1787891580,2026-08-28T10:03:00,24149.9,24154.05,24149.45,24150.5,320901
1787891640,2026-08-28T10:04:00,24152.15,24152.15,24146.05,24146.05,502395
1787891700,2026-08-28T10:05:00,24147.0,24149.7,24144.95,24145.35,432395
1787891760,2026-08-28T10:06:00,24147.05,24147.05,24141.75,24142.45,432591
1787891820,2026-08-28T10:07:00,24143.65,24153.2,24141.5,24151.8,598839
1787891880,2026-08-28T10:08:00,24154.05,24157.95,24150.65,24156.6,927716
1787891940,2026-08-28T10:09:00,24157.45,24158.65,24151.45,24151.95,436021
1787892000,2026-08-28T10:10:00,24153.05,24154.1,24150.8,24152.5,484116
1787892060,2026-08-28T10:11:00,24153.55,24154.55,24150.65,24153.55,384877
1787892120,2026-08-28T10:12:00,24154.45,24161.45,24153.2,24160.0,595526
1787892180,2026-08-28T10:13:00,24161.2,24162.65,24158.2,24161.35,819429
1787892240,2026-08-28T10:14:00,24163.45,24168.5,24162.15,24167.2,389351
1787892300,2026-08-28T10:15:00,24168.25,24173.1,24166.95,24170.1,521905
1787892360,2026-08-28T10:16:00,24171.45,24179.85,24169.95,24177.7,560431
1787892420,2026-08-28T10:17:00,24177.65,24188.3,24176.6,24179.35,744660
1787892480,2026-08-28T10:18:00,24180.35,24180.35,24169.5,24172.7,502283
1787892540,2026-08-28T10:19:00,24174.0,24174.65,24165.0,24165.0,410476
1787892600,2026-08-28T10:20:00,24166.6,24168.9,24164.3,24167.9,480229
1787892660,2026-08-28T10:21:00,24168.95,24168.95,24161.5,24162.45,393652
1787892720,2026-08-28T10:22:00,24164.3,24169.05,24163.4,24166.05,348798
1787892780,2026-08-28T10:23:00,24166.95,24169.0,24164.7,24167.8,797121
1787892840,2026-08-28T10:24:00,24168.7,24170.55,24166.25,24170.2,545333
1787892900,2026-08-28T10:25:00,24171.1,24172.35,24163.05,24163.5,580954
1787892960,2026-08-28T10:26:00,24165.05,24166.25,24158.55,24165.0,633939
1787893020,2026-08-28T10:27:00,24166.6,24168.6,24162.25,24163.9,357109
1787893080,2026-08-28T10:28:00,24165.6,24167.55,24162.4,24166.6,368118
1787893140,2026-08-28T10:29:00,24168.85,24170.6,24166.5,24169.85,304322
1787893200,2026-08-28T10:30:00,24171.25,24171.25,24163.75,24163.75,395080
1787893260,2026-08-28T10:31:00,24165.8,24166.45,24160.4,24160.85,680415
1787893320,2026-08-28T10:32:00,24162.35,24167.0,24161.55,24165.45,343359
1787893380,2026-08-28T10:33:00,24166.6,24166.7,24160.75,24161.4,355680
1787893440,2026-08-28T10:34:00,24163.6,24164.1,24160.15,24160.8,321036
1787893500,2026-08-28T10:35:00,24162.2,24162.5,24157.35,24157.65,703878
1787893560,2026-08-28T10:36:00,24159.2,24162.85,24157.5,24160.85,303938
1787893620,2026-08-28T10:37:00,24161.9,24163.3,24158.55,24161.1,378675
1787893680,2026-08-28T10:38:00,24163.3,24164.1,24159.65,24160.95,357090
1787893740,2026-08-28T10:39:00,24162.25,24164.55,24160.3,24161.95,1048769
1787893800,2026-08-28T10:40:00,24163.25,24167.7,24161.7,24162.7,700657
1787893860,2026-08-28T10:41:00,24164.8,24168.1,24162.9,24165.3,383781
1787893920,2026-08-28T10:42:00,24166.15,24167.1,24162.75,24163.7,357254
1787893980,2026-08-28T10:43:00,24164.65,24165.1,24157.0,24159.4,409947
1787894040,2026-08-28T10:44:00,24160.25,24162.75,24154.75,24156.15,688178
1787894100,2026-08-28T10:45:00,24157.05,24157.05,24152.85,24154.0,387851
1787894160,2026-08-28T10:46:00,24155.65,24155.65,24151.7,24152.2,417954
1787894220,2026-08-28T10:47:00,24153.25,24159.6,24152.35,24157.65,287924
1787894280,2026-08-28T10:48:00,24158.35,24160.75,24156.75,24157.3,316733
1787894340,2026-08-28T10:49:00,24158.25,24165.65,24156.85,24163.4,344707
1787894400,2026-08-28T10:50:00,24163.95,24168.9,24163.1,24167.1,566780
1787894460,2026-08-28T10:51:00,24168.15,24170.6,24164.95,24165.35,409029
1787894520,2026-08-28T10:52:00,24165.7,24166.1,24162.0,24162.9,437900
1787894580,2026-08-28T10:53:00,24163.4,24164.7,24159.6,24159.75,1425721
1787894640,2026-08-28T10:54:00,24160.15,24162.2,24155.45,24155.6,275020
1787894700,2026-08-28T10:55:00,24157.0,24157.0,24149.75,24150.65,244202
1787894760,2026-08-28T10:56:00,24152.15,24157.35,24150.5,24156.75,746447
1787894820,2026-08-28T10:57:00,24157.6,24159.7,24155.1,24156.75,306787
1787894880,2026-08-28T10:58:00,24157.9,24161.95,24156.75,24159.95,686274
1787894940,2026-08-28T10:59:00,24160.75,24160.75,24154.5,24155.7,638636
1787895000,2026-08-28T11:00:00,24156.8,24157.4,24152.95,24154.5,819392
1787895060,2026-08-28T11:01:00,24155.05,24161.35,24152.65,24159.85,728858
1787895120,2026-08-28T11:02:00,24159.95,24163.0,24159.4,24161.1,294194
1787895180,2026-08-28T11:03:00,24161.0,24161.35,24158.15,24158.25,342028
1787895240,2026-08-28T11:04:00,24159.3,24162.25,24156.55,24160.25,414514
1787895300,2026-08-28T11:05:00,24162.05,24163.3,24157.3,24158.65,447894
1787895360,2026-08-28T11:06:00,24159.1,24159.65,24153.1,24155.35,277148
1787895420,2026-08-28T11:07:00,24156.2,24156.2,24149.0,24149.9,3323365
1787895480,2026-08-28T11:08:00,24151.0,24153.2,24149.25,24151.25,491809
1787895540,2026-08-28T11:09:00,24152.1,24152.1,24141.55,24142.45,922147
1787895600,2026-08-28T11:10:00,24143.05,24148.05,24141.95,24144.9,531152
1787895660,2026-08-28T11:11:00,24146.6,24147.35,24143.4,24145.8,436356
1787895720,2026-08-28T11:12:00,24147.05,24156.9,24146.15,24155.0,729675
1787895780,2026-08-28T11:13:00,24156.75,24160.4,24155.95,24158.55,822383
1787895840,2026-08-28T11:14:00,24160.1,24166.05,24158.85,24160.95,733879
1787895900,2026-08-28T11:15:00,24162.7,24163.4,24160.0,24161.45,768399
1787895960,2026-08-28T11:16:00,24162.0,24162.0,24155.5,24160.0,959898
1787896020,2026-08-28T11:17:00,24160.45,24160.45,24153.05,24154.45,740500
1787896080,2026-08-28T11:18:00,24156.3,24156.3,24147.85,24148.9,861068
1787896140,2026-08-28T11:19:00,24149.65,24154.05,24149.15,24151.5,559245
1787896200,2026-08-28T11:20:00,24151.75,24152.3,24146.55,24146.85,547063
1787896260,2026-08-28T11:21:00,24147.3,24148.85,24143.6,24145.3,492034
1787896320,2026-08-28T11:22:00,24145.05,24145.6,24140.5,24144.8,421247
1787896380,2026-08-28T11:23:00,24144.65,24146.85,24140.35,24140.35,275230
1787896440,2026-08-28T11:24:00,24141.15,24141.8,24138.15,24140.5,1552943
1787896500,2026-08-28T11:25:00,24139.9,24140.3,24136.25,24138.2,489301
1787896560,2026-08-28T11:26:00,24139.2,24139.45,24127.9,24128.55,832770
1787896620,2026-08-28T11:27:00,24129.05,24134.05,24127.3,24129.7,805635
1787896680,2026-08-28T11:28:00,24130.3,24130.3,24124.65,24126.4,373901
1787896740,2026-08-28T11:29:00,24125.55,24126.0,24117.0,24117.85,918519
1787896800,2026-08-28T11:30:00,24117.85,24122.85,24114.95,24119.65,813017
1787896860,2026-08-28T11:31:00,24120.55,24122.4,24116.25,24121.0,560512
1787896920,2026-08-28T11:32:00,24122.15,24123.2,24113.9,24119.05,664790
1787896980,2026-08-28T11:33:00,24119.55,24119.55,24105.6,24105.75,495753
1787897040,2026-08-28T11:34:00,24106.95,24108.55,24102.85,24107.75,594275
1787897100,2026-08-28T11:35:00,24108.45,24108.95,24093.85,24095.0,1607422
1787897160,2026-08-28T11:36:00,24096.0,24096.0,24092.85,24094.8,835083
1787897220,2026-08-28T11:37:00,24095.85,24101.25,24093.95,24099.2,26570396
1787897280,2026-08-28T11:38:00,24101.4,24105.25,24099.55,24103.55,2914058
1787897340,2026-08-28T11:39:00,24104.45,24104.45,24101.0,24101.3,633702
1787897400,2026-08-28T11:40:00,24101.65,24104.8,24100.5,24102.9,580033
1787897460,2026-08-28T11:41:00,24103.75,24107.75,24102.45,24104.5,482839
1787897520,2026-08-28T11:42:00,24104.4,24104.4,24098.05,24099.55,745627
1787897580,2026-08-28T11:43:00,24099.8,24102.4,24098.05,24102.3,756555
1787897640,2026-08-28T11:44:00,24103.5,24106.35,24101.2,24105.7,506847
1787897700,2026-08-28T11:45:00,24106.35,24106.35,24098.1,24102.45,520416
1787897760,2026-08-28T11:46:00,24102.65,24103.5,24100.1,24101.25,522600
1787897820,2026-08-28T11:47:00,24101.35,24104.15,24100.65,24102.75,622703
1787897880,2026-08-28T11:48:00,24103.35,24105.1,24100.95,24103.5,428852
1787897940,2026-08-28T11:49:00,24103.8,24107.15,24100.55,24105.6,1217561
1787898000,2026-08-28T11:50:00,24106.4,24108.75,24104.2,24107.95,501606
1787898060,2026-08-28T11:51:00,24109.5,24109.65,24103.45,24104.85,658258
1787898120,2026-08-28T11:52:00,24105.9,24106.5,24100.65,24102.7,663577
1787898180,2026-08-28T11:53:00,24103.55,24104.15,24098.55,24099.5,356639
1787898240,2026-08-28T11:54:00,24100.55,24102.25,24098.25,24098.25,1166562
1787898300,2026-08-28T11:55:00,24099.95,24100.15,24094.6,24096.2,589071
1787898360,2026-08-28T11:56:00,24097.25,24097.65,24085.25,24086.8,473477
1787898420,2026-08-28T11:57:00,24087.4,24087.4,24076.85,24077.75,642597
1787898480,2026-08-28T11:58:00,24078.55,24086.2,24077.0,24085.0,756669
1787898540,2026-08-28T11:59:00,24086.0,24089.6,24081.2,24083.15,748591
1787898600,2026-08-28T12:00:00,24084.25,24086.35,24082.6,24083.4,411631
1787898660,2026-08-28T12:01:00,24084.1,24086.1,24081.85,24083.6,414078
1787898720,2026-08-28T12:02:00,24084.1,24085.2,24082.95,24083.45,292471
1787898780,2026-08-28T12:03:00,24084.1,24084.55,24080.0,24080.2,798758
1787898840,2026-08-28T12:04:00,24081.75,24091.8,24080.35,24088.05,453692
1787898900,2026-08-28T12:05:00,24089.95,24090.6,24085.65,24086.75,355520
1787898960,2026-08-28T12:06:00,24087.2,24089.5,24085.3,24089.45,358205
1787899020,2026-08-28T12:07:00,24088.9,24094.0,24088.9,24092.65,789963
1787899080,2026-08-28T12:08:00,24093.9,24098.7,24093.5,24094.7,825305
1787899140,2026-08-28T12:09:00,24094.85,24096.0,24086.3,24086.3,617243
1787899200,2026-08-28T12:10:00,24086.75,24087.35,24081.8,24082.8,708546
1787899260,2026-08-28T12:11:00,24083.2,24083.8,24077.0,24077.95,477107
1787899320,2026-08-28T12:12:00,24079.2,24081.75,24077.5,24080.1,378740
1787899380,2026-08-28T12:13:00,24080.65,24085.4,24079.9,24085.35,466046
1787899440,2026-08-28T12:14:00,24085.6,24088.8,24084.1,24086.9,299785
1787899500,2026-08-28T12:15:00,24087.6,24089.8,24085.3,24088.5,314956
1787899560,2026-08-28T12:16:00,24088.65,24090.0,24085.15,24086.05,278472
1787899620,2026-08-28T12:17:00,24086.85,24089.0,24084.75,24088.05,288402
1787899680,2026-08-28T12:18:00,24088.65,24089.7,24086.25,24089.15,268832
1787899740,2026-08-28T12:19:00,24088.1,24089.55,24086.55,24088.75,312612
1787899800,2026-08-28T12:20:00,24089.8,24095.45,24089.35,24093.25,664405
1787899860,2026-08-28T12:21:00,24094.0,24094.7,24089.95,24092.95,1634645
1787899920,2026-08-28T12:22:00,24093.6,24094.05,24088.4,24089.75,533002
1787899980,2026-08-28T12:23:00,24090.3,24092.1,24085.3,24086.15,1248662
1787900040,2026-08-28T12:24:00,24086.25,24089.05,24083.85,24085.95,952742
1787900100,2026-08-28T12:25:00,24087.25,24088.45,24084.1,24086.8,604742
1787900160,2026-08-28T12:26:00,24087.85,24090.85,24087.4,24090.85,481712
1787900220,2026-08-28T12:27:00,24089.85,24094.1,24089.8,24093.0,608713
1787900280,2026-08-28T12:28:00,24093.8,24093.8,24090.3,24091.55,483689
1787900340,2026-08-28T12:29:00,24093.5,24096.1,24091.45,24094.65,713256
1787900400,2026-08-28T12:30:00,24096.15,24098.0,24094.95,24096.1,332888
1787900460,2026-08-28T12:31:00,24096.5,24099.95,24093.45,24097.85,1252938
1787900520,2026-08-28T12:32:00,24098.75,24101.25,24097.2,24099.45,576495
1787900580,2026-08-28T12:33:00,24100.65,24103.3,24098.35,24099.05,493184
1787900640,2026-08-28T12:34:00,24100.1,24103.35,24098.55,24101.4,515421
1787900700,2026-08-28T12:35:00,24102.2,24104.5,24099.35,24101.05,473061
1787900760,2026-08-28T12:36:00,24102.4,24103.9,24100.0,24103.25,746818
1787900820,2026-08-28T12:37:00,24104.4,24108.1,24099.65,24102.35,832322
1787900880,2026-08-28T12:38:00,24103.0,24106.05,24101.5,24102.6,727713
1787900940,2026-08-28T12:39:00,24105.0,24108.0,24103.25,24105.85,822656
1787901000,2026-08-28T12:40:00,24106.65,24107.3,24103.85,24105.05,601050
1787901060,2026-08-28T12:41:00,24106.85,24108.0,24104.65,24105.15,550682
1787901120,2026-08-28T12:42:00,24106.2,24107.2,24104.6,24106.05,790466
1787901180,2026-08-28T12:43:00,24106.8,24107.8,24105.15,24106.1,460970
1787901240,2026-08-28T12:44:00,24107.0,24107.55,24104.35,24105.6,433912
1787901300,2026-08-28T12:45:00,24105.8,24105.8,24101.95,24102.95,505890
1787901360,2026-08-28T12:46:00,24103.8,24106.8,24102.3,24106.15,886939
1787901420,2026-08-28T12:47:00,24106.6,24107.7,24103.65,24104.95,712610
1787901480,2026-08-28T12:48:00,24105.9,24108.9,24102.35,24106.75,802305
1787901540,2026-08-28T12:49:00,24107.2,24109.8,24105.75,24109.8,397560
1787901600,2026-08-28T12:50:00,24109.65,24109.65,24104.75,24105.7,633912
1787901660,2026-08-28T12:51:00,24107.85,24109.1,24106.0,24108.3,642068
1787901720,2026-08-28T12:52:00,24108.75,24109.5,24105.55,24107.7,663658
1787901780,2026-08-28T12:53:00,24108.4,24110.95,24106.3,24107.45,405584
1787901840,2026-08-28T12:54:00,24107.75,24108.5,24104.35,24105.3,366491
1787901900,2026-08-28T12:55:00,24106.7,24106.7,24100.25,24103.3,357917
1787901960,2026-08-28T12:56:00,24103.75,24105.3,24100.6,24103.15,863191
1787902020,2026-08-28T12:57:00,24103.85,24105.4,24099.5,24101.75,856304
1787902080,2026-08-28T12:58:00,24102.65,24104.15,24099.95,24100.0,559635
1787902140,2026-08-28T12:59:00,24101.15,24101.9,24096.45,24096.45,443511
1787902200,2026-08-28T13:00:00,24098.7,24099.35,24095.75,24097.3,588305
1787902260,2026-08-28T13:01:00,24098.4,24100.2,24094.6,24096.0,663641
1787902320,2026-08-28T13:02:00,24096.75,24097.8,24093.7,24096.25,743986
1787902380,2026-08-28T13:03:00,24096.85,24099.75,24093.1,24097.35,370182
1787902440,2026-08-28T13:04:00,24097.9,24098.05,24092.0,24093.2,581647
1787902500,2026-08-28T13:05:00,24094.45,24096.85,24090.3,24090.85,417029
1787902560,2026-08-28T13:06:00,24092.9,24095.05,24089.35,24093.3,428529
1787902620,2026-08-28T13:07:00,24094.85,24098.75,24093.5,24096.9,438085
1787902680,2026-08-28T13:08:00,24097.65,24102.95,24096.45,24098.35,1141610
1787902740,2026-08-28T13:09:00,24099.15,24103.35,24097.7,24102.1,1047777
1787902800,2026-08-28T13:10:00,24103.55,24105.2,24100.6,24103.4,920871
1787902860,2026-08-28T13:11:00,24104.0,24108.7,24101.9,24108.5,681942
1787902920,2026-08-28T13:12:00,24109.4,24110.0,24101.3,24104.1,1657137
1787902980,2026-08-28T13:13:00,24104.85,24107.7,24102.0,24105.6,1099713
1787903040,2026-08-28T13:14:00,24106.35,24106.65,24102.7,24103.55,775560
1787903100,2026-08-28T13:15:00,24105.35,24106.0,24100.3,24102.85,364696
1787903160,2026-08-28T13:16:00,24103.7,24106.5,24101.1,24101.1,1399190
1787903220,2026-08-28T13:17:00,24102.65,24104.6,24101.1,24103.6,414179
1787903280,2026-08-28T13:18:00,24104.45,24109.8,24103.15,24106.25,608526
1787903340,2026-08-28T13:19:00,24107.5,24110.35,24107.2,24107.55,561820
1787903400,2026-08-28T13:20:00,24108.55,24109.85,24104.4,24107.6,856991
1787903460,2026-08-28T13:21:00,24109.25,24109.4,24106.35,24108.4,385137
1787903520,2026-08-28T13:22:00,24109.05,24113.25,24107.65,24111.5,802775
1787903580,2026-08-28T13:23:00,24112.05,24112.5,24106.85,24107.8,1015184
1787903640,2026-08-28T13:24:00,24109.5,24110.85,24107.6,24108.6,605000
1787903700,2026-08-28T13:25:00,24110.7,24112.4,24107.6,24109.6,885999
1787903760,2026-08-28T13:26:00,24109.85,24113.2,24109.5,24112.55,520065
1787903820,2026-08-28T13:27:00,24113.55,24116.45,24102.3,24102.75,1199686
1787903880,2026-08-28T13:28:00,24103.25,24104.35,24098.05,24099.55,901034
1787903940,2026-08-28T13:29:00,24100.95,24101.2,24095.5,24096.15,372673
1787904000,2026-08-28T13:30:00,24097.25,24099.6,24095.3,24098.35,370430
1787904060,2026-08-28T13:31:00,24099.45,24101.4,24098.4,24099.05,478664
1787904120,2026-08-28T13:32:00,24100.3,24103.9,24099.9,24102.9,425328
1787904180,2026-08-28T13:33:00,24103.75,24110.25,24103.0,24108.55,880346
1787904240,2026-08-28T13:34:00,24109.55,24112.95,24108.35,24109.85,346629
1787904300,2026-08-28T13:35:00,24111.15,24111.6,24107.55,24108.7,447892
1787904360,2026-08-28T13:36:00,24109.2,24109.4,24105.4,24109.05,508604
1787904420,2026-08-28T13:37:00,24109.6,24113.95,24108.7,24112.4,523669
1787904480,2026-08-28T13:38:00,24112.05,24113.4,24110.55,24112.15,706342
1787904540,2026-08-28T13:39:00,24112.8,24114.1,24110.1,24111.8,318730
1787904600,2026-08-28T13:40:00,24112.65,24117.75,24111.5,24116.05,574811
1787904660,2026-08-28T13:41:00,24117.3,24119.0,24111.3,24112.4,512186
1787904720,2026-08-28T13:42:00,24113.15,24113.15,24109.5,24112.2,425132
1787904780,2026-08-28T13:43:00,24112.7,24114.75,24111.15,24112.85,430367
1787904840,2026-08-28T13:44:00,24113.65,24114.05,24111.85,24113.1,1179770
1787904900,2026-08-28T13:45:00,24114.25,24114.6,24111.05,24112.45,312940
1787904960,2026-08-28T13:46:00,24113.0,24113.35,24110.65,24111.25,325600
1787905020,2026-08-28T13:47:00,24112.15,24112.35,24108.5,24108.55,306134
1787905080,2026-08-28T13:48:00,24109.6,24109.6,24100.9,24103.3,2081684
1787905140,2026-08-28T13:49:00,24103.95,24105.7,24101.3,24103.75,758553
1787905200,2026-08-28T13:50:00,24104.9,24105.6,24100.95,24105.2,306261
1787905260,2026-08-28T13:51:00,24105.6,24105.6,24097.45,24099.75,551944
1787905320,2026-08-28T13:52:00,24100.3,24105.45,24099.5,24104.3,485957
1787905380,2026-08-28T13:53:00,24105.1,24105.35,24102.1,24103.35,360451
1787905440,2026-08-28T13:54:00,24104.15,24104.4,24101.65,24103.35,470747
1787905500,2026-08-28T13:55:00,24104.15,24104.15,24097.9,24099.9,527731
1787905560,2026-08-28T13:56:00,24101.75,24103.15,24097.85,24102.6,305827
1787905620,2026-08-28T13:57:00,24103.05,24107.15,24101.15,24106.35,350691
1787905680,2026-08-28T13:58:00,24106.45,24111.25,24104.9,24110.35,443268
1787905740,2026-08-28T13:59:00,24111.4,24112.25,24109.2,24110.85,713026
1787905800,2026-08-28T14:00:00,24111.9,24112.1,24107.55,24109.65,511447
1787905860,2026-08-28T14:01:00,24109.8,24111.5,24106.45,24108.15,425801
1787905920,2026-08-28T14:02:00,24109.1,24111.7,24108.05,24110.5,348790
1787905980,2026-08-28T14:03:00,24111.7,24111.9,24105.95,24107.65,484543
1787906040,2026-08-28T14:04:00,24107.6,24109.25,24101.25,24102.9,775190
1787906100,2026-08-28T14:05:00,24103.75,24104.15,24100.5,24100.7,665979
1787906160,2026-08-28T14:06:00,24102.4,24102.55,24098.55,24100.5,1112621
1787906220,2026-08-28T14:07:00,24100.25,24105.25,24099.3,24104.95,496265
1787906280,2026-08-28T14:08:00,24104.75,24106.45,24102.3,24102.95,406547
1787906340,2026-08-28T14:09:00,24103.8,24106.25,24101.65,24103.65,396148
1787906400,2026-08-28T14:10:00,24103.85,24108.9,24103.0,24108.9,403239
1787906460,2026-08-28T14:11:00,24108.55,24112.3,24107.55,24109.75,413758
1787906520,2026-08-28T14:12:00,24109.4,24112.65,24108.05,24109.0,361708
1787906580,2026-08-28T14:13:00,24109.55,24113.35,24107.3,24110.8,527301
1787906640,2026-08-28T14:14:00,24111.7,24112.2,24109.15,24110.8,412172
1787906700,2026-08-28T14:15:00,24111.9,24112.4,24107.15,24108.4,1009301
1787906760,2026-08-28T14:16:00,24108.75,24115.6,24108.0,24114.0,870959
1787906820,2026-08-28T14:17:00,24114.8,24117.15,24113.75,24116.25,573275
1787906880,2026-08-28T14:18:00,24116.95,24119.15,24113.45,24115.4,964602
1787906940,2026-08-28T14:19:00,24115.65,24116.0,24108.8,24109.85,1266624
1787907000,2026-08-28T14:20:00,24109.45,24112.9,24109.45,24110.45,569240
1787907060,2026-08-28T14:21:00,24111.6,24115.6,24110.3,24113.85,464876
1787907120,2026-08-28T14:22:00,24114.0,24114.6,24109.3,24112.0,507040
1787907180,2026-08-28T14:23:00,24113.55,24114.2,24109.85,24113.55,613605
1787907240,2026-08-28T14:24:00,24114.5,24115.95,24112.5,24115.9,520780
1787907300,2026-08-28T14:25:00,24115.6,24117.05,24113.2,24115.25,538351
1787907360,2026-08-28T14:26:00,24115.8,24116.75,24112.95,24114.45,380103
1787907420,2026-08-28T14:27:00,24115.4,24117.1,24114.1,24116.9,491279
1787907480,2026-08-28T14:28:00,24117.05,24119.65,24115.15,24117.2,486387
1787907540,2026-08-28T14:29:00,24118.35,24121.3,24117.1,24120.35,618458
1787907600,2026-08-28T14:30:00,24120.45,24123.7,24119.3,24121.75,483423
1787907660,2026-08-28T14:31:00,24122.6,24123.8,24116.65,24117.45,708597
1787907720,2026-08-28T14:32:00,24118.5,24118.5,24114.5,24116.4,343372
1787907780,2026-08-28T14:33:00,24116.75,24117.85,24113.1,24117.55,687217
1787907840,2026-08-28T14:34:00,24118.05,24122.9,24117.55,24120.2,875069
1787907900,2026-08-28T14:35:00,24120.8,24121.6,24115.75,24117.35,755311
1787907960,2026-08-28T14:36:00,24117.95,24121.75,24116.6,24119.35,427038
1787908020,2026-08-28T14:37:00,24119.5,24122.45,24117.75,24120.05,748570
1787908080,2026-08-28T14:38:00,24119.4,24122.25,24119.3,24120.45,366249
1787908140,2026-08-28T14:39:00,24121.35,24121.95,24117.8,24118.9,468081
1787908200,2026-08-28T14:40:00,24119.45,24119.9,24115.35,24117.3,650365
1787908260,2026-08-28T14:41:00,24117.7,24118.9,24114.75,24116.25,694694
1787908320,2026-08-28T14:42:00,24116.75,24117.25,24113.85,24117.25,677534
1787908380,2026-08-28T14:43:00,24117.25,24119.1,24115.9,24118.55,518771
1787908440,2026-08-28T14:44:00,24119.0,24121.3,24117.35,24118.1,595021
1787908500,2026-08-28T14:45:00,24119.0,24119.45,24116.35,24117.45,493187
1787908560,2026-08-28T14:46:00,24117.9,24117.9,24114.25,24115.15,591997
1787908620,2026-08-28T14:47:00,24115.5,24117.95,24113.5,24117.8,698129
1787908680,2026-08-28T14:48:00,24118.3,24123.35,24117.55,24122.35,865751
1787908740,2026-08-28T14:49:00,24123.3,24127.5,24122.2,24126.65,1443858
1787908800,2026-08-28T14:50:00,24128.35,24136.65,24124.3,24134.7,1908540
1787908860,2026-08-28T14:51:00,24136.2,24138.05,24130.1,24131.85,1311953
1787908920,2026-08-28T14:52:00,24131.85,24137.6,24130.5,24136.15,1059867
1787908980,2026-08-28T14:53:00,24136.8,24139.35,24134.95,24136.2,1471858
1787909040,2026-08-28T14:54:00,24137.3,24140.15,24133.85,24138.35,1435068
1787909100,2026-08-28T14:55:00,24139.35,24140.75,24134.95,24135.75,959060
1787909160,2026-08-28T14:56:00,24136.65,24136.65,24131.75,24132.25,891959
1787909220,2026-08-28T14:57:00,24133.6,24135.0,24130.45,24132.25,1361206
1787909280,2026-08-28T14:58:00,24132.5,24133.3,24129.15,24129.2,969458
1787909340,2026-08-28T14:59:00,24130.45,24133.05,24128.7,24129.45,1226338
1787909400,2026-08-28T15:00:00,24128.45,24129.0,24121.0,24122.0,1342684
1787909460,2026-08-28T15:01:00,24120.9,24122.85,24116.05,24117.25,1156548
1787909520,2026-08-28T15:02:00,24117.95,24118.35,24107.0,24108.7,1487067
1787909580,2026-08-28T15:03:00,24107.55,24111.35,24105.05,24107.15,1166949
1787909640,2026-08-28T15:04:00,24106.85,24111.85,24105.5,24108.9,1261021
1787909700,2026-08-28T15:05:00,24108.95,24114.15,24108.25,24109.8,1729284
1787909760,2026-08-28T15:06:00,24110.05,24113.15,24108.85,24110.8,1609134
1787909820,2026-08-28T15:07:00,24110.35,24114.2,24109.8,24112.3,1226673
1787909880,2026-08-28T15:08:00,24111.65,24119.75,24111.45,24119.6,1061267
1787909940,2026-08-28T15:09:00,24117.95,24124.45,24116.45,24123.0,1322101
1787910000,2026-08-28T15:10:00,24122.3,24129.85,24121.75,24128.05,1710993
1787910060,2026-08-28T15:11:00,24127.45,24155.4,24124.55,24152.8,2260324
1787910120,2026-08-28T15:12:00,24149.8,24159.1,24146.75,24152.55,3345688
1787910180,2026-08-28T15:13:00,24150.9,24155.7,24147.4,24148.55,1827002
1787910240,2026-08-28T15:14:00,24148.65,24150.75,24139.45,24142.95,1570354
1787910300,2026-08-28T15:15:00,24142.45,24142.45,24142.45,24142.45,1570354
1787910360,2026-08-28T15:16:00,24142.45,24142.45,24142.45,24142.45,1570354
1787910420,2026-08-28T15:17:00,24142.45,24142.45,24142.45,24142.45,1570354
1787910480,2026-08-28T15:18:00,24142.45,24142.45,24142.45,24142.45,1570354
1787910540,2026-08-28T15:19:00,24142.45,24142.45,24142.45,24142.45,1570354
1787910600,2026-08-28T15:20:00,24142.45,24142.45,24142.45,24142.45,1570354
1787910660,2026-08-28T15:21:00,24142.45,24142.45,24142.45,24142.45,1570354
1787910720,2026-08-28T15:22:00,24142.45,24142.45,24142.45,24142.45,1570354
1787910780,2026-08-28T15:23:00,24142.45,24142.45,24142.45,24142.45,1570354
1787910840,2026-08-28T15:24:00,24142.45,24142.45,24142.45,24142.45,1570354
1787910900,2026-08-28T15:25:00,24142.45,24142.45,24142.45,24142.45,1570354
1787910960,2026-08-28T15:26:00,24142.45,24142.45,24142.45,24142.45,1570354
1787911020,2026-08-28T15:27:00,24142.45,24142.45,24142.45,24142.45,1570354
1787911080,2026-08-28T15:28:00,24142.45,24142.45,24142.45,24142.45,1570354
1787911140,2026-08-28T15:29:00,24142.45,24175.65,24142.45,24175.65,1570354
1788147900,2026-08-31T09:15:00,24117.55,24128.7,24040.9,24042.3,5569990
1788147960,2026-08-31T09:16:00,24046.75,24061.6,24038.4,24056.55,4337518
1788148020,2026-08-31T09:17:00,24056.8,24068.25,24050.25,24064.7,3681227
1788148080,2026-08-31T09:18:00,24068.45,24068.45,24048.75,24058.05,2913970
1788148140,2026-08-31T09:19:00,24060.3,24068.75,24055.55,24065.05,3985998
1788148200,2026-08-31T09:20:00,24067.2,24084.2,24057.6,24082.3,2859824
1788148260,2026-08-31T09:21:00,24085.1,24085.1,24069.55,24072.85,1705100
1788148320,2026-08-31T09:22:00,24075.4,24083.6,24071.1,24075.35,1786163
1788148380,2026-08-31T09:23:00,24077.45,24077.65,24070.65,24071.9,2178271
1788148440,2026-08-31T09:24:00,24073.6,24073.75,24062.9,24066.7,2888835
1788148500,2026-08-31T09:25:00,24068.8,24070.8,24061.75,24064.4,2447421
1788148560,2026-08-31T09:26:00,24066.25,24066.25,24047.3,24049.2,2235764
1788148620,2026-08-31T09:27:00,24050.4,24055.2,24039.45,24040.5,1886681
1788148680,2026-08-31T09:28:00,24041.9,24046.0,24039.9,24041.95,2264823
1788148740,2026-08-31T09:29:00,24043.75,24045.65,24036.2,24043.05,1413949
1788148800,2026-08-31T09:30:00,24045.5,24050.1,24043.3,24047.2,1692408
1788148860,2026-08-31T09:31:00,24047.9,24047.9,24039.8,24043.1,1570354
1788148920,2026-08-31T09:32:00,24045.95,24064.5,24043.65,24060.05,1576598
1788148980,2026-08-31T09:33:00,24061.95,24064.9,24056.9,24064.05,1601987
1788149040,2026-08-31T09:34:00,24066.6,24067.4,24057.1,24057.55,1337278
1788149100,2026-08-31T09:35:00,24060.0,24060.0,24050.35,24052.0,1134777
1788149160,2026-08-31T09:36:00,24052.7,24056.0,24048.85,24053.7,994232
1788149220,2026-08-31T09:37:00,24057.1,24059.45,24053.4,24059.4,1536334
1788149280,2026-08-31T09:38:00,24060.6,24063.0,24048.4,24050.1,1223155
1788149340,2026-08-31T09:39:00,24051.9,24051.9,24045.65,24046.9,730643
1788149400,2026-08-31T09:40:00,24049.45,24049.75,24041.25,24048.65,1406067
1788149460,2026-08-31T09:41:00,24050.5,24050.5,24040.55,24042.35,1029973
1788149520,2026-08-31T09:42:00,24045.5,24045.5,24031.55,24033.0,919947
1788149580,2026-08-31T09:43:00,24034.85,24035.05,24026.35,24028.6,1076805
1788149640,2026-08-31T09:44:00,24030.4,24030.55,24024.25,24024.6,953003
1788149700,2026-08-31T09:45:00,24026.65,24026.85,24019.55,24026.55,844468
1788149760,2026-08-31T09:46:00,24028.3,24035.85,24026.9,24035.45,1316090
1788149820,2026-08-31T09:47:00,24038.4,24038.4,24032.1,24036.0,1706352
1788149880,2026-08-31T09:48:00,24037.3,24037.3,24024.0,24027.7,1452426
1788149940,2026-08-31T09:49:00,24030.5,24030.5,24024.95,24026.2,741636
1788150000,2026-08-31T09:50:00,24026.95,24033.9,24024.8,24029.4,789123
1788150060,2026-08-31T09:51:00,24032.95,24036.15,24031.1,24033.5,1073913
1788150120,2026-08-31T09:52:00,24035.7,24035.7,24023.0,24023.55,1466419
1788150180,2026-08-31T09:53:00,24026.25,24030.05,24021.5,24026.4,1107773
1788150240,2026-08-31T09:54:00,24027.9,24029.2,24021.95,24023.35,1116561
1788150300,2026-08-31T09:55:00,24026.6,24026.6,24020.6,24020.85,1062242
1788150360,2026-08-31T09:56:00,24023.9,24023.9,24013.15,24014.35,790188
1788150420,2026-08-31T09:57:00,24015.8,24019.25,24013.25,24018.2,572550
1788150480,2026-08-31T09:58:00,24020.05,24024.2,24018.5,24022.85,668360
1788150540,2026-08-31T09:59:00,24024.85,24026.25,24019.9,24025.5,613693
1788150600,2026-08-31T10:00:00,24027.65,24033.25,24026.55,24030.9,539866
1788150660,2026-08-31T10:01:00,24032.65,24032.9,24025.45,24027.35,626108
1788150720,2026-08-31T10:02:00,24029.1,24032.0,24026.65,24028.15,547070
1788150780,2026-08-31T10:03:00,24030.85,24030.85,24023.4,24028.0,1569886
1788150840,2026-08-31T10:04:00,24029.15,24033.75,24027.25,24031.8,613674
1788150900,2026-08-31T10:05:00,24034.35,24040.3,24030.4,24040.3,1071390
1788150960,2026-08-31T10:06:00,24041.3,24042.0,24035.35,24040.2,1105528
1788151020,2026-08-31T10:07:00,24042.7,24043.35,24038.75,24040.85,774246
1788151080,2026-08-31T10:08:00,24041.4,24042.75,24037.8,24039.4,531617
1788151140,2026-08-31T10:09:00,24041.25,24041.25,24028.35,24029.75,900842
1788151200,2026-08-31T10:10:00,24032.15,24032.15,24016.3,24018.4,976388
1788151260,2026-08-31T10:11:00,24021.75,24021.75,24013.1,24014.95,868202
1788151320,2026-08-31T10:12:00,24018.1,24018.1,24009.8,24010.7,460524
1788151380,2026-08-31T10:13:00,24013.05,24021.95,24010.8,24019.9,674688
1788151440,2026-08-31T10:14:00,24021.9,24022.2,24016.05,24017.85,465206
1788151500,2026-08-31T10:15:00,24018.7,24018.75,24015.5,24016.85,441947
1788151560,2026-08-31T10:16:00,24019.4,24021.15,24014.3,24014.55,617311
1788151620,2026-08-31T10:17:00,24017.25,24018.8,24012.8,24016.75,1165530
1788151680,2026-08-31T10:18:00,24017.9,24018.9,24013.3,24014.9,493982
1788151740,2026-08-31T10:19:00,24016.95,24016.95,24010.65,24012.15,790608
1788151800,2026-08-31T10:20:00,24013.8,24013.8,24007.1,24007.95,531282
1788151860,2026-08-31T10:21:00,24009.55,24011.1,24007.3,24009.85,417145
1788151920,2026-08-31T10:22:00,24011.3,24015.45,24009.2,24014.5,998322
1788151980,2026-08-31T10:23:00,24017.5,24017.5,24008.25,24008.95,657031
1788152040,2026-08-31T10:24:00,24011.15,24011.15,24004.7,24009.5,579835
1788152100,2026-08-31T10:25:00,24010.85,24011.0,24005.75,24010.7,589202
1788152160,2026-08-31T10:26:00,24013.15,24023.65,24009.5,24023.65,718413
1788152220,2026-08-31T10:27:00,24024.95,24027.75,24022.75,24027.5,396551
1788152280,2026-08-31T10:28:00,24029.1,24033.0,24027.35,24031.35,393441
1788152340,2026-08-31T10:29:00,24033.3,24033.3,24026.85,24028.85,411682
1788152400,2026-08-31T10:30:00,24029.65,24032.1,24026.95,24028.6,388775
1788152460,2026-08-31T10:31:00,24030.9,24030.9,24024.65,24026.1,501099
1788152520,2026-08-31T10:32:00,24027.45,24029.4,24020.85,24021.3,427946
1788152580,2026-08-31T10:33:00,24024.3,24024.3,24012.1,24013.05,511777
1788152640,2026-08-31T10:34:00,24015.1,24015.1,24008.05,24008.05,808795
1788152700,2026-08-31T10:35:00,24012.0,24012.0,24006.9,24009.0,533206
1788152760,2026-08-31T10:36:00,24010.95,24010.95,24006.0,24007.2,512533
1788152820,2026-08-31T10:37:00,24009.75,24009.75,24000.0,24002.95,467037
1788152880,2026-08-31T10:38:00,24004.8,24004.8,23997.95,23999.9,460822
1788152940,2026-08-31T10:39:00,24001.6,24007.85,23999.35,24002.1,675600
1788153000,2026-08-31T10:40:00,24004.55,24005.8,23997.45,24001.45,525434
1788153060,2026-08-31T10:41:00,24001.9,24003.4,23998.9,24002.6,614591
1788153120,2026-08-31T10:42:00,24004.45,24004.6,23999.95,24001.8,521844
1788153180,2026-08-31T10:43:00,24003.55,24011.0,24001.6,24009.7,715184
1788153240,2026-08-31T10:44:00,24013.15,24013.15,24007.75,24010.65,864673
1788153300,2026-08-31T10:45:00,24012.25,24015.25,24009.45,24011.1,458981
1788153360,2026-08-31T10:46:00,24014.6,24014.6,24007.4,24007.75,878685
1788153420,2026-08-31T10:47:00,24009.95,24012.5,24004.45,24006.2,318361
1788153480,2026-08-31T10:48:00,24008.05,24009.3,24005.3,24007.5,347685
1788153540,2026-08-31T10:49:00,24009.05,24009.9,24006.5,24007.05,585843
1788153600,2026-08-31T10:50:00,24009.6,24009.8,24002.55,24003.45,541946
1788153660,2026-08-31T10:51:00,24005.55,24005.55,23997.1,23998.75,652192
1788153720,2026-08-31T10:52:00,24000.75,24003.55,23997.65,24001.9,440076
1788153780,2026-08-31T10:53:00,24005.15,24006.7,24001.65,24006.4,584759
1788153840,2026-08-31T10:54:00,24008.35,24010.35,24002.5,24003.8,595192
1788153900,2026-08-31T10:55:00,24005.8,24005.8,24001.45,24005.6,528238
1788153960,2026-08-31T10:56:00,24006.3,24006.75,24001.3,24004.7,581161
1788154020,2026-08-31T10:57:00,24006.2,24012.25,24004.3,24007.25,866772
1788154080,2026-08-31T10:58:00,24009.35,24012.95,24007.2,24012.45,388002
1788154140,2026-08-31T10:59:00,24014.05,24015.8,24009.15,24010.3,798375
1788154200,2026-08-31T11:00:00,24012.65,24015.95,24008.45,24014.85,734564
1788154260,2026-08-31T11:01:00,24016.1,24017.2,24011.5,24013.45,647450
1788154320,2026-08-31T11:02:00,24015.7,24016.8,24010.8,24012.65,793227
1788154380,2026-08-31T11:03:00,24013.65,24013.65,24008.65,24009.8,427266
1788154440,2026-08-31T11:04:00,24011.75,24012.85,24008.6,24011.4,529782
1788154500,2026-08-31T11:05:00,24011.7,24014.1,24008.7,24009.0,413140
1788154560,2026-08-31T11:06:00,24010.2,24010.55,24002.4,24004.15,545503
1788154620,2026-08-31T11:07:00,24005.1,24005.45,23999.0,24002.0,771152
1788154680,2026-08-31T11:08:00,24003.3,24004.3,23998.15,23999.1,438358
1788154740,2026-08-31T11:09:00,24000.6,24000.6,23995.6,23997.45,476940
1788154800,2026-08-31T11:10:00,23999.2,23999.45,23996.2,23998.0,487270
1788154860,2026-08-31T11:11:00,23999.6,24001.7,23994.65,23994.9,490890
1788154920,2026-08-31T11:12:00,23997.45,23997.45,23993.6,23995.7,364151
1788154980,2026-08-31T11:13:00,23997.0,24000.0,23994.5,23995.6,499362
1788155040,2026-08-31T11:14:00,23998.7,24002.7,23995.75,24001.6,465284
1788155100,2026-08-31T11:15:00,24003.3,24006.35,24000.25,24002.6,442324
1788155160,2026-08-31T11:16:00,24004.95,24007.6,24002.15,24004.7,553653
1788155220,2026-08-31T11:17:00,24007.05,24007.05,24002.9,24006.45,918800
1788155280,2026-08-31T11:18:00,24008.05,24009.35,24003.8,24004.6,350987
1788155340,2026-08-31T11:19:00,24005.65,24007.4,24003.2,24004.15,576279
1788155400,2026-08-31T11:20:00,24006.1,24006.85,24001.75,24004.8,398422
1788155460,2026-08-31T11:21:00,24006.3,24006.3,24000.65,24003.95,505019
1788155520,2026-08-31T11:22:00,24005.45,24009.55,24002.85,24007.75,431993
1788155580,2026-08-31T11:23:00,24009.75,24009.9,24006.55,24007.35,334831
1788155640,2026-08-31T11:24:00,24008.55,24008.55,24002.8,24002.95,492560
1788155700,2026-08-31T11:25:00,24005.85,24005.85,24001.85,24003.95,477012
1788155760,2026-08-31T11:26:00,24005.8,24005.8,24001.95,24002.3,573866
1788155820,2026-08-31T11:27:00,24003.9,24005.95,24001.65,24005.55,332444
1788155880,2026-08-31T11:28:00,24006.75,24008.4,24003.45,24003.75,557120
1788155940,2026-08-31T11:29:00,24007.0,24010.85,24003.75,24009.75,829257
1788156000,2026-08-31T11:30:00,24011.25,24016.55,24009.4,24014.85,483695
1788156060,2026-08-31T11:31:00,24017.35,24018.15,24010.3,24010.4,513032
1788156120,2026-08-31T11:32:00,24012.6,24014.95,24009.6,24012.7,399353
1788156180,2026-08-31T11:33:00,24013.95,24013.95,24008.4,24010.4,386117
1788156240,2026-08-31T11:34:00,24012.5,24018.9,24009.7,24014.5,600629
1788156300,2026-08-31T11:35:00,24018.3,24021.8,24014.55,24019.75,545948
1788156360,2026-08-31T11:36:00,24021.95,24026.7,24018.75,24019.6,950070
1788156420,2026-08-31T11:37:00,24021.85,24022.65,24013.55,24015.55,552845
1788156480,2026-08-31T11:38:00,24018.0,24023.0,24014.3,24019.55,492557
1788156540,2026-08-31T11:39:00,24021.75,24021.75,24015.6,24017.85,425859
1788156600,2026-08-31T11:40:00,24022.1,24022.85,24017.4,24020.3,385566
1788156660,2026-08-31T11:41:00,24024.05,24025.8,24020.45,24022.9,400852
1788156720,2026-08-31T11:42:00,24024.6,24028.7,24022.65,24026.6,426720
1788156780,2026-08-31T11:43:00,24029.35,24031.35,24025.75,24026.0,529108
1788156840,2026-08-31T11:44:00,24028.9,24028.9,24022.75,24024.85,1039320
1788156900,2026-08-31T11:45:00,24027.0,24030.25,24025.0,24026.6,416759
1788156960,2026-08-31T11:46:00,24030.0,24030.0,24024.95,24025.35,416490
1788157020,2026-08-31T11:47:00,24027.85,24027.85,24018.8,24020.65,343900
1788157080,2026-08-31T11:48:00,24022.7,24024.15,24018.8,24023.9,456903
1788157140,2026-08-31T11:49:00,24026.3,24036.3,24025.4,24032.15,954794
1788157200,2026-08-31T11:50:00,24033.9,24035.85,24030.6,24034.85,890900
1788157260,2026-08-31T11:51:00,24038.15,24041.55,24032.25,24034.9,514081
1788157320,2026-08-31T11:52:00,24037.15,24038.05,24033.25,24034.65,707403
1788157380,2026-08-31T11:53:00,24037.0,24043.9,24033.85,24042.3,558412
1788157440,2026-08-31T11:54:00,24045.1,24073.6,24041.5,24072.85,1304612
1788157500,2026-08-31T11:55:00,24074.25,24076.05,24064.9,24074.85,673249
1788157560,2026-08-31T11:56:00,24076.45,24088.7,24069.95,24083.75,841850
1788157620,2026-08-31T11:57:00,24085.1,24085.15,24079.2,24082.95,714141
1788157680,2026-08-31T11:58:00,24084.4,24084.4,24067.65,24068.25,581757
1788157740,2026-08-31T11:59:00,24071.9,24071.9,24062.05,24063.9,581185
1788157800,2026-08-31T12:00:00,24067.0,24068.85,24062.8,24065.1,657963
1788157860,2026-08-31T12:01:00,24068.05,24068.05,24059.1,24059.85,909160
1788157920,2026-08-31T12:02:00,24062.8,24067.75,24059.45,24067.3,377421
1788157980,2026-08-31T12:03:00,24068.75,24070.8,24062.05,24067.55,460782
1788158040,2026-08-31T12:04:00,24070.55,24078.15,24066.75,24075.85,474895
1788158100,2026-08-31T12:05:00,24078.7,24078.7,24066.35,24068.15,521858
1788158160,2026-08-31T12:06:00,24070.7,24070.7,24064.75,24068.5,639590
1788158220,2026-08-31T12:07:00,24070.65,24071.8,24066.7,24067.7,1045319
1788158280,2026-08-31T12:08:00,24069.65,24069.65,24063.5,24064.85,1092559
1788158340,2026-08-31T12:09:00,24066.75,24066.75,24061.45,24064.25,890083
1788158400,2026-08-31T12:10:00,24066.95,24066.95,24060.05,24062.05,418788
1788158460,2026-08-31T12:11:00,24063.75,24065.1,24060.65,24061.9,458207
1788158520,2026-08-31T12:12:00,24063.35,24065.55,24059.45,24064.7,830184
1788158580,2026-08-31T12:13:00,24066.7,24067.05,24061.35,24061.85,674589
1788158640,2026-08-31T12:14:00,24064.0,24064.0,24053.5,24055.95,600605
1788158700,2026-08-31T12:15:00,24057.75,24057.75,24052.45,24054.7,316662
1788158760,2026-08-31T12:16:00,24057.7,24065.15,24055.75,24063.15,489651
1788158820,2026-08-31T12:17:00,24066.2,24066.2,24062.15,24064.75,402063
1788158880,2026-08-31T12:18:00,24065.65,24068.1,24063.35,24065.95,662552
1788158940,2026-08-31T12:19:00,24070.1,24070.8,24065.95,24070.2,706213
1788159000,2026-08-31T12:20:00,24071.9,24073.4,24068.6,24070.0,1181758
1788159060,2026-08-31T12:21:00,24071.7,24074.05,24067.65,24072.55,401326
1788159120,2026-08-31T12:22:00,24075.65,24080.2,24072.45,24075.9,997394
1788159180,2026-08-31T12:23:00,24077.3,24077.3,24067.2,24067.65,548960
1788159240,2026-08-31T12:24:00,24070.8,24070.8,24064.3,24065.3,735027
1788159300,2026-08-31T12:25:00,24067.7,24068.55,24064.1,24066.15,538130
1788159360,2026-08-31T12:26:00,24068.7,24069.6,24063.25,24064.65,484504
1788159420,2026-08-31T12:27:00,24065.8,24066.15,24061.6,24064.2,383418
1788159480,2026-08-31T12:28:00,24066.45,24066.75,24063.2,24064.15,863376
1788159540,2026-08-31T12:29:00,24065.7,24070.1,24063.45,24064.2,584206
1788159600,2026-08-31T12:30:00,24066.25,24066.25,24054.05,24060.45,1081648
1788159660,2026-08-31T12:31:00,24062.6,24065.35,24060.55,24061.05,537606
1788159720,2026-08-31T12:32:00,24064.25,24066.6,24061.05,24065.55,540007
1788159780,2026-08-31T12:33:00,24067.4,24067.55,24062.3,24063.75,426456
1788159840,2026-08-31T12:34:00,24065.4,24066.1,24056.25,24057.0,447694
1788159900,2026-08-31T12:35:00,24061.0,24064.25,24057.35,24064.0,386320
1788159960,2026-08-31T12:36:00,24065.85,24065.95,24062.75,24065.1,724685
1788160020,2026-08-31T12:37:00,24066.7,24067.8,24062.85,24066.7,2162512
1788160080,2026-08-31T12:38:00,24068.6,24072.2,24066.35,24070.45,552710
1788160140,2026-08-31T12:39:00,24072.25,24072.25,24067.6,24071.4,405424
1788160200,2026-08-31T12:40:00,24073.0,24075.8,24070.8,24072.85,848728
1788160260,2026-08-31T12:41:00,24076.0,24079.35,24071.55,24077.95,505848
1788160320,2026-08-31T12:42:00,24079.2,24079.2,24071.05,24072.2,388706
1788160380,2026-08-31T12:43:00,24074.1,24074.1,24068.15,24070.15,359624
1788160440,2026-08-31T12:44:00,24071.9,24075.4,24070.6,24073.95,345189
1788160500,2026-08-31T12:45:00,24076.5,24076.5,24068.3,24068.9,520327
1788160560,2026-08-31T12:46:00,24071.7,24071.7,24063.5,24064.15,677502
1788160620,2026-08-31T12:47:00,24065.65,24068.65,24062.15,24065.75,461699
1788160680,2026-08-31T12:48:00,24068.05,24068.05,24063.95,24065.35,422446
1788160740,2026-08-31T12:49:00,24067.45,24069.8,24064.75,24067.8,590905
1788160800,2026-08-31T12:50:00,24070.6,24072.85,24066.4,24071.45,766025
1788160860,2026-08-31T12:51:00,24073.45,24074.65,24069.55,24071.3,903243
1788160920,2026-08-31T12:52:00,24074.1,24074.15,24070.15,24071.95,470190
1788160980,2026-08-31T12:53:00,24074.45,24074.9,24070.55,24070.95,297691
1788161040,2026-08-31T12:54:00,24073.4,24078.45,24070.85,24077.6,474386
1788161100,2026-08-31T12:55:00,24079.05,24079.05,24069.15,24071.2,598222
1788161160,2026-08-31T12:56:00,24072.75,24075.7,24070.65,24073.6,707757
1788161220,2026-08-31T12:57:00,24075.05,24075.05,24064.4,24067.25,1113203
1788161280,2026-08-31T12:58:00,24069.1,24069.35,24064.15,24067.6,473538
1788161340,2026-08-31T12:59:00,24069.5,24069.8,24062.15,24062.15,565455
1788161400,2026-08-31T13:00:00,24064.85,24067.4,24059.3,24061.95,713687
1788161460,2026-08-31T13:01:00,24063.8,24069.35,24057.4,24068.8,938167
1788161520,2026-08-31T13:02:00,24067.85,24069.9,24063.75,24064.95,426183
1788161580,2026-08-31T13:03:00,24067.15,24072.35,24063.55,24067.0,414216
1788161640,2026-08-31T13:04:00,24070.15,24071.3,24066.85,24068.6,363765
1788161700,2026-08-31T13:05:00,24071.45,24071.45,24066.25,24069.5,368798
1788161760,2026-08-31T13:06:00,24070.75,24070.75,24064.8,24065.95,344012
1788161820,2026-08-31T13:07:00,24067.75,24068.0,24063.1,24065.0,358189
1788161880,2026-08-31T13:08:00,24068.0,24068.0,24061.75,24063.75,465781
1788161940,2026-08-31T13:09:00,24066.2,24066.2,24058.0,24060.85,407197
1788162000,2026-08-31T13:10:00,24062.65,24065.1,24057.55,24062.3,971784
1788162060,2026-08-31T13:11:00,24063.9,24069.25,24060.4,24062.8,739027
1788162120,2026-08-31T13:12:00,24065.55,24067.0,24062.55,24066.5,429419
1788162180,2026-08-31T13:13:00,24067.35,24072.3,24063.85,24069.85,495925
1788162240,2026-08-31T13:14:00,24074.1,24076.8,24069.45,24074.15,504272
1788162300,2026-08-31T13:15:00,24076.0,24076.0,24070.05,24070.45,703001
1788162360,2026-08-31T13:16:00,24072.2,24072.4,24068.35,24069.15,441314
1788162420,2026-08-31T13:17:00,24070.75,24071.15,24066.35,24067.0,367913
1788162480,2026-08-31T13:18:00,24069.6,24070.2,24064.75,24068.7,391418
1788162540,2026-08-31T13:19:00,24071.4,24071.4,24065.3,24066.0,396353
1788162600,2026-08-31T13:20:00,24067.75,24068.45,24064.55,24065.25,499210
1788162660,2026-08-31T13:21:00,24067.55,24068.3,24065.3,24067.45,328025
1788162720,2026-08-31T13:22:00,24068.6,24070.0,24063.0,24063.5,502534
1788162780,2026-08-31T13:23:00,24065.2,24070.15,24063.9,24066.05,582591
1788162840,2026-08-31T13:24:00,24067.8,24068.5,24064.55,24065.0,468823
1788162900,2026-08-31T13:25:00,24067.8,24069.7,24065.25,24068.15,600763
1788162960,2026-08-31T13:26:00,24069.75,24070.0,24065.95,24067.85,943370
1788163020,2026-08-31T13:27:00,24069.75,24076.15,24065.65,24071.05,1828498
1788163080,2026-08-31T13:28:00,24071.85,24072.05,24064.0,24065.05,1619272
1788163140,2026-08-31T13:29:00,24066.75,24067.3,24063.1,24067.05,532904
1788163200,2026-08-31T13:30:00,24069.1,24069.1,24064.7,24066.35,378984
1788163260,2026-08-31T13:31:00,24068.85,24070.35,24062.85,24067.2,894345
1788163320,2026-08-31T13:32:00,24068.5,24073.1,24065.25,24071.2,588454
1788163380,2026-08-31T13:33:00,24073.65,24073.65,24068.1,24070.6,648259
1788163440,2026-08-31T13:34:00,24073.7,24073.7,24068.65,24069.85,764166
1788163500,2026-08-31T13:35:00,24071.2,24072.2,24066.95,24067.85,666572
1788163560,2026-08-31T13:36:00,24069.65,24069.65,24062.85,24063.7,549107
1788163620,2026-08-31T13:37:00,24067.55,24067.55,24058.85,24064.0,682031
1788163680,2026-08-31T13:38:00,24065.45,24069.75,24062.3,24065.6,536295
1788163740,2026-08-31T13:39:00,24067.8,24067.8,24059.5,24061.8,508828
1788163800,2026-08-31T13:40:00,24063.65,24067.0,24059.8,24063.35,444804
1788163860,2026-08-31T13:41:00,24065.5,24065.5,24058.0,24060.6,949420
1788163920,2026-08-31T13:42:00,24063.85,24063.85,24058.55,24059.8,583931
1788163980,2026-08-31T13:43:00,24061.9,24062.0,24053.65,24055.35,816537
1788164040,2026-08-31T13:44:00,24056.8,24061.15,24054.25,24055.05,767313
1788164100,2026-08-31T13:45:00,24058.15,24061.35,24054.6,24057.9,853629
1788164160,2026-08-31T13:46:00,24059.65,24060.6,24055.35,24055.5,579332
1788164220,2026-08-31T13:47:00,24058.25,24060.55,24054.9,24056.8,583967
1788164280,2026-08-31T13:48:00,24058.75,24064.05,24056.85,24061.8,579445
1788164340,2026-08-31T13:49:00,24064.35,24066.75,24061.85,24064.65,599966
1788164400,2026-08-31T13:50:00,24065.7,24066.65,24062.0,24063.4,541280
1788164460,2026-08-31T13:51:00,24066.75,24067.15,24061.5,24062.05,826704
1788164520,2026-08-31T13:52:00,24064.0,24065.55,24061.05,24061.35,415290
1788164580,2026-08-31T13:53:00,24063.05,24065.0,24056.65,24057.55,763350
1788164640,2026-08-31T13:54:00,24060.15,24062.65,24056.5,24058.25,439048
1788164700,2026-08-31T13:55:00,24060.1,24060.1,24052.65,24053.15,451911
1788164760,2026-08-31T13:56:00,24055.55,24055.55,24050.0,24054.45,756479
1788164820,2026-08-31T13:57:00,24056.1,24056.1,24050.25,24051.9,941946
1788164880,2026-08-31T13:58:00,24053.55,24054.35,24050.35,24051.7,379664
1788164940,2026-08-31T13:59:00,24053.95,24053.95,24043.2,24047.05,1067736
1788165000,2026-08-31T14:00:00,24049.05,24049.05,24039.5,24046.9,815440
1788165060,2026-08-31T14:01:00,24049.1,24050.7,24041.1,24044.7,2465678
1788165120,2026-08-31T14:02:00,24047.75,24047.75,24042.25,24042.75,1161441
1788165180,2026-08-31T14:03:00,24045.65,24047.2,24036.8,24037.35,793852
1788165240,2026-08-31T14:04:00,24039.75,24039.75,24031.9,24033.55,887651
1788165300,2026-08-31T14:05:00,24036.45,24036.7,24025.0,24025.0,906778
1788165360,2026-08-31T14:06:00,24027.85,24034.5,24024.8,24033.15,1266535
1788165420,2026-08-31T14:07:00,24036.35,24043.3,24030.4,24039.75,968307
1788165480,2026-08-31T14:08:00,24043.3,24043.3,24034.45,24037.1,1066105
1788165540,2026-08-31T14:09:00,24038.75,24039.0,24029.95,24031.7,715874
1788165600,2026-08-31T14:10:00,24034.9,24039.1,24031.6,24036.4,467019
1788165660,2026-08-31T14:11:00,24037.55,24037.55,24029.1,24030.55,588185
1788165720,2026-08-31T14:12:00,24033.85,24033.85,24029.95,24031.25,679239
1788165780,2026-08-31T14:13:00,24033.6,24034.7,24030.7,24031.95,561488
1788165840,2026-08-31T14:14:00,24033.0,24034.6,24029.25,24031.55,537537
1788165900,2026-08-31T14:15:00,24033.5,24034.1,24029.5,24032.55,668234
1788165960,2026-08-31T14:16:00,24034.65,24036.0,24027.0,24034.95,1624792
1788166020,2026-08-31T14:17:00,24038.0,24040.25,24033.6,24033.6,1900389
1788166080,2026-08-31T14:18:00,24036.35,24037.75,24032.6,24034.05,756403
1788166140,2026-08-31T14:19:00,24036.9,24037.6,24030.35,24034.55,1303501
1788166200,2026-08-31T14:20:00,24036.05,24036.05,24026.8,24027.75,1058404
1788166260,2026-08-31T14:21:00,24029.25,24032.1,24026.15,24029.85,842304
1788166320,2026-08-31T14:22:00,24030.9,24032.15,24024.45,24025.05,940571
1788166380,2026-08-31T14:23:00,24027.65,24027.65,24020.9,24023.45,1163065
1788166440,2026-08-31T14:24:00,24026.1,24029.85,24022.2,24024.75,968019
1788166500,2026-08-31T14:25:00,24027.95,24032.9,24023.35,24024.55,1547312
1788166560,2026-08-31T14:26:00,24027.9,24030.9,24025.5,24027.6,779206
1788166620,2026-08-31T14:27:00,24030.05,24030.05,24023.9,24025.35,855046
1788166680,2026-08-31T14:28:00,24027.5,24029.2,24020.6,24024.25,773898
1788166740,2026-08-31T14:29:00,24025.75,24028.85,24021.05,24022.2,845312
1788166800,2026-08-31T14:30:00,24023.85,24028.55,24020.5,24026.15,686887
1788166860,2026-08-31T14:31:00,24027.75,24032.05,24025.55,24030.65,807774
1788166920,2026-08-31T14:32:00,24032.9,24035.35,24031.05,24031.75,956301
1788166980,2026-08-31T14:33:00,24033.2,24034.9,24030.05,24030.25,748684
1788167040,2026-08-31T14:34:00,24032.15,24033.95,24026.65,24033.75,655223
1788167100,2026-08-31T14:35:00,24035.3,24037.8,24031.9,24034.25,724199
1788167160,2026-08-31T14:36:00,24036.55,24037.15,24030.85,24031.75,734493
1788167220,2026-08-31T14:37:00,24034.05,24036.95,24031.25,24035.8,889898
1788167280,2026-08-31T14:38:00,24037.7,24038.05,24033.5,24036.5,637074
1788167340,2026-08-31T14:39:00,24037.85,24046.6,24036.85,24044.65,865594
1788167400,2026-08-31T14:40:00,24045.0,24054.05,24045.0,24053.65,1065984
1788167460,2026-08-31T14:41:00,24054.1,24055.1,24050.9,24052.05,789228
1788167520,2026-08-31T14:42:00,24053.2,24063.6,24051.4,24059.35,1276278
1788167580,2026-08-31T14:43:00,24060.9,24061.45,24055.75,24056.45,757767
1788167640,2026-08-31T14:44:00,24057.65,24061.05,24052.55,24054.1,1543395
1788167700,2026-08-31T14:45:00,24056.15,24074.1,24055.4,24073.15,1733679
1788167760,2026-08-31T14:46:00,24075.95,24114.0,24072.45,24110.9,4185672
1788167820,2026-08-31T14:47:00,24112.5,24112.5,24084.4,24087.9,1700118
1788167880,2026-08-31T14:48:00,24088.45,24088.45,24073.05,24081.95,1545201
1788167940,2026-08-31T14:49:00,24082.75,24082.75,24074.5,24077.1,1059359
1788168000,2026-08-31T14:50:00,24077.25,24085.35,24075.6,24080.7,1852133
1788168060,2026-08-31T14:51:00,24080.25,24084.85,24079.3,24082.05,1298693
1788168120,2026-08-31T14:52:00,24083.15,24092.0,24081.95,24087.45,2158292
1788168180,2026-08-31T14:53:00,24087.45,24094.0,24084.7,24091.1,3743198
1788168240,2026-08-31T14:54:00,24092.25,24096.55,24088.65,24094.45,1717666
1788168300,2026-08-31T14:55:00,24095.05,24096.15,24089.75,24093.6,1552272
1788168360,2026-08-31T14:56:00,24093.1,24093.1,24081.15,24084.45,1730776
1788168420,2026-08-31T14:57:00,24083.8,24085.95,24077.85,24079.45,2036765
1788168480,2026-08-31T14:58:00,24081.6,24081.6,24072.4,24074.25,1607937
1788168540,2026-08-31T14:59:00,24074.2,24078.0,24069.7,24075.2,2082328
1788168600,2026-08-31T15:00:00,24074.95,24074.95,24057.2,24067.45,4721017
1788168660,2026-08-31T15:01:00,24066.25,24073.5,24065.05,24070.15,4339762
1788168720,2026-08-31T15:02:00,24070.2,24073.45,24066.1,24069.35,3196567
1788168780,2026-08-31T15:03:00,24070.15,24071.05,24058.6,24060.85,3426304
1788168840,2026-08-31T15:04:00,24060.8,24061.45,24054.25,24057.6,3522319
1788168900,2026-08-31T15:05:00,24056.7,24058.6,24046.25,24052.9,4717279
1788168960,2026-08-31T15:06:00,24050.75,24060.85,24050.15,24060.2,4249889
1788169020,2026-08-31T15:07:00,24059.2,24063.65,24057.45,24059.4,3721436
1788169080,2026-08-31T15:08:00,24060.7,24067.65,24057.55,24064.95,4160717
1788169140,2026-08-31T15:09:00,24066.0,24070.5,24061.85,24068.1,6558051
1788169200,2026-08-31T15:10:00,24068.3,24069.8,24058.0,24059.65,6252774
1788169260,2026-08-31T15:11:00,24059.05,24067.35,24056.7,24060.25,8172342
1788169320,2026-08-31T15:12:00,24059.65,24064.2,24053.55,24057.6,8091832
1788169380,2026-08-31T15:13:00,24057.3,24061.1,24053.2,24057.3,4467407
1788169440,2026-08-31T15:14:00,24056.9,24069.25,24044.65,24051.95,3108302
1788169500,2026-08-31T15:15:00,24050.25,24050.25,24050.25,24050.25,3108302
1788169560,2026-08-31T15:16:00,24050.25,24050.25,24050.25,24050.25,3108302
1788169620,2026-08-31T15:17:00,24050.25,24050.25,24050.25,24050.25,3108302
1788169680,2026-08-31T15:18:00,24050.25,24050.25,24050.25,24050.25,3108302
1788169740,2026-08-31T15:19:00,24050.25,24050.25,24050.25,24050.25,3108302
1788169800,2026-08-31T15:20:00,24050.25,24050.25,24050.25,24050.25,3108302
1788169860,2026-08-31T15:21:00,24050.25,24050.25,24050.25,24050.25,3108302
1788169920,2026-08-31T15:22:00,24050.25,24050.25,24050.25,24050.25,3108302
1788169980,2026-08-31T15:23:00,24050.25,24050.25,24050.25,24050.25,3108302
1788170040,2026-08-31T15:24:00,24050.25,24050.25,24050.25,24050.25,3108302
1788170100,2026-08-31T15:25:00,24050.25,24050.25,24050.25,24050.25,3108302
1788170160,2026-08-31T15:26:00,24050.25,24050.25,24050.25,24050.25,3108302
1788170220,2026-08-31T15:27:00,24050.25,24050.25,24050.25,24050.25,3108302
1788170280,2026-08-31T15:28:00,24050.25,24050.25,24050.25,24050.25,3108302
1788170340,2026-08-31T15:29:00,24050.25,24080.4,24050.25,24080.4,334598509
