Epoch,Timestamp,Open,High,Low,Close,Volume
1769917500,2026-02-01T09:15:00,25333.75,25342.55,25252.3,25279.0,2840725
1769917560,2026-02-01T09:16:00,25276.2,25279.35,25261.3,25265.25,1705050
1769917620,2026-02-01T09:17:00,25265.85,25282.0,25263.6,25281.35,1596177
1769917680,2026-02-01T09:18:00,25282.4,25294.15,25280.4,25290.7,1419103
1769917740,2026-02-01T09:19:00,25290.7,25294.3,25282.8,25282.8,1087977
1769917800,2026-02-01T09:20:00,25282.35,25301.0,25272.25,25299.4,1343709
1769917860,2026-02-01T09:21:00,25298.7,25299.6,25277.7,25279.9,1923461
1769917920,2026-02-01T09:22:00,25280.7,25297.0,25278.15,25284.9,1494445
1769917980,2026-02-01T09:23:00,25285.35,25299.15,25284.65,25297.95,888479
1769918040,2026-02-01T09:24:00,25297.0,25303.95,25291.05,25300.55,1095564
1769918100,2026-02-01T09:25:00,25300.05,25304.15,25287.65,25299.5,1139584
1769918160,2026-02-01T09:26:00,25298.55,25307.85,25296.45,25302.55,1589187
1769918220,2026-02-01T09:27:00,25302.0,25319.45,25300.55,25315.1,1228790
1769918280,2026-02-01T09:28:00,25314.85,25318.6,25310.95,25318.6,1007600
1769918340,2026-02-01T09:29:00,25319.15,25323.55,25312.5,25320.4,769490
1769918400,2026-02-01T09:30:00,25319.85,25322.15,25306.3,25306.3,685814
1769918460,2026-02-01T09:31:00,25308.95,25312.55,25297.25,25302.5,837641
1769918520,2026-02-01T09:32:00,25303.85,25309.65,25296.7,25301.65,1027036
1769918580,2026-02-01T09:33:00,25303.3,25315.15,25299.7,25310.4,630787
1769918640,2026-02-01T09:34:00,25311.95,25317.05,25302.85,25309.75,577487
1769918700,2026-02-01T09:35:00,25309.4,25310.95,25301.2,25301.2,538461
1769918760,2026-02-01T09:36:00,25302.1,25315.65,25301.55,25310.85,499210
1769918820,2026-02-01T09:37:00,25312.5,25320.9,25310.1,25320.35,797120
1769918880,2026-02-01T09:38:00,25320.6,25321.35,25308.7,25315.5,651519
1769918940,2026-02-01T09:39:00,25314.55,25318.75,25311.05,25311.2,608501
1769919000,2026-02-01T09:40:00,25308.95,25309.7,25301.6,25306.2,598521
1769919060,2026-02-01T09:41:00,25307.85,25315.6,25307.85,25312.55,579300
1769919120,2026-02-01T09:42:00,25312.8,25315.3,25308.3,25312.65,514025
1769919180,2026-02-01T09:43:00,25312.65,25319.45,25310.1,25317.75,592972
1769919240,2026-02-01T09:44:00,25316.9,25335.1,25316.7,25333.35,599535
1769919300,2026-02-01T09:45:00,25332.6,25346.85,25331.35,25338.2,576301
1769919360,2026-02-01T09:46:00,25338.45,25341.55,25334.2,25338.4,682967
1769919420,2026-02-01T09:47:00,25340.0,25341.85,25333.1,25333.65,671365
1769919480,2026-02-01T09:48:00,25332.2,25333.0,25324.9,25331.55,593602
1769919540,2026-02-01T09:49:00,25331.75,25338.5,25330.75,25334.7,574810
1769919600,2026-02-01T09:50:00,25333.55,25337.75,25264.85,25305.2,1939582
1769919660,2026-02-01T09:51:00,25302.3,25319.9,25302.3,25312.45,803544
1769919720,2026-02-01T09:52:00,25311.9,25324.3,25311.9,25319.05,736724
1769919780,2026-02-01T09:53:00,25320.7,25324.05,25318.25,25322.65,752613
1769919840,2026-02-01T09:54:00,25322.45,25328.55,25318.6,25319.6,1093463
1769919900,2026-02-01T09:55:00,25318.45,25325.1,25316.95,25320.15,640060
1769919960,2026-02-01T09:56:00,25320.65,25325.6,25310.55,25324.9,938300
1769920020,2026-02-01T09:57:00,25326.2,25330.2,25321.1,25323.35,642779
1769920080,2026-02-01T09:58:00,25322.6,25327.7,25319.95,25326.6,572267
1769920140,2026-02-01T09:59:00,25326.65,25331.4,25318.25,25321.5,463933
1769920200,2026-02-01T10:00:00,25321.95,25337.9,25321.95,25332.25,486913
1769920260,2026-02-01T10:01:00,25332.35,25333.15,25316.2,25320.45,586541
1769920320,2026-02-01T10:02:00,25320.4,25324.4,25317.3,25319.1,310744
1769920380,2026-02-01T10:03:00,25319.15,25329.55,25318.5,25327.9,349951
1769920440,2026-02-01T10:04:00,25327.25,25329.5,25323.15,25324.4,327305
1769920500,2026-02-01T10:05:00,25324.5,25330.15,25321.0,25328.55,348548
1769920560,2026-02-01T10:06:00,25329.55,25337.0,25329.0,25332.15,421000
1769920620,2026-02-01T10:07:00,25331.4,25336.25,25331.4,25331.6,466572
1769920680,2026-02-01T10:08:00,25331.6,25331.9,25325.45,25328.95,370597
1769920740,2026-02-01T10:09:00,25329.3,25331.8,25327.25,25330.1,702756
1769920800,2026-02-01T10:10:00,25330.2,25336.05,25327.25,25334.8,592237
1769920860,2026-02-01T10:11:00,25336.95,25339.45,25335.25,25338.25,515006
1769920920,2026-02-01T10:12:00,25338.3,25347.85,25335.5,25338.55,753363
1769920980,2026-02-01T10:13:00,25339.85,25346.85,25335.5,25344.4,434033
1769921040,2026-02-01T10:14:00,25345.95,25352.25,25339.95,25351.0,410167
1769921100,2026-02-01T10:15:00,25350.9,25359.3,25350.05,25353.35,666747
1769921160,2026-02-01T10:16:00,25352.9,25361.2,25351.75,25357.05,821341
1769921220,2026-02-01T10:17:00,25357.7,25360.05,25350.9,25351.45,507464
1769921280,2026-02-01T10:18:00,25351.9,25354.25,25341.45,25341.45,540747
1769921340,2026-02-01T10:19:00,25341.05,25347.25,25338.6,25347.15,503339
1769921400,2026-02-01T10:20:00,25347.15,25354.25,25346.5,25354.2,427498
1769921460,2026-02-01T10:21:00,25353.75,25369.4,25352.3,25363.05,710931
1769921520,2026-02-01T10:22:00,25362.55,25365.2,25358.55,25364.8,387597
1769921580,2026-02-01T10:23:00,25364.45,25370.2,25362.6,25366.35,393448
1769921640,2026-02-01T10:24:00,25367.3,25373.2,25365.65,25372.25,509931
1769921700,2026-02-01T10:25:00,25370.25,25372.9,25363.95,25370.4,420333
1769921760,2026-02-01T10:26:00,25370.65,25376.4,25363.9,25367.7,496373
1769921820,2026-02-01T10:27:00,25367.75,25374.65,25367.25,25373.7,342733
1769921880,2026-02-01T10:28:00,25373.65,25375.6,25369.85,25373.35,608304
1769921940,2026-02-01T10:29:00,25372.85,25372.95,25367.05,25368.25,257112
1769922000,2026-02-01T10:30:00,25369.3,25370.35,25363.2,25365.35,228674
1769922060,2026-02-01T10:31:00,25364.85,25367.05,25355.3,25355.9,534405
1769922120,2026-02-01T10:32:00,25355.55,25362.05,25354.85,25361.45,298091
1769922180,2026-02-01T10:33:00,25361.4,25372.1,25358.8,25371.05,396432
1769922240,2026-02-01T10:34:00,25371.6,25375.2,25368.9,25375.2,288064
1769922300,2026-02-01T10:35:00,25375.45,25386.9,25372.45,25381.9,354739
1769922360,2026-02-01T10:36:00,25382.15,25386.25,25377.2,25381.4,368745
1769922420,2026-02-01T10:37:00,25380.95,25387.55,25378.45,25384.15,429374
1769922480,2026-02-01T10:38:00,25384.4,25385.7,25377.1,25379.6,388913
1769922540,2026-02-01T10:39:00,25377.55,25380.8,25374.55,25375.65,365640
1769922600,2026-02-01T10:40:00,25376.4,25382.05,25376.4,25380.85,438419
1769922660,2026-02-01T10:41:00,25381.05,25382.25,25376.95,25377.7,559189
1769922720,2026-02-01T10:42:00,25378.35,25380.95,25368.85,25368.85,343278
1769922780,2026-02-01T10:43:00,25368.35,25372.8,25364.4,25368.85,346848
1769922840,2026-02-01T10:44:00,25368.6,25371.5,25366.85,25371.3,534110
1769922900,2026-02-01T10:45:00,25370.7,25376.65,25370.2,25374.25,676686
1769922960,2026-02-01T10:46:00,25374.1,25374.1,25360.3,25367.25,522448
1769923020,2026-02-01T10:47:00,25367.8,25369.3,25363.55,25368.65,347333
1769923080,2026-02-01T10:48:00,25368.45,25370.7,25363.7,25369.45,378322
1769923140,2026-02-01T10:49:00,25369.8,25372.95,25367.25,25369.4,264410
1769923200,2026-02-01T10:50:00,25369.05,25373.55,25367.55,25370.05,259582
1769923260,2026-02-01T10:51:00,25369.95,25371.0,25362.15,25362.15,254641
1769923320,2026-02-01T10:52:00,25362.6,25371.3,25359.7,25371.3,320905
1769923380,2026-02-01T10:53:00,25370.5,25376.65,25370.1,25371.6,289894
1769923440,2026-02-01T10:54:00,25372.2,25378.75,25371.05,25375.15,266917
1769923500,2026-02-01T10:55:00,25377.0,25378.7,25372.4,25372.85,441369
1769923560,2026-02-01T10:56:00,25373.15,25375.1,25369.6,25373.35,293471
1769923620,2026-02-01T10:57:00,25374.2,25379.3,25371.25,25379.0,710051
1769923680,2026-02-01T10:58:00,25378.15,25382.3,25376.4,25379.1,558914
1769923740,2026-02-01T10:59:00,25378.95,25385.8,25378.65,25383.0,357771
1769923800,2026-02-01T11:00:00,25383.75,25387.05,25379.95,25382.15,522402
1769923860,2026-02-01T11:01:00,25382.9,25385.7,25376.8,25376.9,345286
1769923920,2026-02-01T11:02:00,25375.3,25378.4,25353.15,25357.4,637709
1769923980,2026-02-01T11:03:00,25356.8,25362.05,25352.35,25354.65,360009
1769924040,2026-02-01T11:04:00,25353.55,25369.3,25348.9,25364.5,582245
1769924100,2026-02-01T11:05:00,25365.1,25374.4,25362.9,25370.6,342846
1769924160,2026-02-01T11:06:00,25371.1,25372.15,25365.7,25369.0,265102
1769924220,2026-02-01T11:07:00,25371.7,25383.25,25369.45,25382.5,262622
1769924280,2026-02-01T11:08:00,25382.75,25408.3,25380.2,25404.7,1159469
1769924340,2026-02-01T11:09:00,25404.1,25440.9,25402.8,25417.55,1179192
1769924400,2026-02-01T11:10:00,25415.85,25432.55,25415.45,25430.05,508928
1769924460,2026-02-01T11:11:00,25430.6,25439.35,25429.85,25435.15,1053025
1769924520,2026-02-01T11:12:00,25436.25,25439.45,25404.95,25418.65,3459534
1769924580,2026-02-01T11:13:00,25418.45,25426.8,25410.25,25411.3,1514057
1769924640,2026-02-01T11:14:00,25410.7,25417.05,25401.55,25411.0,1679964
1769924700,2026-02-01T11:15:00,25410.1,25412.35,25390.75,25393.3,1174034
1769924760,2026-02-01T11:16:00,25393.05,25404.9,25392.95,25403.3,683756
1769924820,2026-02-01T11:17:00,25401.95,25402.05,25394.35,25397.75,1042370
1769924880,2026-02-01T11:18:00,25397.45,25399.15,25384.65,25386.55,953988
1769924940,2026-02-01T11:19:00,25388.0,25390.2,25382.95,25383.75,515747
1769925000,2026-02-01T11:20:00,25385.05,25386.85,25356.25,25360.85,942014
1769925060,2026-02-01T11:21:00,25358.6,25385.15,25358.05,25384.35,575625
1769925120,2026-02-01T11:22:00,25383.15,25386.8,25377.5,25378.4,425031
1769925180,2026-02-01T11:23:00,25376.65,25383.2,25375.55,25376.0,455022
1769925240,2026-02-01T11:24:00,25375.65,25382.2,25367.9,25369.4,1104809
1769925300,2026-02-01T11:25:00,25370.65,25377.0,25368.8,25375.35,652947
1769925360,2026-02-01T11:26:00,25375.3,25398.3,25371.85,25395.35,865980
1769925420,2026-02-01T11:27:00,25394.55,25402.75,25382.55,25383.7,510170
1769925480,2026-02-01T11:28:00,25382.45,25386.2,25371.4,25376.15,604806
1769925540,2026-02-01T11:29:00,25375.55,25386.75,25373.3,25386.4,431166
1769925600,2026-02-01T11:30:00,25385.9,25400.95,25384.7,25400.3,735069
1769925660,2026-02-01T11:31:00,25402.0,25402.15,25386.15,25387.8,541783
1769925720,2026-02-01T11:32:00,25388.75,25388.75,25372.7,25372.7,364193
1769925780,2026-02-01T11:33:00,25373.15,25387.8,25373.15,25382.6,600211
1769925840,2026-02-01T11:34:00,25382.35,25387.05,25378.55,25387.05,522411
1769925900,2026-02-01T11:35:00,25386.1,25390.5,25383.9,25388.5,367875
1769925960,2026-02-01T11:36:00,25388.9,25389.2,25380.15,25382.45,550234
1769926020,2026-02-01T11:37:00,25382.75,25392.1,25382.45,25386.6,553962
1769926080,2026-02-01T11:38:00,25386.9,25387.95,25377.5,25379.95,646859
1769926140,2026-02-01T11:39:00,25380.05,25380.05,25365.95,25365.95,664504
1769926200,2026-02-01T11:40:00,25365.15,25367.7,25356.1,25356.15,712587
1769926260,2026-02-01T11:41:00,25355.9,25356.05,25331.25,25331.25,730533
1769926320,2026-02-01T11:42:00,25330.65,25330.8,25302.0,25323.05,1550075
1769926380,2026-02-01T11:43:00,25324.05,25333.75,25321.75,25332.45,931685
1769926440,2026-02-01T11:44:00,25332.05,25332.2,25309.45,25311.55,549907
1769926500,2026-02-01T11:45:00,25311.45,25312.5,25282.1,25286.55,1100009
1769926560,2026-02-01T11:46:00,25287.4,25311.5,25287.1,25309.9,648885
1769926620,2026-02-01T11:47:00,25308.95,25311.85,25298.65,25309.7,472745
1769926680,2026-02-01T11:48:00,25309.4,25310.95,25296.35,25296.65,531331
1769926740,2026-02-01T11:49:00,25297.4,25303.6,25293.3,25300.6,608380
1769926800,2026-02-01T11:50:00,25299.25,25322.9,25297.25,25320.85,810419
1769926860,2026-02-01T11:51:00,25319.95,25328.7,25314.2,25324.45,770328
1769926920,2026-02-01T11:52:00,25324.05,25325.9,25318.85,25323.9,386604
1769926980,2026-02-01T11:53:00,25324.6,25327.6,25319.15,25320.7,412053
1769927040,2026-02-01T11:54:00,25320.9,25328.9,25279.75,25289.3,746774
1769927100,2026-02-01T11:55:00,25289.2,25289.2,25268.0,25282.6,1019358
1769927160,2026-02-01T11:56:00,25281.7,25291.6,25273.65,25286.8,1208777
1769927220,2026-02-01T11:57:00,25285.65,25308.4,25281.85,25308.4,791523
1769927280,2026-02-01T11:58:00,25307.7,25312.45,25291.3,25292.5,820110
1769927340,2026-02-01T11:59:00,25292.45,25292.45,25279.05,25279.85,783299
1769927400,2026-02-01T12:00:00,25279.6,25281.0,25252.0,25255.15,1246752
1769927460,2026-02-01T12:01:00,25254.85,25262.05,25236.9,25261.55,1278175
1769927520,2026-02-01T12:02:00,25264.65,25272.3,25250.75,25252.1,738995
1769927580,2026-02-01T12:03:00,25251.85,25256.0,25246.2,25252.4,1091443
1769927640,2026-02-01T12:04:00,25253.0,25263.35,25250.25,25251.85,991508
1769927700,2026-02-01T12:05:00,25253.45,25255.3,25239.7,25251.0,591040
1769927760,2026-02-01T12:06:00,25252.5,25300.4,25248.65,25299.2,1075726
1769927820,2026-02-01T12:07:00,25299.45,25337.35,25289.7,25336.1,1493730
1769927880,2026-02-01T12:08:00,25338.75,25352.6,25328.45,25347.6,1244652
1769927940,2026-02-01T12:09:00,25350.1,25353.8,25315.55,25349.65,1169647
1769928000,2026-02-01T12:10:00,25348.25,25384.75,25344.6,25375.95,1233193
1769928060,2026-02-01T12:11:00,25375.9,25385.95,25267.8,25267.8,1331794
1769928120,2026-02-01T12:12:00,25264.05,25264.05,25203.4,25211.85,1884337
1769928180,2026-02-01T12:13:00,25215.0,25267.3,25206.05,25252.75,894845
1769928240,2026-02-01T12:14:00,25252.7,25254.95,25212.9,25223.55,538053
1769928300,2026-02-01T12:15:00,25226.75,25227.45,25166.65,25196.4,1111947
1769928360,2026-02-01T12:16:00,25203.45,25244.8,25201.6,25238.55,1260241
1769928420,2026-02-01T12:17:00,25237.2,25237.2,25190.9,25197.7,762737
1769928480,2026-02-01T12:18:00,25197.5,25199.55,25163.35,25165.8,875760
1769928540,2026-02-01T12:19:00,25165.95,25166.55,25080.7,25084.65,1783365
1769928600,2026-02-01T12:20:00,25084.7,25104.05,25025.75,25077.9,3199700
1769928660,2026-02-01T12:21:00,25077.9,25078.15,25027.8,25031.95,1583643
1769928720,2026-02-01T12:22:00,25030.3,25076.45,25028.0,25044.0,1449249
1769928780,2026-02-01T12:23:00,25044.2,25071.35,25041.35,25052.55,835724
1769928840,2026-02-01T12:24:00,25051.85,25051.9,25025.15,25030.3,1072036
1769928900,2026-02-01T12:25:00,25029.1,25074.1,25018.6,25074.1,1306893
1769928960,2026-02-01T12:26:00,25072.65,25075.45,25022.75,25031.3,2162292
1769929020,2026-02-01T12:27:00,25030.0,25032.05,24968.2,24986.4,3187428
1769929080,2026-02-01T12:28:00,24983.3,24995.7,24944.85,24954.3,1995086
1769929140,2026-02-01T12:29:00,24958.05,24959.55,24906.25,24906.45,2807869
1769929200,2026-02-01T12:30:00,24903.1,24905.1,24772.35,24777.05,4627256
1769929260,2026-02-01T12:31:00,24776.05,24780.5,24571.75,24669.0,5437312
1769929320,2026-02-01T12:32:00,24671.9,24825.25,24671.9,24825.25,4555214
1769929380,2026-02-01T12:33:00,24829.75,24899.45,24797.65,24800.25,3533097
1769929440,2026-02-01T12:34:00,24798.0,24845.95,24773.75,24834.45,2187816
1769929500,2026-02-01T12:35:00,24833.05,24898.3,24827.95,24868.8,2791412
1769929560,2026-02-01T12:36:00,24870.8,24956.9,24855.05,24949.4,2861138
1769929620,2026-02-01T12:37:00,24947.6,25001.6,24947.6,24965.7,2954082
1769929680,2026-02-01T12:38:00,24963.7,24984.7,24937.0,24960.9,3545961
1769929740,2026-02-01T12:39:00,24959.8,25015.15,24959.75,25009.95,2380359
1769929800,2026-02-01T12:40:00,25009.45,25013.0,24978.65,24992.55,2406089
1769929860,2026-02-01T12:41:00,24992.1,25011.65,24956.15,24956.15,1880349
1769929920,2026-02-01T12:42:00,24957.95,24990.0,24955.15,24989.9,1941803
1769929980,2026-02-01T12:43:00,24990.95,25058.7,24990.95,25035.25,2855137
1769930040,2026-02-01T12:44:00,25033.75,25041.75,25003.6,25013.15,2404450
1769930100,2026-02-01T12:45:00,25005.4,25044.25,24997.2,25034.4,1716425
1769930160,2026-02-01T12:46:00,25034.65,25044.9,25019.05,25025.05,1457666
1769930220,2026-02-01T12:47:00,25027.15,25070.3,25026.1,25063.85,1781333
1769930280,2026-02-01T12:48:00,25060.9,25062.25,24993.8,25002.4,1814923
1769930340,2026-02-01T12:49:00,24998.35,25010.35,24954.7,24971.9,2395054
1769930400,2026-02-01T12:50:00,24973.0,25024.2,24949.15,25023.4,2173845
1769930460,2026-02-01T12:51:00,25021.3,25021.3,24985.0,24999.5,1293237
1769930520,2026-02-01T12:52:00,24998.8,25022.1,24997.3,25010.05,1429926
1769930580,2026-02-01T12:53:00,25012.4,25019.0,24992.55,25008.15,1595059
1769930640,2026-02-01T12:54:00,25007.15,25028.55,25002.95,25025.8,857236
1769930700,2026-02-01T12:55:00,25027.55,25047.35,25026.4,25039.05,867346
1769930760,2026-02-01T12:56:00,25039.35,25072.25,25033.4,25072.15,909424
1769930820,2026-02-01T12:57:00,25071.7,25096.5,25066.7,25073.65,1632622
1769930880,2026-02-01T12:58:00,25076.4,25090.35,25058.9,25068.95,894086
1769930940,2026-02-01T12:59:00,25068.15,25075.9,25051.15,25075.9,780221
1769931000,2026-02-01T13:00:00,25074.15,25079.55,25058.3,25065.6,1101775
1769931060,2026-02-01T13:01:00,25066.15,25091.6,25055.75,25091.6,1079529
1769931120,2026-02-01T13:02:00,25092.2,25100.8,25069.6,25074.1,1176138
1769931180,2026-02-01T13:03:00,25073.5,25120.4,25073.5,25119.15,1276841
1769931240,2026-02-01T13:04:00,25119.8,25122.05,25099.15,25109.45,1203143
1769931300,2026-02-01T13:05:00,25107.4,25111.35,25093.5,25102.75,1137571
1769931360,2026-02-01T13:06:00,25103.75,25113.25,25090.85,25097.2,1156603
1769931420,2026-02-01T13:07:00,25099.75,25103.65,25080.05,25089.55,1255688
1769931480,2026-02-01T13:08:00,25090.2,25114.7,25090.2,25107.4,1513359
1769931540,2026-02-01T13:09:00,25109.95,25121.35,25106.3,25115.45,1673490
1769931600,2026-02-01T13:10:00,25114.5,25127.25,25108.8,25116.4,1502143
1769931660,2026-02-01T13:11:00,25116.6,25120.4,25063.6,25063.65,1454015
1769931720,2026-02-01T13:12:00,25064.4,25087.8,25064.4,25081.5,1163422
1769931780,2026-02-01T13:13:00,25079.1,25118.4,25079.1,25118.35,868148
1769931840,2026-02-01T13:14:00,25117.55,25141.9,25113.7,25119.95,802251
1769931900,2026-02-01T13:15:00,25121.15,25122.95,25099.05,25109.4,911673
1769931960,2026-02-01T13:16:00,25111.65,25124.45,25096.95,25108.7,626344
1769932020,2026-02-01T13:17:00,25108.4,25108.4,25092.15,25096.5,1017770
1769932080,2026-02-01T13:18:00,25095.7,25115.4,25090.85,25112.15,943563
1769932140,2026-02-01T13:19:00,25111.1,25120.35,25093.1,25118.1,727979
1769932200,2026-02-01T13:20:00,25118.5,25132.0,25118.5,25127.85,958814
1769932260,2026-02-01T13:21:00,25126.7,25145.65,25123.2,25145.0,717986
1769932320,2026-02-01T13:22:00,25145.0,25148.95,25135.7,25138.2,1039144
1769932380,2026-02-01T13:23:00,25139.25,25148.05,25131.0,25139.95,947655
1769932440,2026-02-01T13:24:00,25140.0,25142.55,25124.25,25129.6,796264
1769932500,2026-02-01T13:25:00,25128.5,25131.15,25104.3,25108.55,669705
1769932560,2026-02-01T13:26:00,25106.05,25120.85,25100.2,25119.1,858663
1769932620,2026-02-01T13:27:00,25115.95,25118.65,25082.15,25087.3,1136591
1769932680,2026-02-01T13:28:00,25086.0,25108.3,25084.8,25096.3,998370
1769932740,2026-02-01T13:29:00,25096.9,25097.05,25066.9,25066.9,830552
1769932800,2026-02-01T13:30:00,25065.6,25067.2,25035.8,25038.9,1366470
1769932860,2026-02-01T13:31:00,25038.5,25055.3,25031.1,25055.3,1084547
1769932920,2026-02-01T13:32:00,25056.35,25079.7,25056.35,25057.55,981681
1769932980,2026-02-01T13:33:00,25057.2,25075.7,25050.15,25074.8,669463
1769933040,2026-02-01T13:34:00,25074.7,25094.1,25067.5,25090.65,855895
1769933100,2026-02-01T13:35:00,25089.75,25101.7,25081.85,25098.7,1178681
1769933160,2026-02-01T13:36:00,25099.0,25099.75,25078.65,25082.75,664710
1769933220,2026-02-01T13:37:00,25082.7,25085.0,25064.1,25064.6,718980
1769933280,2026-02-01T13:38:00,25064.8,25066.95,25049.55,25066.15,809159
1769933340,2026-02-01T13:39:00,25065.85,25068.3,25060.05,25068.3,503193
1769933400,2026-02-01T13:40:00,25068.05,25077.8,25064.85,25076.75,803862
1769933460,2026-02-01T13:41:00,25075.7,25085.75,25058.75,25059.35,634227
1769933520,2026-02-01T13:42:00,25058.8,25065.4,25049.4,25059.55,551539
1769933580,2026-02-01T13:43:00,25059.4,25061.9,25047.35,25061.9,522082
1769933640,2026-02-01T13:44:00,25061.75,25085.55,25060.15,25077.1,595789
1769933700,2026-02-01T13:45:00,25078.0,25095.3,25078.0,25090.05,549734
1769933760,2026-02-01T13:46:00,25091.3,25094.3,25073.9,25075.95,807063
1769933820,2026-02-01T13:47:00,25076.45,25078.5,25059.95,25066.6,637393
1769933880,2026-02-01T13:48:00,25067.25,25084.6,25065.35,25072.35,641801
1769933940,2026-02-01T13:49:00,25071.75,25076.05,25052.7,25052.9,914835
1769934000,2026-02-01T13:50:00,25053.2,25053.8,25041.15,25043.65,852033
1769934060,2026-02-01T13:51:00,25044.45,25049.85,25035.35,25043.5,909314
1769934120,2026-02-01T13:52:00,25043.4,25043.7,24994.6,24994.6,1343629
1769934180,2026-02-01T13:53:00,24994.95,25007.65,24985.3,24994.15,1306574
1769934240,2026-02-01T13:54:00,24993.75,25008.3,24993.0,24996.2,891005
1769934300,2026-02-01T13:55:00,24995.55,25024.15,24993.5,25022.05,753190
1769934360,2026-02-01T13:56:00,25024.0,25045.9,25024.0,25039.85,719459
1769934420,2026-02-01T13:57:00,25041.15,25041.55,25026.05,25028.15,632163
1769934480,2026-02-01T13:58:00,25026.65,25046.45,25022.35,25043.1,559024
1769934540,2026-02-01T13:59:00,25044.45,25050.85,25041.75,25048.95,506706
1769934600,2026-02-01T14:00:00,25047.1,25063.85,25046.15,25057.85,955017
1769934660,2026-02-01T14:01:00,25057.4,25058.25,25047.65,25049.15,399078
1769934720,2026-02-01T14:02:00,25048.7,25052.85,25027.75,25036.9,590424
1769934780,2026-02-01T14:03:00,25038.5,25046.3,25032.3,25046.3,588340
1769934840,2026-02-01T14:04:00,25045.4,25046.3,25028.05,25030.1,531368
1769934900,2026-02-01T14:05:00,25030.4,25031.75,25015.85,25020.45,862756
1769934960,2026-02-01T14:06:00,25021.8,25029.45,25019.55,25028.35,1045540
1769935020,2026-02-01T14:07:00,25023.9,25023.9,25007.65,25013.55,747602
1769935080,2026-02-01T14:08:00,25012.2,25017.05,25005.6,25005.8,490538
1769935140,2026-02-01T14:09:00,25007.95,25015.05,25004.65,25012.55,825772
1769935200,2026-02-01T14:10:00,25011.75,25011.75,24983.55,24991.9,1030326
1769935260,2026-02-01T14:11:00,24991.0,25014.95,24989.1,25007.5,1132241
1769935320,2026-02-01T14:12:00,25008.0,25013.75,25002.25,25011.7,921967
1769935380,2026-02-01T14:13:00,25012.55,25025.6,25012.55,25021.65,495379
1769935440,2026-02-01T14:14:00,25022.3,25025.8,25010.05,25011.75,575734
1769935500,2026-02-01T14:15:00,25012.3,25013.05,24995.8,25004.35,803968
1769935560,2026-02-01T14:16:00,25004.4,25017.45,24991.3,25015.4,726217
1769935620,2026-02-01T14:17:00,25015.8,25020.6,25010.75,25019.6,657771
1769935680,2026-02-01T14:18:00,25019.15,25021.2,25012.35,25018.15,853430
1769935740,2026-02-01T14:19:00,25017.5,25020.5,25011.35,25012.8,655147
1769935800,2026-02-01T14:20:00,25013.65,25039.35,25011.65,25029.8,755464
1769935860,2026-02-01T14:21:00,25029.6,25031.75,25017.6,25017.6,552283
1769935920,2026-02-01T14:22:00,25017.75,25018.2,25000.4,25007.3,852555
1769935980,2026-02-01T14:23:00,25006.75,25019.7,25006.0,25007.5,1109993
1769936040,2026-02-01T14:24:00,25006.9,25013.9,25005.2,25011.85,558008
1769936100,2026-02-01T14:25:00,25013.35,25035.75,25013.35,25034.55,786043
1769936160,2026-02-01T14:26:00,25034.15,25045.9,25033.15,25040.65,716499
1769936220,2026-02-01T14:27:00,25040.05,25050.5,25040.05,25043.6,580417
1769936280,2026-02-01T14:28:00,25043.75,25052.9,25043.0,25051.85,446436
1769936340,2026-02-01T14:29:00,25052.45,25053.8,25038.0,25039.1,411873
1769936400,2026-02-01T14:30:00,25038.45,25039.1,25031.35,25032.2,1103488
1769936460,2026-02-01T14:31:00,25032.7,25043.55,25026.9,25043.0,451968
1769936520,2026-02-01T14:32:00,25043.2,25052.1,25042.8,25050.85,505150
1769936580,2026-02-01T14:33:00,25050.6,25069.95,25043.3,25069.5,809363
1769936640,2026-02-01T14:34:00,25070.2,25070.8,25055.35,25063.85,648580
1769936700,2026-02-01T14:35:00,25064.1,25067.95,25053.6,25053.6,531310
1769936760,2026-02-01T14:36:00,25054.0,25091.55,25053.2,25085.75,664160
1769936820,2026-02-01T14:37:00,25082.3,25082.3,25054.45,25058.6,664859
1769936880,2026-02-01T14:38:00,25057.95,25060.25,25046.75,25053.6,621395
1769936940,2026-02-01T14:39:00,25054.25,25063.7,25054.25,25058.75,395878
1769937000,2026-02-01T14:40:00,25057.95,25063.85,25051.2,25055.75,472272
1769937060,2026-02-01T14:41:00,25055.7,25061.3,25049.65,25059.95,497662
1769937120,2026-02-01T14:42:00,25060.05,25065.45,25055.95,25056.7,460287
1769937180,2026-02-01T14:43:00,25056.45,25056.45,25043.35,25049.25,506084
1769937240,2026-02-01T14:44:00,25048.7,25048.9,25034.85,25035.05,555439
1769937300,2026-02-01T14:45:00,25033.7,25038.6,25020.45,25038.6,770323
1769937360,2026-02-01T14:46:00,25037.95,25045.9,25034.1,25044.2,895984
1769937420,2026-02-01T14:47:00,25044.95,25052.0,25019.95,25023.85,1056105
1769937480,2026-02-01T14:48:00,25024.3,25024.3,24996.65,25000.4,1073703
1769937540,2026-02-01T14:49:00,24999.95,24999.95,24965.0,24967.05,1211518
1769937600,2026-02-01T14:50:00,24967.1,24973.8,24950.85,24972.85,1105057
1769937660,2026-02-01T14:51:00,24972.5,24973.75,24936.0,24936.45,1558935
1769937720,2026-02-01T14:52:00,24936.45,24959.8,24935.8,24949.65,1210559
1769937780,2026-02-01T14:53:00,24948.95,24959.7,24932.2,24932.2,965854
1769937840,2026-02-01T14:54:00,24932.2,24941.4,24928.6,24931.3,932983
1769937900,2026-02-01T14:55:00,24932.8,24951.35,24931.05,24943.2,973655
1769937960,2026-02-01T14:56:00,24944.3,24953.25,24938.25,24949.25,1022381
1769938020,2026-02-01T14:57:00,24948.65,24955.7,24934.7,24955.7,899467
1769938080,2026-02-01T14:58:00,24954.75,24955.7,24912.45,24921.1,1337034
1769938140,2026-02-01T14:59:00,24920.05,24935.05,24916.75,24923.85,1529770
1769938200,2026-02-01T15:00:00,24923.9,24930.9,24910.65,24920.9,1418805
1769938260,2026-02-01T15:01:00,24920.1,24921.55,24907.1,24910.35,1199039
1769938320,2026-02-01T15:02:00,24910.4,24935.0,24905.45,24931.0,1353087
1769938380,2026-02-01T15:03:00,24932.75,24944.45,24928.45,24939.85,1116672
1769938440,2026-02-01T15:04:00,24939.15,24947.05,24933.15,24942.5,896768
1769938500,2026-02-01T15:05:00,24942.45,24954.25,24937.7,24953.5,1013515
1769938560,2026-02-01T15:06:00,24953.3,24953.4,24909.2,24909.2,1323588
1769938620,2026-02-01T15:07:00,24909.1,24923.4,24908.95,24911.85,1053622
1769938680,2026-02-01T15:08:00,24910.65,24916.45,24902.55,24903.95,1461847
1769938740,2026-02-01T15:09:00,24904.8,24904.8,24874.9,24880.1,1402907
1769938800,2026-02-01T15:10:00,24880.5,24886.95,24866.05,24876.0,1561657
1769938860,2026-02-01T15:11:00,24875.3,24891.75,24865.1,24867.8,1295854
1769938920,2026-02-01T15:12:00,24868.3,24882.1,24865.0,24877.3,1440387
1769938980,2026-02-01T15:13:00,24875.65,24876.95,24857.8,24859.9,1257260
1769939040,2026-02-01T15:14:00,24861.45,24869.4,24847.45,24850.15,1418519
1769939100,2026-02-01T15:15:00,24849.4,24850.55,24784.55,24795.85,2409947
1769939160,2026-02-01T15:16:00,24796.25,24813.2,24786.85,24804.0,1552610
1769939220,2026-02-01T15:17:00,24802.25,24810.9,24797.2,24805.6,1352476
1769939280,2026-02-01T15:18:00,24804.65,24805.75,24789.4,24796.1,2178916
1769939340,2026-02-01T15:19:00,24798.6,24805.6,24790.5,24790.95,2412297
1769939400,2026-02-01T15:20:00,24791.05,24797.9,24789.4,24793.95,2367423
1769939460,2026-02-01T15:21:00,24791.0,24802.4,24789.0,24797.95,2000261
1769939520,2026-02-01T15:22:00,24798.0,24800.55,24776.35,24779.55,2172190
1769939580,2026-02-01T15:23:00,24779.15,24780.75,24766.2,24770.0,1617459
1769939640,2026-02-01T15:24:00,24770.7,24772.35,24750.75,24751.0,2203405
1769939700,2026-02-01T15:25:00,24749.95,24751.45,24721.0,24739.2,2607574
1769939760,2026-02-01T15:26:00,24738.2,24751.25,24738.2,24751.25,1949594
1769939820,2026-02-01T15:27:00,24751.1,24757.75,24741.55,24757.75,2543489
1769939880,2026-02-01T15:28:00,24754.1,24761.05,24749.5,24755.4,1901487
1769939940,2026-02-01T15:29:00,24754.3,24768.0,24741.3,24768.0,1601746
1770003900,2026-02-02T09:15:00,24796.5,24813.15,24726.85,24772.3,7725717
1770003960,2026-02-02T09:16:00,24762.4,24796.9,24761.65,24782.9,4115923
1770004020,2026-02-02T09:17:00,24784.2,24815.85,24783.55,24800.5,2790142
1770004080,2026-02-02T09:18:00,24800.55,24800.75,24773.5,24782.75,2638057
1770004140,2026-02-02T09:19:00,24782.8,24813.95,24782.8,24803.7,2247594
1770004200,2026-02-02T09:20:00,24806.35,24839.65,24803.9,24824.4,3046116
1770004260,2026-02-02T09:21:00,24820.4,24844.45,24809.7,24836.55,2655435
1770004320,2026-02-02T09:22:00,24838.3,24867.8,24833.1,24851.9,2494157
1770004380,2026-02-02T09:23:00,24850.9,24884.7,24848.55,24879.05,2537876
1770004440,2026-02-02T09:24:00,24881.35,24882.2,24864.8,24875.8,1524171
1770004500,2026-02-02T09:25:00,24877.4,24880.0,24825.85,24839.65,2044814
1770004560,2026-02-02T09:26:00,24840.05,24860.8,24840.05,24847.2,1793484
1770004620,2026-02-02T09:27:00,24850.55,24856.35,24822.1,24833.2,2591574
1770004680,2026-02-02T09:28:00,24835.45,24857.15,24818.15,24853.0,2437344
1770004740,2026-02-02T09:29:00,24854.0,24859.3,24838.45,24851.35,2469283
1770004800,2026-02-02T09:30:00,24853.1,24882.3,24843.85,24879.8,1990021
1770004860,2026-02-02T09:31:00,24881.65,24912.75,24876.2,24903.4,1928062
1770004920,2026-02-02T09:32:00,24903.8,24917.05,24903.45,24915.15,1700230
1770004980,2026-02-02T09:33:00,24914.15,24918.55,24904.0,24910.65,2105390
1770005040,2026-02-02T09:34:00,24911.0,24912.85,24881.0,24889.6,1913763
1770005100,2026-02-02T09:35:00,24887.45,24887.75,24858.3,24858.3,2678137
1770005160,2026-02-02T09:36:00,24856.85,24889.7,24854.4,24879.5,1933623
1770005220,2026-02-02T09:37:00,24883.2,24896.0,24876.3,24888.65,1440199
1770005280,2026-02-02T09:38:00,24888.55,24914.1,24885.9,24901.05,1576680
1770005340,2026-02-02T09:39:00,24902.8,24909.55,24887.75,24887.75,1122271
1770005400,2026-02-02T09:40:00,24888.7,24894.65,24871.35,24875.0,1401675
1770005460,2026-02-02T09:41:00,24874.7,24907.2,24871.0,24898.7,1118695
1770005520,2026-02-02T09:42:00,24897.55,24899.05,24876.4,24878.75,1071448
1770005580,2026-02-02T09:43:00,24879.1,24895.4,24879.1,24880.8,1090270
1770005640,2026-02-02T09:44:00,24880.1,24883.25,24864.7,24865.05,1086228
1770005700,2026-02-02T09:45:00,24867.1,24887.65,24850.45,24875.5,1647595
1770005760,2026-02-02T09:46:00,24878.35,24888.8,24876.55,24886.8,1177621
1770005820,2026-02-02T09:47:00,24886.95,24895.55,24876.6,24883.75,1091771
1770005880,2026-02-02T09:48:00,24884.45,24907.2,24884.45,24898.2,1058734
1770005940,2026-02-02T09:49:00,24899.85,24904.3,24884.7,24893.95,921268
1770006000,2026-02-02T09:50:00,24893.7,24897.15,24873.4,24873.95,870055
1770006060,2026-02-02T09:51:00,24874.25,24915.1,24873.45,24913.85,1546891
1770006120,2026-02-02T09:52:00,24914.35,24926.35,24898.95,24925.8,1726796
1770006180,2026-02-02T09:53:00,24926.55,24934.4,24915.85,24922.55,1153845
1770006240,2026-02-02T09:54:00,24922.55,24942.95,24921.15,24937.5,1176689
1770006300,2026-02-02T09:55:00,24936.15,24939.05,24923.8,24927.55,938393
1770006360,2026-02-02T09:56:00,24928.6,24932.35,24920.05,24932.2,2521615
1770006420,2026-02-02T09:57:00,24932.85,24936.35,24920.0,24921.05,1159011
1770006480,2026-02-02T09:58:00,24921.25,24921.25,24872.45,24872.65,1847183
1770006540,2026-02-02T09:59:00,24873.1,24873.1,24857.8,24861.9,1301415
1770006600,2026-02-02T10:00:00,24863.3,24865.3,24839.2,24852.55,1962617
1770006660,2026-02-02T10:01:00,24851.9,24865.9,24833.2,24860.1,1566704
1770006720,2026-02-02T10:02:00,24859.05,24862.2,24848.25,24850.6,1122830
1770006780,2026-02-02T10:03:00,24851.55,24851.55,24836.3,24837.15,1259211
1770006840,2026-02-02T10:04:00,24838.9,24838.9,24817.2,24817.2,1306802
1770006900,2026-02-02T10:05:00,24816.65,24821.5,24804.25,24810.85,1616823
1770006960,2026-02-02T10:06:00,24812.35,24817.55,24805.55,24817.55,2622207
1770007020,2026-02-02T10:07:00,24816.95,24821.65,24802.5,24805.4,1102153
1770007080,2026-02-02T10:08:00,24806.85,24818.15,24796.75,24797.45,1088087
1770007140,2026-02-02T10:09:00,24796.25,24813.95,24795.7,24810.55,896330
1770007200,2026-02-02T10:10:00,24809.0,24811.7,24798.7,24807.4,886277
1770007260,2026-02-02T10:11:00,24806.45,24849.8,24804.7,24826.25,1516087
1770007320,2026-02-02T10:12:00,24825.05,24835.6,24819.4,24833.1,880830
1770007380,2026-02-02T10:13:00,24829.85,24831.15,24810.45,24814.85,788953
1770007440,2026-02-02T10:14:00,24814.65,24836.15,24808.2,24826.15,754574
1770007500,2026-02-02T10:15:00,24825.5,24829.9,24816.8,24818.8,658548
1770007560,2026-02-02T10:16:00,24817.4,24825.2,24809.95,24816.35,794145
1770007620,2026-02-02T10:17:00,24815.65,24824.6,24812.1,24812.1,744191
1770007680,2026-02-02T10:18:00,24811.75,24825.65,24811.05,24825.5,770403
1770007740,2026-02-02T10:19:00,24825.65,24845.6,24820.45,24834.1,1014887
1770007800,2026-02-02T10:20:00,24832.1,24842.55,24813.95,24815.0,1351436
1770007860,2026-02-02T10:21:00,24813.2,24825.85,24805.0,24806.75,878076
1770007920,2026-02-02T10:22:00,24807.95,24815.65,24801.1,24801.8,800699
1770007980,2026-02-02T10:23:00,24802.6,24819.65,24799.9,24817.2,830896
1770008040,2026-02-02T10:24:00,24816.75,24830.4,24812.4,24814.7,687083
1770008100,2026-02-02T10:25:00,24813.85,24822.1,24810.1,24811.85,896224
1770008160,2026-02-02T10:26:00,24812.2,24834.3,24811.05,24833.3,1092844
1770008220,2026-02-02T10:27:00,24833.9,24850.6,24824.6,24848.25,944335
1770008280,2026-02-02T10:28:00,24848.25,24849.6,24829.1,24829.1,681698
1770008340,2026-02-02T10:29:00,24828.75,24834.1,24823.35,24826.4,795298
1770008400,2026-02-02T10:30:00,24826.0,24844.5,24825.65,24840.65,916486
1770008460,2026-02-02T10:31:00,24841.4,24855.2,24840.45,24854.9,818204
1770008520,2026-02-02T10:32:00,24854.35,24861.25,24851.65,24858.15,825161
1770008580,2026-02-02T10:33:00,24858.6,24865.35,24850.85,24854.35,687151
1770008640,2026-02-02T10:34:00,24855.5,24863.3,24854.65,24859.8,540856
1770008700,2026-02-02T10:35:00,24859.3,24866.45,24853.5,24862.05,721343
1770008760,2026-02-02T10:36:00,24861.65,24873.65,24861.65,24864.05,828411
1770008820,2026-02-02T10:37:00,24862.85,24865.95,24851.7,24856.0,654887
1770008880,2026-02-02T10:38:00,24855.65,24858.25,24846.85,24849.1,974553
1770008940,2026-02-02T10:39:00,24849.0,24863.2,24839.35,24855.95,991099
1770009000,2026-02-02T10:40:00,24855.6,24872.2,24853.8,24870.95,760263
1770009060,2026-02-02T10:41:00,24870.1,24871.3,24862.4,24863.35,492567
1770009120,2026-02-02T10:42:00,24863.3,24868.85,24858.3,24858.7,787134
1770009180,2026-02-02T10:43:00,24858.75,24866.25,24853.5,24853.5,807097
1770009240,2026-02-02T10:44:00,24852.35,24852.45,24841.55,24846.9,756449
1770009300,2026-02-02T10:45:00,24846.5,24853.5,24840.65,24842.7,660443
1770009360,2026-02-02T10:46:00,24842.15,24844.85,24837.3,24839.65,581233
1770009420,2026-02-02T10:47:00,24839.1,24846.6,24836.6,24845.8,650219
1770009480,2026-02-02T10:48:00,24845.6,24854.55,24844.75,24850.8,670219
1770009540,2026-02-02T10:49:00,24851.3,24861.45,24847.0,24848.9,614293
1770009600,2026-02-02T10:50:00,24848.5,24857.85,24846.35,24857.55,739974
1770009660,2026-02-02T10:51:00,24858.55,24864.35,24853.2,24859.6,851909
1770009720,2026-02-02T10:52:00,24859.35,24859.55,24848.6,24851.2,597447
1770009780,2026-02-02T10:53:00,24851.05,24851.65,24825.7,24825.7,910117
1770009840,2026-02-02T10:54:00,24826.85,24828.1,24819.8,24822.65,729934
1770009900,2026-02-02T10:55:00,24822.6,24823.05,24793.3,24793.85,1722011
1770009960,2026-02-02T10:56:00,24794.95,24798.55,24783.5,24788.4,1443286
1770010020,2026-02-02T10:57:00,24788.4,24790.25,24774.65,24777.7,924461
1770010080,2026-02-02T10:58:00,24778.5,24782.8,24771.6,24771.6,1109872
1770010140,2026-02-02T10:59:00,24773.2,24776.3,24769.15,24773.0,860540
1770010200,2026-02-02T11:00:00,24770.25,24772.05,24764.25,24769.95,989294
1770010260,2026-02-02T11:01:00,24767.8,24768.5,24742.35,24742.35,2035439
1770010320,2026-02-02T11:02:00,24743.0,24767.15,24742.05,24761.75,1709405
1770010380,2026-02-02T11:03:00,24758.8,24761.5,24754.45,24756.6,1328816
1770010440,2026-02-02T11:04:00,24755.05,24755.85,24741.75,24749.75,1467327
1770010500,2026-02-02T11:05:00,24747.8,24751.3,24744.25,24750.2,720689
1770010560,2026-02-02T11:06:00,24747.9,24751.95,24737.1,24741.2,1094445
1770010620,2026-02-02T11:07:00,24739.25,24739.25,24728.05,24731.65,920721
1770010680,2026-02-02T11:08:00,24729.55,24736.4,24725.5,24728.4,1183175
1770010740,2026-02-02T11:09:00,24725.65,24727.2,24702.0,24723.0,1862604
1770010800,2026-02-02T11:10:00,24720.8,24728.6,24711.05,24728.35,1142165
1770010860,2026-02-02T11:11:00,24728.9,24731.05,24714.95,24715.35,1077048
1770010920,2026-02-02T11:12:00,24713.85,24732.05,24713.85,24726.25,1206981
1770010980,2026-02-02T11:13:00,24723.4,24734.1,24719.75,24734.1,850709
1770011040,2026-02-02T11:14:00,24731.1,24740.85,24727.7,24728.45,932109
1770011100,2026-02-02T11:15:00,24727.0,24733.9,24723.55,24733.2,758991
1770011160,2026-02-02T11:16:00,24729.75,24731.45,24722.6,24728.25,822227
1770011220,2026-02-02T11:17:00,24725.65,24726.75,24716.2,24723.6,908544
1770011280,2026-02-02T11:18:00,24723.4,24724.3,24711.9,24718.2,771278
1770011340,2026-02-02T11:19:00,24715.9,24715.95,24704.45,24710.1,858195
1770011400,2026-02-02T11:20:00,24710.0,24717.75,24704.6,24717.25,1046706
1770011460,2026-02-02T11:21:00,24716.6,24718.0,24708.1,24712.1,831466
1770011520,2026-02-02T11:22:00,24709.25,24713.6,24693.4,24694.4,1144705
1770011580,2026-02-02T11:23:00,24692.75,24695.5,24683.0,24686.75,1053272
1770011640,2026-02-02T11:24:00,24684.95,24692.55,24682.1,24686.75,748028
1770011700,2026-02-02T11:25:00,24684.6,24693.6,24679.4,24693.6,925452
1770011760,2026-02-02T11:26:00,24691.65,24713.6,24691.65,24710.75,886155
1770011820,2026-02-02T11:27:00,24708.25,24715.45,24705.25,24705.95,1037877
1770011880,2026-02-02T11:28:00,24702.8,24717.2,24700.5,24717.2,761945
1770011940,2026-02-02T11:29:00,24714.55,24728.1,24711.85,24726.25,914942
1770012000,2026-02-02T11:30:00,24724.3,24752.6,24722.05,24752.6,956705
1770012060,2026-02-02T11:31:00,24751.6,24758.8,24744.1,24758.75,921700
1770012120,2026-02-02T11:32:00,24758.45,24793.1,24758.0,24792.55,1064215
1770012180,2026-02-02T11:33:00,24791.95,24815.95,24788.15,24804.7,1485054
1770012240,2026-02-02T11:34:00,24805.25,24829.3,24804.2,24826.75,1564623
1770012300,2026-02-02T11:35:00,24827.65,24827.65,24805.6,24815.85,1285968
1770012360,2026-02-02T11:36:00,24817.05,24817.05,24794.85,24802.95,727772
1770012420,2026-02-02T11:37:00,24802.95,24812.35,24794.55,24800.1,932421
1770012480,2026-02-02T11:38:00,24801.75,24814.55,24801.75,24814.45,781428
1770012540,2026-02-02T11:39:00,24814.4,24853.95,24812.9,24845.95,1037875
1770012600,2026-02-02T11:40:00,24846.1,24846.3,24817.9,24823.1,806649
1770012660,2026-02-02T11:41:00,24822.65,24842.4,24820.05,24841.45,628309
1770012720,2026-02-02T11:42:00,24841.2,24866.8,24837.55,24866.35,932065
1770012780,2026-02-02T11:43:00,24866.35,24869.7,24852.0,24855.8,756886
1770012840,2026-02-02T11:44:00,24856.15,24868.5,24855.25,24868.4,568081
1770012900,2026-02-02T11:45:00,24868.9,24875.35,24865.4,24873.75,681584
1770012960,2026-02-02T11:46:00,24874.35,24879.45,24872.55,24875.2,503928
1770013020,2026-02-02T11:47:00,24875.5,24875.55,24865.0,24867.05,896142
1770013080,2026-02-02T11:48:00,24865.7,24869.85,24865.3,24866.3,651975
1770013140,2026-02-02T11:49:00,24864.25,24868.15,24857.6,24868.1,1314836
1770013200,2026-02-02T11:50:00,24868.85,24871.7,24857.05,24857.05,997131
1770013260,2026-02-02T11:51:00,24855.75,24866.75,24850.5,24863.7,841883
1770013320,2026-02-02T11:52:00,24862.8,24876.6,24862.8,24865.85,998382
1770013380,2026-02-02T11:53:00,24865.3,24871.2,24861.45,24870.9,1072255
1770013440,2026-02-02T11:54:00,24870.25,24879.95,24863.9,24867.15,834413
1770013500,2026-02-02T11:55:00,24866.65,24869.5,24852.75,24853.15,703226
1770013560,2026-02-02T11:56:00,24853.45,24877.7,24852.2,24870.8,675444
1770013620,2026-02-02T11:57:00,24870.75,24874.6,24865.8,24872.2,878153
1770013680,2026-02-02T11:58:00,24872.9,24875.15,24856.65,24858.25,763065
1770013740,2026-02-02T11:59:00,24858.45,24874.5,24858.1,24874.3,729349
1770013800,2026-02-02T12:00:00,24874.05,24878.8,24869.6,24871.45,708172
1770013860,2026-02-02T12:01:00,24871.85,24874.5,24865.35,24870.65,694181
1770013920,2026-02-02T12:02:00,24870.0,24870.35,24856.25,24857.3,928374
1770013980,2026-02-02T12:03:00,24856.3,24865.8,24855.75,24864.75,775296
1770014040,2026-02-02T12:04:00,24865.2,24867.2,24855.75,24861.1,635663
1770014100,2026-02-02T12:05:00,24861.6,24874.6,24859.95,24867.5,716122
1770014160,2026-02-02T12:06:00,24868.55,24873.2,24859.3,24859.3,811592
1770014220,2026-02-02T12:07:00,24859.05,24869.6,24856.45,24863.1,755945
1770014280,2026-02-02T12:08:00,24865.75,24868.55,24853.75,24854.8,560951
1770014340,2026-02-02T12:09:00,24856.05,24871.8,24854.05,24869.75,478384
1770014400,2026-02-02T12:10:00,24869.5,24872.2,24863.45,24866.9,659179
1770014460,2026-02-02T12:11:00,24867.2,24868.1,24852.7,24855.6,586817
1770014520,2026-02-02T12:12:00,24855.55,24880.4,24855.3,24877.95,784191
1770014580,2026-02-02T12:13:00,24877.15,24882.2,24873.25,24875.15,564183
1770014640,2026-02-02T12:14:00,24874.75,24914.05,24873.65,24910.65,1114878
1770014700,2026-02-02T12:15:00,24910.45,24922.4,24905.8,24910.6,930679
1770014760,2026-02-02T12:16:00,24910.85,24925.2,24910.0,24923.75,1033413
1770014820,2026-02-02T12:17:00,24923.6,24927.3,24922.7,24927.25,915500
1770014880,2026-02-02T12:18:00,24927.2,24927.2,24911.55,24911.95,780986
1770014940,2026-02-02T12:19:00,24910.9,24910.9,24890.1,24890.1,917044
1770015000,2026-02-02T12:20:00,24890.3,24894.45,24883.1,24889.25,636534
1770015060,2026-02-02T12:21:00,24889.95,24891.1,24879.45,24884.9,758493
1770015120,2026-02-02T12:22:00,24884.55,24892.55,24884.1,24891.25,612047
1770015180,2026-02-02T12:23:00,24892.2,24897.95,24890.45,24897.45,634349
1770015240,2026-02-02T12:24:00,24897.0,24899.9,24894.25,24896.85,669910
1770015300,2026-02-02T12:25:00,24897.3,24897.5,24884.55,24884.55,1110231
1770015360,2026-02-02T12:26:00,24885.15,24895.05,24883.05,24893.05,853135
1770015420,2026-02-02T12:27:00,24891.9,24898.5,24890.0,24897.35,866903
1770015480,2026-02-02T12:28:00,24896.85,24900.95,24893.15,24897.35,559052
1770015540,2026-02-02T12:29:00,24897.35,24898.05,24892.65,24896.95,568380
1770015600,2026-02-02T12:30:00,24896.8,24897.65,24888.1,24889.4,614548
1770015660,2026-02-02T12:31:00,24889.6,24889.6,24882.45,24888.15,688444
1770015720,2026-02-02T12:32:00,24888.35,24890.55,24874.55,24876.0,768917
1770015780,2026-02-02T12:33:00,24877.7,24883.65,24876.05,24878.45,697069
1770015840,2026-02-02T12:34:00,24878.55,24888.7,24878.25,24878.25,959993
1770015900,2026-02-02T12:35:00,24877.3,24877.4,24869.45,24869.45,738518
1770015960,2026-02-02T12:36:00,24869.5,24872.5,24861.95,24864.45,769263
1770016020,2026-02-02T12:37:00,24864.6,24879.6,24863.65,24871.45,784047
1770016080,2026-02-02T12:38:00,24872.45,24875.75,24867.6,24871.55,551897
1770016140,2026-02-02T12:39:00,24871.9,24883.7,24871.7,24880.6,848498
1770016200,2026-02-02T12:40:00,24879.95,24890.25,24879.95,24885.55,849123
1770016260,2026-02-02T12:41:00,24883.9,24884.25,24879.55,24881.05,556075
1770016320,2026-02-02T12:42:00,24881.6,24885.8,24875.25,24883.65,528399
1770016380,2026-02-02T12:43:00,24884.15,24888.2,24879.7,24879.75,594129
1770016440,2026-02-02T12:44:00,24877.0,24877.2,24869.05,24870.85,1090407
1770016500,2026-02-02T12:45:00,24870.5,24873.55,24865.05,24870.8,729746
1770016560,2026-02-02T12:46:00,24872.1,24882.35,24870.0,24875.95,825274
1770016620,2026-02-02T12:47:00,24876.0,24879.55,24873.45,24878.2,547182
1770016680,2026-02-02T12:48:00,24878.45,24888.65,24878.45,24886.65,663571
1770016740,2026-02-02T12:49:00,24886.9,24903.9,24886.9,24902.6,884449
1770016800,2026-02-02T12:50:00,24902.65,24905.3,24893.85,24894.35,793446
1770016860,2026-02-02T12:51:00,24894.55,24900.8,24888.25,24899.75,619350
1770016920,2026-02-02T12:52:00,24900.2,24900.95,24890.95,24891.9,766582
1770016980,2026-02-02T12:53:00,24892.0,24892.0,24884.6,24885.35,641251
1770017040,2026-02-02T12:54:00,24885.15,24894.45,24883.3,24894.3,646287
1770017100,2026-02-02T12:55:00,24893.3,24901.15,24892.8,24899.7,581618
1770017160,2026-02-02T12:56:00,24899.95,24911.9,24895.45,24910.95,876704
1770017220,2026-02-02T12:57:00,24911.15,24916.25,24910.45,24915.15,822126
1770017280,2026-02-02T12:58:00,24915.2,24935.35,24915.2,24934.9,836165
1770017340,2026-02-02T12:59:00,24935.7,24944.5,24932.25,24938.55,1212281
1770017400,2026-02-02T13:00:00,24938.85,24954.2,24938.85,24950.0,1143467
1770017460,2026-02-02T13:01:00,24949.55,24951.1,24938.95,24940.75,783452
1770017520,2026-02-02T13:02:00,24940.85,24942.0,24933.45,24940.05,885353
1770017580,2026-02-02T13:03:00,24940.7,24942.4,24936.05,24936.4,767659
1770017640,2026-02-02T13:04:00,24934.65,24953.0,24934.65,24951.2,791339
1770017700,2026-02-02T13:05:00,24951.85,24959.5,24948.65,24954.3,915438
1770017760,2026-02-02T13:06:00,24957.1,24962.6,24953.7,24954.7,951156
1770017820,2026-02-02T13:07:00,24954.95,24960.45,24945.9,24959.9,825287
1770017880,2026-02-02T13:08:00,24959.55,24963.3,24954.55,24957.25,1033150
1770017940,2026-02-02T13:09:00,24958.6,24961.45,24955.2,24959.55,593513
1770018000,2026-02-02T13:10:00,24960.3,24962.35,24955.6,24961.6,1522908
1770018060,2026-02-02T13:11:00,24960.5,24961.6,24955.8,24957.95,776263
1770018120,2026-02-02T13:12:00,24958.3,24959.0,24941.4,24943.55,714554
1770018180,2026-02-02T13:13:00,24942.0,24942.85,24930.3,24938.35,906209
1770018240,2026-02-02T13:14:00,24937.6,24943.3,24933.55,24935.2,807702
1770018300,2026-02-02T13:15:00,24936.2,24942.95,24928.6,24928.95,738990
1770018360,2026-02-02T13:16:00,24928.2,24929.6,24912.45,24917.7,847984
1770018420,2026-02-02T13:17:00,24917.1,24922.05,24911.8,24911.8,794714
1770018480,2026-02-02T13:18:00,24911.35,24911.35,24888.8,24896.5,981353
1770018540,2026-02-02T13:19:00,24895.65,24895.65,24883.85,24887.85,1058052
1770018600,2026-02-02T13:20:00,24887.8,24890.8,24875.75,24881.7,985823
1770018660,2026-02-02T13:21:00,24880.4,24881.1,24869.8,24874.0,869362
1770018720,2026-02-02T13:22:00,24873.4,24878.35,24867.15,24867.8,1088778
1770018780,2026-02-02T13:23:00,24866.65,24871.2,24851.35,24866.8,988628
1770018840,2026-02-02T13:24:00,24866.85,24874.6,24860.05,24873.0,738794
1770018900,2026-02-02T13:25:00,24872.9,24872.9,24863.3,24871.1,628705
1770018960,2026-02-02T13:26:00,24870.85,24879.55,24868.2,24876.0,811610
1770019020,2026-02-02T13:27:00,24875.8,24885.65,24870.45,24884.4,781776
1770019080,2026-02-02T13:28:00,24883.95,24906.8,24883.25,24906.05,978727
1770019140,2026-02-02T13:29:00,24904.95,24906.6,24893.25,24895.85,1076363
1770019200,2026-02-02T13:30:00,24896.25,24898.8,24882.3,24883.7,705011
1770019260,2026-02-02T13:31:00,24883.5,24887.25,24876.15,24883.0,954722
1770019320,2026-02-02T13:32:00,24882.05,24882.25,24870.8,24873.1,697198
1770019380,2026-02-02T13:33:00,24873.0,24883.1,24873.0,24877.85,487115
1770019440,2026-02-02T13:34:00,24877.05,24888.0,24871.95,24887.4,683183
1770019500,2026-02-02T13:35:00,24887.85,24889.45,24882.75,24882.75,772076
1770019560,2026-02-02T13:36:00,24882.3,24890.1,24880.2,24885.75,1184940
1770019620,2026-02-02T13:37:00,24885.65,24900.1,24884.95,24899.15,1009618
1770019680,2026-02-02T13:38:00,24899.2,24902.65,24894.85,24901.5,669058
1770019740,2026-02-02T13:39:00,24901.5,24916.7,24897.1,24913.45,861492
1770019800,2026-02-02T13:40:00,24912.65,24926.25,24912.65,24922.35,1105191
1770019860,2026-02-02T13:41:00,24922.1,24930.1,24921.65,24929.1,1061909
1770019920,2026-02-02T13:42:00,24929.75,24946.05,24928.95,24946.05,1290046
1770019980,2026-02-02T13:43:00,24945.5,24967.2,24944.9,24966.0,1408937
1770020040,2026-02-02T13:44:00,24966.6,24972.3,24957.5,24964.2,891514
1770020100,2026-02-02T13:45:00,24963.5,24970.0,24957.05,24961.0,991686
1770020160,2026-02-02T13:46:00,24959.7,24963.75,24941.7,24947.6,1371138
1770020220,2026-02-02T13:47:00,24948.95,24964.1,24948.95,24955.1,1795304
1770020280,2026-02-02T13:48:00,24954.55,24965.1,24952.5,24957.9,1192025
1770020340,2026-02-02T13:49:00,24957.5,24966.65,24951.3,24966.65,1233151
1770020400,2026-02-02T13:50:00,24966.05,24967.3,24955.2,24957.85,1041808
1770020460,2026-02-02T13:51:00,24957.1,24976.45,24954.95,24976.35,1612084
1770020520,2026-02-02T13:52:00,24977.0,24984.45,24975.5,24978.85,1207960
1770020580,2026-02-02T13:53:00,24978.75,24978.95,24959.7,24968.55,1151555
1770020640,2026-02-02T13:54:00,24968.65,24976.6,24963.5,24964.4,1118954
1770020700,2026-02-02T13:55:00,24964.4,24968.2,24952.6,24954.65,988619
1770020760,2026-02-02T13:56:00,24954.8,24959.95,24950.85,24953.85,786809
1770020820,2026-02-02T13:57:00,24954.05,24957.3,24946.1,24955.6,988982
1770020880,2026-02-02T13:58:00,24956.25,24965.05,24955.6,24961.7,1072140
1770020940,2026-02-02T13:59:00,24961.6,24967.0,24946.7,24948.6,1081857
1770021000,2026-02-02T14:00:00,24949.05,24955.3,24928.1,24935.6,1346734
1770021060,2026-02-02T14:01:00,24938.3,24955.1,24935.2,24955.1,751792
1770021120,2026-02-02T14:02:00,24955.15,24958.05,24949.25,24949.25,895338
1770021180,2026-02-02T14:03:00,24949.25,24949.25,24941.2,24943.05,693345
1770021240,2026-02-02T14:04:00,24943.2,24953.1,24943.2,24950.7,669893
1770021300,2026-02-02T14:05:00,24950.35,24958.0,24946.25,24957.85,911263
1770021360,2026-02-02T14:06:00,24958.0,24958.75,24944.15,24945.25,845416
1770021420,2026-02-02T14:07:00,24945.1,24954.75,24944.4,24948.15,688558
1770021480,2026-02-02T14:08:00,24947.8,24948.0,24933.8,24935.0,868156
1770021540,2026-02-02T14:09:00,24934.75,24936.6,24929.15,24932.05,1013409
1770021600,2026-02-02T14:10:00,24932.3,24932.3,24913.85,24915.2,887414
1770021660,2026-02-02T14:11:00,24915.55,24927.15,24914.85,24924.7,883207
1770021720,2026-02-02T14:12:00,24924.85,24940.05,24924.75,24935.7,882876
1770021780,2026-02-02T14:13:00,24936.75,24942.7,24927.75,24931.0,667470
1770021840,2026-02-02T14:14:00,24931.85,24943.4,24931.85,24943.2,905137
1770021900,2026-02-02T14:15:00,24942.45,24952.75,24942.15,24951.95,876192
1770021960,2026-02-02T14:16:00,24952.05,24954.8,24946.75,24950.2,863833
1770022020,2026-02-02T14:17:00,24950.6,24955.7,24933.5,24933.9,669247
1770022080,2026-02-02T14:18:00,24933.3,24936.75,24928.15,24930.4,534541
1770022140,2026-02-02T14:19:00,24930.9,24931.2,24921.65,24929.5,946641
1770022200,2026-02-02T14:20:00,24930.2,24944.95,24927.05,24944.95,965527
1770022260,2026-02-02T14:21:00,24944.7,24950.15,24941.3,24947.9,820262
1770022320,2026-02-02T14:22:00,24947.9,24962.05,24947.5,24962.05,855811
1770022380,2026-02-02T14:23:00,24961.2,24966.3,24955.5,24957.15,1020573
1770022440,2026-02-02T14:24:00,24956.4,24966.0,24948.6,24953.3,1462528
1770022500,2026-02-02T14:25:00,24951.6,24960.1,24945.2,24946.05,819699
1770022560,2026-02-02T14:26:00,24947.2,24961.0,24945.95,24957.05,689698
1770022620,2026-02-02T14:27:00,24958.05,24964.55,24958.05,24958.65,759086
1770022680,2026-02-02T14:28:00,24960.05,24965.25,24956.7,24963.8,790371
1770022740,2026-02-02T14:29:00,24964.1,24974.4,24963.3,24972.15,827031
1770022800,2026-02-02T14:30:00,24972.15,24974.9,24966.5,24972.65,1315622
1770022860,2026-02-02T14:31:00,24972.6,24983.4,24962.3,24964.4,1094204
1770022920,2026-02-02T14:32:00,24964.5,24964.5,24951.1,24959.4,1151252
1770022980,2026-02-02T14:33:00,24955.8,24956.65,24942.55,24949.15,982208
1770023040,2026-02-02T14:34:00,24949.0,24949.0,24934.6,24939.1,1132645
1770023100,2026-02-02T14:35:00,24938.85,24949.8,24935.85,24948.3,1053027
1770023160,2026-02-02T14:36:00,24948.75,24950.85,24940.85,24942.85,1217807
1770023220,2026-02-02T14:37:00,24942.4,24947.1,24931.2,24940.55,1004505
1770023280,2026-02-02T14:38:00,24940.9,24956.05,24940.2,24948.25,944721
1770023340,2026-02-02T14:39:00,24948.3,24958.3,24948.2,24957.15,792305
1770023400,2026-02-02T14:40:00,24957.45,24959.55,24945.5,24950.0,1208961
1770023460,2026-02-02T14:41:00,24949.1,24959.9,24946.9,24949.4,940302
1770023520,2026-02-02T14:42:00,24948.3,24963.2,24948.3,24962.85,913868
1770023580,2026-02-02T14:43:00,24959.6,24961.9,24948.55,24955.1,693161
1770023640,2026-02-02T14:44:00,24954.55,24960.9,24950.7,24955.4,924686
1770023700,2026-02-02T14:45:00,24954.85,24960.05,24952.85,24959.55,970675
1770023760,2026-02-02T14:46:00,24964.3,24967.0,24960.9,24961.25,1114696
1770023820,2026-02-02T14:47:00,24960.95,24981.65,24960.95,24981.65,1485280
1770023880,2026-02-02T14:48:00,24981.2,24998.35,24981.2,24993.9,1423042
1770023940,2026-02-02T14:49:00,24989.2,24996.45,24979.25,24993.8,1371625
1770024000,2026-02-02T14:50:00,24993.95,24997.75,24989.5,24997.75,807296
1770024060,2026-02-02T14:51:00,24997.6,25013.2,24997.4,25010.65,1211415
1770024120,2026-02-02T14:52:00,25011.5,25022.4,25009.35,25017.75,1395330
1770024180,2026-02-02T14:53:00,25016.85,25022.85,25012.1,25016.15,1243770
1770024240,2026-02-02T14:54:00,25014.0,25019.35,25007.25,25019.3,1891355
1770024300,2026-02-02T14:55:00,25019.05,25029.85,25015.7,25029.7,1191138
1770024360,2026-02-02T14:56:00,25028.65,25028.9,25014.05,25025.3,1198563
1770024420,2026-02-02T14:57:00,25024.25,25032.95,25022.95,25027.45,1299060
1770024480,2026-02-02T14:58:00,25026.55,25026.55,25020.1,25024.55,1058889
1770024540,2026-02-02T14:59:00,25024.2,25035.05,25023.55,25032.15,890510
1770024600,2026-02-02T15:00:00,25033.3,25073.9,25033.3,25069.45,4020895
1770024660,2026-02-02T15:01:00,25068.15,25079.15,25068.15,25073.4,2486544
1770024720,2026-02-02T15:02:00,25074.1,25075.7,25065.65,25065.65,2507176
1770024780,2026-02-02T15:03:00,25067.05,25071.1,25065.75,25068.3,2047756
1770024840,2026-02-02T15:04:00,25068.15,25072.1,25062.1,25069.35,2238978
1770024900,2026-02-02T15:05:00,25068.65,25086.7,25068.65,25085.0,2601341
1770024960,2026-02-02T15:06:00,25085.4,25093.3,25085.4,25091.15,1969072
1770025020,2026-02-02T15:07:00,25090.85,25092.05,25082.5,25085.0,2359865
1770025080,2026-02-02T15:08:00,25085.2,25087.0,25072.15,25074.6,2084551
1770025140,2026-02-02T15:09:00,25073.45,25091.35,25073.45,25089.35,2199254
1770025200,2026-02-02T15:10:00,25086.85,25091.1,25078.3,25090.0,3085057
1770025260,2026-02-02T15:11:00,25090.05,25091.9,25081.85,25081.95,2754217
1770025320,2026-02-02T15:12:00,25080.5,25087.6,25080.5,25087.3,2290110
1770025380,2026-02-02T15:13:00,25087.2,25089.15,25082.3,25085.45,2294425
1770025440,2026-02-02T15:14:00,25085.65,25089.7,25080.9,25086.75,2792164
1770025500,2026-02-02T15:15:00,25086.45,25095.7,25085.85,25095.15,2480093
1770025560,2026-02-02T15:16:00,25095.7,25104.85,25093.8,25101.7,2898532
1770025620,2026-02-02T15:17:00,25101.95,25107.4,25101.9,25106.95,2168194
1770025680,2026-02-02T15:18:00,25107.2,25108.1,25101.2,25102.9,3024007
1770025740,2026-02-02T15:19:00,25102.15,25102.45,25097.0,25097.0,2541614
1770025800,2026-02-02T15:20:00,25097.0,25097.7,25084.3,25088.2,3164868
1770025860,2026-02-02T15:21:00,25086.85,25093.5,25086.2,25091.85,2472993
1770025920,2026-02-02T15:22:00,25091.2,25094.55,25088.95,25090.85,2226007
1770025980,2026-02-02T15:23:00,25090.55,25093.2,25088.15,25090.05,2535846
1770026040,2026-02-02T15:24:00,25089.55,25091.6,25086.85,25090.5,3877963
1770026100,2026-02-02T15:25:00,25090.8,25095.7,25085.8,25095.7,3252194
1770026160,2026-02-02T15:26:00,25094.3,25096.85,25089.85,25092.45,3339721
1770026220,2026-02-02T15:27:00,25091.3,25097.8,25091.1,25093.4,2739699
1770026280,2026-02-02T15:28:00,25093.05,25099.25,25086.7,25088.45,2860642
1770026340,2026-02-02T15:29:00,25088.35,25093.65,25069.5,25079.9,1592049
1770090300,2026-02-03T09:15:00,26308.05,26341.2,25781.75,25784.45,34214590
1770090360,2026-02-03T09:16:00,25783.35,25816.25,25766.65,25780.1,14577884
1770090420,2026-02-03T09:17:00,25780.1,25809.35,25777.0,25781.45,13352035
1770090480,2026-02-03T09:18:00,25780.7,25799.65,25779.2,25795.3,7730649
1770090540,2026-02-03T09:19:00,25794.9,25813.0,25787.6,25809.75,7643936
1770090600,2026-02-03T09:20:00,25811.1,25854.25,25808.45,25852.25,9019273
1770090660,2026-02-03T09:21:00,25855.35,25860.15,25844.35,25851.25,5072405
1770090720,2026-02-03T09:22:00,25850.9,25859.7,25841.8,25859.7,4343063
1770090780,2026-02-03T09:23:00,25858.65,25869.0,25840.45,25842.2,4900422
1770090840,2026-02-03T09:24:00,25839.4,25844.3,25807.75,25808.95,5248641
1770090900,2026-02-03T09:25:00,25813.2,25823.1,25794.6,25794.6,4136285
1770090960,2026-02-03T09:26:00,25795.1,25806.65,25763.9,25778.4,3986041
1770091020,2026-02-03T09:27:00,25777.05,25789.65,25768.15,25777.9,4404947
1770091080,2026-02-03T09:28:00,25778.4,25811.4,25778.4,25801.5,3905480
1770091140,2026-02-03T09:29:00,25802.05,25805.5,25783.35,25786.25,3470571
1770091200,2026-02-03T09:30:00,25785.3,25785.3,25761.05,25773.7,3172369
1770091260,2026-02-03T09:31:00,25771.2,25795.25,25769.1,25785.0,3670165
1770091320,2026-02-03T09:32:00,25782.65,25793.1,25771.65,25779.8,4122755
1770091380,2026-02-03T09:33:00,25779.55,25790.65,25771.65,25774.05,3041100
1770091440,2026-02-03T09:34:00,25774.3,25782.4,25753.25,25755.15,2441610
1770091500,2026-02-03T09:35:00,25756.3,25762.05,25746.2,25753.45,2359380
1770091560,2026-02-03T09:36:00,25752.4,25779.0,25752.4,25770.5,3641457
1770091620,2026-02-03T09:37:00,25771.2,25778.1,25763.6,25765.6,2399718
1770091680,2026-02-03T09:38:00,25766.4,25782.05,25765.25,25774.9,2505505
1770091740,2026-02-03T09:39:00,25776.1,25779.0,25755.8,25772.65,2664734
1770091800,2026-02-03T09:40:00,25771.65,25777.5,25749.4,25755.5,2801348
1770091860,2026-02-03T09:41:00,25756.3,25760.9,25740.05,25742.45,2347226
1770091920,2026-02-03T09:42:00,25742.95,25744.5,25730.4,25730.4,3141086
1770091980,2026-02-03T09:43:00,25731.05,25741.95,25730.35,25734.4,2391731
1770092040,2026-02-03T09:44:00,25733.65,25736.05,25720.15,25727.3,2456952
1770092100,2026-02-03T09:45:00,25726.3,25730.3,25692.3,25692.3,2923867
1770092160,2026-02-03T09:46:00,25689.75,25709.3,25686.35,25690.6,2769828
1770092220,2026-02-03T09:47:00,25690.85,25711.1,25675.15,25711.1,3186770
1770092280,2026-02-03T09:48:00,25711.85,25756.95,25711.85,25754.35,2374315
1770092340,2026-02-03T09:49:00,25754.65,25777.5,25753.9,25776.4,1854502
1770092400,2026-02-03T09:50:00,25775.85,25780.2,25764.9,25778.35,2207113
1770092460,2026-02-03T09:51:00,25777.8,25782.45,25766.1,25781.5,1329433
1770092520,2026-02-03T09:52:00,25780.35,25793.1,25773.1,25774.5,1706215
1770092580,2026-02-03T09:53:00,25775.75,25775.75,25749.85,25752.0,1432577
1770092640,2026-02-03T09:54:00,25753.0,25756.1,25732.15,25732.15,1774924
1770092700,2026-02-03T09:55:00,25733.4,25746.05,25731.9,25733.4,1940984
1770092760,2026-02-03T09:56:00,25733.85,25748.15,25731.45,25732.8,2947708
1770092820,2026-02-03T09:57:00,25733.1,25745.8,25733.1,25742.85,2291718
1770092880,2026-02-03T09:58:00,25742.9,25746.6,25721.65,25724.7,1969189
1770092940,2026-02-03T09:59:00,25723.45,25725.8,25696.9,25702.6,1709799
1770093000,2026-02-03T10:00:00,25703.55,25717.45,25703.55,25717.45,1482146
1770093060,2026-02-03T10:01:00,25717.3,25720.4,25702.75,25719.3,1547384
1770093120,2026-02-03T10:02:00,25719.0,25723.05,25710.15,25712.7,1477271
1770093180,2026-02-03T10:03:00,25714.1,25721.7,25711.75,25713.5,1174046
1770093240,2026-02-03T10:04:00,25712.45,25729.15,25701.3,25701.3,1942561
1770093300,2026-02-03T10:05:00,25701.6,25702.7,25678.2,25678.2,1530065
1770093360,2026-02-03T10:06:00,25675.3,25682.2,25666.35,25678.7,1572156
1770093420,2026-02-03T10:07:00,25677.0,25677.0,25641.3,25661.7,2521724
1770093480,2026-02-03T10:08:00,25662.25,25674.15,25660.1,25671.4,1178217
1770093540,2026-02-03T10:09:00,25672.25,25692.1,25672.25,25685.35,1641534
1770093600,2026-02-03T10:10:00,25685.25,25685.25,25673.2,25679.15,1135194
1770093660,2026-02-03T10:11:00,25679.5,25684.6,25652.55,25658.7,1629307
1770093720,2026-02-03T10:12:00,25656.85,25665.25,25645.2,25665.1,1516563
1770093780,2026-02-03T10:13:00,25663.6,25672.45,25651.5,25669.0,1434700
1770093840,2026-02-03T10:14:00,25670.15,25673.8,25662.45,25671.0,1606763
1770093900,2026-02-03T10:15:00,25672.35,25709.95,25672.35,25706.95,2253728
1770093960,2026-02-03T10:16:00,25708.25,25733.3,25708.25,25732.95,1721377
1770094020,2026-02-03T10:17:00,25732.15,25746.15,25729.8,25738.45,2016129
1770094080,2026-02-03T10:18:00,25738.5,25760.25,25738.05,25751.1,1979702
1770094140,2026-02-03T10:19:00,25752.15,25761.45,25751.55,25753.35,1880732
1770094200,2026-02-03T10:20:00,25753.5,25761.45,25753.3,25759.8,1451674
1770094260,2026-02-03T10:21:00,25760.45,25774.4,25755.3,25770.7,1649527
1770094320,2026-02-03T10:22:00,25771.6,25775.65,25766.25,25772.25,1435231
1770094380,2026-02-03T10:23:00,25771.4,25773.45,25762.05,25771.0,1819133
1770094440,2026-02-03T10:24:00,25770.75,25786.55,25769.35,25781.25,2004764
1770094500,2026-02-03T10:25:00,25782.05,25785.6,25773.75,25774.75,1396161
1770094560,2026-02-03T10:26:00,25776.3,25794.7,25774.9,25789.2,1701049
1770094620,2026-02-03T10:27:00,25789.55,25792.8,25779.0,25784.65,1279184
1770094680,2026-02-03T10:28:00,25785.2,25789.95,25780.25,25784.0,1175375
1770094740,2026-02-03T10:29:00,25784.1,25789.25,25771.0,25771.15,1211976
1770094800,2026-02-03T10:30:00,25771.55,25780.65,25769.75,25770.3,1228572
1770094860,2026-02-03T10:31:00,25768.15,25784.5,25763.7,25784.05,1265380
1770094920,2026-02-03T10:32:00,25783.4,25797.5,25779.95,25790.0,1350004
1770094980,2026-02-03T10:33:00,25790.8,25796.1,25789.6,25794.95,1175084
1770095040,2026-02-03T10:34:00,25794.15,25818.5,25793.5,25810.3,1620070
1770095100,2026-02-03T10:35:00,25810.55,25821.65,25810.55,25813.95,1333629
1770095160,2026-02-03T10:36:00,25814.1,25819.25,25810.0,25810.0,986040
1770095220,2026-02-03T10:37:00,25807.85,25815.65,25806.65,25813.5,1397675
1770095280,2026-02-03T10:38:00,25813.75,25816.7,25805.6,25808.25,874292
1770095340,2026-02-03T10:39:00,25809.55,25815.3,25806.2,25814.0,1845711
1770095400,2026-02-03T10:40:00,25813.85,25819.2,25812.95,25813.95,870218
1770095460,2026-02-03T10:41:00,25814.55,25817.4,25809.9,25816.55,864109
1770095520,2026-02-03T10:42:00,25816.8,25817.75,25795.95,25799.6,1426152
1770095580,2026-02-03T10:43:00,25799.15,25814.1,25798.35,25807.5,833202
1770095640,2026-02-03T10:44:00,25807.1,25811.6,25798.0,25798.3,1023231
1770095700,2026-02-03T10:45:00,25798.3,25804.4,25794.0,25796.35,1078650
1770095760,2026-02-03T10:46:00,25796.15,25802.75,25789.05,25799.55,999132
1770095820,2026-02-03T10:47:00,25799.35,25799.35,25782.85,25783.2,1119519
1770095880,2026-02-03T10:48:00,25784.2,25784.95,25756.05,25760.15,1882263
1770095940,2026-02-03T10:49:00,25761.55,25769.6,25760.15,25763.7,1370696
1770096000,2026-02-03T10:50:00,25764.3,25767.4,25754.2,25760.4,1475712
1770096060,2026-02-03T10:51:00,25760.55,25765.35,25757.85,25759.25,968203
1770096120,2026-02-03T10:52:00,25759.05,25761.45,25747.3,25748.15,1441506
1770096180,2026-02-03T10:53:00,25749.25,25759.05,25746.7,25749.35,947055
1770096240,2026-02-03T10:54:00,25749.5,25766.75,25748.65,25766.3,975819
1770096300,2026-02-03T10:55:00,25765.5,25798.2,25764.85,25773.6,1249715
1770096360,2026-02-03T10:56:00,25774.95,25784.9,25774.95,25784.15,774253
1770096420,2026-02-03T10:57:00,25785.25,25785.8,25772.75,25777.65,1285784
1770096480,2026-02-03T10:58:00,25778.0,25785.05,25778.0,25783.15,792910
1770096540,2026-02-03T10:59:00,25781.9,25785.05,25775.6,25780.1,1251543
1770096600,2026-02-03T11:00:00,25780.7,25790.5,25778.8,25788.55,944038
1770096660,2026-02-03T11:01:00,25788.75,25800.3,25784.3,25797.35,1069154
1770096720,2026-02-03T11:02:00,25796.7,25805.35,25796.7,25801.9,839202
1770096780,2026-02-03T11:03:00,25802.1,25810.5,25801.9,25801.9,885960
1770096840,2026-02-03T11:04:00,25802.55,25804.65,25789.05,25794.0,962701
1770096900,2026-02-03T11:05:00,25794.45,25799.15,25792.2,25797.1,1035391
1770096960,2026-02-03T11:06:00,25797.15,25803.4,25796.45,25797.65,1159165
1770097020,2026-02-03T11:07:00,25796.35,25797.65,25791.85,25792.35,1069818
1770097080,2026-02-03T11:08:00,25791.3,25792.2,25786.35,25786.5,1708301
1770097140,2026-02-03T11:09:00,25786.6,25786.6,25775.9,25778.0,1193057
1770097200,2026-02-03T11:10:00,25778.1,25778.1,25765.5,25775.55,1467889
1770097260,2026-02-03T11:11:00,25776.1,25782.85,25775.75,25776.55,1022550
1770097320,2026-02-03T11:12:00,25776.0,25778.5,25772.2,25774.0,1577791
1770097380,2026-02-03T11:13:00,25773.75,25780.55,25773.4,25778.65,910345
1770097440,2026-02-03T11:14:00,25778.5,25789.0,25778.25,25784.2,1215610
1770097500,2026-02-03T11:15:00,25785.15,25790.55,25778.65,25778.7,1699236
1770097560,2026-02-03T11:16:00,25779.15,25784.35,25773.9,25781.35,1109718
1770097620,2026-02-03T11:17:00,25781.7,25788.7,25781.7,25785.3,902270
1770097680,2026-02-03T11:18:00,25785.45,25794.75,25785.0,25789.5,1098011
1770097740,2026-02-03T11:19:00,25789.2,25794.15,25776.4,25776.85,968085
1770097800,2026-02-03T11:20:00,25777.3,25784.85,25774.55,25784.85,959517
1770097860,2026-02-03T11:21:00,25784.8,25788.95,25782.95,25785.75,1101120
1770097920,2026-02-03T11:22:00,25785.6,25792.6,25785.6,25792.6,882864
1770097980,2026-02-03T11:23:00,25791.75,25799.95,25791.75,25792.65,858149
1770098040,2026-02-03T11:24:00,25793.8,25801.7,25793.8,25798.7,1036632
1770098100,2026-02-03T11:25:00,25799.7,25806.95,25798.8,25801.15,1181707
1770098160,2026-02-03T11:26:00,25802.65,25805.85,25800.9,25801.25,925979
1770098220,2026-02-03T11:27:00,25801.05,25814.3,25800.45,25810.65,953755
1770098280,2026-02-03T11:28:00,25811.4,25824.05,25811.0,25813.25,1469775
1770098340,2026-02-03T11:29:00,25813.75,25816.7,25806.9,25815.75,1125600
1770098400,2026-02-03T11:30:00,25815.9,25817.5,25805.75,25807.65,970322
1770098460,2026-02-03T11:31:00,25808.1,25814.65,25806.75,25810.95,1264611
1770098520,2026-02-03T11:32:00,25810.75,25837.15,25810.75,25835.85,1534811
1770098580,2026-02-03T11:33:00,25835.0,25855.75,25834.6,25851.5,2150511
1770098640,2026-02-03T11:34:00,25851.7,25859.85,25850.3,25858.4,1477637
1770098700,2026-02-03T11:35:00,25857.85,25863.15,25857.7,25858.6,1164927
1770098760,2026-02-03T11:36:00,25858.7,25859.65,25847.2,25849.65,1167630
1770098820,2026-02-03T11:37:00,25849.3,25849.3,25836.2,25840.3,859924
1770098880,2026-02-03T11:38:00,25840.6,25842.35,25834.15,25836.7,728145
1770098940,2026-02-03T11:39:00,25837.9,25849.8,25835.9,25847.05,924115
1770099000,2026-02-03T11:40:00,25847.9,25855.85,25846.45,25851.15,988504
1770099060,2026-02-03T11:41:00,25852.3,25855.35,25847.9,25853.55,989145
1770099120,2026-02-03T11:42:00,25853.7,25861.15,25853.7,25858.0,1299218
1770099180,2026-02-03T11:43:00,25858.0,25858.2,25853.35,25856.25,985460
1770099240,2026-02-03T11:44:00,25857.4,25859.45,25849.0,25851.55,1001668
1770099300,2026-02-03T11:45:00,25851.2,25855.9,25850.75,25850.75,1233865
1770099360,2026-02-03T11:46:00,25851.4,25854.95,25849.3,25849.3,1915950
1770099420,2026-02-03T11:47:00,25849.2,25850.3,25831.25,25835.3,1354855
1770099480,2026-02-03T11:48:00,25836.6,25838.05,25830.65,25832.15,864761
1770099540,2026-02-03T11:49:00,25832.55,25839.35,25831.75,25833.25,742802
1770099600,2026-02-03T11:50:00,25833.55,25834.75,25827.3,25832.7,746375
1770099660,2026-02-03T11:51:00,25833.2,25833.2,25826.15,25829.25,948510
1770099720,2026-02-03T11:52:00,25829.2,25839.3,25829.05,25833.3,1253431
1770099780,2026-02-03T11:53:00,25833.7,25838.75,25830.8,25836.45,1013739
1770099840,2026-02-03T11:54:00,25836.45,25841.05,25835.25,25835.25,849215
1770099900,2026-02-03T11:55:00,25835.6,25842.3,25835.25,25837.75,1381330
1770099960,2026-02-03T11:56:00,25838.7,25840.95,25832.25,25840.9,981768
1770100020,2026-02-03T11:57:00,25841.4,25844.2,25838.05,25841.7,1123360
1770100080,2026-02-03T11:58:00,25842.35,25848.4,25842.35,25846.65,1392316
1770100140,2026-02-03T11:59:00,25847.0,25850.25,25839.35,25847.85,1185780
1770100200,2026-02-03T12:00:00,25849.2,25851.85,25841.0,25842.0,1634160
1770100260,2026-02-03T12:01:00,25841.8,25844.6,25833.95,25834.85,1223918
1770100320,2026-02-03T12:02:00,25834.6,25835.35,25828.45,25828.7,895753
1770100380,2026-02-03T12:03:00,25828.05,25830.3,25819.65,25829.15,830123
1770100440,2026-02-03T12:04:00,25829.25,25829.75,25818.75,25820.05,941542
1770100500,2026-02-03T12:05:00,25820.1,25824.7,25818.1,25822.25,971411
1770100560,2026-02-03T12:06:00,25821.8,25823.45,25817.6,25820.3,762931
1770100620,2026-02-03T12:07:00,25819.45,25822.5,25813.15,25821.15,929044
1770100680,2026-02-03T12:08:00,25821.25,25834.35,25821.25,25831.3,1011592
1770100740,2026-02-03T12:09:00,25831.5,25833.1,25826.85,25828.25,961754
1770100800,2026-02-03T12:10:00,25828.25,25835.4,25827.95,25829.95,1044470
1770100860,2026-02-03T12:11:00,25830.5,25841.65,25829.55,25841.65,1069423
1770100920,2026-02-03T12:12:00,25840.15,25843.1,25831.2,25836.05,1046710
1770100980,2026-02-03T12:13:00,25836.1,25842.45,25834.75,25841.35,904367
1770101040,2026-02-03T12:14:00,25841.55,25843.35,25836.55,25836.55,633772
1770101100,2026-02-03T12:15:00,25837.35,25838.6,25831.7,25833.25,785227
1770101160,2026-02-03T12:16:00,25833.25,25836.8,25827.2,25832.55,875986
1770101220,2026-02-03T12:17:00,25833.2,25834.6,25825.8,25826.6,778332
1770101280,2026-02-03T12:18:00,25826.5,25828.75,25823.25,25826.0,953059
1770101340,2026-02-03T12:19:00,25826.2,25832.6,25822.95,25829.3,814835
1770101400,2026-02-03T12:20:00,25830.4,25834.1,25827.7,25830.65,981479
1770101460,2026-02-03T12:21:00,25830.3,25835.45,25827.9,25827.9,709703
1770101520,2026-02-03T12:22:00,25827.7,25829.15,25823.15,25824.75,777713
1770101580,2026-02-03T12:23:00,25824.6,25825.15,25820.2,25820.2,698670
1770101640,2026-02-03T12:24:00,25821.5,25821.85,25812.15,25812.15,646479
1770101700,2026-02-03T12:25:00,25811.6,25812.45,25799.7,25804.0,1042789
1770101760,2026-02-03T12:26:00,25803.7,25808.95,25801.1,25807.85,644113
1770101820,2026-02-03T12:27:00,25808.4,25809.1,25802.05,25803.0,651599
1770101880,2026-02-03T12:28:00,25802.8,25802.8,25794.45,25794.45,765154
1770101940,2026-02-03T12:29:00,25794.3,25794.3,25780.85,25786.55,1086678
1770102000,2026-02-03T12:30:00,25786.25,25791.3,25781.7,25786.8,876313
1770102060,2026-02-03T12:31:00,25786.3,25796.1,25786.3,25794.2,785061
1770102120,2026-02-03T12:32:00,25794.15,25804.75,25791.45,25803.1,791733
1770102180,2026-02-03T12:33:00,25804.05,25811.8,25800.45,25809.25,1199569
1770102240,2026-02-03T12:34:00,25809.1,25812.1,25794.8,25795.05,697240
1770102300,2026-02-03T12:35:00,25796.5,25797.05,25777.2,25778.1,775654
1770102360,2026-02-03T12:36:00,25777.55,25777.55,25767.55,25772.6,1149737
1770102420,2026-02-03T12:37:00,25771.6,25784.65,25769.55,25782.45,1086887
1770102480,2026-02-03T12:38:00,25783.15,25791.05,25777.55,25780.05,1193780
1770102540,2026-02-03T12:39:00,25780.0,25792.6,25778.35,25789.9,1503338
1770102600,2026-02-03T12:40:00,25792.45,25801.75,25790.8,25799.9,911025
1770102660,2026-02-03T12:41:00,25799.5,25800.45,25789.05,25789.7,698015
1770102720,2026-02-03T12:42:00,25790.3,25793.7,25788.5,25790.15,663619
1770102780,2026-02-03T12:43:00,25790.2,25793.95,25788.85,25788.85,541359
1770102840,2026-02-03T12:44:00,25789.25,25797.25,25788.55,25796.05,650211
1770102900,2026-02-03T12:45:00,25796.45,25797.7,25792.35,25795.6,694426
1770102960,2026-02-03T12:46:00,25795.85,25796.45,25785.7,25790.8,691383
1770103020,2026-02-03T12:47:00,25791.2,25793.35,25785.4,25786.6,753559
1770103080,2026-02-03T12:48:00,25787.0,25788.5,25783.6,25783.6,582346
1770103140,2026-02-03T12:49:00,25785.05,25787.7,25783.5,25784.1,853931
1770103200,2026-02-03T12:50:00,25784.3,25791.25,25781.9,25785.15,805307
1770103260,2026-02-03T12:51:00,25784.8,25786.85,25783.35,25784.5,829288
1770103320,2026-02-03T12:52:00,25784.8,25790.2,25780.1,25789.5,802640
1770103380,2026-02-03T12:53:00,25789.35,25794.15,25787.35,25793.2,713301
1770103440,2026-02-03T12:54:00,25794.1,25797.85,25789.7,25790.8,1258831
1770103500,2026-02-03T12:55:00,25791.45,25805.5,25790.3,25795.35,787781
1770103560,2026-02-03T12:56:00,25795.15,25797.95,25791.45,25793.0,683129
1770103620,2026-02-03T12:57:00,25793.4,25794.35,25785.65,25788.2,655903
1770103680,2026-02-03T12:58:00,25789.9,25794.45,25788.85,25791.55,808014
1770103740,2026-02-03T12:59:00,25791.3,25796.25,25787.5,25795.6,560836
1770103800,2026-02-03T13:00:00,25795.45,25798.05,25792.1,25796.7,531618
1770103860,2026-02-03T13:01:00,25796.5,25802.75,25796.5,25802.05,727408
1770103920,2026-02-03T13:02:00,25801.45,25808.6,25801.45,25802.5,1052064
1770103980,2026-02-03T13:03:00,25802.35,25802.35,25796.25,25799.4,620559
1770104040,2026-02-03T13:04:00,25799.25,25802.95,25798.0,25801.35,800847
1770104100,2026-02-03T13:05:00,25801.05,25804.55,25797.5,25802.7,797795
1770104160,2026-02-03T13:06:00,25802.5,25810.55,25801.6,25810.1,788207
1770104220,2026-02-03T13:07:00,25810.2,25811.5,25800.85,25800.85,741545
1770104280,2026-02-03T13:08:00,25800.95,25801.8,25791.95,25794.15,749247
1770104340,2026-02-03T13:09:00,25793.0,25794.6,25790.15,25791.15,604378
1770104400,2026-02-03T13:10:00,25791.3,25795.5,25791.3,25793.55,588645
1770104460,2026-02-03T13:11:00,25793.75,25795.65,25787.8,25790.4,599592
1770104520,2026-02-03T13:12:00,25789.4,25794.05,25788.95,25790.6,706409
1770104580,2026-02-03T13:13:00,25789.9,25794.4,25789.9,25792.5,861026
1770104640,2026-02-03T13:14:00,25791.6,25791.85,25786.4,25790.3,612664
1770104700,2026-02-03T13:15:00,25791.3,25799.4,25790.6,25796.25,940050
1770104760,2026-02-03T13:16:00,25795.85,25796.6,25790.55,25796.45,626182
1770104820,2026-02-03T13:17:00,25795.8,25797.7,25790.15,25792.35,660567
1770104880,2026-02-03T13:18:00,25791.6,25797.55,25790.75,25795.7,887480
1770104940,2026-02-03T13:19:00,25796.3,25800.45,25795.25,25798.6,1036209
1770105000,2026-02-03T13:20:00,25797.75,25800.15,25791.45,25793.0,1595604
1770105060,2026-02-03T13:21:00,25794.4,25795.55,25786.95,25789.95,1037114
1770105120,2026-02-03T13:22:00,25789.9,25799.9,25786.95,25796.7,1308357
1770105180,2026-02-03T13:23:00,25795.95,25798.35,25791.45,25794.45,814262
1770105240,2026-02-03T13:24:00,25793.7,25798.1,25791.1,25793.05,704981
1770105300,2026-02-03T13:25:00,25793.0,25795.05,25784.35,25785.1,789231
1770105360,2026-02-03T13:26:00,25784.2,25784.2,25762.7,25764.55,1894829
1770105420,2026-02-03T13:27:00,25764.3,25775.05,25744.0,25773.8,1058414
1770105480,2026-02-03T13:28:00,25774.05,25779.35,25773.4,25774.45,582499
1770105540,2026-02-03T13:29:00,25773.6,25778.1,25770.15,25771.05,1227280
1770105600,2026-02-03T13:30:00,25771.7,25773.85,25767.95,25770.9,769141
1770105660,2026-02-03T13:31:00,25770.45,25773.5,25767.95,25769.8,770584
1770105720,2026-02-03T13:32:00,25769.15,25771.65,25764.3,25770.15,657243
1770105780,2026-02-03T13:33:00,25770.05,25779.7,25765.95,25772.35,915330
1770105840,2026-02-03T13:34:00,25771.85,25772.0,25758.4,25759.3,1167195
1770105900,2026-02-03T13:35:00,25758.65,25759.6,25739.55,25739.55,927035
1770105960,2026-02-03T13:36:00,25737.9,25741.25,25729.4,25740.1,1408931
1770106020,2026-02-03T13:37:00,25740.0,25747.65,25738.8,25746.95,890887
1770106080,2026-02-03T13:38:00,25745.95,25776.6,25745.95,25774.5,1619061
1770106140,2026-02-03T13:39:00,25774.95,25777.35,25771.25,25773.5,709633
1770106200,2026-02-03T13:40:00,25773.0,25788.35,25770.5,25788.35,1425046
1770106260,2026-02-03T13:41:00,25788.6,25791.1,25782.3,25785.25,1047739
1770106320,2026-02-03T13:42:00,25785.75,25791.75,25782.8,25790.3,796007
1770106380,2026-02-03T13:43:00,25788.75,25811.45,25788.05,25799.1,1090107
1770106440,2026-02-03T13:44:00,25798.9,25803.75,25794.65,25800.8,647258
1770106500,2026-02-03T13:45:00,25802.05,25805.25,25798.8,25799.75,840428
1770106560,2026-02-03T13:46:00,25799.9,25811.85,25797.4,25808.7,827596
1770106620,2026-02-03T13:47:00,25808.45,25811.8,25798.45,25799.25,704733
1770106680,2026-02-03T13:48:00,25798.5,25805.45,25798.5,25803.25,773570
1770106740,2026-02-03T13:49:00,25802.7,25805.7,25795.05,25796.1,756819
1770106800,2026-02-03T13:50:00,25795.6,25796.8,25787.4,25790.95,755542
1770106860,2026-02-03T13:51:00,25791.5,25796.05,25791.5,25793.95,751471
1770106920,2026-02-03T13:52:00,25794.85,25802.85,25794.2,25797.65,813802
1770106980,2026-02-03T13:53:00,25797.6,25805.25,25795.15,25804.4,696688
1770107040,2026-02-03T13:54:00,25803.85,25806.9,25801.5,25806.7,756286
1770107100,2026-02-03T13:55:00,25806.0,25809.45,25805.2,25808.25,672764
1770107160,2026-02-03T13:56:00,25808.85,25810.35,25802.2,25803.45,1419372
1770107220,2026-02-03T13:57:00,25803.6,25807.45,25785.95,25787.0,982793
1770107280,2026-02-03T13:58:00,25787.3,25787.85,25770.15,25772.65,1399457
1770107340,2026-02-03T13:59:00,25772.25,25779.15,25770.35,25770.35,628491
1770107400,2026-02-03T14:00:00,25770.85,25777.75,25755.6,25758.45,1159650
1770107460,2026-02-03T14:01:00,25758.75,25763.85,25757.75,25762.45,807745
1770107520,2026-02-03T14:02:00,25762.95,25771.55,25762.45,25770.65,794075
1770107580,2026-02-03T14:03:00,25770.35,25771.4,25765.65,25767.75,689254
1770107640,2026-02-03T14:04:00,25767.75,25777.85,25767.6,25776.45,818107
1770107700,2026-02-03T14:05:00,25775.95,25777.2,25765.75,25768.6,1458480
1770107760,2026-02-03T14:06:00,25769.3,25779.4,25768.1,25779.4,968086
1770107820,2026-02-03T14:07:00,25779.95,25785.8,25774.45,25777.6,1358238
1770107880,2026-02-03T14:08:00,25777.5,25783.0,25777.45,25779.85,1050802
1770107940,2026-02-03T14:09:00,25779.55,25785.6,25776.05,25785.6,1192497
1770108000,2026-02-03T14:10:00,25785.0,25786.7,25771.7,25773.7,1129303
1770108060,2026-02-03T14:11:00,25774.0,25777.3,25765.7,25777.3,659976
1770108120,2026-02-03T14:12:00,25777.65,25783.5,25777.05,25781.0,653204
1770108180,2026-02-03T14:13:00,25780.4,25786.0,25779.65,25783.25,889306
1770108240,2026-02-03T14:14:00,25781.9,25784.05,25774.2,25775.15,909047
1770108300,2026-02-03T14:15:00,25774.4,25781.55,25768.8,25769.2,814996
1770108360,2026-02-03T14:16:00,25769.75,25775.45,25767.2,25770.3,921580
1770108420,2026-02-03T14:17:00,25770.4,25773.9,25766.95,25770.2,729948
1770108480,2026-02-03T14:18:00,25770.2,25770.75,25763.4,25764.5,836299
1770108540,2026-02-03T14:19:00,25764.15,25770.25,25763.5,25764.0,849573
1770108600,2026-02-03T14:20:00,25763.4,25772.55,25763.4,25769.95,607984
1770108660,2026-02-03T14:21:00,25769.55,25769.8,25765.15,25768.85,625457
1770108720,2026-02-03T14:22:00,25769.25,25772.45,25763.0,25764.05,1386615
1770108780,2026-02-03T14:23:00,25763.8,25774.95,25763.65,25774.6,950714
1770108840,2026-02-03T14:24:00,25774.85,25778.7,25770.45,25772.85,983243
1770108900,2026-02-03T14:25:00,25772.5,25773.45,25766.4,25767.25,703718
1770108960,2026-02-03T14:26:00,25767.35,25770.75,25766.25,25769.55,1291457
1770109020,2026-02-03T14:27:00,25769.55,25773.0,25766.5,25771.05,858824
1770109080,2026-02-03T14:28:00,25770.95,25771.7,25767.9,25769.4,663626
1770109140,2026-02-03T14:29:00,25771.45,25772.95,25768.25,25768.9,884827
1770109200,2026-02-03T14:30:00,25769.05,25788.1,25767.75,25781.55,970343
1770109260,2026-02-03T14:31:00,25783.5,25784.65,25769.05,25771.8,1225190
1770109320,2026-02-03T14:32:00,25771.2,25772.25,25740.3,25740.9,1346159
1770109380,2026-02-03T14:33:00,25742.7,25760.9,25742.25,25755.55,917095
1770109440,2026-02-03T14:34:00,25755.6,25762.8,25755.15,25762.8,1091634
1770109500,2026-02-03T14:35:00,25763.4,25771.45,25763.25,25769.2,983648
1770109560,2026-02-03T14:36:00,25769.55,25773.2,25768.35,25771.35,847054
1770109620,2026-02-03T14:37:00,25770.8,25776.2,25770.8,25774.65,930567
1770109680,2026-02-03T14:38:00,25775.05,25776.5,25770.85,25775.35,1182406
1770109740,2026-02-03T14:39:00,25775.75,25776.0,25766.5,25766.5,1098691
1770109800,2026-02-03T14:40:00,25766.45,25766.5,25758.85,25761.65,1769565
1770109860,2026-02-03T14:41:00,25760.8,25761.35,25748.7,25749.0,1660332
1770109920,2026-02-03T14:42:00,25749.25,25751.75,25741.85,25750.45,1811926
1770109980,2026-02-03T14:43:00,25750.65,25752.15,25742.45,25743.05,1429621
1770110040,2026-02-03T14:44:00,25742.4,25750.3,25741.35,25746.6,1693782
1770110100,2026-02-03T14:45:00,25746.2,25759.2,25740.2,25757.35,1656656
1770110160,2026-02-03T14:46:00,25757.25,25764.2,25757.15,25760.8,1041787
1770110220,2026-02-03T14:47:00,25759.85,25762.45,25758.5,25760.15,1299295
1770110280,2026-02-03T14:48:00,25759.25,25762.65,25757.35,25761.9,1097966
1770110340,2026-02-03T14:49:00,25761.75,25767.65,25758.75,25762.0,1399088
1770110400,2026-02-03T14:50:00,25761.55,25764.75,25760.4,25760.8,919403
1770110460,2026-02-03T14:51:00,25760.4,25760.8,25749.3,25760.15,1155473
1770110520,2026-02-03T14:52:00,25760.1,25766.55,25758.35,25764.95,872782
1770110580,2026-02-03T14:53:00,25764.5,25770.0,25763.1,25767.0,1323569
1770110640,2026-02-03T14:54:00,25767.35,25768.35,25761.25,25764.0,1243304
1770110700,2026-02-03T14:55:00,25763.55,25767.65,25761.65,25762.65,1050840
1770110760,2026-02-03T14:56:00,25761.9,25766.7,25760.85,25765.9,932897
1770110820,2026-02-03T14:57:00,25765.95,25771.3,25765.1,25769.65,902203
1770110880,2026-02-03T14:58:00,25768.9,25790.35,25768.55,25773.85,2104436
1770110940,2026-02-03T14:59:00,25773.2,25783.25,25773.2,25778.05,1289138
1770111000,2026-02-03T15:00:00,25778.75,25780.45,25741.35,25742.25,3280992
1770111060,2026-02-03T15:01:00,25743.85,25754.4,25742.0,25745.7,2532891
1770111120,2026-02-03T15:02:00,25746.2,25747.05,25726.0,25729.05,2507704
1770111180,2026-02-03T15:03:00,25729.5,25729.5,25716.45,25722.3,2572024
1770111240,2026-02-03T15:04:00,25722.5,25723.2,25714.45,25719.65,2352069
1770111300,2026-02-03T15:05:00,25719.9,25721.15,25696.85,25704.1,4001100
1770111360,2026-02-03T15:06:00,25705.75,25729.1,25701.05,25728.9,3811280
1770111420,2026-02-03T15:07:00,25728.5,25729.1,25721.5,25727.1,2146391
1770111480,2026-02-03T15:08:00,25726.75,25726.75,25720.8,25724.05,2500518
1770111540,2026-02-03T15:09:00,25725.95,25737.5,25714.85,25716.85,3171654
1770111600,2026-02-03T15:10:00,25717.15,25732.7,25699.8,25732.7,4461680
1770111660,2026-02-03T15:11:00,25730.95,25739.25,25728.45,25729.6,3097359
1770111720,2026-02-03T15:12:00,25730.95,25734.15,25728.6,25732.7,2743710
1770111780,2026-02-03T15:13:00,25733.45,25733.45,25729.2,25730.75,2989032
1770111840,2026-02-03T15:14:00,25731.4,25733.55,25717.85,25717.85,3238402
1770111900,2026-02-03T15:15:00,25721.9,25747.45,25706.05,25746.5,4956460
1770111960,2026-02-03T15:16:00,25748.1,25749.45,25727.35,25735.95,3697271
1770112020,2026-02-03T15:17:00,25737.4,25738.1,25731.55,25733.3,2759319
1770112080,2026-02-03T15:18:00,25733.85,25735.7,25724.25,25725.5,3437346
1770112140,2026-02-03T15:19:00,25726.8,25745.3,25723.4,25741.3,3417951
1770112200,2026-02-03T15:20:00,25741.6,25741.6,25731.3,25731.6,3333535
1770112260,2026-02-03T15:21:00,25732.5,25733.6,25726.75,25728.2,2984051
1770112320,2026-02-03T15:22:00,25729.55,25734.7,25728.15,25731.9,3280329
1770112380,2026-02-03T15:23:00,25733.1,25734.3,25730.75,25733.05,2992924
1770112440,2026-02-03T15:24:00,25733.8,25735.95,25728.65,25730.45,3661926
1770112500,2026-02-03T15:25:00,25731.15,25732.2,25715.55,25719.95,3683119
1770112560,2026-02-03T15:26:00,25721.2,25724.9,25715.2,25719.15,2673365
1770112620,2026-02-03T15:27:00,25719.65,25721.2,25717.05,25718.3,2936146
1770112680,2026-02-03T15:28:00,25717.45,25719.35,25711.95,25716.2,2943727
1770112740,2026-02-03T15:29:00,25715.95,25722.55,25708.5,25714.8,2287625
1770176700,2026-02-04T09:15:00,25675.05,25675.05,25563.95,25662.7,10136675
1770176760,2026-02-04T09:16:00,25664.3,25688.0,25655.9,25682.55,7198556
1770176820,2026-02-04T09:17:00,25684.35,25722.55,25676.05,25717.6,4499812
1770176880,2026-02-04T09:18:00,25716.65,25742.05,25712.95,25734.25,4511166
1770176940,2026-02-04T09:19:00,25734.35,25738.25,25710.7,25710.7,3068375
1770177000,2026-02-04T09:20:00,25712.55,25734.55,25712.3,25732.3,2769120
1770177060,2026-02-04T09:21:00,25729.5,25730.7,25714.2,25714.55,2746512
1770177120,2026-02-04T09:22:00,25713.55,25738.45,25708.35,25738.05,2665098
1770177180,2026-02-04T09:23:00,25737.1,25752.5,25735.05,25751.3,1888682
1770177240,2026-02-04T09:24:00,25751.25,25762.15,25749.3,25754.15,2511322
1770177300,2026-02-04T09:25:00,25754.8,25771.6,25751.3,25767.0,2259789
1770177360,2026-02-04T09:26:00,25766.2,25788.3,25766.2,25778.2,2494119
1770177420,2026-02-04T09:27:00,25777.15,25780.55,25769.1,25776.65,3213427
1770177480,2026-02-04T09:28:00,25777.7,25777.7,25767.35,25769.8,2286429
1770177540,2026-02-04T09:29:00,25769.15,25769.15,25749.65,25752.65,1864843
1770177600,2026-02-04T09:30:00,25752.65,25767.4,25752.65,25764.7,1858454
1770177660,2026-02-04T09:31:00,25765.55,25788.0,25765.45,25785.8,1994692
1770177720,2026-02-04T09:32:00,25785.8,25790.15,25778.55,25787.35,1799168
1770177780,2026-02-04T09:33:00,25784.35,25788.5,25775.7,25776.3,1611603
1770177840,2026-02-04T09:34:00,25776.6,25783.4,25760.25,25762.25,1767234
1770177900,2026-02-04T09:35:00,25761.95,25764.2,25753.3,25760.95,1795953
1770177960,2026-02-04T09:36:00,25761.15,25764.2,25755.2,25755.65,1623483
1770178020,2026-02-04T09:37:00,25755.75,25755.9,25738.4,25742.65,1555948
1770178080,2026-02-04T09:38:00,25742.1,25744.05,25728.2,25740.25,1099450
1770178140,2026-02-04T09:39:00,25739.1,25740.3,25729.75,25729.75,1079132
1770178200,2026-02-04T09:40:00,25729.7,25754.15,25729.7,25750.55,1294286
1770178260,2026-02-04T09:41:00,25749.85,25769.25,25749.85,25769.1,1455837
1770178320,2026-02-04T09:42:00,25768.0,25780.05,25768.0,25778.85,1198345
1770178380,2026-02-04T09:43:00,25778.45,25789.35,25774.7,25786.45,1708567
1770178440,2026-02-04T09:44:00,25785.6,25791.2,25783.85,25788.65,3281693
1770178500,2026-02-04T09:45:00,25788.05,25792.55,25779.9,25790.95,1676712
1770178560,2026-02-04T09:46:00,25792.5,25793.6,25784.9,25790.55,1395199
1770178620,2026-02-04T09:47:00,25789.65,25794.75,25786.2,25787.5,1360147
1770178680,2026-02-04T09:48:00,25788.2,25795.25,25787.25,25789.9,1846336
1770178740,2026-02-04T09:49:00,25789.75,25791.8,25784.0,25786.45,991947
1770178800,2026-02-04T09:50:00,25786.25,25786.95,25776.1,25780.15,1466197
1770178860,2026-02-04T09:51:00,25779.0,25779.85,25769.4,25775.0,1085669
1770178920,2026-02-04T09:52:00,25774.5,25776.75,25767.95,25767.95,1357539
1770178980,2026-02-04T09:53:00,25767.6,25767.65,25748.35,25751.0,1311751
1770179040,2026-02-04T09:54:00,25749.95,25764.65,25748.1,25762.65,1084917
1770179100,2026-02-04T09:55:00,25763.1,25768.6,25760.7,25765.5,1067581
1770179160,2026-02-04T09:56:00,25765.2,25768.4,25761.75,25763.45,880572
1770179220,2026-02-04T09:57:00,25763.6,25763.6,25757.55,25758.1,761153
1770179280,2026-02-04T09:58:00,25756.2,25776.65,25756.2,25775.2,1349177
1770179340,2026-02-04T09:59:00,25774.95,25782.05,25774.95,25781.5,1179215
1770179400,2026-02-04T10:00:00,25779.55,25785.35,25773.75,25778.5,1083431
1770179460,2026-02-04T10:01:00,25778.85,25782.8,25774.65,25778.75,712306
1770179520,2026-02-04T10:02:00,25779.05,25780.6,25775.0,25776.85,831179
1770179580,2026-02-04T10:03:00,25777.15,25781.55,25772.45,25775.8,731171
1770179640,2026-02-04T10:04:00,25775.95,25782.35,25772.3,25776.15,957358
1770179700,2026-02-04T10:05:00,25775.7,25790.45,25775.7,25788.3,974108
1770179760,2026-02-04T10:06:00,25787.7,25789.85,25780.3,25784.3,1003054
1770179820,2026-02-04T10:07:00,25783.3,25784.7,25771.3,25780.65,896762
1770179880,2026-02-04T10:08:00,25780.6,25796.95,25780.6,25796.2,926119
1770179940,2026-02-04T10:09:00,25795.6,25800.55,25793.2,25796.0,674837
1770180000,2026-02-04T10:10:00,25795.85,25801.8,25793.9,25795.4,850973
1770180060,2026-02-04T10:11:00,25795.8,25798.1,25788.55,25788.55,871472
1770180120,2026-02-04T10:12:00,25788.7,25793.5,25781.25,25781.85,889819
1770180180,2026-02-04T10:13:00,25781.35,25788.3,25781.0,25782.0,759775
1770180240,2026-02-04T10:14:00,25782.1,25785.5,25774.9,25782.3,1034309
1770180300,2026-02-04T10:15:00,25782.55,25787.05,25776.35,25781.65,833694
1770180360,2026-02-04T10:16:00,25783.0,25784.15,25778.3,25780.3,956885
1770180420,2026-02-04T10:17:00,25779.9,25782.25,25772.2,25773.5,995565
1770180480,2026-02-04T10:18:00,25773.15,25779.55,25771.2,25771.2,689449
1770180540,2026-02-04T10:19:00,25770.55,25771.1,25757.35,25757.35,821553
1770180600,2026-02-04T10:20:00,25757.25,25768.2,25755.85,25764.4,774195
1770180660,2026-02-04T10:21:00,25764.35,25769.6,25754.8,25756.8,1044772
1770180720,2026-02-04T10:22:00,25756.5,25756.5,25745.2,25746.25,965338
1770180780,2026-02-04T10:23:00,25745.65,25746.85,25737.55,25742.7,789268
1770180840,2026-02-04T10:24:00,25742.75,25746.3,25740.65,25744.8,784935
1770180900,2026-02-04T10:25:00,25744.8,25747.15,25735.95,25746.7,850052
1770180960,2026-02-04T10:26:00,25746.2,25753.8,25745.55,25748.0,954989
1770181020,2026-02-04T10:27:00,25746.6,25748.5,25742.0,25742.0,673820
1770181080,2026-02-04T10:28:00,25742.1,25744.75,25738.8,25743.05,794396
1770181140,2026-02-04T10:29:00,25743.4,25749.0,25741.35,25743.3,689974
1770181200,2026-02-04T10:30:00,25744.15,25745.85,25740.05,25741.75,675016
1770181260,2026-02-04T10:31:00,25741.9,25750.35,25740.55,25746.3,704983
1770181320,2026-02-04T10:32:00,25746.95,25748.9,25740.7,25743.65,629048
1770181380,2026-02-04T10:33:00,25745.4,25745.4,25733.85,25735.75,641976
1770181440,2026-02-04T10:34:00,25736.05,25736.05,25723.55,25726.5,933890
1770181500,2026-02-04T10:35:00,25726.2,25732.2,25723.35,25726.75,796503
1770181560,2026-02-04T10:36:00,25724.9,25725.4,25716.9,25718.9,789222
1770181620,2026-02-04T10:37:00,25717.95,25724.0,25715.1,25715.4,879130
1770181680,2026-02-04T10:38:00,25716.2,25716.3,25709.55,25714.0,880449
1770181740,2026-02-04T10:39:00,25713.55,25728.95,25713.2,25727.45,868241
1770181800,2026-02-04T10:40:00,25727.1,25743.3,25727.1,25733.05,1003495
1770181860,2026-02-04T10:41:00,25732.3,25736.5,25724.0,25735.6,769576
1770181920,2026-02-04T10:42:00,25734.95,25734.95,25729.0,25731.6,553575
1770181980,2026-02-04T10:43:00,25732.2,25742.2,25730.45,25740.6,597275
1770182040,2026-02-04T10:44:00,25740.75,25743.75,25733.1,25740.35,561860
1770182100,2026-02-04T10:45:00,25739.0,25742.0,25733.05,25733.05,788759
1770182160,2026-02-04T10:46:00,25732.75,25741.95,25729.6,25740.45,949417
1770182220,2026-02-04T10:47:00,25741.15,25748.15,25739.0,25743.85,638717
1770182280,2026-02-04T10:48:00,25743.85,25751.1,25742.95,25749.8,591493
1770182340,2026-02-04T10:49:00,25749.55,25755.9,25749.4,25752.85,879353
1770182400,2026-02-04T10:50:00,25751.85,25755.45,25745.45,25751.0,629187
1770182460,2026-02-04T10:51:00,25750.35,25756.9,25746.4,25753.35,716368
1770182520,2026-02-04T10:52:00,25752.35,25756.6,25746.3,25750.35,540546
1770182580,2026-02-04T10:53:00,25748.15,25756.55,25748.15,25750.95,567273
1770182640,2026-02-04T10:54:00,25749.85,25749.85,25739.05,25743.3,756349
1770182700,2026-02-04T10:55:00,25742.4,25748.1,25740.25,25744.2,622609
1770182760,2026-02-04T10:56:00,25743.6,25748.95,25742.45,25745.15,543200
1770182820,2026-02-04T10:57:00,25744.4,25745.05,25734.95,25737.55,605830
1770182880,2026-02-04T10:58:00,25736.9,25742.9,25735.9,25738.45,637096
1770182940,2026-02-04T10:59:00,25736.6,25750.4,25736.6,25746.2,720727
1770183000,2026-02-04T11:00:00,25745.9,25752.55,25744.05,25750.75,925122
1770183060,2026-02-04T11:01:00,25750.4,25756.4,25750.4,25752.6,703570
1770183120,2026-02-04T11:02:00,25751.7,25751.7,25737.3,25745.15,786535
1770183180,2026-02-04T11:03:00,25745.55,25760.15,25745.55,25759.85,583167
1770183240,2026-02-04T11:04:00,25758.85,25759.65,25748.75,25749.05,613536
1770183300,2026-02-04T11:05:00,25748.8,25749.3,25741.7,25748.05,702784
1770183360,2026-02-04T11:06:00,25747.9,25757.8,25747.1,25756.6,693004
1770183420,2026-02-04T11:07:00,25756.85,25759.0,25749.35,25750.4,537322
1770183480,2026-02-04T11:08:00,25750.45,25750.9,25746.65,25747.95,835828
1770183540,2026-02-04T11:09:00,25747.65,25747.65,25736.7,25737.15,728004
1770183600,2026-02-04T11:10:00,25737.4,25738.0,25726.3,25727.1,812035
1770183660,2026-02-04T11:11:00,25727.4,25730.1,25721.3,25721.3,665070
1770183720,2026-02-04T11:12:00,25721.4,25722.05,25714.15,25717.85,964336
1770183780,2026-02-04T11:13:00,25716.75,25727.0,25716.15,25726.9,863116
1770183840,2026-02-04T11:14:00,25727.3,25727.3,25720.5,25723.95,741255
1770183900,2026-02-04T11:15:00,25724.0,25726.8,25713.9,25716.6,756377
1770183960,2026-02-04T11:16:00,25716.05,25720.6,25710.7,25710.7,1015125
1770184020,2026-02-04T11:17:00,25710.65,25714.35,25704.9,25709.7,816529
1770184080,2026-02-04T11:18:00,25709.65,25711.5,25704.95,25710.6,714391
1770184140,2026-02-04T11:19:00,25711.3,25711.8,25708.4,25708.95,918038
1770184200,2026-02-04T11:20:00,25709.1,25715.0,25707.4,25714.85,776312
1770184260,2026-02-04T11:21:00,25713.85,25715.5,25710.05,25712.25,684152
1770184320,2026-02-04T11:22:00,25712.95,25723.25,25712.95,25718.15,984839
1770184380,2026-02-04T11:23:00,25717.55,25718.55,25710.35,25711.7,768326
1770184440,2026-02-04T11:24:00,25710.1,25710.2,25695.4,25698.05,1016846
1770184500,2026-02-04T11:25:00,25696.9,25702.55,25696.8,25700.0,1630051
1770184560,2026-02-04T11:26:00,25698.6,25701.35,25696.15,25700.25,1010137
1770184620,2026-02-04T11:27:00,25699.65,25700.5,25688.2,25689.65,811479
1770184680,2026-02-04T11:28:00,25688.3,25702.0,25685.95,25700.9,1134765
1770184740,2026-02-04T11:29:00,25700.2,25704.65,25697.05,25699.35,929484
1770184800,2026-02-04T11:30:00,25698.15,25699.85,25692.4,25696.05,769587
1770184860,2026-02-04T11:31:00,25696.1,25709.3,25691.25,25706.8,877329
1770184920,2026-02-04T11:32:00,25706.5,25711.5,25706.15,25709.0,878148
1770184980,2026-02-04T11:33:00,25708.95,25709.7,25700.0,25703.05,847952
1770185040,2026-02-04T11:34:00,25704.2,25710.0,25701.9,25705.15,1056556
1770185100,2026-02-04T11:35:00,25705.85,25708.6,25700.45,25702.4,741127
1770185160,2026-02-04T11:36:00,25701.45,25703.3,25698.1,25700.0,696450
1770185220,2026-02-04T11:37:00,25699.45,25705.0,25698.35,25703.05,1348921
1770185280,2026-02-04T11:38:00,25701.85,25707.55,25699.8,25706.05,614615
1770185340,2026-02-04T11:39:00,25705.35,25709.1,25702.35,25703.45,893228
1770185400,2026-02-04T11:40:00,25703.2,25712.05,25702.6,25711.3,811525
1770185460,2026-02-04T11:41:00,25710.85,25719.65,25710.85,25715.35,652538
1770185520,2026-02-04T11:42:00,25715.0,25723.9,25713.95,25722.2,574264
1770185580,2026-02-04T11:43:00,25721.2,25721.5,25714.2,25715.2,642098
1770185640,2026-02-04T11:44:00,25714.25,25717.6,25712.25,25717.35,547847
1770185700,2026-02-04T11:45:00,25717.05,25725.6,25716.55,25723.1,952687
1770185760,2026-02-04T11:46:00,25723.2,25723.3,25714.95,25716.6,584206
1770185820,2026-02-04T11:47:00,25716.3,25716.35,25703.85,25705.1,1963983
1770185880,2026-02-04T11:48:00,25704.85,25712.4,25703.95,25711.65,760211
1770185940,2026-02-04T11:49:00,25711.4,25714.2,25704.9,25714.2,786979
1770186000,2026-02-04T11:50:00,25713.75,25714.55,25699.4,25701.75,709776
1770186060,2026-02-04T11:51:00,25701.7,25703.35,25695.7,25697.65,860460
1770186120,2026-02-04T11:52:00,25696.95,25703.55,25695.65,25703.0,628975
1770186180,2026-02-04T11:53:00,25702.8,25703.6,25697.9,25703.55,605072
1770186240,2026-02-04T11:54:00,25702.95,25723.15,25702.95,25721.9,915027
1770186300,2026-02-04T11:55:00,25721.35,25726.75,25718.1,25726.3,626537
1770186360,2026-02-04T11:56:00,25726.45,25729.3,25717.9,25720.65,834545
1770186420,2026-02-04T11:57:00,25720.4,25726.45,25719.3,25723.45,1202243
1770186480,2026-02-04T11:58:00,25722.65,25729.55,25722.05,25725.95,1326198
1770186540,2026-02-04T11:59:00,25725.9,25728.7,25723.1,25727.45,2867252
1770186600,2026-02-04T12:00:00,25726.9,25734.85,25726.4,25732.85,847453
1770186660,2026-02-04T12:01:00,25733.5,25733.5,25727.55,25731.25,694496
1770186720,2026-02-04T12:02:00,25730.55,25731.4,25722.35,25724.85,703256
1770186780,2026-02-04T12:03:00,25724.9,25724.9,25714.15,25715.05,1106168
1770186840,2026-02-04T12:04:00,25715.15,25718.35,25711.25,25717.55,679168
1770186900,2026-02-04T12:05:00,25717.4,25722.3,25716.55,25721.05,656620
1770186960,2026-02-04T12:06:00,25720.8,25723.0,25718.65,25720.4,498082
1770187020,2026-02-04T12:07:00,25719.4,25730.3,25719.4,25728.85,596068
1770187080,2026-02-04T12:08:00,25728.25,25736.1,25727.1,25735.2,1042749
1770187140,2026-02-04T12:09:00,25734.3,25737.9,25733.3,25736.35,1247789
1770187200,2026-02-04T12:10:00,25736.2,25738.9,25735.4,25738.6,744577
1770187260,2026-02-04T12:11:00,25737.5,25739.75,25733.1,25738.9,809849
1770187320,2026-02-04T12:12:00,25738.65,25739.15,25733.25,25736.15,788833
1770187380,2026-02-04T12:13:00,25735.9,25736.5,25731.65,25735.5,804955
1770187440,2026-02-04T12:14:00,25735.2,25742.55,25734.8,25742.55,1075072
1770187500,2026-02-04T12:15:00,25741.7,25750.15,25740.5,25747.9,908851
1770187560,2026-02-04T12:16:00,25747.9,25750.3,25741.5,25741.5,922288
1770187620,2026-02-04T12:17:00,25741.35,25746.85,25739.65,25745.45,725401
1770187680,2026-02-04T12:18:00,25745.1,25745.1,25735.1,25738.8,3531968
1770187740,2026-02-04T12:19:00,25738.35,25738.35,25732.4,25734.15,955410
1770187800,2026-02-04T12:20:00,25733.5,25737.7,25730.75,25737.6,1016827
1770187860,2026-02-04T12:21:00,25737.35,25738.3,25731.15,25733.65,686458
1770187920,2026-02-04T12:22:00,25733.65,25734.3,25725.95,25727.95,611505
1770187980,2026-02-04T12:23:00,25727.25,25733.65,25727.25,25732.6,586927
1770188040,2026-02-04T12:24:00,25731.1,25731.15,25723.6,25727.85,796581
1770188100,2026-02-04T12:25:00,25727.2,25734.75,25727.2,25734.4,855038
1770188160,2026-02-04T12:26:00,25733.6,25745.55,25733.6,25745.1,841105
1770188220,2026-02-04T12:27:00,25744.35,25752.4,25744.35,25752.4,735199
1770188280,2026-02-04T12:28:00,25752.75,25756.3,25752.2,25755.1,2597757
1770188340,2026-02-04T12:29:00,25755.2,25756.2,25747.8,25748.0,782369
1770188400,2026-02-04T12:30:00,25746.85,25747.7,25737.5,25737.5,721338
1770188460,2026-02-04T12:31:00,25736.75,25738.6,25731.35,25733.65,924172
1770188520,2026-02-04T12:32:00,25734.4,25739.05,25733.9,25738.3,1696304
1770188580,2026-02-04T12:33:00,25737.65,25737.7,25733.15,25734.4,662711
1770188640,2026-02-04T12:34:00,25735.2,25738.75,25733.05,25738.5,796856
1770188700,2026-02-04T12:35:00,25738.0,25740.3,25732.9,25734.15,783545
1770188760,2026-02-04T12:36:00,25732.7,25734.15,25728.05,25728.7,586085
1770188820,2026-02-04T12:37:00,25728.3,25742.0,25727.2,25742.0,716261
1770188880,2026-02-04T12:38:00,25742.4,25742.65,25736.15,25736.15,671458
1770188940,2026-02-04T12:39:00,25735.9,25742.95,25734.2,25741.55,3951202
1770189000,2026-02-04T12:40:00,25741.2,25751.9,25738.9,25748.2,1049620
1770189060,2026-02-04T12:41:00,25748.05,25756.75,25748.0,25756.35,970850
1770189120,2026-02-04T12:42:00,25755.45,25762.95,25754.95,25761.85,1369473
1770189180,2026-02-04T12:43:00,25760.75,25760.9,25754.85,25756.9,696012
1770189240,2026-02-04T12:44:00,25756.5,25756.95,25738.7,25738.7,983525
1770189300,2026-02-04T12:45:00,25738.6,25738.9,25729.65,25737.35,871335
1770189360,2026-02-04T12:46:00,25737.85,25737.85,25731.25,25734.6,530909
1770189420,2026-02-04T12:47:00,25733.95,25734.8,25728.55,25728.55,681709
1770189480,2026-02-04T12:48:00,25729.4,25730.35,25725.9,25725.9,930953
1770189540,2026-02-04T12:49:00,25725.4,25726.85,25722.2,25723.35,848931
1770189600,2026-02-04T12:50:00,25723.9,25725.0,25718.95,25720.8,4370248
1770189660,2026-02-04T12:51:00,25720.85,25723.85,25718.4,25722.75,785164
1770189720,2026-02-04T12:52:00,25722.65,25724.95,25720.7,25721.7,1712497
1770189780,2026-02-04T12:53:00,25721.35,25722.9,25716.7,25718.35,667745
1770189840,2026-02-04T12:54:00,25718.1,25721.2,25712.45,25720.4,898431
1770189900,2026-02-04T12:55:00,25720.1,25721.6,25713.7,25716.2,811023
1770189960,2026-02-04T12:56:00,25715.85,25720.6,25714.7,25717.55,576013
1770190020,2026-02-04T12:57:00,25718.05,25719.9,25713.3,25714.3,805250
1770190080,2026-02-04T12:58:00,25715.35,25715.45,25709.15,25710.45,650879
1770190140,2026-02-04T12:59:00,25710.7,25713.15,25701.25,25705.15,698337
1770190200,2026-02-04T13:00:00,25704.55,25711.25,25704.5,25708.95,646402
1770190260,2026-02-04T13:01:00,25709.5,25709.65,25702.65,25706.95,641599
1770190320,2026-02-04T13:02:00,25708.2,25712.4,25706.7,25711.15,517226
1770190380,2026-02-04T13:03:00,25711.2,25716.65,25709.25,25710.35,911702
1770190440,2026-02-04T13:04:00,25709.6,25718.25,25709.35,25717.1,807934
1770190500,2026-02-04T13:05:00,25717.2,25720.5,25715.6,25718.25,582036
1770190560,2026-02-04T13:06:00,25718.3,25721.5,25717.2,25721.0,524882
1770190620,2026-02-04T13:07:00,25720.95,25725.35,25719.1,25723.95,830746
1770190680,2026-02-04T13:08:00,25723.65,25733.7,25722.65,25733.05,835594
1770190740,2026-02-04T13:09:00,25732.35,25738.1,25732.3,25733.9,645310
1770190800,2026-02-04T13:10:00,25734.15,25735.6,25730.25,25731.15,454384
1770190860,2026-02-04T13:11:00,25731.3,25733.75,25728.8,25731.9,630028
1770190920,2026-02-04T13:12:00,25732.0,25738.65,25732.0,25738.25,505415
1770190980,2026-02-04T13:13:00,25739.4,25739.6,25734.45,25737.7,480985
1770191040,2026-02-04T13:14:00,25738.3,25740.95,25734.4,25736.75,579000
1770191100,2026-02-04T13:15:00,25735.9,25744.0,25735.9,25737.85,529541
1770191160,2026-02-04T13:16:00,25737.5,25740.0,25734.25,25734.85,706127
1770191220,2026-02-04T13:17:00,25734.55,25736.05,25731.65,25734.25,662763
1770191280,2026-02-04T13:18:00,25734.05,25737.7,25731.95,25732.15,636252
1770191340,2026-02-04T13:19:00,25732.05,25735.2,25727.85,25734.7,594292
1770191400,2026-02-04T13:20:00,25736.95,25740.8,25734.6,25737.15,593081
1770191460,2026-02-04T13:21:00,25736.7,25740.1,25735.2,25736.4,449703
1770191520,2026-02-04T13:22:00,25736.1,25745.0,25734.8,25744.35,591547
1770191580,2026-02-04T13:23:00,25743.6,25751.3,25742.75,25751.05,650452
1770191640,2026-02-04T13:24:00,25750.65,25752.2,25747.35,25750.6,531198
1770191700,2026-02-04T13:25:00,25750.55,25754.4,25748.75,25753.05,700408
1770191760,2026-02-04T13:26:00,25754.4,25756.5,25752.05,25752.65,632735
1770191820,2026-02-04T13:27:00,25752.45,25757.4,25751.1,25755.6,577176
1770191880,2026-02-04T13:28:00,25754.9,25757.5,25753.45,25756.35,467170
1770191940,2026-02-04T13:29:00,25756.1,25759.25,25755.65,25757.25,769994
1770192000,2026-02-04T13:30:00,25757.95,25763.85,25757.5,25762.75,657782
1770192060,2026-02-04T13:31:00,25763.2,25764.15,25757.85,25763.55,542066
1770192120,2026-02-04T13:32:00,25763.4,25768.9,25762.4,25767.5,836891
1770192180,2026-02-04T13:33:00,25767.1,25767.1,25757.25,25757.55,799205
1770192240,2026-02-04T13:34:00,25757.3,25765.25,25757.05,25765.15,722636
1770192300,2026-02-04T13:35:00,25764.35,25770.15,25760.2,25760.2,1072782
1770192360,2026-02-04T13:36:00,25760.35,25764.75,25757.45,25764.65,505420
1770192420,2026-02-04T13:37:00,25764.45,25766.35,25762.3,25766.2,544869
1770192480,2026-02-04T13:38:00,25765.9,25767.9,25762.75,25763.75,571015
1770192540,2026-02-04T13:39:00,25764.05,25772.5,25763.55,25770.9,498379
1770192600,2026-02-04T13:40:00,25771.5,25772.4,25767.95,25771.15,517449
1770192660,2026-02-04T13:41:00,25770.9,25772.45,25767.25,25771.5,786966
1770192720,2026-02-04T13:42:00,25771.0,25772.7,25767.85,25772.05,441583
1770192780,2026-02-04T13:43:00,25772.6,25772.6,25767.85,25769.5,621313
1770192840,2026-02-04T13:44:00,25769.5,25772.2,25768.65,25771.35,608861
1770192900,2026-02-04T13:45:00,25770.2,25772.55,25765.0,25766.15,545713
1770192960,2026-02-04T13:46:00,25766.5,25770.7,25765.4,25767.35,517653
1770193020,2026-02-04T13:47:00,25767.95,25769.5,25763.15,25764.75,575775
1770193080,2026-02-04T13:48:00,25764.45,25771.05,25762.45,25769.5,620310
1770193140,2026-02-04T13:49:00,25769.55,25771.35,25762.55,25764.4,572302
1770193200,2026-02-04T13:50:00,25764.5,25766.4,25761.0,25762.8,692185
1770193260,2026-02-04T13:51:00,25762.15,25774.55,25762.15,25773.1,737346
1770193320,2026-02-04T13:52:00,25773.8,25783.5,25773.65,25781.0,867467
1770193380,2026-02-04T13:53:00,25780.9,25785.7,25779.25,25785.7,600978
1770193440,2026-02-04T13:54:00,25785.65,25787.1,25781.5,25786.25,771933
1770193500,2026-02-04T13:55:00,25786.75,25788.25,25779.05,25783.6,792510
1770193560,2026-02-04T13:56:00,25783.15,25784.35,25779.25,25780.9,599215
1770193620,2026-02-04T13:57:00,25780.9,25784.45,25778.8,25782.6,456163
1770193680,2026-02-04T13:58:00,25782.7,25783.35,25775.45,25779.4,665937
1770193740,2026-02-04T13:59:00,25779.35,25779.5,25772.6,25775.1,431870
1770193800,2026-02-04T14:00:00,25774.95,25775.8,25762.6,25765.85,652451
1770193860,2026-02-04T14:01:00,25766.1,25768.65,25764.6,25767.35,626927
1770193920,2026-02-04T14:02:00,25767.15,25767.15,25760.05,25761.4,582329
1770193980,2026-02-04T14:03:00,25761.0,25763.55,25755.25,25761.4,755758
1770194040,2026-02-04T14:04:00,25758.9,25770.1,25758.9,25766.2,704229
1770194100,2026-02-04T14:05:00,25765.6,25767.55,25763.55,25765.0,514857
1770194160,2026-02-04T14:06:00,25764.85,25765.25,25758.7,25760.0,607342
1770194220,2026-02-04T14:07:00,25759.75,25764.25,25757.1,25760.7,519584
1770194280,2026-02-04T14:08:00,25760.85,25764.0,25760.7,25763.15,535207
1770194340,2026-02-04T14:09:00,25763.3,25767.9,25762.6,25766.55,636353
1770194400,2026-02-04T14:10:00,25766.75,25777.0,25765.25,25775.55,2234801
1770194460,2026-02-04T14:11:00,25776.55,25781.4,25775.65,25780.75,709194
1770194520,2026-02-04T14:12:00,25780.05,25787.65,25779.85,25786.75,774380
1770194580,2026-02-04T14:13:00,25786.05,25791.7,25786.05,25789.05,767289
1770194640,2026-02-04T14:14:00,25788.75,25791.15,25787.55,25790.9,518069
1770194700,2026-02-04T14:15:00,25789.95,25797.75,25789.95,25796.75,2531044
1770194760,2026-02-04T14:16:00,25796.1,25798.75,25794.9,25797.5,815499
1770194820,2026-02-04T14:17:00,25797.0,25805.25,25796.1,25803.25,993635
1770194880,2026-02-04T14:18:00,25803.35,25813.9,25802.7,25809.3,993810
1770194940,2026-02-04T14:19:00,25807.95,25808.9,25802.85,25806.2,807765
1770195000,2026-02-04T14:20:00,25806.2,25811.1,25806.2,25810.35,685537
1770195060,2026-02-04T14:21:00,25810.75,25818.55,25810.75,25816.4,1135394
1770195120,2026-02-04T14:22:00,25816.1,25816.9,25806.8,25807.6,867916
1770195180,2026-02-04T14:23:00,25808.1,25809.2,25804.85,25806.35,753867
1770195240,2026-02-04T14:24:00,25805.65,25807.0,25799.75,25801.0,981604
1770195300,2026-02-04T14:25:00,25801.25,25801.25,25794.7,25794.95,840595
1770195360,2026-02-04T14:26:00,25794.2,25797.0,25788.35,25796.45,950217
1770195420,2026-02-04T14:27:00,25796.55,25798.6,25794.3,25797.3,712936
1770195480,2026-02-04T14:28:00,25797.05,25797.5,25791.4,25795.4,671301
1770195540,2026-02-04T14:29:00,25794.9,25799.75,25794.55,25798.2,655304
1770195600,2026-02-04T14:30:00,25797.75,25803.2,25793.15,25795.6,840553
1770195660,2026-02-04T14:31:00,25795.45,25800.45,25794.5,25799.7,745019
1770195720,2026-02-04T14:32:00,25799.65,25801.6,25795.85,25799.0,704943
1770195780,2026-02-04T14:33:00,25798.8,25802.9,25797.3,25802.1,1119108
1770195840,2026-02-04T14:34:00,25802.55,25804.05,25797.1,25799.2,812921
1770195900,2026-02-04T14:35:00,25799.4,25800.7,25796.7,25797.95,864502
1770195960,2026-02-04T14:36:00,25797.8,25806.4,25795.85,25805.2,1288078
1770196020,2026-02-04T14:37:00,25805.55,25810.7,25802.45,25809.05,952946
1770196080,2026-02-04T14:38:00,25809.15,25812.15,25805.1,25810.35,811104
1770196140,2026-02-04T14:39:00,25810.3,25815.7,25810.3,25811.5,871787
1770196200,2026-02-04T14:40:00,25811.45,25813.25,25806.45,25809.85,946674
1770196260,2026-02-04T14:41:00,25809.25,25812.75,25808.2,25810.85,989456
1770196320,2026-02-04T14:42:00,25810.35,25812.4,25806.9,25808.8,965449
1770196380,2026-02-04T14:43:00,25807.55,25809.6,25803.9,25807.2,1067886
1770196440,2026-02-04T14:44:00,25807.55,25813.1,25806.85,25809.35,1091983
1770196500,2026-02-04T14:45:00,25809.7,25812.65,25804.5,25805.5,804058
1770196560,2026-02-04T14:46:00,25803.85,25811.05,25795.65,25798.0,1717169
1770196620,2026-02-04T14:47:00,25798.1,25799.65,25784.95,25784.95,1146505
1770196680,2026-02-04T14:48:00,25784.2,25796.95,25782.25,25796.2,992705
1770196740,2026-02-04T14:49:00,25795.8,25798.6,25792.3,25795.05,2710143
1770196800,2026-02-04T14:50:00,25795.25,25797.95,25792.3,25796.15,1693361
1770196860,2026-02-04T14:51:00,25795.35,25799.55,25792.35,25799.15,1029131
1770196920,2026-02-04T14:52:00,25798.0,25799.25,25794.15,25798.05,930585
1770196980,2026-02-04T14:53:00,25797.45,25798.45,25793.05,25797.2,1105750
1770197040,2026-02-04T14:54:00,25796.4,25796.65,25791.5,25795.65,1145934
1770197100,2026-02-04T14:55:00,25795.3,25798.7,25793.65,25793.95,1169936
1770197160,2026-02-04T14:56:00,25794.65,25794.75,25786.6,25790.85,846329
1770197220,2026-02-04T14:57:00,25790.35,25791.0,25782.9,25787.5,1044605
1770197280,2026-02-04T14:58:00,25787.7,25791.05,25785.3,25785.9,1020861
1770197340,2026-02-04T14:59:00,25786.25,25786.3,25779.85,25782.65,1259741
1770197400,2026-02-04T15:00:00,25784.8,25810.0,25784.8,25806.05,2865868
1770197460,2026-02-04T15:01:00,25806.6,25812.4,25795.25,25796.15,2150804
1770197520,2026-02-04T15:02:00,25796.5,25797.05,25790.9,25790.9,1643994
1770197580,2026-02-04T15:03:00,25791.55,25797.55,25787.1,25797.35,2963858
1770197640,2026-02-04T15:04:00,25796.95,25798.7,25788.65,25789.9,1582590
1770197700,2026-02-04T15:05:00,25790.05,25794.35,25788.85,25791.6,1840528
1770197760,2026-02-04T15:06:00,25792.9,25796.55,25791.6,25793.9,1972847
1770197820,2026-02-04T15:07:00,25794.35,25796.55,25788.05,25788.05,2048030
1770197880,2026-02-04T15:08:00,25788.6,25789.45,25784.1,25784.35,1959535
1770197940,2026-02-04T15:09:00,25784.65,25785.4,25780.2,25784.65,1754998
1770198000,2026-02-04T15:10:00,25785.45,25785.45,25781.4,25782.2,2436623
1770198060,2026-02-04T15:11:00,25782.1,25789.3,25780.35,25785.15,3009655
1770198120,2026-02-04T15:12:00,25784.45,25786.4,25781.0,25782.1,2055803
1770198180,2026-02-04T15:13:00,25782.75,25785.55,25781.35,25781.8,1756528
1770198240,2026-02-04T15:14:00,25782.2,25785.3,25781.3,25783.1,2381061
1770198300,2026-02-04T15:15:00,25783.0,25790.0,25781.6,25788.45,2507185
1770198360,2026-02-04T15:16:00,25788.05,25790.0,25786.05,25787.25,2171527
1770198420,2026-02-04T15:17:00,25788.2,25790.25,25782.15,25782.8,2303562
1770198480,2026-02-04T15:18:00,25783.0,25784.0,25778.4,25779.5,2396168
1770198540,2026-02-04T15:19:00,25780.0,25781.0,25768.95,25768.95,2563849
1770198600,2026-02-04T15:20:00,25770.1,25771.45,25766.55,25766.85,2429038
1770198660,2026-02-04T15:21:00,25766.6,25767.85,25761.3,25761.3,2827817
1770198720,2026-02-04T15:22:00,25762.6,25762.75,25755.9,25758.15,2075736
1770198780,2026-02-04T15:23:00,25758.85,25761.95,25757.65,25758.85,2439228
1770198840,2026-02-04T15:24:00,25759.35,25763.2,25757.5,25759.7,3238370
1770198900,2026-02-04T15:25:00,25760.85,25764.6,25756.5,25761.15,2754066
1770198960,2026-02-04T15:26:00,25761.0,25763.35,25754.75,25755.35,1933206
1770199020,2026-02-04T15:27:00,25756.05,25757.05,25748.25,25753.9,2537177
1770199080,2026-02-04T15:28:00,25751.6,25755.3,25742.45,25745.05,2875958
1770199140,2026-02-04T15:29:00,25745.5,25750.35,25737.5,25737.5,2033894
1770263100,2026-02-05T09:15:00,25755.9,25757.65,25681.85,25723.5,6333046
1770263160,2026-02-05T09:16:00,25722.85,25735.55,25717.1,25717.1,3316073
1770263220,2026-02-05T09:17:00,25718.2,25741.85,25716.15,25732.95,2751000
1770263280,2026-02-05T09:18:00,25734.6,25749.25,25731.3,25744.9,2466936
1770263340,2026-02-05T09:19:00,25742.5,25747.1,25727.0,25727.35,2291390
1770263400,2026-02-05T09:20:00,25728.3,25728.3,25697.85,25702.2,2112793
1770263460,2026-02-05T09:21:00,25702.45,25702.45,25692.65,25697.4,2033119
1770263520,2026-02-05T09:22:00,25695.15,25696.9,25684.45,25686.3,1989953
1770263580,2026-02-05T09:23:00,25687.05,25699.2,25686.1,25692.25,1643828
1770263640,2026-02-05T09:24:00,25691.4,25695.25,25680.6,25682.3,1407863
1770263700,2026-02-05T09:25:00,25682.6,25683.25,25672.35,25674.9,1447206
1770263760,2026-02-05T09:26:00,25674.8,25687.85,25674.2,25678.5,1644529
1770263820,2026-02-05T09:27:00,25677.95,25678.1,25667.7,25668.85,1418012
1770263880,2026-02-05T09:28:00,25668.35,25674.85,25666.8,25669.3,1178646
1770263940,2026-02-05T09:29:00,25668.35,25690.65,25666.15,25690.65,1325845
1770264000,2026-02-05T09:30:00,25690.7,25708.35,25690.7,25700.3,1461259
1770264060,2026-02-05T09:31:00,25699.1,25716.8,25699.1,25710.1,1336601
1770264120,2026-02-05T09:32:00,25710.25,25723.9,25708.85,25717.1,1139154
1770264180,2026-02-05T09:33:00,25716.6,25729.55,25704.15,25705.6,1302909
1770264240,2026-02-05T09:34:00,25705.2,25710.1,25692.0,25692.75,1200725
1770264300,2026-02-05T09:35:00,25692.95,25707.05,25691.8,25692.15,1074888
1770264360,2026-02-05T09:36:00,25691.8,25694.8,25678.2,25678.2,1122747
1770264420,2026-02-05T09:37:00,25678.4,25680.95,25672.0,25680.35,1270450
1770264480,2026-02-05T09:38:00,25680.1,25680.25,25668.3,25670.05,1360032
1770264540,2026-02-05T09:39:00,25668.85,25680.4,25663.45,25677.85,1465814
1770264600,2026-02-05T09:40:00,25679.6,25680.35,25667.8,25667.8,955662
1770264660,2026-02-05T09:41:00,25667.65,25668.55,25660.3,25661.35,1363164
1770264720,2026-02-05T09:42:00,25662.0,25662.0,25647.15,25655.3,1103912
1770264780,2026-02-05T09:43:00,25655.35,25655.5,25645.65,25646.5,1260235
1770264840,2026-02-05T09:44:00,25646.85,25648.7,25633.85,25635.15,1138031
1770264900,2026-02-05T09:45:00,25635.15,25636.8,25625.65,25633.45,1262329
1770264960,2026-02-05T09:46:00,25634.45,25640.6,25632.8,25633.45,987769
1770265020,2026-02-05T09:47:00,25634.0,25641.8,25630.65,25638.35,862335
1770265080,2026-02-05T09:48:00,25637.9,25637.9,25624.4,25625.1,997938
1770265140,2026-02-05T09:49:00,25624.8,25637.0,25622.5,25631.65,942438
1770265200,2026-02-05T09:50:00,25631.75,25645.75,25631.75,25641.95,1228444
1770265260,2026-02-05T09:51:00,25640.45,25647.05,25635.1,25635.1,763178
1770265320,2026-02-05T09:52:00,25636.55,25637.25,25624.95,25626.1,1029659
1770265380,2026-02-05T09:53:00,25625.6,25632.05,25625.3,25626.15,734503
1770265440,2026-02-05T09:54:00,25626.85,25628.95,25621.25,25624.6,974322
1770265500,2026-02-05T09:55:00,25625.25,25629.4,25621.85,25625.3,688211
1770265560,2026-02-05T09:56:00,25624.95,25628.1,25612.9,25627.55,859505
1770265620,2026-02-05T09:57:00,25627.0,25637.9,25625.5,25630.95,734252
1770265680,2026-02-05T09:58:00,25631.6,25639.5,25626.45,25638.6,711819
1770265740,2026-02-05T09:59:00,25638.65,25643.8,25635.7,25637.65,739775
1770265800,2026-02-05T10:00:00,25637.35,25641.6,25630.05,25634.15,820495
1770265860,2026-02-05T10:01:00,25633.95,25640.5,25628.6,25629.05,648953
1770265920,2026-02-05T10:02:00,25627.8,25631.8,25622.7,25626.65,567062
1770265980,2026-02-05T10:03:00,25625.1,25629.4,25622.55,25627.3,758945
1770266040,2026-02-05T10:04:00,25627.7,25643.1,25627.25,25636.85,769953
1770266100,2026-02-05T10:05:00,25637.65,25641.3,25632.55,25632.55,818135
1770266160,2026-02-05T10:06:00,25632.2,25638.7,25630.6,25631.9,821229
1770266220,2026-02-05T10:07:00,25633.1,25640.1,25630.0,25639.25,559025
1770266280,2026-02-05T10:08:00,25638.9,25646.0,25630.1,25633.0,676773
1770266340,2026-02-05T10:09:00,25631.6,25638.9,25631.1,25637.1,603860
1770266400,2026-02-05T10:10:00,25635.55,25661.05,25635.35,25660.6,882485
1770266460,2026-02-05T10:11:00,25662.0,25667.45,25658.8,25663.85,841882
1770266520,2026-02-05T10:12:00,25662.95,25669.2,25661.75,25665.45,745494
1770266580,2026-02-05T10:13:00,25664.25,25670.85,25661.0,25667.45,2018178
1770266640,2026-02-05T10:14:00,25667.5,25676.7,25665.55,25672.75,879205
1770266700,2026-02-05T10:15:00,25672.5,25673.1,25663.5,25665.4,827306
1770266760,2026-02-05T10:16:00,25665.85,25671.4,25663.4,25667.55,654656
1770266820,2026-02-05T10:17:00,25667.3,25668.35,25659.45,25660.8,602391
1770266880,2026-02-05T10:18:00,25659.95,25666.95,25657.3,25660.55,479756
1770266940,2026-02-05T10:19:00,25660.75,25671.65,25660.2,25670.55,627649
1770267000,2026-02-05T10:20:00,25670.6,25684.95,25670.6,25683.55,1193431
1770267060,2026-02-05T10:21:00,25683.6,25687.75,25676.2,25683.95,1263358
1770267120,2026-02-05T10:22:00,25683.1,25696.6,25679.6,25693.1,804235
1770267180,2026-02-05T10:23:00,25693.45,25697.7,25691.15,25694.6,861014
1770267240,2026-02-05T10:24:00,25694.45,25700.45,25693.1,25694.6,585511
1770267300,2026-02-05T10:25:00,25694.85,25697.35,25690.25,25695.7,634457
1770267360,2026-02-05T10:26:00,25695.7,25698.35,25692.4,25692.7,667150
1770267420,2026-02-05T10:27:00,25692.85,25696.3,25687.25,25687.3,572234
1770267480,2026-02-05T10:28:00,25686.65,25689.5,25677.1,25677.1,639163
1770267540,2026-02-05T10:29:00,25676.85,25681.3,25668.95,25669.55,640297
1770267600,2026-02-05T10:30:00,25668.9,25670.85,25665.45,25667.3,2942291
1770267660,2026-02-05T10:31:00,25666.3,25666.5,25655.25,25662.65,1076990
1770267720,2026-02-05T10:32:00,25661.6,25669.0,25656.35,25657.3,762872
1770267780,2026-02-05T10:33:00,25657.9,25658.85,25649.1,25649.1,457961
1770267840,2026-02-05T10:34:00,25648.65,25649.05,25641.2,25646.7,576337
1770267900,2026-02-05T10:35:00,25646.9,25653.4,25644.45,25645.8,662091
1770267960,2026-02-05T10:36:00,25646.05,25647.95,25641.85,25643.6,601509
1770268020,2026-02-05T10:37:00,25643.3,25647.8,25639.2,25641.95,488136
1770268080,2026-02-05T10:38:00,25641.2,25642.05,25632.95,25632.95,593348
1770268140,2026-02-05T10:39:00,25633.0,25633.05,25626.65,25627.8,734239
1770268200,2026-02-05T10:40:00,25627.45,25629.7,25623.55,25627.95,740742
1770268260,2026-02-05T10:41:00,25630.65,25649.05,25630.65,25648.15,631356
1770268320,2026-02-05T10:42:00,25648.0,25649.85,25643.95,25643.95,558310
1770268380,2026-02-05T10:43:00,25643.7,25650.3,25643.25,25650.3,532939
1770268440,2026-02-05T10:44:00,25650.0,25651.0,25642.65,25642.65,499032
1770268500,2026-02-05T10:45:00,25642.8,25644.2,25637.65,25641.6,861337
1770268560,2026-02-05T10:46:00,25642.3,25649.15,25641.65,25646.35,706870
1770268620,2026-02-05T10:47:00,25646.15,25648.85,25640.55,25645.75,729805
1770268680,2026-02-05T10:48:00,25643.95,25644.75,25637.4,25638.5,557015
1770268740,2026-02-05T10:49:00,25638.7,25642.75,25636.5,25639.95,1520130
1770268800,2026-02-05T10:50:00,25640.25,25649.35,25638.1,25647.25,682984
1770268860,2026-02-05T10:51:00,25647.65,25651.15,25644.8,25647.9,604075
1770268920,2026-02-05T10:52:00,25647.35,25648.45,25642.4,25644.85,589219
1770268980,2026-02-05T10:53:00,25645.55,25646.1,25638.15,25638.4,552321
1770269040,2026-02-05T10:54:00,25637.2,25641.4,25633.7,25635.05,546679
1770269100,2026-02-05T10:55:00,25633.55,25635.85,25626.1,25630.15,1115923
1770269160,2026-02-05T10:56:00,25630.85,25632.45,25624.1,25624.35,592589
1770269220,2026-02-05T10:57:00,25624.3,25626.65,25616.0,25624.55,666463
1770269280,2026-02-05T10:58:00,25623.3,25628.55,25621.6,25623.45,433693
1770269340,2026-02-05T10:59:00,25623.1,25628.95,25619.25,25624.0,612342
1770269400,2026-02-05T11:00:00,25624.35,25625.5,25619.35,25621.75,555942
1770269460,2026-02-05T11:01:00,25621.95,25623.45,25615.0,25615.05,781607
1770269520,2026-02-05T11:02:00,25614.3,25631.25,25611.6,25631.25,1013741
1770269580,2026-02-05T11:03:00,25631.2,25642.2,25631.2,25641.8,630601
1770269640,2026-02-05T11:04:00,25641.0,25649.3,25640.7,25643.1,1587645
1770269700,2026-02-05T11:05:00,25643.25,25649.25,25642.75,25649.25,416904
1770269760,2026-02-05T11:06:00,25648.65,25653.3,25647.4,25650.1,1081583
1770269820,2026-02-05T11:07:00,25649.85,25657.4,25647.7,25652.6,670054
1770269880,2026-02-05T11:08:00,25653.3,25659.7,25650.95,25659.5,584567
1770269940,2026-02-05T11:09:00,25659.1,25663.4,25655.0,25662.85,527443
1770270000,2026-02-05T11:10:00,25662.25,25662.85,25659.55,25660.25,393668
1770270060,2026-02-05T11:11:00,25661.25,25664.8,25658.65,25664.8,406461
1770270120,2026-02-05T11:12:00,25664.9,25672.5,25664.85,25671.35,552565
1770270180,2026-02-05T11:13:00,25671.35,25678.25,25670.95,25671.35,625855
1770270240,2026-02-05T11:14:00,25671.1,25677.4,25670.7,25673.55,541173
1770270300,2026-02-05T11:15:00,25673.65,25676.9,25667.4,25670.85,698742
1770270360,2026-02-05T11:16:00,25671.1,25673.85,25669.55,25669.75,580989
1770270420,2026-02-05T11:17:00,25669.7,25670.85,25663.3,25664.35,2258484
1770270480,2026-02-05T11:18:00,25664.65,25665.55,25655.9,25656.1,461369
1770270540,2026-02-05T11:19:00,25656.3,25658.2,25646.85,25647.8,504615
1770270600,2026-02-05T11:20:00,25647.05,25653.55,25645.5,25652.0,414102
1770270660,2026-02-05T11:21:00,25651.9,25653.0,25647.65,25648.95,378570
1770270720,2026-02-05T11:22:00,25648.5,25655.7,25648.4,25652.9,1050491
1770270780,2026-02-05T11:23:00,25652.95,25653.6,25647.5,25650.35,873694
1770270840,2026-02-05T11:24:00,25650.1,25652.25,25644.6,25645.0,705815
1770270900,2026-02-05T11:25:00,25644.9,25645.2,25639.4,25643.5,893272
1770270960,2026-02-05T11:26:00,25643.55,25651.35,25643.35,25649.65,536252
1770271020,2026-02-05T11:27:00,25649.15,25651.2,25647.85,25651.1,523168
1770271080,2026-02-05T11:28:00,25651.05,25655.3,25651.05,25654.3,892850
1770271140,2026-02-05T11:29:00,25653.7,25655.1,25650.7,25653.05,737923
1770271200,2026-02-05T11:30:00,25652.55,25665.85,25652.55,25663.15,603518
1770271260,2026-02-05T11:31:00,25662.75,25663.35,25657.45,25658.0,548320
1770271320,2026-02-05T11:32:00,25658.5,25658.9,25649.85,25652.8,584378
1770271380,2026-02-05T11:33:00,25653.4,25657.45,25651.8,25652.3,440118
1770271440,2026-02-05T11:34:00,25652.3,25655.1,25645.95,25647.3,847248
1770271500,2026-02-05T11:35:00,25647.4,25647.4,25641.75,25644.45,575015
1770271560,2026-02-05T11:36:00,25644.5,25666.0,25644.5,25664.7,773796
1770271620,2026-02-05T11:37:00,25664.3,25670.65,25663.15,25666.4,417833
1770271680,2026-02-05T11:38:00,25666.05,25670.25,25665.25,25669.6,528485
1770271740,2026-02-05T11:39:00,25669.65,25674.35,25669.65,25671.05,653536
1770271800,2026-02-05T11:40:00,25671.45,25672.55,25665.6,25671.7,487031
1770271860,2026-02-05T11:41:00,25671.6,25676.2,25670.1,25670.1,528164
1770271920,2026-02-05T11:42:00,25670.35,25678.4,25670.35,25670.65,705956
1770271980,2026-02-05T11:43:00,25671.95,25679.8,25670.35,25678.55,705539
1770272040,2026-02-05T11:44:00,25678.6,25680.2,25666.3,25666.3,606053
1770272100,2026-02-05T11:45:00,25666.35,25668.3,25660.25,25660.7,633667
1770272160,2026-02-05T11:46:00,25660.55,25663.35,25656.45,25657.95,1655323
1770272220,2026-02-05T11:47:00,25658.05,25660.5,25651.65,25652.45,1072355
1770272280,2026-02-05T11:48:00,25652.7,25652.7,25639.9,25640.55,932051
1770272340,2026-02-05T11:49:00,25640.2,25641.2,25631.3,25635.05,696344
1770272400,2026-02-05T11:50:00,25634.9,25635.95,25629.65,25631.7,557438
1770272460,2026-02-05T11:51:00,25632.25,25636.5,25632.1,25634.3,473656
1770272520,2026-02-05T11:52:00,25634.5,25635.5,25630.85,25633.45,428294
1770272580,2026-02-05T11:53:00,25633.9,25637.25,25632.9,25633.3,484296
1770272640,2026-02-05T11:54:00,25633.75,25638.9,25632.0,25638.35,385692
1770272700,2026-02-05T11:55:00,25638.2,25646.15,25637.15,25646.1,597923
1770272760,2026-02-05T11:56:00,25646.7,25649.85,25645.6,25646.45,632266
1770272820,2026-02-05T11:57:00,25646.5,25646.85,25640.25,25642.2,426158
1770272880,2026-02-05T11:58:00,25642.85,25644.3,25641.5,25643.7,1620588
1770272940,2026-02-05T11:59:00,25643.9,25652.25,25643.3,25651.9,513892
1770273000,2026-02-05T12:00:00,25651.35,25652.35,25642.95,25643.25,671125
1770273060,2026-02-05T12:01:00,25642.9,25644.2,25635.9,25636.0,371155
1770273120,2026-02-05T12:02:00,25636.55,25645.05,25635.0,25643.9,416152
1770273180,2026-02-05T12:03:00,25643.4,25648.45,25643.4,25647.15,443709
1770273240,2026-02-05T12:04:00,25648.2,25654.55,25648.2,25651.3,434293
1770273300,2026-02-05T12:05:00,25651.3,25656.2,25651.3,25653.65,680832
1770273360,2026-02-05T12:06:00,25652.65,25657.7,25651.25,25651.6,652687
1770273420,2026-02-05T12:07:00,25651.55,25652.3,25639.65,25640.4,515994
1770273480,2026-02-05T12:08:00,25640.75,25641.9,25633.1,25633.55,1430505
1770273540,2026-02-05T12:09:00,25633.55,25638.2,25631.65,25636.95,521347
1770273600,2026-02-05T12:10:00,25636.55,25642.1,25636.55,25637.35,476986
1770273660,2026-02-05T12:11:00,25636.95,25638.85,25634.7,25636.2,517785
1770273720,2026-02-05T12:12:00,25636.0,25636.9,25627.2,25628.4,603327
1770273780,2026-02-05T12:13:00,25629.15,25631.95,25628.3,25630.0,453624
1770273840,2026-02-05T12:14:00,25630.0,25631.3,25627.1,25629.8,518348
1770273900,2026-02-05T12:15:00,25629.7,25630.5,25624.65,25625.1,570258
1770273960,2026-02-05T12:16:00,25625.0,25626.6,25621.55,25623.5,464453
1770274020,2026-02-05T12:17:00,25623.85,25625.0,25615.85,25618.35,722334
1770274080,2026-02-05T12:18:00,25617.75,25622.75,25617.5,25620.3,524730
1770274140,2026-02-05T12:19:00,25620.1,25621.5,25614.7,25615.05,547705
1770274200,2026-02-05T12:20:00,25615.65,25621.25,25612.9,25619.5,639760
1770274260,2026-02-05T12:21:00,25619.2,25622.05,25611.55,25611.85,692596
1770274320,2026-02-05T12:22:00,25611.8,25619.7,25611.1,25618.3,723111
1770274380,2026-02-05T12:23:00,25617.35,25617.9,25612.3,25612.85,860033
1770274440,2026-02-05T12:24:00,25613.5,25618.0,25613.4,25616.4,964494
1770274500,2026-02-05T12:25:00,25616.05,25616.7,25613.25,25615.65,780998
1770274560,2026-02-05T12:26:00,25614.95,25622.8,25614.95,25621.45,776877
1770274620,2026-02-05T12:27:00,25621.7,25626.5,25619.45,25620.25,698615
1770274680,2026-02-05T12:28:00,25619.9,25620.65,25611.7,25614.4,470122
1770274740,2026-02-05T12:29:00,25615.7,25625.0,25615.7,25621.55,565090
1770274800,2026-02-05T12:30:00,25620.9,25625.0,25617.3,25623.8,765670
1770274860,2026-02-05T12:31:00,25624.5,25634.95,25622.3,25630.2,804266
1770274920,2026-02-05T12:32:00,25630.7,25632.75,25617.15,25617.15,672689
1770274980,2026-02-05T12:33:00,25618.0,25619.55,25603.75,25605.1,558057
1770275040,2026-02-05T12:34:00,25605.0,25618.25,25604.4,25618.1,471692
1770275100,2026-02-05T12:35:00,25617.55,25626.25,25617.55,25625.9,462821
1770275160,2026-02-05T12:36:00,25626.0,25626.8,25621.6,25624.9,358712
1770275220,2026-02-05T12:37:00,25624.9,25625.65,25620.2,25622.4,379904
1770275280,2026-02-05T12:38:00,25622.55,25627.8,25622.5,25624.65,434599
1770275340,2026-02-05T12:39:00,25624.75,25626.6,25620.65,25621.35,524643
1770275400,2026-02-05T12:40:00,25622.05,25622.05,25618.05,25619.1,419095
1770275460,2026-02-05T12:41:00,25618.95,25623.2,25618.65,25620.5,462911
1770275520,2026-02-05T12:42:00,25620.05,25624.7,25619.75,25622.85,386187
1770275580,2026-02-05T12:43:00,25624.05,25627.35,25620.8,25623.8,582073
1770275640,2026-02-05T12:44:00,25624.1,25624.5,25614.9,25617.45,391092
1770275700,2026-02-05T12:45:00,25617.2,25626.45,25616.9,25626.45,422293
1770275760,2026-02-05T12:46:00,25626.15,25628.6,25624.0,25624.1,421862
1770275820,2026-02-05T12:47:00,25624.3,25625.95,25621.9,25623.6,481810
1770275880,2026-02-05T12:48:00,25623.55,25625.15,25620.8,25621.95,539741
1770275940,2026-02-05T12:49:00,25621.55,25628.65,25621.55,25625.55,453469
1770276000,2026-02-05T12:50:00,25626.3,25633.05,25624.55,25631.25,407842
1770276060,2026-02-05T12:51:00,25630.35,25634.35,25627.8,25631.65,529903
1770276120,2026-02-05T12:52:00,25631.55,25636.9,25631.4,25632.6,517598
1770276180,2026-02-05T12:53:00,25632.45,25634.7,25624.15,25630.15,507211
1770276240,2026-02-05T12:54:00,25629.95,25630.8,25619.25,25623.3,539156
1770276300,2026-02-05T12:55:00,25622.95,25624.9,25614.5,25615.8,528478
1770276360,2026-02-05T12:56:00,25615.55,25616.25,25606.75,25614.45,739487
1770276420,2026-02-05T12:57:00,25614.2,25626.85,25614.2,25626.85,488343
1770276480,2026-02-05T12:58:00,25626.15,25637.25,25626.15,25637.25,651796
1770276540,2026-02-05T12:59:00,25637.7,25646.55,25636.25,25640.8,599861
1770276600,2026-02-05T13:00:00,25640.1,25641.05,25633.35,25640.2,627383
1770276660,2026-02-05T13:01:00,25640.3,25641.25,25636.3,25640.65,645533
1770276720,2026-02-05T13:02:00,25640.0,25642.2,25635.3,25638.35,408050
1770276780,2026-02-05T13:03:00,25638.7,25641.3,25637.7,25639.95,334234
1770276840,2026-02-05T13:04:00,25639.7,25640.8,25637.25,25637.7,375452
1770276900,2026-02-05T13:05:00,25638.45,25641.35,25636.65,25640.95,350512
1770276960,2026-02-05T13:06:00,25641.5,25644.55,25641.5,25643.2,405140
1770277020,2026-02-05T13:07:00,25643.45,25643.45,25638.2,25640.55,416079
1770277080,2026-02-05T13:08:00,25640.45,25641.05,25635.0,25635.95,514361
1770277140,2026-02-05T13:09:00,25636.25,25644.4,25634.45,25642.55,501931
1770277200,2026-02-05T13:10:00,25643.7,25646.45,25639.6,25640.4,541929
1770277260,2026-02-05T13:11:00,25640.5,25642.7,25638.6,25638.6,573648
1770277320,2026-02-05T13:12:00,25637.55,25639.65,25631.7,25632.45,937087
1770277380,2026-02-05T13:13:00,25632.5,25635.0,25629.55,25633.35,544695
1770277440,2026-02-05T13:14:00,25633.4,25638.65,25632.55,25636.8,424519
1770277500,2026-02-05T13:15:00,25637.45,25644.0,25637.45,25639.6,459168
1770277560,2026-02-05T13:16:00,25639.75,25643.7,25639.35,25640.95,477628
1770277620,2026-02-05T13:17:00,25640.0,25651.6,25638.8,25650.05,535095
1770277680,2026-02-05T13:18:00,25650.5,25653.25,25647.5,25648.35,579748
1770277740,2026-02-05T13:19:00,25648.15,25651.05,25646.85,25650.55,552846
1770277800,2026-02-05T13:20:00,25651.3,25651.85,25648.35,25650.1,426820
1770277860,2026-02-05T13:21:00,25650.5,25652.0,25647.5,25647.75,405969
1770277920,2026-02-05T13:22:00,25648.35,25655.65,25648.1,25652.95,673012
1770277980,2026-02-05T13:23:00,25652.8,25657.3,25651.85,25655.05,422193
1770278040,2026-02-05T13:24:00,25655.1,25655.65,25643.4,25644.65,552051
1770278100,2026-02-05T13:25:00,25644.45,25645.0,25635.0,25637.1,556243
1770278160,2026-02-05T13:26:00,25636.25,25638.1,25629.35,25630.8,628356
1770278220,2026-02-05T13:27:00,25630.0,25632.3,25627.1,25629.9,508735
1770278280,2026-02-05T13:28:00,25629.65,25630.95,25617.25,25617.5,601439
1770278340,2026-02-05T13:29:00,25616.85,25619.05,25611.2,25612.3,606403
1770278400,2026-02-05T13:30:00,25611.7,25622.55,25611.7,25616.75,753751
1770278460,2026-02-05T13:31:00,25616.75,25622.6,25613.1,25620.5,435349
1770278520,2026-02-05T13:32:00,25620.45,25628.35,25615.8,25626.8,584700
1770278580,2026-02-05T13:33:00,25625.95,25632.25,25625.95,25627.6,610242
1770278640,2026-02-05T13:34:00,25627.35,25633.7,25623.3,25632.55,520756
1770278700,2026-02-05T13:35:00,25632.25,25642.05,25628.95,25635.15,754514
1770278760,2026-02-05T13:36:00,25635.65,25637.65,25626.05,25627.85,642443
1770278820,2026-02-05T13:37:00,25628.35,25633.4,25628.35,25630.9,715147
1770278880,2026-02-05T13:38:00,25630.55,25642.45,25630.55,25637.15,625026
1770278940,2026-02-05T13:39:00,25637.5,25643.5,25637.05,25639.0,591683
1770279000,2026-02-05T13:40:00,25639.6,25640.9,25633.15,25634.4,712441
1770279060,2026-02-05T13:41:00,25633.3,25642.95,25633.3,25642.95,532448
1770279120,2026-02-05T13:42:00,25642.95,25643.4,25635.3,25637.95,765583
1770279180,2026-02-05T13:43:00,25637.25,25637.9,25633.0,25634.8,425113
1770279240,2026-02-05T13:44:00,25634.55,25636.6,25632.8,25635.9,444343
1770279300,2026-02-05T13:45:00,25635.8,25638.05,25632.0,25633.05,1174331
1770279360,2026-02-05T13:46:00,25633.75,25638.1,25633.7,25637.05,505155
1770279420,2026-02-05T13:47:00,25637.25,25643.25,25637.25,25641.5,693325
1770279480,2026-02-05T13:48:00,25641.3,25645.15,25638.35,25640.6,747598
1770279540,2026-02-05T13:49:00,25640.95,25644.8,25640.4,25642.4,487208
1770279600,2026-02-05T13:50:00,25641.95,25643.3,25638.05,25640.8,430689
1770279660,2026-02-05T13:51:00,25641.5,25647.4,25641.5,25644.2,454003
1770279720,2026-02-05T13:52:00,25644.5,25645.6,25637.7,25643.05,728971
1770279780,2026-02-05T13:53:00,25642.8,25646.9,25632.85,25633.9,771670
1770279840,2026-02-05T13:54:00,25633.85,25634.35,25629.05,25629.4,736574
1770279900,2026-02-05T13:55:00,25629.95,25631.85,25626.3,25627.3,566380
1770279960,2026-02-05T13:56:00,25628.2,25630.4,25622.9,25630.4,895071
1770280020,2026-02-05T13:57:00,25627.6,25632.75,25625.05,25625.75,485853
1770280080,2026-02-05T13:58:00,25625.5,25630.65,25621.05,25626.6,920480
1770280140,2026-02-05T13:59:00,25626.4,25635.3,25625.65,25635.25,867290
1770280200,2026-02-05T14:00:00,25635.4,25638.4,25631.5,25631.5,766000
1770280260,2026-02-05T14:01:00,25633.0,25642.0,25631.65,25638.9,750950
1770280320,2026-02-05T14:02:00,25639.95,25641.7,25627.9,25628.65,849920
1770280380,2026-02-05T14:03:00,25628.95,25631.35,25623.5,25626.75,528600
1770280440,2026-02-05T14:04:00,25626.75,25628.35,25621.95,25627.25,845394
1770280500,2026-02-05T14:05:00,25627.25,25627.95,25618.75,25620.0,930641
1770280560,2026-02-05T14:06:00,25619.85,25620.8,25613.6,25613.8,898216
1770280620,2026-02-05T14:07:00,25613.85,25616.3,25607.7,25607.7,1101702
1770280680,2026-02-05T14:08:00,25607.2,25607.65,25598.0,25598.4,1166255
1770280740,2026-02-05T14:09:00,25598.4,25599.25,25592.2,25594.4,1324928
1770280800,2026-02-05T14:10:00,25594.7,25599.2,25593.4,25595.25,628739
1770280860,2026-02-05T14:11:00,25595.45,25596.3,25579.5,25585.4,1627983
1770280920,2026-02-05T14:12:00,25585.75,25588.95,25582.7,25587.75,934662
1770280980,2026-02-05T14:13:00,25587.95,25594.15,25584.1,25590.35,709452
1770281040,2026-02-05T14:14:00,25590.05,25598.45,25589.35,25596.95,666577
1770281100,2026-02-05T14:15:00,25597.45,25599.4,25593.75,25597.05,855080
1770281160,2026-02-05T14:16:00,25597.65,25599.7,25592.0,25593.2,1341153
1770281220,2026-02-05T14:17:00,25593.25,25595.55,25589.9,25594.35,680240
1770281280,2026-02-05T14:18:00,25594.85,25600.2,25592.75,25596.95,1071183
1770281340,2026-02-05T14:19:00,25597.35,25601.5,25595.25,25597.4,786735
1770281400,2026-02-05T14:20:00,25597.85,25602.6,25597.3,25600.3,704410
1770281460,2026-02-05T14:21:00,25601.0,25605.35,25599.85,25601.05,804074
1770281520,2026-02-05T14:22:00,25601.4,25602.05,25595.9,25599.35,701382
1770281580,2026-02-05T14:23:00,25599.25,25601.25,25597.55,25600.35,764634
1770281640,2026-02-05T14:24:00,25600.4,25601.65,25597.45,25598.95,579221
1770281700,2026-02-05T14:25:00,25598.9,25600.5,25594.55,25597.2,755800
1770281760,2026-02-05T14:26:00,25596.95,25607.4,25596.45,25606.3,944544
1770281820,2026-02-05T14:27:00,25607.25,25613.3,25607.25,25611.55,680031
1770281880,2026-02-05T14:28:00,25612.1,25613.9,25607.25,25609.6,587984
1770281940,2026-02-05T14:29:00,25610.3,25617.65,25608.55,25611.9,885864
1770282000,2026-02-05T14:30:00,25611.8,25612.55,25606.35,25607.65,537167
1770282060,2026-02-05T14:31:00,25608.05,25612.95,25608.05,25611.5,642892
1770282120,2026-02-05T14:32:00,25611.65,25622.45,25610.45,25621.5,731583
1770282180,2026-02-05T14:33:00,25621.65,25622.9,25613.4,25619.45,972787
1770282240,2026-02-05T14:34:00,25619.25,25627.35,25619.25,25626.4,798336
1770282300,2026-02-05T14:35:00,25626.7,25632.7,25626.7,25628.1,1675679
1770282360,2026-02-05T14:36:00,25628.05,25633.15,25627.05,25632.55,1130553
1770282420,2026-02-05T14:37:00,25632.35,25635.1,25630.1,25632.5,1495319
1770282480,2026-02-05T14:38:00,25633.25,25640.35,25632.7,25637.95,1074890
1770282540,2026-02-05T14:39:00,25638.15,25640.15,25630.95,25631.1,1160805
1770282600,2026-02-05T14:40:00,25631.85,25633.95,25622.6,25623.25,801330
1770282660,2026-02-05T14:41:00,25622.7,25627.4,25620.85,25624.65,723412
1770282720,2026-02-05T14:42:00,25624.7,25634.2,25624.1,25631.25,679550
1770282780,2026-02-05T14:43:00,25631.55,25634.2,25623.85,25624.95,660986
1770282840,2026-02-05T14:44:00,25625.55,25627.7,25620.55,25624.05,786838
1770282900,2026-02-05T14:45:00,25624.25,25626.9,25619.05,25621.2,1253964
1770282960,2026-02-05T14:46:00,25621.15,25622.0,25612.95,25615.6,746612
1770283020,2026-02-05T14:47:00,25614.9,25618.5,25610.3,25614.25,817572
1770283080,2026-02-05T14:48:00,25614.1,25617.65,25609.05,25616.3,1113065
1770283140,2026-02-05T14:49:00,25616.25,25622.75,25616.25,25620.8,751817
1770283200,2026-02-05T14:50:00,25620.2,25623.2,25618.05,25622.45,830205
1770283260,2026-02-05T14:51:00,25622.35,25625.45,25619.65,25621.45,630367
1770283320,2026-02-05T14:52:00,25622.35,25625.35,25620.7,25620.7,722079
1770283380,2026-02-05T14:53:00,25620.1,25629.5,25619.9,25627.05,827150
1770283440,2026-02-05T14:54:00,25626.7,25632.1,25626.4,25630.2,1090061
1770283500,2026-02-05T14:55:00,25630.15,25641.65,25630.15,25639.75,1049601
1770283560,2026-02-05T14:56:00,25637.85,25640.85,25637.05,25637.9,734875
1770283620,2026-02-05T14:57:00,25637.75,25642.95,25637.35,25641.45,1233383
1770283680,2026-02-05T14:58:00,25642.3,25645.65,25640.35,25644.2,916395
1770283740,2026-02-05T14:59:00,25643.5,25649.0,25643.25,25645.2,1174051
1770283800,2026-02-05T15:00:00,25646.05,25657.1,25646.05,25648.45,1803374
1770283860,2026-02-05T15:01:00,25648.5,25654.0,25646.7,25646.8,1486827
1770283920,2026-02-05T15:02:00,25646.9,25648.7,25645.95,25648.1,1350032
1770283980,2026-02-05T15:03:00,25647.6,25655.05,25646.65,25654.9,1862587
1770284040,2026-02-05T15:04:00,25655.7,25669.45,25653.7,25665.25,2855541
1770284100,2026-02-05T15:05:00,25665.55,25669.75,25658.5,25659.25,1947786
1770284160,2026-02-05T15:06:00,25658.4,25659.95,25638.85,25639.2,2822798
1770284220,2026-02-05T15:07:00,25639.55,25648.75,25631.2,25648.75,2640056
1770284280,2026-02-05T15:08:00,25648.45,25653.1,25647.1,25647.1,1738964
1770284340,2026-02-05T15:09:00,25648.4,25649.55,25642.65,25643.2,1209352
1770284400,2026-02-05T15:10:00,25644.75,25649.45,25644.75,25645.7,2114745
1770284460,2026-02-05T15:11:00,25646.3,25646.75,25633.95,25634.1,2176198
1770284520,2026-02-05T15:12:00,25635.0,25648.8,25630.45,25647.65,2094888
1770284580,2026-02-05T15:13:00,25648.45,25649.1,25642.0,25644.3,1725927
1770284640,2026-02-05T15:14:00,25644.45,25649.35,25644.1,25647.8,2087358
1770284700,2026-02-05T15:15:00,25647.75,25649.75,25634.3,25634.4,2061255
1770284760,2026-02-05T15:16:00,25634.25,25634.75,25621.85,25628.05,5278075
1770284820,2026-02-05T15:17:00,25629.4,25644.2,25629.4,25640.0,1953668
1770284880,2026-02-05T15:18:00,25640.9,25640.9,25629.15,25630.45,2056604
1770284940,2026-02-05T15:19:00,25630.4,25634.05,25629.25,25629.25,1845797
1770285000,2026-02-05T15:20:00,25630.45,25632.5,25627.1,25627.1,2426707
1770285060,2026-02-05T15:21:00,25627.75,25639.2,25621.55,25636.5,2458709
1770285120,2026-02-05T15:22:00,25636.2,25640.05,25625.45,25625.9,1561758
1770285180,2026-02-05T15:23:00,25627.0,25631.15,25626.1,25627.85,1719020
1770285240,2026-02-05T15:24:00,25628.3,25642.15,25626.1,25640.95,2340426
1770285300,2026-02-05T15:25:00,25642.7,25645.6,25638.15,25639.75,2741139
1770285360,2026-02-05T15:26:00,25641.05,25642.7,25639.65,25641.2,1752126
1770285420,2026-02-05T15:27:00,25640.55,25640.7,25635.4,25635.55,1884074
1770285480,2026-02-05T15:28:00,25637.0,25639.95,25631.6,25633.85,1741078
1770285540,2026-02-05T15:29:00,25634.95,25641.75,25629.3,25641.6,2109740
1770349500,2026-02-06T09:15:00,25605.8,25621.0,25553.55,25602.45,6392475
1770349560,2026-02-06T09:16:00,25598.0,25606.75,25581.1,25588.3,3647260
1770349620,2026-02-06T09:17:00,25585.6,25619.75,25582.45,25618.5,2824826
1770349680,2026-02-06T09:18:00,25617.85,25628.65,25617.1,25627.45,1936157
1770349740,2026-02-06T09:19:00,25626.5,25630.8,25603.0,25603.5,1974840
1770349800,2026-02-06T09:20:00,25600.65,25600.7,25578.45,25590.6,1985472
1770349860,2026-02-06T09:21:00,25590.2,25601.85,25587.75,25598.0,1506135
1770349920,2026-02-06T09:22:00,25599.5,25600.3,25589.7,25590.55,1525824
1770349980,2026-02-06T09:23:00,25590.85,25590.85,25578.7,25583.7,1312637
1770350040,2026-02-06T09:24:00,25582.95,25594.15,25580.2,25587.85,1672358
1770350100,2026-02-06T09:25:00,25588.1,25592.6,25578.95,25582.8,1210113
1770350160,2026-02-06T09:26:00,25583.75,25586.1,25574.9,25575.3,1273195
1770350220,2026-02-06T09:27:00,25575.15,25589.85,25574.15,25587.35,3867205
1770350280,2026-02-06T09:28:00,25587.5,25596.95,25579.95,25580.55,1144320
1770350340,2026-02-06T09:29:00,25580.85,25581.15,25570.5,25574.35,1211892
1770350400,2026-02-06T09:30:00,25574.6,25574.6,25564.5,25565.9,1406794
1770350460,2026-02-06T09:31:00,25567.6,25569.85,25561.45,25561.5,1561695
1770350520,2026-02-06T09:32:00,25561.0,25564.4,25554.5,25564.4,1336174
1770350580,2026-02-06T09:33:00,25564.05,25573.95,25562.5,25563.15,1074773
1770350640,2026-02-06T09:34:00,25562.6,25566.25,25558.0,25563.6,1056361
1770350700,2026-02-06T09:35:00,25563.65,25565.8,25555.15,25556.2,1416358
1770350760,2026-02-06T09:36:00,25556.3,25559.95,25549.8,25556.85,1045506
1770350820,2026-02-06T09:37:00,25556.0,25556.45,25545.8,25547.9,1036323
1770350880,2026-02-06T09:38:00,25547.0,25547.5,25534.2,25534.55,947202
1770350940,2026-02-06T09:39:00,25537.15,25548.15,25534.4,25544.3,1121938
1770351000,2026-02-06T09:40:00,25543.45,25547.7,25539.85,25543.35,1020265
1770351060,2026-02-06T09:41:00,25543.9,25544.75,25537.95,25540.25,746347
1770351120,2026-02-06T09:42:00,25540.9,25542.8,25535.8,25537.35,685402
1770351180,2026-02-06T09:43:00,25536.3,25538.55,25525.45,25525.75,631923
1770351240,2026-02-06T09:44:00,25525.35,25529.35,25522.25,25526.3,767293
1770351300,2026-02-06T09:45:00,25527.2,25552.2,25527.2,25551.3,1663786
1770351360,2026-02-06T09:46:00,25552.15,25559.35,25549.25,25552.95,1614310
1770351420,2026-02-06T09:47:00,25553.0,25562.15,25550.95,25561.65,1171214
1770351480,2026-02-06T09:48:00,25561.45,25564.95,25558.2,25564.0,820964
1770351540,2026-02-06T09:49:00,25563.2,25569.0,25559.2,25569.0,770635
1770351600,2026-02-06T09:50:00,25569.25,25570.8,25556.85,25560.3,632566
1770351660,2026-02-06T09:51:00,25560.95,25566.2,25558.65,25565.75,845275
1770351720,2026-02-06T09:52:00,25565.55,25566.25,25558.15,25560.75,915218
1770351780,2026-02-06T09:53:00,25561.45,25562.45,25555.1,25559.15,761176
1770351840,2026-02-06T09:54:00,25559.5,25560.55,25553.0,25554.25,620954
1770351900,2026-02-06T09:55:00,25554.2,25554.6,25543.3,25545.85,947267
1770351960,2026-02-06T09:56:00,25545.5,25547.4,25542.3,25543.1,554839
1770352020,2026-02-06T09:57:00,25542.25,25544.6,25538.05,25541.1,651962
1770352080,2026-02-06T09:58:00,25541.1,25545.1,25538.7,25540.0,760877
1770352140,2026-02-06T09:59:00,25539.3,25553.1,25539.0,25552.35,555159
1770352200,2026-02-06T10:00:00,25552.35,25560.45,25547.05,25550.45,677237
1770352260,2026-02-06T10:01:00,25550.65,25550.65,25542.1,25542.6,620978
1770352320,2026-02-06T10:02:00,25542.9,25546.65,25527.7,25531.3,667225
1770352380,2026-02-06T10:03:00,25530.5,25533.3,25519.15,25523.1,699090
1770352440,2026-02-06T10:04:00,25522.6,25539.3,25522.6,25535.55,580715
1770352500,2026-02-06T10:05:00,25534.85,25542.15,25532.85,25540.9,480018
1770352560,2026-02-06T10:06:00,25540.45,25541.2,25526.55,25526.55,743701
1770352620,2026-02-06T10:07:00,25526.3,25528.7,25520.8,25528.7,927851
1770352680,2026-02-06T10:08:00,25527.7,25534.8,25526.6,25534.8,843987
1770352740,2026-02-06T10:09:00,25533.5,25536.3,25531.4,25531.75,702732
1770352800,2026-02-06T10:10:00,25531.55,25533.5,25523.15,25524.8,508778
1770352860,2026-02-06T10:11:00,25524.05,25524.2,25508.3,25509.75,1109967
1770352920,2026-02-06T10:12:00,25509.6,25522.3,25504.6,25522.3,1199269
1770352980,2026-02-06T10:13:00,25519.8,25521.75,25512.75,25514.9,730575
1770353040,2026-02-06T10:14:00,25515.2,25517.5,25511.85,25515.8,735824
1770353100,2026-02-06T10:15:00,25515.8,25522.65,25513.85,25518.5,604021
1770353160,2026-02-06T10:16:00,25518.35,25518.85,25511.6,25516.2,644004
1770353220,2026-02-06T10:17:00,25515.75,25528.0,25515.75,25526.85,811552
1770353280,2026-02-06T10:18:00,25527.4,25553.1,25526.75,25551.7,820536
1770353340,2026-02-06T10:19:00,25552.1,25553.2,25543.85,25544.85,819106
1770353400,2026-02-06T10:20:00,25543.95,25550.8,25543.95,25546.7,490899
1770353460,2026-02-06T10:21:00,25546.45,25549.05,25539.45,25547.55,527043
1770353520,2026-02-06T10:22:00,25546.3,25554.85,25545.75,25554.85,520471
1770353580,2026-02-06T10:23:00,25553.85,25558.8,25552.5,25553.6,528858
1770353640,2026-02-06T10:24:00,25553.15,25556.15,25544.7,25544.7,625027
1770353700,2026-02-06T10:25:00,25543.95,25546.4,25532.15,25533.8,674742
1770353760,2026-02-06T10:26:00,25532.85,25542.05,25530.3,25540.2,1611135
1770353820,2026-02-06T10:27:00,25539.7,25541.0,25531.15,25533.45,882586
1770353880,2026-02-06T10:28:00,25533.05,25533.05,25523.65,25524.7,779396
1770353940,2026-02-06T10:29:00,25525.35,25525.35,25506.65,25506.65,787148
1770354000,2026-02-06T10:30:00,25507.1,25507.6,25497.1,25504.6,815602
1770354060,2026-02-06T10:31:00,25504.95,25512.0,25498.9,25505.95,717858
1770354120,2026-02-06T10:32:00,25506.15,25514.15,25505.75,25509.85,634279
1770354180,2026-02-06T10:33:00,25509.5,25511.3,25504.0,25505.35,732320
1770354240,2026-02-06T10:34:00,25504.0,25506.25,25496.1,25504.8,1800478
1770354300,2026-02-06T10:35:00,25504.85,25510.35,25502.4,25509.45,860655
1770354360,2026-02-06T10:36:00,25509.65,25520.55,25508.9,25520.55,563036
1770354420,2026-02-06T10:37:00,25519.35,25520.85,25503.75,25504.8,591897
1770354480,2026-02-06T10:38:00,25503.95,25520.45,25503.95,25518.2,727730
1770354540,2026-02-06T10:39:00,25518.8,25525.85,25518.0,25522.45,1752076
1770354600,2026-02-06T10:40:00,25521.6,25523.65,25513.8,25514.35,798337
1770354660,2026-02-06T10:41:00,25513.5,25514.25,25503.6,25506.75,668667
1770354720,2026-02-06T10:42:00,25506.0,25510.7,25500.55,25507.2,713124
1770354780,2026-02-06T10:43:00,25507.1,25508.0,25500.7,25501.25,628533
1770354840,2026-02-06T10:44:00,25501.4,25505.4,25497.9,25502.4,592465
1770354900,2026-02-06T10:45:00,25501.7,25504.55,25496.95,25504.55,620975
1770354960,2026-02-06T10:46:00,25504.45,25517.95,25503.5,25517.0,716963
1770355020,2026-02-06T10:47:00,25516.15,25518.05,25511.05,25512.15,692098
1770355080,2026-02-06T10:48:00,25512.5,25512.6,25499.2,25503.45,907177
1770355140,2026-02-06T10:49:00,25502.8,25513.4,25502.8,25507.8,700281
1770355200,2026-02-06T10:50:00,25507.55,25510.55,25500.9,25502.3,687633
1770355260,2026-02-06T10:51:00,25502.3,25504.35,25500.3,25504.35,770912
1770355320,2026-02-06T10:52:00,25504.05,25505.6,25492.4,25504.9,1069822
1770355380,2026-02-06T10:53:00,25502.7,25513.5,25502.15,25505.65,771237
1770355440,2026-02-06T10:54:00,25504.95,25505.5,25496.6,25498.25,756682
1770355500,2026-02-06T10:55:00,25498.2,25500.0,25491.9,25496.45,607556
1770355560,2026-02-06T10:56:00,25496.4,25508.15,25496.0,25506.15,771688
1770355620,2026-02-06T10:57:00,25506.1,25512.1,25502.4,25511.35,569336
1770355680,2026-02-06T10:58:00,25511.6,25516.3,25510.7,25514.7,506011
1770355740,2026-02-06T10:59:00,25514.6,25524.2,25514.05,25522.5,962241
1770355800,2026-02-06T11:00:00,25522.75,25532.45,25522.75,25531.05,723183
1770355860,2026-02-06T11:01:00,25531.85,25537.35,25530.25,25537.35,834017
1770355920,2026-02-06T11:02:00,25537.45,25546.5,25536.45,25540.7,841773
1770355980,2026-02-06T11:03:00,25540.05,25541.65,25536.45,25538.15,716746
1770356040,2026-02-06T11:04:00,25538.15,25548.15,25538.15,25546.75,904843
1770356100,2026-02-06T11:05:00,25546.25,25552.5,25543.25,25549.55,798231
1770356160,2026-02-06T11:06:00,25549.7,25554.9,25546.0,25550.0,772947
1770356220,2026-02-06T11:07:00,25550.65,25553.4,25546.75,25551.15,749283
1770356280,2026-02-06T11:08:00,25551.1,25558.1,25548.1,25556.45,720270
1770356340,2026-02-06T11:09:00,25557.2,25559.55,25550.35,25559.1,739824
1770356400,2026-02-06T11:10:00,25558.6,25567.15,25554.85,25567.15,2998273
1770356460,2026-02-06T11:11:00,25567.05,25567.6,25560.35,25563.6,1549941
1770356520,2026-02-06T11:12:00,25563.9,25568.6,25559.8,25560.8,958909
1770356580,2026-02-06T11:13:00,25560.55,25569.15,25559.65,25568.2,1027263
1770356640,2026-02-06T11:14:00,25567.35,25576.4,25562.3,25576.4,2882566
1770356700,2026-02-06T11:15:00,25577.8,25581.2,25570.15,25571.05,1314668
1770356760,2026-02-06T11:16:00,25571.65,25571.65,25564.6,25566.45,1063235
1770356820,2026-02-06T11:17:00,25565.9,25576.75,25565.45,25575.45,838781
1770356880,2026-02-06T11:18:00,25574.95,25576.5,25568.9,25571.2,854479
1770356940,2026-02-06T11:19:00,25571.85,25579.8,25571.5,25578.2,806822
1770357000,2026-02-06T11:20:00,25577.6,25588.15,25575.55,25586.95,802623
1770357060,2026-02-06T11:21:00,25587.75,25594.25,25587.5,25590.7,855504
1770357120,2026-02-06T11:22:00,25590.05,25595.95,25588.05,25593.2,946517
1770357180,2026-02-06T11:23:00,25593.2,25597.55,25588.1,25588.65,1365896
1770357240,2026-02-06T11:24:00,25589.1,25593.95,25584.35,25593.0,640896
1770357300,2026-02-06T11:25:00,25592.9,25598.2,25591.9,25595.65,875888
1770357360,2026-02-06T11:26:00,25595.65,25597.05,25592.5,25595.0,889386
1770357420,2026-02-06T11:27:00,25594.3,25596.95,25587.0,25591.35,1192148
1770357480,2026-02-06T11:28:00,25591.15,25594.85,25587.7,25588.15,967628
1770357540,2026-02-06T11:29:00,25587.15,25592.3,25583.35,25588.55,628978
1770357600,2026-02-06T11:30:00,25588.5,25589.65,25582.95,25585.7,727838
1770357660,2026-02-06T11:31:00,25584.75,25589.5,25584.4,25587.8,676561
1770357720,2026-02-06T11:32:00,25587.6,25590.5,25584.7,25585.6,686431
1770357780,2026-02-06T11:33:00,25585.25,25592.15,25584.7,25590.65,605131
1770357840,2026-02-06T11:34:00,25591.4,25609.8,25591.2,25607.8,1270782
1770357900,2026-02-06T11:35:00,25607.8,25608.7,25600.2,25600.5,870881
1770357960,2026-02-06T11:36:00,25600.75,25611.15,25599.85,25608.65,733884
1770358020,2026-02-06T11:37:00,25608.7,25615.6,25608.2,25614.55,1165956
1770358080,2026-02-06T11:38:00,25614.2,25629.0,25614.2,25629.0,4077344
1770358140,2026-02-06T11:39:00,25629.3,25631.65,25620.2,25627.85,1418362
1770358200,2026-02-06T11:40:00,25627.6,25635.5,25625.65,25632.95,1128939
1770358260,2026-02-06T11:41:00,25633.25,25644.5,25632.25,25637.55,1046989
1770358320,2026-02-06T11:42:00,25636.9,25641.6,25635.6,25637.55,1332590
1770358380,2026-02-06T11:43:00,25636.75,25637.5,25629.85,25634.35,941074
1770358440,2026-02-06T11:44:00,25633.6,25634.9,25623.45,25623.8,904691
1770358500,2026-02-06T11:45:00,25623.85,25623.85,25613.2,25614.5,1197552
1770358560,2026-02-06T11:46:00,25615.3,25627.9,25614.8,25627.45,712800
1770358620,2026-02-06T11:47:00,25626.15,25635.65,25626.15,25633.15,801931
1770358680,2026-02-06T11:48:00,25632.85,25633.5,25629.0,25631.75,786326
1770358740,2026-02-06T11:49:00,25631.25,25641.8,25629.5,25636.85,2434551
1770358800,2026-02-06T11:50:00,25636.65,25638.0,25632.6,25638.0,863894
1770358860,2026-02-06T11:51:00,25637.9,25639.55,25629.5,25631.2,744989
1770358920,2026-02-06T11:52:00,25630.85,25632.95,25626.45,25627.25,913543
1770358980,2026-02-06T11:53:00,25626.55,25626.85,25620.75,25626.8,679362
1770359040,2026-02-06T11:54:00,25626.9,25628.6,25622.0,25625.65,776107
1770359100,2026-02-06T11:55:00,25625.5,25631.55,25625.05,25627.75,730648
1770359160,2026-02-06T11:56:00,25627.5,25628.6,25618.1,25618.45,778036
1770359220,2026-02-06T11:57:00,25618.45,25624.95,25616.65,25622.85,986575
1770359280,2026-02-06T11:58:00,25623.8,25629.5,25619.1,25628.7,909738
1770359340,2026-02-06T11:59:00,25629.0,25632.55,25626.0,25632.25,923856
1770359400,2026-02-06T12:00:00,25631.35,25649.35,25631.35,25648.35,1294733
1770359460,2026-02-06T12:01:00,25647.45,25657.9,25646.7,25648.0,1397465
1770359520,2026-02-06T12:02:00,25647.2,25647.35,25631.75,25634.75,748319
1770359580,2026-02-06T12:03:00,25634.9,25636.2,25626.8,25628.4,629785
1770359640,2026-02-06T12:04:00,25628.3,25629.7,25620.8,25621.25,713346
1770359700,2026-02-06T12:05:00,25621.15,25621.3,25605.85,25606.2,777657
1770359760,2026-02-06T12:06:00,25606.45,25608.3,25598.45,25598.45,1164831
1770359820,2026-02-06T12:07:00,25598.6,25601.75,25594.75,25599.5,836876
1770359880,2026-02-06T12:08:00,25599.3,25599.3,25594.15,25597.0,770851
1770359940,2026-02-06T12:09:00,25597.1,25598.5,25592.6,25593.95,713529
1770360000,2026-02-06T12:10:00,25593.45,25594.5,25588.45,25593.15,905389
1770360060,2026-02-06T12:11:00,25593.35,25595.95,25591.6,25593.65,545102
1770360120,2026-02-06T12:12:00,25594.0,25596.85,25591.3,25595.65,924181
1770360180,2026-02-06T12:13:00,25596.05,25606.45,25596.05,25606.15,793758
1770360240,2026-02-06T12:14:00,25604.6,25611.65,25604.0,25611.05,702106
1770360300,2026-02-06T12:15:00,25611.7,25614.35,25601.4,25601.4,3348835
1770360360,2026-02-06T12:16:00,25602.0,25603.7,25596.5,25596.5,593974
1770360420,2026-02-06T12:17:00,25596.5,25600.45,25592.7,25592.7,798394
1770360480,2026-02-06T12:18:00,25592.45,25602.75,25592.0,25601.6,936473
1770360540,2026-02-06T12:19:00,25601.45,25606.15,25599.45,25603.4,548458
1770360600,2026-02-06T12:20:00,25602.75,25602.75,25593.45,25593.45,562325
1770360660,2026-02-06T12:21:00,25594.05,25594.25,25580.65,25581.15,862478
1770360720,2026-02-06T12:22:00,25581.55,25582.35,25577.25,25577.95,624883
1770360780,2026-02-06T12:23:00,25578.55,25582.15,25577.55,25578.1,1205510
1770360840,2026-02-06T12:24:00,25578.15,25578.95,25570.3,25570.3,1154800
1770360900,2026-02-06T12:25:00,25570.45,25571.85,25567.4,25567.6,697773
1770360960,2026-02-06T12:26:00,25567.5,25569.3,25561.35,25563.7,1095261
1770361020,2026-02-06T12:27:00,25563.9,25579.1,25563.9,25573.2,974270
1770361080,2026-02-06T12:28:00,25573.05,25577.15,25569.7,25571.8,469887
1770361140,2026-02-06T12:29:00,25571.5,25575.5,25569.7,25573.75,428161
1770361200,2026-02-06T12:30:00,25573.25,25573.5,25562.05,25562.8,718719
1770361260,2026-02-06T12:31:00,25562.05,25565.85,25552.95,25553.2,594725
1770361320,2026-02-06T12:32:00,25553.55,25556.55,25550.1,25551.15,781484
1770361380,2026-02-06T12:33:00,25550.9,25553.65,25537.7,25538.3,722940
1770361440,2026-02-06T12:34:00,25538.4,25544.0,25536.7,25543.3,853441
1770361500,2026-02-06T12:35:00,25542.95,25554.15,25542.95,25548.05,849869
1770361560,2026-02-06T12:36:00,25548.65,25556.1,25548.4,25556.1,431383
1770361620,2026-02-06T12:37:00,25555.95,25562.6,25553.4,25554.75,551382
1770361680,2026-02-06T12:38:00,25553.65,25553.8,25547.35,25548.6,587269
1770361740,2026-02-06T12:39:00,25549.35,25555.85,25548.65,25552.25,413716
1770361800,2026-02-06T12:40:00,25552.4,25558.15,25549.4,25556.6,476949
1770361860,2026-02-06T12:41:00,25556.45,25556.85,25546.4,25548.65,677945
1770361920,2026-02-06T12:42:00,25549.5,25549.55,25540.3,25541.1,1049272
1770361980,2026-02-06T12:43:00,25540.95,25544.25,25536.95,25540.9,802411
1770362040,2026-02-06T12:44:00,25541.3,25544.1,25537.4,25543.45,894127
1770362100,2026-02-06T12:45:00,25542.8,25550.4,25537.5,25549.3,895665
1770362160,2026-02-06T12:46:00,25549.8,25565.0,25549.15,25563.25,844686
1770362220,2026-02-06T12:47:00,25562.5,25570.35,25562.5,25566.2,1082313
1770362280,2026-02-06T12:48:00,25566.95,25567.8,25551.15,25551.15,623677
1770362340,2026-02-06T12:49:00,25550.55,25550.55,25542.0,25542.05,519306
1770362400,2026-02-06T12:50:00,25541.35,25547.85,25538.3,25541.7,630079
1770362460,2026-02-06T12:51:00,25542.7,25547.2,25541.15,25541.55,511144
1770362520,2026-02-06T12:52:00,25542.15,25547.0,25538.2,25547.0,505944
1770362580,2026-02-06T12:53:00,25546.7,25547.8,25541.1,25542.2,539138
1770362640,2026-02-06T12:54:00,25542.35,25544.45,25531.85,25532.0,997572
1770362700,2026-02-06T12:55:00,25532.3,25540.95,25527.5,25538.35,954497
1770362760,2026-02-06T12:56:00,25539.0,25539.0,25526.65,25526.95,1018540
1770362820,2026-02-06T12:57:00,25527.4,25542.0,25527.0,25542.0,784866
1770362880,2026-02-06T12:58:00,25541.45,25555.3,25540.7,25554.85,728279
1770362940,2026-02-06T12:59:00,25554.6,25563.15,25553.5,25556.7,965798
1770363000,2026-02-06T13:00:00,25556.15,25557.8,25549.9,25550.95,667980
1770363060,2026-02-06T13:01:00,25551.9,25551.9,25541.5,25543.35,798943
1770363120,2026-02-06T13:02:00,25543.85,25544.75,25540.2,25541.3,530825
1770363180,2026-02-06T13:03:00,25540.95,25547.6,25540.95,25546.9,1007138
1770363240,2026-02-06T13:04:00,25547.4,25557.2,25546.75,25557.15,1072710
1770363300,2026-02-06T13:05:00,25557.6,25568.0,25557.4,25568.0,1390411
1770363360,2026-02-06T13:06:00,25567.5,25572.55,25562.65,25571.95,821521
1770363420,2026-02-06T13:07:00,25572.95,25573.15,25561.9,25563.85,719342
1770363480,2026-02-06T13:08:00,25564.15,25566.8,25558.15,25558.75,594587
1770363540,2026-02-06T13:09:00,25558.05,25558.15,25545.3,25553.85,1093808
1770363600,2026-02-06T13:10:00,25554.3,25562.55,25553.25,25561.55,799304
1770363660,2026-02-06T13:11:00,25561.55,25565.55,25557.65,25560.0,512588
1770363720,2026-02-06T13:12:00,25559.15,25561.8,25554.0,25560.8,466840
1770363780,2026-02-06T13:13:00,25561.5,25562.0,25553.95,25556.45,418506
1770363840,2026-02-06T13:14:00,25555.55,25563.25,25555.55,25561.45,481584
1770363900,2026-02-06T13:15:00,25562.1,25571.35,25561.45,25569.25,451915
1770363960,2026-02-06T13:16:00,25569.2,25573.65,25565.95,25565.95,531351
1770364020,2026-02-06T13:17:00,25566.05,25568.95,25562.6,25562.9,436239
1770364080,2026-02-06T13:18:00,25562.15,25568.5,25559.7,25565.9,546117
1770364140,2026-02-06T13:19:00,25565.05,25571.75,25563.65,25569.65,639717
1770364200,2026-02-06T13:20:00,25569.15,25570.75,25562.75,25563.2,404260
1770364260,2026-02-06T13:21:00,25563.1,25567.75,25562.85,25567.1,524298
1770364320,2026-02-06T13:22:00,25566.05,25567.75,25563.3,25565.0,486359
1770364380,2026-02-06T13:23:00,25565.0,25571.65,25564.5,25571.65,523488
1770364440,2026-02-06T13:24:00,25571.6,25576.65,25567.85,25569.4,945805
1770364500,2026-02-06T13:25:00,25570.5,25571.4,25567.65,25570.05,484969
1770364560,2026-02-06T13:26:00,25569.8,25572.7,25567.95,25571.25,636271
1770364620,2026-02-06T13:27:00,25571.2,25574.65,25568.8,25569.65,544392
1770364680,2026-02-06T13:28:00,25570.15,25573.2,25567.25,25567.25,584773
1770364740,2026-02-06T13:29:00,25566.6,25570.4,25563.9,25569.0,474794
1770364800,2026-02-06T13:30:00,25569.4,25576.45,25567.85,25570.6,475583
1770364860,2026-02-06T13:31:00,25570.45,25572.7,25564.05,25564.05,473652
1770364920,2026-02-06T13:32:00,25564.3,25564.3,25552.05,25552.8,939782
1770364980,2026-02-06T13:33:00,25552.65,25559.5,25549.1,25557.85,1103764
1770365040,2026-02-06T13:34:00,25559.2,25566.25,25558.4,25562.85,584396
1770365100,2026-02-06T13:35:00,25563.55,25569.05,25560.95,25568.5,390632
1770365160,2026-02-06T13:36:00,25568.15,25577.1,25566.45,25575.35,661612
1770365220,2026-02-06T13:37:00,25574.9,25581.95,25573.55,25580.4,590448
1770365280,2026-02-06T13:38:00,25580.5,25589.8,25580.15,25588.4,557730
1770365340,2026-02-06T13:39:00,25588.2,25589.2,25583.8,25585.85,779835
1770365400,2026-02-06T13:40:00,25586.6,25598.75,25585.55,25597.6,1198983
1770365460,2026-02-06T13:41:00,25596.85,25597.75,25589.45,25590.45,730276
1770365520,2026-02-06T13:42:00,25590.8,25595.95,25584.9,25584.9,738522
1770365580,2026-02-06T13:43:00,25583.95,25585.55,25577.45,25577.8,788627
1770365640,2026-02-06T13:44:00,25577.6,25580.85,25575.7,25578.45,883736
1770365700,2026-02-06T13:45:00,25578.3,25580.6,25575.0,25577.25,1112521
1770365760,2026-02-06T13:46:00,25577.45,25580.6,25575.75,25577.8,928018
1770365820,2026-02-06T13:47:00,25577.65,25580.45,25573.8,25574.05,1085538
1770365880,2026-02-06T13:48:00,25575.05,25583.85,25572.05,25582.65,698665
1770365940,2026-02-06T13:49:00,25582.4,25592.65,25582.4,25588.75,773620
1770366000,2026-02-06T13:50:00,25588.9,25594.15,25587.15,25593.7,497814
1770366060,2026-02-06T13:51:00,25592.95,25604.1,25592.95,25602.6,692172
1770366120,2026-02-06T13:52:00,25602.55,25614.6,25601.2,25614.5,867562
1770366180,2026-02-06T13:53:00,25614.35,25619.85,25611.15,25611.65,969693
1770366240,2026-02-06T13:54:00,25611.4,25620.65,25611.05,25618.6,584702
1770366300,2026-02-06T13:55:00,25618.25,25622.95,25617.75,25622.95,584363
1770366360,2026-02-06T13:56:00,25622.65,25624.6,25620.95,25623.7,474421
1770366420,2026-02-06T13:57:00,25622.65,25626.1,25614.75,25615.5,562836
1770366480,2026-02-06T13:58:00,25615.55,25615.55,25602.0,25605.05,818480
1770366540,2026-02-06T13:59:00,25604.2,25618.95,25604.2,25617.6,781348
1770366600,2026-02-06T14:00:00,25617.4,25621.1,25616.05,25619.4,415210
1770366660,2026-02-06T14:01:00,25620.85,25633.3,25620.65,25631.15,896393
1770366720,2026-02-06T14:02:00,25630.1,25630.75,25624.5,25629.4,562559
1770366780,2026-02-06T14:03:00,25629.8,25632.3,25618.5,25618.5,712947
1770366840,2026-02-06T14:04:00,25618.55,25623.6,25615.75,25618.85,699075
1770366900,2026-02-06T14:05:00,25618.6,25624.15,25618.0,25622.3,398625
1770366960,2026-02-06T14:06:00,25622.9,25626.25,25619.1,25620.2,609659
1770367020,2026-02-06T14:07:00,25620.5,25628.15,25619.35,25627.05,377883
1770367080,2026-02-06T14:08:00,25627.05,25630.9,25627.05,25628.5,412893
1770367140,2026-02-06T14:09:00,25628.9,25629.5,25624.65,25625.3,405540
1770367200,2026-02-06T14:10:00,25625.5,25626.0,25612.35,25612.45,541982
1770367260,2026-02-06T14:11:00,25611.85,25612.7,25607.15,25609.25,401133
1770367320,2026-02-06T14:12:00,25609.45,25616.3,25607.45,25614.45,506846
1770367380,2026-02-06T14:13:00,25614.95,25618.3,25613.1,25613.6,408176
1770367440,2026-02-06T14:14:00,25613.75,25615.05,25611.5,25612.3,498371
1770367500,2026-02-06T14:15:00,25612.15,25618.5,25611.25,25618.0,628119
1770367560,2026-02-06T14:16:00,25617.3,25618.1,25606.65,25606.65,553042
1770367620,2026-02-06T14:17:00,25605.15,25607.95,25601.9,25607.1,693946
1770367680,2026-02-06T14:18:00,25607.1,25612.35,25606.1,25610.9,475597
1770367740,2026-02-06T14:19:00,25611.4,25622.2,25611.4,25619.7,527067
1770367800,2026-02-06T14:20:00,25620.35,25628.15,25619.7,25627.0,477968
1770367860,2026-02-06T14:21:00,25626.7,25630.65,25626.35,25626.35,527256
1770367920,2026-02-06T14:22:00,25626.7,25628.35,25619.4,25620.0,614059
1770367980,2026-02-06T14:23:00,25619.35,25620.4,25612.65,25614.05,629913
1770368040,2026-02-06T14:24:00,25613.75,25614.85,25603.75,25604.75,798733
1770368100,2026-02-06T14:25:00,25604.7,25612.75,25604.25,25611.9,659381
1770368160,2026-02-06T14:26:00,25611.5,25616.55,25606.9,25607.55,773163
1770368220,2026-02-06T14:27:00,25607.1,25611.7,25604.6,25610.15,383233
1770368280,2026-02-06T14:28:00,25610.4,25612.5,25609.25,25612.35,635484
1770368340,2026-02-06T14:29:00,25611.75,25617.45,25610.5,25610.9,656494
1770368400,2026-02-06T14:30:00,25611.1,25611.4,25606.5,25608.8,650111
1770368460,2026-02-06T14:31:00,25608.6,25618.75,25608.2,25618.65,781175
1770368520,2026-02-06T14:32:00,25618.65,25618.65,25610.3,25611.35,609557
1770368580,2026-02-06T14:33:00,25611.0,25611.85,25608.2,25610.85,558797
1770368640,2026-02-06T14:34:00,25611.15,25623.35,25611.1,25622.1,707334
1770368700,2026-02-06T14:35:00,25622.35,25626.3,25619.35,25621.3,592391
1770368760,2026-02-06T14:36:00,25621.3,25626.1,25620.9,25625.8,554043
1770368820,2026-02-06T14:37:00,25625.35,25630.05,25623.7,25629.45,708851
1770368880,2026-02-06T14:38:00,25629.25,25637.45,25628.5,25628.5,745877
1770368940,2026-02-06T14:39:00,25629.55,25632.4,25627.15,25631.55,618920
1770369000,2026-02-06T14:40:00,25632.1,25646.05,25631.7,25646.05,1285808
1770369060,2026-02-06T14:41:00,25645.5,25648.4,25637.55,25639.7,1036968
1770369120,2026-02-06T14:42:00,25639.95,25647.25,25639.95,25644.75,888174
1770369180,2026-02-06T14:43:00,25645.6,25652.4,25644.15,25650.0,838626
1770369240,2026-02-06T14:44:00,25649.65,25652.4,25648.55,25651.85,577437
1770369300,2026-02-06T14:45:00,25651.8,25660.7,25650.9,25659.3,778925
1770369360,2026-02-06T14:46:00,25658.95,25661.05,25645.5,25647.2,727778
1770369420,2026-02-06T14:47:00,25647.0,25648.1,25639.2,25639.95,604796
1770369480,2026-02-06T14:48:00,25640.2,25643.35,25636.9,25638.85,812030
1770369540,2026-02-06T14:49:00,25637.65,25638.75,25633.65,25636.6,649917
1770369600,2026-02-06T14:50:00,25636.9,25642.3,25636.1,25642.3,557356
1770369660,2026-02-06T14:51:00,25641.55,25647.95,25641.2,25641.8,718316
1770369720,2026-02-06T14:52:00,25642.15,25643.55,25635.5,25636.3,770753
1770369780,2026-02-06T14:53:00,25636.85,25650.4,25636.25,25648.25,1090804
1770369840,2026-02-06T14:54:00,25647.35,25651.75,25646.9,25651.3,784443
1770369900,2026-02-06T14:55:00,25651.8,25661.1,25651.8,25659.1,962601
1770369960,2026-02-06T14:56:00,25659.05,25662.8,25656.9,25662.15,738210
1770370020,2026-02-06T14:57:00,25663.95,25670.55,25663.7,25666.6,1322102
1770370080,2026-02-06T14:58:00,25666.3,25671.05,25663.1,25663.45,914035
1770370140,2026-02-06T14:59:00,25662.55,25671.85,25659.0,25670.3,1201572
1770370200,2026-02-06T15:00:00,25671.2,25687.9,25671.2,25685.8,2731363
1770370260,2026-02-06T15:01:00,25684.1,25688.25,25678.25,25687.35,2467275
1770370320,2026-02-06T15:02:00,25686.1,25690.25,25682.55,25682.7,1548099
1770370380,2026-02-06T15:03:00,25680.35,25682.65,25675.0,25682.4,1627813
1770370440,2026-02-06T15:04:00,25680.05,25686.4,25680.05,25685.45,1469713
1770370500,2026-02-06T15:05:00,25683.05,25690.6,25681.75,25688.5,1929759
1770370560,2026-02-06T15:06:00,25687.2,25690.05,25682.4,25682.4,1989592
1770370620,2026-02-06T15:07:00,25681.9,25699.4,25681.9,25697.4,2100255
1770370680,2026-02-06T15:08:00,25696.15,25696.15,25686.75,25692.75,2389256
1770370740,2026-02-06T15:09:00,25691.15,25693.65,25686.95,25692.55,2510444
1770370800,2026-02-06T15:10:00,25690.45,25694.75,25687.3,25693.25,2339344
1770370860,2026-02-06T15:11:00,25691.9,25700.0,25691.7,25698.25,2199096
1770370920,2026-02-06T15:12:00,25695.95,25701.25,25692.0,25695.4,2582116
1770370980,2026-02-06T15:13:00,25692.45,25703.8,25692.45,25701.2,1942834
1770371040,2026-02-06T15:14:00,25700.45,25703.45,25695.35,25698.5,2195175
1770371100,2026-02-06T15:15:00,25697.75,25698.2,25693.45,25696.0,2258191
1770371160,2026-02-06T15:16:00,25695.6,25703.95,25695.3,25701.3,1882109
1770371220,2026-02-06T15:17:00,25699.7,25701.65,25697.45,25700.55,2038808
1770371280,2026-02-06T15:18:00,25699.95,25700.45,25694.0,25696.25,2571818
1770371340,2026-02-06T15:19:00,25695.05,25697.7,25693.0,25695.2,2211445
1770371400,2026-02-06T15:20:00,25693.55,25696.2,25692.95,25695.75,2211564
1770371460,2026-02-06T15:21:00,25695.6,25698.4,25693.1,25696.4,2466777
1770371520,2026-02-06T15:22:00,25695.75,25701.25,25695.6,25699.9,2304981
1770371580,2026-02-06T15:23:00,25699.3,25701.5,25697.9,25699.6,2443944
1770371640,2026-02-06T15:24:00,25698.8,25700.95,25695.8,25700.95,2541829
1770371700,2026-02-06T15:25:00,25698.5,25700.05,25683.9,25688.35,3311950
1770371760,2026-02-06T15:26:00,25687.75,25691.0,25685.9,25690.6,1613780
1770371820,2026-02-06T15:27:00,25688.25,25688.85,25681.9,25681.9,2018935
1770371880,2026-02-06T15:28:00,25683.6,25688.2,25680.0,25683.45,1809923
1770371940,2026-02-06T15:29:00,25686.0,25686.0,25660.2,25673.6,1264617
1770608700,2026-02-09T09:15:00,25888.7,25922.25,25795.95,25832.65,8053308
1770608760,2026-02-09T09:16:00,25828.1,25841.45,25826.2,25830.2,4861191
1770608820,2026-02-09T09:17:00,25827.95,25828.35,25810.9,25818.05,3675785
1770608880,2026-02-09T09:18:00,25818.2,25822.2,25809.15,25811.05,2739701
1770608940,2026-02-09T09:19:00,25807.5,25817.4,25804.3,25815.55,2623969
1770609000,2026-02-09T09:20:00,25814.3,25818.55,25807.35,25811.9,2370104
1770609060,2026-02-09T09:21:00,25810.65,25826.05,25807.5,25824.9,1436716
1770609120,2026-02-09T09:22:00,25824.25,25824.25,25804.9,25808.75,1947596
1770609180,2026-02-09T09:23:00,25808.8,25808.8,25793.3,25806.85,2319283
1770609240,2026-02-09T09:24:00,25807.6,25822.1,25805.6,25821.85,1564451
1770609300,2026-02-09T09:25:00,25821.2,25821.8,25814.55,25817.4,1306913
1770609360,2026-02-09T09:26:00,25817.25,25818.85,25805.55,25808.25,1526749
1770609420,2026-02-09T09:27:00,25807.8,25817.6,25801.75,25812.45,1657728
1770609480,2026-02-09T09:28:00,25812.1,25818.45,25805.45,25817.65,1170233
1770609540,2026-02-09T09:29:00,25816.6,25823.8,25813.4,25822.9,1537036
1770609600,2026-02-09T09:30:00,25822.0,25832.75,25821.15,25830.65,1326445
1770609660,2026-02-09T09:31:00,25831.05,25835.5,25820.1,25821.15,1040662
1770609720,2026-02-09T09:32:00,25822.95,25823.7,25813.8,25817.2,1312880
1770609780,2026-02-09T09:33:00,25815.95,25815.95,25801.45,25802.3,1166678
1770609840,2026-02-09T09:34:00,25801.05,25802.7,25791.75,25802.2,1617060
1770609900,2026-02-09T09:35:00,25802.55,25803.85,25796.65,25803.3,806830
1770609960,2026-02-09T09:36:00,25803.95,25807.15,25797.4,25798.1,880061
1770610020,2026-02-09T09:37:00,25797.55,25798.05,25789.85,25796.25,1094499
1770610080,2026-02-09T09:38:00,25795.9,25797.75,25788.45,25788.8,1079453
1770610140,2026-02-09T09:39:00,25788.15,25794.95,25781.65,25782.45,1501665
1770610200,2026-02-09T09:40:00,25781.95,25791.35,25780.9,25791.35,851849
1770610260,2026-02-09T09:41:00,25791.7,25797.45,25784.4,25794.85,745728
1770610320,2026-02-09T09:42:00,25794.7,25803.95,25791.1,25803.7,791000
1770610380,2026-02-09T09:43:00,25802.65,25803.75,25791.25,25796.25,771717
1770610440,2026-02-09T09:44:00,25795.85,25798.3,25787.65,25793.05,891923
1770610500,2026-02-09T09:45:00,25792.9,25799.3,25790.35,25798.45,987322
1770610560,2026-02-09T09:46:00,25797.8,25805.85,25795.2,25804.0,1086631
1770610620,2026-02-09T09:47:00,25805.45,25807.95,25802.65,25807.95,1074460
1770610680,2026-02-09T09:48:00,25809.05,25815.15,25808.75,25810.8,1226669
1770610740,2026-02-09T09:49:00,25811.2,25813.55,25805.05,25812.0,1369115
1770610800,2026-02-09T09:50:00,25812.55,25819.2,25810.95,25815.9,956435
1770610860,2026-02-09T09:51:00,25816.1,25816.1,25806.65,25808.45,1471720
1770610920,2026-02-09T09:52:00,25807.5,25815.9,25807.5,25811.9,1316533
1770610980,2026-02-09T09:53:00,25812.15,25819.25,25810.8,25815.95,907068
1770611040,2026-02-09T09:54:00,25816.65,25817.25,25811.3,25812.8,635003
1770611100,2026-02-09T09:55:00,25812.85,25813.1,25808.8,25809.75,795232
1770611160,2026-02-09T09:56:00,25809.4,25811.65,25806.05,25810.6,1280977
1770611220,2026-02-09T09:57:00,25810.55,25815.55,25809.5,25814.05,971416
1770611280,2026-02-09T09:58:00,25814.3,25815.95,25810.6,25812.2,1525544
1770611340,2026-02-09T09:59:00,25811.85,25818.1,25811.85,25814.1,936371
1770611400,2026-02-09T10:00:00,25814.8,25824.85,25814.15,25823.6,996751
1770611460,2026-02-09T10:01:00,25823.25,25824.95,25820.45,25821.3,1465274
1770611520,2026-02-09T10:02:00,25820.85,25823.45,25819.9,25822.5,1112346
1770611580,2026-02-09T10:03:00,25823.2,25826.1,25820.85,25823.15,759902
1770611640,2026-02-09T10:04:00,25822.9,25824.75,25816.8,25824.75,915821
1770611700,2026-02-09T10:05:00,25824.1,25831.1,25822.5,25827.5,1211724
1770611760,2026-02-09T10:06:00,25828.05,25828.05,25813.4,25815.15,1324694
1770611820,2026-02-09T10:07:00,25814.85,25819.9,25814.45,25816.5,871873
1770611880,2026-02-09T10:08:00,25816.3,25817.65,25807.55,25808.9,717301
1770611940,2026-02-09T10:09:00,25808.6,25810.65,25803.55,25810.0,928729
1770612000,2026-02-09T10:10:00,25810.2,25812.65,25803.15,25809.35,668720
1770612060,2026-02-09T10:11:00,25808.6,25811.25,25803.85,25804.1,640417
1770612120,2026-02-09T10:12:00,25804.95,25805.2,25799.0,25799.45,786429
1770612180,2026-02-09T10:13:00,25800.2,25801.9,25797.2,25799.25,690943
1770612240,2026-02-09T10:14:00,25798.7,25802.5,25796.15,25801.6,651769
1770612300,2026-02-09T10:15:00,25800.1,25801.4,25794.0,25799.6,980370
1770612360,2026-02-09T10:16:00,25799.2,25806.7,25799.2,25805.75,682320
1770612420,2026-02-09T10:17:00,25806.3,25812.25,25803.9,25811.35,518334
1770612480,2026-02-09T10:18:00,25811.1,25815.65,25809.35,25813.15,763623
1770612540,2026-02-09T10:19:00,25812.95,25817.95,25812.9,25816.65,553552
1770612600,2026-02-09T10:20:00,25816.15,25822.75,25815.4,25820.5,725209
1770612660,2026-02-09T10:21:00,25820.05,25826.35,25819.65,25826.05,706891
1770612720,2026-02-09T10:22:00,25826.25,25829.95,25821.15,25822.5,843041
1770612780,2026-02-09T10:23:00,25822.6,25822.85,25809.05,25811.7,1079641
1770612840,2026-02-09T10:24:00,25811.45,25819.95,25810.1,25817.85,887657
1770612900,2026-02-09T10:25:00,25818.1,25825.6,25817.15,25820.7,767467
1770612960,2026-02-09T10:26:00,25821.25,25821.95,25814.9,25818.6,1503380
1770613020,2026-02-09T10:27:00,25818.6,25819.1,25810.6,25812.85,678294
1770613080,2026-02-09T10:28:00,25812.7,25817.6,25812.05,25815.75,881612
1770613140,2026-02-09T10:29:00,25815.7,25818.55,25810.45,25812.8,1211809
1770613200,2026-02-09T10:30:00,25812.3,25818.2,25810.1,25818.2,661092
1770613260,2026-02-09T10:31:00,25815.95,25820.2,25813.95,25818.75,630757
1770613320,2026-02-09T10:32:00,25818.1,25828.1,25818.1,25826.3,517029
1770613380,2026-02-09T10:33:00,25826.2,25829.2,25823.55,25825.3,897825
1770613440,2026-02-09T10:34:00,25825.1,25827.2,25823.85,25826.25,812380
1770613500,2026-02-09T10:35:00,25824.9,25828.85,25823.6,25828.35,726520
1770613560,2026-02-09T10:36:00,25828.7,25833.0,25824.85,25832.55,656785
1770613620,2026-02-09T10:37:00,25832.55,25834.2,25829.05,25834.2,1085285
1770613680,2026-02-09T10:38:00,25833.9,25843.35,25833.1,25842.5,865974
1770613740,2026-02-09T10:39:00,25844.7,25846.7,25840.25,25842.65,984875
1770613800,2026-02-09T10:40:00,25843.4,25849.65,25842.25,25847.05,867459
1770613860,2026-02-09T10:41:00,25847.45,25848.2,25842.05,25842.2,563578
1770613920,2026-02-09T10:42:00,25842.9,25845.65,25841.65,25844.3,599961
1770613980,2026-02-09T10:43:00,25844.65,25849.3,25842.65,25846.45,561882
1770614040,2026-02-09T10:44:00,25846.75,25852.35,25845.2,25852.35,788790
1770614100,2026-02-09T10:45:00,25852.8,25854.25,25847.7,25852.8,947542
1770614160,2026-02-09T10:46:00,25853.35,25854.05,25851.1,25851.75,580185
1770614220,2026-02-09T10:47:00,25852.7,25854.35,25851.15,25852.65,605967
1770614280,2026-02-09T10:48:00,25853.05,25859.75,25852.55,25856.65,697867
1770614340,2026-02-09T10:49:00,25856.7,25858.85,25844.5,25846.3,1067137
1770614400,2026-02-09T10:50:00,25847.2,25856.0,25845.8,25854.8,763859
1770614460,2026-02-09T10:51:00,25854.0,25856.2,25852.75,25854.15,921499
1770614520,2026-02-09T10:52:00,25854.05,25854.55,25846.2,25847.3,1106142
1770614580,2026-02-09T10:53:00,25847.4,25857.5,25846.4,25856.8,852755
1770614640,2026-02-09T10:54:00,25856.35,25861.1,25855.35,25860.15,869818
1770614700,2026-02-09T10:55:00,25859.5,25861.5,25856.0,25861.0,624969
1770614760,2026-02-09T10:56:00,25861.05,25864.15,25857.55,25859.3,660598
1770614820,2026-02-09T10:57:00,25860.2,25864.85,25860.1,25862.55,584617
1770614880,2026-02-09T10:58:00,25863.1,25864.1,25858.2,25860.3,705128
1770614940,2026-02-09T10:59:00,25860.45,25866.4,25859.65,25864.6,2059361
1770615000,2026-02-09T11:00:00,25865.2,25870.05,25862.6,25863.45,1294800
1770615060,2026-02-09T11:01:00,25863.05,25865.7,25860.9,25862.0,721873
1770615120,2026-02-09T11:02:00,25862.5,25863.75,25859.4,25860.7,660639
1770615180,2026-02-09T11:03:00,25860.2,25861.95,25858.65,25860.5,551644
1770615240,2026-02-09T11:04:00,25860.4,25861.3,25855.25,25856.45,498234
1770615300,2026-02-09T11:05:00,25856.4,25866.6,25856.1,25864.9,731187
1770615360,2026-02-09T11:06:00,25864.5,25864.9,25861.25,25862.35,861988
1770615420,2026-02-09T11:07:00,25862.45,25865.65,25861.0,25862.3,788395
1770615480,2026-02-09T11:08:00,25862.85,25863.4,25855.75,25856.3,752438
1770615540,2026-02-09T11:09:00,25856.35,25858.55,25853.45,25855.15,1229283
1770615600,2026-02-09T11:10:00,25855.65,25863.55,25855.0,25861.85,918497
1770615660,2026-02-09T11:11:00,25863.15,25864.0,25856.3,25858.7,987632
1770615720,2026-02-09T11:12:00,25858.6,25861.05,25856.7,25860.05,1124067
1770615780,2026-02-09T11:13:00,25859.7,25862.85,25858.95,25858.95,1231945
1770615840,2026-02-09T11:14:00,25859.15,25860.3,25853.9,25857.95,719751
1770615900,2026-02-09T11:15:00,25858.15,25858.55,25852.3,25852.85,903127
1770615960,2026-02-09T11:16:00,25853.55,25857.35,25853.55,25856.4,796593
1770616020,2026-02-09T11:17:00,25856.1,25858.9,25851.75,25857.75,1236606
1770616080,2026-02-09T11:18:00,25857.45,25860.05,25855.15,25859.25,2037585
1770616140,2026-02-09T11:19:00,25859.55,25862.0,25858.35,25860.65,1376175
1770616200,2026-02-09T11:20:00,25860.75,25864.85,25859.4,25859.8,1460845
1770616260,2026-02-09T11:21:00,25858.45,25860.3,25854.15,25857.8,853428
1770616320,2026-02-09T11:22:00,25857.85,25862.55,25856.6,25861.5,551130
1770616380,2026-02-09T11:23:00,25861.35,25864.5,25858.9,25861.9,1091305
1770616440,2026-02-09T11:24:00,25862.6,25865.35,25858.55,25863.55,1187596
1770616500,2026-02-09T11:25:00,25863.3,25868.35,25862.15,25863.35,2241877
1770616560,2026-02-09T11:26:00,25864.25,25864.85,25856.75,25859.8,1075674
1770616620,2026-02-09T11:27:00,25860.4,25863.5,25858.35,25860.65,1299419
1770616680,2026-02-09T11:28:00,25860.2,25861.75,25853.9,25858.75,842524
1770616740,2026-02-09T11:29:00,25858.2,25861.5,25854.7,25858.4,849611
1770616800,2026-02-09T11:30:00,25858.85,25860.05,25851.4,25851.4,1040983
1770616860,2026-02-09T11:31:00,25851.4,25853.05,25845.8,25851.6,1592885
1770616920,2026-02-09T11:32:00,25850.65,25852.4,25842.0,25842.9,1892936
1770616980,2026-02-09T11:33:00,25843.1,25845.75,25842.05,25845.6,889509
1770617040,2026-02-09T11:34:00,25844.9,25849.6,25844.9,25848.4,670216
1770617100,2026-02-09T11:35:00,25849.05,25851.75,25846.8,25848.75,500184
1770617160,2026-02-09T11:36:00,25848.15,25849.65,25845.55,25848.0,964805
1770617220,2026-02-09T11:37:00,25848.2,25852.8,25845.8,25851.2,592406
1770617280,2026-02-09T11:38:00,25851.6,25859.5,25851.05,25858.05,690641
1770617340,2026-02-09T11:39:00,25858.1,25862.0,25857.75,25860.0,489972
1770617400,2026-02-09T11:40:00,25860.0,25862.4,25857.95,25860.45,721033
1770617460,2026-02-09T11:41:00,25860.7,25866.55,25857.15,25861.7,748605
1770617520,2026-02-09T11:42:00,25861.7,25863.35,25856.25,25856.25,484135
1770617580,2026-02-09T11:43:00,25856.65,25864.7,25854.25,25858.2,918154
1770617640,2026-02-09T11:44:00,25858.05,25859.15,25850.4,25851.0,489407
1770617700,2026-02-09T11:45:00,25850.45,25852.3,25844.65,25848.55,1158491
1770617760,2026-02-09T11:46:00,25848.75,25849.7,25835.75,25842.15,833608
1770617820,2026-02-09T11:47:00,25842.75,25845.15,25840.4,25843.9,583751
1770617880,2026-02-09T11:48:00,25843.1,25849.55,25843.1,25845.1,997992
1770617940,2026-02-09T11:49:00,25845.65,25848.15,25843.15,25847.1,469135
1770618000,2026-02-09T11:50:00,25846.5,25847.8,25842.9,25843.45,605314
1770618060,2026-02-09T11:51:00,25843.3,25843.3,25836.35,25837.1,797447
1770618120,2026-02-09T11:52:00,25837.45,25841.7,25837.3,25838.85,798336
1770618180,2026-02-09T11:53:00,25838.55,25838.65,25832.4,25834.95,581117
1770618240,2026-02-09T11:54:00,25834.9,25837.7,25832.2,25832.2,637779
1770618300,2026-02-09T11:55:00,25832.05,25836.8,25831.95,25832.4,640216
1770618360,2026-02-09T11:56:00,25835.4,25835.4,25831.85,25832.8,674242
1770618420,2026-02-09T11:57:00,25832.45,25834.8,25830.5,25834.2,511454
1770618480,2026-02-09T11:58:00,25834.7,25837.5,25833.4,25836.55,544528
1770618540,2026-02-09T11:59:00,25836.7,25838.6,25834.05,25834.75,591679
1770618600,2026-02-09T12:00:00,25834.3,25840.45,25834.15,25837.05,709898
1770618660,2026-02-09T12:01:00,25836.2,25841.95,25835.45,25839.75,1072693
1770618720,2026-02-09T12:02:00,25840.05,25841.55,25833.9,25836.65,1078018
1770618780,2026-02-09T12:03:00,25836.8,25840.35,25836.45,25839.0,560640
1770618840,2026-02-09T12:04:00,25839.3,25842.9,25837.65,25842.7,494942
1770618900,2026-02-09T12:05:00,25842.65,25844.0,25840.3,25841.25,451049
1770618960,2026-02-09T12:06:00,25840.7,25843.5,25839.25,25841.5,658356
1770619020,2026-02-09T12:07:00,25841.2,25847.6,25841.2,25845.6,667712
1770619080,2026-02-09T12:08:00,25845.95,25848.95,25844.25,25847.9,426596
1770619140,2026-02-09T12:09:00,25848.7,25856.0,25847.8,25855.2,633943
1770619200,2026-02-09T12:10:00,25855.2,25856.75,25853.05,25854.15,588962
1770619260,2026-02-09T12:11:00,25854.2,25856.95,25853.15,25854.35,602663
1770619320,2026-02-09T12:12:00,25855.2,25861.15,25854.3,25858.05,869666
1770619380,2026-02-09T12:13:00,25858.15,25861.25,25850.7,25853.4,2646324
1770619440,2026-02-09T12:14:00,25854.35,25856.95,25852.75,25856.25,574993
1770619500,2026-02-09T12:15:00,25856.6,25857.9,25853.75,25854.8,589106
1770619560,2026-02-09T12:16:00,25854.7,25856.35,25850.35,25853.4,1303872
1770619620,2026-02-09T12:17:00,25853.15,25856.0,25850.0,25854.75,515732
1770619680,2026-02-09T12:18:00,25854.05,25856.2,25851.9,25854.3,582442
1770619740,2026-02-09T12:19:00,25854.3,25856.25,25851.5,25852.85,698690
1770619800,2026-02-09T12:20:00,25852.15,25857.55,25851.55,25857.45,805683
1770619860,2026-02-09T12:21:00,25857.4,25859.2,25855.15,25857.95,687643
1770619920,2026-02-09T12:22:00,25857.8,25860.85,25856.2,25857.15,557289
1770619980,2026-02-09T12:23:00,25857.2,25861.1,25856.75,25858.25,595115
1770620040,2026-02-09T12:24:00,25858.1,25860.6,25856.35,25858.5,621537
1770620100,2026-02-09T12:25:00,25858.95,25861.45,25857.55,25859.2,1020602
1770620160,2026-02-09T12:26:00,25860.15,25860.3,25855.65,25856.45,505065
1770620220,2026-02-09T12:27:00,25856.05,25857.0,25853.15,25856.65,870419
1770620280,2026-02-09T12:28:00,25856.1,25857.15,25853.75,25855.4,514499
1770620340,2026-02-09T12:29:00,25855.3,25856.0,25848.5,25849.3,676889
1770620400,2026-02-09T12:30:00,25850.55,25850.9,25836.6,25837.0,912809
1770620460,2026-02-09T12:31:00,25838.95,25838.95,25831.55,25833.75,841410
1770620520,2026-02-09T12:32:00,25834.4,25837.2,25832.6,25836.3,810403
1770620580,2026-02-09T12:33:00,25836.7,25841.05,25834.5,25839.6,489664
1770620640,2026-02-09T12:34:00,25840.5,25841.4,25838.35,25839.65,934404
1770620700,2026-02-09T12:35:00,25841.55,25850.2,25840.15,25846.25,669813
1770620760,2026-02-09T12:36:00,25846.45,25848.2,25838.6,25841.75,729527
1770620820,2026-02-09T12:37:00,25842.35,25848.7,25839.7,25845.3,587341
1770620880,2026-02-09T12:38:00,25845.4,25845.95,25841.0,25841.2,490451
1770620940,2026-02-09T12:39:00,25841.2,25842.25,25836.45,25836.45,625213
1770621000,2026-02-09T12:40:00,25837.35,25840.8,25835.7,25837.55,487446
1770621060,2026-02-09T12:41:00,25838.4,25842.5,25836.65,25840.65,723637
1770621120,2026-02-09T12:42:00,25840.75,25841.05,25836.7,25838.0,624760
1770621180,2026-02-09T12:43:00,25838.35,25839.0,25833.0,25833.35,887310
1770621240,2026-02-09T12:44:00,25835.75,25837.85,25832.5,25835.95,490972
1770621300,2026-02-09T12:45:00,25836.0,25837.25,25832.6,25836.35,718047
1770621360,2026-02-09T12:46:00,25837.1,25839.8,25835.55,25838.5,605321
1770621420,2026-02-09T12:47:00,25838.25,25838.3,25833.45,25834.45,709991
1770621480,2026-02-09T12:48:00,25834.75,25836.05,25831.7,25831.7,913781
1770621540,2026-02-09T12:49:00,25832.1,25834.85,25830.15,25832.9,561937
1770621600,2026-02-09T12:50:00,25833.35,25837.45,25832.3,25835.05,470811
1770621660,2026-02-09T12:51:00,25835.6,25838.65,25833.8,25835.4,506190
1770621720,2026-02-09T12:52:00,25836.6,25838.0,25827.05,25827.25,417044
1770621780,2026-02-09T12:53:00,25829.8,25830.75,25823.1,25823.4,544393
1770621840,2026-02-09T12:54:00,25824.8,25826.9,25821.65,25822.35,929818
1770621900,2026-02-09T12:55:00,25822.8,25824.75,25819.95,25823.6,667244
1770621960,2026-02-09T12:56:00,25824.45,25826.25,25821.5,25823.55,426197
1770622020,2026-02-09T12:57:00,25824.45,25827.3,25823.05,25826.5,476763
1770622080,2026-02-09T12:58:00,25827.45,25833.8,25826.6,25832.15,476414
1770622140,2026-02-09T12:59:00,25832.8,25838.75,25831.8,25837.25,453318
1770622200,2026-02-09T13:00:00,25838.4,25841.85,25835.9,25840.75,552464
1770622260,2026-02-09T13:01:00,25840.9,25843.5,25839.5,25842.1,604606
1770622320,2026-02-09T13:02:00,25842.45,25846.1,25840.65,25844.25,508479
1770622380,2026-02-09T13:03:00,25845.1,25846.25,25841.65,25844.25,687336
1770622440,2026-02-09T13:04:00,25843.9,25845.25,25840.75,25843.25,615551
1770622500,2026-02-09T13:05:00,25844.55,25845.9,25842.95,25845.1,479970
1770622560,2026-02-09T13:06:00,25845.5,25846.0,25841.9,25843.55,472678
1770622620,2026-02-09T13:07:00,25844.6,25846.75,25842.1,25845.55,936144
1770622680,2026-02-09T13:08:00,25846.1,25852.35,25843.85,25851.15,786698
1770622740,2026-02-09T13:09:00,25851.7,25855.2,25850.9,25853.4,618981
1770622800,2026-02-09T13:10:00,25854.4,25860.3,25853.65,25858.25,766867
1770622860,2026-02-09T13:11:00,25859.1,25859.6,25851.65,25851.8,627820
1770622920,2026-02-09T13:12:00,25853.45,25854.3,25847.45,25849.1,1852693
1770622980,2026-02-09T13:13:00,25850.25,25853.2,25847.95,25851.2,609501
1770623040,2026-02-09T13:14:00,25851.6,25852.5,25847.65,25849.95,451584
1770623100,2026-02-09T13:15:00,25850.75,25856.25,25850.25,25855.0,535395
1770623160,2026-02-09T13:16:00,25855.25,25858.0,25853.4,25856.0,591362
1770623220,2026-02-09T13:17:00,25856.2,25856.85,25851.8,25852.95,612942
1770623280,2026-02-09T13:18:00,25853.5,25858.4,25852.2,25857.0,459482
1770623340,2026-02-09T13:19:00,25857.75,25859.1,25856.0,25857.35,398849
1770623400,2026-02-09T13:20:00,25859.4,25860.0,25855.45,25855.45,768140
1770623460,2026-02-09T13:21:00,25857.15,25857.3,25848.9,25850.0,635764
1770623520,2026-02-09T13:22:00,25851.85,25851.85,25846.8,25850.75,550506
1770623580,2026-02-09T13:23:00,25851.1,25851.1,25845.2,25846.6,467574
1770623640,2026-02-09T13:24:00,25848.05,25848.7,25845.85,25846.3,466095
1770623700,2026-02-09T13:25:00,25847.25,25848.5,25842.0,25842.5,615652
1770623760,2026-02-09T13:26:00,25844.15,25845.75,25841.7,25844.5,467618
1770623820,2026-02-09T13:27:00,25846.4,25851.9,25844.3,25846.6,387852
1770623880,2026-02-09T13:28:00,25847.35,25847.75,25841.7,25841.7,556566
1770623940,2026-02-09T13:29:00,25843.45,25843.45,25836.85,25838.15,701509
1770624000,2026-02-09T13:30:00,25840.35,25844.1,25838.3,25844.1,386037
1770624060,2026-02-09T13:31:00,25844.65,25846.05,25842.15,25842.8,308864
1770624120,2026-02-09T13:32:00,25843.85,25843.85,25835.85,25842.35,701649
1770624180,2026-02-09T13:33:00,25842.85,25851.75,25841.7,25851.25,359763
1770624240,2026-02-09T13:34:00,25852.2,25852.95,25849.75,25849.85,349067
1770624300,2026-02-09T13:35:00,25851.8,25854.5,25849.95,25850.85,512250
1770624360,2026-02-09T13:36:00,25851.85,25854.3,25850.75,25852.85,492640
1770624420,2026-02-09T13:37:00,25854.3,25854.9,25851.05,25852.3,610224
1770624480,2026-02-09T13:38:00,25852.95,25854.0,25849.85,25852.7,555370
1770624540,2026-02-09T13:39:00,25853.45,25854.75,25849.6,25850.05,440471
1770624600,2026-02-09T13:40:00,25851.5,25855.65,25849.65,25852.85,432175
1770624660,2026-02-09T13:41:00,25854.65,25856.1,25852.4,25854.6,2177937
1770624720,2026-02-09T13:42:00,25855.1,25855.3,25851.25,25851.75,282003
1770624780,2026-02-09T13:43:00,25852.8,25855.45,25851.25,25852.6,402759
1770624840,2026-02-09T13:44:00,25853.45,25854.65,25849.95,25853.3,401968
1770624900,2026-02-09T13:45:00,25854.05,25857.3,25852.35,25852.95,411621
1770624960,2026-02-09T13:46:00,25854.9,25854.9,25848.2,25850.0,1034502
1770625020,2026-02-09T13:47:00,25850.9,25851.55,25847.4,25850.2,561365
1770625080,2026-02-09T13:48:00,25850.85,25853.75,25847.7,25848.1,675193
1770625140,2026-02-09T13:49:00,25850.15,25850.9,25846.0,25847.15,641503
1770625200,2026-02-09T13:50:00,25848.65,25848.85,25844.9,25847.0,379385
1770625260,2026-02-09T13:51:00,25848.85,25849.45,25843.1,25844.6,403067
1770625320,2026-02-09T13:52:00,25846.05,25848.5,25843.45,25846.8,444463
1770625380,2026-02-09T13:53:00,25847.15,25850.3,25845.5,25848.75,430427
1770625440,2026-02-09T13:54:00,25849.3,25850.95,25843.45,25846.65,425314
1770625500,2026-02-09T13:55:00,25846.9,25852.6,25844.6,25849.85,437116
1770625560,2026-02-09T13:56:00,25851.1,25852.75,25847.7,25851.65,611312
1770625620,2026-02-09T13:57:00,25852.7,25855.3,25850.65,25852.8,726259
1770625680,2026-02-09T13:58:00,25854.0,25854.25,25849.25,25850.25,617045
1770625740,2026-02-09T13:59:00,25851.35,25852.2,25843.75,25845.65,850413
1770625800,2026-02-09T14:00:00,25846.1,25850.0,25844.4,25848.25,680036
1770625860,2026-02-09T14:01:00,25849.85,25853.8,25847.9,25848.8,535310
1770625920,2026-02-09T14:02:00,25850.25,25851.5,25844.95,25849.05,607279
1770625980,2026-02-09T14:03:00,25851.65,25852.95,25841.0,25841.65,1050462
1770626040,2026-02-09T14:04:00,25843.1,25845.0,25839.95,25842.35,652685
1770626100,2026-02-09T14:05:00,25843.95,25844.65,25837.35,25839.2,476780
1770626160,2026-02-09T14:06:00,25840.35,25844.45,25835.5,25843.5,1063940
1770626220,2026-02-09T14:07:00,25843.85,25846.7,25841.75,25843.5,470605
1770626280,2026-02-09T14:08:00,25845.85,25846.5,25841.7,25842.4,628169
1770626340,2026-02-09T14:09:00,25843.8,25846.6,25840.1,25846.25,620642
1770626400,2026-02-09T14:10:00,25847.8,25850.0,25845.75,25847.9,672368
1770626460,2026-02-09T14:11:00,25848.6,25850.2,25846.2,25848.4,1037887
1770626520,2026-02-09T14:12:00,25849.7,25852.75,25843.4,25844.1,663381
1770626580,2026-02-09T14:13:00,25846.55,25846.7,25842.2,25842.2,654639
1770626640,2026-02-09T14:14:00,25844.4,25846.3,25842.8,25844.4,615704
1770626700,2026-02-09T14:15:00,25845.25,25846.5,25842.2,25844.35,513910
1770626760,2026-02-09T14:16:00,25846.05,25850.2,25844.1,25849.2,1087255
1770626820,2026-02-09T14:17:00,25849.75,25852.6,25844.5,25844.5,567731
1770626880,2026-02-09T14:18:00,25846.35,25847.75,25844.15,25845.95,504586
1770626940,2026-02-09T14:19:00,25846.85,25851.8,25845.2,25850.3,554224
1770627000,2026-02-09T14:20:00,25852.25,25854.65,25850.0,25853.55,2285872
1770627060,2026-02-09T14:21:00,25854.7,25856.1,25851.6,25853.95,1028750
1770627120,2026-02-09T14:22:00,25854.95,25859.05,25853.45,25858.75,489437
1770627180,2026-02-09T14:23:00,25859.85,25864.4,25856.85,25861.4,622757
1770627240,2026-02-09T14:24:00,25862.55,25864.05,25857.85,25858.55,634474
1770627300,2026-02-09T14:25:00,25860.0,25862.05,25856.65,25859.8,1060469
1770627360,2026-02-09T14:26:00,25861.7,25862.95,25857.55,25858.2,732474
1770627420,2026-02-09T14:27:00,25859.1,25862.05,25854.95,25858.1,574016
1770627480,2026-02-09T14:28:00,25859.55,25860.95,25857.5,25858.95,577215
1770627540,2026-02-09T14:29:00,25860.05,25860.3,25856.8,25858.7,518504
1770627600,2026-02-09T14:30:00,25860.05,25861.0,25856.8,25856.8,1003814
1770627660,2026-02-09T14:31:00,25858.0,25858.55,25852.95,25854.65,484366
1770627720,2026-02-09T14:32:00,25855.25,25855.95,25851.25,25853.05,686236
1770627780,2026-02-09T14:33:00,25853.55,25856.0,25849.45,25854.55,852043
1770627840,2026-02-09T14:34:00,25855.8,25857.3,25850.8,25852.35,577105
1770627900,2026-02-09T14:35:00,25852.4,25856.55,25851.55,25854.3,786053
1770627960,2026-02-09T14:36:00,25855.25,25856.65,25852.95,25854.9,817712
1770628020,2026-02-09T14:37:00,25856.6,25856.85,25851.25,25851.25,705667
1770628080,2026-02-09T14:38:00,25852.55,25852.55,25847.2,25850.75,746902
1770628140,2026-02-09T14:39:00,25851.2,25852.6,25848.4,25850.0,599348
1770628200,2026-02-09T14:40:00,25850.15,25851.15,25847.95,25848.05,636431
1770628260,2026-02-09T14:41:00,25848.9,25849.6,25840.4,25841.1,1149126
1770628320,2026-02-09T14:42:00,25842.85,25845.55,25840.35,25843.85,794093
1770628380,2026-02-09T14:43:00,25845.05,25848.05,25843.2,25845.1,647607
1770628440,2026-02-09T14:44:00,25846.4,25846.55,25843.0,25843.8,619707
1770628500,2026-02-09T14:45:00,25844.95,25847.05,25843.1,25846.0,1335862
1770628560,2026-02-09T14:46:00,25847.2,25847.95,25844.55,25846.4,753431
1770628620,2026-02-09T14:47:00,25847.5,25851.3,25845.9,25850.0,871942
1770628680,2026-02-09T14:48:00,25851.2,25857.8,25850.8,25856.8,772300
1770628740,2026-02-09T14:49:00,25857.95,25858.2,25851.25,25851.55,1184953
1770628800,2026-02-09T14:50:00,25853.05,25856.6,25851.8,25855.25,1068018
1770628860,2026-02-09T14:51:00,25856.5,25858.15,25851.4,25852.3,915268
1770628920,2026-02-09T14:52:00,25853.2,25855.95,25848.8,25848.8,982364
1770628980,2026-02-09T14:53:00,25850.7,25851.0,25836.25,25842.25,1335862
1770629040,2026-02-09T14:54:00,25843.9,25851.0,25841.85,25848.5,1416082
1770629100,2026-02-09T14:55:00,25850.25,25854.25,25849.45,25850.3,730766
1770629160,2026-02-09T14:56:00,25851.4,25855.3,25848.35,25853.85,785880
1770629220,2026-02-09T14:57:00,25855.15,25860.1,25854.45,25859.55,1287372
1770629280,2026-02-09T14:58:00,25861.3,25861.3,25854.25,25856.3,941607
1770629340,2026-02-09T14:59:00,25857.25,25859.25,25854.95,25858.05,956583
1770629400,2026-02-09T15:00:00,25860.5,25865.25,25859.35,25861.7,2352216
1770629460,2026-02-09T15:01:00,25863.4,25867.1,25860.75,25866.25,1361423
1770629520,2026-02-09T15:02:00,25866.85,25868.15,25861.7,25862.05,1686052
1770629580,2026-02-09T15:03:00,25862.85,25865.85,25860.25,25865.4,1412127
1770629640,2026-02-09T15:04:00,25866.2,25869.85,25864.65,25868.85,1239888
1770629700,2026-02-09T15:05:00,25869.45,25871.9,25867.75,25870.45,1415359
1770629760,2026-02-09T15:06:00,25870.7,25875.4,25869.65,25871.9,1705271
1770629820,2026-02-09T15:07:00,25872.3,25874.15,25867.95,25871.65,2345593
1770629880,2026-02-09T15:08:00,25872.35,25872.75,25867.55,25870.45,1560343
1770629940,2026-02-09T15:09:00,25871.7,25873.3,25869.85,25870.25,1358446
1770630000,2026-02-09T15:10:00,25870.85,25875.85,25869.0,25870.1,1906614
1770630060,2026-02-09T15:11:00,25870.6,25870.95,25862.5,25864.05,1528985
1770630120,2026-02-09T15:12:00,25864.5,25866.15,25863.5,25863.65,1396833
1770630180,2026-02-09T15:13:00,25864.45,25866.0,25863.05,25863.7,1366735
1770630240,2026-02-09T15:14:00,25865.75,25867.85,25863.8,25866.3,1532705
1770630300,2026-02-09T15:15:00,25866.55,25867.7,25863.85,25867.55,2010894
1770630360,2026-02-09T15:16:00,25867.0,25868.5,25863.45,25867.75,1639830
1770630420,2026-02-09T15:17:00,25867.55,25870.1,25866.6,25869.5,1506406
1770630480,2026-02-09T15:18:00,25869.15,25870.25,25865.0,25867.15,2124862
1770630540,2026-02-09T15:19:00,25866.75,25869.15,25865.8,25868.65,1595424
1770630600,2026-02-09T15:20:00,25869.55,25870.05,25866.55,25869.85,1951305
1770630660,2026-02-09T15:21:00,25869.15,25870.55,25865.6,25868.1,2380200
1770630720,2026-02-09T15:22:00,25869.1,25870.4,25865.85,25868.65,1482563
1770630780,2026-02-09T15:23:00,25868.95,25869.65,25865.6,25868.5,1681149
1770630840,2026-02-09T15:24:00,25867.35,25869.5,25861.15,25864.0,2248298
1770630900,2026-02-09T15:25:00,25864.85,25866.65,25857.75,25859.65,2578541
1770630960,2026-02-09T15:26:00,25861.2,25864.65,25859.0,25861.7,1760630
1770631020,2026-02-09T15:27:00,25862.45,25870.1,25859.7,25866.85,2239618
1770631080,2026-02-09T15:28:00,25866.2,25868.6,25861.45,25867.35,1805361
1770631140,2026-02-09T15:29:00,25866.85,25867.45,25856.85,25863.3,1063726
1770695100,2026-02-10T09:15:00,25922.65,25928.2,25870.45,25910.1,7877366
1770695160,2026-02-10T09:16:00,25909.85,25934.95,25906.4,25931.0,3126384
1770695220,2026-02-10T09:17:00,25928.55,25932.05,25919.25,25919.25,2491647
1770695280,2026-02-10T09:18:00,25918.55,25928.45,25918.55,25926.6,2214452
1770695340,2026-02-10T09:19:00,25926.3,25930.0,25915.7,25918.05,1749936
1770695400,2026-02-10T09:20:00,25918.1,25922.1,25909.5,25910.5,1827323
1770695460,2026-02-10T09:21:00,25911.25,25911.25,25903.4,25905.25,1661434
1770695520,2026-02-10T09:22:00,25905.65,25910.85,25904.15,25904.15,2314521
1770695580,2026-02-10T09:23:00,25904.85,25905.05,25894.15,25904.1,2187348
1770695640,2026-02-10T09:24:00,25903.7,25915.9,25903.5,25915.55,1571248
1770695700,2026-02-10T09:25:00,25914.9,25915.1,25910.0,25912.1,3444593
1770695760,2026-02-10T09:26:00,25912.15,25921.6,25907.7,25918.55,1266252
1770695820,2026-02-10T09:27:00,25919.05,25921.2,25913.95,25918.1,1177800
1770695880,2026-02-10T09:28:00,25919.0,25924.75,25917.45,25920.1,1283077
1770695940,2026-02-10T09:29:00,25918.7,25920.2,25912.15,25917.6,1371213
1770696000,2026-02-10T09:30:00,25918.2,25922.3,25916.85,25917.5,1504152
1770696060,2026-02-10T09:31:00,25918.1,25921.5,25910.3,25911.4,1257281
1770696120,2026-02-10T09:32:00,25912.0,25921.6,25909.65,25921.6,2040721
1770696180,2026-02-10T09:33:00,25921.8,25936.55,25918.85,25936.55,2008860
1770696240,2026-02-10T09:34:00,25936.1,25943.75,25935.4,25943.75,2396181
1770696300,2026-02-10T09:35:00,25943.3,25949.0,25942.35,25947.55,1976577
1770696360,2026-02-10T09:36:00,25946.8,25948.35,25943.4,25947.0,1535229
1770696420,2026-02-10T09:37:00,25946.55,25946.55,25937.95,25940.3,1302776
1770696480,2026-02-10T09:38:00,25940.2,25944.0,25938.15,25943.05,2236736
1770696540,2026-02-10T09:39:00,25942.6,25943.5,25936.7,25941.05,1474075
1770696600,2026-02-10T09:40:00,25941.15,25944.5,25939.8,25944.5,1450632
1770696660,2026-02-10T09:41:00,25944.75,25949.05,25942.0,25948.5,1031398
1770696720,2026-02-10T09:42:00,25948.8,25953.2,25945.25,25950.45,1545121
1770696780,2026-02-10T09:43:00,25950.0,25951.35,25945.95,25949.05,1298858
1770696840,2026-02-10T09:44:00,25948.45,25950.4,25946.6,25949.4,1327198
1770696900,2026-02-10T09:45:00,25949.65,25952.3,25947.35,25949.7,3559692
1770696960,2026-02-10T09:46:00,25949.45,25956.85,25947.95,25954.55,2358887
1770697020,2026-02-10T09:47:00,25954.15,25959.9,25952.95,25959.5,1711498
1770697080,2026-02-10T09:48:00,25959.0,25962.3,25956.45,25957.65,1559390
1770697140,2026-02-10T09:49:00,25957.7,25959.8,25947.05,25948.2,1494382
1770697200,2026-02-10T09:50:00,25948.15,25948.25,25941.2,25943.05,1112061
1770697260,2026-02-10T09:51:00,25943.55,25950.8,25943.05,25950.6,1331306
1770697320,2026-02-10T09:52:00,25951.0,25952.0,25948.4,25950.25,1105307
1770697380,2026-02-10T09:53:00,25949.9,25950.2,25939.3,25942.0,1168348
1770697440,2026-02-10T09:54:00,25940.6,25941.2,25929.95,25932.6,1007474
1770697500,2026-02-10T09:55:00,25932.2,25936.8,25928.8,25936.8,1194758
1770697560,2026-02-10T09:56:00,25936.6,25949.1,25935.2,25949.1,911634
1770697620,2026-02-10T09:57:00,25948.5,25949.45,25942.55,25944.65,1257200
1770697680,2026-02-10T09:58:00,25943.95,25947.8,25942.35,25947.7,1363280
1770697740,2026-02-10T09:59:00,25947.6,25951.05,25944.0,25949.5,1328316
1770697800,2026-02-10T10:00:00,25948.7,25955.95,25948.7,25955.45,2138813
1770697860,2026-02-10T10:01:00,25954.9,25955.85,25945.7,25946.6,1173677
1770697920,2026-02-10T10:02:00,25946.5,25955.95,25943.95,25955.6,1602386
1770697980,2026-02-10T10:03:00,25955.25,25958.45,25953.15,25956.85,1375052
1770698040,2026-02-10T10:04:00,25956.0,25957.25,25953.75,25954.9,1172033
1770698100,2026-02-10T10:05:00,25954.95,25957.7,25952.65,25954.5,1425180
1770698160,2026-02-10T10:06:00,25954.3,25963.45,25952.15,25961.55,2197407
1770698220,2026-02-10T10:07:00,25961.7,25965.7,25958.95,25959.85,1601019
1770698280,2026-02-10T10:08:00,25959.55,25959.75,25951.7,25955.25,1456434
1770698340,2026-02-10T10:09:00,25955.2,25955.2,25948.2,25952.0,913944
1770698400,2026-02-10T10:10:00,25951.6,25953.2,25948.7,25950.9,1845102
1770698460,2026-02-10T10:11:00,25949.65,25949.95,25945.95,25947.7,1182997
1770698520,2026-02-10T10:12:00,25947.1,25952.8,25940.25,25952.8,2585437
1770698580,2026-02-10T10:13:00,25952.25,25953.75,25941.95,25945.8,2845878
1770698640,2026-02-10T10:14:00,25944.85,25947.25,25941.3,25944.35,1087635
1770698700,2026-02-10T10:15:00,25944.4,25953.0,25942.0,25952.75,1407054
1770698760,2026-02-10T10:16:00,25952.8,25963.65,25952.05,25963.65,2443497
1770698820,2026-02-10T10:17:00,25963.8,25964.95,25958.8,25962.25,1949197
1770698880,2026-02-10T10:18:00,25961.4,25967.6,25961.35,25967.25,1145087
1770698940,2026-02-10T10:19:00,25967.45,25971.85,25965.15,25966.0,4514127
1770699000,2026-02-10T10:20:00,25965.7,25966.15,25959.05,25960.95,1647712
1770699060,2026-02-10T10:21:00,25960.8,25964.8,25959.15,25960.2,1323423
1770699120,2026-02-10T10:22:00,25960.4,25965.05,25958.8,25963.75,4773006
1770699180,2026-02-10T10:23:00,25963.6,25964.35,25961.1,25963.75,723060
1770699240,2026-02-10T10:24:00,25963.3,25964.25,25958.75,25964.25,974228
1770699300,2026-02-10T10:25:00,25963.95,25966.3,25961.65,25966.15,844287
1770699360,2026-02-10T10:26:00,25965.8,25968.75,25964.3,25966.2,777834
1770699420,2026-02-10T10:27:00,25966.5,25968.0,25962.6,25964.1,537693
1770699480,2026-02-10T10:28:00,25963.7,25966.5,25961.75,25966.15,859876
1770699540,2026-02-10T10:29:00,25965.45,25965.95,25962.05,25963.4,774041
1770699600,2026-02-10T10:30:00,25963.5,25965.95,25962.05,25965.95,571770
1770699660,2026-02-10T10:31:00,25964.65,25970.9,25963.3,25966.45,1245289
1770699720,2026-02-10T10:32:00,25966.55,25970.1,25964.8,25970.1,1185138
1770699780,2026-02-10T10:33:00,25970.1,25976.15,25968.1,25976.05,1212358
1770699840,2026-02-10T10:34:00,25975.3,25978.9,25973.95,25976.75,706224
1770699900,2026-02-10T10:35:00,25976.2,25978.15,25973.25,25974.45,1007814
1770699960,2026-02-10T10:36:00,25973.95,25975.15,25971.25,25974.85,1131167
1770700020,2026-02-10T10:37:00,25975.0,25976.7,25972.5,25976.1,954280
1770700080,2026-02-10T10:38:00,25975.7,25976.5,25968.4,25971.15,858957
1770700140,2026-02-10T10:39:00,25970.35,25974.25,25968.4,25969.15,1048040
1770700200,2026-02-10T10:40:00,25969.7,25970.95,25958.4,25959.85,1069574
1770700260,2026-02-10T10:41:00,25959.1,25960.45,25951.35,25957.55,1195941
1770700320,2026-02-10T10:42:00,25958.35,25963.4,25957.65,25960.3,865376
1770700380,2026-02-10T10:43:00,25960.85,25961.5,25956.55,25960.4,1421741
1770700440,2026-02-10T10:44:00,25961.15,25962.6,25956.9,25960.7,784053
1770700500,2026-02-10T10:45:00,25960.15,25964.0,25954.35,25961.65,1031973
1770700560,2026-02-10T10:46:00,25961.75,25967.85,25960.5,25967.4,764351
1770700620,2026-02-10T10:47:00,25967.15,25971.7,25965.05,25971.7,809417
1770700680,2026-02-10T10:48:00,25971.25,25971.7,25967.4,25968.25,918758
1770700740,2026-02-10T10:49:00,25968.0,25968.0,25957.1,25959.4,1035726
1770700800,2026-02-10T10:50:00,25960.0,25969.5,25958.5,25968.6,1008863
1770700860,2026-02-10T10:51:00,25968.8,25969.3,25960.35,25960.55,648965
1770700920,2026-02-10T10:52:00,25960.65,25961.3,25955.95,25956.7,655464
1770700980,2026-02-10T10:53:00,25956.5,25960.15,25954.8,25958.65,664052
1770701040,2026-02-10T10:54:00,25959.7,25960.65,25956.55,25957.85,557337
1770701100,2026-02-10T10:55:00,25958.3,25961.0,25956.9,25960.05,747372
1770701160,2026-02-10T10:56:00,25960.0,25964.3,25958.4,25963.7,631592
1770701220,2026-02-10T10:57:00,25963.75,25963.75,25955.3,25958.65,814061
1770701280,2026-02-10T10:58:00,25958.0,25958.75,25955.4,25958.15,633831
1770701340,2026-02-10T10:59:00,25958.2,25963.25,25957.4,25959.6,1624442
1770701400,2026-02-10T11:00:00,25959.3,25961.0,25955.1,25960.25,1400304
1770701460,2026-02-10T11:01:00,25960.3,25963.95,25960.1,25963.4,706494
1770701520,2026-02-10T11:02:00,25962.9,25968.4,25962.0,25967.3,681295
1770701580,2026-02-10T11:03:00,25967.0,25969.3,25964.55,25966.8,584010
1770701640,2026-02-10T11:04:00,25966.15,25967.7,25962.45,25964.6,625396
1770701700,2026-02-10T11:05:00,25964.6,25967.4,25963.45,25965.35,657734
1770701760,2026-02-10T11:06:00,25965.7,25969.8,25964.4,25969.15,1011112
1770701820,2026-02-10T11:07:00,25969.1,25969.9,25962.85,25966.0,659192
1770701880,2026-02-10T11:08:00,25965.75,25967.15,25964.35,25967.15,844647
1770701940,2026-02-10T11:09:00,25966.9,25966.9,25960.25,25961.9,632231
1770702000,2026-02-10T11:10:00,25961.55,25963.8,25959.15,25962.25,735469
1770702060,2026-02-10T11:11:00,25961.45,25962.55,25958.3,25962.35,1891629
1770702120,2026-02-10T11:12:00,25962.65,25963.5,25955.75,25957.4,778928
1770702180,2026-02-10T11:13:00,25957.5,25961.2,25956.35,25960.15,1174152
1770702240,2026-02-10T11:14:00,25960.35,25961.65,25957.15,25959.65,846840
1770702300,2026-02-10T11:15:00,25960.05,25964.4,25959.55,25962.85,1466366
1770702360,2026-02-10T11:16:00,25962.7,25963.65,25960.75,25962.35,982528
1770702420,2026-02-10T11:17:00,25962.3,25962.35,25956.55,25959.05,662448
1770702480,2026-02-10T11:18:00,25959.95,25961.35,25956.55,25957.05,963023
1770702540,2026-02-10T11:19:00,25957.1,25959.55,25954.6,25959.15,622220
1770702600,2026-02-10T11:20:00,25959.25,25959.9,25956.05,25956.85,723961
1770702660,2026-02-10T11:21:00,25957.1,25960.35,25955.4,25958.65,1806442
1770702720,2026-02-10T11:22:00,25958.9,25961.9,25956.95,25959.4,1643056
1770702780,2026-02-10T11:23:00,25959.0,25959.0,25952.3,25953.8,1436236
1770702840,2026-02-10T11:24:00,25954.15,25956.1,25951.3,25952.45,968167
1770702900,2026-02-10T11:25:00,25952.45,25953.4,25947.7,25950.9,1088495
1770702960,2026-02-10T11:26:00,25950.6,25954.4,25947.3,25954.4,798651
1770703020,2026-02-10T11:27:00,25954.95,25959.65,25953.0,25957.2,1455043
1770703080,2026-02-10T11:28:00,25956.95,25959.2,25954.75,25956.1,1293944
1770703140,2026-02-10T11:29:00,25956.15,25957.75,25949.8,25954.05,1335446
1770703200,2026-02-10T11:30:00,25953.95,25958.8,25952.9,25958.6,1249916
1770703260,2026-02-10T11:31:00,25958.05,25959.3,25955.85,25958.7,915555
1770703320,2026-02-10T11:32:00,25959.05,25960.0,25956.4,25958.35,1313678
1770703380,2026-02-10T11:33:00,25959.4,25961.2,25954.55,25956.05,1373000
1770703440,2026-02-10T11:34:00,25955.2,25957.75,25954.0,25956.35,855120
1770703500,2026-02-10T11:35:00,25956.45,25960.95,25954.6,25958.35,2092581
1770703560,2026-02-10T11:36:00,25958.75,25960.45,25948.3,25950.8,1288837
1770703620,2026-02-10T11:37:00,25950.3,25950.6,25941.9,25943.6,874408
1770703680,2026-02-10T11:38:00,25942.95,25951.65,25942.45,25950.95,1086515
1770703740,2026-02-10T11:39:00,25950.85,25954.55,25950.0,25953.3,1167953
1770703800,2026-02-10T11:40:00,25953.45,25954.55,25951.1,25952.25,856282
1770703860,2026-02-10T11:41:00,25952.65,25954.5,25949.1,25951.45,653838
1770703920,2026-02-10T11:42:00,25950.35,25951.5,25945.55,25948.15,2813465
1770703980,2026-02-10T11:43:00,25948.0,25951.9,25943.7,25950.35,1523305
1770704040,2026-02-10T11:44:00,25950.45,25951.0,25947.35,25950.9,892460
1770704100,2026-02-10T11:45:00,25951.35,25952.45,25947.25,25951.15,1728200
1770704160,2026-02-10T11:46:00,25950.85,25955.3,25950.45,25951.1,1038318
1770704220,2026-02-10T11:47:00,25951.1,25951.45,25946.15,25946.15,1123689
1770704280,2026-02-10T11:48:00,25946.3,25949.1,25943.95,25948.15,865793
1770704340,2026-02-10T11:49:00,25947.9,25950.75,25946.75,25949.3,670884
1770704400,2026-02-10T11:50:00,25949.05,25949.5,25944.95,25946.2,722343
1770704460,2026-02-10T11:51:00,25946.1,25947.4,25944.25,25945.8,717705
1770704520,2026-02-10T11:52:00,25946.0,25951.8,25945.35,25951.35,798275
1770704580,2026-02-10T11:53:00,25951.55,25958.85,25950.9,25958.85,852535
1770704640,2026-02-10T11:54:00,25958.9,25961.2,25957.6,25960.05,478930
1770704700,2026-02-10T11:55:00,25960.1,25960.1,25956.25,25956.6,482569
1770704760,2026-02-10T11:56:00,25956.3,25958.3,25952.7,25956.65,635570
1770704820,2026-02-10T11:57:00,25956.25,25958.35,25953.0,25957.65,524847
1770704880,2026-02-10T11:58:00,25957.35,25959.5,25955.05,25957.5,610883
1770704940,2026-02-10T11:59:00,25957.45,25963.7,25957.4,25961.75,667735
1770705000,2026-02-10T12:00:00,25961.9,25965.4,25959.9,25963.5,674634
1770705060,2026-02-10T12:01:00,25962.95,25963.4,25960.15,25961.8,641387
1770705120,2026-02-10T12:02:00,25961.65,25963.65,25958.15,25960.7,919273
1770705180,2026-02-10T12:03:00,25958.9,25962.8,25958.9,25961.85,440439
1770705240,2026-02-10T12:04:00,25959.15,25964.45,25958.45,25964.35,519987
1770705300,2026-02-10T12:05:00,25963.35,25963.95,25960.3,25960.6,1631204
1770705360,2026-02-10T12:06:00,25960.4,25962.1,25955.65,25957.55,1296469
1770705420,2026-02-10T12:07:00,25956.05,25959.15,25955.75,25957.55,1469202
1770705480,2026-02-10T12:08:00,25956.65,25960.35,25956.3,25960.05,1257493
1770705540,2026-02-10T12:09:00,25958.2,25958.6,25950.65,25954.4,2761770
1770705600,2026-02-10T12:10:00,25953.95,25955.8,25952.25,25955.3,511407
1770705660,2026-02-10T12:11:00,25955.45,25956.0,25952.75,25955.6,892598
1770705720,2026-02-10T12:12:00,25954.3,25960.0,25954.3,25958.3,2052284
1770705780,2026-02-10T12:13:00,25956.85,25964.15,25956.75,25963.45,1393683
1770705840,2026-02-10T12:14:00,25961.05,25964.2,25960.85,25963.65,636983
1770705900,2026-02-10T12:15:00,25964.35,25964.55,25961.3,25962.6,935742
1770705960,2026-02-10T12:16:00,25962.25,25966.55,25960.9,25965.75,598467
1770706020,2026-02-10T12:17:00,25964.65,25969.55,25964.25,25969.3,2044143
1770706080,2026-02-10T12:18:00,25967.15,25969.8,25966.25,25967.45,1398915
1770706140,2026-02-10T12:19:00,25966.1,25968.35,25965.25,25968.0,824972
1770706200,2026-02-10T12:20:00,25967.55,25968.6,25962.85,25964.65,1021157
1770706260,2026-02-10T12:21:00,25964.0,25965.3,25956.45,25958.45,871299
1770706320,2026-02-10T12:22:00,25956.75,25964.0,25956.75,25962.05,1023232
1770706380,2026-02-10T12:23:00,25959.85,25962.7,25957.3,25960.35,1008898
1770706440,2026-02-10T12:24:00,25958.0,25960.15,25956.0,25959.65,1465917
1770706500,2026-02-10T12:25:00,25959.2,25959.8,25955.05,25957.2,774042
1770706560,2026-02-10T12:26:00,25956.65,25957.65,25952.65,25956.4,990084
1770706620,2026-02-10T12:27:00,25955.1,25958.55,25954.25,25955.85,793406
1770706680,2026-02-10T12:28:00,25955.15,25958.5,25954.45,25958.3,579720
1770706740,2026-02-10T12:29:00,25956.85,25958.95,25955.25,25956.8,538782
1770706800,2026-02-10T12:30:00,25956.4,25958.45,25954.0,25955.85,906924
1770706860,2026-02-10T12:31:00,25956.25,25957.75,25952.2,25957.75,1082238
1770706920,2026-02-10T12:32:00,25956.55,25959.35,25954.55,25955.85,648127
1770706980,2026-02-10T12:33:00,25954.75,25958.05,25953.9,25956.15,590264
1770707040,2026-02-10T12:34:00,25954.25,25957.5,25954.15,25956.25,781039
1770707100,2026-02-10T12:35:00,25956.05,25957.75,25954.5,25955.8,561009
1770707160,2026-02-10T12:36:00,25955.65,25957.55,25952.8,25954.65,734012
1770707220,2026-02-10T12:37:00,25952.2,25956.6,25952.2,25954.1,631109
1770707280,2026-02-10T12:38:00,25952.8,25955.2,25951.0,25953.15,552958
1770707340,2026-02-10T12:39:00,25950.85,25957.95,25950.85,25957.95,561864
1770707400,2026-02-10T12:40:00,25958.0,25958.45,25955.5,25957.15,800957
1770707460,2026-02-10T12:41:00,25958.1,25960.35,25956.5,25960.25,660082
1770707520,2026-02-10T12:42:00,25959.0,25961.9,25958.65,25961.9,1121448
1770707580,2026-02-10T12:43:00,25960.95,25961.75,25956.3,25961.15,738489
1770707640,2026-02-10T12:44:00,25960.5,25965.0,25960.05,25964.7,727312
1770707700,2026-02-10T12:45:00,25964.55,25970.0,25963.7,25970.0,650699
1770707760,2026-02-10T12:46:00,25969.8,25972.2,25968.05,25971.95,1078155
1770707820,2026-02-10T12:47:00,25970.3,25975.05,25969.8,25974.8,706744
1770707880,2026-02-10T12:48:00,25973.35,25985.3,25972.15,25984.6,1157806
1770707940,2026-02-10T12:49:00,25983.35,25984.9,25980.3,25984.15,726170
1770708000,2026-02-10T12:50:00,25983.15,25985.55,25982.15,25984.5,1005243
1770708060,2026-02-10T12:51:00,25984.2,25989.35,25983.25,25987.85,916562
1770708120,2026-02-10T12:52:00,25987.4,25989.45,25981.8,25983.05,1291803
1770708180,2026-02-10T12:53:00,25982.05,25983.6,25977.95,25980.3,716892
1770708240,2026-02-10T12:54:00,25978.25,25982.35,25977.05,25979.05,824581
1770708300,2026-02-10T12:55:00,25979.4,25981.35,25976.4,25978.25,817953
1770708360,2026-02-10T12:56:00,25980.65,25984.05,25976.15,25982.5,2095538
1770708420,2026-02-10T12:57:00,25980.75,25983.4,25978.95,25982.35,940539
1770708480,2026-02-10T12:58:00,25980.7,25985.7,25979.6,25981.0,836245
1770708540,2026-02-10T12:59:00,25979.4,25981.1,25972.15,25973.45,1475046
1770708600,2026-02-10T13:00:00,25972.45,25974.85,25962.2,25964.7,1995321
1770708660,2026-02-10T13:01:00,25964.9,25968.0,25961.3,25961.9,1212803
1770708720,2026-02-10T13:02:00,25961.6,25965.05,25956.8,25961.0,1427808
1770708780,2026-02-10T13:03:00,25960.15,25961.9,25958.95,25961.9,626244
1770708840,2026-02-10T13:04:00,25959.75,25966.2,25959.5,25966.2,1009903
1770708900,2026-02-10T13:05:00,25965.3,25971.1,25962.45,25971.05,1001584
1770708960,2026-02-10T13:06:00,25971.25,25977.4,25970.15,25977.4,947370
1770709020,2026-02-10T13:07:00,25977.2,25978.75,25972.05,25974.15,1119855
1770709080,2026-02-10T13:08:00,25973.5,25979.5,25973.5,25977.85,845489
1770709140,2026-02-10T13:09:00,25976.9,25981.0,25974.85,25978.75,1319903
1770709200,2026-02-10T13:10:00,25978.7,25980.3,25970.8,25976.45,1481978
1770709260,2026-02-10T13:11:00,25976.15,25977.8,25973.8,25975.35,659496
1770709320,2026-02-10T13:12:00,25975.75,25980.1,25975.75,25979.25,912612
1770709380,2026-02-10T13:13:00,25977.8,25979.85,25973.75,25977.35,528003
1770709440,2026-02-10T13:14:00,25974.8,25978.2,25974.8,25977.75,738935
1770709500,2026-02-10T13:15:00,25978.0,25981.45,25976.4,25980.6,749843
1770709560,2026-02-10T13:16:00,25980.5,25982.25,25976.0,25977.75,740192
1770709620,2026-02-10T13:17:00,25976.45,25976.75,25964.45,25965.95,1159954
1770709680,2026-02-10T13:18:00,25964.65,25965.7,25957.3,25958.6,1244880
1770709740,2026-02-10T13:19:00,25956.85,25956.85,25947.5,25948.4,1325479
1770709800,2026-02-10T13:20:00,25948.6,25951.05,25946.05,25949.15,705914
1770709860,2026-02-10T13:21:00,25949.0,25951.25,25946.05,25948.25,798394
1770709920,2026-02-10T13:22:00,25946.85,25948.0,25934.9,25936.3,933672
1770709980,2026-02-10T13:23:00,25935.1,25936.65,25927.45,25933.25,827946
1770710040,2026-02-10T13:24:00,25931.65,25933.8,25928.85,25931.85,907985
1770710100,2026-02-10T13:25:00,25932.1,25939.8,25929.9,25939.6,1036019
1770710160,2026-02-10T13:26:00,25939.5,25946.6,25937.85,25946.6,497269
1770710220,2026-02-10T13:27:00,25945.15,25951.95,25944.6,25951.65,697051
1770710280,2026-02-10T13:28:00,25949.85,25950.4,25946.1,25947.65,856762
1770710340,2026-02-10T13:29:00,25945.6,25947.85,25936.15,25938.1,693108
1770710400,2026-02-10T13:30:00,25935.05,25935.65,25919.3,25919.3,913726
1770710460,2026-02-10T13:31:00,25919.05,25919.1,25911.55,25913.15,1148279
1770710520,2026-02-10T13:32:00,25912.0,25924.9,25908.85,25920.2,1211140
1770710580,2026-02-10T13:33:00,25919.1,25922.6,25915.9,25922.2,834329
1770710640,2026-02-10T13:34:00,25920.55,25923.6,25919.45,25922.9,465594
1770710700,2026-02-10T13:35:00,25921.7,25922.9,25915.85,25917.85,505873
1770710760,2026-02-10T13:36:00,25918.3,25920.2,25916.4,25919.05,628802
1770710820,2026-02-10T13:37:00,25917.75,25923.5,25915.9,25916.55,550486
1770710880,2026-02-10T13:38:00,25915.85,25922.4,25915.4,25922.4,641550
1770710940,2026-02-10T13:39:00,25919.8,25924.85,25918.5,25924.85,528600
1770711000,2026-02-10T13:40:00,25922.75,25929.1,25922.5,25927.9,651248
1770711060,2026-02-10T13:41:00,25928.1,25929.3,25925.05,25925.8,471170
1770711120,2026-02-10T13:42:00,25924.05,25924.6,25920.65,25922.6,656528
1770711180,2026-02-10T13:43:00,25921.1,25924.9,25919.9,25924.6,445222
1770711240,2026-02-10T13:44:00,25922.9,25927.25,25922.15,25927.2,432882
1770711300,2026-02-10T13:45:00,25925.05,25932.25,25924.85,25932.05,600302
1770711360,2026-02-10T13:46:00,25931.4,25932.2,25926.75,25927.8,719813
1770711420,2026-02-10T13:47:00,25927.0,25927.0,25918.35,25921.1,552767
1770711480,2026-02-10T13:48:00,25919.35,25923.4,25916.5,25917.9,953183
1770711540,2026-02-10T13:49:00,25915.95,25921.9,25915.95,25921.9,562270
1770711600,2026-02-10T13:50:00,25920.6,25925.5,25920.3,25924.3,447210
1770711660,2026-02-10T13:51:00,25924.2,25932.6,25922.25,25932.2,447648
1770711720,2026-02-10T13:52:00,25931.05,25934.65,25929.65,25933.0,612518
1770711780,2026-02-10T13:53:00,25931.6,25935.3,25930.15,25931.9,651390
1770711840,2026-02-10T13:54:00,25930.6,25936.05,25930.3,25934.1,615489
1770711900,2026-02-10T13:55:00,25933.1,25934.4,25924.95,25926.85,589166
1770711960,2026-02-10T13:56:00,25925.9,25926.55,25914.85,25917.1,603326
1770712020,2026-02-10T13:57:00,25915.1,25921.0,25912.55,25915.45,1068529
1770712080,2026-02-10T13:58:00,25913.55,25918.55,25913.4,25916.55,361059
1770712140,2026-02-10T13:59:00,25914.15,25915.7,25909.6,25910.85,591043
1770712200,2026-02-10T14:00:00,25910.35,25910.55,25903.3,25905.65,520927
1770712260,2026-02-10T14:01:00,25905.95,25906.75,25901.45,25903.1,609984
1770712320,2026-02-10T14:02:00,25901.0,25903.4,25894.65,25898.75,1016720
1770712380,2026-02-10T14:03:00,25897.35,25898.4,25893.2,25896.3,692251
1770712440,2026-02-10T14:04:00,25894.65,25902.95,25894.15,25901.7,573603
1770712500,2026-02-10T14:05:00,25900.7,25908.8,25898.3,25908.8,604120
1770712560,2026-02-10T14:06:00,25908.5,25914.5,25905.75,25910.8,1350916
1770712620,2026-02-10T14:07:00,25909.15,25921.3,25909.15,25919.9,676162
1770712680,2026-02-10T14:08:00,25918.95,25923.4,25911.25,25911.85,875719
1770712740,2026-02-10T14:09:00,25910.4,25915.65,25909.8,25911.75,594102
1770712800,2026-02-10T14:10:00,25909.65,25911.2,25906.15,25908.15,553532
1770712860,2026-02-10T14:11:00,25908.5,25908.5,25899.65,25901.85,524273
1770712920,2026-02-10T14:12:00,25900.2,25907.95,25900.2,25907.1,528899
1770712980,2026-02-10T14:13:00,25905.95,25912.2,25905.8,25912.2,506203
1770713040,2026-02-10T14:14:00,25911.35,25918.7,25909.8,25918.7,987601
1770713100,2026-02-10T14:15:00,25918.15,25924.65,25918.15,25924.65,1005190
1770713160,2026-02-10T14:16:00,25924.7,25929.7,25923.7,25929.3,824786
1770713220,2026-02-10T14:17:00,25928.75,25938.15,25928.35,25937.8,1341981
1770713280,2026-02-10T14:18:00,25937.2,25938.95,25935.85,25938.9,1099831
1770713340,2026-02-10T14:19:00,25938.0,25943.0,25937.25,25943.0,923707
1770713400,2026-02-10T14:20:00,25941.85,25943.8,25929.15,25931.3,726309
1770713460,2026-02-10T14:21:00,25931.0,25933.5,25929.0,25932.65,484170
1770713520,2026-02-10T14:22:00,25932.55,25932.55,25926.3,25928.15,754673
1770713580,2026-02-10T14:23:00,25926.8,25929.3,25919.4,25923.5,786197
1770713640,2026-02-10T14:24:00,25921.7,25927.3,25921.7,25924.65,641612
1770713700,2026-02-10T14:25:00,25923.25,25926.05,25920.95,25926.05,903774
1770713760,2026-02-10T14:26:00,25926.1,25928.9,25924.45,25927.15,481325
1770713820,2026-02-10T14:27:00,25927.6,25927.6,25919.55,25920.7,965597
1770713880,2026-02-10T14:28:00,25919.85,25923.85,25915.85,25923.85,1007494
1770713940,2026-02-10T14:29:00,25922.2,25924.6,25919.6,25921.3,512623
1770714000,2026-02-10T14:30:00,25919.15,25925.9,25919.15,25924.6,726784
1770714060,2026-02-10T14:31:00,25925.35,25925.35,25918.6,25921.3,869201
1770714120,2026-02-10T14:32:00,25921.0,25927.85,25919.3,25927.25,815063
1770714180,2026-02-10T14:33:00,25927.15,25929.0,25923.35,25926.15,611574
1770714240,2026-02-10T14:34:00,25924.15,25929.0,25922.55,25924.15,679009
1770714300,2026-02-10T14:35:00,25922.7,25926.35,25919.45,25926.35,907293
1770714360,2026-02-10T14:36:00,25925.95,25929.65,25924.45,25928.3,1451909
1770714420,2026-02-10T14:37:00,25928.4,25930.6,25924.9,25927.45,800998
1770714480,2026-02-10T14:38:00,25926.3,25927.0,25918.45,25922.15,737210
1770714540,2026-02-10T14:39:00,25920.65,25922.85,25916.2,25916.85,1122504
1770714600,2026-02-10T14:40:00,25915.3,25917.45,25912.1,25914.25,1006450
1770714660,2026-02-10T14:41:00,25914.4,25915.45,25909.85,25911.8,1739394
1770714720,2026-02-10T14:42:00,25912.15,25912.65,25907.6,25909.1,1043611
1770714780,2026-02-10T14:43:00,25907.8,25907.9,25903.85,25906.2,1294530
1770714840,2026-02-10T14:44:00,25904.85,25913.3,25904.85,25912.7,1148450
1770714900,2026-02-10T14:45:00,25911.4,25924.55,25911.2,25923.75,1214751
1770714960,2026-02-10T14:46:00,25923.6,25928.5,25921.0,25927.85,1050346
1770715020,2026-02-10T14:47:00,25927.6,25931.8,25925.5,25926.9,946150
1770715080,2026-02-10T14:48:00,25928.9,25932.4,25922.55,25926.1,2089192
1770715140,2026-02-10T14:49:00,25925.85,25929.25,25923.05,25928.7,1017863
1770715200,2026-02-10T14:50:00,25926.45,25929.25,25925.5,25927.0,960205
1770715260,2026-02-10T14:51:00,25927.15,25932.45,25923.7,25932.45,960275
1770715320,2026-02-10T14:52:00,25931.85,25935.25,25929.75,25933.65,1254688
1770715380,2026-02-10T14:53:00,25933.25,25937.85,25930.85,25934.35,967206
1770715440,2026-02-10T14:54:00,25933.65,25937.3,25931.6,25935.35,1003528
1770715500,2026-02-10T14:55:00,25935.75,25936.8,25932.7,25933.8,885972
1770715560,2026-02-10T14:56:00,25933.55,25936.7,25930.9,25936.15,927299
1770715620,2026-02-10T14:57:00,25935.9,25939.85,25934.75,25938.2,843444
1770715680,2026-02-10T14:58:00,25938.0,25939.8,25936.75,25939.55,955037
1770715740,2026-02-10T14:59:00,25939.45,25944.4,25938.35,25941.45,962321
1770715800,2026-02-10T15:00:00,25943.0,25952.5,25939.95,25943.0,3475423
1770715860,2026-02-10T15:01:00,25943.8,25964.9,25943.15,25964.1,2824017
1770715920,2026-02-10T15:02:00,25965.0,25967.4,25951.45,25953.4,2085990
1770715980,2026-02-10T15:03:00,25952.25,25953.6,25940.85,25951.7,2764675
1770716040,2026-02-10T15:04:00,25951.75,25953.5,25948.3,25951.4,3288691
1770716100,2026-02-10T15:05:00,25953.25,25957.6,25947.3,25950.65,2688531
1770716160,2026-02-10T15:06:00,25951.3,25951.8,25931.35,25931.8,3894538
1770716220,2026-02-10T15:07:00,25934.5,25945.55,25930.85,25942.45,3402776
1770716280,2026-02-10T15:08:00,25943.7,25962.3,25942.7,25962.3,3016041
1770716340,2026-02-10T15:09:00,25961.9,25963.25,25956.95,25958.1,3396805
1770716400,2026-02-10T15:10:00,25958.85,25960.2,25939.55,25941.2,3067567
1770716460,2026-02-10T15:11:00,25941.05,25942.35,25933.6,25942.35,2348260
1770716520,2026-02-10T15:12:00,25943.05,25945.1,25936.25,25937.85,2332278
1770716580,2026-02-10T15:13:00,25937.9,25937.9,25931.5,25933.8,1987742
1770716640,2026-02-10T15:14:00,25933.8,25934.8,25931.65,25933.95,2152374
1770716700,2026-02-10T15:15:00,25934.3,25934.3,25927.2,25927.75,2193304
1770716760,2026-02-10T15:16:00,25929.05,25936.15,25925.35,25933.65,2469706
1770716820,2026-02-10T15:17:00,25936.0,25937.05,25919.8,25920.8,2422660
1770716880,2026-02-10T15:18:00,25922.75,25922.75,25914.55,25917.6,2485820
1770716940,2026-02-10T15:19:00,25918.3,25921.65,25916.3,25919.3,2134592
1770717000,2026-02-10T15:20:00,25919.15,25919.15,25914.1,25916.1,2131254
1770717060,2026-02-10T15:21:00,25916.55,25917.55,25913.05,25915.95,2331563
1770717120,2026-02-10T15:22:00,25916.9,25922.0,25914.0,25914.3,1723206
1770717180,2026-02-10T15:23:00,25915.65,25916.05,25912.65,25914.4,1953028
1770717240,2026-02-10T15:24:00,25914.75,25914.85,25909.75,25911.55,2770122
1770717300,2026-02-10T15:25:00,25911.55,25913.45,25906.05,25910.9,2506434
1770717360,2026-02-10T15:26:00,25911.2,25915.2,25907.6,25915.15,1644884
1770717420,2026-02-10T15:27:00,25915.45,25919.25,25913.6,25915.8,1958709
1770717480,2026-02-10T15:28:00,25911.45,25918.05,25910.15,25915.05,1595531
1770717540,2026-02-10T15:29:00,25915.75,25918.6,25909.35,25916.8,1168474
1770781500,2026-02-11T09:15:00,25997.45,26009.4,25942.45,25976.05,6435249
1770781560,2026-02-11T09:16:00,25976.85,25985.05,25971.9,25983.25,3568771
1770781620,2026-02-11T09:17:00,25981.1,25998.45,25981.1,25994.45,2659015
1770781680,2026-02-11T09:18:00,25996.8,25999.9,25988.6,25994.6,2258350
1770781740,2026-02-11T09:19:00,25994.65,25994.95,25982.05,25985.0,2120162
1770781800,2026-02-11T09:20:00,25984.95,25988.6,25975.8,25977.85,2278089
1770781860,2026-02-11T09:21:00,25978.9,25990.3,25978.9,25989.2,1868556
1770781920,2026-02-11T09:22:00,25989.4,25993.2,25986.2,25987.55,1661066
1770781980,2026-02-11T09:23:00,25987.35,25988.15,25982.15,25984.3,1460465
1770782040,2026-02-11T09:24:00,25984.25,25986.7,25978.45,25980.7,1409023
1770782100,2026-02-11T09:25:00,25980.85,25988.1,25975.6,25983.75,1257061
1770782160,2026-02-11T09:26:00,25982.2,25986.9,25980.6,25982.15,1210996
1770782220,2026-02-11T09:27:00,25982.15,25984.5,25978.25,25980.95,1096951
1770782280,2026-02-11T09:28:00,25981.25,25982.5,25977.65,25981.3,1006309
1770782340,2026-02-11T09:29:00,25981.45,25984.4,25979.2,25980.6,1151690
1770782400,2026-02-11T09:30:00,25980.1,25984.55,25974.3,25977.2,1649831
1770782460,2026-02-11T09:31:00,25975.9,25977.0,25970.8,25971.65,1533407
1770782520,2026-02-11T09:32:00,25971.95,25973.55,25961.8,25966.85,1332965
1770782580,2026-02-11T09:33:00,25965.75,25967.1,25955.15,25957.95,1215778
1770782640,2026-02-11T09:34:00,25957.4,25961.0,25954.75,25955.35,1254503
1770782700,2026-02-11T09:35:00,25955.15,25960.75,25952.05,25953.0,1594848
1770782760,2026-02-11T09:36:00,25952.55,25953.85,25945.55,25950.35,1104557
1770782820,2026-02-11T09:37:00,25950.8,25954.0,25947.35,25948.35,844797
1770782880,2026-02-11T09:38:00,25948.5,25948.8,25932.75,25941.6,1083896
1770782940,2026-02-11T09:39:00,25941.75,25942.15,25932.15,25933.6,853281
1770783000,2026-02-11T09:40:00,25932.4,25934.8,25923.7,25924.0,877854
1770783060,2026-02-11T09:41:00,25924.45,25933.55,25923.5,25931.85,905345
1770783120,2026-02-11T09:42:00,25930.65,25936.0,25926.4,25931.5,762282
1770783180,2026-02-11T09:43:00,25932.6,25934.25,25928.6,25931.8,712302
1770783240,2026-02-11T09:44:00,25930.85,25939.4,25930.85,25937.85,864801
1770783300,2026-02-11T09:45:00,25937.8,25938.95,25933.6,25934.75,816611
1770783360,2026-02-11T09:46:00,25934.8,25945.25,25934.8,25939.9,943901
1770783420,2026-02-11T09:47:00,25939.6,25942.6,25935.45,25939.0,616985
1770783480,2026-02-11T09:48:00,25938.15,25943.4,25935.1,25935.45,562399
1770783540,2026-02-11T09:49:00,25935.95,25937.7,25929.85,25929.85,995421
1770783600,2026-02-11T09:50:00,25930.4,25933.9,25925.75,25927.9,792950
1770783660,2026-02-11T09:51:00,25928.0,25931.2,25926.8,25930.25,744816
1770783720,2026-02-11T09:52:00,25929.75,25934.25,25927.5,25933.2,743364
1770783780,2026-02-11T09:53:00,25933.7,25948.85,25933.05,25948.7,766381
1770783840,2026-02-11T09:54:00,25948.0,25952.7,25946.7,25950.1,702553
1770783900,2026-02-11T09:55:00,25949.05,25954.4,25948.6,25951.75,701718
1770783960,2026-02-11T09:56:00,25952.0,25955.95,25949.75,25951.45,740331
1770784020,2026-02-11T09:57:00,25951.4,25956.3,25950.35,25956.3,606136
1770784080,2026-02-11T09:58:00,25955.05,25956.0,25946.15,25948.05,630644
1770784140,2026-02-11T09:59:00,25948.05,25951.5,25943.05,25943.05,741798
1770784200,2026-02-11T10:00:00,25943.2,25943.4,25928.9,25929.65,1164722
1770784260,2026-02-11T10:01:00,25929.95,25930.85,25922.9,25924.15,1239251
1770784320,2026-02-11T10:02:00,25924.1,25924.1,25911.9,25919.15,974278
1770784380,2026-02-11T10:03:00,25919.55,25926.2,25915.8,25917.55,671071
1770784440,2026-02-11T10:04:00,25916.3,25922.6,25912.6,25915.8,524107
1770784500,2026-02-11T10:05:00,25914.35,25921.15,25913.65,25916.6,905500
1770784560,2026-02-11T10:06:00,25916.65,25921.1,25913.55,25914.9,765476
1770784620,2026-02-11T10:07:00,25914.7,25920.2,25914.7,25918.85,1041081
1770784680,2026-02-11T10:08:00,25918.95,25926.95,25918.95,25922.75,767403
1770784740,2026-02-11T10:09:00,25922.2,25926.5,25919.55,25925.8,751130
1770784800,2026-02-11T10:10:00,25925.6,25938.55,25925.6,25933.55,662485
1770784860,2026-02-11T10:11:00,25934.45,25934.55,25924.55,25926.8,629754
1770784920,2026-02-11T10:12:00,25927.45,25928.3,25921.65,25921.8,652840
1770784980,2026-02-11T10:13:00,25921.3,25923.0,25909.85,25916.35,747858
1770785040,2026-02-11T10:14:00,25916.15,25919.05,25914.55,25917.9,419389
1770785100,2026-02-11T10:15:00,25918.05,25926.0,25916.9,25925.3,682718
1770785160,2026-02-11T10:16:00,25925.0,25934.1,25922.7,25933.95,540868
1770785220,2026-02-11T10:17:00,25934.5,25941.1,25933.75,25939.4,764064
1770785280,2026-02-11T10:18:00,25940.05,25948.5,25939.85,25948.5,420271
1770785340,2026-02-11T10:19:00,25948.7,25954.9,25948.6,25954.15,497916
1770785400,2026-02-11T10:20:00,25954.8,25956.1,25951.55,25953.85,540532
1770785460,2026-02-11T10:21:00,25953.4,25958.15,25951.55,25952.5,657417
1770785520,2026-02-11T10:22:00,25952.65,25955.4,25948.2,25955.4,679260
1770785580,2026-02-11T10:23:00,25955.55,25962.8,25954.95,25959.95,621164
1770785640,2026-02-11T10:24:00,25959.65,25962.6,25959.35,25961.65,460201
1770785700,2026-02-11T10:25:00,25961.05,25962.25,25957.35,25957.9,1861079
1770785760,2026-02-11T10:26:00,25957.95,25963.55,25955.9,25958.2,686750
1770785820,2026-02-11T10:27:00,25958.35,25963.3,25956.5,25958.65,366846
1770785880,2026-02-11T10:28:00,25958.2,25962.85,25956.7,25960.25,498763
1770785940,2026-02-11T10:29:00,25961.8,25967.75,25961.8,25964.8,944939
1770786000,2026-02-11T10:30:00,25964.2,25969.3,25962.75,25968.1,959338
1770786060,2026-02-11T10:31:00,25968.15,25973.2,25967.35,25972.05,589073
1770786120,2026-02-11T10:32:00,25972.1,25973.15,25962.9,25970.25,572952
1770786180,2026-02-11T10:33:00,25968.65,25970.3,25964.8,25967.15,571499
1770786240,2026-02-11T10:34:00,25967.7,25968.85,25963.2,25964.2,602444
1770786300,2026-02-11T10:35:00,25963.95,25966.85,25958.2,25963.05,596528
1770786360,2026-02-11T10:36:00,25963.15,25968.35,25961.95,25966.1,715208
1770786420,2026-02-11T10:37:00,25965.9,25973.3,25965.05,25973.25,721881
1770786480,2026-02-11T10:38:00,25973.7,25978.45,25972.5,25976.3,896437
1770786540,2026-02-11T10:39:00,25976.0,25980.6,25975.4,25977.4,1033789
1770786600,2026-02-11T10:40:00,25978.3,25979.3,25973.65,25977.15,551277
1770786660,2026-02-11T10:41:00,25976.85,25979.75,25973.25,25976.85,716392
1770786720,2026-02-11T10:42:00,25976.95,25981.3,25976.95,25977.9,650904
1770786780,2026-02-11T10:43:00,25977.55,25978.05,25970.75,25974.05,397878
1770786840,2026-02-11T10:44:00,25973.25,25975.8,25966.65,25969.05,783879
1770786900,2026-02-11T10:45:00,25968.0,25970.8,25964.8,25970.55,649032
1770786960,2026-02-11T10:46:00,25971.05,25971.8,25965.15,25969.35,475298
1770787020,2026-02-11T10:47:00,25969.6,25975.7,25967.05,25975.15,612738
1770787080,2026-02-11T10:48:00,25975.25,25976.1,25968.15,25968.15,1008137
1770787140,2026-02-11T10:49:00,25969.1,25976.85,25969.1,25976.55,696421
1770787200,2026-02-11T10:50:00,25975.75,25977.9,25973.6,25975.15,523683
1770787260,2026-02-11T10:51:00,25974.8,25978.6,25972.55,25975.65,569973
1770787320,2026-02-11T10:52:00,25975.05,25976.9,25967.65,25971.5,530716
1770787380,2026-02-11T10:53:00,25970.9,25971.5,25963.4,25966.85,713870
1770787440,2026-02-11T10:54:00,25967.05,25969.45,25959.85,25960.9,681565
1770787500,2026-02-11T10:55:00,25960.7,25962.6,25957.65,25961.15,501378
1770787560,2026-02-11T10:56:00,25961.4,25964.7,25960.95,25961.85,569852
1770787620,2026-02-11T10:57:00,25961.3,25963.0,25958.65,25958.65,804186
1770787680,2026-02-11T10:58:00,25959.0,25960.5,25955.8,25959.8,533614
1770787740,2026-02-11T10:59:00,25959.9,25962.3,25959.6,25961.25,477779
1770787800,2026-02-11T11:00:00,25961.95,25963.25,25956.15,25960.2,637482
1770787860,2026-02-11T11:01:00,25960.45,25963.0,25955.0,25958.3,450725
1770787920,2026-02-11T11:02:00,25958.5,25962.45,25954.2,25956.3,1063664
1770787980,2026-02-11T11:03:00,25956.65,25960.15,25955.45,25958.2,764228
1770788040,2026-02-11T11:04:00,25957.9,25966.65,25957.9,25966.65,1093927
1770788100,2026-02-11T11:05:00,25966.75,25970.55,25966.75,25968.4,906254
1770788160,2026-02-11T11:06:00,25968.5,25971.65,25963.55,25965.1,723264
1770788220,2026-02-11T11:07:00,25964.3,25968.45,25952.05,25952.15,1400691
1770788280,2026-02-11T11:08:00,25952.65,25953.4,25943.3,25944.2,1054399
1770788340,2026-02-11T11:09:00,25944.2,25945.85,25938.9,25942.55,962001
1770788400,2026-02-11T11:10:00,25941.9,25952.15,25941.9,25946.45,649493
1770788460,2026-02-11T11:11:00,25947.5,25950.0,25942.6,25943.55,649039
1770788520,2026-02-11T11:12:00,25943.0,25947.5,25940.7,25947.3,684324
1770788580,2026-02-11T11:13:00,25947.2,25957.0,25945.5,25957.0,569133
1770788640,2026-02-11T11:14:00,25957.3,25959.3,25955.15,25956.95,530547
1770788700,2026-02-11T11:15:00,25957.4,25961.55,25953.75,25960.1,792083
1770788760,2026-02-11T11:16:00,25960.2,25967.9,25960.2,25965.35,1122282
1770788820,2026-02-11T11:17:00,25964.65,25967.15,25961.45,25961.85,939790
1770788880,2026-02-11T11:18:00,25961.95,25965.55,25961.95,25963.5,891095
1770788940,2026-02-11T11:19:00,25963.45,25964.0,25953.6,25955.9,819467
1770789000,2026-02-11T11:20:00,25955.2,25959.7,25950.7,25951.85,651644
1770789060,2026-02-11T11:21:00,25951.45,25952.0,25947.4,25950.25,516630
1770789120,2026-02-11T11:22:00,25950.8,25953.5,25949.8,25952.65,1190238
1770789180,2026-02-11T11:23:00,25953.25,25963.25,25952.2,25961.45,454775
1770789240,2026-02-11T11:24:00,25961.45,25963.6,25957.85,25959.9,526991
1770789300,2026-02-11T11:25:00,25960.25,25961.4,25957.65,25957.65,530065
1770789360,2026-02-11T11:26:00,25958.8,25961.45,25957.0,25960.0,569410
1770789420,2026-02-11T11:27:00,25960.2,25964.4,25959.95,25960.35,717882
1770789480,2026-02-11T11:28:00,25959.8,25964.6,25958.05,25963.6,437795
1770789540,2026-02-11T11:29:00,25962.9,25964.6,25955.5,25957.7,489857
1770789600,2026-02-11T11:30:00,25957.7,25958.8,25953.65,25957.25,525541
1770789660,2026-02-11T11:31:00,25957.8,25961.85,25957.45,25960.2,518174
1770789720,2026-02-11T11:32:00,25960.85,25966.7,25958.65,25966.25,455654
1770789780,2026-02-11T11:33:00,25965.75,25977.85,25965.75,25976.7,634199
1770789840,2026-02-11T11:34:00,25977.05,25977.55,25970.65,25972.25,519333
1770789900,2026-02-11T11:35:00,25972.6,25978.3,25972.2,25976.6,350103
1770789960,2026-02-11T11:36:00,25976.5,25979.05,25972.65,25972.65,337201
1770790020,2026-02-11T11:37:00,25974.1,25974.95,25970.3,25972.3,458329
1770790080,2026-02-11T11:38:00,25972.05,25974.3,25968.05,25968.95,416025
1770790140,2026-02-11T11:39:00,25969.7,25971.5,25967.25,25967.9,456080
1770790200,2026-02-11T11:40:00,25967.85,25970.3,25966.4,25967.05,626252
1770790260,2026-02-11T11:41:00,25967.05,25967.6,25961.75,25963.3,455225
1770790320,2026-02-11T11:42:00,25963.9,25968.05,25963.05,25963.05,488539
1770790380,2026-02-11T11:43:00,25963.5,25968.1,25963.45,25964.75,593292
1770790440,2026-02-11T11:44:00,25965.2,25966.55,25955.6,25956.15,817456
1770790500,2026-02-11T11:45:00,25956.45,25961.0,25956.3,25957.1,564209
1770790560,2026-02-11T11:46:00,25957.15,25961.05,25953.3,25957.8,426409
1770790620,2026-02-11T11:47:00,25958.3,25964.15,25957.8,25962.05,550903
1770790680,2026-02-11T11:48:00,25961.9,25963.2,25957.3,25960.35,447694
1770790740,2026-02-11T11:49:00,25960.75,25963.35,25956.85,25961.35,474157
1770790800,2026-02-11T11:50:00,25961.85,25963.75,25959.7,25960.85,502369
1770790860,2026-02-11T11:51:00,25961.6,25964.35,25960.15,25961.7,1718246
1770790920,2026-02-11T11:52:00,25961.7,25964.3,25949.6,25952.7,1154077
1770790980,2026-02-11T11:53:00,25952.7,25958.65,25951.5,25958.65,517753
1770791040,2026-02-11T11:54:00,25958.45,25962.85,25955.85,25958.05,677805
1770791100,2026-02-11T11:55:00,25958.65,25960.25,25951.75,25958.65,844516
1770791160,2026-02-11T11:56:00,25959.25,25961.7,25952.75,25960.7,514340
1770791220,2026-02-11T11:57:00,25962.9,25966.45,25959.2,25965.5,539114
1770791280,2026-02-11T11:58:00,25966.15,25969.35,25963.35,25963.8,444932
1770791340,2026-02-11T11:59:00,25963.75,25964.8,25945.5,25946.75,878566
1770791400,2026-02-11T12:00:00,25947.55,25956.8,25944.9,25950.1,443729
1770791460,2026-02-11T12:01:00,25950.75,25958.5,25950.65,25956.85,555288
1770791520,2026-02-11T12:02:00,25957.65,25960.9,25953.65,25960.35,649246
1770791580,2026-02-11T12:03:00,25959.95,25960.95,25954.35,25954.45,739595
1770791640,2026-02-11T12:04:00,25954.5,25958.55,25953.6,25955.7,434356
1770791700,2026-02-11T12:05:00,25955.9,25956.9,25950.05,25951.6,495377
1770791760,2026-02-11T12:06:00,25951.3,25955.35,25946.35,25947.5,467421
1770791820,2026-02-11T12:07:00,25948.1,25952.65,25945.45,25946.3,446722
1770791880,2026-02-11T12:08:00,25947.45,25949.65,25933.95,25940.05,795086
1770791940,2026-02-11T12:09:00,25939.2,25942.45,25936.85,25942.45,364160
1770792000,2026-02-11T12:10:00,25942.35,25953.15,25942.35,25952.55,743465
1770792060,2026-02-11T12:11:00,25951.8,25954.3,25948.75,25952.95,503830
1770792120,2026-02-11T12:12:00,25953.6,25960.05,25950.4,25957.9,635826
1770792180,2026-02-11T12:13:00,25957.6,25959.6,25954.95,25957.6,606173
1770792240,2026-02-11T12:14:00,25957.6,25959.8,25953.1,25953.95,464032
1770792300,2026-02-11T12:15:00,25954.45,25955.45,25951.2,25951.2,754795
1770792360,2026-02-11T12:16:00,25951.3,25951.3,25943.95,25947.45,1026399
1770792420,2026-02-11T12:17:00,25947.55,25949.2,25941.4,25942.8,503168
1770792480,2026-02-11T12:18:00,25942.7,25945.15,25941.0,25942.95,593816
1770792540,2026-02-11T12:19:00,25943.6,25945.15,25940.0,25942.85,612503
1770792600,2026-02-11T12:20:00,25942.8,25944.95,25940.55,25942.1,699297
1770792660,2026-02-11T12:21:00,25941.55,25945.55,25939.3,25940.1,652999
1770792720,2026-02-11T12:22:00,25940.75,25942.75,25938.2,25940.2,384735
1770792780,2026-02-11T12:23:00,25939.5,25940.95,25936.05,25937.35,507676
1770792840,2026-02-11T12:24:00,25937.9,25939.5,25936.15,25937.65,387562
1770792900,2026-02-11T12:25:00,25938.1,25943.05,25936.8,25937.15,555474
1770792960,2026-02-11T12:26:00,25937.95,25940.75,25936.25,25937.25,493136
1770793020,2026-02-11T12:27:00,25936.75,25942.85,25935.8,25942.05,596690
1770793080,2026-02-11T12:28:00,25941.8,25942.65,25937.35,25939.4,380422
1770793140,2026-02-11T12:29:00,25939.2,25941.8,25938.2,25939.7,416051
1770793200,2026-02-11T12:30:00,25940.05,25942.65,25935.85,25941.85,510851
1770793260,2026-02-11T12:31:00,25942.15,25945.1,25942.1,25943.0,650403
1770793320,2026-02-11T12:32:00,25943.15,25944.6,25934.15,25935.9,826680
1770793380,2026-02-11T12:33:00,25936.3,25938.55,25932.9,25933.1,482172
1770793440,2026-02-11T12:34:00,25933.25,25934.55,25926.05,25926.25,626325
1770793500,2026-02-11T12:35:00,25926.8,25936.15,25926.4,25933.85,13224300
1770793560,2026-02-11T12:36:00,25933.4,25934.65,25929.4,25930.75,528127
1770793620,2026-02-11T12:37:00,25930.95,25932.35,25919.75,25920.65,645317
1770793680,2026-02-11T12:38:00,25920.9,25922.5,25919.45,25921.85,494036
1770793740,2026-02-11T12:39:00,25921.1,25921.15,25914.8,25917.05,702946
1770793800,2026-02-11T12:40:00,25916.55,25918.3,25913.65,25917.05,484075
1770793860,2026-02-11T12:41:00,25916.85,25925.35,25916.85,25923.3,432339
1770793920,2026-02-11T12:42:00,25923.4,25924.95,25899.8,25902.45,1000897
1770793980,2026-02-11T12:43:00,25902.85,25908.6,25902.3,25903.7,522571
1770794040,2026-02-11T12:44:00,25905.15,25911.35,25905.15,25911.2,859165
1770794100,2026-02-11T12:45:00,25911.2,25911.2,25903.25,25903.25,1022873
1770794160,2026-02-11T12:46:00,25903.1,25907.35,25900.9,25904.6,504901
1770794220,2026-02-11T12:47:00,25905.2,25909.9,25904.1,25908.95,532539
1770794280,2026-02-11T12:48:00,25907.95,25917.65,25907.9,25911.2,521612
1770794340,2026-02-11T12:49:00,25910.85,25916.0,25907.75,25916.0,427054
1770794400,2026-02-11T12:50:00,25915.7,25924.75,25915.55,25923.9,646964
1770794460,2026-02-11T12:51:00,25923.6,25925.5,25917.3,25917.3,527323
1770794520,2026-02-11T12:52:00,25918.55,25919.4,25911.7,25915.0,381570
1770794580,2026-02-11T12:53:00,25914.85,25919.25,25911.65,25919.05,409802
1770794640,2026-02-11T12:54:00,25918.5,25927.4,25918.5,25926.2,593434
1770794700,2026-02-11T12:55:00,25925.9,25928.35,25920.05,25924.4,681780
1770794760,2026-02-11T12:56:00,25925.65,25927.95,25920.95,25926.4,650595
1770794820,2026-02-11T12:57:00,25927.65,25936.45,25925.2,25932.7,1466751
1770794880,2026-02-11T12:58:00,25933.05,25935.7,25928.15,25931.1,392231
1770794940,2026-02-11T12:59:00,25931.9,25935.5,25925.5,25927.4,783974
1770795000,2026-02-11T13:00:00,25928.2,25928.2,25919.45,25923.1,792308
1770795060,2026-02-11T13:01:00,25922.6,25924.15,25911.4,25914.35,828964
1770795120,2026-02-11T13:02:00,25915.25,25916.6,25907.6,25909.15,867173
1770795180,2026-02-11T13:03:00,25908.95,25916.95,25907.9,25915.85,656389
1770795240,2026-02-11T13:04:00,25915.8,25916.2,25911.65,25914.25,438745
1770795300,2026-02-11T13:05:00,25913.35,25918.7,25912.9,25918.1,431038
1770795360,2026-02-11T13:06:00,25918.15,25925.1,25917.1,25925.0,399061
1770795420,2026-02-11T13:07:00,25924.75,25929.35,25923.65,25927.45,633546
1770795480,2026-02-11T13:08:00,25927.7,25929.6,25924.55,25925.95,391122
1770795540,2026-02-11T13:09:00,25925.55,25926.9,25923.3,25926.1,759018
1770795600,2026-02-11T13:10:00,25925.15,25927.2,25922.65,25925.6,735571
1770795660,2026-02-11T13:11:00,25925.85,25927.7,25921.5,25923.95,494312
1770795720,2026-02-11T13:12:00,25923.7,25929.65,25923.4,25929.35,536046
1770795780,2026-02-11T13:13:00,25928.9,25931.1,25923.1,25924.45,486909
1770795840,2026-02-11T13:14:00,25924.4,25924.95,25917.8,25923.75,668735
1770795900,2026-02-11T13:15:00,25923.95,25928.4,25922.4,25928.35,408989
1770795960,2026-02-11T13:16:00,25928.25,25928.85,25920.1,25922.55,573256
1770796020,2026-02-11T13:17:00,25922.7,25926.25,25921.8,25926.1,723968
1770796080,2026-02-11T13:18:00,25925.6,25926.95,25922.3,25926.7,575408
1770796140,2026-02-11T13:19:00,25926.35,25930.3,25926.25,25928.9,624997
1770796200,2026-02-11T13:20:00,25928.9,25937.15,25928.9,25937.15,786986
1770796260,2026-02-11T13:21:00,25937.6,25939.3,25935.65,25937.55,506685
1770796320,2026-02-11T13:22:00,25937.3,25938.5,25932.2,25932.8,398868
1770796380,2026-02-11T13:23:00,25934.35,25935.45,25926.5,25926.5,345034
1770796440,2026-02-11T13:24:00,25926.5,25931.25,25923.2,25931.25,482779
1770796500,2026-02-11T13:25:00,25931.7,25936.8,25931.7,25934.85,408439
1770796560,2026-02-11T13:26:00,25934.75,25935.7,25933.5,25934.5,416205
1770796620,2026-02-11T13:27:00,25934.45,25940.3,25934.45,25938.7,589826
1770796680,2026-02-11T13:28:00,25938.45,25943.3,25938.0,25942.3,426085
1770796740,2026-02-11T13:29:00,25942.95,25945.65,25941.85,25945.05,555481
1770796800,2026-02-11T13:30:00,25944.7,25951.0,25943.8,25946.3,496392
1770796860,2026-02-11T13:31:00,25946.8,25947.95,25944.15,25945.65,611422
1770796920,2026-02-11T13:32:00,25945.35,25945.4,25939.9,25944.9,357898
1770796980,2026-02-11T13:33:00,25944.2,25947.75,25942.8,25947.45,592723
1770797040,2026-02-11T13:34:00,25947.05,25952.1,25947.05,25949.2,822160
1770797100,2026-02-11T13:35:00,25949.65,25953.25,25948.35,25952.3,470805
1770797160,2026-02-11T13:36:00,25952.65,25952.7,25945.1,25947.0,622358
1770797220,2026-02-11T13:37:00,25947.0,25950.6,25945.85,25950.2,601986
1770797280,2026-02-11T13:38:00,25950.55,25958.65,25949.05,25956.2,495201
1770797340,2026-02-11T13:39:00,25956.45,25959.75,25955.7,25957.35,524829
1770797400,2026-02-11T13:40:00,25958.1,25960.95,25956.0,25960.85,558532
1770797460,2026-02-11T13:41:00,25960.3,25964.75,25959.8,25962.25,489542
1770797520,2026-02-11T13:42:00,25962.65,25968.6,25960.75,25968.6,590623
1770797580,2026-02-11T13:43:00,25968.6,25969.2,25961.95,25962.0,727624
1770797640,2026-02-11T13:44:00,25961.3,25963.2,25954.3,25955.35,512870
1770797700,2026-02-11T13:45:00,25955.1,25956.3,25949.2,25950.0,603785
1770797760,2026-02-11T13:46:00,25949.95,25955.85,25949.4,25953.5,679198
1770797820,2026-02-11T13:47:00,25954.05,25954.4,25944.6,25947.85,991044
1770797880,2026-02-11T13:48:00,25948.0,25950.05,25944.05,25947.15,955149
1770797940,2026-02-11T13:49:00,25946.4,25948.4,25939.0,25939.3,517522
1770798000,2026-02-11T13:50:00,25938.25,25940.2,25932.15,25933.45,810799
1770798060,2026-02-11T13:51:00,25934.1,25936.5,25927.75,25928.05,632111
1770798120,2026-02-11T13:52:00,25928.15,25933.7,25927.5,25933.2,466504
1770798180,2026-02-11T13:53:00,25933.2,25935.95,25931.4,25932.9,406496
1770798240,2026-02-11T13:54:00,25933.45,25934.85,25931.05,25932.05,442421
1770798300,2026-02-11T13:55:00,25931.65,25936.15,25931.4,25933.35,641414
1770798360,2026-02-11T13:56:00,25934.05,25936.8,25930.2,25936.45,429779
1770798420,2026-02-11T13:57:00,25936.45,25939.95,25935.2,25937.6,422871
1770798480,2026-02-11T13:58:00,25937.55,25937.55,25931.8,25932.8,528243
1770798540,2026-02-11T13:59:00,25932.8,25935.15,25931.0,25932.6,555835
1770798600,2026-02-11T14:00:00,25932.05,25932.7,25925.55,25926.75,617026
1770798660,2026-02-11T14:01:00,25927.6,25932.4,25925.6,25931.0,390002
1770798720,2026-02-11T14:02:00,25930.95,25943.3,25929.5,25943.3,570839
1770798780,2026-02-11T14:03:00,25942.2,25942.2,25936.1,25938.6,796780
1770798840,2026-02-11T14:04:00,25938.75,25939.95,25935.35,25938.5,463206
1770798900,2026-02-11T14:05:00,25938.2,25940.2,25937.1,25938.0,496674
1770798960,2026-02-11T14:06:00,25938.55,25944.35,25937.2,25939.35,2378801
1770799020,2026-02-11T14:07:00,25938.25,25939.9,25934.45,25936.95,536811
1770799080,2026-02-11T14:08:00,25936.05,25937.95,25934.5,25937.75,376862
1770799140,2026-02-11T14:09:00,25936.9,25939.15,25934.8,25937.5,879516
1770799200,2026-02-11T14:10:00,25936.8,25950.05,25936.7,25949.6,640294
1770799260,2026-02-11T14:11:00,25949.9,25950.75,25946.2,25947.5,917450
1770799320,2026-02-11T14:12:00,25947.45,25949.95,25945.55,25947.75,613879
1770799380,2026-02-11T14:13:00,25947.85,25950.4,25946.9,25950.4,375147
1770799440,2026-02-11T14:14:00,25950.65,25956.8,25950.5,25956.2,586748
1770799500,2026-02-11T14:15:00,25955.95,25962.75,25955.45,25962.1,614825
1770799560,2026-02-11T14:16:00,25962.2,25963.05,25958.85,25960.3,925354
1770799620,2026-02-11T14:17:00,25960.75,25962.9,25958.05,25961.0,714995
1770799680,2026-02-11T14:18:00,25960.8,25964.1,25960.5,25962.3,490423
1770799740,2026-02-11T14:19:00,25963.0,25964.05,25956.3,25958.4,586046
1770799800,2026-02-11T14:20:00,25958.05,25960.2,25954.35,25954.9,1085764
1770799860,2026-02-11T14:21:00,25955.0,25955.9,25949.3,25952.2,1027730
1770799920,2026-02-11T14:22:00,25952.5,25953.9,25946.25,25946.45,715961
1770799980,2026-02-11T14:23:00,25945.8,25946.1,25939.7,25944.2,773775
1770800040,2026-02-11T14:24:00,25944.75,25946.65,25942.6,25945.0,506114
1770800100,2026-02-11T14:25:00,25944.9,25947.05,25942.8,25944.2,522488
1770800160,2026-02-11T14:26:00,25944.25,25947.3,25943.15,25947.25,1097461
1770800220,2026-02-11T14:27:00,25946.95,25950.7,25946.15,25948.85,931150
1770800280,2026-02-11T14:28:00,25949.0,25954.05,25946.5,25953.25,604240
1770800340,2026-02-11T14:29:00,25953.4,25954.55,25944.85,25944.85,1042304
1770800400,2026-02-11T14:30:00,25944.4,25947.2,25937.25,25938.45,767727
1770800460,2026-02-11T14:31:00,25938.1,25944.95,25937.2,25943.0,694163
1770800520,2026-02-11T14:32:00,25943.65,25950.05,25943.35,25947.65,617550
1770800580,2026-02-11T14:33:00,25947.3,25950.4,25945.7,25946.35,690226
1770800640,2026-02-11T14:34:00,25946.2,25952.45,25945.05,25952.45,591711
1770800700,2026-02-11T14:35:00,25951.85,25953.35,25947.05,25952.5,887150
1770800760,2026-02-11T14:36:00,25952.2,25954.05,25948.3,25949.4,713878
1770800820,2026-02-11T14:37:00,25949.05,25951.85,25946.7,25949.95,644604
1770800880,2026-02-11T14:38:00,25950.1,25951.35,25946.6,25949.25,679859
1770800940,2026-02-11T14:39:00,25948.65,25948.75,25943.5,25944.8,897385
1770801000,2026-02-11T14:40:00,25944.65,25946.45,25941.75,25944.8,731459
1770801060,2026-02-11T14:41:00,25943.85,25944.65,25940.65,25940.8,797363
1770801120,2026-02-11T14:42:00,25940.65,25942.2,25938.85,25940.45,927508
1770801180,2026-02-11T14:43:00,25940.2,25947.85,25939.35,25944.45,829215
1770801240,2026-02-11T14:44:00,25944.2,25946.5,25941.7,25944.9,759442
1770801300,2026-02-11T14:45:00,25945.45,25949.5,25944.3,25948.6,901938
1770801360,2026-02-11T14:46:00,25948.8,25952.25,25945.45,25951.7,1034559
1770801420,2026-02-11T14:47:00,25952.1,25952.1,25940.7,25942.6,1333727
1770801480,2026-02-11T14:48:00,25942.4,25945.65,25941.15,25945.65,1026227
1770801540,2026-02-11T14:49:00,25944.7,25945.5,25940.3,25943.3,876480
1770801600,2026-02-11T14:50:00,25942.85,25946.9,25940.6,25946.4,785962
1770801660,2026-02-11T14:51:00,25948.45,25949.9,25944.8,25948.2,825133
1770801720,2026-02-11T14:52:00,25948.05,25951.75,25946.95,25947.45,667376
1770801780,2026-02-11T14:53:00,25947.75,25950.55,25946.35,25948.4,638228
1770801840,2026-02-11T14:54:00,25948.0,25948.55,25942.1,25946.3,1203753
1770801900,2026-02-11T14:55:00,25946.3,25951.4,25946.1,25949.95,875704
1770801960,2026-02-11T14:56:00,25950.55,25953.7,25947.6,25950.5,948566
1770802020,2026-02-11T14:57:00,25950.8,25955.95,25950.05,25955.25,1340773
1770802080,2026-02-11T14:58:00,25955.3,25955.3,25946.85,25947.3,1100055
1770802140,2026-02-11T14:59:00,25947.9,25949.5,25943.6,25944.95,1052051
1770802200,2026-02-11T15:00:00,25944.65,25970.75,25944.65,25967.05,3346723
1770802260,2026-02-11T15:01:00,25966.35,25969.0,25964.8,25967.1,1500569
1770802320,2026-02-11T15:02:00,25967.3,25967.45,25959.2,25960.2,1447989
1770802380,2026-02-11T15:03:00,25960.8,25961.9,25954.6,25957.05,1715777
1770802440,2026-02-11T15:04:00,25957.65,25960.5,25955.25,25956.1,1289302
1770802500,2026-02-11T15:05:00,25956.8,25957.75,25954.1,25956.3,1452261
1770802560,2026-02-11T15:06:00,25956.75,25958.75,25955.35,25956.7,1346116
1770802620,2026-02-11T15:07:00,25957.55,25958.0,25948.95,25951.35,1851037
1770802680,2026-02-11T15:08:00,25952.3,25954.9,25948.7,25954.9,1649396
1770802740,2026-02-11T15:09:00,25954.15,25955.6,25950.2,25951.75,1562270
1770802800,2026-02-11T15:10:00,25952.95,25954.85,25950.95,25951.85,1815763
1770802860,2026-02-11T15:11:00,25951.9,25952.15,25948.9,25950.8,1647832
1770802920,2026-02-11T15:12:00,25951.35,25953.0,25949.25,25951.2,1662158
1770802980,2026-02-11T15:13:00,25951.7,25954.0,25950.15,25950.75,1729275
1770803040,2026-02-11T15:14:00,25951.85,25958.15,25949.9,25955.9,2145447
1770803100,2026-02-11T15:15:00,25957.95,25958.5,25952.45,25957.55,2142213
1770803160,2026-02-11T15:16:00,25958.65,25958.65,25953.8,25957.2,2046444
1770803220,2026-02-11T15:17:00,25958.1,25958.1,25953.2,25954.0,1590517
1770803280,2026-02-11T15:18:00,25955.25,25955.25,25950.9,25952.7,2006682
1770803340,2026-02-11T15:19:00,25954.05,25955.95,25951.85,25955.25,1766227
1770803400,2026-02-11T15:20:00,25956.9,25956.9,25953.55,25954.3,2286674
1770803460,2026-02-11T15:21:00,25955.45,25955.45,25950.85,25950.85,1969423
1770803520,2026-02-11T15:22:00,25952.25,25953.1,25949.8,25950.9,1460275
1770803580,2026-02-11T15:23:00,25952.1,25952.7,25950.0,25951.0,1784121
1770803640,2026-02-11T15:24:00,25952.4,25952.4,25946.4,25949.0,2187741
1770803700,2026-02-11T15:25:00,25950.45,25951.0,25942.95,25946.5,2224895
1770803760,2026-02-11T15:26:00,25946.5,25946.5,25942.85,25942.95,1581255
1770803820,2026-02-11T15:27:00,25945.35,25951.1,25944.25,25950.15,1530149
1770803880,2026-02-11T15:28:00,25949.6,25952.85,25943.35,25946.8,1383517
1770803940,2026-02-11T15:29:00,25948.45,25949.45,25939.75,25945.35,840669
1770867900,2026-02-12T09:15:00,25906.7,25906.7,25854.45,25877.05,6440219
1770867960,2026-02-12T09:16:00,25876.2,25879.15,25859.35,25862.3,4259046
1770868020,2026-02-12T09:17:00,25864.9,25866.55,25853.25,25860.25,3435912
1770868080,2026-02-12T09:18:00,25861.15,25861.15,25847.25,25857.35,3014038
1770868140,2026-02-12T09:19:00,25860.45,25861.45,25854.6,25855.25,2684557
1770868200,2026-02-12T09:20:00,25857.7,25857.7,25844.6,25853.8,2511106
1770868260,2026-02-12T09:21:00,25855.6,25856.6,25848.55,25854.85,2455424
1770868320,2026-02-12T09:22:00,25856.1,25861.05,25844.25,25844.95,3352116
1770868380,2026-02-12T09:23:00,25847.4,25851.95,25836.6,25840.4,2418719
1770868440,2026-02-12T09:24:00,25840.75,25847.85,25838.4,25843.9,2374785
1770868500,2026-02-12T09:25:00,25845.25,25850.8,25837.25,25848.95,2241163
1770868560,2026-02-12T09:26:00,25850.95,25850.95,25833.25,25835.5,2273882
1770868620,2026-02-12T09:27:00,25836.75,25843.0,25831.25,25838.5,1980665
1770868680,2026-02-12T09:28:00,25840.05,25842.8,25835.05,25842.4,1835921
1770868740,2026-02-12T09:29:00,25843.05,25843.2,25833.7,25833.75,1232606
1770868800,2026-02-12T09:30:00,25835.8,25836.05,25827.85,25829.8,2072247
1770868860,2026-02-12T09:31:00,25831.45,25833.2,25822.3,25825.95,1809072
1770868920,2026-02-12T09:32:00,25828.65,25831.1,25824.1,25828.4,1718786
1770868980,2026-02-12T09:33:00,25829.75,25839.45,25826.85,25839.45,1415660
1770869040,2026-02-12T09:34:00,25840.75,25841.35,25830.9,25838.35,2050386
1770869100,2026-02-12T09:35:00,25839.6,25843.35,25835.85,25837.55,1753646
1770869160,2026-02-12T09:36:00,25839.0,25847.95,25834.45,25844.4,2080552
1770869220,2026-02-12T09:37:00,25846.5,25846.5,25833.0,25836.05,1592371
1770869280,2026-02-12T09:38:00,25837.0,25838.8,25829.8,25838.7,1218487
1770869340,2026-02-12T09:39:00,25840.0,25843.8,25835.95,25842.25,1135203
1770869400,2026-02-12T09:40:00,25842.55,25845.35,25835.45,25845.25,1147080
1770869460,2026-02-12T09:41:00,25844.7,25847.2,25837.95,25840.4,1973913
1770869520,2026-02-12T09:42:00,25842.4,25842.85,25834.05,25837.85,1128858
1770869580,2026-02-12T09:43:00,25838.0,25838.35,25830.4,25836.65,1233110
1770869640,2026-02-12T09:44:00,25837.8,25845.95,25835.9,25844.65,1143883
1770869700,2026-02-12T09:45:00,25844.85,25850.25,25839.85,25849.5,1413216
1770869760,2026-02-12T09:46:00,25849.0,25850.1,25834.05,25834.3,1495513
1770869820,2026-02-12T09:47:00,25835.65,25835.65,25828.4,25828.45,1001486
1770869880,2026-02-12T09:48:00,25831.35,25852.8,25830.75,25852.3,888068
1770869940,2026-02-12T09:49:00,25853.4,25862.75,25851.7,25854.7,1546481
1770870000,2026-02-12T09:50:00,25859.0,25863.6,25856.3,25859.25,1247870
1770870060,2026-02-12T09:51:00,25859.2,25861.05,25851.45,25859.2,1478385
1770870120,2026-02-12T09:52:00,25861.05,25865.95,25859.15,25860.7,1369511
1770870180,2026-02-12T09:53:00,25860.55,25865.7,25859.1,25861.9,1532475
1770870240,2026-02-12T09:54:00,25862.15,25864.85,25857.15,25860.4,1101258
1770870300,2026-02-12T09:55:00,25861.1,25862.85,25857.65,25859.25,982363
1770870360,2026-02-12T09:56:00,25861.0,25872.35,25860.1,25868.5,1455158
1770870420,2026-02-12T09:57:00,25869.2,25870.9,25864.25,25868.15,1160783
1770870480,2026-02-12T09:58:00,25869.6,25869.6,25862.05,25863.85,957190
1770870540,2026-02-12T09:59:00,25864.3,25870.1,25861.55,25865.1,6641382
1770870600,2026-02-12T10:00:00,25867.5,25869.95,25864.9,25867.5,1737740
1770870660,2026-02-12T10:01:00,25867.2,25867.2,25860.05,25864.65,1818267
1770870720,2026-02-12T10:02:00,25865.55,25865.55,25857.85,25861.55,1064536
1770870780,2026-02-12T10:03:00,25863.6,25874.65,25860.4,25871.25,1019353
1770870840,2026-02-12T10:04:00,25871.9,25875.75,25868.55,25871.1,2192499
1770870900,2026-02-12T10:05:00,25871.55,25875.25,25866.75,25866.75,1305459
1770870960,2026-02-12T10:06:00,25870.5,25872.7,25864.7,25865.65,878164
1770871020,2026-02-12T10:07:00,25866.2,25866.2,25857.2,25857.4,1036719
1770871080,2026-02-12T10:08:00,25859.3,25859.3,25849.9,25849.9,1393882
1770871140,2026-02-12T10:09:00,25853.35,25865.05,25851.25,25865.0,1026096
1770871200,2026-02-12T10:10:00,25866.4,25866.4,25854.8,25862.95,1072057
1770871260,2026-02-12T10:11:00,25863.8,25865.8,25860.8,25863.2,1061019
1770871320,2026-02-12T10:12:00,25864.25,25870.65,25862.25,25870.65,911036
1770871380,2026-02-12T10:13:00,25871.4,25878.95,25870.3,25878.9,933375
1770871440,2026-02-12T10:14:00,25878.9,25880.9,25875.4,25880.85,1134536
1770871500,2026-02-12T10:15:00,25881.8,25882.6,25878.95,25880.75,898237
1770871560,2026-02-12T10:16:00,25881.6,25881.6,25873.75,25874.95,1144893
1770871620,2026-02-12T10:17:00,25876.45,25876.45,25868.55,25868.9,886882
1770871680,2026-02-12T10:18:00,25869.35,25872.55,25865.25,25871.75,885363
1770871740,2026-02-12T10:19:00,25872.0,25877.2,25867.75,25876.3,834439
1770871800,2026-02-12T10:20:00,25876.45,25880.15,25870.85,25879.85,871135
1770871860,2026-02-12T10:21:00,25880.6,25881.65,25873.2,25876.55,948996
1770871920,2026-02-12T10:22:00,25877.65,25880.0,25873.8,25876.1,863331
1770871980,2026-02-12T10:23:00,25877.7,25877.85,25871.25,25876.3,1058766
1770872040,2026-02-12T10:24:00,25879.25,25880.65,25873.1,25875.3,715926
1770872100,2026-02-12T10:25:00,25876.05,25876.05,25860.75,25861.85,1078247
1770872160,2026-02-12T10:26:00,25862.75,25868.1,25859.85,25865.45,567012
1770872220,2026-02-12T10:27:00,25865.75,25867.25,25859.4,25865.55,599170
1770872280,2026-02-12T10:28:00,25866.9,25868.9,25859.55,25862.65,701689
1770872340,2026-02-12T10:29:00,25862.3,25868.95,25860.55,25867.2,1328099
1770872400,2026-02-12T10:30:00,25867.35,25874.15,25863.6,25865.9,997061
1770872460,2026-02-12T10:31:00,25866.55,25867.35,25861.95,25866.7,599477
1770872520,2026-02-12T10:32:00,25866.75,25871.45,25864.05,25865.3,668440
1770872580,2026-02-12T10:33:00,25865.95,25870.9,25860.95,25868.55,744377
1770872640,2026-02-12T10:34:00,25869.7,25873.8,25868.2,25872.8,630301
1770872700,2026-02-12T10:35:00,25873.5,25876.0,25867.1,25867.2,592596
1770872760,2026-02-12T10:36:00,25867.65,25867.9,25860.75,25860.8,921029
1770872820,2026-02-12T10:37:00,25861.7,25863.85,25855.65,25856.7,815033
1770872880,2026-02-12T10:38:00,25858.4,25859.15,25850.6,25856.8,732075
1770872940,2026-02-12T10:39:00,25857.5,25861.3,25852.4,25859.75,596635
1770873000,2026-02-12T10:40:00,25861.25,25861.6,25856.5,25857.35,555811
1770873060,2026-02-12T10:41:00,25858.75,25863.25,25855.7,25860.65,635481
1770873120,2026-02-12T10:42:00,25861.65,25864.95,25859.7,25862.75,583805
1770873180,2026-02-12T10:43:00,25863.6,25865.8,25858.0,25859.85,1296818
1770873240,2026-02-12T10:44:00,25859.25,25860.15,25856.15,25859.3,1172213
1770873300,2026-02-12T10:45:00,25859.3,25864.35,25856.4,25864.35,667926
1770873360,2026-02-12T10:46:00,25865.55,25865.55,25858.35,25858.7,597765
1770873420,2026-02-12T10:47:00,25860.05,25861.3,25854.5,25857.9,787426
1770873480,2026-02-12T10:48:00,25858.4,25861.95,25852.75,25858.4,710072
1770873540,2026-02-12T10:49:00,25859.05,25859.85,25854.25,25856.8,1018165
1770873600,2026-02-12T10:50:00,25857.9,25857.9,25849.3,25851.05,802114
1770873660,2026-02-12T10:51:00,25852.2,25853.3,25848.7,25852.65,1333604
1770873720,2026-02-12T10:52:00,25853.75,25855.75,25850.4,25851.3,643765
1770873780,2026-02-12T10:53:00,25852.85,25855.5,25850.55,25852.25,712688
1770873840,2026-02-12T10:54:00,25853.55,25854.2,25849.6,25853.1,784964
1770873900,2026-02-12T10:55:00,25853.4,25858.15,25853.4,25855.75,550674
1770873960,2026-02-12T10:56:00,25855.95,25857.05,25852.65,25856.2,960860
1770874020,2026-02-12T10:57:00,25857.75,25859.75,25854.85,25858.35,967681
1770874080,2026-02-12T10:58:00,25859.75,25861.9,25853.1,25856.3,860959
1770874140,2026-02-12T10:59:00,25857.05,25857.55,25853.0,25853.6,505812
1770874200,2026-02-12T11:00:00,25853.6,25858.45,25851.2,25858.05,715937
1770874260,2026-02-12T11:01:00,25858.8,25860.5,25854.75,25857.2,1093744
1770874320,2026-02-12T11:02:00,25858.35,25860.9,25854.95,25858.5,1549450
1770874380,2026-02-12T11:03:00,25859.7,25859.7,25856.0,25856.85,1326414
1770874440,2026-02-12T11:04:00,25858.5,25858.5,25853.9,25856.7,648108
1770874500,2026-02-12T11:05:00,25857.25,25860.25,25855.55,25860.2,625852
1770874560,2026-02-12T11:06:00,25861.05,25861.8,25855.6,25856.9,955647
1770874620,2026-02-12T11:07:00,25856.05,25856.05,25843.15,25845.15,1225938
1770874680,2026-02-12T11:08:00,25846.75,25856.9,25845.4,25855.5,709272
1770874740,2026-02-12T11:09:00,25856.0,25856.65,25852.65,25853.9,675784
1770874800,2026-02-12T11:10:00,25854.5,25857.4,25849.0,25851.55,1892427
1770874860,2026-02-12T11:11:00,25852.45,25856.1,25846.85,25855.15,512733
1770874920,2026-02-12T11:12:00,25855.85,25856.35,25850.45,25854.3,692737
1770874980,2026-02-12T11:13:00,25855.95,25857.15,25848.65,25848.65,919599
1770875040,2026-02-12T11:14:00,25852.05,25852.05,25847.4,25849.15,586996
1770875100,2026-02-12T11:15:00,25849.55,25849.55,25842.5,25844.65,647105
1770875160,2026-02-12T11:16:00,25845.55,25845.55,25837.25,25839.25,614966
1770875220,2026-02-12T11:17:00,25840.05,25840.8,25836.25,25837.3,1630373
1770875280,2026-02-12T11:18:00,25837.5,25837.7,25833.35,25836.5,2154807
1770875340,2026-02-12T11:19:00,25836.8,25840.2,25834.8,25840.1,894872
1770875400,2026-02-12T11:20:00,25840.85,25840.85,25832.35,25833.65,1206799
1770875460,2026-02-12T11:21:00,25833.95,25837.65,25831.9,25836.55,1018499
1770875520,2026-02-12T11:22:00,25837.4,25837.4,25824.2,25827.9,723917
1770875580,2026-02-12T11:23:00,25829.0,25832.2,25825.0,25830.3,538082
1770875640,2026-02-12T11:24:00,25831.35,25838.4,25828.3,25833.5,542939
1770875700,2026-02-12T11:25:00,25834.6,25837.05,25831.1,25835.95,708619
1770875760,2026-02-12T11:26:00,25837.35,25838.1,25830.8,25831.95,775210
1770875820,2026-02-12T11:27:00,25833.7,25834.55,25830.85,25831.85,611188
1770875880,2026-02-12T11:28:00,25832.65,25832.65,25827.05,25830.05,642221
1770875940,2026-02-12T11:29:00,25832.0,25834.85,25829.9,25831.1,648828
1770876000,2026-02-12T11:30:00,25833.9,25833.9,25827.2,25827.2,474218
1770876060,2026-02-12T11:31:00,25828.4,25829.45,25819.15,25820.2,1092186
1770876120,2026-02-12T11:32:00,25820.4,25826.25,25816.55,25825.95,840607
1770876180,2026-02-12T11:33:00,25826.25,25826.25,25818.4,25823.3,640121
1770876240,2026-02-12T11:34:00,25824.95,25824.95,25816.25,25821.15,576269
1770876300,2026-02-12T11:35:00,25822.25,25826.0,25819.35,25824.3,665191
1770876360,2026-02-12T11:36:00,25825.9,25826.1,25818.65,25818.85,726571
1770876420,2026-02-12T11:37:00,25820.9,25821.35,25813.05,25817.75,1228482
1770876480,2026-02-12T11:38:00,25818.95,25821.2,25814.55,25814.85,677349
1770876540,2026-02-12T11:39:00,25818.35,25822.05,25814.45,25817.6,585162
1770876600,2026-02-12T11:40:00,25820.6,25823.65,25815.7,25821.75,513234
1770876660,2026-02-12T11:41:00,25822.35,25827.05,25819.85,25826.15,754084
1770876720,2026-02-12T11:42:00,25827.45,25827.95,25821.55,25826.4,786656
1770876780,2026-02-12T11:43:00,25827.8,25831.85,25825.15,25829.45,742289
1770876840,2026-02-12T11:44:00,25830.45,25831.15,25825.65,25828.4,690025
1770876900,2026-02-12T11:45:00,25828.15,25832.55,25826.4,25831.1,756504
1770876960,2026-02-12T11:46:00,25831.8,25836.1,25829.35,25831.5,668907
1770877020,2026-02-12T11:47:00,25833.25,25833.25,25827.5,25828.4,630525
1770877080,2026-02-12T11:48:00,25830.45,25830.45,25826.2,25827.95,554923
1770877140,2026-02-12T11:49:00,25829.85,25830.6,25826.95,25827.1,514050
1770877200,2026-02-12T11:50:00,25827.9,25828.2,25818.35,25818.9,643430
1770877260,2026-02-12T11:51:00,25819.7,25819.7,25811.5,25812.4,668858
1770877320,2026-02-12T11:52:00,25814.05,25814.25,25808.45,25808.85,644969
1770877380,2026-02-12T11:53:00,25810.3,25816.9,25808.05,25816.8,875325
1770877440,2026-02-12T11:54:00,25817.55,25817.65,25813.3,25814.75,1128058
1770877500,2026-02-12T11:55:00,25815.9,25817.8,25812.7,25815.4,554958
1770877560,2026-02-12T11:56:00,25817.1,25817.1,25810.75,25814.9,638483
1770877620,2026-02-12T11:57:00,25815.75,25817.55,25812.25,25814.7,623983
1770877680,2026-02-12T11:58:00,25815.55,25823.3,25813.4,25822.7,687630
1770877740,2026-02-12T11:59:00,25823.55,25827.85,25822.3,25826.3,523107
1770877800,2026-02-12T12:00:00,25827.05,25829.6,25824.1,25829.6,694482
1770877860,2026-02-12T12:01:00,25830.45,25830.45,25821.8,25821.8,567439
1770877920,2026-02-12T12:02:00,25823.55,25823.55,25816.75,25816.75,579014
1770877980,2026-02-12T12:03:00,25818.45,25818.45,25807.45,25810.15,1233471
1770878040,2026-02-12T12:04:00,25810.8,25816.3,25806.5,25815.15,802109
1770878100,2026-02-12T12:05:00,25816.1,25819.05,25812.4,25818.0,482210
1770878160,2026-02-12T12:06:00,25818.4,25821.1,25816.0,25820.05,545893
1770878220,2026-02-12T12:07:00,25820.6,25822.6,25818.1,25819.4,699687
1770878280,2026-02-12T12:08:00,25820.25,25823.0,25818.55,25822.15,473925
1770878340,2026-02-12T12:09:00,25823.4,25828.0,25820.3,25828.0,509091
1770878400,2026-02-12T12:10:00,25828.35,25828.8,25823.35,25825.8,590059
1770878460,2026-02-12T12:11:00,25826.55,25831.75,25824.4,25829.3,525371
1770878520,2026-02-12T12:12:00,25829.65,25831.15,25824.35,25827.0,552992
1770878580,2026-02-12T12:13:00,25827.45,25832.4,25825.35,25829.6,524747
1770878640,2026-02-12T12:14:00,25830.95,25830.95,25825.85,25828.9,502308
1770878700,2026-02-12T12:15:00,25829.8,25835.1,25828.25,25833.9,1928749
1770878760,2026-02-12T12:16:00,25835.35,25836.55,25831.95,25832.8,609556
1770878820,2026-02-12T12:17:00,25834.35,25836.45,25827.95,25835.0,664655
1770878880,2026-02-12T12:18:00,25836.6,25838.45,25832.65,25836.35,691758
1770878940,2026-02-12T12:19:00,25837.15,25838.05,25831.7,25836.25,923689
1770879000,2026-02-12T12:20:00,25838.35,25838.35,25831.95,25832.6,823299
1770879060,2026-02-12T12:21:00,25834.9,25837.2,25831.2,25834.3,532040
1770879120,2026-02-12T12:22:00,25836.8,25839.7,25834.85,25835.75,556879
1770879180,2026-02-12T12:23:00,25838.9,25838.9,25833.6,25835.75,508150
1770879240,2026-02-12T12:24:00,25836.55,25837.85,25834.8,25836.6,562179
1770879300,2026-02-12T12:25:00,25836.8,25837.4,25832.65,25834.25,531879
1770879360,2026-02-12T12:26:00,25835.05,25835.05,25831.3,25832.7,502538
1770879420,2026-02-12T12:27:00,25834.2,25837.0,25830.95,25834.7,484230
1770879480,2026-02-12T12:28:00,25836.55,25837.7,25832.2,25835.55,691510
1770879540,2026-02-12T12:29:00,25837.05,25837.25,25831.6,25832.15,506165
1770879600,2026-02-12T12:30:00,25834.9,25839.15,25831.85,25836.2,675926
1770879660,2026-02-12T12:31:00,25837.45,25838.25,25834.15,25835.8,444795
1770879720,2026-02-12T12:32:00,25836.75,25844.7,25834.95,25842.65,620027
1770879780,2026-02-12T12:33:00,25843.45,25845.35,25839.7,25839.7,448304
1770879840,2026-02-12T12:34:00,25841.2,25846.65,25839.55,25842.35,519652
1770879900,2026-02-12T12:35:00,25843.05,25843.05,25835.4,25841.7,666732
1770879960,2026-02-12T12:36:00,25841.9,25842.2,25837.05,25841.45,479848
1770880020,2026-02-12T12:37:00,25841.55,25843.5,25836.15,25838.95,449353
1770880080,2026-02-12T12:38:00,25839.7,25839.85,25837.05,25837.9,623096
1770880140,2026-02-12T12:39:00,25838.55,25840.65,25837.15,25838.1,679999
1770880200,2026-02-12T12:40:00,25839.7,25840.65,25834.4,25835.45,550800
1770880260,2026-02-12T12:41:00,25835.9,25839.2,25834.05,25835.85,613191
1770880320,2026-02-12T12:42:00,25837.1,25843.35,25834.55,25842.05,1323026
1770880380,2026-02-12T12:43:00,25842.95,25843.35,25839.65,25841.0,493611
1770880440,2026-02-12T12:44:00,25841.6,25847.05,25839.4,25844.45,650717
1770880500,2026-02-12T12:45:00,25845.6,25849.1,25845.05,25847.35,728099
1770880560,2026-02-12T12:46:00,25849.3,25852.25,25842.55,25844.7,748231
1770880620,2026-02-12T12:47:00,25845.95,25846.9,25841.75,25843.45,498803
1770880680,2026-02-12T12:48:00,25845.1,25848.1,25842.15,25844.1,582723
1770880740,2026-02-12T12:49:00,25844.35,25845.8,25839.95,25844.8,651095
1770880800,2026-02-12T12:50:00,25845.65,25848.25,25843.4,25845.85,513852
1770880860,2026-02-12T12:51:00,25846.95,25849.85,25844.6,25847.45,524412
1770880920,2026-02-12T12:52:00,25847.75,25851.15,25846.45,25847.6,635431
1770880980,2026-02-12T12:53:00,25848.9,25852.0,25846.8,25850.75,515573
1770881040,2026-02-12T12:54:00,25851.25,25854.0,25849.3,25853.5,503717
1770881100,2026-02-12T12:55:00,25854.15,25854.6,25849.35,25851.15,411505
1770881160,2026-02-12T12:56:00,25851.35,25855.0,25849.15,25854.2,835470
1770881220,2026-02-12T12:57:00,25855.2,25858.0,25853.6,25856.4,856914
1770881280,2026-02-12T12:58:00,25857.25,25859.5,25854.5,25858.65,558524
1770881340,2026-02-12T12:59:00,25858.85,25858.85,25852.45,25853.75,580358
1770881400,2026-02-12T13:00:00,25854.55,25859.85,25853.2,25855.0,550725
1770881460,2026-02-12T13:01:00,25855.3,25856.35,25849.65,25849.65,528162
1770881520,2026-02-12T13:02:00,25852.9,25855.75,25847.85,25853.4,660957
1770881580,2026-02-12T13:03:00,25854.8,25858.95,25853.0,25857.15,534652
1770881640,2026-02-12T13:04:00,25858.05,25858.4,25852.4,25853.5,510309
1770881700,2026-02-12T13:05:00,25854.95,25856.2,25849.9,25851.9,1175778
1770881760,2026-02-12T13:06:00,25853.0,25853.0,25843.7,25845.8,494265
1770881820,2026-02-12T13:07:00,25846.45,25849.15,25840.95,25840.95,690973
1770881880,2026-02-12T13:08:00,25843.0,25845.5,25838.3,25840.3,761307
1770881940,2026-02-12T13:09:00,25840.3,25841.35,25835.35,25839.35,735082
1770882000,2026-02-12T13:10:00,25841.35,25843.7,25838.65,25842.0,702577
1770882060,2026-02-12T13:11:00,25843.65,25843.65,25833.35,25833.35,591457
1770882120,2026-02-12T13:12:00,25834.75,25837.65,25831.85,25832.3,775141
1770882180,2026-02-12T13:13:00,25833.45,25837.0,25830.85,25832.35,847883
1770882240,2026-02-12T13:14:00,25831.85,25836.8,25830.0,25835.75,771277
1770882300,2026-02-12T13:15:00,25836.45,25837.25,25831.55,25834.85,812099
1770882360,2026-02-12T13:16:00,25836.05,25842.6,25833.4,25841.85,842887
1770882420,2026-02-12T13:17:00,25842.45,25844.0,25838.25,25843.9,813026
1770882480,2026-02-12T13:18:00,25843.85,25862.4,25841.5,25861.85,978062
1770882540,2026-02-12T13:19:00,25861.75,25863.55,25851.6,25851.6,595630
1770882600,2026-02-12T13:20:00,25853.2,25853.2,25836.15,25837.05,587686
1770882660,2026-02-12T13:21:00,25837.2,25838.05,25830.75,25838.05,496467
1770882720,2026-02-12T13:22:00,25838.6,25843.9,25836.6,25843.9,478810
1770882780,2026-02-12T13:23:00,25844.55,25853.45,25843.35,25853.15,824502
1770882840,2026-02-12T13:24:00,25853.45,25861.75,25852.4,25860.45,1075445
1770882900,2026-02-12T13:25:00,25861.05,25869.7,25860.3,25869.7,926561
1770882960,2026-02-12T13:26:00,25869.55,25874.65,25868.65,25872.55,1198851
1770883020,2026-02-12T13:27:00,25873.95,25879.3,25873.7,25876.8,1044056
1770883080,2026-02-12T13:28:00,25878.05,25878.05,25865.3,25865.3,1023014
1770883140,2026-02-12T13:29:00,25867.75,25867.95,25853.45,25855.45,657045
1770883200,2026-02-12T13:30:00,25857.4,25859.45,25850.95,25851.35,1347268
1770883260,2026-02-12T13:31:00,25852.25,25853.0,25843.25,25843.25,980222
1770883320,2026-02-12T13:32:00,25845.6,25855.15,25842.85,25849.6,1166677
1770883380,2026-02-12T13:33:00,25851.45,25852.5,25846.3,25850.05,481630
1770883440,2026-02-12T13:34:00,25851.15,25852.75,25848.0,25849.45,492691
1770883500,2026-02-12T13:35:00,25850.1,25851.45,25846.8,25848.1,636348
1770883560,2026-02-12T13:36:00,25848.2,25849.35,25845.6,25845.7,592770
1770883620,2026-02-12T13:37:00,25847.4,25857.6,25845.35,25857.6,611876
1770883680,2026-02-12T13:38:00,25858.2,25860.0,25853.75,25854.9,493205
1770883740,2026-02-12T13:39:00,25855.75,25861.75,25854.15,25859.8,594054
1770883800,2026-02-12T13:40:00,25862.0,25862.0,25857.7,25860.15,550262
1770883860,2026-02-12T13:41:00,25860.6,25860.7,25844.2,25848.15,857824
1770883920,2026-02-12T13:42:00,25847.6,25851.8,25843.8,25848.25,721982
1770883980,2026-02-12T13:43:00,25849.8,25849.8,25841.55,25842.75,567310
1770884040,2026-02-12T13:44:00,25843.75,25848.1,25841.3,25844.85,968561
1770884100,2026-02-12T13:45:00,25845.05,25847.35,25839.9,25844.25,861975
1770884160,2026-02-12T13:46:00,25844.7,25844.75,25841.65,25844.1,539848
1770884220,2026-02-12T13:47:00,25845.55,25845.55,25838.85,25843.8,841645
1770884280,2026-02-12T13:48:00,25844.15,25846.2,25826.45,25826.95,1119579
1770884340,2026-02-12T13:49:00,25827.35,25827.35,25817.0,25817.5,1425631
1770884400,2026-02-12T13:50:00,25817.75,25820.4,25812.75,25817.0,1817731
1770884460,2026-02-12T13:51:00,25817.25,25817.65,25813.4,25816.45,1189709
1770884520,2026-02-12T13:52:00,25817.15,25817.15,25807.75,25811.35,1145346
1770884580,2026-02-12T13:53:00,25812.0,25812.0,25807.05,25807.8,1022423
1770884640,2026-02-12T13:54:00,25807.85,25821.65,25805.65,25821.65,736235
1770884700,2026-02-12T13:55:00,25822.4,25822.4,25816.7,25816.7,532635
1770884760,2026-02-12T13:56:00,25817.85,25824.55,25815.35,25819.15,571587
1770884820,2026-02-12T13:57:00,25820.85,25822.4,25818.3,25820.55,541194
1770884880,2026-02-12T13:58:00,25820.1,25821.85,25816.9,25819.75,404972
1770884940,2026-02-12T13:59:00,25821.45,25821.45,25816.2,25816.95,594459
1770885000,2026-02-12T14:00:00,25817.2,25820.85,25815.5,25816.05,573329
1770885060,2026-02-12T14:01:00,25817.95,25817.95,25811.4,25813.45,643794
1770885120,2026-02-12T14:02:00,25813.95,25815.0,25809.65,25810.2,640802
1770885180,2026-02-12T14:03:00,25812.1,25812.35,25807.25,25811.95,860847
1770885240,2026-02-12T14:04:00,25812.25,25820.0,25810.7,25817.8,589194
1770885300,2026-02-12T14:05:00,25817.9,25821.8,25814.2,25816.4,895089
1770885360,2026-02-12T14:06:00,25816.55,25821.95,25815.45,25819.05,625935
1770885420,2026-02-12T14:07:00,25819.3,25820.6,25814.5,25817.8,591446
1770885480,2026-02-12T14:08:00,25819.75,25822.5,25818.25,25820.75,610873
1770885540,2026-02-12T14:09:00,25820.95,25820.95,25814.15,25817.7,560897
1770885600,2026-02-12T14:10:00,25817.8,25818.1,25812.65,25815.85,470916
1770885660,2026-02-12T14:11:00,25816.6,25820.55,25815.35,25818.55,541088
1770885720,2026-02-12T14:12:00,25820.05,25821.6,25817.7,25820.3,650771
1770885780,2026-02-12T14:13:00,25819.9,25820.2,25813.45,25816.4,707153
1770885840,2026-02-12T14:14:00,25818.1,25818.55,25814.85,25817.55,440345
1770885900,2026-02-12T14:15:00,25818.2,25818.35,25813.8,25814.55,481741
1770885960,2026-02-12T14:16:00,25815.15,25815.85,25811.6,25815.05,419362
1770886020,2026-02-12T14:17:00,25814.6,25815.0,25809.7,25812.1,494624
1770886080,2026-02-12T14:18:00,25811.95,25812.9,25808.15,25811.05,553593
1770886140,2026-02-12T14:19:00,25810.75,25811.1,25803.25,25807.9,553375
1770886200,2026-02-12T14:20:00,25807.95,25821.4,25806.75,25820.65,785847
1770886260,2026-02-12T14:21:00,25821.15,25823.8,25819.45,25823.75,921136
1770886320,2026-02-12T14:22:00,25823.85,25830.2,25823.45,25828.45,983622
1770886380,2026-02-12T14:23:00,25828.7,25834.7,25828.0,25832.1,1304564
1770886440,2026-02-12T14:24:00,25832.7,25836.35,25831.55,25833.35,1174343
1770886500,2026-02-12T14:25:00,25833.75,25837.85,25832.35,25833.55,1191463
1770886560,2026-02-12T14:26:00,25834.45,25835.8,25826.55,25826.55,1233444
1770886620,2026-02-12T14:27:00,25826.65,25827.3,25821.45,25823.55,704097
1770886680,2026-02-12T14:28:00,25823.8,25826.5,25820.65,25823.5,687343
1770886740,2026-02-12T14:29:00,25825.3,25827.7,25820.3,25823.7,746134
1770886800,2026-02-12T14:30:00,25823.4,25825.5,25818.5,25825.5,716835
1770886860,2026-02-12T14:31:00,25825.05,25829.55,25824.2,25826.75,922961
1770886920,2026-02-12T14:32:00,25827.0,25828.95,25822.45,25825.8,718428
1770886980,2026-02-12T14:33:00,25826.85,25829.0,25824.25,25826.95,1088422
1770887040,2026-02-12T14:34:00,25825.7,25828.8,25821.85,25823.9,1361389
1770887100,2026-02-12T14:35:00,25823.45,25827.95,25821.3,25825.0,856860
1770887160,2026-02-12T14:36:00,25826.2,25829.65,25824.1,25826.35,1759797
1770887220,2026-02-12T14:37:00,25826.2,25826.2,25813.5,25816.5,1194768
1770887280,2026-02-12T14:38:00,25817.7,25817.95,25805.8,25806.25,1585749
1770887340,2026-02-12T14:39:00,25807.05,25809.65,25804.0,25808.2,1178810
1770887400,2026-02-12T14:40:00,25808.75,25816.0,25807.75,25815.65,842757
1770887460,2026-02-12T14:41:00,25815.8,25817.8,25811.9,25817.75,500421
1770887520,2026-02-12T14:42:00,25818.25,25819.5,25811.5,25811.9,844018
1770887580,2026-02-12T14:43:00,25812.1,25814.3,25804.75,25804.75,1000697
1770887640,2026-02-12T14:44:00,25805.75,25806.15,25794.55,25797.3,1128854
1770887700,2026-02-12T14:45:00,25796.95,25798.75,25789.75,25790.8,1323182
1770887760,2026-02-12T14:46:00,25791.2,25792.55,25781.1,25782.25,1834955
1770887820,2026-02-12T14:47:00,25781.95,25781.95,25767.4,25768.25,1836483
1770887880,2026-02-12T14:48:00,25767.75,25769.5,25757.8,25761.35,1916294
1770887940,2026-02-12T14:49:00,25762.3,25763.3,25752.4,25759.0,1662360
1770888000,2026-02-12T14:50:00,25760.6,25774.55,25754.9,25771.5,1097269
1770888060,2026-02-12T14:51:00,25771.5,25773.3,25757.6,25767.0,1436893
1770888120,2026-02-12T14:52:00,25766.95,25774.2,25765.1,25771.9,934045
1770888180,2026-02-12T14:53:00,25772.3,25775.65,25764.9,25773.1,983281
1770888240,2026-02-12T14:54:00,25772.95,25776.7,25771.1,25775.4,1011777
1770888300,2026-02-12T14:55:00,25776.35,25782.85,25775.1,25776.55,1062094
1770888360,2026-02-12T14:56:00,25776.95,25784.15,25776.95,25779.45,948689
1770888420,2026-02-12T14:57:00,25780.6,25784.7,25778.75,25780.75,865594
1770888480,2026-02-12T14:58:00,25780.5,25784.35,25779.75,25781.9,857162
1770888540,2026-02-12T14:59:00,25781.9,25788.15,25781.7,25785.5,1201723
1770888600,2026-02-12T15:00:00,25788.95,25800.35,25788.4,25800.35,2709472
1770888660,2026-02-12T15:01:00,25800.55,25807.5,25799.8,25806.2,2351859
1770888720,2026-02-12T15:02:00,25807.15,25818.25,25807.15,25817.35,1956991
1770888780,2026-02-12T15:03:00,25817.75,25839.4,25817.75,25839.05,5018120
1770888840,2026-02-12T15:04:00,25838.65,25840.7,25821.95,25823.95,3706077
1770888900,2026-02-12T15:05:00,25823.2,25824.25,25800.6,25800.6,3641264
1770888960,2026-02-12T15:06:00,25801.35,25802.65,25796.1,25802.15,3205279
1770889020,2026-02-12T15:07:00,25801.45,25802.1,25791.15,25791.5,3136929
1770889080,2026-02-12T15:08:00,25792.7,25817.7,25792.65,25817.7,2617040
1770889140,2026-02-12T15:09:00,25817.55,25826.9,25815.75,25821.4,2310445
1770889200,2026-02-12T15:10:00,25820.9,25821.7,25812.0,25814.95,2434379
1770889260,2026-02-12T15:11:00,25813.45,25817.15,25809.4,25812.3,2204146
1770889320,2026-02-12T15:12:00,25813.0,25815.45,25809.2,25813.05,1948001
1770889380,2026-02-12T15:13:00,25811.7,25819.65,25808.3,25810.95,2536712
1770889440,2026-02-12T15:14:00,25807.8,25810.05,25802.4,25807.45,2637583
1770889500,2026-02-12T15:15:00,25805.35,25811.05,25805.35,25809.2,2346075
1770889560,2026-02-12T15:16:00,25807.45,25811.45,25797.45,25811.35,3708976
1770889620,2026-02-12T15:17:00,25809.35,25814.8,25804.35,25805.85,2688918
1770889680,2026-02-12T15:18:00,25804.3,25807.1,25801.2,25807.1,2408140
1770889740,2026-02-12T15:19:00,25805.3,25810.55,25805.3,25810.55,2220980
1770889800,2026-02-12T15:20:00,25809.4,25811.6,25805.0,25807.3,3188013
1770889860,2026-02-12T15:21:00,25804.35,25807.55,25803.85,25807.55,2186197
1770889920,2026-02-12T15:22:00,25805.1,25807.5,25803.9,25806.25,2118891
1770889980,2026-02-12T15:23:00,25804.75,25805.65,25799.75,25801.3,2146763
1770890040,2026-02-12T15:24:00,25799.9,25801.85,25795.5,25799.5,3106689
1770890100,2026-02-12T15:25:00,25796.35,25803.55,25793.65,25800.5,2943763
1770890160,2026-02-12T15:26:00,25797.15,25800.5,25794.75,25798.05,2039701
1770890220,2026-02-12T15:27:00,25795.7,25798.95,25794.75,25797.85,2475294
1770890280,2026-02-12T15:28:00,25798.5,25803.65,25795.3,25802.2,2146195
1770890340,2026-02-12T15:29:00,25801.8,25802.95,25790.4,25796.15,1612110
1770954300,2026-02-13T09:15:00,25571.15,25630.35,25558.3,25589.4,10902797
1770954360,2026-02-13T09:16:00,25588.65,25592.75,25575.85,25590.65,4917562
1770954420,2026-02-13T09:17:00,25590.5,25605.3,25585.75,25598.55,3800419
1770954480,2026-02-13T09:18:00,25597.55,25617.25,25597.55,25606.5,2637162
1770954540,2026-02-13T09:19:00,25606.65,25610.55,25588.6,25596.4,2418564
1770954600,2026-02-13T09:20:00,25597.1,25597.4,25581.35,25597.4,2503682
1770954660,2026-02-13T09:21:00,25600.05,25601.9,25585.8,25587.9,2217277
1770954720,2026-02-13T09:22:00,25588.55,25593.65,25580.1,25582.5,1765409
1770954780,2026-02-13T09:23:00,25582.85,25597.7,25581.6,25596.65,1715008
1770954840,2026-02-13T09:24:00,25595.5,25605.65,25594.35,25602.65,2051907
1770954900,2026-02-13T09:25:00,25605.0,25605.0,25591.55,25591.55,1787542
1770954960,2026-02-13T09:26:00,25594.5,25604.35,25585.25,25587.5,2746147
1770955020,2026-02-13T09:27:00,25588.5,25599.4,25585.65,25592.85,1290017
1770955080,2026-02-13T09:28:00,25594.4,25594.4,25587.0,25591.25,1487881
1770955140,2026-02-13T09:29:00,25590.5,25590.95,25583.95,25585.7,1437319
1770955200,2026-02-13T09:30:00,25586.1,25586.1,25564.5,25566.1,2096071
1770955260,2026-02-13T09:31:00,25566.2,25576.75,25565.9,25565.9,1538823
1770955320,2026-02-13T09:32:00,25566.6,25566.6,25554.8,25559.9,1483063
1770955380,2026-02-13T09:33:00,25560.0,25567.75,25559.35,25561.2,1234298
1770955440,2026-02-13T09:34:00,25562.0,25562.0,25544.85,25547.7,1574597
1770955500,2026-02-13T09:35:00,25549.0,25550.9,25544.0,25549.2,2204797
1770955560,2026-02-13T09:36:00,25549.4,25550.55,25540.95,25543.15,1200789
1770955620,2026-02-13T09:37:00,25542.05,25545.8,25538.2,25542.65,1243054
1770955680,2026-02-13T09:38:00,25543.05,25548.35,25541.95,25542.55,1623484
1770955740,2026-02-13T09:39:00,25543.35,25543.35,25533.9,25538.3,2942900
1770955800,2026-02-13T09:40:00,25537.4,25538.85,25525.45,25533.9,2553885
1770955860,2026-02-13T09:41:00,25534.95,25550.55,25533.7,25549.15,1785154
1770955920,2026-02-13T09:42:00,25551.35,25558.0,25549.65,25554.7,1932467
1770955980,2026-02-13T09:43:00,25554.7,25564.85,25554.7,25564.25,2130578
1770956040,2026-02-13T09:44:00,25563.75,25566.25,25552.75,25560.85,1318928
1770956100,2026-02-13T09:45:00,25560.75,25564.45,25555.55,25561.95,1688745
1770956160,2026-02-13T09:46:00,25561.6,25563.95,25549.9,25557.8,1542222
1770956220,2026-02-13T09:47:00,25557.45,25559.5,25546.95,25548.05,1370258
1770956280,2026-02-13T09:48:00,25549.85,25557.45,25548.05,25550.25,1123830
1770956340,2026-02-13T09:49:00,25551.05,25551.35,25541.05,25544.25,904236
1770956400,2026-02-13T09:50:00,25543.2,25547.2,25537.25,25540.35,1231056
1770956460,2026-02-13T09:51:00,25540.95,25548.95,25537.05,25548.05,1373241
1770956520,2026-02-13T09:52:00,25548.95,25558.3,25548.6,25555.6,965399
1770956580,2026-02-13T09:53:00,25557.2,25565.05,25555.95,25561.1,861384
1770956640,2026-02-13T09:54:00,25561.3,25565.3,25553.1,25553.65,945221
1770956700,2026-02-13T09:55:00,25553.15,25555.05,25544.7,25544.7,1304668
1770956760,2026-02-13T09:56:00,25545.45,25546.3,25532.35,25536.6,1132879
1770956820,2026-02-13T09:57:00,25536.8,25538.05,25531.5,25536.0,980119
1770956880,2026-02-13T09:58:00,25536.4,25539.95,25532.05,25535.1,986043
1770956940,2026-02-13T09:59:00,25536.85,25541.0,25533.7,25534.45,950512
1770957000,2026-02-13T10:00:00,25534.65,25542.2,25532.5,25536.6,1231910
1770957060,2026-02-13T10:01:00,25538.05,25548.5,25537.55,25547.2,1141428
1770957120,2026-02-13T10:02:00,25547.65,25548.7,25537.25,25539.95,1161383
1770957180,2026-02-13T10:03:00,25540.2,25546.2,25537.35,25543.6,1829705
1770957240,2026-02-13T10:04:00,25543.8,25550.7,25538.65,25549.0,936049
1770957300,2026-02-13T10:05:00,25549.85,25550.5,25540.85,25542.35,629639
1770957360,2026-02-13T10:06:00,25542.5,25544.05,25537.4,25537.9,682139
1770957420,2026-02-13T10:07:00,25538.0,25544.25,25535.65,25540.6,738476
1770957480,2026-02-13T10:08:00,25539.85,25541.55,25535.35,25538.4,1036939
1770957540,2026-02-13T10:09:00,25538.15,25539.05,25531.7,25534.95,911144
1770957600,2026-02-13T10:10:00,25535.8,25536.45,25529.85,25531.2,1165342
1770957660,2026-02-13T10:11:00,25530.7,25537.25,25529.35,25535.35,872077
1770957720,2026-02-13T10:12:00,25535.4,25544.75,25532.9,25543.8,815137
1770957780,2026-02-13T10:13:00,25543.95,25546.95,25537.4,25537.65,958008
1770957840,2026-02-13T10:14:00,25537.25,25539.45,25529.7,25531.75,826802
1770957900,2026-02-13T10:15:00,25531.5,25533.05,25522.15,25527.75,1274456
1770957960,2026-02-13T10:16:00,25528.05,25528.65,25522.5,25524.75,1165165
1770958020,2026-02-13T10:17:00,25525.0,25525.1,25513.3,25516.45,1021098
1770958080,2026-02-13T10:18:00,25517.3,25528.05,25516.35,25526.75,887992
1770958140,2026-02-13T10:19:00,25527.0,25530.4,25521.9,25526.25,1537096
1770958200,2026-02-13T10:20:00,25527.0,25534.95,25524.15,25532.75,879421
1770958260,2026-02-13T10:21:00,25532.3,25532.3,25525.5,25529.8,823732
1770958320,2026-02-13T10:22:00,25530.75,25531.65,25524.0,25526.7,855317
1770958380,2026-02-13T10:23:00,25527.6,25539.9,25526.4,25536.95,1216773
1770958440,2026-02-13T10:24:00,25537.85,25540.7,25535.1,25538.9,3422197
1770958500,2026-02-13T10:25:00,25539.75,25544.4,25538.55,25541.8,1517389
1770958560,2026-02-13T10:26:00,25542.0,25549.2,25539.55,25548.85,1450404
1770958620,2026-02-13T10:27:00,25549.6,25551.75,25543.55,25551.75,605946
1770958680,2026-02-13T10:28:00,25551.8,25553.25,25544.9,25546.25,838602
1770958740,2026-02-13T10:29:00,25545.75,25550.4,25543.5,25548.95,972015
1770958800,2026-02-13T10:30:00,25548.55,25562.7,25548.25,25556.35,1144368
1770958860,2026-02-13T10:31:00,25557.25,25560.85,25550.0,25560.05,1186453
1770958920,2026-02-13T10:32:00,25560.0,25564.4,25558.6,25560.35,1437531
1770958980,2026-02-13T10:33:00,25560.95,25567.8,25556.55,25566.0,1465170
1770959040,2026-02-13T10:34:00,25566.05,25572.15,25565.5,25567.3,1652656
1770959100,2026-02-13T10:35:00,25567.25,25574.7,25564.3,25569.95,1753672
1770959160,2026-02-13T10:36:00,25569.9,25571.7,25562.7,25564.9,1128890
1770959220,2026-02-13T10:37:00,25565.95,25572.95,25563.7,25571.25,1179653
1770959280,2026-02-13T10:38:00,25571.55,25574.05,25568.4,25572.65,1066849
1770959340,2026-02-13T10:39:00,25573.4,25581.65,25572.1,25579.4,1952718
1770959400,2026-02-13T10:40:00,25578.95,25580.2,25573.55,25579.2,1261775
1770959460,2026-02-13T10:41:00,25579.8,25581.0,25571.4,25571.4,926053
1770959520,2026-02-13T10:42:00,25572.9,25583.75,25570.25,25583.4,1260227
1770959580,2026-02-13T10:43:00,25583.2,25584.3,25579.55,25580.7,1888650
1770959640,2026-02-13T10:44:00,25581.15,25581.6,25572.15,25574.1,1220984
1770959700,2026-02-13T10:45:00,25573.3,25573.75,25568.95,25568.95,971270
1770959760,2026-02-13T10:46:00,25569.3,25571.85,25564.35,25570.5,1135426
1770959820,2026-02-13T10:47:00,25570.5,25570.75,25561.05,25563.45,846272
1770959880,2026-02-13T10:48:00,25564.2,25568.8,25562.5,25567.85,663994
1770959940,2026-02-13T10:49:00,25567.95,25568.05,25557.85,25558.1,705005
1770960000,2026-02-13T10:50:00,25558.15,25558.15,25543.95,25547.55,1134210
1770960060,2026-02-13T10:51:00,25548.1,25554.6,25548.1,25553.4,799029
1770960120,2026-02-13T10:52:00,25553.6,25563.7,25553.25,25563.1,750106
1770960180,2026-02-13T10:53:00,25564.3,25566.3,25558.55,25558.55,614093
1770960240,2026-02-13T10:54:00,25558.35,25561.2,25556.55,25559.85,649273
1770960300,2026-02-13T10:55:00,25560.0,25569.7,25557.85,25569.4,623539
1770960360,2026-02-13T10:56:00,25569.8,25574.6,25567.65,25573.35,684179
1770960420,2026-02-13T10:57:00,25572.35,25573.95,25564.7,25565.55,594972
1770960480,2026-02-13T10:58:00,25565.65,25570.0,25562.75,25563.55,623700
1770960540,2026-02-13T10:59:00,25565.4,25565.4,25559.75,25560.5,804721
1770960600,2026-02-13T11:00:00,25561.9,25562.05,25555.35,25562.05,595513
1770960660,2026-02-13T11:01:00,25562.6,25563.75,25555.7,25557.7,858207
1770960720,2026-02-13T11:02:00,25557.85,25557.85,25544.1,25546.4,806061
1770960780,2026-02-13T11:03:00,25546.35,25555.6,25545.25,25555.6,769701
1770960840,2026-02-13T11:04:00,25554.7,25555.1,25544.4,25545.35,530194
1770960900,2026-02-13T11:05:00,25545.4,25547.35,25541.8,25541.85,602192
1770960960,2026-02-13T11:06:00,25542.05,25545.8,25540.75,25544.35,482318
1770961020,2026-02-13T11:07:00,25544.45,25544.6,25538.75,25539.9,1156629
1770961080,2026-02-13T11:08:00,25540.05,25543.05,25536.45,25539.9,629642
1770961140,2026-02-13T11:09:00,25539.3,25540.25,25533.05,25536.4,596924
1770961200,2026-02-13T11:10:00,25537.15,25544.25,25536.7,25541.7,541791
1770961260,2026-02-13T11:11:00,25542.05,25548.15,25541.45,25544.35,541293
1770961320,2026-02-13T11:12:00,25544.05,25546.4,25542.1,25544.3,1031710
1770961380,2026-02-13T11:13:00,25545.35,25547.65,25542.55,25546.5,935532
1770961440,2026-02-13T11:14:00,25546.55,25554.2,25545.05,25554.2,1778405
1770961500,2026-02-13T11:15:00,25553.7,25555.95,25548.05,25549.5,789491
1770961560,2026-02-13T11:16:00,25550.25,25550.9,25543.2,25543.55,567801
1770961620,2026-02-13T11:17:00,25543.5,25544.4,25534.3,25534.8,667182
1770961680,2026-02-13T11:18:00,25535.05,25536.35,25529.15,25530.3,875082
1770961740,2026-02-13T11:19:00,25530.3,25532.2,25526.1,25532.2,971282
1770961800,2026-02-13T11:20:00,25531.9,25534.95,25529.3,25532.25,989078
1770961860,2026-02-13T11:21:00,25532.85,25536.4,25530.1,25534.7,660698
1770961920,2026-02-13T11:22:00,25534.45,25535.15,25527.35,25529.4,729587
1770961980,2026-02-13T11:23:00,25529.85,25533.6,25527.1,25531.4,614648
1770962040,2026-02-13T11:24:00,25531.35,25533.4,25522.8,25533.1,713438
1770962100,2026-02-13T11:25:00,25533.25,25536.55,25531.1,25536.55,585148
1770962160,2026-02-13T11:26:00,25536.2,25545.35,25532.05,25545.35,1229094
1770962220,2026-02-13T11:27:00,25545.1,25548.15,25542.85,25544.2,707081
1770962280,2026-02-13T11:28:00,25544.5,25546.7,25540.1,25543.7,823181
1770962340,2026-02-13T11:29:00,25543.4,25550.9,25541.05,25548.8,548774
1770962400,2026-02-13T11:30:00,25548.85,25549.7,25531.45,25531.85,857975
1770962460,2026-02-13T11:31:00,25533.45,25540.55,25529.75,25538.7,643551
1770962520,2026-02-13T11:32:00,25539.45,25539.5,25532.65,25534.8,621470
1770962580,2026-02-13T11:33:00,25534.3,25542.5,25532.65,25534.45,471847
1770962640,2026-02-13T11:34:00,25535.25,25536.65,25529.25,25530.05,675651
1770962700,2026-02-13T11:35:00,25531.35,25533.7,25526.5,25532.0,540066
1770962760,2026-02-13T11:36:00,25532.3,25533.45,25527.45,25527.8,499925
1770962820,2026-02-13T11:37:00,25528.2,25534.75,25528.2,25534.3,767388
1770962880,2026-02-13T11:38:00,25535.25,25537.45,25529.3,25530.15,888907
1770962940,2026-02-13T11:39:00,25529.2,25535.3,25528.35,25531.25,1103634
1770963000,2026-02-13T11:40:00,25530.9,25533.25,25529.85,25530.7,738759
1770963060,2026-02-13T11:41:00,25530.95,25531.15,25525.05,25530.4,732911
1770963120,2026-02-13T11:42:00,25531.3,25537.5,25527.95,25531.4,882324
1770963180,2026-02-13T11:43:00,25532.75,25541.7,25532.0,25538.5,1349539
1770963240,2026-02-13T11:44:00,25538.45,25551.05,25538.2,25549.6,936983
1770963300,2026-02-13T11:45:00,25550.8,25554.85,25546.75,25552.4,839404
1770963360,2026-02-13T11:46:00,25552.9,25554.5,25546.85,25548.45,1574417
1770963420,2026-02-13T11:47:00,25548.0,25552.95,25546.8,25551.85,658110
1770963480,2026-02-13T11:48:00,25551.65,25554.15,25548.55,25548.55,635678
1770963540,2026-02-13T11:49:00,25549.3,25549.6,25543.4,25548.45,642896
1770963600,2026-02-13T11:50:00,25548.85,25551.45,25544.55,25550.6,1103835
1770963660,2026-02-13T11:51:00,25550.65,25556.05,25549.05,25553.9,705986
1770963720,2026-02-13T11:52:00,25553.75,25553.75,25547.65,25552.0,1043869
1770963780,2026-02-13T11:53:00,25552.35,25555.5,25551.5,25554.05,1279968
1770963840,2026-02-13T11:54:00,25555.35,25557.0,25550.95,25551.8,892790
1770963900,2026-02-13T11:55:00,25552.4,25556.35,25548.2,25555.7,894961
1770963960,2026-02-13T11:56:00,25555.95,25557.45,25551.2,25555.6,905577
1770964020,2026-02-13T11:57:00,25555.2,25559.8,25553.3,25557.8,700105
1770964080,2026-02-13T11:58:00,25558.25,25561.25,25554.05,25554.45,779915
1770964140,2026-02-13T11:59:00,25554.95,25559.55,25551.35,25558.85,688311
1770964200,2026-02-13T12:00:00,25559.0,25564.85,25558.05,25558.35,582222
1770964260,2026-02-13T12:01:00,25559.05,25561.7,25557.4,25559.2,530243
1770964320,2026-02-13T12:02:00,25560.0,25568.4,25558.9,25567.4,660653
1770964380,2026-02-13T12:03:00,25567.85,25568.5,25563.55,25565.25,627475
1770964440,2026-02-13T12:04:00,25566.1,25566.1,25554.95,25562.65,840018
1770964500,2026-02-13T12:05:00,25562.15,25564.0,25560.4,25563.2,937982
1770964560,2026-02-13T12:06:00,25563.95,25572.55,25562.05,25572.55,985136
1770964620,2026-02-13T12:07:00,25572.7,25573.9,25567.05,25568.15,798247
1770964680,2026-02-13T12:08:00,25569.85,25571.25,25566.85,25568.6,1028742
1770964740,2026-02-13T12:09:00,25569.25,25575.55,25568.05,25568.8,972584
1770964800,2026-02-13T12:10:00,25568.55,25569.45,25562.15,25566.25,848963
1770964860,2026-02-13T12:11:00,25566.95,25575.65,25564.85,25569.4,885602
1770964920,2026-02-13T12:12:00,25569.6,25576.7,25564.05,25566.95,2718054
1770964980,2026-02-13T12:13:00,25567.7,25571.8,25564.4,25569.2,1019515
1770965040,2026-02-13T12:14:00,25570.5,25574.85,25566.05,25573.4,1415371
1770965100,2026-02-13T12:15:00,25573.5,25576.15,25568.75,25568.75,1023241
1770965160,2026-02-13T12:16:00,25569.25,25569.25,25562.05,25562.3,961047
1770965220,2026-02-13T12:17:00,25562.5,25565.8,25557.7,25560.2,845911
1770965280,2026-02-13T12:18:00,25561.65,25570.65,25560.45,25567.7,963398
1770965340,2026-02-13T12:19:00,25567.25,25572.3,25565.55,25572.3,668923
1770965400,2026-02-13T12:20:00,25572.6,25578.2,25569.15,25576.0,648922
1770965460,2026-02-13T12:21:00,25578.2,25578.2,25572.35,25572.75,602997
1770965520,2026-02-13T12:22:00,25573.05,25577.75,25572.85,25576.25,558641
1770965580,2026-02-13T12:23:00,25576.9,25579.4,25572.7,25574.45,757372
1770965640,2026-02-13T12:24:00,25574.6,25582.45,25574.6,25580.3,940411
1770965700,2026-02-13T12:25:00,25580.45,25584.35,25578.2,25583.3,794813
1770965760,2026-02-13T12:26:00,25584.4,25589.7,25581.6,25589.1,901492
1770965820,2026-02-13T12:27:00,25590.05,25604.25,25587.7,25603.9,794500
1770965880,2026-02-13T12:28:00,25603.95,25603.95,25591.1,25591.35,1154264
1770965940,2026-02-13T12:29:00,25591.8,25593.05,25583.6,25585.3,840282
1770966000,2026-02-13T12:30:00,25585.8,25588.55,25578.75,25580.95,1088190
1770966060,2026-02-13T12:31:00,25581.75,25586.75,25579.35,25581.0,1203073
1770966120,2026-02-13T12:32:00,25581.45,25585.65,25576.5,25584.4,878687
1770966180,2026-02-13T12:33:00,25584.75,25589.7,25581.2,25588.65,917895
1770966240,2026-02-13T12:34:00,25588.65,25606.05,25588.65,25602.45,1870582
1770966300,2026-02-13T12:35:00,25602.5,25602.75,25594.65,25594.9,1610105
1770966360,2026-02-13T12:36:00,25596.15,25596.8,25588.25,25590.2,945739
1770966420,2026-02-13T12:37:00,25590.85,25590.85,25581.9,25589.1,987771
1770966480,2026-02-13T12:38:00,25588.45,25589.45,25585.05,25586.5,722033
1770966540,2026-02-13T12:39:00,25588.05,25594.8,25586.7,25593.25,599560
1770966600,2026-02-13T12:40:00,25593.5,25594.6,25586.7,25589.2,844095
1770966660,2026-02-13T12:41:00,25589.5,25589.85,25580.25,25580.75,678248
1770966720,2026-02-13T12:42:00,25580.75,25586.85,25579.35,25584.35,896576
1770966780,2026-02-13T12:43:00,25585.5,25586.3,25580.45,25582.8,418149
1770966840,2026-02-13T12:44:00,25583.7,25586.55,25583.05,25584.0,413065
1770966900,2026-02-13T12:45:00,25585.15,25589.7,25582.15,25588.35,478760
1770966960,2026-02-13T12:46:00,25588.9,25596.85,25588.75,25591.4,862972
1770967020,2026-02-13T12:47:00,25591.3,25591.75,25583.3,25585.1,3537830
1770967080,2026-02-13T12:48:00,25585.35,25585.9,25577.2,25578.95,974955
1770967140,2026-02-13T12:49:00,25579.0,25582.0,25570.0,25571.6,828619
1770967200,2026-02-13T12:50:00,25571.55,25571.55,25559.3,25561.1,948903
1770967260,2026-02-13T12:51:00,25561.5,25568.9,25561.5,25567.7,773412
1770967320,2026-02-13T12:52:00,25568.35,25569.0,25560.45,25562.4,479538
1770967380,2026-02-13T12:53:00,25562.25,25563.9,25555.55,25555.55,873924
1770967440,2026-02-13T12:54:00,25556.55,25558.2,25553.7,25556.95,701768
1770967500,2026-02-13T12:55:00,25557.1,25557.85,25550.35,25550.7,685312
1770967560,2026-02-13T12:56:00,25550.45,25550.55,25546.3,25547.65,660924
1770967620,2026-02-13T12:57:00,25548.0,25555.75,25546.0,25555.4,546308
1770967680,2026-02-13T12:58:00,25556.5,25560.05,25544.65,25546.0,828143
1770967740,2026-02-13T12:59:00,25546.9,25549.9,25537.6,25542.05,894197
1770967800,2026-02-13T13:00:00,25542.95,25553.05,25541.7,25550.2,613137
1770967860,2026-02-13T13:01:00,25550.65,25552.45,25544.45,25544.95,609021
1770967920,2026-02-13T13:02:00,25544.8,25546.75,25538.1,25538.1,720277
1770967980,2026-02-13T13:03:00,25538.95,25541.6,25534.1,25540.25,804455
1770968040,2026-02-13T13:04:00,25541.25,25542.5,25537.7,25542.5,947559
1770968100,2026-02-13T13:05:00,25542.8,25543.1,25536.65,25540.65,586728
1770968160,2026-02-13T13:06:00,25541.25,25541.55,25532.85,25534.8,508798
1770968220,2026-02-13T13:07:00,25534.25,25536.1,25531.65,25536.1,473997
1770968280,2026-02-13T13:08:00,25536.4,25541.05,25536.4,25538.35,599296
1770968340,2026-02-13T13:09:00,25539.45,25549.3,25539.45,25549.1,720069
1770968400,2026-02-13T13:10:00,25549.9,25553.4,25548.2,25549.8,929768
1770968460,2026-02-13T13:11:00,25550.7,25567.6,25548.6,25567.3,876788
1770968520,2026-02-13T13:12:00,25568.45,25578.0,25566.75,25572.05,915621
1770968580,2026-02-13T13:13:00,25571.7,25576.1,25569.65,25571.0,605765
1770968640,2026-02-13T13:14:00,25571.35,25576.05,25566.95,25574.7,1270399
1770968700,2026-02-13T13:15:00,25575.65,25582.55,25574.6,25580.55,658697
1770968760,2026-02-13T13:16:00,25579.0,25580.95,25570.4,25571.5,574835
1770968820,2026-02-13T13:17:00,25572.0,25573.65,25570.2,25572.85,494721
1770968880,2026-02-13T13:18:00,25572.5,25581.05,25571.9,25580.95,547283
1770968940,2026-02-13T13:19:00,25581.35,25586.85,25581.35,25585.15,543813
1770969000,2026-02-13T13:20:00,25584.6,25584.75,25569.55,25569.8,529138
1770969060,2026-02-13T13:21:00,25569.5,25569.75,25567.1,25568.75,421436
1770969120,2026-02-13T13:22:00,25568.9,25569.45,25565.1,25567.15,406959
1770969180,2026-02-13T13:23:00,25567.1,25567.35,25552.0,25555.15,690546
1770969240,2026-02-13T13:24:00,25555.3,25558.55,25553.2,25553.2,597331
1770969300,2026-02-13T13:25:00,25554.05,25554.15,25546.35,25547.65,583195
1770969360,2026-02-13T13:26:00,25548.4,25551.2,25543.35,25543.7,570007
1770969420,2026-02-13T13:27:00,25543.65,25545.65,25541.65,25543.9,497842
1770969480,2026-02-13T13:28:00,25544.0,25548.65,25543.15,25548.65,513874
1770969540,2026-02-13T13:29:00,25548.95,25552.6,25546.65,25546.65,518631
1770969600,2026-02-13T13:30:00,25546.9,25552.5,25545.05,25549.35,532712
1770969660,2026-02-13T13:31:00,25551.35,25551.4,25541.75,25542.7,903958
1770969720,2026-02-13T13:32:00,25542.8,25544.7,25533.2,25535.85,874599
1770969780,2026-02-13T13:33:00,25537.25,25550.0,25535.1,25550.0,891397
1770969840,2026-02-13T13:34:00,25549.9,25550.65,25540.95,25542.4,675768
1770969900,2026-02-13T13:35:00,25542.95,25549.55,25541.45,25544.7,579797
1770969960,2026-02-13T13:36:00,25545.05,25547.25,25542.05,25546.65,610503
1770970020,2026-02-13T13:37:00,25546.65,25553.4,25546.5,25552.0,620872
1770970080,2026-02-13T13:38:00,25552.95,25552.95,25543.25,25545.0,669437
1770970140,2026-02-13T13:39:00,25544.8,25548.5,25542.9,25546.95,507555
1770970200,2026-02-13T13:40:00,25548.2,25550.9,25543.0,25545.25,537874
1770970260,2026-02-13T13:41:00,25548.5,25548.9,25543.25,25547.95,684161
1770970320,2026-02-13T13:42:00,25549.65,25553.8,25548.65,25550.8,547478
1770970380,2026-02-13T13:43:00,25550.6,25551.9,25542.65,25543.25,826287
1770970440,2026-02-13T13:44:00,25543.75,25545.3,25538.65,25539.2,552678
1770970500,2026-02-13T13:45:00,25538.9,25540.15,25533.1,25533.45,641454
1770970560,2026-02-13T13:46:00,25533.65,25535.2,25524.8,25525.1,777755
1770970620,2026-02-13T13:47:00,25526.15,25526.15,25515.6,25516.15,811574
1770970680,2026-02-13T13:48:00,25515.75,25519.9,25513.85,25516.8,610645
1770970740,2026-02-13T13:49:00,25517.35,25517.45,25505.05,25510.3,1147775
1770970800,2026-02-13T13:50:00,25510.5,25514.35,25506.65,25506.65,1281550
1770970860,2026-02-13T13:51:00,25506.35,25510.2,25499.9,25503.35,869398
1770970920,2026-02-13T13:52:00,25502.55,25513.0,25502.0,25510.0,575394
1770970980,2026-02-13T13:53:00,25510.2,25512.15,25505.75,25511.0,652070
1770971040,2026-02-13T13:54:00,25510.0,25517.6,25509.25,25517.15,1114426
1770971100,2026-02-13T13:55:00,25517.05,25525.85,25516.7,25521.95,717465
1770971160,2026-02-13T13:56:00,25522.9,25525.15,25518.65,25519.55,578147
1770971220,2026-02-13T13:57:00,25520.2,25528.25,25518.8,25526.3,959824
1770971280,2026-02-13T13:58:00,25526.1,25530.8,25523.55,25529.35,828845
1770971340,2026-02-13T13:59:00,25529.95,25531.2,25524.1,25524.5,1969167
1770971400,2026-02-13T14:00:00,25525.15,25527.75,25519.65,25520.1,894480
1770971460,2026-02-13T14:01:00,25519.95,25520.5,25514.6,25515.0,827764
1770971520,2026-02-13T14:02:00,25515.55,25527.95,25513.7,25527.25,926823
1770971580,2026-02-13T14:03:00,25527.0,25529.35,25522.35,25528.2,1144010
1770971640,2026-02-13T14:04:00,25528.45,25530.85,25525.65,25526.25,649133
1770971700,2026-02-13T14:05:00,25526.1,25538.0,25524.45,25534.0,2514546
1770971760,2026-02-13T14:06:00,25532.75,25539.25,25531.5,25532.45,886354
1770971820,2026-02-13T14:07:00,25532.95,25532.95,25527.75,25530.4,592328
1770971880,2026-02-13T14:08:00,25529.45,25530.05,25516.85,25518.3,1171002
1770971940,2026-02-13T14:09:00,25517.9,25521.9,25515.55,25518.9,1173767
1770972000,2026-02-13T14:10:00,25518.5,25519.85,25513.6,25518.3,784126
1770972060,2026-02-13T14:11:00,25518.75,25529.55,25516.55,25526.6,673688
1770972120,2026-02-13T14:12:00,25527.1,25531.3,25526.45,25529.95,733076
1770972180,2026-02-13T14:13:00,25530.85,25532.6,25527.05,25529.55,868488
1770972240,2026-02-13T14:14:00,25530.15,25535.35,25529.35,25534.6,716208
1770972300,2026-02-13T14:15:00,25535.0,25538.4,25532.55,25533.3,902386
1770972360,2026-02-13T14:16:00,25533.45,25537.25,25531.95,25535.45,714534
1770972420,2026-02-13T14:17:00,25536.4,25538.35,25527.85,25530.6,882683
1770972480,2026-02-13T14:18:00,25531.8,25532.75,25526.85,25528.4,702666
1770972540,2026-02-13T14:19:00,25527.85,25528.3,25524.8,25527.95,1021469
1770972600,2026-02-13T14:20:00,25528.25,25535.65,25526.3,25532.75,789070
1770972660,2026-02-13T14:21:00,25533.45,25533.45,25522.25,25522.7,627933
1770972720,2026-02-13T14:22:00,25522.85,25523.7,25518.35,25519.4,626515
1770972780,2026-02-13T14:23:00,25519.85,25522.65,25515.3,25520.25,721707
1770972840,2026-02-13T14:24:00,25520.0,25527.3,25518.8,25527.3,752044
1770972900,2026-02-13T14:25:00,25527.0,25534.6,25526.7,25532.65,1009204
1770972960,2026-02-13T14:26:00,25533.2,25536.0,25531.2,25531.2,1019140
1770973020,2026-02-13T14:27:00,25532.15,25532.15,25528.15,25529.1,823841
1770973080,2026-02-13T14:28:00,25530.2,25535.45,25527.35,25534.0,756093
1770973140,2026-02-13T14:29:00,25534.0,25536.65,25530.2,25530.95,659421
1770973200,2026-02-13T14:30:00,25531.15,25534.55,25526.4,25527.35,743926
1770973260,2026-02-13T14:31:00,25527.2,25530.4,25522.85,25529.2,689682
1770973320,2026-02-13T14:32:00,25529.2,25530.1,25524.3,25525.4,726914
1770973380,2026-02-13T14:33:00,25525.1,25525.25,25519.95,25521.1,761985
1770973440,2026-02-13T14:34:00,25520.65,25524.2,25510.05,25510.9,1148750
1770973500,2026-02-13T14:35:00,25511.05,25521.4,25511.05,25517.9,1124691
1770973560,2026-02-13T14:36:00,25517.75,25519.35,25506.8,25507.3,813863
1770973620,2026-02-13T14:37:00,25506.45,25511.15,25502.45,25503.2,809437
1770973680,2026-02-13T14:38:00,25502.2,25507.0,25499.35,25505.25,900588
1770973740,2026-02-13T14:39:00,25505.25,25516.6,25505.25,25513.85,908139
1770973800,2026-02-13T14:40:00,25514.0,25515.35,25504.75,25508.7,876327
1770973860,2026-02-13T14:41:00,25509.6,25515.2,25505.05,25505.35,7058436
1770973920,2026-02-13T14:42:00,25505.4,25514.25,25503.0,25514.25,953073
1770973980,2026-02-13T14:43:00,25513.45,25518.4,25513.3,25513.35,1285677
1770974040,2026-02-13T14:44:00,25514.05,25518.45,25509.45,25511.75,862707
1770974100,2026-02-13T14:45:00,25511.45,25516.5,25510.5,25513.6,825728
1770974160,2026-02-13T14:46:00,25513.7,25516.0,25505.35,25511.7,893696
1770974220,2026-02-13T14:47:00,25511.3,25512.9,25508.1,25510.2,774189
1770974280,2026-02-13T14:48:00,25510.1,25511.75,25505.55,25511.2,3698236
1770974340,2026-02-13T14:49:00,25511.2,25512.95,25504.9,25508.15,955450
1770974400,2026-02-13T14:50:00,25507.55,25513.25,25502.2,25506.15,1329360
1770974460,2026-02-13T14:51:00,25505.3,25514.05,25504.35,25513.75,942830
1770974520,2026-02-13T14:52:00,25512.35,25520.0,25511.4,25517.05,972816
1770974580,2026-02-13T14:53:00,25516.75,25519.85,25515.3,25519.85,1305603
1770974640,2026-02-13T14:54:00,25518.75,25521.5,25515.05,25515.35,1043263
1770974700,2026-02-13T14:55:00,25515.65,25517.55,25512.9,25516.7,1034700
1770974760,2026-02-13T14:56:00,25517.3,25524.6,25515.45,25522.05,1810951
1770974820,2026-02-13T14:57:00,25520.65,25525.95,25520.15,25522.1,1027018
1770974880,2026-02-13T14:58:00,25522.1,25528.3,25516.85,25521.2,1192909
1770974940,2026-02-13T14:59:00,25522.95,25526.4,25520.55,25521.25,828797
1770975000,2026-02-13T15:00:00,25521.95,25527.55,25490.95,25496.0,3004010
1770975060,2026-02-13T15:01:00,25494.15,25498.4,25488.6,25492.2,1955763
1770975120,2026-02-13T15:02:00,25493.0,25504.8,25493.0,25504.2,1845822
1770975180,2026-02-13T15:03:00,25504.55,25506.65,25498.35,25502.15,1665463
1770975240,2026-02-13T15:04:00,25502.1,25503.4,25493.0,25496.45,1998819
1770975300,2026-02-13T15:05:00,25495.9,25498.75,25489.7,25489.7,2544760
1770975360,2026-02-13T15:06:00,25491.4,25492.3,25481.7,25482.45,2162984
1770975420,2026-02-13T15:07:00,25484.05,25487.2,25476.25,25477.65,1887775
1770975480,2026-02-13T15:08:00,25479.6,25482.7,25473.55,25475.4,1693660
1770975540,2026-02-13T15:09:00,25476.1,25483.8,25472.05,25483.8,1807601
1770975600,2026-02-13T15:10:00,25482.5,25489.5,25481.25,25484.25,1941896
1770975660,2026-02-13T15:11:00,25484.65,25487.05,25481.5,25483.85,1712313
1770975720,2026-02-13T15:12:00,25483.45,25486.7,25476.75,25478.4,1887041
1770975780,2026-02-13T15:13:00,25478.7,25482.6,25477.1,25482.25,2188276
1770975840,2026-02-13T15:14:00,25483.25,25483.25,25476.2,25477.2,2048895
1770975900,2026-02-13T15:15:00,25475.55,25481.3,25475.05,25480.35,2640475
1770975960,2026-02-13T15:16:00,25479.9,25483.1,25475.15,25478.1,2999964
1770976020,2026-02-13T15:17:00,25478.2,25479.65,25471.85,25474.75,1992478
1770976080,2026-02-13T15:18:00,25475.35,25482.45,25474.1,25481.5,2766181
1770976140,2026-02-13T15:19:00,25481.75,25487.9,25481.3,25485.05,2476766
1770976200,2026-02-13T15:20:00,25487.2,25489.8,25482.15,25484.35,2767349
1770976260,2026-02-13T15:21:00,25485.85,25486.55,25476.7,25481.05,2705909
1770976320,2026-02-13T15:22:00,25482.9,25484.95,25476.55,25478.75,4729767
1770976380,2026-02-13T15:23:00,25478.3,25479.1,25467.85,25471.9,6382213
1770976440,2026-02-13T15:24:00,25472.15,25473.35,25450.8,25468.15,9163647
1770976500,2026-02-13T15:25:00,25470.9,25470.9,25460.5,25464.4,3667379
1770976560,2026-02-13T15:26:00,25467.25,25467.95,25444.3,25451.0,2847729
1770976620,2026-02-13T15:27:00,25452.1,25454.7,25447.05,25447.05,3980224
1770976680,2026-02-13T15:28:00,25450.15,25461.25,25446.2,25460.15,2739862
1770976740,2026-02-13T15:29:00,25459.15,25466.85,25456.35,25460.55,1700145
1771213500,2026-02-16T09:15:00,25423.6,25444.95,25372.7,25428.7,4146504
1771213560,2026-02-16T09:16:00,25427.3,25458.0,25424.15,25447.8,2731650
1771213620,2026-02-16T09:17:00,25448.1,25450.25,25440.7,25449.7,1994781
1771213680,2026-02-16T09:18:00,25449.1,25461.65,25445.05,25451.95,1600982
1771213740,2026-02-16T09:19:00,25453.6,25472.2,25453.45,25472.2,1602681
1771213800,2026-02-16T09:20:00,25473.05,25482.55,25461.35,25467.8,1482397
1771213860,2026-02-16T09:21:00,25469.6,25478.15,25464.95,25474.7,1268321
1771213920,2026-02-16T09:22:00,25473.75,25488.0,25473.75,25480.75,1273594
1771213980,2026-02-16T09:23:00,25480.0,25493.35,25480.0,25489.15,1137289
1771214040,2026-02-16T09:24:00,25488.4,25488.4,25475.35,25480.65,1131654
1771214100,2026-02-16T09:25:00,25482.6,25484.45,25470.6,25472.85,985116
1771214160,2026-02-16T09:26:00,25473.75,25474.55,25462.5,25465.0,942227
1771214220,2026-02-16T09:27:00,25466.05,25466.9,25453.65,25464.2,1010915
1771214280,2026-02-16T09:28:00,25464.9,25483.05,25464.15,25482.55,873026
1771214340,2026-02-16T09:29:00,25482.0,25482.0,25472.25,25472.25,811216
1771214400,2026-02-16T09:30:00,25473.55,25496.9,25472.7,25496.25,1083479
1771214460,2026-02-16T09:31:00,25495.6,25509.2,25493.3,25500.0,863261
1771214520,2026-02-16T09:32:00,25501.0,25506.7,25498.95,25501.15,1056338
1771214580,2026-02-16T09:33:00,25501.2,25514.6,25500.35,25513.1,792613
1771214640,2026-02-16T09:34:00,25513.35,25528.45,25513.25,25521.9,1241353
1771214700,2026-02-16T09:35:00,25522.7,25522.7,25512.9,25518.35,978743
1771214760,2026-02-16T09:36:00,25518.0,25518.0,25504.35,25506.8,756874
1771214820,2026-02-16T09:37:00,25505.5,25506.65,25493.5,25495.55,805548
1771214880,2026-02-16T09:38:00,25495.8,25497.5,25491.0,25492.0,941786
1771214940,2026-02-16T09:39:00,25491.35,25497.65,25489.55,25495.95,791750
1771215000,2026-02-16T09:40:00,25495.85,25496.6,25478.2,25478.2,762896
1771215060,2026-02-16T09:41:00,25479.65,25482.2,25473.15,25481.9,904171
1771215120,2026-02-16T09:42:00,25483.2,25489.4,25483.2,25485.9,746977
1771215180,2026-02-16T09:43:00,25485.3,25485.7,25466.6,25466.6,576677
1771215240,2026-02-16T09:44:00,25467.95,25468.95,25458.15,25460.75,808586
1771215300,2026-02-16T09:45:00,25460.25,25466.15,25456.5,25460.15,913662
1771215360,2026-02-16T09:46:00,25461.0,25471.85,25454.75,25468.15,1268111
1771215420,2026-02-16T09:47:00,25468.25,25468.3,25460.4,25466.5,805098
1771215480,2026-02-16T09:48:00,25467.35,25467.35,25455.2,25456.6,690265
1771215540,2026-02-16T09:49:00,25456.8,25456.8,25447.85,25455.05,824635
1771215600,2026-02-16T09:50:00,25454.8,25456.65,25448.05,25449.35,739483
1771215660,2026-02-16T09:51:00,25448.9,25448.9,25436.4,25440.3,786683
1771215720,2026-02-16T09:52:00,25439.2,25439.4,25431.9,25435.5,728756
1771215780,2026-02-16T09:53:00,25436.95,25458.7,25436.95,25454.15,740834
1771215840,2026-02-16T09:54:00,25454.3,25466.6,25452.6,25466.6,701410
1771215900,2026-02-16T09:55:00,25466.35,25476.5,25463.7,25475.45,732108
1771215960,2026-02-16T09:56:00,25475.85,25479.5,25472.2,25473.8,675237
1771216020,2026-02-16T09:57:00,25472.8,25493.15,25472.8,25492.9,895985
1771216080,2026-02-16T09:58:00,25492.65,25497.95,25489.9,25490.4,697823
1771216140,2026-02-16T09:59:00,25489.8,25497.3,25486.95,25496.65,602340
1771216200,2026-02-16T10:00:00,25497.5,25509.45,25497.5,25499.85,1115464
1771216260,2026-02-16T10:01:00,25501.75,25518.8,25501.75,25515.85,826781
1771216320,2026-02-16T10:02:00,25516.1,25528.05,25514.7,25522.35,935262
1771216380,2026-02-16T10:03:00,25522.85,25533.85,25522.85,25524.25,1005372
1771216440,2026-02-16T10:04:00,25523.65,25527.15,25518.35,25527.15,778800
1771216500,2026-02-16T10:05:00,25527.3,25532.65,25526.9,25529.75,701896
1771216560,2026-02-16T10:06:00,25530.15,25534.0,25521.25,25522.4,999439
1771216620,2026-02-16T10:07:00,25522.3,25522.95,25514.3,25519.6,755461
1771216680,2026-02-16T10:08:00,25518.9,25521.2,25512.0,25521.2,534471
1771216740,2026-02-16T10:09:00,25520.8,25523.15,25516.65,25521.4,576003
1771216800,2026-02-16T10:10:00,25522.05,25523.05,25517.8,25520.35,638581
1771216860,2026-02-16T10:11:00,25519.85,25530.9,25519.4,25523.95,671737
1771216920,2026-02-16T10:12:00,25523.85,25549.1,25523.55,25548.1,813888
1771216980,2026-02-16T10:13:00,25547.9,25556.5,25546.5,25552.0,933480
1771217040,2026-02-16T10:14:00,25551.4,25551.45,25536.8,25551.45,708880
1771217100,2026-02-16T10:15:00,25551.45,25561.85,25548.6,25549.8,653711
1771217160,2026-02-16T10:16:00,25549.4,25549.8,25541.9,25545.8,620011
1771217220,2026-02-16T10:17:00,25547.3,25551.65,25545.2,25546.25,517968
1771217280,2026-02-16T10:18:00,25546.6,25553.7,25543.4,25550.3,713740
1771217340,2026-02-16T10:19:00,25550.85,25555.2,25547.9,25550.15,675977
1771217400,2026-02-16T10:20:00,25550.55,25551.8,25541.05,25542.6,762476
1771217460,2026-02-16T10:21:00,25541.75,25548.4,25537.05,25541.9,875293
1771217520,2026-02-16T10:22:00,25542.65,25545.65,25539.6,25540.8,477022
1771217580,2026-02-16T10:23:00,25541.15,25543.15,25533.65,25535.05,423768
1771217640,2026-02-16T10:24:00,25534.05,25536.65,25526.35,25526.8,582526
1771217700,2026-02-16T10:25:00,25526.1,25532.4,25523.25,25527.2,635906
1771217760,2026-02-16T10:26:00,25527.65,25528.45,25523.15,25523.75,377587
1771217820,2026-02-16T10:27:00,25525.15,25526.15,25520.0,25524.75,510530
1771217880,2026-02-16T10:28:00,25524.9,25525.2,25518.9,25520.35,549565
1771217940,2026-02-16T10:29:00,25520.75,25530.5,25519.85,25525.85,748278
1771218000,2026-02-16T10:30:00,25526.2,25526.3,25520.5,25522.55,660615
1771218060,2026-02-16T10:31:00,25523.45,25531.1,25520.75,25530.5,543888
1771218120,2026-02-16T10:32:00,25530.4,25534.2,25525.0,25533.65,698679
1771218180,2026-02-16T10:33:00,25534.05,25539.6,25533.2,25538.25,700679
1771218240,2026-02-16T10:34:00,25538.15,25540.25,25530.4,25531.35,500076
1771218300,2026-02-16T10:35:00,25533.6,25536.05,25528.95,25532.0,507661
1771218360,2026-02-16T10:36:00,25530.95,25538.35,25530.95,25537.2,654181
1771218420,2026-02-16T10:37:00,25537.6,25537.6,25529.5,25530.2,353789
1771218480,2026-02-16T10:38:00,25529.75,25530.55,25522.2,25524.15,537185
1771218540,2026-02-16T10:39:00,25524.4,25529.3,25523.65,25526.55,649867
1771218600,2026-02-16T10:40:00,25527.3,25535.05,25526.65,25534.0,529821
1771218660,2026-02-16T10:41:00,25534.3,25540.1,25531.8,25538.75,641059
1771218720,2026-02-16T10:42:00,25537.95,25539.7,25526.1,25526.95,610093
1771218780,2026-02-16T10:43:00,25526.45,25528.6,25521.0,25524.55,801980
1771218840,2026-02-16T10:44:00,25524.7,25527.75,25522.55,25526.25,596656
1771218900,2026-02-16T10:45:00,25526.45,25528.75,25523.2,25525.45,541538
1771218960,2026-02-16T10:46:00,25525.2,25525.45,25520.35,25524.2,642519
1771219020,2026-02-16T10:47:00,25523.8,25532.15,25523.65,25532.15,603230
1771219080,2026-02-16T10:48:00,25533.05,25536.0,25523.8,25524.7,606177
1771219140,2026-02-16T10:49:00,25524.75,25526.55,25516.5,25518.6,395208
1771219200,2026-02-16T10:50:00,25516.75,25516.75,25508.8,25509.2,789219
1771219260,2026-02-16T10:51:00,25509.65,25522.15,25508.85,25521.35,514315
1771219320,2026-02-16T10:52:00,25522.1,25525.7,25514.8,25516.55,590690
1771219380,2026-02-16T10:53:00,25515.95,25518.05,25509.6,25516.1,654843
1771219440,2026-02-16T10:54:00,25515.85,25515.85,25511.3,25513.6,592853
1771219500,2026-02-16T10:55:00,25512.7,25518.6,25509.95,25512.4,738074
1771219560,2026-02-16T10:56:00,25511.35,25513.5,25508.2,25512.25,340615
1771219620,2026-02-16T10:57:00,25514.05,25516.6,25512.6,25515.9,309481
1771219680,2026-02-16T10:58:00,25515.35,25522.95,25515.05,25521.55,447951
1771219740,2026-02-16T10:59:00,25522.0,25525.65,25521.4,25523.05,437876
1771219800,2026-02-16T11:00:00,25523.55,25527.25,25516.15,25517.05,654559
1771219860,2026-02-16T11:01:00,25516.15,25518.35,25507.15,25508.3,522433
1771219920,2026-02-16T11:02:00,25509.05,25515.05,25507.3,25512.25,328900
1771219980,2026-02-16T11:03:00,25512.5,25520.5,25509.05,25519.6,470705
1771220040,2026-02-16T11:04:00,25519.95,25533.45,25518.6,25530.9,1044147
1771220100,2026-02-16T11:05:00,25530.9,25537.1,25527.45,25531.95,742742
1771220160,2026-02-16T11:06:00,25530.95,25533.85,25525.85,25533.3,715951
1771220220,2026-02-16T11:07:00,25532.4,25536.2,25529.4,25530.7,355996
1771220280,2026-02-16T11:08:00,25531.8,25533.2,25528.35,25531.05,341804
1771220340,2026-02-16T11:09:00,25530.3,25533.35,25527.45,25531.95,499508
1771220400,2026-02-16T11:10:00,25531.65,25532.95,25529.0,25530.7,336008
1771220460,2026-02-16T11:11:00,25530.3,25531.4,25524.9,25526.9,323065
1771220520,2026-02-16T11:12:00,25526.35,25530.6,25523.95,25529.1,503379
1771220580,2026-02-16T11:13:00,25529.15,25533.85,25527.05,25533.1,494361
1771220640,2026-02-16T11:14:00,25533.65,25534.7,25530.6,25534.55,379502
1771220700,2026-02-16T11:15:00,25533.85,25538.25,25527.3,25535.55,684434
1771220760,2026-02-16T11:16:00,25534.5,25536.15,25528.4,25528.75,342082
1771220820,2026-02-16T11:17:00,25529.8,25537.9,25528.8,25537.6,579313
1771220880,2026-02-16T11:18:00,25536.8,25539.55,25535.05,25539.2,527288
1771220940,2026-02-16T11:19:00,25539.7,25540.7,25532.75,25533.85,676714
1771221000,2026-02-16T11:20:00,25534.65,25537.55,25530.7,25536.15,950612
1771221060,2026-02-16T11:21:00,25536.85,25538.45,25532.25,25535.6,348903
1771221120,2026-02-16T11:22:00,25536.8,25538.8,25533.25,25534.3,441930
1771221180,2026-02-16T11:23:00,25533.55,25536.45,25532.1,25536.05,448796
1771221240,2026-02-16T11:24:00,25536.3,25544.55,25536.3,25541.4,801610
1771221300,2026-02-16T11:25:00,25541.45,25547.15,25529.5,25529.5,679734
1771221360,2026-02-16T11:26:00,25529.95,25531.3,25522.55,25524.55,631563
1771221420,2026-02-16T11:27:00,25525.1,25531.15,25523.55,25527.7,443966
1771221480,2026-02-16T11:28:00,25528.4,25530.9,25519.75,25520.75,527195
1771221540,2026-02-16T11:29:00,25520.95,25520.95,25511.35,25517.8,525703
1771221600,2026-02-16T11:30:00,25518.1,25520.7,25513.9,25518.8,325826
1771221660,2026-02-16T11:31:00,25519.6,25525.05,25515.9,25522.25,615446
1771221720,2026-02-16T11:32:00,25522.1,25527.85,25520.65,25524.45,510299
1771221780,2026-02-16T11:33:00,25526.15,25531.3,25525.35,25528.3,375290
1771221840,2026-02-16T11:34:00,25529.3,25530.35,25518.9,25519.4,1582787
1771221900,2026-02-16T11:35:00,25520.65,25521.4,25514.3,25516.3,503711
1771221960,2026-02-16T11:36:00,25515.75,25525.2,25513.6,25524.7,542272
1771222020,2026-02-16T11:37:00,25524.05,25529.45,25521.2,25522.75,484737
1771222080,2026-02-16T11:38:00,25522.7,25527.25,25521.45,25526.15,500960
1771222140,2026-02-16T11:39:00,25527.25,25531.4,25526.4,25528.2,478568
1771222200,2026-02-16T11:40:00,25528.5,25528.5,25519.3,25524.15,626740
1771222260,2026-02-16T11:41:00,25523.05,25526.55,25519.35,25524.2,664848
1771222320,2026-02-16T11:42:00,25525.25,25530.85,25522.5,25530.15,391769
1771222380,2026-02-16T11:43:00,25529.75,25531.55,25524.15,25524.35,522874
1771222440,2026-02-16T11:44:00,25524.85,25525.5,25518.9,25523.65,1107501
1771222500,2026-02-16T11:45:00,25521.05,25522.5,25516.0,25517.65,547999
1771222560,2026-02-16T11:46:00,25517.15,25517.95,25503.05,25508.35,561084
1771222620,2026-02-16T11:47:00,25507.0,25518.45,25505.45,25515.1,959101
1771222680,2026-02-16T11:48:00,25514.75,25515.65,25509.0,25512.2,330122
1771222740,2026-02-16T11:49:00,25512.65,25517.6,25509.9,25515.6,748900
1771222800,2026-02-16T11:50:00,25515.1,25517.35,25511.85,25516.6,339749
1771222860,2026-02-16T11:51:00,25517.3,25517.4,25509.05,25512.65,381168
1771222920,2026-02-16T11:52:00,25513.35,25516.7,25510.15,25510.4,425891
1771222980,2026-02-16T11:53:00,25511.45,25513.5,25508.35,25512.25,350129
1771223040,2026-02-16T11:54:00,25512.65,25514.4,25506.8,25509.1,529365
1771223100,2026-02-16T11:55:00,25509.0,25515.05,25507.65,25513.1,532580
1771223160,2026-02-16T11:56:00,25514.35,25518.65,25511.45,25517.6,297864
1771223220,2026-02-16T11:57:00,25517.95,25524.55,25517.25,25522.75,469367
1771223280,2026-02-16T11:58:00,25521.1,25526.35,25521.1,25522.55,257837
1771223340,2026-02-16T11:59:00,25523.15,25529.65,25523.15,25529.1,345910
1771223400,2026-02-16T12:00:00,25529.1,25534.3,25528.85,25532.6,419003
1771223460,2026-02-16T12:01:00,25532.15,25537.4,25529.95,25531.55,1199473
1771223520,2026-02-16T12:02:00,25532.65,25538.1,25530.75,25533.2,473896
1771223580,2026-02-16T12:03:00,25532.45,25538.75,25532.45,25536.1,566134
1771223640,2026-02-16T12:04:00,25536.0,25537.55,25531.35,25535.6,405907
1771223700,2026-02-16T12:05:00,25535.55,25537.1,25532.5,25534.4,700755
1771223760,2026-02-16T12:06:00,25534.4,25539.65,25533.4,25534.95,725410
1771223820,2026-02-16T12:07:00,25535.05,25538.7,25531.6,25537.25,316175
1771223880,2026-02-16T12:08:00,25537.1,25541.65,25535.5,25539.6,358184
1771223940,2026-02-16T12:09:00,25539.35,25542.8,25538.45,25539.3,416924
1771224000,2026-02-16T12:10:00,25539.6,25548.45,25539.6,25548.1,426499
1771224060,2026-02-16T12:11:00,25549.0,25555.2,25547.4,25550.55,609543
1771224120,2026-02-16T12:12:00,25550.35,25552.3,25546.95,25551.2,363317
1771224180,2026-02-16T12:13:00,25550.35,25551.85,25546.85,25547.25,454572
1771224240,2026-02-16T12:14:00,25548.5,25553.2,25544.9,25545.7,627061
1771224300,2026-02-16T12:15:00,25545.4,25547.5,25534.35,25536.2,616788
1771224360,2026-02-16T12:16:00,25535.9,25545.15,25532.95,25545.1,770490
1771224420,2026-02-16T12:17:00,25544.95,25555.35,25543.9,25555.35,609986
1771224480,2026-02-16T12:18:00,25553.5,25560.8,25553.2,25558.05,684146
1771224540,2026-02-16T12:19:00,25560.35,25565.7,25558.1,25561.25,425364
1771224600,2026-02-16T12:20:00,25562.5,25566.6,25555.25,25555.45,558954
1771224660,2026-02-16T12:21:00,25555.8,25559.25,25554.1,25555.0,512981
1771224720,2026-02-16T12:22:00,25555.35,25558.65,25552.05,25556.7,376180
1771224780,2026-02-16T12:23:00,25556.9,25558.9,25554.25,25557.7,447864
1771224840,2026-02-16T12:24:00,25558.1,25562.15,25556.3,25559.8,460742
1771224900,2026-02-16T12:25:00,25560.95,25564.25,25556.25,25556.3,675920
1771224960,2026-02-16T12:26:00,25556.5,25569.7,25554.4,25569.3,425146
1771225020,2026-02-16T12:27:00,25569.35,25573.05,25566.25,25569.55,597858
1771225080,2026-02-16T12:28:00,25570.65,25572.5,25567.7,25570.25,437506
1771225140,2026-02-16T12:29:00,25570.15,25576.5,25568.7,25576.05,474720
1771225200,2026-02-16T12:30:00,25576.4,25584.7,25576.4,25582.85,1402503
1771225260,2026-02-16T12:31:00,25583.1,25587.85,25580.15,25581.6,1326721
1771225320,2026-02-16T12:32:00,25582.05,25582.25,25572.15,25579.9,551330
1771225380,2026-02-16T12:33:00,25581.55,25584.55,25577.4,25583.45,607695
1771225440,2026-02-16T12:34:00,25584.1,25588.05,25583.4,25584.3,478048
1771225500,2026-02-16T12:35:00,25585.05,25587.55,25581.55,25587.55,581539
1771225560,2026-02-16T12:36:00,25586.7,25590.9,25583.25,25583.65,878464
1771225620,2026-02-16T12:37:00,25583.35,25584.7,25575.2,25578.7,1597400
1771225680,2026-02-16T12:38:00,25579.05,25582.95,25574.7,25575.95,663034
1771225740,2026-02-16T12:39:00,25576.6,25579.5,25574.05,25574.6,1012240
1771225800,2026-02-16T12:40:00,25575.0,25576.45,25572.0,25573.4,565493
1771225860,2026-02-16T12:41:00,25575.05,25578.65,25572.55,25576.05,395164
1771225920,2026-02-16T12:42:00,25576.55,25582.0,25573.45,25581.05,748663
1771225980,2026-02-16T12:43:00,25581.35,25583.9,25576.6,25578.8,788552
1771226040,2026-02-16T12:44:00,25578.5,25581.3,25576.05,25577.8,562490
1771226100,2026-02-16T12:45:00,25578.95,25582.35,25574.75,25576.8,351850
1771226160,2026-02-16T12:46:00,25576.6,25577.1,25569.5,25571.0,349937
1771226220,2026-02-16T12:47:00,25572.3,25576.6,25570.2,25574.25,838421
1771226280,2026-02-16T12:48:00,25574.0,25575.3,25566.3,25566.3,491217
1771226340,2026-02-16T12:49:00,25567.8,25570.85,25553.15,25554.0,605703
1771226400,2026-02-16T12:50:00,25554.8,25561.55,25553.15,25556.7,588476
1771226460,2026-02-16T12:51:00,25557.3,25559.85,25554.5,25556.7,398377
1771226520,2026-02-16T12:52:00,25556.55,25566.7,25555.1,25565.45,803225
1771226580,2026-02-16T12:53:00,25564.95,25571.6,25563.25,25567.55,712636
1771226640,2026-02-16T12:54:00,25566.8,25568.95,25564.15,25565.8,703951
1771226700,2026-02-16T12:55:00,25566.7,25573.65,25565.95,25568.55,513102
1771226760,2026-02-16T12:56:00,25568.6,25570.05,25561.1,25561.15,503169
1771226820,2026-02-16T12:57:00,25561.6,25564.65,25556.85,25558.15,488838
1771226880,2026-02-16T12:58:00,25558.3,25558.3,25550.65,25552.15,550202
1771226940,2026-02-16T12:59:00,25550.85,25557.15,25550.85,25556.85,820101
1771227000,2026-02-16T13:00:00,25556.6,25567.75,25555.2,25567.25,918725
1771227060,2026-02-16T13:01:00,25567.35,25578.6,25565.75,25577.6,900071
1771227120,2026-02-16T13:02:00,25577.2,25580.95,25575.45,25576.3,505523
1771227180,2026-02-16T13:03:00,25576.15,25577.85,25573.45,25575.05,1070337
1771227240,2026-02-16T13:04:00,25577.15,25577.15,25569.0,25570.65,487119
1771227300,2026-02-16T13:05:00,25570.05,25574.8,25568.55,25570.4,366835
1771227360,2026-02-16T13:06:00,25569.9,25573.2,25564.9,25567.45,450200
1771227420,2026-02-16T13:07:00,25566.75,25570.65,25565.15,25569.3,526345
1771227480,2026-02-16T13:08:00,25569.65,25573.9,25567.35,25573.3,1270103
1771227540,2026-02-16T13:09:00,25571.95,25578.0,25570.35,25576.85,621289
1771227600,2026-02-16T13:10:00,25576.2,25584.0,25574.4,25583.15,655817
1771227660,2026-02-16T13:11:00,25583.15,25584.85,25578.75,25580.6,505660
1771227720,2026-02-16T13:12:00,25582.15,25583.5,25574.4,25574.8,540779
1771227780,2026-02-16T13:13:00,25576.55,25579.8,25574.2,25576.5,1091189
1771227840,2026-02-16T13:14:00,25575.8,25577.45,25570.9,25571.35,546683
1771227900,2026-02-16T13:15:00,25571.45,25575.55,25569.9,25572.5,365862
1771227960,2026-02-16T13:16:00,25570.85,25572.9,25569.1,25571.0,495392
1771228020,2026-02-16T13:17:00,25570.9,25571.95,25567.0,25569.3,665985
1771228080,2026-02-16T13:18:00,25567.55,25569.65,25565.4,25567.8,808518
1771228140,2026-02-16T13:19:00,25567.25,25570.15,25564.8,25567.95,1027861
1771228200,2026-02-16T13:20:00,25566.75,25572.4,25565.55,25571.15,403876
1771228260,2026-02-16T13:21:00,25572.15,25574.45,25566.7,25567.1,729147
1771228320,2026-02-16T13:22:00,25567.85,25577.3,25564.35,25576.55,929729
1771228380,2026-02-16T13:23:00,25577.05,25581.0,25573.65,25574.8,476461
1771228440,2026-02-16T13:24:00,25575.45,25577.75,25572.95,25574.75,499981
1771228500,2026-02-16T13:25:00,25574.9,25576.5,25569.0,25571.1,545355
1771228560,2026-02-16T13:26:00,25570.75,25576.5,25569.4,25574.9,827891
1771228620,2026-02-16T13:27:00,25575.7,25577.6,25572.7,25575.45,504446
1771228680,2026-02-16T13:28:00,25575.1,25579.6,25573.65,25576.9,512677
1771228740,2026-02-16T13:29:00,25577.9,25584.0,25576.0,25581.7,863520
1771228800,2026-02-16T13:30:00,25582.4,25584.2,25572.15,25572.2,984478
1771228860,2026-02-16T13:31:00,25572.35,25575.15,25567.45,25569.5,631222
1771228920,2026-02-16T13:32:00,25569.9,25571.0,25566.35,25569.65,561234
1771228980,2026-02-16T13:33:00,25570.2,25579.65,25568.6,25577.2,1033276
1771229040,2026-02-16T13:34:00,25578.2,25581.7,25573.5,25576.25,567042
1771229100,2026-02-16T13:35:00,25577.25,25583.45,25575.95,25581.9,530744
1771229160,2026-02-16T13:36:00,25581.35,25587.2,25579.35,25583.25,483430
1771229220,2026-02-16T13:37:00,25584.5,25587.25,25583.1,25584.65,515054
1771229280,2026-02-16T13:38:00,25585.25,25588.5,25579.2,25580.95,735537
1771229340,2026-02-16T13:39:00,25581.1,25593.15,25579.15,25590.15,609712
1771229400,2026-02-16T13:40:00,25590.6,25591.4,25583.9,25586.25,513889
1771229460,2026-02-16T13:41:00,25586.65,25591.75,25584.4,25589.65,382275
1771229520,2026-02-16T13:42:00,25588.3,25590.45,25585.5,25588.3,599275
1771229580,2026-02-16T13:43:00,25587.45,25591.95,25586.05,25590.15,485030
1771229640,2026-02-16T13:44:00,25588.85,25593.1,25588.3,25590.6,341335
1771229700,2026-02-16T13:45:00,25590.7,25594.15,25586.35,25586.35,362885
1771229760,2026-02-16T13:46:00,25587.4,25588.65,25583.35,25587.05,744480
1771229820,2026-02-16T13:47:00,25586.3,25587.55,25583.8,25585.95,413603
1771229880,2026-02-16T13:48:00,25586.5,25586.85,25581.95,25583.4,539527
1771229940,2026-02-16T13:49:00,25584.0,25586.15,25580.45,25582.4,836503
1771230000,2026-02-16T13:50:00,25580.85,25589.9,25580.85,25587.85,648079
1771230060,2026-02-16T13:51:00,25588.2,25588.7,25582.25,25584.0,403537
1771230120,2026-02-16T13:52:00,25584.45,25585.8,25573.75,25574.2,663824
1771230180,2026-02-16T13:53:00,25573.65,25579.35,25572.9,25573.4,755603
1771230240,2026-02-16T13:54:00,25572.85,25574.6,25567.3,25567.3,644394
1771230300,2026-02-16T13:55:00,25567.4,25569.55,25558.65,25559.3,807747
1771230360,2026-02-16T13:56:00,25559.3,25562.6,25547.45,25548.45,1027555
1771230420,2026-02-16T13:57:00,25547.35,25558.95,25544.85,25554.4,541918
1771230480,2026-02-16T13:58:00,25553.35,25566.45,25552.65,25565.2,699071
1771230540,2026-02-16T13:59:00,25565.0,25566.55,25561.25,25566.0,600624
1771230600,2026-02-16T14:00:00,25565.0,25575.15,25564.25,25573.85,713203
1771230660,2026-02-16T14:01:00,25574.1,25579.85,25573.45,25578.95,585174
1771230720,2026-02-16T14:02:00,25580.25,25585.4,25578.9,25584.3,1011924
1771230780,2026-02-16T14:03:00,25583.9,25584.25,25572.25,25573.45,569433
1771230840,2026-02-16T14:04:00,25575.2,25580.85,25574.9,25576.35,431675
1771230900,2026-02-16T14:05:00,25577.15,25580.2,25565.95,25567.0,483132
1771230960,2026-02-16T14:06:00,25567.0,25567.6,25562.95,25565.1,598793
1771231020,2026-02-16T14:07:00,25564.95,25576.15,25564.15,25572.4,446427
1771231080,2026-02-16T14:08:00,25573.1,25573.1,25562.6,25564.55,361187
1771231140,2026-02-16T14:09:00,25564.25,25565.5,25560.85,25562.0,546353
1771231200,2026-02-16T14:10:00,25563.45,25568.0,25560.5,25562.85,789631
1771231260,2026-02-16T14:11:00,25563.3,25572.8,25562.95,25572.45,531966
1771231320,2026-02-16T14:12:00,25571.0,25577.45,25570.65,25572.4,640316
1771231380,2026-02-16T14:13:00,25572.5,25582.35,25571.55,25580.7,441197
1771231440,2026-02-16T14:14:00,25581.3,25582.5,25578.95,25580.35,354243
1771231500,2026-02-16T14:15:00,25581.1,25582.75,25578.05,25582.0,418521
1771231560,2026-02-16T14:16:00,25581.5,25587.5,25579.8,25581.0,430657
1771231620,2026-02-16T14:17:00,25580.45,25584.75,25577.8,25580.35,494675
1771231680,2026-02-16T14:18:00,25580.1,25582.6,25575.5,25577.3,487417
1771231740,2026-02-16T14:19:00,25578.2,25579.95,25574.0,25575.25,409292
1771231800,2026-02-16T14:20:00,25575.5,25584.9,25575.15,25581.15,393584
1771231860,2026-02-16T14:21:00,25582.15,25582.15,25575.5,25579.95,413979
1771231920,2026-02-16T14:22:00,25579.85,25584.6,25579.45,25580.0,406168
1771231980,2026-02-16T14:23:00,25579.35,25584.0,25578.9,25582.3,385353
1771232040,2026-02-16T14:24:00,25582.3,25584.3,25580.35,25583.95,355299
1771232100,2026-02-16T14:25:00,25583.8,25591.65,25582.85,25591.0,542599
1771232160,2026-02-16T14:26:00,25590.95,25592.0,25586.6,25591.3,494383
1771232220,2026-02-16T14:27:00,25591.35,25598.85,25589.75,25596.05,554495
1771232280,2026-02-16T14:28:00,25595.6,25615.5,25595.05,25614.15,783918
1771232340,2026-02-16T14:29:00,25613.35,25624.9,25613.2,25620.4,800896
1771232400,2026-02-16T14:30:00,25620.75,25628.75,25620.35,25624.8,828877
1771232460,2026-02-16T14:31:00,25624.85,25630.95,25622.1,25624.5,812537
1771232520,2026-02-16T14:32:00,25624.8,25635.45,25623.45,25630.7,915326
1771232580,2026-02-16T14:33:00,25630.2,25637.7,25629.05,25636.4,884451
1771232640,2026-02-16T14:34:00,25636.25,25649.05,25636.2,25648.9,1064080
1771232700,2026-02-16T14:35:00,25647.55,25654.95,25644.65,25645.95,1200440
1771232760,2026-02-16T14:36:00,25645.45,25653.75,25643.9,25649.45,1360285
1771232820,2026-02-16T14:37:00,25649.9,25651.7,25645.85,25648.6,661437
1771232880,2026-02-16T14:38:00,25647.35,25647.35,25634.35,25636.0,994639
1771232940,2026-02-16T14:39:00,25635.4,25639.4,25634.45,25636.35,725981
1771233000,2026-02-16T14:40:00,25636.0,25644.1,25635.9,25638.65,588380
1771233060,2026-02-16T14:41:00,25637.9,25639.9,25633.25,25637.95,613629
1771233120,2026-02-16T14:42:00,25637.95,25643.6,25635.4,25638.5,455369
1771233180,2026-02-16T14:43:00,25639.3,25640.45,25631.55,25639.55,540224
1771233240,2026-02-16T14:44:00,25639.6,25648.7,25638.6,25646.25,600444
1771233300,2026-02-16T14:45:00,25645.75,25649.2,25640.5,25641.75,450832
1771233360,2026-02-16T14:46:00,25642.0,25647.7,25639.8,25643.9,441299
1771233420,2026-02-16T14:47:00,25644.75,25648.9,25643.05,25646.25,833333
1771233480,2026-02-16T14:48:00,25647.25,25658.5,25647.2,25658.15,712702
1771233540,2026-02-16T14:49:00,25657.95,25669.85,25657.95,25665.0,755479
1771233600,2026-02-16T14:50:00,25665.3,25665.75,25657.7,25662.2,643796
1771233660,2026-02-16T14:51:00,25662.25,25665.9,25657.65,25657.75,708067
1771233720,2026-02-16T14:52:00,25657.85,25659.25,25650.55,25652.0,582357
1771233780,2026-02-16T14:53:00,25652.65,25652.65,25643.9,25650.85,586980
1771233840,2026-02-16T14:54:00,25650.5,25654.45,25649.25,25651.35,521528
1771233900,2026-02-16T14:55:00,25651.6,25655.95,25647.9,25654.4,576161
1771233960,2026-02-16T14:56:00,25655.55,25660.9,25654.5,25660.45,613233
1771234020,2026-02-16T14:57:00,25659.95,25660.4,25652.0,25654.4,796924
1771234080,2026-02-16T14:58:00,25654.05,25666.2,25653.3,25663.4,1058632
1771234140,2026-02-16T14:59:00,25664.75,25664.75,25659.6,25663.45,702777
1771234200,2026-02-16T15:00:00,25661.55,25677.7,25661.55,25676.6,1493040
1771234260,2026-02-16T15:01:00,25674.8,25681.8,25674.8,25681.25,1136564
1771234320,2026-02-16T15:02:00,25680.9,25686.75,25676.05,25677.5,1242307
1771234380,2026-02-16T15:03:00,25676.35,25680.4,25672.2,25679.25,945952
1771234440,2026-02-16T15:04:00,25680.05,25688.4,25679.3,25686.65,1255751
1771234500,2026-02-16T15:05:00,25684.75,25686.7,25678.5,25681.35,1136455
1771234560,2026-02-16T15:06:00,25682.15,25690.7,25682.15,25689.7,1252824
1771234620,2026-02-16T15:07:00,25688.5,25694.0,25686.55,25688.95,1198614
1771234680,2026-02-16T15:08:00,25689.45,25691.7,25683.5,25687.0,1343725
1771234740,2026-02-16T15:09:00,25687.5,25691.15,25686.3,25688.65,1268169
1771234800,2026-02-16T15:10:00,25687.1,25696.45,25687.1,25693.9,1289995
1771234860,2026-02-16T15:11:00,25694.05,25697.0,25689.85,25691.25,1294173
1771234920,2026-02-16T15:12:00,25691.55,25692.65,25687.3,25687.9,1008517
1771234980,2026-02-16T15:13:00,25688.05,25690.15,25683.5,25684.55,1296723
1771235040,2026-02-16T15:14:00,25685.35,25691.6,25682.35,25686.75,1379056
1771235100,2026-02-16T15:15:00,25687.05,25689.0,25679.9,25683.0,1502541
1771235160,2026-02-16T15:16:00,25683.0,25685.1,25677.15,25682.4,1339114
1771235220,2026-02-16T15:17:00,25681.1,25686.6,25680.95,25683.0,1169581
1771235280,2026-02-16T15:18:00,25682.5,25685.65,25676.8,25679.55,1632527
1771235340,2026-02-16T15:19:00,25680.2,25682.95,25676.85,25680.95,1241383
1771235400,2026-02-16T15:20:00,25678.25,25682.7,25676.25,25681.0,1704436
1771235460,2026-02-16T15:21:00,25680.1,25683.15,25676.65,25682.95,1352940
1771235520,2026-02-16T15:22:00,25679.85,25683.9,25675.5,25681.0,997657
1771235580,2026-02-16T15:23:00,25679.05,25688.9,25676.8,25687.65,1739283
1771235640,2026-02-16T15:24:00,25687.6,25692.75,25684.6,25687.6,1679169
1771235700,2026-02-16T15:25:00,25689.35,25691.95,25680.95,25686.6,1962499
1771235760,2026-02-16T15:26:00,25687.8,25688.9,25680.35,25683.65,1477230
1771235820,2026-02-16T15:27:00,25683.95,25685.1,25673.0,25681.25,1832749
1771235880,2026-02-16T15:28:00,25683.7,25685.55,25674.6,25679.55,1395688
1771235940,2026-02-16T15:29:00,25683.35,25686.1,25677.2,25682.45,939030
1771299900,2026-02-17T09:15:00,25637.95,25664.85,25593.35,25605.85,4651838
1771299960,2026-02-17T09:16:00,25601.05,25604.85,25591.0,25598.6,2804049
1771300020,2026-02-17T09:17:00,25602.8,25605.25,25592.8,25604.65,3012068
1771300080,2026-02-17T09:18:00,25604.85,25609.6,25600.95,25608.1,1928317
1771300140,2026-02-17T09:19:00,25607.85,25614.9,25602.05,25612.45,1851692
1771300200,2026-02-17T09:20:00,25610.45,25610.45,25580.45,25580.45,2662987
1771300260,2026-02-17T09:21:00,25580.95,25593.45,25578.55,25590.35,1843696
1771300320,2026-02-17T09:22:00,25589.75,25609.7,25586.1,25602.6,1406417
1771300380,2026-02-17T09:23:00,25601.9,25607.6,25588.05,25588.7,1563587
1771300440,2026-02-17T09:24:00,25589.75,25590.25,25574.25,25579.7,1152073
1771300500,2026-02-17T09:25:00,25578.85,25590.95,25570.3,25587.6,1442936
1771300560,2026-02-17T09:26:00,25590.25,25598.4,25584.0,25587.0,1321359
1771300620,2026-02-17T09:27:00,25586.75,25591.45,25582.3,25582.8,1681976
1771300680,2026-02-17T09:28:00,25583.0,25594.75,25581.5,25594.65,1533321
1771300740,2026-02-17T09:29:00,25594.5,25595.8,25588.55,25592.8,1687887
1771300800,2026-02-17T09:30:00,25593.1,25593.1,25578.7,25591.0,1669444
1771300860,2026-02-17T09:31:00,25591.0,25591.0,25583.4,25586.35,3016008
1771300920,2026-02-17T09:32:00,25587.65,25605.2,25580.2,25604.45,1638546
1771300980,2026-02-17T09:33:00,25605.6,25616.5,25600.5,25612.35,1876064
1771301040,2026-02-17T09:34:00,25613.1,25614.05,25602.7,25612.4,1832704
1771301100,2026-02-17T09:35:00,25613.85,25614.25,25601.25,25603.75,1656297
1771301160,2026-02-17T09:36:00,25603.35,25604.35,25586.65,25589.8,1419359
1771301220,2026-02-17T09:37:00,25587.45,25603.3,25584.05,25594.85,1355328
1771301280,2026-02-17T09:38:00,25594.9,25610.05,25594.55,25609.35,982553
1771301340,2026-02-17T09:39:00,25610.75,25616.65,25608.5,25616.6,1016435
1771301400,2026-02-17T09:40:00,25615.05,25615.05,25602.5,25606.55,1462242
1771301460,2026-02-17T09:41:00,25605.7,25610.75,25601.4,25609.35,1759196
1771301520,2026-02-17T09:42:00,25609.85,25622.15,25606.55,25617.1,820331
1771301580,2026-02-17T09:43:00,25618.5,25628.85,25617.4,25627.3,999117
1771301640,2026-02-17T09:44:00,25627.9,25644.75,25625.5,25642.95,1057877
1771301700,2026-02-17T09:45:00,25642.2,25645.65,25637.5,25645.65,1384710
1771301760,2026-02-17T09:46:00,25645.6,25645.6,25639.55,25644.4,823786
1771301820,2026-02-17T09:47:00,25644.5,25644.55,25635.0,25636.55,1172256
1771301880,2026-02-17T09:48:00,25636.15,25641.4,25634.25,25636.85,1591740
1771301940,2026-02-17T09:49:00,25637.15,25642.55,25632.4,25641.55,960502
1771302000,2026-02-17T09:50:00,25641.2,25647.4,25633.1,25642.7,1043375
1771302060,2026-02-17T09:51:00,25642.75,25648.5,25641.2,25648.5,834948
1771302120,2026-02-17T09:52:00,25647.6,25657.85,25647.55,25655.3,1091612
1771302180,2026-02-17T09:53:00,25655.5,25662.85,25655.0,25661.75,933451
1771302240,2026-02-17T09:54:00,25661.4,25664.4,25654.75,25662.3,1408151
1771302300,2026-02-17T09:55:00,25662.0,25664.9,25656.0,25657.2,1213142
1771302360,2026-02-17T09:56:00,25656.55,25657.0,25653.6,25654.3,976733
1771302420,2026-02-17T09:57:00,25655.0,25669.1,25652.9,25667.35,1102931
1771302480,2026-02-17T09:58:00,25668.35,25675.85,25664.55,25670.0,1258149
1771302540,2026-02-17T09:59:00,25670.7,25670.85,25658.45,25663.15,1223268
1771302600,2026-02-17T10:00:00,25662.25,25662.7,25655.45,25660.4,1260048
1771302660,2026-02-17T10:01:00,25660.8,25667.4,25659.95,25665.8,1116042
1771302720,2026-02-17T10:02:00,25665.6,25665.6,25651.3,25656.95,1668107
1771302780,2026-02-17T10:03:00,25656.3,25661.65,25656.3,25660.2,1952382
1771302840,2026-02-17T10:04:00,25659.8,25663.4,25656.15,25662.25,1243297
1771302900,2026-02-17T10:05:00,25662.0,25663.8,25657.7,25661.2,1011139
1771302960,2026-02-17T10:06:00,25660.25,25666.7,25656.95,25666.25,1628364
1771303020,2026-02-17T10:07:00,25665.35,25668.85,25661.75,25665.0,1524932
1771303080,2026-02-17T10:08:00,25664.3,25669.15,25658.25,25667.7,1351659
1771303140,2026-02-17T10:09:00,25669.1,25671.85,25664.9,25665.45,1365900
1771303200,2026-02-17T10:10:00,25665.8,25667.3,25663.1,25664.65,969766
1771303260,2026-02-17T10:11:00,25664.3,25665.25,25659.4,25665.15,863007
1771303320,2026-02-17T10:12:00,25665.05,25673.75,25664.6,25671.85,997641
1771303380,2026-02-17T10:13:00,25672.1,25678.7,25671.2,25678.1,798001
1771303440,2026-02-17T10:14:00,25678.7,25682.0,25676.3,25679.25,1078840
1771303500,2026-02-17T10:15:00,25679.4,25680.05,25666.15,25668.75,906101
1771303560,2026-02-17T10:16:00,25668.8,25675.65,25667.0,25672.55,644098
1771303620,2026-02-17T10:17:00,25672.35,25677.05,25670.3,25673.85,1070502
1771303680,2026-02-17T10:18:00,25673.35,25684.0,25672.75,25680.45,977696
1771303740,2026-02-17T10:19:00,25681.55,25692.4,25680.7,25690.7,687031
1771303800,2026-02-17T10:20:00,25690.45,25697.4,25690.25,25696.65,1199813
1771303860,2026-02-17T10:21:00,25696.65,25698.15,25689.2,25690.55,878502
1771303920,2026-02-17T10:22:00,25691.2,25695.0,25687.65,25692.75,1141417
1771303980,2026-02-17T10:23:00,25692.0,25693.05,25687.8,25691.9,1752294
1771304040,2026-02-17T10:24:00,25691.95,25695.35,25687.55,25694.65,584427
1771304100,2026-02-17T10:25:00,25694.6,25696.7,25692.05,25693.05,1019887
1771304160,2026-02-17T10:26:00,25693.65,25708.05,25692.65,25706.95,1604596
1771304220,2026-02-17T10:27:00,25707.45,25720.05,25705.6,25719.1,957216
1771304280,2026-02-17T10:28:00,25719.35,25726.25,25715.7,25725.35,1135244
1771304340,2026-02-17T10:29:00,25726.3,25728.5,25716.8,25724.4,1284416
1771304400,2026-02-17T10:30:00,25724.1,25729.7,25719.95,25729.7,1661179
1771304460,2026-02-17T10:31:00,25728.6,25729.45,25723.35,25725.25,1460771
1771304520,2026-02-17T10:32:00,25725.5,25730.35,25723.45,25724.4,795868
1771304580,2026-02-17T10:33:00,25724.75,25724.75,25716.9,25718.75,706298
1771304640,2026-02-17T10:34:00,25719.15,25719.15,25706.15,25710.5,834235
1771304700,2026-02-17T10:35:00,25709.95,25710.0,25700.4,25705.15,695399
1771304760,2026-02-17T10:36:00,25704.65,25706.8,25703.25,25705.5,564558
1771304820,2026-02-17T10:37:00,25705.75,25707.8,25698.6,25700.55,1051312
1771304880,2026-02-17T10:38:00,25701.1,25701.1,25692.25,25696.1,891708
1771304940,2026-02-17T10:39:00,25697.25,25697.75,25691.95,25692.8,712786
1771305000,2026-02-17T10:40:00,25692.45,25697.35,25689.2,25694.05,887263
1771305060,2026-02-17T10:41:00,25693.9,25696.5,25686.75,25689.0,797396
1771305120,2026-02-17T10:42:00,25690.0,25690.95,25683.6,25687.2,642875
1771305180,2026-02-17T10:43:00,25687.85,25688.3,25666.05,25667.25,1270258
1771305240,2026-02-17T10:44:00,25667.55,25667.55,25657.2,25661.3,1149364
1771305300,2026-02-17T10:45:00,25661.6,25668.05,25656.05,25666.7,785443
1771305360,2026-02-17T10:46:00,25667.15,25667.65,25654.0,25656.4,570322
1771305420,2026-02-17T10:47:00,25656.65,25657.35,25642.75,25648.65,1059362
1771305480,2026-02-17T10:48:00,25649.2,25658.45,25645.3,25658.2,794429
1771305540,2026-02-17T10:49:00,25658.1,25665.5,25656.65,25656.65,1267963
1771305600,2026-02-17T10:50:00,25657.1,25657.6,25649.9,25655.9,696792
1771305660,2026-02-17T10:51:00,25655.5,25656.55,25651.9,25655.7,1623655
1771305720,2026-02-17T10:52:00,25655.8,25657.15,25651.45,25656.95,663218
1771305780,2026-02-17T10:53:00,25656.75,25658.15,25650.5,25651.45,850621
1771305840,2026-02-17T10:54:00,25651.7,25656.7,25649.2,25656.6,885022
1771305900,2026-02-17T10:55:00,25656.55,25664.85,25656.25,25662.5,715838
1771305960,2026-02-17T10:56:00,25662.4,25666.0,25659.25,25659.45,661462
1771306020,2026-02-17T10:57:00,25659.2,25660.65,25656.75,25659.1,1296866
1771306080,2026-02-17T10:58:00,25659.3,25666.3,25658.75,25662.3,647191
1771306140,2026-02-17T10:59:00,25662.35,25669.15,25661.85,25668.1,1096611
1771306200,2026-02-17T11:00:00,25667.75,25669.0,25658.2,25663.65,883276
1771306260,2026-02-17T11:01:00,25663.4,25672.1,25662.1,25668.75,905755
1771306320,2026-02-17T11:02:00,25669.2,25669.55,25659.45,25666.6,1045914
1771306380,2026-02-17T11:03:00,25666.35,25668.5,25659.35,25661.05,632909
1771306440,2026-02-17T11:04:00,25660.7,25667.85,25659.7,25666.55,838918
1771306500,2026-02-17T11:05:00,25666.8,25667.9,25662.0,25662.5,915412
1771306560,2026-02-17T11:06:00,25662.85,25663.1,25653.65,25658.5,1305088
1771306620,2026-02-17T11:07:00,25658.2,25664.7,25657.35,25663.5,951738
1771306680,2026-02-17T11:08:00,25663.75,25672.75,25663.05,25672.4,824756
1771306740,2026-02-17T11:09:00,25673.15,25674.95,25667.15,25670.6,659444
1771306800,2026-02-17T11:10:00,25671.2,25671.2,25661.4,25664.35,558676
1771306860,2026-02-17T11:11:00,25664.25,25670.95,25661.6,25670.95,604811
1771306920,2026-02-17T11:12:00,25670.75,25674.95,25670.55,25671.5,836096
1771306980,2026-02-17T11:13:00,25671.5,25673.15,25667.95,25670.9,390991
1771307040,2026-02-17T11:14:00,25670.8,25673.1,25668.7,25673.1,406661
1771307100,2026-02-17T11:15:00,25673.95,25675.2,25669.5,25675.2,629126
1771307160,2026-02-17T11:16:00,25675.4,25680.4,25674.3,25676.85,613700
1771307220,2026-02-17T11:17:00,25676.95,25685.8,25675.7,25685.35,507643
1771307280,2026-02-17T11:18:00,25686.3,25690.25,25684.15,25686.9,471896
1771307340,2026-02-17T11:19:00,25686.25,25686.6,25680.55,25685.8,989171
1771307400,2026-02-17T11:20:00,25685.6,25689.85,25681.95,25689.85,379635
1771307460,2026-02-17T11:21:00,25689.95,25689.95,25679.7,25680.45,540819
1771307520,2026-02-17T11:22:00,25680.4,25689.55,25679.05,25686.3,432517
1771307580,2026-02-17T11:23:00,25687.1,25690.15,25686.35,25687.35,465942
1771307640,2026-02-17T11:24:00,25687.25,25690.9,25686.1,25688.0,489068
1771307700,2026-02-17T11:25:00,25689.0,25689.0,25685.4,25687.25,419006
1771307760,2026-02-17T11:26:00,25687.1,25690.05,25685.55,25690.05,1038656
1771307820,2026-02-17T11:27:00,25690.4,25692.85,25687.3,25690.3,1230753
1771307880,2026-02-17T11:28:00,25690.15,25695.55,25688.75,25693.85,764351
1771307940,2026-02-17T11:29:00,25694.0,25694.9,25689.45,25693.6,805745
1771308000,2026-02-17T11:30:00,25693.95,25694.5,25687.55,25691.3,539306
1771308060,2026-02-17T11:31:00,25690.85,25695.7,25689.55,25690.35,847299
1771308120,2026-02-17T11:32:00,25690.75,25701.0,25688.8,25701.0,2017071
1771308180,2026-02-17T11:33:00,25700.65,25722.4,25699.85,25719.85,1962770
1771308240,2026-02-17T11:34:00,25719.85,25723.85,25715.75,25721.45,737088
1771308300,2026-02-17T11:35:00,25721.2,25721.4,25716.75,25721.3,871211
1771308360,2026-02-17T11:36:00,25722.0,25729.55,25718.25,25728.45,895474
1771308420,2026-02-17T11:37:00,25728.4,25735.95,25727.7,25734.3,1178318
1771308480,2026-02-17T11:38:00,25733.9,25745.75,25731.35,25734.75,1173626
1771308540,2026-02-17T11:39:00,25735.15,25736.85,25727.3,25730.55,670310
1771308600,2026-02-17T11:40:00,25730.65,25732.25,25723.3,25727.0,916584
1771308660,2026-02-17T11:41:00,25726.65,25728.1,25722.4,25723.8,765863
1771308720,2026-02-17T11:42:00,25723.75,25723.75,25708.5,25709.6,982348
1771308780,2026-02-17T11:43:00,25709.4,25718.6,25708.9,25718.6,753735
1771308840,2026-02-17T11:44:00,25718.5,25724.35,25714.85,25722.35,1197832
1771308900,2026-02-17T11:45:00,25722.75,25734.35,25722.6,25733.45,920915
1771308960,2026-02-17T11:46:00,25733.65,25737.5,25732.1,25736.95,677519
1771309020,2026-02-17T11:47:00,25736.8,25737.95,25730.3,25736.4,730053
1771309080,2026-02-17T11:48:00,25736.2,25741.65,25734.2,25737.45,752520
1771309140,2026-02-17T11:49:00,25737.2,25739.65,25735.0,25738.05,672483
1771309200,2026-02-17T11:50:00,25738.0,25738.55,25733.05,25736.15,689444
1771309260,2026-02-17T11:51:00,25735.25,25737.8,25733.6,25735.85,536170
1771309320,2026-02-17T11:52:00,25735.9,25741.2,25734.1,25737.7,467372
1771309380,2026-02-17T11:53:00,25738.0,25739.9,25735.3,25738.8,596943
1771309440,2026-02-17T11:54:00,25738.85,25741.8,25737.5,25741.6,527434
1771309500,2026-02-17T11:55:00,25741.4,25741.8,25734.35,25734.9,461354
1771309560,2026-02-17T11:56:00,25735.55,25739.05,25734.7,25736.2,423525
1771309620,2026-02-17T11:57:00,25736.95,25739.2,25729.1,25730.4,482116
1771309680,2026-02-17T11:58:00,25731.2,25732.3,25725.6,25730.5,552254
1771309740,2026-02-17T11:59:00,25730.15,25732.95,25726.55,25729.45,750104
1771309800,2026-02-17T12:00:00,25730.0,25734.6,25729.1,25730.3,661764
1771309860,2026-02-17T12:01:00,25730.5,25734.9,25729.7,25734.6,568682
1771309920,2026-02-17T12:02:00,25734.3,25737.25,25732.0,25733.6,1033330
1771309980,2026-02-17T12:03:00,25734.0,25734.95,25729.35,25732.1,439813
1771310040,2026-02-17T12:04:00,25731.15,25731.95,25722.15,25724.0,577853
1771310100,2026-02-17T12:05:00,25723.75,25731.25,25722.55,25727.2,797847
1771310160,2026-02-17T12:06:00,25727.55,25730.2,25723.3,25729.7,622172
1771310220,2026-02-17T12:07:00,25729.7,25732.6,25725.5,25731.4,602692
1771310280,2026-02-17T12:08:00,25731.5,25732.7,25724.1,25726.45,536244
1771310340,2026-02-17T12:09:00,25725.7,25728.05,25723.1,25726.1,519476
1771310400,2026-02-17T12:10:00,25725.95,25731.45,25724.4,25727.85,688248
1771310460,2026-02-17T12:11:00,25727.7,25727.75,25719.35,25719.55,1049896
1771310520,2026-02-17T12:12:00,25720.1,25725.6,25718.8,25725.6,487880
1771310580,2026-02-17T12:13:00,25726.45,25727.8,25723.3,25725.85,564806
1771310640,2026-02-17T12:14:00,25727.0,25727.9,25719.65,25721.7,732071
1771310700,2026-02-17T12:15:00,25722.55,25731.2,25721.85,25731.15,1132652
1771310760,2026-02-17T12:16:00,25731.45,25733.55,25729.95,25732.7,653329
1771310820,2026-02-17T12:17:00,25733.45,25736.45,25730.4,25735.55,1250902
1771310880,2026-02-17T12:18:00,25735.65,25740.55,25735.05,25738.95,1327638
1771310940,2026-02-17T12:19:00,25739.15,25744.35,25738.25,25742.1,1216500
1771311000,2026-02-17T12:20:00,25741.95,25746.1,25740.2,25744.2,788561
1771311060,2026-02-17T12:21:00,25744.0,25745.35,25738.15,25739.55,725511
1771311120,2026-02-17T12:22:00,25739.8,25741.15,25737.45,25740.15,804660
1771311180,2026-02-17T12:23:00,25739.65,25750.35,25738.35,25747.25,735374
1771311240,2026-02-17T12:24:00,25747.8,25751.1,25746.3,25747.4,1154273
1771311300,2026-02-17T12:25:00,25747.35,25751.5,25747.25,25750.6,909510
1771311360,2026-02-17T12:26:00,25750.25,25753.85,25745.1,25745.45,836262
1771311420,2026-02-17T12:27:00,25745.95,25745.95,25737.65,25738.35,522294
1771311480,2026-02-17T12:28:00,25738.4,25738.85,25732.35,25735.5,638307
1771311540,2026-02-17T12:29:00,25735.6,25735.6,25730.45,25733.65,408130
1771311600,2026-02-17T12:30:00,25733.9,25740.1,25729.15,25731.55,707945
1771311660,2026-02-17T12:31:00,25730.3,25736.5,25728.1,25736.5,667825
1771311720,2026-02-17T12:32:00,25735.75,25739.4,25733.8,25733.8,572469
1771311780,2026-02-17T12:33:00,25734.55,25738.25,25733.55,25736.35,786237
1771311840,2026-02-17T12:34:00,25735.55,25737.55,25730.85,25735.7,535449
1771311900,2026-02-17T12:35:00,25735.5,25736.6,25732.6,25735.6,534064
1771311960,2026-02-17T12:36:00,25736.0,25737.55,25732.95,25733.4,491620
1771312020,2026-02-17T12:37:00,25732.6,25733.75,25727.85,25728.95,724778
1771312080,2026-02-17T12:38:00,25728.3,25730.35,25725.35,25729.2,525795
1771312140,2026-02-17T12:39:00,25728.0,25734.6,25727.65,25733.75,473689
1771312200,2026-02-17T12:40:00,25732.8,25738.3,25730.4,25738.2,499273
1771312260,2026-02-17T12:41:00,25736.95,25737.55,25728.55,25732.95,422756
1771312320,2026-02-17T12:42:00,25730.65,25735.1,25729.6,25734.7,387193
1771312380,2026-02-17T12:43:00,25733.35,25738.7,25732.5,25736.3,662424
1771312440,2026-02-17T12:44:00,25735.9,25741.25,25735.25,25738.7,3730435
1771312500,2026-02-17T12:45:00,25738.25,25741.75,25736.25,25739.75,652370
1771312560,2026-02-17T12:46:00,25738.85,25741.8,25737.85,25739.95,599203
1771312620,2026-02-17T12:47:00,25738.95,25742.15,25736.75,25738.05,764424
1771312680,2026-02-17T12:48:00,25736.1,25740.6,25736.1,25740.6,366168
1771312740,2026-02-17T12:49:00,25738.7,25741.6,25737.35,25741.0,324149
1771312800,2026-02-17T12:50:00,25740.6,25742.3,25737.1,25739.6,613636
1771312860,2026-02-17T12:51:00,25738.65,25742.55,25738.0,25742.5,479684
1771312920,2026-02-17T12:52:00,25741.25,25749.3,25741.1,25749.2,410928
1771312980,2026-02-17T12:53:00,25748.05,25760.85,25748.05,25759.3,1056540
1771313040,2026-02-17T12:54:00,25756.5,25759.05,25752.35,25753.95,570885
1771313100,2026-02-17T12:55:00,25752.55,25755.6,25751.05,25752.85,670488
1771313160,2026-02-17T12:56:00,25751.55,25752.1,25740.1,25741.4,782901
1771313220,2026-02-17T12:57:00,25739.4,25741.75,25733.2,25735.5,512783
1771313280,2026-02-17T12:58:00,25734.15,25738.25,25732.7,25738.25,737148
1771313340,2026-02-17T12:59:00,25736.65,25739.8,25732.2,25733.8,402318
1771313400,2026-02-17T13:00:00,25733.6,25737.5,25733.0,25734.9,696761
1771313460,2026-02-17T13:01:00,25734.25,25735.35,25728.15,25733.4,1301185
1771313520,2026-02-17T13:02:00,25732.85,25739.65,25732.5,25736.7,691035
1771313580,2026-02-17T13:03:00,25735.85,25735.85,25729.8,25731.85,510360
1771313640,2026-02-17T13:04:00,25732.7,25732.9,25717.05,25717.05,806916
1771313700,2026-02-17T13:05:00,25716.25,25720.05,25713.9,25719.3,1065203
1771313760,2026-02-17T13:06:00,25719.45,25734.15,25717.75,25734.15,904551
1771313820,2026-02-17T13:07:00,25734.4,25746.95,25734.4,25745.55,2247667
1771313880,2026-02-17T13:08:00,25744.6,25752.9,25744.35,25751.6,1293651
1771313940,2026-02-17T13:09:00,25751.4,25761.6,25751.4,25759.45,1981883
1771314000,2026-02-17T13:10:00,25760.05,25764.4,25754.1,25757.75,1383423
1771314060,2026-02-17T13:11:00,25757.7,25757.85,25751.25,25751.8,1420969
1771314120,2026-02-17T13:12:00,25750.85,25755.35,25750.7,25753.05,1575380
1771314180,2026-02-17T13:13:00,25751.75,25751.75,25733.65,25735.6,847224
1771314240,2026-02-17T13:14:00,25736.9,25737.85,25728.55,25736.35,724049
1771314300,2026-02-17T13:15:00,25736.25,25737.0,25728.5,25731.0,861469
1771314360,2026-02-17T13:16:00,25730.95,25733.15,25726.4,25733.1,1112530
1771314420,2026-02-17T13:17:00,25732.85,25734.95,25725.75,25732.45,1086651
1771314480,2026-02-17T13:18:00,25732.4,25734.8,25730.2,25732.7,667049
1771314540,2026-02-17T13:19:00,25732.5,25739.65,25732.15,25736.1,805860
1771314600,2026-02-17T13:20:00,25735.05,25741.05,25735.05,25740.9,1470095
1771314660,2026-02-17T13:21:00,25740.2,25743.2,25737.5,25742.35,1767187
1771314720,2026-02-17T13:22:00,25742.6,25748.0,25739.15,25748.0,1346964
1771314780,2026-02-17T13:23:00,25747.15,25747.9,25739.9,25739.95,1182415
1771314840,2026-02-17T13:24:00,25739.8,25743.35,25737.35,25740.4,831005
1771314900,2026-02-17T13:25:00,25740.2,25742.1,25735.25,25736.9,669082
1771314960,2026-02-17T13:26:00,25737.35,25740.15,25735.3,25737.4,567468
1771315020,2026-02-17T13:27:00,25736.55,25739.9,25735.1,25739.9,467852
1771315080,2026-02-17T13:28:00,25739.25,25741.8,25738.2,25741.5,464946
1771315140,2026-02-17T13:29:00,25740.95,25741.6,25738.15,25740.1,405947
1771315200,2026-02-17T13:30:00,25740.95,25747.1,25740.95,25746.05,422257
1771315260,2026-02-17T13:31:00,25746.8,25752.55,25746.25,25752.3,370936
1771315320,2026-02-17T13:32:00,25751.55,25756.15,25750.65,25755.75,554427
1771315380,2026-02-17T13:33:00,25755.6,25759.95,25753.9,25758.7,644331
1771315440,2026-02-17T13:34:00,25758.4,25758.4,25750.45,25751.8,2178892
1771315500,2026-02-17T13:35:00,25752.9,25755.7,25748.65,25754.25,2004300
1771315560,2026-02-17T13:36:00,25754.75,25760.55,25752.55,25758.9,894207
1771315620,2026-02-17T13:37:00,25758.5,25761.95,25754.05,25754.5,843657
1771315680,2026-02-17T13:38:00,25754.85,25754.85,25738.05,25741.15,899291
1771315740,2026-02-17T13:39:00,25742.15,25747.65,25738.5,25742.25,567781
1771315800,2026-02-17T13:40:00,25742.6,25746.45,25740.8,25744.85,410366
1771315860,2026-02-17T13:41:00,25745.1,25754.1,25744.25,25745.55,536502
1771315920,2026-02-17T13:42:00,25746.2,25751.55,25744.9,25750.5,563585
1771315980,2026-02-17T13:43:00,25750.75,25752.5,25748.6,25750.9,412728
1771316040,2026-02-17T13:44:00,25750.65,25750.95,25744.0,25744.7,578809
1771316100,2026-02-17T13:45:00,25744.8,25749.4,25744.7,25747.6,558199
1771316160,2026-02-17T13:46:00,25747.25,25749.8,25744.7,25746.2,495734
1771316220,2026-02-17T13:47:00,25746.85,25748.1,25731.1,25732.0,635471
1771316280,2026-02-17T13:48:00,25732.65,25740.25,25730.9,25738.15,512052
1771316340,2026-02-17T13:49:00,25737.15,25741.1,25733.25,25735.15,471578
1771316400,2026-02-17T13:50:00,25735.25,25735.3,25727.2,25730.6,416381
1771316460,2026-02-17T13:51:00,25730.05,25730.85,25726.7,25729.7,351970
1771316520,2026-02-17T13:52:00,25729.45,25739.1,25729.15,25734.6,397814
1771316580,2026-02-17T13:53:00,25734.6,25741.6,25733.0,25738.05,382580
1771316640,2026-02-17T13:54:00,25737.55,25737.55,25730.6,25731.95,354653
1771316700,2026-02-17T13:55:00,25731.7,25731.7,25719.85,25719.95,531873
1771316760,2026-02-17T13:56:00,25720.3,25720.3,25711.5,25712.15,892164
1771316820,2026-02-17T13:57:00,25711.7,25711.7,25697.75,25698.6,831604
1771316880,2026-02-17T13:58:00,25699.1,25701.8,25697.8,25700.15,818014
1771316940,2026-02-17T13:59:00,25700.2,25702.1,25696.75,25698.85,978851
1771317000,2026-02-17T14:00:00,25699.45,25704.9,25697.15,25704.6,1190006
1771317060,2026-02-17T14:01:00,25707.0,25725.35,25703.75,25722.8,1718275
1771317120,2026-02-17T14:02:00,25722.55,25725.35,25714.85,25724.3,728268
1771317180,2026-02-17T14:03:00,25724.95,25731.65,25723.25,25725.75,710253
1771317240,2026-02-17T14:04:00,25724.35,25732.8,25724.25,25726.1,660872
1771317300,2026-02-17T14:05:00,25728.0,25734.15,25726.55,25729.2,630504
1771317360,2026-02-17T14:06:00,25730.25,25730.25,25721.85,25726.3,623644
1771317420,2026-02-17T14:07:00,25727.25,25727.6,25724.3,25725.85,502741
1771317480,2026-02-17T14:08:00,25727.15,25732.15,25724.45,25725.8,466530
1771317540,2026-02-17T14:09:00,25726.3,25728.1,25710.05,25710.5,601473
1771317600,2026-02-17T14:10:00,25710.65,25710.65,25702.9,25703.75,787283
1771317660,2026-02-17T14:11:00,25703.45,25707.6,25701.45,25702.4,782059
1771317720,2026-02-17T14:12:00,25702.55,25703.6,25689.25,25690.5,866066
1771317780,2026-02-17T14:13:00,25690.85,25690.85,25667.8,25671.05,1405285
1771317840,2026-02-17T14:14:00,25671.3,25674.65,25668.3,25670.95,813216
1771317900,2026-02-17T14:15:00,25670.7,25674.9,25662.6,25674.8,1673406
1771317960,2026-02-17T14:16:00,25674.85,25703.2,25674.2,25703.2,1508370
1771318020,2026-02-17T14:17:00,25703.35,25703.9,25688.7,25691.25,816753
1771318080,2026-02-17T14:18:00,25691.35,25699.95,25690.85,25699.95,613040
1771318140,2026-02-17T14:19:00,25699.3,25702.7,25695.05,25697.2,577858
1771318200,2026-02-17T14:20:00,25696.85,25699.65,25695.75,25699.4,314755
1771318260,2026-02-17T14:21:00,25700.5,25705.8,25699.0,25704.35,368446
1771318320,2026-02-17T14:22:00,25703.9,25705.15,25698.85,25701.15,351010
1771318380,2026-02-17T14:23:00,25701.05,25702.8,25693.2,25699.6,641284
1771318440,2026-02-17T14:24:00,25700.0,25700.1,25695.35,25698.2,400562
1771318500,2026-02-17T14:25:00,25698.25,25699.35,25694.85,25696.35,298726
1771318560,2026-02-17T14:26:00,25696.55,25699.8,25692.3,25699.15,499229
1771318620,2026-02-17T14:27:00,25699.15,25705.3,25695.85,25696.6,610277
1771318680,2026-02-17T14:28:00,25695.9,25698.6,25684.15,25684.15,814135
1771318740,2026-02-17T14:29:00,25685.15,25689.2,25683.05,25683.35,496725
1771318800,2026-02-17T14:30:00,25686.1,25686.9,25680.8,25685.05,466816
1771318860,2026-02-17T14:31:00,25685.8,25686.0,25677.1,25677.7,497548
1771318920,2026-02-17T14:32:00,25677.05,25687.9,25675.5,25685.7,512786
1771318980,2026-02-17T14:33:00,25686.55,25693.9,25682.2,25692.55,397538
1771319040,2026-02-17T14:34:00,25692.4,25697.1,25688.75,25696.05,479287
1771319100,2026-02-17T14:35:00,25695.7,25697.35,25691.85,25695.0,517080
1771319160,2026-02-17T14:36:00,25695.1,25701.3,25691.95,25701.3,602932
1771319220,2026-02-17T14:37:00,25701.6,25707.9,25699.7,25704.9,983071
1771319280,2026-02-17T14:38:00,25704.95,25716.15,25704.95,25715.35,1018447
1771319340,2026-02-17T14:39:00,25715.35,25726.35,25715.35,25724.25,1214449
1771319400,2026-02-17T14:40:00,25723.2,25733.45,25720.8,25728.0,2090826
1771319460,2026-02-17T14:41:00,25730.25,25730.25,25714.75,25724.15,1838833
1771319520,2026-02-17T14:42:00,25724.1,25729.65,25723.7,25729.3,1061401
1771319580,2026-02-17T14:43:00,25728.9,25733.2,25724.05,25725.15,1482469
1771319640,2026-02-17T14:44:00,25725.05,25725.05,25716.55,25717.3,1227550
1771319700,2026-02-17T14:45:00,25717.3,25719.85,25710.25,25712.9,859971
1771319760,2026-02-17T14:46:00,25713.5,25715.05,25710.2,25712.85,511773
1771319820,2026-02-17T14:47:00,25713.55,25714.7,25711.0,25713.4,452620
1771319880,2026-02-17T14:48:00,25713.55,25714.0,25704.8,25709.4,706743
1771319940,2026-02-17T14:49:00,25709.0,25712.1,25706.15,25708.95,534837
1771320000,2026-02-17T14:50:00,25709.85,25712.2,25703.9,25708.05,591087
1771320060,2026-02-17T14:51:00,25708.45,25711.95,25705.65,25711.45,434416
1771320120,2026-02-17T14:52:00,25712.05,25714.6,25709.7,25713.0,583646
1771320180,2026-02-17T14:53:00,25712.65,25712.65,25705.7,25711.5,858473
1771320240,2026-02-17T14:54:00,25711.8,25718.65,25710.7,25717.15,654524
1771320300,2026-02-17T14:55:00,25717.85,25721.0,25710.95,25710.95,829151
1771320360,2026-02-17T14:56:00,25711.3,25711.3,25691.15,25693.25,1610829
1771320420,2026-02-17T14:57:00,25693.0,25701.6,25693.0,25699.45,1861638
1771320480,2026-02-17T14:58:00,25698.75,25710.45,25698.75,25709.05,841673
1771320540,2026-02-17T14:59:00,25709.4,25713.5,25707.9,25711.9,628103
1771320600,2026-02-17T15:00:00,25713.1,25732.95,25713.1,25730.7,1578098
1771320660,2026-02-17T15:01:00,25731.4,25746.3,25727.5,25741.1,2128994
1771320720,2026-02-17T15:02:00,25742.7,25745.45,25723.45,25723.75,1728859
1771320780,2026-02-17T15:03:00,25725.3,25726.2,25716.85,25717.6,2051403
1771320840,2026-02-17T15:04:00,25719.7,25720.25,25709.75,25709.75,1713453
1771320900,2026-02-17T15:05:00,25711.05,25717.75,25703.0,25717.25,1436972
1771320960,2026-02-17T15:06:00,25718.65,25731.1,25716.0,25730.25,1704225
1771321020,2026-02-17T15:07:00,25731.15,25737.05,25728.85,25732.85,2113777
1771321080,2026-02-17T15:08:00,25735.75,25738.4,25727.3,25732.9,1886771
1771321140,2026-02-17T15:09:00,25731.1,25743.75,25729.05,25741.85,1679015
1771321200,2026-02-17T15:10:00,25743.9,25744.35,25718.1,25718.1,1766298
1771321260,2026-02-17T15:11:00,25719.8,25723.65,25713.8,25719.05,1559234
1771321320,2026-02-17T15:12:00,25720.1,25726.0,25718.0,25724.7,1029425
1771321380,2026-02-17T15:13:00,25724.85,25728.45,25722.15,25725.1,908811
1771321440,2026-02-17T15:14:00,25724.6,25726.0,25721.7,25724.85,1751706
1771321500,2026-02-17T15:15:00,25725.45,25725.85,25722.45,25724.85,1622012
1771321560,2026-02-17T15:16:00,25724.2,25727.25,25722.25,25727.25,1907966
1771321620,2026-02-17T15:17:00,25726.8,25729.15,25724.45,25726.5,1241856
1771321680,2026-02-17T15:18:00,25728.2,25728.2,25717.05,25718.5,1898948
1771321740,2026-02-17T15:19:00,25722.45,25722.45,25714.85,25720.35,1833587
1771321800,2026-02-17T15:20:00,25720.5,25730.55,25718.05,25728.65,2536112
1771321860,2026-02-17T15:21:00,25728.05,25731.85,25725.8,25730.4,2007919
1771321920,2026-02-17T15:22:00,25729.8,25731.65,25724.65,25728.25,1324196
1771321980,2026-02-17T15:23:00,25728.55,25729.25,25725.55,25726.95,1493953
1771322040,2026-02-17T15:24:00,25727.7,25727.7,25720.9,25724.55,1763505
1771322100,2026-02-17T15:25:00,25725.0,25728.1,25719.95,25724.65,2080789
1771322160,2026-02-17T15:26:00,25723.6,25724.95,25720.1,25721.45,1270007
1771322220,2026-02-17T15:27:00,25723.05,25725.25,25719.4,25720.7,1687286
1771322280,2026-02-17T15:28:00,25722.4,25724.55,25719.25,25720.85,1917134
1771322340,2026-02-17T15:29:00,25720.05,25722.9,25713.8,25716.0,1645991
1771386300,2026-02-18T09:15:00,25752.65,25759.75,25709.8,25713.6,6986609
1771386360,2026-02-18T09:16:00,25711.1,25722.4,25705.4,25717.0,3746569
1771386420,2026-02-18T09:17:00,25720.1,25731.0,25718.4,25731.0,3081688
1771386480,2026-02-18T09:18:00,25733.25,25733.5,25722.7,25730.6,2554449
1771386540,2026-02-18T09:19:00,25731.25,25747.55,25731.2,25742.05,2126736
1771386600,2026-02-18T09:20:00,25742.0,25742.0,25723.75,25725.9,1920603
1771386660,2026-02-18T09:21:00,25725.7,25728.2,25713.0,25723.3,2468115
1771386720,2026-02-18T09:22:00,25722.5,25726.75,25716.1,25719.75,1531364
1771386780,2026-02-18T09:23:00,25721.05,25727.55,25709.5,25711.5,1500140
1771386840,2026-02-18T09:24:00,25713.65,25717.65,25704.4,25704.5,1632194
1771386900,2026-02-18T09:25:00,25705.4,25723.65,25697.75,25721.45,1386621
1771386960,2026-02-18T09:26:00,25723.5,25724.3,25717.35,25722.65,1503836
1771387020,2026-02-18T09:27:00,25724.8,25738.2,25722.95,25735.85,1229461
1771387080,2026-02-18T09:28:00,25735.8,25737.55,25721.85,25722.15,1297349
1771387140,2026-02-18T09:29:00,25722.75,25730.5,25721.25,25728.5,1161333
1771387200,2026-02-18T09:30:00,25730.25,25732.65,25721.75,25723.65,1563400
1771387260,2026-02-18T09:31:00,25726.15,25726.9,25711.95,25711.95,19314388
1771387320,2026-02-18T09:32:00,25713.25,25727.25,25712.65,25718.75,17725552
1771387380,2026-02-18T09:33:00,25719.7,25736.45,25719.7,25730.0,1848170
1771387440,2026-02-18T09:34:00,25731.15,25732.5,25724.1,25731.45,2499486
1771387500,2026-02-18T09:35:00,25731.8,25735.95,25725.85,25733.5,1325612
1771387560,2026-02-18T09:36:00,25733.35,25741.1,25729.4,25739.35,988211
1771387620,2026-02-18T09:37:00,25741.2,25743.95,25737.35,25741.7,1270451
1771387680,2026-02-18T09:38:00,25741.35,25743.4,25737.1,25741.55,1106658
1771387740,2026-02-18T09:39:00,25742.35,25745.4,25737.15,25737.15,1863935
1771387800,2026-02-18T09:40:00,25738.6,25743.7,25733.6,25738.1,1387159
1771387860,2026-02-18T09:41:00,25740.3,25745.45,25737.6,25741.85,962927
1771387920,2026-02-18T09:42:00,25744.4,25745.25,25733.15,25733.8,1284882
1771387980,2026-02-18T09:43:00,25736.6,25740.55,25732.45,25740.05,1087531
1771388040,2026-02-18T09:44:00,25739.35,25746.65,25736.3,25741.85,1668353
1771388100,2026-02-18T09:45:00,25741.85,25744.45,25732.6,25734.6,6051879
1771388160,2026-02-18T09:46:00,25735.4,25736.35,25729.55,25730.15,1471824
1771388220,2026-02-18T09:47:00,25731.4,25731.4,25715.95,25718.45,1821564
1771388280,2026-02-18T09:48:00,25720.55,25724.6,25714.05,25721.25,3290692
1771388340,2026-02-18T09:49:00,25723.8,25725.45,25718.15,25720.45,987671
1771388400,2026-02-18T09:50:00,25722.1,25722.1,25714.8,25716.8,3242955
1771388460,2026-02-18T09:51:00,25719.1,25724.2,25715.55,25717.0,669180
1771388520,2026-02-18T09:52:00,25720.25,25720.25,25713.35,25713.35,4061398
1771388580,2026-02-18T09:53:00,25714.95,25714.95,25705.2,25711.7,1188961
1771388640,2026-02-18T09:54:00,25713.9,25714.1,25699.35,25702.35,752852
1771388700,2026-02-18T09:55:00,25701.85,25702.0,25679.05,25679.9,1061273
1771388760,2026-02-18T09:56:00,25680.3,25681.8,25672.65,25677.8,1600911
1771388820,2026-02-18T09:57:00,25678.0,25678.0,25664.65,25668.45,1504800
1771388880,2026-02-18T09:58:00,25670.35,25673.65,25665.2,25665.7,1175321
1771388940,2026-02-18T09:59:00,25668.55,25668.55,25655.75,25665.45,920270
1771389000,2026-02-18T10:00:00,25666.6,25666.85,25651.7,25656.85,1205183
1771389060,2026-02-18T10:01:00,25659.05,25664.55,25650.25,25660.75,1105755
1771389120,2026-02-18T10:02:00,25661.85,25661.85,25655.35,25657.65,1578031
1771389180,2026-02-18T10:03:00,25658.05,25661.5,25656.4,25661.05,5766692
1771389240,2026-02-18T10:04:00,25661.65,25669.15,25659.65,25666.45,1076421
1771389300,2026-02-18T10:05:00,25668.3,25674.15,25666.85,25669.8,751637
1771389360,2026-02-18T10:06:00,25670.65,25674.85,25669.7,25671.0,1290818
1771389420,2026-02-18T10:07:00,25672.5,25673.35,25658.55,25659.3,748787
1771389480,2026-02-18T10:08:00,25658.8,25665.25,25652.3,25664.35,2014959
1771389540,2026-02-18T10:09:00,25664.8,25669.6,25663.8,25665.45,985111
1771389600,2026-02-18T10:10:00,25666.8,25666.8,25658.5,25661.95,1077080
1771389660,2026-02-18T10:11:00,25663.15,25672.65,25660.15,25671.1,964005
1771389720,2026-02-18T10:12:00,25671.75,25674.55,25667.35,25672.35,713882
1771389780,2026-02-18T10:13:00,25673.1,25673.4,25665.0,25668.0,1698229
1771389840,2026-02-18T10:14:00,25669.55,25670.85,25661.95,25661.95,1331168
1771389900,2026-02-18T10:15:00,25663.85,25668.05,25661.4,25663.1,1144829
1771389960,2026-02-18T10:16:00,25665.35,25665.35,25655.8,25657.35,958086
1771390020,2026-02-18T10:17:00,25658.55,25658.55,25645.6,25650.5,1006045
1771390080,2026-02-18T10:18:00,25653.3,25671.75,25651.45,25670.85,920707
1771390140,2026-02-18T10:19:00,25672.65,25675.0,25670.85,25671.35,2999900
1771390200,2026-02-18T10:20:00,25672.65,25674.05,25664.55,25664.55,944696
1771390260,2026-02-18T10:21:00,25665.4,25667.9,25662.7,25664.05,1312898
1771390320,2026-02-18T10:22:00,25666.2,25668.7,25659.85,25665.25,1040163
1771390380,2026-02-18T10:23:00,25668.45,25670.05,25664.55,25665.35,1055307
1771390440,2026-02-18T10:24:00,25666.0,25675.6,25664.6,25670.3,1079132
1771390500,2026-02-18T10:25:00,25670.95,25671.05,25663.9,25664.4,1178410
1771390560,2026-02-18T10:26:00,25664.7,25664.8,25652.1,25657.25,799217
1771390620,2026-02-18T10:27:00,25657.55,25658.8,25652.05,25652.75,1045842
1771390680,2026-02-18T10:28:00,25654.25,25654.3,25645.15,25654.2,881679
1771390740,2026-02-18T10:29:00,25654.2,25667.1,25653.3,25665.35,791740
1771390800,2026-02-18T10:30:00,25666.2,25666.95,25660.0,25662.2,842155
1771390860,2026-02-18T10:31:00,25662.4,25669.75,25659.35,25665.5,1176332
1771390920,2026-02-18T10:32:00,25668.6,25669.15,25663.95,25665.8,904410
1771390980,2026-02-18T10:33:00,25666.65,25673.85,25665.1,25673.85,626518
1771391040,2026-02-18T10:34:00,25673.35,25675.1,25671.1,25673.0,466462
1771391100,2026-02-18T10:35:00,25673.35,25678.4,25671.0,25677.8,752268
1771391160,2026-02-18T10:36:00,25678.15,25678.15,25675.5,25678.0,1104285
1771391220,2026-02-18T10:37:00,25677.85,25684.7,25675.35,25676.9,1024313
1771391280,2026-02-18T10:38:00,25677.5,25677.75,25664.5,25666.2,1099774
1771391340,2026-02-18T10:39:00,25666.55,25670.1,25660.75,25660.75,751020
1771391400,2026-02-18T10:40:00,25662.8,25664.2,25656.1,25660.1,731890
1771391460,2026-02-18T10:41:00,25659.7,25659.95,25654.7,25659.55,721071
1771391520,2026-02-18T10:42:00,25661.1,25667.45,25661.1,25665.85,429819
1771391580,2026-02-18T10:43:00,25666.85,25667.15,25662.85,25663.55,931377
1771391640,2026-02-18T10:44:00,25664.7,25664.9,25660.75,25660.75,559453
1771391700,2026-02-18T10:45:00,25661.9,25666.9,25658.85,25664.0,713585
1771391760,2026-02-18T10:46:00,25664.1,25670.35,25663.4,25670.3,376878
1771391820,2026-02-18T10:47:00,25670.7,25679.75,25670.45,25679.55,513921
1771391880,2026-02-18T10:48:00,25679.45,25682.0,25676.1,25680.0,1314661
1771391940,2026-02-18T10:49:00,25680.25,25683.6,25678.5,25681.85,661898
1771392000,2026-02-18T10:50:00,25681.55,25685.1,25680.15,25683.4,1077865
1771392060,2026-02-18T10:51:00,25683.6,25684.15,25678.6,25682.25,715177
1771392120,2026-02-18T10:52:00,25682.3,25686.75,25680.7,25685.8,767030
1771392180,2026-02-18T10:53:00,25685.85,25693.85,25685.0,25693.6,1057948
1771392240,2026-02-18T10:54:00,25694.25,25696.8,25688.5,25691.65,629290
1771392300,2026-02-18T10:55:00,25692.2,25693.45,25688.05,25691.25,711686
1771392360,2026-02-18T10:56:00,25692.45,25696.85,25691.5,25693.9,617275
1771392420,2026-02-18T10:57:00,25695.1,25699.25,25692.55,25698.5,1338625
1771392480,2026-02-18T10:58:00,25698.9,25704.8,25696.85,25703.9,792240
1771392540,2026-02-18T10:59:00,25704.3,25708.0,25702.45,25703.2,762669
1771392600,2026-02-18T11:00:00,25706.0,25709.0,25702.8,25707.85,1331274
1771392660,2026-02-18T11:01:00,25708.25,25708.45,25701.5,25701.85,631153
1771392720,2026-02-18T11:02:00,25703.2,25708.2,25700.9,25705.9,776195
1771392780,2026-02-18T11:03:00,25705.8,25706.35,25698.65,25700.8,603857
1771392840,2026-02-18T11:04:00,25700.5,25707.8,25699.95,25706.15,703226
1771392900,2026-02-18T11:05:00,25706.0,25706.65,25698.2,25699.95,1109919
1771392960,2026-02-18T11:06:00,25700.55,25702.35,25697.45,25699.15,723981
1771393020,2026-02-18T11:07:00,25701.65,25704.65,25697.2,25702.15,678853
1771393080,2026-02-18T11:08:00,25703.3,25704.75,25699.25,25703.15,689730
1771393140,2026-02-18T11:09:00,25704.4,25705.75,25701.45,25703.85,878017
1771393200,2026-02-18T11:10:00,25703.95,25705.85,25701.75,25704.9,691439
1771393260,2026-02-18T11:11:00,25705.6,25705.6,25700.1,25701.6,417080
1771393320,2026-02-18T11:12:00,25702.0,25702.1,25691.15,25693.0,1046506
1771393380,2026-02-18T11:13:00,25693.2,25697.1,25689.3,25694.6,1556939
1771393440,2026-02-18T11:14:00,25694.55,25702.7,25694.05,25700.05,1392236
1771393500,2026-02-18T11:15:00,25700.7,25701.8,25693.45,25696.4,1030523
1771393560,2026-02-18T11:16:00,25697.9,25698.15,25692.4,25693.25,757442
1771393620,2026-02-18T11:17:00,25693.75,25693.95,25684.9,25686.45,1215879
1771393680,2026-02-18T11:18:00,25686.7,25693.45,25686.55,25686.6,524739
1771393740,2026-02-18T11:19:00,25688.25,25689.9,25683.5,25686.55,819544
1771393800,2026-02-18T11:20:00,25688.45,25693.4,25686.45,25693.4,792552
1771393860,2026-02-18T11:21:00,25693.25,25694.0,25688.95,25691.7,603936
1771393920,2026-02-18T11:22:00,25692.55,25696.05,25691.3,25695.2,564532
1771393980,2026-02-18T11:23:00,25695.75,25697.7,25692.75,25694.35,1689037
1771394040,2026-02-18T11:24:00,25695.2,25695.2,25685.8,25688.0,1450920
1771394100,2026-02-18T11:25:00,25687.7,25690.2,25683.95,25684.15,770327
1771394160,2026-02-18T11:26:00,25685.35,25692.5,25679.95,25690.55,1406821
1771394220,2026-02-18T11:27:00,25690.8,25692.9,25686.35,25691.2,649168
1771394280,2026-02-18T11:28:00,25691.15,25694.95,25690.2,25694.05,508798
1771394340,2026-02-18T11:29:00,25694.1,25697.55,25690.15,25693.55,565950
1771394400,2026-02-18T11:30:00,25694.9,25697.7,25687.6,25691.65,613761
1771394460,2026-02-18T11:31:00,25691.6,25697.85,25691.15,25693.35,1282202
1771394520,2026-02-18T11:32:00,25692.7,25700.35,25692.05,25695.3,644826
1771394580,2026-02-18T11:33:00,25695.6,25701.35,25694.3,25701.35,614938
1771394640,2026-02-18T11:34:00,25702.45,25716.55,25701.3,25713.65,791331
1771394700,2026-02-18T11:35:00,25711.6,25716.4,25708.35,25712.35,592292
1771394760,2026-02-18T11:36:00,25711.45,25713.0,25704.7,25705.95,1104812
1771394820,2026-02-18T11:37:00,25704.55,25706.05,25699.8,25701.4,634473
1771394880,2026-02-18T11:38:00,25701.75,25705.55,25698.4,25699.35,778844
1771394940,2026-02-18T11:39:00,25698.75,25700.6,25695.65,25698.9,425627
1771395000,2026-02-18T11:40:00,25698.45,25701.35,25695.4,25695.45,546954
1771395060,2026-02-18T11:41:00,25696.65,25697.75,25687.85,25688.6,599283
1771395120,2026-02-18T11:42:00,25688.65,25688.65,25680.6,25681.45,484473
1771395180,2026-02-18T11:43:00,25681.3,25684.9,25676.55,25681.85,546152
1771395240,2026-02-18T11:44:00,25682.35,25690.05,25680.3,25686.9,424925
1771395300,2026-02-18T11:45:00,25687.5,25690.55,25684.1,25684.65,396679
1771395360,2026-02-18T11:46:00,25685.75,25687.8,25683.15,25687.8,942555
1771395420,2026-02-18T11:47:00,25686.2,25689.7,25684.6,25687.9,350403
1771395480,2026-02-18T11:48:00,25688.25,25688.55,25682.65,25684.45,589963
1771395540,2026-02-18T11:49:00,25684.85,25689.45,25683.45,25688.65,553366
1771395600,2026-02-18T11:50:00,25688.2,25695.6,25688.2,25695.6,707625
1771395660,2026-02-18T11:51:00,25695.0,25695.45,25688.9,25691.1,816385
1771395720,2026-02-18T11:52:00,25691.45,25692.5,25687.4,25690.15,647504
1771395780,2026-02-18T11:53:00,25689.05,25691.45,25687.8,25689.3,512928
1771395840,2026-02-18T11:54:00,25689.4,25695.7,25688.25,25695.55,839283
1771395900,2026-02-18T11:55:00,25695.5,25697.65,25689.95,25695.45,1012669
1771395960,2026-02-18T11:56:00,25696.5,25696.95,25691.55,25695.9,638879
1771396020,2026-02-18T11:57:00,25697.4,25697.85,25693.45,25695.75,614882
1771396080,2026-02-18T11:58:00,25696.05,25699.95,25693.3,25693.75,875226
1771396140,2026-02-18T11:59:00,25694.25,25701.9,25694.25,25701.05,885037
1771396200,2026-02-18T12:00:00,25702.4,25704.0,25697.15,25703.0,719674
1771396260,2026-02-18T12:01:00,25703.65,25710.65,25703.25,25710.5,1995336
1771396320,2026-02-18T12:02:00,25710.7,25711.6,25706.4,25707.35,1229490
1771396380,2026-02-18T12:03:00,25708.0,25709.2,25702.65,25706.75,787206
1771396440,2026-02-18T12:04:00,25706.15,25709.45,25704.4,25704.5,1260774
1771396500,2026-02-18T12:05:00,25705.45,25707.9,25704.3,25706.45,1015746
1771396560,2026-02-18T12:06:00,25706.5,25709.95,25705.95,25709.3,492516
1771396620,2026-02-18T12:07:00,25708.75,25712.55,25708.1,25712.55,507584
1771396680,2026-02-18T12:08:00,25712.0,25718.4,25712.0,25713.9,503405
1771396740,2026-02-18T12:09:00,25713.75,25716.15,25712.65,25713.25,485673
1771396800,2026-02-18T12:10:00,25712.45,25716.65,25712.05,25714.1,443187
1771396860,2026-02-18T12:11:00,25714.2,25716.5,25710.35,25713.25,540309
1771396920,2026-02-18T12:12:00,25713.3,25717.4,25709.65,25709.65,461663
1771396980,2026-02-18T12:13:00,25711.9,25714.75,25708.7,25713.2,539416
1771397040,2026-02-18T12:14:00,25712.75,25714.1,25709.35,25709.85,510702
1771397100,2026-02-18T12:15:00,25710.5,25716.25,25710.5,25714.4,586774
1771397160,2026-02-18T12:16:00,25715.3,25721.55,25714.5,25718.95,518128
1771397220,2026-02-18T12:17:00,25718.4,25720.05,25713.75,25715.45,601725
1771397280,2026-02-18T12:18:00,25714.95,25718.75,25714.1,25715.0,1710305
1771397340,2026-02-18T12:19:00,25714.5,25717.95,25712.7,25713.1,579470
1771397400,2026-02-18T12:20:00,25714.1,25715.6,25711.95,25713.85,655728
1771397460,2026-02-18T12:21:00,25714.4,25720.05,25712.85,25719.2,849085
1771397520,2026-02-18T12:22:00,25718.95,25720.8,25715.15,25717.2,837755
1771397580,2026-02-18T12:23:00,25716.85,25720.15,25714.05,25719.9,552533
1771397640,2026-02-18T12:24:00,25720.75,25723.0,25719.3,25720.3,646569
1771397700,2026-02-18T12:25:00,25720.4,25722.95,25710.45,25711.7,650554
1771397760,2026-02-18T12:26:00,25711.8,25711.8,25704.1,25705.7,605028
1771397820,2026-02-18T12:27:00,25707.15,25710.0,25703.65,25706.4,657882
1771397880,2026-02-18T12:28:00,25709.6,25716.25,25707.0,25716.2,683496
1771397940,2026-02-18T12:29:00,25717.25,25719.05,25711.75,25711.75,469751
1771398000,2026-02-18T12:30:00,25713.9,25718.65,25709.9,25718.1,524287
1771398060,2026-02-18T12:31:00,25719.35,25721.4,25716.05,25720.1,456629
1771398120,2026-02-18T12:32:00,25719.75,25725.55,25718.35,25720.65,352840
1771398180,2026-02-18T12:33:00,25723.0,25726.2,25720.25,25722.45,438985
1771398240,2026-02-18T12:34:00,25721.45,25725.75,25721.1,25722.7,571630
1771398300,2026-02-18T12:35:00,25722.45,25729.95,25722.45,25725.65,870066
1771398360,2026-02-18T12:36:00,25725.55,25729.7,25723.15,25724.8,535184
1771398420,2026-02-18T12:37:00,25726.55,25732.45,25723.5,25729.45,602183
1771398480,2026-02-18T12:38:00,25731.55,25733.35,25726.95,25732.15,395168
1771398540,2026-02-18T12:39:00,25732.45,25734.4,25728.85,25732.25,444197
1771398600,2026-02-18T12:40:00,25732.0,25732.35,25722.4,25722.4,674673
1771398660,2026-02-18T12:41:00,25724.3,25724.35,25718.7,25720.1,441445
1771398720,2026-02-18T12:42:00,25719.4,25725.85,25718.05,25725.85,376312
1771398780,2026-02-18T12:43:00,25725.0,25728.65,25721.35,25726.4,429902
1771398840,2026-02-18T12:44:00,25725.6,25727.9,25722.3,25726.35,504425
1771398900,2026-02-18T12:45:00,25725.1,25729.55,25720.75,25724.75,3878025
1771398960,2026-02-18T12:46:00,25724.2,25727.85,25723.45,25727.0,722289
1771399020,2026-02-18T12:47:00,25726.8,25728.35,25723.85,25726.7,416621
1771399080,2026-02-18T12:48:00,25726.5,25728.0,25722.55,25722.8,609902
1771399140,2026-02-18T12:49:00,25723.0,25724.2,25713.7,25713.95,549999
1771399200,2026-02-18T12:50:00,25715.2,25716.05,25711.9,25714.8,579331
1771399260,2026-02-18T12:51:00,25715.3,25717.75,25712.05,25712.45,725766
1771399320,2026-02-18T12:52:00,25713.1,25717.4,25711.95,25717.3,673647
1771399380,2026-02-18T12:53:00,25717.3,25726.2,25716.8,25726.05,529107
1771399440,2026-02-18T12:54:00,25725.55,25728.5,25725.4,25726.8,503375
1771399500,2026-02-18T12:55:00,25726.55,25727.55,25722.7,25722.85,415313
1771399560,2026-02-18T12:56:00,25723.95,25724.95,25719.55,25724.75,587032
1771399620,2026-02-18T12:57:00,25724.3,25730.0,25724.3,25727.65,781626
1771399680,2026-02-18T12:58:00,25727.45,25733.15,25725.45,25732.0,484751
1771399740,2026-02-18T12:59:00,25732.2,25733.9,25729.05,25731.85,347712
1771399800,2026-02-18T13:00:00,25732.2,25736.1,25730.45,25735.9,430440
1771399860,2026-02-18T13:01:00,25736.6,25742.05,25735.95,25740.2,547620
1771399920,2026-02-18T13:02:00,25739.6,25741.3,25728.75,25729.0,563732
1771399980,2026-02-18T13:03:00,25729.15,25729.95,25722.15,25727.25,372702
1771400040,2026-02-18T13:04:00,25726.75,25738.0,25726.6,25737.0,591392
1771400100,2026-02-18T13:05:00,25736.7,25741.45,25736.05,25740.5,568700
1771400160,2026-02-18T13:06:00,25740.3,25742.05,25738.05,25739.5,526102
1771400220,2026-02-18T13:07:00,25739.3,25740.25,25734.7,25735.95,403404
1771400280,2026-02-18T13:08:00,25735.5,25737.25,25732.15,25734.25,353828
1771400340,2026-02-18T13:09:00,25732.2,25735.65,25730.7,25731.75,476542
1771400400,2026-02-18T13:10:00,25732.95,25733.5,25720.35,25720.35,554748
1771400460,2026-02-18T13:11:00,25722.0,25723.85,25718.4,25721.6,372858
1771400520,2026-02-18T13:12:00,25722.4,25727.1,25719.55,25726.95,364553
1771400580,2026-02-18T13:13:00,25726.65,25728.3,25722.45,25727.65,654766
1771400640,2026-02-18T13:14:00,25727.25,25732.15,25724.45,25731.5,499508
1771400700,2026-02-18T13:15:00,25730.95,25741.35,25730.95,25739.45,669276
1771400760,2026-02-18T13:16:00,25738.9,25741.7,25734.45,25734.45,379091
1771400820,2026-02-18T13:17:00,25735.75,25737.35,25732.35,25735.0,636346
1771400880,2026-02-18T13:18:00,25735.9,25739.1,25735.35,25738.65,565413
1771400940,2026-02-18T13:19:00,25738.5,25745.6,25737.4,25740.85,480563
1771401000,2026-02-18T13:20:00,25741.95,25747.45,25739.55,25745.85,848890
1771401060,2026-02-18T13:21:00,25745.55,25749.05,25743.25,25745.65,663832
1771401120,2026-02-18T13:22:00,25743.8,25750.9,25741.35,25750.85,642435
1771401180,2026-02-18T13:23:00,25750.3,25752.45,25748.15,25752.45,491041
1771401240,2026-02-18T13:24:00,25752.7,25753.2,25743.85,25744.85,555130
1771401300,2026-02-18T13:25:00,25745.15,25746.85,25733.75,25736.05,502662
1771401360,2026-02-18T13:26:00,25734.9,25738.15,25728.15,25731.1,617415
1771401420,2026-02-18T13:27:00,25731.3,25732.75,25723.2,25725.1,939347
1771401480,2026-02-18T13:28:00,25725.2,25727.1,25717.8,25718.7,838865
1771401540,2026-02-18T13:29:00,25720.2,25728.05,25718.5,25728.05,459181
1771401600,2026-02-18T13:30:00,25727.25,25729.05,25722.95,25725.5,363067
1771401660,2026-02-18T13:31:00,25726.15,25730.5,25725.05,25726.75,475093
1771401720,2026-02-18T13:32:00,25727.3,25730.25,25723.7,25726.7,319702
1771401780,2026-02-18T13:33:00,25726.15,25728.55,25724.15,25726.65,359539
1771401840,2026-02-18T13:34:00,25726.65,25730.15,25725.5,25727.55,357683
1771401900,2026-02-18T13:35:00,25726.2,25730.95,25725.3,25729.5,502242
1771401960,2026-02-18T13:36:00,25729.15,25730.8,25719.85,25719.85,635768
1771402020,2026-02-18T13:37:00,25721.95,25727.4,25721.45,25723.25,443038
1771402080,2026-02-18T13:38:00,25723.2,25726.75,25723.05,25725.75,346378
1771402140,2026-02-18T13:39:00,25727.1,25727.85,25721.35,25721.35,472619
1771402200,2026-02-18T13:40:00,25721.45,25727.65,25721.25,25726.7,447083
1771402260,2026-02-18T13:41:00,25726.7,25729.45,25722.6,25723.7,405458
1771402320,2026-02-18T13:42:00,25724.6,25726.5,25719.5,25719.5,466435
1771402380,2026-02-18T13:43:00,25719.5,25722.15,25718.1,25718.55,441464
1771402440,2026-02-18T13:44:00,25719.6,25725.15,25718.95,25724.7,662169
1771402500,2026-02-18T13:45:00,25724.6,25731.8,25723.3,25730.65,578664
1771402560,2026-02-18T13:46:00,25730.85,25736.0,25727.9,25731.7,505717
1771402620,2026-02-18T13:47:00,25732.2,25733.6,25725.7,25726.45,912136
1771402680,2026-02-18T13:48:00,25728.35,25738.2,25725.6,25735.15,508130
1771402740,2026-02-18T13:49:00,25736.0,25739.2,25731.3,25735.5,1908289
1771402800,2026-02-18T13:50:00,25735.15,25739.4,25735.0,25739.0,655977
1771402860,2026-02-18T13:51:00,25738.95,25746.15,25738.8,25744.2,677550
1771402920,2026-02-18T13:52:00,25744.25,25746.1,25725.65,25726.05,876594
1771402980,2026-02-18T13:53:00,25726.55,25728.75,25707.75,25708.55,980889
1771403040,2026-02-18T13:54:00,25708.15,25709.95,25699.15,25700.0,852832
1771403100,2026-02-18T13:55:00,25699.2,25702.9,25695.75,25699.75,886179
1771403160,2026-02-18T13:56:00,25700.15,25709.45,25696.3,25709.45,868257
1771403220,2026-02-18T13:57:00,25708.55,25718.9,25708.55,25718.25,557258
1771403280,2026-02-18T13:58:00,25717.1,25724.9,25716.65,25721.9,511505
1771403340,2026-02-18T13:59:00,25722.6,25726.55,25720.0,25724.3,456496
1771403400,2026-02-18T14:00:00,25724.45,25728.2,25723.25,25725.4,347248
1771403460,2026-02-18T14:01:00,25725.1,25726.25,25721.3,25721.5,458991
1771403520,2026-02-18T14:02:00,25721.9,25725.35,25720.5,25723.4,473810
1771403580,2026-02-18T14:03:00,25724.05,25727.75,25719.95,25723.5,704968
1771403640,2026-02-18T14:04:00,25724.75,25726.9,25720.3,25725.45,463760
1771403700,2026-02-18T14:05:00,25726.55,25732.05,25725.25,25729.75,624443
1771403760,2026-02-18T14:06:00,25729.8,25730.7,25726.0,25727.05,408654
1771403820,2026-02-18T14:07:00,25726.5,25730.0,25725.85,25730.0,379814
1771403880,2026-02-18T14:08:00,25729.75,25733.15,25729.15,25732.9,453601
1771403940,2026-02-18T14:09:00,25732.25,25735.45,25729.9,25735.45,398767
1771404000,2026-02-18T14:10:00,25735.05,25737.6,25733.05,25737.4,705912
1771404060,2026-02-18T14:11:00,25736.35,25747.4,25735.8,25747.4,739102
1771404120,2026-02-18T14:12:00,25746.4,25753.3,25745.3,25752.85,750899
1771404180,2026-02-18T14:13:00,25753.55,25756.9,25751.2,25753.7,440504
1771404240,2026-02-18T14:14:00,25753.2,25757.35,25751.35,25756.8,552023
1771404300,2026-02-18T14:15:00,25756.95,25761.95,25756.95,25758.95,649747
1771404360,2026-02-18T14:16:00,25759.05,25759.05,25750.6,25757.05,497844
1771404420,2026-02-18T14:17:00,25757.6,25762.15,25756.55,25760.85,456591
1771404480,2026-02-18T14:18:00,25760.9,25766.6,25759.2,25765.25,669401
1771404540,2026-02-18T14:19:00,25766.35,25771.95,25765.2,25771.6,760802
1771404600,2026-02-18T14:20:00,25771.65,25778.5,25770.7,25778.45,860723
1771404660,2026-02-18T14:21:00,25779.8,25785.35,25776.95,25779.95,650320
1771404720,2026-02-18T14:22:00,25779.9,25788.55,25778.65,25786.1,1007149
1771404780,2026-02-18T14:23:00,25786.4,25790.5,25786.0,25788.8,850144
1771404840,2026-02-18T14:24:00,25788.55,25791.55,25785.35,25790.55,839292
1771404900,2026-02-18T14:25:00,25789.9,25792.1,25780.05,25781.5,508516
1771404960,2026-02-18T14:26:00,25781.4,25787.8,25778.95,25787.8,713163
1771405020,2026-02-18T14:27:00,25786.4,25792.85,25786.4,25790.35,1092892
1771405080,2026-02-18T14:28:00,25790.55,25791.7,25782.75,25785.15,728227
1771405140,2026-02-18T14:29:00,25784.4,25787.0,25780.3,25785.2,566658
1771405200,2026-02-18T14:30:00,25784.2,25787.6,25782.35,25782.35,440013
1771405260,2026-02-18T14:31:00,25782.95,25783.45,25774.7,25777.8,576386
1771405320,2026-02-18T14:32:00,25777.75,25785.4,25777.75,25785.4,756076
1771405380,2026-02-18T14:33:00,25784.7,25789.9,25783.35,25785.4,667058
1771405440,2026-02-18T14:34:00,25786.05,25786.7,25778.1,25779.1,547895
1771405500,2026-02-18T14:35:00,25778.8,25785.5,25778.25,25782.85,660110
1771405560,2026-02-18T14:36:00,25783.85,25793.8,25783.45,25788.8,728691
1771405620,2026-02-18T14:37:00,25789.15,25791.65,25783.4,25785.0,606267
1771405680,2026-02-18T14:38:00,25784.85,25787.35,25779.45,25783.05,504782
1771405740,2026-02-18T14:39:00,25782.4,25784.25,25780.1,25781.0,562025
1771405800,2026-02-18T14:40:00,25780.6,25782.35,25778.15,25782.1,951304
1771405860,2026-02-18T14:41:00,25781.2,25784.55,25779.55,25781.35,542304
1771405920,2026-02-18T14:42:00,25780.65,25781.7,25776.05,25777.6,656159
1771405980,2026-02-18T14:43:00,25778.0,25780.6,25774.3,25777.45,690981
1771406040,2026-02-18T14:44:00,25778.9,25784.15,25777.5,25779.8,645421
1771406100,2026-02-18T14:45:00,25779.65,25781.75,25774.3,25776.15,733170
1771406160,2026-02-18T14:46:00,25776.35,25778.4,25773.0,25775.0,698298
1771406220,2026-02-18T14:47:00,25773.55,25780.7,25773.5,25775.05,560411
1771406280,2026-02-18T14:48:00,25774.65,25778.15,25768.45,25778.05,897889
1771406340,2026-02-18T14:49:00,25777.7,25781.95,25773.6,25781.45,539673
1771406400,2026-02-18T14:50:00,25781.85,25783.6,25778.3,25783.1,557634
1771406460,2026-02-18T14:51:00,25783.35,25789.6,25783.35,25789.1,1067084
1771406520,2026-02-18T14:52:00,25789.0,25790.55,25783.85,25786.75,872479
1771406580,2026-02-18T14:53:00,25787.05,25788.5,25784.5,25784.5,554915
1771406640,2026-02-18T14:54:00,25785.6,25787.75,25782.95,25787.45,808352
1771406700,2026-02-18T14:55:00,25786.95,25791.2,25786.95,25789.75,590710
1771406760,2026-02-18T14:56:00,25790.15,25794.6,25789.1,25793.15,633817
1771406820,2026-02-18T14:57:00,25793.55,25796.2,25792.0,25794.7,782722
1771406880,2026-02-18T14:58:00,25794.55,25796.75,25790.75,25793.75,580877
1771406940,2026-02-18T14:59:00,25793.7,25795.45,25788.95,25792.15,700539
1771407000,2026-02-18T15:00:00,25794.75,25824.45,25794.75,25823.25,2212189
1771407060,2026-02-18T15:01:00,25822.25,25828.0,25818.65,25826.35,1164348
1771407120,2026-02-18T15:02:00,25825.3,25828.05,25811.0,25817.7,1289944
1771407180,2026-02-18T15:03:00,25815.05,25817.65,25811.55,25813.65,1280601
1771407240,2026-02-18T15:04:00,25812.3,25817.3,25812.1,25814.55,1982082
1771407300,2026-02-18T15:05:00,25813.65,25816.95,25809.65,25812.95,1344797
1771407360,2026-02-18T15:06:00,25809.75,25815.55,25807.95,25815.55,1120862
1771407420,2026-02-18T15:07:00,25813.5,25823.2,25813.5,25822.35,1185351
1771407480,2026-02-18T15:08:00,25820.6,25822.8,25814.5,25815.85,1432373
1771407540,2026-02-18T15:09:00,25815.4,25825.7,25815.4,25825.7,1201003
1771407600,2026-02-18T15:10:00,25823.9,25827.15,25822.05,25825.4,1401892
1771407660,2026-02-18T15:11:00,25824.25,25825.7,25820.95,25824.2,1347545
1771407720,2026-02-18T15:12:00,25822.25,25824.75,25820.3,25824.25,1603918
1771407780,2026-02-18T15:13:00,25823.15,25824.45,25820.55,25823.05,1692893
1771407840,2026-02-18T15:14:00,25821.1,25822.5,25818.5,25821.95,1894537
1771407900,2026-02-18T15:15:00,25820.05,25824.3,25817.9,25823.3,2209995
1771407960,2026-02-18T15:16:00,25822.55,25824.25,25818.8,25824.05,1772412
1771408020,2026-02-18T15:17:00,25821.95,25826.4,25821.95,25824.5,1411365
1771408080,2026-02-18T15:18:00,25822.75,25827.45,25821.45,25826.45,2226489
1771408140,2026-02-18T15:19:00,25824.0,25825.45,25817.1,25818.3,1433747
1771408200,2026-02-18T15:20:00,25816.85,25820.65,25815.65,25818.3,2120327
1771408260,2026-02-18T15:21:00,25816.75,25819.3,25814.1,25818.85,1497117
1771408320,2026-02-18T15:22:00,25817.45,25822.4,25816.25,25821.45,2023480
1771408380,2026-02-18T15:23:00,25820.2,25821.15,25814.85,25817.4,1828212
1771408440,2026-02-18T15:24:00,25816.1,25819.65,25814.75,25817.3,2315792
1771408500,2026-02-18T15:25:00,25815.45,25818.95,25809.95,25815.15,2666091
1771408560,2026-02-18T15:26:00,25813.15,25818.05,25812.15,25816.7,1384433
1771408620,2026-02-18T15:27:00,25812.85,25815.6,25811.3,25813.45,1955472
1771408680,2026-02-18T15:28:00,25815.45,25817.4,25811.8,25813.55,1624115
1771408740,2026-02-18T15:29:00,25814.0,25816.5,25805.05,25805.7,1099595
1771472700,2026-02-19T09:15:00,25873.35,25885.3,25842.65,25846.2,6545437
1771472760,2026-02-19T09:16:00,25843.9,25855.05,25836.6,25844.0,3298570
1771472820,2026-02-19T09:17:00,25846.1,25871.35,25841.85,25869.8,2506432
1771472880,2026-02-19T09:18:00,25867.65,25868.55,25856.85,25866.1,1988071
1771472940,2026-02-19T09:19:00,25866.35,25866.35,25852.45,25853.9,1790816
1771473000,2026-02-19T09:20:00,25853.65,25870.0,25849.8,25870.0,1879683
1771473060,2026-02-19T09:21:00,25869.6,25877.35,25863.05,25868.35,1653266
1771473120,2026-02-19T09:22:00,25868.75,25872.95,25865.2,25868.2,1683456
1771473180,2026-02-19T09:23:00,25868.1,25868.2,25851.65,25865.3,1538463
1771473240,2026-02-19T09:24:00,25864.35,25864.35,25850.2,25850.2,1231774
1771473300,2026-02-19T09:25:00,25850.25,25851.9,25839.65,25844.5,1111577
1771473360,2026-02-19T09:26:00,25844.15,25844.15,25835.2,25836.8,1220801
1771473420,2026-02-19T09:27:00,25835.0,25836.95,25829.15,25831.2,1052166
1771473480,2026-02-19T09:28:00,25831.2,25832.6,25811.2,25813.05,1003580
1771473540,2026-02-19T09:29:00,25813.1,25825.1,25812.9,25817.65,1135503
1771473600,2026-02-19T09:30:00,25817.75,25821.15,25806.4,25807.3,1120623
1771473660,2026-02-19T09:31:00,25808.7,25819.6,25807.85,25810.75,1139564
1771473720,2026-02-19T09:32:00,25811.15,25818.1,25805.65,25811.2,754528
1771473780,2026-02-19T09:33:00,25810.95,25813.45,25807.2,25808.25,791033
1771473840,2026-02-19T09:34:00,25808.9,25812.5,25803.25,25804.3,829745
1771473900,2026-02-19T09:35:00,25805.05,25821.2,25803.65,25813.35,1114642
1771473960,2026-02-19T09:36:00,25813.65,25817.0,25807.0,25809.85,917668
1771474020,2026-02-19T09:37:00,25810.65,25815.6,25786.35,25790.85,1000534
1771474080,2026-02-19T09:38:00,25790.6,25791.85,25781.65,25783.0,1041682
1771474140,2026-02-19T09:39:00,25781.7,25793.4,25779.8,25790.65,2973430
1771474200,2026-02-19T09:40:00,25790.75,25792.05,25784.6,25784.6,1196472
1771474260,2026-02-19T09:41:00,25784.85,25790.6,25783.95,25790.15,727754
1771474320,2026-02-19T09:42:00,25789.7,25791.0,25784.9,25784.9,814362
1771474380,2026-02-19T09:43:00,25785.5,25786.1,25778.1,25780.3,776927
1771474440,2026-02-19T09:44:00,25780.15,25784.45,25776.55,25779.9,760540
1771474500,2026-02-19T09:45:00,25780.95,25781.7,25773.4,25781.15,634546
1771474560,2026-02-19T09:46:00,25780.2,25785.9,25776.2,25785.7,737771
1771474620,2026-02-19T09:47:00,25785.45,25793.65,25785.15,25793.65,846145
1771474680,2026-02-19T09:48:00,25791.15,25806.4,25790.6,25800.8,806601
1771474740,2026-02-19T09:49:00,25801.6,25812.95,25801.6,25809.25,656291
1771474800,2026-02-19T09:50:00,25808.3,25810.55,25799.4,25801.6,925501
1771474860,2026-02-19T09:51:00,25799.45,25804.8,25792.9,25794.85,711885
1771474920,2026-02-19T09:52:00,25792.45,25798.8,25787.2,25788.4,608290
1771474980,2026-02-19T09:53:00,25787.75,25789.2,25784.65,25788.1,444838
1771475040,2026-02-19T09:54:00,25787.95,25792.85,25782.65,25782.65,667269
1771475100,2026-02-19T09:55:00,25783.6,25789.1,25782.5,25785.6,619757
1771475160,2026-02-19T09:56:00,25785.6,25785.6,25777.8,25781.8,755701
1771475220,2026-02-19T09:57:00,25781.4,25783.85,25779.5,25779.65,875480
1771475280,2026-02-19T09:58:00,25779.7,25781.65,25770.4,25772.65,721119
1771475340,2026-02-19T09:59:00,25772.55,25773.7,25769.65,25772.85,579915
1771475400,2026-02-19T10:00:00,25772.55,25779.3,25771.2,25773.4,445616
1771475460,2026-02-19T10:01:00,25773.5,25778.95,25767.6,25770.9,705666
1771475520,2026-02-19T10:02:00,25770.4,25770.4,25763.0,25768.0,531246
1771475580,2026-02-19T10:03:00,25767.95,25780.95,25767.55,25779.6,535929
1771475640,2026-02-19T10:04:00,25778.5,25786.55,25776.85,25786.55,525164
1771475700,2026-02-19T10:05:00,25785.85,25792.1,25783.9,25791.9,789662
1771475760,2026-02-19T10:06:00,25791.35,25793.9,25787.7,25791.8,731363
1771475820,2026-02-19T10:07:00,25791.35,25791.85,25780.65,25782.85,567382
1771475880,2026-02-19T10:08:00,25784.0,25786.05,25776.05,25784.15,507980
1771475940,2026-02-19T10:09:00,25782.1,25785.6,25776.7,25779.6,595537
1771476000,2026-02-19T10:10:00,25778.65,25783.3,25773.75,25778.55,542825
1771476060,2026-02-19T10:11:00,25777.9,25778.55,25764.1,25769.8,490803
1771476120,2026-02-19T10:12:00,25769.7,25774.3,25766.2,25769.9,463735
1771476180,2026-02-19T10:13:00,25769.85,25770.95,25762.45,25765.95,420938
1771476240,2026-02-19T10:14:00,25765.1,25765.1,25749.45,25756.45,549061
1771476300,2026-02-19T10:15:00,25757.75,25757.75,25746.9,25748.3,560512
1771476360,2026-02-19T10:16:00,25748.15,25756.25,25748.05,25754.55,502983
1771476420,2026-02-19T10:17:00,25753.5,25758.4,25751.9,25757.9,596889
1771476480,2026-02-19T10:18:00,25758.1,25765.65,25756.7,25764.7,610545
1771476540,2026-02-19T10:19:00,25765.3,25765.85,25753.6,25756.85,386300
1771476600,2026-02-19T10:20:00,25757.3,25757.4,25749.2,25749.55,506280
1771476660,2026-02-19T10:21:00,25748.2,25752.9,25745.2,25746.5,469730
1771476720,2026-02-19T10:22:00,25746.9,25752.35,25741.9,25751.3,866943
1771476780,2026-02-19T10:23:00,25752.45,25760.4,25752.45,25759.4,467579
1771476840,2026-02-19T10:24:00,25760.45,25761.75,25752.2,25754.05,394505
1771476900,2026-02-19T10:25:00,25752.8,25754.95,25747.3,25747.35,558493
1771476960,2026-02-19T10:26:00,25747.55,25750.2,25745.35,25748.1,407236
1771477020,2026-02-19T10:27:00,25748.05,25748.1,25735.7,25738.6,504003
1771477080,2026-02-19T10:28:00,25737.3,25744.3,25732.35,25744.2,424408
1771477140,2026-02-19T10:29:00,25743.8,25750.85,25741.9,25746.7,523424
1771477200,2026-02-19T10:30:00,25746.75,25747.4,25736.85,25737.8,478655
1771477260,2026-02-19T10:31:00,25737.25,25747.6,25736.8,25746.2,306858
1771477320,2026-02-19T10:32:00,25746.15,25750.15,25745.8,25749.8,354717
1771477380,2026-02-19T10:33:00,25750.1,25752.4,25745.5,25747.4,392114
1771477440,2026-02-19T10:34:00,25747.15,25747.25,25736.85,25739.5,522516
1771477500,2026-02-19T10:35:00,25739.95,25743.2,25732.05,25736.65,519022
1771477560,2026-02-19T10:36:00,25737.75,25738.45,25728.85,25730.55,505773
1771477620,2026-02-19T10:37:00,25728.7,25729.85,25720.75,25721.15,2961629
1771477680,2026-02-19T10:38:00,25720.3,25723.9,25713.3,25722.95,689278
1771477740,2026-02-19T10:39:00,25722.75,25722.75,25715.95,25716.4,520453
1771477800,2026-02-19T10:40:00,25716.6,25718.0,25708.7,25717.1,624809
1771477860,2026-02-19T10:41:00,25717.05,25727.6,25715.2,25727.1,985766
1771477920,2026-02-19T10:42:00,25726.4,25728.0,25718.45,25725.65,533242
1771477980,2026-02-19T10:43:00,25727.35,25738.3,25724.85,25735.45,739013
1771478040,2026-02-19T10:44:00,25735.9,25739.5,25731.9,25735.05,963625
1771478100,2026-02-19T10:45:00,25735.2,25736.75,25725.3,25725.75,598696
1771478160,2026-02-19T10:46:00,25725.9,25729.55,25724.75,25728.05,571272
1771478220,2026-02-19T10:47:00,25726.95,25729.45,25720.55,25720.55,452444
1771478280,2026-02-19T10:48:00,25720.5,25722.3,25718.45,25718.8,923059
1771478340,2026-02-19T10:49:00,25718.8,25726.55,25718.05,25723.15,506276
1771478400,2026-02-19T10:50:00,25722.95,25723.25,25718.25,25721.7,459192
1771478460,2026-02-19T10:51:00,25722.4,25729.9,25722.2,25728.45,345931
1771478520,2026-02-19T10:52:00,25726.2,25734.4,25726.2,25734.1,352765
1771478580,2026-02-19T10:53:00,25734.25,25735.95,25727.25,25729.25,425249
1771478640,2026-02-19T10:54:00,25729.3,25737.0,25728.75,25733.65,1043864
1771478700,2026-02-19T10:55:00,25732.75,25734.45,25727.1,25727.3,719731
1771478760,2026-02-19T10:56:00,25727.2,25727.75,25719.95,25722.85,1015847
1771478820,2026-02-19T10:57:00,25723.5,25733.4,25723.0,25730.15,406096
1771478880,2026-02-19T10:58:00,25728.15,25737.7,25727.55,25737.15,579033
1771478940,2026-02-19T10:59:00,25738.05,25740.5,25734.3,25734.85,1470447
1771479000,2026-02-19T11:00:00,25734.75,25738.5,25729.9,25735.85,500235
1771479060,2026-02-19T11:01:00,25734.95,25746.0,25731.0,25732.05,1328428
1771479120,2026-02-19T11:02:00,25732.0,25734.4,25726.3,25726.5,345557
1771479180,2026-02-19T11:03:00,25726.4,25735.65,25726.15,25735.45,433860
1771479240,2026-02-19T11:04:00,25735.0,25740.45,25732.45,25734.9,383451
1771479300,2026-02-19T11:05:00,25734.8,25736.9,25729.95,25730.35,286013
1771479360,2026-02-19T11:06:00,25730.5,25734.35,25726.8,25733.9,389224
1771479420,2026-02-19T11:07:00,25734.95,25744.0,25734.95,25741.2,321616
1771479480,2026-02-19T11:08:00,25741.6,25745.05,25736.85,25736.85,314432
1771479540,2026-02-19T11:09:00,25735.65,25736.4,25726.25,25726.95,611315
1771479600,2026-02-19T11:10:00,25727.3,25733.25,25726.15,25732.8,500274
1771479660,2026-02-19T11:11:00,25732.2,25736.85,25731.6,25732.85,1161656
1771479720,2026-02-19T11:12:00,25732.4,25734.9,25730.5,25731.0,482850
1771479780,2026-02-19T11:13:00,25731.15,25732.7,25720.6,25720.6,551134
1771479840,2026-02-19T11:14:00,25720.05,25721.5,25713.85,25715.8,407848
1771479900,2026-02-19T11:15:00,25715.3,25720.7,25713.65,25714.2,508165
1771479960,2026-02-19T11:16:00,25715.55,25715.65,25710.2,25710.35,407235
1771480020,2026-02-19T11:17:00,25710.3,25719.5,25709.55,25717.7,462456
1771480080,2026-02-19T11:18:00,25717.4,25718.3,25705.4,25706.35,329581
1771480140,2026-02-19T11:19:00,25706.35,25708.55,25703.65,25705.65,464615
1771480200,2026-02-19T11:20:00,25705.15,25707.4,25702.25,25707.4,786587
1771480260,2026-02-19T11:21:00,25707.4,25709.75,25703.7,25703.7,318589
1771480320,2026-02-19T11:22:00,25704.55,25707.2,25700.4,25700.4,406144
1771480380,2026-02-19T11:23:00,25700.55,25701.6,25690.05,25690.05,551805
1771480440,2026-02-19T11:24:00,25690.2,25690.6,25679.75,25683.25,436446
1771480500,2026-02-19T11:25:00,25682.4,25690.3,25681.15,25689.15,420425
1771480560,2026-02-19T11:26:00,25689.4,25690.85,25687.1,25689.0,263552
1771480620,2026-02-19T11:27:00,25689.55,25690.9,25681.75,25682.55,379710
1771480680,2026-02-19T11:28:00,25681.95,25692.4,25681.95,25690.3,593285
1771480740,2026-02-19T11:29:00,25689.65,25692.45,25688.1,25688.65,343551
1771480800,2026-02-19T11:30:00,25687.7,25689.6,25683.45,25686.9,435910
1771480860,2026-02-19T11:31:00,25686.05,25686.85,25683.55,25686.1,320990
1771480920,2026-02-19T11:32:00,25686.1,25693.1,25686.1,25689.95,309698
1771480980,2026-02-19T11:33:00,25689.75,25691.15,25688.5,25690.25,318217
1771481040,2026-02-19T11:34:00,25689.9,25691.85,25685.1,25686.95,245124
1771481100,2026-02-19T11:35:00,25686.45,25688.95,25681.1,25683.0,406283
1771481160,2026-02-19T11:36:00,25684.0,25684.85,25671.45,25675.75,468103
1771481220,2026-02-19T11:37:00,25675.95,25683.55,25675.8,25678.35,399606
1771481280,2026-02-19T11:38:00,25678.95,25682.25,25677.7,25679.35,303216
1771481340,2026-02-19T11:39:00,25679.6,25686.15,25678.35,25684.6,293108
1771481400,2026-02-19T11:40:00,25683.65,25685.65,25680.2,25684.2,282907
1771481460,2026-02-19T11:41:00,25684.1,25684.85,25675.2,25675.5,372468
1771481520,2026-02-19T11:42:00,25675.9,25676.65,25667.7,25668.0,260475
1771481580,2026-02-19T11:43:00,25667.95,25677.95,25667.65,25675.55,655429
1771481640,2026-02-19T11:44:00,25674.5,25679.85,25672.6,25678.9,342726
1771481700,2026-02-19T11:45:00,25679.35,25680.05,25670.0,25671.6,310968
1771481760,2026-02-19T11:46:00,25670.1,25671.75,25664.05,25665.0,432698
1771481820,2026-02-19T11:47:00,25663.5,25671.9,25662.1,25668.65,339081
1771481880,2026-02-19T11:48:00,25669.15,25669.45,25658.25,25662.1,373018
1771481940,2026-02-19T11:49:00,25662.25,25666.7,25661.85,25664.45,251667
1771482000,2026-02-19T11:50:00,25664.5,25664.65,25656.75,25660.9,371284
1771482060,2026-02-19T11:51:00,25661.15,25664.0,25655.45,25659.75,345362
1771482120,2026-02-19T11:52:00,25660.05,25662.75,25655.35,25658.9,521771
1771482180,2026-02-19T11:53:00,25658.0,25660.7,25652.45,25658.2,378241
1771482240,2026-02-19T11:54:00,25657.95,25661.1,25654.45,25658.65,525230
1771482300,2026-02-19T11:55:00,25657.2,25663.75,25656.6,25661.4,457054
1771482360,2026-02-19T11:56:00,25661.9,25661.9,25653.5,25653.5,520935
1771482420,2026-02-19T11:57:00,25652.9,25655.05,25650.55,25652.2,429516
1771482480,2026-02-19T11:58:00,25652.5,25659.3,25652.5,25656.85,659894
1771482540,2026-02-19T11:59:00,25655.75,25663.95,25655.75,25658.7,460331
1771482600,2026-02-19T12:00:00,25658.65,25661.6,25651.35,25651.35,330073
1771482660,2026-02-19T12:01:00,25652.65,25653.2,25641.7,25644.5,565178
1771482720,2026-02-19T12:02:00,25645.55,25653.3,25644.2,25652.05,438747
1771482780,2026-02-19T12:03:00,25651.45,25656.65,25645.6,25653.7,847836
1771482840,2026-02-19T12:04:00,25653.8,25657.25,25648.65,25652.1,453943
1771482900,2026-02-19T12:05:00,25652.95,25654.35,25648.8,25651.2,425274
1771482960,2026-02-19T12:06:00,25651.25,25655.85,25651.15,25653.05,594239
1771483020,2026-02-19T12:07:00,25652.15,25654.8,25647.85,25648.05,423645
1771483080,2026-02-19T12:08:00,25646.95,25651.1,25644.8,25648.05,463084
1771483140,2026-02-19T12:09:00,25647.55,25647.9,25636.85,25637.75,564998
1771483200,2026-02-19T12:10:00,25636.55,25636.55,25625.25,25627.6,843684
1771483260,2026-02-19T12:11:00,25627.2,25628.3,25621.15,25623.3,933690
1771483320,2026-02-19T12:12:00,25621.95,25625.15,25613.0,25615.35,958228
1771483380,2026-02-19T12:13:00,25614.75,25616.3,25602.85,25604.25,587546
1771483440,2026-02-19T12:14:00,25604.75,25614.0,25601.0,25603.5,522426
1771483500,2026-02-19T12:15:00,25602.85,25602.85,25592.15,25596.5,895580
1771483560,2026-02-19T12:16:00,25595.75,25600.45,25591.7,25595.0,522374
1771483620,2026-02-19T12:17:00,25596.15,25598.25,25586.75,25597.55,1090986
1771483680,2026-02-19T12:18:00,25597.2,25615.7,25597.2,25610.5,594672
1771483740,2026-02-19T12:19:00,25610.05,25615.45,25606.4,25611.4,1394908
1771483800,2026-02-19T12:20:00,25611.8,25619.3,25607.55,25618.05,579676
1771483860,2026-02-19T12:21:00,25617.35,25634.7,25616.85,25630.65,618787
1771483920,2026-02-19T12:22:00,25630.15,25633.5,25627.45,25628.25,452334
1771483980,2026-02-19T12:23:00,25626.0,25635.45,25624.2,25632.7,744730
1771484040,2026-02-19T12:24:00,25632.2,25639.7,25632.2,25633.35,640348
1771484100,2026-02-19T12:25:00,25631.9,25632.4,25624.0,25626.65,537388
1771484160,2026-02-19T12:26:00,25624.65,25627.1,25614.05,25621.3,599547
1771484220,2026-02-19T12:27:00,25619.6,25627.65,25617.85,25623.6,561881
1771484280,2026-02-19T12:28:00,25621.95,25630.7,25621.95,25630.15,400713
1771484340,2026-02-19T12:29:00,25628.75,25634.9,25625.8,25626.0,653332
1771484400,2026-02-19T12:30:00,25625.4,25628.15,25623.55,25626.9,289623
1771484460,2026-02-19T12:31:00,25624.55,25630.7,25621.65,25623.9,259033
1771484520,2026-02-19T12:32:00,25623.0,25625.15,25614.65,25617.05,357845
1771484580,2026-02-19T12:33:00,25615.65,25618.25,25610.1,25610.15,319017
1771484640,2026-02-19T12:34:00,25609.4,25622.75,25608.6,25614.0,358781
1771484700,2026-02-19T12:35:00,25613.75,25621.4,25613.35,25618.8,468298
1771484760,2026-02-19T12:36:00,25616.25,25619.0,25609.95,25612.55,432090
1771484820,2026-02-19T12:37:00,25610.95,25613.3,25605.7,25609.6,407302
1771484880,2026-02-19T12:38:00,25609.05,25611.25,25605.25,25605.65,414011
1771484940,2026-02-19T12:39:00,25604.55,25605.8,25591.85,25593.8,1252213
1771485000,2026-02-19T12:40:00,25594.2,25602.55,25593.1,25595.1,328033
1771485060,2026-02-19T12:41:00,25593.45,25595.95,25578.95,25585.15,553445
1771485120,2026-02-19T12:42:00,25585.0,25585.95,25577.3,25577.65,666758
1771485180,2026-02-19T12:43:00,25577.2,25579.05,25571.4,25572.45,714590
1771485240,2026-02-19T12:44:00,25571.4,25584.4,25569.35,25582.55,585230
1771485300,2026-02-19T12:45:00,25580.7,25583.45,25575.0,25577.05,580730
1771485360,2026-02-19T12:46:00,25576.45,25579.2,25575.45,25576.85,297154
1771485420,2026-02-19T12:47:00,25576.65,25578.8,25571.2,25573.0,403567
1771485480,2026-02-19T12:48:00,25572.0,25578.95,25567.75,25574.05,599841
1771485540,2026-02-19T12:49:00,25573.65,25585.55,25572.3,25584.05,396958
1771485600,2026-02-19T12:50:00,25584.45,25587.15,25580.05,25583.85,419970
1771485660,2026-02-19T12:51:00,25581.7,25590.95,25581.7,25590.1,805267
1771485720,2026-02-19T12:52:00,25588.55,25599.45,25588.55,25598.45,476503
1771485780,2026-02-19T12:53:00,25599.35,25613.4,25596.65,25597.9,625607
1771485840,2026-02-19T12:54:00,25594.9,25598.6,25589.6,25592.2,535345
1771485900,2026-02-19T12:55:00,25593.35,25602.4,25593.15,25600.1,393502
1771485960,2026-02-19T12:56:00,25600.6,25601.7,25594.7,25595.4,367102
1771486020,2026-02-19T12:57:00,25595.35,25597.0,25594.3,25596.1,401871
1771486080,2026-02-19T12:58:00,25596.05,25597.3,25592.45,25592.7,322517
1771486140,2026-02-19T12:59:00,25592.35,25599.6,25590.0,25597.5,454875
1771486200,2026-02-19T13:00:00,25598.4,25599.15,25586.25,25591.7,499387
1771486260,2026-02-19T13:01:00,25590.0,25598.65,25590.0,25594.95,342909
1771486320,2026-02-19T13:02:00,25593.3,25594.1,25589.6,25589.8,376474
1771486380,2026-02-19T13:03:00,25590.05,25597.55,25588.9,25591.45,361307
1771486440,2026-02-19T13:04:00,25592.7,25599.95,25591.8,25598.45,329594
1771486500,2026-02-19T13:05:00,25597.75,25608.95,25597.5,25608.7,871499
1771486560,2026-02-19T13:06:00,25608.15,25612.65,25602.35,25605.9,603332
1771486620,2026-02-19T13:07:00,25605.95,25616.4,25603.1,25612.65,580384
1771486680,2026-02-19T13:08:00,25615.3,25622.95,25610.75,25619.1,688530
1771486740,2026-02-19T13:09:00,25618.5,25629.8,25618.5,25628.0,1195573
1771486800,2026-02-19T13:10:00,25628.75,25631.4,25624.3,25628.2,1116311
1771486860,2026-02-19T13:11:00,25628.3,25630.4,25623.45,25623.65,1063459
1771486920,2026-02-19T13:12:00,25624.4,25630.35,25621.05,25621.45,1212805
1771486980,2026-02-19T13:13:00,25620.85,25628.05,25618.5,25621.7,1384807
1771487040,2026-02-19T13:14:00,25621.5,25625.45,25621.25,25624.55,940803
1771487100,2026-02-19T13:15:00,25623.85,25624.55,25603.1,25605.75,594388
1771487160,2026-02-19T13:16:00,25602.9,25607.25,25599.8,25599.8,560569
1771487220,2026-02-19T13:17:00,25598.5,25611.55,25598.5,25605.75,374814
1771487280,2026-02-19T13:18:00,25604.8,25612.8,25603.6,25609.2,418851
1771487340,2026-02-19T13:19:00,25609.9,25613.65,25606.5,25607.0,669814
1771487400,2026-02-19T13:20:00,25606.75,25613.45,25604.55,25611.1,915181
1771487460,2026-02-19T13:21:00,25611.75,25626.4,25611.2,25626.4,834938
1771487520,2026-02-19T13:22:00,25625.45,25629.8,25622.5,25628.25,618301
1771487580,2026-02-19T13:23:00,25626.45,25631.9,25623.75,25628.65,790087
1771487640,2026-02-19T13:24:00,25628.3,25634.3,25628.25,25630.75,800671
1771487700,2026-02-19T13:25:00,25630.6,25636.25,25629.3,25633.15,628002
1771487760,2026-02-19T13:26:00,25631.15,25631.6,25612.6,25613.65,784672
1771487820,2026-02-19T13:27:00,25612.6,25614.1,25607.1,25610.55,617701
1771487880,2026-02-19T13:28:00,25610.05,25619.2,25604.7,25618.5,795633
1771487940,2026-02-19T13:29:00,25617.45,25623.8,25616.35,25619.7,467805
1771488000,2026-02-19T13:30:00,25617.95,25620.55,25605.15,25605.15,498346
1771488060,2026-02-19T13:31:00,25604.95,25606.0,25592.15,25593.2,814785
1771488120,2026-02-19T13:32:00,25592.65,25593.45,25587.55,25588.25,834025
1771488180,2026-02-19T13:33:00,25587.7,25588.05,25577.85,25579.4,1346365
1771488240,2026-02-19T13:34:00,25579.75,25594.2,25575.85,25591.3,1107187
1771488300,2026-02-19T13:35:00,25591.05,25591.05,25578.65,25584.05,911507
1771488360,2026-02-19T13:36:00,25583.05,25589.25,25581.25,25588.65,815916
1771488420,2026-02-19T13:37:00,25587.95,25604.3,25587.85,25604.3,932187
1771488480,2026-02-19T13:38:00,25604.4,25606.8,25600.9,25602.05,466401
1771488540,2026-02-19T13:39:00,25601.4,25603.05,25599.15,25600.95,402900
1771488600,2026-02-19T13:40:00,25600.55,25605.6,25598.5,25604.4,567216
1771488660,2026-02-19T13:41:00,25604.8,25608.9,25604.3,25607.6,715913
1771488720,2026-02-19T13:42:00,25606.65,25608.0,25599.3,25599.6,558698
1771488780,2026-02-19T13:43:00,25598.95,25601.2,25594.5,25600.8,467861
1771488840,2026-02-19T13:44:00,25600.2,25605.45,25599.2,25600.55,369473
1771488900,2026-02-19T13:45:00,25600.5,25605.7,25599.35,25599.45,534129
1771488960,2026-02-19T13:46:00,25597.95,25600.3,25595.55,25597.8,403064
1771489020,2026-02-19T13:47:00,25596.65,25599.25,25593.35,25594.05,380860
1771489080,2026-02-19T13:48:00,25594.35,25594.65,25584.6,25590.3,5617356
1771489140,2026-02-19T13:49:00,25591.25,25591.25,25584.0,25587.3,450603
1771489200,2026-02-19T13:50:00,25587.6,25591.25,25582.2,25585.65,475053
1771489260,2026-02-19T13:51:00,25585.9,25590.0,25583.4,25585.35,394124
1771489320,2026-02-19T13:52:00,25585.95,25586.65,25573.6,25573.6,440955
1771489380,2026-02-19T13:53:00,25572.8,25573.85,25564.55,25572.85,1076696
1771489440,2026-02-19T13:54:00,25573.4,25587.85,25572.5,25579.95,956637
1771489500,2026-02-19T13:55:00,25581.9,25582.7,25576.8,25576.8,474344
1771489560,2026-02-19T13:56:00,25577.8,25581.15,25571.4,25571.9,455199
1771489620,2026-02-19T13:57:00,25572.75,25573.65,25567.55,25569.25,519152
1771489680,2026-02-19T13:58:00,25568.75,25570.65,25563.1,25563.35,384073
1771489740,2026-02-19T13:59:00,25563.1,25568.3,25561.7,25562.45,536372
1771489800,2026-02-19T14:00:00,25562.85,25569.2,25558.9,25562.9,810588
1771489860,2026-02-19T14:01:00,25563.85,25567.35,25555.6,25555.75,781113
1771489920,2026-02-19T14:02:00,25557.3,25563.1,25550.3,25561.6,1470723
1771489980,2026-02-19T14:03:00,25560.15,25561.8,25552.15,25553.55,929674
1771490040,2026-02-19T14:04:00,25553.65,25554.9,25549.35,25552.5,811459
1771490100,2026-02-19T14:05:00,25552.55,25553.8,25546.55,25548.5,783677
1771490160,2026-02-19T14:06:00,25548.65,25557.45,25545.3,25557.45,1005932
1771490220,2026-02-19T14:07:00,25556.45,25562.8,25556.3,25560.55,689463
1771490280,2026-02-19T14:08:00,25560.75,25562.75,25558.15,25559.0,722702
1771490340,2026-02-19T14:09:00,25558.75,25568.4,25557.0,25566.65,462759
1771490400,2026-02-19T14:10:00,25566.1,25577.45,25566.1,25568.15,1148451
1771490460,2026-02-19T14:11:00,25569.3,25570.5,25564.5,25566.9,665605
1771490520,2026-02-19T14:12:00,25566.3,25569.65,25559.95,25560.9,476405
1771490580,2026-02-19T14:13:00,25559.9,25571.7,25559.9,25569.75,534839
1771490640,2026-02-19T14:14:00,25569.35,25577.2,25568.85,25571.4,747406
1771490700,2026-02-19T14:15:00,25570.9,25575.35,25568.3,25575.1,516105
1771490760,2026-02-19T14:16:00,25574.75,25589.7,25574.55,25589.25,749678
1771490820,2026-02-19T14:17:00,25588.65,25591.75,25586.0,25591.55,737234
1771490880,2026-02-19T14:18:00,25592.05,25595.9,25590.6,25590.9,1424182
1771490940,2026-02-19T14:19:00,25588.65,25601.7,25586.35,25598.6,1503628
1771491000,2026-02-19T14:20:00,25599.75,25609.95,25595.1,25604.7,1822204
1771491060,2026-02-19T14:21:00,25606.05,25609.5,25586.55,25586.55,2019148
1771491120,2026-02-19T14:22:00,25587.2,25591.45,25580.75,25582.45,979560
1771491180,2026-02-19T14:23:00,25579.55,25580.8,25571.15,25578.6,608285
1771491240,2026-02-19T14:24:00,25578.15,25586.6,25578.1,25580.95,435673
1771491300,2026-02-19T14:25:00,25579.65,25580.45,25573.2,25574.4,455565
1771491360,2026-02-19T14:26:00,25573.15,25575.15,25568.95,25571.1,425387
1771491420,2026-02-19T14:27:00,25569.8,25571.95,25558.65,25558.8,590141
1771491480,2026-02-19T14:28:00,25558.3,25565.7,25557.45,25560.95,654119
1771491540,2026-02-19T14:29:00,25560.05,25560.45,25544.9,25547.1,609114
1771491600,2026-02-19T14:30:00,25545.85,25566.85,25545.85,25566.85,622304
1771491660,2026-02-19T14:31:00,25565.35,25569.0,25563.15,25567.65,718478
1771491720,2026-02-19T14:32:00,25567.6,25569.95,25564.5,25569.9,595495
1771491780,2026-02-19T14:33:00,25569.7,25572.05,25563.75,25567.15,443801
1771491840,2026-02-19T14:34:00,25567.1,25568.15,25561.75,25564.55,378518
1771491900,2026-02-19T14:35:00,25564.05,25575.45,25563.65,25569.9,626219
1771491960,2026-02-19T14:36:00,25569.15,25575.55,25566.55,25567.55,483012
1771492020,2026-02-19T14:37:00,25568.05,25574.2,25564.35,25564.85,548453
1771492080,2026-02-19T14:38:00,25565.2,25569.2,25561.15,25567.2,488982
1771492140,2026-02-19T14:39:00,25565.3,25574.3,25562.85,25567.9,566644
1771492200,2026-02-19T14:40:00,25568.15,25573.15,25563.1,25564.7,552984
1771492260,2026-02-19T14:41:00,25564.6,25567.45,25551.55,25552.65,638761
1771492320,2026-02-19T14:42:00,25550.2,25559.5,25547.1,25550.3,1026382
1771492380,2026-02-19T14:43:00,25547.35,25547.7,25529.65,25530.5,932745
1771492440,2026-02-19T14:44:00,25530.5,25532.15,25518.2,25518.25,1222584
1771492500,2026-02-19T14:45:00,25517.95,25518.0,25507.75,25512.35,1657757
1771492560,2026-02-19T14:46:00,25513.6,25522.2,25505.4,25506.35,1209751
1771492620,2026-02-19T14:47:00,25506.9,25508.0,25499.25,25502.5,1352569
1771492680,2026-02-19T14:48:00,25502.25,25504.65,25489.05,25491.55,1533616
1771492740,2026-02-19T14:49:00,25490.55,25516.35,25488.0,25515.9,951918
1771492800,2026-02-19T14:50:00,25513.85,25522.25,25512.2,25514.7,972345
1771492860,2026-02-19T14:51:00,25513.15,25523.45,25512.6,25519.75,599578
1771492920,2026-02-19T14:52:00,25518.6,25524.0,25515.7,25520.2,573400
1771492980,2026-02-19T14:53:00,25521.25,25522.85,25512.25,25514.4,798683
1771493040,2026-02-19T14:54:00,25515.35,25525.6,25513.05,25522.7,781326
1771493100,2026-02-19T14:55:00,25520.55,25524.1,25511.1,25517.2,791945
1771493160,2026-02-19T14:56:00,25515.8,25523.65,25513.45,25516.6,782493
1771493220,2026-02-19T14:57:00,25516.65,25534.35,25512.35,25533.4,905128
1771493280,2026-02-19T14:58:00,25531.95,25532.95,25523.0,25530.0,608575
1771493340,2026-02-19T14:59:00,25528.35,25535.4,25522.35,25523.35,722048
1771493400,2026-02-19T15:00:00,25521.75,25521.75,25501.7,25507.05,1813863
1771493460,2026-02-19T15:01:00,25506.05,25506.05,25468.25,25472.6,3590224
1771493520,2026-02-19T15:02:00,25470.2,25493.15,25465.8,25493.15,2995956
1771493580,2026-02-19T15:03:00,25491.25,25513.25,25491.25,25502.25,3840912
1771493640,2026-02-19T15:04:00,25502.8,25509.55,25493.55,25504.65,2616034
1771493700,2026-02-19T15:05:00,25504.4,25512.3,25500.4,25502.6,1743430
1771493760,2026-02-19T15:06:00,25500.65,25501.75,25473.9,25473.9,2132352
1771493820,2026-02-19T15:07:00,25474.4,25474.4,25459.5,25461.25,2322469
1771493880,2026-02-19T15:08:00,25462.1,25464.95,25448.6,25464.35,3041511
1771493940,2026-02-19T15:09:00,25462.5,25492.85,25457.1,25489.4,2088982
1771494000,2026-02-19T15:10:00,25488.05,25498.95,25483.8,25496.35,2724334
1771494060,2026-02-19T15:11:00,25496.1,25496.7,25479.4,25482.7,3822183
1771494120,2026-02-19T15:12:00,25483.0,25484.75,25475.05,25476.35,2053675
1771494180,2026-02-19T15:13:00,25473.5,25474.95,25452.9,25459.05,1739909
1771494240,2026-02-19T15:14:00,25457.0,25459.3,25440.25,25447.6,2244578
1771494300,2026-02-19T15:15:00,25447.55,25447.55,25437.3,25446.6,2348465
1771494360,2026-02-19T15:16:00,25446.25,25446.25,25430.8,25442.25,1794343
1771494420,2026-02-19T15:17:00,25439.55,25439.55,25422.45,25429.25,3116146
1771494480,2026-02-19T15:18:00,25429.45,25429.45,25417.6,25421.15,2719183
1771494540,2026-02-19T15:19:00,25421.1,25421.35,25407.8,25410.15,2251392
1771494600,2026-02-19T15:20:00,25410.3,25412.95,25397.4,25401.65,3191432
1771494660,2026-02-19T15:21:00,25400.6,25408.25,25389.75,25406.9,2602028
1771494720,2026-02-19T15:22:00,25407.15,25409.65,25394.55,25396.25,1760917
1771494780,2026-02-19T15:23:00,25397.05,25400.4,25394.1,25396.9,1475633
1771494840,2026-02-19T15:24:00,25399.2,25406.15,25392.95,25404.45,2498242
1771494900,2026-02-19T15:25:00,25403.45,25405.05,25388.75,25402.55,2492201
1771494960,2026-02-19T15:26:00,25401.7,25403.3,25395.8,25397.75,2421809
1771495020,2026-02-19T15:27:00,25398.15,25399.75,25392.65,25397.45,2743304
1771495080,2026-02-19T15:28:00,25398.45,25408.25,25393.85,25404.85,2285560
1771495140,2026-02-19T15:29:00,25405.8,25419.3,25401.2,25416.45,1485603
1771559100,2026-02-20T09:15:00,25406.55,25466.55,25386.2,25462.4,5642331
1771559160,2026-02-20T09:16:00,25465.85,25485.85,25456.1,25469.05,2923681
1771559220,2026-02-20T09:17:00,25471.7,25476.4,25440.75,25440.75,2559838
1771559280,2026-02-20T09:18:00,25440.85,25451.4,25421.9,25435.55,2122683
1771559340,2026-02-20T09:19:00,25437.35,25456.2,25431.55,25452.9,1787423
1771559400,2026-02-20T09:20:00,25453.25,25465.8,25445.8,25458.4,1659149
1771559460,2026-02-20T09:21:00,25459.75,25479.45,25457.35,25465.3,1326471
1771559520,2026-02-20T09:22:00,25466.6,25473.55,25464.1,25467.8,1331821
1771559580,2026-02-20T09:23:00,25469.95,25473.95,25450.4,25451.95,1073783
1771559640,2026-02-20T09:24:00,25451.6,25451.65,25431.55,25431.55,1288045
1771559700,2026-02-20T09:25:00,25432.0,25432.0,25411.05,25411.2,1413923
1771559760,2026-02-20T09:26:00,25411.3,25425.6,25411.3,25417.95,1070126
1771559820,2026-02-20T09:27:00,25418.85,25429.05,25413.7,25424.4,1070215
1771559880,2026-02-20T09:28:00,25423.8,25424.45,25407.85,25407.85,891335
1771559940,2026-02-20T09:29:00,25407.45,25409.05,25379.75,25382.1,1275509
1771560000,2026-02-20T09:30:00,25381.75,25423.45,25381.75,25423.45,1193514
1771560060,2026-02-20T09:31:00,25424.45,25424.45,25401.75,25403.4,856958
1771560120,2026-02-20T09:32:00,25402.75,25430.0,25402.05,25430.0,1255528
1771560180,2026-02-20T09:33:00,25429.3,25453.1,25429.3,25451.95,1126481
1771560240,2026-02-20T09:34:00,25451.95,25468.85,25450.5,25466.35,1445288
1771560300,2026-02-20T09:35:00,25466.6,25476.75,25464.1,25469.4,1743486
1771560360,2026-02-20T09:36:00,25468.9,25479.4,25466.55,25475.5,1439652
1771560420,2026-02-20T09:37:00,25475.35,25478.95,25464.0,25474.3,1547431
1771560480,2026-02-20T09:38:00,25473.4,25475.3,25456.7,25461.55,1040704
1771560540,2026-02-20T09:39:00,25461.4,25469.15,25460.55,25469.15,1059890
1771560600,2026-02-20T09:40:00,25469.45,25469.65,25451.55,25457.5,785458
1771560660,2026-02-20T09:41:00,25458.55,25461.45,25450.35,25452.75,819910
1771560720,2026-02-20T09:42:00,25452.6,25475.1,25450.45,25471.95,882031
1771560780,2026-02-20T09:43:00,25472.55,25481.7,25470.25,25480.7,650045
1771560840,2026-02-20T09:44:00,25481.35,25486.9,25477.3,25482.3,828186
1771560900,2026-02-20T09:45:00,25481.65,25490.65,25480.6,25487.5,713960
1771560960,2026-02-20T09:46:00,25488.2,25492.65,25485.6,25489.9,624085
1771561020,2026-02-20T09:47:00,25489.7,25500.2,25489.45,25497.95,793229
1771561080,2026-02-20T09:48:00,25497.75,25514.15,25496.7,25511.9,1039091
1771561140,2026-02-20T09:49:00,25511.45,25515.35,25501.65,25507.9,727635
1771561200,2026-02-20T09:50:00,25508.05,25522.25,25508.05,25520.7,726104
1771561260,2026-02-20T09:51:00,25520.6,25524.4,25516.55,25520.65,538194
1771561320,2026-02-20T09:52:00,25521.6,25523.6,25502.0,25502.0,717363
1771561380,2026-02-20T09:53:00,25502.6,25505.75,25499.75,25501.8,600553
1771561440,2026-02-20T09:54:00,25501.8,25504.25,25496.6,25504.05,575246
1771561500,2026-02-20T09:55:00,25503.9,25506.25,25498.55,25506.1,638167
1771561560,2026-02-20T09:56:00,25505.65,25524.7,25505.65,25520.15,575606
1771561620,2026-02-20T09:57:00,25520.6,25522.85,25515.5,25522.1,535481
1771561680,2026-02-20T09:58:00,25521.85,25522.1,25510.55,25514.5,647327
1771561740,2026-02-20T09:59:00,25514.85,25521.2,25512.4,25520.8,522116
1771561800,2026-02-20T10:00:00,25520.25,25523.45,25508.55,25511.05,973605
1771561860,2026-02-20T10:01:00,25510.85,25516.9,25507.95,25509.25,560810
1771561920,2026-02-20T10:02:00,25508.9,25509.7,25503.05,25508.9,490513
1771561980,2026-02-20T10:03:00,25508.15,25511.7,25491.95,25492.05,1017341
1771562040,2026-02-20T10:04:00,25492.15,25500.5,25492.0,25496.35,738603
1771562100,2026-02-20T10:05:00,25497.45,25506.15,25497.45,25500.05,602032
1771562160,2026-02-20T10:06:00,25499.6,25512.6,25499.6,25509.15,469003
1771562220,2026-02-20T10:07:00,25507.45,25507.6,25497.3,25498.3,824037
1771562280,2026-02-20T10:08:00,25499.95,25501.45,25477.3,25477.7,986514
1771562340,2026-02-20T10:09:00,25478.65,25478.65,25468.95,25475.1,938011
1771562400,2026-02-20T10:10:00,25475.4,25486.05,25475.4,25485.55,667288
1771562460,2026-02-20T10:11:00,25484.9,25498.5,25480.8,25496.85,560939
1771562520,2026-02-20T10:12:00,25496.25,25501.8,25491.45,25494.3,1297587
1771562580,2026-02-20T10:13:00,25493.45,25499.5,25482.85,25482.85,598175
1771562640,2026-02-20T10:14:00,25483.65,25484.3,25474.3,25480.45,530472
1771562700,2026-02-20T10:15:00,25479.9,25497.4,25479.9,25495.85,664306
1771562760,2026-02-20T10:16:00,25496.1,25518.85,25495.0,25517.6,737213
1771562820,2026-02-20T10:17:00,25517.5,25520.6,25514.75,25519.15,537869
1771562880,2026-02-20T10:18:00,25519.8,25538.8,25519.8,25536.5,600972
1771562940,2026-02-20T10:19:00,25537.1,25543.7,25535.9,25538.05,559080
1771563000,2026-02-20T10:20:00,25538.55,25540.6,25532.75,25534.55,674459
1771563060,2026-02-20T10:21:00,25534.7,25537.45,25531.5,25536.2,531994
1771563120,2026-02-20T10:22:00,25535.1,25555.05,25534.45,25546.75,823233
1771563180,2026-02-20T10:23:00,25546.9,25550.6,25538.55,25539.95,611900
1771563240,2026-02-20T10:24:00,25541.05,25546.4,25539.5,25544.85,468654
1771563300,2026-02-20T10:25:00,25543.75,25552.85,25543.75,25551.95,578379
1771563360,2026-02-20T10:26:00,25551.7,25571.35,25548.1,25569.45,658960
1771563420,2026-02-20T10:27:00,25568.05,25572.65,25562.55,25562.8,734121
1771563480,2026-02-20T10:28:00,25562.7,25563.25,25552.55,25552.85,486260
1771563540,2026-02-20T10:29:00,25552.65,25554.3,25548.1,25550.8,615538
1771563600,2026-02-20T10:30:00,25550.95,25577.4,25550.95,25569.8,618586
1771563660,2026-02-20T10:31:00,25568.8,25574.0,25565.6,25569.35,470104
1771563720,2026-02-20T10:32:00,25568.7,25578.5,25568.65,25574.15,584898
1771563780,2026-02-20T10:33:00,25574.6,25576.9,25568.65,25576.55,599822
1771563840,2026-02-20T10:34:00,25576.75,25577.1,25566.95,25570.85,828815
1771563900,2026-02-20T10:35:00,25570.5,25578.15,25570.5,25570.55,641700
1771563960,2026-02-20T10:36:00,25570.6,25574.8,25569.2,25569.9,598940
1771564020,2026-02-20T10:37:00,25570.45,25574.05,25565.65,25568.05,487954
1771564080,2026-02-20T10:38:00,25568.25,25569.3,25564.15,25566.6,502264
1771564140,2026-02-20T10:39:00,25565.75,25578.4,25565.75,25578.4,518975
1771564200,2026-02-20T10:40:00,25576.65,25595.85,25576.3,25594.45,585438
1771564260,2026-02-20T10:41:00,25595.1,25603.8,25594.9,25599.75,567589
1771564320,2026-02-20T10:42:00,25599.1,25600.0,25590.35,25595.45,605243
1771564380,2026-02-20T10:43:00,25595.45,25598.05,25594.15,25596.35,425358
1771564440,2026-02-20T10:44:00,25597.2,25600.3,25594.15,25596.65,556306
1771564500,2026-02-20T10:45:00,25595.6,25606.5,25595.6,25604.0,938068
1771564560,2026-02-20T10:46:00,25603.6,25604.9,25594.0,25601.6,595346
1771564620,2026-02-20T10:47:00,25600.3,25602.65,25584.5,25584.75,627879
1771564680,2026-02-20T10:48:00,25584.15,25593.05,25581.95,25589.6,367561
1771564740,2026-02-20T10:49:00,25589.55,25593.25,25583.15,25588.75,439865
1771564800,2026-02-20T10:50:00,25588.85,25590.75,25577.05,25577.05,498239
1771564860,2026-02-20T10:51:00,25577.85,25585.75,25577.65,25583.0,572720
1771564920,2026-02-20T10:52:00,25582.25,25592.05,25581.7,25589.45,594218
1771564980,2026-02-20T10:53:00,25589.2,25593.95,25584.4,25584.65,376171
1771565040,2026-02-20T10:54:00,25584.5,25591.3,25584.5,25587.95,506544
1771565100,2026-02-20T10:55:00,25588.3,25591.85,25587.55,25589.55,483741
1771565160,2026-02-20T10:56:00,25589.1,25591.65,25586.05,25589.6,497794
1771565220,2026-02-20T10:57:00,25589.5,25593.85,25587.8,25589.35,411749
1771565280,2026-02-20T10:58:00,25589.3,25590.0,25574.05,25575.25,624016
1771565340,2026-02-20T10:59:00,25574.35,25590.9,25574.35,25584.2,604154
1771565400,2026-02-20T11:00:00,25584.85,25589.3,25583.95,25589.2,651172
1771565460,2026-02-20T11:01:00,25589.25,25590.3,25577.1,25578.3,543632
1771565520,2026-02-20T11:02:00,25578.3,25580.95,25569.3,25573.35,835576
1771565580,2026-02-20T11:03:00,25573.15,25577.65,25571.3,25572.15,453726
1771565640,2026-02-20T11:04:00,25572.45,25582.6,25571.95,25579.2,572550
1771565700,2026-02-20T11:05:00,25579.55,25586.35,25576.8,25582.6,504628
1771565760,2026-02-20T11:06:00,25582.4,25584.65,25574.25,25574.5,829159
1771565820,2026-02-20T11:07:00,25575.15,25579.65,25573.4,25574.3,425214
1771565880,2026-02-20T11:08:00,25574.25,25574.9,25564.85,25573.55,787181
1771565940,2026-02-20T11:09:00,25573.3,25574.85,25568.3,25571.0,480306
1771566000,2026-02-20T11:10:00,25570.4,25572.25,25566.8,25567.8,514501
1771566060,2026-02-20T11:11:00,25566.75,25573.0,25561.85,25571.0,774573
1771566120,2026-02-20T11:12:00,25571.25,25579.8,25570.4,25579.8,496932
1771566180,2026-02-20T11:13:00,25579.1,25583.9,25565.6,25566.25,644281
1771566240,2026-02-20T11:14:00,25566.55,25567.1,25560.75,25561.85,475066
1771566300,2026-02-20T11:15:00,25561.7,25582.95,25561.7,25579.95,877486
1771566360,2026-02-20T11:16:00,25579.1,25580.15,25575.6,25577.2,391331
1771566420,2026-02-20T11:17:00,25577.25,25577.95,25565.95,25571.15,479384
1771566480,2026-02-20T11:18:00,25571.3,25579.4,25571.3,25578.0,365909
1771566540,2026-02-20T11:19:00,25578.0,25582.15,25574.5,25577.8,498584
1771566600,2026-02-20T11:20:00,25577.65,25582.0,25577.3,25577.65,444163
1771566660,2026-02-20T11:21:00,25577.6,25583.2,25576.2,25576.2,921556
1771566720,2026-02-20T11:22:00,25574.8,25576.7,25566.35,25569.7,720264
1771566780,2026-02-20T11:23:00,25569.9,25572.05,25562.65,25563.15,534951
1771566840,2026-02-20T11:24:00,25562.15,25571.6,25562.15,25568.85,373567
1771566900,2026-02-20T11:25:00,25568.4,25573.2,25563.4,25571.5,539917
1771566960,2026-02-20T11:26:00,25570.8,25577.3,25568.5,25576.95,439370
1771567020,2026-02-20T11:27:00,25576.85,25583.4,25576.85,25581.05,684165
1771567080,2026-02-20T11:28:00,25581.95,25594.85,25581.45,25592.9,1005904
1771567140,2026-02-20T11:29:00,25592.9,25597.05,25584.55,25585.5,499622
1771567200,2026-02-20T11:30:00,25585.5,25597.35,25585.3,25596.4,557644
1771567260,2026-02-20T11:31:00,25596.2,25602.6,25596.2,25601.2,450518
1771567320,2026-02-20T11:32:00,25601.8,25602.3,25586.1,25586.7,716807
1771567380,2026-02-20T11:33:00,25586.65,25592.75,25580.25,25591.6,487983
1771567440,2026-02-20T11:34:00,25591.1,25595.15,25589.75,25593.9,348396
1771567500,2026-02-20T11:35:00,25593.25,25595.8,25591.0,25591.5,563319
1771567560,2026-02-20T11:36:00,25591.2,25597.2,25586.05,25596.15,452928
1771567620,2026-02-20T11:37:00,25596.4,25600.9,25594.75,25600.9,358172
1771567680,2026-02-20T11:38:00,25600.6,25605.2,25598.15,25600.15,547112
1771567740,2026-02-20T11:39:00,25600.2,25604.05,25597.2,25599.65,382095
1771567800,2026-02-20T11:40:00,25599.75,25605.0,25598.9,25598.9,409203
1771567860,2026-02-20T11:41:00,25599.4,25607.2,25595.45,25602.35,576078
1771567920,2026-02-20T11:42:00,25602.35,25606.65,25596.6,25601.3,676646
1771567980,2026-02-20T11:43:00,25600.85,25602.55,25597.8,25600.4,418061
1771568040,2026-02-20T11:44:00,25600.55,25603.2,25599.55,25600.85,387435
1771568100,2026-02-20T11:45:00,25600.25,25608.75,25600.05,25605.05,648263
1771568160,2026-02-20T11:46:00,25605.15,25620.7,25604.25,25618.6,729481
1771568220,2026-02-20T11:47:00,25617.35,25619.8,25607.2,25607.2,435240
1771568280,2026-02-20T11:48:00,25607.15,25609.2,25591.55,25592.15,524382
1771568340,2026-02-20T11:49:00,25591.95,25594.0,25586.95,25592.4,425521
1771568400,2026-02-20T11:50:00,25592.3,25593.85,25588.45,25592.5,693631
1771568460,2026-02-20T11:51:00,25592.7,25598.25,25592.7,25595.8,305887
1771568520,2026-02-20T11:52:00,25595.65,25600.85,25594.6,25597.7,719541
1771568580,2026-02-20T11:53:00,25597.55,25599.65,25593.8,25593.8,600945
1771568640,2026-02-20T11:54:00,25594.55,25596.55,25582.65,25583.85,836490
1771568700,2026-02-20T11:55:00,25583.6,25587.1,25581.1,25586.95,464335
1771568760,2026-02-20T11:56:00,25587.4,25592.1,25586.85,25590.8,347885
1771568820,2026-02-20T11:57:00,25589.9,25605.35,25589.9,25604.95,510647
1771568880,2026-02-20T11:58:00,25604.9,25610.75,25601.2,25607.2,362910
1771568940,2026-02-20T11:59:00,25607.0,25608.15,25597.05,25598.15,481348
1771569000,2026-02-20T12:00:00,25597.8,25602.05,25595.65,25597.05,499438
1771569060,2026-02-20T12:01:00,25596.95,25598.55,25587.15,25588.35,495709
1771569120,2026-02-20T12:02:00,25588.25,25588.4,25580.55,25582.6,435513
1771569180,2026-02-20T12:03:00,25583.45,25589.1,25583.4,25583.95,349846
1771569240,2026-02-20T12:04:00,25583.9,25588.1,25582.95,25587.3,400987
1771569300,2026-02-20T12:05:00,25586.75,25590.1,25584.4,25585.3,355625
1771569360,2026-02-20T12:06:00,25585.4,25590.9,25583.65,25588.85,681557
1771569420,2026-02-20T12:07:00,25588.0,25590.95,25583.55,25585.9,392684
1771569480,2026-02-20T12:08:00,25586.55,25592.35,25586.55,25588.95,336461
1771569540,2026-02-20T12:09:00,25588.6,25594.05,25582.8,25592.8,971267
1771569600,2026-02-20T12:10:00,25592.45,25596.65,25591.2,25593.9,421471
1771569660,2026-02-20T12:11:00,25593.4,25597.3,25592.8,25595.6,305325
1771569720,2026-02-20T12:12:00,25595.6,25596.45,25591.2,25594.25,340871
1771569780,2026-02-20T12:13:00,25594.25,25598.9,25592.85,25598.15,545477
1771569840,2026-02-20T12:14:00,25598.65,25604.5,25598.2,25603.1,381534
1771569900,2026-02-20T12:15:00,25602.45,25613.75,25602.1,25611.8,825235
1771569960,2026-02-20T12:16:00,25610.45,25621.1,25610.45,25617.55,775593
1771570020,2026-02-20T12:17:00,25616.9,25632.8,25616.9,25625.75,866478
1771570080,2026-02-20T12:18:00,25625.1,25636.2,25625.1,25635.9,660106
1771570140,2026-02-20T12:19:00,25636.05,25640.1,25631.95,25634.9,1125836
1771570200,2026-02-20T12:20:00,25635.2,25647.7,25635.2,25640.0,874270
1771570260,2026-02-20T12:21:00,25640.2,25646.0,25638.3,25644.5,715845
1771570320,2026-02-20T12:22:00,25644.05,25648.85,25640.65,25648.3,478937
1771570380,2026-02-20T12:23:00,25648.1,25651.4,25646.55,25648.95,593593
1771570440,2026-02-20T12:24:00,25648.35,25651.55,25647.35,25648.1,1113768
1771570500,2026-02-20T12:25:00,25648.05,25649.95,25646.65,25647.55,629161
1771570560,2026-02-20T12:26:00,25647.6,25663.2,25647.25,25662.5,1039994
1771570620,2026-02-20T12:27:00,25661.9,25663.55,25651.4,25654.8,754004
1771570680,2026-02-20T12:28:00,25654.55,25661.95,25652.55,25656.05,1507773
1771570740,2026-02-20T12:29:00,25655.65,25661.7,25651.1,25653.45,676136
1771570800,2026-02-20T12:30:00,25652.95,25657.5,25652.35,25654.6,653338
1771570860,2026-02-20T12:31:00,25654.6,25658.35,25653.15,25657.65,526456
1771570920,2026-02-20T12:32:00,25656.75,25657.5,25650.65,25650.65,532216
1771570980,2026-02-20T12:33:00,25650.5,25653.35,25640.6,25641.7,578019
1771571040,2026-02-20T12:34:00,25641.45,25645.85,25641.05,25643.0,615607
1771571100,2026-02-20T12:35:00,25643.35,25649.2,25643.35,25645.45,476827
1771571160,2026-02-20T12:36:00,25645.1,25648.5,25641.9,25643.5,483058
1771571220,2026-02-20T12:37:00,25642.45,25645.05,25634.95,25637.15,619452
1771571280,2026-02-20T12:38:00,25636.3,25642.25,25635.1,25636.5,466357
1771571340,2026-02-20T12:39:00,25635.15,25637.2,25632.0,25632.75,612425
1771571400,2026-02-20T12:40:00,25633.35,25636.95,25631.4,25632.15,556410
1771571460,2026-02-20T12:41:00,25631.7,25636.8,25629.8,25629.8,507913
1771571520,2026-02-20T12:42:00,25630.1,25633.7,25624.25,25626.05,524425
1771571580,2026-02-20T12:43:00,25624.95,25627.55,25608.8,25609.2,780318
1771571640,2026-02-20T12:44:00,25609.8,25611.55,25604.95,25606.8,654538
1771571700,2026-02-20T12:45:00,25605.95,25606.65,25599.95,25600.7,858256
1771571760,2026-02-20T12:46:00,25601.95,25603.25,25588.45,25593.05,970330
1771571820,2026-02-20T12:47:00,25593.1,25600.85,25592.35,25599.7,575858
1771571880,2026-02-20T12:48:00,25600.05,25619.65,25600.05,25619.1,559040
1771571940,2026-02-20T12:49:00,25618.6,25623.85,25608.3,25608.55,423370
1771572000,2026-02-20T12:50:00,25607.55,25610.75,25605.0,25607.2,349396
1771572060,2026-02-20T12:51:00,25607.0,25612.5,25606.45,25611.8,446778
1771572120,2026-02-20T12:52:00,25611.35,25611.8,25608.35,25610.8,303333
1771572180,2026-02-20T12:53:00,25610.85,25612.15,25600.65,25602.05,485336
1771572240,2026-02-20T12:54:00,25602.3,25613.7,25602.3,25612.25,463903
1771572300,2026-02-20T12:55:00,25612.1,25613.2,25606.95,25608.2,367304
1771572360,2026-02-20T12:56:00,25608.7,25609.3,25589.8,25591.35,713449
1771572420,2026-02-20T12:57:00,25591.2,25592.4,25578.45,25578.45,566973
1771572480,2026-02-20T12:58:00,25579.7,25584.85,25573.3,25584.85,956574
1771572540,2026-02-20T12:59:00,25585.0,25594.6,25585.0,25594.6,489937
1771572600,2026-02-20T13:00:00,25594.25,25609.75,25594.25,25605.9,761344
1771572660,2026-02-20T13:01:00,25606.15,25607.95,25602.35,25604.5,526345
1771572720,2026-02-20T13:02:00,25604.7,25605.8,25589.55,25589.55,510094
1771572780,2026-02-20T13:03:00,25589.8,25592.5,25585.75,25586.35,607148
1771572840,2026-02-20T13:04:00,25586.05,25592.4,25585.5,25587.9,418241
1771572900,2026-02-20T13:05:00,25588.25,25588.9,25582.3,25582.5,343794
1771572960,2026-02-20T13:06:00,25582.4,25584.4,25578.05,25579.4,475886
1771573020,2026-02-20T13:07:00,25579.35,25580.05,25571.5,25572.05,530531
1771573080,2026-02-20T13:08:00,25571.8,25573.5,25561.25,25568.7,718674
1771573140,2026-02-20T13:09:00,25567.8,25570.4,25560.8,25561.95,639728
1771573200,2026-02-20T13:10:00,25562.35,25566.3,25553.15,25554.05,825766
1771573260,2026-02-20T13:11:00,25553.4,25554.9,25535.75,25539.75,875897
1771573320,2026-02-20T13:12:00,25539.85,25545.0,25536.85,25539.8,1064283
1771573380,2026-02-20T13:13:00,25540.1,25555.5,25540.1,25555.5,911689
1771573440,2026-02-20T13:14:00,25556.25,25559.6,25553.85,25554.6,605354
1771573500,2026-02-20T13:15:00,25554.5,25554.5,25543.15,25543.45,613225
1771573560,2026-02-20T13:16:00,25543.5,25549.05,25538.9,25548.7,1852731
1771573620,2026-02-20T13:17:00,25548.5,25559.15,25548.5,25549.6,835266
1771573680,2026-02-20T13:18:00,25549.8,25552.5,25541.55,25542.6,442377
1771573740,2026-02-20T13:19:00,25543.55,25547.35,25539.05,25546.3,536055
1771573800,2026-02-20T13:20:00,25545.65,25551.4,25544.1,25544.7,639492
1771573860,2026-02-20T13:21:00,25544.45,25544.7,25532.0,25533.55,683128
1771573920,2026-02-20T13:22:00,25533.7,25546.85,25533.7,25545.95,682977
1771573980,2026-02-20T13:23:00,25544.6,25546.05,25537.05,25538.95,732198
1771574040,2026-02-20T13:24:00,25539.85,25551.45,25539.35,25549.85,530096
1771574100,2026-02-20T13:25:00,25549.2,25551.8,25540.3,25550.1,488025
1771574160,2026-02-20T13:26:00,25551.9,25557.2,25547.85,25552.95,589351
1771574220,2026-02-20T13:27:00,25552.15,25560.15,25548.5,25557.05,647140
1771574280,2026-02-20T13:28:00,25556.1,25573.2,25554.6,25570.35,571884
1771574340,2026-02-20T13:29:00,25569.2,25573.3,25563.95,25568.5,607250
1771574400,2026-02-20T13:30:00,25567.5,25582.6,25565.65,25575.35,759015
1771574460,2026-02-20T13:31:00,25574.6,25584.15,25573.9,25580.65,518501
1771574520,2026-02-20T13:32:00,25579.4,25587.5,25578.05,25585.7,711028
1771574580,2026-02-20T13:33:00,25584.8,25587.0,25578.55,25582.05,568753
1771574640,2026-02-20T13:34:00,25582.15,25593.5,25580.95,25593.5,974092
1771574700,2026-02-20T13:35:00,25593.5,25609.6,25591.55,25606.9,853227
1771574760,2026-02-20T13:36:00,25606.55,25606.55,25583.85,25583.85,436636
1771574820,2026-02-20T13:37:00,25583.6,25585.0,25575.05,25581.8,413405
1771574880,2026-02-20T13:38:00,25582.2,25587.15,25579.1,25579.1,431536
1771574940,2026-02-20T13:39:00,25579.95,25581.4,25568.7,25573.2,986843
1771575000,2026-02-20T13:40:00,25574.75,25578.5,25571.3,25571.3,384185
1771575060,2026-02-20T13:41:00,25571.95,25575.5,25569.25,25570.3,431961
1771575120,2026-02-20T13:42:00,25570.5,25571.8,25556.0,25561.95,651319
1771575180,2026-02-20T13:43:00,25562.55,25580.1,25562.55,25576.9,526300
1771575240,2026-02-20T13:44:00,25577.0,25580.05,25572.15,25573.0,546479
1771575300,2026-02-20T13:45:00,25572.85,25587.4,25572.85,25577.85,723436
1771575360,2026-02-20T13:46:00,25577.2,25580.05,25570.6,25575.35,412614
1771575420,2026-02-20T13:47:00,25575.2,25576.75,25570.1,25572.8,474904
1771575480,2026-02-20T13:48:00,25572.65,25577.95,25568.75,25577.55,362968
1771575540,2026-02-20T13:49:00,25577.15,25585.1,25575.8,25580.9,369578
1771575600,2026-02-20T13:50:00,25580.9,25583.05,25579.6,25581.05,345284
1771575660,2026-02-20T13:51:00,25581.1,25583.25,25576.0,25576.4,392455
1771575720,2026-02-20T13:52:00,25576.35,25578.8,25571.8,25572.25,322751
1771575780,2026-02-20T13:53:00,25572.6,25576.3,25572.05,25574.9,304013
1771575840,2026-02-20T13:54:00,25575.0,25576.1,25565.15,25565.2,376097
1771575900,2026-02-20T13:55:00,25564.9,25574.1,25561.4,25573.05,405645
1771575960,2026-02-20T13:56:00,25573.75,25578.95,25568.3,25576.25,314774
1771576020,2026-02-20T13:57:00,25576.95,25587.75,25575.4,25585.55,387637
1771576080,2026-02-20T13:58:00,25585.75,25602.9,25585.2,25598.2,801967
1771576140,2026-02-20T13:59:00,25597.35,25602.1,25593.2,25601.15,372817
1771576200,2026-02-20T14:00:00,25600.75,25603.95,25595.85,25599.95,583419
1771576260,2026-02-20T14:01:00,25599.5,25611.8,25599.15,25604.75,582719
1771576320,2026-02-20T14:02:00,25604.6,25606.1,25593.75,25595.3,752603
1771576380,2026-02-20T14:03:00,25595.7,25603.7,25595.0,25597.65,412982
1771576440,2026-02-20T14:04:00,25597.65,25602.45,25593.0,25593.0,393581
1771576500,2026-02-20T14:05:00,25592.2,25593.4,25577.45,25586.8,585938
1771576560,2026-02-20T14:06:00,25587.4,25592.95,25585.8,25590.6,321240
1771576620,2026-02-20T14:07:00,25591.3,25600.95,25586.4,25599.25,440990
1771576680,2026-02-20T14:08:00,25598.65,25601.85,25592.95,25593.95,690342
1771576740,2026-02-20T14:09:00,25594.25,25597.5,25592.3,25596.15,571203
1771576800,2026-02-20T14:10:00,25595.85,25599.95,25594.45,25595.0,555018
1771576860,2026-02-20T14:11:00,25594.65,25601.9,25591.85,25598.15,664143
1771576920,2026-02-20T14:12:00,25598.8,25600.7,25592.35,25596.15,731935
1771576980,2026-02-20T14:13:00,25595.75,25598.4,25591.8,25598.4,666179
1771577040,2026-02-20T14:14:00,25598.5,25602.15,25596.05,25602.15,649369
1771577100,2026-02-20T14:15:00,25601.65,25612.1,25601.65,25611.95,867212
1771577160,2026-02-20T14:16:00,25611.05,25621.1,25611.05,25617.5,836038
1771577220,2026-02-20T14:17:00,25618.9,25621.9,25616.0,25621.9,699027
1771577280,2026-02-20T14:18:00,25623.55,25631.0,25621.45,25628.6,858405
1771577340,2026-02-20T14:19:00,25631.15,25632.8,25625.15,25630.55,575295
1771577400,2026-02-20T14:20:00,25630.5,25630.55,25620.5,25621.35,957192
1771577460,2026-02-20T14:21:00,25621.95,25634.0,25620.85,25632.55,612749
1771577520,2026-02-20T14:22:00,25632.5,25634.15,25621.65,25621.9,618790
1771577580,2026-02-20T14:23:00,25622.6,25623.85,25610.15,25610.35,536138
1771577640,2026-02-20T14:24:00,25609.55,25614.05,25602.5,25604.55,911684
1771577700,2026-02-20T14:25:00,25604.35,25607.3,25599.85,25603.8,873480
1771577760,2026-02-20T14:26:00,25603.6,25606.8,25594.4,25596.3,675270
1771577820,2026-02-20T14:27:00,25597.0,25603.3,25594.45,25595.9,649124
1771577880,2026-02-20T14:28:00,25594.45,25596.45,25587.05,25593.75,957738
1771577940,2026-02-20T14:29:00,25593.8,25600.65,25591.1,25591.1,996182
1771578000,2026-02-20T14:30:00,25592.0,25598.0,25585.9,25595.3,915269
1771578060,2026-02-20T14:31:00,25595.35,25601.45,25595.35,25599.05,711923
1771578120,2026-02-20T14:32:00,25599.65,25603.45,25595.25,25599.85,510861
1771578180,2026-02-20T14:33:00,25599.75,25601.05,25595.0,25599.6,391513
1771578240,2026-02-20T14:34:00,25600.2,25604.85,25597.05,25600.75,554009
1771578300,2026-02-20T14:35:00,25600.7,25615.45,25600.7,25614.55,757096
1771578360,2026-02-20T14:36:00,25615.1,25617.45,25605.3,25611.2,640418
1771578420,2026-02-20T14:37:00,25610.85,25612.75,25603.95,25603.95,567983
1771578480,2026-02-20T14:38:00,25602.2,25604.25,25595.75,25596.85,630741
1771578540,2026-02-20T14:39:00,25597.35,25611.45,25596.9,25607.75,469185
1771578600,2026-02-20T14:40:00,25607.5,25617.35,25607.5,25612.05,647816
1771578660,2026-02-20T14:41:00,25611.8,25614.55,25607.05,25614.55,675891
1771578720,2026-02-20T14:42:00,25614.1,25615.45,25609.95,25613.35,489285
1771578780,2026-02-20T14:43:00,25613.4,25620.0,25611.7,25619.65,484468
1771578840,2026-02-20T14:44:00,25619.8,25637.6,25617.75,25625.55,715765
1771578900,2026-02-20T14:45:00,25625.95,25640.7,25625.95,25639.45,609591
1771578960,2026-02-20T14:46:00,25639.4,25642.4,25634.8,25641.15,544300
1771579020,2026-02-20T14:47:00,25640.6,25642.15,25630.75,25635.65,634180
1771579080,2026-02-20T14:48:00,25637.2,25649.45,25636.25,25647.75,648606
1771579140,2026-02-20T14:49:00,25648.55,25652.85,25644.8,25649.85,637425
1771579200,2026-02-20T14:50:00,25649.95,25650.6,25633.25,25634.2,624940
1771579260,2026-02-20T14:51:00,25633.45,25634.05,25614.6,25625.8,822518
1771579320,2026-02-20T14:52:00,25626.05,25633.75,25623.05,25632.85,845083
1771579380,2026-02-20T14:53:00,25632.45,25634.3,25624.25,25625.2,454643
1771579440,2026-02-20T14:54:00,25625.9,25633.4,25624.15,25632.55,770619
1771579500,2026-02-20T14:55:00,25632.1,25638.3,25630.0,25636.15,724006
1771579560,2026-02-20T14:56:00,25636.05,25637.1,25630.45,25635.25,727113
1771579620,2026-02-20T14:57:00,25635.1,25635.95,25629.3,25630.1,693533
1771579680,2026-02-20T14:58:00,25630.15,25634.6,25629.15,25633.3,803126
1771579740,2026-02-20T14:59:00,25633.65,25642.8,25633.65,25642.8,793052
1771579800,2026-02-20T15:00:00,25646.9,25649.65,25623.05,25623.05,2514555
1771579860,2026-02-20T15:01:00,25623.2,25629.15,25620.9,25627.6,1771026
1771579920,2026-02-20T15:02:00,25627.15,25629.55,25610.1,25610.6,2318264
1771579980,2026-02-20T15:03:00,25611.35,25616.7,25609.8,25612.7,1304722
1771580040,2026-02-20T15:04:00,25611.3,25612.1,25595.3,25598.0,2341043
1771580100,2026-02-20T15:05:00,25597.05,25598.8,25593.95,25594.55,2300653
1771580160,2026-02-20T15:06:00,25589.7,25590.35,25581.1,25583.55,2089472
1771580220,2026-02-20T15:07:00,25583.55,25584.25,25571.8,25572.15,1697868
1771580280,2026-02-20T15:08:00,25572.6,25579.4,25570.35,25578.65,2284735
1771580340,2026-02-20T15:09:00,25578.3,25582.15,25572.6,25574.2,2018605
1771580400,2026-02-20T15:10:00,25573.7,25576.05,25566.55,25567.2,3089015
1771580460,2026-02-20T15:11:00,25567.25,25572.55,25565.95,25566.7,1888315
1771580520,2026-02-20T15:12:00,25567.5,25567.85,25564.2,25565.75,1664371
1771580580,2026-02-20T15:13:00,25566.4,25568.55,25564.25,25566.35,2265290
1771580640,2026-02-20T15:14:00,25566.7,25574.0,25563.0,25571.95,2348783
1771580700,2026-02-20T15:15:00,25570.85,25571.95,25566.35,25569.35,2701469
1771580760,2026-02-20T15:16:00,25568.85,25572.6,25568.65,25570.75,1920052
1771580820,2026-02-20T15:17:00,25570.8,25571.95,25566.15,25567.45,1797798
1771580880,2026-02-20T15:18:00,25566.8,25568.15,25563.8,25565.8,3562728
1771580940,2026-02-20T15:19:00,25565.75,25566.15,25552.3,25554.45,2730099
1771581000,2026-02-20T15:20:00,25553.0,25554.1,25541.5,25545.0,2802946
1771581060,2026-02-20T15:21:00,25543.85,25544.8,25539.15,25540.3,3509678
1771581120,2026-02-20T15:22:00,25541.35,25568.35,25538.9,25564.85,2947361
1771581180,2026-02-20T15:23:00,25562.55,25564.3,25555.3,25559.1,1763801
1771581240,2026-02-20T15:24:00,25557.9,25567.05,25554.1,25567.0,1979421
1771581300,2026-02-20T15:25:00,25566.3,25571.7,25562.75,25567.2,2390570
1771581360,2026-02-20T15:26:00,25566.15,25566.75,25551.65,25555.3,2904410
1771581420,2026-02-20T15:27:00,25554.8,25567.2,25551.95,25566.0,2956898
1771581480,2026-02-20T15:28:00,25566.5,25575.55,25563.6,25569.9,2066092
1771581540,2026-02-20T15:29:00,25569.95,25577.45,25561.25,25565.9,1245560
1771818300,2026-02-23T09:15:00,25678.4,25678.7,25632.85,25634.4,4795149
1771818360,2026-02-23T09:16:00,25638.4,25668.65,25626.5,25661.55,3292836
1771818420,2026-02-23T09:17:00,25660.2,25702.25,25660.15,25701.1,2393413
1771818480,2026-02-23T09:18:00,25700.8,25707.1,25682.3,25693.95,2018951
1771818540,2026-02-23T09:19:00,25692.6,25705.95,25690.8,25697.4,1837901
1771818600,2026-02-23T09:20:00,25698.15,25723.7,25697.05,25721.6,1781319
1771818660,2026-02-23T09:21:00,25721.2,25728.35,25716.25,25716.35,1472410
1771818720,2026-02-23T09:22:00,25714.25,25721.65,25707.6,25712.4,1487831
1771818780,2026-02-23T09:23:00,25713.1,25731.7,25711.0,25731.35,1384616
1771818840,2026-02-23T09:24:00,25731.65,25741.2,25728.65,25736.3,1152884
1771818900,2026-02-23T09:25:00,25734.8,25743.9,25732.55,25739.35,1128310
1771818960,2026-02-23T09:26:00,25738.8,25755.1,25738.35,25749.7,1309051
1771819020,2026-02-23T09:27:00,25748.3,25759.45,25746.15,25759.0,1102149
1771819080,2026-02-23T09:28:00,25760.2,25767.9,25753.35,25753.35,1050510
1771819140,2026-02-23T09:29:00,25753.65,25760.0,25747.2,25759.05,855002
1771819200,2026-02-23T09:30:00,25760.3,25771.45,25760.3,25768.8,1193442
1771819260,2026-02-23T09:31:00,25767.8,25770.25,25746.75,25747.25,1024062
1771819320,2026-02-23T09:32:00,25746.3,25751.75,25738.05,25746.25,1054979
1771819380,2026-02-23T09:33:00,25747.1,25749.1,25740.1,25744.1,1140672
1771819440,2026-02-23T09:34:00,25744.8,25745.3,25736.9,25740.4,922255
1771819500,2026-02-23T09:35:00,25740.55,25761.9,25739.0,25749.45,1168430
1771819560,2026-02-23T09:36:00,25748.8,25758.05,25742.9,25756.65,824817
1771819620,2026-02-23T09:37:00,25756.65,25758.3,25753.15,25757.3,986659
1771819680,2026-02-23T09:38:00,25757.75,25768.25,25747.4,25747.4,992097
1771819740,2026-02-23T09:39:00,25747.85,25747.85,25728.5,25728.7,1025839
1771819800,2026-02-23T09:40:00,25729.0,25730.7,25719.85,25719.85,1317279
1771819860,2026-02-23T09:41:00,25721.7,25731.55,25718.6,25730.0,1284954
1771819920,2026-02-23T09:42:00,25730.95,25737.4,25729.0,25733.7,1431817
1771819980,2026-02-23T09:43:00,25733.85,25739.3,25732.5,25735.5,905606
1771820040,2026-02-23T09:44:00,25736.45,25740.5,25730.0,25730.25,904318
1771820100,2026-02-23T09:45:00,25732.2,25740.25,25730.7,25736.5,1048890
1771820160,2026-02-23T09:46:00,25738.05,25739.1,25727.15,25728.1,871825
1771820220,2026-02-23T09:47:00,25728.35,25743.7,25727.6,25738.15,781485
1771820280,2026-02-23T09:48:00,25738.9,25748.1,25736.0,25744.1,657193
1771820340,2026-02-23T09:49:00,25745.55,25749.0,25740.35,25740.6,674234
1771820400,2026-02-23T09:50:00,25742.25,25744.0,25731.4,25733.95,751192
1771820460,2026-02-23T09:51:00,25736.1,25746.65,25734.35,25741.85,775259
1771820520,2026-02-23T09:52:00,25741.8,25743.2,25736.1,25739.5,764522
1771820580,2026-02-23T09:53:00,25738.95,25738.95,25714.6,25715.3,984517
1771820640,2026-02-23T09:54:00,25716.45,25719.0,25711.1,25717.9,1081693
1771820700,2026-02-23T09:55:00,25718.5,25728.8,25711.95,25725.1,1017604
1771820760,2026-02-23T09:56:00,25727.8,25743.95,25725.4,25738.3,833856
1771820820,2026-02-23T09:57:00,25739.55,25739.9,25728.55,25728.8,569929
1771820880,2026-02-23T09:58:00,25730.3,25731.05,25720.2,25728.0,841459
1771820940,2026-02-23T09:59:00,25728.95,25733.5,25725.8,25728.65,768557
1771821000,2026-02-23T10:00:00,25729.45,25731.75,25721.7,25722.65,769428
1771821060,2026-02-23T10:01:00,25722.8,25730.85,25721.05,25729.7,695064
1771821120,2026-02-23T10:02:00,25729.95,25734.5,25726.2,25731.3,783726
1771821180,2026-02-23T10:03:00,25732.45,25735.5,25730.4,25731.15,645960
1771821240,2026-02-23T10:04:00,25732.7,25732.7,25727.8,25729.55,1029812
1771821300,2026-02-23T10:05:00,25730.35,25736.65,25729.6,25729.8,777779
1771821360,2026-02-23T10:06:00,25731.1,25737.45,25725.9,25731.45,780400
1771821420,2026-02-23T10:07:00,25731.65,25731.9,25717.95,25719.35,797744
1771821480,2026-02-23T10:08:00,25720.9,25732.7,25720.9,25722.15,866168
1771821540,2026-02-23T10:09:00,25722.65,25730.0,25720.95,25727.2,793435
1771821600,2026-02-23T10:10:00,25728.75,25730.25,25725.2,25727.05,921058
1771821660,2026-02-23T10:11:00,25727.3,25731.25,25719.5,25721.1,660473
1771821720,2026-02-23T10:12:00,25721.4,25722.2,25713.4,25716.3,772485
1771821780,2026-02-23T10:13:00,25716.65,25716.65,25705.8,25708.95,862098
1771821840,2026-02-23T10:14:00,25708.95,25721.05,25705.15,25717.35,1231579
1771821900,2026-02-23T10:15:00,25717.85,25727.35,25714.6,25717.5,777536
1771821960,2026-02-23T10:16:00,25718.2,25723.15,25712.85,25721.5,792810
1771822020,2026-02-23T10:17:00,25722.4,25729.0,25722.25,25727.35,576614
1771822080,2026-02-23T10:18:00,25728.9,25730.3,25725.55,25729.7,627542
1771822140,2026-02-23T10:19:00,25730.65,25733.7,25725.8,25727.9,681813
1771822200,2026-02-23T10:20:00,25728.55,25731.0,25721.75,25724.05,937166
1771822260,2026-02-23T10:21:00,25724.15,25726.7,25719.65,25724.0,699783
1771822320,2026-02-23T10:22:00,25724.95,25730.45,25721.6,25728.5,676431
1771822380,2026-02-23T10:23:00,25729.3,25733.0,25727.7,25731.05,545915
1771822440,2026-02-23T10:24:00,25731.8,25732.0,25724.1,25726.3,557030
1771822500,2026-02-23T10:25:00,25726.0,25726.0,25719.0,25719.0,597359
1771822560,2026-02-23T10:26:00,25719.7,25721.9,25716.3,25721.0,543041
1771822620,2026-02-23T10:27:00,25722.05,25723.75,25706.0,25709.35,946114
1771822680,2026-02-23T10:28:00,25709.65,25711.55,25702.95,25703.4,652493
1771822740,2026-02-23T10:29:00,25703.7,25706.45,25695.95,25706.45,971868
1771822800,2026-02-23T10:30:00,25707.75,25709.65,25701.7,25703.05,603920
1771822860,2026-02-23T10:31:00,25703.75,25704.7,25695.25,25700.6,733234
1771822920,2026-02-23T10:32:00,25700.3,25700.5,25694.45,25694.45,878151
1771822980,2026-02-23T10:33:00,25694.7,25700.75,25693.55,25698.7,691175
1771823040,2026-02-23T10:34:00,25699.3,25704.0,25696.6,25700.1,462545
1771823100,2026-02-23T10:35:00,25701.3,25706.05,25699.65,25705.0,484371
1771823160,2026-02-23T10:36:00,25705.35,25706.35,25699.35,25701.55,717415
1771823220,2026-02-23T10:37:00,25701.45,25702.05,25691.9,25692.6,543043
1771823280,2026-02-23T10:38:00,25692.9,25694.25,25684.15,25687.55,737942
1771823340,2026-02-23T10:39:00,25687.8,25691.85,25686.5,25689.6,691960
1771823400,2026-02-23T10:40:00,25690.05,25690.5,25678.1,25678.75,778054
1771823460,2026-02-23T10:41:00,25679.3,25684.15,25677.45,25677.45,892202
1771823520,2026-02-23T10:42:00,25678.3,25682.65,25674.75,25681.8,955384
1771823580,2026-02-23T10:43:00,25682.15,25683.15,25667.1,25667.4,1054330
1771823640,2026-02-23T10:44:00,25667.7,25667.7,25655.15,25656.95,1181463
1771823700,2026-02-23T10:45:00,25658.0,25664.2,25652.35,25652.35,905846
1771823760,2026-02-23T10:46:00,25653.0,25654.65,25646.6,25647.8,975129
1771823820,2026-02-23T10:47:00,25649.0,25657.75,25646.9,25657.05,800061
1771823880,2026-02-23T10:48:00,25658.1,25661.0,25654.6,25657.65,677211
1771823940,2026-02-23T10:49:00,25658.55,25663.05,25652.8,25653.65,754539
1771824000,2026-02-23T10:50:00,25653.85,25658.85,25653.15,25658.65,726066
1771824060,2026-02-23T10:51:00,25659.3,25672.9,25658.85,25672.6,829029
1771824120,2026-02-23T10:52:00,25672.4,25672.55,25665.15,25667.1,1107484
1771824180,2026-02-23T10:53:00,25667.5,25676.6,25666.5,25674.65,4918296
1771824240,2026-02-23T10:54:00,25674.8,25677.7,25669.55,25671.8,785867
1771824300,2026-02-23T10:55:00,25672.75,25673.1,25665.0,25667.1,820470
1771824360,2026-02-23T10:56:00,25670.05,25672.9,25666.25,25672.9,709768
1771824420,2026-02-23T10:57:00,25673.35,25676.9,25670.85,25675.5,608219
1771824480,2026-02-23T10:58:00,25676.9,25676.95,25672.05,25674.15,434244
1771824540,2026-02-23T10:59:00,25674.15,25674.15,25667.85,25667.85,573234
1771824600,2026-02-23T11:00:00,25668.8,25676.95,25666.75,25674.65,673560
1771824660,2026-02-23T11:01:00,25675.1,25680.0,25675.0,25679.8,588585
1771824720,2026-02-23T11:02:00,25679.8,25689.2,25679.35,25689.2,603542
1771824780,2026-02-23T11:03:00,25689.65,25692.0,25685.35,25685.35,584239
1771824840,2026-02-23T11:04:00,25686.0,25688.2,25682.85,25683.15,825059
1771824900,2026-02-23T11:05:00,25683.7,25684.05,25674.4,25675.1,738390
1771824960,2026-02-23T11:06:00,25675.5,25675.75,25662.2,25662.65,647693
1771825020,2026-02-23T11:07:00,25662.75,25662.75,25652.3,25659.85,621907
1771825080,2026-02-23T11:08:00,25660.9,25666.5,25660.2,25665.65,574992
1771825140,2026-02-23T11:09:00,25666.0,25680.95,25663.2,25680.5,784966
1771825200,2026-02-23T11:10:00,25680.05,25691.0,25678.8,25689.1,633830
1771825260,2026-02-23T11:11:00,25689.05,25689.3,25685.25,25686.8,410318
1771825320,2026-02-23T11:12:00,25687.15,25687.15,25674.4,25675.6,538867
1771825380,2026-02-23T11:13:00,25676.7,25687.5,25676.35,25687.5,628651
1771825440,2026-02-23T11:14:00,25689.15,25697.95,25687.95,25696.1,605979
1771825500,2026-02-23T11:15:00,25697.0,25699.2,25691.3,25691.8,728720
1771825560,2026-02-23T11:16:00,25692.75,25696.75,25691.15,25696.4,548287
1771825620,2026-02-23T11:17:00,25696.85,25696.85,25691.55,25692.15,438299
1771825680,2026-02-23T11:18:00,25692.3,25692.3,25678.95,25678.95,446133
1771825740,2026-02-23T11:19:00,25679.35,25682.5,25673.45,25673.45,535422
1771825800,2026-02-23T11:20:00,25674.95,25678.4,25672.85,25675.8,437525
1771825860,2026-02-23T11:21:00,25676.1,25676.4,25670.65,25672.2,550808
1771825920,2026-02-23T11:22:00,25673.35,25674.85,25662.2,25662.9,598798
1771825980,2026-02-23T11:23:00,25664.15,25664.7,25660.2,25662.6,451287
1771826040,2026-02-23T11:24:00,25663.15,25664.1,25660.25,25663.2,647045
1771826100,2026-02-23T11:25:00,25663.75,25666.0,25661.05,25663.55,388298
1771826160,2026-02-23T11:26:00,25664.0,25664.15,25654.95,25654.95,428005
1771826220,2026-02-23T11:27:00,25655.65,25660.0,25652.5,25659.8,812814
1771826280,2026-02-23T11:28:00,25660.25,25665.65,25658.9,25664.6,514815
1771826340,2026-02-23T11:29:00,25664.85,25665.8,25661.5,25662.0,485506
1771826400,2026-02-23T11:30:00,25662.3,25662.3,25654.9,25654.9,1227487
1771826460,2026-02-23T11:31:00,25656.45,25660.7,25655.15,25656.95,2236918
1771826520,2026-02-23T11:32:00,25657.65,25662.3,25655.75,25661.4,639053
1771826580,2026-02-23T11:33:00,25661.55,25662.4,25658.4,25658.4,678760
1771826640,2026-02-23T11:34:00,25659.25,25660.3,25654.85,25655.05,621322
1771826700,2026-02-23T11:35:00,25655.45,25659.0,25651.85,25657.45,1168516
1771826760,2026-02-23T11:36:00,25658.7,25669.15,25657.85,25667.2,766382
1771826820,2026-02-23T11:37:00,25667.8,25669.45,25661.9,25665.6,598765
1771826880,2026-02-23T11:38:00,25665.75,25670.25,25664.7,25668.2,648385
1771826940,2026-02-23T11:39:00,25668.15,25670.85,25664.45,25668.6,692542
1771827000,2026-02-23T11:40:00,25669.35,25671.2,25664.8,25665.3,581465
1771827060,2026-02-23T11:41:00,25666.0,25669.9,25662.15,25664.9,503151
1771827120,2026-02-23T11:42:00,25665.05,25668.8,25664.45,25667.8,446225
1771827180,2026-02-23T11:43:00,25668.1,25669.7,25663.35,25663.9,599658
1771827240,2026-02-23T11:44:00,25664.7,25670.4,25663.05,25667.65,705196
1771827300,2026-02-23T11:45:00,25668.0,25671.2,25663.4,25664.1,1038678
1771827360,2026-02-23T11:46:00,25665.05,25666.9,25660.75,25661.65,671021
1771827420,2026-02-23T11:47:00,25662.5,25663.8,25658.8,25662.25,835083
1771827480,2026-02-23T11:48:00,25663.8,25663.8,25646.25,25647.05,957559
1771827540,2026-02-23T11:49:00,25648.0,25648.75,25634.95,25648.7,893308
1771827600,2026-02-23T11:50:00,25648.9,25649.1,25637.25,25637.95,493945
1771827660,2026-02-23T11:51:00,25637.25,25646.65,25631.65,25646.65,787966
1771827720,2026-02-23T11:52:00,25645.85,25649.9,25640.75,25646.9,643248
1771827780,2026-02-23T11:53:00,25648.05,25661.75,25647.4,25659.85,651731
1771827840,2026-02-23T11:54:00,25660.9,25664.75,25658.4,25658.8,540315
1771827900,2026-02-23T11:55:00,25658.85,25660.0,25652.3,25656.8,527340
1771827960,2026-02-23T11:56:00,25657.3,25666.45,25656.5,25660.8,899070
1771828020,2026-02-23T11:57:00,25662.1,25665.1,25660.05,25660.5,498573
1771828080,2026-02-23T11:58:00,25660.4,25660.4,25651.9,25652.3,503940
1771828140,2026-02-23T11:59:00,25653.15,25653.2,25648.6,25649.45,614818
1771828200,2026-02-23T12:00:00,25650.15,25652.3,25648.9,25649.75,366666
1771828260,2026-02-23T12:01:00,25649.1,25652.65,25646.05,25651.35,540919
1771828320,2026-02-23T12:02:00,25652.25,25663.25,25650.4,25662.35,654238
1771828380,2026-02-23T12:03:00,25662.3,25664.4,25660.1,25660.15,2585351
1771828440,2026-02-23T12:04:00,25660.5,25662.25,25655.2,25660.5,528737
1771828500,2026-02-23T12:05:00,25660.9,25662.5,25657.05,25662.15,921212
1771828560,2026-02-23T12:06:00,25662.8,25668.25,25662.15,25666.75,721934
1771828620,2026-02-23T12:07:00,25666.8,25670.4,25664.0,25669.6,594431
1771828680,2026-02-23T12:08:00,25670.7,25673.35,25667.65,25670.05,526136
1771828740,2026-02-23T12:09:00,25672.35,25672.35,25664.7,25664.75,447352
1771828800,2026-02-23T12:10:00,25665.7,25665.7,25655.8,25656.15,1120659
1771828860,2026-02-23T12:11:00,25656.65,25664.5,25651.55,25664.5,1004564
1771828920,2026-02-23T12:12:00,25664.35,25670.3,25661.85,25669.45,564668
1771828980,2026-02-23T12:13:00,25670.3,25673.3,25662.75,25662.75,539288
1771829040,2026-02-23T12:14:00,25663.2,25663.45,25658.6,25661.6,443850
1771829100,2026-02-23T12:15:00,25662.1,25667.55,25660.2,25660.7,793186
1771829160,2026-02-23T12:16:00,25662.1,25667.9,25660.9,25667.15,570797
1771829220,2026-02-23T12:17:00,25667.35,25682.0,25666.3,25680.45,709134
1771829280,2026-02-23T12:18:00,25681.15,25682.95,25670.6,25670.9,483544
1771829340,2026-02-23T12:19:00,25671.1,25673.05,25667.6,25669.95,592781
1771829400,2026-02-23T12:20:00,25671.9,25673.5,25669.6,25670.0,544795
1771829460,2026-02-23T12:21:00,25670.75,25673.25,25665.45,25669.95,834899
1771829520,2026-02-23T12:22:00,25670.35,25670.5,25656.5,25656.55,723202
1771829580,2026-02-23T12:23:00,25657.05,25658.05,25653.15,25656.6,611427
1771829640,2026-02-23T12:24:00,25657.3,25658.25,25654.5,25654.75,834913
1771829700,2026-02-23T12:25:00,25655.7,25658.95,25651.15,25651.35,642069
1771829760,2026-02-23T12:26:00,25652.7,25657.45,25648.3,25649.2,741910
1771829820,2026-02-23T12:27:00,25649.4,25651.85,25647.65,25649.1,392318
1771829880,2026-02-23T12:28:00,25650.6,25654.2,25649.45,25652.75,417910
1771829940,2026-02-23T12:29:00,25652.9,25656.15,25651.2,25651.9,534650
1771830000,2026-02-23T12:30:00,25652.55,25652.65,25643.85,25644.1,586618
1771830060,2026-02-23T12:31:00,25644.7,25645.75,25636.4,25644.45,756975
1771830120,2026-02-23T12:32:00,25645.25,25651.05,25643.1,25649.5,585360
1771830180,2026-02-23T12:33:00,25649.55,25650.95,25645.55,25646.45,435554
1771830240,2026-02-23T12:34:00,25646.75,25655.55,25646.5,25653.85,4790843
1771830300,2026-02-23T12:35:00,25654.8,25658.3,25653.2,25654.65,777933
1771830360,2026-02-23T12:36:00,25655.45,25658.95,25654.2,25656.2,787070
1771830420,2026-02-23T12:37:00,25654.05,25659.75,25653.8,25655.6,1129472
1771830480,2026-02-23T12:38:00,25657.35,25657.95,25654.15,25654.5,609586
1771830540,2026-02-23T12:39:00,25655.7,25664.1,25654.35,25660.75,441031
1771830600,2026-02-23T12:40:00,25662.4,25663.85,25660.4,25660.7,717463
1771830660,2026-02-23T12:41:00,25661.55,25670.6,25660.15,25670.45,976320
1771830720,2026-02-23T12:42:00,25670.9,25673.6,25668.5,25673.6,751867
1771830780,2026-02-23T12:43:00,25673.5,25681.55,25671.75,25681.25,814427
1771830840,2026-02-23T12:44:00,25680.2,25685.0,25678.25,25685.0,881019
1771830900,2026-02-23T12:45:00,25684.45,25690.05,25684.45,25688.9,748783
1771830960,2026-02-23T12:46:00,25689.45,25690.85,25682.95,25682.95,695924
1771831020,2026-02-23T12:47:00,25684.0,25684.3,25667.5,25670.7,636465
1771831080,2026-02-23T12:48:00,25671.35,25676.9,25670.15,25673.1,589934
1771831140,2026-02-23T12:49:00,25673.75,25673.75,25661.75,25662.7,666751
1771831200,2026-02-23T12:50:00,25663.9,25668.95,25659.1,25659.1,643893
1771831260,2026-02-23T12:51:00,25659.7,25659.7,25652.3,25652.7,960617
1771831320,2026-02-23T12:52:00,25653.7,25653.7,25644.1,25647.95,1593300
1771831380,2026-02-23T12:53:00,25649.45,25654.95,25644.75,25645.8,456126
1771831440,2026-02-23T12:54:00,25646.2,25657.55,25643.55,25655.75,723168
1771831500,2026-02-23T12:55:00,25656.15,25657.65,25649.4,25649.9,449470
1771831560,2026-02-23T12:56:00,25651.25,25654.65,25647.35,25648.55,643006
1771831620,2026-02-23T12:57:00,25649.15,25654.6,25646.8,25646.85,798181
1771831680,2026-02-23T12:58:00,25647.5,25651.0,25644.1,25644.95,675127
1771831740,2026-02-23T12:59:00,25645.35,25645.55,25636.75,25638.05,488527
1771831800,2026-02-23T13:00:00,25637.95,25643.05,25633.9,25641.4,496400
1771831860,2026-02-23T13:01:00,25642.4,25643.15,25637.7,25639.55,428091
1771831920,2026-02-23T13:02:00,25639.75,25640.55,25633.8,25634.25,480195
1771831980,2026-02-23T13:03:00,25634.85,25638.35,25631.55,25637.2,500837
1771832040,2026-02-23T13:04:00,25637.7,25639.5,25634.6,25639.5,443224
1771832100,2026-02-23T13:05:00,25639.25,25647.25,25639.0,25644.1,481497
1771832160,2026-02-23T13:06:00,25644.9,25645.55,25642.85,25644.35,386136
1771832220,2026-02-23T13:07:00,25644.4,25646.55,25641.45,25642.35,483060
1771832280,2026-02-23T13:08:00,25642.9,25647.25,25641.7,25647.25,604229
1771832340,2026-02-23T13:09:00,25648.2,25654.9,25647.7,25649.1,740685
1771832400,2026-02-23T13:10:00,25650.3,25652.65,25649.55,25652.35,604010
1771832460,2026-02-23T13:11:00,25652.9,25657.6,25652.1,25655.5,575428
1771832520,2026-02-23T13:12:00,25655.6,25655.6,25649.55,25650.05,778764
1771832580,2026-02-23T13:13:00,25650.75,25650.75,25640.05,25641.1,1503306
1771832640,2026-02-23T13:14:00,25641.3,25641.3,25636.15,25636.7,789785
1771832700,2026-02-23T13:15:00,25638.05,25638.05,25629.6,25630.25,703929
1771832760,2026-02-23T13:16:00,25629.95,25631.65,25627.7,25629.55,410657
1771832820,2026-02-23T13:17:00,25630.05,25642.65,25627.8,25642.65,754453
1771832880,2026-02-23T13:18:00,25643.55,25649.8,25642.85,25647.85,603297
1771832940,2026-02-23T13:19:00,25648.1,25653.25,25644.65,25644.85,536756
1771833000,2026-02-23T13:20:00,25646.0,25651.75,25644.95,25650.3,541784
1771833060,2026-02-23T13:21:00,25651.25,25652.1,25647.6,25649.55,545315
1771833120,2026-02-23T13:22:00,25650.15,25650.3,25645.65,25645.8,341260
1771833180,2026-02-23T13:23:00,25646.8,25651.5,25644.05,25650.2,458924
1771833240,2026-02-23T13:24:00,25651.2,25659.0,25650.45,25655.1,522202
1771833300,2026-02-23T13:25:00,25655.9,25661.0,25652.65,25654.25,815862
1771833360,2026-02-23T13:26:00,25653.3,25662.6,25652.85,25662.2,820346
1771833420,2026-02-23T13:27:00,25662.7,25664.35,25657.85,25659.2,523648
1771833480,2026-02-23T13:28:00,25659.8,25666.35,25657.8,25664.4,431065
1771833540,2026-02-23T13:29:00,25665.5,25668.45,25664.15,25667.45,483354
1771833600,2026-02-23T13:30:00,25668.5,25677.0,25667.65,25676.3,703227
1771833660,2026-02-23T13:31:00,25677.2,25680.3,25666.3,25666.3,754617
1771833720,2026-02-23T13:32:00,25667.05,25667.05,25658.05,25660.05,663804
1771833780,2026-02-23T13:33:00,25661.55,25662.35,25649.1,25652.25,718490
1771833840,2026-02-23T13:34:00,25653.7,25653.7,25646.45,25648.05,648531
1771833900,2026-02-23T13:35:00,25648.25,25650.8,25643.1,25643.45,665373
1771833960,2026-02-23T13:36:00,25645.0,25652.6,25644.5,25644.95,797809
1771834020,2026-02-23T13:37:00,25646.55,25650.75,25643.8,25644.9,419171
1771834080,2026-02-23T13:38:00,25645.85,25648.75,25640.25,25645.2,809291
1771834140,2026-02-23T13:39:00,25646.75,25650.85,25643.1,25647.15,562639
1771834200,2026-02-23T13:40:00,25646.55,25646.55,25636.5,25637.0,814088
1771834260,2026-02-23T13:41:00,25637.75,25639.5,25632.35,25637.8,1019041
1771834320,2026-02-23T13:42:00,25638.55,25657.2,25636.75,25656.45,646329
1771834380,2026-02-23T13:43:00,25656.0,25662.35,25655.25,25661.25,596336
1771834440,2026-02-23T13:44:00,25661.6,25666.75,25659.65,25663.1,635056
1771834500,2026-02-23T13:45:00,25664.75,25665.9,25659.05,25662.8,572493
1771834560,2026-02-23T13:46:00,25663.4,25669.05,25663.4,25667.9,472488
1771834620,2026-02-23T13:47:00,25668.5,25669.4,25655.15,25655.65,600262
1771834680,2026-02-23T13:48:00,25656.15,25658.9,25654.45,25656.35,541263
1771834740,2026-02-23T13:49:00,25656.4,25659.15,25652.2,25653.0,414842
1771834800,2026-02-23T13:50:00,25653.85,25660.7,25653.1,25657.85,475970
1771834860,2026-02-23T13:51:00,25658.3,25659.2,25655.85,25656.45,381842
1771834920,2026-02-23T13:52:00,25657.25,25657.25,25652.85,25653.1,419500
1771834980,2026-02-23T13:53:00,25654.05,25658.15,25651.95,25655.85,391655
1771835040,2026-02-23T13:54:00,25656.0,25658.5,25650.75,25652.75,520063
1771835100,2026-02-23T13:55:00,25653.1,25654.65,25648.55,25648.9,505861
1771835160,2026-02-23T13:56:00,25650.6,25656.35,25650.2,25651.05,398276
1771835220,2026-02-23T13:57:00,25651.45,25651.45,25642.7,25643.4,482212
1771835280,2026-02-23T13:58:00,25643.35,25644.1,25638.85,25642.3,545889
1771835340,2026-02-23T13:59:00,25643.45,25646.0,25637.95,25638.4,424563
1771835400,2026-02-23T14:00:00,25638.45,25643.0,25637.9,25640.3,464328
1771835460,2026-02-23T14:01:00,25640.6,25640.65,25634.1,25634.3,543171
1771835520,2026-02-23T14:02:00,25636.0,25636.55,25627.4,25627.4,801570
1771835580,2026-02-23T14:03:00,25628.05,25628.1,25613.8,25614.3,762081
1771835640,2026-02-23T14:04:00,25615.85,25624.45,25609.35,25623.65,1274760
1771835700,2026-02-23T14:05:00,25624.5,25627.55,25618.5,25619.9,633561
1771835760,2026-02-23T14:06:00,25619.85,25626.55,25618.65,25624.8,460307
1771835820,2026-02-23T14:07:00,25625.75,25638.3,25624.95,25636.55,796815
1771835880,2026-02-23T14:08:00,25636.7,25637.35,25629.25,25629.5,555735
1771835940,2026-02-23T14:09:00,25630.15,25630.6,25626.1,25627.25,429389
1771836000,2026-02-23T14:10:00,25627.55,25629.9,25624.95,25625.9,485609
1771836060,2026-02-23T14:11:00,25626.05,25627.65,25619.2,25619.4,657943
1771836120,2026-02-23T14:12:00,25618.5,25620.65,25615.0,25620.65,585347
1771836180,2026-02-23T14:13:00,25620.9,25630.8,25619.5,25630.05,621695
1771836240,2026-02-23T14:14:00,25630.6,25633.3,25627.7,25630.7,697630
1771836300,2026-02-23T14:15:00,25631.0,25637.1,25631.0,25636.05,578365
1771836360,2026-02-23T14:16:00,25636.6,25638.75,25622.0,25622.85,910913
1771836420,2026-02-23T14:17:00,25624.05,25628.95,25619.75,25628.35,581700
1771836480,2026-02-23T14:18:00,25629.05,25643.45,25627.25,25643.45,563932
1771836540,2026-02-23T14:19:00,25643.9,25644.35,25640.15,25643.55,466402
1771836600,2026-02-23T14:20:00,25643.45,25644.0,25638.5,25640.3,466780
1771836660,2026-02-23T14:21:00,25641.1,25644.45,25640.2,25642.15,725549
1771836720,2026-02-23T14:22:00,25642.9,25648.0,25641.45,25646.1,486996
1771836780,2026-02-23T14:23:00,25646.8,25651.3,25643.55,25650.1,513089
1771836840,2026-02-23T14:24:00,25651.05,25651.35,25645.8,25648.0,420243
1771836900,2026-02-23T14:25:00,25648.0,25653.05,25648.0,25650.1,461474
1771836960,2026-02-23T14:26:00,25650.75,25650.75,25643.4,25646.45,604393
1771837020,2026-02-23T14:27:00,25646.6,25648.55,25641.45,25648.55,533315
1771837080,2026-02-23T14:28:00,25648.95,25661.85,25647.75,25661.55,672069
1771837140,2026-02-23T14:29:00,25662.7,25673.95,25662.35,25673.65,865679
1771837200,2026-02-23T14:30:00,25673.9,25701.25,25673.6,25699.75,1271923
1771837260,2026-02-23T14:31:00,25701.0,25709.45,25700.2,25701.45,1022979
1771837320,2026-02-23T14:32:00,25700.75,25700.75,25685.05,25686.2,900700
1771837380,2026-02-23T14:33:00,25686.3,25686.85,25673.35,25678.65,1135108
1771837440,2026-02-23T14:34:00,25681.7,25695.05,25678.5,25694.3,772162
1771837500,2026-02-23T14:35:00,25695.0,25702.75,25693.4,25695.35,868625
1771837560,2026-02-23T14:36:00,25696.45,25696.45,25678.55,25681.3,648603
1771837620,2026-02-23T14:37:00,25682.1,25683.0,25676.55,25680.6,556468
1771837680,2026-02-23T14:38:00,25682.1,25685.2,25677.2,25683.5,737675
1771837740,2026-02-23T14:39:00,25684.55,25686.0,25678.6,25680.05,602214
1771837800,2026-02-23T14:40:00,25681.1,25682.3,25676.35,25677.8,548166
1771837860,2026-02-23T14:41:00,25678.6,25682.4,25678.25,25680.45,513986
1771837920,2026-02-23T14:42:00,25680.85,25684.2,25680.1,25682.55,670836
1771837980,2026-02-23T14:43:00,25683.35,25684.0,25678.05,25678.3,616558
1771838040,2026-02-23T14:44:00,25678.8,25678.8,25661.75,25670.05,1022468
1771838100,2026-02-23T14:45:00,25671.05,25676.8,25668.1,25672.55,917685
1771838160,2026-02-23T14:46:00,25673.65,25686.1,25673.15,25684.55,650273
1771838220,2026-02-23T14:47:00,25685.0,25689.7,25683.7,25688.15,621586
1771838280,2026-02-23T14:48:00,25689.6,25691.65,25682.8,25683.8,743084
1771838340,2026-02-23T14:49:00,25683.7,25699.75,25682.35,25697.95,900956
1771838400,2026-02-23T14:50:00,25699.8,25699.85,25686.3,25686.3,630546
1771838460,2026-02-23T14:51:00,25687.05,25690.25,25684.95,25685.05,561570
1771838520,2026-02-23T14:52:00,25685.75,25686.25,25679.35,25679.4,529007
1771838580,2026-02-23T14:53:00,25679.15,25679.15,25673.4,25676.85,639088
1771838640,2026-02-23T14:54:00,25677.2,25683.3,25672.8,25679.15,689879
1771838700,2026-02-23T14:55:00,25680.3,25681.45,25675.95,25676.7,794360
1771838760,2026-02-23T14:56:00,25677.65,25677.95,25672.25,25675.35,1095419
1771838820,2026-02-23T14:57:00,25675.65,25683.55,25674.8,25678.95,985079
1771838880,2026-02-23T14:58:00,25680.25,25680.25,25672.8,25674.3,659743
1771838940,2026-02-23T14:59:00,25674.95,25678.75,25669.6,25674.15,839562
1771839000,2026-02-23T15:00:00,25678.45,25702.45,25678.45,25702.45,4839053
1771839060,2026-02-23T15:01:00,25702.6,25712.6,25700.85,25707.8,4953481
1771839120,2026-02-23T15:02:00,25707.4,25722.35,25707.4,25719.75,3863200
1771839180,2026-02-23T15:03:00,25719.0,25723.4,25718.5,25722.85,3900836
1771839240,2026-02-23T15:04:00,25723.1,25724.3,25716.2,25718.25,3618458
1771839300,2026-02-23T15:05:00,25718.25,25726.7,25718.25,25725.85,4230850
1771839360,2026-02-23T15:06:00,25725.45,25728.95,25724.65,25727.1,3646723
1771839420,2026-02-23T15:07:00,25727.25,25728.35,25715.6,25718.6,4157363
1771839480,2026-02-23T15:08:00,25719.4,25720.95,25710.2,25713.15,4688796
1771839540,2026-02-23T15:09:00,25713.7,25714.5,25708.9,25710.2,3960498
1771839600,2026-02-23T15:10:00,25710.45,25711.5,25705.7,25707.2,4462075
1771839660,2026-02-23T15:11:00,25707.55,25713.3,25706.75,25710.3,5674233
1771839720,2026-02-23T15:12:00,25709.95,25715.7,25709.95,25714.65,3856039
1771839780,2026-02-23T15:13:00,25714.85,25717.95,25711.4,25713.35,4505343
1771839840,2026-02-23T15:14:00,25714.85,25714.95,25710.2,25712.1,4032017
1771839900,2026-02-23T15:15:00,25711.3,25720.55,25709.2,25720.55,4687068
1771839960,2026-02-23T15:16:00,25720.95,25722.4,25718.25,25718.85,4432128
1771840020,2026-02-23T15:17:00,25719.0,25719.7,25714.2,25715.0,3877272
1771840080,2026-02-23T15:18:00,25716.05,25717.9,25713.25,25717.9,4298440
1771840140,2026-02-23T15:19:00,25718.0,25721.0,25714.65,25716.25,4289088
1771840200,2026-02-23T15:20:00,25715.6,25715.6,25711.45,25712.7,5349438
1771840260,2026-02-23T15:21:00,25713.65,25716.05,25711.4,25715.9,4002993
1771840320,2026-02-23T15:22:00,25715.8,25716.1,25705.5,25707.6,4323156
1771840380,2026-02-23T15:23:00,25707.35,25709.25,25705.75,25709.25,4428352
1771840440,2026-02-23T15:24:00,25709.6,25719.3,25707.8,25719.3,4215792
1771840500,2026-02-23T15:25:00,25717.7,25722.5,25710.7,25716.55,4548216
1771840560,2026-02-23T15:26:00,25716.1,25722.45,25714.6,25721.05,3937926
1771840620,2026-02-23T15:27:00,25720.1,25721.05,25711.15,25714.35,3458068
1771840680,2026-02-23T15:28:00,25713.6,25716.55,25709.75,25713.2,3517862
1771840740,2026-02-23T15:29:00,25711.8,25716.05,25700.0,25704.0,2731646
1771904700,2026-02-24T09:15:00,25641.8,25641.8,25580.35,25596.25,8195178
1771904760,2026-02-24T09:16:00,25592.9,25613.25,25591.05,25607.6,4222573
1771904820,2026-02-24T09:17:00,25605.9,25616.1,25593.05,25593.95,2969790
1771904880,2026-02-24T09:18:00,25594.5,25597.1,25578.5,25580.35,2610860
1771904940,2026-02-24T09:19:00,25581.05,25582.95,25570.55,25571.45,2621527
1771905000,2026-02-24T09:20:00,25571.25,25579.45,25569.25,25571.75,2376519
1771905060,2026-02-24T09:21:00,25572.5,25581.4,25563.55,25563.8,1551233
1771905120,2026-02-24T09:22:00,25565.2,25565.6,25548.7,25552.95,2337927
1771905180,2026-02-24T09:23:00,25553.0,25568.05,25552.2,25555.55,1810092
1771905240,2026-02-24T09:24:00,25556.55,25563.1,25555.35,25560.0,1451939
1771905300,2026-02-24T09:25:00,25559.4,25564.1,25551.5,25553.05,1443805
1771905360,2026-02-24T09:26:00,25554.1,25557.65,25547.65,25557.65,1176274
1771905420,2026-02-24T09:27:00,25556.65,25570.5,25554.75,25567.8,1341137
1771905480,2026-02-24T09:28:00,25567.25,25568.65,25553.0,25554.35,1409458
1771905540,2026-02-24T09:29:00,25554.75,25561.2,25547.15,25548.65,1632335
1771905600,2026-02-24T09:30:00,25548.6,25549.75,25533.5,25534.0,1472778
1771905660,2026-02-24T09:31:00,25534.45,25543.05,25532.95,25534.0,1250280
1771905720,2026-02-24T09:32:00,25534.75,25537.0,25521.5,25522.8,1260499
1771905780,2026-02-24T09:33:00,25523.3,25523.4,25507.75,25513.45,1790168
1771905840,2026-02-24T09:34:00,25514.35,25518.4,25510.4,25513.9,1882595
1771905900,2026-02-24T09:35:00,25512.8,25518.8,25508.9,25513.7,1178970
1771905960,2026-02-24T09:36:00,25513.65,25526.85,25513.2,25518.65,1664564
1771906020,2026-02-24T09:37:00,25518.85,25528.45,25517.5,25517.5,1570678
1771906080,2026-02-24T09:38:00,25518.65,25519.65,25506.85,25508.15,1419181
1771906140,2026-02-24T09:39:00,25508.15,25514.15,25506.2,25508.15,1307966
1771906200,2026-02-24T09:40:00,25507.65,25510.05,25504.35,25508.35,1444589
1771906260,2026-02-24T09:41:00,25508.4,25514.55,25508.4,25512.15,1638139
1771906320,2026-02-24T09:42:00,25511.55,25513.7,25502.55,25504.05,1215750
1771906380,2026-02-24T09:43:00,25503.3,25506.3,25483.75,25484.1,1499821
1771906440,2026-02-24T09:44:00,25483.6,25500.6,25482.85,25499.45,1474113
1771906500,2026-02-24T09:45:00,25500.3,25508.4,25497.35,25504.7,1043510
1771906560,2026-02-24T09:46:00,25505.2,25513.0,25503.7,25512.75,1802214
1771906620,2026-02-24T09:47:00,25512.75,25526.35,25507.85,25525.8,1632058
1771906680,2026-02-24T09:48:00,25525.75,25534.9,25525.25,25534.8,1240847
1771906740,2026-02-24T09:49:00,25534.6,25535.6,25525.15,25525.35,1159340
1771906800,2026-02-24T09:50:00,25525.25,25526.3,25505.8,25505.8,1081583
1771906860,2026-02-24T09:51:00,25504.65,25508.0,25501.5,25502.55,762945
1771906920,2026-02-24T09:52:00,25502.35,25504.2,25496.5,25498.05,588689
1771906980,2026-02-24T09:53:00,25496.95,25504.7,25494.95,25501.85,541325
1771907040,2026-02-24T09:54:00,25501.55,25516.0,25501.55,25511.6,744148
1771907100,2026-02-24T09:55:00,25511.65,25520.4,25511.1,25516.7,830385
1771907160,2026-02-24T09:56:00,25516.3,25516.9,25510.1,25513.5,834713
1771907220,2026-02-24T09:57:00,25513.1,25518.45,25511.3,25512.2,741028
1771907280,2026-02-24T09:58:00,25511.95,25518.6,25511.95,25514.8,704324
1771907340,2026-02-24T09:59:00,25515.0,25519.1,25513.95,25516.35,873464
1771907400,2026-02-24T10:00:00,25516.5,25519.5,25512.85,25516.9,918142
1771907460,2026-02-24T10:01:00,25516.35,25525.3,25514.6,25523.6,964274
1771907520,2026-02-24T10:02:00,25523.75,25525.25,25510.1,25510.1,751987
1771907580,2026-02-24T10:03:00,25510.55,25513.25,25506.85,25506.85,892936
1771907640,2026-02-24T10:04:00,25508.5,25514.2,25508.2,25514.05,640746
1771907700,2026-02-24T10:05:00,25513.25,25522.5,25513.25,25518.85,710541
1771907760,2026-02-24T10:06:00,25518.8,25523.7,25513.0,25522.25,923517
1771907820,2026-02-24T10:07:00,25521.1,25526.75,25519.55,25524.7,765155
1771907880,2026-02-24T10:08:00,25524.45,25532.65,25524.15,25529.75,830331
1771907940,2026-02-24T10:09:00,25530.05,25530.65,25514.6,25516.25,705250
1771908000,2026-02-24T10:10:00,25515.7,25517.55,25508.3,25510.65,1056678
1771908060,2026-02-24T10:11:00,25510.65,25511.7,25499.4,25500.95,668033
1771908120,2026-02-24T10:12:00,25500.35,25505.55,25495.1,25495.1,788045
1771908180,2026-02-24T10:13:00,25494.05,25494.55,25487.2,25489.4,773173
1771908240,2026-02-24T10:14:00,25488.95,25489.8,25483.8,25484.7,940247
1771908300,2026-02-24T10:15:00,25484.0,25491.5,25483.75,25488.85,819354
1771908360,2026-02-24T10:16:00,25488.35,25495.55,25487.7,25492.95,798419
1771908420,2026-02-24T10:17:00,25492.75,25493.1,25476.35,25478.0,816547
1771908480,2026-02-24T10:18:00,25477.1,25490.4,25474.35,25490.4,798591
1771908540,2026-02-24T10:19:00,25490.7,25501.45,25490.7,25500.3,784436
1771908600,2026-02-24T10:20:00,25500.5,25515.0,25499.85,25511.8,663058
1771908660,2026-02-24T10:21:00,25510.5,25512.25,25501.5,25503.0,1173467
1771908720,2026-02-24T10:22:00,25503.0,25504.2,25497.7,25498.55,432441
1771908780,2026-02-24T10:23:00,25498.15,25498.75,25491.55,25492.55,960403
1771908840,2026-02-24T10:24:00,25492.7,25495.55,25487.3,25488.5,664053
1771908900,2026-02-24T10:25:00,25487.85,25494.15,25486.6,25490.4,768837
1771908960,2026-02-24T10:26:00,25490.6,25494.7,25488.3,25491.3,890286
1771909020,2026-02-24T10:27:00,25491.2,25497.85,25490.95,25496.85,613896
1771909080,2026-02-24T10:28:00,25496.55,25499.8,25492.35,25492.8,680657
1771909140,2026-02-24T10:29:00,25493.15,25499.6,25491.5,25495.5,743706
1771909200,2026-02-24T10:30:00,25495.1,25502.55,25493.55,25500.6,736003
1771909260,2026-02-24T10:31:00,25500.4,25506.5,25498.5,25505.45,647870
1771909320,2026-02-24T10:32:00,25505.3,25510.35,25503.6,25504.1,668753
1771909380,2026-02-24T10:33:00,25503.9,25504.5,25498.15,25503.45,512656
1771909440,2026-02-24T10:34:00,25502.9,25503.55,25497.55,25500.7,829701
1771909500,2026-02-24T10:35:00,25499.65,25507.65,25499.45,25506.55,1105465
1771909560,2026-02-24T10:36:00,25506.15,25508.25,25500.25,25504.1,641900
1771909620,2026-02-24T10:37:00,25503.75,25507.1,25501.7,25503.1,455769
1771909680,2026-02-24T10:38:00,25503.45,25505.8,25502.65,25503.95,568194
1771909740,2026-02-24T10:39:00,25503.1,25505.4,25500.95,25504.0,517994
1771909800,2026-02-24T10:40:00,25503.85,25504.25,25498.75,25499.1,544435
1771909860,2026-02-24T10:41:00,25498.45,25502.2,25492.5,25502.2,626972
1771909920,2026-02-24T10:42:00,25501.3,25508.35,25501.3,25506.9,641804
1771909980,2026-02-24T10:43:00,25507.0,25513.25,25506.6,25510.2,503289
1771910040,2026-02-24T10:44:00,25510.05,25511.1,25497.65,25498.1,672220
1771910100,2026-02-24T10:45:00,25497.9,25499.65,25492.4,25493.0,882512
1771910160,2026-02-24T10:46:00,25493.45,25496.6,25490.1,25490.3,670946
1771910220,2026-02-24T10:47:00,25489.6,25491.7,25486.3,25486.65,717630
1771910280,2026-02-24T10:48:00,25486.3,25487.85,25472.35,25474.95,1054028
1771910340,2026-02-24T10:49:00,25476.7,25478.1,25471.6,25472.45,892548
1771910400,2026-02-24T10:50:00,25472.05,25474.0,25466.55,25473.45,652612
1771910460,2026-02-24T10:51:00,25473.65,25481.15,25473.65,25476.5,541255
1771910520,2026-02-24T10:52:00,25476.2,25478.1,25466.2,25467.55,596090
1771910580,2026-02-24T10:53:00,25466.85,25467.2,25460.7,25464.0,586472
1771910640,2026-02-24T10:54:00,25464.0,25466.25,25462.05,25465.35,571535
1771910700,2026-02-24T10:55:00,25465.65,25471.4,25462.4,25471.4,735744
1771910760,2026-02-24T10:56:00,25471.15,25476.3,25468.1,25468.9,803574
1771910820,2026-02-24T10:57:00,25468.75,25469.95,25464.5,25465.8,604479
1771910880,2026-02-24T10:58:00,25465.9,25469.8,25465.45,25469.55,610018
1771910940,2026-02-24T10:59:00,25468.9,25471.5,25465.35,25471.5,902688
1771911000,2026-02-24T11:00:00,25470.35,25481.35,25470.35,25480.55,981937
1771911060,2026-02-24T11:01:00,25480.5,25483.9,25480.5,25482.25,605050
1771911120,2026-02-24T11:02:00,25482.6,25484.55,25481.45,25481.9,525051
1771911180,2026-02-24T11:03:00,25482.25,25487.85,25481.05,25485.15,561742
1771911240,2026-02-24T11:04:00,25484.2,25486.25,25483.6,25484.65,615198
1771911300,2026-02-24T11:05:00,25484.55,25486.55,25481.6,25481.7,760094
1771911360,2026-02-24T11:06:00,25481.55,25484.2,25480.4,25482.95,603014
1771911420,2026-02-24T11:07:00,25483.4,25490.75,25481.95,25490.5,1232941
1771911480,2026-02-24T11:08:00,25489.55,25501.05,25489.55,25498.25,727909
1771911540,2026-02-24T11:09:00,25497.7,25501.1,25494.3,25495.55,654958
1771911600,2026-02-24T11:10:00,25495.5,25499.1,25494.45,25496.4,534499
1771911660,2026-02-24T11:11:00,25495.45,25505.55,25495.45,25504.0,722421
1771911720,2026-02-24T11:12:00,25503.75,25512.0,25503.75,25510.75,936288
1771911780,2026-02-24T11:13:00,25510.8,25512.5,25505.85,25507.8,1136379
1771911840,2026-02-24T11:14:00,25507.25,25509.55,25505.75,25505.85,722752
1771911900,2026-02-24T11:15:00,25505.7,25507.35,25500.9,25506.9,656812
1771911960,2026-02-24T11:16:00,25506.8,25507.8,25500.8,25500.85,546465
1771912020,2026-02-24T11:17:00,25500.6,25503.25,25497.1,25502.35,618607
1771912080,2026-02-24T11:18:00,25502.25,25508.1,25499.7,25505.9,648116
1771912140,2026-02-24T11:19:00,25505.7,25512.05,25505.7,25509.25,1030810
1771912200,2026-02-24T11:20:00,25508.15,25516.65,25507.45,25516.05,627528
1771912260,2026-02-24T11:21:00,25514.35,25517.55,25512.45,25512.45,652079
1771912320,2026-02-24T11:22:00,25512.4,25519.15,25512.4,25514.2,478844
1771912380,2026-02-24T11:23:00,25514.5,25516.25,25505.6,25506.55,770216
1771912440,2026-02-24T11:24:00,25506.0,25509.05,25503.55,25504.45,616489
1771912500,2026-02-24T11:25:00,25504.3,25508.95,25503.65,25504.8,488753
1771912560,2026-02-24T11:26:00,25504.45,25514.45,25504.45,25511.65,745588
1771912620,2026-02-24T11:27:00,25510.6,25519.35,25510.6,25514.35,636314
1771912680,2026-02-24T11:28:00,25514.8,25514.8,25509.8,25510.85,612788
1771912740,2026-02-24T11:29:00,25510.4,25518.25,25510.4,25518.15,614401
1771912800,2026-02-24T11:30:00,25517.1,25520.7,25516.0,25518.6,849514
1771912860,2026-02-24T11:31:00,25518.9,25519.25,25515.05,25515.9,1037315
1771912920,2026-02-24T11:32:00,25516.6,25520.3,25513.5,25515.85,1170730
1771912980,2026-02-24T11:33:00,25514.45,25516.4,25505.05,25505.85,677434
1771913040,2026-02-24T11:34:00,25506.35,25508.85,25501.55,25506.55,990532
1771913100,2026-02-24T11:35:00,25506.55,25509.5,25503.85,25507.15,963205
1771913160,2026-02-24T11:36:00,25507.8,25510.4,25504.95,25506.4,843063
1771913220,2026-02-24T11:37:00,25505.5,25515.1,25505.5,25514.8,790357
1771913280,2026-02-24T11:38:00,25514.95,25521.7,25513.7,25519.15,997179
1771913340,2026-02-24T11:39:00,25519.65,25524.5,25518.2,25522.2,949250
1771913400,2026-02-24T11:40:00,25523.35,25525.2,25519.4,25522.4,739896
1771913460,2026-02-24T11:41:00,25522.4,25524.4,25513.15,25513.8,578965
1771913520,2026-02-24T11:42:00,25513.45,25515.3,25508.2,25508.2,750370
1771913580,2026-02-24T11:43:00,25507.65,25510.4,25504.85,25506.35,804062
1771913640,2026-02-24T11:44:00,25506.35,25509.6,25500.6,25501.55,897447
1771913700,2026-02-24T11:45:00,25500.6,25503.45,25496.95,25497.4,958522
1771913760,2026-02-24T11:46:00,25497.05,25498.35,25493.7,25497.65,985763
1771913820,2026-02-24T11:47:00,25496.8,25500.35,25491.55,25493.1,808920
1771913880,2026-02-24T11:48:00,25493.15,25493.75,25489.1,25492.0,918922
1771913940,2026-02-24T11:49:00,25491.0,25499.2,25490.8,25499.2,817809
1771914000,2026-02-24T11:50:00,25498.15,25498.75,25490.05,25491.4,535550
1771914060,2026-02-24T11:51:00,25490.95,25497.1,25489.85,25495.95,570158
1771914120,2026-02-24T11:52:00,25495.0,25496.95,25491.9,25495.1,801587
1771914180,2026-02-24T11:53:00,25494.9,25497.35,25492.0,25495.3,803509
1771914240,2026-02-24T11:54:00,25495.7,25497.5,25488.55,25488.85,837030
1771914300,2026-02-24T11:55:00,25488.1,25493.4,25486.6,25489.65,876373
1771914360,2026-02-24T11:56:00,25489.6,25492.8,25487.55,25488.05,899492
1771914420,2026-02-24T11:57:00,25488.3,25491.85,25485.0,25485.35,1227350
1771914480,2026-02-24T11:58:00,25484.45,25488.8,25480.75,25481.25,748380
1771914540,2026-02-24T11:59:00,25480.45,25482.6,25471.7,25472.55,1314221
1771914600,2026-02-24T12:00:00,25472.05,25474.25,25469.5,25470.55,923726
1771914660,2026-02-24T12:01:00,25471.35,25472.15,25464.25,25466.45,901519
1771914720,2026-02-24T12:02:00,25466.2,25470.1,25464.6,25465.65,767813
1771914780,2026-02-24T12:03:00,25465.3,25467.4,25455.65,25459.6,1182459
1771914840,2026-02-24T12:04:00,25459.05,25463.25,25458.35,25462.9,688839
1771914900,2026-02-24T12:05:00,25462.75,25474.95,25461.95,25474.85,1313238
1771914960,2026-02-24T12:06:00,25474.35,25476.15,25471.1,25473.45,1068342
1771915020,2026-02-24T12:07:00,25473.75,25474.5,25469.05,25469.7,547570
1771915080,2026-02-24T12:08:00,25469.65,25471.65,25463.6,25464.9,915228
1771915140,2026-02-24T12:09:00,25464.55,25464.7,25456.7,25458.4,2061735
1771915200,2026-02-24T12:10:00,25458.4,25460.7,25454.85,25456.15,1069887
1771915260,2026-02-24T12:11:00,25456.4,25458.55,25449.8,25450.35,1009072
1771915320,2026-02-24T12:12:00,25450.35,25455.55,25446.95,25455.35,716907
1771915380,2026-02-24T12:13:00,25455.45,25468.1,25454.55,25467.6,809071
1771915440,2026-02-24T12:14:00,25466.45,25470.55,25464.95,25466.05,751486
1771915500,2026-02-24T12:15:00,25464.5,25466.95,25456.45,25458.65,951864
1771915560,2026-02-24T12:16:00,25458.15,25460.05,25453.65,25454.05,942400
1771915620,2026-02-24T12:17:00,25453.5,25455.6,25451.8,25454.1,633089
1771915680,2026-02-24T12:18:00,25454.45,25456.15,25451.55,25454.7,472849
1771915740,2026-02-24T12:19:00,25454.35,25455.8,25441.75,25446.3,1211103
1771915800,2026-02-24T12:20:00,25445.05,25448.85,25436.7,25437.45,1503346
1771915860,2026-02-24T12:21:00,25437.05,25442.2,25436.0,25440.15,755271
1771915920,2026-02-24T12:22:00,25439.1,25441.15,25435.0,25435.85,698447
1771915980,2026-02-24T12:23:00,25436.4,25437.7,25425.4,25426.9,828362
1771916040,2026-02-24T12:24:00,25426.2,25427.7,25418.9,25421.05,727652
1771916100,2026-02-24T12:25:00,25420.9,25430.3,25418.55,25428.55,1330106
1771916160,2026-02-24T12:26:00,25428.05,25429.4,25420.5,25422.85,891545
1771916220,2026-02-24T12:27:00,25422.5,25424.4,25416.85,25420.45,659170
1771916280,2026-02-24T12:28:00,25420.3,25427.25,25419.5,25426.95,642901
1771916340,2026-02-24T12:29:00,25427.0,25434.05,25425.25,25429.25,619462
1771916400,2026-02-24T12:30:00,25429.3,25432.0,25426.85,25432.0,655891
1771916460,2026-02-24T12:31:00,25430.8,25432.0,25426.15,25429.0,770987
1771916520,2026-02-24T12:32:00,25428.45,25433.1,25428.45,25430.95,722400
1771916580,2026-02-24T12:33:00,25429.85,25431.65,25421.4,25422.7,1272993
1771916640,2026-02-24T12:34:00,25423.35,25431.35,25423.3,25428.8,763723
1771916700,2026-02-24T12:35:00,25428.15,25434.8,25427.25,25432.7,1136694
1771916760,2026-02-24T12:36:00,25433.1,25439.8,25431.85,25432.9,561612
1771916820,2026-02-24T12:37:00,25432.95,25437.4,25430.65,25433.7,979386
1771916880,2026-02-24T12:38:00,25434.05,25436.9,25432.5,25435.1,876672
1771916940,2026-02-24T12:39:00,25436.2,25436.8,25426.5,25427.5,695091
1771917000,2026-02-24T12:40:00,25428.5,25432.3,25424.95,25427.55,639034
1771917060,2026-02-24T12:41:00,25427.75,25429.25,25424.15,25424.85,869906
1771917120,2026-02-24T12:42:00,25423.85,25425.55,25419.25,25420.95,661091
1771917180,2026-02-24T12:43:00,25420.25,25423.1,25419.8,25421.45,692615
1771917240,2026-02-24T12:44:00,25421.25,25422.85,25415.1,25418.05,641564
1771917300,2026-02-24T12:45:00,25417.3,25420.8,25412.45,25412.6,1216423
1771917360,2026-02-24T12:46:00,25411.15,25415.4,25401.7,25402.75,595181
1771917420,2026-02-24T12:47:00,25402.1,25404.35,25387.2,25389.55,1448117
1771917480,2026-02-24T12:48:00,25388.6,25396.65,25388.6,25392.0,1496890
1771917540,2026-02-24T12:49:00,25392.15,25396.5,25391.95,25392.55,421887
1771917600,2026-02-24T12:50:00,25392.8,25393.8,25387.45,25392.0,694322
1771917660,2026-02-24T12:51:00,25392.8,25399.15,25390.55,25395.5,562889
1771917720,2026-02-24T12:52:00,25395.35,25396.85,25393.1,25394.4,769279
1771917780,2026-02-24T12:53:00,25394.35,25400.4,25393.2,25396.35,1463784
1771917840,2026-02-24T12:54:00,25397.45,25401.7,25394.9,25401.7,936903
1771917900,2026-02-24T12:55:00,25401.35,25407.85,25401.35,25406.45,715702
1771917960,2026-02-24T12:56:00,25405.3,25408.25,25403.55,25405.6,588642
1771918020,2026-02-24T12:57:00,25404.15,25407.25,25401.2,25402.25,705134
1771918080,2026-02-24T12:58:00,25401.2,25405.1,25396.75,25397.35,884254
1771918140,2026-02-24T12:59:00,25395.7,25407.7,25395.7,25404.7,797566
1771918200,2026-02-24T13:00:00,25405.05,25405.8,25396.5,25401.45,968080
1771918260,2026-02-24T13:01:00,25400.4,25408.85,25399.7,25407.6,703957
1771918320,2026-02-24T13:02:00,25407.05,25409.4,25401.95,25409.0,695365
1771918380,2026-02-24T13:03:00,25408.8,25419.95,25408.8,25418.15,1116490
1771918440,2026-02-24T13:04:00,25418.55,25425.0,25418.2,25421.9,746993
1771918500,2026-02-24T13:05:00,25421.65,25422.6,25414.95,25415.55,643638
1771918560,2026-02-24T13:06:00,25415.9,25419.05,25412.9,25416.25,491505
1771918620,2026-02-24T13:07:00,25415.65,25417.0,25411.1,25413.65,568574
1771918680,2026-02-24T13:08:00,25413.8,25422.0,25413.2,25420.9,740964
1771918740,2026-02-24T13:09:00,25420.9,25422.1,25418.4,25418.55,1187727
1771918800,2026-02-24T13:10:00,25418.8,25419.45,25415.25,25418.35,697934
1771918860,2026-02-24T13:11:00,25417.35,25423.45,25415.85,25421.15,897877
1771918920,2026-02-24T13:12:00,25420.9,25429.25,25420.9,25429.25,895186
1771918980,2026-02-24T13:13:00,25428.45,25433.25,25426.65,25427.6,826322
1771919040,2026-02-24T13:14:00,25428.3,25432.55,25423.3,25424.6,1135420
1771919100,2026-02-24T13:15:00,25424.6,25424.7,25412.6,25414.05,829047
1771919160,2026-02-24T13:16:00,25414.05,25417.2,25410.15,25412.2,811745
1771919220,2026-02-24T13:17:00,25412.0,25416.1,25410.75,25414.5,665915
1771919280,2026-02-24T13:18:00,25414.6,25425.75,25414.6,25417.45,743786
1771919340,2026-02-24T13:19:00,25418.25,25423.2,25415.8,25422.6,655971
1771919400,2026-02-24T13:20:00,25421.85,25424.0,25416.65,25416.65,592633
1771919460,2026-02-24T13:21:00,25416.55,25418.45,25413.3,25413.9,537962
1771919520,2026-02-24T13:22:00,25413.7,25414.8,25410.25,25412.95,601744
1771919580,2026-02-24T13:23:00,25413.1,25413.95,25407.7,25408.25,541275
1771919640,2026-02-24T13:24:00,25409.0,25409.0,25398.2,25398.95,936631
1771919700,2026-02-24T13:25:00,25397.75,25398.85,25392.8,25395.7,1014846
1771919760,2026-02-24T13:26:00,25396.1,25402.15,25396.1,25400.5,607428
1771919820,2026-02-24T13:27:00,25400.0,25405.7,25400.0,25404.4,833457
1771919880,2026-02-24T13:28:00,25404.6,25408.05,25397.45,25398.0,1430547
1771919940,2026-02-24T13:29:00,25397.2,25399.15,25377.9,25378.65,985979
1771920000,2026-02-24T13:30:00,25378.95,25380.2,25362.5,25364.85,938604
1771920060,2026-02-24T13:31:00,25364.05,25365.25,25351.4,25351.8,913390
1771920120,2026-02-24T13:32:00,25351.6,25352.45,25338.65,25339.35,1174610
1771920180,2026-02-24T13:33:00,25339.15,25343.7,25337.15,25342.85,1606868
1771920240,2026-02-24T13:34:00,25342.5,25347.6,25336.5,25339.85,1150535
1771920300,2026-02-24T13:35:00,25339.85,25340.65,25337.95,25338.85,815828
1771920360,2026-02-24T13:36:00,25338.2,25339.6,25327.6,25328.6,1382068
1771920420,2026-02-24T13:37:00,25328.65,25349.6,25328.65,25349.6,1526483
1771920480,2026-02-24T13:38:00,25349.35,25365.05,25347.4,25365.0,832032
1771920540,2026-02-24T13:39:00,25365.9,25380.15,25365.65,25377.85,1349993
1771920600,2026-02-24T13:40:00,25377.65,25379.2,25369.6,25369.85,956651
1771920660,2026-02-24T13:41:00,25370.5,25373.1,25361.2,25362.1,925259
1771920720,2026-02-24T13:42:00,25362.7,25367.2,25361.9,25366.6,1105462
1771920780,2026-02-24T13:43:00,25366.05,25366.85,25358.65,25363.6,673075
1771920840,2026-02-24T13:44:00,25363.7,25367.1,25363.25,25365.45,967068
1771920900,2026-02-24T13:45:00,25365.9,25374.8,25362.65,25371.5,1000091
1771920960,2026-02-24T13:46:00,25371.25,25372.0,25365.2,25365.65,952854
1771921020,2026-02-24T13:47:00,25365.3,25367.5,25362.55,25363.0,695003
1771921080,2026-02-24T13:48:00,25363.0,25364.9,25359.4,25363.9,518709
1771921140,2026-02-24T13:49:00,25362.4,25365.25,25361.8,25363.95,614677
1771921200,2026-02-24T13:50:00,25363.05,25364.3,25360.45,25362.6,595512
1771921260,2026-02-24T13:51:00,25362.3,25366.9,25359.3,25366.3,620855
1771921320,2026-02-24T13:52:00,25366.05,25367.9,25365.9,25367.55,412297
1771921380,2026-02-24T13:53:00,25367.6,25373.65,25366.25,25370.05,683931
1771921440,2026-02-24T13:54:00,25369.15,25375.65,25368.7,25374.65,538864
1771921500,2026-02-24T13:55:00,25373.9,25398.65,25373.9,25395.95,1198890
1771921560,2026-02-24T13:56:00,25396.35,25405.85,25396.35,25404.35,1727964
1771921620,2026-02-24T13:57:00,25404.6,25413.3,25404.3,25413.3,1846326
1771921680,2026-02-24T13:58:00,25412.8,25416.15,25404.1,25406.35,1859242
1771921740,2026-02-24T13:59:00,25404.8,25412.75,25404.8,25411.95,1486050
1771921800,2026-02-24T14:00:00,25412.1,25414.5,25406.95,25410.0,1413738
1771921860,2026-02-24T14:01:00,25410.65,25411.95,25384.5,25391.35,2032806
1771921920,2026-02-24T14:02:00,25391.5,25405.9,25391.5,25403.75,839282
1771921980,2026-02-24T14:03:00,25402.8,25404.45,25393.75,25395.85,610942
1771922040,2026-02-24T14:04:00,25395.45,25397.5,25385.75,25388.75,615397
1771922100,2026-02-24T14:05:00,25388.35,25390.65,25383.75,25386.85,1048632
1771922160,2026-02-24T14:06:00,25385.75,25389.7,25382.05,25389.7,625493
1771922220,2026-02-24T14:07:00,25388.95,25402.9,25388.95,25401.3,911408
1771922280,2026-02-24T14:08:00,25399.85,25406.1,25399.85,25403.05,576165
1771922340,2026-02-24T14:09:00,25402.25,25411.5,25402.25,25409.9,737251
1771922400,2026-02-24T14:10:00,25409.25,25417.9,25407.25,25417.5,994132
1771922460,2026-02-24T14:11:00,25416.95,25432.0,25416.2,25429.45,1169355
1771922520,2026-02-24T14:12:00,25430.1,25440.05,25427.3,25438.1,1732905
1771922580,2026-02-24T14:13:00,25438.95,25441.0,25429.9,25433.75,1503218
1771922640,2026-02-24T14:14:00,25431.5,25443.55,25431.5,25440.5,1054128
1771922700,2026-02-24T14:15:00,25440.05,25444.4,25436.6,25443.1,1683669
1771922760,2026-02-24T14:16:00,25443.75,25446.1,25439.55,25441.55,1332970
1771922820,2026-02-24T14:17:00,25438.55,25440.6,25418.0,25440.6,1438733
1771922880,2026-02-24T14:18:00,25439.95,25444.55,25435.0,25442.45,1461145
1771922940,2026-02-24T14:19:00,25440.95,25444.2,25432.3,25434.2,1199371
1771923000,2026-02-24T14:20:00,25434.75,25436.55,25427.7,25429.35,1682611
1771923060,2026-02-24T14:21:00,25429.1,25435.75,25425.0,25426.65,1790991
1771923120,2026-02-24T14:22:00,25426.75,25429.6,25417.5,25427.55,1942529
1771923180,2026-02-24T14:23:00,25427.7,25429.1,25404.6,25404.6,1500538
1771923240,2026-02-24T14:24:00,25405.3,25407.3,25391.9,25405.1,1378536
1771923300,2026-02-24T14:25:00,25406.45,25415.2,25403.0,25413.65,1176678
1771923360,2026-02-24T14:26:00,25411.95,25414.5,25408.55,25413.9,2194009
1771923420,2026-02-24T14:27:00,25413.0,25415.3,25410.45,25414.7,762195
1771923480,2026-02-24T14:28:00,25414.45,25421.5,25414.45,25415.95,1289377
1771923540,2026-02-24T14:29:00,25414.65,25418.15,25407.9,25408.85,1243464
1771923600,2026-02-24T14:30:00,25407.95,25410.1,25401.5,25405.25,760510
1771923660,2026-02-24T14:31:00,25403.0,25413.6,25403.0,25411.2,953068
1771923720,2026-02-24T14:32:00,25409.75,25412.25,25404.7,25405.75,811704
1771923780,2026-02-24T14:33:00,25404.5,25406.15,25395.6,25395.6,735461
1771923840,2026-02-24T14:34:00,25395.0,25399.55,25389.8,25397.3,832769
1771923900,2026-02-24T14:35:00,25395.55,25407.3,25395.1,25405.35,802644
1771923960,2026-02-24T14:36:00,25403.9,25408.6,25402.4,25406.85,742517
1771924020,2026-02-24T14:37:00,25405.45,25411.05,25405.45,25409.6,812377
1771924080,2026-02-24T14:38:00,25408.85,25425.2,25408.85,25420.95,1106156
1771924140,2026-02-24T14:39:00,25419.3,25423.7,25416.0,25417.0,826845
1771924200,2026-02-24T14:40:00,25417.4,25422.4,25416.05,25417.2,986742
1771924260,2026-02-24T14:41:00,25416.9,25423.5,25415.75,25416.3,1527003
1771924320,2026-02-24T14:42:00,25415.3,25417.9,25412.85,25414.9,1496471
1771924380,2026-02-24T14:43:00,25414.05,25416.2,25401.5,25402.1,1533436
1771924440,2026-02-24T14:44:00,25400.95,25401.3,25381.25,25381.25,2045844
1771924500,2026-02-24T14:45:00,25380.45,25381.65,25366.55,25367.35,2059309
1771924560,2026-02-24T14:46:00,25367.85,25391.65,25361.9,25382.85,2211815
1771924620,2026-02-24T14:47:00,25381.85,25389.05,25381.85,25386.2,650164
1771924680,2026-02-24T14:48:00,25385.65,25393.35,25384.2,25385.1,726878
1771924740,2026-02-24T14:49:00,25384.95,25403.35,25379.6,25396.05,2425474
1771924800,2026-02-24T14:50:00,25395.4,25411.95,25395.4,25409.7,1654116
1771924860,2026-02-24T14:51:00,25408.05,25417.15,25408.05,25416.85,2522993
1771924920,2026-02-24T14:52:00,25415.15,25423.3,25415.15,25417.95,1407681
1771924980,2026-02-24T14:53:00,25417.6,25420.45,25404.3,25405.5,1364150
1771925040,2026-02-24T14:54:00,25406.15,25417.85,25403.5,25412.8,964129
1771925100,2026-02-24T14:55:00,25412.65,25419.8,25411.5,25412.5,834093
1771925160,2026-02-24T14:56:00,25412.3,25427.65,25412.3,25421.55,1654407
1771925220,2026-02-24T14:57:00,25421.9,25427.4,25412.95,25416.05,1747818
1771925280,2026-02-24T14:58:00,25415.2,25423.95,25413.5,25422.05,1346857
1771925340,2026-02-24T14:59:00,25421.2,25427.75,25421.2,25424.85,1053566
1771925400,2026-02-24T15:00:00,25425.05,25443.6,25425.05,25429.8,4553554
1771925460,2026-02-24T15:01:00,25428.85,25431.6,25424.25,25424.95,2808285
1771925520,2026-02-24T15:02:00,25424.45,25425.95,25406.4,25410.7,3398063
1771925580,2026-02-24T15:03:00,25410.45,25411.9,25409.15,25409.5,3362076
1771925640,2026-02-24T15:04:00,25408.75,25412.5,25406.35,25406.85,2647705
1771925700,2026-02-24T15:05:00,25406.9,25415.75,25401.15,25415.3,3960049
1771925760,2026-02-24T15:06:00,25414.9,25422.4,25414.15,25419.15,4001026
1771925820,2026-02-24T15:07:00,25417.85,25420.05,25403.9,25406.8,3587246
1771925880,2026-02-24T15:08:00,25407.85,25414.1,25405.25,25412.1,2889033
1771925940,2026-02-24T15:09:00,25412.2,25416.4,25410.3,25413.75,2815349
1771926000,2026-02-24T15:10:00,25413.1,25415.75,25409.2,25414.3,3317724
1771926060,2026-02-24T15:11:00,25414.7,25421.3,25413.35,25420.4,3548640
1771926120,2026-02-24T15:12:00,25422.1,25426.1,25420.2,25420.2,3507631
1771926180,2026-02-24T15:13:00,25420.5,25424.1,25418.4,25422.8,3786419
1771926240,2026-02-24T15:14:00,25422.15,25423.55,25417.7,25421.2,4076638
1771926300,2026-02-24T15:15:00,25422.2,25422.2,25418.5,25418.7,3874110
1771926360,2026-02-24T15:16:00,25418.95,25421.95,25416.65,25420.65,3233084
1771926420,2026-02-24T15:17:00,25421.5,25426.7,25420.55,25426.15,3271700
1771926480,2026-02-24T15:18:00,25426.3,25431.15,25424.7,25430.05,3771790
1771926540,2026-02-24T15:19:00,25430.85,25436.45,25429.85,25435.55,3726777
1771926600,2026-02-24T15:20:00,25435.9,25439.3,25432.65,25438.95,4514795
1771926660,2026-02-24T15:21:00,25438.85,25440.9,25429.45,25430.9,3831953
1771926720,2026-02-24T15:22:00,25430.95,25436.85,25430.95,25434.8,3269754
1771926780,2026-02-24T15:23:00,25434.95,25438.0,25434.4,25436.9,3132563
1771926840,2026-02-24T15:24:00,25437.65,25441.5,25436.2,25441.1,3387415
1771926900,2026-02-24T15:25:00,25442.35,25445.1,25438.35,25440.1,3851839
1771926960,2026-02-24T15:26:00,25440.6,25445.15,25436.5,25436.5,3167078
1771927020,2026-02-24T15:27:00,25438.2,25450.55,25435.75,25448.1,3321192
1771927080,2026-02-24T15:28:00,25448.55,25457.45,25445.2,25452.5,1988379
1771927140,2026-02-24T15:29:00,25452.4,25464.55,25445.25,25460.25,1846927
1771991100,2026-02-25T09:15:00,25512.6,25581.7,25507.9,25548.3,7007040
1771991160,2026-02-25T09:16:00,25547.0,25561.95,25536.4,25547.1,3678510
1771991220,2026-02-25T09:17:00,25542.0,25560.65,25542.0,25549.95,3555086
1771991280,2026-02-25T09:18:00,25550.4,25556.3,25546.2,25550.55,2728179
1771991340,2026-02-25T09:19:00,25551.7,25562.5,25542.75,25561.8,2419456
1771991400,2026-02-25T09:20:00,25562.2,25570.7,25560.6,25560.85,2897374
1771991460,2026-02-25T09:21:00,25560.25,25572.0,25552.85,25566.2,1947797
1771991520,2026-02-25T09:22:00,25566.45,25575.15,25563.5,25565.85,1669516
1771991580,2026-02-25T09:23:00,25565.95,25569.1,25560.1,25567.9,1507896
1771991640,2026-02-25T09:24:00,25568.9,25570.05,25562.9,25568.5,1331024
1771991700,2026-02-25T09:25:00,25568.8,25574.65,25567.15,25573.25,1970834
1771991760,2026-02-25T09:26:00,25572.1,25589.05,25572.1,25588.8,1197919
1771991820,2026-02-25T09:27:00,25589.0,25594.95,25586.9,25592.95,1235147
1771991880,2026-02-25T09:28:00,25592.85,25594.25,25582.3,25582.3,1160222
1771991940,2026-02-25T09:29:00,25582.55,25585.55,25580.05,25582.9,1372045
1771992000,2026-02-25T09:30:00,25584.85,25585.9,25567.15,25578.3,1834692
1771992060,2026-02-25T09:31:00,25578.15,25579.25,25568.1,25569.3,1429209
1771992120,2026-02-25T09:32:00,25569.1,25575.6,25559.1,25574.1,2004918
1771992180,2026-02-25T09:33:00,25573.0,25578.75,25569.4,25572.4,2210177
1771992240,2026-02-25T09:34:00,25571.85,25581.3,25569.3,25579.05,1311963
1771992300,2026-02-25T09:35:00,25578.8,25582.1,25573.65,25578.45,1786126
1771992360,2026-02-25T09:36:00,25578.7,25582.85,25575.55,25577.5,931810
1771992420,2026-02-25T09:37:00,25576.85,25587.8,25574.6,25580.75,1238576
1771992480,2026-02-25T09:38:00,25580.3,25581.75,25569.0,25569.0,1620714
1771992540,2026-02-25T09:39:00,25569.65,25574.8,25568.55,25569.2,1385069
1771992600,2026-02-25T09:40:00,25570.45,25582.15,25570.3,25580.1,1475350
1771992660,2026-02-25T09:41:00,25580.0,25585.0,25568.85,25568.85,1014685
1771992720,2026-02-25T09:42:00,25569.3,25573.35,25569.1,25570.7,1066804
1771992780,2026-02-25T09:43:00,25570.7,25570.85,25565.8,25566.95,763802
1771992840,2026-02-25T09:44:00,25567.05,25568.3,25560.75,25561.75,840766
1771992900,2026-02-25T09:45:00,25561.65,25573.35,25560.5,25572.4,3372345
1771992960,2026-02-25T09:46:00,25572.05,25579.85,25570.75,25578.55,1048363
1771993020,2026-02-25T09:47:00,25577.9,25587.4,25577.25,25581.05,1032480
1771993080,2026-02-25T09:48:00,25580.65,25583.55,25574.65,25581.5,1094692
1771993140,2026-02-25T09:49:00,25581.35,25584.35,25575.35,25575.95,964188
1771993200,2026-02-25T09:50:00,25576.75,25581.5,25573.05,25574.95,743745
1771993260,2026-02-25T09:51:00,25575.1,25582.75,25575.05,25582.45,752350
1771993320,2026-02-25T09:52:00,25582.9,25587.35,25580.95,25582.7,907347
1771993380,2026-02-25T09:53:00,25583.05,25583.2,25569.2,25569.85,799269
1771993440,2026-02-25T09:54:00,25569.25,25574.6,25559.15,25574.0,911201
1771993500,2026-02-25T09:55:00,25573.2,25582.5,25572.9,25574.3,1183966
1771993560,2026-02-25T09:56:00,25574.9,25584.5,25574.45,25583.8,1075089
1771993620,2026-02-25T09:57:00,25583.3,25597.75,25582.45,25596.8,2186176
1771993680,2026-02-25T09:58:00,25597.7,25602.6,25596.1,25597.8,1796732
1771993740,2026-02-25T09:59:00,25596.9,25603.4,25596.9,25600.6,857310
1771993800,2026-02-25T10:00:00,25600.85,25607.75,25594.8,25605.65,1133334
1771993860,2026-02-25T10:01:00,25604.75,25608.2,25601.55,25602.4,1425879
1771993920,2026-02-25T10:02:00,25601.5,25606.35,25598.0,25606.0,612264
1771993980,2026-02-25T10:03:00,25605.25,25616.8,25605.25,25614.8,1018789
1771994040,2026-02-25T10:04:00,25615.4,25622.85,25614.85,25618.2,1638120
1771994100,2026-02-25T10:05:00,25617.5,25626.3,25617.5,25621.2,1882678
1771994160,2026-02-25T10:06:00,25620.95,25627.65,25620.25,25625.7,760040
1771994220,2026-02-25T10:07:00,25626.15,25629.5,25622.4,25623.9,1045215
1771994280,2026-02-25T10:08:00,25625.5,25626.85,25622.3,25624.2,894665
1771994340,2026-02-25T10:09:00,25624.65,25631.9,25624.35,25629.85,1135511
1771994400,2026-02-25T10:10:00,25628.75,25630.85,25621.0,25623.95,1117161
1771994460,2026-02-25T10:11:00,25624.7,25626.05,25619.0,25620.3,771363
1771994520,2026-02-25T10:12:00,25621.9,25624.9,25618.9,25624.5,907618
1771994580,2026-02-25T10:13:00,25625.2,25633.25,25625.15,25628.4,1575548
1771994640,2026-02-25T10:14:00,25628.0,25631.85,25627.7,25631.75,1141112
1771994700,2026-02-25T10:15:00,25631.6,25636.9,25631.6,25635.45,1183112
1771994760,2026-02-25T10:16:00,25635.55,25647.15,25635.55,25644.7,862768
1771994820,2026-02-25T10:17:00,25645.55,25652.6,25643.9,25648.9,1077925
1771994880,2026-02-25T10:18:00,25649.05,25650.6,25644.65,25644.65,775098
1771994940,2026-02-25T10:19:00,25645.05,25646.8,25637.4,25639.4,753722
1771995000,2026-02-25T10:20:00,25638.9,25639.9,25633.9,25635.45,717795
1771995060,2026-02-25T10:21:00,25635.35,25637.2,25631.1,25634.9,807109
1771995120,2026-02-25T10:22:00,25635.05,25637.25,25633.65,25637.0,1399010
1771995180,2026-02-25T10:23:00,25636.7,25639.65,25632.55,25632.95,1043771
1771995240,2026-02-25T10:24:00,25633.5,25634.2,25629.95,25630.9,842102
1771995300,2026-02-25T10:25:00,25630.7,25637.15,25630.7,25635.25,1116878
1771995360,2026-02-25T10:26:00,25634.0,25638.1,25631.65,25637.85,711090
1771995420,2026-02-25T10:27:00,25637.3,25638.7,25634.55,25635.15,881006
1771995480,2026-02-25T10:28:00,25635.95,25638.25,25634.15,25637.35,2058765
1771995540,2026-02-25T10:29:00,25638.0,25639.65,25633.35,25635.2,2866080
1771995600,2026-02-25T10:30:00,25635.0,25639.75,25635.0,25635.4,1043886
1771995660,2026-02-25T10:31:00,25636.5,25641.6,25633.5,25638.1,1181761
1771995720,2026-02-25T10:32:00,25639.5,25642.7,25636.5,25642.2,1505487
1771995780,2026-02-25T10:33:00,25643.2,25645.05,25639.6,25640.65,1646554
1771995840,2026-02-25T10:34:00,25640.75,25643.9,25640.75,25643.3,1397914
1771995900,2026-02-25T10:35:00,25643.65,25646.2,25642.55,25644.65,1104681
1771995960,2026-02-25T10:36:00,25645.0,25649.65,25644.15,25647.9,636351
1771996020,2026-02-25T10:37:00,25647.75,25648.55,25636.75,25636.75,746961
1771996080,2026-02-25T10:38:00,25637.25,25638.0,25626.2,25626.95,959208
1771996140,2026-02-25T10:39:00,25626.75,25636.1,25626.75,25634.05,1039117
1771996200,2026-02-25T10:40:00,25634.15,25635.5,25628.1,25629.1,933620
1771996260,2026-02-25T10:41:00,25628.4,25632.55,25627.25,25632.55,806615
1771996320,2026-02-25T10:42:00,25631.85,25632.65,25624.85,25626.05,750223
1771996380,2026-02-25T10:43:00,25625.8,25628.0,25622.65,25626.3,634285
1771996440,2026-02-25T10:44:00,25626.35,25627.2,25618.9,25619.9,956947
1771996500,2026-02-25T10:45:00,25619.05,25625.4,25617.4,25623.35,601468
1771996560,2026-02-25T10:46:00,25623.1,25625.2,25620.3,25622.25,703341
1771996620,2026-02-25T10:47:00,25622.1,25624.1,25612.25,25612.9,744199
1771996680,2026-02-25T10:48:00,25611.3,25618.5,25607.5,25617.9,819991
1771996740,2026-02-25T10:49:00,25617.8,25619.55,25614.0,25616.6,663696
1771996800,2026-02-25T10:50:00,25616.65,25622.0,25613.4,25620.8,954087
1771996860,2026-02-25T10:51:00,25622.0,25628.15,25622.0,25625.65,636349
1771996920,2026-02-25T10:52:00,25625.2,25627.9,25619.75,25622.55,469082
1771996980,2026-02-25T10:53:00,25621.8,25623.05,25619.6,25622.1,545663
1771997040,2026-02-25T10:54:00,25621.85,25623.3,25618.0,25620.15,687846
1771997100,2026-02-25T10:55:00,25621.1,25623.55,25618.2,25619.8,693146
1771997160,2026-02-25T10:56:00,25619.7,25621.95,25612.3,25614.75,737410
1771997220,2026-02-25T10:57:00,25614.5,25622.2,25614.1,25620.3,467574
1771997280,2026-02-25T10:58:00,25621.75,25624.05,25616.35,25618.0,996354
1771997340,2026-02-25T10:59:00,25618.5,25621.05,25611.45,25612.35,497056
1771997400,2026-02-25T11:00:00,25614.1,25620.9,25613.2,25619.7,651936
1771997460,2026-02-25T11:01:00,25619.15,25625.75,25618.75,25623.15,620376
1771997520,2026-02-25T11:02:00,25624.05,25626.75,25623.1,25624.55,602011
1771997580,2026-02-25T11:03:00,25624.3,25625.1,25619.65,25621.95,517460
1771997640,2026-02-25T11:04:00,25621.9,25622.2,25614.05,25615.05,606290
1771997700,2026-02-25T11:05:00,25616.35,25623.7,25614.15,25621.8,756614
1771997760,2026-02-25T11:06:00,25621.25,25623.15,25619.35,25623.15,545299
1771997820,2026-02-25T11:07:00,25622.6,25630.25,25621.4,25629.35,719585
1771997880,2026-02-25T11:08:00,25629.3,25630.8,25620.95,25622.35,568252
1771997940,2026-02-25T11:09:00,25622.75,25624.5,25619.35,25621.05,467808
1771998000,2026-02-25T11:10:00,25621.2,25625.4,25621.2,25625.15,524561
1771998060,2026-02-25T11:11:00,25624.4,25630.05,25624.4,25625.95,491862
1771998120,2026-02-25T11:12:00,25625.9,25628.5,25621.0,25621.0,708100
1771998180,2026-02-25T11:13:00,25621.85,25622.8,25611.35,25611.9,540371
1771998240,2026-02-25T11:14:00,25611.75,25617.65,25608.55,25616.0,581444
1771998300,2026-02-25T11:15:00,25615.5,25617.6,25612.45,25616.65,735338
1771998360,2026-02-25T11:16:00,25616.6,25620.0,25613.55,25615.6,500746
1771998420,2026-02-25T11:17:00,25615.55,25616.2,25606.85,25607.85,533894
1771998480,2026-02-25T11:18:00,25607.35,25610.0,25602.3,25607.75,493299
1771998540,2026-02-25T11:19:00,25606.6,25610.6,25606.0,25607.1,495414
1771998600,2026-02-25T11:20:00,25608.1,25609.7,25604.75,25609.7,535727
1771998660,2026-02-25T11:21:00,25609.2,25611.4,25605.2,25606.85,461543
1771998720,2026-02-25T11:22:00,25606.45,25607.5,25601.9,25603.7,419595
1771998780,2026-02-25T11:23:00,25603.8,25605.15,25597.6,25598.75,561528
1771998840,2026-02-25T11:24:00,25598.3,25609.7,25598.3,25608.6,614161
1771998900,2026-02-25T11:25:00,25607.85,25610.8,25606.8,25609.9,484507
1771998960,2026-02-25T11:26:00,25609.3,25613.65,25608.6,25613.55,484899
1771999020,2026-02-25T11:27:00,25613.2,25614.35,25607.45,25609.15,648193
1771999080,2026-02-25T11:28:00,25610.35,25617.5,25610.05,25616.75,491658
1771999140,2026-02-25T11:29:00,25616.45,25617.35,25611.9,25613.3,793756
1771999200,2026-02-25T11:30:00,25613.3,25615.25,25609.95,25610.9,933789
1771999260,2026-02-25T11:31:00,25610.5,25613.1,25602.9,25603.35,606310
1771999320,2026-02-25T11:32:00,25604.0,25606.05,25599.95,25606.05,686062
1771999380,2026-02-25T11:33:00,25605.25,25608.7,25604.15,25605.2,496406
1771999440,2026-02-25T11:34:00,25606.75,25610.65,25602.15,25602.15,471597
1771999500,2026-02-25T11:35:00,25603.2,25609.15,25601.95,25608.3,605639
1771999560,2026-02-25T11:36:00,25607.9,25609.9,25605.85,25606.7,575885
1771999620,2026-02-25T11:37:00,25607.45,25607.85,25603.1,25604.0,510233
1771999680,2026-02-25T11:38:00,25604.4,25607.65,25603.05,25606.3,431875
1771999740,2026-02-25T11:39:00,25607.25,25608.8,25604.15,25605.15,727112
1771999800,2026-02-25T11:40:00,25604.75,25606.1,25584.15,25588.65,1012461
1771999860,2026-02-25T11:41:00,25588.95,25590.3,25581.05,25587.8,682666
1771999920,2026-02-25T11:42:00,25587.7,25590.35,25584.15,25586.15,711560
1771999980,2026-02-25T11:43:00,25586.45,25593.35,25585.85,25587.3,606620
1772000040,2026-02-25T11:44:00,25587.7,25591.65,25586.55,25588.0,521684
1772000100,2026-02-25T11:45:00,25589.85,25610.35,25589.85,25608.45,657115
1772000160,2026-02-25T11:46:00,25608.45,25613.3,25606.2,25612.25,1244177
1772000220,2026-02-25T11:47:00,25612.85,25618.9,25612.6,25615.0,914752
1772000280,2026-02-25T11:48:00,25614.85,25617.75,25612.75,25615.6,3087059
1772000340,2026-02-25T11:49:00,25616.0,25619.0,25612.35,25617.65,850212
1772000400,2026-02-25T11:50:00,25618.25,25622.2,25617.1,25619.8,913258
1772000460,2026-02-25T11:51:00,25620.3,25620.85,25614.15,25615.2,751862
1772000520,2026-02-25T11:52:00,25614.65,25616.9,25611.05,25611.85,784972
1772000580,2026-02-25T11:53:00,25612.85,25615.8,25609.25,25612.85,645144
1772000640,2026-02-25T11:54:00,25611.85,25613.55,25606.75,25607.45,466299
1772000700,2026-02-25T11:55:00,25608.65,25609.2,25603.4,25605.45,1040612
1772000760,2026-02-25T11:56:00,25605.7,25608.45,25598.35,25598.55,946821
1772000820,2026-02-25T11:57:00,25598.85,25600.4,25594.9,25597.7,596795
1772000880,2026-02-25T11:58:00,25597.25,25598.05,25586.3,25591.1,847098
1772000940,2026-02-25T11:59:00,25591.4,25595.1,25588.3,25595.1,521118
1772001000,2026-02-25T12:00:00,25592.65,25603.05,25592.65,25602.8,582413
1772001060,2026-02-25T12:01:00,25602.9,25603.9,25598.55,25601.1,565837
1772001120,2026-02-25T12:02:00,25600.4,25603.35,25599.05,25601.4,761906
1772001180,2026-02-25T12:03:00,25600.95,25610.95,25600.35,25610.95,729836
1772001240,2026-02-25T12:04:00,25610.7,25611.45,25608.4,25611.45,555295
1772001300,2026-02-25T12:05:00,25610.2,25613.45,25607.3,25612.9,572413
1772001360,2026-02-25T12:06:00,25613.0,25614.25,25604.25,25606.9,419921
1772001420,2026-02-25T12:07:00,25606.0,25607.1,25601.25,25605.7,801034
1772001480,2026-02-25T12:08:00,25605.65,25605.65,25598.45,25604.2,1007010
1772001540,2026-02-25T12:09:00,25604.0,25606.6,25601.6,25606.5,589841
1772001600,2026-02-25T12:10:00,25606.05,25606.5,25600.55,25604.4,745108
1772001660,2026-02-25T12:11:00,25604.15,25605.45,25599.85,25604.4,954838
1772001720,2026-02-25T12:12:00,25604.3,25608.35,25600.8,25608.2,1279332
1772001780,2026-02-25T12:13:00,25608.3,25609.1,25598.75,25598.85,636766
1772001840,2026-02-25T12:14:00,25599.4,25600.7,25591.9,25600.2,953904
1772001900,2026-02-25T12:15:00,25599.7,25604.6,25599.7,25602.0,2533688
1772001960,2026-02-25T12:16:00,25601.3,25606.05,25600.8,25605.6,922201
1772002020,2026-02-25T12:17:00,25605.45,25611.1,25605.45,25611.1,732607
1772002080,2026-02-25T12:18:00,25610.2,25615.5,25610.2,25611.65,1127088
1772002140,2026-02-25T12:19:00,25611.2,25612.1,25606.6,25606.75,951826
1772002200,2026-02-25T12:20:00,25608.5,25609.65,25604.8,25606.2,687209
1772002260,2026-02-25T12:21:00,25606.4,25607.35,25592.75,25592.75,945933
1772002320,2026-02-25T12:22:00,25592.75,25594.9,25588.65,25593.3,568514
1772002380,2026-02-25T12:23:00,25593.55,25597.05,25592.9,25597.05,907747
1772002440,2026-02-25T12:24:00,25595.85,25601.1,25595.85,25599.45,1372737
1772002500,2026-02-25T12:25:00,25599.5,25599.85,25592.8,25594.3,777519
1772002560,2026-02-25T12:26:00,25595.05,25596.7,25592.25,25594.3,448199
1772002620,2026-02-25T12:27:00,25594.4,25597.5,25590.2,25591.15,646827
1772002680,2026-02-25T12:28:00,25590.95,25593.8,25588.55,25592.45,460024
1772002740,2026-02-25T12:29:00,25592.4,25593.85,25589.55,25592.5,539375
1772002800,2026-02-25T12:30:00,25591.95,25596.75,25590.05,25592.5,917353
1772002860,2026-02-25T12:31:00,25593.35,25594.1,25585.4,25586.05,610259
1772002920,2026-02-25T12:32:00,25586.5,25590.1,25575.75,25575.75,750549
1772002980,2026-02-25T12:33:00,25574.85,25576.25,25555.4,25555.5,1357985
1772003040,2026-02-25T12:34:00,25555.35,25555.35,25534.75,25536.2,1397635
1772003100,2026-02-25T12:35:00,25535.45,25537.85,25521.5,25522.95,1167901
1772003160,2026-02-25T12:36:00,25523.25,25525.8,25510.75,25510.75,1588134
1772003220,2026-02-25T12:37:00,25511.85,25514.05,25504.9,25511.35,1349972
1772003280,2026-02-25T12:38:00,25510.4,25533.55,25510.4,25532.5,1403583
1772003340,2026-02-25T12:39:00,25531.2,25531.95,25524.15,25528.6,667198
1772003400,2026-02-25T12:40:00,25528.85,25530.25,25520.95,25522.2,656767
1772003460,2026-02-25T12:41:00,25522.25,25527.8,25519.95,25525.8,732134
1772003520,2026-02-25T12:42:00,25526.0,25526.25,25515.45,25518.6,1564155
1772003580,2026-02-25T12:43:00,25519.5,25522.25,25511.55,25514.4,892619
1772003640,2026-02-25T12:44:00,25514.9,25516.45,25501.85,25504.3,919884
1772003700,2026-02-25T12:45:00,25504.5,25505.15,25487.3,25493.05,1437841
1772003760,2026-02-25T12:46:00,25492.4,25496.5,25490.95,25494.5,743366
1772003820,2026-02-25T12:47:00,25494.4,25498.1,25484.3,25485.65,852458
1772003880,2026-02-25T12:48:00,25486.9,25487.65,25477.15,25479.8,848311
1772003940,2026-02-25T12:49:00,25479.5,25481.85,25467.8,25467.85,1667193
1772004000,2026-02-25T12:50:00,25464.25,25481.05,25461.25,25471.65,927878
1772004060,2026-02-25T12:51:00,25471.45,25475.8,25469.1,25475.4,813797
1772004120,2026-02-25T12:52:00,25475.35,25489.15,25475.35,25488.9,1255666
1772004180,2026-02-25T12:53:00,25488.75,25490.85,25486.75,25489.1,522886
1772004240,2026-02-25T12:54:00,25489.2,25490.3,25479.45,25480.1,752842
1772004300,2026-02-25T12:55:00,25479.0,25490.85,25475.85,25490.4,581904
1772004360,2026-02-25T12:56:00,25489.3,25491.45,25481.35,25482.95,471422
1772004420,2026-02-25T12:57:00,25481.85,25484.1,25476.65,25478.25,596453
1772004480,2026-02-25T12:58:00,25479.15,25479.15,25466.3,25467.85,617818
1772004540,2026-02-25T12:59:00,25467.1,25472.2,25465.6,25472.2,542313
1772004600,2026-02-25T13:00:00,25471.65,25472.45,25450.8,25462.25,942014
1772004660,2026-02-25T13:01:00,25461.35,25464.15,25449.1,25451.8,773638
1772004720,2026-02-25T13:02:00,25450.9,25453.15,25445.35,25446.7,576456
1772004780,2026-02-25T13:03:00,25447.1,25450.35,25440.05,25447.6,968067
1772004840,2026-02-25T13:04:00,25446.5,25463.15,25446.5,25462.05,718301
1772004900,2026-02-25T13:05:00,25461.2,25462.65,25447.6,25448.15,674408
1772004960,2026-02-25T13:06:00,25447.75,25468.5,25444.9,25466.0,690974
1772005020,2026-02-25T13:07:00,25465.2,25467.7,25458.95,25461.2,961776
1772005080,2026-02-25T13:08:00,25460.55,25467.0,25460.55,25465.3,898472
1772005140,2026-02-25T13:09:00,25464.3,25469.9,25463.15,25463.15,864741
1772005200,2026-02-25T13:10:00,25463.8,25469.1,25461.4,25466.85,649293
1772005260,2026-02-25T13:11:00,25467.75,25475.7,25466.95,25471.65,542593
1772005320,2026-02-25T13:12:00,25471.25,25476.3,25470.3,25474.85,538419
1772005380,2026-02-25T13:13:00,25473.95,25476.5,25466.05,25466.6,458821
1772005440,2026-02-25T13:14:00,25466.25,25467.75,25461.6,25462.6,662186
1772005500,2026-02-25T13:15:00,25462.4,25465.95,25457.7,25461.85,935983
1772005560,2026-02-25T13:16:00,25462.4,25470.8,25462.4,25466.25,802029
1772005620,2026-02-25T13:17:00,25467.1,25473.8,25466.4,25473.4,758767
1772005680,2026-02-25T13:18:00,25472.2,25474.9,25470.05,25473.95,1428820
1772005740,2026-02-25T13:19:00,25474.65,25479.45,25474.05,25478.5,638724
1772005800,2026-02-25T13:20:00,25478.45,25485.2,25478.2,25478.7,909880
1772005860,2026-02-25T13:21:00,25478.95,25480.45,25469.45,25471.85,746711
1772005920,2026-02-25T13:22:00,25471.3,25475.05,25468.7,25468.85,771599
1772005980,2026-02-25T13:23:00,25469.5,25470.3,25464.7,25464.7,864453
1772006040,2026-02-25T13:24:00,25464.8,25465.8,25455.0,25456.35,614956
1772006100,2026-02-25T13:25:00,25455.7,25460.05,25455.15,25455.75,858879
1772006160,2026-02-25T13:26:00,25456.05,25457.45,25441.5,25441.5,1249006
1772006220,2026-02-25T13:27:00,25441.45,25442.2,25428.2,25436.35,1120485
1772006280,2026-02-25T13:28:00,25436.6,25456.25,25436.3,25450.25,1202485
1772006340,2026-02-25T13:29:00,25451.15,25461.15,25450.1,25460.3,896470
1772006400,2026-02-25T13:30:00,25460.1,25474.85,25460.1,25473.45,1016553
1772006460,2026-02-25T13:31:00,25474.35,25480.95,25469.2,25470.0,1056994
1772006520,2026-02-25T13:32:00,25469.8,25471.75,25461.1,25462.2,830910
1772006580,2026-02-25T13:33:00,25462.15,25465.5,25460.8,25465.5,565924
1772006640,2026-02-25T13:34:00,25465.3,25466.5,25460.65,25461.25,802404
1772006700,2026-02-25T13:35:00,25461.3,25469.45,25460.1,25468.25,751122
1772006760,2026-02-25T13:36:00,25468.5,25473.15,25467.45,25473.15,790759
1772006820,2026-02-25T13:37:00,25471.9,25476.25,25471.1,25475.5,672199
1772006880,2026-02-25T13:38:00,25475.75,25479.25,25469.4,25469.95,520506
1772006940,2026-02-25T13:39:00,25468.7,25469.95,25462.55,25466.4,653312
1772007000,2026-02-25T13:40:00,25467.3,25469.05,25463.05,25463.4,589613
1772007060,2026-02-25T13:41:00,25463.7,25468.1,25462.4,25467.5,893562
1772007120,2026-02-25T13:42:00,25468.2,25469.4,25464.0,25465.5,693174
1772007180,2026-02-25T13:43:00,25466.0,25467.3,25462.35,25465.75,448077
1772007240,2026-02-25T13:44:00,25465.95,25468.0,25461.75,25462.05,514682
1772007300,2026-02-25T13:45:00,25462.35,25462.9,25451.3,25453.0,646645
1772007360,2026-02-25T13:46:00,25453.55,25457.8,25450.5,25450.5,1652449
1772007420,2026-02-25T13:47:00,25450.55,25463.6,25450.55,25463.6,873813
1772007480,2026-02-25T13:48:00,25464.4,25469.85,25463.7,25466.75,622512
1772007540,2026-02-25T13:49:00,25466.25,25468.4,25463.55,25467.4,380247
1772007600,2026-02-25T13:50:00,25467.55,25471.3,25467.2,25469.9,489576
1772007660,2026-02-25T13:51:00,25470.6,25472.0,25466.05,25466.85,627259
1772007720,2026-02-25T13:52:00,25467.6,25469.4,25463.2,25467.45,1296543
1772007780,2026-02-25T13:53:00,25468.2,25474.2,25467.25,25471.6,678999
1772007840,2026-02-25T13:54:00,25472.15,25474.8,25470.4,25473.2,591104
1772007900,2026-02-25T13:55:00,25473.8,25474.55,25468.45,25469.3,834395
1772007960,2026-02-25T13:56:00,25469.55,25471.6,25467.2,25467.8,481984
1772008020,2026-02-25T13:57:00,25468.25,25470.35,25466.05,25469.0,516429
1772008080,2026-02-25T13:58:00,25469.4,25473.5,25469.4,25472.35,726988
1772008140,2026-02-25T13:59:00,25473.5,25474.7,25468.7,25472.65,623727
1772008200,2026-02-25T14:00:00,25473.05,25473.05,25459.05,25459.05,1812558
1772008260,2026-02-25T14:01:00,25459.5,25466.05,25453.5,25464.4,598754
1772008320,2026-02-25T14:02:00,25464.65,25466.8,25454.95,25454.95,1205929
1772008380,2026-02-25T14:03:00,25456.1,25456.1,25441.6,25442.55,639196
1772008440,2026-02-25T14:04:00,25443.0,25445.3,25439.3,25443.9,683901
1772008500,2026-02-25T14:05:00,25445.3,25453.5,25444.25,25450.15,502186
1772008560,2026-02-25T14:06:00,25453.4,25453.4,25437.0,25437.3,570105
1772008620,2026-02-25T14:07:00,25439.1,25439.1,25430.15,25434.7,825274
1772008680,2026-02-25T14:08:00,25435.9,25449.4,25435.9,25445.25,785456
1772008740,2026-02-25T14:09:00,25444.6,25445.2,25433.8,25435.65,968112
1772008800,2026-02-25T14:10:00,25436.4,25443.9,25436.3,25443.9,819386
1772008860,2026-02-25T14:11:00,25444.35,25456.7,25443.9,25455.3,737284
1772008920,2026-02-25T14:12:00,25455.4,25464.95,25455.4,25461.1,692466
1772008980,2026-02-25T14:13:00,25462.65,25463.85,25453.65,25455.35,723646
1772009040,2026-02-25T14:14:00,25456.05,25458.85,25455.35,25457.1,633550
1772009100,2026-02-25T14:15:00,25457.3,25463.5,25454.85,25462.15,703619
1772009160,2026-02-25T14:16:00,25462.5,25466.55,25458.7,25466.55,862552
1772009220,2026-02-25T14:17:00,25466.75,25472.5,25465.05,25471.15,892861
1772009280,2026-02-25T14:18:00,25471.2,25484.45,25471.2,25483.6,998912
1772009340,2026-02-25T14:19:00,25484.1,25495.75,25484.1,25493.8,1945316
1772009400,2026-02-25T14:20:00,25494.2,25496.7,25488.4,25495.0,1487445
1772009460,2026-02-25T14:21:00,25496.05,25498.05,25489.8,25498.0,1127056
1772009520,2026-02-25T14:22:00,25497.7,25502.45,25491.3,25491.3,988125
1772009580,2026-02-25T14:23:00,25492.45,25493.65,25486.75,25487.25,1606710
1772009640,2026-02-25T14:24:00,25487.9,25488.3,25472.4,25473.0,1141650
1772009700,2026-02-25T14:25:00,25473.35,25475.65,25467.95,25471.65,1357726
1772009760,2026-02-25T14:26:00,25471.05,25473.6,25466.65,25469.9,1402790
1772009820,2026-02-25T14:27:00,25469.35,25470.6,25457.55,25458.45,952990
1772009880,2026-02-25T14:28:00,25458.85,25459.55,25449.15,25450.75,1711232
1772009940,2026-02-25T14:29:00,25450.0,25455.7,25448.55,25448.55,1253080
1772010000,2026-02-25T14:30:00,25449.5,25457.95,25449.5,25457.95,1327995
1772010060,2026-02-25T14:31:00,25458.4,25480.85,25458.4,25473.75,1170675
1772010120,2026-02-25T14:32:00,25474.0,25476.8,25470.95,25471.75,600061
1772010180,2026-02-25T14:33:00,25471.9,25475.75,25468.7,25471.95,545351
1772010240,2026-02-25T14:34:00,25471.85,25476.85,25471.1,25475.7,752195
1772010300,2026-02-25T14:35:00,25476.35,25482.1,25474.9,25481.55,1051633
1772010360,2026-02-25T14:36:00,25481.25,25481.8,25475.95,25478.3,781826
1772010420,2026-02-25T14:37:00,25479.0,25482.15,25476.9,25478.35,978702
1772010480,2026-02-25T14:38:00,25478.75,25482.6,25476.85,25479.6,6541838
1772010540,2026-02-25T14:39:00,25479.35,25480.55,25475.0,25477.95,1016263
1772010600,2026-02-25T14:40:00,25478.25,25478.6,25473.15,25474.3,771985
1772010660,2026-02-25T14:41:00,25473.95,25477.45,25470.25,25475.5,976667
1772010720,2026-02-25T14:42:00,25475.1,25475.75,25459.3,25460.15,1197696
1772010780,2026-02-25T14:43:00,25461.2,25467.55,25457.95,25460.25,1266599
1772010840,2026-02-25T14:44:00,25461.65,25471.55,25460.85,25471.45,957073
1772010900,2026-02-25T14:45:00,25471.6,25473.35,25466.65,25466.75,933180
1772010960,2026-02-25T14:46:00,25467.25,25467.65,25454.15,25457.9,1495768
1772011020,2026-02-25T14:47:00,25458.65,25461.7,25455.05,25455.6,930760
1772011080,2026-02-25T14:48:00,25455.85,25458.3,25447.8,25447.8,735451
1772011140,2026-02-25T14:49:00,25448.7,25455.0,25446.15,25450.35,884922
1772011200,2026-02-25T14:50:00,25451.05,25455.45,25448.6,25450.9,767381
1772011260,2026-02-25T14:51:00,25450.9,25451.7,25446.6,25449.55,890884
1772011320,2026-02-25T14:52:00,25449.8,25451.35,25441.45,25443.3,929646
1772011380,2026-02-25T14:53:00,25443.4,25446.45,25439.95,25445.35,847776
1772011440,2026-02-25T14:54:00,25445.55,25460.7,25445.55,25458.35,944998
1772011500,2026-02-25T14:55:00,25459.6,25473.55,25459.6,25466.05,1003699
1772011560,2026-02-25T14:56:00,25466.35,25468.45,25461.25,25461.8,817131
1772011620,2026-02-25T14:57:00,25461.9,25462.7,25452.6,25459.45,945467
1772011680,2026-02-25T14:58:00,25460.85,25466.45,25459.25,25461.85,902195
1772011740,2026-02-25T14:59:00,25462.9,25471.25,25458.8,25468.25,907945
1772011800,2026-02-25T15:00:00,25469.8,25502.0,25469.8,25501.5,2799908
1772011860,2026-02-25T15:01:00,25500.95,25500.95,25485.15,25495.75,2404182
1772011920,2026-02-25T15:02:00,25495.6,25504.1,25495.35,25503.15,2194855
1772011980,2026-02-25T15:03:00,25503.1,25505.45,25497.6,25504.2,3632713
1772012040,2026-02-25T15:04:00,25504.15,25506.55,25499.9,25501.0,1789444
1772012100,2026-02-25T15:05:00,25499.9,25499.9,25483.95,25485.05,2354778
1772012160,2026-02-25T15:06:00,25484.7,25487.95,25483.55,25487.0,1615048
1772012220,2026-02-25T15:07:00,25486.75,25497.9,25486.75,25497.9,2127089
1772012280,2026-02-25T15:08:00,25496.9,25501.4,25488.75,25488.85,1872897
1772012340,2026-02-25T15:09:00,25487.55,25489.4,25480.25,25483.35,5106145
1772012400,2026-02-25T15:10:00,25482.7,25485.75,25478.55,25480.15,1904873
1772012460,2026-02-25T15:11:00,25478.65,25479.9,25469.5,25472.0,1897460
1772012520,2026-02-25T15:12:00,25471.7,25478.4,25471.7,25477.7,2231346
1772012580,2026-02-25T15:13:00,25477.75,25481.8,25474.15,25479.4,1899005
1772012640,2026-02-25T15:14:00,25479.8,25480.15,25473.25,25478.5,2076448
1772012700,2026-02-25T15:15:00,25477.05,25482.3,25476.5,25482.3,2235951
1772012760,2026-02-25T15:16:00,25482.55,25485.2,25476.1,25478.95,1906919
1772012820,2026-02-25T15:17:00,25479.05,25482.6,25478.15,25478.45,2744376
1772012880,2026-02-25T15:18:00,25479.1,25479.85,25473.1,25476.35,2491385
1772012940,2026-02-25T15:19:00,25477.3,25482.25,25475.05,25481.4,2375262
1772013000,2026-02-25T15:20:00,25481.25,25482.8,25477.1,25477.95,2495019
1772013060,2026-02-25T15:21:00,25477.5,25479.0,25474.0,25474.75,2668143
1772013120,2026-02-25T15:22:00,25475.85,25478.8,25473.8,25477.15,1932131
1772013180,2026-02-25T15:23:00,25477.1,25482.35,25476.35,25480.0,2545555
1772013240,2026-02-25T15:24:00,25479.9,25481.35,25474.3,25475.05,2624590
1772013300,2026-02-25T15:25:00,25475.85,25486.85,25475.4,25483.6,2748168
1772013360,2026-02-25T15:26:00,25482.95,25486.1,25480.3,25485.05,2044208
1772013420,2026-02-25T15:27:00,25483.75,25485.5,25482.2,25485.45,2109053
1772013480,2026-02-25T15:28:00,25485.7,25488.25,25479.1,25482.25,2229760
1772013540,2026-02-25T15:29:00,25482.75,25486.85,25471.05,25478.65,1793999
1772077500,2026-02-26T09:15:00,25556.3,25567.6,25524.25,25565.65,8418766
1772077560,2026-02-26T09:16:00,25563.8,25564.55,25538.95,25540.7,4117397
1772077620,2026-02-26T09:17:00,25537.5,25547.35,25529.4,25546.0,2959990
1772077680,2026-02-26T09:18:00,25542.35,25550.3,25528.5,25528.55,2337426
1772077740,2026-02-26T09:19:00,25527.95,25542.85,25527.45,25535.1,1728352
1772077800,2026-02-26T09:20:00,25534.3,25543.1,25532.15,25532.15,2335398
1772077860,2026-02-26T09:21:00,25531.8,25532.9,25508.1,25508.3,1845996
1772077920,2026-02-26T09:22:00,25507.05,25508.35,25488.95,25501.75,2044744
1772077980,2026-02-26T09:23:00,25501.3,25512.45,25501.3,25511.7,1534998
1772078040,2026-02-26T09:24:00,25510.85,25514.25,25496.3,25498.45,1446968
1772078100,2026-02-26T09:25:00,25499.1,25509.4,25487.85,25488.95,1380652
1772078160,2026-02-26T09:26:00,25489.15,25506.45,25489.15,25501.9,1310261
1772078220,2026-02-26T09:27:00,25501.25,25515.55,25499.4,25515.55,1035176
1772078280,2026-02-26T09:28:00,25515.55,25519.0,25499.5,25505.7,874360
1772078340,2026-02-26T09:29:00,25506.85,25509.9,25493.75,25504.45,1129494
1772078400,2026-02-26T09:30:00,25505.15,25515.75,25499.25,25513.95,1166213
1772078460,2026-02-26T09:31:00,25515.05,25516.2,25492.1,25498.35,1171623
1772078520,2026-02-26T09:32:00,25498.9,25507.15,25494.55,25506.3,847096
1772078580,2026-02-26T09:33:00,25506.85,25511.5,25501.75,25511.5,962040
1772078640,2026-02-26T09:34:00,25511.05,25519.7,25508.4,25518.8,721185
1772078700,2026-02-26T09:35:00,25518.85,25524.25,25516.4,25522.35,1051209
1772078760,2026-02-26T09:36:00,25521.6,25532.8,25521.1,25531.6,1403792
1772078820,2026-02-26T09:37:00,25530.75,25536.15,25528.75,25535.5,1198970
1772078880,2026-02-26T09:38:00,25535.35,25544.35,25535.35,25543.55,1057521
1772078940,2026-02-26T09:39:00,25542.85,25547.45,25541.2,25545.0,762025
1772079000,2026-02-26T09:40:00,25543.3,25556.3,25543.3,25556.3,1158422
1772079060,2026-02-26T09:41:00,25555.6,25556.05,25538.8,25540.35,1008808
1772079120,2026-02-26T09:42:00,25540.25,25545.15,25539.0,25543.05,865083
1772079180,2026-02-26T09:43:00,25542.4,25553.6,25540.4,25553.6,791189
1772079240,2026-02-26T09:44:00,25552.55,25555.9,25548.25,25555.9,974938
1772079300,2026-02-26T09:45:00,25555.3,25565.6,25555.3,25564.5,741516
1772079360,2026-02-26T09:46:00,25562.6,25563.3,25547.7,25550.8,1198894
1772079420,2026-02-26T09:47:00,25549.55,25557.5,25547.05,25550.9,658805
1772079480,2026-02-26T09:48:00,25549.05,25562.35,25548.05,25561.4,1705995
1772079540,2026-02-26T09:49:00,25561.35,25563.45,25555.55,25557.2,728585
1772079600,2026-02-26T09:50:00,25557.3,25559.45,25551.4,25552.95,716004
1772079660,2026-02-26T09:51:00,25552.3,25552.9,25543.65,25544.6,934101
1772079720,2026-02-26T09:52:00,25543.35,25547.75,25541.95,25544.0,766606
1772079780,2026-02-26T09:53:00,25542.95,25542.95,25530.55,25533.75,750898
1772079840,2026-02-26T09:54:00,25532.6,25533.3,25508.2,25510.6,1424437
1772079900,2026-02-26T09:55:00,25509.8,25512.55,25500.1,25510.65,976599
1772079960,2026-02-26T09:56:00,25510.4,25518.4,25510.4,25513.9,1513832
1772080020,2026-02-26T09:57:00,25513.05,25520.6,25512.75,25515.6,743813
1772080080,2026-02-26T09:58:00,25514.0,25517.15,25507.95,25507.95,482170
1772080140,2026-02-26T09:59:00,25507.65,25518.35,25504.45,25518.35,397269
1772080200,2026-02-26T10:00:00,25517.95,25523.05,25516.75,25522.45,563071
1772080260,2026-02-26T10:01:00,25522.15,25531.65,25519.45,25531.65,497330
1772080320,2026-02-26T10:02:00,25530.8,25535.1,25524.95,25529.5,791280
1772080380,2026-02-26T10:03:00,25529.05,25539.25,25528.9,25538.8,723752
1772080440,2026-02-26T10:04:00,25538.05,25543.8,25535.8,25543.8,615403
1772080500,2026-02-26T10:05:00,25543.25,25551.85,25540.25,25551.85,1025119
1772080560,2026-02-26T10:06:00,25550.65,25560.3,25549.45,25560.3,548995
1772080620,2026-02-26T10:07:00,25559.05,25563.2,25559.05,25561.35,528606
1772080680,2026-02-26T10:08:00,25560.45,25562.5,25556.25,25559.15,558629
1772080740,2026-02-26T10:09:00,25559.1,25563.3,25552.55,25563.3,1204278
1772080800,2026-02-26T10:10:00,25561.95,25570.5,25561.95,25569.8,391324
1772080860,2026-02-26T10:11:00,25570.05,25572.95,25557.95,25558.85,777843
1772080920,2026-02-26T10:12:00,25558.25,25563.65,25556.25,25561.7,511504
1772080980,2026-02-26T10:13:00,25560.8,25565.1,25558.25,25561.5,1100554
1772081040,2026-02-26T10:14:00,25561.35,25562.55,25556.8,25558.25,411333
1772081100,2026-02-26T10:15:00,25558.6,25560.15,25551.85,25553.9,688129
1772081160,2026-02-26T10:16:00,25553.55,25554.2,25544.5,25548.5,619814
1772081220,2026-02-26T10:17:00,25547.6,25554.0,25547.1,25552.15,550539
1772081280,2026-02-26T10:18:00,25552.4,25559.75,25552.1,25559.75,1079216
1772081340,2026-02-26T10:19:00,25558.8,25562.0,25555.65,25560.75,709757
1772081400,2026-02-26T10:20:00,25560.55,25561.7,25549.4,25551.1,639072
1772081460,2026-02-26T10:21:00,25548.9,25550.75,25541.25,25543.9,886333
1772081520,2026-02-26T10:22:00,25544.9,25548.6,25538.35,25539.05,914340
1772081580,2026-02-26T10:23:00,25538.7,25543.85,25534.8,25543.85,1242467
1772081640,2026-02-26T10:24:00,25543.7,25545.35,25537.2,25538.4,878292
1772081700,2026-02-26T10:25:00,25537.65,25539.65,25533.9,25539.65,975067
1772081760,2026-02-26T10:26:00,25539.6,25547.35,25537.9,25546.8,842287
1772081820,2026-02-26T10:27:00,25546.75,25550.25,25542.95,25547.65,1341534
1772081880,2026-02-26T10:28:00,25547.05,25547.5,25533.4,25534.05,687022
1772081940,2026-02-26T10:29:00,25532.6,25532.6,25519.55,25526.95,783457
1772082000,2026-02-26T10:30:00,25526.55,25532.35,25524.2,25527.7,631741
1772082060,2026-02-26T10:31:00,25526.35,25532.05,25523.55,25530.65,614493
1772082120,2026-02-26T10:32:00,25529.55,25533.9,25528.45,25529.65,480069
1772082180,2026-02-26T10:33:00,25528.75,25535.45,25526.1,25535.45,885889
1772082240,2026-02-26T10:34:00,25534.25,25544.35,25533.75,25536.6,989810
1772082300,2026-02-26T10:35:00,25538.95,25542.3,25528.5,25531.4,692862
1772082360,2026-02-26T10:36:00,25531.45,25533.8,25527.3,25529.45,884051
1772082420,2026-02-26T10:37:00,25529.75,25536.35,25525.7,25533.45,1345623
1772082480,2026-02-26T10:38:00,25533.1,25534.7,25523.85,25526.75,885368
1772082540,2026-02-26T10:39:00,25525.95,25529.3,25523.2,25529.3,748552
1772082600,2026-02-26T10:40:00,25527.6,25529.9,25522.15,25524.75,990065
1772082660,2026-02-26T10:41:00,25523.4,25527.8,25521.55,25527.05,597302
1772082720,2026-02-26T10:42:00,25527.65,25535.35,25523.95,25535.35,844193
1772082780,2026-02-26T10:43:00,25535.2,25539.85,25528.15,25537.35,995851
1772082840,2026-02-26T10:44:00,25536.25,25537.85,25528.2,25531.8,726343
1772082900,2026-02-26T10:45:00,25532.8,25534.85,25527.1,25531.1,659228
1772082960,2026-02-26T10:46:00,25530.65,25533.05,25529.35,25532.6,555608
1772083020,2026-02-26T10:47:00,25531.45,25544.05,25530.8,25543.4,887683
1772083080,2026-02-26T10:48:00,25543.0,25545.25,25538.75,25544.9,574675
1772083140,2026-02-26T10:49:00,25544.5,25551.55,25542.9,25548.15,803657
1772083200,2026-02-26T10:50:00,25545.45,25548.05,25543.25,25545.3,635650
1772083260,2026-02-26T10:51:00,25545.1,25545.2,25539.45,25539.7,561729
1772083320,2026-02-26T10:52:00,25539.5,25542.3,25529.4,25532.3,981176
1772083380,2026-02-26T10:53:00,25532.4,25534.25,25527.25,25532.2,978750
1772083440,2026-02-26T10:54:00,25530.85,25532.9,25525.75,25525.75,783254
1772083500,2026-02-26T10:55:00,25527.15,25528.65,25519.1,25519.65,1657672
1772083560,2026-02-26T10:56:00,25518.8,25519.95,25506.75,25509.1,795867
1772083620,2026-02-26T10:57:00,25506.65,25518.25,25506.65,25517.4,684631
1772083680,2026-02-26T10:58:00,25515.9,25517.9,25511.8,25511.8,567722
1772083740,2026-02-26T10:59:00,25511.2,25514.05,25505.45,25509.95,659272
1772083800,2026-02-26T11:00:00,25506.9,25510.7,25498.25,25499.7,754874
1772083860,2026-02-26T11:01:00,25497.75,25500.95,25491.7,25500.15,802666
1772083920,2026-02-26T11:02:00,25498.85,25506.45,25494.05,25506.4,628932
1772083980,2026-02-26T11:03:00,25505.7,25518.35,25504.55,25518.35,833048
1772084040,2026-02-26T11:04:00,25517.65,25523.45,25517.65,25521.8,576681
1772084100,2026-02-26T11:05:00,25520.75,25522.55,25513.9,25516.7,479036
1772084160,2026-02-26T11:06:00,25515.5,25516.65,25511.25,25515.15,466973
1772084220,2026-02-26T11:07:00,25513.0,25518.85,25513.0,25515.7,424782
1772084280,2026-02-26T11:08:00,25513.9,25518.05,25511.75,25517.8,758015
1772084340,2026-02-26T11:09:00,25516.5,25518.4,25509.5,25513.55,563591
1772084400,2026-02-26T11:10:00,25513.25,25522.75,25509.5,25522.75,447263
1772084460,2026-02-26T11:11:00,25521.65,25526.55,25520.3,25522.9,494251
1772084520,2026-02-26T11:12:00,25521.85,25523.8,25516.4,25518.95,402227
1772084580,2026-02-26T11:13:00,25517.25,25523.0,25517.25,25523.0,571006
1772084640,2026-02-26T11:14:00,25521.75,25530.45,25521.75,25523.25,720652
1772084700,2026-02-26T11:15:00,25522.75,25526.9,25521.7,25523.7,615473
1772084760,2026-02-26T11:16:00,25523.65,25525.15,25517.45,25520.65,452918
1772084820,2026-02-26T11:17:00,25519.45,25527.7,25519.4,25527.7,610764
1772084880,2026-02-26T11:18:00,25526.45,25538.85,25526.45,25536.95,458820
1772084940,2026-02-26T11:19:00,25536.0,25537.6,25532.65,25534.45,413920
1772085000,2026-02-26T11:20:00,25533.7,25534.4,25528.3,25532.9,513859
1772085060,2026-02-26T11:21:00,25532.05,25533.5,25526.05,25532.2,436732
1772085120,2026-02-26T11:22:00,25531.8,25537.35,25531.2,25537.05,733929
1772085180,2026-02-26T11:23:00,25536.6,25537.4,25533.3,25535.4,448923
1772085240,2026-02-26T11:24:00,25533.8,25541.1,25533.8,25540.65,2345030
1772085300,2026-02-26T11:25:00,25541.4,25562.25,25539.05,25562.25,1141904
1772085360,2026-02-26T11:26:00,25561.65,25570.85,25560.25,25568.7,759239
1772085420,2026-02-26T11:27:00,25567.7,25567.7,25550.2,25554.6,986802
1772085480,2026-02-26T11:28:00,25553.0,25554.45,25539.75,25540.95,713326
1772085540,2026-02-26T11:29:00,25539.8,25542.75,25535.2,25536.75,683127
1772085600,2026-02-26T11:30:00,25535.35,25537.25,25523.85,25528.5,1233113
1772085660,2026-02-26T11:31:00,25525.3,25534.95,25523.7,25528.6,627021
1772085720,2026-02-26T11:32:00,25528.35,25530.85,25512.55,25519.9,762055
1772085780,2026-02-26T11:33:00,25519.0,25526.5,25519.0,25524.65,421522
1772085840,2026-02-26T11:34:00,25523.1,25524.7,25518.75,25521.35,525445
1772085900,2026-02-26T11:35:00,25522.1,25524.0,25517.75,25518.65,566513
1772085960,2026-02-26T11:36:00,25517.25,25518.95,25509.8,25513.85,867833
1772086020,2026-02-26T11:37:00,25513.75,25515.6,25507.85,25510.85,674343
1772086080,2026-02-26T11:38:00,25510.1,25510.8,25503.25,25506.8,889978
1772086140,2026-02-26T11:39:00,25506.35,25506.6,25495.75,25502.75,626831
1772086200,2026-02-26T11:40:00,25501.7,25501.75,25478.25,25479.9,1018542
1772086260,2026-02-26T11:41:00,25479.25,25480.3,25471.45,25479.4,1184379
1772086320,2026-02-26T11:42:00,25478.7,25479.45,25460.25,25466.5,1108156
1772086380,2026-02-26T11:43:00,25465.35,25468.2,25458.05,25463.1,1024491
1772086440,2026-02-26T11:44:00,25462.5,25466.4,25460.3,25461.35,850592
1772086500,2026-02-26T11:45:00,25460.35,25466.5,25451.5,25466.5,1165268
1772086560,2026-02-26T11:46:00,25463.6,25472.8,25463.6,25471.8,833260
1772086620,2026-02-26T11:47:00,25471.6,25477.6,25468.65,25477.6,781099
1772086680,2026-02-26T11:48:00,25477.2,25490.45,25477.2,25488.25,1103450
1772086740,2026-02-26T11:49:00,25485.25,25489.45,25480.4,25483.35,1172393
1772086800,2026-02-26T11:50:00,25483.95,25489.65,25482.6,25487.3,1099493
1772086860,2026-02-26T11:51:00,25483.35,25489.4,25482.85,25486.2,755322
1772086920,2026-02-26T11:52:00,25485.35,25490.65,25484.6,25486.8,1047526
1772086980,2026-02-26T11:53:00,25485.35,25486.75,25465.8,25467.15,1271069
1772087040,2026-02-26T11:54:00,25466.75,25469.65,25463.05,25469.65,714472
1772087100,2026-02-26T11:55:00,25468.9,25470.65,25460.9,25463.15,648879
1772087160,2026-02-26T11:56:00,25461.95,25462.6,25454.05,25455.8,653367
1772087220,2026-02-26T11:57:00,25452.65,25454.65,25446.55,25451.65,702641
1772087280,2026-02-26T11:58:00,25449.85,25457.7,25447.4,25457.7,544758
1772087340,2026-02-26T11:59:00,25457.2,25459.5,25448.65,25453.4,494059
1772087400,2026-02-26T12:00:00,25453.3,25459.15,25452.35,25457.8,585120
1772087460,2026-02-26T12:01:00,25457.6,25457.6,25450.9,25454.75,384884
1772087520,2026-02-26T12:02:00,25452.35,25472.45,25451.95,25470.55,666125
1772087580,2026-02-26T12:03:00,25468.05,25469.95,25454.55,25461.95,838460
1772087640,2026-02-26T12:04:00,25462.05,25470.2,25460.35,25470.2,538998
1772087700,2026-02-26T12:05:00,25469.75,25475.5,25469.75,25474.8,582453
1772087760,2026-02-26T12:06:00,25475.25,25476.6,25466.85,25476.6,578157
1772087820,2026-02-26T12:07:00,25476.3,25481.7,25471.4,25471.95,612617
1772087880,2026-02-26T12:08:00,25472.55,25478.5,25471.85,25477.8,838724
1772087940,2026-02-26T12:09:00,25476.1,25477.1,25468.55,25472.55,645466
1772088000,2026-02-26T12:10:00,25471.85,25475.3,25467.85,25467.85,560139
1772088060,2026-02-26T12:11:00,25469.2,25471.95,25464.1,25467.75,865818
1772088120,2026-02-26T12:12:00,25466.35,25473.1,25463.6,25473.1,771086
1772088180,2026-02-26T12:13:00,25469.15,25471.6,25458.5,25460.35,921874
1772088240,2026-02-26T12:14:00,25458.2,25462.05,25456.25,25459.3,645398
1772088300,2026-02-26T12:15:00,25458.05,25466.85,25455.9,25466.6,664743
1772088360,2026-02-26T12:16:00,25466.2,25468.5,25461.4,25461.85,630731
1772088420,2026-02-26T12:17:00,25461.55,25462.95,25455.8,25457.9,691924
1772088480,2026-02-26T12:18:00,25457.1,25459.8,25453.6,25456.75,784225
1772088540,2026-02-26T12:19:00,25455.95,25458.75,25439.45,25447.4,1726622
1772088600,2026-02-26T12:20:00,25446.7,25446.75,25436.3,25437.05,1723973
1772088660,2026-02-26T12:21:00,25436.3,25439.5,25425.65,25428.0,1270062
1772088720,2026-02-26T12:22:00,25431.6,25434.8,25407.5,25410.65,1903530
1772088780,2026-02-26T12:23:00,25410.7,25416.55,25400.95,25416.55,1584962
1772088840,2026-02-26T12:24:00,25416.15,25437.75,25416.15,25432.4,2361567
1772088900,2026-02-26T12:25:00,25432.85,25441.55,25428.5,25441.55,790683
1772088960,2026-02-26T12:26:00,25444.45,25445.45,25432.0,25435.55,611346
1772089020,2026-02-26T12:27:00,25435.35,25443.4,25431.0,25436.65,573088
1772089080,2026-02-26T12:28:00,25436.05,25437.75,25426.55,25432.55,961915
1772089140,2026-02-26T12:29:00,25430.9,25432.55,25425.25,25430.7,505988
1772089200,2026-02-26T12:30:00,25430.85,25445.4,25430.15,25441.4,1028262
1772089260,2026-02-26T12:31:00,25437.9,25443.2,25436.55,25442.15,736010
1772089320,2026-02-26T12:32:00,25438.6,25442.15,25432.1,25434.1,945881
1772089380,2026-02-26T12:33:00,25433.2,25442.75,25426.4,25437.0,758905
1772089440,2026-02-26T12:34:00,25435.1,25438.9,25431.7,25436.1,518161
1772089500,2026-02-26T12:35:00,25435.4,25441.25,25431.3,25440.0,1060418
1772089560,2026-02-26T12:36:00,25439.8,25449.7,25437.2,25441.6,808308
1772089620,2026-02-26T12:37:00,25441.05,25447.65,25438.8,25446.75,499812
1772089680,2026-02-26T12:38:00,25446.15,25448.35,25441.1,25445.95,896012
1772089740,2026-02-26T12:39:00,25445.65,25448.3,25439.45,25445.4,893319
1772089800,2026-02-26T12:40:00,25445.25,25447.1,25438.35,25445.55,816484
1772089860,2026-02-26T12:41:00,25444.85,25460.25,25442.5,25460.25,775016
1772089920,2026-02-26T12:42:00,25459.65,25460.9,25450.85,25456.5,1050514
1772089980,2026-02-26T12:43:00,25456.35,25461.15,25454.85,25458.25,1030645
1772090040,2026-02-26T12:44:00,25458.2,25460.4,25453.0,25459.95,1080871
1772090100,2026-02-26T12:45:00,25457.45,25460.7,25447.65,25449.75,736606
1772090160,2026-02-26T12:46:00,25448.6,25448.95,25441.8,25448.5,501631
1772090220,2026-02-26T12:47:00,25449.25,25454.6,25447.45,25454.6,558565
1772090280,2026-02-26T12:48:00,25454.05,25454.35,25448.55,25451.4,669664
1772090340,2026-02-26T12:49:00,25450.25,25452.6,25444.5,25452.6,724910
1772090400,2026-02-26T12:50:00,25451.55,25452.75,25439.95,25443.6,982975
1772090460,2026-02-26T12:51:00,25443.05,25448.75,25442.35,25446.9,571360
1772090520,2026-02-26T12:52:00,25444.7,25447.55,25439.9,25440.85,1061972
1772090580,2026-02-26T12:53:00,25441.25,25442.35,25434.75,25437.4,872862
1772090640,2026-02-26T12:54:00,25434.6,25436.8,25426.65,25430.75,769236
1772090700,2026-02-26T12:55:00,25432.25,25432.35,25420.9,25423.5,1346640
1772090760,2026-02-26T12:56:00,25424.85,25425.15,25414.7,25416.45,795009
1772090820,2026-02-26T12:57:00,25416.65,25423.65,25415.45,25422.15,1245590
1772090880,2026-02-26T12:58:00,25421.15,25423.6,25414.8,25420.0,804453
1772090940,2026-02-26T12:59:00,25420.0,25420.8,25412.05,25414.8,1369684
1772091000,2026-02-26T13:00:00,25415.4,25429.05,25413.75,25428.15,1024519
1772091060,2026-02-26T13:01:00,25427.1,25438.55,25427.1,25438.3,608910
1772091120,2026-02-26T13:02:00,25437.55,25439.5,25435.15,25437.0,538149
1772091180,2026-02-26T13:03:00,25436.05,25438.05,25431.3,25438.0,496870
1772091240,2026-02-26T13:04:00,25437.6,25452.25,25437.5,25451.75,1138605
1772091300,2026-02-26T13:05:00,25451.35,25453.3,25449.8,25451.8,583036
1772091360,2026-02-26T13:06:00,25451.8,25451.8,25438.25,25446.95,847485
1772091420,2026-02-26T13:07:00,25446.55,25447.8,25431.3,25432.85,1086452
1772091480,2026-02-26T13:08:00,25432.45,25438.2,25432.45,25436.75,551941
1772091540,2026-02-26T13:09:00,25435.0,25437.7,25430.5,25436.6,531543
1772091600,2026-02-26T13:10:00,25436.7,25437.4,25430.05,25435.35,531414
1772091660,2026-02-26T13:11:00,25435.65,25435.65,25427.3,25428.6,617411
1772091720,2026-02-26T13:12:00,25429.3,25435.9,25429.3,25435.05,490779
1772091780,2026-02-26T13:13:00,25434.7,25436.35,25430.75,25432.65,1526910
1772091840,2026-02-26T13:14:00,25432.85,25433.95,25427.05,25428.55,568887
1772091900,2026-02-26T13:15:00,25428.2,25430.15,25424.95,25429.9,1024135
1772091960,2026-02-26T13:16:00,25427.9,25430.8,25420.2,25420.2,1127095
1772092020,2026-02-26T13:17:00,25420.65,25422.3,25403.4,25409.4,1040750
1772092080,2026-02-26T13:18:00,25408.7,25419.8,25405.4,25419.2,675802
1772092140,2026-02-26T13:19:00,25417.0,25420.9,25414.9,25420.65,504235
1772092200,2026-02-26T13:20:00,25420.35,25422.5,25417.6,25420.0,433941
1772092260,2026-02-26T13:21:00,25419.7,25420.5,25414.1,25417.0,543606
1772092320,2026-02-26T13:22:00,25415.0,25427.85,25414.5,25427.85,690826
1772092380,2026-02-26T13:23:00,25427.65,25434.15,25427.65,25433.3,659404
1772092440,2026-02-26T13:24:00,25433.55,25438.3,25433.15,25438.05,800476
1772092500,2026-02-26T13:25:00,25437.5,25441.65,25436.45,25441.65,727342
1772092560,2026-02-26T13:26:00,25441.0,25448.0,25439.7,25448.0,946214
1772092620,2026-02-26T13:27:00,25447.9,25454.75,25446.55,25450.25,1139152
1772092680,2026-02-26T13:28:00,25449.8,25453.6,25434.6,25437.6,1651645
1772092740,2026-02-26T13:29:00,25438.05,25439.25,25432.0,25438.0,466009
1772092800,2026-02-26T13:30:00,25437.3,25440.05,25430.65,25440.05,446216
1772092860,2026-02-26T13:31:00,25439.95,25446.0,25438.45,25445.45,687706
1772092920,2026-02-26T13:32:00,25445.4,25449.3,25441.95,25443.1,699875
1772092980,2026-02-26T13:33:00,25443.0,25444.05,25432.35,25435.8,432941
1772093040,2026-02-26T13:34:00,25435.2,25437.1,25431.35,25432.85,383088
1772093100,2026-02-26T13:35:00,25434.45,25438.1,25432.8,25436.25,536433
1772093160,2026-02-26T13:36:00,25437.5,25443.15,25435.85,25442.7,423967
1772093220,2026-02-26T13:37:00,25442.55,25447.15,25440.15,25440.85,650569
1772093280,2026-02-26T13:38:00,25440.45,25441.3,25433.0,25435.25,387418
1772093340,2026-02-26T13:39:00,25435.1,25442.0,25435.1,25439.35,456946
1772093400,2026-02-26T13:40:00,25439.35,25448.15,25439.35,25440.45,482565
1772093460,2026-02-26T13:41:00,25440.15,25443.05,25435.55,25442.95,474576
1772093520,2026-02-26T13:42:00,25442.2,25445.2,25438.65,25441.7,472219
1772093580,2026-02-26T13:43:00,25439.15,25443.7,25435.1,25437.0,680278
1772093640,2026-02-26T13:44:00,25437.85,25442.0,25435.2,25438.2,625759
1772093700,2026-02-26T13:45:00,25438.05,25445.2,25437.75,25443.55,540494
1772093760,2026-02-26T13:46:00,25443.1,25443.3,25425.95,25427.1,1143261
1772093820,2026-02-26T13:47:00,25426.95,25428.8,25418.0,25419.5,1125800
1772093880,2026-02-26T13:48:00,25421.6,25425.6,25417.4,25425.6,1139948
1772093940,2026-02-26T13:49:00,25425.5,25426.1,25418.3,25418.8,854885
1772094000,2026-02-26T13:50:00,25418.65,25420.95,25415.8,25418.65,1403561
1772094060,2026-02-26T13:51:00,25417.4,25433.8,25415.1,25416.9,1534496
1772094120,2026-02-26T13:52:00,25415.9,25438.5,25415.7,25437.7,935485
1772094180,2026-02-26T13:53:00,25437.7,25444.15,25436.15,25440.7,809292
1772094240,2026-02-26T13:54:00,25439.8,25447.75,25439.8,25441.95,874921
1772094300,2026-02-26T13:55:00,25443.2,25448.8,25442.75,25448.35,892641
1772094360,2026-02-26T13:56:00,25448.85,25450.9,25442.05,25447.7,656489
1772094420,2026-02-26T13:57:00,25447.85,25449.8,25437.85,25442.05,1141696
1772094480,2026-02-26T13:58:00,25441.6,25446.95,25435.35,25437.4,985603
1772094540,2026-02-26T13:59:00,25437.45,25442.35,25431.65,25440.8,914141
1772094600,2026-02-26T14:00:00,25440.8,25443.45,25435.5,25442.95,695615
1772094660,2026-02-26T14:01:00,25442.7,25447.25,25439.1,25442.85,710694
1772094720,2026-02-26T14:02:00,25443.7,25443.7,25435.9,25439.5,666405
1772094780,2026-02-26T14:03:00,25438.25,25440.75,25422.1,25425.95,926686
1772094840,2026-02-26T14:04:00,25425.75,25429.95,25419.35,25427.45,674712
1772094900,2026-02-26T14:05:00,25425.3,25429.7,25417.05,25419.35,585333
1772094960,2026-02-26T14:06:00,25418.85,25418.85,25413.2,25414.1,735845
1772095020,2026-02-26T14:07:00,25413.9,25416.3,25408.3,25410.85,723274
1772095080,2026-02-26T14:08:00,25408.95,25431.3,25406.15,25431.3,1132636
1772095140,2026-02-26T14:09:00,25431.0,25440.35,25427.3,25439.95,476949
1772095200,2026-02-26T14:10:00,25440.1,25449.45,25438.95,25449.1,1006939
1772095260,2026-02-26T14:11:00,25448.75,25449.2,25442.75,25447.0,488089
1772095320,2026-02-26T14:12:00,25446.85,25455.45,25446.85,25455.45,828564
1772095380,2026-02-26T14:13:00,25455.25,25460.55,25446.2,25449.35,570426
1772095440,2026-02-26T14:14:00,25448.9,25455.3,25447.1,25453.45,1017580
1772095500,2026-02-26T14:15:00,25456.65,25463.05,25452.9,25461.55,645465
1772095560,2026-02-26T14:16:00,25461.5,25463.15,25450.8,25452.45,611078
1772095620,2026-02-26T14:17:00,25452.0,25455.05,25444.6,25454.55,522954
1772095680,2026-02-26T14:18:00,25453.55,25456.5,25442.2,25445.25,496102
1772095740,2026-02-26T14:19:00,25445.7,25445.8,25442.4,25445.1,366694
1772095800,2026-02-26T14:20:00,25446.7,25452.4,25445.05,25446.95,504317
1772095860,2026-02-26T14:21:00,25446.3,25450.85,25432.95,25434.8,664100
1772095920,2026-02-26T14:22:00,25435.55,25441.35,25433.8,25433.95,548568
1772095980,2026-02-26T14:23:00,25434.2,25435.7,25431.75,25434.3,593850
1772096040,2026-02-26T14:24:00,25434.15,25435.75,25428.15,25430.15,717044
1772096100,2026-02-26T14:25:00,25429.55,25436.5,25427.85,25434.25,741608
1772096160,2026-02-26T14:26:00,25434.6,25434.7,25427.4,25433.15,1109976
1772096220,2026-02-26T14:27:00,25433.2,25437.55,25427.0,25428.45,1057169
1772096280,2026-02-26T14:28:00,25428.25,25449.4,25428.25,25446.0,1309307
1772096340,2026-02-26T14:29:00,25446.3,25449.3,25437.9,25442.15,1073212
1772096400,2026-02-26T14:30:00,25441.65,25444.2,25437.45,25441.7,981264
1772096460,2026-02-26T14:31:00,25441.2,25442.5,25432.35,25436.15,1294504
1772096520,2026-02-26T14:32:00,25435.25,25449.35,25431.85,25443.75,1861110
1772096580,2026-02-26T14:33:00,25444.05,25454.0,25443.65,25448.55,1305306
1772096640,2026-02-26T14:34:00,25450.95,25462.5,25449.5,25462.45,1092664
1772096700,2026-02-26T14:35:00,25462.45,25471.95,25459.0,25462.75,671737
1772096760,2026-02-26T14:36:00,25465.3,25471.7,25461.75,25466.85,756159
1772096820,2026-02-26T14:37:00,25467.55,25476.2,25467.15,25474.25,1078980
1772096880,2026-02-26T14:38:00,25472.8,25477.8,25467.3,25472.45,1006959
1772096940,2026-02-26T14:39:00,25473.2,25478.0,25469.6,25471.25,844615
1772097000,2026-02-26T14:40:00,25473.8,25485.55,25472.1,25484.15,1532748
1772097060,2026-02-26T14:41:00,25485.25,25493.75,25483.45,25492.6,1068027
1772097120,2026-02-26T14:42:00,25493.3,25497.95,25489.6,25494.55,1256013
1772097180,2026-02-26T14:43:00,25494.6,25500.45,25492.95,25500.45,1205385
1772097240,2026-02-26T14:44:00,25501.6,25513.0,25498.35,25513.0,1728308
1772097300,2026-02-26T14:45:00,25514.8,25527.15,25505.6,25505.6,2074704
1772097360,2026-02-26T14:46:00,25505.8,25516.9,25503.7,25516.05,1622755
1772097420,2026-02-26T14:47:00,25516.05,25523.75,25511.9,25512.85,1791128
1772097480,2026-02-26T14:48:00,25513.4,25515.3,25509.35,25510.85,1899973
1772097540,2026-02-26T14:49:00,25511.3,25512.85,25507.95,25510.65,1797436
1772097600,2026-02-26T14:50:00,25510.0,25522.15,25508.8,25508.8,2326932
1772097660,2026-02-26T14:51:00,25507.85,25509.05,25495.9,25497.95,945649
1772097720,2026-02-26T14:52:00,25498.0,25499.15,25486.45,25492.65,1357141
1772097780,2026-02-26T14:53:00,25491.35,25513.9,25490.15,25511.95,1268671
1772097840,2026-02-26T14:54:00,25511.5,25512.7,25503.75,25504.55,999495
1772097900,2026-02-26T14:55:00,25504.7,25511.6,25498.3,25508.35,1610565
1772097960,2026-02-26T14:56:00,25507.85,25509.75,25492.3,25494.85,979710
1772098020,2026-02-26T14:57:00,25492.75,25506.95,25492.45,25503.05,1165659
1772098080,2026-02-26T14:58:00,25500.35,25502.2,25492.05,25494.15,801461
1772098140,2026-02-26T14:59:00,25493.7,25501.85,25492.85,25501.85,940575
1772098200,2026-02-26T15:00:00,25503.65,25522.15,25499.95,25522.15,4177955
1772098260,2026-02-26T15:01:00,25518.95,25524.85,25512.15,25513.35,2681646
1772098320,2026-02-26T15:02:00,25512.4,25512.7,25479.85,25481.8,3806069
1772098380,2026-02-26T15:03:00,25480.5,25496.6,25477.55,25495.65,2894551
1772098440,2026-02-26T15:04:00,25495.25,25505.3,25484.55,25486.0,2841903
1772098500,2026-02-26T15:05:00,25485.25,25499.75,25485.25,25499.4,2727005
1772098560,2026-02-26T15:06:00,25498.3,25506.3,25498.0,25503.75,2511558
1772098620,2026-02-26T15:07:00,25500.45,25501.7,25488.85,25489.7,2896296
1772098680,2026-02-26T15:08:00,25491.6,25505.65,25486.25,25505.15,2287304
1772098740,2026-02-26T15:09:00,25503.4,25507.25,25500.4,25503.3,2829656
1772098800,2026-02-26T15:10:00,25500.95,25504.0,25497.85,25499.35,2738679
1772098860,2026-02-26T15:11:00,25498.15,25499.35,25492.2,25493.7,2445068
1772098920,2026-02-26T15:12:00,25493.45,25503.0,25492.65,25500.5,2217288
1772098980,2026-02-26T15:13:00,25499.75,25502.45,25485.0,25487.6,2860371
1772099040,2026-02-26T15:14:00,25484.75,25487.55,25475.5,25486.15,3568690
1772099100,2026-02-26T15:15:00,25486.95,25500.45,25483.8,25500.45,3154441
1772099160,2026-02-26T15:16:00,25499.9,25500.65,25493.8,25499.15,2842227
1772099220,2026-02-26T15:17:00,25499.8,25502.3,25496.0,25496.0,2398981
1772099280,2026-02-26T15:18:00,25497.25,25497.25,25491.15,25491.15,2546578
1772099340,2026-02-26T15:19:00,25491.75,25498.0,25491.75,25496.1,2218236
1772099400,2026-02-26T15:20:00,25496.85,25503.25,25495.95,25500.65,3201181
1772099460,2026-02-26T15:21:00,25502.85,25502.85,25495.55,25496.9,3126052
1772099520,2026-02-26T15:22:00,25497.35,25497.35,25492.7,25494.25,2458812
1772099580,2026-02-26T15:23:00,25495.15,25501.15,25492.8,25498.25,3355711
1772099640,2026-02-26T15:24:00,25498.55,25499.6,25495.0,25498.6,2794080
1772099700,2026-02-26T15:25:00,25499.0,25499.8,25493.6,25494.25,3205937
1772099760,2026-02-26T15:26:00,25495.65,25495.65,25488.6,25488.7,2875647
1772099820,2026-02-26T15:27:00,25489.55,25494.5,25487.75,25492.9,2768697
1772099880,2026-02-26T15:28:00,25494.5,25495.9,25484.35,25495.9,2343779
1772099940,2026-02-26T15:29:00,25493.8,25501.85,25482.95,25493.3,1698748
1772163900,2026-02-27T09:15:00,25459.85,25476.4,25396.35,25400.65,8178129
1772163960,2026-02-27T09:16:00,25400.25,25408.75,25387.15,25405.1,4259082
1772164020,2026-02-27T09:17:00,25404.3,25410.6,25399.75,25401.25,2525884
1772164080,2026-02-27T09:18:00,25402.05,25402.1,25379.4,25382.45,1897202
1772164140,2026-02-27T09:19:00,25383.25,25406.6,25383.25,25395.4,1951683
1772164200,2026-02-27T09:20:00,25394.8,25401.05,25381.3,25400.85,1991336
1772164260,2026-02-27T09:21:00,25401.2,25413.1,25401.2,25405.2,1244686
1772164320,2026-02-27T09:22:00,25405.05,25414.75,25403.9,25412.5,1435916
1772164380,2026-02-27T09:23:00,25412.15,25415.35,25406.25,25411.45,1553600
1772164440,2026-02-27T09:24:00,25411.15,25417.3,25396.45,25399.65,1393412
1772164500,2026-02-27T09:25:00,25398.45,25417.7,25397.45,25414.7,2143257
1772164560,2026-02-27T09:26:00,25412.95,25415.0,25391.65,25395.4,1391993
1772164620,2026-02-27T09:27:00,25395.55,25396.3,25386.4,25390.9,1973355
1772164680,2026-02-27T09:28:00,25391.4,25397.15,25384.35,25386.5,1044077
1772164740,2026-02-27T09:29:00,25385.5,25386.35,25363.4,25364.55,1432480
1772164800,2026-02-27T09:30:00,25365.1,25376.25,25363.0,25374.05,1226209
1772164860,2026-02-27T09:31:00,25374.35,25375.45,25366.05,25373.25,1164434
1772164920,2026-02-27T09:32:00,25373.6,25383.55,25373.6,25377.35,1249757
1772164980,2026-02-27T09:33:00,25377.95,25383.55,25369.4,25369.85,947598
1772165040,2026-02-27T09:34:00,25369.4,25374.55,25365.5,25367.2,955908
1772165100,2026-02-27T09:35:00,25367.15,25367.9,25359.4,25361.4,1016647
1772165160,2026-02-27T09:36:00,25360.55,25361.25,25351.2,25356.1,1616042
1772165220,2026-02-27T09:37:00,25355.75,25362.3,25355.3,25357.75,1028716
1772165280,2026-02-27T09:38:00,25358.65,25367.45,25356.85,25366.2,822383
1772165340,2026-02-27T09:39:00,25365.8,25383.4,25365.8,25383.4,1414492
1772165400,2026-02-27T09:40:00,25383.1,25383.65,25372.85,25373.85,1081167
1772165460,2026-02-27T09:41:00,25374.35,25374.85,25367.95,25368.15,1070519
1772165520,2026-02-27T09:42:00,25368.0,25368.85,25358.05,25359.35,892545
1772165580,2026-02-27T09:43:00,25358.45,25366.5,25358.45,25365.5,746298
1772165640,2026-02-27T09:44:00,25364.75,25366.7,25362.85,25364.4,817407
1772165700,2026-02-27T09:45:00,25363.8,25364.35,25353.55,25354.95,850677
1772165760,2026-02-27T09:46:00,25355.05,25360.15,25351.1,25359.8,870251
1772165820,2026-02-27T09:47:00,25360.0,25360.7,25356.05,25358.4,612208
1772165880,2026-02-27T09:48:00,25357.5,25358.0,25350.5,25353.15,741775
1772165940,2026-02-27T09:49:00,25352.1,25353.7,25345.65,25347.35,1029963
1772166000,2026-02-27T09:50:00,25347.45,25347.45,25337.15,25339.6,1030124
1772166060,2026-02-27T09:51:00,25338.9,25352.2,25338.8,25351.35,756825
1772166120,2026-02-27T09:52:00,25351.4,25353.9,25342.35,25342.35,695988
1772166180,2026-02-27T09:53:00,25342.15,25342.35,25334.3,25339.8,956002
1772166240,2026-02-27T09:54:00,25340.15,25340.15,25334.95,25336.05,621965
1772166300,2026-02-27T09:55:00,25336.1,25348.15,25336.1,25344.75,840818
1772166360,2026-02-27T09:56:00,25344.3,25345.35,25341.35,25341.35,435339
1772166420,2026-02-27T09:57:00,25342.1,25342.1,25330.55,25334.2,601941
1772166480,2026-02-27T09:58:00,25333.8,25335.95,25329.7,25332.25,626149
1772166540,2026-02-27T09:59:00,25332.1,25338.0,25328.75,25330.0,1087459
1772166600,2026-02-27T10:00:00,25330.3,25332.15,25324.7,25331.4,749038
1772166660,2026-02-27T10:01:00,25331.1,25331.85,25324.3,25325.3,855144
1772166720,2026-02-27T10:02:00,25324.95,25329.8,25323.55,25329.0,593903
1772166780,2026-02-27T10:03:00,25328.55,25329.75,25322.95,25329.3,737328
1772166840,2026-02-27T10:04:00,25329.1,25334.15,25325.45,25327.25,1214905
1772166900,2026-02-27T10:05:00,25328.2,25328.2,25319.15,25320.6,652431
1772166960,2026-02-27T10:06:00,25320.15,25320.3,25311.5,25312.8,789671
1772167020,2026-02-27T10:07:00,25311.9,25323.5,25308.6,25323.5,795265
1772167080,2026-02-27T10:08:00,25322.55,25327.55,25318.5,25319.4,582440
1772167140,2026-02-27T10:09:00,25318.7,25323.55,25315.6,25320.0,545809
1772167200,2026-02-27T10:10:00,25319.7,25325.95,25318.7,25325.85,770713
1772167260,2026-02-27T10:11:00,25325.55,25332.4,25323.25,25330.95,996778
1772167320,2026-02-27T10:12:00,25331.1,25331.35,25328.6,25331.35,450739
1772167380,2026-02-27T10:13:00,25331.05,25332.5,25327.1,25327.35,746715
1772167440,2026-02-27T10:14:00,25326.85,25326.85,25319.65,25322.6,519563
1772167500,2026-02-27T10:15:00,25321.95,25324.0,25316.25,25316.25,529708
1772167560,2026-02-27T10:16:00,25316.1,25316.1,25306.9,25309.55,561096
1772167620,2026-02-27T10:17:00,25309.5,25313.85,25306.25,25307.4,499070
1772167680,2026-02-27T10:18:00,25307.35,25309.8,25305.75,25309.55,455158
1772167740,2026-02-27T10:19:00,25309.15,25310.05,25300.9,25302.8,468011
1772167800,2026-02-27T10:20:00,25303.1,25305.2,25297.6,25297.9,580382
1772167860,2026-02-27T10:21:00,25297.4,25299.25,25295.25,25297.05,520754
1772167920,2026-02-27T10:22:00,25296.25,25301.15,25292.4,25300.6,566872
1772167980,2026-02-27T10:23:00,25300.95,25316.95,25300.95,25315.25,846558
1772168040,2026-02-27T10:24:00,25314.7,25319.75,25313.2,25314.8,571969
1772168100,2026-02-27T10:25:00,25314.9,25327.05,25314.9,25326.45,745690
1772168160,2026-02-27T10:26:00,25326.2,25326.7,25322.05,25322.75,498212
1772168220,2026-02-27T10:27:00,25322.6,25322.6,25316.95,25316.95,515358
1772168280,2026-02-27T10:28:00,25316.75,25331.35,25316.5,25330.9,446360
1772168340,2026-02-27T10:29:00,25329.6,25333.0,25323.65,25324.3,512001
1772168400,2026-02-27T10:30:00,25324.35,25326.3,25319.15,25319.9,630393
1772168460,2026-02-27T10:31:00,25320.25,25330.3,25320.25,25328.8,565960
1772168520,2026-02-27T10:32:00,25328.85,25335.9,25328.1,25334.25,716692
1772168580,2026-02-27T10:33:00,25334.1,25337.05,25329.3,25330.75,604861
1772168640,2026-02-27T10:34:00,25330.9,25330.9,25326.0,25327.0,426494
1772168700,2026-02-27T10:35:00,25327.35,25333.05,25323.45,25333.05,449377
1772168760,2026-02-27T10:36:00,25332.75,25339.6,25332.2,25338.9,557115
1772168820,2026-02-27T10:37:00,25339.2,25345.8,25337.75,25345.4,557957
1772168880,2026-02-27T10:38:00,25344.8,25346.45,25338.15,25338.5,454313
1772168940,2026-02-27T10:39:00,25338.35,25339.5,25334.55,25335.3,716451
1772169000,2026-02-27T10:40:00,25335.2,25337.5,25328.15,25328.55,735399
1772169060,2026-02-27T10:41:00,25327.95,25328.9,25317.95,25319.0,561698
1772169120,2026-02-27T10:42:00,25318.2,25325.55,25318.2,25321.35,570865
1772169180,2026-02-27T10:43:00,25321.1,25321.95,25313.95,25316.55,581529
1772169240,2026-02-27T10:44:00,25317.6,25319.95,25315.25,25315.25,738223
1772169300,2026-02-27T10:45:00,25315.25,25317.7,25312.4,25313.2,593249
1772169360,2026-02-27T10:46:00,25312.45,25314.9,25309.45,25310.05,310129
1772169420,2026-02-27T10:47:00,25309.9,25319.4,25307.65,25318.7,609007
1772169480,2026-02-27T10:48:00,25318.4,25321.05,25315.0,25320.45,556431
1772169540,2026-02-27T10:49:00,25319.5,25326.65,25319.5,25322.9,608894
1772169600,2026-02-27T10:50:00,25322.9,25325.75,25317.95,25319.3,470985
1772169660,2026-02-27T10:51:00,25318.75,25324.55,25316.15,25316.45,472213
1772169720,2026-02-27T10:52:00,25316.25,25316.85,25312.85,25315.8,418225
1772169780,2026-02-27T10:53:00,25315.4,25316.2,25309.0,25310.8,579707
1772169840,2026-02-27T10:54:00,25310.05,25314.85,25308.05,25310.9,666288
1772169900,2026-02-27T10:55:00,25310.8,25318.0,25310.8,25313.1,587625
1772169960,2026-02-27T10:56:00,25313.2,25313.55,25310.35,25311.25,767404
1772170020,2026-02-27T10:57:00,25310.9,25311.35,25305.4,25307.25,501216
1772170080,2026-02-27T10:58:00,25306.5,25311.35,25306.5,25308.85,466116
1772170140,2026-02-27T10:59:00,25307.9,25309.4,25304.25,25304.65,743667
1772170200,2026-02-27T11:00:00,25305.35,25313.0,25305.15,25310.05,514708
1772170260,2026-02-27T11:01:00,25309.6,25311.8,25308.5,25311.45,887551
1772170320,2026-02-27T11:02:00,25311.3,25315.55,25310.45,25315.45,748853
1772170380,2026-02-27T11:03:00,25314.35,25321.25,25312.6,25319.6,912581
1772170440,2026-02-27T11:04:00,25319.55,25322.95,25318.15,25322.95,550483
1772170500,2026-02-27T11:05:00,25322.45,25331.7,25322.45,25324.5,965284
1772170560,2026-02-27T11:06:00,25324.5,25333.15,25323.05,25325.6,908131
1772170620,2026-02-27T11:07:00,25325.15,25329.4,25324.6,25329.3,453921
1772170680,2026-02-27T11:08:00,25328.95,25334.95,25328.9,25333.45,541952
1772170740,2026-02-27T11:09:00,25332.65,25338.2,25332.25,25336.6,580141
1772170800,2026-02-27T11:10:00,25335.55,25337.25,25329.8,25329.8,942139
1772170860,2026-02-27T11:11:00,25329.25,25332.1,25328.05,25330.0,549857
1772170920,2026-02-27T11:12:00,25328.95,25330.65,25326.15,25326.5,549070
1772170980,2026-02-27T11:13:00,25326.15,25327.4,25322.55,25327.1,644362
1772171040,2026-02-27T11:14:00,25327.4,25335.15,25327.1,25335.0,1669077
1772171100,2026-02-27T11:15:00,25334.55,25341.65,25332.7,25333.85,545289
1772171160,2026-02-27T11:16:00,25332.45,25337.0,25330.6,25335.9,436145
1772171220,2026-02-27T11:17:00,25335.2,25335.45,25331.95,25333.6,498378
1772171280,2026-02-27T11:18:00,25333.5,25335.35,25327.05,25327.8,614944
1772171340,2026-02-27T11:19:00,25327.3,25327.55,25322.5,25325.35,855164
1772171400,2026-02-27T11:20:00,25325.55,25327.05,25322.1,25325.65,580298
1772171460,2026-02-27T11:21:00,25325.0,25325.0,25318.5,25323.15,466658
1772171520,2026-02-27T11:22:00,25323.9,25325.35,25320.7,25320.95,610411
1772171580,2026-02-27T11:23:00,25320.8,25321.05,25312.3,25313.55,671917
1772171640,2026-02-27T11:24:00,25313.6,25322.6,25312.9,25319.25,466390
1772171700,2026-02-27T11:25:00,25319.25,25321.2,25315.45,25316.1,460622
1772171760,2026-02-27T11:26:00,25315.5,25315.95,25307.75,25309.3,742974
1772171820,2026-02-27T11:27:00,25309.2,25309.85,25303.65,25305.25,588175
1772171880,2026-02-27T11:28:00,25305.35,25309.2,25302.8,25307.85,689407
1772171940,2026-02-27T11:29:00,25308.25,25311.6,25306.75,25306.85,488371
1772172000,2026-02-27T11:30:00,25307.9,25308.75,25300.5,25300.5,518179
1772172060,2026-02-27T11:31:00,25300.9,25304.0,25295.45,25297.35,1319234
1772172120,2026-02-27T11:32:00,25296.9,25297.3,25291.75,25294.0,530744
1772172180,2026-02-27T11:33:00,25293.9,25295.45,25288.4,25290.4,835227
1772172240,2026-02-27T11:34:00,25290.3,25291.25,25284.45,25284.5,658515
1772172300,2026-02-27T11:35:00,25284.55,25291.1,25281.55,25285.75,685729
1772172360,2026-02-27T11:36:00,25285.95,25286.8,25278.65,25279.45,670864
1772172420,2026-02-27T11:37:00,25279.6,25279.6,25271.75,25275.65,656732
1772172480,2026-02-27T11:38:00,25276.2,25284.25,25274.35,25283.4,590493
1772172540,2026-02-27T11:39:00,25283.65,25283.75,25280.6,25281.85,482636
1772172600,2026-02-27T11:40:00,25282.3,25292.65,25280.8,25292.0,619197
1772172660,2026-02-27T11:41:00,25292.05,25292.25,25288.85,25290.4,539117
1772172720,2026-02-27T11:42:00,25291.2,25291.35,25281.75,25282.6,868446
1772172780,2026-02-27T11:43:00,25282.55,25291.45,25279.15,25291.35,631722
1772172840,2026-02-27T11:44:00,25291.75,25296.35,25290.9,25295.1,483062
1772172900,2026-02-27T11:45:00,25295.15,25305.5,25295.15,25303.3,505747
1772172960,2026-02-27T11:46:00,25303.65,25303.8,25298.75,25300.85,368913
1772173020,2026-02-27T11:47:00,25301.1,25303.75,25300.5,25301.3,338994
1772173080,2026-02-27T11:48:00,25300.95,25301.9,25296.8,25297.7,409993
1772173140,2026-02-27T11:49:00,25297.35,25303.0,25297.35,25302.0,596482
1772173200,2026-02-27T11:50:00,25302.25,25303.3,25298.45,25298.5,386259
1772173260,2026-02-27T11:51:00,25298.7,25304.8,25297.55,25304.25,423870
1772173320,2026-02-27T11:52:00,25304.6,25314.2,25303.95,25311.3,448660
1772173380,2026-02-27T11:53:00,25310.85,25312.15,25306.85,25307.0,412656
1772173440,2026-02-27T11:54:00,25306.75,25309.4,25306.1,25306.8,593319
1772173500,2026-02-27T11:55:00,25306.45,25311.2,25306.45,25310.2,496235
1772173560,2026-02-27T11:56:00,25309.95,25311.75,25302.05,25302.05,595524
1772173620,2026-02-27T11:57:00,25302.9,25306.5,25298.4,25304.55,630160
1772173680,2026-02-27T11:58:00,25304.6,25316.65,25304.6,25314.9,762804
1772173740,2026-02-27T11:59:00,25315.25,25317.75,25310.15,25313.4,704135
1772173800,2026-02-27T12:00:00,25313.4,25319.25,25312.55,25318.55,830040
1772173860,2026-02-27T12:01:00,25318.25,25322.35,25317.0,25319.9,476972
1772173920,2026-02-27T12:02:00,25319.3,25328.8,25319.3,25325.5,641552
1772173980,2026-02-27T12:03:00,25326.3,25327.95,25318.8,25319.1,537774
1772174040,2026-02-27T12:04:00,25319.65,25320.95,25309.85,25312.8,564631
1772174100,2026-02-27T12:05:00,25312.65,25315.75,25308.4,25308.7,573984
1772174160,2026-02-27T12:06:00,25309.5,25315.25,25309.15,25311.55,420459
1772174220,2026-02-27T12:07:00,25311.55,25312.35,25298.8,25299.0,380990
1772174280,2026-02-27T12:08:00,25298.9,25300.3,25291.9,25292.55,757303
1772174340,2026-02-27T12:09:00,25292.65,25295.3,25290.35,25293.1,494602
1772174400,2026-02-27T12:10:00,25292.7,25292.7,25287.65,25288.9,367530
1772174460,2026-02-27T12:11:00,25288.65,25296.7,25286.15,25295.4,464192
1772174520,2026-02-27T12:12:00,25294.7,25297.1,25291.85,25291.9,757217
1772174580,2026-02-27T12:13:00,25291.9,25293.85,25286.9,25287.2,525960
1772174640,2026-02-27T12:14:00,25287.45,25290.55,25284.8,25284.95,503847
1772174700,2026-02-27T12:15:00,25285.35,25288.45,25283.8,25285.6,770793
1772174760,2026-02-27T12:16:00,25285.65,25286.6,25281.45,25282.85,694098
1772174820,2026-02-27T12:17:00,25282.7,25283.9,25278.75,25283.7,556980
1772174880,2026-02-27T12:18:00,25284.1,25284.75,25282.35,25284.2,443718
1772174940,2026-02-27T12:19:00,25283.6,25285.55,25283.4,25284.55,477991
1772175000,2026-02-27T12:20:00,25284.4,25298.75,25283.9,25297.1,1109056
1772175060,2026-02-27T12:21:00,25296.65,25298.0,25284.05,25284.05,453560
1772175120,2026-02-27T12:22:00,25283.9,25283.95,25273.8,25273.8,548269
1772175180,2026-02-27T12:23:00,25274.2,25275.15,25270.05,25272.4,489920
1772175240,2026-02-27T12:24:00,25272.25,25273.9,25270.8,25272.95,398548
1772175300,2026-02-27T12:25:00,25273.2,25284.35,25273.2,25282.3,663137
1772175360,2026-02-27T12:26:00,25282.8,25294.9,25282.8,25294.9,625353
1772175420,2026-02-27T12:27:00,25295.05,25305.55,25295.05,25303.5,518588
1772175480,2026-02-27T12:28:00,25303.8,25311.6,25301.65,25310.25,468405
1772175540,2026-02-27T12:29:00,25310.55,25313.15,25299.45,25300.6,417733
1772175600,2026-02-27T12:30:00,25300.55,25301.85,25297.2,25300.1,400954
1772175660,2026-02-27T12:31:00,25299.65,25301.35,25295.95,25297.75,554337
1772175720,2026-02-27T12:32:00,25298.15,25309.05,25298.15,25304.3,694010
1772175780,2026-02-27T12:33:00,25304.35,25306.3,25300.05,25300.75,542266
1772175840,2026-02-27T12:34:00,25300.4,25300.8,25289.7,25290.9,607036
1772175900,2026-02-27T12:35:00,25290.4,25294.35,25286.8,25288.5,546269
1772175960,2026-02-27T12:36:00,25288.65,25291.1,25286.5,25288.65,521403
1772176020,2026-02-27T12:37:00,25288.5,25290.7,25285.05,25286.05,751863
1772176080,2026-02-27T12:38:00,25286.0,25290.85,25285.85,25285.95,419688
1772176140,2026-02-27T12:39:00,25285.9,25287.45,25282.25,25282.25,406297
1772176200,2026-02-27T12:40:00,25282.55,25284.5,25277.55,25278.1,394072
1772176260,2026-02-27T12:41:00,25278.15,25283.0,25276.65,25282.85,597680
1772176320,2026-02-27T12:42:00,25281.9,25286.5,25281.05,25283.65,452837
1772176380,2026-02-27T12:43:00,25282.6,25283.8,25274.7,25275.85,495496
1772176440,2026-02-27T12:44:00,25275.8,25279.85,25274.45,25277.2,1315592
1772176500,2026-02-27T12:45:00,25276.75,25283.6,25276.6,25282.95,553211
1772176560,2026-02-27T12:46:00,25283.2,25293.7,25283.2,25292.8,513707
1772176620,2026-02-27T12:47:00,25292.45,25293.6,25278.95,25279.05,465948
1772176680,2026-02-27T12:48:00,25279.2,25279.45,25273.2,25273.5,490874
1772176740,2026-02-27T12:49:00,25274.0,25283.0,25268.7,25282.25,525957
1772176800,2026-02-27T12:50:00,25282.15,25292.15,25282.15,25290.8,786966
1772176860,2026-02-27T12:51:00,25290.6,25293.35,25289.75,25290.95,398474
1772176920,2026-02-27T12:52:00,25290.7,25292.85,25288.2,25292.75,540371
1772176980,2026-02-27T12:53:00,25292.2,25295.1,25288.9,25289.4,352126
1772177040,2026-02-27T12:54:00,25288.95,25288.95,25281.25,25283.3,419030
1772177100,2026-02-27T12:55:00,25283.2,25285.55,25283.2,25283.3,382815
1772177160,2026-02-27T12:56:00,25283.7,25284.45,25277.45,25278.25,444103
1772177220,2026-02-27T12:57:00,25278.0,25278.6,25273.7,25274.95,588329
1772177280,2026-02-27T12:58:00,25275.5,25279.7,25273.85,25279.0,397796
1772177340,2026-02-27T12:59:00,25279.3,25280.75,25276.8,25276.95,550088
1772177400,2026-02-27T13:00:00,25277.15,25280.65,25274.5,25274.75,559130
1772177460,2026-02-27T13:01:00,25275.75,25283.55,25274.25,25282.05,457074
1772177520,2026-02-27T13:02:00,25282.0,25283.4,25279.0,25279.95,403255
1772177580,2026-02-27T13:03:00,25280.1,25282.45,25279.45,25279.85,354076
1772177640,2026-02-27T13:04:00,25280.45,25280.45,25277.9,25278.7,371803
1772177700,2026-02-27T13:05:00,25278.9,25287.35,25278.9,25286.6,385076
1772177760,2026-02-27T13:06:00,25286.75,25290.05,25286.05,25288.3,472986
1772177820,2026-02-27T13:07:00,25288.55,25296.85,25287.75,25296.4,503766
1772177880,2026-02-27T13:08:00,25296.45,25296.7,25292.3,25293.0,374478
1772177940,2026-02-27T13:09:00,25293.25,25294.9,25292.8,25293.05,486410
1772178000,2026-02-27T13:10:00,25293.3,25294.55,25287.35,25288.0,524493
1772178060,2026-02-27T13:11:00,25287.95,25291.8,25287.45,25291.3,922711
1772178120,2026-02-27T13:12:00,25291.3,25294.2,25290.3,25293.7,520712
1772178180,2026-02-27T13:13:00,25294.45,25295.7,25288.8,25290.85,398124
1772178240,2026-02-27T13:14:00,25290.8,25292.4,25288.3,25289.7,373099
1772178300,2026-02-27T13:15:00,25288.8,25292.95,25288.8,25291.95,588770
1772178360,2026-02-27T13:16:00,25291.7,25292.6,25286.15,25287.25,474473
1772178420,2026-02-27T13:17:00,25287.35,25288.4,25284.05,25284.95,612156
1772178480,2026-02-27T13:18:00,25284.65,25286.95,25283.55,25286.0,380469
1772178540,2026-02-27T13:19:00,25285.7,25288.9,25283.65,25284.25,452746
1772178600,2026-02-27T13:20:00,25284.0,25285.5,25283.5,25283.8,445490
1772178660,2026-02-27T13:21:00,25283.85,25289.35,25281.65,25288.35,590724
1772178720,2026-02-27T13:22:00,25288.55,25288.55,25283.75,25287.95,478869
1772178780,2026-02-27T13:23:00,25287.85,25290.7,25284.7,25285.95,428069
1772178840,2026-02-27T13:24:00,25286.3,25288.0,25285.1,25286.95,322496
1772178900,2026-02-27T13:25:00,25287.55,25297.5,25287.55,25297.3,807549
1772178960,2026-02-27T13:26:00,25297.5,25300.95,25292.95,25293.8,541566
1772179020,2026-02-27T13:27:00,25293.5,25297.2,25292.4,25292.65,405971
1772179080,2026-02-27T13:28:00,25292.8,25298.85,25291.7,25297.5,869123
1772179140,2026-02-27T13:29:00,25297.5,25300.95,25296.1,25300.75,499523
1772179200,2026-02-27T13:30:00,25300.2,25302.1,25296.5,25297.35,359729
1772179260,2026-02-27T13:31:00,25297.25,25300.0,25296.0,25297.15,471358
1772179320,2026-02-27T13:32:00,25296.8,25300.25,25296.3,25299.5,435156
1772179380,2026-02-27T13:33:00,25299.4,25300.85,25297.45,25298.6,354056
1772179440,2026-02-27T13:34:00,25298.65,25299.3,25293.0,25293.0,395343
1772179500,2026-02-27T13:35:00,25292.75,25296.35,25288.75,25295.1,468195
1772179560,2026-02-27T13:36:00,25295.15,25300.45,25290.5,25300.45,546301
1772179620,2026-02-27T13:37:00,25300.25,25307.15,25292.5,25293.1,604354
1772179680,2026-02-27T13:38:00,25293.45,25295.85,25286.95,25295.85,630378
1772179740,2026-02-27T13:39:00,25295.8,25298.25,25295.1,25296.5,476229
1772179800,2026-02-27T13:40:00,25296.35,25303.5,25295.8,25301.05,405571
1772179860,2026-02-27T13:41:00,25300.5,25311.1,25299.95,25310.8,538907
1772179920,2026-02-27T13:42:00,25310.85,25313.75,25304.05,25305.35,453430
1772179980,2026-02-27T13:43:00,25304.95,25308.8,25304.8,25306.25,340696
1772180040,2026-02-27T13:44:00,25306.4,25306.4,25299.2,25300.75,655723
1772180100,2026-02-27T13:45:00,25300.25,25305.35,25300.25,25302.75,465067
1772180160,2026-02-27T13:46:00,25302.65,25310.35,25300.95,25310.3,517967
1772180220,2026-02-27T13:47:00,25310.2,25321.25,25310.0,25321.2,599993
1772180280,2026-02-27T13:48:00,25321.1,25324.35,25316.85,25324.25,597938
1772180340,2026-02-27T13:49:00,25324.35,25328.55,25322.6,25327.65,518059
1772180400,2026-02-27T13:50:00,25327.2,25328.3,25313.2,25316.15,454960
1772180460,2026-02-27T13:51:00,25316.25,25320.35,25315.2,25315.7,491321
1772180520,2026-02-27T13:52:00,25315.3,25320.75,25312.1,25320.4,494678
1772180580,2026-02-27T13:53:00,25320.3,25320.6,25316.45,25318.55,399264
1772180640,2026-02-27T13:54:00,25318.25,25321.05,25316.6,25321.05,470752
1772180700,2026-02-27T13:55:00,25321.15,25336.75,25320.65,25336.75,752286
1772180760,2026-02-27T13:56:00,25336.45,25340.75,25336.4,25339.8,971278
1772180820,2026-02-27T13:57:00,25339.7,25341.0,25336.7,25337.8,494845
1772180880,2026-02-27T13:58:00,25338.95,25340.7,25335.55,25340.45,775437
1772180940,2026-02-27T13:59:00,25340.3,25343.95,25337.85,25343.15,537649
1772181000,2026-02-27T14:00:00,25342.6,25351.35,25342.05,25351.35,789637
1772181060,2026-02-27T14:01:00,25350.65,25352.05,25344.55,25348.0,598364
1772181120,2026-02-27T14:02:00,25347.8,25348.45,25329.55,25330.8,787600
1772181180,2026-02-27T14:03:00,25330.8,25333.2,25326.85,25330.5,645868
1772181240,2026-02-27T14:04:00,25329.75,25331.95,25323.95,25325.8,624294
1772181300,2026-02-27T14:05:00,25325.6,25327.8,25322.9,25325.15,749685
1772181360,2026-02-27T14:06:00,25324.8,25325.3,25315.7,25321.55,772956
1772181420,2026-02-27T14:07:00,25321.3,25321.55,25317.5,25319.4,522133
1772181480,2026-02-27T14:08:00,25319.05,25331.3,25317.35,25331.3,700993
1772181540,2026-02-27T14:09:00,25331.4,25332.45,25326.3,25332.0,572221
1772181600,2026-02-27T14:10:00,25331.95,25340.3,25331.75,25336.55,537258
1772181660,2026-02-27T14:11:00,25336.3,25337.45,25331.2,25332.95,439071
1772181720,2026-02-27T14:12:00,25332.8,25333.55,25328.15,25328.65,414103
1772181780,2026-02-27T14:13:00,25329.05,25329.3,25320.2,25322.45,1093696
1772181840,2026-02-27T14:14:00,25322.2,25324.65,25320.8,25324.55,505371
1772181900,2026-02-27T14:15:00,25324.2,25326.95,25323.65,25325.05,431933
1772181960,2026-02-27T14:16:00,25325.1,25327.35,25321.25,25323.95,531168
1772182020,2026-02-27T14:17:00,25323.15,25324.9,25320.75,25324.2,460164
1772182080,2026-02-27T14:18:00,25324.15,25324.65,25320.7,25322.55,376137
1772182140,2026-02-27T14:19:00,25321.75,25325.1,25320.95,25323.75,420145
1772182200,2026-02-27T14:20:00,25323.2,25326.05,25322.2,25325.75,484877
1772182260,2026-02-27T14:21:00,25324.65,25328.9,25323.9,25328.9,798722
1772182320,2026-02-27T14:22:00,25328.6,25328.6,25317.2,25320.9,506459
1772182380,2026-02-27T14:23:00,25320.9,25325.7,25320.15,25321.7,566400
1772182440,2026-02-27T14:24:00,25320.55,25323.4,25316.9,25318.5,542736
1772182500,2026-02-27T14:25:00,25318.65,25319.05,25313.35,25315.1,448561
1772182560,2026-02-27T14:26:00,25314.2,25316.15,25309.1,25310.55,582688
1772182620,2026-02-27T14:27:00,25309.95,25310.25,25303.05,25305.1,704278
1772182680,2026-02-27T14:28:00,25305.2,25305.3,25296.1,25298.65,688799
1772182740,2026-02-27T14:29:00,25298.65,25298.9,25291.05,25293.55,791480
1772182800,2026-02-27T14:30:00,25293.55,25295.1,25291.3,25294.1,651127
1772182860,2026-02-27T14:31:00,25294.0,25303.95,25294.0,25302.6,699768
1772182920,2026-02-27T14:32:00,25302.4,25302.55,25288.45,25289.85,609914
1772182980,2026-02-27T14:33:00,25290.05,25291.65,25287.0,25291.55,637746
1772183040,2026-02-27T14:34:00,25291.5,25294.35,25288.5,25293.95,708392
1772183100,2026-02-27T14:35:00,25293.75,25305.8,25293.7,25304.7,879728
1772183160,2026-02-27T14:36:00,25304.25,25307.45,25302.3,25306.25,579282
1772183220,2026-02-27T14:37:00,25306.25,25310.1,25302.8,25304.7,677002
1772183280,2026-02-27T14:38:00,25304.35,25305.2,25300.45,25302.45,639836
1772183340,2026-02-27T14:39:00,25301.65,25301.65,25296.55,25298.25,718867
1772183400,2026-02-27T14:40:00,25298.65,25303.35,25295.2,25295.7,850419
1772183460,2026-02-27T14:41:00,25296.3,25297.15,25289.65,25292.25,585511
1772183520,2026-02-27T14:42:00,25292.75,25297.3,25292.0,25295.35,823601
1772183580,2026-02-27T14:43:00,25295.45,25296.45,25291.2,25295.7,777666
1772183640,2026-02-27T14:44:00,25296.25,25297.4,25291.2,25293.8,568254
1772183700,2026-02-27T14:45:00,25294.1,25295.75,25290.45,25293.05,729788
1772183760,2026-02-27T14:46:00,25292.8,25293.2,25288.4,25290.15,872354
1772183820,2026-02-27T14:47:00,25290.75,25293.55,25287.8,25289.45,841354
1772183880,2026-02-27T14:48:00,25289.95,25298.15,25288.2,25298.15,985333
1772183940,2026-02-27T14:49:00,25297.95,25301.0,25292.65,25300.75,1338938
1772184000,2026-02-27T14:50:00,25301.55,25304.95,25299.35,25304.25,1475806
1772184060,2026-02-27T14:51:00,25303.6,25304.35,25301.55,25304.05,738436
1772184120,2026-02-27T14:52:00,25304.3,25304.55,25296.6,25297.8,968306
1772184180,2026-02-27T14:53:00,25296.9,25300.35,25290.5,25300.35,930437
1772184240,2026-02-27T14:54:00,25299.95,25301.0,25293.75,25300.5,843226
1772184300,2026-02-27T14:55:00,25300.55,25302.75,25295.25,25295.9,767479
1772184360,2026-02-27T14:56:00,25295.85,25301.85,25294.7,25300.9,896988
1772184420,2026-02-27T14:57:00,25301.6,25302.95,25297.3,25302.45,1118668
1772184480,2026-02-27T14:58:00,25302.45,25310.35,25301.6,25310.35,722964
1772184540,2026-02-27T14:59:00,25310.55,25314.8,25309.25,25312.4,801705
1772184600,2026-02-27T15:00:00,25309.45,25309.45,25236.95,25239.25,9022177
1772184660,2026-02-27T15:01:00,25238.55,25238.55,25217.75,25230.45,7903956
1772184720,2026-02-27T15:02:00,25230.1,25230.1,25203.85,25212.5,6614610
1772184780,2026-02-27T15:03:00,25211.7,25211.7,25185.9,25190.0,6648014
1772184840,2026-02-27T15:04:00,25189.5,25189.5,25178.6,25183.5,6886174
1772184900,2026-02-27T15:05:00,25183.55,25190.9,25160.1,25163.0,7386500
1772184960,2026-02-27T15:06:00,25162.8,25162.8,25148.45,25153.5,6520045
1772185020,2026-02-27T15:07:00,25153.25,25157.3,25145.55,25153.5,7059088
1772185080,2026-02-27T15:08:00,25152.85,25157.6,25141.3,25144.45,6019843
1772185140,2026-02-27T15:09:00,25145.15,25170.3,25143.5,25168.2,6855600
1772185200,2026-02-27T15:10:00,25167.85,25189.5,25166.6,25187.3,6595506
1772185260,2026-02-27T15:11:00,25188.5,25188.5,25179.1,25180.25,5336868
1772185320,2026-02-27T15:12:00,25180.6,25181.8,25165.75,25169.2,5555516
1772185380,2026-02-27T15:13:00,25168.7,25176.85,25167.7,25172.25,5995430
1772185440,2026-02-27T15:14:00,25171.75,25171.85,25162.7,25167.9,6319595
1772185500,2026-02-27T15:15:00,25168.8,25175.85,25166.35,25173.4,6786637
1772185560,2026-02-27T15:16:00,25172.2,25188.05,25170.35,25186.7,6965939
1772185620,2026-02-27T15:17:00,25186.1,25189.1,25175.45,25180.6,5923322
1772185680,2026-02-27T15:18:00,25180.15,25183.75,25174.15,25180.65,6715457
1772185740,2026-02-27T15:19:00,25181.35,25181.35,25169.3,25170.25,5758315
1772185800,2026-02-27T15:20:00,25170.7,25179.2,25169.45,25175.85,7434039
1772185860,2026-02-27T15:21:00,25175.45,25175.45,25169.1,25169.75,6467808
1772185920,2026-02-27T15:22:00,25170.85,25172.65,25161.95,25162.8,5968633
1772185980,2026-02-27T15:23:00,25162.55,25171.5,25159.35,25165.8,6527331
1772186040,2026-02-27T15:24:00,25167.1,25170.8,25162.35,25166.95,6964751
1772186100,2026-02-27T15:25:00,25167.3,25172.75,25165.2,25170.3,6682446
1772186160,2026-02-27T15:26:00,25170.7,25173.7,25167.35,25169.7,5982846
1772186220,2026-02-27T15:27:00,25169.8,25175.5,25163.85,25170.2,6704255
1772186280,2026-02-27T15:28:00,25172.85,25178.5,25168.55,25175.9,3554430
1772186340,2026-02-27T15:29:00,25174.05,25188.2,25173.25,25181.8,2805308
