Epoch,Timestamp,Open,High,Low,Close,Volume
1767239100,2026-01-01T09:15:00,26173.3,26195.35,26163.1,26183.5,5882195
1767239160,2026-01-01T09:16:00,26181.35,26195.15,26165.5,26194.3,2574306
1767239220,2026-01-01T09:17:00,26193.35,26193.35,26182.1,26189.55,1764882
1767239280,2026-01-01T09:18:00,26190.35,26190.35,26178.8,26179.5,1239414
1767239340,2026-01-01T09:19:00,26178.85,26178.85,26165.45,26167.8,1387303
1767239400,2026-01-01T09:20:00,26166.45,26168.35,26159.9,26163.95,1318151
1767239460,2026-01-01T09:21:00,26164.8,26177.55,26163.1,26171.9,1125813
1767239520,2026-01-01T09:22:00,26171.0,26172.85,26162.45,26162.75,1606668
1767239580,2026-01-01T09:23:00,26163.75,26164.25,26157.7,26159.55,1456147
1767239640,2026-01-01T09:24:00,26158.85,26167.45,26157.05,26161.1,1077141
1767239700,2026-01-01T09:25:00,26160.35,26165.15,26156.85,26163.05,1175175
1767239760,2026-01-01T09:26:00,26164.65,26169.6,26150.8,26152.1,985978
1767239820,2026-01-01T09:27:00,26150.95,26160.45,26149.25,26156.1,676502
1767239880,2026-01-01T09:28:00,26156.55,26177.7,26156.05,26176.6,758643
1767239940,2026-01-01T09:29:00,26177.5,26189.6,26173.2,26187.2,823563
1767240000,2026-01-01T09:30:00,26184.0,26187.9,26175.6,26187.9,1121628
1767240060,2026-01-01T09:31:00,26187.05,26188.9,26166.1,26177.9,1774121
1767240120,2026-01-01T09:32:00,26177.9,26182.3,26172.45,26175.15,1872305
1767240180,2026-01-01T09:33:00,26174.25,26182.35,26168.4,26171.8,1959303
1767240240,2026-01-01T09:34:00,26175.3,26181.75,26169.55,26180.1,1500338
1767240300,2026-01-01T09:35:00,26179.5,26185.1,26175.7,26184.15,1009970
1767240360,2026-01-01T09:36:00,26185.4,26188.95,26171.85,26172.65,763616
1767240420,2026-01-01T09:37:00,26172.45,26175.6,26162.75,26174.25,772208
1767240480,2026-01-01T09:38:00,26174.35,26176.95,26166.4,26167.45,1079868
1767240540,2026-01-01T09:39:00,26168.55,26170.65,26163.3,26167.65,1108622
1767240600,2026-01-01T09:40:00,26167.95,26175.35,26163.75,26174.55,637047
1767240660,2026-01-01T09:41:00,26174.75,26179.65,26174.1,26177.0,583959
1767240720,2026-01-01T09:42:00,26176.7,26177.7,26167.55,26168.15,1170414
1767240780,2026-01-01T09:43:00,26168.25,26186.65,26168.0,26185.55,1013245
1767240840,2026-01-01T09:44:00,26183.85,26187.95,26179.3,26181.55,724832
1767240900,2026-01-01T09:45:00,26178.25,26183.0,26169.25,26169.25,666028
1767240960,2026-01-01T09:46:00,26168.0,26173.05,26165.15,26165.65,683680
1767241020,2026-01-01T09:47:00,26163.85,26171.65,26163.25,26171.15,862690
1767241080,2026-01-01T09:48:00,26168.8,26176.85,26168.8,26174.4,916031
1767241140,2026-01-01T09:49:00,26175.05,26189.65,26174.5,26188.55,702796
1767241200,2026-01-01T09:50:00,26189.0,26194.35,26186.25,26191.6,796437
1767241260,2026-01-01T09:51:00,26191.65,26194.3,26187.55,26193.95,660040
1767241320,2026-01-01T09:52:00,26193.85,26197.0,26191.35,26194.75,673424
1767241380,2026-01-01T09:53:00,26195.2,26197.55,26186.2,26187.75,2000341
1767241440,2026-01-01T09:54:00,26186.25,26189.95,26184.3,26189.1,1375464
1767241500,2026-01-01T09:55:00,26189.8,26191.3,26182.5,26186.5,1189856
1767241560,2026-01-01T09:56:00,26186.35,26192.9,26184.7,26184.85,812845
1767241620,2026-01-01T09:57:00,26186.35,26187.1,26176.55,26176.55,1433439
1767241680,2026-01-01T09:58:00,26175.75,26177.8,26157.65,26158.5,1587480
1767241740,2026-01-01T09:59:00,26158.8,26162.6,26153.5,26157.2,921490
1767241800,2026-01-01T10:00:00,26157.45,26163.25,26155.35,26163.25,688265
1767241860,2026-01-01T10:01:00,26163.3,26170.0,26160.65,26161.0,567427
1767241920,2026-01-01T10:02:00,26160.95,26170.1,26157.95,26169.35,689512
1767241980,2026-01-01T10:03:00,26169.4,26171.3,26164.0,26166.65,957374
1767242040,2026-01-01T10:04:00,26166.05,26172.25,26164.05,26171.7,625578
1767242100,2026-01-01T10:05:00,26170.4,26175.55,26169.95,26170.9,514139
1767242160,2026-01-01T10:06:00,26173.05,26173.1,26164.85,26171.8,727090
1767242220,2026-01-01T10:07:00,26171.3,26179.1,26165.6,26177.7,562145
1767242280,2026-01-01T10:08:00,26176.75,26178.7,26173.45,26174.5,440847
1767242340,2026-01-01T10:09:00,26175.0,26176.95,26164.9,26165.85,787096
1767242400,2026-01-01T10:10:00,26166.15,26166.25,26159.15,26164.65,605067
1767242460,2026-01-01T10:11:00,26164.8,26164.8,26154.6,26154.6,554081
1767242520,2026-01-01T10:12:00,26155.4,26156.3,26147.8,26149.45,776094
1767242580,2026-01-01T10:13:00,26149.55,26152.15,26147.0,26151.4,522755
1767242640,2026-01-01T10:14:00,26150.3,26155.35,26150.25,26151.15,375356
1767242700,2026-01-01T10:15:00,26151.65,26152.15,26140.9,26145.7,653930
1767242760,2026-01-01T10:16:00,26146.45,26148.55,26137.0,26141.4,391971
1767242820,2026-01-01T10:17:00,26142.45,26144.05,26137.7,26138.85,489786
1767242880,2026-01-01T10:18:00,26139.6,26140.65,26133.9,26134.0,381712
1767242940,2026-01-01T10:19:00,26133.8,26135.4,26127.95,26132.15,449151
1767243000,2026-01-01T10:20:00,26131.7,26133.0,26127.4,26129.05,594470
1767243060,2026-01-01T10:21:00,26129.05,26131.55,26117.7,26119.8,679394
1767243120,2026-01-01T10:22:00,26119.55,26125.05,26118.75,26120.6,1606374
1767243180,2026-01-01T10:23:00,26120.2,26128.0,26118.4,26126.75,776949
1767243240,2026-01-01T10:24:00,26127.2,26137.2,26125.5,26136.35,894721
1767243300,2026-01-01T10:25:00,26135.95,26147.3,26134.1,26147.3,1530928
1767243360,2026-01-01T10:26:00,26146.65,26151.7,26145.85,26148.75,353169
1767243420,2026-01-01T10:27:00,26149.45,26155.4,26148.15,26148.85,474995
1767243480,2026-01-01T10:28:00,26147.95,26154.65,26147.25,26152.6,524783
1767243540,2026-01-01T10:29:00,26152.4,26159.75,26150.1,26157.35,400266
1767243600,2026-01-01T10:30:00,26158.7,26163.15,26156.6,26156.6,354432
1767243660,2026-01-01T10:31:00,26157.15,26159.1,26147.6,26150.1,386018
1767243720,2026-01-01T10:32:00,26148.55,26162.1,26147.8,26160.05,448869
1767243780,2026-01-01T10:33:00,26161.25,26164.95,26160.6,26164.95,384375
1767243840,2026-01-01T10:34:00,26164.75,26167.1,26162.4,26166.0,304695
1767243900,2026-01-01T10:35:00,26165.8,26172.4,26165.45,26172.4,989142
1767243960,2026-01-01T10:36:00,26170.15,26173.5,26165.55,26167.65,837895
1767244020,2026-01-01T10:37:00,26167.7,26167.95,26160.35,26162.6,545323
1767244080,2026-01-01T10:38:00,26162.45,26164.45,26159.0,26160.05,455108
1767244140,2026-01-01T10:39:00,26159.4,26165.1,26159.2,26162.1,2680637
1767244200,2026-01-01T10:40:00,26162.25,26163.45,26152.7,26152.7,797514
1767244260,2026-01-01T10:41:00,26152.75,26160.25,26149.4,26158.1,368884
1767244320,2026-01-01T10:42:00,26157.65,26161.65,26155.9,26157.55,511871
1767244380,2026-01-01T10:43:00,26156.95,26162.65,26156.15,26161.55,397724
1767244440,2026-01-01T10:44:00,26160.25,26162.9,26157.85,26161.35,355121
1767244500,2026-01-01T10:45:00,26161.1,26165.95,26160.95,26164.45,322964
1767244560,2026-01-01T10:46:00,26164.5,26173.55,26164.0,26173.55,635446
1767244620,2026-01-01T10:47:00,26173.0,26176.25,26169.8,26174.95,364457
1767244680,2026-01-01T10:48:00,26175.15,26181.05,26174.65,26176.15,351869
1767244740,2026-01-01T10:49:00,26175.55,26182.9,26174.75,26182.25,718293
1767244800,2026-01-01T10:50:00,26181.95,26185.6,26180.7,26181.9,490473
1767244860,2026-01-01T10:51:00,26182.7,26183.15,26180.1,26181.6,476750
1767244920,2026-01-01T10:52:00,26180.95,26183.2,26177.4,26181.5,641458
1767244980,2026-01-01T10:53:00,26181.4,26183.65,26179.3,26180.9,410350
1767245040,2026-01-01T10:54:00,26181.25,26184.95,26179.0,26179.5,1450891
1767245100,2026-01-01T10:55:00,26180.0,26180.7,26174.8,26177.9,963025
1767245160,2026-01-01T10:56:00,26177.55,26178.6,26174.05,26176.05,684501
1767245220,2026-01-01T10:57:00,26175.95,26176.7,26170.7,26172.8,504698
1767245280,2026-01-01T10:58:00,26173.05,26175.15,26168.1,26173.75,1376226
1767245340,2026-01-01T10:59:00,26173.6,26175.05,26168.9,26170.95,1484653
1767245400,2026-01-01T11:00:00,26171.05,26172.65,26167.6,26171.5,610016
1767245460,2026-01-01T11:01:00,26171.15,26180.65,26169.4,26177.15,1240178
1767245520,2026-01-01T11:02:00,26177.0,26180.15,26176.7,26178.8,643912
1767245580,2026-01-01T11:03:00,26177.95,26178.05,26172.45,26174.4,738836
1767245640,2026-01-01T11:04:00,26174.15,26174.55,26161.4,26164.85,1200750
1767245700,2026-01-01T11:05:00,26164.55,26173.1,26164.15,26169.35,1108518
1767245760,2026-01-01T11:06:00,26168.4,26170.15,26161.25,26165.9,1056377
1767245820,2026-01-01T11:07:00,26165.45,26168.75,26163.8,26168.45,750222
1767245880,2026-01-01T11:08:00,26167.2,26169.25,26164.55,26165.0,870153
1767245940,2026-01-01T11:09:00,26162.7,26164.9,26161.65,26164.6,1393009
1767246000,2026-01-01T11:10:00,26164.1,26165.1,26157.45,26159.9,1003276
1767246060,2026-01-01T11:11:00,26159.35,26162.0,26157.8,26161.3,949607
1767246120,2026-01-01T11:12:00,26161.65,26171.0,26159.7,26170.35,1034872
1767246180,2026-01-01T11:13:00,26169.95,26172.5,26168.25,26171.7,706239
1767246240,2026-01-01T11:14:00,26171.8,26174.3,26169.85,26170.5,1169710
1767246300,2026-01-01T11:15:00,26170.5,26170.5,26166.75,26168.85,1770144
1767246360,2026-01-01T11:16:00,26168.25,26168.7,26158.5,26163.9,658162
1767246420,2026-01-01T11:17:00,26163.8,26166.45,26161.5,26162.6,1606278
1767246480,2026-01-01T11:18:00,26163.05,26168.05,26162.2,26166.25,711466
1767246540,2026-01-01T11:19:00,26165.5,26171.55,26164.95,26170.0,790580
1767246600,2026-01-01T11:20:00,26169.95,26171.2,26166.1,26168.25,705950
1767246660,2026-01-01T11:21:00,26167.8,26175.05,26166.05,26173.2,1099761
1767246720,2026-01-01T11:22:00,26172.95,26173.75,26165.55,26165.55,1179525
1767246780,2026-01-01T11:23:00,26165.4,26169.6,26164.1,26165.7,581319
1767246840,2026-01-01T11:24:00,26165.65,26171.8,26163.7,26169.95,773005
1767246900,2026-01-01T11:25:00,26169.0,26169.75,26162.9,26163.45,570088
1767246960,2026-01-01T11:26:00,26163.2,26171.55,26161.95,26170.45,1248377
1767247020,2026-01-01T11:27:00,26169.45,26175.65,26169.45,26173.25,934290
1767247080,2026-01-01T11:28:00,26172.85,26177.75,26169.15,26170.75,835734
1767247140,2026-01-01T11:29:00,26170.35,26171.05,26164.85,26165.8,555116
1767247200,2026-01-01T11:30:00,26165.75,26167.5,26160.8,26165.0,510398
1767247260,2026-01-01T11:31:00,26164.3,26173.85,26163.95,26170.25,1175217
1767247320,2026-01-01T11:32:00,26170.25,26170.8,26162.85,26162.85,1697333
1767247380,2026-01-01T11:33:00,26162.75,26163.2,26157.35,26159.45,1411410
1767247440,2026-01-01T11:34:00,26159.25,26162.35,26158.3,26160.85,488604
1767247500,2026-01-01T11:35:00,26160.65,26162.05,26156.55,26158.65,1572720
1767247560,2026-01-01T11:36:00,26158.65,26163.65,26156.55,26160.7,888529
1767247620,2026-01-01T11:37:00,26161.0,26167.9,26159.8,26165.95,719228
1767247680,2026-01-01T11:38:00,26165.7,26167.95,26163.35,26164.25,1111523
1767247740,2026-01-01T11:39:00,26163.25,26165.6,26160.2,26161.0,918252
1767247800,2026-01-01T11:40:00,26160.55,26162.55,26158.65,26161.65,1188698
1767247860,2026-01-01T11:41:00,26160.65,26164.9,26157.1,26157.5,893692
1767247920,2026-01-01T11:42:00,26156.75,26160.55,26155.1,26155.2,643323
1767247980,2026-01-01T11:43:00,26155.3,26156.15,26148.0,26148.0,1391379
1767248040,2026-01-01T11:44:00,26148.25,26151.4,26142.6,26144.85,1153859
1767248100,2026-01-01T11:45:00,26144.1,26146.05,26142.4,26144.45,550822
1767248160,2026-01-01T11:46:00,26143.9,26146.25,26139.8,26140.65,1051469
1767248220,2026-01-01T11:47:00,26141.1,26141.15,26137.3,26139.85,723003
1767248280,2026-01-01T11:48:00,26140.0,26143.1,26139.35,26140.85,1189446
1767248340,2026-01-01T11:49:00,26141.55,26144.45,26139.25,26139.25,849914
1767248400,2026-01-01T11:50:00,26138.95,26143.6,26136.4,26138.3,703962
1767248460,2026-01-01T11:51:00,26138.65,26141.0,26135.2,26139.1,543930
1767248520,2026-01-01T11:52:00,26138.9,26145.2,26135.8,26136.8,1263107
1767248580,2026-01-01T11:53:00,26135.95,26139.8,26133.4,26137.25,722413
1767248640,2026-01-01T11:54:00,26137.2,26149.95,26136.8,26148.25,1247161
1767248700,2026-01-01T11:55:00,26147.85,26149.0,26141.9,26143.85,866571
1767248760,2026-01-01T11:56:00,26145.15,26148.15,26141.9,26144.4,608170
1767248820,2026-01-01T11:57:00,26145.2,26147.3,26141.65,26144.0,1005629
1767248880,2026-01-01T11:58:00,26144.05,26146.2,26142.6,26143.55,626801
1767248940,2026-01-01T11:59:00,26144.05,26154.1,26144.05,26151.3,447349
1767249000,2026-01-01T12:00:00,26151.15,26155.9,26150.0,26153.85,651435
1767249060,2026-01-01T12:01:00,26154.15,26158.2,26149.65,26150.85,589198
1767249120,2026-01-01T12:02:00,26150.1,26153.35,26148.25,26153.3,402469
1767249180,2026-01-01T12:03:00,26153.5,26153.95,26143.3,26144.5,677715
1767249240,2026-01-01T12:04:00,26145.2,26147.05,26139.35,26141.8,715739
1767249300,2026-01-01T12:05:00,26141.75,26144.5,26137.8,26138.6,629140
1767249360,2026-01-01T12:06:00,26138.7,26144.1,26138.7,26139.6,691040
1767249420,2026-01-01T12:07:00,26139.45,26142.35,26138.7,26139.25,1036388
1767249480,2026-01-01T12:08:00,26138.1,26139.35,26124.3,26124.5,1052086
1767249540,2026-01-01T12:09:00,26124.3,26134.0,26124.3,26130.85,798957
1767249600,2026-01-01T12:10:00,26130.0,26134.7,26129.05,26133.4,705255
1767249660,2026-01-01T12:11:00,26133.2,26136.6,26131.45,26133.75,620365
1767249720,2026-01-01T12:12:00,26134.85,26136.4,26130.65,26132.25,1653767
1767249780,2026-01-01T12:13:00,26131.0,26133.6,26129.35,26132.35,1001710
1767249840,2026-01-01T12:14:00,26130.9,26133.5,26123.95,26125.0,3372461
1767249900,2026-01-01T12:15:00,26124.35,26124.95,26118.6,26122.05,4098105
1767249960,2026-01-01T12:16:00,26121.55,26126.2,26117.55,26120.75,610197
1767250020,2026-01-01T12:17:00,26119.55,26121.2,26116.45,26119.25,502126
1767250080,2026-01-01T12:18:00,26118.45,26122.75,26113.4,26120.95,6462057
1767250140,2026-01-01T12:19:00,26119.55,26135.2,26117.65,26135.2,6244310
1767250200,2026-01-01T12:20:00,26135.4,26137.4,26128.2,26134.65,7534406
1767250260,2026-01-01T12:21:00,26133.65,26137.85,26131.4,26137.05,1856483
1767250320,2026-01-01T12:22:00,26136.3,26141.15,26134.45,26140.45,5145861
1767250380,2026-01-01T12:23:00,26140.15,26140.15,26133.75,26138.0,3069661
1767250440,2026-01-01T12:24:00,26137.1,26141.3,26135.65,26141.3,1053798
1767250500,2026-01-01T12:25:00,26140.65,26145.1,26137.45,26145.1,874537
1767250560,2026-01-01T12:26:00,26144.75,26148.1,26142.85,26147.95,903259
1767250620,2026-01-01T12:27:00,26148.1,26151.35,26146.0,26148.4,672085
1767250680,2026-01-01T12:28:00,26148.9,26152.3,26146.85,26152.3,1704805
1767250740,2026-01-01T12:29:00,26151.1,26155.9,26146.95,26150.6,784930
1767250800,2026-01-01T12:30:00,26150.15,26153.4,26144.35,26146.25,1203580
1767250860,2026-01-01T12:31:00,26145.25,26146.6,26139.05,26144.6,837891
1767250920,2026-01-01T12:32:00,26146.15,26153.0,26146.15,26152.2,1984885
1767250980,2026-01-01T12:33:00,26151.85,26153.65,26146.3,26151.45,864193
1767251040,2026-01-01T12:34:00,26150.55,26154.45,26148.4,26154.45,573132
1767251100,2026-01-01T12:35:00,26153.05,26155.35,26148.4,26151.45,930986
1767251160,2026-01-01T12:36:00,26151.25,26152.15,26145.75,26151.55,5472959
1767251220,2026-01-01T12:37:00,26150.5,26152.7,26145.45,26145.85,1502232
1767251280,2026-01-01T12:38:00,26145.1,26147.8,26136.3,26137.2,1066650
1767251340,2026-01-01T12:39:00,26136.75,26136.75,26127.25,26129.95,2162703
1767251400,2026-01-01T12:40:00,26129.55,26134.75,26126.85,26134.05,1175959
1767251460,2026-01-01T12:41:00,26133.45,26133.85,26127.5,26129.75,769236
1767251520,2026-01-01T12:42:00,26128.25,26139.0,26127.45,26139.0,542467
1767251580,2026-01-01T12:43:00,26138.85,26141.8,26136.4,26137.8,1300745
1767251640,2026-01-01T12:44:00,26137.1,26142.5,26133.7,26142.3,1219560
1767251700,2026-01-01T12:45:00,26141.6,26152.45,26140.5,26149.15,1220078
1767251760,2026-01-01T12:46:00,26150.0,26156.65,26148.5,26155.3,3008534
1767251820,2026-01-01T12:47:00,26155.4,26158.55,26152.05,26156.8,1821173
1767251880,2026-01-01T12:48:00,26155.75,26162.55,26154.8,26161.05,1387150
1767251940,2026-01-01T12:49:00,26159.9,26161.7,26155.1,26156.4,1649375
1767252000,2026-01-01T12:50:00,26156.8,26157.15,26151.85,26153.2,919455
1767252060,2026-01-01T12:51:00,26152.35,26158.25,26148.65,26151.05,1004057
1767252120,2026-01-01T12:52:00,26150.9,26154.65,26148.3,26149.6,1146586
1767252180,2026-01-01T12:53:00,26149.45,26152.05,26147.1,26148.6,599445
1767252240,2026-01-01T12:54:00,26148.55,26152.3,26147.3,26150.25,441689
1767252300,2026-01-01T12:55:00,26150.35,26153.35,26147.25,26151.9,343322
1767252360,2026-01-01T12:56:00,26151.6,26154.65,26150.95,26152.9,631598
1767252420,2026-01-01T12:57:00,26153.65,26154.95,26150.7,26153.3,375846
1767252480,2026-01-01T12:58:00,26153.2,26158.05,26152.5,26154.7,319332
1767252540,2026-01-01T12:59:00,26153.85,26154.9,26151.4,26151.6,299058
1767252600,2026-01-01T13:00:00,26152.45,26155.6,26150.6,26151.5,525496
1767252660,2026-01-01T13:01:00,26151.45,26152.95,26148.4,26149.05,238171
1767252720,2026-01-01T13:02:00,26148.35,26152.3,26147.55,26150.35,504149
1767252780,2026-01-01T13:03:00,26150.15,26154.1,26149.6,26152.7,404494
1767252840,2026-01-01T13:04:00,26152.5,26154.6,26150.05,26151.8,246648
1767252900,2026-01-01T13:05:00,26151.6,26154.05,26150.1,26150.9,456346
1767252960,2026-01-01T13:06:00,26150.3,26155.2,26150.1,26153.0,420840
1767253020,2026-01-01T13:07:00,26154.75,26157.0,26152.15,26154.8,955365
1767253080,2026-01-01T13:08:00,26154.5,26156.3,26153.25,26153.85,545253
1767253140,2026-01-01T13:09:00,26153.4,26156.8,26150.55,26155.95,338185
1767253200,2026-01-01T13:10:00,26155.8,26158.7,26153.9,26155.2,427112
1767253260,2026-01-01T13:11:00,26154.45,26154.9,26149.3,26150.85,478737
1767253320,2026-01-01T13:12:00,26150.8,26151.9,26144.35,26147.15,429888
1767253380,2026-01-01T13:13:00,26146.65,26149.8,26145.2,26147.9,288871
1767253440,2026-01-01T13:14:00,26146.65,26152.95,26146.65,26151.45,466153
1767253500,2026-01-01T13:15:00,26150.8,26158.05,26149.9,26157.25,570959
1767253560,2026-01-01T13:16:00,26157.15,26160.85,26155.6,26158.7,454136
1767253620,2026-01-01T13:17:00,26158.25,26162.15,26158.1,26161.15,497346
1767253680,2026-01-01T13:18:00,26159.8,26163.85,26157.95,26161.15,302490
1767253740,2026-01-01T13:19:00,26159.7,26167.95,26157.55,26165.45,618642
1767253800,2026-01-01T13:20:00,26164.95,26166.2,26157.25,26157.4,485323
1767253860,2026-01-01T13:21:00,26157.95,26160.25,26150.95,26152.85,634312
1767253920,2026-01-01T13:22:00,26151.5,26152.35,26140.7,26142.2,506540
1767253980,2026-01-01T13:23:00,26141.95,26141.95,26134.05,26135.15,1323131
1767254040,2026-01-01T13:24:00,26134.95,26138.2,26129.7,26130.55,746379
1767254100,2026-01-01T13:25:00,26130.5,26135.5,26130.35,26132.9,537095
1767254160,2026-01-01T13:26:00,26132.75,26140.5,26130.9,26139.75,460772
1767254220,2026-01-01T13:27:00,26139.2,26147.55,26138.8,26147.1,476298
1767254280,2026-01-01T13:28:00,26147.9,26152.0,26146.4,26150.95,745473
1767254340,2026-01-01T13:29:00,26151.15,26157.35,26149.05,26154.45,937330
1767254400,2026-01-01T13:30:00,26155.35,26159.65,26153.3,26156.4,728204
1767254460,2026-01-01T13:31:00,26156.5,26161.35,26154.35,26154.35,792014
1767254520,2026-01-01T13:32:00,26154.45,26156.95,26152.3,26154.6,1197817
1767254580,2026-01-01T13:33:00,26154.35,26155.25,26147.5,26148.75,807903
1767254640,2026-01-01T13:34:00,26149.4,26150.05,26145.2,26146.6,619723
1767254700,2026-01-01T13:35:00,26146.85,26151.65,26146.15,26149.95,465386
1767254760,2026-01-01T13:36:00,26148.55,26154.55,26148.3,26151.95,463755
1767254820,2026-01-01T13:37:00,26152.7,26154.65,26148.8,26148.8,540594
1767254880,2026-01-01T13:38:00,26147.4,26149.1,26141.5,26144.1,611528
1767254940,2026-01-01T13:39:00,26143.9,26148.7,26141.1,26146.05,548116
1767255000,2026-01-01T13:40:00,26146.35,26147.1,26140.75,26140.8,369156
1767255060,2026-01-01T13:41:00,26141.6,26145.15,26137.95,26143.15,304512
1767255120,2026-01-01T13:42:00,26143.4,26145.0,26139.6,26142.85,464790
1767255180,2026-01-01T13:43:00,26142.85,26147.35,26141.35,26144.6,315839
1767255240,2026-01-01T13:44:00,26144.95,26148.3,26143.55,26146.8,362520
1767255300,2026-01-01T13:45:00,26146.1,26149.45,26145.9,26147.95,352876
1767255360,2026-01-01T13:46:00,26146.75,26148.2,26142.45,26142.9,492793
1767255420,2026-01-01T13:47:00,26142.9,26146.1,26139.25,26143.6,321255
1767255480,2026-01-01T13:48:00,26143.5,26148.3,26140.8,26145.7,332304
1767255540,2026-01-01T13:49:00,26145.6,26149.55,26142.9,26146.85,362252
1767255600,2026-01-01T13:50:00,26146.3,26154.45,26145.85,26148.55,391217
1767255660,2026-01-01T13:51:00,26149.6,26156.6,26148.3,26156.1,432710
1767255720,2026-01-01T13:52:00,26152.4,26161.35,26150.75,26158.1,1072300
1767255780,2026-01-01T13:53:00,26156.1,26161.3,26154.1,26157.5,720227
1767255840,2026-01-01T13:54:00,26158.35,26161.9,26157.0,26158.4,289659
1767255900,2026-01-01T13:55:00,26159.15,26162.5,26157.6,26158.75,291435
1767255960,2026-01-01T13:56:00,26157.3,26160.25,26156.35,26157.9,328833
1767256020,2026-01-01T13:57:00,26157.3,26161.35,26156.4,26160.85,319812
1767256080,2026-01-01T13:58:00,26158.95,26163.2,26154.9,26154.9,707555
1767256140,2026-01-01T13:59:00,26155.45,26159.0,26153.95,26157.4,372779
1767256200,2026-01-01T14:00:00,26157.1,26161.4,26155.4,26156.8,1144667
1767256260,2026-01-01T14:01:00,26157.45,26159.55,26153.2,26156.9,636554
1767256320,2026-01-01T14:02:00,26157.35,26163.6,26156.3,26159.55,573253
1767256380,2026-01-01T14:03:00,26158.5,26167.7,26157.4,26164.15,1516967
1767256440,2026-01-01T14:04:00,26163.4,26172.05,26163.4,26168.0,3108564
1767256500,2026-01-01T14:05:00,26169.05,26176.2,26163.2,26164.0,5013327
1767256560,2026-01-01T14:06:00,26163.95,26170.3,26163.55,26165.95,1713556
1767256620,2026-01-01T14:07:00,26166.05,26169.4,26163.25,26163.25,1319576
1767256680,2026-01-01T14:08:00,26163.8,26169.7,26163.8,26167.9,1419390
1767256740,2026-01-01T14:09:00,26166.9,26167.15,26162.6,26163.05,1118533
1767256800,2026-01-01T14:10:00,26162.6,26166.95,26160.8,26165.75,765728
1767256860,2026-01-01T14:11:00,26165.15,26169.1,26164.75,26165.25,1053304
1767256920,2026-01-01T14:12:00,26166.8,26168.15,26164.05,26164.8,531695
1767256980,2026-01-01T14:13:00,26164.9,26168.85,26163.95,26165.8,875739
1767257040,2026-01-01T14:14:00,26166.1,26170.15,26164.55,26168.0,1566585
1767257100,2026-01-01T14:15:00,26166.85,26168.2,26161.6,26163.85,991053
1767257160,2026-01-01T14:16:00,26164.45,26168.9,26163.3,26167.0,972111
1767257220,2026-01-01T14:17:00,26167.45,26171.35,26166.25,26168.15,727853
1767257280,2026-01-01T14:18:00,26168.5,26173.1,26166.3,26170.75,662697
1767257340,2026-01-01T14:19:00,26170.85,26175.1,26170.2,26171.2,433424
1767257400,2026-01-01T14:20:00,26171.05,26176.2,26169.9,26174.2,692371
1767257460,2026-01-01T14:21:00,26176.0,26178.0,26170.5,26171.3,758842
1767257520,2026-01-01T14:22:00,26171.05,26171.8,26155.3,26157.25,889637
1767257580,2026-01-01T14:23:00,26156.65,26163.0,26154.7,26158.05,1542892
1767257640,2026-01-01T14:24:00,26158.1,26164.75,26155.55,26160.95,807321
1767257700,2026-01-01T14:25:00,26160.55,26162.6,26155.9,26159.1,1531835
1767257760,2026-01-01T14:26:00,26159.55,26160.5,26156.2,26156.25,516613
1767257820,2026-01-01T14:27:00,26156.15,26158.95,26153.35,26153.85,531341
1767257880,2026-01-01T14:28:00,26154.9,26157.65,26152.75,26157.1,478459
1767257940,2026-01-01T14:29:00,26157.55,26157.55,26151.9,26152.4,493120
1767258000,2026-01-01T14:30:00,26152.15,26157.35,26152.15,26154.25,546089
1767258060,2026-01-01T14:31:00,26153.35,26156.9,26152.75,26153.3,507606
1767258120,2026-01-01T14:32:00,26155.65,26156.6,26149.3,26152.15,575174
1767258180,2026-01-01T14:33:00,26151.85,26161.65,26151.85,26159.75,1005367
1767258240,2026-01-01T14:34:00,26160.6,26164.3,26158.15,26162.5,904153
1767258300,2026-01-01T14:35:00,26162.55,26165.5,26161.25,26161.55,1184122
1767258360,2026-01-01T14:36:00,26162.1,26164.7,26161.1,26161.75,919546
1767258420,2026-01-01T14:37:00,26161.1,26165.95,26160.2,26162.8,641003
1767258480,2026-01-01T14:38:00,26163.95,26165.8,26159.3,26161.55,854289
1767258540,2026-01-01T14:39:00,26161.2,26166.25,26160.35,26164.3,1234176
1767258600,2026-01-01T14:40:00,26164.65,26166.35,26159.85,26159.85,746667
1767258660,2026-01-01T14:41:00,26159.95,26163.6,26158.2,26159.6,697964
1767258720,2026-01-01T14:42:00,26161.05,26163.55,26159.75,26160.8,918948
1767258780,2026-01-01T14:43:00,26161.3,26163.2,26157.9,26161.6,755520
1767258840,2026-01-01T14:44:00,26161.7,26164.55,26158.2,26159.65,795824
1767258900,2026-01-01T14:45:00,26160.35,26162.05,26156.8,26159.2,979588
1767258960,2026-01-01T14:46:00,26159.1,26161.6,26156.45,26159.5,707366
1767259020,2026-01-01T14:47:00,26159.75,26163.85,26157.65,26157.65,629430
1767259080,2026-01-01T14:48:00,26158.8,26160.75,26155.6,26157.0,1129948
1767259140,2026-01-01T14:49:00,26156.6,26158.3,26152.7,26154.4,2163383
1767259200,2026-01-01T14:50:00,26154.0,26154.65,26150.9,26152.75,1718328
1767259260,2026-01-01T14:51:00,26153.35,26159.4,26153.25,26158.25,1124300
1767259320,2026-01-01T14:52:00,26158.7,26162.4,26156.35,26161.5,659877
1767259380,2026-01-01T14:53:00,26161.15,26164.0,26160.35,26163.2,841668
1767259440,2026-01-01T14:54:00,26162.55,26162.9,26155.35,26155.4,842234
1767259500,2026-01-01T14:55:00,26156.05,26163.4,26155.95,26160.75,790965
1767259560,2026-01-01T14:56:00,26160.5,26162.4,26158.0,26159.25,558834
1767259620,2026-01-01T14:57:00,26159.1,26161.9,26157.8,26159.95,593970
1767259680,2026-01-01T14:58:00,26160.05,26165.8,26159.1,26164.55,799507
1767259740,2026-01-01T14:59:00,26163.35,26165.2,26158.4,26160.4,856527
1767259800,2026-01-01T15:00:00,26163.2,26166.0,26159.6,26160.85,958291
1767259860,2026-01-01T15:01:00,26163.6,26165.35,26159.65,26159.65,1163179
1767259920,2026-01-01T15:02:00,26162.1,26162.55,26149.5,26149.5,901280
1767259980,2026-01-01T15:03:00,26151.05,26151.05,26137.65,26137.65,1423981
1767260040,2026-01-01T15:04:00,26139.6,26163.95,26138.9,26161.8,1322739
1767260100,2026-01-01T15:05:00,26162.95,26162.95,26155.45,26158.85,2943990
1767260160,2026-01-01T15:06:00,26160.4,26163.45,26158.0,26160.05,1210285
1767260220,2026-01-01T15:07:00,26161.1,26163.85,26156.8,26162.85,1383017
1767260280,2026-01-01T15:08:00,26164.65,26167.15,26161.3,26165.75,1243313
1767260340,2026-01-01T15:09:00,26167.0,26168.6,26151.05,26151.7,1761285
1767260400,2026-01-01T15:10:00,26152.65,26154.15,26138.15,26139.65,1699481
1767260460,2026-01-01T15:11:00,26139.9,26143.95,26135.95,26141.7,1416882
1767260520,2026-01-01T15:12:00,26143.4,26145.55,26140.2,26145.3,2434490
1767260580,2026-01-01T15:13:00,26144.45,26146.15,26139.8,26142.2,1713123
1767260640,2026-01-01T15:14:00,26143.55,26145.85,26139.45,26142.85,1120823
1767260700,2026-01-01T15:15:00,26142.55,26143.0,26135.95,26137.35,1819972
1767260760,2026-01-01T15:16:00,26140.6,26144.1,26135.75,26140.75,1692614
1767260820,2026-01-01T15:17:00,26142.15,26142.3,26126.8,26126.8,1214651
1767260880,2026-01-01T15:18:00,26132.9,26136.6,26126.95,26133.15,2526262
1767260940,2026-01-01T15:19:00,26133.65,26146.2,26132.1,26143.6,1643240
1767261000,2026-01-01T15:20:00,26144.6,26144.85,26134.65,26141.4,1807763
1767261060,2026-01-01T15:21:00,26142.4,26144.65,26138.55,26141.2,1337283
1767261120,2026-01-01T15:22:00,26142.45,26143.65,26139.0,26141.5,1314764
1767261180,2026-01-01T15:23:00,26142.3,26145.45,26139.3,26141.6,1595140
1767261240,2026-01-01T15:24:00,26141.25,26144.5,26137.5,26138.05,2301081
1767261300,2026-01-01T15:25:00,26139.55,26141.95,26129.1,26132.4,3293430
1767261360,2026-01-01T15:26:00,26135.5,26140.25,26132.35,26136.85,1161662
1767261420,2026-01-01T15:27:00,26139.2,26145.15,26137.5,26139.15,1145818
1767261480,2026-01-01T15:28:00,26140.4,26143.55,26136.1,26138.5,1191237
1767261540,2026-01-01T15:29:00,26136.8,26142.8,26133.55,26140.25,1668399
1767325500,2026-01-02T09:15:00,26155.1,26176.2,26118.4,26171.45,10406330
1767325560,2026-01-02T09:16:00,26170.8,26180.7,26168.0,26170.05,6142670
1767325620,2026-01-02T09:17:00,26170.2,26181.75,26168.95,26172.2,4291632
1767325680,2026-01-02T09:18:00,26173.8,26175.35,26166.6,26170.45,4271100
1767325740,2026-01-02T09:19:00,26170.65,26182.65,26169.5,26181.65,2933839
1767325800,2026-01-02T09:20:00,26181.75,26192.45,26178.5,26184.6,3187880
1767325860,2026-01-02T09:21:00,26183.4,26187.4,26180.2,26184.0,2338992
1767325920,2026-01-02T09:22:00,26182.6,26196.5,26181.0,26191.9,2568102
1767325980,2026-01-02T09:23:00,26191.2,26202.35,26191.2,26199.05,1679375
1767326040,2026-01-02T09:24:00,26199.25,26201.2,26192.25,26192.45,1747147
1767326100,2026-01-02T09:25:00,26192.6,26194.7,26183.15,26187.4,1463273
1767326160,2026-01-02T09:26:00,26186.7,26194.65,26181.15,26187.25,1811972
1767326220,2026-01-02T09:27:00,26189.05,26201.3,26189.05,26199.95,1592930
1767326280,2026-01-02T09:28:00,26199.25,26207.2,26197.6,26205.75,1019813
1767326340,2026-01-02T09:29:00,26204.85,26210.4,26201.9,26208.1,1537400
1767326400,2026-01-02T09:30:00,26207.0,26208.4,26198.35,26201.9,2300666
1767326460,2026-01-02T09:31:00,26201.0,26205.7,26196.15,26203.8,968560
1767326520,2026-01-02T09:32:00,26203.6,26216.0,26203.35,26214.1,1252773
1767326580,2026-01-02T09:33:00,26213.95,26216.2,26201.55,26201.55,2149639
1767326640,2026-01-02T09:34:00,26201.85,26204.85,26197.45,26197.65,1247327
1767326700,2026-01-02T09:35:00,26199.3,26202.1,26196.4,26199.05,2114058
1767326760,2026-01-02T09:36:00,26198.35,26205.2,26195.9,26203.7,1175110
1767326820,2026-01-02T09:37:00,26202.35,26206.25,26201.8,26204.2,2057105
1767326880,2026-01-02T09:38:00,26205.05,26206.65,26200.0,26202.7,2398166
1767326940,2026-01-02T09:39:00,26202.9,26212.75,26201.9,26211.65,1965494
1767327000,2026-01-02T09:40:00,26211.75,26217.0,26210.7,26214.7,1282811
1767327060,2026-01-02T09:41:00,26213.85,26232.4,26213.25,26229.95,1430172
1767327120,2026-01-02T09:42:00,26229.65,26246.85,26229.65,26236.3,1586781
1767327180,2026-01-02T09:43:00,26236.65,26242.2,26235.8,26238.8,1046921
1767327240,2026-01-02T09:44:00,26239.5,26249.65,26238.8,26248.05,982803
1767327300,2026-01-02T09:45:00,26248.35,26250.85,26243.65,26247.3,974639
1767327360,2026-01-02T09:46:00,26246.9,26250.55,26244.95,26249.55,1093683
1767327420,2026-01-02T09:47:00,26249.0,26253.4,26248.95,26251.65,837616
1767327480,2026-01-02T09:48:00,26253.55,26257.4,26251.25,26256.25,1114202
1767327540,2026-01-02T09:49:00,26256.65,26257.1,26251.55,26253.8,1064265
1767327600,2026-01-02T09:50:00,26253.95,26260.55,26253.75,26257.5,865935
1767327660,2026-01-02T09:51:00,26258.2,26261.75,26255.35,26260.8,831227
1767327720,2026-01-02T09:52:00,26261.0,26267.85,26261.0,26267.2,1290862
1767327780,2026-01-02T09:53:00,26265.7,26269.05,26259.85,26262.65,1265834
1767327840,2026-01-02T09:54:00,26261.95,26272.85,26260.55,26268.0,795511
1767327900,2026-01-02T09:55:00,26268.3,26268.75,26260.75,26263.2,780649
1767327960,2026-01-02T09:56:00,26264.25,26268.55,26258.45,26264.85,1005301
1767328020,2026-01-02T09:57:00,26264.15,26265.95,26261.05,26262.05,940072
1767328080,2026-01-02T09:58:00,26262.55,26263.95,26257.95,26258.75,1570586
1767328140,2026-01-02T09:59:00,26258.65,26258.7,26253.55,26254.6,960981
1767328200,2026-01-02T10:00:00,26254.1,26257.8,26251.4,26253.9,1767297
1767328260,2026-01-02T10:01:00,26253.75,26256.85,26251.6,26255.4,1067693
1767328320,2026-01-02T10:02:00,26254.95,26260.4,26253.0,26258.45,813264
1767328380,2026-01-02T10:03:00,26258.2,26261.0,26252.15,26253.5,1081211
1767328440,2026-01-02T10:04:00,26252.35,26253.3,26246.5,26251.95,1145699
1767328500,2026-01-02T10:05:00,26252.6,26254.8,26248.35,26250.5,696130
1767328560,2026-01-02T10:06:00,26250.25,26254.45,26249.1,26249.1,811209
1767328620,2026-01-02T10:07:00,26249.4,26252.2,26247.75,26248.95,661339
1767328680,2026-01-02T10:08:00,26248.05,26248.95,26242.7,26243.6,991272
1767328740,2026-01-02T10:09:00,26243.9,26244.8,26239.45,26239.7,633403
1767328800,2026-01-02T10:10:00,26240.25,26246.3,26238.65,26242.5,714958
1767328860,2026-01-02T10:11:00,26243.5,26243.7,26240.2,26242.25,941154
1767328920,2026-01-02T10:12:00,26241.5,26243.85,26239.0,26242.85,637625
1767328980,2026-01-02T10:13:00,26242.6,26244.2,26240.8,26242.55,722596
1767329040,2026-01-02T10:14:00,26242.9,26255.85,26241.85,26254.65,1231596
1767329100,2026-01-02T10:15:00,26254.9,26266.2,26254.25,26262.2,1151711
1767329160,2026-01-02T10:16:00,26262.65,26265.75,26260.7,26262.85,1626781
1767329220,2026-01-02T10:17:00,26262.75,26265.15,26256.0,26258.4,1467554
1767329280,2026-01-02T10:18:00,26257.55,26257.85,26248.3,26254.4,1149487
1767329340,2026-01-02T10:19:00,26255.1,26255.1,26249.9,26251.4,836696
1767329400,2026-01-02T10:20:00,26251.65,26254.15,26250.15,26253.75,828065
1767329460,2026-01-02T10:21:00,26252.9,26256.7,26250.2,26252.3,1292918
1767329520,2026-01-02T10:22:00,26253.05,26254.45,26247.6,26248.6,1801725
1767329580,2026-01-02T10:23:00,26249.05,26250.2,26246.65,26247.65,971269
1767329640,2026-01-02T10:24:00,26248.25,26255.6,26247.05,26252.0,1380688
1767329700,2026-01-02T10:25:00,26252.25,26253.85,26247.2,26249.3,892752
1767329760,2026-01-02T10:26:00,26249.65,26252.6,26248.85,26250.35,1446405
1767329820,2026-01-02T10:27:00,26250.2,26250.65,26245.35,26248.65,808744
1767329880,2026-01-02T10:28:00,26249.55,26251.95,26245.5,26246.25,697498
1767329940,2026-01-02T10:29:00,26246.0,26250.25,26243.9,26247.1,1368003
1767330000,2026-01-02T10:30:00,26246.8,26247.45,26240.25,26243.95,814997
1767330060,2026-01-02T10:31:00,26243.0,26247.2,26242.25,26246.55,1101525
1767330120,2026-01-02T10:32:00,26246.75,26247.4,26237.25,26239.25,730779
1767330180,2026-01-02T10:33:00,26238.55,26240.15,26235.05,26238.25,770079
1767330240,2026-01-02T10:34:00,26237.65,26240.75,26235.3,26240.25,600539
1767330300,2026-01-02T10:35:00,26239.9,26246.65,26239.0,26245.25,543830
1767330360,2026-01-02T10:36:00,26244.85,26250.6,26244.8,26249.2,790786
1767330420,2026-01-02T10:37:00,26248.9,26250.0,26245.5,26247.25,674749
1767330480,2026-01-02T10:38:00,26247.9,26250.7,26245.65,26249.1,672734
1767330540,2026-01-02T10:39:00,26249.4,26255.9,26246.4,26253.5,918499
1767330600,2026-01-02T10:40:00,26254.65,26256.5,26248.75,26250.7,722948
1767330660,2026-01-02T10:41:00,26250.4,26258.25,26250.35,26257.1,1033005
1767330720,2026-01-02T10:42:00,26257.05,26259.95,26253.9,26253.9,1315431
1767330780,2026-01-02T10:43:00,26254.4,26254.8,26250.8,26252.6,1571158
1767330840,2026-01-02T10:44:00,26253.3,26254.85,26250.55,26253.65,1532050
1767330900,2026-01-02T10:45:00,26253.7,26257.05,26252.05,26255.85,1576671
1767330960,2026-01-02T10:46:00,26255.7,26257.7,26253.3,26257.35,1137977
1767331020,2026-01-02T10:47:00,26257.0,26263.0,26256.35,26262.15,1467985
1767331080,2026-01-02T10:48:00,26262.3,26264.3,26258.35,26259.7,1184727
1767331140,2026-01-02T10:49:00,26259.4,26261.8,26256.55,26261.45,885681
1767331200,2026-01-02T10:50:00,26261.35,26267.85,26260.9,26264.8,985469
1767331260,2026-01-02T10:51:00,26265.8,26265.8,26262.05,26263.95,741753
1767331320,2026-01-02T10:52:00,26263.2,26264.15,26259.45,26260.35,1083152
1767331380,2026-01-02T10:53:00,26259.85,26260.65,26257.05,26259.7,534458
1767331440,2026-01-02T10:54:00,26259.2,26261.25,26256.15,26258.3,669551
1767331500,2026-01-02T10:55:00,26258.2,26261.85,26257.35,26258.65,651931
1767331560,2026-01-02T10:56:00,26258.05,26258.8,26252.7,26255.65,563700
1767331620,2026-01-02T10:57:00,26255.25,26259.25,26254.65,26258.1,577754
1767331680,2026-01-02T10:58:00,26258.2,26259.35,26256.2,26258.65,620813
1767331740,2026-01-02T10:59:00,26258.65,26264.2,26257.65,26263.35,725254
1767331800,2026-01-02T11:00:00,26262.7,26265.05,26260.2,26261.35,532401
1767331860,2026-01-02T11:01:00,26261.0,26263.2,26257.7,26260.8,1008054
1767331920,2026-01-02T11:02:00,26260.15,26260.8,26256.05,26256.45,491039
1767331980,2026-01-02T11:03:00,26256.3,26257.2,26253.75,26255.05,706280
1767332040,2026-01-02T11:04:00,26255.55,26257.85,26253.85,26257.0,893107
1767332100,2026-01-02T11:05:00,26256.55,26260.1,26255.2,26258.3,879804
1767332160,2026-01-02T11:06:00,26257.95,26258.25,26254.05,26256.5,895823
1767332220,2026-01-02T11:07:00,26255.65,26257.5,26250.95,26252.05,1040849
1767332280,2026-01-02T11:08:00,26252.2,26253.05,26249.35,26250.7,729281
1767332340,2026-01-02T11:09:00,26249.75,26253.95,26248.05,26252.0,985270
1767332400,2026-01-02T11:10:00,26251.85,26253.75,26247.55,26252.85,585744
1767332460,2026-01-02T11:11:00,26251.5,26251.75,26244.05,26245.9,727484
1767332520,2026-01-02T11:12:00,26245.8,26252.75,26243.3,26251.0,779681
1767332580,2026-01-02T11:13:00,26250.85,26255.95,26249.85,26255.0,768450
1767332640,2026-01-02T11:14:00,26255.05,26257.7,26252.7,26254.05,822822
1767332700,2026-01-02T11:15:00,26253.3,26256.75,26253.25,26254.1,644610
1767332760,2026-01-02T11:16:00,26254.0,26256.2,26252.75,26255.85,601759
1767332820,2026-01-02T11:17:00,26255.95,26259.95,26254.1,26259.3,865049
1767332880,2026-01-02T11:18:00,26260.3,26265.5,26258.9,26264.95,638858
1767332940,2026-01-02T11:19:00,26263.85,26264.6,26260.25,26262.1,575679
1767333000,2026-01-02T11:20:00,26261.55,26265.65,26259.7,26262.85,746281
1767333060,2026-01-02T11:21:00,26263.95,26269.15,26261.25,26266.8,503685
1767333120,2026-01-02T11:22:00,26267.9,26269.0,26259.75,26260.75,711877
1767333180,2026-01-02T11:23:00,26261.85,26267.45,26260.0,26265.75,503239
1767333240,2026-01-02T11:24:00,26265.8,26269.65,26264.1,26265.6,663372
1767333300,2026-01-02T11:25:00,26265.9,26267.15,26262.7,26266.8,690389
1767333360,2026-01-02T11:26:00,26266.75,26269.95,26265.0,26266.2,850662
1767333420,2026-01-02T11:27:00,26265.7,26269.25,26264.4,26268.15,621453
1767333480,2026-01-02T11:28:00,26268.65,26274.4,26266.65,26273.45,1050015
1767333540,2026-01-02T11:29:00,26273.6,26275.05,26270.5,26273.25,973709
1767333600,2026-01-02T11:30:00,26273.35,26276.45,26270.7,26275.1,1149222
1767333660,2026-01-02T11:31:00,26275.95,26280.5,26275.05,26278.3,880251
1767333720,2026-01-02T11:32:00,26277.85,26282.6,26276.6,26276.9,646127
1767333780,2026-01-02T11:33:00,26276.4,26281.6,26275.8,26277.8,608906
1767333840,2026-01-02T11:34:00,26279.15,26286.45,26276.3,26284.55,639142
1767333900,2026-01-02T11:35:00,26284.8,26285.7,26279.35,26281.7,589654
1767333960,2026-01-02T11:36:00,26281.75,26284.15,26279.6,26281.9,1068432
1767334020,2026-01-02T11:37:00,26281.6,26285.05,26280.4,26282.3,632395
1767334080,2026-01-02T11:38:00,26283.05,26284.4,26279.85,26282.55,528848
1767334140,2026-01-02T11:39:00,26283.3,26286.6,26281.15,26284.0,632201
1767334200,2026-01-02T11:40:00,26283.85,26285.2,26276.7,26281.4,588135
1767334260,2026-01-02T11:41:00,26282.55,26285.35,26280.2,26282.65,766439
1767334320,2026-01-02T11:42:00,26283.8,26287.65,26282.2,26286.4,606473
1767334380,2026-01-02T11:43:00,26287.05,26288.85,26283.0,26288.35,666569
1767334440,2026-01-02T11:44:00,26287.9,26289.05,26282.75,26285.5,684997
1767334500,2026-01-02T11:45:00,26285.6,26287.0,26282.25,26283.95,597472
1767334560,2026-01-02T11:46:00,26284.0,26284.8,26280.9,26281.6,526750
1767334620,2026-01-02T11:47:00,26280.9,26285.0,26280.55,26284.35,662393
1767334680,2026-01-02T11:48:00,26283.75,26288.15,26283.0,26288.15,565886
1767334740,2026-01-02T11:49:00,26286.8,26291.2,26285.45,26290.2,599645
1767334800,2026-01-02T11:50:00,26289.85,26290.7,26286.95,26287.9,884940
1767334860,2026-01-02T11:51:00,26288.55,26291.45,26287.45,26288.7,613772
1767334920,2026-01-02T11:52:00,26289.65,26294.35,26288.7,26292.3,466090
1767334980,2026-01-02T11:53:00,26292.75,26294.9,26290.65,26293.1,451228
1767335040,2026-01-02T11:54:00,26293.85,26298.7,26292.0,26294.6,710601
1767335100,2026-01-02T11:55:00,26294.65,26294.8,26291.9,26292.1,562512
1767335160,2026-01-02T11:56:00,26291.85,26293.7,26288.5,26288.5,726592
1767335220,2026-01-02T11:57:00,26288.85,26289.9,26283.85,26285.25,636299
1767335280,2026-01-02T11:58:00,26284.7,26287.0,26282.3,26283.65,749124
1767335340,2026-01-02T11:59:00,26284.65,26284.65,26278.1,26280.0,533102
1767335400,2026-01-02T12:00:00,26280.7,26283.7,26278.1,26282.2,581921
1767335460,2026-01-02T12:01:00,26281.8,26283.45,26278.1,26279.75,734403
1767335520,2026-01-02T12:02:00,26279.25,26279.25,26275.05,26275.9,896521
1767335580,2026-01-02T12:03:00,26276.25,26287.7,26275.45,26287.0,1186230
1767335640,2026-01-02T12:04:00,26286.7,26288.5,26284.9,26287.1,686051
1767335700,2026-01-02T12:05:00,26287.1,26291.2,26284.55,26288.4,958656
1767335760,2026-01-02T12:06:00,26286.9,26289.7,26284.05,26286.1,525680
1767335820,2026-01-02T12:07:00,26285.9,26289.35,26284.1,26289.25,578288
1767335880,2026-01-02T12:08:00,26289.25,26289.75,26285.0,26289.45,801501
1767335940,2026-01-02T12:09:00,26288.7,26289.6,26283.75,26286.35,554353
1767336000,2026-01-02T12:10:00,26286.55,26287.4,26283.0,26285.85,519283
1767336060,2026-01-02T12:11:00,26285.35,26289.8,26282.95,26289.25,945652
1767336120,2026-01-02T12:12:00,26289.85,26289.85,26285.2,26287.55,534247
1767336180,2026-01-02T12:13:00,26287.2,26290.1,26286.2,26287.35,601131
1767336240,2026-01-02T12:14:00,26287.3,26289.25,26284.9,26287.6,688329
1767336300,2026-01-02T12:15:00,26287.1,26290.95,26283.1,26285.6,902900
1767336360,2026-01-02T12:16:00,26285.15,26285.8,26281.25,26284.2,496164
1767336420,2026-01-02T12:17:00,26284.2,26285.4,26281.0,26282.95,601921
1767336480,2026-01-02T12:18:00,26282.95,26285.25,26280.1,26280.55,650427
1767336540,2026-01-02T12:19:00,26281.05,26281.4,26277.0,26279.5,703916
1767336600,2026-01-02T12:20:00,26280.35,26285.25,26279.95,26282.4,574626
1767336660,2026-01-02T12:21:00,26282.55,26291.35,26282.1,26290.15,577695
1767336720,2026-01-02T12:22:00,26290.3,26292.65,26288.05,26292.2,751213
1767336780,2026-01-02T12:23:00,26291.4,26294.45,26288.45,26294.25,758378
1767336840,2026-01-02T12:24:00,26294.25,26296.65,26291.4,26295.35,679774
1767336900,2026-01-02T12:25:00,26295.0,26299.75,26291.9,26293.55,788565
1767336960,2026-01-02T12:26:00,26294.65,26296.35,26292.7,26295.0,697980
1767337020,2026-01-02T12:27:00,26295.8,26299.3,26293.9,26298.55,410794
1767337080,2026-01-02T12:28:00,26298.65,26299.85,26295.05,26299.3,432075
1767337140,2026-01-02T12:29:00,26299.5,26301.1,26296.75,26297.85,649098
1767337200,2026-01-02T12:30:00,26297.45,26300.15,26296.5,26299.85,543158
1767337260,2026-01-02T12:31:00,26299.25,26302.5,26297.1,26301.85,522779
1767337320,2026-01-02T12:32:00,26301.95,26306.65,26301.8,26303.6,961233
1767337380,2026-01-02T12:33:00,26302.95,26306.9,26302.1,26305.15,704131
1767337440,2026-01-02T12:34:00,26307.95,26310.9,26305.65,26309.6,636540
1767337500,2026-01-02T12:35:00,26309.75,26312.4,26308.7,26311.1,839028
1767337560,2026-01-02T12:36:00,26310.7,26311.05,26305.25,26307.55,564235
1767337620,2026-01-02T12:37:00,26307.15,26307.35,26302.65,26306.35,652153
1767337680,2026-01-02T12:38:00,26306.5,26308.95,26304.95,26304.95,871930
1767337740,2026-01-02T12:39:00,26305.05,26305.5,26302.35,26303.8,666652
1767337800,2026-01-02T12:40:00,26303.95,26309.05,26302.9,26306.95,694286
1767337860,2026-01-02T12:41:00,26306.95,26307.1,26302.75,26304.15,1003452
1767337920,2026-01-02T12:42:00,26304.05,26308.2,26304.05,26307.2,813746
1767337980,2026-01-02T12:43:00,26307.55,26308.35,26305.2,26307.05,696241
1767338040,2026-01-02T12:44:00,26307.05,26307.35,26303.05,26303.05,539083
1767338100,2026-01-02T12:45:00,26301.65,26303.6,26299.4,26302.3,534941
1767338160,2026-01-02T12:46:00,26302.35,26303.3,26299.35,26302.9,481976
1767338220,2026-01-02T12:47:00,26302.55,26304.25,26298.9,26299.2,697856
1767338280,2026-01-02T12:48:00,26298.45,26298.9,26291.7,26291.7,680485
1767338340,2026-01-02T12:49:00,26292.0,26292.55,26286.7,26289.4,654892
1767338400,2026-01-02T12:50:00,26291.05,26294.25,26288.3,26292.15,1000116
1767338460,2026-01-02T12:51:00,26291.25,26293.6,26290.05,26290.45,515170
1767338520,2026-01-02T12:52:00,26289.95,26295.25,26288.75,26295.25,394503
1767338580,2026-01-02T12:53:00,26295.1,26295.3,26289.05,26291.0,529046
1767338640,2026-01-02T12:54:00,26290.9,26292.9,26288.8,26292.5,409977
1767338700,2026-01-02T12:55:00,26291.9,26293.7,26289.1,26292.9,677742
1767338760,2026-01-02T12:56:00,26291.85,26295.85,26291.15,26294.25,656144
1767338820,2026-01-02T12:57:00,26294.05,26295.95,26292.25,26294.5,593239
1767338880,2026-01-02T12:58:00,26294.1,26295.85,26292.1,26295.6,536557
1767338940,2026-01-02T12:59:00,26295.2,26298.55,26291.55,26295.7,1212084
1767339000,2026-01-02T13:00:00,26294.95,26296.0,26290.2,26293.3,785744
1767339060,2026-01-02T13:01:00,26293.3,26296.0,26292.15,26294.25,527744
1767339120,2026-01-02T13:02:00,26294.5,26295.55,26292.2,26293.25,436611
1767339180,2026-01-02T13:03:00,26292.75,26297.1,26290.85,26297.0,565227
1767339240,2026-01-02T13:04:00,26296.2,26297.85,26293.65,26296.75,776976
1767339300,2026-01-02T13:05:00,26295.75,26301.5,26294.95,26300.8,496813
1767339360,2026-01-02T13:06:00,26300.6,26301.35,26297.05,26297.2,653690
1767339420,2026-01-02T13:07:00,26297.1,26300.05,26296.65,26299.65,421871
1767339480,2026-01-02T13:08:00,26299.7,26299.7,26295.8,26298.05,433430
1767339540,2026-01-02T13:09:00,26297.4,26299.35,26295.25,26297.15,525953
1767339600,2026-01-02T13:10:00,26297.15,26299.85,26295.25,26298.55,923746
1767339660,2026-01-02T13:11:00,26297.95,26303.0,26297.7,26302.4,479168
1767339720,2026-01-02T13:12:00,26301.95,26303.45,26299.85,26301.85,572586
1767339780,2026-01-02T13:13:00,26301.9,26303.65,26300.2,26302.5,619934
1767339840,2026-01-02T13:14:00,26302.5,26305.9,26301.2,26302.75,582648
1767339900,2026-01-02T13:15:00,26302.75,26306.4,26302.45,26305.25,966248
1767339960,2026-01-02T13:16:00,26305.5,26306.25,26302.1,26305.35,741823
1767340020,2026-01-02T13:17:00,26305.5,26306.05,26301.05,26303.1,877071
1767340080,2026-01-02T13:18:00,26302.75,26306.0,26302.6,26304.95,958611
1767340140,2026-01-02T13:19:00,26303.8,26306.15,26302.6,26305.85,881970
1767340200,2026-01-02T13:20:00,26305.85,26308.45,26302.75,26304.8,837954
1767340260,2026-01-02T13:21:00,26306.0,26308.15,26303.9,26308.1,518337
1767340320,2026-01-02T13:22:00,26306.85,26310.1,26306.5,26308.85,565422
1767340380,2026-01-02T13:23:00,26309.65,26314.55,26308.15,26310.85,640318
1767340440,2026-01-02T13:24:00,26310.5,26313.05,26308.4,26310.1,641505
1767340500,2026-01-02T13:25:00,26310.7,26311.7,26308.8,26309.1,632173
1767340560,2026-01-02T13:26:00,26309.6,26309.6,26303.9,26306.0,605256
1767340620,2026-01-02T13:27:00,26306.2,26307.2,26302.85,26303.6,592580
1767340680,2026-01-02T13:28:00,26304.1,26306.7,26302.7,26303.8,402000
1767340740,2026-01-02T13:29:00,26304.15,26305.6,26300.2,26302.5,872980
1767340800,2026-01-02T13:30:00,26302.1,26303.85,26300.1,26301.7,722287
1767340860,2026-01-02T13:31:00,26301.2,26304.8,26300.35,26300.45,603166
1767340920,2026-01-02T13:32:00,26300.75,26305.0,26298.95,26303.6,743981
1767340980,2026-01-02T13:33:00,26303.95,26307.15,26301.8,26305.1,495483
1767341040,2026-01-02T13:34:00,26305.7,26307.4,26302.85,26304.45,484671
1767341100,2026-01-02T13:35:00,26306.25,26310.0,26304.45,26308.9,477981
1767341160,2026-01-02T13:36:00,26308.1,26310.05,26307.15,26309.1,668905
1767341220,2026-01-02T13:37:00,26309.45,26309.7,26306.75,26308.75,491738
1767341280,2026-01-02T13:38:00,26308.35,26309.0,26302.5,26304.3,377555
1767341340,2026-01-02T13:39:00,26305.05,26306.05,26302.1,26304.65,410144
1767341400,2026-01-02T13:40:00,26304.5,26307.75,26303.0,26306.6,583866
1767341460,2026-01-02T13:41:00,26306.8,26307.95,26301.75,26301.75,626719
1767341520,2026-01-02T13:42:00,26302.35,26306.0,26299.8,26305.25,554400
1767341580,2026-01-02T13:43:00,26305.2,26305.2,26301.9,26303.5,697877
1767341640,2026-01-02T13:44:00,26303.25,26305.25,26302.1,26304.6,792815
1767341700,2026-01-02T13:45:00,26304.7,26308.25,26304.45,26305.7,747532
1767341760,2026-01-02T13:46:00,26305.1,26309.75,26304.3,26305.7,624403
1767341820,2026-01-02T13:47:00,26306.3,26306.3,26301.9,26302.5,394780
1767341880,2026-01-02T13:48:00,26302.5,26304.1,26300.1,26303.25,649428
1767341940,2026-01-02T13:49:00,26303.55,26303.8,26298.1,26303.65,602496
1767342000,2026-01-02T13:50:00,26303.4,26303.8,26299.85,26301.45,378469
1767342060,2026-01-02T13:51:00,26301.95,26304.35,26300.1,26302.4,612426
1767342120,2026-01-02T13:52:00,26303.4,26306.1,26301.5,26305.85,566754
1767342180,2026-01-02T13:53:00,26305.45,26310.85,26303.1,26310.05,537988
1767342240,2026-01-02T13:54:00,26310.0,26310.95,26304.0,26305.35,737768
1767342300,2026-01-02T13:55:00,26305.2,26307.05,26302.75,26305.45,562820
1767342360,2026-01-02T13:56:00,26306.65,26307.0,26301.95,26303.75,402492
1767342420,2026-01-02T13:57:00,26303.8,26304.0,26297.4,26297.95,632433
1767342480,2026-01-02T13:58:00,26298.85,26301.75,26297.1,26299.65,447569
1767342540,2026-01-02T13:59:00,26300.25,26300.25,26296.35,26298.1,493347
1767342600,2026-01-02T14:00:00,26298.6,26303.75,26297.85,26302.35,696425
1767342660,2026-01-02T14:01:00,26302.9,26304.2,26300.95,26301.3,490379
1767342720,2026-01-02T14:02:00,26301.7,26303.25,26299.0,26300.35,462434
1767342780,2026-01-02T14:03:00,26299.4,26302.65,26296.95,26297.95,377722
1767342840,2026-01-02T14:04:00,26297.8,26299.45,26295.95,26298.0,548408
1767342900,2026-01-02T14:05:00,26297.85,26301.2,26295.8,26300.0,405494
1767342960,2026-01-02T14:06:00,26301.15,26301.15,26297.1,26298.3,387811
1767343020,2026-01-02T14:07:00,26297.4,26300.35,26296.0,26299.6,372485
1767343080,2026-01-02T14:08:00,26298.75,26304.3,26298.25,26302.5,700456
1767343140,2026-01-02T14:09:00,26302.8,26304.5,26299.75,26303.95,353017
1767343200,2026-01-02T14:10:00,26304.15,26306.6,26299.4,26302.4,413231
1767343260,2026-01-02T14:11:00,26302.95,26306.3,26301.7,26304.35,329477
1767343320,2026-01-02T14:12:00,26304.75,26304.75,26300.95,26302.8,445223
1767343380,2026-01-02T14:13:00,26302.6,26304.65,26300.6,26304.0,432606
1767343440,2026-01-02T14:14:00,26304.75,26306.3,26301.9,26302.8,457079
1767343500,2026-01-02T14:15:00,26302.6,26307.3,26301.75,26304.1,465715
1767343560,2026-01-02T14:16:00,26304.15,26307.55,26302.5,26305.9,450355
1767343620,2026-01-02T14:17:00,26306.25,26308.7,26303.05,26307.2,703357
1767343680,2026-01-02T14:18:00,26307.7,26308.8,26302.9,26306.7,451745
1767343740,2026-01-02T14:19:00,26306.3,26307.2,26302.0,26305.8,594912
1767343800,2026-01-02T14:20:00,26307.6,26309.85,26303.1,26305.75,562877
1767343860,2026-01-02T14:21:00,26306.3,26310.45,26302.3,26308.9,493365
1767343920,2026-01-02T14:22:00,26309.65,26312.05,26305.7,26310.6,683618
1767343980,2026-01-02T14:23:00,26311.6,26314.15,26307.1,26311.6,539765
1767344040,2026-01-02T14:24:00,26311.6,26315.05,26307.3,26313.65,575727
1767344100,2026-01-02T14:25:00,26313.45,26313.45,26306.95,26310.2,767997
1767344160,2026-01-02T14:26:00,26311.6,26313.3,26305.9,26312.3,534292
1767344220,2026-01-02T14:27:00,26312.0,26312.55,26306.15,26308.75,522396
1767344280,2026-01-02T14:28:00,26309.7,26310.75,26304.75,26308.95,570409
1767344340,2026-01-02T14:29:00,26308.2,26310.75,26303.65,26307.3,613555
1767344400,2026-01-02T14:30:00,26307.0,26307.0,26296.25,26298.2,576417
1767344460,2026-01-02T14:31:00,26298.65,26299.05,26291.35,26294.9,710656
1767344520,2026-01-02T14:32:00,26295.35,26295.4,26282.05,26288.05,591815
1767344580,2026-01-02T14:33:00,26288.9,26288.9,26281.8,26287.0,572544
1767344640,2026-01-02T14:34:00,26288.4,26288.4,26278.2,26285.65,645340
1767344700,2026-01-02T14:35:00,26285.15,26285.35,26277.35,26281.55,1102742
1767344760,2026-01-02T14:36:00,26281.85,26282.5,26275.85,26279.9,978780
1767344820,2026-01-02T14:37:00,26279.4,26279.95,26274.7,26277.65,1230165
1767344880,2026-01-02T14:38:00,26278.1,26278.1,26273.6,26276.7,756954
1767344940,2026-01-02T14:39:00,26276.45,26277.25,26272.85,26273.65,914735
1767345000,2026-01-02T14:40:00,26273.25,26274.55,26267.2,26273.75,1129786
1767345060,2026-01-02T14:41:00,26275.0,26276.2,26271.9,26274.95,885598
1767345120,2026-01-02T14:42:00,26275.2,26277.9,26272.95,26274.85,712125
1767345180,2026-01-02T14:43:00,26275.0,26276.2,26271.4,26274.05,603647
1767345240,2026-01-02T14:44:00,26273.9,26273.95,26270.95,26271.8,530408
1767345300,2026-01-02T14:45:00,26272.1,26273.55,26269.4,26273.55,636124
1767345360,2026-01-02T14:46:00,26273.1,26273.1,26268.45,26270.75,624826
1767345420,2026-01-02T14:47:00,26271.5,26271.5,26266.35,26268.1,539239
1767345480,2026-01-02T14:48:00,26268.85,26271.15,26267.45,26269.8,526454
1767345540,2026-01-02T14:49:00,26269.2,26272.65,26265.85,26271.55,601020
1767345600,2026-01-02T14:50:00,26272.25,26280.1,26270.85,26277.85,617471
1767345660,2026-01-02T14:51:00,26279.8,26286.5,26278.7,26285.05,2017271
1767345720,2026-01-02T14:52:00,26286.25,26286.7,26281.7,26282.3,887187
1767345780,2026-01-02T14:53:00,26283.85,26286.4,26281.75,26284.6,778140
1767345840,2026-01-02T14:54:00,26285.75,26288.6,26282.9,26285.8,767995
1767345900,2026-01-02T14:55:00,26286.85,26288.8,26283.8,26287.2,567124
1767345960,2026-01-02T14:56:00,26287.65,26289.95,26287.25,26288.3,639802
1767346020,2026-01-02T14:57:00,26289.35,26295.05,26288.2,26292.45,947810
1767346080,2026-01-02T14:58:00,26292.55,26295.4,26290.5,26294.55,910363
1767346140,2026-01-02T14:59:00,26294.25,26296.5,26291.9,26294.25,770535
1767346200,2026-01-02T15:00:00,26297.05,26309.4,26297.05,26308.95,1801989
1767346260,2026-01-02T15:01:00,26306.9,26311.3,26306.25,26307.75,1571946
1767346320,2026-01-02T15:02:00,26306.2,26311.85,26306.2,26311.6,1207005
1767346380,2026-01-02T15:03:00,26311.15,26315.4,26309.05,26313.6,1136938
1767346440,2026-01-02T15:04:00,26311.6,26314.55,26307.85,26313.1,1237257
1767346500,2026-01-02T15:05:00,26309.6,26314.2,26308.85,26314.2,1050604
1767346560,2026-01-02T15:06:00,26311.95,26317.3,26311.95,26315.3,1121163
1767346620,2026-01-02T15:07:00,26314.15,26318.75,26314.0,26317.15,854385
1767346680,2026-01-02T15:08:00,26315.2,26318.8,26314.45,26318.35,1022547
1767346740,2026-01-02T15:09:00,26316.25,26323.05,26316.05,26322.6,938359
1767346800,2026-01-02T15:10:00,26320.8,26331.4,26320.8,26329.9,1725363
1767346860,2026-01-02T15:11:00,26327.95,26332.15,26326.95,26330.5,1564747
1767346920,2026-01-02T15:12:00,26328.7,26331.8,26322.9,26328.8,1531389
1767346980,2026-01-02T15:13:00,26327.55,26330.95,26325.8,26327.15,2040300
1767347040,2026-01-02T15:14:00,26326.15,26328.0,26321.25,26324.75,1843037
1767347100,2026-01-02T15:15:00,26322.7,26324.8,26319.5,26322.2,1906615
1767347160,2026-01-02T15:16:00,26320.3,26325.25,26319.75,26324.3,2181025
1767347220,2026-01-02T15:17:00,26322.5,26326.2,26320.55,26324.15,1307943
1767347280,2026-01-02T15:18:00,26322.2,26325.85,26321.15,26324.6,2272426
1767347340,2026-01-02T15:19:00,26322.7,26326.8,26320.95,26326.25,1799710
1767347400,2026-01-02T15:20:00,26324.45,26326.35,26321.75,26324.15,2255459
1767347460,2026-01-02T15:21:00,26322.4,26328.05,26322.4,26325.85,1887865
1767347520,2026-01-02T15:22:00,26323.0,26329.8,26323.0,26329.3,1647500
1767347580,2026-01-02T15:23:00,26325.75,26334.45,26325.75,26332.4,1748207
1767347640,2026-01-02T15:24:00,26329.6,26337.3,26328.9,26333.45,2168696
1767347700,2026-01-02T15:25:00,26332.2,26340.0,26329.45,26335.6,2846584
1767347760,2026-01-02T15:26:00,26332.55,26338.6,26331.15,26336.75,2314670
1767347820,2026-01-02T15:27:00,26334.5,26338.9,26332.9,26336.8,1800374
1767347880,2026-01-02T15:28:00,26337.7,26338.15,26330.55,26336.8,1510541
1767347940,2026-01-02T15:29:00,26334.6,26339.1,26330.2,26335.7,1380339
1767584700,2026-01-05T09:15:00,26333.7,26358.25,26317.3,26328.25,6433906
1767584760,2026-01-05T09:16:00,26327.6,26327.6,26306.15,26319.15,5053428
1767584820,2026-01-05T09:17:00,26317.85,26331.0,26316.35,26329.8,3237023
1767584880,2026-01-05T09:18:00,26329.2,26345.0,26318.85,26339.95,2862090
1767584940,2026-01-05T09:19:00,26339.2,26348.75,26330.1,26340.25,3273961
1767585000,2026-01-05T09:20:00,26340.95,26340.95,26323.9,26323.9,2703008
1767585060,2026-01-05T09:21:00,26321.15,26330.8,26312.6,26329.25,2342939
1767585120,2026-01-05T09:22:00,26329.1,26336.45,26323.15,26324.45,1869169
1767585180,2026-01-05T09:23:00,26325.65,26328.65,26302.85,26305.2,2582268
1767585240,2026-01-05T09:24:00,26304.4,26306.65,26293.25,26297.55,1781609
1767585300,2026-01-05T09:25:00,26300.2,26313.1,26287.65,26312.05,2506472
1767585360,2026-01-05T09:26:00,26312.1,26323.25,26311.95,26318.25,2232753
1767585420,2026-01-05T09:27:00,26318.95,26321.3,26297.35,26299.9,1696198
1767585480,2026-01-05T09:28:00,26299.65,26309.15,26297.4,26298.0,1632571
1767585540,2026-01-05T09:29:00,26299.4,26303.05,26292.0,26301.6,1551999
1767585600,2026-01-05T09:30:00,26301.2,26301.65,26289.85,26295.7,1836936
1767585660,2026-01-05T09:31:00,26296.1,26296.75,26286.65,26287.5,1629203
1767585720,2026-01-05T09:32:00,26288.55,26289.15,26282.15,26284.1,1356154
1767585780,2026-01-05T09:33:00,26284.45,26288.1,26277.55,26278.05,1440524
1767585840,2026-01-05T09:34:00,26278.25,26279.45,26269.5,26272.35,1838433
1767585900,2026-01-05T09:35:00,26272.6,26282.65,26268.75,26271.95,1703180
1767585960,2026-01-05T09:36:00,26271.9,26273.9,26263.6,26270.1,1157993
1767586020,2026-01-05T09:37:00,26269.8,26275.3,26267.85,26271.7,1788415
1767586080,2026-01-05T09:38:00,26272.3,26280.55,26270.3,26273.1,1678695
1767586140,2026-01-05T09:39:00,26273.25,26282.15,26273.1,26278.15,2073874
1767586200,2026-01-05T09:40:00,26278.35,26296.95,26277.55,26295.2,1987905
1767586260,2026-01-05T09:41:00,26294.35,26295.65,26279.55,26284.05,1242133
1767586320,2026-01-05T09:42:00,26285.0,26293.95,26285.0,26290.0,1402796
1767586380,2026-01-05T09:43:00,26289.5,26289.5,26282.15,26283.5,1839881
1767586440,2026-01-05T09:44:00,26284.2,26284.55,26272.2,26279.25,1393937
1767586500,2026-01-05T09:45:00,26280.1,26285.3,26274.0,26275.45,1812240
1767586560,2026-01-05T09:46:00,26275.75,26285.7,26274.8,26284.6,1410745
1767586620,2026-01-05T09:47:00,26283.05,26288.9,26274.85,26278.75,1324879
1767586680,2026-01-05T09:48:00,26280.3,26288.0,26279.2,26286.95,1130865
1767586740,2026-01-05T09:49:00,26287.35,26298.95,26286.75,26298.95,1057914
1767586800,2026-01-05T09:50:00,26299.1,26311.65,26297.4,26309.7,1109504
1767586860,2026-01-05T09:51:00,26308.35,26311.5,26295.95,26296.1,974273
1767586920,2026-01-05T09:52:00,26296.8,26296.8,26285.5,26290.75,1215232
1767586980,2026-01-05T09:53:00,26291.7,26303.65,26290.6,26301.0,1314142
1767587040,2026-01-05T09:54:00,26301.4,26307.6,26297.1,26305.0,1034953
1767587100,2026-01-05T09:55:00,26305.1,26313.7,26303.75,26313.7,1377583
1767587160,2026-01-05T09:56:00,26313.95,26326.5,26313.65,26322.8,970671
1767587220,2026-01-05T09:57:00,26323.25,26324.25,26314.45,26317.25,961709
1767587280,2026-01-05T09:58:00,26317.15,26319.05,26308.9,26310.05,1068720
1767587340,2026-01-05T09:59:00,26309.85,26320.2,26308.15,26316.9,1116541
1767587400,2026-01-05T10:00:00,26317.0,26324.3,26317.0,26318.85,831730
1767587460,2026-01-05T10:01:00,26317.95,26324.25,26314.95,26316.55,1631548
1767587520,2026-01-05T10:02:00,26316.25,26317.5,26301.05,26301.85,2350213
1767587580,2026-01-05T10:03:00,26302.5,26310.05,26298.45,26301.7,1039792
1767587640,2026-01-05T10:04:00,26301.35,26301.35,26291.6,26292.0,895195
1767587700,2026-01-05T10:05:00,26292.0,26299.25,26285.1,26299.25,1211467
1767587760,2026-01-05T10:06:00,26299.15,26319.2,26299.15,26319.2,856083
1767587820,2026-01-05T10:07:00,26319.85,26326.05,26318.2,26324.25,1248224
1767587880,2026-01-05T10:08:00,26325.25,26332.75,26322.2,26331.05,1142208
1767587940,2026-01-05T10:09:00,26332.35,26336.4,26330.45,26335.35,982913
1767588000,2026-01-05T10:10:00,26334.8,26342.3,26333.95,26340.6,863037
1767588060,2026-01-05T10:11:00,26341.2,26341.6,26334.85,26334.85,680727
1767588120,2026-01-05T10:12:00,26335.0,26336.85,26332.25,26334.55,873733
1767588180,2026-01-05T10:13:00,26334.65,26339.35,26331.75,26336.75,1074374
1767588240,2026-01-05T10:14:00,26336.35,26341.1,26335.8,26339.15,1365852
1767588300,2026-01-05T10:15:00,26339.1,26342.05,26337.0,26340.45,1127357
1767588360,2026-01-05T10:16:00,26340.4,26344.8,26338.7,26343.9,1106012
1767588420,2026-01-05T10:17:00,26343.7,26347.45,26339.4,26347.45,1206209
1767588480,2026-01-05T10:18:00,26347.15,26359.75,26345.05,26358.15,970780
1767588540,2026-01-05T10:19:00,26358.45,26360.55,26356.2,26357.3,1080651
1767588600,2026-01-05T10:20:00,26356.15,26358.55,26351.45,26355.1,1097302
1767588660,2026-01-05T10:21:00,26355.25,26363.3,26352.3,26361.85,1054655
1767588720,2026-01-05T10:22:00,26361.65,26361.65,26356.05,26356.5,788739
1767588780,2026-01-05T10:23:00,26356.5,26360.7,26355.1,26360.7,580093
1767588840,2026-01-05T10:24:00,26360.25,26369.25,26359.05,26367.7,798557
1767588900,2026-01-05T10:25:00,26366.85,26371.75,26366.85,26367.5,690587
1767588960,2026-01-05T10:26:00,26367.55,26367.9,26364.3,26366.2,839743
1767589020,2026-01-05T10:27:00,26366.55,26373.2,26366.45,26371.05,828234
1767589080,2026-01-05T10:28:00,26370.85,26372.0,26362.2,26362.2,682060
1767589140,2026-01-05T10:29:00,26362.35,26364.2,26353.0,26354.55,654141
1767589200,2026-01-05T10:30:00,26354.85,26356.25,26349.8,26350.95,882749
1767589260,2026-01-05T10:31:00,26351.95,26356.45,26349.55,26356.1,623503
1767589320,2026-01-05T10:32:00,26355.2,26356.4,26352.15,26355.9,589961
1767589380,2026-01-05T10:33:00,26356.5,26358.25,26352.35,26354.65,630605
1767589440,2026-01-05T10:34:00,26353.75,26354.65,26350.05,26352.6,664683
1767589500,2026-01-05T10:35:00,26352.6,26355.25,26349.8,26352.1,1210421
1767589560,2026-01-05T10:36:00,26351.95,26360.6,26351.1,26359.0,684870
1767589620,2026-01-05T10:37:00,26359.85,26360.9,26356.8,26357.95,634608
1767589680,2026-01-05T10:38:00,26358.25,26358.35,26352.45,26355.3,470021
1767589740,2026-01-05T10:39:00,26354.8,26363.0,26354.15,26363.0,481843
1767589800,2026-01-05T10:40:00,26362.9,26363.35,26350.35,26350.35,850856
1767589860,2026-01-05T10:41:00,26350.2,26351.75,26342.05,26344.35,714585
1767589920,2026-01-05T10:42:00,26343.85,26345.2,26338.8,26339.75,551006
1767589980,2026-01-05T10:43:00,26339.55,26339.85,26333.95,26339.4,780224
1767590040,2026-01-05T10:44:00,26338.95,26348.4,26338.3,26348.4,449665
1767590100,2026-01-05T10:45:00,26348.5,26351.7,26343.9,26350.4,640903
1767590160,2026-01-05T10:46:00,26350.35,26357.5,26347.8,26347.8,591358
1767590220,2026-01-05T10:47:00,26349.0,26349.0,26343.4,26344.95,716899
1767590280,2026-01-05T10:48:00,26343.75,26353.05,26343.75,26351.75,691402
1767590340,2026-01-05T10:49:00,26351.05,26356.25,26350.45,26352.15,576748
1767590400,2026-01-05T10:50:00,26351.25,26358.3,26351.25,26352.3,493793
1767590460,2026-01-05T10:51:00,26352.6,26359.55,26350.95,26358.15,496935
1767590520,2026-01-05T10:52:00,26358.3,26361.3,26355.5,26358.65,607420
1767590580,2026-01-05T10:53:00,26358.8,26361.35,26356.8,26357.95,599195
1767590640,2026-01-05T10:54:00,26357.9,26359.5,26354.65,26356.45,933899
1767590700,2026-01-05T10:55:00,26356.05,26360.25,26355.6,26357.45,570679
1767590760,2026-01-05T10:56:00,26357.85,26360.1,26354.7,26355.15,486104
1767590820,2026-01-05T10:57:00,26355.0,26358.35,26351.75,26357.65,439449
1767590880,2026-01-05T10:58:00,26357.2,26362.05,26354.55,26355.8,513079
1767590940,2026-01-05T10:59:00,26355.0,26358.05,26348.95,26349.6,755760
1767591000,2026-01-05T11:00:00,26348.0,26352.1,26346.65,26351.4,899502
1767591060,2026-01-05T11:01:00,26351.35,26356.45,26347.55,26356.3,629688
1767591120,2026-01-05T11:02:00,26356.0,26364.35,26355.8,26363.6,757706
1767591180,2026-01-05T11:03:00,26363.0,26364.35,26360.45,26361.75,1003732
1767591240,2026-01-05T11:04:00,26362.0,26365.0,26359.25,26361.85,669202
1767591300,2026-01-05T11:05:00,26362.5,26363.55,26360.0,26360.25,796408
1767591360,2026-01-05T11:06:00,26360.85,26360.85,26352.6,26354.9,991207
1767591420,2026-01-05T11:07:00,26354.8,26356.75,26350.9,26352.45,702344
1767591480,2026-01-05T11:08:00,26351.2,26355.35,26349.95,26354.1,594139
1767591540,2026-01-05T11:09:00,26354.2,26356.05,26352.0,26353.1,786119
1767591600,2026-01-05T11:10:00,26352.3,26354.9,26348.0,26350.05,550955
1767591660,2026-01-05T11:11:00,26350.6,26356.55,26349.45,26356.55,762556
1767591720,2026-01-05T11:12:00,26356.4,26360.15,26354.75,26357.15,756572
1767591780,2026-01-05T11:13:00,26357.25,26360.9,26356.55,26359.3,781135
1767591840,2026-01-05T11:14:00,26359.45,26359.45,26356.65,26359.25,575376
1767591900,2026-01-05T11:15:00,26358.95,26361.35,26353.25,26353.25,694971
1767591960,2026-01-05T11:16:00,26353.55,26353.8,26348.95,26350.45,534888
1767592020,2026-01-05T11:17:00,26349.9,26352.65,26346.85,26350.85,454907
1767592080,2026-01-05T11:18:00,26351.0,26353.65,26350.0,26352.5,1046094
1767592140,2026-01-05T11:19:00,26352.35,26353.35,26341.55,26344.1,656259
1767592200,2026-01-05T11:20:00,26343.75,26346.8,26342.1,26345.4,576535
1767592260,2026-01-05T11:21:00,26344.2,26346.05,26341.4,26341.5,437960
1767592320,2026-01-05T11:22:00,26342.3,26343.55,26336.05,26338.25,585608
1767592380,2026-01-05T11:23:00,26337.85,26337.85,26322.35,26322.6,1020843
1767592440,2026-01-05T11:24:00,26323.75,26328.0,26320.4,26320.75,640882
1767592500,2026-01-05T11:25:00,26320.3,26327.3,26316.1,26326.65,773607
1767592560,2026-01-05T11:26:00,26326.35,26327.05,26317.55,26317.55,821212
1767592620,2026-01-05T11:27:00,26317.65,26324.35,26313.85,26324.1,666863
1767592680,2026-01-05T11:28:00,26323.4,26327.2,26322.5,26326.2,454364
1767592740,2026-01-05T11:29:00,26326.2,26329.6,26325.35,26326.65,1219362
1767592800,2026-01-05T11:30:00,26327.4,26329.95,26325.05,26327.2,433585
1767592860,2026-01-05T11:31:00,26326.1,26334.2,26325.85,26332.75,428844
1767592920,2026-01-05T11:32:00,26330.65,26335.3,26325.8,26326.35,482199
1767592980,2026-01-05T11:33:00,26324.95,26326.1,26316.95,26318.95,509000
1767593040,2026-01-05T11:34:00,26318.8,26323.75,26316.8,26319.15,571479
1767593100,2026-01-05T11:35:00,26317.55,26320.15,26315.5,26318.3,552579
1767593160,2026-01-05T11:36:00,26319.25,26324.85,26319.25,26323.45,381062
1767593220,2026-01-05T11:37:00,26322.65,26326.1,26321.65,26322.55,480774
1767593280,2026-01-05T11:38:00,26322.35,26324.45,26320.7,26323.1,390941
1767593340,2026-01-05T11:39:00,26323.3,26326.15,26319.95,26325.3,571473
1767593400,2026-01-05T11:40:00,26325.85,26329.5,26325.3,26325.35,530679
1767593460,2026-01-05T11:41:00,26325.1,26332.35,26324.0,26332.0,475308
1767593520,2026-01-05T11:42:00,26332.0,26341.6,26331.7,26333.15,4950112
1767593580,2026-01-05T11:43:00,26333.5,26338.45,26332.0,26334.3,494035
1767593640,2026-01-05T11:44:00,26336.5,26338.7,26333.9,26338.7,615997
1767593700,2026-01-05T11:45:00,26338.7,26341.15,26338.15,26338.4,1216070
1767593760,2026-01-05T11:46:00,26338.7,26338.7,26329.9,26332.75,500571
1767593820,2026-01-05T11:47:00,26333.2,26338.45,26332.15,26336.8,565358
1767593880,2026-01-05T11:48:00,26337.05,26339.8,26333.6,26333.6,617907
1767593940,2026-01-05T11:49:00,26334.05,26339.5,26333.4,26336.95,439030
1767594000,2026-01-05T11:50:00,26337.65,26340.25,26337.1,26338.05,695047
1767594060,2026-01-05T11:51:00,26337.3,26338.75,26331.85,26331.85,469934
1767594120,2026-01-05T11:52:00,26331.5,26332.8,26326.35,26326.85,481872
1767594180,2026-01-05T11:53:00,26327.1,26329.45,26324.95,26324.95,476907
1767594240,2026-01-05T11:54:00,26325.1,26327.9,26322.25,26325.75,592755
1767594300,2026-01-05T11:55:00,26325.3,26329.35,26324.1,26328.95,801672
1767594360,2026-01-05T11:56:00,26329.35,26330.55,26323.1,26326.95,419134
1767594420,2026-01-05T11:57:00,26326.7,26327.35,26317.65,26320.05,603208
1767594480,2026-01-05T11:58:00,26322.1,26336.65,26318.6,26336.65,680552
1767594540,2026-01-05T11:59:00,26335.7,26337.3,26330.2,26332.05,384951
1767594600,2026-01-05T12:00:00,26331.5,26334.1,26330.85,26331.05,417153
1767594660,2026-01-05T12:01:00,26330.8,26332.05,26318.75,26319.55,556327
1767594720,2026-01-05T12:02:00,26319.0,26320.2,26311.5,26316.75,794186
1767594780,2026-01-05T12:03:00,26318.5,26319.2,26311.6,26316.15,676986
1767594840,2026-01-05T12:04:00,26316.45,26320.25,26316.0,26319.75,869051
1767594900,2026-01-05T12:05:00,26319.5,26323.0,26318.4,26319.6,444889
1767594960,2026-01-05T12:06:00,26319.55,26327.05,26318.85,26325.25,426321
1767595020,2026-01-05T12:07:00,26326.0,26326.5,26319.55,26320.35,407418
1767595080,2026-01-05T12:08:00,26320.5,26321.3,26313.75,26319.7,495475
1767595140,2026-01-05T12:09:00,26319.45,26323.45,26318.55,26323.15,491795
1767595200,2026-01-05T12:10:00,26322.9,26327.45,26322.45,26326.05,410888
1767595260,2026-01-05T12:11:00,26326.05,26327.1,26319.05,26322.6,356716
1767595320,2026-01-05T12:12:00,26322.65,26330.3,26322.2,26330.05,419295
1767595380,2026-01-05T12:13:00,26329.5,26332.8,26327.05,26331.3,542188
1767595440,2026-01-05T12:14:00,26331.5,26334.85,26328.7,26333.2,337578
1767595500,2026-01-05T12:15:00,26334.2,26336.3,26332.7,26334.55,369245
1767595560,2026-01-05T12:16:00,26333.7,26334.95,26331.35,26333.05,666510
1767595620,2026-01-05T12:17:00,26333.0,26339.95,26332.4,26336.45,1018363
1767595680,2026-01-05T12:18:00,26336.1,26339.85,26335.35,26337.8,837276
1767595740,2026-01-05T12:19:00,26337.75,26339.2,26334.85,26336.65,436967
1767595800,2026-01-05T12:20:00,26336.0,26342.1,26336.0,26341.05,404132
1767595860,2026-01-05T12:21:00,26340.95,26343.35,26336.6,26337.35,447352
1767595920,2026-01-05T12:22:00,26337.4,26339.3,26333.5,26334.0,416744
1767595980,2026-01-05T12:23:00,26334.7,26335.05,26329.5,26332.45,294054
1767596040,2026-01-05T12:24:00,26333.4,26337.75,26332.75,26337.4,313071
1767596100,2026-01-05T12:25:00,26336.85,26337.8,26333.55,26335.2,416039
1767596160,2026-01-05T12:26:00,26334.8,26335.65,26330.75,26333.75,334684
1767596220,2026-01-05T12:27:00,26332.2,26336.25,26332.2,26333.95,321983
1767596280,2026-01-05T12:28:00,26333.9,26334.3,26329.8,26331.0,340647
1767596340,2026-01-05T12:29:00,26330.3,26333.95,26329.85,26333.4,290925
1767596400,2026-01-05T12:30:00,26333.1,26341.7,26333.1,26339.15,812129
1767596460,2026-01-05T12:31:00,26339.45,26342.65,26334.5,26335.7,2162342
1767596520,2026-01-05T12:32:00,26336.1,26338.65,26334.35,26334.75,565221
1767596580,2026-01-05T12:33:00,26333.75,26335.1,26331.9,26333.4,446446
1767596640,2026-01-05T12:34:00,26332.9,26336.0,26332.35,26333.95,613040
1767596700,2026-01-05T12:35:00,26333.1,26337.9,26332.6,26333.9,530520
1767596760,2026-01-05T12:36:00,26336.6,26336.6,26333.25,26336.05,423002
1767596820,2026-01-05T12:37:00,26335.5,26339.5,26334.8,26337.0,532962
1767596880,2026-01-05T12:38:00,26337.4,26341.95,26337.2,26341.45,460971
1767596940,2026-01-05T12:39:00,26340.0,26341.7,26335.7,26335.7,453689
1767597000,2026-01-05T12:40:00,26336.35,26336.8,26331.5,26334.6,475036
1767597060,2026-01-05T12:41:00,26334.1,26338.9,26334.1,26335.9,1621385
1767597120,2026-01-05T12:42:00,26335.25,26335.85,26332.35,26333.8,593622
1767597180,2026-01-05T12:43:00,26333.45,26334.25,26330.95,26331.35,931988
1767597240,2026-01-05T12:44:00,26331.1,26334.85,26330.45,26333.05,455466
1767597300,2026-01-05T12:45:00,26332.85,26333.45,26328.0,26328.0,758243
1767597360,2026-01-05T12:46:00,26327.95,26332.95,26327.4,26331.45,538236
1767597420,2026-01-05T12:47:00,26330.35,26331.85,26326.4,26328.2,490513
1767597480,2026-01-05T12:48:00,26328.15,26331.5,26327.7,26329.65,669521
1767597540,2026-01-05T12:49:00,26329.75,26333.65,26327.9,26333.65,519876
1767597600,2026-01-05T12:50:00,26333.8,26339.25,26333.35,26339.25,875464
1767597660,2026-01-05T12:51:00,26339.35,26345.85,26338.1,26345.35,785162
1767597720,2026-01-05T12:52:00,26345.15,26349.35,26341.6,26341.9,682198
1767597780,2026-01-05T12:53:00,26342.2,26342.8,26338.1,26339.95,454762
1767597840,2026-01-05T12:54:00,26339.9,26343.0,26338.05,26343.0,363234
1767597900,2026-01-05T12:55:00,26342.9,26346.5,26342.9,26343.35,389613
1767597960,2026-01-05T12:56:00,26342.7,26344.6,26340.6,26343.35,505381
1767598020,2026-01-05T12:57:00,26343.4,26346.35,26340.45,26342.45,618452
1767598080,2026-01-05T12:58:00,26342.25,26342.25,26331.9,26332.75,651515
1767598140,2026-01-05T12:59:00,26332.8,26334.8,26330.5,26333.4,555931
1767598200,2026-01-05T13:00:00,26333.15,26334.85,26331.9,26333.55,351578
1767598260,2026-01-05T13:01:00,26333.75,26334.9,26332.4,26333.2,683337
1767598320,2026-01-05T13:02:00,26333.35,26334.45,26330.85,26330.85,394355
1767598380,2026-01-05T13:03:00,26331.7,26332.25,26328.65,26331.1,499289
1767598440,2026-01-05T13:04:00,26331.05,26332.15,26329.15,26329.55,364204
1767598500,2026-01-05T13:05:00,26329.95,26330.25,26326.75,26327.75,498496
1767598560,2026-01-05T13:06:00,26328.0,26328.15,26323.7,26326.7,336556
1767598620,2026-01-05T13:07:00,26326.2,26330.25,26325.1,26327.1,1095480
1767598680,2026-01-05T13:08:00,26327.0,26327.7,26323.95,26324.15,392578
1767598740,2026-01-05T13:09:00,26324.35,26324.9,26319.45,26320.45,639436
1767598800,2026-01-05T13:10:00,26320.35,26322.0,26316.7,26317.95,616630
1767598860,2026-01-05T13:11:00,26317.65,26318.25,26313.4,26315.6,478522
1767598920,2026-01-05T13:12:00,26315.25,26316.4,26307.9,26308.05,439993
1767598980,2026-01-05T13:13:00,26308.65,26313.3,26307.8,26311.45,328125
1767599040,2026-01-05T13:14:00,26309.95,26312.45,26308.75,26308.75,425403
1767599100,2026-01-05T13:15:00,26308.15,26308.4,26298.25,26301.55,676607
1767599160,2026-01-05T13:16:00,26301.65,26301.8,26296.75,26297.1,406177
1767599220,2026-01-05T13:17:00,26297.05,26297.3,26293.7,26296.25,437334
1767599280,2026-01-05T13:18:00,26296.5,26301.95,26295.65,26301.45,480894
1767599340,2026-01-05T13:19:00,26301.4,26306.35,26299.9,26304.1,412881
1767599400,2026-01-05T13:20:00,26303.75,26304.55,26300.7,26303.0,476350
1767599460,2026-01-05T13:21:00,26303.15,26303.15,26295.45,26297.3,483744
1767599520,2026-01-05T13:22:00,26297.1,26301.6,26297.1,26300.55,420244
1767599580,2026-01-05T13:23:00,26301.6,26306.05,26301.25,26305.1,526519
1767599640,2026-01-05T13:24:00,26305.1,26312.25,26304.7,26308.85,634911
1767599700,2026-01-05T13:25:00,26309.45,26312.4,26308.2,26308.35,568442
1767599760,2026-01-05T13:26:00,26308.55,26312.9,26304.15,26304.75,540581
1767599820,2026-01-05T13:27:00,26304.25,26306.5,26303.65,26304.4,307278
1767599880,2026-01-05T13:28:00,26304.55,26304.7,26296.15,26297.45,717488
1767599940,2026-01-05T13:29:00,26297.25,26297.35,26292.85,26294.65,611352
1767600000,2026-01-05T13:30:00,26295.15,26295.75,26286.45,26287.65,549586
1767600060,2026-01-05T13:31:00,26286.4,26288.15,26282.65,26288.15,666661
1767600120,2026-01-05T13:32:00,26288.2,26289.95,26285.0,26287.05,465310
1767600180,2026-01-05T13:33:00,26286.95,26289.9,26284.8,26289.0,461382
1767600240,2026-01-05T13:34:00,26289.2,26289.75,26286.9,26288.3,458435
1767600300,2026-01-05T13:35:00,26287.15,26290.0,26282.9,26287.1,515296
1767600360,2026-01-05T13:36:00,26287.5,26288.2,26280.5,26281.15,595940
1767600420,2026-01-05T13:37:00,26284.05,26288.45,26281.7,26283.9,583408
1767600480,2026-01-05T13:38:00,26284.2,26287.85,26282.1,26287.85,428192
1767600540,2026-01-05T13:39:00,26287.4,26287.55,26280.4,26283.05,427240
1767600600,2026-01-05T13:40:00,26283.4,26285.05,26280.3,26281.45,348507
1767600660,2026-01-05T13:41:00,26280.95,26284.65,26279.85,26284.3,515324
1767600720,2026-01-05T13:42:00,26283.8,26287.8,26283.65,26286.15,471363
1767600780,2026-01-05T13:43:00,26286.15,26288.3,26283.6,26286.1,510665
1767600840,2026-01-05T13:44:00,26286.8,26298.3,26286.8,26296.3,563022
1767600900,2026-01-05T13:45:00,26296.1,26296.1,26287.6,26288.85,561999
1767600960,2026-01-05T13:46:00,26289.1,26290.3,26284.8,26286.15,502700
1767601020,2026-01-05T13:47:00,26287.3,26288.6,26284.8,26287.05,463338
1767601080,2026-01-05T13:48:00,26286.9,26287.55,26284.3,26285.9,470182
1767601140,2026-01-05T13:49:00,26285.95,26285.95,26269.95,26269.95,956611
1767601200,2026-01-05T13:50:00,26270.0,26270.15,26260.55,26260.75,989715
1767601260,2026-01-05T13:51:00,26260.9,26264.6,26258.85,26263.05,668267
1767601320,2026-01-05T13:52:00,26263.15,26263.8,26258.75,26259.75,573767
1767601380,2026-01-05T13:53:00,26260.5,26261.55,26257.65,26260.25,490228
1767601440,2026-01-05T13:54:00,26260.15,26261.95,26257.0,26261.5,851961
1767601500,2026-01-05T13:55:00,26262.15,26270.15,26260.25,26261.9,842677
1767601560,2026-01-05T13:56:00,26261.95,26263.0,26259.05,26259.3,427227
1767601620,2026-01-05T13:57:00,26259.25,26260.15,26255.75,26259.45,570372
1767601680,2026-01-05T13:58:00,26259.5,26261.1,26257.5,26258.65,487293
1767601740,2026-01-05T13:59:00,26259.75,26260.25,26252.0,26252.6,513166
1767601800,2026-01-05T14:00:00,26252.2,26253.25,26245.8,26251.3,921756
1767601860,2026-01-05T14:01:00,26251.25,26251.4,26241.85,26243.6,1050769
1767601920,2026-01-05T14:02:00,26243.05,26243.45,26233.0,26233.6,1014863
1767601980,2026-01-05T14:03:00,26234.0,26234.35,26222.05,26222.95,930988
1767602040,2026-01-05T14:04:00,26223.55,26227.1,26221.95,26223.95,739914
1767602100,2026-01-05T14:05:00,26224.2,26224.85,26210.3,26211.35,933633
1767602160,2026-01-05T14:06:00,26211.7,26227.3,26210.05,26226.4,1029468
1767602220,2026-01-05T14:07:00,26226.85,26228.65,26222.65,26223.35,790660
1767602280,2026-01-05T14:08:00,26223.15,26224.7,26219.95,26219.95,639131
1767602340,2026-01-05T14:09:00,26217.35,26218.95,26211.75,26218.95,1182764
1767602400,2026-01-05T14:10:00,26218.6,26228.3,26218.6,26224.3,660124
1767602460,2026-01-05T14:11:00,26224.2,26228.45,26222.65,26226.7,583517
1767602520,2026-01-05T14:12:00,26227.75,26229.8,26226.35,26228.0,576844
1767602580,2026-01-05T14:13:00,26228.5,26231.1,26224.3,26226.45,645112
1767602640,2026-01-05T14:14:00,26227.1,26230.15,26225.95,26226.75,546903
1767602700,2026-01-05T14:15:00,26226.8,26231.15,26223.9,26228.95,644507
1767602760,2026-01-05T14:16:00,26228.6,26236.05,26227.65,26234.6,605689
1767602820,2026-01-05T14:17:00,26234.5,26235.15,26227.6,26227.6,493706
1767602880,2026-01-05T14:18:00,26227.55,26230.6,26225.4,26227.45,459540
1767602940,2026-01-05T14:19:00,26227.9,26229.95,26225.2,26226.15,413864
1767603000,2026-01-05T14:20:00,26226.0,26226.25,26218.55,26220.0,566486
1767603060,2026-01-05T14:21:00,26220.1,26222.05,26212.4,26215.2,569330
1767603120,2026-01-05T14:22:00,26214.9,26217.9,26210.8,26217.4,490279
1767603180,2026-01-05T14:23:00,26217.45,26224.3,26217.45,26223.3,429768
1767603240,2026-01-05T14:24:00,26223.0,26235.95,26222.95,26234.1,657206
1767603300,2026-01-05T14:25:00,26234.35,26238.2,26232.7,26235.6,862731
1767603360,2026-01-05T14:26:00,26236.0,26239.3,26231.15,26231.15,696465
1767603420,2026-01-05T14:27:00,26231.05,26237.05,26229.9,26232.15,564852
1767603480,2026-01-05T14:28:00,26232.6,26235.4,26229.8,26233.5,512531
1767603540,2026-01-05T14:29:00,26234.8,26236.1,26226.25,26227.25,582819
1767603600,2026-01-05T14:30:00,26227.0,26235.9,26227.0,26235.4,449780
1767603660,2026-01-05T14:31:00,26235.7,26241.2,26234.5,26240.55,846173
1767603720,2026-01-05T14:32:00,26241.0,26246.05,26240.65,26243.0,734959
1767603780,2026-01-05T14:33:00,26243.75,26248.6,26241.0,26247.3,555461
1767603840,2026-01-05T14:34:00,26247.55,26247.8,26244.25,26246.5,740091
1767603900,2026-01-05T14:35:00,26246.8,26249.9,26243.25,26244.2,746657
1767603960,2026-01-05T14:36:00,26243.5,26248.0,26242.85,26247.75,486309
1767604020,2026-01-05T14:37:00,26247.55,26250.7,26242.8,26243.2,487765
1767604080,2026-01-05T14:38:00,26241.45,26243.9,26235.75,26236.3,548709
1767604140,2026-01-05T14:39:00,26235.5,26242.35,26233.8,26235.45,689253
1767604200,2026-01-05T14:40:00,26233.9,26240.3,26233.9,26238.45,472396
1767604260,2026-01-05T14:41:00,26238.65,26250.4,26238.65,26248.6,713840
1767604320,2026-01-05T14:42:00,26248.35,26252.2,26245.55,26247.55,549393
1767604380,2026-01-05T14:43:00,26246.95,26256.75,26245.6,26256.25,631529
1767604440,2026-01-05T14:44:00,26255.4,26258.7,26254.8,26257.15,543522
1767604500,2026-01-05T14:45:00,26257.15,26258.25,26252.45,26255.55,690854
1767604560,2026-01-05T14:46:00,26255.4,26261.1,26255.05,26257.4,641015
1767604620,2026-01-05T14:47:00,26257.05,26260.4,26253.55,26255.35,553894
1767604680,2026-01-05T14:48:00,26255.45,26259.45,26253.9,26259.4,588871
1767604740,2026-01-05T14:49:00,26259.25,26260.45,26254.9,26260.4,513580
1767604800,2026-01-05T14:50:00,26261.15,26261.15,26257.5,26259.3,744615
1767604860,2026-01-05T14:51:00,26259.45,26277.8,26258.85,26277.2,1278859
1767604920,2026-01-05T14:52:00,26277.45,26282.85,26271.35,26272.5,1587753
1767604980,2026-01-05T14:53:00,26272.95,26274.0,26267.4,26269.05,610234
1767605040,2026-01-05T14:54:00,26267.95,26274.6,26267.85,26273.5,667911
1767605100,2026-01-05T14:55:00,26273.25,26278.0,26268.85,26269.15,790476
1767605160,2026-01-05T14:56:00,26269.15,26272.55,26268.45,26270.2,830475
1767605220,2026-01-05T14:57:00,26269.9,26276.95,26269.9,26276.85,840318
1767605280,2026-01-05T14:58:00,26276.4,26277.45,26272.1,26276.6,740308
1767605340,2026-01-05T14:59:00,26275.85,26281.45,26274.8,26280.1,906380
1767605400,2026-01-05T15:00:00,26279.4,26282.9,26265.65,26265.8,2113591
1767605460,2026-01-05T15:01:00,26265.4,26268.45,26263.0,26263.8,1205847
1767605520,2026-01-05T15:02:00,26264.15,26268.55,26263.45,26264.15,1226831
1767605580,2026-01-05T15:03:00,26264.55,26273.6,26263.9,26272.4,1108714
1767605640,2026-01-05T15:04:00,26273.6,26275.45,26268.95,26269.25,1167393
1767605700,2026-01-05T15:05:00,26269.65,26269.65,26262.5,26262.5,1624610
1767605760,2026-01-05T15:06:00,26263.0,26266.4,26262.1,26264.85,1296349
1767605820,2026-01-05T15:07:00,26265.45,26266.1,26257.2,26259.35,1567700
1767605880,2026-01-05T15:08:00,26259.5,26260.05,26251.3,26252.35,1309550
1767605940,2026-01-05T15:09:00,26253.1,26258.25,26252.8,26255.5,1383170
1767606000,2026-01-05T15:10:00,26256.3,26257.9,26250.4,26250.75,1775285
1767606060,2026-01-05T15:11:00,26251.2,26254.45,26250.45,26252.1,1274021
1767606120,2026-01-05T15:12:00,26251.7,26253.9,26247.85,26248.4,1647759
1767606180,2026-01-05T15:13:00,26248.4,26249.25,26243.3,26248.9,1468363
1767606240,2026-01-05T15:14:00,26249.25,26252.5,26248.4,26249.25,1770393
1767606300,2026-01-05T15:15:00,26249.85,26250.55,26246.15,26246.25,2095269
1767606360,2026-01-05T15:16:00,26246.9,26247.25,26242.1,26243.0,1909596
1767606420,2026-01-05T15:17:00,26242.5,26246.75,26242.3,26243.65,1427731
1767606480,2026-01-05T15:18:00,26243.65,26244.9,26240.6,26243.4,2015783
1767606540,2026-01-05T15:19:00,26243.9,26246.45,26241.85,26243.55,1393378
1767606600,2026-01-05T15:20:00,26243.5,26244.35,26239.75,26240.5,2075439
1767606660,2026-01-05T15:21:00,26240.7,26243.3,26238.85,26239.95,2119801
1767606720,2026-01-05T15:22:00,26239.65,26240.6,26236.8,26237.55,1660750
1767606780,2026-01-05T15:23:00,26238.05,26239.65,26236.05,26237.8,1369196
1767606840,2026-01-05T15:24:00,26237.95,26241.6,26236.15,26238.45,2072388
1767606900,2026-01-05T15:25:00,26240.15,26247.25,26239.1,26246.25,2271550
1767606960,2026-01-05T15:26:00,26247.0,26247.95,26241.3,26243.55,1662074
1767607020,2026-01-05T15:27:00,26241.95,26243.7,26234.0,26234.8,2042917
1767607080,2026-01-05T15:28:00,26232.6,26240.0,26232.6,26236.5,1375230
1767607140,2026-01-05T15:29:00,26236.2,26246.6,26233.35,26244.65,1094809
1767671100,2026-01-06T09:15:00,26189.7,26238.1,26144.7,26235.75,9331407
1767671160,2026-01-06T09:16:00,26234.5,26238.6,26214.7,26214.7,4667729
1767671220,2026-01-06T09:17:00,26210.65,26221.65,26207.7,26215.0,3479893
1767671280,2026-01-06T09:18:00,26215.1,26225.1,26214.05,26216.35,3109170
1767671340,2026-01-06T09:19:00,26214.4,26219.0,26195.8,26195.8,2291608
1767671400,2026-01-06T09:20:00,26194.95,26202.45,26186.8,26198.05,2398230
1767671460,2026-01-06T09:21:00,26198.45,26203.6,26189.9,26191.35,3628044
1767671520,2026-01-06T09:22:00,26191.7,26203.55,26184.5,26195.55,2167448
1767671580,2026-01-06T09:23:00,26197.1,26201.0,26191.5,26197.3,1900712
1767671640,2026-01-06T09:24:00,26196.6,26197.9,26188.0,26193.45,2311365
1767671700,2026-01-06T09:25:00,26193.65,26195.5,26185.15,26189.5,1628199
1767671760,2026-01-06T09:26:00,26189.4,26192.65,26184.3,26188.95,1285588
1767671820,2026-01-06T09:27:00,26188.8,26192.25,26185.25,26185.25,1949272
1767671880,2026-01-06T09:28:00,26185.85,26189.2,26170.85,26172.7,1741231
1767671940,2026-01-06T09:29:00,26171.1,26178.15,26168.25,26173.85,1501407
1767672000,2026-01-06T09:30:00,26171.85,26182.65,26171.85,26178.5,1527481
1767672060,2026-01-06T09:31:00,26177.95,26183.95,26176.25,26180.35,1692977
1767672120,2026-01-06T09:32:00,26180.25,26196.45,26175.2,26190.75,1814053
1767672180,2026-01-06T09:33:00,26190.85,26213.5,26190.5,26212.1,1301890
1767672240,2026-01-06T09:34:00,26212.0,26224.65,26212.0,26215.05,1776328
1767672300,2026-01-06T09:35:00,26217.35,26229.3,26216.75,26223.75,1722515
1767672360,2026-01-06T09:36:00,26221.75,26224.8,26212.05,26218.4,1701429
1767672420,2026-01-06T09:37:00,26217.15,26220.7,26205.2,26208.65,1186301
1767672480,2026-01-06T09:38:00,26208.85,26216.9,26203.45,26205.55,1185339
1767672540,2026-01-06T09:39:00,26203.25,26207.75,26193.4,26200.0,1026911
1767672600,2026-01-06T09:40:00,26199.1,26203.7,26193.45,26202.3,752197
1767672660,2026-01-06T09:41:00,26202.1,26205.4,26197.3,26198.15,744356
1767672720,2026-01-06T09:42:00,26200.3,26201.35,26190.65,26199.35,987288
1767672780,2026-01-06T09:43:00,26197.3,26202.85,26194.25,26194.25,976605
1767672840,2026-01-06T09:44:00,26194.05,26201.0,26194.05,26199.35,1478220
1767672900,2026-01-06T09:45:00,26199.3,26215.15,26197.8,26211.85,841744
1767672960,2026-01-06T09:46:00,26211.35,26221.3,26210.7,26217.3,789586
1767673020,2026-01-06T09:47:00,26216.2,26223.7,26216.2,26222.95,836195
1767673080,2026-01-06T09:48:00,26222.65,26226.3,26222.1,26222.65,963200
1767673140,2026-01-06T09:49:00,26220.35,26229.3,26220.35,26227.1,774260
1767673200,2026-01-06T09:50:00,26227.65,26233.15,26224.0,26228.15,759592
1767673260,2026-01-06T09:51:00,26226.6,26232.75,26226.6,26230.3,924139
1767673320,2026-01-06T09:52:00,26230.0,26231.35,26225.45,26227.2,731532
1767673380,2026-01-06T09:53:00,26228.55,26235.05,26227.95,26233.2,701351
1767673440,2026-01-06T09:54:00,26231.6,26234.0,26226.4,26228.5,678734
1767673500,2026-01-06T09:55:00,26227.65,26242.6,26227.65,26241.3,832022
1767673560,2026-01-06T09:56:00,26240.75,26250.5,26240.75,26249.25,951734
1767673620,2026-01-06T09:57:00,26250.8,26251.8,26242.0,26243.15,799196
1767673680,2026-01-06T09:58:00,26244.5,26252.1,26243.6,26251.55,693680
1767673740,2026-01-06T09:59:00,26250.05,26259.35,26250.05,26256.8,764788
1767673800,2026-01-06T10:00:00,26258.35,26273.95,26258.2,26262.9,1037566
1767673860,2026-01-06T10:01:00,26263.25,26266.15,26258.55,26260.15,1049766
1767673920,2026-01-06T10:02:00,26258.7,26268.7,26256.9,26267.7,917200
1767673980,2026-01-06T10:03:00,26267.75,26269.45,26262.9,26264.35,660828
1767674040,2026-01-06T10:04:00,26264.25,26267.25,26258.4,26259.45,644194
1767674100,2026-01-06T10:05:00,26256.55,26258.65,26244.25,26244.25,804830
1767674160,2026-01-06T10:06:00,26243.5,26249.55,26241.3,26249.0,657516
1767674220,2026-01-06T10:07:00,26248.4,26251.65,26244.4,26245.7,862865
1767674280,2026-01-06T10:08:00,26245.1,26250.2,26243.75,26245.1,832785
1767674340,2026-01-06T10:09:00,26244.15,26248.35,26243.25,26245.9,810088
1767674400,2026-01-06T10:10:00,26244.9,26251.0,26237.15,26248.75,805561
1767674460,2026-01-06T10:11:00,26248.1,26248.95,26241.05,26241.05,474109
1767674520,2026-01-06T10:12:00,26240.8,26243.8,26239.25,26242.55,531040
1767674580,2026-01-06T10:13:00,26242.8,26246.9,26241.55,26245.9,601111
1767674640,2026-01-06T10:14:00,26245.1,26249.6,26242.3,26243.25,583773
1767674700,2026-01-06T10:15:00,26242.2,26248.45,26241.35,26245.7,778011
1767674760,2026-01-06T10:16:00,26245.65,26248.55,26243.55,26243.55,880638
1767674820,2026-01-06T10:17:00,26245.5,26251.85,26245.1,26248.85,722535
1767674880,2026-01-06T10:18:00,26249.05,26252.9,26240.05,26240.05,692831
1767674940,2026-01-06T10:19:00,26240.65,26242.6,26230.35,26231.5,645110
1767675000,2026-01-06T10:20:00,26231.05,26236.15,26230.15,26232.05,717509
1767675060,2026-01-06T10:21:00,26231.85,26235.8,26225.65,26233.9,581990
1767675120,2026-01-06T10:22:00,26232.75,26235.25,26224.25,26225.95,616902
1767675180,2026-01-06T10:23:00,26226.75,26230.3,26223.25,26223.8,664289
1767675240,2026-01-06T10:24:00,26223.0,26224.7,26218.1,26220.85,638593
1767675300,2026-01-06T10:25:00,26219.95,26227.4,26219.95,26223.05,822107
1767675360,2026-01-06T10:26:00,26222.0,26228.3,26221.45,26224.35,560037
1767675420,2026-01-06T10:27:00,26223.8,26227.85,26221.35,26223.8,516247
1767675480,2026-01-06T10:28:00,26224.1,26230.25,26220.65,26229.1,621918
1767675540,2026-01-06T10:29:00,26227.85,26230.8,26222.05,26224.1,1015446
1767675600,2026-01-06T10:30:00,26223.1,26226.95,26222.15,26222.15,654627
1767675660,2026-01-06T10:31:00,26222.6,26230.35,26222.4,26225.25,703677
1767675720,2026-01-06T10:32:00,26224.85,26238.5,26224.85,26232.05,922003
1767675780,2026-01-06T10:33:00,26231.0,26233.15,26223.3,26228.25,569158
1767675840,2026-01-06T10:34:00,26228.55,26234.95,26228.05,26231.3,551827
1767675900,2026-01-06T10:35:00,26230.9,26232.6,26227.3,26228.5,1116090
1767675960,2026-01-06T10:36:00,26228.5,26230.55,26215.7,26220.75,965250
1767676020,2026-01-06T10:37:00,26219.7,26221.2,26205.95,26206.55,619085
1767676080,2026-01-06T10:38:00,26206.65,26213.15,26205.5,26210.65,878750
1767676140,2026-01-06T10:39:00,26210.25,26214.3,26209.5,26209.75,397468
1767676200,2026-01-06T10:40:00,26208.1,26213.25,26201.35,26207.8,728185
1767676260,2026-01-06T10:41:00,26206.7,26213.25,26206.5,26212.9,347917
1767676320,2026-01-06T10:42:00,26212.3,26216.3,26211.95,26214.6,881109
1767676380,2026-01-06T10:43:00,26213.8,26216.6,26208.8,26209.05,790823
1767676440,2026-01-06T10:44:00,26209.75,26213.2,26208.05,26212.1,504745
1767676500,2026-01-06T10:45:00,26211.75,26215.55,26209.55,26212.15,472909
1767676560,2026-01-06T10:46:00,26211.6,26212.75,26207.15,26212.05,686671
1767676620,2026-01-06T10:47:00,26211.6,26216.6,26210.45,26215.1,453726
1767676680,2026-01-06T10:48:00,26214.7,26220.2,26212.45,26214.7,860020
1767676740,2026-01-06T10:49:00,26214.75,26217.5,26208.95,26208.95,1132894
1767676800,2026-01-06T10:50:00,26209.0,26213.75,26209.0,26213.7,1000157
1767676860,2026-01-06T10:51:00,26213.95,26215.15,26206.65,26212.6,570497
1767676920,2026-01-06T10:52:00,26211.3,26213.55,26207.7,26209.15,535535
1767676980,2026-01-06T10:53:00,26208.6,26215.65,26208.6,26214.65,475244
1767677040,2026-01-06T10:54:00,26214.2,26218.05,26214.2,26216.6,643528
1767677100,2026-01-06T10:55:00,26216.55,26221.0,26215.5,26216.4,771975
1767677160,2026-01-06T10:56:00,26216.05,26218.85,26210.65,26211.35,614624
1767677220,2026-01-06T10:57:00,26211.05,26217.6,26211.05,26213.85,604119
1767677280,2026-01-06T10:58:00,26213.2,26216.35,26207.75,26208.25,545190
1767677340,2026-01-06T10:59:00,26208.35,26212.45,26201.35,26201.35,1018413
1767677400,2026-01-06T11:00:00,26201.7,26206.0,26198.1,26205.35,1067485
1767677460,2026-01-06T11:01:00,26204.15,26212.1,26204.15,26206.9,737989
1767677520,2026-01-06T11:02:00,26207.0,26209.3,26203.4,26205.65,501561
1767677580,2026-01-06T11:03:00,26205.9,26209.75,26205.5,26208.2,341191
1767677640,2026-01-06T11:04:00,26208.55,26216.0,26208.35,26213.45,1001654
1767677700,2026-01-06T11:05:00,26211.95,26220.15,26211.95,26219.35,496137
1767677760,2026-01-06T11:06:00,26218.95,26221.15,26212.0,26214.5,465575
1767677820,2026-01-06T11:07:00,26214.35,26219.1,26214.35,26215.65,612297
1767677880,2026-01-06T11:08:00,26215.6,26219.2,26215.6,26216.05,457081
1767677940,2026-01-06T11:09:00,26216.0,26222.15,26215.95,26219.0,470265
1767678000,2026-01-06T11:10:00,26218.85,26220.25,26208.45,26208.45,553209
1767678060,2026-01-06T11:11:00,26208.25,26209.8,26203.6,26205.2,623901
1767678120,2026-01-06T11:12:00,26205.1,26207.45,26194.35,26195.45,736613
1767678180,2026-01-06T11:13:00,26194.6,26198.75,26192.65,26197.9,626988
1767678240,2026-01-06T11:14:00,26198.55,26201.95,26193.55,26194.45,487842
1767678300,2026-01-06T11:15:00,26194.8,26195.65,26179.75,26180.75,1300299
1767678360,2026-01-06T11:16:00,26180.05,26181.5,26167.7,26167.7,1119767
1767678420,2026-01-06T11:17:00,26166.9,26166.9,26158.3,26158.3,903853
1767678480,2026-01-06T11:18:00,26159.05,26161.05,26152.0,26156.4,1229066
1767678540,2026-01-06T11:19:00,26156.6,26159.25,26152.25,26156.6,697698
1767678600,2026-01-06T11:20:00,26156.1,26157.3,26148.25,26148.25,982322
1767678660,2026-01-06T11:21:00,26148.1,26153.4,26143.1,26143.4,1129494
1767678720,2026-01-06T11:22:00,26144.05,26146.8,26141.05,26145.1,875386
1767678780,2026-01-06T11:23:00,26144.8,26151.75,26144.8,26147.25,656250
1767678840,2026-01-06T11:24:00,26147.45,26154.85,26146.85,26154.85,645477
1767678900,2026-01-06T11:25:00,26154.55,26155.0,26147.2,26150.65,904101
1767678960,2026-01-06T11:26:00,26150.65,26162.3,26150.65,26161.55,569483
1767679020,2026-01-06T11:27:00,26160.2,26165.45,26160.2,26164.9,1644821
1767679080,2026-01-06T11:28:00,26164.55,26169.4,26164.25,26165.15,593762
1767679140,2026-01-06T11:29:00,26164.9,26173.25,26164.75,26173.05,652952
1767679200,2026-01-06T11:30:00,26172.15,26176.6,26169.25,26174.55,824717
1767679260,2026-01-06T11:31:00,26174.5,26175.25,26166.15,26167.05,518083
1767679320,2026-01-06T11:32:00,26165.9,26170.2,26165.9,26169.45,410126
1767679380,2026-01-06T11:33:00,26169.35,26173.8,26169.35,26170.95,437122
1767679440,2026-01-06T11:34:00,26170.1,26176.6,26169.15,26170.75,499566
1767679500,2026-01-06T11:35:00,26170.1,26174.75,26167.25,26168.65,597105
1767679560,2026-01-06T11:36:00,26167.05,26171.1,26166.1,26170.5,460620
1767679620,2026-01-06T11:37:00,26170.35,26178.0,26170.35,26177.7,490709
1767679680,2026-01-06T11:38:00,26177.05,26181.15,26175.65,26179.0,529217
1767679740,2026-01-06T11:39:00,26177.95,26179.3,26174.65,26177.3,484881
1767679800,2026-01-06T11:40:00,26176.7,26182.25,26175.3,26177.65,635332
1767679860,2026-01-06T11:41:00,26176.65,26180.75,26176.65,26180.1,611080
1767679920,2026-01-06T11:42:00,26179.4,26182.6,26177.95,26179.9,625658
1767679980,2026-01-06T11:43:00,26180.05,26191.8,26180.05,26188.65,883666
1767680040,2026-01-06T11:44:00,26187.7,26196.6,26187.35,26193.6,5019631
1767680100,2026-01-06T11:45:00,26193.0,26194.65,26183.15,26183.45,628923
1767680160,2026-01-06T11:46:00,26181.9,26189.75,26181.2,26188.85,608518
1767680220,2026-01-06T11:47:00,26188.4,26195.45,26188.4,26195.3,529584
1767680280,2026-01-06T11:48:00,26194.2,26197.35,26189.6,26190.9,775801
1767680340,2026-01-06T11:49:00,26190.9,26196.4,26189.0,26196.4,564924
1767680400,2026-01-06T11:50:00,26195.4,26196.4,26192.25,26194.1,1191105
1767680460,2026-01-06T11:51:00,26194.25,26194.9,26188.7,26189.35,484034
1767680520,2026-01-06T11:52:00,26188.4,26191.95,26188.0,26189.0,480083
1767680580,2026-01-06T11:53:00,26187.45,26197.1,26187.45,26197.1,889744
1767680640,2026-01-06T11:54:00,26195.05,26200.2,26190.85,26192.3,618542
1767680700,2026-01-06T11:55:00,26192.5,26194.55,26188.0,26189.2,447702
1767680760,2026-01-06T11:56:00,26189.2,26190.65,26182.9,26183.85,458607
1767680820,2026-01-06T11:57:00,26183.65,26185.4,26179.5,26179.85,673543
1767680880,2026-01-06T11:58:00,26179.85,26183.2,26171.65,26174.5,784392
1767680940,2026-01-06T11:59:00,26172.95,26178.5,26171.85,26174.5,705578
1767681000,2026-01-06T12:00:00,26173.1,26175.4,26169.3,26171.05,5761176
1767681060,2026-01-06T12:01:00,26169.45,26171.8,26162.3,26167.45,669469
1767681120,2026-01-06T12:02:00,26165.4,26168.25,26163.35,26165.55,415766
1767681180,2026-01-06T12:03:00,26164.85,26175.35,26163.35,26173.25,793125
1767681240,2026-01-06T12:04:00,26173.0,26179.4,26172.75,26175.95,487026
1767681300,2026-01-06T12:05:00,26175.8,26176.85,26169.1,26169.1,469896
1767681360,2026-01-06T12:06:00,26168.85,26171.0,26163.05,26165.05,817884
1767681420,2026-01-06T12:07:00,26164.4,26166.0,26160.15,26162.1,624024
1767681480,2026-01-06T12:08:00,26161.4,26163.35,26157.35,26159.4,589037
1767681540,2026-01-06T12:09:00,26159.1,26160.1,26153.0,26158.8,854517
1767681600,2026-01-06T12:10:00,26157.45,26161.7,26157.0,26161.0,706057
1767681660,2026-01-06T12:11:00,26160.85,26163.0,26159.55,26160.3,587513
1767681720,2026-01-06T12:12:00,26159.9,26162.9,26158.5,26160.35,910122
1767681780,2026-01-06T12:13:00,26159.1,26167.7,26159.1,26166.2,664300
1767681840,2026-01-06T12:14:00,26165.35,26170.75,26165.35,26167.65,899614
1767681900,2026-01-06T12:15:00,26167.5,26168.05,26162.95,26167.0,828074
1767681960,2026-01-06T12:16:00,26166.85,26169.8,26161.55,26161.75,719373
1767682020,2026-01-06T12:17:00,26161.7,26165.55,26161.25,26163.75,652870
1767682080,2026-01-06T12:18:00,26163.5,26166.0,26160.6,26161.65,501826
1767682140,2026-01-06T12:19:00,26162.25,26165.75,26161.0,26163.65,518540
1767682200,2026-01-06T12:20:00,26163.85,26165.95,26159.05,26159.05,702920
1767682260,2026-01-06T12:21:00,26159.4,26159.85,26155.6,26157.1,610367
1767682320,2026-01-06T12:22:00,26155.85,26158.45,26154.65,26154.65,817753
1767682380,2026-01-06T12:23:00,26154.05,26158.45,26153.35,26155.55,437761
1767682440,2026-01-06T12:24:00,26155.65,26156.5,26150.7,26152.7,547268
1767682500,2026-01-06T12:25:00,26152.4,26153.85,26150.45,26150.45,671933
1767682560,2026-01-06T12:26:00,26150.95,26155.95,26150.15,26154.9,537171
1767682620,2026-01-06T12:27:00,26154.65,26160.3,26152.7,26160.25,541537
1767682680,2026-01-06T12:28:00,26160.05,26166.4,26159.4,26161.95,695687
1767682740,2026-01-06T12:29:00,26162.25,26166.6,26161.25,26161.85,593112
1767682800,2026-01-06T12:30:00,26161.6,26163.75,26155.25,26155.8,564689
1767682860,2026-01-06T12:31:00,26157.1,26160.4,26156.2,26158.2,437849
1767682920,2026-01-06T12:32:00,26157.7,26162.15,26156.05,26161.3,469981
1767682980,2026-01-06T12:33:00,26160.65,26165.5,26159.9,26165.15,417326
1767683040,2026-01-06T12:34:00,26165.05,26165.05,26161.3,26163.0,511479
1767683100,2026-01-06T12:35:00,26162.85,26167.1,26161.25,26164.4,548572
1767683160,2026-01-06T12:36:00,26162.7,26165.95,26160.55,26165.05,507125
1767683220,2026-01-06T12:37:00,26164.5,26167.2,26163.4,26164.6,454367
1767683280,2026-01-06T12:38:00,26164.35,26166.75,26159.9,26160.75,466481
1767683340,2026-01-06T12:39:00,26160.15,26164.05,26159.65,26161.15,483999
1767683400,2026-01-06T12:40:00,26160.8,26169.8,26160.8,26167.15,665379
1767683460,2026-01-06T12:41:00,26167.1,26169.7,26165.3,26166.25,389970
1767683520,2026-01-06T12:42:00,26166.35,26168.35,26165.35,26167.45,459381
1767683580,2026-01-06T12:43:00,26166.8,26168.3,26159.95,26161.85,898683
1767683640,2026-01-06T12:44:00,26162.55,26165.4,26160.2,26163.7,389016
1767683700,2026-01-06T12:45:00,26163.75,26166.85,26160.8,26165.75,430610
1767683760,2026-01-06T12:46:00,26165.0,26167.3,26158.9,26158.9,542360
1767683820,2026-01-06T12:47:00,26159.45,26165.0,26159.35,26163.95,643607
1767683880,2026-01-06T12:48:00,26164.0,26165.85,26159.8,26161.15,513924
1767683940,2026-01-06T12:49:00,26159.85,26162.6,26156.2,26158.5,497206
1767684000,2026-01-06T12:50:00,26158.35,26162.5,26156.4,26158.2,599126
1767684060,2026-01-06T12:51:00,26157.75,26166.65,26157.75,26164.3,514634
1767684120,2026-01-06T12:52:00,26164.45,26170.95,26162.6,26163.8,551126
1767684180,2026-01-06T12:53:00,26162.8,26166.15,26161.8,26162.2,532890
1767684240,2026-01-06T12:54:00,26162.2,26170.35,26161.1,26168.75,528617
1767684300,2026-01-06T12:55:00,26169.3,26173.15,26169.05,26171.65,607244
1767684360,2026-01-06T12:56:00,26172.05,26174.1,26169.75,26172.0,591766
1767684420,2026-01-06T12:57:00,26172.25,26179.45,26171.45,26177.55,654213
1767684480,2026-01-06T12:58:00,26178.05,26179.7,26176.6,26177.2,399129
1767684540,2026-01-06T12:59:00,26176.2,26180.1,26176.2,26178.9,550012
1767684600,2026-01-06T13:00:00,26178.75,26181.45,26178.0,26179.9,400099
1767684660,2026-01-06T13:01:00,26178.55,26186.7,26178.55,26186.35,482514
1767684720,2026-01-06T13:02:00,26185.85,26186.8,26179.45,26180.9,390631
1767684780,2026-01-06T13:03:00,26179.8,26181.05,26171.8,26174.4,510722
1767684840,2026-01-06T13:04:00,26174.8,26177.5,26173.05,26177.2,400087
1767684900,2026-01-06T13:05:00,26176.05,26178.8,26174.9,26178.55,541831
1767684960,2026-01-06T13:06:00,26178.05,26180.35,26177.3,26180.25,491398
1767685020,2026-01-06T13:07:00,26179.5,26180.9,26175.7,26180.9,568095
1767685080,2026-01-06T13:08:00,26178.85,26195.0,26178.85,26191.4,830075
1767685140,2026-01-06T13:09:00,26192.25,26194.45,26185.95,26186.55,415476
1767685200,2026-01-06T13:10:00,26186.45,26190.2,26183.15,26183.15,628412
1767685260,2026-01-06T13:11:00,26182.6,26186.5,26179.95,26185.7,547807
1767685320,2026-01-06T13:12:00,26186.1,26188.25,26183.7,26183.8,523162
1767685380,2026-01-06T13:13:00,26183.4,26183.6,26174.8,26176.95,511732
1767685440,2026-01-06T13:14:00,26175.85,26177.05,26172.5,26174.7,551520
1767685500,2026-01-06T13:15:00,26173.95,26174.7,26167.6,26168.45,479580
1767685560,2026-01-06T13:16:00,26168.5,26169.65,26165.5,26167.95,499517
1767685620,2026-01-06T13:17:00,26167.95,26169.65,26164.6,26164.9,650996
1767685680,2026-01-06T13:18:00,26165.45,26167.7,26162.05,26162.45,564295
1767685740,2026-01-06T13:19:00,26162.45,26166.4,26161.2,26166.4,476181
1767685800,2026-01-06T13:20:00,26167.05,26169.5,26165.3,26168.55,500234
1767685860,2026-01-06T13:21:00,26168.5,26169.45,26163.0,26163.4,917254
1767685920,2026-01-06T13:22:00,26163.0,26167.1,26162.85,26165.2,472975
1767685980,2026-01-06T13:23:00,26164.65,26167.25,26162.55,26162.9,396399
1767686040,2026-01-06T13:24:00,26162.9,26163.85,26160.3,26163.2,406139
1767686100,2026-01-06T13:25:00,26162.65,26165.5,26159.2,26163.4,705890
1767686160,2026-01-06T13:26:00,26162.65,26163.8,26157.9,26159.35,499424
1767686220,2026-01-06T13:27:00,26158.6,26163.35,26158.05,26160.9,435280
1767686280,2026-01-06T13:28:00,26160.95,26161.25,26153.15,26153.95,968285
1767686340,2026-01-06T13:29:00,26153.9,26162.55,26152.0,26162.25,539297
1767686400,2026-01-06T13:30:00,26161.75,26163.1,26157.45,26158.15,462063
1767686460,2026-01-06T13:31:00,26157.55,26158.6,26148.35,26151.45,579357
1767686520,2026-01-06T13:32:00,26150.45,26155.2,26150.45,26153.55,594166
1767686580,2026-01-06T13:33:00,26153.75,26154.4,26148.85,26149.15,492609
1767686640,2026-01-06T13:34:00,26150.2,26157.65,26147.15,26156.25,759432
1767686700,2026-01-06T13:35:00,26156.35,26160.8,26152.55,26156.25,749278
1767686760,2026-01-06T13:36:00,26155.4,26158.9,26155.0,26157.0,501052
1767686820,2026-01-06T13:37:00,26157.1,26158.4,26155.35,26156.65,335514
1767686880,2026-01-06T13:38:00,26156.9,26157.65,26154.35,26155.2,451320
1767686940,2026-01-06T13:39:00,26154.6,26157.45,26152.9,26155.65,556456
1767687000,2026-01-06T13:40:00,26155.45,26158.1,26153.7,26155.25,537873
1767687060,2026-01-06T13:41:00,26155.0,26157.65,26152.2,26153.95,414040
1767687120,2026-01-06T13:42:00,26153.1,26155.85,26152.9,26154.2,412136
1767687180,2026-01-06T13:43:00,26154.6,26159.2,26152.45,26158.75,680624
1767687240,2026-01-06T13:44:00,26158.45,26164.35,26157.55,26164.1,678287
1767687300,2026-01-06T13:45:00,26163.65,26165.65,26161.3,26161.95,532073
1767687360,2026-01-06T13:46:00,26161.4,26162.4,26156.9,26158.15,475744
1767687420,2026-01-06T13:47:00,26158.45,26165.0,26158.15,26164.2,385296
1767687480,2026-01-06T13:48:00,26164.15,26169.85,26164.15,26169.25,608362
1767687540,2026-01-06T13:49:00,26168.3,26171.35,26167.65,26170.6,470218
1767687600,2026-01-06T13:50:00,26169.9,26175.95,26169.9,26173.2,738592
1767687660,2026-01-06T13:51:00,26172.65,26177.5,26172.35,26174.9,559171
1767687720,2026-01-06T13:52:00,26173.95,26179.7,26170.55,26170.55,585108
1767687780,2026-01-06T13:53:00,26170.5,26172.3,26150.15,26156.65,17718683
1767687840,2026-01-06T13:54:00,26156.65,26159.85,26154.35,26154.55,2090068
1767687900,2026-01-06T13:55:00,26153.65,26159.75,26151.35,26157.85,1217933
1767687960,2026-01-06T13:56:00,26158.05,26160.3,26156.3,26156.75,701013
1767688020,2026-01-06T13:57:00,26156.8,26157.6,26149.75,26152.6,1338253
1767688080,2026-01-06T13:58:00,26151.7,26156.25,26150.75,26155.1,1606929
1767688140,2026-01-06T13:59:00,26154.8,26156.0,26151.3,26153.25,1870697
1767688200,2026-01-06T14:00:00,26151.95,26157.85,26151.95,26154.35,993809
1767688260,2026-01-06T14:01:00,26154.4,26157.65,26152.8,26154.1,737753
1767688320,2026-01-06T14:02:00,26153.85,26172.3,26153.85,26169.15,1039772
1767688380,2026-01-06T14:03:00,26169.0,26171.7,26162.55,26163.05,1775208
1767688440,2026-01-06T14:04:00,26162.55,26163.9,26151.9,26152.9,1020932
1767688500,2026-01-06T14:05:00,26153.15,26162.65,26153.15,26158.65,1190954
1767688560,2026-01-06T14:06:00,26158.85,26160.55,26153.55,26154.95,1002605
1767688620,2026-01-06T14:07:00,26154.15,26157.15,26153.75,26155.45,817069
1767688680,2026-01-06T14:08:00,26154.8,26157.7,26150.75,26150.75,963403
1767688740,2026-01-06T14:09:00,26150.45,26152.35,26136.05,26139.15,2002101
1767688800,2026-01-06T14:10:00,26138.15,26140.05,26130.4,26130.75,696638
1767688860,2026-01-06T14:11:00,26130.2,26139.45,26129.35,26137.6,987226
1767688920,2026-01-06T14:12:00,26136.85,26140.75,26132.9,26133.45,714340
1767688980,2026-01-06T14:13:00,26133.5,26135.55,26125.8,26127.05,937970
1767689040,2026-01-06T14:14:00,26126.25,26134.0,26126.25,26133.15,852067
1767689100,2026-01-06T14:15:00,26133.25,26139.5,26131.95,26133.95,993855
1767689160,2026-01-06T14:16:00,26133.2,26135.5,26132.6,26134.5,866241
1767689220,2026-01-06T14:17:00,26134.1,26137.95,26134.1,26136.9,1331511
1767689280,2026-01-06T14:18:00,26136.1,26138.75,26131.2,26131.85,1264317
1767689340,2026-01-06T14:19:00,26131.75,26136.1,26131.75,26134.75,1047459
1767689400,2026-01-06T14:20:00,26134.9,26137.0,26131.1,26132.05,1239880
1767689460,2026-01-06T14:21:00,26131.65,26135.2,26129.25,26129.25,1157139
1767689520,2026-01-06T14:22:00,26129.4,26130.9,26125.3,26127.65,934843
1767689580,2026-01-06T14:23:00,26126.85,26138.7,26126.85,26136.2,1357291
1767689640,2026-01-06T14:24:00,26135.7,26142.4,26135.7,26141.1,1532540
1767689700,2026-01-06T14:25:00,26140.3,26145.2,26140.3,26142.65,1107008
1767689760,2026-01-06T14:26:00,26142.5,26143.3,26137.25,26141.9,1126235
1767689820,2026-01-06T14:27:00,26141.5,26146.35,26140.75,26145.8,899230
1767689880,2026-01-06T14:28:00,26145.4,26147.75,26142.1,26142.7,952712
1767689940,2026-01-06T14:29:00,26142.85,26148.05,26142.75,26148.05,850696
1767690000,2026-01-06T14:30:00,26147.75,26148.9,26143.85,26146.0,761991
1767690060,2026-01-06T14:31:00,26145.25,26150.95,26145.25,26148.05,643583
1767690120,2026-01-06T14:32:00,26148.0,26148.75,26144.0,26145.65,773970
1767690180,2026-01-06T14:33:00,26145.0,26147.2,26139.6,26140.95,847943
1767690240,2026-01-06T14:34:00,26140.2,26147.1,26139.6,26144.5,740130
1767690300,2026-01-06T14:35:00,26144.6,26146.3,26143.0,26145.4,957074
1767690360,2026-01-06T14:36:00,26144.85,26149.35,26144.85,26145.35,1034470
1767690420,2026-01-06T14:37:00,26144.3,26148.3,26143.2,26143.45,765356
1767690480,2026-01-06T14:38:00,26143.2,26144.9,26129.6,26131.1,1611379
1767690540,2026-01-06T14:39:00,26130.5,26144.1,26124.75,26143.25,1390250
1767690600,2026-01-06T14:40:00,26142.45,26152.45,26142.45,26150.8,955892
1767690660,2026-01-06T14:41:00,26149.5,26151.65,26144.95,26146.95,890939
1767690720,2026-01-06T14:42:00,26146.45,26148.95,26145.2,26148.35,968877
1767690780,2026-01-06T14:43:00,26147.7,26153.85,26147.35,26152.35,934122
1767690840,2026-01-06T14:44:00,26151.7,26153.55,26148.85,26149.7,876967
1767690900,2026-01-06T14:45:00,26149.8,26154.4,26148.2,26148.45,1119425
1767690960,2026-01-06T14:46:00,26147.65,26153.1,26147.65,26151.95,1087108
1767691020,2026-01-06T14:47:00,26150.35,26161.75,26150.35,26161.75,1299073
1767691080,2026-01-06T14:48:00,26161.0,26165.2,26158.4,26163.55,1399042
1767691140,2026-01-06T14:49:00,26163.6,26165.5,26160.05,26165.15,1212384
1767691200,2026-01-06T14:50:00,26164.15,26169.5,26163.25,26168.95,977463
1767691260,2026-01-06T14:51:00,26168.05,26169.8,26165.15,26165.15,641148
1767691320,2026-01-06T14:52:00,26165.4,26167.35,26158.1,26158.75,684145
1767691380,2026-01-06T14:53:00,26157.1,26161.1,26155.5,26161.1,702753
1767691440,2026-01-06T14:54:00,26160.45,26165.1,26156.5,26156.75,883945
1767691500,2026-01-06T14:55:00,26157.15,26163.0,26156.7,26157.1,890517
1767691560,2026-01-06T14:56:00,26157.2,26164.2,26155.15,26163.05,751976
1767691620,2026-01-06T14:57:00,26160.55,26164.55,26159.3,26162.95,837193
1767691680,2026-01-06T14:58:00,26161.7,26164.25,26160.9,26163.85,851761
1767691740,2026-01-06T14:59:00,26162.6,26164.35,26158.4,26164.0,889986
1767691800,2026-01-06T15:00:00,26165.05,26175.9,26165.05,26175.55,1991665
1767691860,2026-01-06T15:01:00,26175.2,26180.35,26175.2,26180.35,1468303
1767691920,2026-01-06T15:02:00,26179.95,26182.7,26176.95,26181.05,2013887
1767691980,2026-01-06T15:03:00,26180.2,26182.85,26172.15,26175.2,1667258
1767692040,2026-01-06T15:04:00,26174.8,26178.85,26174.8,26178.5,1179756
1767692100,2026-01-06T15:05:00,26177.8,26180.75,26170.6,26171.45,2103092
1767692160,2026-01-06T15:06:00,26170.1,26178.15,26169.8,26177.8,1843333
1767692220,2026-01-06T15:07:00,26177.4,26187.2,26177.4,26184.85,1676220
1767692280,2026-01-06T15:08:00,26184.55,26187.7,26175.35,26180.95,1592024
1767692340,2026-01-06T15:09:00,26180.25,26182.35,26176.0,26178.75,1559495
1767692400,2026-01-06T15:10:00,26177.75,26183.6,26177.35,26179.25,1744202
1767692460,2026-01-06T15:11:00,26179.1,26180.3,26176.6,26178.25,1357070
1767692520,2026-01-06T15:12:00,26177.35,26179.25,26172.25,26173.3,1617140
1767692580,2026-01-06T15:13:00,26173.1,26174.25,26166.45,26169.4,1488756
1767692640,2026-01-06T15:14:00,26169.5,26177.25,26168.5,26175.95,1746184
1767692700,2026-01-06T15:15:00,26175.0,26177.7,26172.9,26174.9,2361863
1767692760,2026-01-06T15:16:00,26173.85,26178.2,26172.3,26177.45,2314809
1767692820,2026-01-06T15:17:00,26176.9,26179.55,26172.1,26177.8,1777580
1767692880,2026-01-06T15:18:00,26178.45,26181.2,26174.15,26180.95,2392861
1767692940,2026-01-06T15:19:00,26180.7,26182.95,26179.8,26181.25,1801280
1767693000,2026-01-06T15:20:00,26181.35,26186.1,26181.0,26184.25,5238964
1767693060,2026-01-06T15:21:00,26185.45,26185.45,26181.1,26182.6,1674494
1767693120,2026-01-06T15:22:00,26183.15,26183.8,26179.95,26180.7,1629825
1767693180,2026-01-06T15:23:00,26181.05,26182.6,26179.5,26181.35,1604414
1767693240,2026-01-06T15:24:00,26181.75,26185.35,26180.3,26183.2,2180813
1767693300,2026-01-06T15:25:00,26184.9,26186.5,26178.65,26180.95,2267469
1767693360,2026-01-06T15:26:00,26181.45,26182.95,26179.1,26179.85,2068006
1767693420,2026-01-06T15:27:00,26179.2,26181.4,26175.9,26177.05,2320007
1767693480,2026-01-06T15:28:00,26178.0,26182.85,26176.05,26180.55,1518682
1767693540,2026-01-06T15:29:00,26179.75,26181.55,26170.85,26174.65,1070921
1767757500,2026-01-07T09:15:00,26143.1,26166.0,26104.3,26111.65,5112511
1767757560,2026-01-07T09:16:00,26110.8,26133.85,26106.35,26133.85,3494686
1767757620,2026-01-07T09:17:00,26133.6,26140.3,26124.55,26128.4,2882831
1767757680,2026-01-07T09:18:00,26127.05,26136.85,26124.2,26136.85,2774466
1767757740,2026-01-07T09:19:00,26135.8,26136.7,26121.3,26125.65,1802972
1767757800,2026-01-07T09:20:00,26128.5,26143.15,26125.4,26143.15,1858337
1767757860,2026-01-07T09:21:00,26143.45,26159.95,26143.45,26154.2,1694179
1767757920,2026-01-07T09:22:00,26155.4,26158.75,26143.05,26146.3,1616341
1767757980,2026-01-07T09:23:00,26146.5,26159.0,26144.45,26156.95,1297550
1767758040,2026-01-07T09:24:00,26157.1,26160.55,26150.35,26154.6,1060127
1767758100,2026-01-07T09:25:00,26155.65,26155.65,26137.9,26139.35,856418
1767758160,2026-01-07T09:26:00,26139.85,26139.85,26128.35,26133.3,1068018
1767758220,2026-01-07T09:27:00,26135.05,26137.6,26119.7,26125.3,1073347
1767758280,2026-01-07T09:28:00,26126.3,26128.45,26113.95,26116.8,1169675
1767758340,2026-01-07T09:29:00,26118.9,26121.45,26115.75,26120.35,936210
1767758400,2026-01-07T09:30:00,26121.75,26130.5,26119.05,26128.95,780923
1767758460,2026-01-07T09:31:00,26130.15,26130.2,26121.45,26122.95,811951
1767758520,2026-01-07T09:32:00,26123.4,26137.35,26122.35,26137.35,691662
1767758580,2026-01-07T09:33:00,26137.8,26141.85,26130.6,26140.85,852497
1767758640,2026-01-07T09:34:00,26140.9,26141.45,26133.3,26133.3,2573887
1767758700,2026-01-07T09:35:00,26133.3,26138.75,26130.9,26131.9,1570185
1767758760,2026-01-07T09:36:00,26133.15,26139.8,26131.7,26137.8,842492
1767758820,2026-01-07T09:37:00,26138.6,26148.45,26137.25,26146.05,995553
1767758880,2026-01-07T09:38:00,26146.15,26148.75,26138.3,26139.1,916061
1767758940,2026-01-07T09:39:00,26137.45,26149.65,26136.9,26144.2,909461
1767759000,2026-01-07T09:40:00,26145.25,26147.2,26140.3,26144.75,1078158
1767759060,2026-01-07T09:41:00,26144.2,26150.95,26142.35,26148.5,1051551
1767759120,2026-01-07T09:42:00,26148.0,26148.0,26128.2,26128.2,758432
1767759180,2026-01-07T09:43:00,26128.45,26129.4,26111.55,26113.9,825905
1767759240,2026-01-07T09:44:00,26114.65,26118.8,26106.15,26108.2,826725
1767759300,2026-01-07T09:45:00,26108.1,26118.75,26107.65,26113.1,815042
1767759360,2026-01-07T09:46:00,26113.85,26114.3,26102.45,26105.45,662985
1767759420,2026-01-07T09:47:00,26106.05,26109.55,26101.85,26108.3,712894
1767759480,2026-01-07T09:48:00,26109.7,26125.55,26109.25,26122.75,1109233
1767759540,2026-01-07T09:49:00,26123.35,26123.35,26113.1,26114.95,1090253
1767759600,2026-01-07T09:50:00,26115.25,26118.2,26108.9,26110.0,711746
1767759660,2026-01-07T09:51:00,26112.35,26115.05,26110.65,26111.75,950848
1767759720,2026-01-07T09:52:00,26112.2,26112.2,26099.55,26099.55,791831
1767759780,2026-01-07T09:53:00,26100.65,26107.55,26096.65,26106.65,562071
1767759840,2026-01-07T09:54:00,26108.5,26110.55,26103.55,26108.05,792854
1767759900,2026-01-07T09:55:00,26108.65,26112.55,26107.1,26108.9,714663
1767759960,2026-01-07T09:56:00,26109.45,26118.6,26108.65,26115.0,583441
1767760020,2026-01-07T09:57:00,26116.1,26129.4,26113.85,26129.1,4934488
1767760080,2026-01-07T09:58:00,26129.8,26135.65,26129.5,26130.4,973698
1767760140,2026-01-07T09:59:00,26131.3,26139.05,26129.7,26138.8,619017
1767760200,2026-01-07T10:00:00,26138.95,26145.45,26138.95,26140.3,1040558
1767760260,2026-01-07T10:01:00,26140.75,26141.6,26132.9,26140.85,1073251
1767760320,2026-01-07T10:02:00,26141.4,26144.0,26137.0,26143.4,700534
1767760380,2026-01-07T10:03:00,26143.8,26147.9,26142.1,26147.25,703187
1767760440,2026-01-07T10:04:00,26148.5,26153.3,26144.65,26146.15,800914
1767760500,2026-01-07T10:05:00,26146.25,26146.55,26139.3,26142.95,791869
1767760560,2026-01-07T10:06:00,26144.3,26148.8,26140.2,26140.45,1064986
1767760620,2026-01-07T10:07:00,26142.1,26147.3,26141.05,26145.6,686205
1767760680,2026-01-07T10:08:00,26145.75,26158.05,26144.95,26157.25,897255
1767760740,2026-01-07T10:09:00,26158.25,26163.55,26153.5,26162.9,1125273
1767760800,2026-01-07T10:10:00,26163.6,26163.6,26156.35,26159.15,1089736
1767760860,2026-01-07T10:11:00,26160.15,26161.65,26155.9,26159.15,827847
1767760920,2026-01-07T10:12:00,26161.25,26164.35,26158.35,26162.45,837230
1767760980,2026-01-07T10:13:00,26162.45,26166.7,26161.35,26165.0,656781
1767761040,2026-01-07T10:14:00,26166.65,26168.2,26163.5,26167.25,1438345
1767761100,2026-01-07T10:15:00,26167.75,26183.8,26167.75,26183.8,1120436
1767761160,2026-01-07T10:16:00,26183.7,26187.1,26177.85,26186.85,654198
1767761220,2026-01-07T10:17:00,26185.4,26187.15,26171.9,26174.0,1025666
1767761280,2026-01-07T10:18:00,26175.05,26175.15,26169.2,26170.0,900412
1767761340,2026-01-07T10:19:00,26169.85,26170.3,26156.05,26159.75,736669
1767761400,2026-01-07T10:20:00,26159.65,26169.75,26159.15,26168.95,572749
1767761460,2026-01-07T10:21:00,26169.1,26171.3,26158.4,26161.45,568758
1767761520,2026-01-07T10:22:00,26162.05,26164.0,26160.35,26161.15,431638
1767761580,2026-01-07T10:23:00,26162.15,26162.25,26154.4,26155.15,566403
1767761640,2026-01-07T10:24:00,26156.8,26160.7,26150.15,26151.5,1271933
1767761700,2026-01-07T10:25:00,26152.25,26153.75,26150.3,26152.25,553797
1767761760,2026-01-07T10:26:00,26152.55,26155.45,26149.15,26150.25,583374
1767761820,2026-01-07T10:27:00,26151.2,26151.4,26140.8,26142.2,1020093
1767761880,2026-01-07T10:28:00,26143.35,26143.95,26129.75,26134.9,1415135
1767761940,2026-01-07T10:29:00,26135.15,26138.55,26133.1,26134.0,724163
1767762000,2026-01-07T10:30:00,26135.6,26137.75,26130.0,26130.45,679102
1767762060,2026-01-07T10:31:00,26131.1,26136.5,26129.6,26135.6,808837
1767762120,2026-01-07T10:32:00,26136.55,26141.6,26134.1,26140.45,532155
1767762180,2026-01-07T10:33:00,26140.9,26143.7,26131.2,26132.8,598295
1767762240,2026-01-07T10:34:00,26133.35,26136.4,26130.1,26131.45,490520
1767762300,2026-01-07T10:35:00,26131.5,26135.5,26128.05,26133.05,437130
1767762360,2026-01-07T10:36:00,26134.1,26135.3,26126.8,26126.85,688975
1767762420,2026-01-07T10:37:00,26127.5,26133.2,26125.3,26127.6,560038
1767762480,2026-01-07T10:38:00,26127.9,26129.05,26125.2,26126.65,399232
1767762540,2026-01-07T10:39:00,26127.35,26137.55,26127.15,26136.4,504893
1767762600,2026-01-07T10:40:00,26136.55,26145.25,26136.55,26143.85,795235
1767762660,2026-01-07T10:41:00,26144.25,26144.3,26138.75,26138.75,471160
1767762720,2026-01-07T10:42:00,26139.1,26142.95,26134.9,26135.95,518866
1767762780,2026-01-07T10:43:00,26136.35,26142.4,26135.25,26140.65,548917
1767762840,2026-01-07T10:44:00,26141.95,26144.2,26138.45,26141.9,384027
1767762900,2026-01-07T10:45:00,26142.4,26149.15,26141.15,26141.15,669783
1767762960,2026-01-07T10:46:00,26141.85,26142.65,26138.0,26138.15,449116
1767763020,2026-01-07T10:47:00,26138.95,26141.15,26136.4,26136.65,529967
1767763080,2026-01-07T10:48:00,26137.2,26138.1,26133.8,26137.3,478790
1767763140,2026-01-07T10:49:00,26138.35,26144.05,26137.25,26141.35,703773
1767763200,2026-01-07T10:50:00,26142.15,26147.6,26139.2,26146.85,689411
1767763260,2026-01-07T10:51:00,26147.2,26147.2,26144.05,26145.4,640594
1767763320,2026-01-07T10:52:00,26146.3,26154.7,26144.6,26153.05,587818
1767763380,2026-01-07T10:53:00,26153.65,26157.65,26151.55,26156.4,595212
1767763440,2026-01-07T10:54:00,26156.8,26167.95,26156.8,26165.85,754375
1767763500,2026-01-07T10:55:00,26166.35,26169.6,26164.55,26168.55,731661
1767763560,2026-01-07T10:56:00,26168.8,26175.7,26167.2,26174.0,751620
1767763620,2026-01-07T10:57:00,26174.0,26175.6,26166.95,26169.45,743666
1767763680,2026-01-07T10:58:00,26170.6,26170.6,26156.95,26157.15,862346
1767763740,2026-01-07T10:59:00,26158.35,26164.75,26155.6,26163.35,594376
1767763800,2026-01-07T11:00:00,26164.5,26164.5,26159.35,26160.15,549407
1767763860,2026-01-07T11:01:00,26161.25,26164.8,26159.65,26162.4,635086
1767763920,2026-01-07T11:02:00,26163.3,26167.5,26162.55,26166.85,599612
1767763980,2026-01-07T11:03:00,26167.4,26174.25,26166.8,26173.35,858355
1767764040,2026-01-07T11:04:00,26174.2,26179.75,26173.5,26179.05,1075588
1767764100,2026-01-07T11:05:00,26179.7,26184.75,26177.5,26182.1,1157792
1767764160,2026-01-07T11:06:00,26183.0,26183.0,26176.5,26176.5,850208
1767764220,2026-01-07T11:07:00,26177.65,26177.65,26172.3,26174.5,495465
1767764280,2026-01-07T11:08:00,26174.85,26179.45,26173.15,26177.95,734422
1767764340,2026-01-07T11:09:00,26178.05,26179.2,26171.55,26171.65,818843
1767764400,2026-01-07T11:10:00,26172.35,26172.35,26166.25,26166.7,534625
1767764460,2026-01-07T11:11:00,26167.75,26167.75,26154.5,26154.8,1001480
1767764520,2026-01-07T11:12:00,26155.1,26156.65,26151.35,26153.9,1701446
1767764580,2026-01-07T11:13:00,26154.1,26156.25,26152.45,26154.8,648019
1767764640,2026-01-07T11:14:00,26155.05,26158.75,26150.55,26151.6,1239472
1767764700,2026-01-07T11:15:00,26151.7,26152.45,26146.35,26148.15,943598
1767764760,2026-01-07T11:16:00,26149.7,26149.7,26140.45,26140.45,1297267
1767764820,2026-01-07T11:17:00,26141.15,26146.35,26140.2,26143.6,714781
1767764880,2026-01-07T11:18:00,26145.65,26148.6,26143.25,26147.8,1302184
1767764940,2026-01-07T11:19:00,26149.45,26153.7,26148.6,26152.85,1140842
1767765000,2026-01-07T11:20:00,26153.05,26154.9,26148.9,26148.9,796907
1767765060,2026-01-07T11:21:00,26150.05,26155.5,26147.35,26151.6,660411
1767765120,2026-01-07T11:22:00,26151.65,26151.65,26141.35,26141.65,730676
1767765180,2026-01-07T11:23:00,26142.05,26142.05,26134.75,26138.35,1006556
1767765240,2026-01-07T11:24:00,26136.6,26138.9,26131.8,26138.85,867908
1767765300,2026-01-07T11:25:00,26139.1,26141.8,26138.65,26140.4,549406
1767765360,2026-01-07T11:26:00,26141.15,26149.0,26138.95,26147.2,723288
1767765420,2026-01-07T11:27:00,26147.4,26156.8,26146.45,26153.55,924250
1767765480,2026-01-07T11:28:00,26155.85,26155.85,26140.5,26141.05,12665826
1767765540,2026-01-07T11:29:00,26141.25,26142.4,26138.35,26142.4,551806
1767765600,2026-01-07T11:30:00,26143.25,26149.4,26142.65,26144.45,637262
1767765660,2026-01-07T11:31:00,26145.8,26150.75,26145.35,26149.4,479693
1767765720,2026-01-07T11:32:00,26150.55,26151.1,26146.55,26147.6,480757
1767765780,2026-01-07T11:33:00,26148.1,26152.85,26144.7,26152.15,702505
1767765840,2026-01-07T11:34:00,26153.45,26162.15,26151.8,26158.15,609894
1767765900,2026-01-07T11:35:00,26159.55,26161.6,26156.3,26160.05,543008
1767765960,2026-01-07T11:36:00,26160.2,26165.95,26159.75,26164.35,525667
1767766020,2026-01-07T11:37:00,26165.2,26166.45,26159.8,26159.95,577120
1767766080,2026-01-07T11:38:00,26160.35,26160.55,26147.4,26148.3,522682
1767766140,2026-01-07T11:39:00,26148.55,26148.9,26140.8,26146.15,651257
1767766200,2026-01-07T11:40:00,26146.6,26149.6,26144.25,26147.1,651442
1767766260,2026-01-07T11:41:00,26148.25,26150.8,26146.85,26148.95,543482
1767766320,2026-01-07T11:42:00,26149.3,26149.4,26142.45,26144.05,2193272
1767766380,2026-01-07T11:43:00,26143.7,26148.05,26143.7,26145.35,430765
1767766440,2026-01-07T11:44:00,26145.8,26146.05,26142.05,26143.2,482918
1767766500,2026-01-07T11:45:00,26143.8,26144.35,26135.7,26136.15,433707
1767766560,2026-01-07T11:46:00,26136.15,26136.65,26131.2,26131.2,595096
1767766620,2026-01-07T11:47:00,26132.3,26135.05,26131.4,26132.5,527459
1767766680,2026-01-07T11:48:00,26133.75,26134.55,26128.85,26131.45,558048
1767766740,2026-01-07T11:49:00,26132.15,26137.95,26131.9,26135.65,1038460
1767766800,2026-01-07T11:50:00,26135.5,26140.65,26135.4,26138.65,549185
1767766860,2026-01-07T11:51:00,26139.15,26139.15,26134.1,26135.6,574032
1767766920,2026-01-07T11:52:00,26137.05,26139.0,26130.55,26130.55,648957
1767766980,2026-01-07T11:53:00,26131.4,26132.05,26127.7,26130.4,676002
1767767040,2026-01-07T11:54:00,26130.35,26132.7,26121.45,26121.45,450992
1767767100,2026-01-07T11:55:00,26122.55,26130.6,26122.35,26126.7,556478
1767767160,2026-01-07T11:56:00,26127.5,26127.75,26122.0,26122.9,422604
1767767220,2026-01-07T11:57:00,26123.15,26128.1,26121.5,26127.05,532855
1767767280,2026-01-07T11:58:00,26127.1,26127.6,26122.65,26126.45,496226
1767767340,2026-01-07T11:59:00,26127.2,26127.2,26118.95,26120.65,907554
1767767400,2026-01-07T12:00:00,26121.55,26123.3,26119.4,26121.55,642964
1767767460,2026-01-07T12:01:00,26122.15,26122.55,26116.75,26116.75,473704
1767767520,2026-01-07T12:02:00,26118.15,26120.9,26115.7,26115.7,561097
1767767580,2026-01-07T12:03:00,26115.7,26115.7,26112.15,26114.1,556343
1767767640,2026-01-07T12:04:00,26114.6,26119.3,26113.4,26115.2,526404
1767767700,2026-01-07T12:05:00,26115.7,26115.75,26109.45,26112.1,498851
1767767760,2026-01-07T12:06:00,26113.1,26115.05,26107.55,26108.3,584122
1767767820,2026-01-07T12:07:00,26108.4,26111.35,26106.2,26109.2,456691
1767767880,2026-01-07T12:08:00,26110.15,26115.2,26108.15,26114.6,526966
1767767940,2026-01-07T12:09:00,26114.5,26118.15,26111.2,26112.0,849002
1767768000,2026-01-07T12:10:00,26112.1,26112.5,26108.45,26110.45,461032
1767768060,2026-01-07T12:11:00,26111.35,26114.0,26110.0,26112.1,612415
1767768120,2026-01-07T12:12:00,26112.35,26113.05,26108.25,26111.55,452808
1767768180,2026-01-07T12:13:00,26111.65,26115.0,26110.7,26114.75,361897
1767768240,2026-01-07T12:14:00,26115.45,26115.8,26110.6,26112.1,383524
1767768300,2026-01-07T12:15:00,26112.55,26112.55,26107.0,26107.4,432031
1767768360,2026-01-07T12:16:00,26107.8,26110.85,26105.35,26110.05,404845
1767768420,2026-01-07T12:17:00,26110.45,26113.0,26108.5,26111.6,411030
1767768480,2026-01-07T12:18:00,26112.9,26115.55,26108.05,26109.0,380950
1767768540,2026-01-07T12:19:00,26109.75,26111.8,26102.75,26102.75,939691
1767768600,2026-01-07T12:20:00,26103.55,26107.75,26102.55,26103.3,549187
1767768660,2026-01-07T12:21:00,26103.0,26103.95,26099.3,26100.7,880901
1767768720,2026-01-07T12:22:00,26101.8,26108.0,26100.45,26106.65,822747
1767768780,2026-01-07T12:23:00,26107.15,26110.2,26106.1,26109.05,681387
1767768840,2026-01-07T12:24:00,26109.4,26110.55,26103.6,26103.6,784051
1767768900,2026-01-07T12:25:00,26104.0,26106.85,26102.9,26106.55,585816
1767768960,2026-01-07T12:26:00,26107.1,26112.1,26106.85,26110.7,509978
1767769020,2026-01-07T12:27:00,26111.15,26111.9,26106.55,26107.35,531103
1767769080,2026-01-07T12:28:00,26108.2,26108.2,26100.25,26100.4,900794
1767769140,2026-01-07T12:29:00,26101.3,26103.85,26096.45,26098.05,654065
1767769200,2026-01-07T12:30:00,26098.9,26110.3,26097.75,26108.85,599023
1767769260,2026-01-07T12:31:00,26108.95,26108.95,26104.85,26106.7,2084150
1767769320,2026-01-07T12:32:00,26107.2,26108.45,26105.25,26107.05,461198
1767769380,2026-01-07T12:33:00,26107.7,26107.7,26098.7,26103.05,1340546
1767769440,2026-01-07T12:34:00,26104.0,26109.3,26102.3,26106.25,381944
1767769500,2026-01-07T12:35:00,26106.55,26107.35,26103.85,26105.6,692948
1767769560,2026-01-07T12:36:00,26106.05,26107.4,26100.85,26101.7,550003
1767769620,2026-01-07T12:37:00,26101.9,26106.15,26098.65,26098.65,544778
1767769680,2026-01-07T12:38:00,26099.65,26101.4,26097.25,26099.65,554655
1767769740,2026-01-07T12:39:00,26101.5,26108.45,26100.9,26106.7,422781
1767769800,2026-01-07T12:40:00,26107.5,26108.25,26102.35,26103.5,383041
1767769860,2026-01-07T12:41:00,26104.15,26104.15,26097.7,26098.7,406702
1767769920,2026-01-07T12:42:00,26100.05,26101.3,26093.75,26094.3,362833
1767769980,2026-01-07T12:43:00,26094.85,26095.05,26078.55,26083.1,639926
1767770040,2026-01-07T12:44:00,26083.5,26087.6,26082.25,26083.25,376998
1767770100,2026-01-07T12:45:00,26083.45,26084.85,26080.75,26084.3,457340
1767770160,2026-01-07T12:46:00,26084.9,26085.2,26077.15,26077.75,485105
1767770220,2026-01-07T12:47:00,26078.6,26087.75,26077.0,26086.85,559730
1767770280,2026-01-07T12:48:00,26087.2,26088.2,26082.45,26082.45,468635
1767770340,2026-01-07T12:49:00,26083.2,26085.15,26080.0,26081.2,595628
1767770400,2026-01-07T12:50:00,26081.4,26085.55,26080.7,26084.8,518435
1767770460,2026-01-07T12:51:00,26085.75,26087.35,26083.55,26084.6,324077
1767770520,2026-01-07T12:52:00,26084.8,26085.9,26080.7,26084.6,492166
1767770580,2026-01-07T12:53:00,26084.65,26086.05,26082.65,26084.5,703232
1767770640,2026-01-07T12:54:00,26085.65,26089.8,26083.85,26086.4,423875
1767770700,2026-01-07T12:55:00,26087.55,26091.75,26086.85,26089.25,325975
1767770760,2026-01-07T12:56:00,26089.95,26094.75,26088.3,26092.6,1932018
1767770820,2026-01-07T12:57:00,26092.75,26097.35,26090.45,26095.75,465677
1767770880,2026-01-07T12:58:00,26096.85,26096.85,26093.35,26095.4,414472
1767770940,2026-01-07T12:59:00,26096.0,26099.45,26094.7,26098.0,430444
1767771000,2026-01-07T13:00:00,26098.6,26100.55,26096.8,26099.45,591022
1767771060,2026-01-07T13:01:00,26099.55,26106.6,26098.4,26106.35,573393
1767771120,2026-01-07T13:02:00,26107.05,26108.0,26101.6,26103.7,427346
1767771180,2026-01-07T13:03:00,26104.1,26109.05,26102.9,26106.65,458766
1767771240,2026-01-07T13:04:00,26107.85,26108.45,26104.5,26107.0,550511
1767771300,2026-01-07T13:05:00,26107.45,26109.55,26100.65,26103.3,579458
1767771360,2026-01-07T13:06:00,26104.1,26109.4,26102.15,26102.15,682658
1767771420,2026-01-07T13:07:00,26102.85,26108.75,26101.95,26108.35,496646
1767771480,2026-01-07T13:08:00,26108.75,26109.3,26105.95,26105.95,542965
1767771540,2026-01-07T13:09:00,26107.35,26107.95,26105.0,26106.15,565978
1767771600,2026-01-07T13:10:00,26106.3,26110.25,26104.05,26105.85,532377
1767771660,2026-01-07T13:11:00,26106.55,26113.45,26105.25,26110.85,580731
1767771720,2026-01-07T13:12:00,26112.0,26114.0,26105.45,26106.05,668985
1767771780,2026-01-07T13:13:00,26106.45,26112.05,26105.65,26108.1,506697
1767771840,2026-01-07T13:14:00,26109.05,26109.05,26102.65,26102.9,499389
1767771900,2026-01-07T13:15:00,26103.25,26103.85,26097.2,26097.2,830774
1767771960,2026-01-07T13:16:00,26098.35,26102.35,26095.15,26101.2,597307
1767772020,2026-01-07T13:17:00,26102.8,26104.85,26098.35,26098.35,628346
1767772080,2026-01-07T13:18:00,26099.4,26101.25,26094.75,26100.65,539826
1767772140,2026-01-07T13:19:00,26101.2,26102.05,26098.0,26098.7,706680
1767772200,2026-01-07T13:20:00,26098.9,26099.55,26095.25,26097.45,646785
1767772260,2026-01-07T13:21:00,26098.3,26098.3,26093.25,26093.25,461847
1767772320,2026-01-07T13:22:00,26094.35,26096.35,26091.95,26096.05,480137
1767772380,2026-01-07T13:23:00,26095.95,26096.2,26090.8,26093.15,394316
1767772440,2026-01-07T13:24:00,26093.4,26094.6,26089.8,26089.8,559139
1767772500,2026-01-07T13:25:00,26090.25,26091.65,26076.35,26076.45,1113558
1767772560,2026-01-07T13:26:00,26077.35,26077.45,26071.6,26075.85,1489311
1767772620,2026-01-07T13:27:00,26076.85,26078.1,26072.35,26073.65,583742
1767772680,2026-01-07T13:28:00,26074.15,26076.55,26069.55,26069.95,534351
1767772740,2026-01-07T13:29:00,26071.0,26073.9,26069.3,26073.0,659265
1767772800,2026-01-07T13:30:00,26073.25,26074.95,26069.0,26070.0,469987
1767772860,2026-01-07T13:31:00,26070.15,26077.55,26069.3,26076.9,661411
1767772920,2026-01-07T13:32:00,26077.4,26077.4,26073.7,26075.0,1168089
1767772980,2026-01-07T13:33:00,26075.0,26078.35,26073.7,26075.2,747909
1767773040,2026-01-07T13:34:00,26075.1,26076.55,26068.7,26071.1,661937
1767773100,2026-01-07T13:35:00,26071.75,26074.55,26070.05,26074.55,504303
1767773160,2026-01-07T13:36:00,26075.1,26075.9,26072.1,26073.05,516813
1767773220,2026-01-07T13:37:00,26073.7,26077.05,26072.7,26075.5,624484
1767773280,2026-01-07T13:38:00,26076.1,26083.1,26074.15,26083.1,679233
1767773340,2026-01-07T13:39:00,26083.7,26084.95,26079.6,26081.25,756915
1767773400,2026-01-07T13:40:00,26081.7,26082.05,26074.15,26074.2,459557
1767773460,2026-01-07T13:41:00,26074.75,26075.1,26071.65,26073.8,1131007
1767773520,2026-01-07T13:42:00,26073.5,26074.5,26067.9,26071.6,840059
1767773580,2026-01-07T13:43:00,26072.35,26076.85,26071.0,26074.4,595567
1767773640,2026-01-07T13:44:00,26074.6,26079.55,26073.75,26076.1,2768775
1767773700,2026-01-07T13:45:00,26076.6,26076.8,26071.15,26072.8,595349
1767773760,2026-01-07T13:46:00,26073.3,26078.5,26071.95,26076.45,1109524
1767773820,2026-01-07T13:47:00,26077.5,26078.0,26073.2,26076.5,610228
1767773880,2026-01-07T13:48:00,26077.25,26083.6,26075.8,26081.8,470211
1767773940,2026-01-07T13:49:00,26082.4,26084.15,26080.3,26082.9,462459
1767774000,2026-01-07T13:50:00,26083.35,26086.2,26082.0,26083.3,529604
1767774060,2026-01-07T13:51:00,26084.45,26085.05,26075.15,26075.45,497510
1767774120,2026-01-07T13:52:00,26075.8,26079.4,26070.7,26077.15,549450
1767774180,2026-01-07T13:53:00,26078.05,26082.8,26076.6,26082.55,1409515
1767774240,2026-01-07T13:54:00,26082.65,26084.6,26080.45,26081.2,459673
1767774300,2026-01-07T13:55:00,26081.8,26082.65,26078.05,26079.6,456380
1767774360,2026-01-07T13:56:00,26080.85,26083.0,26079.2,26081.9,616193
1767774420,2026-01-07T13:57:00,26083.15,26086.8,26081.45,26086.1,448861
1767774480,2026-01-07T13:58:00,26086.45,26092.2,26085.15,26091.7,648113
1767774540,2026-01-07T13:59:00,26091.9,26093.4,26090.4,26092.5,531588
1767774600,2026-01-07T14:00:00,26093.45,26093.95,26087.25,26088.65,882239
1767774660,2026-01-07T14:01:00,26088.45,26088.8,26082.2,26085.45,397327
1767774720,2026-01-07T14:02:00,26085.7,26091.15,26084.55,26090.7,471160
1767774780,2026-01-07T14:03:00,26091.0,26095.5,26090.0,26094.45,567239
1767774840,2026-01-07T14:04:00,26095.25,26100.0,26094.4,26099.15,445480
1767774900,2026-01-07T14:05:00,26099.45,26100.5,26095.5,26096.3,649326
1767774960,2026-01-07T14:06:00,26097.5,26098.05,26094.9,26096.05,459841
1767775020,2026-01-07T14:07:00,26097.05,26097.05,26093.25,26095.85,589597
1767775080,2026-01-07T14:08:00,26096.1,26100.3,26094.4,26098.95,554265
1767775140,2026-01-07T14:09:00,26099.55,26103.0,26098.35,26099.9,744372
1767775200,2026-01-07T14:10:00,26100.1,26101.35,26098.2,26100.95,507668
1767775260,2026-01-07T14:11:00,26101.35,26106.15,26100.0,26104.65,530816
1767775320,2026-01-07T14:12:00,26104.4,26105.4,26101.85,26104.9,452431
1767775380,2026-01-07T14:13:00,26105.55,26106.15,26100.95,26101.55,564116
1767775440,2026-01-07T14:14:00,26102.15,26102.55,26098.2,26098.85,559178
1767775500,2026-01-07T14:15:00,26099.25,26099.55,26096.4,26097.3,609027
1767775560,2026-01-07T14:16:00,26097.85,26098.05,26094.05,26095.45,508375
1767775620,2026-01-07T14:17:00,26095.9,26097.3,26091.9,26093.3,640637
1767775680,2026-01-07T14:18:00,26094.0,26094.65,26087.65,26091.4,1087427
1767775740,2026-01-07T14:19:00,26089.35,26094.4,26087.65,26091.3,775580
1767775800,2026-01-07T14:20:00,26092.65,26093.25,26088.25,26090.7,628843
1767775860,2026-01-07T14:21:00,26090.9,26093.3,26084.0,26087.4,557647
1767775920,2026-01-07T14:22:00,26088.75,26095.8,26087.2,26095.8,563360
1767775980,2026-01-07T14:23:00,26096.9,26098.25,26093.15,26094.65,412431
1767776040,2026-01-07T14:24:00,26094.6,26095.1,26085.75,26088.15,525302
1767776100,2026-01-07T14:25:00,26088.75,26091.05,26087.15,26090.45,522401
1767776160,2026-01-07T14:26:00,26090.85,26090.85,26085.55,26086.95,551896
1767776220,2026-01-07T14:27:00,26086.75,26090.35,26085.35,26089.15,572796
1767776280,2026-01-07T14:28:00,26089.55,26095.85,26089.1,26095.55,536833
1767776340,2026-01-07T14:29:00,26095.5,26097.75,26093.3,26096.2,387550
1767776400,2026-01-07T14:30:00,26096.45,26099.85,26095.25,26098.65,677955
1767776460,2026-01-07T14:31:00,26098.75,26098.75,26090.3,26093.55,737956
1767776520,2026-01-07T14:32:00,26093.95,26098.5,26090.4,26090.9,556207
1767776580,2026-01-07T14:33:00,26091.1,26092.45,26083.2,26085.15,915869
1767776640,2026-01-07T14:34:00,26085.6,26089.0,26083.7,26087.2,525549
1767776700,2026-01-07T14:35:00,26089.6,26093.55,26087.8,26089.45,507859
1767776760,2026-01-07T14:36:00,26089.9,26091.15,26087.2,26089.55,474500
1767776820,2026-01-07T14:37:00,26090.15,26090.4,26086.95,26088.0,464331
1767776880,2026-01-07T14:38:00,26089.1,26094.1,26086.75,26093.35,651979
1767776940,2026-01-07T14:39:00,26095.1,26100.55,26093.7,26099.3,535233
1767777000,2026-01-07T14:40:00,26099.25,26100.25,26096.35,26097.55,559961
1767777060,2026-01-07T14:41:00,26098.3,26102.25,26095.5,26100.8,716978
1767777120,2026-01-07T14:42:00,26101.4,26103.95,26100.0,26102.8,681208
1767777180,2026-01-07T14:43:00,26104.5,26110.15,26101.9,26109.0,974224
1767777240,2026-01-07T14:44:00,26109.05,26111.45,26106.75,26109.0,901020
1767777300,2026-01-07T14:45:00,26109.35,26109.35,26104.25,26107.25,651465
1767777360,2026-01-07T14:46:00,26107.8,26109.8,26102.45,26104.85,720534
1767777420,2026-01-07T14:47:00,26104.85,26104.9,26100.85,26102.1,756590
1767777480,2026-01-07T14:48:00,26102.5,26102.5,26094.1,26094.9,2239360
1767777540,2026-01-07T14:49:00,26095.55,26097.65,26094.1,26097.25,696573
1767777600,2026-01-07T14:50:00,26097.3,26100.05,26095.4,26098.4,709564
1767777660,2026-01-07T14:51:00,26098.5,26109.2,26097.9,26109.2,1421621
1767777720,2026-01-07T14:52:00,26109.45,26114.35,26108.55,26112.95,907613
1767777780,2026-01-07T14:53:00,26113.9,26117.45,26111.65,26117.1,735927
1767777840,2026-01-07T14:54:00,26117.2,26121.3,26116.35,26119.25,921152
1767777900,2026-01-07T14:55:00,26119.2,26120.75,26111.65,26113.35,1020136
1767777960,2026-01-07T14:56:00,26113.65,26117.2,26112.1,26116.4,933809
1767778020,2026-01-07T14:57:00,26117.75,26118.3,26111.8,26114.7,1218128
1767778080,2026-01-07T14:58:00,26115.75,26117.4,26113.3,26117.05,1142083
1767778140,2026-01-07T14:59:00,26117.7,26119.15,26115.55,26117.35,902575
1767778200,2026-01-07T15:00:00,26125.1,26135.35,26123.1,26123.1,2642168
1767778260,2026-01-07T15:01:00,26124.15,26130.8,26124.15,26125.85,1429705
1767778320,2026-01-07T15:02:00,26126.55,26130.5,26121.8,26123.1,1677865
1767778380,2026-01-07T15:03:00,26124.9,26126.55,26119.6,26126.05,1474432
1767778440,2026-01-07T15:04:00,26127.35,26129.9,26125.8,26128.4,1383379
1767778500,2026-01-07T15:05:00,26129.85,26134.85,26128.9,26133.7,1384072
1767778560,2026-01-07T15:06:00,26134.75,26140.2,26133.95,26139.05,1547903
1767778620,2026-01-07T15:07:00,26139.95,26146.8,26139.4,26144.6,1961968
1767778680,2026-01-07T15:08:00,26145.1,26146.65,26140.95,26141.3,1624953
1767778740,2026-01-07T15:09:00,26142.25,26146.7,26141.35,26145.5,1874086
1767778800,2026-01-07T15:10:00,26146.05,26146.15,26140.75,26142.1,1665047
1767778860,2026-01-07T15:11:00,26142.7,26146.4,26141.8,26144.0,1558467
1767778920,2026-01-07T15:12:00,26144.95,26148.2,26144.6,26147.4,1710051
1767778980,2026-01-07T15:13:00,26148.95,26152.95,26147.3,26151.35,1761357
1767779040,2026-01-07T15:14:00,26151.75,26152.65,26149.65,26151.8,2195254
1767779100,2026-01-07T15:15:00,26153.4,26153.6,26146.95,26147.8,2279963
1767779160,2026-01-07T15:16:00,26148.6,26149.0,26142.7,26143.15,1783648
1767779220,2026-01-07T15:17:00,26143.8,26144.9,26139.55,26140.35,1865736
1767779280,2026-01-07T15:18:00,26140.75,26140.75,26136.3,26138.85,2040475
1767779340,2026-01-07T15:19:00,26139.15,26141.5,26139.1,26140.5,1880167
1767779400,2026-01-07T15:20:00,26141.4,26141.4,26136.75,26138.3,2539099
1767779460,2026-01-07T15:21:00,26139.2,26139.55,26135.75,26135.95,2286718
1767779520,2026-01-07T15:22:00,26136.8,26136.8,26133.75,26134.7,1959277
1767779580,2026-01-07T15:23:00,26135.5,26140.65,26134.85,26139.8,1829526
1767779640,2026-01-07T15:24:00,26140.45,26140.45,26136.85,26137.45,2377917
1767779700,2026-01-07T15:25:00,26138.1,26141.95,26136.75,26139.8,2607694
1767779760,2026-01-07T15:26:00,26141.05,26142.95,26138.4,26139.1,1701157
1767779820,2026-01-07T15:27:00,26138.5,26149.15,26136.05,26146.0,1807427
1767779880,2026-01-07T15:28:00,26145.9,26147.05,26141.85,26144.15,1730224
1767779940,2026-01-07T15:29:00,26143.7,26147.4,26138.4,26142.9,1191855
1767843900,2026-01-08T09:15:00,26106.5,26121.2,26074.85,26101.75,5168891
1767843960,2026-01-08T09:16:00,26098.35,26116.95,26096.5,26115.1,3233493
1767844020,2026-01-08T09:17:00,26114.0,26123.45,26113.6,26120.15,2443442
1767844080,2026-01-08T09:18:00,26120.35,26125.7,26116.0,26123.65,2177122
1767844140,2026-01-08T09:19:00,26123.0,26133.2,26120.05,26123.25,1550353
1767844200,2026-01-08T09:20:00,26119.85,26119.85,26106.9,26108.75,1517799
1767844260,2026-01-08T09:21:00,26108.2,26108.3,26098.45,26104.8,1782787
1767844320,2026-01-08T09:22:00,26104.75,26107.4,26094.35,26095.0,1717505
1767844380,2026-01-08T09:23:00,26094.5,26100.15,26091.75,26096.8,1322198
1767844440,2026-01-08T09:24:00,26095.85,26102.85,26090.9,26096.75,1203423
1767844500,2026-01-08T09:25:00,26096.6,26097.0,26087.55,26087.55,1136941
1767844560,2026-01-08T09:26:00,26087.2,26088.3,26075.9,26076.6,974317
1767844620,2026-01-08T09:27:00,26075.8,26078.7,26070.7,26077.85,896969
1767844680,2026-01-08T09:28:00,26078.15,26078.65,26069.55,26074.3,1050353
1767844740,2026-01-08T09:29:00,26075.05,26075.05,26063.75,26064.5,1636824
1767844800,2026-01-08T09:30:00,26065.0,26070.05,26060.4,26062.3,897734
1767844860,2026-01-08T09:31:00,26062.4,26066.95,26059.3,26065.55,1112652
1767844920,2026-01-08T09:32:00,26064.6,26065.05,26052.4,26054.25,1041700
1767844980,2026-01-08T09:33:00,26054.3,26060.15,26049.85,26052.45,1078924
1767845040,2026-01-08T09:34:00,26053.1,26065.95,26052.0,26060.7,1055907
1767845100,2026-01-08T09:35:00,26060.8,26064.8,26053.25,26054.05,1324161
1767845160,2026-01-08T09:36:00,26054.1,26067.55,26053.25,26067.55,988550
1767845220,2026-01-08T09:37:00,26067.9,26083.1,26064.6,26082.8,1570107
1767845280,2026-01-08T09:38:00,26083.95,26089.95,26081.45,26087.8,924734
1767845340,2026-01-08T09:39:00,26087.45,26095.9,26087.45,26092.45,743773
1767845400,2026-01-08T09:40:00,26092.85,26095.3,26087.3,26092.65,720134
1767845460,2026-01-08T09:41:00,26090.7,26103.35,26090.55,26100.65,945311
1767845520,2026-01-08T09:42:00,26100.85,26102.55,26093.3,26095.95,1034583
1767845580,2026-01-08T09:43:00,26095.35,26098.0,26088.5,26095.55,1833302
1767845640,2026-01-08T09:44:00,26096.45,26100.7,26090.0,26090.7,1186716
1767845700,2026-01-08T09:45:00,26090.65,26091.3,26076.4,26077.7,1513641
1767845760,2026-01-08T09:46:00,26077.3,26081.65,26074.85,26081.65,958807
1767845820,2026-01-08T09:47:00,26081.5,26082.9,26073.25,26075.9,921068
1767845880,2026-01-08T09:48:00,26076.1,26077.8,26068.45,26075.85,1115069
1767845940,2026-01-08T09:49:00,26076.15,26083.1,26072.35,26082.2,1045300
1767846000,2026-01-08T09:50:00,26081.75,26082.1,26069.9,26070.5,817744
1767846060,2026-01-08T09:51:00,26069.3,26072.35,26066.2,26069.5,709557
1767846120,2026-01-08T09:52:00,26068.45,26073.4,26068.15,26070.7,1090673
1767846180,2026-01-08T09:53:00,26070.9,26081.25,26067.35,26081.2,871210
1767846240,2026-01-08T09:54:00,26082.05,26099.1,26082.05,26096.75,649246
1767846300,2026-01-08T09:55:00,26096.65,26098.65,26088.05,26089.65,687406
1767846360,2026-01-08T09:56:00,26090.25,26093.9,26088.1,26092.25,714846
1767846420,2026-01-08T09:57:00,26091.65,26093.0,26084.55,26086.7,894939
1767846480,2026-01-08T09:58:00,26086.2,26093.9,26084.7,26092.1,807841
1767846540,2026-01-08T09:59:00,26092.8,26098.15,26090.95,26091.7,710717
1767846600,2026-01-08T10:00:00,26091.05,26091.65,26079.75,26081.9,629251
1767846660,2026-01-08T10:01:00,26079.55,26080.35,26067.4,26069.8,6885637
1767846720,2026-01-08T10:02:00,26070.9,26073.35,26065.0,26073.35,2727166
1767846780,2026-01-08T10:03:00,26073.1,26079.4,26072.95,26073.6,1050425
1767846840,2026-01-08T10:04:00,26074.25,26074.25,26064.75,26066.05,737452
1767846900,2026-01-08T10:05:00,26065.9,26072.05,26065.45,26068.4,840061
1767846960,2026-01-08T10:06:00,26068.35,26072.05,26065.3,26065.4,1086943
1767847020,2026-01-08T10:07:00,26065.8,26067.7,26058.2,26059.25,1050291
1767847080,2026-01-08T10:08:00,26059.35,26059.7,26053.25,26056.7,1516567
1767847140,2026-01-08T10:09:00,26056.75,26058.95,26053.15,26055.4,836166
1767847200,2026-01-08T10:10:00,26055.55,26055.6,26048.85,26048.95,1004187
1767847260,2026-01-08T10:11:00,26048.95,26052.9,26047.9,26051.65,792579
1767847320,2026-01-08T10:12:00,26052.65,26059.5,26049.3,26056.55,643936
1767847380,2026-01-08T10:13:00,26056.3,26057.8,26049.6,26053.85,679023
1767847440,2026-01-08T10:14:00,26053.7,26065.1,26052.0,26061.15,581810
1767847500,2026-01-08T10:15:00,26061.8,26062.0,26054.15,26055.25,435909
1767847560,2026-01-08T10:16:00,26054.9,26059.45,26048.5,26059.15,510258
1767847620,2026-01-08T10:17:00,26058.5,26060.0,26052.8,26054.4,432521
1767847680,2026-01-08T10:18:00,26054.2,26054.7,26047.05,26048.2,448564
1767847740,2026-01-08T10:19:00,26048.7,26053.45,26037.15,26037.15,559060
1767847800,2026-01-08T10:20:00,26038.35,26041.85,26032.4,26035.05,774507
1767847860,2026-01-08T10:21:00,26034.8,26034.85,26026.9,26028.9,1046166
1767847920,2026-01-08T10:22:00,26028.1,26031.85,26026.15,26028.55,562153
1767847980,2026-01-08T10:23:00,26028.3,26033.55,26026.7,26032.15,571631
1767848040,2026-01-08T10:24:00,26031.85,26037.4,26029.2,26034.8,410993
1767848100,2026-01-08T10:25:00,26035.5,26035.85,26030.75,26034.25,759613
1767848160,2026-01-08T10:26:00,26034.35,26041.1,26032.8,26034.15,1576943
1767848220,2026-01-08T10:27:00,26034.7,26035.75,26031.35,26032.85,1803044
1767848280,2026-01-08T10:28:00,26032.75,26040.5,26032.5,26036.45,521731
1767848340,2026-01-08T10:29:00,26037.4,26041.85,26034.75,26039.95,554443
1767848400,2026-01-08T10:30:00,26040.15,26041.8,26033.4,26034.3,599020
1767848460,2026-01-08T10:31:00,26034.45,26039.2,26032.1,26035.85,709281
1767848520,2026-01-08T10:32:00,26035.65,26037.8,26032.3,26033.1,517483
1767848580,2026-01-08T10:33:00,26033.45,26034.05,26029.15,26029.2,499394
1767848640,2026-01-08T10:34:00,26029.6,26041.25,26029.6,26037.8,778745
1767848700,2026-01-08T10:35:00,26038.5,26042.55,26035.95,26040.95,555357
1767848760,2026-01-08T10:36:00,26040.55,26041.35,26036.1,26036.7,607279
1767848820,2026-01-08T10:37:00,26037.15,26038.9,26031.15,26033.4,649796
1767848880,2026-01-08T10:38:00,26032.8,26033.9,26026.6,26029.55,575728
1767848940,2026-01-08T10:39:00,26029.1,26032.45,26028.75,26031.15,612759
1767849000,2026-01-08T10:40:00,26030.85,26033.5,26025.75,26026.8,663688
1767849060,2026-01-08T10:41:00,26026.35,26030.05,26025.0,26028.75,630689
1767849120,2026-01-08T10:42:00,26029.05,26032.25,26027.65,26028.85,755230
1767849180,2026-01-08T10:43:00,26029.0,26034.65,26027.05,26032.1,613206
1767849240,2026-01-08T10:44:00,26032.55,26037.3,26031.5,26031.6,1050465
1767849300,2026-01-08T10:45:00,26031.85,26035.4,26029.25,26033.1,1243086
1767849360,2026-01-08T10:46:00,26031.9,26035.75,26031.55,26034.4,1007850
1767849420,2026-01-08T10:47:00,26034.5,26035.45,26029.7,26029.7,537010
1767849480,2026-01-08T10:48:00,26030.5,26033.55,26028.75,26030.85,651425
1767849540,2026-01-08T10:49:00,26031.45,26031.45,26027.0,26027.0,440754
1767849600,2026-01-08T10:50:00,26027.1,26030.25,26023.55,26029.9,775451
1767849660,2026-01-08T10:51:00,26029.7,26031.3,26025.8,26026.4,865269
1767849720,2026-01-08T10:52:00,26027.1,26028.1,26016.3,26017.9,550541
1767849780,2026-01-08T10:53:00,26016.65,26021.55,26013.4,26020.75,1112582
1767849840,2026-01-08T10:54:00,26020.7,26024.15,26017.95,26021.55,513640
1767849900,2026-01-08T10:55:00,26021.75,26024.2,26018.7,26019.1,1691016
1767849960,2026-01-08T10:56:00,26018.7,26024.5,26017.9,26023.35,1073459
1767850020,2026-01-08T10:57:00,26023.0,26024.4,26016.45,26019.0,687820
1767850080,2026-01-08T10:58:00,26019.05,26021.1,26017.2,26019.1,597177
1767850140,2026-01-08T10:59:00,26019.3,26019.35,26012.8,26016.9,653669
1767850200,2026-01-08T11:00:00,26017.55,26017.55,26012.2,26016.4,688881
1767850260,2026-01-08T11:01:00,26015.85,26017.0,26011.2,26012.45,684156
1767850320,2026-01-08T11:02:00,26013.15,26014.3,26008.7,26010.5,719062
1767850380,2026-01-08T11:03:00,26010.85,26013.95,26006.4,26012.6,816551
1767850440,2026-01-08T11:04:00,26012.2,26017.75,26011.25,26016.8,1001593
1767850500,2026-01-08T11:05:00,26016.3,26016.35,26008.25,26011.1,1077232
1767850560,2026-01-08T11:06:00,26010.7,26016.25,26008.85,26013.9,1201509
1767850620,2026-01-08T11:07:00,26013.55,26016.65,26011.1,26011.1,808222
1767850680,2026-01-08T11:08:00,26012.05,26014.25,26010.0,26012.1,704476
1767850740,2026-01-08T11:09:00,26012.65,26015.05,26011.0,26014.5,714280
1767850800,2026-01-08T11:10:00,26013.8,26013.8,26008.15,26008.15,797345
1767850860,2026-01-08T11:11:00,26008.95,26011.05,26005.35,26008.8,649178
1767850920,2026-01-08T11:12:00,26009.3,26011.45,26004.25,26006.1,991655
1767850980,2026-01-08T11:13:00,26006.7,26007.9,26003.3,26004.85,616067
1767851040,2026-01-08T11:14:00,26004.5,26006.6,26000.95,26003.8,684917
1767851100,2026-01-08T11:15:00,26001.65,26007.3,25999.45,26005.55,827489
1767851160,2026-01-08T11:16:00,26004.85,26006.5,26002.5,26004.15,665076
1767851220,2026-01-08T11:17:00,26004.05,26008.2,26002.85,26005.6,597911
1767851280,2026-01-08T11:18:00,26005.8,26006.95,25996.1,25996.95,974119
1767851340,2026-01-08T11:19:00,25997.15,25999.45,25993.6,25999.0,928326
1767851400,2026-01-08T11:20:00,25997.8,25998.3,25981.85,25983.05,846859
1767851460,2026-01-08T11:21:00,25983.65,25984.7,25970.05,25974.55,1162267
1767851520,2026-01-08T11:22:00,25973.85,25978.1,25971.9,25976.75,876960
1767851580,2026-01-08T11:23:00,25976.85,25977.05,25971.6,25973.0,665931
1767851640,2026-01-08T11:24:00,25972.8,25973.35,25967.8,25969.0,738316
1767851700,2026-01-08T11:25:00,25970.1,25970.1,25963.65,25968.55,756538
1767851760,2026-01-08T11:26:00,25967.8,25972.55,25967.0,25969.9,981723
1767851820,2026-01-08T11:27:00,25971.0,25976.15,25970.05,25974.05,731539
1767851880,2026-01-08T11:28:00,25973.7,25974.7,25969.8,25971.75,573915
1767851940,2026-01-08T11:29:00,25970.15,25975.85,25968.95,25975.6,506113
1767852000,2026-01-08T11:30:00,25975.2,25975.35,25967.95,25968.05,674293
1767852060,2026-01-08T11:31:00,25967.55,25969.8,25961.8,25966.95,628262
1767852120,2026-01-08T11:32:00,25967.2,25972.9,25964.45,25971.5,884663
1767852180,2026-01-08T11:33:00,25971.05,25973.0,25966.5,25970.35,532418
1767852240,2026-01-08T11:34:00,25970.8,25972.45,25967.4,25968.45,510423
1767852300,2026-01-08T11:35:00,25968.15,25972.8,25968.15,25971.65,709037
1767852360,2026-01-08T11:36:00,25971.65,25982.7,25970.45,25978.0,885750
1767852420,2026-01-08T11:37:00,25978.0,25978.05,25973.65,25977.4,571375
1767852480,2026-01-08T11:38:00,25977.55,25981.8,25977.1,25981.25,846799
1767852540,2026-01-08T11:39:00,25981.35,25985.0,25979.25,25982.4,748113
1767852600,2026-01-08T11:40:00,25982.4,25988.6,25978.55,25983.7,785266
1767852660,2026-01-08T11:41:00,25983.3,25984.4,25978.15,25983.15,638340
1767852720,2026-01-08T11:42:00,25982.85,25986.5,25981.4,25981.55,596312
1767852780,2026-01-08T11:43:00,25981.15,25982.2,25976.5,25977.2,791469
1767852840,2026-01-08T11:44:00,25977.55,25978.5,25973.2,25974.15,485129
1767852900,2026-01-08T11:45:00,25974.2,25978.5,25972.8,25973.8,617136
1767852960,2026-01-08T11:46:00,25973.9,25974.25,25969.85,25971.2,681606
1767853020,2026-01-08T11:47:00,25970.65,25972.25,25963.15,25966.4,1082652
1767853080,2026-01-08T11:48:00,25967.35,25970.25,25958.15,25961.35,1018005
1767853140,2026-01-08T11:49:00,25961.65,25966.0,25958.25,25958.95,750361
1767853200,2026-01-08T11:50:00,25958.75,25960.2,25954.35,25957.85,726014
1767853260,2026-01-08T11:51:00,25958.35,25961.95,25957.3,25960.9,1025522
1767853320,2026-01-08T11:52:00,25960.35,25967.0,25958.15,25963.6,611016
1767853380,2026-01-08T11:53:00,25963.65,25964.6,25957.7,25964.15,619008
1767853440,2026-01-08T11:54:00,25964.65,25967.4,25960.35,25960.35,431491
1767853500,2026-01-08T11:55:00,25960.6,25960.9,25955.75,25958.15,438857
1767853560,2026-01-08T11:56:00,25959.1,25962.1,25953.35,25956.4,488258
1767853620,2026-01-08T11:57:00,25955.85,25957.2,25951.4,25952.2,571139
1767853680,2026-01-08T11:58:00,25951.3,25953.4,25938.3,25939.6,789461
1767853740,2026-01-08T11:59:00,25939.6,25943.75,25935.9,25938.3,878398
1767853800,2026-01-08T12:00:00,25938.1,25943.2,25935.7,25936.15,849220
1767853860,2026-01-08T12:01:00,25936.55,25940.2,25934.75,25938.4,619870
1767853920,2026-01-08T12:02:00,25938.55,25939.85,25923.2,25925.2,779279
1767853980,2026-01-08T12:03:00,25925.05,25929.0,25917.5,25920.05,1037815
1767854040,2026-01-08T12:04:00,25920.1,25922.5,25916.45,25917.45,654997
1767854100,2026-01-08T12:05:00,25916.55,25917.1,25894.4,25895.5,1043570
1767854160,2026-01-08T12:06:00,25895.9,25904.1,25884.15,25904.1,1021954
1767854220,2026-01-08T12:07:00,25904.25,25907.9,25903.4,25907.9,661797
1767854280,2026-01-08T12:08:00,25908.4,25922.4,25908.4,25919.7,927955
1767854340,2026-01-08T12:09:00,25918.85,25922.85,25917.15,25921.4,790702
1767854400,2026-01-08T12:10:00,25921.35,25923.7,25916.15,25921.0,623354
1767854460,2026-01-08T12:11:00,25920.6,25922.25,25918.2,25919.4,633954
1767854520,2026-01-08T12:12:00,25918.8,25925.85,25918.7,25922.5,557077
1767854580,2026-01-08T12:13:00,25922.15,25926.4,25920.45,25924.85,550139
1767854640,2026-01-08T12:14:00,25924.5,25935.75,25924.5,25933.75,901340
1767854700,2026-01-08T12:15:00,25934.0,25936.05,25929.4,25935.5,727565
1767854760,2026-01-08T12:16:00,25935.25,25945.4,25934.8,25943.15,759263
1767854820,2026-01-08T12:17:00,25943.8,25944.1,25936.1,25939.25,968258
1767854880,2026-01-08T12:18:00,25939.85,25940.7,25928.5,25930.9,560369
1767854940,2026-01-08T12:19:00,25930.9,25935.1,25929.2,25930.85,511752
1767855000,2026-01-08T12:20:00,25930.25,25933.5,25922.95,25923.45,766609
1767855060,2026-01-08T12:21:00,25923.45,25928.9,25923.2,25928.9,490782
1767855120,2026-01-08T12:22:00,25929.25,25932.1,25923.0,25924.65,529186
1767855180,2026-01-08T12:23:00,25924.25,25926.6,25921.8,25925.6,490884
1767855240,2026-01-08T12:24:00,25924.9,25925.7,25919.9,25923.3,542096
1767855300,2026-01-08T12:25:00,25922.7,25935.8,25922.7,25935.2,351567
1767855360,2026-01-08T12:26:00,25935.75,25938.55,25933.1,25938.55,481847
1767855420,2026-01-08T12:27:00,25938.0,25941.5,25936.3,25938.0,640780
1767855480,2026-01-08T12:28:00,25938.0,25939.15,25934.5,25939.0,455184
1767855540,2026-01-08T12:29:00,25939.1,25939.7,25933.35,25935.8,436196
1767855600,2026-01-08T12:30:00,25935.7,25938.15,25931.5,25935.9,389118
1767855660,2026-01-08T12:31:00,25936.1,25936.95,25924.9,25925.15,606894
1767855720,2026-01-08T12:32:00,25925.3,25927.3,25918.15,25919.9,1634600
1767855780,2026-01-08T12:33:00,25919.95,25928.25,25918.65,25920.9,595176
1767855840,2026-01-08T12:34:00,25921.05,25921.55,25916.15,25917.9,565358
1767855900,2026-01-08T12:35:00,25917.5,25920.8,25912.7,25914.7,536680
1767855960,2026-01-08T12:36:00,25913.8,25921.0,25912.25,25920.25,565058
1767856020,2026-01-08T12:37:00,25921.6,25924.85,25918.55,25922.0,625218
1767856080,2026-01-08T12:38:00,25921.7,25928.6,25919.45,25926.7,524219
1767856140,2026-01-08T12:39:00,25926.75,25929.95,25921.0,25925.25,1079246
1767856200,2026-01-08T12:40:00,25924.5,25928.35,25920.5,25921.05,423523
1767856260,2026-01-08T12:41:00,25920.6,25928.25,25916.5,25924.9,740892
1767856320,2026-01-08T12:42:00,25926.15,25926.8,25916.9,25917.9,420040
1767856380,2026-01-08T12:43:00,25917.8,25922.0,25916.3,25919.95,480276
1767856440,2026-01-08T12:44:00,25919.45,25928.1,25919.0,25924.45,940127
1767856500,2026-01-08T12:45:00,25924.75,25926.0,25920.3,25921.8,959198
1767856560,2026-01-08T12:46:00,25921.9,25925.2,25919.4,25921.5,573980
1767856620,2026-01-08T12:47:00,25922.95,25923.0,25916.55,25916.55,633504
1767856680,2026-01-08T12:48:00,25917.15,25917.5,25909.6,25910.5,454703
1767856740,2026-01-08T12:49:00,25909.75,25914.85,25909.5,25913.95,455570
1767856800,2026-01-08T12:50:00,25913.7,25915.05,25911.15,25913.2,804440
1767856860,2026-01-08T12:51:00,25913.2,25913.75,25908.2,25908.8,589612
1767856920,2026-01-08T12:52:00,25908.75,25909.7,25903.15,25905.8,829898
1767856980,2026-01-08T12:53:00,25906.3,25915.0,25906.3,25913.6,1025565
1767857040,2026-01-08T12:54:00,25915.0,25920.9,25914.55,25914.75,456772
1767857100,2026-01-08T12:55:00,25915.25,25917.9,25910.0,25910.95,515038
1767857160,2026-01-08T12:56:00,25911.3,25916.5,25910.15,25915.2,529381
1767857220,2026-01-08T12:57:00,25914.95,25919.15,25914.0,25914.8,533926
1767857280,2026-01-08T12:58:00,25914.55,25917.15,25914.3,25915.45,346467
1767857340,2026-01-08T12:59:00,25915.3,25916.55,25911.35,25911.7,461011
1767857400,2026-01-08T13:00:00,25912.05,25912.1,25905.65,25905.65,535740
1767857460,2026-01-08T13:01:00,25905.4,25907.05,25901.85,25902.8,749429
1767857520,2026-01-08T13:02:00,25902.4,25907.95,25900.75,25907.95,458238
1767857580,2026-01-08T13:03:00,25908.6,25915.55,25908.6,25913.65,462198
1767857640,2026-01-08T13:04:00,25914.6,25924.0,25913.85,25923.75,541003
1767857700,2026-01-08T13:05:00,25923.65,25928.5,25923.1,25925.6,392394
1767857760,2026-01-08T13:06:00,25926.65,25927.0,25923.25,25924.35,464944
1767857820,2026-01-08T13:07:00,25924.4,25925.55,25919.75,25920.5,555567
1767857880,2026-01-08T13:08:00,25920.8,25922.35,25917.35,25918.0,560088
1767857940,2026-01-08T13:09:00,25918.35,25922.6,25912.75,25922.6,453755
1767858000,2026-01-08T13:10:00,25922.8,25927.95,25920.45,25921.65,389180
1767858060,2026-01-08T13:11:00,25922.3,25924.0,25920.45,25920.7,331275
1767858120,2026-01-08T13:12:00,25921.55,25923.85,25919.2,25921.5,373686
1767858180,2026-01-08T13:13:00,25920.95,25924.05,25919.35,25921.25,434859
1767858240,2026-01-08T13:14:00,25921.15,25928.2,25920.6,25926.1,671909
1767858300,2026-01-08T13:15:00,25925.25,25928.2,25917.35,25921.8,503288
1767858360,2026-01-08T13:16:00,25922.05,25922.6,25914.35,25915.65,610036
1767858420,2026-01-08T13:17:00,25915.8,25917.7,25911.55,25912.4,414465
1767858480,2026-01-08T13:18:00,25912.7,25916.4,25910.4,25914.2,417504
1767858540,2026-01-08T13:19:00,25914.0,25919.1,25913.75,25915.25,372213
1767858600,2026-01-08T13:20:00,25915.2,25917.1,25910.5,25915.0,475771
1767858660,2026-01-08T13:21:00,25914.95,25916.3,25913.8,25914.4,586264
1767858720,2026-01-08T13:22:00,25914.6,25915.5,25907.5,25908.1,442463
1767858780,2026-01-08T13:23:00,25908.0,25915.45,25906.65,25911.7,413761
1767858840,2026-01-08T13:24:00,25911.8,25913.5,25909.2,25909.75,553079
1767858900,2026-01-08T13:25:00,25910.05,25911.75,25907.3,25911.5,450894
1767858960,2026-01-08T13:26:00,25911.55,25913.15,25900.9,25900.9,495039
1767859020,2026-01-08T13:27:00,25900.6,25905.75,25897.25,25904.75,597008
1767859080,2026-01-08T13:28:00,25904.2,25905.0,25897.4,25898.55,449501
1767859140,2026-01-08T13:29:00,25899.55,25901.9,25893.5,25893.5,582088
1767859200,2026-01-08T13:30:00,25894.15,25894.7,25886.4,25888.7,639579
1767859260,2026-01-08T13:31:00,25888.0,25896.95,25887.7,25894.5,677166
1767859320,2026-01-08T13:32:00,25894.3,25896.75,25891.85,25891.9,384369
1767859380,2026-01-08T13:33:00,25892.2,25899.7,25891.8,25897.55,783806
1767859440,2026-01-08T13:34:00,25898.0,25907.2,25898.0,25902.25,635127
1767859500,2026-01-08T13:35:00,25902.5,25911.2,25902.25,25907.65,633376
1767859560,2026-01-08T13:36:00,25907.3,25909.15,25904.5,25906.85,642952
1767859620,2026-01-08T13:37:00,25907.1,25908.75,25902.05,25903.1,439521
1767859680,2026-01-08T13:38:00,25902.65,25906.25,25902.55,25905.35,508448
1767859740,2026-01-08T13:39:00,25905.1,25910.1,25905.1,25905.35,677395
1767859800,2026-01-08T13:40:00,25904.2,25906.25,25901.2,25902.1,485895
1767859860,2026-01-08T13:41:00,25902.9,25903.35,25899.1,25899.25,494947
1767859920,2026-01-08T13:42:00,25899.15,25903.5,25899.15,25900.55,443611
1767859980,2026-01-08T13:43:00,25899.7,25905.25,25898.2,25905.1,555877
1767860040,2026-01-08T13:44:00,25905.5,25909.5,25904.95,25907.6,813288
1767860100,2026-01-08T13:45:00,25907.3,25914.25,25905.2,25914.15,671352
1767860160,2026-01-08T13:46:00,25914.5,25924.6,25914.5,25923.15,653654
1767860220,2026-01-08T13:47:00,25923.6,25928.05,25921.2,25927.6,790765
1767860280,2026-01-08T13:48:00,25927.95,25928.6,25922.55,25922.6,555024
1767860340,2026-01-08T13:49:00,25923.35,25924.25,25915.4,25919.2,828590
1767860400,2026-01-08T13:50:00,25919.15,25920.45,25910.05,25911.5,481959
1767860460,2026-01-08T13:51:00,25911.2,25923.45,25911.2,25922.0,566283
1767860520,2026-01-08T13:52:00,25922.4,25923.35,25914.55,25915.1,559676
1767860580,2026-01-08T13:53:00,25915.1,25919.4,25914.45,25918.0,432564
1767860640,2026-01-08T13:54:00,25918.35,25924.85,25917.85,25921.0,483540
1767860700,2026-01-08T13:55:00,25921.4,25927.65,25920.3,25926.25,768527
1767860760,2026-01-08T13:56:00,25926.75,25932.6,25922.1,25932.6,991707
1767860820,2026-01-08T13:57:00,25932.85,25934.8,25930.35,25934.7,444688
1767860880,2026-01-08T13:58:00,25934.75,25939.0,25928.25,25928.25,480357
1767860940,2026-01-08T13:59:00,25928.6,25933.05,25926.25,25929.35,443046
1767861000,2026-01-08T14:00:00,25929.0,25936.35,25929.0,25936.35,529929
1767861060,2026-01-08T14:01:00,25936.5,25939.3,25934.95,25935.65,784382
1767861120,2026-01-08T14:02:00,25936.25,25941.7,25935.45,25937.0,435607
1767861180,2026-01-08T14:03:00,25936.9,25938.0,25921.25,25921.95,591902
1767861240,2026-01-08T14:04:00,25923.15,25928.75,25921.75,25928.1,450667
1767861300,2026-01-08T14:05:00,25928.15,25932.45,25928.0,25930.95,363945
1767861360,2026-01-08T14:06:00,25930.5,25942.2,25929.65,25935.85,1307267
1767861420,2026-01-08T14:07:00,25935.25,25941.5,25935.25,25937.45,1502406
1767861480,2026-01-08T14:08:00,25938.0,25938.4,25918.45,25918.45,922027
1767861540,2026-01-08T14:09:00,25918.25,25922.0,25917.25,25919.2,369894
1767861600,2026-01-08T14:10:00,25920.7,25923.05,25915.4,25917.8,507531
1767861660,2026-01-08T14:11:00,25918.25,25920.85,25916.0,25918.3,710596
1767861720,2026-01-08T14:12:00,25921.2,25928.95,25920.35,25926.95,486255
1767861780,2026-01-08T14:13:00,25927.25,25930.0,25921.6,25921.9,435977
1767861840,2026-01-08T14:14:00,25923.05,25927.4,25920.5,25926.95,432876
1767861900,2026-01-08T14:15:00,25926.3,25933.45,25925.9,25928.1,511899
1767861960,2026-01-08T14:16:00,25927.95,25932.2,25927.65,25929.35,480774
1767862020,2026-01-08T14:17:00,25928.9,25933.05,25925.4,25933.05,520008
1767862080,2026-01-08T14:18:00,25932.65,25935.5,25931.15,25934.85,448969
1767862140,2026-01-08T14:19:00,25935.1,25939.75,25933.65,25935.7,682496
1767862200,2026-01-08T14:20:00,25935.85,25937.25,25931.7,25935.2,446501
1767862260,2026-01-08T14:21:00,25935.3,25944.95,25935.3,25942.45,478905
1767862320,2026-01-08T14:22:00,25941.85,25946.2,25941.5,25945.75,638837
1767862380,2026-01-08T14:23:00,25944.95,25945.5,25931.7,25932.05,708034
1767862440,2026-01-08T14:24:00,25932.65,25935.9,25925.7,25927.3,764338
1767862500,2026-01-08T14:25:00,25927.2,25931.2,25922.6,25923.15,561133
1767862560,2026-01-08T14:26:00,25923.7,25925.1,25918.85,25919.85,464554
1767862620,2026-01-08T14:27:00,25919.65,25926.0,25919.2,25923.7,557685
1767862680,2026-01-08T14:28:00,25923.3,25924.8,25913.3,25915.65,706740
1767862740,2026-01-08T14:29:00,25913.8,25916.05,25900.45,25905.45,1552994
1767862800,2026-01-08T14:30:00,25906.9,25912.15,25905.1,25906.1,1757753
1767862860,2026-01-08T14:31:00,25904.3,25920.1,25902.1,25919.35,1141725
1767862920,2026-01-08T14:32:00,25918.9,25929.15,25917.5,25928.3,577365
1767862980,2026-01-08T14:33:00,25928.6,25935.35,25927.75,25934.55,553761
1767863040,2026-01-08T14:34:00,25934.95,25936.85,25930.85,25932.5,774924
1767863100,2026-01-08T14:35:00,25932.95,25935.3,25928.0,25930.65,571197
1767863160,2026-01-08T14:36:00,25930.5,25932.5,25927.65,25931.6,534871
1767863220,2026-01-08T14:37:00,25931.85,25936.7,25929.65,25936.4,601587
1767863280,2026-01-08T14:38:00,25936.1,25940.95,25934.5,25936.2,493985
1767863340,2026-01-08T14:39:00,25936.55,25937.25,25928.7,25930.3,635108
1767863400,2026-01-08T14:40:00,25929.35,25931.25,25923.15,25927.75,491313
1767863460,2026-01-08T14:41:00,25927.2,25929.2,25919.9,25921.8,637215
1767863520,2026-01-08T14:42:00,25921.9,25927.95,25921.2,25927.95,654912
1767863580,2026-01-08T14:43:00,25928.45,25932.5,25925.0,25925.85,721326
1767863640,2026-01-08T14:44:00,25926.1,25929.8,25921.65,25928.2,551532
1767863700,2026-01-08T14:45:00,25928.55,25929.8,25922.85,25926.45,558194
1767863760,2026-01-08T14:46:00,25927.05,25934.6,25926.1,25934.55,704152
1767863820,2026-01-08T14:47:00,25936.05,25940.2,25929.05,25930.5,725677
1767863880,2026-01-08T14:48:00,25929.6,25931.7,25923.0,25930.2,637749
1767863940,2026-01-08T14:49:00,25929.55,25935.9,25928.15,25930.95,870491
1767864000,2026-01-08T14:50:00,25930.55,25933.0,25924.95,25932.45,851363
1767864060,2026-01-08T14:51:00,25932.1,25933.4,25925.6,25932.05,823465
1767864120,2026-01-08T14:52:00,25932.15,25933.35,25920.35,25924.2,900529
1767864180,2026-01-08T14:53:00,25924.35,25925.45,25919.45,25922.3,824806
1767864240,2026-01-08T14:54:00,25922.25,25924.25,25916.8,25920.5,844568
1767864300,2026-01-08T14:55:00,25919.95,25923.6,25915.35,25918.35,1003027
1767864360,2026-01-08T14:56:00,25918.6,25921.05,25911.5,25918.15,856295
1767864420,2026-01-08T14:57:00,25917.5,25918.25,25911.8,25912.3,810067
1767864480,2026-01-08T14:58:00,25912.55,25916.45,25912.25,25913.7,803507
1767864540,2026-01-08T14:59:00,25913.75,25917.65,25910.25,25911.15,972565
1767864600,2026-01-08T15:00:00,25912.1,25917.7,25894.05,25894.7,2006437
1767864660,2026-01-08T15:01:00,25893.55,25899.7,25888.6,25891.8,1390476
1767864720,2026-01-08T15:02:00,25891.05,25894.5,25887.75,25888.15,1324789
1767864780,2026-01-08T15:03:00,25887.55,25889.65,25879.2,25882.8,1739754
1767864840,2026-01-08T15:04:00,25881.85,25883.3,25868.15,25868.45,1637822
1767864900,2026-01-08T15:05:00,25868.95,25870.7,25860.2,25867.85,1863892
1767864960,2026-01-08T15:06:00,25866.2,25868.75,25864.25,25867.4,1588782
1767865020,2026-01-08T15:07:00,25866.6,25872.75,25865.95,25872.0,1464719
1767865080,2026-01-08T15:08:00,25871.1,25879.35,25870.3,25878.15,1636797
1767865140,2026-01-08T15:09:00,25877.05,25879.25,25869.45,25871.85,1458080
1767865200,2026-01-08T15:10:00,25870.3,25884.35,25870.3,25879.7,1994766
1767865260,2026-01-08T15:11:00,25880.55,25881.8,25875.7,25880.9,1601944
1767865320,2026-01-08T15:12:00,25880.4,25883.15,25877.2,25877.9,1536989
1767865380,2026-01-08T15:13:00,25877.3,25881.7,25877.3,25879.5,1660036
1767865440,2026-01-08T15:14:00,25878.7,25881.25,25877.4,25878.05,1965495
1767865500,2026-01-08T15:15:00,25878.05,25880.6,25873.75,25874.6,2086396
1767865560,2026-01-08T15:16:00,25874.8,25879.1,25870.85,25871.5,2266172
1767865620,2026-01-08T15:17:00,25870.85,25873.45,25866.5,25869.3,1580486
1767865680,2026-01-08T15:18:00,25867.6,25873.95,25863.6,25871.75,2089274
1767865740,2026-01-08T15:19:00,25870.3,25877.05,25869.65,25874.1,1691737
1767865800,2026-01-08T15:20:00,25872.05,25878.9,25872.05,25877.75,2375621
1767865860,2026-01-08T15:21:00,25877.2,25879.65,25875.0,25876.2,1999425
1767865920,2026-01-08T15:22:00,25874.95,25881.8,25874.95,25880.65,1700397
1767865980,2026-01-08T15:23:00,25880.25,25882.15,25877.05,25877.05,1764135
1767866040,2026-01-08T15:24:00,25876.75,25878.45,25873.1,25875.8,2630701
1767866100,2026-01-08T15:25:00,25873.95,25877.55,25867.6,25871.85,2947522
1767866160,2026-01-08T15:26:00,25871.0,25874.9,25868.4,25870.6,1724809
1767866220,2026-01-08T15:27:00,25870.8,25873.15,25862.45,25863.7,1600633
1767866280,2026-01-08T15:28:00,25864.25,25868.1,25858.45,25867.85,1648002
1767866340,2026-01-08T15:29:00,25867.65,25874.1,25861.0,25868.9,1140955
1767930300,2026-01-09T09:15:00,25840.4,25910.3,25840.2,25898.05,4439916
1767930360,2026-01-09T09:16:00,25896.8,25924.55,25892.2,25909.9,4411672
1767930420,2026-01-09T09:17:00,25909.1,25938.25,25909.1,25937.6,2513957
1767930480,2026-01-09T09:18:00,25936.8,25940.6,25925.75,25928.15,1904866
1767930540,2026-01-09T09:19:00,25926.8,25940.25,25925.65,25938.8,1481363
1767930600,2026-01-09T09:20:00,25938.85,25938.85,25913.65,25915.35,1885121
1767930660,2026-01-09T09:21:00,25914.5,25915.75,25887.2,25887.75,1625099
1767930720,2026-01-09T09:22:00,25886.95,25891.2,25876.45,25876.45,1703240
1767930780,2026-01-09T09:23:00,25875.9,25885.4,25872.45,25872.45,1747931
1767930840,2026-01-09T09:24:00,25872.05,25873.5,25861.25,25862.35,1260167
1767930900,2026-01-09T09:25:00,25862.3,25862.4,25849.35,25859.05,1617639
1767930960,2026-01-09T09:26:00,25860.25,25870.1,25854.05,25870.1,2056519
1767931020,2026-01-09T09:27:00,25870.55,25872.25,25853.75,25853.75,1284421
1767931080,2026-01-09T09:28:00,25853.35,25855.8,25839.15,25843.2,1591195
1767931140,2026-01-09T09:29:00,25843.55,25849.45,25840.9,25840.9,1527365
1767931200,2026-01-09T09:30:00,25841.1,25858.45,25837.55,25858.45,1785762
1767931260,2026-01-09T09:31:00,25859.05,25873.1,25856.05,25856.05,1778831
1767931320,2026-01-09T09:32:00,25856.15,25856.7,25847.5,25847.85,1425362
1767931380,2026-01-09T09:33:00,25846.95,25847.7,25820.95,25821.55,2007892
1767931440,2026-01-09T09:34:00,25822.4,25840.75,25820.8,25837.15,1595270
1767931500,2026-01-09T09:35:00,25836.05,25838.0,25828.6,25832.35,1536367
1767931560,2026-01-09T09:36:00,25831.55,25848.6,25831.2,25835.6,6839279
1767931620,2026-01-09T09:37:00,25835.0,25843.15,25827.35,25832.75,1220235
1767931680,2026-01-09T09:38:00,25832.45,25833.55,25821.9,25823.9,1167238
1767931740,2026-01-09T09:39:00,25824.4,25830.1,25818.35,25830.1,1143056
1767931800,2026-01-09T09:40:00,25830.9,25832.05,25819.6,25821.1,1039802
1767931860,2026-01-09T09:41:00,25819.75,25831.55,25819.75,25825.85,2125214
1767931920,2026-01-09T09:42:00,25826.4,25835.95,25823.0,25827.15,1171481
1767931980,2026-01-09T09:43:00,25826.7,25840.4,25826.7,25838.5,1061431
1767932040,2026-01-09T09:44:00,25838.15,25876.7,25838.15,25876.7,1493667
1767932100,2026-01-09T09:45:00,25876.85,25876.85,25852.7,25853.6,1260273
1767932160,2026-01-09T09:46:00,25853.15,25870.85,25849.65,25863.5,1012073
1767932220,2026-01-09T09:47:00,25863.95,25881.35,25862.5,25881.35,1056547
1767932280,2026-01-09T09:48:00,25884.65,25891.65,25883.65,25890.35,1069946
1767932340,2026-01-09T09:49:00,25890.7,25897.65,25887.7,25887.7,2533984
1767932400,2026-01-09T09:50:00,25889.55,25889.75,25857.2,25857.2,1016505
1767932460,2026-01-09T09:51:00,25858.35,25870.0,25857.9,25867.05,674352
1767932520,2026-01-09T09:52:00,25868.15,25875.15,25863.8,25866.05,493260
1767932580,2026-01-09T09:53:00,25865.85,25868.8,25852.45,25854.85,797270
1767932640,2026-01-09T09:54:00,25856.0,25877.3,25854.9,25877.3,1027750
1767932700,2026-01-09T09:55:00,25877.8,25886.0,25877.8,25884.05,904939
1767932760,2026-01-09T09:56:00,25883.65,25886.25,25876.7,25885.4,1225515
1767932820,2026-01-09T09:57:00,25886.6,25892.45,25885.2,25886.85,831596
1767932880,2026-01-09T09:58:00,25887.9,25897.0,25887.2,25893.9,819837
1767932940,2026-01-09T09:59:00,25893.5,25894.9,25890.05,25894.05,711126
1767933000,2026-01-09T10:00:00,25894.2,25901.95,25892.75,25893.75,832593
1767933060,2026-01-09T10:01:00,25894.3,25894.3,25887.25,25887.7,677760
1767933120,2026-01-09T10:02:00,25889.6,25889.7,25879.55,25882.55,523367
1767933180,2026-01-09T10:03:00,25881.8,25881.8,25861.55,25864.3,708042
1767933240,2026-01-09T10:04:00,25863.8,25874.45,25862.7,25872.55,566967
1767933300,2026-01-09T10:05:00,25875.05,25880.4,25862.3,25862.6,700577
1767933360,2026-01-09T10:06:00,25862.6,25874.45,25860.8,25871.1,15991267
1767933420,2026-01-09T10:07:00,25872.2,25876.05,25863.6,25874.2,767615
1767933480,2026-01-09T10:08:00,25874.6,25878.75,25870.85,25876.85,432949
1767933540,2026-01-09T10:09:00,25877.65,25886.05,25872.5,25873.45,632958
1767933600,2026-01-09T10:10:00,25875.05,25878.45,25866.65,25871.7,596163
1767933660,2026-01-09T10:11:00,25871.75,25877.45,25867.55,25871.55,445552
1767933720,2026-01-09T10:12:00,25872.3,25872.3,25859.5,25860.3,441221
1767933780,2026-01-09T10:13:00,25861.15,25861.8,25850.35,25854.45,673879
1767933840,2026-01-09T10:14:00,25855.2,25857.1,25853.65,25856.6,501412
1767933900,2026-01-09T10:15:00,25858.0,25866.95,25858.0,25865.85,589261
1767933960,2026-01-09T10:16:00,25866.15,25867.35,25858.25,25863.35,604891
1767934020,2026-01-09T10:17:00,25864.0,25864.95,25855.0,25862.9,470670
1767934080,2026-01-09T10:18:00,25862.9,25863.65,25854.3,25861.9,404710
1767934140,2026-01-09T10:19:00,25862.4,25866.9,25861.4,25862.7,435711
1767934200,2026-01-09T10:20:00,25861.5,25866.6,25854.8,25855.4,507626
1767934260,2026-01-09T10:21:00,25855.35,25870.4,25854.1,25870.4,562516
1767934320,2026-01-09T10:22:00,25871.1,25877.95,25869.85,25875.2,591238
1767934380,2026-01-09T10:23:00,25875.55,25878.4,25873.0,25877.5,722371
1767934440,2026-01-09T10:24:00,25877.55,25881.35,25870.45,25870.45,721500
1767934500,2026-01-09T10:25:00,25871.9,25871.9,25858.3,25858.3,590786
1767934560,2026-01-09T10:26:00,25859.35,25879.4,25858.05,25879.15,745155
1767934620,2026-01-09T10:27:00,25879.1,25891.8,25878.95,25889.55,800334
1767934680,2026-01-09T10:28:00,25890.4,25896.85,25888.55,25893.0,675847
1767934740,2026-01-09T10:29:00,25893.6,25893.6,25885.6,25887.85,566917
1767934800,2026-01-09T10:30:00,25888.45,25890.75,25873.7,25877.3,1021617
1767934860,2026-01-09T10:31:00,25878.4,25883.3,25877.2,25881.4,487861
1767934920,2026-01-09T10:32:00,25881.75,25884.5,25871.0,25873.6,622277
1767934980,2026-01-09T10:33:00,25874.7,25875.3,25861.35,25861.35,685143
1767935040,2026-01-09T10:34:00,25862.35,25862.8,25852.25,25853.1,560254
1767935100,2026-01-09T10:35:00,25853.15,25858.2,25851.9,25856.25,552190
1767935160,2026-01-09T10:36:00,25857.1,25858.05,25840.7,25841.95,591797
1767935220,2026-01-09T10:37:00,25843.0,25854.35,25842.55,25853.85,491046
1767935280,2026-01-09T10:38:00,25855.1,25858.1,25838.55,25844.7,599165
1767935340,2026-01-09T10:39:00,25845.0,25852.25,25844.4,25851.0,431354
1767935400,2026-01-09T10:40:00,25852.55,25854.8,25847.3,25847.75,400841
1767935460,2026-01-09T10:41:00,25849.0,25851.25,25843.9,25846.8,565909
1767935520,2026-01-09T10:42:00,25846.7,25852.85,25846.0,25852.1,449873
1767935580,2026-01-09T10:43:00,25852.7,25858.1,25852.15,25855.3,354587
1767935640,2026-01-09T10:44:00,25856.55,25864.15,25855.05,25856.45,572488
1767935700,2026-01-09T10:45:00,25856.85,25859.0,25853.3,25856.25,613560
1767935760,2026-01-09T10:46:00,25857.55,25862.65,25856.15,25862.3,817630
1767935820,2026-01-09T10:47:00,25863.45,25868.4,25862.35,25865.55,669498
1767935880,2026-01-09T10:48:00,25865.75,25866.25,25854.1,25855.95,499382
1767935940,2026-01-09T10:49:00,25856.85,25862.0,25855.1,25855.4,831639
1767936000,2026-01-09T10:50:00,25855.75,25861.6,25855.75,25857.4,480052
1767936060,2026-01-09T10:51:00,25858.05,25858.25,25850.35,25851.85,602762
1767936120,2026-01-09T10:52:00,25851.35,25851.4,25837.7,25838.5,502647
1767936180,2026-01-09T10:53:00,25840.3,25843.85,25832.05,25833.05,686020
1767936240,2026-01-09T10:54:00,25832.6,25834.3,25827.25,25831.65,478081
1767936300,2026-01-09T10:55:00,25831.2,25834.2,25827.5,25829.55,567320
1767936360,2026-01-09T10:56:00,25830.45,25831.0,25826.9,25830.9,498528
1767936420,2026-01-09T10:57:00,25830.55,25831.7,25812.6,25812.6,770467
1767936480,2026-01-09T10:58:00,25813.75,25813.75,25806.8,25808.8,691464
1767936540,2026-01-09T10:59:00,25810.95,25824.6,25810.4,25821.65,498672
1767936600,2026-01-09T11:00:00,25821.3,25822.05,25812.4,25812.95,779416
1767936660,2026-01-09T11:01:00,25813.25,25818.6,25812.15,25812.65,568434
1767936720,2026-01-09T11:02:00,25811.6,25812.9,25806.0,25812.0,606656
1767936780,2026-01-09T11:03:00,25812.5,25814.5,25807.8,25814.1,951628
1767936840,2026-01-09T11:04:00,25814.15,25814.2,25809.9,25810.65,491211
1767936900,2026-01-09T11:05:00,25811.0,25813.8,25810.0,25810.0,677114
1767936960,2026-01-09T11:06:00,25811.25,25815.35,25806.8,25813.05,793547
1767937020,2026-01-09T11:07:00,25813.9,25819.0,25809.55,25809.55,506367
1767937080,2026-01-09T11:08:00,25811.9,25816.05,25809.15,25811.4,933402
1767937140,2026-01-09T11:09:00,25812.65,25818.8,25811.2,25817.1,891928
1767937200,2026-01-09T11:10:00,25817.25,25824.3,25815.7,25819.65,566974
1767937260,2026-01-09T11:11:00,25821.15,25821.15,25815.5,25816.8,445950
1767937320,2026-01-09T11:12:00,25817.0,25819.15,25811.55,25813.4,467924
1767937380,2026-01-09T11:13:00,25813.4,25816.15,25811.15,25812.3,675167
1767937440,2026-01-09T11:14:00,25813.0,25813.0,25798.8,25799.0,874915
1767937500,2026-01-09T11:15:00,25800.15,25806.25,25798.35,25805.3,408145
1767937560,2026-01-09T11:16:00,25805.9,25807.55,25797.55,25799.65,578180
1767937620,2026-01-09T11:17:00,25800.3,25802.3,25793.65,25801.85,484929
1767937680,2026-01-09T11:18:00,25803.05,25803.95,25795.75,25795.75,571259
1767937740,2026-01-09T11:19:00,25796.9,25799.7,25795.95,25796.05,956768
1767937800,2026-01-09T11:20:00,25797.05,25798.3,25793.6,25798.05,383543
1767937860,2026-01-09T11:21:00,25798.2,25798.75,25791.15,25792.4,772922
1767937920,2026-01-09T11:22:00,25792.95,25800.35,25790.95,25799.55,663579
1767937980,2026-01-09T11:23:00,25799.8,25800.95,25796.75,25796.75,569736
1767938040,2026-01-09T11:24:00,25798.35,25799.3,25791.8,25792.75,858653
1767938100,2026-01-09T11:25:00,25793.15,25800.6,25792.45,25800.05,665927
1767938160,2026-01-09T11:26:00,25799.15,25802.8,25797.3,25801.9,668073
1767938220,2026-01-09T11:27:00,25802.55,25806.7,25799.6,25801.7,629896
1767938280,2026-01-09T11:28:00,25801.6,25806.2,25799.3,25805.35,497333
1767938340,2026-01-09T11:29:00,25805.9,25806.2,25803.1,25804.5,587459
1767938400,2026-01-09T11:30:00,25805.2,25816.95,25804.75,25809.4,584770
1767938460,2026-01-09T11:31:00,25810.55,25818.6,25810.25,25816.55,421605
1767938520,2026-01-09T11:32:00,25816.9,25821.65,25814.4,25815.5,708961
1767938580,2026-01-09T11:33:00,25815.05,25815.6,25804.4,25804.7,529223
1767938640,2026-01-09T11:34:00,25806.2,25806.6,25791.65,25791.75,463168
1767938700,2026-01-09T11:35:00,25791.55,25791.55,25775.1,25775.9,925275
1767938760,2026-01-09T11:36:00,25773.8,25774.05,25766.2,25770.3,718890
1767938820,2026-01-09T11:37:00,25771.35,25772.0,25759.9,25761.2,768428
1767938880,2026-01-09T11:38:00,25760.9,25763.25,25757.0,25757.4,814706
1767938940,2026-01-09T11:39:00,25757.65,25763.75,25753.75,25759.95,586343
1767939000,2026-01-09T11:40:00,25761.45,25765.8,25761.3,25764.55,715009
1767939060,2026-01-09T11:41:00,25764.05,25765.7,25756.05,25756.9,572440
1767939120,2026-01-09T11:42:00,25757.15,25765.6,25757.15,25764.3,764163
1767939180,2026-01-09T11:43:00,25764.95,25766.75,25759.25,25759.25,530456
1767939240,2026-01-09T11:44:00,25761.6,25762.7,25753.7,25755.35,584064
1767939300,2026-01-09T11:45:00,25754.95,25761.7,25754.75,25758.75,519588
1767939360,2026-01-09T11:46:00,25759.2,25760.85,25746.15,25747.3,614166
1767939420,2026-01-09T11:47:00,25747.7,25747.95,25743.5,25746.05,536029
1767939480,2026-01-09T11:48:00,25747.65,25754.7,25745.15,25753.15,386773
1767939540,2026-01-09T11:49:00,25754.1,25754.35,25745.5,25746.75,404486
1767939600,2026-01-09T11:50:00,25747.85,25751.6,25745.9,25748.85,663093
1767939660,2026-01-09T11:51:00,25747.8,25749.9,25744.5,25744.8,981413
1767939720,2026-01-09T11:52:00,25745.4,25746.3,25738.05,25738.3,663813
1767939780,2026-01-09T11:53:00,25739.65,25742.35,25735.15,25740.2,461072
1767939840,2026-01-09T11:54:00,25740.75,25746.5,25737.9,25741.75,776408
1767939900,2026-01-09T11:55:00,25742.6,25751.3,25741.95,25747.2,634679
1767939960,2026-01-09T11:56:00,25748.8,25748.8,25737.8,25739.1,543555
1767940020,2026-01-09T11:57:00,25739.7,25742.05,25738.4,25738.8,536583
1767940080,2026-01-09T11:58:00,25739.9,25742.85,25739.0,25740.9,381175
1767940140,2026-01-09T11:59:00,25741.35,25743.35,25737.85,25743.25,410650
1767940200,2026-01-09T12:00:00,25743.9,25746.2,25742.6,25743.15,394841
1767940260,2026-01-09T12:01:00,25743.8,25744.7,25737.3,25740.75,442347
1767940320,2026-01-09T12:02:00,25742.15,25746.0,25738.7,25744.9,399966
1767940380,2026-01-09T12:03:00,25745.9,25752.65,25744.5,25752.05,423212
1767940440,2026-01-09T12:04:00,25752.6,25757.2,25751.6,25756.05,601563
1767940500,2026-01-09T12:05:00,25756.75,25757.7,25751.95,25753.45,457985
1767940560,2026-01-09T12:06:00,25753.3,25756.5,25750.75,25755.8,590710
1767940620,2026-01-09T12:07:00,25755.95,25761.75,25754.7,25755.9,456882
1767940680,2026-01-09T12:08:00,25756.15,25759.65,25755.0,25755.95,482886
1767940740,2026-01-09T12:09:00,25757.1,25757.6,25749.85,25750.05,443240
1767940800,2026-01-09T12:10:00,25750.25,25751.65,25745.75,25745.75,473877
1767940860,2026-01-09T12:11:00,25746.55,25750.15,25741.3,25748.5,628301
1767940920,2026-01-09T12:12:00,25748.75,25753.15,25747.5,25750.4,754730
1767940980,2026-01-09T12:13:00,25751.6,25753.35,25746.45,25749.3,551067
1767941040,2026-01-09T12:14:00,25750.3,25750.55,25734.1,25739.35,536317
1767941100,2026-01-09T12:15:00,25740.45,25746.5,25740.45,25744.85,849999
1767941160,2026-01-09T12:16:00,25745.7,25756.45,25743.8,25755.3,893278
1767941220,2026-01-09T12:17:00,25756.3,25756.65,25747.25,25749.9,972242
1767941280,2026-01-09T12:18:00,25749.45,25750.7,25740.2,25742.5,597680
1767941340,2026-01-09T12:19:00,25743.0,25746.35,25741.15,25745.15,667861
1767941400,2026-01-09T12:20:00,25746.3,25746.65,25738.55,25738.55,569546
1767941460,2026-01-09T12:21:00,25739.15,25745.2,25738.0,25741.15,709330
1767941520,2026-01-09T12:22:00,25741.85,25744.95,25736.4,25737.0,435865
1767941580,2026-01-09T12:23:00,25738.1,25739.95,25734.8,25737.95,442974
1767941640,2026-01-09T12:24:00,25739.25,25739.25,25730.45,25731.1,606293
1767941700,2026-01-09T12:25:00,25731.75,25738.55,25731.75,25736.7,329582
1767941760,2026-01-09T12:26:00,25738.15,25738.15,25731.35,25732.15,406084
1767941820,2026-01-09T12:27:00,25732.8,25733.15,25726.6,25728.3,487923
1767941880,2026-01-09T12:28:00,25727.25,25730.45,25725.25,25726.5,586089
1767941940,2026-01-09T12:29:00,25726.95,25728.0,25714.85,25716.75,859621
1767942000,2026-01-09T12:30:00,25717.0,25724.7,25716.9,25723.25,615897
1767942060,2026-01-09T12:31:00,25722.75,25725.45,25718.25,25722.6,1066579
1767942120,2026-01-09T12:32:00,25723.05,25726.6,25721.25,25726.0,686811
1767942180,2026-01-09T12:33:00,25727.1,25729.0,25720.0,25720.2,506252
1767942240,2026-01-09T12:34:00,25720.7,25722.15,25713.6,25718.65,484831
1767942300,2026-01-09T12:35:00,25718.0,25718.0,25710.9,25710.95,609846
1767942360,2026-01-09T12:36:00,25711.45,25711.45,25698.0,25699.25,696852
1767942420,2026-01-09T12:37:00,25700.6,25700.6,25683.7,25684.0,1192207
1767942480,2026-01-09T12:38:00,25684.45,25692.3,25681.1,25691.95,1312292
1767942540,2026-01-09T12:39:00,25692.9,25700.45,25691.05,25695.2,610099
1767942600,2026-01-09T12:40:00,25695.2,25695.2,25687.1,25689.65,518742
1767942660,2026-01-09T12:41:00,25690.45,25690.8,25674.5,25679.55,811742
1767942720,2026-01-09T12:42:00,25680.4,25682.3,25675.0,25677.3,610153
1767942780,2026-01-09T12:43:00,25678.55,25684.65,25677.25,25682.9,907072
1767942840,2026-01-09T12:44:00,25683.3,25689.15,25682.95,25689.15,561100
1767942900,2026-01-09T12:45:00,25688.95,25689.3,25681.15,25684.15,417040
1767942960,2026-01-09T12:46:00,25685.6,25690.1,25684.15,25685.1,461650
1767943020,2026-01-09T12:47:00,25685.55,25686.55,25681.7,25685.2,492319
1767943080,2026-01-09T12:48:00,25685.8,25689.7,25680.45,25680.45,621701
1767943140,2026-01-09T12:49:00,25680.95,25681.55,25665.15,25673.45,1019037
1767943200,2026-01-09T12:50:00,25673.8,25678.7,25672.85,25678.15,791598
1767943260,2026-01-09T12:51:00,25679.45,25690.05,25677.75,25685.35,2002998
1767943320,2026-01-09T12:52:00,25684.8,25693.75,25682.2,25693.5,488316
1767943380,2026-01-09T12:53:00,25694.3,25698.8,25691.2,25696.75,1863416
1767943440,2026-01-09T12:54:00,25696.8,25698.35,25691.65,25692.9,1088686
1767943500,2026-01-09T12:55:00,25691.9,25695.15,25688.1,25695.15,611633
1767943560,2026-01-09T12:56:00,25694.2,25699.45,25692.0,25694.95,754091
1767943620,2026-01-09T12:57:00,25694.15,25696.05,25683.75,25683.75,11406887
1767943680,2026-01-09T12:58:00,25683.65,25690.1,25683.3,25687.0,933195
1767943740,2026-01-09T12:59:00,25686.5,25692.3,25684.95,25689.7,565163
1767943800,2026-01-09T13:00:00,25691.3,25697.85,25691.3,25694.0,517645
1767943860,2026-01-09T13:01:00,25695.55,25696.95,25688.05,25688.2,806437
1767943920,2026-01-09T13:02:00,25689.25,25691.3,25687.25,25687.75,852728
1767943980,2026-01-09T13:03:00,25688.65,25689.55,25681.35,25683.7,671202
1767944040,2026-01-09T13:04:00,25683.8,25690.75,25680.65,25689.25,542476
1767944100,2026-01-09T13:05:00,25688.55,25689.3,25684.8,25686.7,493208
1767944160,2026-01-09T13:06:00,25686.5,25687.8,25683.25,25685.3,641017
1767944220,2026-01-09T13:07:00,25685.4,25689.2,25683.35,25688.4,604559
1767944280,2026-01-09T13:08:00,25687.65,25694.3,25687.65,25691.65,678653
1767944340,2026-01-09T13:09:00,25692.6,25695.65,25688.35,25688.35,399055
1767944400,2026-01-09T13:10:00,25689.2,25692.0,25686.35,25690.55,710099
1767944460,2026-01-09T13:11:00,25692.45,25695.15,25691.15,25694.85,363509
1767944520,2026-01-09T13:12:00,25694.75,25695.3,25690.3,25692.7,387810
1767944580,2026-01-09T13:13:00,25692.6,25692.95,25689.95,25692.3,570675
1767944640,2026-01-09T13:14:00,25692.85,25698.3,25690.7,25691.05,665964
1767944700,2026-01-09T13:15:00,25691.05,25698.55,25686.15,25696.6,508446
1767944760,2026-01-09T13:16:00,25697.45,25698.8,25691.3,25692.2,479711
1767944820,2026-01-09T13:17:00,25692.25,25694.95,25685.25,25686.7,464872
1767944880,2026-01-09T13:18:00,25686.65,25693.85,25686.15,25693.05,413068
1767944940,2026-01-09T13:19:00,25694.2,25703.15,25693.95,25702.5,423959
1767945000,2026-01-09T13:20:00,25703.1,25708.35,25702.5,25704.45,752607
1767945060,2026-01-09T13:21:00,25705.15,25707.35,25700.9,25705.95,413076
1767945120,2026-01-09T13:22:00,25705.95,25715.05,25704.95,25712.85,784148
1767945180,2026-01-09T13:23:00,25713.25,25716.35,25707.5,25707.5,544633
1767945240,2026-01-09T13:24:00,25707.1,25708.7,25702.1,25702.35,325318
1767945300,2026-01-09T13:25:00,25702.45,25703.65,25700.4,25701.1,689572
1767945360,2026-01-09T13:26:00,25701.25,25706.85,25699.0,25704.3,657840
1767945420,2026-01-09T13:27:00,25705.0,25706.15,25703.15,25705.6,473677
1767945480,2026-01-09T13:28:00,25705.15,25708.5,25702.45,25707.65,740217
1767945540,2026-01-09T13:29:00,25708.2,25710.0,25703.8,25709.15,807588
1767945600,2026-01-09T13:30:00,25708.6,25710.8,25705.2,25705.2,457230
1767945660,2026-01-09T13:31:00,25705.3,25706.05,25697.4,25698.0,1052981
1767945720,2026-01-09T13:32:00,25698.45,25700.35,25689.55,25691.75,713915
1767945780,2026-01-09T13:33:00,25692.7,25693.25,25688.1,25691.05,525491
1767945840,2026-01-09T13:34:00,25692.85,25696.45,25690.2,25694.7,515197
1767945900,2026-01-09T13:35:00,25695.85,25709.7,25695.85,25702.3,555264
1767945960,2026-01-09T13:36:00,25702.85,25716.35,25697.9,25716.35,783672
1767946020,2026-01-09T13:37:00,25717.3,25723.95,25714.3,25721.95,605464
1767946080,2026-01-09T13:38:00,25722.95,25730.4,25722.15,25722.15,632035
1767946140,2026-01-09T13:39:00,25722.45,25723.55,25715.7,25716.1,649340
1767946200,2026-01-09T13:40:00,25716.35,25716.35,25707.0,25708.0,559624
1767946260,2026-01-09T13:41:00,25708.9,25710.1,25702.35,25704.35,533747
1767946320,2026-01-09T13:42:00,25704.45,25705.85,25695.95,25696.0,527724
1767946380,2026-01-09T13:43:00,25696.85,25698.8,25688.1,25688.1,702671
1767946440,2026-01-09T13:44:00,25688.75,25691.1,25681.3,25683.8,648873
1767946500,2026-01-09T13:45:00,25684.9,25691.95,25682.9,25683.8,678434
1767946560,2026-01-09T13:46:00,25684.7,25685.65,25678.95,25679.4,881174
1767946620,2026-01-09T13:47:00,25679.8,25680.25,25674.4,25675.1,1008967
1767946680,2026-01-09T13:48:00,25676.6,25676.95,25670.65,25672.15,897341
1767946740,2026-01-09T13:49:00,25672.2,25682.5,25671.9,25681.5,860603
1767946800,2026-01-09T13:50:00,25681.6,25687.6,25679.6,25682.35,1087653
1767946860,2026-01-09T13:51:00,25682.3,25683.25,25673.5,25674.5,683708
1767946920,2026-01-09T13:52:00,25674.9,25677.8,25670.7,25672.0,554045
1767946980,2026-01-09T13:53:00,25671.35,25676.4,25666.4,25674.3,647819
1767947040,2026-01-09T13:54:00,25674.95,25675.9,25669.25,25671.65,608181
1767947100,2026-01-09T13:55:00,25671.7,25672.35,25664.85,25665.25,650177
1767947160,2026-01-09T13:56:00,25667.5,25675.75,25667.1,25674.4,626586
1767947220,2026-01-09T13:57:00,25674.45,25676.55,25670.1,25676.4,481417
1767947280,2026-01-09T13:58:00,25677.9,25687.65,25677.9,25681.25,603379
1767947340,2026-01-09T13:59:00,25681.55,25687.6,25681.55,25683.85,408404
1767947400,2026-01-09T14:00:00,25683.9,25692.95,25683.9,25689.0,477591
1767947460,2026-01-09T14:01:00,25689.75,25691.95,25685.0,25685.6,581413
1767947520,2026-01-09T14:02:00,25686.05,25688.15,25683.35,25684.55,761319
1767947580,2026-01-09T14:03:00,25686.05,25687.4,25671.5,25673.1,658250
1767947640,2026-01-09T14:04:00,25674.5,25684.4,25673.75,25682.6,457155
1767947700,2026-01-09T14:05:00,25683.1,25684.15,25677.2,25679.5,438298
1767947760,2026-01-09T14:06:00,25681.25,25682.55,25677.15,25677.25,483431
1767947820,2026-01-09T14:07:00,25678.55,25680.65,25675.9,25676.5,466363
1767947880,2026-01-09T14:08:00,25677.55,25682.35,25671.75,25679.8,573925
1767947940,2026-01-09T14:09:00,25681.1,25689.25,25679.95,25680.4,638642
1767948000,2026-01-09T14:10:00,25681.9,25682.65,25674.05,25674.75,436132
1767948060,2026-01-09T14:11:00,25676.05,25677.9,25672.15,25674.3,748909
1767948120,2026-01-09T14:12:00,25674.8,25679.45,25672.3,25673.75,1023322
1767948180,2026-01-09T14:13:00,25675.4,25678.0,25663.9,25664.15,692408
1767948240,2026-01-09T14:14:00,25666.2,25668.2,25658.75,25660.15,667206
1767948300,2026-01-09T14:15:00,25662.85,25674.7,25661.9,25669.4,547551
1767948360,2026-01-09T14:16:00,25670.85,25671.9,25664.75,25669.15,566797
1767948420,2026-01-09T14:17:00,25669.35,25675.85,25669.35,25671.4,459379
1767948480,2026-01-09T14:18:00,25672.1,25673.05,25660.25,25660.25,667906
1767948540,2026-01-09T14:19:00,25661.45,25662.9,25654.6,25661.35,963222
1767948600,2026-01-09T14:20:00,25663.35,25669.9,25663.15,25667.8,1001275
1767948660,2026-01-09T14:21:00,25667.7,25668.95,25660.75,25660.95,628863
1767948720,2026-01-09T14:22:00,25661.05,25664.0,25658.95,25659.15,697667
1767948780,2026-01-09T14:23:00,25659.8,25663.0,25655.9,25658.45,703638
1767948840,2026-01-09T14:24:00,25660.15,25664.15,25656.35,25660.1,640014
1767948900,2026-01-09T14:25:00,25662.1,25673.75,25661.7,25669.8,807958
1767948960,2026-01-09T14:26:00,25670.2,25672.0,25663.65,25663.8,457491
1767949020,2026-01-09T14:27:00,25664.6,25669.5,25661.45,25661.65,802799
1767949080,2026-01-09T14:28:00,25662.15,25663.15,25656.3,25656.3,559751
1767949140,2026-01-09T14:29:00,25656.85,25657.85,25651.9,25652.05,783905
1767949200,2026-01-09T14:30:00,25653.8,25654.7,25651.4,25652.25,756873
1767949260,2026-01-09T14:31:00,25653.1,25654.85,25648.4,25650.7,738371
1767949320,2026-01-09T14:32:00,25651.4,25657.9,25649.3,25655.3,740390
1767949380,2026-01-09T14:33:00,25656.55,25657.15,25650.85,25651.3,699586
1767949440,2026-01-09T14:34:00,25653.05,25662.3,25652.25,25661.25,790966
1767949500,2026-01-09T14:35:00,25662.15,25670.65,25659.05,25659.05,868921
1767949560,2026-01-09T14:36:00,25659.95,25659.95,25652.7,25654.65,676433
1767949620,2026-01-09T14:37:00,25656.2,25660.35,25655.55,25655.55,556846
1767949680,2026-01-09T14:38:00,25657.0,25660.15,25652.15,25655.6,934171
1767949740,2026-01-09T14:39:00,25655.35,25656.7,25652.1,25652.9,853933
1767949800,2026-01-09T14:40:00,25653.0,25653.2,25646.65,25650.5,938536
1767949860,2026-01-09T14:41:00,25650.05,25651.35,25631.65,25632.5,876885
1767949920,2026-01-09T14:42:00,25633.3,25635.0,25623.0,25631.2,1538324
1767949980,2026-01-09T14:43:00,25633.25,25652.2,25633.25,25648.5,1186820
1767950040,2026-01-09T14:44:00,25649.75,25662.25,25649.75,25657.3,927091
1767950100,2026-01-09T14:45:00,25658.75,25670.75,25657.25,25668.05,1000668
1767950160,2026-01-09T14:46:00,25669.5,25670.65,25657.3,25661.25,978839
1767950220,2026-01-09T14:47:00,25662.0,25669.7,25660.65,25667.65,1762982
1767950280,2026-01-09T14:48:00,25669.3,25669.3,25661.25,25667.45,762127
1767950340,2026-01-09T14:49:00,25669.0,25671.2,25663.85,25669.95,807806
1767950400,2026-01-09T14:50:00,25671.3,25671.6,25658.35,25663.0,792414
1767950460,2026-01-09T14:51:00,25663.2,25667.05,25659.45,25659.65,600519
1767950520,2026-01-09T14:52:00,25660.05,25669.25,25659.8,25667.95,927075
1767950580,2026-01-09T14:53:00,25667.5,25673.15,25667.15,25667.75,737766
1767950640,2026-01-09T14:54:00,25668.4,25671.0,25664.55,25669.75,664184
1767950700,2026-01-09T14:55:00,25672.05,25676.05,25668.85,25673.5,680722
1767950760,2026-01-09T14:56:00,25673.35,25681.5,25669.1,25679.65,1114284
1767950820,2026-01-09T14:57:00,25679.95,25683.05,25673.0,25681.95,684732
1767950880,2026-01-09T14:58:00,25683.4,25684.35,25672.35,25677.9,894655
1767950940,2026-01-09T14:59:00,25678.95,25682.15,25673.3,25674.7,923384
1767951000,2026-01-09T15:00:00,25679.9,25680.15,25661.05,25668.55,2188036
1767951060,2026-01-09T15:01:00,25669.75,25673.3,25662.95,25670.4,1329589
1767951120,2026-01-09T15:02:00,25671.8,25680.75,25671.8,25677.15,1572729
1767951180,2026-01-09T15:03:00,25677.2,25684.6,25674.6,25676.85,1327795
1767951240,2026-01-09T15:04:00,25678.7,25682.0,25676.15,25679.45,1262082
1767951300,2026-01-09T15:05:00,25681.35,25683.85,25677.35,25678.1,1169129
1767951360,2026-01-09T15:06:00,25679.35,25686.45,25676.9,25684.8,1307332
1767951420,2026-01-09T15:07:00,25685.9,25696.45,25681.55,25696.0,1426256
1767951480,2026-01-09T15:08:00,25696.8,25696.8,25686.45,25687.05,1213651
1767951540,2026-01-09T15:09:00,25687.65,25689.65,25683.1,25688.75,1336322
1767951600,2026-01-09T15:10:00,25688.75,25692.25,25686.65,25687.7,1405077
1767951660,2026-01-09T15:11:00,25689.55,25694.45,25685.9,25693.0,1450972
1767951720,2026-01-09T15:12:00,25693.6,25703.0,25690.35,25699.95,1436387
1767951780,2026-01-09T15:13:00,25700.5,25700.9,25691.1,25694.0,1442136
1767951840,2026-01-09T15:14:00,25693.9,25696.65,25690.85,25695.05,1499444
1767951900,2026-01-09T15:15:00,25694.15,25694.15,25686.15,25690.3,1610380
1767951960,2026-01-09T15:16:00,25691.6,25691.6,25682.05,25682.8,1577114
1767952020,2026-01-09T15:17:00,25684.75,25684.85,25680.3,25682.0,1259627
1767952080,2026-01-09T15:18:00,25683.0,25683.0,25678.15,25680.25,1554120
1767952140,2026-01-09T15:19:00,25681.7,25682.05,25677.05,25678.0,1284570
1767952200,2026-01-09T15:20:00,25679.95,25695.75,25678.85,25695.75,1937827
1767952260,2026-01-09T15:21:00,25697.25,25697.35,25692.95,25694.5,1550125
1767952320,2026-01-09T15:22:00,25695.2,25697.35,25691.05,25694.35,1258005
1767952380,2026-01-09T15:23:00,25695.75,25695.95,25687.1,25687.95,1650815
1767952440,2026-01-09T15:24:00,25688.55,25691.25,25683.3,25685.85,4106854
1767952500,2026-01-09T15:25:00,25686.05,25690.85,25681.9,25686.35,2901639
1767952560,2026-01-09T15:26:00,25687.05,25688.4,25681.5,25682.95,1681057
1767952620,2026-01-09T15:27:00,25684.6,25692.1,25681.55,25690.3,1565571
1767952680,2026-01-09T15:28:00,25690.4,25697.1,25689.0,25696.4,2095348
1767952740,2026-01-09T15:29:00,25694.35,25703.7,25689.5,25703.7,1106727
1768189500,2026-01-12T09:15:00,25669.05,25700.95,25652.9,25657.45,3383806
1768189560,2026-01-12T09:16:00,25657.5,25657.65,25612.05,25615.5,1677812
1768189620,2026-01-12T09:17:00,25616.3,25624.7,25613.2,25613.2,1215587
1768189680,2026-01-12T09:18:00,25612.95,25627.45,25610.95,25622.0,1449148
1768189740,2026-01-12T09:19:00,25623.55,25626.15,25610.55,25611.05,1223007
1768189800,2026-01-12T09:20:00,25610.65,25610.65,25592.45,25594.15,1323293
1768189860,2026-01-12T09:21:00,25592.65,25593.35,25583.85,25588.45,1138219
1768189920,2026-01-12T09:22:00,25591.05,25591.3,25578.65,25588.9,1163940
1768189980,2026-01-12T09:23:00,25587.95,25590.75,25574.8,25577.75,1350786
1768190040,2026-01-12T09:24:00,25576.8,25580.0,25554.9,25559.8,1899052
1768190100,2026-01-12T09:25:00,25558.85,25566.05,25548.3,25549.1,1335257
1768190160,2026-01-12T09:26:00,25552.2,25558.4,25547.95,25553.7,942531
1768190220,2026-01-12T09:27:00,25553.55,25554.35,25530.6,25531.3,1401388
1768190280,2026-01-12T09:28:00,25530.15,25538.2,25529.05,25535.6,1364928
1768190340,2026-01-12T09:29:00,25536.3,25541.25,25531.8,25532.45,1260917
1768190400,2026-01-12T09:30:00,25532.35,25560.45,25530.2,25559.65,1431222
1768190460,2026-01-12T09:31:00,25560.95,25579.15,25555.45,25555.75,1271006
1768190520,2026-01-12T09:32:00,25556.15,25561.0,25548.25,25549.6,641673
1768190580,2026-01-12T09:33:00,25551.3,25565.2,25549.95,25564.3,770564
1768190640,2026-01-12T09:34:00,25565.55,25576.45,25565.45,25568.75,898445
1768190700,2026-01-12T09:35:00,25569.1,25577.95,25561.65,25575.3,1034854
1768190760,2026-01-12T09:36:00,25575.5,25575.5,25560.6,25571.3,823228
1768190820,2026-01-12T09:37:00,25570.95,25586.9,25570.2,25575.3,896426
1768190880,2026-01-12T09:38:00,25577.25,25597.1,25577.25,25589.65,872740
1768190940,2026-01-12T09:39:00,25590.1,25597.1,25582.0,25583.85,5004659
1768191000,2026-01-12T09:40:00,25582.05,25582.05,25569.55,25569.55,830002
1768191060,2026-01-12T09:41:00,25569.45,25571.65,25560.45,25567.0,899465
1768191120,2026-01-12T09:42:00,25566.85,25567.1,25557.4,25561.65,763987
1768191180,2026-01-12T09:43:00,25561.45,25561.45,25543.65,25547.25,679387
1768191240,2026-01-12T09:44:00,25547.0,25559.9,25545.3,25557.6,661529
1768191300,2026-01-12T09:45:00,25558.4,25565.45,25551.8,25560.8,726639
1768191360,2026-01-12T09:46:00,25560.0,25564.8,25551.0,25552.3,764255
1768191420,2026-01-12T09:47:00,25551.5,25554.0,25546.0,25547.35,622611
1768191480,2026-01-12T09:48:00,25549.85,25575.4,25548.7,25574.45,1034791
1768191540,2026-01-12T09:49:00,25573.6,25595.55,25573.6,25595.45,1093202
1768191600,2026-01-12T09:50:00,25596.25,25608.55,25588.7,25588.7,813452
1768191660,2026-01-12T09:51:00,25588.05,25597.95,25586.2,25594.6,618904
1768191720,2026-01-12T09:52:00,25595.45,25601.35,25579.5,25579.5,694946
1768191780,2026-01-12T09:53:00,25579.75,25591.25,25575.6,25591.25,677646
1768191840,2026-01-12T09:54:00,25590.95,25596.0,25586.55,25589.9,690477
1768191900,2026-01-12T09:55:00,25590.1,25601.15,25588.5,25588.5,791757
1768191960,2026-01-12T09:56:00,25587.85,25590.7,25581.6,25581.6,473263
1768192020,2026-01-12T09:57:00,25580.7,25580.7,25569.75,25570.15,573295
1768192080,2026-01-12T09:58:00,25569.6,25569.6,25561.0,25563.5,714487
1768192140,2026-01-12T09:59:00,25563.75,25568.55,25557.55,25557.55,407347
1768192200,2026-01-12T10:00:00,25557.9,25569.6,25557.45,25564.15,844719
1768192260,2026-01-12T10:01:00,25563.9,25570.05,25558.7,25568.45,675661
1768192320,2026-01-12T10:02:00,25568.7,25570.25,25561.95,25568.05,523641
1768192380,2026-01-12T10:03:00,25569.7,25579.4,25565.55,25579.0,542058
1768192440,2026-01-12T10:04:00,25579.0,25591.8,25578.6,25589.7,913316
1768192500,2026-01-12T10:05:00,25588.95,25596.25,25587.15,25589.2,703864
1768192560,2026-01-12T10:06:00,25589.55,25590.95,25578.35,25579.3,622433
1768192620,2026-01-12T10:07:00,25578.55,25587.7,25575.05,25582.4,508775
1768192680,2026-01-12T10:08:00,25582.2,25589.65,25580.35,25586.6,551590
1768192740,2026-01-12T10:09:00,25587.5,25590.35,25575.85,25580.3,447764
1768192800,2026-01-12T10:10:00,25580.3,25580.3,25562.65,25566.95,434833
1768192860,2026-01-12T10:11:00,25566.65,25573.45,25566.35,25573.4,409328
1768192920,2026-01-12T10:12:00,25573.0,25579.6,25564.65,25565.1,570930
1768192980,2026-01-12T10:13:00,25566.0,25569.85,25563.8,25565.3,502405
1768193040,2026-01-12T10:14:00,25565.35,25565.35,25556.4,25556.9,769486
1768193100,2026-01-12T10:15:00,25556.9,25563.6,25554.05,25557.55,534964
1768193160,2026-01-12T10:16:00,25558.0,25558.0,25545.95,25550.4,608756
1768193220,2026-01-12T10:17:00,25550.7,25565.2,25550.7,25564.5,497353
1768193280,2026-01-12T10:18:00,25565.15,25577.8,25564.05,25576.15,641189
1768193340,2026-01-12T10:19:00,25576.3,25587.05,25574.55,25583.6,558546
1768193400,2026-01-12T10:20:00,25583.3,25586.8,25574.85,25583.3,520085
1768193460,2026-01-12T10:21:00,25583.2,25591.65,25576.0,25584.25,640531
1768193520,2026-01-12T10:22:00,25585.2,25589.15,25579.2,25582.8,623119
1768193580,2026-01-12T10:23:00,25582.15,25585.35,25575.5,25584.15,488080
1768193640,2026-01-12T10:24:00,25583.9,25586.4,25577.8,25585.45,783577
1768193700,2026-01-12T10:25:00,25585.15,25586.7,25573.25,25574.15,557342
1768193760,2026-01-12T10:26:00,25573.65,25582.5,25571.5,25582.5,407315
1768193820,2026-01-12T10:27:00,25581.7,25598.2,25581.55,25595.3,659353
1768193880,2026-01-12T10:28:00,25594.35,25595.65,25587.5,25590.95,551059
1768193940,2026-01-12T10:29:00,25590.8,25594.85,25583.15,25583.15,561300
1768194000,2026-01-12T10:30:00,25582.85,25593.0,25581.65,25584.2,575950
1768194060,2026-01-12T10:31:00,25584.05,25587.2,25576.0,25577.4,520538
1768194120,2026-01-12T10:32:00,25578.15,25581.05,25571.3,25573.55,465307
1768194180,2026-01-12T10:33:00,25573.45,25578.4,25566.4,25578.2,484738
1768194240,2026-01-12T10:34:00,25578.05,25578.55,25569.95,25570.95,432018
1768194300,2026-01-12T10:35:00,25570.9,25573.9,25564.15,25564.75,434427
1768194360,2026-01-12T10:36:00,25564.4,25575.25,25560.95,25568.9,512093
1768194420,2026-01-12T10:37:00,25568.5,25570.0,25565.1,25567.1,381352
1768194480,2026-01-12T10:38:00,25566.15,25570.8,25563.15,25565.8,1033156
1768194540,2026-01-12T10:39:00,25565.95,25566.7,25560.85,25560.85,514906
1768194600,2026-01-12T10:40:00,25559.85,25574.2,25558.75,25572.8,609420
1768194660,2026-01-12T10:41:00,25572.95,25572.95,25564.45,25565.2,458416
1768194720,2026-01-12T10:42:00,25565.7,25565.7,25558.25,25561.05,511944
1768194780,2026-01-12T10:43:00,25561.95,25571.35,25561.65,25567.85,533978
1768194840,2026-01-12T10:44:00,25567.7,25568.0,25559.05,25563.15,518118
1768194900,2026-01-12T10:45:00,25561.8,25562.45,25555.65,25556.8,523759
1768194960,2026-01-12T10:46:00,25556.95,25557.45,25538.8,25538.8,823516
1768195020,2026-01-12T10:47:00,25538.95,25549.8,25538.95,25549.8,464939
1768195080,2026-01-12T10:48:00,25549.35,25572.0,25548.35,25569.85,709532
1768195140,2026-01-12T10:49:00,25569.95,25573.05,25567.55,25569.45,407934
1768195200,2026-01-12T10:50:00,25569.25,25582.65,25568.9,25579.85,484889
1768195260,2026-01-12T10:51:00,25579.05,25579.75,25569.85,25571.8,454442
1768195320,2026-01-12T10:52:00,25571.35,25572.05,25559.95,25559.95,936272
1768195380,2026-01-12T10:53:00,25559.35,25561.5,25556.35,25560.4,471481
1768195440,2026-01-12T10:54:00,25559.75,25560.05,25551.85,25556.7,447234
1768195500,2026-01-12T10:55:00,25556.35,25559.0,25554.9,25554.9,412030
1768195560,2026-01-12T10:56:00,25554.35,25559.85,25554.35,25556.9,791635
1768195620,2026-01-12T10:57:00,25557.6,25561.85,25555.15,25555.65,511015
1768195680,2026-01-12T10:58:00,25555.15,25556.95,25548.8,25548.8,538409
1768195740,2026-01-12T10:59:00,25548.6,25550.4,25545.6,25547.35,340635
1768195800,2026-01-12T11:00:00,25547.6,25551.0,25543.35,25550.75,532716
1768195860,2026-01-12T11:01:00,25550.55,25551.5,25541.35,25543.8,584343
1768195920,2026-01-12T11:02:00,25543.5,25547.35,25541.75,25546.6,344415
1768195980,2026-01-12T11:03:00,25545.95,25547.9,25541.25,25546.65,344181
1768196040,2026-01-12T11:04:00,25546.65,25551.4,25545.05,25547.35,476891
1768196100,2026-01-12T11:05:00,25547.15,25547.15,25538.1,25538.1,616932
1768196160,2026-01-12T11:06:00,25538.05,25541.3,25534.8,25538.45,545415
1768196220,2026-01-12T11:07:00,25539.05,25542.2,25535.75,25541.5,377768
1768196280,2026-01-12T11:08:00,25541.3,25549.45,25540.95,25546.3,1022245
1768196340,2026-01-12T11:09:00,25545.45,25546.0,25540.4,25541.4,450177
1768196400,2026-01-12T11:10:00,25541.05,25547.4,25539.5,25544.8,401757
1768196460,2026-01-12T11:11:00,25544.15,25547.4,25537.7,25541.15,514918
1768196520,2026-01-12T11:12:00,25540.55,25544.1,25536.0,25543.3,469162
1768196580,2026-01-12T11:13:00,25543.0,25544.7,25530.1,25532.0,674014
1768196640,2026-01-12T11:14:00,25531.6,25534.45,25529.55,25532.85,457888
1768196700,2026-01-12T11:15:00,25531.9,25532.95,25517.65,25528.8,615851
1768196760,2026-01-12T11:16:00,25527.7,25527.85,25523.0,25526.15,310756
1768196820,2026-01-12T11:17:00,25525.5,25525.95,25509.5,25511.7,515693
1768196880,2026-01-12T11:18:00,25511.7,25521.6,25511.7,25521.05,441891
1768196940,2026-01-12T11:19:00,25520.75,25520.75,25511.9,25514.95,362818
1768197000,2026-01-12T11:20:00,25515.35,25521.2,25511.8,25512.25,430452
1768197060,2026-01-12T11:21:00,25512.55,25512.95,25505.4,25506.0,772326
1768197120,2026-01-12T11:22:00,25506.45,25508.65,25503.2,25507.95,961908
1768197180,2026-01-12T11:23:00,25508.3,25509.15,25504.65,25504.65,824100
1768197240,2026-01-12T11:24:00,25506.0,25507.6,25503.05,25507.35,646002
1768197300,2026-01-12T11:25:00,25507.75,25510.05,25504.35,25509.25,584699
1768197360,2026-01-12T11:26:00,25508.95,25512.95,25505.75,25507.55,400585
1768197420,2026-01-12T11:27:00,25507.85,25517.05,25507.0,25509.85,660808
1768197480,2026-01-12T11:28:00,25509.9,25513.85,25508.0,25508.0,410229
1768197540,2026-01-12T11:29:00,25508.3,25509.9,25501.65,25502.4,628241
1768197600,2026-01-12T11:30:00,25501.95,25502.5,25492.75,25496.15,762464
1768197660,2026-01-12T11:31:00,25496.95,25498.75,25491.2,25491.95,826626
1768197720,2026-01-12T11:32:00,25492.05,25494.1,25484.05,25488.3,990927
1768197780,2026-01-12T11:33:00,25488.1,25488.7,25479.05,25481.3,777763
1768197840,2026-01-12T11:34:00,25480.9,25481.95,25473.4,25475.0,875113
1768197900,2026-01-12T11:35:00,25475.65,25488.85,25474.75,25487.1,1224770
1768197960,2026-01-12T11:36:00,25487.45,25493.2,25487.45,25488.95,724140
1768198020,2026-01-12T11:37:00,25488.85,25489.4,25483.1,25486.45,508925
1768198080,2026-01-12T11:38:00,25485.8,25486.3,25480.1,25482.95,653696
1768198140,2026-01-12T11:39:00,25482.75,25486.6,25482.25,25482.7,475083
1768198200,2026-01-12T11:40:00,25483.0,25488.2,25482.4,25485.45,330867
1768198260,2026-01-12T11:41:00,25486.15,25489.0,25484.95,25486.6,652858
1768198320,2026-01-12T11:42:00,25485.95,25487.85,25479.65,25481.95,594492
1768198380,2026-01-12T11:43:00,25482.8,25484.15,25475.45,25475.45,497948
1768198440,2026-01-12T11:44:00,25476.55,25482.2,25473.4,25480.6,517399
1768198500,2026-01-12T11:45:00,25481.45,25481.45,25475.9,25476.3,355963
1768198560,2026-01-12T11:46:00,25476.25,25488.7,25474.5,25488.7,471132
1768198620,2026-01-12T11:47:00,25488.5,25498.7,25487.7,25497.95,659375
1768198680,2026-01-12T11:48:00,25497.85,25499.95,25490.75,25490.95,459407
1768198740,2026-01-12T11:49:00,25490.45,25491.1,25487.2,25490.85,445543
1768198800,2026-01-12T11:50:00,25491.0,25496.9,25490.35,25491.7,937927
1768198860,2026-01-12T11:51:00,25492.65,25494.75,25487.2,25487.9,642772
1768198920,2026-01-12T11:52:00,25488.7,25492.65,25483.9,25490.8,367580
1768198980,2026-01-12T11:53:00,25490.5,25494.15,25490.4,25493.5,443045
1768199040,2026-01-12T11:54:00,25493.1,25495.8,25490.35,25492.15,440997
1768199100,2026-01-12T11:55:00,25491.3,25499.7,25491.25,25495.85,575028
1768199160,2026-01-12T11:56:00,25496.15,25497.65,25492.15,25493.3,562825
1768199220,2026-01-12T11:57:00,25494.35,25499.35,25493.0,25497.5,556175
1768199280,2026-01-12T11:58:00,25496.95,25500.85,25495.55,25500.55,595540
1768199340,2026-01-12T11:59:00,25499.75,25502.85,25497.45,25501.55,769418
1768199400,2026-01-12T12:00:00,25501.45,25504.5,25496.2,25499.2,650436
1768199460,2026-01-12T12:01:00,25498.55,25511.95,25498.55,25509.1,763501
1768199520,2026-01-12T12:02:00,25510.15,25516.95,25502.7,25515.05,604462
1768199580,2026-01-12T12:03:00,25513.9,25514.7,25501.95,25501.95,540277
1768199640,2026-01-12T12:04:00,25501.05,25503.15,25497.75,25501.0,482734
1768199700,2026-01-12T12:05:00,25501.1,25507.65,25500.75,25507.65,512547
1768199760,2026-01-12T12:06:00,25507.0,25510.3,25505.9,25508.7,351750
1768199820,2026-01-12T12:07:00,25508.75,25518.7,25507.95,25517.0,774863
1768199880,2026-01-12T12:08:00,25516.6,25530.45,25513.1,25522.0,826071
1768199940,2026-01-12T12:09:00,25522.65,25523.15,25519.7,25520.0,471480
1768200000,2026-01-12T12:10:00,25520.45,25528.9,25519.05,25525.95,407597
1768200060,2026-01-12T12:11:00,25525.7,25529.4,25511.0,25515.35,777254
1768200120,2026-01-12T12:12:00,25515.45,25528.2,25512.65,25528.05,843264
1768200180,2026-01-12T12:13:00,25527.85,25547.3,25527.85,25544.9,809622
1768200240,2026-01-12T12:14:00,25544.5,25578.9,25544.5,25578.3,975551
1768200300,2026-01-12T12:15:00,25577.5,25583.35,25575.9,25577.45,677134
1768200360,2026-01-12T12:16:00,25575.5,25584.25,25566.25,25583.4,707969
1768200420,2026-01-12T12:17:00,25582.45,25609.65,25582.25,25606.9,1558339
1768200480,2026-01-12T12:18:00,25606.1,25613.3,25601.85,25606.2,1049089
1768200540,2026-01-12T12:19:00,25604.85,25606.8,25598.05,25601.3,471550
1768200600,2026-01-12T12:20:00,25601.9,25616.75,25601.05,25614.85,1082986
1768200660,2026-01-12T12:21:00,25614.55,25665.75,25607.3,25660.65,1799183
1768200720,2026-01-12T12:22:00,25661.9,25667.5,25637.65,25642.8,1118063
1768200780,2026-01-12T12:23:00,25642.0,25649.0,25633.4,25644.85,510367
1768200840,2026-01-12T12:24:00,25644.35,25650.8,25639.85,25644.85,565105
1768200900,2026-01-12T12:25:00,25642.55,25654.8,25634.9,25653.4,941959
1768200960,2026-01-12T12:26:00,25652.55,25667.85,25649.9,25665.5,708790
1768201020,2026-01-12T12:27:00,25665.7,25678.9,25663.2,25675.3,855303
1768201080,2026-01-12T12:28:00,25674.15,25676.05,25651.65,25652.35,1114034
1768201140,2026-01-12T12:29:00,25652.05,25661.65,25640.1,25660.8,850978
1768201200,2026-01-12T12:30:00,25660.95,25670.0,25656.45,25668.1,935736
1768201260,2026-01-12T12:31:00,25666.9,25676.95,25666.9,25673.5,871493
1768201320,2026-01-12T12:32:00,25672.3,25699.05,25671.95,25691.0,1105797
1768201380,2026-01-12T12:33:00,25690.6,25702.8,25688.25,25699.55,819352
1768201440,2026-01-12T12:34:00,25700.0,25701.6,25689.7,25697.5,659853
1768201500,2026-01-12T12:35:00,25696.95,25697.1,25684.05,25690.4,1029079
1768201560,2026-01-12T12:36:00,25690.75,25703.1,25687.7,25700.0,855610
1768201620,2026-01-12T12:37:00,25700.75,25707.85,25693.5,25693.6,917553
1768201680,2026-01-12T12:38:00,25692.6,25694.75,25679.4,25682.5,917900
1768201740,2026-01-12T12:39:00,25681.45,25683.9,25676.1,25680.75,747327
1768201800,2026-01-12T12:40:00,25680.85,25691.5,25679.5,25684.35,587277
1768201860,2026-01-12T12:41:00,25684.0,25699.0,25683.15,25697.85,539444
1768201920,2026-01-12T12:42:00,25698.3,25732.6,25697.85,25732.2,1185737
1768201980,2026-01-12T12:43:00,25732.05,25737.25,25722.5,25725.45,1198475
1768202040,2026-01-12T12:44:00,25724.6,25727.05,25716.15,25723.05,595572
1768202100,2026-01-12T12:45:00,25723.35,25738.4,25722.95,25727.5,742799
1768202160,2026-01-12T12:46:00,25726.55,25728.8,25716.4,25718.55,539086
1768202220,2026-01-12T12:47:00,25718.0,25723.35,25715.05,25719.65,690581
1768202280,2026-01-12T12:48:00,25719.45,25720.7,25710.65,25717.9,682085
1768202340,2026-01-12T12:49:00,25717.2,25719.75,25710.6,25710.6,1517810
1768202400,2026-01-12T12:50:00,25710.9,25725.05,25710.9,25724.55,611441
1768202460,2026-01-12T12:51:00,25724.45,25725.55,25715.25,25715.25,526127
1768202520,2026-01-12T12:52:00,25715.45,25724.35,25714.4,25721.1,1055075
1768202580,2026-01-12T12:53:00,25720.85,25723.15,25717.2,25720.85,573697
1768202640,2026-01-12T12:54:00,25720.45,25727.4,25718.95,25726.5,580486
1768202700,2026-01-12T12:55:00,25725.95,25728.3,25714.75,25715.5,484018
1768202760,2026-01-12T12:56:00,25714.9,25722.65,25712.4,25720.9,508241
1768202820,2026-01-12T12:57:00,25720.85,25722.8,25715.3,25717.75,340969
1768202880,2026-01-12T12:58:00,25717.25,25725.05,25716.7,25719.2,817754
1768202940,2026-01-12T12:59:00,25718.65,25721.55,25708.85,25709.05,537273
1768203000,2026-01-12T13:00:00,25709.5,25710.95,25692.2,25692.65,734779
1768203060,2026-01-12T13:01:00,25692.75,25699.95,25687.65,25691.45,897637
1768203120,2026-01-12T13:02:00,25692.1,25692.1,25676.55,25676.55,949061
1768203180,2026-01-12T13:03:00,25675.75,25691.4,25673.1,25690.85,668639
1768203240,2026-01-12T13:04:00,25690.95,25701.0,25688.15,25699.4,370219
1768203300,2026-01-12T13:05:00,25698.85,25711.0,25698.85,25702.65,536460
1768203360,2026-01-12T13:06:00,25702.95,25709.8,25702.95,25704.9,1098821
1768203420,2026-01-12T13:07:00,25704.6,25707.3,25699.0,25701.85,429770
1768203480,2026-01-12T13:08:00,25701.3,25709.8,25698.25,25709.45,365183
1768203540,2026-01-12T13:09:00,25709.05,25720.55,25708.6,25717.1,524055
1768203600,2026-01-12T13:10:00,25717.4,25719.8,25710.6,25710.85,611782
1768203660,2026-01-12T13:11:00,25710.8,25722.05,25710.0,25719.85,467702
1768203720,2026-01-12T13:12:00,25720.15,25726.55,25718.15,25719.3,1004664
1768203780,2026-01-12T13:13:00,25718.0,25720.7,25711.65,25713.85,522836
1768203840,2026-01-12T13:14:00,25712.1,25722.4,25706.45,25722.3,623392
1768203900,2026-01-12T13:15:00,25721.8,25727.35,25721.75,25725.15,693541
1768203960,2026-01-12T13:16:00,25724.7,25728.25,25724.15,25726.6,584882
1768204020,2026-01-12T13:17:00,25725.85,25727.6,25713.5,25715.25,592806
1768204080,2026-01-12T13:18:00,25715.1,25718.15,25706.5,25712.5,399569
1768204140,2026-01-12T13:19:00,25712.7,25714.4,25703.8,25705.2,390700
1768204200,2026-01-12T13:20:00,25705.45,25708.3,25694.6,25697.4,729293
1768204260,2026-01-12T13:21:00,25697.55,25706.0,25697.55,25703.15,347497
1768204320,2026-01-12T13:22:00,25703.05,25705.35,25701.2,25701.5,792053
1768204380,2026-01-12T13:23:00,25701.55,25706.6,25700.0,25703.3,495606
1768204440,2026-01-12T13:24:00,25702.9,25710.0,25702.9,25706.65,516012
1768204500,2026-01-12T13:25:00,25704.3,25705.55,25692.3,25704.15,620302
1768204560,2026-01-12T13:26:00,25704.3,25705.9,25699.5,25702.3,436596
1768204620,2026-01-12T13:27:00,25701.85,25704.55,25687.25,25689.4,535345
1768204680,2026-01-12T13:28:00,25689.65,25696.95,25689.45,25692.4,450778
1768204740,2026-01-12T13:29:00,25691.9,25694.05,25688.3,25689.05,545075
1768204800,2026-01-12T13:30:00,25689.15,25708.95,25689.15,25707.95,700378
1768204860,2026-01-12T13:31:00,25707.95,25720.55,25707.95,25718.75,560520
1768204920,2026-01-12T13:32:00,25718.6,25734.9,25718.6,25731.4,649022
1768204980,2026-01-12T13:33:00,25731.95,25740.25,25731.95,25739.35,532004
1768205040,2026-01-12T13:34:00,25738.2,25746.5,25738.2,25745.25,747181
1768205100,2026-01-12T13:35:00,25745.4,25750.5,25745.3,25747.0,736034
1768205160,2026-01-12T13:36:00,25746.8,25754.9,25746.8,25751.55,642645
1768205220,2026-01-12T13:37:00,25751.95,25757.9,25738.15,25738.25,472719
1768205280,2026-01-12T13:38:00,25738.7,25742.25,25727.6,25728.45,506493
1768205340,2026-01-12T13:39:00,25728.8,25741.5,25728.8,25738.95,384587
1768205400,2026-01-12T13:40:00,25739.15,25755.3,25738.95,25745.1,552922
1768205460,2026-01-12T13:41:00,25744.55,25752.5,25744.4,25751.3,452763
1768205520,2026-01-12T13:42:00,25751.15,25752.15,25737.65,25738.55,561970
1768205580,2026-01-12T13:43:00,25739.25,25748.0,25739.25,25744.35,588154
1768205640,2026-01-12T13:44:00,25743.95,25745.35,25730.05,25730.45,438305
1768205700,2026-01-12T13:45:00,25730.55,25743.05,25730.45,25739.05,412268
1768205760,2026-01-12T13:46:00,25739.15,25744.0,25739.15,25741.1,349117
1768205820,2026-01-12T13:47:00,25740.65,25744.95,25738.1,25739.9,589030
1768205880,2026-01-12T13:48:00,25739.7,25745.65,25739.7,25741.7,537259
1768205940,2026-01-12T13:49:00,25741.0,25743.2,25736.05,25738.9,380672
1768206000,2026-01-12T13:50:00,25738.4,25741.8,25735.2,25735.6,346626
1768206060,2026-01-12T13:51:00,25735.2,25739.05,25732.0,25734.35,412169
1768206120,2026-01-12T13:52:00,25733.3,25740.45,25727.4,25737.5,861131
1768206180,2026-01-12T13:53:00,25737.15,25744.1,25737.15,25742.15,395695
1768206240,2026-01-12T13:54:00,25741.35,25746.6,25736.75,25746.35,1211800
1768206300,2026-01-12T13:55:00,25745.7,25748.5,25742.75,25743.25,570716
1768206360,2026-01-12T13:56:00,25742.25,25745.3,25737.65,25737.65,452775
1768206420,2026-01-12T13:57:00,25737.25,25739.35,25727.9,25733.0,550798
1768206480,2026-01-12T13:58:00,25731.35,25744.05,25731.35,25740.2,396206
1768206540,2026-01-12T13:59:00,25740.25,25745.4,25739.35,25741.7,539931
1768206600,2026-01-12T14:00:00,25741.3,25742.7,25731.4,25734.9,649178
1768206660,2026-01-12T14:01:00,25734.85,25738.75,25721.15,25721.35,673872
1768206720,2026-01-12T14:02:00,25721.25,25727.2,25715.1,25727.2,631626
1768206780,2026-01-12T14:03:00,25725.75,25730.2,25722.65,25726.3,480287
1768206840,2026-01-12T14:04:00,25726.0,25732.55,25721.3,25730.25,515281
1768206900,2026-01-12T14:05:00,25730.35,25739.2,25730.35,25732.75,467993
1768206960,2026-01-12T14:06:00,25732.3,25736.55,25726.1,25729.3,403487
1768207020,2026-01-12T14:07:00,25728.45,25737.05,25728.1,25733.85,431041
1768207080,2026-01-12T14:08:00,25732.5,25739.9,25730.05,25738.55,539950
1768207140,2026-01-12T14:09:00,25738.3,25743.3,25734.95,25741.7,737765
1768207200,2026-01-12T14:10:00,25741.5,25743.65,25736.2,25739.35,624516
1768207260,2026-01-12T14:11:00,25739.3,25741.4,25732.05,25732.65,483492
1768207320,2026-01-12T14:12:00,25732.25,25741.4,25731.95,25740.7,431911
1768207380,2026-01-12T14:13:00,25739.55,25740.75,25728.3,25733.55,737524
1768207440,2026-01-12T14:14:00,25733.35,25736.7,25726.95,25728.45,536456
1768207500,2026-01-12T14:15:00,25727.95,25733.4,25727.0,25729.15,355154
1768207560,2026-01-12T14:16:00,25729.2,25740.2,25729.15,25734.05,659003
1768207620,2026-01-12T14:17:00,25733.55,25743.1,25733.55,25741.15,498735
1768207680,2026-01-12T14:18:00,25741.0,25742.85,25737.65,25740.2,441287
1768207740,2026-01-12T14:19:00,25739.9,25742.45,25731.1,25731.1,566771
1768207800,2026-01-12T14:20:00,25730.5,25736.45,25727.05,25736.35,585149
1768207860,2026-01-12T14:21:00,25735.6,25742.25,25735.1,25741.65,372677
1768207920,2026-01-12T14:22:00,25741.25,25752.1,25741.25,25751.15,506905
1768207980,2026-01-12T14:23:00,25750.8,25762.55,25750.8,25755.85,891362
1768208040,2026-01-12T14:24:00,25755.8,25766.45,25755.8,25763.55,521318
1768208100,2026-01-12T14:25:00,25763.35,25770.9,25762.1,25762.75,648697
1768208160,2026-01-12T14:26:00,25762.75,25762.75,25749.85,25751.35,665904
1768208220,2026-01-12T14:27:00,25751.1,25762.2,25751.1,25758.65,361684
1768208280,2026-01-12T14:28:00,25758.45,25761.4,25756.65,25757.3,357194
1768208340,2026-01-12T14:29:00,25757.05,25758.25,25752.65,25755.7,541204
1768208400,2026-01-12T14:30:00,25756.0,25761.25,25753.1,25753.1,607072
1768208460,2026-01-12T14:31:00,25753.25,25756.7,25749.55,25754.55,546019
1768208520,2026-01-12T14:32:00,25754.4,25756.85,25743.7,25744.05,608850
1768208580,2026-01-12T14:33:00,25743.6,25743.6,25734.5,25739.0,671244
1768208640,2026-01-12T14:34:00,25738.5,25740.4,25730.9,25733.0,507644
1768208700,2026-01-12T14:35:00,25732.95,25734.35,25715.7,25716.7,852719
1768208760,2026-01-12T14:36:00,25715.6,25718.75,25704.65,25705.7,1009858
1768208820,2026-01-12T14:37:00,25705.55,25725.95,25705.55,25724.5,640142
1768208880,2026-01-12T14:38:00,25725.45,25739.05,25723.1,25738.4,687288
1768208940,2026-01-12T14:39:00,25736.4,25747.65,25736.4,25744.9,572326
1768209000,2026-01-12T14:40:00,25744.65,25750.9,25744.65,25749.0,495014
1768209060,2026-01-12T14:41:00,25748.1,25759.75,25748.1,25759.2,775369
1768209120,2026-01-12T14:42:00,25759.3,25762.15,25750.65,25750.75,514401
1768209180,2026-01-12T14:43:00,25749.95,25751.15,25742.85,25751.15,495754
1768209240,2026-01-12T14:44:00,25754.1,25763.7,25754.1,25760.8,612085
1768209300,2026-01-12T14:45:00,25760.35,25765.2,25759.6,25763.85,543720
1768209360,2026-01-12T14:46:00,25764.05,25769.0,25761.55,25768.3,582168
1768209420,2026-01-12T14:47:00,25767.15,25771.5,25762.65,25763.05,832486
1768209480,2026-01-12T14:48:00,25762.3,25764.9,25755.2,25758.75,647371
1768209540,2026-01-12T14:49:00,25759.15,25766.25,25759.15,25765.7,574443
1768209600,2026-01-12T14:50:00,25765.2,25778.2,25765.2,25774.05,791116
1768209660,2026-01-12T14:51:00,25774.35,25782.8,25774.35,25781.35,694498
1768209720,2026-01-12T14:52:00,25781.2,25786.1,25775.95,25777.7,698400
1768209780,2026-01-12T14:53:00,25777.45,25793.25,25777.45,25791.4,806999
1768209840,2026-01-12T14:54:00,25792.2,25795.0,25785.6,25787.85,561970
1768209900,2026-01-12T14:55:00,25787.2,25797.0,25786.85,25796.1,627190
1768209960,2026-01-12T14:56:00,25795.0,25799.15,25792.4,25797.45,1140740
1768210020,2026-01-12T14:57:00,25796.6,25812.45,25796.6,25811.1,1066582
1768210080,2026-01-12T14:58:00,25811.3,25812.95,25802.05,25807.9,667423
1768210140,2026-01-12T14:59:00,25807.35,25813.15,25802.25,25810.45,659853
1768210200,2026-01-12T15:00:00,25808.95,25808.95,25785.15,25785.8,1419671
1768210260,2026-01-12T15:01:00,25786.3,25789.5,25783.0,25789.35,860588
1768210320,2026-01-12T15:02:00,25789.35,25793.35,25783.95,25784.4,1033888
1768210380,2026-01-12T15:03:00,25784.75,25787.35,25778.05,25779.2,812165
1768210440,2026-01-12T15:04:00,25780.25,25786.9,25779.7,25783.85,847252
1768210500,2026-01-12T15:05:00,25783.8,25791.15,25782.35,25789.75,949675
1768210560,2026-01-12T15:06:00,25790.1,25790.75,25781.0,25786.75,1428076
1768210620,2026-01-12T15:07:00,25785.75,25789.8,25784.25,25785.35,1035457
1768210680,2026-01-12T15:08:00,25785.6,25786.35,25775.1,25778.55,1032720
1768210740,2026-01-12T15:09:00,25779.1,25786.05,25778.2,25785.2,883977
1768210800,2026-01-12T15:10:00,25785.0,25788.15,25782.7,25785.05,1101622
1768210860,2026-01-12T15:11:00,25784.75,25787.3,25778.25,25781.15,999151
1768210920,2026-01-12T15:12:00,25781.15,25782.45,25777.45,25780.1,942769
1768210980,2026-01-12T15:13:00,25780.15,25784.15,25779.6,25781.9,875434
1768211040,2026-01-12T15:14:00,25780.65,25783.45,25776.15,25778.5,1243695
1768211100,2026-01-12T15:15:00,25778.3,25784.8,25778.3,25784.05,1752452
1768211160,2026-01-12T15:16:00,25783.4,25786.2,25781.8,25785.75,1278323
1768211220,2026-01-12T15:17:00,25785.95,25791.5,25785.55,25786.8,1146991
1768211280,2026-01-12T15:18:00,25786.65,25788.85,25785.3,25787.6,1721910
1768211340,2026-01-12T15:19:00,25788.2,25790.35,25785.1,25785.7,1088270
1768211400,2026-01-12T15:20:00,25786.2,25788.55,25783.75,25786.05,1362837
1768211460,2026-01-12T15:21:00,25786.65,25788.15,25782.6,25783.65,928602
1768211520,2026-01-12T15:22:00,25783.85,25788.6,25783.25,25785.35,1051024
1768211580,2026-01-12T15:23:00,25784.95,25791.6,25784.25,25791.6,1107766
1768211640,2026-01-12T15:24:00,25791.6,25798.05,25791.5,25797.25,1376848
1768211700,2026-01-12T15:25:00,25797.65,25801.7,25795.65,25801.25,1910948
1768211760,2026-01-12T15:26:00,25800.95,25805.35,25798.65,25802.3,1717269
1768211820,2026-01-12T15:27:00,25803.15,25807.95,25798.0,25799.5,1686942
1768211880,2026-01-12T15:28:00,25799.45,25800.65,25792.8,25793.95,1279672
1768211940,2026-01-12T15:29:00,25795.0,25806.1,25795.0,25806.1,1140858
1768275900,2026-01-13T09:15:00,25897.35,25899.8,25842.35,25853.0,5846722
1768275960,2026-01-13T09:16:00,25852.15,25867.1,25836.4,25863.7,3601982
1768276020,2026-01-13T09:17:00,25866.1,25875.9,25857.65,25873.6,3401118
1768276080,2026-01-13T09:18:00,25873.1,25874.1,25851.75,25851.75,2377112
1768276140,2026-01-13T09:19:00,25852.2,25854.8,25843.95,25846.25,1947643
1768276200,2026-01-13T09:20:00,25845.75,25845.75,25822.35,25822.35,2122126
1768276260,2026-01-13T09:21:00,25820.55,25830.0,25813.75,25819.65,1508358
1768276320,2026-01-13T09:22:00,25820.05,25837.7,25818.75,25835.7,1589201
1768276380,2026-01-13T09:23:00,25835.6,25852.65,25834.55,25836.2,1591618
1768276440,2026-01-13T09:24:00,25837.45,25845.5,25831.0,25836.3,1274879
1768276500,2026-01-13T09:25:00,25836.75,25836.75,25815.4,25818.35,3547939
1768276560,2026-01-13T09:26:00,25818.75,25825.25,25806.55,25806.55,1298307
1768276620,2026-01-13T09:27:00,25807.4,25810.65,25789.75,25792.75,1861032
1768276680,2026-01-13T09:28:00,25792.1,25795.8,25769.65,25770.15,1396944
1768276740,2026-01-13T09:29:00,25769.75,25772.2,25760.05,25762.85,1029533
1768276800,2026-01-13T09:30:00,25761.4,25769.45,25760.35,25766.85,1261943
1768276860,2026-01-13T09:31:00,25766.6,25778.0,25764.7,25767.0,1297126
1768276920,2026-01-13T09:32:00,25765.8,25765.8,25741.9,25742.65,1231420
1768276980,2026-01-13T09:33:00,25742.25,25746.55,25731.7,25735.95,923305
1768277040,2026-01-13T09:34:00,25735.7,25746.8,25731.55,25745.35,1051118
1768277100,2026-01-13T09:35:00,25744.7,25756.0,25737.7,25738.7,1684388
1768277160,2026-01-13T09:36:00,25736.55,25738.35,25728.7,25733.2,1241153
1768277220,2026-01-13T09:37:00,25732.35,25735.2,25725.0,25731.05,1122758
1768277280,2026-01-13T09:38:00,25731.5,25734.55,25729.75,25730.7,681705
1768277340,2026-01-13T09:39:00,25730.65,25737.9,25730.0,25736.3,1200383
1768277400,2026-01-13T09:40:00,25735.75,25735.9,25723.1,25732.1,1047286
1768277460,2026-01-13T09:41:00,25731.65,25732.75,25720.0,25720.1,1016820
1768277520,2026-01-13T09:42:00,25719.5,25721.35,25713.3,25713.85,647984
1768277580,2026-01-13T09:43:00,25714.6,25719.7,25709.85,25715.7,735064
1768277640,2026-01-13T09:44:00,25715.7,25730.2,25711.35,25730.2,1133404
1768277700,2026-01-13T09:45:00,25732.4,25769.35,25732.4,25766.4,1775978
1768277760,2026-01-13T09:46:00,25766.0,25789.75,25766.0,25778.05,1449030
1768277820,2026-01-13T09:47:00,25779.1,25781.45,25769.25,25770.25,1772829
1768277880,2026-01-13T09:48:00,25770.3,25776.1,25753.1,25753.1,1019328
1768277940,2026-01-13T09:49:00,25751.6,25752.1,25732.85,25739.2,1078025
1768278000,2026-01-13T09:50:00,25737.9,25750.85,25730.55,25750.85,827476
1768278060,2026-01-13T09:51:00,25749.35,25765.05,25749.25,25765.05,957724
1768278120,2026-01-13T09:52:00,25765.2,25769.05,25756.95,25757.15,1351012
1768278180,2026-01-13T09:53:00,25757.4,25764.45,25755.65,25760.35,435633
1768278240,2026-01-13T09:54:00,25758.85,25759.9,25742.7,25743.4,538707
1768278300,2026-01-13T09:55:00,25744.0,25744.75,25730.7,25731.0,895091
1768278360,2026-01-13T09:56:00,25730.9,25730.9,25705.1,25705.45,1163816
1768278420,2026-01-13T09:57:00,25705.85,25712.3,25700.85,25708.6,910480
1768278480,2026-01-13T09:58:00,25709.1,25720.35,25709.1,25713.95,885899
1768278540,2026-01-13T09:59:00,25714.1,25716.8,25708.5,25709.85,609721
1768278600,2026-01-13T10:00:00,25710.15,25715.45,25705.2,25714.65,735188
1768278660,2026-01-13T10:01:00,25715.25,25731.45,25715.25,25731.45,839012
1768278720,2026-01-13T10:02:00,25730.25,25745.05,25730.15,25738.05,1002710
1768278780,2026-01-13T10:03:00,25737.25,25740.85,25731.0,25739.6,521683
1768278840,2026-01-13T10:04:00,25739.55,25751.8,25737.2,25749.6,486899
1768278900,2026-01-13T10:05:00,25748.6,25753.5,25738.4,25746.85,651167
1768278960,2026-01-13T10:06:00,25746.2,25747.15,25739.8,25744.55,465830
1768279020,2026-01-13T10:07:00,25744.1,25746.55,25736.35,25746.35,752834
1768279080,2026-01-13T10:08:00,25744.8,25757.95,25744.8,25756.5,626784
1768279140,2026-01-13T10:09:00,25756.6,25767.2,25753.65,25760.65,653162
1768279200,2026-01-13T10:10:00,25761.55,25771.0,25754.55,25759.95,640065
1768279260,2026-01-13T10:11:00,25759.8,25764.05,25750.6,25755.05,583443
1768279320,2026-01-13T10:12:00,25755.15,25767.0,25753.55,25765.0,389357
1768279380,2026-01-13T10:13:00,25764.75,25766.05,25750.15,25750.15,427466
1768279440,2026-01-13T10:14:00,25750.6,25751.9,25738.1,25738.1,612184
1768279500,2026-01-13T10:15:00,25738.9,25755.3,25731.65,25754.7,528885
1768279560,2026-01-13T10:16:00,25754.05,25756.2,25736.4,25739.15,417741
1768279620,2026-01-13T10:17:00,25737.95,25740.3,25731.95,25733.15,395401
1768279680,2026-01-13T10:18:00,25733.45,25737.7,25726.1,25732.6,792359
1768279740,2026-01-13T10:19:00,25731.85,25742.15,25731.85,25737.75,809476
1768279800,2026-01-13T10:20:00,25736.8,25762.55,25736.8,25761.35,988785
1768279860,2026-01-13T10:21:00,25761.25,25774.45,25760.6,25772.2,1276500
1768279920,2026-01-13T10:22:00,25771.1,25772.0,25765.1,25768.6,601896
1768279980,2026-01-13T10:23:00,25767.65,25774.05,25767.25,25770.2,561162
1768280040,2026-01-13T10:24:00,25768.6,25769.95,25759.1,25759.15,591598
1768280100,2026-01-13T10:25:00,25761.05,25770.15,25757.45,25770.15,612450
1768280160,2026-01-13T10:26:00,25769.55,25782.75,25768.7,25782.1,877629
1768280220,2026-01-13T10:27:00,25781.8,25792.2,25781.25,25783.5,638506
1768280280,2026-01-13T10:28:00,25783.2,25801.15,25779.0,25799.8,875240
1768280340,2026-01-13T10:29:00,25797.6,25803.6,25796.2,25799.45,910081
1768280400,2026-01-13T10:30:00,25799.3,25805.25,25795.55,25804.6,798308
1768280460,2026-01-13T10:31:00,25804.1,25822.45,25803.65,25822.2,1049307
1768280520,2026-01-13T10:32:00,25821.65,25824.85,25815.3,25824.0,967167
1768280580,2026-01-13T10:33:00,25823.35,25827.05,25820.15,25823.8,767981
1768280640,2026-01-13T10:34:00,25823.7,25823.7,25805.75,25806.2,685860
1768280700,2026-01-13T10:35:00,25805.45,25809.2,25781.5,25783.95,898877
1768280760,2026-01-13T10:36:00,25782.35,25786.05,25766.15,25785.9,781336
1768280820,2026-01-13T10:37:00,25785.65,25796.7,25785.65,25791.6,505150
1768280880,2026-01-13T10:38:00,25791.85,25794.65,25785.75,25787.05,390490
1768280940,2026-01-13T10:39:00,25785.9,25787.35,25773.0,25776.3,509690
1768281000,2026-01-13T10:40:00,25774.05,25774.05,25769.05,25772.4,517649
1768281060,2026-01-13T10:41:00,25771.7,25776.1,25761.2,25763.05,951935
1768281120,2026-01-13T10:42:00,25761.55,25770.8,25757.55,25758.7,700365
1768281180,2026-01-13T10:43:00,25758.15,25761.3,25753.4,25753.4,411788
1768281240,2026-01-13T10:44:00,25753.3,25768.4,25750.2,25767.7,495139
1768281300,2026-01-13T10:45:00,25766.9,25770.4,25761.85,25763.45,487655
1768281360,2026-01-13T10:46:00,25762.55,25768.25,25754.95,25764.35,894606
1768281420,2026-01-13T10:47:00,25764.5,25767.75,25759.6,25767.75,839736
1768281480,2026-01-13T10:48:00,25766.95,25771.05,25760.45,25760.45,481367
1768281540,2026-01-13T10:49:00,25760.7,25782.45,25760.7,25777.2,696489
1768281600,2026-01-13T10:50:00,25776.45,25794.3,25774.2,25794.3,1059315
1768281660,2026-01-13T10:51:00,25795.7,25796.2,25785.45,25789.45,1316966
1768281720,2026-01-13T10:52:00,25788.1,25799.6,25786.4,25796.1,1449318
1768281780,2026-01-13T10:53:00,25795.4,25797.9,25793.65,25795.3,828861
1768281840,2026-01-13T10:54:00,25795.4,25798.05,25770.65,25772.15,1300334
1768281900,2026-01-13T10:55:00,25771.85,25775.1,25761.85,25765.7,657358
1768281960,2026-01-13T10:56:00,25766.25,25769.25,25764.1,25765.75,551736
1768282020,2026-01-13T10:57:00,25764.95,25780.4,25764.5,25780.35,725116
1768282080,2026-01-13T10:58:00,25780.2,25787.8,25777.1,25784.2,589581
1768282140,2026-01-13T10:59:00,25782.7,25784.95,25778.8,25778.9,598688
1768282200,2026-01-13T11:00:00,25779.75,25788.6,25778.7,25784.9,559515
1768282260,2026-01-13T11:01:00,25786.45,25788.25,25775.95,25775.95,792190
1768282320,2026-01-13T11:02:00,25775.75,25775.75,25761.5,25763.1,911579
1768282380,2026-01-13T11:03:00,25762.3,25769.3,25759.65,25769.3,625771
1768282440,2026-01-13T11:04:00,25768.3,25777.3,25768.15,25773.3,775280
1768282500,2026-01-13T11:05:00,25773.85,25780.45,25770.65,25771.65,1019593
1768282560,2026-01-13T11:06:00,25771.4,25776.55,25766.45,25773.95,746564
1768282620,2026-01-13T11:07:00,25774.0,25780.55,25772.75,25776.0,631400
1768282680,2026-01-13T11:08:00,25775.15,25782.65,25770.55,25781.85,468723
1768282740,2026-01-13T11:09:00,25782.25,25796.0,25782.25,25795.6,480032
1768282800,2026-01-13T11:10:00,25795.45,25795.65,25785.9,25787.85,767542
1768282860,2026-01-13T11:11:00,25787.35,25799.55,25786.2,25797.55,417829
1768282920,2026-01-13T11:12:00,25797.3,25797.3,25789.85,25792.05,398388
1768282980,2026-01-13T11:13:00,25790.65,25792.15,25778.9,25779.65,668134
1768283040,2026-01-13T11:14:00,25778.95,25791.0,25778.85,25788.6,464084
1768283100,2026-01-13T11:15:00,25788.0,25788.6,25781.05,25787.55,608579
1768283160,2026-01-13T11:16:00,25787.75,25795.9,25787.1,25793.35,445581
1768283220,2026-01-13T11:17:00,25793.3,25793.55,25781.65,25782.3,494208
1768283280,2026-01-13T11:18:00,25780.75,25785.85,25775.7,25785.4,458399
1768283340,2026-01-13T11:19:00,25785.2,25790.5,25785.15,25785.8,444725
1768283400,2026-01-13T11:20:00,25784.55,25785.95,25776.15,25784.1,498207
1768283460,2026-01-13T11:21:00,25784.1,25794.85,25783.55,25792.4,580213
1768283520,2026-01-13T11:22:00,25792.0,25792.05,25783.05,25785.45,436325
1768283580,2026-01-13T11:23:00,25784.2,25788.4,25782.95,25783.3,379625
1768283640,2026-01-13T11:24:00,25782.5,25784.25,25779.85,25781.25,388437
1768283700,2026-01-13T11:25:00,25780.15,25788.1,25780.15,25786.2,471222
1768283760,2026-01-13T11:26:00,25785.2,25792.75,25784.75,25786.9,485960
1768283820,2026-01-13T11:27:00,25786.3,25794.3,25785.05,25792.55,585987
1768283880,2026-01-13T11:28:00,25792.1,25797.15,25790.75,25796.6,418873
1768283940,2026-01-13T11:29:00,25796.45,25803.95,25793.85,25795.9,617861
1768284000,2026-01-13T11:30:00,25794.3,25794.55,25787.7,25793.55,450754
1768284060,2026-01-13T11:31:00,25793.35,25800.9,25793.05,25797.1,444785
1768284120,2026-01-13T11:32:00,25796.65,25809.9,25796.05,25809.3,553401
1768284180,2026-01-13T11:33:00,25809.3,25813.5,25805.9,25808.15,419051
1768284240,2026-01-13T11:34:00,25807.85,25810.05,25804.05,25808.45,633409
1768284300,2026-01-13T11:35:00,25808.4,25814.7,25807.5,25814.0,455617
1768284360,2026-01-13T11:36:00,25814.05,25819.3,25809.8,25818.25,578997
1768284420,2026-01-13T11:37:00,25818.45,25818.45,25803.95,25804.35,537100
1768284480,2026-01-13T11:38:00,25803.65,25816.75,25803.65,25815.7,558455
1768284540,2026-01-13T11:39:00,25814.6,25815.35,25808.9,25810.35,406912
1768284600,2026-01-13T11:40:00,25809.65,25814.0,25809.2,25811.5,329097
1768284660,2026-01-13T11:41:00,25810.7,25816.5,25810.0,25810.15,410484
1768284720,2026-01-13T11:42:00,25810.6,25810.6,25800.9,25801.25,553036
1768284780,2026-01-13T11:43:00,25800.8,25800.8,25794.8,25797.05,487716
1768284840,2026-01-13T11:44:00,25797.45,25797.8,25786.75,25789.7,523811
1768284900,2026-01-13T11:45:00,25788.45,25790.4,25779.75,25782.05,545345
1768284960,2026-01-13T11:46:00,25781.7,25789.2,25779.2,25789.2,551276
1768285020,2026-01-13T11:47:00,25788.55,25788.55,25781.55,25783.1,487880
1768285080,2026-01-13T11:48:00,25782.45,25782.9,25778.05,25781.2,426047
1768285140,2026-01-13T11:49:00,25780.95,25784.3,25779.1,25781.5,624133
1768285200,2026-01-13T11:50:00,25781.85,25785.55,25780.1,25785.0,565769
1768285260,2026-01-13T11:51:00,25785.0,25785.4,25778.95,25782.6,781359
1768285320,2026-01-13T11:52:00,25783.25,25786.0,25774.15,25774.15,730585
1768285380,2026-01-13T11:53:00,25773.5,25773.5,25754.95,25760.75,928952
1768285440,2026-01-13T11:54:00,25760.25,25768.45,25753.65,25763.1,533659
1768285500,2026-01-13T11:55:00,25762.15,25767.25,25758.35,25762.65,449565
1768285560,2026-01-13T11:56:00,25763.0,25782.6,25761.4,25778.95,693079
1768285620,2026-01-13T11:57:00,25777.6,25778.55,25770.35,25771.0,464972
1768285680,2026-01-13T11:58:00,25771.25,25775.7,25768.1,25768.1,429016
1768285740,2026-01-13T11:59:00,25766.8,25768.0,25752.15,25754.2,2857418
1768285800,2026-01-13T12:00:00,25753.65,25754.0,25746.85,25747.9,1694197
1768285860,2026-01-13T12:01:00,25747.55,25748.9,25742.1,25744.55,644833
1768285920,2026-01-13T12:02:00,25743.9,25748.65,25740.5,25743.05,714796
1768285980,2026-01-13T12:03:00,25742.8,25746.2,25741.1,25742.55,512050
1768286040,2026-01-13T12:04:00,25742.3,25743.2,25739.05,25741.75,842419
1768286100,2026-01-13T12:05:00,25741.3,25743.3,25734.35,25735.35,795216
1768286160,2026-01-13T12:06:00,25735.05,25739.35,25731.6,25736.4,531571
1768286220,2026-01-13T12:07:00,25736.5,25737.15,25732.65,25734.85,1042797
1768286280,2026-01-13T12:08:00,25734.4,25739.5,25732.3,25732.3,1266972
1768286340,2026-01-13T12:09:00,25731.95,25743.4,25731.95,25742.8,1769756
1768286400,2026-01-13T12:10:00,25742.15,25745.95,25731.1,25733.45,870099
1768286460,2026-01-13T12:11:00,25733.0,25738.7,25727.55,25731.95,1085889
1768286520,2026-01-13T12:12:00,25731.45,25737.5,25729.65,25731.05,632685
1768286580,2026-01-13T12:13:00,25730.95,25732.0,25727.45,25730.75,775301
1768286640,2026-01-13T12:14:00,25730.4,25730.9,25712.95,25713.7,1376832
1768286700,2026-01-13T12:15:00,25712.8,25722.65,25703.85,25722.55,1530936
1768286760,2026-01-13T12:16:00,25721.1,25730.85,25715.5,25730.55,741401
1768286820,2026-01-13T12:17:00,25727.6,25728.1,25719.75,25719.75,553644
1768286880,2026-01-13T12:18:00,25720.75,25725.05,25718.8,25724.95,385542
1768286940,2026-01-13T12:19:00,25724.65,25729.8,25724.3,25728.25,655650
1768287000,2026-01-13T12:20:00,25728.15,25730.7,25724.35,25724.7,469506
1768287060,2026-01-13T12:21:00,25723.35,25724.6,25720.95,25723.2,355678
1768287120,2026-01-13T12:22:00,25721.95,25727.9,25721.1,25723.95,518414
1768287180,2026-01-13T12:23:00,25723.3,25724.25,25713.05,25713.65,732389
1768287240,2026-01-13T12:24:00,25713.25,25713.25,25704.65,25705.5,1049488
1768287300,2026-01-13T12:25:00,25705.4,25714.75,25704.65,25714.0,605597
1768287360,2026-01-13T12:26:00,25714.05,25722.25,25714.05,25716.0,470975
1768287420,2026-01-13T12:27:00,25715.55,25726.65,25711.9,25726.05,641641
1768287480,2026-01-13T12:28:00,25725.6,25731.7,25725.15,25728.0,666882
1768287540,2026-01-13T12:29:00,25728.05,25732.85,25726.5,25732.6,556055
1768287600,2026-01-13T12:30:00,25731.4,25734.4,25722.65,25723.0,658792
1768287660,2026-01-13T12:31:00,25723.0,25724.85,25720.9,25721.85,594271
1768287720,2026-01-13T12:32:00,25721.7,25725.4,25715.8,25719.0,528576
1768287780,2026-01-13T12:33:00,25719.4,25720.7,25715.1,25715.1,391502
1768287840,2026-01-13T12:34:00,25715.0,25716.25,25706.05,25708.0,580344
1768287900,2026-01-13T12:35:00,25708.8,25719.0,25708.8,25717.45,731740
1768287960,2026-01-13T12:36:00,25717.9,25724.85,25717.3,25723.65,787187
1768288020,2026-01-13T12:37:00,25723.5,25724.55,25718.0,25718.15,477180
1768288080,2026-01-13T12:38:00,25718.2,25718.6,25714.1,25715.9,450915
1768288140,2026-01-13T12:39:00,25714.4,25718.4,25710.6,25711.25,437249
1768288200,2026-01-13T12:40:00,25711.85,25714.6,25707.2,25710.25,670737
1768288260,2026-01-13T12:41:00,25709.75,25710.0,25688.1,25694.8,892825
1768288320,2026-01-13T12:42:00,25692.55,25693.55,25689.15,25690.0,402728
1768288380,2026-01-13T12:43:00,25689.35,25704.55,25687.95,25704.55,611556
1768288440,2026-01-13T12:44:00,25704.3,25712.05,25703.25,25704.05,701929
1768288500,2026-01-13T12:45:00,25704.25,25707.6,25698.95,25702.9,576420
1768288560,2026-01-13T12:46:00,25702.25,25702.25,25690.05,25693.2,603531
1768288620,2026-01-13T12:47:00,25692.1,25697.65,25691.75,25696.95,500553
1768288680,2026-01-13T12:48:00,25696.9,25697.15,25687.2,25687.3,514017
1768288740,2026-01-13T12:49:00,25686.6,25686.6,25677.4,25685.0,605543
1768288800,2026-01-13T12:50:00,25683.75,25683.9,25667.1,25667.3,617689
1768288860,2026-01-13T12:51:00,25665.7,25677.1,25663.9,25676.95,643618
1768288920,2026-01-13T12:52:00,25676.05,25676.75,25671.9,25675.0,377421
1768288980,2026-01-13T12:53:00,25674.4,25674.4,25660.8,25661.9,527830
1768289040,2026-01-13T12:54:00,25661.65,25665.45,25654.65,25665.45,658299
1768289100,2026-01-13T12:55:00,25665.15,25667.8,25658.9,25659.75,485602
1768289160,2026-01-13T12:56:00,25659.2,25659.2,25653.85,25655.45,432990
1768289220,2026-01-13T12:57:00,25655.5,25661.9,25652.8,25660.05,519874
1768289280,2026-01-13T12:58:00,25659.95,25666.0,25659.95,25662.7,321891
1768289340,2026-01-13T12:59:00,25663.1,25663.1,25650.85,25653.0,555441
1768289400,2026-01-13T13:00:00,25651.45,25652.9,25640.65,25645.05,784146
1768289460,2026-01-13T13:01:00,25644.35,25646.45,25630.6,25634.4,614078
1768289520,2026-01-13T13:02:00,25633.6,25635.8,25627.4,25633.95,572290
1768289580,2026-01-13T13:03:00,25632.7,25641.6,25631.9,25641.6,522697
1768289640,2026-01-13T13:04:00,25640.7,25647.25,25640.1,25641.65,407533
1768289700,2026-01-13T13:05:00,25641.15,25648.25,25638.55,25639.05,461473
1768289760,2026-01-13T13:06:00,25639.05,25640.25,25630.7,25635.95,544974
1768289820,2026-01-13T13:07:00,25635.7,25648.35,25635.7,25646.65,520044
1768289880,2026-01-13T13:08:00,25646.25,25649.95,25643.8,25645.25,612543
1768289940,2026-01-13T13:09:00,25644.2,25650.05,25642.7,25648.65,331072
1768290000,2026-01-13T13:10:00,25649.25,25669.25,25645.7,25669.25,542596
1768290060,2026-01-13T13:11:00,25667.4,25670.3,25658.8,25660.8,578373
1768290120,2026-01-13T13:12:00,25660.5,25665.45,25660.15,25663.5,442272
1768290180,2026-01-13T13:13:00,25662.85,25664.9,25656.7,25656.7,436935
1768290240,2026-01-13T13:14:00,25656.55,25662.6,25651.65,25658.45,471696
1768290300,2026-01-13T13:15:00,25658.2,25662.55,25649.1,25650.75,440981
1768290360,2026-01-13T13:16:00,25650.1,25652.8,25639.6,25645.95,508845
1768290420,2026-01-13T13:17:00,25646.15,25650.25,25643.5,25647.7,389138
1768290480,2026-01-13T13:18:00,25647.65,25656.55,25647.65,25654.5,417667
1768290540,2026-01-13T13:19:00,25654.1,25660.1,25653.9,25656.75,385106
1768290600,2026-01-13T13:20:00,25656.4,25659.9,25650.2,25659.9,458569
1768290660,2026-01-13T13:21:00,25659.1,25668.1,25658.45,25667.35,411809
1768290720,2026-01-13T13:22:00,25667.4,25667.7,25660.9,25661.1,400614
1768290780,2026-01-13T13:23:00,25659.9,25675.5,25658.95,25674.6,542918
1768290840,2026-01-13T13:24:00,25675.4,25676.8,25668.75,25673.2,695498
1768290900,2026-01-13T13:25:00,25672.4,25672.95,25660.05,25660.75,976191
1768290960,2026-01-13T13:26:00,25660.3,25674.25,25660.3,25672.55,672046
1768291020,2026-01-13T13:27:00,25671.3,25675.3,25670.25,25672.7,421328
1768291080,2026-01-13T13:28:00,25671.65,25672.4,25657.3,25657.3,745366
1768291140,2026-01-13T13:29:00,25657.3,25661.4,25654.25,25654.35,391688
1768291200,2026-01-13T13:30:00,25655.1,25662.5,25649.45,25661.85,414809
1768291260,2026-01-13T13:31:00,25661.15,25663.3,25659.4,25661.5,272676
1768291320,2026-01-13T13:32:00,25660.9,25662.4,25654.85,25659.4,502605
1768291380,2026-01-13T13:33:00,25659.7,25659.7,25652.25,25653.45,482712
1768291440,2026-01-13T13:34:00,25653.95,25671.45,25652.35,25671.35,482388
1768291500,2026-01-13T13:35:00,25670.6,25681.2,25667.8,25679.45,829851
1768291560,2026-01-13T13:36:00,25678.95,25679.9,25675.9,25677.25,451158
1768291620,2026-01-13T13:37:00,25677.3,25679.7,25667.85,25670.7,541272
1768291680,2026-01-13T13:38:00,25670.85,25679.2,25670.7,25675.2,426138
1768291740,2026-01-13T13:39:00,25674.35,25676.5,25670.2,25672.65,394129
1768291800,2026-01-13T13:40:00,25673.6,25679.85,25664.8,25665.55,593900
1768291860,2026-01-13T13:41:00,25664.9,25665.85,25647.65,25652.45,708170
1768291920,2026-01-13T13:42:00,25653.2,25671.5,25652.45,25669.5,480088
1768291980,2026-01-13T13:43:00,25669.2,25671.7,25661.9,25663.2,402071
1768292040,2026-01-13T13:44:00,25663.4,25676.7,25662.45,25676.15,504973
1768292100,2026-01-13T13:45:00,25675.25,25677.5,25671.3,25671.3,320800
1768292160,2026-01-13T13:46:00,25671.2,25671.2,25663.1,25670.35,628513
1768292220,2026-01-13T13:47:00,25670.3,25678.15,25668.45,25677.0,682211
1768292280,2026-01-13T13:48:00,25675.3,25676.95,25661.25,25662.5,500718
1768292340,2026-01-13T13:49:00,25662.35,25669.9,25661.25,25665.0,580843
1768292400,2026-01-13T13:50:00,25664.9,25674.55,25664.9,25672.15,533103
1768292460,2026-01-13T13:51:00,25671.4,25686.65,25671.4,25680.85,539120
1768292520,2026-01-13T13:52:00,25680.7,25684.95,25675.75,25682.8,421368
1768292580,2026-01-13T13:53:00,25681.55,25683.75,25671.0,25672.75,962666
1768292640,2026-01-13T13:54:00,25672.75,25676.65,25670.85,25671.45,494841
1768292700,2026-01-13T13:55:00,25671.55,25672.35,25660.5,25662.15,816262
1768292760,2026-01-13T13:56:00,25661.8,25669.3,25661.8,25666.55,466084
1768292820,2026-01-13T13:57:00,25665.75,25666.7,25662.25,25663.2,633011
1768292880,2026-01-13T13:58:00,25662.45,25664.15,25660.0,25660.9,560341
1768292940,2026-01-13T13:59:00,25660.2,25665.05,25658.95,25663.65,556961
1768293000,2026-01-13T14:00:00,25662.95,25664.3,25654.05,25659.5,548333
1768293060,2026-01-13T14:01:00,25658.4,25667.5,25656.2,25656.2,600087
1768293120,2026-01-13T14:02:00,25655.1,25660.3,25650.0,25650.55,683298
1768293180,2026-01-13T14:03:00,25649.75,25651.1,25644.9,25649.6,549560
1768293240,2026-01-13T14:04:00,25648.7,25655.2,25644.8,25647.05,792945
1768293300,2026-01-13T14:05:00,25645.45,25651.55,25645.45,25647.55,418175
1768293360,2026-01-13T14:06:00,25647.75,25648.4,25638.35,25640.0,970395
1768293420,2026-01-13T14:07:00,25639.7,25649.55,25639.7,25645.25,524712
1768293480,2026-01-13T14:08:00,25644.85,25649.2,25644.45,25647.25,366814
1768293540,2026-01-13T14:09:00,25646.9,25650.75,25646.45,25649.2,501719
1768293600,2026-01-13T14:10:00,25648.9,25650.3,25642.55,25642.55,714603
1768293660,2026-01-13T14:11:00,25643.5,25644.35,25630.35,25634.05,878276
1768293720,2026-01-13T14:12:00,25633.45,25634.65,25620.95,25626.15,1346870
1768293780,2026-01-13T14:13:00,25625.2,25636.65,25624.3,25626.65,626553
1768293840,2026-01-13T14:14:00,25626.1,25638.55,25625.1,25636.55,603611
1768293900,2026-01-13T14:15:00,25636.25,25638.0,25623.65,25631.25,553485
1768293960,2026-01-13T14:16:00,25630.05,25634.15,25629.15,25632.15,552843
1768294020,2026-01-13T14:17:00,25633.15,25636.15,25631.25,25635.35,422414
1768294080,2026-01-13T14:18:00,25633.7,25642.05,25633.7,25640.65,536014
1768294140,2026-01-13T14:19:00,25639.95,25649.05,25638.2,25638.2,880271
1768294200,2026-01-13T14:20:00,25637.5,25640.8,25625.95,25627.6,747427
1768294260,2026-01-13T14:21:00,25625.8,25628.35,25622.65,25625.2,581454
1768294320,2026-01-13T14:22:00,25625.2,25626.8,25620.25,25621.5,996470
1768294380,2026-01-13T14:23:00,25620.8,25628.55,25620.0,25625.85,1341832
1768294440,2026-01-13T14:24:00,25624.65,25625.5,25614.6,25615.25,1807867
1768294500,2026-01-13T14:25:00,25614.9,25619.65,25611.2,25619.65,1094333
1768294560,2026-01-13T14:26:00,25618.75,25622.8,25616.8,25619.9,1081259
1768294620,2026-01-13T14:27:00,25620.7,25620.7,25615.6,25618.55,967573
1768294680,2026-01-13T14:28:00,25618.2,25619.65,25614.75,25615.95,970887
1768294740,2026-01-13T14:29:00,25615.2,25616.15,25609.65,25612.6,1197683
1768294800,2026-01-13T14:30:00,25611.65,25622.55,25603.3,25622.4,1094564
1768294860,2026-01-13T14:31:00,25623.35,25662.9,25623.35,25656.85,1291980
1768294920,2026-01-13T14:32:00,25657.2,25658.2,25640.7,25640.7,676586
1768294980,2026-01-13T14:33:00,25638.3,25642.5,25627.55,25642.5,1017653
1768295040,2026-01-13T14:34:00,25643.1,25648.3,25638.85,25640.25,682774
1768295100,2026-01-13T14:35:00,25639.6,25649.4,25634.8,25644.0,734591
1768295160,2026-01-13T14:36:00,25643.8,25660.7,25642.4,25660.1,825178
1768295220,2026-01-13T14:37:00,25659.85,25674.2,25658.1,25667.0,940147
1768295280,2026-01-13T14:38:00,25665.7,25667.35,25656.1,25662.9,707096
1768295340,2026-01-13T14:39:00,25662.5,25671.0,25659.5,25662.2,1107379
1768295400,2026-01-13T14:40:00,25661.1,25672.55,25658.85,25672.55,797849
1768295460,2026-01-13T14:41:00,25677.6,25689.95,25677.6,25682.75,1433638
1768295520,2026-01-13T14:42:00,25682.3,25698.4,25682.3,25698.3,1249250
1768295580,2026-01-13T14:43:00,25698.7,25702.3,25695.55,25696.25,1521870
1768295640,2026-01-13T14:44:00,25696.1,25701.1,25687.3,25692.65,1922156
1768295700,2026-01-13T14:45:00,25692.9,25698.75,25692.9,25695.95,1883182
1768295760,2026-01-13T14:46:00,25696.15,25702.05,25692.2,25698.55,1811006
1768295820,2026-01-13T14:47:00,25699.0,25712.85,25698.15,25698.75,1182482
1768295880,2026-01-13T14:48:00,25697.9,25701.3,25693.0,25697.05,917775
1768295940,2026-01-13T14:49:00,25698.0,25700.05,25687.8,25690.65,1043825
1768296000,2026-01-13T14:50:00,25689.9,25700.35,25688.5,25698.45,881377
1768296060,2026-01-13T14:51:00,25698.25,25704.1,25695.35,25701.8,860814
1768296120,2026-01-13T14:52:00,25701.3,25712.55,25701.3,25710.8,1226431
1768296180,2026-01-13T14:53:00,25711.05,25720.35,25705.75,25705.9,1084746
1768296240,2026-01-13T14:54:00,25706.5,25722.75,25706.5,25713.9,1072733
1768296300,2026-01-13T14:55:00,25715.05,25722.9,25713.0,25717.05,1005237
1768296360,2026-01-13T14:56:00,25715.65,25726.05,25712.45,25719.45,1240670
1768296420,2026-01-13T14:57:00,25716.3,25721.85,25714.15,25718.0,1119795
1768296480,2026-01-13T14:58:00,25718.9,25720.15,25690.8,25702.15,1963832
1768296540,2026-01-13T14:59:00,25702.75,25713.7,25696.05,25707.95,1199780
1768296600,2026-01-13T15:00:00,25711.85,25754.0,25711.85,25754.0,2847710
1768296660,2026-01-13T15:01:00,25754.8,25757.15,25750.35,25751.1,2410594
1768296720,2026-01-13T15:02:00,25752.8,25754.35,25728.65,25731.2,1878093
1768296780,2026-01-13T15:03:00,25732.1,25732.15,25720.95,25722.35,2280757
1768296840,2026-01-13T15:04:00,25724.55,25724.75,25702.05,25706.2,2105910
1768296900,2026-01-13T15:05:00,25705.95,25710.55,25705.3,25708.05,1908277
1768296960,2026-01-13T15:06:00,25710.2,25741.45,25710.2,25733.95,2527245
1768297020,2026-01-13T15:07:00,25737.3,25743.55,25727.75,25728.0,2418167
1768297080,2026-01-13T15:08:00,25732.2,25739.35,25727.45,25730.45,1978083
1768297140,2026-01-13T15:09:00,25731.3,25747.55,25727.9,25746.95,1925324
1768297200,2026-01-13T15:10:00,25746.15,25749.95,25742.5,25746.05,2402261
1768297260,2026-01-13T15:11:00,25747.1,25751.95,25745.1,25745.2,1712965
1768297320,2026-01-13T15:12:00,25746.2,25748.7,25743.25,25748.3,1345716
1768297380,2026-01-13T15:13:00,25749.05,25750.85,25744.6,25744.75,1542016
1768297440,2026-01-13T15:14:00,25746.55,25746.55,25733.65,25737.4,2003202
1768297500,2026-01-13T15:15:00,25738.85,25749.65,25736.5,25745.9,1753779
1768297560,2026-01-13T15:16:00,25747.0,25747.0,25735.9,25735.9,1899655
1768297620,2026-01-13T15:17:00,25738.4,25747.0,25737.15,25738.45,1721486
1768297680,2026-01-13T15:18:00,25741.05,25741.05,25724.4,25725.15,1974972
1768297740,2026-01-13T15:19:00,25729.8,25732.45,25725.45,25726.85,1575042
1768297800,2026-01-13T15:20:00,25729.45,25731.75,25719.6,25730.9,2078511
1768297860,2026-01-13T15:21:00,25732.5,25741.85,25729.85,25738.4,1900909
1768297920,2026-01-13T15:22:00,25739.2,25741.4,25736.15,25739.9,1539878
1768297980,2026-01-13T15:23:00,25739.95,25739.95,25734.15,25735.5,1571158
1768298040,2026-01-13T15:24:00,25737.75,25737.75,25721.7,25731.0,2428508
1768298100,2026-01-13T15:25:00,25731.3,25736.8,25723.15,25729.8,2378764
1768298160,2026-01-13T15:26:00,25730.7,25733.2,25721.9,25721.95,2020557
1768298220,2026-01-13T15:27:00,25726.6,25729.85,25715.05,25726.25,1782158
1768298280,2026-01-13T15:28:00,25728.05,25730.55,25715.8,25717.25,1511298
1768298340,2026-01-13T15:29:00,25719.15,25722.45,25710.45,25714.2,1273587
1768362300,2026-01-14T09:15:00,25648.55,25693.0,25638.35,25671.9,4887583
1768362360,2026-01-14T09:16:00,25673.0,25718.0,25673.0,25707.75,2554273
1768362420,2026-01-14T09:17:00,25707.35,25719.35,25705.9,25714.5,2136357
1768362480,2026-01-14T09:18:00,25716.3,25717.95,25694.6,25696.3,1634423
1768362540,2026-01-14T09:19:00,25695.75,25703.3,25682.9,25683.25,1383010
1768362600,2026-01-14T09:20:00,25684.2,25705.8,25680.5,25705.8,1894214
1768362660,2026-01-14T09:21:00,25705.3,25718.55,25703.3,25718.55,1496162
1768362720,2026-01-14T09:22:00,25719.65,25738.6,25719.65,25738.5,1853575
1768362780,2026-01-14T09:23:00,25739.8,25742.3,25707.75,25709.75,1803588
1768362840,2026-01-14T09:24:00,25710.95,25721.55,25704.65,25705.15,1537109
1768362900,2026-01-14T09:25:00,25704.6,25724.9,25704.15,25717.85,2035481
1768362960,2026-01-14T09:26:00,25718.5,25724.0,25709.65,25717.6,1297581
1768363020,2026-01-14T09:27:00,25715.0,25731.4,25708.55,25729.4,1172024
1768363080,2026-01-14T09:28:00,25730.85,25742.7,25730.45,25736.1,1321221
1768363140,2026-01-14T09:29:00,25737.05,25744.8,25736.2,25737.5,1612559
1768363200,2026-01-14T09:30:00,25737.7,25750.45,25737.7,25744.95,1143370
1768363260,2026-01-14T09:31:00,25743.3,25747.3,25727.45,25730.2,834903
1768363320,2026-01-14T09:32:00,25729.55,25742.65,25727.15,25732.5,1024053
1768363380,2026-01-14T09:33:00,25732.25,25734.95,25722.2,25727.3,1492032
1768363440,2026-01-14T09:34:00,25727.1,25737.55,25727.05,25734.2,1483724
1768363500,2026-01-14T09:35:00,25733.95,25746.55,25732.45,25737.05,1904618
1768363560,2026-01-14T09:36:00,25736.3,25743.7,25730.85,25742.0,1302994
1768363620,2026-01-14T09:37:00,25741.45,25746.6,25735.35,25736.2,877535
1768363680,2026-01-14T09:38:00,25734.85,25743.75,25733.4,25740.65,1925317
1768363740,2026-01-14T09:39:00,25741.15,25742.6,25726.0,25732.85,1058394
1768363800,2026-01-14T09:40:00,25732.4,25732.4,25712.25,25712.25,1056147
1768363860,2026-01-14T09:41:00,25711.8,25737.55,25711.75,25734.35,1887369
1768363920,2026-01-14T09:42:00,25735.0,25739.6,25725.35,25727.35,778498
1768363980,2026-01-14T09:43:00,25726.1,25727.45,25718.25,25718.3,925982
1768364040,2026-01-14T09:44:00,25718.05,25719.45,25703.15,25706.65,805091
1768364100,2026-01-14T09:45:00,25704.9,25712.85,25691.85,25691.85,1292584
1768364160,2026-01-14T09:46:00,25691.7,25697.6,25685.5,25687.9,1171586
1768364220,2026-01-14T09:47:00,25686.65,25693.35,25685.75,25689.25,1412232
1768364280,2026-01-14T09:48:00,25688.95,25693.35,25674.4,25685.35,1062644
1768364340,2026-01-14T09:49:00,25686.25,25694.65,25686.25,25689.45,1443428
1768364400,2026-01-14T09:50:00,25689.35,25701.2,25688.25,25700.95,821400
1768364460,2026-01-14T09:51:00,25702.1,25720.45,25700.35,25714.8,839707
1768364520,2026-01-14T09:52:00,25714.15,25720.75,25708.2,25716.6,921187
1768364580,2026-01-14T09:53:00,25715.85,25724.3,25715.85,25722.9,876372
1768364640,2026-01-14T09:54:00,25722.7,25743.6,25721.85,25742.45,1419049
1768364700,2026-01-14T09:55:00,25743.0,25761.5,25738.95,25759.55,1479698
1768364760,2026-01-14T09:56:00,25757.25,25758.5,25735.0,25739.8,1178474
1768364820,2026-01-14T09:57:00,25739.8,25741.35,25722.75,25722.75,690098
1768364880,2026-01-14T09:58:00,25722.15,25727.8,25719.05,25720.45,1013099
1768364940,2026-01-14T09:59:00,25720.8,25730.0,25715.7,25729.9,646897
1768365000,2026-01-14T10:00:00,25729.6,25733.8,25725.95,25727.85,874607
1768365060,2026-01-14T10:01:00,25728.05,25730.3,25715.85,25716.3,956287
1768365120,2026-01-14T10:02:00,25716.05,25729.25,25716.05,25719.55,1525337
1768365180,2026-01-14T10:03:00,25718.85,25718.85,25710.15,25717.05,1524781
1768365240,2026-01-14T10:04:00,25717.5,25721.85,25713.1,25717.25,1003418
1768365300,2026-01-14T10:05:00,25715.65,25718.05,25708.0,25713.6,1110759
1768365360,2026-01-14T10:06:00,25712.6,25721.15,25710.65,25719.85,2290571
1768365420,2026-01-14T10:07:00,25720.75,25723.85,25716.3,25716.35,1108859
1768365480,2026-01-14T10:08:00,25716.4,25716.7,25702.0,25703.0,1653625
1768365540,2026-01-14T10:09:00,25702.35,25708.75,25700.0,25708.55,1055850
1768365600,2026-01-14T10:10:00,25708.4,25708.4,25697.45,25697.45,1343457
1768365660,2026-01-14T10:11:00,25698.55,25703.45,25696.85,25697.85,1231626
1768365720,2026-01-14T10:12:00,25699.3,25702.15,25695.5,25699.5,831587
1768365780,2026-01-14T10:13:00,25698.4,25705.15,25692.65,25700.9,769045
1768365840,2026-01-14T10:14:00,25700.75,25705.0,25696.8,25696.8,751468
1768365900,2026-01-14T10:15:00,25697.9,25703.75,25693.95,25696.35,1156799
1768365960,2026-01-14T10:16:00,25695.8,25698.35,25691.25,25695.0,774522
1768366020,2026-01-14T10:17:00,25695.15,25700.1,25692.9,25695.55,960183
1768366080,2026-01-14T10:18:00,25695.7,25696.05,25670.0,25678.3,1374642
1768366140,2026-01-14T10:19:00,25677.45,25681.35,25672.95,25680.05,819429
1768366200,2026-01-14T10:20:00,25680.8,25686.25,25676.35,25679.65,803214
1768366260,2026-01-14T10:21:00,25678.9,25680.4,25672.95,25674.05,830215
1768366320,2026-01-14T10:22:00,25673.95,25677.5,25662.3,25668.35,927714
1768366380,2026-01-14T10:23:00,25668.55,25671.85,25661.35,25668.15,1641768
1768366440,2026-01-14T10:24:00,25668.5,25676.85,25664.55,25676.1,1737220
1768366500,2026-01-14T10:25:00,25676.6,25685.55,25676.6,25683.35,845829
1768366560,2026-01-14T10:26:00,25682.55,25683.7,25673.95,25675.35,1592948
1768366620,2026-01-14T10:27:00,25675.15,25685.25,25670.45,25684.4,983824
1768366680,2026-01-14T10:28:00,25683.35,25688.15,25679.8,25683.3,1169456
1768366740,2026-01-14T10:29:00,25682.85,25689.6,25681.6,25688.9,1057125
1768366800,2026-01-14T10:30:00,25689.9,25689.9,25675.25,25678.05,1097798
1768366860,2026-01-14T10:31:00,25678.0,25678.0,25662.25,25665.45,896542
1768366920,2026-01-14T10:32:00,25665.85,25674.1,25664.5,25669.75,813279
1768366980,2026-01-14T10:33:00,25669.3,25690.05,25668.05,25690.05,830538
1768367040,2026-01-14T10:34:00,25688.65,25691.85,25680.6,25686.6,1201824
1768367100,2026-01-14T10:35:00,25686.95,25693.4,25685.75,25689.95,1131078
1768367160,2026-01-14T10:36:00,25690.2,25691.1,25670.9,25672.3,709427
1768367220,2026-01-14T10:37:00,25673.25,25676.4,25669.9,25672.0,611557
1768367280,2026-01-14T10:38:00,25671.15,25675.7,25669.7,25674.85,1080333
1768367340,2026-01-14T10:39:00,25675.9,25683.75,25675.5,25679.75,1058133
1768367400,2026-01-14T10:40:00,25680.1,25696.2,25678.8,25691.8,2230826
1768367460,2026-01-14T10:41:00,25691.25,25710.05,25691.25,25708.55,1395436
1768367520,2026-01-14T10:42:00,25708.7,25718.9,25704.95,25704.95,1316399
1768367580,2026-01-14T10:43:00,25704.95,25704.95,25682.9,25684.05,1839195
1768367640,2026-01-14T10:44:00,25683.95,25685.9,25671.85,25675.0,841934
1768367700,2026-01-14T10:45:00,25674.95,25674.95,25664.65,25665.9,838913
1768367760,2026-01-14T10:46:00,25665.6,25670.7,25662.2,25665.0,623782
1768367820,2026-01-14T10:47:00,25665.8,25676.55,25662.0,25673.05,714541
1768367880,2026-01-14T10:48:00,25674.15,25690.25,25672.5,25688.9,768367
1768367940,2026-01-14T10:49:00,25689.1,25696.95,25687.9,25692.15,519894
1768368000,2026-01-14T10:50:00,25692.4,25697.6,25691.7,25695.5,1085495
1768368060,2026-01-14T10:51:00,25695.75,25699.15,25692.4,25698.35,819996
1768368120,2026-01-14T10:52:00,25698.35,25702.4,25694.8,25695.2,621345
1768368180,2026-01-14T10:53:00,25695.05,25704.65,25695.05,25702.95,864569
1768368240,2026-01-14T10:54:00,25702.75,25705.35,25698.85,25703.65,793141
1768368300,2026-01-14T10:55:00,25704.55,25711.35,25701.2,25706.35,1356228
1768368360,2026-01-14T10:56:00,25706.25,25707.3,25700.35,25701.45,604064
1768368420,2026-01-14T10:57:00,25702.05,25714.9,25700.9,25714.45,1191229
1768368480,2026-01-14T10:58:00,25714.1,25719.55,25714.0,25718.2,1023003
1768368540,2026-01-14T10:59:00,25719.3,25729.0,25716.75,25728.8,911716
1768368600,2026-01-14T11:00:00,25729.3,25733.15,25720.95,25720.95,1165052
1768368660,2026-01-14T11:01:00,25721.55,25722.6,25710.75,25721.8,971961
1768368720,2026-01-14T11:02:00,25721.75,25731.1,25720.55,25729.6,657428
1768368780,2026-01-14T11:03:00,25730.65,25736.0,25727.6,25728.0,542702
1768368840,2026-01-14T11:04:00,25728.9,25733.15,25720.85,25733.15,1376120
1768368900,2026-01-14T11:05:00,25733.8,25737.9,25732.3,25733.0,667079
1768368960,2026-01-14T11:06:00,25733.4,25734.3,25720.7,25722.3,854882
1768369020,2026-01-14T11:07:00,25721.95,25722.2,25713.45,25720.65,635942
1768369080,2026-01-14T11:08:00,25720.95,25732.0,25720.15,25732.0,543712
1768369140,2026-01-14T11:09:00,25732.1,25733.45,25726.8,25729.55,688138
1768369200,2026-01-14T11:10:00,25729.6,25737.75,25728.3,25729.2,883866
1768369260,2026-01-14T11:11:00,25728.7,25733.4,25728.6,25730.25,771884
1768369320,2026-01-14T11:12:00,25731.1,25734.5,25727.15,25727.45,611122
1768369380,2026-01-14T11:13:00,25727.35,25727.6,25721.9,25722.7,653215
1768369440,2026-01-14T11:14:00,25723.7,25731.65,25721.45,25726.25,1069842
1768369500,2026-01-14T11:15:00,25723.7,25736.45,25720.3,25735.55,910087
1768369560,2026-01-14T11:16:00,25736.7,25746.1,25735.7,25744.75,1020210
1768369620,2026-01-14T11:17:00,25744.25,25750.3,25742.4,25744.6,1117725
1768369680,2026-01-14T11:18:00,25745.9,25751.1,25743.8,25745.35,2546151
1768369740,2026-01-14T11:19:00,25746.15,25747.0,25739.15,25747.0,971829
1768369800,2026-01-14T11:20:00,25747.75,25753.9,25743.15,25743.15,1161032
1768369860,2026-01-14T11:21:00,25743.3,25754.8,25741.85,25754.8,932346
1768369920,2026-01-14T11:22:00,25754.95,25754.95,25746.25,25746.85,855157
1768369980,2026-01-14T11:23:00,25747.6,25751.5,25744.75,25744.9,1770228
1768370040,2026-01-14T11:24:00,25745.45,25749.15,25737.5,25737.5,1597365
1768370100,2026-01-14T11:25:00,25737.9,25738.9,25732.7,25735.0,1183988
1768370160,2026-01-14T11:26:00,25735.7,25751.2,25734.7,25751.0,1345690
1768370220,2026-01-14T11:27:00,25751.45,25765.7,25750.3,25765.45,1198472
1768370280,2026-01-14T11:28:00,25765.3,25773.7,25765.3,25772.0,1166452
1768370340,2026-01-14T11:29:00,25771.85,25774.4,25768.95,25770.4,1011314
1768370400,2026-01-14T11:30:00,25770.7,25775.8,25770.3,25773.9,1457506
1768370460,2026-01-14T11:31:00,25774.0,25775.45,25759.8,25761.55,1357318
1768370520,2026-01-14T11:32:00,25762.7,25764.45,25748.5,25763.6,885144
1768370580,2026-01-14T11:33:00,25763.05,25767.9,25762.3,25765.35,879706
1768370640,2026-01-14T11:34:00,25764.3,25770.7,25763.4,25769.0,1169929
1768370700,2026-01-14T11:35:00,25769.1,25770.55,25763.75,25764.1,1355652
1768370760,2026-01-14T11:36:00,25763.5,25765.05,25762.25,25762.8,1091552
1768370820,2026-01-14T11:37:00,25761.4,25771.5,25761.05,25770.35,1233631
1768370880,2026-01-14T11:38:00,25770.45,25770.45,25760.25,25761.75,1148400
1768370940,2026-01-14T11:39:00,25761.85,25768.15,25758.85,25767.4,733571
1768371000,2026-01-14T11:40:00,25766.85,25771.1,25765.25,25766.75,584955
1768371060,2026-01-14T11:41:00,25766.3,25769.65,25763.75,25769.65,760773
1768371120,2026-01-14T11:42:00,25769.6,25776.9,25768.0,25776.3,673308
1768371180,2026-01-14T11:43:00,25776.4,25777.15,25768.55,25776.95,755578
1768371240,2026-01-14T11:44:00,25777.2,25777.35,25761.15,25761.15,532172
1768371300,2026-01-14T11:45:00,25760.95,25765.1,25760.3,25761.25,661765
1768371360,2026-01-14T11:46:00,25761.15,25768.85,25759.4,25768.4,645970
1768371420,2026-01-14T11:47:00,25768.5,25774.15,25767.8,25773.7,419960
1768371480,2026-01-14T11:48:00,25773.5,25779.3,25772.35,25776.85,714925
1768371540,2026-01-14T11:49:00,25777.35,25786.05,25776.3,25784.75,542562
1768371600,2026-01-14T11:50:00,25785.25,25785.25,25774.9,25775.3,538842
1768371660,2026-01-14T11:51:00,25775.2,25775.65,25771.45,25774.35,522852
1768371720,2026-01-14T11:52:00,25773.25,25782.6,25772.9,25780.15,700461
1768371780,2026-01-14T11:53:00,25780.0,25780.5,25769.8,25770.6,716601
1768371840,2026-01-14T11:54:00,25770.75,25776.55,25770.15,25776.5,679705
1768371900,2026-01-14T11:55:00,25775.7,25776.6,25772.95,25774.6,480347
1768371960,2026-01-14T11:56:00,25774.6,25784.15,25773.8,25783.55,729212
1768372020,2026-01-14T11:57:00,25783.65,25783.65,25771.95,25775.65,636738
1768372080,2026-01-14T11:58:00,25774.95,25779.85,25773.1,25779.55,980366
1768372140,2026-01-14T11:59:00,25778.45,25782.5,25774.0,25775.65,950707
1768372200,2026-01-14T12:00:00,25776.45,25787.4,25775.45,25786.0,579037
1768372260,2026-01-14T12:01:00,25785.8,25789.25,25783.7,25783.7,550761
1768372320,2026-01-14T12:02:00,25784.85,25787.55,25780.2,25782.5,628861
1768372380,2026-01-14T12:03:00,25782.15,25789.5,25780.35,25789.15,539751
1768372440,2026-01-14T12:04:00,25789.05,25791.75,25784.0,25786.95,824610
1768372500,2026-01-14T12:05:00,25786.3,25788.25,25781.85,25782.1,704211
1768372560,2026-01-14T12:06:00,25782.45,25784.15,25769.25,25769.25,805870
1768372620,2026-01-14T12:07:00,25769.45,25771.3,25766.45,25769.25,632077
1768372680,2026-01-14T12:08:00,25768.2,25776.3,25768.2,25770.95,684304
1768372740,2026-01-14T12:09:00,25770.1,25771.1,25760.75,25762.3,553348
1768372800,2026-01-14T12:10:00,25762.9,25766.35,25757.05,25757.05,801397
1768372860,2026-01-14T12:11:00,25757.15,25758.6,25747.6,25747.6,850987
1768372920,2026-01-14T12:12:00,25746.85,25751.95,25746.85,25748.95,827329
1768372980,2026-01-14T12:13:00,25748.65,25751.05,25746.0,25748.65,547216
1768373040,2026-01-14T12:14:00,25748.95,25752.0,25742.2,25743.35,432947
1768373100,2026-01-14T12:15:00,25743.7,25743.9,25735.35,25735.55,690562
1768373160,2026-01-14T12:16:00,25736.65,25741.2,25734.5,25737.65,731063
1768373220,2026-01-14T12:17:00,25737.25,25755.65,25737.25,25751.35,712878
1768373280,2026-01-14T12:18:00,25751.75,25764.05,25751.35,25761.35,663695
1768373340,2026-01-14T12:19:00,25761.5,25766.75,25760.9,25766.3,575809
1768373400,2026-01-14T12:20:00,25766.75,25772.45,25765.8,25771.55,586970
1768373460,2026-01-14T12:21:00,25771.35,25773.2,25767.9,25771.4,468546
1768373520,2026-01-14T12:22:00,25771.45,25774.9,25764.15,25769.3,602790
1768373580,2026-01-14T12:23:00,25768.25,25772.0,25767.3,25770.4,345029
1768373640,2026-01-14T12:24:00,25770.85,25773.75,25767.75,25767.75,524395
1768373700,2026-01-14T12:25:00,25767.9,25773.65,25767.45,25768.55,511895
1768373760,2026-01-14T12:26:00,25769.2,25769.55,25757.9,25757.9,935361
1768373820,2026-01-14T12:27:00,25757.55,25760.15,25756.7,25758.1,510139
1768373880,2026-01-14T12:28:00,25758.25,25758.25,25751.5,25754.2,660411
1768373940,2026-01-14T12:29:00,25754.4,25759.7,25752.95,25755.85,539269
1768374000,2026-01-14T12:30:00,25756.1,25765.2,25756.1,25761.1,728743
1768374060,2026-01-14T12:31:00,25761.05,25765.65,25760.55,25765.6,613080
1768374120,2026-01-14T12:32:00,25765.6,25767.35,25761.45,25766.8,574210
1768374180,2026-01-14T12:33:00,25766.7,25767.55,25761.15,25762.6,602322
1768374240,2026-01-14T12:34:00,25762.55,25765.85,25760.65,25765.15,1058696
1768374300,2026-01-14T12:35:00,25765.1,25774.9,25764.75,25772.4,591818
1768374360,2026-01-14T12:36:00,25773.4,25775.85,25770.45,25773.95,680229
1768374420,2026-01-14T12:37:00,25774.4,25776.15,25772.8,25775.5,489502
1768374480,2026-01-14T12:38:00,25775.0,25780.9,25767.4,25775.8,631360
1768374540,2026-01-14T12:39:00,25775.65,25776.85,25770.0,25772.85,568719
1768374600,2026-01-14T12:40:00,25772.05,25777.5,25771.7,25773.6,601389
1768374660,2026-01-14T12:41:00,25773.45,25775.85,25769.2,25769.2,772584
1768374720,2026-01-14T12:42:00,25768.75,25769.6,25757.0,25758.1,422196
1768374780,2026-01-14T12:43:00,25758.45,25759.35,25756.35,25759.05,421242
1768374840,2026-01-14T12:44:00,25758.7,25759.3,25751.85,25753.45,552403
1768374900,2026-01-14T12:45:00,25753.5,25760.5,25752.25,25759.5,483988
1768374960,2026-01-14T12:46:00,25760.55,25765.85,25759.3,25763.35,438207
1768375020,2026-01-14T12:47:00,25761.7,25768.2,25759.6,25767.45,518862
1768375080,2026-01-14T12:48:00,25767.55,25769.45,25761.1,25762.65,517277
1768375140,2026-01-14T12:49:00,25762.2,25764.95,25753.7,25754.85,499055
1768375200,2026-01-14T12:50:00,25753.4,25756.1,25748.75,25748.9,528130
1768375260,2026-01-14T12:51:00,25749.1,25749.8,25742.25,25743.1,447683
1768375320,2026-01-14T12:52:00,25742.95,25745.05,25741.15,25743.35,439179
1768375380,2026-01-14T12:53:00,25743.7,25748.3,25742.3,25748.3,536514
1768375440,2026-01-14T12:54:00,25747.85,25752.85,25746.1,25747.85,755514
1768375500,2026-01-14T12:55:00,25747.65,25748.7,25741.75,25745.55,627017
1768375560,2026-01-14T12:56:00,25745.25,25747.65,25742.55,25745.0,581496
1768375620,2026-01-14T12:57:00,25744.5,25748.05,25743.75,25746.65,459267
1768375680,2026-01-14T12:58:00,25747.35,25753.45,25745.1,25746.15,415114
1768375740,2026-01-14T12:59:00,25746.4,25749.7,25745.2,25749.2,354503
1768375800,2026-01-14T13:00:00,25749.1,25754.05,25748.1,25748.1,449642
1768375860,2026-01-14T13:01:00,25748.2,25748.2,25737.85,25739.05,516140
1768375920,2026-01-14T13:02:00,25740.15,25741.55,25738.75,25741.2,468897
1768375980,2026-01-14T13:03:00,25741.25,25745.0,25736.65,25736.65,393754
1768376040,2026-01-14T13:04:00,25736.65,25742.25,25736.05,25740.5,440368
1768376100,2026-01-14T13:05:00,25740.45,25752.85,25740.45,25745.45,580445
1768376160,2026-01-14T13:06:00,25745.9,25751.6,25745.4,25750.4,408439
1768376220,2026-01-14T13:07:00,25750.55,25752.55,25746.7,25747.85,508004
1768376280,2026-01-14T13:08:00,25747.6,25749.1,25746.3,25747.45,335439
1768376340,2026-01-14T13:09:00,25747.7,25753.8,25745.0,25753.35,603862
1768376400,2026-01-14T13:10:00,25753.0,25760.1,25751.6,25759.75,599183
1768376460,2026-01-14T13:11:00,25759.65,25761.5,25756.95,25757.35,360394
1768376520,2026-01-14T13:12:00,25758.1,25758.9,25753.9,25754.2,401075
1768376580,2026-01-14T13:13:00,25756.15,25756.15,25747.4,25748.7,751124
1768376640,2026-01-14T13:14:00,25749.45,25756.4,25746.0,25747.15,792009
1768376700,2026-01-14T13:15:00,25746.75,25751.3,25746.15,25750.25,509215
1768376760,2026-01-14T13:16:00,25750.5,25757.3,25749.4,25750.55,526411
1768376820,2026-01-14T13:17:00,25750.35,25750.9,25745.55,25748.5,444382
1768376880,2026-01-14T13:18:00,25747.9,25748.75,25740.3,25741.0,493671
1768376940,2026-01-14T13:19:00,25740.45,25746.85,25740.45,25743.05,407470
1768377000,2026-01-14T13:20:00,25743.5,25744.2,25734.25,25735.95,1046738
1768377060,2026-01-14T13:21:00,25736.35,25739.7,25722.6,25724.4,775064
1768377120,2026-01-14T13:22:00,25723.75,25726.15,25718.95,25724.45,705293
1768377180,2026-01-14T13:23:00,25724.35,25726.35,25718.9,25719.3,843594
1768377240,2026-01-14T13:24:00,25719.0,25723.2,25716.95,25717.15,854143
1768377300,2026-01-14T13:25:00,25716.9,25716.9,25705.6,25715.5,1099580
1768377360,2026-01-14T13:26:00,25715.95,25723.7,25715.2,25722.0,635296
1768377420,2026-01-14T13:27:00,25722.1,25728.8,25717.9,25721.55,568335
1768377480,2026-01-14T13:28:00,25720.2,25721.7,25714.4,25716.6,547116
1768377540,2026-01-14T13:29:00,25716.6,25718.4,25712.85,25715.5,461860
1768377600,2026-01-14T13:30:00,25715.85,25718.45,25712.25,25717.15,436223
1768377660,2026-01-14T13:31:00,25717.3,25718.55,25708.0,25708.0,593508
1768377720,2026-01-14T13:32:00,25707.7,25707.85,25702.35,25704.55,542946
1768377780,2026-01-14T13:33:00,25705.3,25706.85,25700.55,25704.15,410037
1768377840,2026-01-14T13:34:00,25703.6,25707.95,25699.75,25700.35,433311
1768377900,2026-01-14T13:35:00,25699.75,25708.95,25699.75,25708.2,834339
1768377960,2026-01-14T13:36:00,25708.95,25709.35,25695.55,25695.75,590861
1768378020,2026-01-14T13:37:00,25696.35,25696.35,25684.05,25684.75,663825
1768378080,2026-01-14T13:38:00,25684.95,25685.6,25678.6,25682.8,541960
1768378140,2026-01-14T13:39:00,25682.6,25686.25,25671.2,25671.2,924485
1768378200,2026-01-14T13:40:00,25671.35,25674.55,25663.75,25665.9,942010
1768378260,2026-01-14T13:41:00,25666.4,25678.8,25665.5,25678.4,640174
1768378320,2026-01-14T13:42:00,25678.75,25683.1,25677.3,25678.0,964812
1768378380,2026-01-14T13:43:00,25676.95,25678.55,25663.35,25665.2,503907
1768378440,2026-01-14T13:44:00,25664.65,25666.7,25658.8,25659.35,664053
1768378500,2026-01-14T13:45:00,25659.85,25659.85,25653.6,25656.25,779162
1768378560,2026-01-14T13:46:00,25655.8,25660.15,25650.95,25658.55,639094
1768378620,2026-01-14T13:47:00,25657.9,25669.2,25657.45,25668.65,1391846
1768378680,2026-01-14T13:48:00,25668.5,25669.0,25660.8,25661.55,904647
1768378740,2026-01-14T13:49:00,25661.75,25666.7,25660.15,25661.65,435476
1768378800,2026-01-14T13:50:00,25662.05,25668.25,25662.05,25665.25,606406
1768378860,2026-01-14T13:51:00,25665.25,25670.85,25658.6,25658.6,955696
1768378920,2026-01-14T13:52:00,25658.3,25658.3,25650.45,25651.4,621951
1768378980,2026-01-14T13:53:00,25652.35,25652.35,25639.55,25648.55,1132309
1768379040,2026-01-14T13:54:00,25648.0,25648.0,25638.95,25638.95,539788
1768379100,2026-01-14T13:55:00,25639.65,25645.45,25637.3,25642.0,567274
1768379160,2026-01-14T13:56:00,25642.65,25643.15,25635.05,25637.05,713154
1768379220,2026-01-14T13:57:00,25637.4,25637.55,25631.55,25632.15,678310
1768379280,2026-01-14T13:58:00,25632.55,25640.65,25631.2,25637.75,696237
1768379340,2026-01-14T13:59:00,25637.7,25638.9,25633.7,25635.95,481115
1768379400,2026-01-14T14:00:00,25636.05,25653.95,25634.15,25652.9,661780
1768379460,2026-01-14T14:01:00,25653.7,25655.65,25646.6,25646.6,564851
1768379520,2026-01-14T14:02:00,25646.45,25656.9,25646.3,25654.65,911722
1768379580,2026-01-14T14:03:00,25654.35,25656.35,25644.75,25645.95,596620
1768379640,2026-01-14T14:04:00,25646.0,25646.75,25637.5,25638.15,585288
1768379700,2026-01-14T14:05:00,25637.75,25642.2,25632.2,25642.2,927111
1768379760,2026-01-14T14:06:00,25640.9,25648.55,25640.9,25648.1,779378
1768379820,2026-01-14T14:07:00,25647.4,25651.05,25644.15,25645.15,806117
1768379880,2026-01-14T14:08:00,25645.05,25654.25,25644.8,25653.45,554029
1768379940,2026-01-14T14:09:00,25652.45,25658.1,25645.6,25645.9,687806
1768380000,2026-01-14T14:10:00,25645.3,25653.0,25645.3,25650.55,419453
1768380060,2026-01-14T14:11:00,25650.35,25653.8,25649.65,25649.75,537573
1768380120,2026-01-14T14:12:00,25649.95,25651.15,25644.0,25650.45,760935
1768380180,2026-01-14T14:13:00,25650.0,25658.45,25650.0,25657.7,737701
1768380240,2026-01-14T14:14:00,25657.4,25664.1,25654.65,25663.2,615225
1768380300,2026-01-14T14:15:00,25663.25,25669.75,25659.95,25666.25,565991
1768380360,2026-01-14T14:16:00,25660.4,25664.35,25654.1,25663.5,680278
1768380420,2026-01-14T14:17:00,25663.2,25665.65,25652.35,25652.95,820147
1768380480,2026-01-14T14:18:00,25652.75,25655.35,25644.65,25651.1,1418140
1768380540,2026-01-14T14:19:00,25650.95,25656.85,25643.65,25644.1,782583
1768380600,2026-01-14T14:20:00,25643.65,25644.5,25635.75,25637.25,1274432
1768380660,2026-01-14T14:21:00,25636.5,25637.35,25630.55,25632.7,936593
1768380720,2026-01-14T14:22:00,25632.25,25638.7,25631.55,25636.05,985295
1768380780,2026-01-14T14:23:00,25635.85,25636.2,25620.25,25620.6,1319092
1768380840,2026-01-14T14:24:00,25619.95,25620.3,25610.45,25610.85,1497143
1768380900,2026-01-14T14:25:00,25610.85,25619.15,25603.95,25618.75,1658049
1768380960,2026-01-14T14:26:00,25617.9,25621.85,25614.45,25620.85,574787
1768381020,2026-01-14T14:27:00,25620.35,25630.8,25620.35,25624.9,731787
1768381080,2026-01-14T14:28:00,25625.45,25626.7,25619.6,25622.6,698716
1768381140,2026-01-14T14:29:00,25622.15,25625.3,25620.3,25624.3,598669
1768381200,2026-01-14T14:30:00,25624.4,25628.15,25623.45,25626.9,674644
1768381260,2026-01-14T14:31:00,25628.1,25632.1,25625.95,25629.0,821923
1768381320,2026-01-14T14:32:00,25629.45,25630.05,25618.35,25620.45,868185
1768381380,2026-01-14T14:33:00,25620.65,25631.35,25620.65,25631.35,739216
1768381440,2026-01-14T14:34:00,25630.3,25638.05,25629.1,25636.4,811119
1768381500,2026-01-14T14:35:00,25635.95,25639.35,25627.5,25635.8,995913
1768381560,2026-01-14T14:36:00,25636.0,25641.05,25635.45,25640.95,669956
1768381620,2026-01-14T14:37:00,25640.05,25644.8,25636.8,25640.6,965432
1768381680,2026-01-14T14:38:00,25639.95,25647.05,25639.8,25646.75,927119
1768381740,2026-01-14T14:39:00,25648.15,25666.3,25648.15,25658.95,1793164
1768381800,2026-01-14T14:40:00,25658.05,25667.5,25650.25,25660.55,1034192
1768381860,2026-01-14T14:41:00,25661.75,25669.5,25657.0,25669.05,1123034
1768381920,2026-01-14T14:42:00,25667.85,25675.0,25667.85,25674.2,1059174
1768381980,2026-01-14T14:43:00,25674.1,25680.3,25674.1,25679.2,1191739
1768382040,2026-01-14T14:44:00,25678.85,25680.0,25674.2,25676.65,1525797
1768382100,2026-01-14T14:45:00,25676.4,25696.2,25676.4,25696.2,2127689
1768382160,2026-01-14T14:46:00,25695.95,25697.55,25691.85,25697.55,1536707
1768382220,2026-01-14T14:47:00,25697.7,25708.1,25696.9,25707.9,2094114
1768382280,2026-01-14T14:48:00,25708.65,25715.65,25692.4,25692.4,2537386
1768382340,2026-01-14T14:49:00,25692.0,25696.45,25689.1,25696.45,1055700
1768382400,2026-01-14T14:50:00,25697.2,25700.45,25696.05,25697.1,929085
1768382460,2026-01-14T14:51:00,25693.8,25699.4,25692.45,25694.55,1416828
1768382520,2026-01-14T14:52:00,25693.8,25698.25,25689.15,25697.1,919791
1768382580,2026-01-14T14:53:00,25697.0,25702.7,25697.0,25702.6,582214
1768382640,2026-01-14T14:54:00,25701.9,25701.9,25693.9,25695.85,1030818
1768382700,2026-01-14T14:55:00,25696.95,25698.05,25692.95,25696.05,1163097
1768382760,2026-01-14T14:56:00,25695.7,25703.8,25695.7,25697.05,928308
1768382820,2026-01-14T14:57:00,25694.95,25694.95,25675.65,25680.65,1315007
1768382880,2026-01-14T14:58:00,25680.5,25683.65,25677.45,25679.65,791948
1768382940,2026-01-14T14:59:00,25678.8,25684.4,25677.3,25678.2,610387
1768383000,2026-01-14T15:00:00,25681.25,25681.25,25659.55,25666.15,2749956
1768383060,2026-01-14T15:01:00,25667.7,25668.6,25661.7,25667.3,1365046
1768383120,2026-01-14T15:02:00,25668.1,25668.35,25649.4,25649.6,1612293
1768383180,2026-01-14T15:03:00,25649.5,25663.45,25649.5,25662.95,1870452
1768383240,2026-01-14T15:04:00,25663.8,25684.95,25662.5,25684.95,2084291
1768383300,2026-01-14T15:05:00,25686.25,25694.1,25681.75,25690.25,2282579
1768383360,2026-01-14T15:06:00,25691.15,25692.8,25683.9,25686.75,1906707
1768383420,2026-01-14T15:07:00,25687.65,25687.65,25659.95,25660.65,1650430
1768383480,2026-01-14T15:08:00,25661.5,25664.15,25655.05,25664.05,1802111
1768383540,2026-01-14T15:09:00,25665.4,25674.15,25663.7,25673.1,1661240
1768383600,2026-01-14T15:10:00,25673.45,25676.4,25671.0,25672.65,2150922
1768383660,2026-01-14T15:11:00,25673.85,25674.5,25662.6,25663.65,1886343
1768383720,2026-01-14T15:12:00,25665.1,25665.9,25657.95,25657.95,1812879
1768383780,2026-01-14T15:13:00,25658.7,25660.1,25650.8,25653.0,2343803
1768383840,2026-01-14T15:14:00,25653.45,25659.0,25651.65,25652.85,3019035
1768383900,2026-01-14T15:15:00,25655.25,25659.05,25653.9,25654.0,2651639
1768383960,2026-01-14T15:16:00,25655.85,25657.85,25651.4,25653.55,2710547
1768384020,2026-01-14T15:17:00,25654.75,25655.45,25648.3,25650.4,1827817
1768384080,2026-01-14T15:18:00,25651.4,25660.05,25649.6,25659.65,2139008
1768384140,2026-01-14T15:19:00,25659.5,25662.0,25658.2,25660.15,1951750
1768384200,2026-01-14T15:20:00,25660.75,25661.45,25654.85,25659.6,2654618
1768384260,2026-01-14T15:21:00,25660.6,25665.35,25659.6,25661.9,2256840
1768384320,2026-01-14T15:22:00,25663.2,25665.95,25662.0,25664.65,1992833
1768384380,2026-01-14T15:23:00,25665.5,25672.4,25662.1,25672.4,2175315
1768384440,2026-01-14T15:24:00,25673.2,25675.95,25669.65,25675.55,2349874
1768384500,2026-01-14T15:25:00,25675.8,25677.4,25667.8,25670.6,2977212
1768384560,2026-01-14T15:26:00,25670.65,25673.0,25666.95,25671.8,2104703
1768384620,2026-01-14T15:27:00,25673.0,25673.35,25668.4,25668.4,2050853
1768384680,2026-01-14T15:28:00,25670.2,25672.15,25665.35,25665.8,1538283
1768384740,2026-01-14T15:29:00,25666.35,25675.55,25662.6,25669.1,1168183
1768535100,2026-01-16T09:15:00,25696.05,25743.25,25686.6,25709.45,11495510
1768535160,2026-01-16T09:16:00,25711.65,25719.75,25678.4,25691.45,5573347
1768535220,2026-01-16T09:17:00,25691.9,25700.05,25689.7,25696.3,4589525
1768535280,2026-01-16T09:18:00,25696.55,25715.05,25696.55,25715.05,3687403
1768535340,2026-01-16T09:19:00,25714.4,25729.85,25714.35,25729.85,3549310
1768535400,2026-01-16T09:20:00,25730.45,25734.25,25723.3,25728.7,3473284
1768535460,2026-01-16T09:21:00,25730.95,25736.25,25725.45,25729.55,2343810
1768535520,2026-01-16T09:22:00,25729.75,25729.85,25709.2,25709.3,1976779
1768535580,2026-01-16T09:23:00,25709.45,25719.75,25708.75,25709.55,2043743
1768535640,2026-01-16T09:24:00,25709.35,25719.25,25704.65,25715.0,2370716
1768535700,2026-01-16T09:25:00,25714.1,25717.85,25705.1,25712.75,2136776
1768535760,2026-01-16T09:26:00,25711.9,25722.9,25705.55,25722.85,2073576
1768535820,2026-01-16T09:27:00,25722.15,25722.45,25711.45,25714.55,2308923
1768535880,2026-01-16T09:28:00,25714.45,25727.2,25711.35,25727.2,1869624
1768535940,2026-01-16T09:29:00,25726.9,25732.5,25724.35,25725.55,1653005
1768536000,2026-01-16T09:30:00,25725.75,25726.35,25716.6,25717.25,2286354
1768536060,2026-01-16T09:31:00,25717.15,25717.15,25705.7,25706.8,1768648
1768536120,2026-01-16T09:32:00,25706.1,25708.1,25691.6,25691.6,1675909
1768536180,2026-01-16T09:33:00,25692.25,25704.1,25686.55,25702.9,1752833
1768536240,2026-01-16T09:34:00,25702.8,25710.2,25701.8,25708.25,1568512
1768536300,2026-01-16T09:35:00,25708.75,25709.05,25695.3,25703.1,1621324
1768536360,2026-01-16T09:36:00,25704.15,25712.55,25702.2,25709.05,1568670
1768536420,2026-01-16T09:37:00,25708.9,25711.25,25698.4,25709.1,1289519
1768536480,2026-01-16T09:38:00,25709.05,25710.3,25704.0,25706.6,1321046
1768536540,2026-01-16T09:39:00,25705.9,25706.35,25689.1,25690.05,1694020
1768536600,2026-01-16T09:40:00,25690.0,25700.0,25683.8,25700.0,1970413
1768536660,2026-01-16T09:41:00,25698.5,25708.5,25692.95,25708.5,1481392
1768536720,2026-01-16T09:42:00,25706.7,25709.3,25699.6,25707.6,1077254
1768536780,2026-01-16T09:43:00,25708.4,25724.95,25707.35,25721.05,1219390
1768536840,2026-01-16T09:44:00,25719.5,25727.5,25719.5,25725.9,1118870
1768536900,2026-01-16T09:45:00,25725.75,25730.3,25715.2,25718.5,1471085
1768536960,2026-01-16T09:46:00,25721.2,25730.6,25719.85,25730.6,1381884
1768537020,2026-01-16T09:47:00,25729.85,25738.25,25727.6,25735.55,2513933
1768537080,2026-01-16T09:48:00,25734.8,25743.9,25734.8,25741.6,1084127
1768537140,2026-01-16T09:49:00,25740.85,25743.4,25736.75,25742.95,1430813
1768537200,2026-01-16T09:50:00,25743.05,25750.55,25743.05,25744.8,1139403
1768537260,2026-01-16T09:51:00,25744.25,25744.25,25737.35,25738.65,1435778
1768537320,2026-01-16T09:52:00,25738.95,25748.7,25738.85,25744.2,1286581
1768537380,2026-01-16T09:53:00,25743.4,25751.3,25743.4,25749.9,999039
1768537440,2026-01-16T09:54:00,25750.2,25755.85,25750.15,25752.4,902102
1768537500,2026-01-16T09:55:00,25752.2,25755.8,25747.8,25750.1,895107
1768537560,2026-01-16T09:56:00,25751.05,25751.65,25744.45,25750.0,795176
1768537620,2026-01-16T09:57:00,25750.3,25753.45,25745.15,25747.45,912142
1768537680,2026-01-16T09:58:00,25746.35,25753.45,25743.9,25745.8,1191322
1768537740,2026-01-16T09:59:00,25746.3,25747.05,25737.75,25739.25,840113
1768537800,2026-01-16T10:00:00,25739.25,25741.8,25736.8,25740.5,1514012
1768537860,2026-01-16T10:01:00,25740.1,25745.9,25739.2,25741.2,1101821
1768537920,2026-01-16T10:02:00,25741.2,25753.1,25741.2,25752.75,1199480
1768537980,2026-01-16T10:03:00,25752.65,25762.05,25752.65,25759.75,1351566
1768538040,2026-01-16T10:04:00,25759.7,25765.55,25759.55,25761.35,1034082
1768538100,2026-01-16T10:05:00,25760.95,25762.75,25749.15,25753.15,1109911
1768538160,2026-01-16T10:06:00,25752.75,25762.7,25751.6,25761.45,776864
1768538220,2026-01-16T10:07:00,25760.35,25762.15,25755.6,25757.4,851346
1768538280,2026-01-16T10:08:00,25757.4,25766.3,25756.85,25765.5,1017385
1768538340,2026-01-16T10:09:00,25764.65,25768.95,25762.5,25766.65,768364
1768538400,2026-01-16T10:10:00,25766.7,25771.35,25764.8,25768.45,1036075
1768538460,2026-01-16T10:11:00,25768.5,25783.85,25767.95,25778.9,1507278
1768538520,2026-01-16T10:12:00,25778.5,25778.5,25773.2,25776.05,886248
1768538580,2026-01-16T10:13:00,25775.4,25788.65,25775.4,25787.45,1117273
1768538640,2026-01-16T10:14:00,25786.95,25789.5,25783.65,25784.95,1027898
1768538700,2026-01-16T10:15:00,25784.2,25811.2,25783.9,25809.7,1154091
1768538760,2026-01-16T10:16:00,25809.75,25823.2,25809.75,25823.2,1797422
1768538820,2026-01-16T10:17:00,25823.5,25840.35,25823.5,25836.75,1751095
1768538880,2026-01-16T10:18:00,25836.5,25845.9,25836.1,25843.45,1438987
1768538940,2026-01-16T10:19:00,25842.9,25843.3,25834.2,25837.1,1191507
1768539000,2026-01-16T10:20:00,25835.65,25842.8,25834.05,25842.8,1296594
1768539060,2026-01-16T10:21:00,25843.4,25852.4,25843.4,25850.5,1269725
1768539120,2026-01-16T10:22:00,25849.95,25854.65,25846.0,25847.0,1137620
1768539180,2026-01-16T10:23:00,25846.85,25848.6,25839.35,25839.35,978420
1768539240,2026-01-16T10:24:00,25839.95,25849.25,25838.8,25848.45,670321
1768539300,2026-01-16T10:25:00,25848.05,25855.7,25847.6,25852.5,1249460
1768539360,2026-01-16T10:26:00,25852.65,25856.85,25850.75,25853.8,1009441
1768539420,2026-01-16T10:27:00,25853.05,25855.3,25849.85,25854.1,1138802
1768539480,2026-01-16T10:28:00,25854.1,25863.15,25854.1,25860.9,1276770
1768539540,2026-01-16T10:29:00,25860.0,25865.65,25856.65,25857.5,1131111
1768539600,2026-01-16T10:30:00,25857.0,25864.1,25857.0,25857.6,1021238
1768539660,2026-01-16T10:31:00,25857.3,25858.2,25842.05,25848.0,1046191
1768539720,2026-01-16T10:32:00,25846.65,25853.75,25846.2,25851.2,771834
1768539780,2026-01-16T10:33:00,25850.6,25856.5,25850.35,25855.05,800385
1768539840,2026-01-16T10:34:00,25855.2,25855.35,25849.7,25852.0,911394
1768539900,2026-01-16T10:35:00,25852.25,25864.0,25851.5,25864.0,854705
1768539960,2026-01-16T10:36:00,25863.7,25872.4,25863.7,25864.8,1144964
1768540020,2026-01-16T10:37:00,25865.6,25867.0,25860.7,25861.25,1106027
1768540080,2026-01-16T10:38:00,25861.5,25867.25,25859.75,25862.7,857315
1768540140,2026-01-16T10:39:00,25862.4,25867.5,25861.75,25865.6,839294
1768540200,2026-01-16T10:40:00,25865.4,25873.5,25863.45,25871.4,905730
1768540260,2026-01-16T10:41:00,25871.6,25871.7,25858.55,25861.55,954443
1768540320,2026-01-16T10:42:00,25860.8,25864.75,25852.75,25853.65,915696
1768540380,2026-01-16T10:43:00,25852.65,25853.7,25839.8,25841.6,1019730
1768540440,2026-01-16T10:44:00,25842.0,25845.1,25839.75,25843.7,759863
1768540500,2026-01-16T10:45:00,25844.55,25855.8,25841.65,25855.3,704196
1768540560,2026-01-16T10:46:00,25854.25,25857.95,25852.1,25857.95,863258
1768540620,2026-01-16T10:47:00,25857.0,25860.8,25856.85,25859.7,922544
1768540680,2026-01-16T10:48:00,25859.45,25863.9,25855.05,25857.55,1112364
1768540740,2026-01-16T10:49:00,25856.35,25856.45,25850.05,25855.85,616898
1768540800,2026-01-16T10:50:00,25855.65,25855.65,25846.65,25847.95,778118
1768540860,2026-01-16T10:51:00,25847.4,25848.9,25842.2,25843.6,769906
1768540920,2026-01-16T10:52:00,25843.85,25845.2,25840.8,25843.95,579675
1768540980,2026-01-16T10:53:00,25843.75,25846.45,25842.3,25845.55,803696
1768541040,2026-01-16T10:54:00,25846.15,25847.75,25837.85,25838.05,863017
1768541100,2026-01-16T10:55:00,25837.65,25844.7,25836.45,25842.9,1678317
1768541160,2026-01-16T10:56:00,25842.55,25844.6,25839.9,25842.2,662742
1768541220,2026-01-16T10:57:00,25842.45,25845.15,25840.85,25842.7,646298
1768541280,2026-01-16T10:58:00,25842.6,25844.45,25831.0,25832.25,768852
1768541340,2026-01-16T10:59:00,25831.25,25832.8,25827.0,25829.7,752343
1768541400,2026-01-16T11:00:00,25829.3,25833.4,25827.6,25831.35,897307
1768541460,2026-01-16T11:01:00,25831.65,25836.9,25831.65,25835.9,733299
1768541520,2026-01-16T11:02:00,25835.65,25841.8,25834.35,25839.8,653485
1768541580,2026-01-16T11:03:00,25839.65,25841.65,25827.05,25827.7,697256
1768541640,2026-01-16T11:04:00,25827.55,25829.45,25824.2,25824.65,1687050
1768541700,2026-01-16T11:05:00,25824.35,25830.1,25822.35,25828.0,633196
1768541760,2026-01-16T11:06:00,25829.15,25829.2,25824.7,25826.1,716348
1768541820,2026-01-16T11:07:00,25825.85,25827.25,25820.7,25826.8,641638
1768541880,2026-01-16T11:08:00,25825.5,25829.25,25823.45,25829.25,527762
1768541940,2026-01-16T11:09:00,25830.5,25837.05,25827.4,25828.8,766588
1768542000,2026-01-16T11:10:00,25826.95,25826.95,25818.7,25826.05,1059825
1768542060,2026-01-16T11:11:00,25825.9,25827.4,25821.5,25822.45,668236
1768542120,2026-01-16T11:12:00,25822.15,25823.25,25818.0,25819.45,3254333
1768542180,2026-01-16T11:13:00,25818.7,25820.4,25802.55,25803.15,744016
1768542240,2026-01-16T11:14:00,25802.35,25813.3,25801.85,25812.45,681057
1768542300,2026-01-16T11:15:00,25812.5,25823.15,25810.0,25823.0,895353
1768542360,2026-01-16T11:16:00,25823.4,25823.4,25816.45,25817.95,587627
1768542420,2026-01-16T11:17:00,25817.6,25819.9,25810.35,25811.4,697901
1768542480,2026-01-16T11:18:00,25810.65,25812.9,25807.6,25807.6,537537
1768542540,2026-01-16T11:19:00,25804.7,25807.2,25801.25,25806.6,829440
1768542600,2026-01-16T11:20:00,25806.65,25816.5,25806.6,25813.45,463091
1768542660,2026-01-16T11:21:00,25813.3,25815.0,25810.7,25813.3,519254
1768542720,2026-01-16T11:22:00,25814.95,25820.4,25814.95,25815.7,1487068
1768542780,2026-01-16T11:23:00,25815.15,25815.55,25800.95,25803.2,934845
1768542840,2026-01-16T11:24:00,25801.35,25807.2,25801.35,25806.1,788072
1768542900,2026-01-16T11:25:00,25805.7,25813.8,25805.55,25810.1,822647
1768542960,2026-01-16T11:26:00,25808.95,25815.7,25808.35,25809.55,652023
1768543020,2026-01-16T11:27:00,25808.5,25818.9,25808.5,25817.65,758074
1768543080,2026-01-16T11:28:00,25818.55,25818.75,25811.35,25816.9,909593
1768543140,2026-01-16T11:29:00,25816.25,25816.9,25809.3,25813.15,534719
1768543200,2026-01-16T11:30:00,25814.75,25825.2,25814.75,25825.0,815384
1768543260,2026-01-16T11:31:00,25824.9,25830.65,25824.05,25826.55,773110
1768543320,2026-01-16T11:32:00,25826.9,25828.2,25806.85,25808.4,710203
1768543380,2026-01-16T11:33:00,25806.05,25810.8,25801.25,25809.75,749240
1768543440,2026-01-16T11:34:00,25810.1,25811.35,25804.45,25810.35,661235
1768543500,2026-01-16T11:35:00,25810.0,25812.15,25806.1,25809.75,598642
1768543560,2026-01-16T11:36:00,25809.4,25814.6,25806.25,25806.85,695606
1768543620,2026-01-16T11:37:00,25806.8,25809.5,25806.05,25806.6,517819
1768543680,2026-01-16T11:38:00,25807.35,25807.35,25797.15,25801.6,1205344
1768543740,2026-01-16T11:39:00,25800.85,25804.3,25799.15,25802.15,662676
1768543800,2026-01-16T11:40:00,25801.55,25810.55,25800.6,25807.15,684253
1768543860,2026-01-16T11:41:00,25806.05,25807.9,25803.55,25804.45,812372
1768543920,2026-01-16T11:42:00,25803.1,25806.95,25802.15,25802.45,2026530
1768543980,2026-01-16T11:43:00,25801.9,25802.95,25797.4,25802.15,603902
1768544040,2026-01-16T11:44:00,25801.15,25804.05,25798.25,25798.45,659358
1768544100,2026-01-16T11:45:00,25798.45,25798.7,25794.6,25795.5,638156
1768544160,2026-01-16T11:46:00,25795.0,25797.45,25792.3,25792.95,580877
1768544220,2026-01-16T11:47:00,25792.25,25796.05,25784.3,25788.7,955639
1768544280,2026-01-16T11:48:00,25787.5,25788.7,25783.35,25785.75,593951
1768544340,2026-01-16T11:49:00,25786.35,25792.1,25785.5,25789.85,511548
1768544400,2026-01-16T11:50:00,25788.8,25795.25,25787.45,25794.05,828619
1768544460,2026-01-16T11:51:00,25794.15,25798.45,25786.3,25787.1,1604368
1768544520,2026-01-16T11:52:00,25785.6,25798.95,25783.9,25798.1,642457
1768544580,2026-01-16T11:53:00,25797.5,25799.45,25793.85,25794.9,526496
1768544640,2026-01-16T11:54:00,25794.55,25795.95,25788.5,25791.95,672126
1768544700,2026-01-16T11:55:00,25792.1,25797.25,25790.65,25796.95,505235
1768544760,2026-01-16T11:56:00,25796.6,25797.35,25792.45,25792.85,1779307
1768544820,2026-01-16T11:57:00,25792.9,25794.0,25788.35,25788.65,625788
1768544880,2026-01-16T11:58:00,25789.15,25789.65,25778.9,25779.3,965545
1768544940,2026-01-16T11:59:00,25778.7,25779.7,25770.25,25775.65,784635
1768545000,2026-01-16T12:00:00,25775.9,25779.05,25774.4,25774.5,800847
1768545060,2026-01-16T12:01:00,25774.85,25782.5,25773.7,25775.45,598177
1768545120,2026-01-16T12:02:00,25775.1,25778.8,25773.45,25777.35,689743
1768545180,2026-01-16T12:03:00,25777.15,25792.1,25775.7,25789.1,710963
1768545240,2026-01-16T12:04:00,25786.85,25791.55,25785.85,25790.6,874776
1768545300,2026-01-16T12:05:00,25789.65,25794.45,25789.65,25790.45,711244
1768545360,2026-01-16T12:06:00,25790.35,25796.3,25789.25,25796.3,707009
1768545420,2026-01-16T12:07:00,25796.2,25805.45,25796.2,25803.25,1553033
1768545480,2026-01-16T12:08:00,25803.6,25807.2,25799.0,25806.45,866852
1768545540,2026-01-16T12:09:00,25807.15,25812.4,25806.6,25811.95,790395
1768545600,2026-01-16T12:10:00,25811.75,25814.95,25809.8,25811.25,748092
1768545660,2026-01-16T12:11:00,25810.75,25813.05,25808.55,25810.95,1074232
1768545720,2026-01-16T12:12:00,25810.9,25820.85,25809.7,25820.25,834507
1768545780,2026-01-16T12:13:00,25819.85,25823.6,25817.95,25822.25,772896
1768545840,2026-01-16T12:14:00,25821.3,25826.6,25821.3,25823.6,1278655
1768545900,2026-01-16T12:15:00,25824.65,25829.2,25821.3,25822.15,933970
1768545960,2026-01-16T12:16:00,25822.4,25822.75,25816.3,25819.55,492203
1768546020,2026-01-16T12:17:00,25818.85,25823.95,25818.1,25821.25,461769
1768546080,2026-01-16T12:18:00,25820.7,25822.35,25814.4,25817.5,1211915
1768546140,2026-01-16T12:19:00,25817.0,25817.7,25811.6,25813.8,564069
1768546200,2026-01-16T12:20:00,25814.6,25818.75,25813.3,25816.2,483861
1768546260,2026-01-16T12:21:00,25815.9,25816.4,25809.65,25810.65,725824
1768546320,2026-01-16T12:22:00,25810.35,25813.8,25806.2,25812.25,490907
1768546380,2026-01-16T12:23:00,25812.9,25818.0,25812.9,25815.7,525777
1768546440,2026-01-16T12:24:00,25816.1,25816.25,25808.45,25810.1,928268
1768546500,2026-01-16T12:25:00,25810.85,25812.95,25808.5,25811.9,654594
1768546560,2026-01-16T12:26:00,25811.35,25812.25,25801.6,25802.45,763381
1768546620,2026-01-16T12:27:00,25802.2,25802.7,25778.9,25779.7,1850767
1768546680,2026-01-16T12:28:00,25778.85,25779.7,25753.2,25756.25,2163191
1768546740,2026-01-16T12:29:00,25755.25,25755.25,25744.9,25752.1,1134202
1768546800,2026-01-16T12:30:00,25752.05,25752.45,25737.9,25738.9,767508
1768546860,2026-01-16T12:31:00,25738.0,25756.3,25737.8,25750.9,828017
1768546920,2026-01-16T12:32:00,25751.15,25765.45,25749.75,25765.3,1456025
1768546980,2026-01-16T12:33:00,25764.8,25771.0,25760.3,25762.35,682240
1768547040,2026-01-16T12:34:00,25761.9,25770.35,25761.55,25769.85,602654
1768547100,2026-01-16T12:35:00,25770.75,25773.45,25768.35,25771.65,652897
1768547160,2026-01-16T12:36:00,25771.9,25774.6,25766.45,25766.45,576465
1768547220,2026-01-16T12:37:00,25765.3,25765.9,25753.9,25759.0,1454531
1768547280,2026-01-16T12:38:00,25758.7,25770.0,25757.85,25763.65,710450
1768547340,2026-01-16T12:39:00,25763.6,25768.55,25763.6,25767.85,528874
1768547400,2026-01-16T12:40:00,25767.1,25771.25,25767.0,25768.5,493213
1768547460,2026-01-16T12:41:00,25769.15,25769.85,25759.2,25762.7,515210
1768547520,2026-01-16T12:42:00,25762.75,25765.75,25762.4,25764.15,473077
1768547580,2026-01-16T12:43:00,25764.9,25765.95,25762.65,25765.35,470957
1768547640,2026-01-16T12:44:00,25765.0,25765.7,25758.8,25759.55,1442605
1768547700,2026-01-16T12:45:00,25759.5,25764.3,25754.15,25758.85,1050224
1768547760,2026-01-16T12:46:00,25758.95,25760.8,25757.2,25757.75,514292
1768547820,2026-01-16T12:47:00,25757.8,25763.4,25756.35,25762.2,544267
1768547880,2026-01-16T12:48:00,25762.5,25766.25,25759.9,25761.0,795704
1768547940,2026-01-16T12:49:00,25760.5,25760.85,25753.6,25755.6,673910
1768548000,2026-01-16T12:50:00,25755.4,25756.0,25745.95,25750.5,688286
1768548060,2026-01-16T12:51:00,25749.75,25752.1,25738.1,25740.45,889319
1768548120,2026-01-16T12:52:00,25739.55,25748.0,25739.4,25741.2,784185
1768548180,2026-01-16T12:53:00,25740.8,25759.95,25739.85,25759.35,753474
1768548240,2026-01-16T12:54:00,25759.15,25766.95,25758.45,25766.4,810454
1768548300,2026-01-16T12:55:00,25767.85,25767.85,25759.95,25760.95,1373818
1768548360,2026-01-16T12:56:00,25761.0,25761.4,25756.25,25759.1,789613
1768548420,2026-01-16T12:57:00,25758.3,25760.35,25754.4,25756.6,1043309
1768548480,2026-01-16T12:58:00,25757.85,25761.75,25750.35,25751.65,545711
1768548540,2026-01-16T12:59:00,25751.75,25751.95,25741.05,25744.4,738015
1768548600,2026-01-16T13:00:00,25745.65,25746.35,25738.85,25740.05,651550
1768548660,2026-01-16T13:01:00,25739.95,25742.55,25738.25,25741.95,545604
1768548720,2026-01-16T13:02:00,25742.25,25743.05,25724.45,25725.65,893109
1768548780,2026-01-16T13:03:00,25724.05,25731.3,25719.45,25729.95,1462837
1768548840,2026-01-16T13:04:00,25730.4,25731.4,25725.85,25727.2,665409
1768548900,2026-01-16T13:05:00,25726.55,25726.55,25720.3,25723.25,667172
1768548960,2026-01-16T13:06:00,25724.15,25724.85,25719.2,25724.85,467954
1768549020,2026-01-16T13:07:00,25723.45,25729.4,25723.3,25727.1,575321
1768549080,2026-01-16T13:08:00,25727.1,25730.25,25723.9,25730.25,554348
1768549140,2026-01-16T13:09:00,25729.75,25730.95,25726.2,25728.15,507571
1768549200,2026-01-16T13:10:00,25727.25,25727.25,25715.65,25717.95,1235403
1768549260,2026-01-16T13:11:00,25717.25,25726.2,25715.1,25717.55,734419
1768549320,2026-01-16T13:12:00,25717.05,25718.6,25710.55,25711.55,503009
1768549380,2026-01-16T13:13:00,25711.4,25713.7,25706.6,25706.7,551159
1768549440,2026-01-16T13:14:00,25705.8,25717.4,25704.1,25717.05,688697
1768549500,2026-01-16T13:15:00,25717.75,25720.15,25712.5,25716.95,735140
1768549560,2026-01-16T13:16:00,25717.0,25723.1,25710.7,25713.9,661726
1768549620,2026-01-16T13:17:00,25714.0,25720.75,25713.4,25714.85,512678
1768549680,2026-01-16T13:18:00,25714.5,25715.55,25703.5,25709.55,813206
1768549740,2026-01-16T13:19:00,25709.05,25714.3,25707.6,25713.85,500164
1768549800,2026-01-16T13:20:00,25713.65,25718.0,25704.7,25705.4,510898
1768549860,2026-01-16T13:21:00,25706.25,25707.1,25698.5,25699.45,464758
1768549920,2026-01-16T13:22:00,25699.45,25708.1,25699.45,25702.4,606094
1768549980,2026-01-16T13:23:00,25701.8,25702.2,25692.65,25699.5,520368
1768550040,2026-01-16T13:24:00,25699.3,25704.25,25695.55,25695.75,560969
1768550100,2026-01-16T13:25:00,25695.65,25696.0,25667.65,25673.1,1405410
1768550160,2026-01-16T13:26:00,25670.4,25675.1,25662.4,25673.5,936286
1768550220,2026-01-16T13:27:00,25673.45,25686.2,25671.85,25682.5,1433454
1768550280,2026-01-16T13:28:00,25681.0,25694.0,25680.9,25694.0,617560
1768550340,2026-01-16T13:29:00,25694.1,25702.1,25692.45,25701.65,566402
1768550400,2026-01-16T13:30:00,25701.75,25709.4,25694.05,25700.5,850707
1768550460,2026-01-16T13:31:00,25699.9,25714.7,25699.9,25714.7,765242
1768550520,2026-01-16T13:32:00,25714.25,25717.95,25709.6,25713.1,687807
1768550580,2026-01-16T13:33:00,25713.35,25719.75,25711.05,25719.75,610283
1768550640,2026-01-16T13:34:00,25718.55,25718.55,25701.8,25702.3,901583
1768550700,2026-01-16T13:35:00,25702.15,25702.65,25683.8,25688.3,1156506
1768550760,2026-01-16T13:36:00,25688.8,25701.4,25686.2,25700.05,576298
1768550820,2026-01-16T13:37:00,25700.85,25701.1,25696.7,25700.5,560929
1768550880,2026-01-16T13:38:00,25700.85,25707.95,25700.85,25705.55,548998
1768550940,2026-01-16T13:39:00,25705.35,25707.55,25700.5,25704.7,825792
1768551000,2026-01-16T13:40:00,25704.95,25707.95,25700.25,25701.3,686028
1768551060,2026-01-16T13:41:00,25702.3,25705.15,25693.4,25704.45,2648917
1768551120,2026-01-16T13:42:00,25703.7,25705.5,25691.7,25692.6,863787
1768551180,2026-01-16T13:43:00,25692.1,25702.5,25691.25,25695.65,880642
1768551240,2026-01-16T13:44:00,25695.05,25697.1,25690.3,25696.35,703709
1768551300,2026-01-16T13:45:00,25697.15,25700.85,25695.1,25700.2,634043
1768551360,2026-01-16T13:46:00,25700.7,25702.1,25695.85,25700.5,558640
1768551420,2026-01-16T13:47:00,25701.0,25710.1,25699.05,25709.1,868219
1768551480,2026-01-16T13:48:00,25708.6,25717.1,25707.25,25712.25,681704
1768551540,2026-01-16T13:49:00,25712.45,25716.2,25706.65,25706.9,620758
1768551600,2026-01-16T13:50:00,25706.15,25716.6,25704.9,25714.3,577490
1768551660,2026-01-16T13:51:00,25712.7,25713.4,25697.75,25697.75,635731
1768551720,2026-01-16T13:52:00,25697.85,25702.1,25694.0,25701.0,675599
1768551780,2026-01-16T13:53:00,25701.5,25701.5,25688.5,25689.2,512106
1768551840,2026-01-16T13:54:00,25689.05,25689.45,25676.5,25686.25,735806
1768551900,2026-01-16T13:55:00,25687.2,25691.65,25686.0,25689.45,484130
1768551960,2026-01-16T13:56:00,25689.75,25693.8,25687.7,25688.15,601534
1768552020,2026-01-16T13:57:00,25687.75,25687.75,25679.95,25685.2,638375
1768552080,2026-01-16T13:58:00,25684.45,25688.4,25681.1,25682.55,498472
1768552140,2026-01-16T13:59:00,25683.15,25685.4,25681.1,25684.3,543537
1768552200,2026-01-16T14:00:00,25683.7,25684.6,25679.95,25681.8,696465
1768552260,2026-01-16T14:01:00,25682.75,25684.6,25677.4,25683.2,555988
1768552320,2026-01-16T14:02:00,25681.65,25685.0,25679.15,25679.7,634274
1768552380,2026-01-16T14:03:00,25678.75,25684.1,25674.35,25681.5,560694
1768552440,2026-01-16T14:04:00,25681.55,25688.7,25679.6,25680.45,698307
1768552500,2026-01-16T14:05:00,25680.6,25683.15,25671.5,25681.05,858330
1768552560,2026-01-16T14:06:00,25680.05,25682.55,25678.45,25680.65,460100
1768552620,2026-01-16T14:07:00,25681.65,25687.8,25680.3,25687.8,582350
1768552680,2026-01-16T14:08:00,25688.05,25696.95,25688.05,25695.65,640533
1768552740,2026-01-16T14:09:00,25695.9,25696.65,25667.4,25672.5,1002341
1768552800,2026-01-16T14:10:00,25671.05,25684.7,25669.8,25684.7,600052
1768552860,2026-01-16T14:11:00,25684.05,25695.75,25683.95,25694.55,547012
1768552920,2026-01-16T14:12:00,25694.75,25697.55,25688.1,25688.1,731102
1768552980,2026-01-16T14:13:00,25688.4,25690.6,25685.0,25685.0,658745
1768553040,2026-01-16T14:14:00,25685.15,25688.85,25685.15,25688.25,634979
1768553100,2026-01-16T14:15:00,25688.05,25688.1,25676.95,25676.95,1260610
1768553160,2026-01-16T14:16:00,25679.25,25684.2,25677.15,25681.8,646696
1768553220,2026-01-16T14:17:00,25681.3,25682.05,25674.15,25674.55,639698
1768553280,2026-01-16T14:18:00,25673.5,25680.1,25671.7,25678.05,759321
1768553340,2026-01-16T14:19:00,25678.85,25688.6,25678.65,25687.4,744933
1768553400,2026-01-16T14:20:00,25688.65,25691.2,25685.95,25688.7,806573
1768553460,2026-01-16T14:21:00,25688.3,25689.0,25680.5,25683.05,625816
1768553520,2026-01-16T14:22:00,25682.95,25684.8,25679.9,25682.85,722619
1768553580,2026-01-16T14:23:00,25683.05,25686.9,25679.5,25685.55,973839
1768553640,2026-01-16T14:24:00,25685.1,25705.8,25684.55,25698.95,1102920
1768553700,2026-01-16T14:25:00,25699.1,25709.6,25698.55,25706.2,1028310
1768553760,2026-01-16T14:26:00,25705.6,25710.5,25701.7,25701.7,755749
1768553820,2026-01-16T14:27:00,25702.1,25710.15,25701.7,25706.0,757234
1768553880,2026-01-16T14:28:00,25705.45,25705.45,25684.15,25686.5,1230014
1768553940,2026-01-16T14:29:00,25687.05,25697.8,25685.5,25697.8,698604
1768554000,2026-01-16T14:30:00,25697.85,25703.5,25687.8,25687.8,950111
1768554060,2026-01-16T14:31:00,25686.9,25697.25,25686.9,25695.15,707399
1768554120,2026-01-16T14:32:00,25695.05,25697.3,25693.05,25694.0,833677
1768554180,2026-01-16T14:33:00,25693.9,25707.05,25693.9,25707.05,734003
1768554240,2026-01-16T14:34:00,25706.25,25710.6,25701.55,25701.7,811373
1768554300,2026-01-16T14:35:00,25701.25,25708.75,25700.35,25708.1,1115782
1768554360,2026-01-16T14:36:00,25706.65,25709.6,25703.9,25707.75,1119675
1768554420,2026-01-16T14:37:00,25705.95,25707.3,25691.4,25692.25,1351427
1768554480,2026-01-16T14:38:00,25692.45,25699.65,25680.7,25699.3,1242613
1768554540,2026-01-16T14:39:00,25698.2,25707.65,25691.05,25704.95,1035334
1768554600,2026-01-16T14:40:00,25705.5,25707.8,25703.1,25706.4,1265892
1768554660,2026-01-16T14:41:00,25705.8,25708.35,25701.85,25706.1,1163299
1768554720,2026-01-16T14:42:00,25705.7,25714.05,25705.7,25712.45,864040
1768554780,2026-01-16T14:43:00,25711.3,25719.0,25710.2,25716.9,1013474
1768554840,2026-01-16T14:44:00,25717.2,25720.45,25708.1,25710.2,1163242
1768554900,2026-01-16T14:45:00,25711.05,25716.15,25707.1,25707.45,1313602
1768554960,2026-01-16T14:46:00,25706.65,25708.6,25696.85,25696.85,861462
1768555020,2026-01-16T14:47:00,25696.35,25701.7,25694.0,25698.95,755218
1768555080,2026-01-16T14:48:00,25698.4,25706.35,25696.75,25705.55,837650
1768555140,2026-01-16T14:49:00,25705.6,25706.4,25699.35,25703.4,813147
1768555200,2026-01-16T14:50:00,25705.05,25709.95,25692.95,25692.95,1062733
1768555260,2026-01-16T14:51:00,25693.05,25704.45,25687.5,25700.55,1353923
1768555320,2026-01-16T14:52:00,25700.75,25704.4,25697.85,25700.3,1058115
1768555380,2026-01-16T14:53:00,25699.95,25703.1,25695.35,25696.2,998349
1768555440,2026-01-16T14:54:00,25696.0,25700.0,25695.25,25696.15,1122768
1768555500,2026-01-16T14:55:00,25696.25,25703.5,25693.75,25700.9,1254412
1768555560,2026-01-16T14:56:00,25700.85,25705.75,25700.3,25701.45,921370
1768555620,2026-01-16T14:57:00,25702.05,25709.65,25699.35,25708.9,1503636
1768555680,2026-01-16T14:58:00,25708.9,25711.9,25695.85,25700.1,1417247
1768555740,2026-01-16T14:59:00,25699.4,25710.65,25699.4,25706.35,1597752
1768555800,2026-01-16T15:00:00,25701.9,25706.65,25695.85,25706.4,2364546
1768555860,2026-01-16T15:01:00,25706.75,25709.05,25704.6,25706.05,1681822
1768555920,2026-01-16T15:02:00,25704.95,25706.35,25698.45,25702.35,1743322
1768555980,2026-01-16T15:03:00,25702.75,25704.65,25699.3,25700.15,1899462
1768556040,2026-01-16T15:04:00,25700.4,25701.55,25693.55,25697.3,1717933
1768556100,2026-01-16T15:05:00,25698.2,25699.35,25692.7,25694.05,1903211
1768556160,2026-01-16T15:06:00,25693.8,25695.25,25687.05,25694.4,2335081
1768556220,2026-01-16T15:07:00,25694.25,25694.75,25690.1,25691.85,2045312
1768556280,2026-01-16T15:08:00,25691.8,25693.35,25687.75,25692.7,1777556
1768556340,2026-01-16T15:09:00,25692.35,25695.0,25691.85,25694.2,2199402
1768556400,2026-01-16T15:10:00,25694.3,25694.3,25687.7,25691.6,2205395
1768556460,2026-01-16T15:11:00,25691.05,25692.05,25685.15,25686.35,2389981
1768556520,2026-01-16T15:12:00,25686.0,25695.15,25686.0,25690.2,2491782
1768556580,2026-01-16T15:13:00,25690.4,25692.2,25687.75,25687.75,2097872
1768556640,2026-01-16T15:14:00,25688.05,25688.1,25682.8,25683.1,2645331
1768556700,2026-01-16T15:15:00,25682.45,25692.6,25681.6,25692.25,3555180
1768556760,2026-01-16T15:16:00,25691.7,25693.9,25688.4,25693.75,2148405
1768556820,2026-01-16T15:17:00,25694.05,25698.6,25693.5,25697.15,1985090
1768556880,2026-01-16T15:18:00,25697.8,25697.8,25691.1,25693.95,2590768
1768556940,2026-01-16T15:19:00,25694.05,25696.0,25692.55,25694.05,2399170
1768557000,2026-01-16T15:20:00,25695.55,25697.6,25694.3,25695.9,2787941
1768557060,2026-01-16T15:21:00,25695.9,25699.6,25695.1,25699.05,2308044
1768557120,2026-01-16T15:22:00,25698.8,25704.15,25697.95,25702.7,2051550
1768557180,2026-01-16T15:23:00,25703.65,25705.7,25696.15,25696.15,2476032
1768557240,2026-01-16T15:24:00,25695.4,25701.95,25695.4,25699.55,2702506
1768557300,2026-01-16T15:25:00,25700.0,25702.6,25696.0,25697.65,3224399
1768557360,2026-01-16T15:26:00,25698.0,25700.5,25693.6,25700.05,2646498
1768557420,2026-01-16T15:27:00,25699.7,25705.6,25696.5,25698.2,2260952
1768557480,2026-01-16T15:28:00,25699.65,25700.25,25692.2,25693.2,1862350
1768557540,2026-01-16T15:29:00,25694.65,25710.75,25691.15,25701.9,1492574
1768794300,2026-01-19T09:15:00,25653.1,25653.3,25528.3,25549.65,10380617
1768794360,2026-01-19T09:16:00,25542.7,25587.15,25535.35,25581.05,6619676
1768794420,2026-01-19T09:17:00,25584.7,25593.45,25573.45,25590.85,5357372
1768794480,2026-01-19T09:18:00,25588.0,25599.2,25584.1,25596.45,4294503
1768794540,2026-01-19T09:19:00,25596.25,25603.85,25590.65,25597.4,3683112
1768794600,2026-01-19T09:20:00,25597.65,25597.65,25569.2,25595.45,3618220
1768794660,2026-01-19T09:21:00,25593.0,25597.25,25577.15,25583.7,3134516
1768794720,2026-01-19T09:22:00,25585.3,25588.35,25579.4,25582.65,2340665
1768794780,2026-01-19T09:23:00,25581.85,25591.5,25579.3,25588.05,2954326
1768794840,2026-01-19T09:24:00,25589.7,25591.25,25572.8,25577.25,2462834
1768794900,2026-01-19T09:25:00,25575.7,25576.6,25567.4,25570.65,2064816
1768794960,2026-01-19T09:26:00,25571.1,25578.05,25562.45,25562.65,2072929
1768795020,2026-01-19T09:27:00,25562.35,25577.15,25561.6,25568.5,2769252
1768795080,2026-01-19T09:28:00,25566.85,25571.0,25561.55,25563.9,2288408
1768795140,2026-01-19T09:29:00,25562.4,25569.25,25554.75,25554.75,2406456
1768795200,2026-01-19T09:30:00,25556.35,25557.35,25541.3,25544.4,2379823
1768795260,2026-01-19T09:31:00,25544.0,25547.05,25532.35,25540.2,2140977
1768795320,2026-01-19T09:32:00,25538.85,25565.4,25538.85,25562.6,2382510
1768795380,2026-01-19T09:33:00,25561.2,25575.35,25561.2,25569.55,1857450
1768795440,2026-01-19T09:34:00,25568.8,25592.3,25567.1,25588.0,2231285
1768795500,2026-01-19T09:35:00,25586.6,25596.3,25578.0,25578.0,1768609
1768795560,2026-01-19T09:36:00,25577.4,25590.35,25574.2,25578.25,1453464
1768795620,2026-01-19T09:37:00,25576.55,25579.25,25564.3,25564.7,1376784
1768795680,2026-01-19T09:38:00,25562.9,25566.8,25553.6,25556.45,1813609
1768795740,2026-01-19T09:39:00,25555.55,25559.7,25552.35,25556.5,1532712
1768795800,2026-01-19T09:40:00,25555.6,25556.9,25547.75,25553.1,1403977
1768795860,2026-01-19T09:41:00,25553.65,25562.1,25550.65,25555.9,1971958
1768795920,2026-01-19T09:42:00,25554.4,25568.5,25552.65,25560.0,1549301
1768795980,2026-01-19T09:43:00,25560.45,25562.05,25549.95,25556.15,2295004
1768796040,2026-01-19T09:44:00,25555.9,25570.0,25555.9,25565.6,1825830
1768796100,2026-01-19T09:45:00,25564.75,25565.15,25554.3,25561.6,2417371
1768796160,2026-01-19T09:46:00,25562.55,25566.1,25556.85,25561.85,2546013
1768796220,2026-01-19T09:47:00,25561.3,25563.9,25557.2,25560.45,2067709
1768796280,2026-01-19T09:48:00,25559.6,25561.95,25546.0,25557.7,1968713
1768796340,2026-01-19T09:49:00,25556.85,25562.2,25554.3,25559.1,1185892
1768796400,2026-01-19T09:50:00,25558.4,25559.55,25554.55,25558.35,1825202
1768796460,2026-01-19T09:51:00,25557.5,25578.85,25556.5,25578.85,1915724
1768796520,2026-01-19T09:52:00,25580.85,25585.0,25572.3,25574.05,1674170
1768796580,2026-01-19T09:53:00,25573.5,25573.95,25558.8,25559.85,1309095
1768796640,2026-01-19T09:54:00,25558.25,25563.05,25545.8,25548.4,1387512
1768796700,2026-01-19T09:55:00,25547.05,25559.55,25546.95,25558.2,994455
1768796760,2026-01-19T09:56:00,25557.8,25559.15,25548.25,25553.9,1139713
1768796820,2026-01-19T09:57:00,25551.95,25556.6,25550.65,25553.85,1135801
1768796880,2026-01-19T09:58:00,25552.55,25554.85,25546.85,25548.5,1300411
1768796940,2026-01-19T09:59:00,25547.0,25550.35,25540.15,25543.45,1436995
1768797000,2026-01-19T10:00:00,25541.8,25542.25,25518.05,25520.6,1313266
1768797060,2026-01-19T10:01:00,25517.8,25520.7,25510.9,25517.0,1021903
1768797120,2026-01-19T10:02:00,25516.0,25522.75,25515.0,25516.55,1499734
1768797180,2026-01-19T10:03:00,25515.35,25516.3,25507.2,25511.75,962050
1768797240,2026-01-19T10:04:00,25510.3,25515.55,25509.85,25515.45,1000828
1768797300,2026-01-19T10:05:00,25515.6,25516.65,25506.95,25512.85,799948
1768797360,2026-01-19T10:06:00,25511.3,25516.6,25510.45,25515.5,816239
1768797420,2026-01-19T10:07:00,25515.3,25516.05,25505.8,25507.45,883438
1768797480,2026-01-19T10:08:00,25505.45,25527.15,25504.85,25527.15,1085066
1768797540,2026-01-19T10:09:00,25527.05,25533.75,25524.0,25532.05,1927412
1768797600,2026-01-19T10:10:00,25531.7,25532.1,25521.2,25528.25,1212292
1768797660,2026-01-19T10:11:00,25527.8,25528.85,25518.3,25528.15,1330974
1768797720,2026-01-19T10:12:00,25526.75,25539.1,25526.75,25532.75,942707
1768797780,2026-01-19T10:13:00,25531.45,25532.35,25522.65,25529.65,1614253
1768797840,2026-01-19T10:14:00,25529.3,25529.45,25518.9,25527.9,2633386
1768797900,2026-01-19T10:15:00,25526.55,25531.2,25525.2,25531.2,830806
1768797960,2026-01-19T10:16:00,25530.4,25532.75,25527.45,25527.75,795219
1768798020,2026-01-19T10:17:00,25526.8,25533.7,25525.9,25532.05,1070786
1768798080,2026-01-19T10:18:00,25531.3,25538.5,25531.0,25536.8,893847
1768798140,2026-01-19T10:19:00,25536.35,25537.65,25530.25,25533.15,1991353
1768798200,2026-01-19T10:20:00,25533.0,25547.6,25533.0,25544.95,1203204
1768798260,2026-01-19T10:21:00,25544.15,25545.5,25537.05,25540.65,1232401
1768798320,2026-01-19T10:22:00,25539.95,25541.15,25524.1,25526.35,1905298
1768798380,2026-01-19T10:23:00,25526.05,25533.8,25524.25,25532.0,1132942
1768798440,2026-01-19T10:24:00,25530.5,25540.65,25530.25,25540.65,937160
1768798500,2026-01-19T10:25:00,25540.75,25540.75,25525.95,25526.15,1357387
1768798560,2026-01-19T10:26:00,25525.85,25526.95,25518.9,25520.8,1291471
1768798620,2026-01-19T10:27:00,25519.85,25519.9,25513.2,25515.85,830408
1768798680,2026-01-19T10:28:00,25515.0,25516.1,25498.45,25499.15,990164
1768798740,2026-01-19T10:29:00,25499.45,25507.95,25496.25,25507.25,852899
1768798800,2026-01-19T10:30:00,25506.4,25515.7,25504.25,25515.7,850157
1768798860,2026-01-19T10:31:00,25514.9,25527.95,25514.65,25526.7,719007
1768798920,2026-01-19T10:32:00,25526.45,25526.45,25514.1,25517.9,823273
1768798980,2026-01-19T10:33:00,25518.1,25518.1,25508.4,25509.85,938961
1768799040,2026-01-19T10:34:00,25509.8,25511.05,25504.95,25509.8,1460628
1768799100,2026-01-19T10:35:00,25509.25,25515.1,25505.75,25514.8,807755
1768799160,2026-01-19T10:36:00,25514.7,25517.8,25510.05,25510.95,741463
1768799220,2026-01-19T10:37:00,25511.15,25515.15,25505.65,25508.4,820423
1768799280,2026-01-19T10:38:00,25508.3,25510.35,25505.0,25509.2,772225
1768799340,2026-01-19T10:39:00,25509.45,25509.45,25500.0,25503.8,909167
1768799400,2026-01-19T10:40:00,25503.1,25505.55,25494.35,25501.15,1034934
1768799460,2026-01-19T10:41:00,25500.25,25509.45,25499.1,25508.9,596509
1768799520,2026-01-19T10:42:00,25508.6,25520.2,25508.5,25519.05,736083
1768799580,2026-01-19T10:43:00,25517.85,25520.1,25507.65,25510.5,708392
1768799640,2026-01-19T10:44:00,25510.8,25515.5,25510.1,25513.55,604181
1768799700,2026-01-19T10:45:00,25513.85,25525.8,25513.5,25525.8,1423912
1768799760,2026-01-19T10:46:00,25525.2,25525.65,25515.2,25516.1,1000340
1768799820,2026-01-19T10:47:00,25515.0,25519.6,25511.9,25513.95,1161468
1768799880,2026-01-19T10:48:00,25514.4,25519.3,25512.3,25518.65,645597
1768799940,2026-01-19T10:49:00,25518.0,25519.05,25514.05,25515.2,1496752
1768800000,2026-01-19T10:50:00,25515.0,25517.5,25512.3,25515.8,536898
1768800060,2026-01-19T10:51:00,25516.8,25520.35,25515.75,25519.0,600719
1768800120,2026-01-19T10:52:00,25518.6,25523.75,25516.7,25521.9,751612
1768800180,2026-01-19T10:53:00,25521.9,25523.05,25515.95,25520.8,649823
1768800240,2026-01-19T10:54:00,25520.85,25521.6,25512.75,25519.65,750897
1768800300,2026-01-19T10:55:00,25519.2,25528.75,25519.2,25527.3,613477
1768800360,2026-01-19T10:56:00,25526.15,25531.6,25525.85,25531.6,742185
1768800420,2026-01-19T10:57:00,25531.6,25536.65,25531.2,25533.25,1018089
1768800480,2026-01-19T10:58:00,25533.0,25540.85,25531.25,25539.35,917262
1768800540,2026-01-19T10:59:00,25538.45,25549.45,25538.4,25548.1,749885
1768800600,2026-01-19T11:00:00,25546.85,25550.85,25543.85,25550.1,651962
1768800660,2026-01-19T11:01:00,25549.2,25551.2,25541.65,25544.0,593990
1768800720,2026-01-19T11:02:00,25543.25,25547.1,25540.4,25546.75,605992
1768800780,2026-01-19T11:03:00,25546.15,25561.3,25545.7,25561.3,959633
1768800840,2026-01-19T11:04:00,25561.1,25564.2,25554.1,25556.6,1019380
1768800900,2026-01-19T11:05:00,25556.6,25562.5,25553.15,25561.7,763723
1768800960,2026-01-19T11:06:00,25561.1,25561.1,25551.3,25555.2,883816
1768801020,2026-01-19T11:07:00,25553.95,25561.05,25553.95,25555.75,694602
1768801080,2026-01-19T11:08:00,25554.85,25556.65,25547.75,25551.5,730340
1768801140,2026-01-19T11:09:00,25551.9,25551.95,25545.4,25546.85,818074
1768801200,2026-01-19T11:10:00,25546.35,25548.65,25534.05,25541.45,1060594
1768801260,2026-01-19T11:11:00,25542.15,25550.5,25532.15,25533.45,1415256
1768801320,2026-01-19T11:12:00,25532.6,25533.8,25526.65,25528.95,1058448
1768801380,2026-01-19T11:13:00,25528.4,25534.4,25526.5,25530.85,632197
1768801440,2026-01-19T11:14:00,25530.35,25539.3,25530.1,25538.4,498522
1768801500,2026-01-19T11:15:00,25538.15,25538.4,25532.15,25534.05,712696
1768801560,2026-01-19T11:16:00,25532.7,25537.45,25532.55,25536.85,548268
1768801620,2026-01-19T11:17:00,25537.05,25537.05,25527.5,25528.75,631844
1768801680,2026-01-19T11:18:00,25529.0,25531.1,25525.6,25526.25,722775
1768801740,2026-01-19T11:19:00,25526.2,25526.5,25521.9,25524.0,751585
1768801800,2026-01-19T11:20:00,25524.0,25524.95,25513.75,25514.9,1568429
1768801860,2026-01-19T11:21:00,25514.8,25520.65,25508.7,25520.2,1373903
1768801920,2026-01-19T11:22:00,25520.6,25530.3,25520.1,25530.3,900107
1768801980,2026-01-19T11:23:00,25530.65,25530.65,25522.05,25524.55,470885
1768802040,2026-01-19T11:24:00,25524.4,25524.7,25514.6,25517.55,732648
1768802100,2026-01-19T11:25:00,25518.5,25521.0,25514.95,25515.85,432320
1768802160,2026-01-19T11:26:00,25516.1,25516.25,25510.75,25513.1,887600
1768802220,2026-01-19T11:27:00,25513.45,25520.85,25512.4,25519.65,1403957
1768802280,2026-01-19T11:28:00,25519.75,25523.7,25517.4,25522.85,1336664
1768802340,2026-01-19T11:29:00,25522.95,25524.3,25519.8,25521.9,880964
1768802400,2026-01-19T11:30:00,25521.8,25521.8,25516.9,25518.1,959511
1768802460,2026-01-19T11:31:00,25517.85,25518.4,25512.0,25513.25,954019
1768802520,2026-01-19T11:32:00,25513.5,25516.3,25511.85,25516.3,506574
1768802580,2026-01-19T11:33:00,25516.9,25519.7,25512.7,25519.25,1395757
1768802640,2026-01-19T11:34:00,25519.6,25521.65,25518.35,25521.4,1183958
1768802700,2026-01-19T11:35:00,25521.45,25524.65,25517.1,25523.55,854193
1768802760,2026-01-19T11:36:00,25523.3,25527.6,25523.2,25524.4,778042
1768802820,2026-01-19T11:37:00,25523.6,25526.85,25521.25,25524.35,831732
1768802880,2026-01-19T11:38:00,25524.9,25530.9,25524.15,25530.75,891143
1768802940,2026-01-19T11:39:00,25530.9,25538.4,25530.6,25538.0,1267182
1768803000,2026-01-19T11:40:00,25537.65,25538.55,25535.05,25536.9,834720
1768803060,2026-01-19T11:41:00,25537.0,25537.8,25533.1,25534.9,808215
1768803120,2026-01-19T11:42:00,25535.05,25537.8,25533.0,25533.35,695194
1768803180,2026-01-19T11:43:00,25534.05,25542.2,25532.25,25542.2,830439
1768803240,2026-01-19T11:44:00,25541.7,25547.0,25541.55,25545.9,1172633
1768803300,2026-01-19T11:45:00,25546.05,25546.95,25535.95,25537.25,861451
1768803360,2026-01-19T11:46:00,25537.1,25541.15,25535.2,25539.55,503136
1768803420,2026-01-19T11:47:00,25539.55,25542.7,25538.15,25538.6,528198
1768803480,2026-01-19T11:48:00,25539.8,25541.45,25534.55,25536.75,725006
1768803540,2026-01-19T11:49:00,25536.5,25543.5,25534.4,25542.45,569404
1768803600,2026-01-19T11:50:00,25543.05,25543.4,25537.55,25542.1,577766
1768803660,2026-01-19T11:51:00,25541.85,25541.85,25534.05,25538.5,583194
1768803720,2026-01-19T11:52:00,25538.7,25545.95,25537.95,25544.55,535941
1768803780,2026-01-19T11:53:00,25546.35,25549.8,25545.65,25548.2,678123
1768803840,2026-01-19T11:54:00,25548.65,25549.9,25544.3,25546.95,705699
1768803900,2026-01-19T11:55:00,25547.55,25547.55,25539.45,25540.75,449229
1768803960,2026-01-19T11:56:00,25541.55,25543.75,25540.2,25543.75,492667
1768804020,2026-01-19T11:57:00,25544.0,25544.0,25532.7,25533.65,658637
1768804080,2026-01-19T11:58:00,25535.95,25535.95,25524.85,25527.25,676223
1768804140,2026-01-19T11:59:00,25527.45,25537.85,25527.05,25534.45,1067177
1768804200,2026-01-19T12:00:00,25535.15,25535.25,25527.0,25528.35,617931
1768804260,2026-01-19T12:01:00,25527.85,25530.35,25522.55,25527.1,789001
1768804320,2026-01-19T12:02:00,25526.75,25527.65,25519.0,25521.15,767258
1768804380,2026-01-19T12:03:00,25521.5,25523.5,25519.3,25521.75,762192
1768804440,2026-01-19T12:04:00,25521.8,25522.2,25517.5,25520.45,734740
1768804500,2026-01-19T12:05:00,25520.3,25523.0,25517.85,25522.85,701406
1768804560,2026-01-19T12:06:00,25522.15,25523.95,25518.6,25521.1,702440
1768804620,2026-01-19T12:07:00,25521.25,25521.6,25516.9,25519.9,543481
1768804680,2026-01-19T12:08:00,25519.65,25520.9,25515.1,25516.65,547132
1768804740,2026-01-19T12:09:00,25517.15,25517.3,25514.1,25515.35,641741
1768804800,2026-01-19T12:10:00,25515.35,25521.85,25512.75,25521.4,967305
1768804860,2026-01-19T12:11:00,25521.45,25523.65,25517.15,25519.5,1014822
1768804920,2026-01-19T12:12:00,25519.45,25527.5,25517.9,25527.5,850619
1768804980,2026-01-19T12:13:00,25527.1,25530.6,25524.4,25529.75,806405
1768805040,2026-01-19T12:14:00,25530.1,25532.75,25526.95,25532.65,660017
1768805100,2026-01-19T12:15:00,25532.4,25535.6,25531.1,25533.45,553460
1768805160,2026-01-19T12:16:00,25533.55,25539.0,25532.05,25539.0,731670
1768805220,2026-01-19T12:17:00,25539.35,25556.15,25538.25,25556.05,1060746
1768805280,2026-01-19T12:18:00,25555.9,25556.25,25551.65,25553.95,688518
1768805340,2026-01-19T12:19:00,25554.35,25555.35,25544.15,25546.9,697136
1768805400,2026-01-19T12:20:00,25546.9,25549.55,25541.65,25543.1,812628
1768805460,2026-01-19T12:21:00,25543.2,25551.35,25542.0,25546.6,926504
1768805520,2026-01-19T12:22:00,25547.05,25548.65,25544.15,25545.9,677625
1768805580,2026-01-19T12:23:00,25545.5,25545.5,25537.5,25539.7,1072908
1768805640,2026-01-19T12:24:00,25538.9,25540.05,25527.35,25531.15,717968
1768805700,2026-01-19T12:25:00,25530.45,25532.55,25524.7,25526.9,905951
1768805760,2026-01-19T12:26:00,25526.55,25529.7,25520.85,25523.55,889503
1768805820,2026-01-19T12:27:00,25523.2,25530.2,25520.05,25525.85,765776
1768805880,2026-01-19T12:28:00,25526.1,25526.7,25518.35,25524.25,1779508
1768805940,2026-01-19T12:29:00,25523.5,25531.7,25521.8,25528.65,594493
1768806000,2026-01-19T12:30:00,25528.1,25531.4,25523.85,25526.0,681487
1768806060,2026-01-19T12:31:00,25525.7,25529.45,25522.85,25528.85,580298
1768806120,2026-01-19T12:32:00,25528.55,25530.2,25525.4,25529.15,647435
1768806180,2026-01-19T12:33:00,25528.75,25530.35,25522.7,25525.05,553122
1768806240,2026-01-19T12:34:00,25524.35,25529.1,25523.8,25526.2,1091016
1768806300,2026-01-19T12:35:00,25525.75,25527.6,25520.4,25521.9,860163
1768806360,2026-01-19T12:36:00,25521.75,25522.3,25516.15,25519.95,835011
1768806420,2026-01-19T12:37:00,25519.65,25522.15,25515.35,25520.1,1073318
1768806480,2026-01-19T12:38:00,25519.9,25522.15,25515.5,25517.55,631070
1768806540,2026-01-19T12:39:00,25517.8,25521.1,25514.85,25515.9,879706
1768806600,2026-01-19T12:40:00,25515.85,25517.65,25511.55,25514.45,715208
1768806660,2026-01-19T12:41:00,25513.9,25523.55,25511.45,25522.6,1100327
1768806720,2026-01-19T12:42:00,25522.45,25525.6,25516.5,25517.4,722587
1768806780,2026-01-19T12:43:00,25517.85,25522.35,25515.7,25521.2,652298
1768806840,2026-01-19T12:44:00,25521.7,25528.05,25520.35,25527.0,716850
1768806900,2026-01-19T12:45:00,25526.95,25531.8,25523.5,25525.75,629972
1768806960,2026-01-19T12:46:00,25525.35,25531.8,25523.5,25525.15,819434
1768807020,2026-01-19T12:47:00,25525.15,25526.05,25518.0,25520.7,667082
1768807080,2026-01-19T12:48:00,25520.25,25521.35,25510.65,25514.6,625226
1768807140,2026-01-19T12:49:00,25514.85,25524.5,25514.0,25522.15,744973
1768807200,2026-01-19T12:50:00,25522.05,25522.3,25515.05,25519.95,647173
1768807260,2026-01-19T12:51:00,25519.7,25531.1,25518.05,25530.8,509159
1768807320,2026-01-19T12:52:00,25530.8,25534.2,25529.9,25533.75,592362
1768807380,2026-01-19T12:53:00,25533.95,25545.15,25533.4,25544.55,5825805
1768807440,2026-01-19T12:54:00,25544.65,25546.05,25541.1,25543.9,798653
1768807500,2026-01-19T12:55:00,25543.8,25545.8,25541.6,25545.2,627629
1768807560,2026-01-19T12:56:00,25545.45,25553.75,25545.45,25550.5,791701
1768807620,2026-01-19T12:57:00,25550.0,25555.3,25544.2,25554.55,997900
1768807680,2026-01-19T12:58:00,25554.7,25555.3,25542.65,25546.2,2652351
1768807740,2026-01-19T12:59:00,25546.4,25554.05,25543.95,25553.25,677666
1768807800,2026-01-19T13:00:00,25553.05,25553.75,25546.05,25548.85,550098
1768807860,2026-01-19T13:01:00,25549.55,25554.05,25547.9,25552.1,592221
1768807920,2026-01-19T13:02:00,25551.8,25552.6,25547.75,25550.2,491061
1768807980,2026-01-19T13:03:00,25549.45,25553.3,25547.0,25548.35,450182
1768808040,2026-01-19T13:04:00,25548.55,25554.15,25545.55,25553.25,718648
1768808100,2026-01-19T13:05:00,25553.4,25553.65,25550.05,25553.0,582685
1768808160,2026-01-19T13:06:00,25552.4,25554.5,25550.9,25554.25,904189
1768808220,2026-01-19T13:07:00,25553.15,25560.5,25552.35,25560.5,938100
1768808280,2026-01-19T13:08:00,25560.65,25564.75,25559.1,25564.05,754815
1768808340,2026-01-19T13:09:00,25563.4,25565.25,25551.7,25556.25,726217
1768808400,2026-01-19T13:10:00,25555.3,25557.8,25543.5,25544.5,886078
1768808460,2026-01-19T13:11:00,25541.55,25542.0,25524.4,25529.65,834334
1768808520,2026-01-19T13:12:00,25529.0,25534.0,25524.2,25526.8,918190
1768808580,2026-01-19T13:13:00,25525.75,25537.75,25522.65,25536.1,924629
1768808640,2026-01-19T13:14:00,25535.95,25537.35,25531.5,25534.65,459486
1768808700,2026-01-19T13:15:00,25533.4,25537.85,25530.1,25531.65,799882
1768808760,2026-01-19T13:16:00,25531.9,25534.85,25529.45,25530.85,582502
1768808820,2026-01-19T13:17:00,25529.8,25530.65,25525.0,25527.6,939341
1768808880,2026-01-19T13:18:00,25527.0,25534.5,25526.2,25534.5,497353
1768808940,2026-01-19T13:19:00,25534.85,25538.45,25533.15,25538.45,554851
1768809000,2026-01-19T13:20:00,25538.15,25542.45,25538.05,25540.05,717023
1768809060,2026-01-19T13:21:00,25538.55,25547.35,25536.35,25546.0,801148
1768809120,2026-01-19T13:22:00,25545.9,25545.9,25534.7,25540.55,589150
1768809180,2026-01-19T13:23:00,25539.85,25540.75,25536.95,25539.65,410341
1768809240,2026-01-19T13:24:00,25539.15,25539.3,25532.75,25533.8,516802
1768809300,2026-01-19T13:25:00,25533.05,25533.8,25529.7,25531.0,494441
1768809360,2026-01-19T13:26:00,25530.4,25531.05,25525.85,25526.95,525403
1768809420,2026-01-19T13:27:00,25526.1,25527.65,25522.35,25524.45,509044
1768809480,2026-01-19T13:28:00,25523.4,25528.7,25523.4,25527.15,463609
1768809540,2026-01-19T13:29:00,25526.8,25530.7,25525.55,25529.95,479265
1768809600,2026-01-19T13:30:00,25529.45,25537.4,25529.45,25535.9,992604
1768809660,2026-01-19T13:31:00,25535.45,25540.95,25534.35,25540.1,568803
1768809720,2026-01-19T13:32:00,25539.35,25547.2,25538.75,25547.05,710513
1768809780,2026-01-19T13:33:00,25547.45,25549.15,25544.75,25547.8,597699
1768809840,2026-01-19T13:34:00,25547.2,25550.4,25543.4,25550.25,691560
1768809900,2026-01-19T13:35:00,25548.75,25553.15,25548.15,25552.1,619449
1768809960,2026-01-19T13:36:00,25551.3,25553.2,25544.5,25547.35,708348
1768810020,2026-01-19T13:37:00,25546.8,25552.15,25544.95,25552.15,5714736
1768810080,2026-01-19T13:38:00,25551.95,25553.15,25548.5,25552.75,1292890
1768810140,2026-01-19T13:39:00,25552.65,25561.0,25549.85,25560.3,994058
1768810200,2026-01-19T13:40:00,25558.5,25564.8,25556.35,25558.6,1303413
1768810260,2026-01-19T13:41:00,25558.1,25559.4,25550.65,25555.6,824593
1768810320,2026-01-19T13:42:00,25555.0,25562.6,25554.8,25556.45,823379
1768810380,2026-01-19T13:43:00,25555.1,25556.95,25547.3,25548.75,937260
1768810440,2026-01-19T13:44:00,25548.95,25550.15,25543.2,25549.9,1009022
1768810500,2026-01-19T13:45:00,25548.25,25550.95,25540.8,25545.3,1710599
1768810560,2026-01-19T13:46:00,25545.35,25553.15,25545.15,25547.35,928742
1768810620,2026-01-19T13:47:00,25546.7,25557.05,25542.9,25554.75,1318617
1768810680,2026-01-19T13:48:00,25556.45,25557.1,25542.15,25546.45,2174474
1768810740,2026-01-19T13:49:00,25548.35,25576.05,25546.0,25576.05,1428059
1768810800,2026-01-19T13:50:00,25574.8,25583.7,25574.8,25583.5,837453
1768810860,2026-01-19T13:51:00,25583.3,25596.05,25582.5,25594.1,937223
1768810920,2026-01-19T13:52:00,25594.15,25604.9,25594.05,25600.8,1675603
1768810980,2026-01-19T13:53:00,25600.1,25602.35,25589.05,25595.35,1003995
1768811040,2026-01-19T13:54:00,25594.05,25595.05,25585.95,25595.0,906201
1768811100,2026-01-19T13:55:00,25595.2,25603.15,25594.55,25602.75,738520
1768811160,2026-01-19T13:56:00,25602.55,25603.3,25597.55,25601.55,1265963
1768811220,2026-01-19T13:57:00,25601.35,25611.7,25599.7,25602.75,875076
1768811280,2026-01-19T13:58:00,25601.9,25605.6,25598.6,25600.2,1591120
1768811340,2026-01-19T13:59:00,25599.1,25601.3,25592.85,25598.75,677162
1768811400,2026-01-19T14:00:00,25597.85,25606.65,25597.65,25606.65,583517
1768811460,2026-01-19T14:01:00,25606.45,25621.4,25602.95,25618.5,1082625
1768811520,2026-01-19T14:02:00,25618.15,25618.9,25612.05,25616.1,632765
1768811580,2026-01-19T14:03:00,25615.95,25615.95,25608.6,25609.95,511226
1768811640,2026-01-19T14:04:00,25610.5,25617.95,25608.3,25617.6,853996
1768811700,2026-01-19T14:05:00,25617.5,25630.65,25615.9,25626.95,1103548
1768811760,2026-01-19T14:06:00,25626.75,25626.75,25619.15,25620.65,626369
1768811820,2026-01-19T14:07:00,25620.6,25628.75,25620.2,25628.7,647120
1768811880,2026-01-19T14:08:00,25628.45,25629.2,25625.6,25628.3,730221
1768811940,2026-01-19T14:09:00,25628.1,25628.4,25618.05,25618.85,909234
1768812000,2026-01-19T14:10:00,25619.3,25622.9,25615.15,25615.5,822145
1768812060,2026-01-19T14:11:00,25615.35,25615.8,25600.75,25602.25,974221
1768812120,2026-01-19T14:12:00,25602.8,25602.8,25592.55,25598.55,960538
1768812180,2026-01-19T14:13:00,25598.25,25598.35,25587.65,25589.2,1080189
1768812240,2026-01-19T14:14:00,25589.45,25591.25,25587.0,25590.3,887275
1768812300,2026-01-19T14:15:00,25589.65,25594.1,25589.4,25589.9,723444
1768812360,2026-01-19T14:16:00,25589.6,25594.15,25586.5,25592.85,954014
1768812420,2026-01-19T14:17:00,25592.75,25593.5,25588.35,25588.45,665887
1768812480,2026-01-19T14:18:00,25588.2,25610.75,25587.9,25609.6,586518
1768812540,2026-01-19T14:19:00,25609.55,25610.05,25603.5,25610.05,714943
1768812600,2026-01-19T14:20:00,25609.85,25611.8,25606.05,25611.8,621344
1768812660,2026-01-19T14:21:00,25611.7,25614.15,25606.95,25613.4,651481
1768812720,2026-01-19T14:22:00,25613.2,25615.35,25604.75,25605.65,642109
1768812780,2026-01-19T14:23:00,25606.35,25612.0,25604.4,25610.55,562267
1768812840,2026-01-19T14:24:00,25610.5,25613.5,25606.65,25608.3,808728
1768812900,2026-01-19T14:25:00,25607.35,25610.15,25606.05,25607.6,653614
1768812960,2026-01-19T14:26:00,25607.55,25610.35,25602.05,25603.45,691013
1768813020,2026-01-19T14:27:00,25603.1,25606.0,25601.15,25602.2,886386
1768813080,2026-01-19T14:28:00,25600.4,25601.15,25591.85,25597.15,700323
1768813140,2026-01-19T14:29:00,25596.45,25598.85,25588.8,25592.3,808856
1768813200,2026-01-19T14:30:00,25591.95,25606.4,25591.75,25604.0,705859
1768813260,2026-01-19T14:31:00,25603.75,25605.55,25594.65,25597.25,644040
1768813320,2026-01-19T14:32:00,25597.15,25599.65,25596.3,25598.7,473760
1768813380,2026-01-19T14:33:00,25598.45,25605.35,25596.7,25604.9,623887
1768813440,2026-01-19T14:34:00,25604.75,25606.75,25603.0,25604.35,500342
1768813500,2026-01-19T14:35:00,25603.9,25605.35,25597.6,25600.5,2116345
1768813560,2026-01-19T14:36:00,25599.6,25604.45,25598.05,25603.95,962178
1768813620,2026-01-19T14:37:00,25603.55,25603.55,25599.15,25602.35,693215
1768813680,2026-01-19T14:38:00,25601.8,25613.5,25601.8,25613.4,805153
1768813740,2026-01-19T14:39:00,25613.0,25615.35,25610.8,25615.3,586948
1768813800,2026-01-19T14:40:00,25615.45,25617.65,25613.45,25615.25,592943
1768813860,2026-01-19T14:41:00,25614.85,25617.5,25609.15,25610.5,720655
1768813920,2026-01-19T14:42:00,25610.15,25620.85,25610.15,25620.85,891878
1768813980,2026-01-19T14:43:00,25620.25,25621.7,25612.85,25613.85,1066349
1768814040,2026-01-19T14:44:00,25613.55,25615.35,25606.85,25614.9,1130857
1768814100,2026-01-19T14:45:00,25614.65,25621.9,25614.05,25621.05,737493
1768814160,2026-01-19T14:46:00,25620.7,25623.05,25618.05,25621.25,749088
1768814220,2026-01-19T14:47:00,25620.7,25622.3,25617.1,25618.4,1640838
1768814280,2026-01-19T14:48:00,25618.25,25621.35,25613.25,25619.3,984204
1768814340,2026-01-19T14:49:00,25619.0,25626.8,25619.0,25623.3,1474021
1768814400,2026-01-19T14:50:00,25622.2,25623.95,25618.55,25623.65,1026950
1768814460,2026-01-19T14:51:00,25623.45,25632.0,25622.55,25631.6,1463099
1768814520,2026-01-19T14:52:00,25630.95,25636.25,25630.5,25634.7,1210401
1768814580,2026-01-19T14:53:00,25633.4,25634.05,25624.1,25626.5,1336956
1768814640,2026-01-19T14:54:00,25625.95,25628.25,25622.65,25627.0,988964
1768814700,2026-01-19T14:55:00,25625.95,25629.15,25618.95,25624.75,1262213
1768814760,2026-01-19T14:56:00,25623.5,25636.3,25623.5,25631.9,1870712
1768814820,2026-01-19T14:57:00,25627.25,25628.05,25616.4,25624.65,1893288
1768814880,2026-01-19T14:58:00,25623.95,25630.8,25623.95,25628.2,1197789
1768814940,2026-01-19T14:59:00,25628.15,25629.6,25625.3,25628.95,1393115
1768815000,2026-01-19T15:00:00,25629.3,25633.7,25627.75,25631.45,2413962
1768815060,2026-01-19T15:01:00,25631.55,25631.55,25622.3,25622.95,2361154
1768815120,2026-01-19T15:02:00,25622.7,25622.7,25606.95,25608.9,2263204
1768815180,2026-01-19T15:03:00,25608.15,25616.05,25605.1,25614.85,2152164
1768815240,2026-01-19T15:04:00,25614.95,25615.5,25608.35,25613.85,2920342
1768815300,2026-01-19T15:05:00,25613.65,25613.65,25601.85,25605.3,1700863
1768815360,2026-01-19T15:06:00,25604.95,25605.15,25594.2,25598.4,2183124
1768815420,2026-01-19T15:07:00,25598.65,25607.6,25597.35,25606.75,1522940
1768815480,2026-01-19T15:08:00,25607.15,25607.15,25599.9,25600.65,1356312
1768815540,2026-01-19T15:09:00,25601.3,25603.65,25597.0,25597.25,1395259
1768815600,2026-01-19T15:10:00,25597.55,25598.5,25592.7,25596.2,1762984
1768815660,2026-01-19T15:11:00,25596.35,25597.3,25590.65,25591.2,1466807
1768815720,2026-01-19T15:12:00,25591.2,25593.8,25589.7,25591.6,1397624
1768815780,2026-01-19T15:13:00,25591.6,25591.6,25585.9,25586.65,1651454
1768815840,2026-01-19T15:14:00,25586.7,25592.95,25585.7,25591.15,1325666
1768815900,2026-01-19T15:15:00,25592.25,25594.1,25589.05,25590.9,2060436
1768815960,2026-01-19T15:16:00,25592.1,25592.1,25585.45,25585.6,1916461
1768816020,2026-01-19T15:17:00,25588.15,25588.15,25578.85,25578.85,1219298
1768816080,2026-01-19T15:18:00,25580.1,25580.3,25571.8,25573.65,1643035
1768816140,2026-01-19T15:19:00,25575.9,25577.75,25571.7,25571.7,1080543
1768816200,2026-01-19T15:20:00,25573.55,25573.55,25553.75,25561.25,2651006
1768816260,2026-01-19T15:21:00,25561.85,25562.8,25556.55,25558.1,1562313
1768816320,2026-01-19T15:22:00,25559.9,25562.2,25556.5,25560.3,2017595
1768816380,2026-01-19T15:23:00,25559.6,25561.65,25553.75,25553.95,1602374
1768816440,2026-01-19T15:24:00,25556.35,25565.5,25553.65,25561.9,2565961
1768816500,2026-01-19T15:25:00,25561.6,25564.7,25552.75,25557.2,2254913
1768816560,2026-01-19T15:26:00,25557.1,25560.6,25550.45,25557.35,1669962
1768816620,2026-01-19T15:27:00,25557.75,25558.85,25550.3,25550.3,1608311
1768816680,2026-01-19T15:28:00,25550.75,25553.75,25546.75,25549.25,1552312
1768816740,2026-01-19T15:29:00,25548.7,25560.25,25545.4,25555.5,1141907
1768880700,2026-01-20T09:15:00,25580.3,25585.0,25528.4,25558.05,4785703
1768880760,2026-01-20T09:16:00,25563.75,25580.35,25556.45,25571.85,3188596
1768880820,2026-01-20T09:17:00,25572.35,25581.95,25570.7,25581.5,1873237
1768880880,2026-01-20T09:18:00,25582.85,25582.85,25559.5,25561.55,2092913
1768880940,2026-01-20T09:19:00,25562.55,25566.7,25557.0,25558.25,1442337
1768881000,2026-01-20T09:20:00,25559.3,25559.3,25539.45,25553.1,2176817
1768881060,2026-01-20T09:21:00,25557.2,25560.4,25535.15,25535.75,2117817
1768881120,2026-01-20T09:22:00,25537.7,25539.1,25515.4,25516.6,1828033
1768881180,2026-01-20T09:23:00,25519.25,25520.3,25514.1,25516.7,1800245
1768881240,2026-01-20T09:24:00,25517.75,25518.9,25510.5,25514.35,2091525
1768881300,2026-01-20T09:25:00,25514.95,25514.95,25503.55,25507.6,1865807
1768881360,2026-01-20T09:26:00,25509.45,25520.95,25507.2,25510.55,1479030
1768881420,2026-01-20T09:27:00,25511.75,25511.75,25486.05,25489.5,1760773
1768881480,2026-01-20T09:28:00,25489.9,25496.35,25486.0,25493.25,1692127
1768881540,2026-01-20T09:29:00,25494.8,25496.2,25484.1,25488.35,1678711
1768881600,2026-01-20T09:30:00,25488.75,25490.35,25483.15,25490.35,1372538
1768881660,2026-01-20T09:31:00,25491.2,25499.25,25486.45,25486.55,1782573
1768881720,2026-01-20T09:32:00,25487.85,25495.5,25485.35,25494.3,1184502
1768881780,2026-01-20T09:33:00,25495.35,25517.75,25495.35,25499.75,1666254
1768881840,2026-01-20T09:34:00,25499.6,25501.7,25494.4,25495.55,1292704
1768881900,2026-01-20T09:35:00,25496.6,25499.05,25480.95,25483.05,1191703
1768881960,2026-01-20T09:36:00,25484.1,25484.1,25466.7,25470.0,1261429
1768882020,2026-01-20T09:37:00,25471.6,25471.6,25462.3,25462.5,1351947
1768882080,2026-01-20T09:38:00,25463.45,25465.1,25458.1,25463.75,1068504
1768882140,2026-01-20T09:39:00,25464.0,25469.9,25457.05,25457.95,1368472
1768882200,2026-01-20T09:40:00,25458.5,25464.2,25455.8,25462.65,1511262
1768882260,2026-01-20T09:41:00,25462.85,25483.35,25453.9,25471.05,1867454
1768882320,2026-01-20T09:42:00,25472.0,25472.0,25453.85,25457.2,1268635
1768882380,2026-01-20T09:43:00,25458.7,25485.2,25457.0,25472.8,1515957
1768882440,2026-01-20T09:44:00,25472.95,25473.5,25465.7,25467.5,800008
1768882500,2026-01-20T09:45:00,25468.95,25473.35,25463.25,25463.25,1273039
1768882560,2026-01-20T09:46:00,25463.0,25469.85,25456.6,25469.55,1149314
1768882620,2026-01-20T09:47:00,25472.05,25478.05,25456.4,25456.75,1176469
1768882680,2026-01-20T09:48:00,25458.75,25464.2,25455.2,25459.2,883630
1768882740,2026-01-20T09:49:00,25461.05,25462.8,25455.85,25462.8,911983
1768882800,2026-01-20T09:50:00,25462.8,25462.8,25455.8,25461.25,789267
1768882860,2026-01-20T09:51:00,25463.7,25474.55,25456.4,25473.8,1398222
1768882920,2026-01-20T09:52:00,25474.2,25474.2,25460.85,25463.55,917357
1768882980,2026-01-20T09:53:00,25463.4,25463.4,25450.25,25450.65,893641
1768883040,2026-01-20T09:54:00,25452.0,25452.0,25433.4,25434.1,1035710
1768883100,2026-01-20T09:55:00,25435.4,25460.75,25432.6,25460.2,1253362
1768883160,2026-01-20T09:56:00,25462.6,25464.15,25446.95,25447.45,2216436
1768883220,2026-01-20T09:57:00,25448.65,25455.95,25443.8,25443.8,933142
1768883280,2026-01-20T09:58:00,25445.35,25466.2,25442.5,25460.8,783859
1768883340,2026-01-20T09:59:00,25461.85,25462.8,25452.6,25457.75,1094113
1768883400,2026-01-20T10:00:00,25458.7,25476.05,25452.7,25466.8,1329427
1768883460,2026-01-20T10:01:00,25467.6,25467.6,25454.8,25455.1,774421
1768883520,2026-01-20T10:02:00,25456.65,25467.2,25454.1,25463.8,676801
1768883580,2026-01-20T10:03:00,25464.9,25465.8,25456.1,25456.75,1024157
1768883640,2026-01-20T10:04:00,25457.15,25471.5,25455.55,25469.9,828770
1768883700,2026-01-20T10:05:00,25473.2,25473.2,25461.75,25465.1,1054482
1768883760,2026-01-20T10:06:00,25465.5,25477.7,25463.45,25474.95,827031
1768883820,2026-01-20T10:07:00,25475.95,25476.2,25468.4,25474.65,639022
1768883880,2026-01-20T10:08:00,25476.25,25486.05,25474.0,25480.6,770650
1768883940,2026-01-20T10:09:00,25481.3,25481.3,25470.9,25479.8,1076435
1768884000,2026-01-20T10:10:00,25481.95,25489.5,25480.35,25484.45,1142483
1768884060,2026-01-20T10:11:00,25486.75,25487.0,25478.1,25481.2,904730
1768884120,2026-01-20T10:12:00,25481.2,25481.2,25467.85,25471.6,887901
1768884180,2026-01-20T10:13:00,25471.55,25477.55,25463.95,25470.1,991064
1768884240,2026-01-20T10:14:00,25472.5,25475.35,25468.7,25468.7,590619
1768884300,2026-01-20T10:15:00,25471.65,25474.4,25463.5,25468.6,1878637
1768884360,2026-01-20T10:16:00,25469.0,25469.0,25459.0,25459.9,914461
1768884420,2026-01-20T10:17:00,25461.05,25470.65,25457.35,25470.55,1357560
1768884480,2026-01-20T10:18:00,25471.6,25492.0,25470.25,25487.55,930504
1768884540,2026-01-20T10:19:00,25488.55,25488.55,25483.4,25485.7,576520
1768884600,2026-01-20T10:20:00,25486.55,25491.05,25483.8,25485.6,2406550
1768884660,2026-01-20T10:21:00,25486.95,25488.15,25479.05,25482.35,1538149
1768884720,2026-01-20T10:22:00,25484.25,25497.3,25482.5,25496.1,1066162
1768884780,2026-01-20T10:23:00,25497.65,25500.45,25495.05,25497.0,628874
1768884840,2026-01-20T10:24:00,25497.65,25498.2,25483.4,25483.8,730374
1768884900,2026-01-20T10:25:00,25484.5,25487.65,25478.65,25486.8,682105
1768884960,2026-01-20T10:26:00,25488.4,25489.3,25477.7,25478.75,592462
1768885020,2026-01-20T10:27:00,25481.15,25491.75,25474.55,25489.15,1150531
1768885080,2026-01-20T10:28:00,25490.9,25491.5,25478.85,25481.65,1158560
1768885140,2026-01-20T10:29:00,25481.35,25485.6,25479.35,25482.6,871665
1768885200,2026-01-20T10:30:00,25483.4,25486.0,25478.7,25478.7,1066658
1768885260,2026-01-20T10:31:00,25479.9,25479.9,25473.75,25478.1,638677
1768885320,2026-01-20T10:32:00,25478.7,25488.05,25474.3,25485.15,599533
1768885380,2026-01-20T10:33:00,25486.55,25486.55,25473.1,25474.7,1007025
1768885440,2026-01-20T10:34:00,25476.15,25478.5,25471.7,25477.8,624323
1768885500,2026-01-20T10:35:00,25479.1,25479.1,25472.65,25473.85,645762
1768885560,2026-01-20T10:36:00,25474.8,25482.3,25472.9,25480.1,6384959
1768885620,2026-01-20T10:37:00,25481.45,25495.65,25479.95,25494.85,731312
1768885680,2026-01-20T10:38:00,25495.95,25504.0,25494.1,25502.0,527770
1768885740,2026-01-20T10:39:00,25502.7,25502.7,25491.45,25492.55,494535
1768885800,2026-01-20T10:40:00,25493.2,25494.4,25486.35,25494.4,917466
1768885860,2026-01-20T10:41:00,25495.9,25501.05,25493.75,25497.8,713847
1768885920,2026-01-20T10:42:00,25498.3,25498.3,25489.85,25491.7,675364
1768885980,2026-01-20T10:43:00,25492.7,25492.7,25485.8,25486.6,468735
1768886040,2026-01-20T10:44:00,25488.15,25488.15,25481.0,25482.45,838950
1768886100,2026-01-20T10:45:00,25483.45,25485.8,25477.95,25480.9,572213
1768886160,2026-01-20T10:46:00,25482.3,25487.65,25481.1,25487.0,687399
1768886220,2026-01-20T10:47:00,25487.35,25491.85,25483.35,25486.65,610100
1768886280,2026-01-20T10:48:00,25487.3,25488.0,25485.2,25486.35,415356
1768886340,2026-01-20T10:49:00,25487.65,25487.65,25478.95,25481.65,654208
1768886400,2026-01-20T10:50:00,25482.75,25484.05,25477.5,25477.5,595549
1768886460,2026-01-20T10:51:00,25479.5,25479.5,25470.35,25470.35,678771
1768886520,2026-01-20T10:52:00,25471.55,25472.3,25464.95,25466.25,723563
1768886580,2026-01-20T10:53:00,25468.3,25478.45,25463.55,25474.1,565647
1768886640,2026-01-20T10:54:00,25474.0,25474.1,25467.55,25470.5,743353
1768886700,2026-01-20T10:55:00,25471.2,25471.8,25463.85,25465.1,517993
1768886760,2026-01-20T10:56:00,25466.1,25466.25,25459.3,25461.25,757274
1768886820,2026-01-20T10:57:00,25462.2,25462.2,25456.7,25459.65,771427
1768886880,2026-01-20T10:58:00,25459.75,25465.3,25458.45,25465.3,874608
1768886940,2026-01-20T10:59:00,25466.95,25467.6,25462.4,25466.2,755429
1768887000,2026-01-20T11:00:00,25466.95,25466.95,25457.75,25459.15,1081892
1768887060,2026-01-20T11:01:00,25460.25,25460.25,25451.25,25452.8,1455427
1768887120,2026-01-20T11:02:00,25453.9,25462.35,25452.85,25461.2,831872
1768887180,2026-01-20T11:03:00,25461.4,25461.4,25455.9,25458.25,836937
1768887240,2026-01-20T11:04:00,25459.1,25462.45,25457.1,25458.55,644745
1768887300,2026-01-20T11:05:00,25459.35,25459.35,25452.4,25454.45,747460
1768887360,2026-01-20T11:06:00,25455.35,25455.5,25449.15,25449.15,617414
1768887420,2026-01-20T11:07:00,25451.35,25454.05,25447.85,25453.65,1026189
1768887480,2026-01-20T11:08:00,25454.75,25454.95,25451.1,25454.15,1020586
1768887540,2026-01-20T11:09:00,25455.25,25455.25,25448.55,25450.45,752380
1768887600,2026-01-20T11:10:00,25451.6,25455.0,25449.25,25452.85,708891
1768887660,2026-01-20T11:11:00,25453.95,25453.95,25447.8,25451.4,595080
1768887720,2026-01-20T11:12:00,25452.05,25455.55,25449.15,25451.55,621922
1768887780,2026-01-20T11:13:00,25452.45,25452.95,25448.25,25448.85,576598
1768887840,2026-01-20T11:14:00,25450.1,25450.1,25446.25,25449.6,653060
1768887900,2026-01-20T11:15:00,25450.6,25450.6,25443.85,25445.65,726353
1768887960,2026-01-20T11:16:00,25446.85,25465.5,25445.05,25465.5,1036676
1768888020,2026-01-20T11:17:00,25469.45,25472.1,25461.8,25461.8,701842
1768888080,2026-01-20T11:18:00,25462.65,25463.55,25456.5,25459.8,507084
1768888140,2026-01-20T11:19:00,25460.9,25460.9,25449.8,25451.2,805012
1768888200,2026-01-20T11:20:00,25452.5,25452.5,25447.5,25450.1,481530
1768888260,2026-01-20T11:21:00,25451.35,25451.35,25444.65,25448.7,578494
1768888320,2026-01-20T11:22:00,25450.15,25460.1,25448.05,25458.15,604109
1768888380,2026-01-20T11:23:00,25458.95,25458.95,25452.75,25453.3,592571
1768888440,2026-01-20T11:24:00,25454.55,25454.55,25449.2,25453.9,2093447
1768888500,2026-01-20T11:25:00,25453.5,25454.65,25446.9,25447.8,519725
1768888560,2026-01-20T11:26:00,25448.5,25454.4,25446.2,25452.5,522210
1768888620,2026-01-20T11:27:00,25453.4,25460.7,25452.1,25460.7,405516
1768888680,2026-01-20T11:28:00,25461.15,25461.2,25453.05,25458.15,695754
1768888740,2026-01-20T11:29:00,25459.5,25468.2,25457.95,25464.05,681974
1768888800,2026-01-20T11:30:00,25464.0,25468.2,25458.15,25458.8,614963
1768888860,2026-01-20T11:31:00,25460.3,25466.1,25456.35,25463.95,411121
1768888920,2026-01-20T11:32:00,25465.85,25467.8,25463.7,25464.75,393654
1768888980,2026-01-20T11:33:00,25466.2,25466.2,25458.6,25458.8,447831
1768889040,2026-01-20T11:34:00,25460.05,25460.15,25452.55,25457.6,487085
1768889100,2026-01-20T11:35:00,25457.95,25467.75,25456.25,25466.9,393471
1768889160,2026-01-20T11:36:00,25468.9,25468.9,25462.65,25463.4,519421
1768889220,2026-01-20T11:37:00,25464.7,25471.2,25462.15,25467.95,675593
1768889280,2026-01-20T11:38:00,25468.7,25470.05,25464.3,25468.35,471918
1768889340,2026-01-20T11:39:00,25469.3,25469.85,25464.65,25465.6,552344
1768889400,2026-01-20T11:40:00,25466.7,25466.7,25460.45,25461.2,709651
1768889460,2026-01-20T11:41:00,25462.25,25470.9,25460.15,25469.85,629983
1768889520,2026-01-20T11:42:00,25470.55,25472.5,25469.2,25470.35,472779
1768889580,2026-01-20T11:43:00,25471.3,25472.9,25469.05,25469.8,536932
1768889640,2026-01-20T11:44:00,25471.45,25471.6,25468.25,25469.7,468154
1768889700,2026-01-20T11:45:00,25470.95,25470.95,25463.2,25463.7,951861
1768889760,2026-01-20T11:46:00,25464.9,25466.45,25461.7,25465.6,922966
1768889820,2026-01-20T11:47:00,25467.2,25472.05,25465.65,25468.45,571362
1768889880,2026-01-20T11:48:00,25471.1,25473.35,25469.1,25470.6,470305
1768889940,2026-01-20T11:49:00,25471.55,25473.25,25468.1,25471.45,1438320
1768890000,2026-01-20T11:50:00,25472.75,25475.35,25467.8,25474.55,506083
1768890060,2026-01-20T11:51:00,25475.9,25479.75,25472.65,25476.95,623489
1768890120,2026-01-20T11:52:00,25477.85,25479.3,25473.35,25473.8,735605
1768890180,2026-01-20T11:53:00,25475.0,25487.4,25470.95,25487.4,708134
1768890240,2026-01-20T11:54:00,25489.35,25492.5,25486.95,25488.95,919018
1768890300,2026-01-20T11:55:00,25489.15,25489.15,25480.35,25481.0,1062713
1768890360,2026-01-20T11:56:00,25482.9,25482.9,25478.35,25479.3,721653
1768890420,2026-01-20T11:57:00,25480.85,25480.85,25470.6,25476.85,924647
1768890480,2026-01-20T11:58:00,25478.35,25482.8,25473.45,25480.35,974932
1768890540,2026-01-20T11:59:00,25482.2,25482.2,25473.85,25474.4,485334
1768890600,2026-01-20T12:00:00,25475.8,25476.4,25467.3,25467.3,635725
1768890660,2026-01-20T12:01:00,25469.9,25470.0,25463.15,25466.7,836641
1768890720,2026-01-20T12:02:00,25467.95,25467.95,25456.85,25457.0,844608
1768890780,2026-01-20T12:03:00,25457.85,25460.5,25455.5,25458.7,783282
1768890840,2026-01-20T12:04:00,25459.75,25459.75,25454.1,25454.95,892041
1768890900,2026-01-20T12:05:00,25456.45,25456.45,25449.5,25450.2,774464
1768890960,2026-01-20T12:06:00,25450.25,25453.7,25448.9,25450.6,621572
1768891020,2026-01-20T12:07:00,25453.0,25453.45,25447.9,25450.75,856040
1768891080,2026-01-20T12:08:00,25451.6,25455.0,25439.85,25439.85,739735
1768891140,2026-01-20T12:09:00,25440.7,25440.7,25431.65,25432.7,1386366
1768891200,2026-01-20T12:10:00,25435.25,25437.7,25428.55,25432.6,680411
1768891260,2026-01-20T12:11:00,25433.7,25434.0,25427.25,25433.2,589364
1768891320,2026-01-20T12:12:00,25434.8,25439.65,25431.1,25438.55,530461
1768891380,2026-01-20T12:13:00,25439.45,25439.55,25435.0,25437.25,2618834
1768891440,2026-01-20T12:14:00,25438.65,25439.55,25436.1,25437.35,834443
1768891500,2026-01-20T12:15:00,25439.05,25444.45,25434.7,25439.15,859507
1768891560,2026-01-20T12:16:00,25441.7,25441.7,25435.45,25435.95,786866
1768891620,2026-01-20T12:17:00,25436.85,25436.85,25433.0,25434.4,401623
1768891680,2026-01-20T12:18:00,25435.4,25435.4,25430.35,25432.4,447373
1768891740,2026-01-20T12:19:00,25433.0,25434.8,25429.9,25432.45,690535
1768891800,2026-01-20T12:20:00,25433.2,25438.1,25429.65,25437.1,5071235
1768891860,2026-01-20T12:21:00,25438.25,25438.5,25425.85,25428.15,850767
1768891920,2026-01-20T12:22:00,25428.95,25431.5,25424.55,25426.1,614013
1768891980,2026-01-20T12:23:00,25426.15,25426.15,25421.45,25422.3,971152
1768892040,2026-01-20T12:24:00,25424.05,25429.4,25421.1,25427.75,788796
1768892100,2026-01-20T12:25:00,25429.05,25429.05,25420.55,25423.3,616981
1768892160,2026-01-20T12:26:00,25424.8,25431.6,25423.55,25429.25,573153
1768892220,2026-01-20T12:27:00,25429.75,25433.2,25427.25,25432.9,459193
1768892280,2026-01-20T12:28:00,25434.6,25436.1,25430.35,25434.0,622060
1768892340,2026-01-20T12:29:00,25435.8,25439.35,25432.7,25432.95,657426
1768892400,2026-01-20T12:30:00,25433.95,25435.3,25430.5,25431.95,442699
1768892460,2026-01-20T12:31:00,25433.1,25434.8,25429.2,25430.65,557289
1768892520,2026-01-20T12:32:00,25431.25,25432.25,25427.6,25430.2,565251
1768892580,2026-01-20T12:33:00,25430.0,25430.7,25426.5,25429.3,646012
1768892640,2026-01-20T12:34:00,25430.6,25430.75,25425.05,25426.7,709928
1768892700,2026-01-20T12:35:00,25427.15,25427.15,25422.15,25423.6,547347
1768892760,2026-01-20T12:36:00,25424.7,25424.95,25421.7,25423.3,880700
1768892820,2026-01-20T12:37:00,25424.35,25430.1,25422.75,25429.75,712761
1768892880,2026-01-20T12:38:00,25431.15,25431.75,25426.95,25427.75,810084
1768892940,2026-01-20T12:39:00,25429.5,25429.5,25422.05,25425.0,663995
1768893000,2026-01-20T12:40:00,25426.3,25426.75,25422.4,25423.15,518515
1768893060,2026-01-20T12:41:00,25424.35,25424.35,25411.7,25411.7,637646
1768893120,2026-01-20T12:42:00,25413.85,25419.6,25410.75,25417.9,1384757
1768893180,2026-01-20T12:43:00,25418.35,25421.6,25415.55,25418.0,646657
1768893240,2026-01-20T12:44:00,25419.1,25419.35,25409.0,25409.75,504221
1768893300,2026-01-20T12:45:00,25411.95,25416.4,25405.1,25415.35,881874
1768893360,2026-01-20T12:46:00,25416.6,25419.5,25411.8,25417.3,515329
1768893420,2026-01-20T12:47:00,25418.75,25422.45,25415.6,25422.35,687784
1768893480,2026-01-20T12:48:00,25423.5,25425.15,25419.95,25423.95,537208
1768893540,2026-01-20T12:49:00,25425.55,25426.6,25421.5,25423.05,858480
1768893600,2026-01-20T12:50:00,25425.05,25428.4,25417.65,25428.0,1113730
1768893660,2026-01-20T12:51:00,25428.75,25434.95,25425.9,25428.1,887418
1768893720,2026-01-20T12:52:00,25430.25,25430.25,25424.75,25427.1,812286
1768893780,2026-01-20T12:53:00,25428.6,25428.6,25422.4,25423.95,740000
1768893840,2026-01-20T12:54:00,25424.4,25430.2,25423.1,25429.25,460406
1768893900,2026-01-20T12:55:00,25429.65,25430.5,25424.15,25428.8,638496
1768893960,2026-01-20T12:56:00,25430.25,25430.25,25426.7,25428.15,430741
1768894020,2026-01-20T12:57:00,25429.6,25430.0,25426.5,25428.35,469637
1768894080,2026-01-20T12:58:00,25430.15,25435.7,25428.85,25433.6,564016
1768894140,2026-01-20T12:59:00,25435.1,25436.9,25430.5,25431.8,492754
1768894200,2026-01-20T13:00:00,25432.55,25433.7,25426.4,25428.25,505330
1768894260,2026-01-20T13:01:00,25429.95,25429.95,25423.85,25425.35,501776
1768894320,2026-01-20T13:02:00,25426.1,25429.85,25424.15,25429.05,434926
1768894380,2026-01-20T13:03:00,25429.3,25429.3,25422.75,25424.2,865276
1768894440,2026-01-20T13:04:00,25425.55,25425.75,25421.3,25424.15,394772
1768894500,2026-01-20T13:05:00,25424.9,25428.2,25423.2,25424.95,625051
1768894560,2026-01-20T13:06:00,25425.7,25425.7,25418.35,25420.1,507245
1768894620,2026-01-20T13:07:00,25420.8,25423.75,25415.3,25417.95,507447
1768894680,2026-01-20T13:08:00,25420.95,25420.95,25414.7,25418.9,532152
1768894740,2026-01-20T13:09:00,25419.95,25422.95,25416.4,25420.8,573724
1768894800,2026-01-20T13:10:00,25422.95,25425.85,25419.25,25425.4,670561
1768894860,2026-01-20T13:11:00,25425.85,25426.4,25420.8,25421.05,2876480
1768894920,2026-01-20T13:12:00,25423.35,25424.55,25420.3,25422.2,1022664
1768894980,2026-01-20T13:13:00,25423.65,25423.7,25420.4,25422.75,497311
1768895040,2026-01-20T13:14:00,25423.1,25423.1,25414.25,25415.95,1298434
1768895100,2026-01-20T13:15:00,25416.3,25416.3,25411.7,25414.55,547101
1768895160,2026-01-20T13:16:00,25415.25,25415.6,25410.55,25412.85,790277
1768895220,2026-01-20T13:17:00,25413.8,25419.25,25411.8,25418.1,414636
1768895280,2026-01-20T13:18:00,25419.1,25419.1,25412.9,25415.15,532187
1768895340,2026-01-20T13:19:00,25416.45,25422.65,25413.9,25418.8,439488
1768895400,2026-01-20T13:20:00,25420.3,25434.5,25417.55,25434.5,748961
1768895460,2026-01-20T13:21:00,25435.2,25436.15,25422.6,25423.1,461463
1768895520,2026-01-20T13:22:00,25424.55,25426.55,25420.35,25425.55,503670
1768895580,2026-01-20T13:23:00,25426.1,25426.1,25418.45,25419.25,405065
1768895640,2026-01-20T13:24:00,25420.2,25423.45,25413.3,25420.15,840233
1768895700,2026-01-20T13:25:00,25421.25,25426.05,25418.7,25423.65,423836
1768895760,2026-01-20T13:26:00,25423.4,25426.55,25421.7,25423.4,458481
1768895820,2026-01-20T13:27:00,25424.5,25424.5,25419.75,25422.6,396383
1768895880,2026-01-20T13:28:00,25424.0,25424.0,25416.25,25416.25,492380
1768895940,2026-01-20T13:29:00,25417.65,25419.95,25415.25,25416.75,520110
1768896000,2026-01-20T13:30:00,25418.05,25419.25,25412.35,25414.85,1340996
1768896060,2026-01-20T13:31:00,25416.0,25418.5,25413.55,25414.6,947641
1768896120,2026-01-20T13:32:00,25415.55,25418.05,25412.0,25412.85,1117742
1768896180,2026-01-20T13:33:00,25414.5,25414.5,25402.95,25404.25,515891
1768896240,2026-01-20T13:34:00,25406.8,25407.9,25394.75,25396.2,793594
1768896300,2026-01-20T13:35:00,25398.15,25398.15,25391.95,25391.95,1047868
1768896360,2026-01-20T13:36:00,25393.8,25393.85,25377.55,25378.05,1152523
1768896420,2026-01-20T13:37:00,25379.85,25386.6,25374.55,25381.5,954140
1768896480,2026-01-20T13:38:00,25382.45,25385.55,25378.3,25378.9,1015289
1768896540,2026-01-20T13:39:00,25379.8,25379.8,25370.75,25375.6,588327
1768896600,2026-01-20T13:40:00,25376.4,25377.2,25365.4,25366.65,701908
1768896660,2026-01-20T13:41:00,25367.5,25370.25,25361.45,25370.25,1801761
1768896720,2026-01-20T13:42:00,25372.3,25379.6,25371.6,25377.75,744014
1768896780,2026-01-20T13:43:00,25378.65,25378.9,25374.9,25376.05,573274
1768896840,2026-01-20T13:44:00,25377.2,25377.2,25370.1,25372.45,557277
1768896900,2026-01-20T13:45:00,25372.75,25373.7,25369.55,25372.45,530421
1768896960,2026-01-20T13:46:00,25374.35,25374.35,25367.05,25368.45,547290
1768897020,2026-01-20T13:47:00,25369.15,25369.95,25365.2,25368.45,495845
1768897080,2026-01-20T13:48:00,25369.25,25370.75,25365.75,25369.35,617318
1768897140,2026-01-20T13:49:00,25370.3,25370.3,25361.2,25364.75,662439
1768897200,2026-01-20T13:50:00,25365.0,25368.05,25360.25,25362.95,1154083
1768897260,2026-01-20T13:51:00,25365.2,25370.8,25362.75,25366.75,611130
1768897320,2026-01-20T13:52:00,25368.7,25372.15,25365.5,25369.2,797119
1768897380,2026-01-20T13:53:00,25370.65,25376.0,25367.9,25372.1,509010
1768897440,2026-01-20T13:54:00,25373.9,25374.65,25367.6,25369.4,558762
1768897500,2026-01-20T13:55:00,25370.25,25370.25,25366.3,25368.0,587582
1768897560,2026-01-20T13:56:00,25368.35,25369.9,25364.3,25367.55,798440
1768897620,2026-01-20T13:57:00,25369.25,25378.65,25366.05,25377.2,928538
1768897680,2026-01-20T13:58:00,25376.85,25377.3,25370.2,25370.5,936957
1768897740,2026-01-20T13:59:00,25372.0,25372.0,25366.25,25369.65,1044717
1768897800,2026-01-20T14:00:00,25371.75,25373.05,25365.45,25369.7,1303075
1768897860,2026-01-20T14:01:00,25370.15,25370.65,25365.0,25369.25,784387
1768897920,2026-01-20T14:02:00,25370.2,25370.25,25365.8,25368.0,1156220
1768897980,2026-01-20T14:03:00,25368.65,25368.85,25351.45,25353.4,1323543
1768898040,2026-01-20T14:04:00,25355.15,25389.2,25349.55,25379.2,1859888
1768898100,2026-01-20T14:05:00,25379.25,25379.25,25356.25,25360.8,1193441
1768898160,2026-01-20T14:06:00,25361.3,25363.3,25352.65,25355.3,1051807
1768898220,2026-01-20T14:07:00,25356.3,25358.35,25350.1,25352.05,887157
1768898280,2026-01-20T14:08:00,25351.7,25358.45,25349.35,25358.3,614176
1768898340,2026-01-20T14:09:00,25358.15,25359.7,25353.1,25354.9,634055
1768898400,2026-01-20T14:10:00,25354.9,25355.15,25347.55,25354.35,1151435
1768898460,2026-01-20T14:11:00,25354.55,25365.35,25351.75,25362.15,959303
1768898520,2026-01-20T14:12:00,25361.1,25361.25,25354.75,25358.0,834056
1768898580,2026-01-20T14:13:00,25358.6,25362.45,25356.5,25361.6,1112947
1768898640,2026-01-20T14:14:00,25362.7,25363.5,25358.2,25360.75,1118341
1768898700,2026-01-20T14:15:00,25361.45,25366.5,25359.9,25366.5,1274204
1768898760,2026-01-20T14:16:00,25367.0,25367.0,25361.8,25362.55,1201862
1768898820,2026-01-20T14:17:00,25363.55,25374.2,25363.05,25374.2,1241854
1768898880,2026-01-20T14:18:00,25375.3,25376.75,25364.7,25365.0,930867
1768898940,2026-01-20T14:19:00,25366.9,25366.9,25358.85,25359.65,1213196
1768899000,2026-01-20T14:20:00,25360.45,25362.15,25352.95,25356.6,760064
1768899060,2026-01-20T14:21:00,25358.2,25361.75,25355.0,25358.5,878699
1768899120,2026-01-20T14:22:00,25359.9,25365.7,25356.9,25361.2,783162
1768899180,2026-01-20T14:23:00,25362.7,25366.0,25360.6,25365.55,804615
1768899240,2026-01-20T14:24:00,25365.55,25368.7,25361.7,25366.55,760534
1768899300,2026-01-20T14:25:00,25366.0,25379.85,25362.4,25379.85,1503606
1768899360,2026-01-20T14:26:00,25380.15,25383.7,25371.15,25377.0,1211701
1768899420,2026-01-20T14:27:00,25375.85,25381.85,25372.1,25381.05,777685
1768899480,2026-01-20T14:28:00,25382.35,25385.75,25374.2,25385.75,734955
1768899540,2026-01-20T14:29:00,25385.95,25392.35,25380.95,25389.45,790796
1768899600,2026-01-20T14:30:00,25390.4,25394.1,25381.6,25384.75,754065
1768899660,2026-01-20T14:31:00,25385.85,25386.4,25378.2,25382.4,799884
1768899720,2026-01-20T14:32:00,25383.7,25386.5,25380.4,25382.5,667582
1768899780,2026-01-20T14:33:00,25382.3,25386.85,25378.85,25386.45,700449
1768899840,2026-01-20T14:34:00,25387.0,25387.0,25379.0,25379.15,744523
1768899900,2026-01-20T14:35:00,25381.3,25384.45,25373.15,25373.15,991173
1768899960,2026-01-20T14:36:00,25375.0,25375.0,25368.15,25371.4,1004586
1768900020,2026-01-20T14:37:00,25373.65,25374.75,25367.05,25367.85,1311289
1768900080,2026-01-20T14:38:00,25369.95,25371.8,25361.7,25362.25,991207
1768900140,2026-01-20T14:39:00,25363.0,25366.2,25359.55,25360.95,1298811
1768900200,2026-01-20T14:40:00,25362.4,25363.45,25355.7,25355.75,1368463
1768900260,2026-01-20T14:41:00,25356.9,25356.9,25347.1,25347.2,1383054
1768900320,2026-01-20T14:42:00,25347.35,25347.35,25337.5,25338.25,1512582
1768900380,2026-01-20T14:43:00,25340.3,25340.3,25335.4,25337.05,1339297
1768900440,2026-01-20T14:44:00,25337.45,25344.95,25332.95,25344.15,2398092
1768900500,2026-01-20T14:45:00,25344.65,25349.4,25343.3,25345.2,782688
1768900560,2026-01-20T14:46:00,25346.9,25352.1,25343.55,25349.8,899372
1768900620,2026-01-20T14:47:00,25350.05,25355.25,25341.0,25351.95,1470479
1768900680,2026-01-20T14:48:00,25351.65,25353.7,25345.35,25349.2,873221
1768900740,2026-01-20T14:49:00,25349.95,25350.2,25344.35,25346.55,816245
1768900800,2026-01-20T14:50:00,25347.45,25350.7,25345.35,25348.75,757215
1768900860,2026-01-20T14:51:00,25349.55,25349.55,25326.95,25327.95,1108833
1768900920,2026-01-20T14:52:00,25328.75,25334.25,25326.35,25329.95,1014174
1768900980,2026-01-20T14:53:00,25330.65,25335.25,25328.35,25331.7,861953
1768901040,2026-01-20T14:54:00,25332.65,25337.55,25329.9,25336.4,775476
1768901100,2026-01-20T14:55:00,25337.35,25340.8,25335.5,25336.7,1013506
1768901160,2026-01-20T14:56:00,25337.15,25342.8,25332.85,25333.6,1410015
1768901220,2026-01-20T14:57:00,25335.4,25337.55,25333.75,25336.25,1447261
1768901280,2026-01-20T14:58:00,25337.75,25337.75,25321.95,25323.95,1299643
1768901340,2026-01-20T14:59:00,25324.65,25327.15,25311.45,25311.7,1641827
1768901400,2026-01-20T15:00:00,25310.3,25311.0,25286.05,25287.4,3228382
1768901460,2026-01-20T15:01:00,25287.0,25287.85,25272.1,25272.4,2823500
1768901520,2026-01-20T15:02:00,25272.5,25274.15,25265.3,25271.2,2582249
1768901580,2026-01-20T15:03:00,25272.5,25279.4,25269.65,25276.15,2842461
1768901640,2026-01-20T15:04:00,25276.7,25278.15,25272.55,25277.7,2447663
1768901700,2026-01-20T15:05:00,25277.0,25290.7,25275.7,25289.15,3380043
1768901760,2026-01-20T15:06:00,25288.9,25289.55,25278.65,25284.55,2309026
1768901820,2026-01-20T15:07:00,25285.1,25290.6,25281.3,25286.2,2513642
1768901880,2026-01-20T15:08:00,25284.6,25286.05,25276.2,25278.3,2084715
1768901940,2026-01-20T15:09:00,25277.8,25280.2,25267.5,25267.5,2133618
1768902000,2026-01-20T15:10:00,25269.3,25269.3,25242.2,25245.4,3594445
1768902060,2026-01-20T15:11:00,25242.7,25243.2,25222.25,25223.9,2957573
1768902120,2026-01-20T15:12:00,25223.65,25230.1,25218.55,25223.0,3196819
1768902180,2026-01-20T15:13:00,25221.85,25231.0,25218.4,25229.4,2932789
1768902240,2026-01-20T15:14:00,25227.7,25231.15,25213.85,25217.05,2331515
1768902300,2026-01-20T15:15:00,25215.05,25239.3,25212.6,25237.95,3425480
1768902360,2026-01-20T15:16:00,25234.45,25237.9,25216.8,25217.0,2703291
1768902420,2026-01-20T15:17:00,25215.8,25217.2,25208.7,25213.8,2912249
1768902480,2026-01-20T15:18:00,25211.4,25212.1,25197.0,25203.6,2915275
1768902540,2026-01-20T15:19:00,25204.0,25206.05,25194.6,25200.05,2356276
1768902600,2026-01-20T15:20:00,25199.25,25199.85,25189.35,25191.8,2897667
1768902660,2026-01-20T15:21:00,25189.45,25193.55,25184.3,25189.6,2878593
1768902720,2026-01-20T15:22:00,25187.9,25190.85,25182.05,25189.55,2597957
1768902780,2026-01-20T15:23:00,25189.35,25190.45,25182.0,25188.25,2714266
1768902840,2026-01-20T15:24:00,25186.25,25187.4,25177.2,25180.55,2587074
1768902900,2026-01-20T15:25:00,25178.1,25186.1,25171.35,25185.6,3032653
1768902960,2026-01-20T15:26:00,25183.8,25195.2,25179.7,25193.4,2728727
1768903020,2026-01-20T15:27:00,25192.35,25205.9,25191.8,25204.5,2487081
1768903080,2026-01-20T15:28:00,25206.75,25218.2,25199.8,25218.2,2814068
1768903140,2026-01-20T15:29:00,25218.3,25230.35,25213.5,25225.35,1969846
1768967100,2026-01-21T09:15:00,25141.0,25237.2,25130.15,25171.75,5970907
1768967160,2026-01-21T09:16:00,25175.75,25254.0,25175.55,25253.3,3462463
1768967220,2026-01-21T09:17:00,25247.3,25250.15,25236.45,25238.2,2555547
1768967280,2026-01-21T09:18:00,25238.1,25276.3,25238.1,25270.85,2211806
1768967340,2026-01-21T09:19:00,25272.0,25277.75,25242.4,25242.4,1848668
1768967400,2026-01-21T09:20:00,25239.2,25240.2,25203.65,25204.85,2287459
1768967460,2026-01-21T09:21:00,25204.9,25222.3,25196.75,25197.45,2263768
1768967520,2026-01-21T09:22:00,25197.05,25211.65,25185.95,25193.1,2066378
1768967580,2026-01-21T09:23:00,25192.55,25234.8,25192.55,25207.8,2172776
1768967640,2026-01-21T09:24:00,25206.65,25221.4,25201.7,25221.4,1302786
1768967700,2026-01-21T09:25:00,25222.65,25250.2,25222.65,25249.5,3240521
1768967760,2026-01-21T09:26:00,25250.35,25254.6,25234.95,25247.25,1720657
1768967820,2026-01-21T09:27:00,25247.95,25248.35,25208.4,25209.35,1472754
1768967880,2026-01-21T09:28:00,25210.3,25229.0,25206.25,25226.15,1828826
1768967940,2026-01-21T09:29:00,25225.35,25226.45,25199.35,25199.95,1584094
1768968000,2026-01-21T09:30:00,25201.95,25231.8,25199.0,25231.8,1463310
1768968060,2026-01-21T09:31:00,25234.1,25236.55,25211.3,25230.55,1539617
1768968120,2026-01-21T09:32:00,25230.5,25248.15,25228.95,25238.6,1007211
1768968180,2026-01-21T09:33:00,25238.05,25247.9,25217.6,25223.55,1174115
1768968240,2026-01-21T09:34:00,25223.95,25247.0,25222.05,25242.85,3048082
1768968300,2026-01-21T09:35:00,25242.1,25251.3,25228.75,25229.95,1173745
1768968360,2026-01-21T09:36:00,25230.85,25239.85,25210.2,25211.25,1149349
1768968420,2026-01-21T09:37:00,25211.5,25215.35,25196.6,25200.5,3181646
1768968480,2026-01-21T09:38:00,25199.6,25225.7,25188.2,25192.95,1979651
1768968540,2026-01-21T09:39:00,25193.25,25208.6,25188.6,25189.45,1251321
1768968600,2026-01-21T09:40:00,25188.6,25215.95,25187.9,25195.85,1467618
1768968660,2026-01-21T09:41:00,25195.65,25202.95,25188.85,25191.2,1198106
1768968720,2026-01-21T09:42:00,25191.15,25219.5,25191.0,25205.15,2183873
1768968780,2026-01-21T09:43:00,25204.1,25212.15,25195.4,25211.3,786317
1768968840,2026-01-21T09:44:00,25210.65,25223.75,25199.45,25199.45,1322428
1768968900,2026-01-21T09:45:00,25199.65,25206.2,25192.5,25195.8,993178
1768968960,2026-01-21T09:46:00,25195.65,25196.95,25173.7,25174.65,2144680
1768969020,2026-01-21T09:47:00,25174.35,25205.65,25173.3,25183.55,1763204
1768969080,2026-01-21T09:48:00,25184.9,25192.85,25179.65,25191.2,685772
1768969140,2026-01-21T09:49:00,25192.05,25212.3,25190.65,25198.9,1259447
1768969200,2026-01-21T09:50:00,25198.75,25198.75,25181.7,25185.15,652595
1768969260,2026-01-21T09:51:00,25184.75,25199.45,25184.75,25193.0,864869
1768969320,2026-01-21T09:52:00,25193.2,25195.85,25186.5,25195.45,834115
1768969380,2026-01-21T09:53:00,25195.7,25209.65,25185.55,25185.55,1764411
1768969440,2026-01-21T09:54:00,25185.0,25185.0,25168.05,25177.55,963359
1768969500,2026-01-21T09:55:00,25178.3,25187.15,25177.9,25177.9,870601
1768969560,2026-01-21T09:56:00,25178.55,25202.5,25177.7,25202.5,1203942
1768969620,2026-01-21T09:57:00,25203.15,25207.25,25170.55,25173.3,976191
1768969680,2026-01-21T09:58:00,25172.7,25182.8,25172.6,25176.25,782157
1768969740,2026-01-21T09:59:00,25175.95,25176.0,25158.1,25158.7,877201
1768969800,2026-01-21T10:00:00,25158.95,25160.3,25147.05,25151.55,967525
1768969860,2026-01-21T10:01:00,25151.15,25165.8,25143.6,25153.25,1000403
1768969920,2026-01-21T10:02:00,25153.75,25157.1,25145.35,25147.55,722704
1768969980,2026-01-21T10:03:00,25147.5,25170.7,25147.5,25160.9,1105337
1768970040,2026-01-21T10:04:00,25161.45,25161.7,25151.1,25159.55,874812
1768970100,2026-01-21T10:05:00,25159.6,25173.95,25155.75,25168.3,855366
1768970160,2026-01-21T10:06:00,25169.05,25169.85,25159.9,25166.75,817824
1768970220,2026-01-21T10:07:00,25166.35,25167.5,25158.65,25161.45,623601
1768970280,2026-01-21T10:08:00,25161.55,25164.35,25151.15,25159.7,743447
1768970340,2026-01-21T10:09:00,25159.4,25159.4,25147.1,25153.8,795197
1768970400,2026-01-21T10:10:00,25154.2,25155.05,25142.55,25142.55,500375
1768970460,2026-01-21T10:11:00,25142.75,25160.4,25140.65,25146.2,1151188
1768970520,2026-01-21T10:12:00,25146.4,25150.85,25137.95,25150.85,1059569
1768970580,2026-01-21T10:13:00,25152.3,25178.95,25151.1,25169.45,1414592
1768970640,2026-01-21T10:14:00,25171.0,25171.85,25152.1,25153.25,1389244
1768970700,2026-01-21T10:15:00,25153.8,25153.9,25145.1,25145.8,600296
1768970760,2026-01-21T10:16:00,25145.3,25154.35,25143.15,25145.85,610107
1768970820,2026-01-21T10:17:00,25146.9,25159.1,25146.9,25158.5,979918
1768970880,2026-01-21T10:18:00,25157.8,25158.75,25144.4,25146.0,850370
1768970940,2026-01-21T10:19:00,25145.9,25148.15,25136.3,25144.45,925164
1768971000,2026-01-21T10:20:00,25144.25,25154.1,25143.2,25143.35,853503
1768971060,2026-01-21T10:21:00,25142.9,25145.5,25128.95,25130.45,684904
1768971120,2026-01-21T10:22:00,25130.85,25134.9,25124.25,25124.35,729050
1768971180,2026-01-21T10:23:00,25125.1,25125.65,25111.6,25113.1,824411
1768971240,2026-01-21T10:24:00,25113.05,25116.75,25105.25,25105.85,1089729
1768971300,2026-01-21T10:25:00,25107.5,25115.75,25099.7,25100.4,1137164
1768971360,2026-01-21T10:26:00,25100.05,25104.15,25092.2,25103.5,830721
1768971420,2026-01-21T10:27:00,25103.4,25120.5,25101.7,25112.1,3994544
1768971480,2026-01-21T10:28:00,25110.55,25112.75,25096.95,25102.35,803569
1768971540,2026-01-21T10:29:00,25102.95,25103.7,25096.4,25096.4,842513
1768971600,2026-01-21T10:30:00,25096.75,25102.5,25093.35,25093.35,719857
1768971660,2026-01-21T10:31:00,25094.3,25097.35,25086.5,25088.35,719148
1768971720,2026-01-21T10:32:00,25088.4,25100.05,25087.4,25096.35,719819
1768971780,2026-01-21T10:33:00,25095.0,25097.05,25085.2,25087.0,703922
1768971840,2026-01-21T10:34:00,25086.55,25099.65,25085.45,25095.9,589242
1768971900,2026-01-21T10:35:00,25095.6,25097.4,25089.7,25094.5,647200
1768971960,2026-01-21T10:36:00,25094.8,25098.95,25086.65,25086.65,941292
1768972020,2026-01-21T10:37:00,25087.8,25091.25,25082.95,25084.35,885292
1768972080,2026-01-21T10:38:00,25083.65,25089.4,25080.7,25083.8,863800
1768972140,2026-01-21T10:39:00,25083.85,25100.3,25078.1,25079.55,1588130
1768972200,2026-01-21T10:40:00,25079.45,25084.8,25076.8,25076.85,1151870
1768972260,2026-01-21T10:41:00,25076.2,25079.1,25059.95,25060.8,915193
1768972320,2026-01-21T10:42:00,25061.7,25063.35,25034.25,25034.25,1087824
1768972380,2026-01-21T10:43:00,25034.2,25047.45,25026.2,25038.75,1474607
1768972440,2026-01-21T10:44:00,25040.75,25041.0,25029.0,25029.0,945015
1768972500,2026-01-21T10:45:00,25029.1,25030.5,25011.65,25012.55,1281250
1768972560,2026-01-21T10:46:00,25013.0,25020.4,25010.45,25016.55,1209708
1768972620,2026-01-21T10:47:00,25016.55,25030.8,25013.5,25023.25,1029890
1768972680,2026-01-21T10:48:00,25023.9,25023.9,25012.6,25012.8,895376
1768972740,2026-01-21T10:49:00,25011.85,25014.8,25006.35,25011.3,1254762
1768972800,2026-01-21T10:50:00,25011.2,25019.05,25008.35,25009.05,1124819
1768972860,2026-01-21T10:51:00,25010.15,25012.95,25005.2,25008.95,1167883
1768972920,2026-01-21T10:52:00,25009.75,25019.3,25009.75,25011.3,1177144
1768972980,2026-01-21T10:53:00,25010.45,25013.25,25005.55,25006.15,1081836
1768973040,2026-01-21T10:54:00,25006.45,25007.0,24967.6,24969.45,1665107
1768973100,2026-01-21T10:55:00,24969.05,24976.75,24949.45,24957.3,1905575
1768973160,2026-01-21T10:56:00,24955.75,24955.75,24919.8,24923.0,1818757
1768973220,2026-01-21T10:57:00,24922.65,24968.35,24922.65,24968.35,2281089
1768973280,2026-01-21T10:58:00,24973.0,25006.6,24973.0,24997.7,1640160
1768973340,2026-01-21T10:59:00,24997.2,24999.4,24980.35,24993.6,1198843
1768973400,2026-01-21T11:00:00,24991.8,25003.7,24991.8,24996.3,1120311
1768973460,2026-01-21T11:01:00,24996.85,25008.45,24987.05,25002.95,1027314
1768973520,2026-01-21T11:02:00,25003.3,25009.45,24995.5,24998.7,913571
1768973580,2026-01-21T11:03:00,24995.0,24996.35,24982.3,24985.3,1029759
1768973640,2026-01-21T11:04:00,24985.85,24996.9,24985.85,24994.55,759131
1768973700,2026-01-21T11:05:00,24994.2,24995.2,24979.85,24985.75,1020238
1768973760,2026-01-21T11:06:00,24985.85,24989.0,24980.05,24982.45,761531
1768973820,2026-01-21T11:07:00,24983.75,24986.1,24975.0,24981.3,1050328
1768973880,2026-01-21T11:08:00,24981.4,24998.3,24978.55,24994.85,787601
1768973940,2026-01-21T11:09:00,24994.9,25005.8,24994.9,25003.1,801410
1768974000,2026-01-21T11:10:00,25004.3,25018.55,25003.55,25017.2,1198973
1768974060,2026-01-21T11:11:00,25018.0,25024.8,25011.2,25019.8,1027682
1768974120,2026-01-21T11:12:00,25019.1,25032.95,25019.05,25026.8,829439
1768974180,2026-01-21T11:13:00,25026.75,25070.1,25026.05,25064.5,1004362
1768974240,2026-01-21T11:14:00,25063.8,25064.75,25043.85,25054.75,1073347
1768974300,2026-01-21T11:15:00,25055.4,25056.85,25043.7,25046.1,2808271
1768974360,2026-01-21T11:16:00,25045.65,25059.1,25036.6,25058.4,1019278
1768974420,2026-01-21T11:17:00,25057.95,25068.65,25053.45,25065.9,597904
1768974480,2026-01-21T11:18:00,25064.9,25069.05,25050.85,25052.0,770308
1768974540,2026-01-21T11:19:00,25052.05,25077.2,25051.4,25075.65,1111838
1768974600,2026-01-21T11:20:00,25076.35,25077.15,25059.2,25060.3,945994
1768974660,2026-01-21T11:21:00,25058.0,25062.4,25048.8,25053.75,1138271
1768974720,2026-01-21T11:22:00,25053.15,25058.45,25050.85,25052.75,1410383
1768974780,2026-01-21T11:23:00,25053.2,25058.7,25047.6,25052.65,1222582
1768974840,2026-01-21T11:24:00,25050.55,25063.75,25050.55,25059.0,702644
1768974900,2026-01-21T11:25:00,25058.3,25062.65,25040.15,25041.3,958055
1768974960,2026-01-21T11:26:00,25042.85,25048.6,25039.9,25043.05,862314
1768975020,2026-01-21T11:27:00,25042.85,25056.5,25042.85,25054.85,721878
1768975080,2026-01-21T11:28:00,25054.35,25055.05,25043.25,25044.5,481736
1768975140,2026-01-21T11:29:00,25043.75,25050.1,25026.6,25029.15,869259
1768975200,2026-01-21T11:30:00,25028.0,25044.3,25024.45,25041.05,768162
1768975260,2026-01-21T11:31:00,25040.15,25058.05,25039.4,25057.05,808418
1768975320,2026-01-21T11:32:00,25055.8,25071.2,25055.4,25061.2,785912
1768975380,2026-01-21T11:33:00,25060.5,25063.75,25053.55,25055.55,610252
1768975440,2026-01-21T11:34:00,25054.9,25058.95,25042.1,25043.65,509904
1768975500,2026-01-21T11:35:00,25043.95,25050.6,25041.9,25049.35,696398
1768975560,2026-01-21T11:36:00,25049.3,25060.8,25049.3,25058.75,760960
1768975620,2026-01-21T11:37:00,25058.05,25061.55,25042.15,25042.15,519454
1768975680,2026-01-21T11:38:00,25043.4,25044.35,25039.35,25040.0,368065
1768975740,2026-01-21T11:39:00,25039.95,25048.55,25036.95,25043.35,669610
1768975800,2026-01-21T11:40:00,25043.35,25046.0,25040.5,25042.9,708406
1768975860,2026-01-21T11:41:00,25041.75,25043.75,25035.6,25043.45,758958
1768975920,2026-01-21T11:42:00,25043.05,25049.5,25042.95,25045.75,531394
1768975980,2026-01-21T11:43:00,25045.3,25051.5,25044.9,25048.15,551771
1768976040,2026-01-21T11:44:00,25048.25,25050.4,25040.05,25040.05,605840
1768976100,2026-01-21T11:45:00,25041.0,25050.0,25040.9,25045.15,387412
1768976160,2026-01-21T11:46:00,25044.1,25054.9,25043.75,25052.4,603056
1768976220,2026-01-21T11:47:00,25052.05,25063.4,25044.55,25062.75,784940
1768976280,2026-01-21T11:48:00,25063.15,25064.15,25050.2,25050.2,599997
1768976340,2026-01-21T11:49:00,25050.9,25053.35,25047.6,25050.25,470005
1768976400,2026-01-21T11:50:00,25051.45,25058.85,25047.65,25057.75,480113
1768976460,2026-01-21T11:51:00,25057.5,25080.25,25056.85,25077.55,622958
1768976520,2026-01-21T11:52:00,25076.8,25077.75,25067.15,25067.15,587652
1768976580,2026-01-21T11:53:00,25068.15,25074.05,25061.2,25067.85,635098
1768976640,2026-01-21T11:54:00,25068.45,25072.8,25058.9,25059.9,713855
1768976700,2026-01-21T11:55:00,25061.35,25067.15,25060.1,25062.35,603830
1768976760,2026-01-21T11:56:00,25061.5,25063.3,25053.8,25056.6,757591
1768976820,2026-01-21T11:57:00,25056.05,25062.35,25048.75,25061.55,836966
1768976880,2026-01-21T11:58:00,25062.25,25070.45,25062.25,25065.45,409387
1768976940,2026-01-21T11:59:00,25065.75,25069.85,25061.7,25069.85,521422
1768977000,2026-01-21T12:00:00,25069.1,25086.35,25063.85,25081.9,753710
1768977060,2026-01-21T12:01:00,25080.6,25084.8,25074.2,25084.8,445550
1768977120,2026-01-21T12:02:00,25085.1,25104.7,25083.05,25104.7,570082
1768977180,2026-01-21T12:03:00,25105.85,25116.2,25105.85,25112.7,1035506
1768977240,2026-01-21T12:04:00,25113.1,25124.1,25106.75,25116.65,932551
1768977300,2026-01-21T12:05:00,25115.6,25128.4,25115.6,25117.2,2476755
1768977360,2026-01-21T12:06:00,25116.2,25121.8,25108.05,25119.65,1193593
1768977420,2026-01-21T12:07:00,25119.45,25120.9,25103.3,25104.8,779088
1768977480,2026-01-21T12:08:00,25104.85,25118.1,25103.7,25117.45,530848
1768977540,2026-01-21T12:09:00,25117.3,25118.35,25110.5,25115.45,726384
1768977600,2026-01-21T12:10:00,25116.3,25118.2,25106.45,25113.35,598486
1768977660,2026-01-21T12:11:00,25112.85,25116.25,25108.2,25115.15,1042386
1768977720,2026-01-21T12:12:00,25114.9,25124.85,25113.1,25124.85,496508
1768977780,2026-01-21T12:13:00,25124.05,25124.95,25113.3,25122.25,665140
1768977840,2026-01-21T12:14:00,25123.3,25136.15,25120.7,25136.15,675025
1768977900,2026-01-21T12:15:00,25135.15,25135.3,25127.8,25129.25,998970
1768977960,2026-01-21T12:16:00,25129.25,25131.2,25122.65,25124.2,629357
1768978020,2026-01-21T12:17:00,25125.05,25137.6,25125.05,25135.95,578644
1768978080,2026-01-21T12:18:00,25135.85,25158.15,25134.45,25158.15,739895
1768978140,2026-01-21T12:19:00,25157.05,25167.9,25156.5,25157.45,966398
1768978200,2026-01-21T12:20:00,25157.15,25166.45,25153.35,25163.0,840627
1768978260,2026-01-21T12:21:00,25162.95,25164.55,25150.95,25151.5,1160742
1768978320,2026-01-21T12:22:00,25152.1,25163.5,25145.8,25162.75,1019039
1768978380,2026-01-21T12:23:00,25161.75,25183.6,25159.7,25181.55,1339739
1768978440,2026-01-21T12:24:00,25181.9,25187.9,25179.65,25185.85,1329572
1768978500,2026-01-21T12:25:00,25184.35,25186.6,25165.4,25165.4,1248205
1768978560,2026-01-21T12:26:00,25165.05,25169.6,25160.2,25168.25,612988
1768978620,2026-01-21T12:27:00,25168.1,25168.35,25142.15,25142.15,971686
1768978680,2026-01-21T12:28:00,25142.0,25143.45,25120.75,25123.0,962730
1768978740,2026-01-21T12:29:00,25121.7,25133.4,25118.5,25133.2,635284
1768978800,2026-01-21T12:30:00,25133.9,25154.35,25132.0,25153.65,891784
1768978860,2026-01-21T12:31:00,25153.1,25164.0,25153.1,25164.0,961027
1768978920,2026-01-21T12:32:00,25163.75,25171.25,25156.7,25168.0,884254
1768978980,2026-01-21T12:33:00,25167.9,25182.5,25163.55,25182.3,681482
1768979040,2026-01-21T12:34:00,25182.5,25189.3,25180.6,25185.45,1046008
1768979100,2026-01-21T12:35:00,25186.1,25192.5,25183.6,25191.3,1370742
1768979160,2026-01-21T12:36:00,25191.05,25201.8,25191.05,25200.15,944356
1768979220,2026-01-21T12:37:00,25199.25,25213.05,25196.1,25212.95,1102092
1768979280,2026-01-21T12:38:00,25212.7,25214.45,25205.9,25213.2,632919
1768979340,2026-01-21T12:39:00,25212.4,25232.95,25212.4,25226.65,1265934
1768979400,2026-01-21T12:40:00,25229.05,25230.6,25223.35,25225.6,1022162
1768979460,2026-01-21T12:41:00,25225.15,25245.85,25224.7,25241.7,1188389
1768979520,2026-01-21T12:42:00,25240.4,25241.8,25218.35,25219.55,1194134
1768979580,2026-01-21T12:43:00,25218.9,25241.0,25218.9,25236.8,1525373
1768979640,2026-01-21T12:44:00,25235.9,25237.65,25223.4,25226.7,1272854
1768979700,2026-01-21T12:45:00,25225.9,25262.95,25225.1,25260.15,1493089
1768979760,2026-01-21T12:46:00,25260.7,25262.65,25255.2,25255.4,883378
1768979820,2026-01-21T12:47:00,25255.3,25261.55,25254.2,25254.95,693147
1768979880,2026-01-21T12:48:00,25255.15,25266.55,25254.55,25259.95,1474430
1768979940,2026-01-21T12:49:00,25259.7,25285.7,25259.15,25279.3,1197778
1768980000,2026-01-21T12:50:00,25279.55,25279.55,25262.05,25266.0,972646
1768980060,2026-01-21T12:51:00,25265.5,25281.65,25263.75,25280.65,1479069
1768980120,2026-01-21T12:52:00,25282.0,25284.45,25275.9,25283.4,1001380
1768980180,2026-01-21T12:53:00,25283.6,25291.5,25281.25,25290.8,835047
1768980240,2026-01-21T12:54:00,25289.85,25294.4,25282.7,25282.9,1341669
1768980300,2026-01-21T12:55:00,25282.5,25286.7,25275.7,25281.8,1039259
1768980360,2026-01-21T12:56:00,25281.55,25281.55,25269.95,25269.95,838219
1768980420,2026-01-21T12:57:00,25269.6,25269.9,25256.0,25265.55,893368
1768980480,2026-01-21T12:58:00,25265.55,25274.0,25261.15,25272.3,735203
1768980540,2026-01-21T12:59:00,25272.65,25279.75,25270.85,25279.4,768324
1768980600,2026-01-21T13:00:00,25279.1,25283.25,25273.75,25281.6,781116
1768980660,2026-01-21T13:01:00,25282.05,25293.25,25274.8,25292.05,993303
1768980720,2026-01-21T13:02:00,25291.65,25296.0,25282.65,25294.55,1015379
1768980780,2026-01-21T13:03:00,25294.35,25300.95,25292.3,25293.5,757445
1768980840,2026-01-21T13:04:00,25292.75,25295.95,25286.75,25287.15,735512
1768980900,2026-01-21T13:05:00,25286.85,25293.25,25286.35,25288.85,658953
1768980960,2026-01-21T13:06:00,25289.65,25293.7,25279.75,25280.5,837932
1768981020,2026-01-21T13:07:00,25281.05,25281.7,25270.45,25272.05,920143
1768981080,2026-01-21T13:08:00,25271.55,25285.75,25269.05,25285.75,1545318
1768981140,2026-01-21T13:09:00,25286.1,25287.4,25259.2,25260.0,953518
1768981200,2026-01-21T13:10:00,25258.0,25259.4,25221.5,25221.5,1232838
1768981260,2026-01-21T13:11:00,25222.1,25237.35,25222.1,25228.2,771373
1768981320,2026-01-21T13:12:00,25227.4,25238.85,25225.4,25233.65,527836
1768981380,2026-01-21T13:13:00,25233.0,25241.6,25232.75,25237.2,449473
1768981440,2026-01-21T13:14:00,25236.25,25237.45,25229.5,25237.45,767923
1768981500,2026-01-21T13:15:00,25237.6,25240.85,25224.6,25225.05,621298
1768981560,2026-01-21T13:16:00,25225.15,25225.8,25209.0,25212.6,1161759
1768981620,2026-01-21T13:17:00,25213.2,25230.5,25213.2,25225.65,823433
1768981680,2026-01-21T13:18:00,25225.15,25242.4,25221.9,25236.65,981561
1768981740,2026-01-21T13:19:00,25235.5,25235.95,25210.6,25214.4,1058198
1768981800,2026-01-21T13:20:00,25214.3,25227.15,25214.3,25225.7,741753
1768981860,2026-01-21T13:21:00,25223.0,25224.15,25215.55,25216.65,643050
1768981920,2026-01-21T13:22:00,25215.75,25217.45,25196.05,25213.9,804802
1768981980,2026-01-21T13:23:00,25214.05,25225.95,25213.0,25222.95,485897
1768982040,2026-01-21T13:24:00,25222.5,25225.4,25212.5,25212.5,499653
1768982100,2026-01-21T13:25:00,25212.4,25212.45,25200.75,25205.25,566548
1768982160,2026-01-21T13:26:00,25204.65,25212.9,25203.6,25204.65,480289
1768982220,2026-01-21T13:27:00,25205.3,25218.75,25203.6,25216.05,584566
1768982280,2026-01-21T13:28:00,25216.1,25218.1,25207.4,25211.95,479630
1768982340,2026-01-21T13:29:00,25211.75,25217.2,25210.4,25210.4,459904
1768982400,2026-01-21T13:30:00,25210.75,25216.7,25207.8,25215.7,411101
1768982460,2026-01-21T13:31:00,25214.45,25219.9,25203.45,25204.6,538700
1768982520,2026-01-21T13:32:00,25203.4,25205.3,25187.5,25187.5,771071
1768982580,2026-01-21T13:33:00,25186.1,25192.5,25177.05,25192.5,971953
1768982640,2026-01-21T13:34:00,25192.2,25194.95,25181.8,25183.6,691868
1768982700,2026-01-21T13:35:00,25182.4,25185.2,25178.45,25182.35,592851
1768982760,2026-01-21T13:36:00,25181.4,25182.75,25174.25,25182.65,843735
1768982820,2026-01-21T13:37:00,25181.7,25205.6,25180.3,25205.25,614516
1768982880,2026-01-21T13:38:00,25204.95,25211.8,25203.95,25207.65,736989
1768982940,2026-01-21T13:39:00,25207.2,25238.25,25207.2,25212.15,1474552
1768983000,2026-01-21T13:40:00,25211.45,25211.45,25192.65,25193.1,1065646
1768983060,2026-01-21T13:41:00,25192.4,25196.2,25185.85,25191.75,961709
1768983120,2026-01-21T13:42:00,25190.25,25191.85,25173.35,25183.8,978734
1768983180,2026-01-21T13:43:00,25183.2,25200.9,25182.75,25199.9,1230339
1768983240,2026-01-21T13:44:00,25199.8,25201.45,25190.95,25195.7,1621308
1768983300,2026-01-21T13:45:00,25195.15,25202.85,25188.45,25192.95,770241
1768983360,2026-01-21T13:46:00,25192.65,25203.65,25192.65,25203.15,556034
1768983420,2026-01-21T13:47:00,25203.25,25208.9,25200.55,25208.9,1078503
1768983480,2026-01-21T13:48:00,25207.6,25208.2,25184.95,25185.45,953272
1768983540,2026-01-21T13:49:00,25185.45,25196.85,25184.3,25195.7,816306
1768983600,2026-01-21T13:50:00,25195.5,25201.3,25179.95,25179.95,754976
1768983660,2026-01-21T13:51:00,25179.6,25184.6,25174.4,25178.85,590762
1768983720,2026-01-21T13:52:00,25178.5,25182.5,25175.25,25175.7,593093
1768983780,2026-01-21T13:53:00,25175.5,25176.3,25163.0,25166.05,787468
1768983840,2026-01-21T13:54:00,25164.45,25171.55,25160.6,25168.85,523935
1768983900,2026-01-21T13:55:00,25169.2,25170.2,25159.45,25164.25,440344
1768983960,2026-01-21T13:56:00,25163.6,25164.1,25157.7,25160.85,484721
1768984020,2026-01-21T13:57:00,25160.65,25164.3,25156.1,25159.35,679251
1768984080,2026-01-21T13:58:00,25158.0,25164.35,25154.6,25162.95,585747
1768984140,2026-01-21T13:59:00,25162.3,25163.95,25148.45,25153.25,763091
1768984200,2026-01-21T14:00:00,25151.1,25152.15,25140.8,25141.15,501736
1768984260,2026-01-21T14:01:00,25140.7,25158.85,25136.35,25140.05,784500
1768984320,2026-01-21T14:02:00,25138.3,25149.1,25136.9,25144.8,679431
1768984380,2026-01-21T14:03:00,25144.1,25146.4,25138.05,25142.2,571393
1768984440,2026-01-21T14:04:00,25141.1,25150.4,25140.95,25148.25,519987
1768984500,2026-01-21T14:05:00,25149.05,25151.8,25142.6,25151.55,558875
1768984560,2026-01-21T14:06:00,25150.5,25154.8,25147.45,25147.45,418412
1768984620,2026-01-21T14:07:00,25146.95,25155.2,25145.0,25151.95,681381
1768984680,2026-01-21T14:08:00,25151.9,25154.85,25145.4,25151.95,618437
1768984740,2026-01-21T14:09:00,25151.85,25160.3,25143.65,25144.1,537705
1768984800,2026-01-21T14:10:00,25143.2,25152.4,25140.0,25141.05,656216
1768984860,2026-01-21T14:11:00,25141.1,25145.7,25134.85,25138.7,601738
1768984920,2026-01-21T14:12:00,25138.1,25140.15,25132.85,25137.55,529161
1768984980,2026-01-21T14:13:00,25138.15,25150.1,25138.15,25149.05,609034
1768985040,2026-01-21T14:14:00,25148.7,25149.8,25136.7,25136.7,941850
1768985100,2026-01-21T14:15:00,25137.45,25143.5,25135.15,25139.05,520807
1768985160,2026-01-21T14:16:00,25139.25,25140.3,25131.4,25134.0,491675
1768985220,2026-01-21T14:17:00,25134.2,25190.65,25129.8,25188.35,1265989
1768985280,2026-01-21T14:18:00,25191.1,25202.05,25165.95,25167.3,953557
1768985340,2026-01-21T14:19:00,25169.3,25177.95,25159.9,25177.8,913395
1768985400,2026-01-21T14:20:00,25176.65,25186.0,25173.1,25178.3,782608
1768985460,2026-01-21T14:21:00,25176.9,25181.15,25163.25,25163.85,520516
1768985520,2026-01-21T14:22:00,25162.35,25163.95,25157.25,25158.9,522573
1768985580,2026-01-21T14:23:00,25157.6,25158.6,25141.35,25142.0,509312
1768985640,2026-01-21T14:24:00,25141.75,25155.9,25138.3,25152.2,647289
1768985700,2026-01-21T14:25:00,25151.95,25153.4,25142.1,25144.75,453272
1768985760,2026-01-21T14:26:00,25143.1,25144.6,25130.15,25130.35,529141
1768985820,2026-01-21T14:27:00,25131.1,25143.55,25131.05,25133.5,535609
1768985880,2026-01-21T14:28:00,25133.5,25135.1,25125.05,25126.2,563242
1768985940,2026-01-21T14:29:00,25126.4,25133.55,25120.0,25120.85,461393
1768986000,2026-01-21T14:30:00,25120.25,25130.1,25119.85,25130.1,580205
1768986060,2026-01-21T14:31:00,25129.5,25136.9,25128.15,25136.1,540592
1768986120,2026-01-21T14:32:00,25136.0,25151.0,25136.0,25145.85,658994
1768986180,2026-01-21T14:33:00,25144.9,25159.55,25144.5,25156.1,712466
1768986240,2026-01-21T14:34:00,25155.95,25166.4,25154.8,25162.85,841321
1768986300,2026-01-21T14:35:00,25163.0,25163.75,25146.5,25146.5,761534
1768986360,2026-01-21T14:36:00,25146.5,25158.55,25143.9,25149.8,879137
1768986420,2026-01-21T14:37:00,25149.1,25155.8,25140.8,25154.6,807516
1768986480,2026-01-21T14:38:00,25153.95,25162.4,25153.95,25158.65,541477
1768986540,2026-01-21T14:39:00,25159.25,25161.15,25151.7,25155.0,742806
1768986600,2026-01-21T14:40:00,25154.3,25159.35,25150.65,25152.35,630267
1768986660,2026-01-21T14:41:00,25150.75,25157.0,25149.3,25156.7,895159
1768986720,2026-01-21T14:42:00,25155.8,25157.45,25148.4,25154.9,770882
1768986780,2026-01-21T14:43:00,25154.8,25162.75,25153.05,25161.9,576837
1768986840,2026-01-21T14:44:00,25161.45,25163.2,25135.0,25150.1,1167867
1768986900,2026-01-21T14:45:00,25149.0,25154.1,25147.4,25149.7,649212
1768986960,2026-01-21T14:46:00,25150.1,25153.65,25148.05,25150.7,687508
1768987020,2026-01-21T14:47:00,25150.95,25158.45,25150.25,25157.75,671577
1768987080,2026-01-21T14:48:00,25157.1,25158.25,25142.65,25149.15,752603
1768987140,2026-01-21T14:49:00,25148.8,25158.25,25147.55,25155.85,1014841
1768987200,2026-01-21T14:50:00,25155.55,25156.85,25150.45,25153.5,660800
1768987260,2026-01-21T14:51:00,25153.25,25164.05,25152.85,25155.55,650157
1768987320,2026-01-21T14:52:00,25155.65,25157.45,25153.1,25156.4,509179
1768987380,2026-01-21T14:53:00,25154.95,25156.0,25143.15,25148.25,833933
1768987440,2026-01-21T14:54:00,25148.75,25154.85,25146.15,25153.95,1268112
1768987500,2026-01-21T14:55:00,25153.2,25155.45,25147.1,25147.1,688531
1768987560,2026-01-21T14:56:00,25147.25,25157.8,25147.25,25152.65,574714
1768987620,2026-01-21T14:57:00,25152.1,25152.85,25138.9,25139.85,705648
1768987680,2026-01-21T14:58:00,25138.35,25157.45,25138.35,25152.3,842505
1768987740,2026-01-21T14:59:00,25150.9,25151.4,25137.65,25143.15,553709
1768987800,2026-01-21T15:00:00,25143.75,25161.85,25135.35,25160.2,1857903
1768987860,2026-01-21T15:01:00,25160.6,25166.0,25155.1,25158.15,1906992
1768987920,2026-01-21T15:02:00,25159.05,25159.05,25138.1,25141.25,2172498
1768987980,2026-01-21T15:03:00,25142.2,25154.7,25141.55,25154.7,1272458
1768988040,2026-01-21T15:04:00,25154.55,25177.8,25154.55,25177.5,1760076
1768988100,2026-01-21T15:05:00,25178.45,25182.5,25171.7,25171.7,1682635
1768988160,2026-01-21T15:06:00,25171.3,25172.2,25161.25,25171.45,1690332
1768988220,2026-01-21T15:07:00,25171.9,25172.2,25156.8,25158.05,1905677
1768988280,2026-01-21T15:08:00,25158.05,25178.15,25156.8,25175.3,1722218
1768988340,2026-01-21T15:09:00,25175.45,25175.7,25158.95,25165.7,2132472
1768988400,2026-01-21T15:10:00,25165.45,25169.3,25158.6,25159.7,2007206
1768988460,2026-01-21T15:11:00,25160.2,25160.55,25151.95,25154.4,1445904
1768988520,2026-01-21T15:12:00,25154.25,25159.75,25152.95,25154.1,1622777
1768988580,2026-01-21T15:13:00,25153.9,25155.75,25150.65,25150.7,1402075
1768988640,2026-01-21T15:14:00,25149.75,25155.2,25144.75,25155.0,1693361
1768988700,2026-01-21T15:15:00,25155.2,25155.25,25145.85,25148.5,1814546
1768988760,2026-01-21T15:16:00,25148.75,25153.3,25148.75,25152.9,1818023
1768988820,2026-01-21T15:17:00,25153.15,25160.4,25152.45,25160.2,1554494
1768988880,2026-01-21T15:18:00,25160.2,25162.2,25158.4,25159.6,1819169
1768988940,2026-01-21T15:19:00,25160.6,25161.15,25158.15,25159.9,1604823
1768989000,2026-01-21T15:20:00,25159.35,25160.15,25154.0,25154.25,1944760
1768989060,2026-01-21T15:21:00,25154.8,25155.1,25147.9,25149.15,1674737
1768989120,2026-01-21T15:22:00,25149.35,25149.7,25140.55,25142.65,1436265
1768989180,2026-01-21T15:23:00,25142.65,25155.2,25141.4,25152.5,1871194
1768989240,2026-01-21T15:24:00,25152.9,25156.5,25151.65,25152.8,2241428
1768989300,2026-01-21T15:25:00,25152.05,25153.15,25145.8,25150.7,2245356
1768989360,2026-01-21T15:26:00,25150.15,25164.6,25148.4,25163.55,2447200
1768989420,2026-01-21T15:27:00,25164.3,25170.1,25163.15,25169.05,2038103
1768989480,2026-01-21T15:28:00,25168.65,25171.7,25157.8,25162.0,2234165
1768989540,2026-01-21T15:29:00,25162.2,25170.7,25152.8,25168.1,1020498
1769053500,2026-01-22T09:15:00,25344.15,25355.6,25313.2,25332.45,17855217
1769053560,2026-01-22T09:16:00,25332.8,25332.95,25305.85,25316.4,12665716
1769053620,2026-01-22T09:17:00,25312.75,25322.15,25310.45,25314.6,5706396
1769053680,2026-01-22T09:18:00,25314.75,25320.7,25306.4,25309.2,6099331
1769053740,2026-01-22T09:19:00,25308.3,25318.25,25302.45,25318.0,3250363
1769053800,2026-01-22T09:20:00,25317.05,25329.5,25310.05,25329.3,3407428
1769053860,2026-01-22T09:21:00,25328.65,25343.7,25328.65,25342.25,2491048
1769053920,2026-01-22T09:22:00,25342.3,25345.35,25334.1,25339.3,3146445
1769053980,2026-01-22T09:23:00,25335.4,25340.3,25333.4,25338.0,3228364
1769054040,2026-01-22T09:24:00,25337.5,25340.65,25332.7,25338.0,2063982
1769054100,2026-01-22T09:25:00,25336.85,25339.3,25327.35,25334.05,2171298
1769054160,2026-01-22T09:26:00,25333.15,25361.9,25328.8,25359.95,2067694
1769054220,2026-01-22T09:27:00,25359.8,25386.6,25359.35,25386.3,2847787
1769054280,2026-01-22T09:28:00,25384.3,25395.75,25380.0,25383.45,1850294
1769054340,2026-01-22T09:29:00,25381.45,25388.8,25380.1,25386.65,1646202
1769054400,2026-01-22T09:30:00,25385.2,25401.65,25385.2,25400.35,2685971
1769054460,2026-01-22T09:31:00,25400.0,25407.3,25395.55,25402.75,2682168
1769054520,2026-01-22T09:32:00,25400.85,25404.75,25398.1,25404.75,3252930
1769054580,2026-01-22T09:33:00,25404.95,25412.05,25399.45,25406.4,2727877
1769054640,2026-01-22T09:34:00,25405.1,25417.25,25404.65,25406.65,2508277
1769054700,2026-01-22T09:35:00,25408.5,25416.4,25403.45,25415.7,2353605
1769054760,2026-01-22T09:36:00,25415.7,25425.7,25413.35,25422.75,1802334
1769054820,2026-01-22T09:37:00,25420.05,25423.25,25416.25,25418.55,1493972
1769054880,2026-01-22T09:38:00,25418.4,25422.65,25410.45,25410.45,1973686
1769054940,2026-01-22T09:39:00,25407.85,25409.25,25395.15,25405.2,2016322
1769055000,2026-01-22T09:40:00,25404.3,25412.25,25398.4,25405.7,2053165
1769055060,2026-01-22T09:41:00,25406.65,25410.0,25401.05,25403.75,1480119
1769055120,2026-01-22T09:42:00,25403.35,25405.25,25389.3,25398.35,1457597
1769055180,2026-01-22T09:43:00,25397.4,25400.85,25387.0,25396.1,1217835
1769055240,2026-01-22T09:44:00,25396.55,25398.1,25389.15,25395.95,1549198
1769055300,2026-01-22T09:45:00,25395.05,25405.5,25390.2,25400.55,1670977
1769055360,2026-01-22T09:46:00,25398.75,25409.6,25398.75,25405.35,1795940
1769055420,2026-01-22T09:47:00,25403.0,25423.9,25403.0,25423.3,1642379
1769055480,2026-01-22T09:48:00,25421.9,25431.85,25420.35,25429.1,1310893
1769055540,2026-01-22T09:49:00,25428.4,25429.55,25418.8,25421.0,1046464
1769055600,2026-01-22T09:50:00,25419.8,25430.85,25419.1,25430.85,887401
1769055660,2026-01-22T09:51:00,25430.85,25435.75,25422.15,25424.55,1474803
1769055720,2026-01-22T09:52:00,25424.05,25424.55,25407.55,25408.55,1210399
1769055780,2026-01-22T09:53:00,25408.65,25409.5,25402.95,25402.95,1727767
1769055840,2026-01-22T09:54:00,25402.6,25403.75,25394.45,25396.45,1480235
1769055900,2026-01-22T09:55:00,25395.35,25396.75,25379.2,25385.65,1094698
1769055960,2026-01-22T09:56:00,25385.45,25391.65,25384.05,25387.95,975856
1769056020,2026-01-22T09:57:00,25389.3,25402.5,25388.1,25390.15,902127
1769056080,2026-01-22T09:58:00,25389.6,25402.25,25387.8,25402.25,1025606
1769056140,2026-01-22T09:59:00,25402.25,25407.3,25394.55,25394.55,994362
1769056200,2026-01-22T10:00:00,25395.3,25411.65,25395.3,25404.05,1054017
1769056260,2026-01-22T10:01:00,25405.7,25406.45,25389.9,25389.9,1412670
1769056320,2026-01-22T10:02:00,25383.45,25386.35,25363.3,25374.35,1380197
1769056380,2026-01-22T10:03:00,25374.5,25379.0,25371.7,25372.35,924097
1769056440,2026-01-22T10:04:00,25373.8,25379.6,25364.5,25375.7,1961200
1769056500,2026-01-22T10:05:00,25374.95,25388.25,25373.9,25386.0,1284953
1769056560,2026-01-22T10:06:00,25385.8,25386.2,25371.65,25372.15,913961
1769056620,2026-01-22T10:07:00,25372.6,25385.1,25372.5,25381.7,1325262
1769056680,2026-01-22T10:08:00,25381.35,25383.7,25378.25,25378.25,1208009
1769056740,2026-01-22T10:09:00,25379.2,25379.3,25364.85,25366.15,1799899
1769056800,2026-01-22T10:10:00,25367.15,25370.75,25364.45,25366.75,905244
1769056860,2026-01-22T10:11:00,25367.95,25387.15,25367.95,25385.6,1562016
1769056920,2026-01-22T10:12:00,25388.0,25399.05,25386.9,25391.05,976053
1769056980,2026-01-22T10:13:00,25391.2,25397.25,25385.3,25387.65,1082173
1769057040,2026-01-22T10:14:00,25386.35,25386.95,25373.2,25376.0,1251158
1769057100,2026-01-22T10:15:00,25376.5,25385.4,25375.85,25384.2,1040939
1769057160,2026-01-22T10:16:00,25384.35,25388.55,25372.9,25374.9,1938358
1769057220,2026-01-22T10:17:00,25374.2,25377.0,25366.65,25368.4,1335497
1769057280,2026-01-22T10:18:00,25368.25,25369.9,25360.8,25366.35,968371
1769057340,2026-01-22T10:19:00,25364.95,25369.35,25341.3,25341.3,1183974
1769057400,2026-01-22T10:20:00,25340.15,25342.3,25326.25,25330.55,2204843
1769057460,2026-01-22T10:21:00,25330.65,25338.4,25327.45,25335.9,1763362
1769057520,2026-01-22T10:22:00,25335.25,25352.55,25335.25,25349.2,1098637
1769057580,2026-01-22T10:23:00,25347.95,25347.95,25335.25,25340.3,1038213
1769057640,2026-01-22T10:24:00,25340.45,25351.0,25339.9,25347.8,1091890
1769057700,2026-01-22T10:25:00,25348.55,25348.8,25334.4,25335.0,1131969
1769057760,2026-01-22T10:26:00,25335.9,25338.3,25331.65,25334.1,826356
1769057820,2026-01-22T10:27:00,25334.0,25334.75,25312.0,25315.3,1227494
1769057880,2026-01-22T10:28:00,25314.35,25314.8,25294.3,25295.0,2015443
1769057940,2026-01-22T10:29:00,25295.75,25302.75,25290.2,25291.9,2000547
1769058000,2026-01-22T10:30:00,25292.9,25292.9,25272.75,25273.25,1659595
1769058060,2026-01-22T10:31:00,25274.05,25277.35,25264.45,25267.7,1369168
1769058120,2026-01-22T10:32:00,25269.05,25269.8,25245.25,25269.8,1785141
1769058180,2026-01-22T10:33:00,25269.25,25291.7,25269.25,25281.95,2023551
1769058240,2026-01-22T10:34:00,25281.25,25314.4,25281.25,25310.85,1485005
1769058300,2026-01-22T10:35:00,25311.2,25316.75,25305.1,25312.45,1129243
1769058360,2026-01-22T10:36:00,25312.05,25322.55,25309.65,25320.05,1023646
1769058420,2026-01-22T10:37:00,25319.75,25328.9,25316.3,25328.9,979008
1769058480,2026-01-22T10:38:00,25328.4,25332.5,25307.0,25307.65,834388
1769058540,2026-01-22T10:39:00,25306.9,25311.65,25284.95,25287.15,747253
1769058600,2026-01-22T10:40:00,25287.85,25292.3,25284.65,25290.35,930554
1769058660,2026-01-22T10:41:00,25290.1,25300.8,25290.1,25299.05,693971
1769058720,2026-01-22T10:42:00,25297.2,25297.2,25289.2,25293.5,820214
1769058780,2026-01-22T10:43:00,25293.1,25301.2,25292.05,25299.0,665998
1769058840,2026-01-22T10:44:00,25298.8,25299.9,25294.15,25295.35,545476
1769058900,2026-01-22T10:45:00,25294.85,25298.45,25286.75,25288.95,845256
1769058960,2026-01-22T10:46:00,25289.4,25293.15,25288.65,25289.35,745067
1769059020,2026-01-22T10:47:00,25288.9,25290.3,25283.55,25284.55,2485083
1769059080,2026-01-22T10:48:00,25284.7,25288.5,25280.15,25284.4,649065
1769059140,2026-01-22T10:49:00,25284.7,25286.85,25272.15,25275.55,754952
1769059200,2026-01-22T10:50:00,25274.45,25276.2,25266.35,25270.45,904328
1769059260,2026-01-22T10:51:00,25269.6,25275.7,25265.9,25274.5,1013650
1769059320,2026-01-22T10:52:00,25274.1,25274.55,25269.15,25270.3,777337
1769059380,2026-01-22T10:53:00,25269.8,25271.25,25255.1,25266.4,831055
1769059440,2026-01-22T10:54:00,25265.25,25274.75,25264.9,25270.95,964288
1769059500,2026-01-22T10:55:00,25272.2,25272.2,25265.45,25267.3,546466
1769059560,2026-01-22T10:56:00,25267.85,25276.7,25267.05,25270.85,512678
1769059620,2026-01-22T10:57:00,25271.55,25274.75,25260.35,25265.9,933337
1769059680,2026-01-22T10:58:00,25265.15,25265.75,25249.85,25249.85,796597
1769059740,2026-01-22T10:59:00,25247.75,25247.75,25221.7,25221.7,1454642
1769059800,2026-01-22T11:00:00,25221.95,25234.85,25216.8,25234.85,996302
1769059860,2026-01-22T11:01:00,25234.7,25240.9,25223.1,25226.35,1277176
1769059920,2026-01-22T11:02:00,25227.35,25233.4,25226.6,25230.95,582101
1769059980,2026-01-22T11:03:00,25230.9,25248.95,25230.1,25242.6,624061
1769060040,2026-01-22T11:04:00,25242.4,25242.65,25229.8,25230.65,515582
1769060100,2026-01-22T11:05:00,25230.45,25231.5,25223.35,25223.35,951526
1769060160,2026-01-22T11:06:00,25223.9,25224.05,25206.95,25213.4,940640
1769060220,2026-01-22T11:07:00,25213.4,25217.7,25209.15,25210.05,842925
1769060280,2026-01-22T11:08:00,25209.9,25220.05,25209.35,25219.1,719858
1769060340,2026-01-22T11:09:00,25218.65,25225.35,25218.2,25224.6,1094460
1769060400,2026-01-22T11:10:00,25224.6,25234.7,25224.5,25234.6,717425
1769060460,2026-01-22T11:11:00,25234.65,25234.95,25217.75,25219.95,1155764
1769060520,2026-01-22T11:12:00,25220.7,25220.8,25204.45,25205.45,926085
1769060580,2026-01-22T11:13:00,25204.7,25209.05,25201.9,25206.35,678235
1769060640,2026-01-22T11:14:00,25205.85,25216.7,25204.35,25215.75,690708
1769060700,2026-01-22T11:15:00,25215.95,25232.4,25215.95,25230.3,866386
1769060760,2026-01-22T11:16:00,25229.7,25230.0,25217.65,25223.35,1949017
1769060820,2026-01-22T11:17:00,25222.0,25224.05,25216.0,25217.55,538204
1769060880,2026-01-22T11:18:00,25215.6,25223.85,25215.6,25218.05,639712
1769060940,2026-01-22T11:19:00,25217.35,25217.45,25211.25,25214.45,655997
1769061000,2026-01-22T11:20:00,25215.1,25224.65,25212.4,25224.65,571807
1769061060,2026-01-22T11:21:00,25224.45,25241.05,25224.45,25239.4,822566
1769061120,2026-01-22T11:22:00,25238.9,25238.9,25231.75,25232.95,1011702
1769061180,2026-01-22T11:23:00,25233.1,25236.0,25227.0,25236.0,524549
1769061240,2026-01-22T11:24:00,25236.4,25265.25,25235.85,25253.7,1501232
1769061300,2026-01-22T11:25:00,25253.3,25274.25,25253.05,25274.25,1092721
1769061360,2026-01-22T11:26:00,25273.75,25280.55,25266.7,25268.2,940989
1769061420,2026-01-22T11:27:00,25269.7,25273.65,25252.6,25257.15,951678
1769061480,2026-01-22T11:28:00,25256.9,25258.7,25251.15,25253.15,613505
1769061540,2026-01-22T11:29:00,25253.9,25253.9,25245.3,25247.25,939134
1769061600,2026-01-22T11:30:00,25246.85,25247.95,25237.5,25237.65,732314
1769061660,2026-01-22T11:31:00,25237.5,25254.75,25232.2,25254.75,642326
1769061720,2026-01-22T11:32:00,25253.65,25254.65,25242.1,25247.9,780483
1769061780,2026-01-22T11:33:00,25247.4,25254.75,25245.85,25253.55,1000968
1769061840,2026-01-22T11:34:00,25253.35,25255.35,25246.65,25248.75,890252
1769061900,2026-01-22T11:35:00,25248.35,25257.05,25246.8,25252.75,738603
1769061960,2026-01-22T11:36:00,25252.7,25259.15,25246.15,25248.7,895800
1769062020,2026-01-22T11:37:00,25247.7,25249.0,25238.15,25239.65,633372
1769062080,2026-01-22T11:38:00,25238.6,25249.05,25238.1,25241.95,1151137
1769062140,2026-01-22T11:39:00,25242.6,25243.35,25234.0,25236.6,1182853
1769062200,2026-01-22T11:40:00,25236.65,25239.45,25230.6,25230.6,699578
1769062260,2026-01-22T11:41:00,25231.95,25231.95,25217.4,25218.65,1087978
1769062320,2026-01-22T11:42:00,25218.25,25218.9,25203.3,25209.5,1031418
1769062380,2026-01-22T11:43:00,25209.35,25210.6,25200.75,25203.65,612720
1769062440,2026-01-22T11:44:00,25202.9,25210.0,25197.8,25206.85,1146286
1769062500,2026-01-22T11:45:00,25205.9,25207.25,25197.25,25200.8,709983
1769062560,2026-01-22T11:46:00,25200.25,25211.6,25199.7,25200.5,631139
1769062620,2026-01-22T11:47:00,25198.35,25206.05,25180.65,25183.65,902580
1769062680,2026-01-22T11:48:00,25184.5,25195.55,25177.85,25193.9,816089
1769062740,2026-01-22T11:49:00,25193.8,25211.8,25193.8,25211.8,750520
1769062800,2026-01-22T11:50:00,25210.6,25226.4,25210.6,25218.4,673861
1769062860,2026-01-22T11:51:00,25219.05,25221.5,25213.2,25219.55,675265
1769062920,2026-01-22T11:52:00,25218.4,25219.7,25199.0,25199.7,991535
1769062980,2026-01-22T11:53:00,25199.6,25206.3,25198.6,25205.05,774939
1769063040,2026-01-22T11:54:00,25205.15,25207.4,25200.6,25202.45,430610
1769063100,2026-01-22T11:55:00,25202.25,25211.35,25201.2,25201.6,568714
1769063160,2026-01-22T11:56:00,25200.15,25204.35,25198.3,25201.6,603619
1769063220,2026-01-22T11:57:00,25202.15,25204.6,25198.45,25200.15,2498256
1769063280,2026-01-22T11:58:00,25198.4,25200.8,25191.3,25194.2,726159
1769063340,2026-01-22T11:59:00,25192.95,25194.25,25185.9,25188.2,594205
1769063400,2026-01-22T12:00:00,25188.8,25193.75,25183.3,25184.35,630755
1769063460,2026-01-22T12:01:00,25184.45,25195.95,25183.8,25195.6,561609
1769063520,2026-01-22T12:02:00,25195.9,25198.3,25187.95,25188.65,774890
1769063580,2026-01-22T12:03:00,25189.25,25203.55,25186.85,25203.55,545890
1769063640,2026-01-22T12:04:00,25203.0,25207.05,25197.8,25207.05,674207
1769063700,2026-01-22T12:05:00,25207.7,25218.75,25207.35,25218.75,740342
1769063760,2026-01-22T12:06:00,25219.45,25227.1,25213.8,25213.95,830644
1769063820,2026-01-22T12:07:00,25214.5,25226.9,25211.25,25225.2,559345
1769063880,2026-01-22T12:08:00,25225.15,25238.6,25224.2,25235.75,790722
1769063940,2026-01-22T12:09:00,25236.85,25241.5,25228.35,25230.5,769121
1769064000,2026-01-22T12:10:00,25229.45,25229.45,25220.8,25226.35,619269
1769064060,2026-01-22T12:11:00,25226.5,25230.25,25215.55,25219.3,590282
1769064120,2026-01-22T12:12:00,25219.25,25235.8,25217.05,25234.65,703794
1769064180,2026-01-22T12:13:00,25233.85,25234.05,25223.0,25227.65,1945477
1769064240,2026-01-22T12:14:00,25227.1,25239.0,25225.6,25237.1,718368
1769064300,2026-01-22T12:15:00,25237.15,25237.25,25217.95,25221.55,845995
1769064360,2026-01-22T12:16:00,25220.1,25228.95,25216.05,25227.0,700077
1769064420,2026-01-22T12:17:00,25227.0,25244.35,25227.0,25241.6,759984
1769064480,2026-01-22T12:18:00,25239.85,25242.4,25233.05,25238.3,545902
1769064540,2026-01-22T12:19:00,25238.4,25247.2,25237.55,25239.65,1708889
1769064600,2026-01-22T12:20:00,25238.85,25277.5,25238.1,25272.9,1108866
1769064660,2026-01-22T12:21:00,25271.45,25277.3,25258.2,25270.05,1075630
1769064720,2026-01-22T12:22:00,25267.4,25267.4,25255.6,25255.6,540056
1769064780,2026-01-22T12:23:00,25256.05,25262.8,25241.95,25245.95,710778
1769064840,2026-01-22T12:24:00,25245.2,25246.5,25238.9,25242.4,653016
1769064900,2026-01-22T12:25:00,25242.55,25249.15,25237.4,25240.05,564613
1769064960,2026-01-22T12:26:00,25239.0,25244.15,25236.55,25237.55,645236
1769065020,2026-01-22T12:27:00,25236.95,25254.85,25236.95,25254.85,591864
1769065080,2026-01-22T12:28:00,25254.45,25261.35,25254.45,25255.35,629228
1769065140,2026-01-22T12:29:00,25254.95,25257.8,25250.25,25255.25,738542
1769065200,2026-01-22T12:30:00,25254.6,25258.0,25249.45,25251.1,675705
1769065260,2026-01-22T12:31:00,25251.35,25257.7,25244.8,25247.5,831868
1769065320,2026-01-22T12:32:00,25245.9,25251.9,25242.55,25246.4,611324
1769065380,2026-01-22T12:33:00,25245.65,25253.1,25244.55,25251.6,758977
1769065440,2026-01-22T12:34:00,25250.35,25265.75,25250.1,25264.55,1399650
1769065500,2026-01-22T12:35:00,25263.75,25271.3,25258.35,25259.05,776894
1769065560,2026-01-22T12:36:00,25260.05,25260.05,25246.35,25249.1,943574
1769065620,2026-01-22T12:37:00,25248.05,25251.45,25232.25,25233.35,1267259
1769065680,2026-01-22T12:38:00,25233.65,25251.15,25232.4,25251.15,980310
1769065740,2026-01-22T12:39:00,25250.45,25257.15,25248.7,25251.8,1150493
1769065800,2026-01-22T12:40:00,25251.35,25251.95,25235.85,25236.55,1178081
1769065860,2026-01-22T12:41:00,25235.85,25237.55,25225.85,25226.55,1159354
1769065920,2026-01-22T12:42:00,25226.7,25229.75,25210.45,25213.2,1157689
1769065980,2026-01-22T12:43:00,25213.95,25233.9,25213.95,25232.3,1388748
1769066040,2026-01-22T12:44:00,25230.4,25246.9,25230.05,25244.95,1052795
1769066100,2026-01-22T12:45:00,25244.75,25254.65,25243.8,25253.05,1080412
1769066160,2026-01-22T12:46:00,25253.1,25254.55,25239.25,25241.75,821734
1769066220,2026-01-22T12:47:00,25241.25,25242.15,25230.2,25231.45,1414123
1769066280,2026-01-22T12:48:00,25230.45,25246.6,25228.95,25246.6,801537
1769066340,2026-01-22T12:49:00,25245.85,25253.35,25244.35,25250.25,561161
1769066400,2026-01-22T12:50:00,25251.5,25256.35,25249.85,25254.0,666405
1769066460,2026-01-22T12:51:00,25253.1,25262.5,25250.4,25250.45,654916
1769066520,2026-01-22T12:52:00,25251.15,25251.15,25235.55,25237.8,1404858
1769066580,2026-01-22T12:53:00,25238.15,25238.2,25231.4,25234.55,1179462
1769066640,2026-01-22T12:54:00,25232.9,25240.15,25229.1,25229.1,1041246
1769066700,2026-01-22T12:55:00,25228.0,25228.5,25213.3,25215.15,702766
1769066760,2026-01-22T12:56:00,25213.85,25215.35,25208.65,25212.15,610957
1769066820,2026-01-22T12:57:00,25212.85,25220.55,25212.4,25212.95,600821
1769066880,2026-01-22T12:58:00,25212.15,25217.35,25207.75,25217.35,543781
1769066940,2026-01-22T12:59:00,25216.1,25217.5,25205.9,25209.9,561095
1769067000,2026-01-22T13:00:00,25208.65,25217.25,25202.2,25215.7,811646
1769067060,2026-01-22T13:01:00,25214.9,25214.9,25197.65,25197.65,886080
1769067120,2026-01-22T13:02:00,25196.25,25208.35,25190.95,25206.4,826797
1769067180,2026-01-22T13:03:00,25206.5,25212.35,25205.55,25210.6,680053
1769067240,2026-01-22T13:04:00,25211.4,25217.45,25209.1,25217.45,635960
1769067300,2026-01-22T13:05:00,25217.15,25222.05,25209.2,25210.35,855348
1769067360,2026-01-22T13:06:00,25209.95,25213.6,25204.5,25206.55,961174
1769067420,2026-01-22T13:07:00,25207.35,25217.4,25206.1,25207.15,571874
1769067480,2026-01-22T13:08:00,25206.35,25207.75,25202.85,25205.1,545152
1769067540,2026-01-22T13:09:00,25205.0,25210.5,25200.0,25202.7,641436
1769067600,2026-01-22T13:10:00,25201.2,25207.6,25196.8,25206.6,552064
1769067660,2026-01-22T13:11:00,25207.2,25210.0,25203.5,25203.75,573308
1769067720,2026-01-22T13:12:00,25203.25,25211.0,25203.0,25209.75,546266
1769067780,2026-01-22T13:13:00,25209.85,25214.05,25201.65,25204.25,511180
1769067840,2026-01-22T13:14:00,25201.85,25205.7,25190.45,25191.95,798775
1769067900,2026-01-22T13:15:00,25192.05,25192.05,25183.55,25186.75,1237084
1769067960,2026-01-22T13:16:00,25187.1,25197.1,25185.55,25191.85,598125
1769068020,2026-01-22T13:17:00,25190.95,25193.6,25172.45,25172.45,863155
1769068080,2026-01-22T13:18:00,25172.15,25194.55,25171.25,25191.6,894814
1769068140,2026-01-22T13:19:00,25191.5,25201.75,25190.15,25201.1,821010
1769068200,2026-01-22T13:20:00,25200.7,25207.65,25193.25,25195.0,786510
1769068260,2026-01-22T13:21:00,25193.95,25196.55,25186.5,25190.6,695014
1769068320,2026-01-22T13:22:00,25190.2,25205.75,25188.8,25201.25,807857
1769068380,2026-01-22T13:23:00,25200.5,25204.95,25199.4,25204.95,610497
1769068440,2026-01-22T13:24:00,25204.0,25208.3,25196.8,25197.15,799727
1769068500,2026-01-22T13:25:00,25196.2,25199.15,25192.9,25194.95,543954
1769068560,2026-01-22T13:26:00,25194.75,25195.9,25188.15,25189.75,754070
1769068620,2026-01-22T13:27:00,25189.35,25191.4,25182.25,25184.3,775218
1769068680,2026-01-22T13:28:00,25183.2,25194.55,25182.55,25187.1,942959
1769068740,2026-01-22T13:29:00,25185.7,25188.9,25177.5,25179.05,755426
1769068800,2026-01-22T13:30:00,25177.85,25179.55,25169.9,25171.75,707252
1769068860,2026-01-22T13:31:00,25169.7,25191.45,25169.4,25190.75,630423
1769068920,2026-01-22T13:32:00,25189.15,25193.2,25187.0,25192.7,1408333
1769068980,2026-01-22T13:33:00,25192.05,25203.15,25192.05,25201.25,725947
1769069040,2026-01-22T13:34:00,25200.2,25215.85,25197.05,25215.05,750650
1769069100,2026-01-22T13:35:00,25214.7,25227.55,25214.7,25225.85,1255816
1769069160,2026-01-22T13:36:00,25226.15,25226.15,25207.0,25208.2,758431
1769069220,2026-01-22T13:37:00,25207.05,25214.4,25204.35,25205.9,813178
1769069280,2026-01-22T13:38:00,25205.65,25205.95,25194.85,25194.9,1007798
1769069340,2026-01-22T13:39:00,25194.3,25200.1,25188.55,25191.5,698530
1769069400,2026-01-22T13:40:00,25190.7,25197.8,25187.05,25195.9,849927
1769069460,2026-01-22T13:41:00,25197.25,25200.95,25192.35,25192.35,619014
1769069520,2026-01-22T13:42:00,25188.75,25189.55,25184.15,25188.05,672004
1769069580,2026-01-22T13:43:00,25186.1,25205.5,25186.1,25205.5,844338
1769069640,2026-01-22T13:44:00,25205.6,25209.05,25202.1,25204.55,831915
1769069700,2026-01-22T13:45:00,25204.05,25204.05,25187.2,25188.3,537578
1769069760,2026-01-22T13:46:00,25187.65,25201.3,25187.05,25198.9,661519
1769069820,2026-01-22T13:47:00,25198.7,25203.7,25197.6,25200.6,900206
1769069880,2026-01-22T13:48:00,25200.15,25210.15,25199.15,25207.95,832733
1769069940,2026-01-22T13:49:00,25206.9,25213.8,25206.9,25211.35,601590
1769070000,2026-01-22T13:50:00,25211.2,25213.2,25206.15,25206.65,685353
1769070060,2026-01-22T13:51:00,25206.3,25227.9,25206.3,25223.15,1340262
1769070120,2026-01-22T13:52:00,25221.2,25232.5,25220.8,25230.95,984541
1769070180,2026-01-22T13:53:00,25230.05,25239.6,25230.05,25235.9,926465
1769070240,2026-01-22T13:54:00,25234.85,25238.3,25228.0,25233.4,875882
1769070300,2026-01-22T13:55:00,25232.85,25241.1,25232.0,25236.1,965613
1769070360,2026-01-22T13:56:00,25235.25,25238.2,25221.95,25228.7,939219
1769070420,2026-01-22T13:57:00,25231.3,25240.8,25229.75,25230.85,770680
1769070480,2026-01-22T13:58:00,25231.1,25235.2,25226.55,25230.55,2565404
1769070540,2026-01-22T13:59:00,25229.75,25230.5,25223.6,25229.15,924178
1769070600,2026-01-22T14:00:00,25228.35,25235.35,25228.35,25232.1,694781
1769070660,2026-01-22T14:01:00,25228.85,25245.0,25226.75,25242.55,720688
1769070720,2026-01-22T14:02:00,25241.1,25243.4,25237.35,25240.3,765564
1769070780,2026-01-22T14:03:00,25240.05,25240.2,25225.25,25225.8,817844
1769070840,2026-01-22T14:04:00,25223.55,25226.35,25220.85,25223.2,765820
1769070900,2026-01-22T14:05:00,25223.65,25230.45,25221.7,25228.35,830556
1769070960,2026-01-22T14:06:00,25227.75,25230.8,25219.2,25220.7,643407
1769071020,2026-01-22T14:07:00,25219.3,25222.25,25212.75,25214.95,611647
1769071080,2026-01-22T14:08:00,25213.8,25215.85,25201.35,25202.65,693459
1769071140,2026-01-22T14:09:00,25203.25,25212.1,25203.25,25211.8,662350
1769071200,2026-01-22T14:10:00,25211.5,25213.8,25206.25,25212.7,635251
1769071260,2026-01-22T14:11:00,25212.55,25213.3,25206.2,25206.4,607099
1769071320,2026-01-22T14:12:00,25206.45,25206.85,25188.2,25189.35,1196556
1769071380,2026-01-22T14:13:00,25189.85,25191.15,25178.85,25180.7,1035792
1769071440,2026-01-22T14:14:00,25180.25,25181.5,25176.95,25178.35,1156527
1769071500,2026-01-22T14:15:00,25178.8,25179.95,25176.5,25178.75,1197760
1769071560,2026-01-22T14:16:00,25181.0,25188.7,25181.0,25181.9,1375231
1769071620,2026-01-22T14:17:00,25181.9,25182.15,25174.85,25175.5,1158708
1769071680,2026-01-22T14:18:00,25175.3,25175.3,25168.5,25174.5,1337175
1769071740,2026-01-22T14:19:00,25173.05,25179.15,25170.15,25179.15,1461297
1769071800,2026-01-22T14:20:00,25178.4,25197.5,25176.9,25194.65,1170952
1769071860,2026-01-22T14:21:00,25197.05,25200.45,25190.25,25200.45,825157
1769071920,2026-01-22T14:22:00,25198.05,25204.1,25191.7,25203.9,830444
1769071980,2026-01-22T14:23:00,25203.1,25207.5,25201.6,25202.2,742509
1769072040,2026-01-22T14:24:00,25202.1,25202.15,25192.05,25197.95,688918
1769072100,2026-01-22T14:25:00,25197.25,25206.9,25195.55,25206.4,692513
1769072160,2026-01-22T14:26:00,25205.05,25207.65,25198.85,25207.1,716112
1769072220,2026-01-22T14:27:00,25205.85,25223.7,25204.45,25218.95,825091
1769072280,2026-01-22T14:28:00,25219.65,25230.65,25217.35,25230.25,744113
1769072340,2026-01-22T14:29:00,25229.8,25236.7,25226.35,25234.85,663838
1769072400,2026-01-22T14:30:00,25234.2,25243.85,25233.35,25236.6,1315333
1769072460,2026-01-22T14:31:00,25237.05,25257.2,25234.85,25257.2,972150
1769072520,2026-01-22T14:32:00,25254.7,25264.05,25244.55,25264.05,1433048
1769072580,2026-01-22T14:33:00,25263.95,25270.75,25258.9,25269.7,1177412
1769072640,2026-01-22T14:34:00,25269.2,25279.0,25267.7,25276.2,931341
1769072700,2026-01-22T14:35:00,25274.45,25279.7,25262.6,25267.55,1642150
1769072760,2026-01-22T14:36:00,25267.25,25283.45,25265.25,25280.85,1479780
1769072820,2026-01-22T14:37:00,25279.3,25295.9,25278.55,25291.75,1637606
1769072880,2026-01-22T14:38:00,25288.8,25295.85,25287.05,25288.45,1147348
1769072940,2026-01-22T14:39:00,25288.4,25290.95,25273.4,25281.75,1026221
1769073000,2026-01-22T14:40:00,25281.75,25292.3,25278.05,25289.0,1018400
1769073060,2026-01-22T14:41:00,25290.0,25292.05,25274.5,25274.5,957364
1769073120,2026-01-22T14:42:00,25275.5,25275.95,25261.05,25261.55,889771
1769073180,2026-01-22T14:43:00,25262.75,25281.85,25262.75,25277.8,944638
1769073240,2026-01-22T14:44:00,25277.6,25285.75,25277.3,25284.45,999991
1769073300,2026-01-22T14:45:00,25284.1,25297.65,25284.1,25289.65,1587234
1769073360,2026-01-22T14:46:00,25289.2,25297.5,25288.15,25296.9,1358026
1769073420,2026-01-22T14:47:00,25296.6,25310.6,25296.6,25306.1,1522736
1769073480,2026-01-22T14:48:00,25305.85,25317.7,25305.85,25315.55,1469591
1769073540,2026-01-22T14:49:00,25316.0,25318.2,25297.35,25298.45,1029324
1769073600,2026-01-22T14:50:00,25297.4,25299.4,25287.0,25294.65,1046474
1769073660,2026-01-22T14:51:00,25294.45,25306.45,25294.45,25296.7,1061215
1769073720,2026-01-22T14:52:00,25296.4,25309.15,25295.75,25305.45,1046037
1769073780,2026-01-22T14:53:00,25303.4,25306.05,25297.35,25298.9,791021
1769073840,2026-01-22T14:54:00,25297.7,25299.95,25278.5,25279.55,1057483
1769073900,2026-01-22T14:55:00,25284.35,25291.65,25281.65,25290.85,1125778
1769073960,2026-01-22T14:56:00,25289.75,25298.1,25289.75,25294.2,1083198
1769074020,2026-01-22T14:57:00,25295.5,25296.4,25285.65,25293.5,1243886
1769074080,2026-01-22T14:58:00,25292.4,25296.5,25288.25,25292.85,1036461
1769074140,2026-01-22T14:59:00,25295.75,25308.1,25293.6,25297.0,1129290
1769074200,2026-01-22T15:00:00,25295.5,25296.55,25269.5,25269.5,3486149
1769074260,2026-01-22T15:01:00,25269.3,25272.05,25242.55,25243.2,3239133
1769074320,2026-01-22T15:02:00,25242.3,25262.8,25238.8,25260.45,2669676
1769074380,2026-01-22T15:03:00,25260.8,25261.7,25252.35,25254.25,3330793
1769074440,2026-01-22T15:04:00,25256.8,25266.5,25253.65,25258.85,2093744
1769074500,2026-01-22T15:05:00,25257.25,25259.3,25250.45,25256.3,2422699
1769074560,2026-01-22T15:06:00,25257.15,25268.65,25251.2,25265.75,2492983
1769074620,2026-01-22T15:07:00,25266.05,25270.15,25265.2,25268.3,2672727
1769074680,2026-01-22T15:08:00,25267.95,25285.65,25267.35,25285.55,1942673
1769074740,2026-01-22T15:09:00,25285.3,25287.0,25280.2,25282.35,2163639
1769074800,2026-01-22T15:10:00,25280.8,25299.3,25280.55,25297.3,2491711
1769074860,2026-01-22T15:11:00,25297.25,25302.0,25295.55,25297.45,1717637
1769074920,2026-01-22T15:12:00,25296.35,25297.85,25285.05,25286.75,1805385
1769074980,2026-01-22T15:13:00,25287.5,25292.65,25286.2,25291.85,1796948
1769075040,2026-01-22T15:14:00,25290.45,25292.0,25286.3,25288.55,2033685
1769075100,2026-01-22T15:15:00,25288.45,25298.0,25287.6,25297.45,2614842
1769075160,2026-01-22T15:16:00,25296.75,25298.55,25292.0,25294.7,2765575
1769075220,2026-01-22T15:17:00,25294.5,25308.85,25294.5,25307.85,2036767
1769075280,2026-01-22T15:18:00,25307.5,25315.2,25305.8,25306.65,3060377
1769075340,2026-01-22T15:19:00,25306.5,25307.65,25300.5,25305.6,2551119
1769075400,2026-01-22T15:20:00,25304.5,25308.8,25302.45,25308.25,2888470
1769075460,2026-01-22T15:21:00,25308.6,25328.0,25307.25,25327.9,3130687
1769075520,2026-01-22T15:22:00,25327.7,25332.35,25325.8,25331.05,2070927
1769075580,2026-01-22T15:23:00,25331.0,25331.95,25313.8,25321.55,2212180
1769075640,2026-01-22T15:24:00,25320.55,25327.7,25316.65,25316.65,2550925
1769075700,2026-01-22T15:25:00,25315.5,25319.15,25311.25,25314.1,3001071
1769075760,2026-01-22T15:26:00,25314.75,25327.5,25312.75,25322.75,2130673
1769075820,2026-01-22T15:27:00,25321.85,25325.05,25313.9,25317.6,2772467
1769075880,2026-01-22T15:28:00,25317.65,25323.0,25313.0,25319.05,1617116
1769075940,2026-01-22T15:29:00,25319.05,25324.55,25311.45,25320.45,1347831
1769139900,2026-01-23T09:15:00,25344.6,25347.95,25275.25,25292.15,5516304
1769139960,2026-01-23T09:16:00,25294.7,25295.95,25259.0,25261.95,2821781
1769140020,2026-01-23T09:17:00,25263.15,25274.9,25255.55,25257.9,2464598
1769140080,2026-01-23T09:18:00,25259.15,25273.6,25249.1,25265.55,2520156
1769140140,2026-01-23T09:19:00,25269.3,25276.5,25266.55,25275.3,1615941
1769140200,2026-01-23T09:20:00,25274.8,25280.8,25259.9,25265.75,1581139
1769140260,2026-01-23T09:21:00,25267.55,25279.9,25265.0,25274.3,1323358
1769140320,2026-01-23T09:22:00,25274.4,25306.5,25272.4,25306.05,1371419
1769140380,2026-01-23T09:23:00,25305.8,25321.85,25305.1,25311.0,1658535
1769140440,2026-01-23T09:24:00,25310.85,25323.3,25304.35,25320.1,1456591
1769140500,2026-01-23T09:25:00,25320.45,25337.15,25312.8,25330.85,1437355
1769140560,2026-01-23T09:26:00,25331.1,25334.85,25327.3,25330.25,1115123
1769140620,2026-01-23T09:27:00,25330.45,25335.2,25312.9,25312.9,1255437
1769140680,2026-01-23T09:28:00,25313.0,25333.55,25311.35,25333.55,913721
1769140740,2026-01-23T09:29:00,25332.8,25344.6,25332.8,25344.6,909984
1769140800,2026-01-23T09:30:00,25344.2,25345.35,25328.7,25330.3,831331
1769140860,2026-01-23T09:31:00,25331.85,25331.95,25317.8,25325.7,1027717
1769140920,2026-01-23T09:32:00,25324.5,25334.9,25324.05,25333.75,756347
1769140980,2026-01-23T09:33:00,25334.05,25335.4,25319.05,25319.95,765804
1769141040,2026-01-23T09:34:00,25320.2,25324.9,25311.85,25315.4,904008
1769141100,2026-01-23T09:35:00,25315.95,25317.55,25297.95,25299.45,1359692
1769141160,2026-01-23T09:36:00,25300.95,25312.1,25295.45,25310.95,1042747
1769141220,2026-01-23T09:37:00,25310.9,25319.25,25301.7,25306.95,1059848
1769141280,2026-01-23T09:38:00,25307.5,25307.5,25299.2,25304.8,1257022
1769141340,2026-01-23T09:39:00,25305.85,25308.25,25297.5,25304.5,601181
1769141400,2026-01-23T09:40:00,25305.5,25318.15,25299.8,25299.95,1158270
1769141460,2026-01-23T09:41:00,25299.75,25310.15,25297.85,25300.05,794060
1769141520,2026-01-23T09:42:00,25300.3,25300.3,25288.65,25290.0,830337
1769141580,2026-01-23T09:43:00,25289.65,25300.9,25288.4,25297.35,585605
1769141640,2026-01-23T09:44:00,25298.6,25299.75,25283.95,25285.7,921996
1769141700,2026-01-23T09:45:00,25287.6,25288.9,25267.8,25269.0,1087043
1769141760,2026-01-23T09:46:00,25268.35,25295.6,25267.7,25295.6,1291705
1769141820,2026-01-23T09:47:00,25296.2,25307.3,25290.95,25299.6,1122687
1769141880,2026-01-23T09:48:00,25301.9,25312.55,25300.3,25300.4,845603
1769141940,2026-01-23T09:49:00,25299.85,25303.25,25294.55,25300.25,973955
1769142000,2026-01-23T09:50:00,25300.25,25301.7,25295.4,25300.7,960358
1769142060,2026-01-23T09:51:00,25300.9,25303.15,25293.65,25296.0,794308
1769142120,2026-01-23T09:52:00,25296.05,25298.7,25288.9,25288.9,934775
1769142180,2026-01-23T09:53:00,25289.25,25295.85,25288.2,25293.8,1183041
1769142240,2026-01-23T09:54:00,25293.7,25293.7,25281.4,25281.4,1277181
1769142300,2026-01-23T09:55:00,25281.5,25286.6,25280.3,25284.3,1548775
1769142360,2026-01-23T09:56:00,25283.9,25291.7,25281.05,25291.3,1193123
1769142420,2026-01-23T09:57:00,25291.15,25296.7,25288.65,25289.0,1654879
1769142480,2026-01-23T09:58:00,25289.6,25292.3,25282.85,25291.85,1329078
1769142540,2026-01-23T09:59:00,25293.05,25301.9,25290.95,25290.95,837249
1769142600,2026-01-23T10:00:00,25292.3,25304.05,25292.25,25292.7,729882
1769142660,2026-01-23T10:01:00,25293.1,25294.55,25277.85,25278.2,919250
1769142720,2026-01-23T10:02:00,25280.75,25280.75,25274.25,25275.0,626417
1769142780,2026-01-23T10:03:00,25275.05,25277.45,25263.5,25268.8,829195
1769142840,2026-01-23T10:04:00,25269.4,25287.95,25265.55,25287.95,1145563
1769142900,2026-01-23T10:05:00,25287.5,25294.8,25278.55,25293.15,1139216
1769142960,2026-01-23T10:06:00,25292.65,25308.65,25292.65,25299.65,1124670
1769143020,2026-01-23T10:07:00,25298.75,25298.75,25283.15,25289.0,755445
1769143080,2026-01-23T10:08:00,25289.1,25297.85,25285.65,25286.15,738025
1769143140,2026-01-23T10:09:00,25286.35,25288.45,25276.6,25277.65,859793
1769143200,2026-01-23T10:10:00,25278.65,25287.9,25278.65,25285.05,916617
1769143260,2026-01-23T10:11:00,25285.95,25287.7,25278.25,25281.25,1036874
1769143320,2026-01-23T10:12:00,25281.2,25286.75,25280.25,25286.7,650858
1769143380,2026-01-23T10:13:00,25286.45,25291.6,25285.75,25286.15,790466
1769143440,2026-01-23T10:14:00,25285.4,25289.8,25281.5,25281.7,1047978
1769143500,2026-01-23T10:15:00,25280.55,25288.05,25275.8,25283.3,893546
1769143560,2026-01-23T10:16:00,25283.0,25284.0,25268.4,25268.4,925415
1769143620,2026-01-23T10:17:00,25268.0,25270.75,25264.6,25268.4,658113
1769143680,2026-01-23T10:18:00,25268.85,25268.85,25251.55,25254.25,1113907
1769143740,2026-01-23T10:19:00,25254.05,25263.6,25252.6,25261.35,544705
1769143800,2026-01-23T10:20:00,25261.7,25263.8,25258.1,25261.25,788862
1769143860,2026-01-23T10:21:00,25261.3,25268.35,25260.25,25264.05,731881
1769143920,2026-01-23T10:22:00,25263.95,25266.75,25262.0,25265.9,600019
1769143980,2026-01-23T10:23:00,25266.25,25266.55,25259.85,25261.6,665978
1769144040,2026-01-23T10:24:00,25260.85,25264.85,25259.55,25264.2,581949
1769144100,2026-01-23T10:25:00,25265.15,25267.05,25262.9,25266.4,1326863
1769144160,2026-01-23T10:26:00,25266.25,25267.15,25260.8,25264.1,604986
1769144220,2026-01-23T10:27:00,25265.4,25273.0,25265.4,25271.55,2176959
1769144280,2026-01-23T10:28:00,25271.05,25290.65,25270.5,25288.7,702221
1769144340,2026-01-23T10:29:00,25288.0,25295.9,25285.45,25291.45,763072
1769144400,2026-01-23T10:30:00,25291.7,25304.95,25291.7,25303.15,1062833
1769144460,2026-01-23T10:31:00,25302.9,25320.8,25302.9,25319.2,1052734
1769144520,2026-01-23T10:32:00,25319.15,25319.15,25299.35,25299.35,766511
1769144580,2026-01-23T10:33:00,25298.85,25299.25,25286.7,25298.4,641418
1769144640,2026-01-23T10:34:00,25297.45,25307.25,25297.45,25303.8,499886
1769144700,2026-01-23T10:35:00,25303.55,25315.7,25302.3,25313.0,652106
1769144760,2026-01-23T10:36:00,25313.7,25313.7,25305.35,25305.35,432963
1769144820,2026-01-23T10:37:00,25305.45,25315.45,25305.1,25311.6,433201
1769144880,2026-01-23T10:38:00,25311.05,25311.3,25303.4,25304.05,511021
1769144940,2026-01-23T10:39:00,25304.55,25304.95,25298.95,25300.1,443652
1769145000,2026-01-23T10:40:00,25301.35,25310.2,25297.7,25297.7,699852
1769145060,2026-01-23T10:41:00,25297.9,25299.8,25292.7,25295.95,593301
1769145120,2026-01-23T10:42:00,25295.6,25300.85,25295.35,25297.0,568532
1769145180,2026-01-23T10:43:00,25296.95,25296.95,25286.45,25291.7,534803
1769145240,2026-01-23T10:44:00,25292.5,25296.15,25290.35,25293.35,525878
1769145300,2026-01-23T10:45:00,25293.25,25298.55,25292.95,25297.35,736121
1769145360,2026-01-23T10:46:00,25299.05,25300.4,25288.95,25289.15,757555
1769145420,2026-01-23T10:47:00,25289.65,25290.6,25280.25,25280.25,790038
1769145480,2026-01-23T10:48:00,25280.0,25282.75,25273.05,25273.25,575279
1769145540,2026-01-23T10:49:00,25272.95,25279.0,25270.45,25275.95,680420
1769145600,2026-01-23T10:50:00,25275.85,25285.25,25274.95,25283.7,613334
1769145660,2026-01-23T10:51:00,25284.5,25287.4,25279.2,25281.4,518661
1769145720,2026-01-23T10:52:00,25281.75,25281.95,25275.6,25276.95,553188
1769145780,2026-01-23T10:53:00,25276.4,25279.1,25273.5,25276.75,698452
1769145840,2026-01-23T10:54:00,25277.3,25283.2,25277.2,25278.05,712260
1769145900,2026-01-23T10:55:00,25278.25,25283.1,25277.65,25278.2,708689
1769145960,2026-01-23T10:56:00,25278.3,25279.55,25269.7,25271.0,908924
1769146020,2026-01-23T10:57:00,25271.6,25285.1,25271.3,25282.2,894129
1769146080,2026-01-23T10:58:00,25281.85,25282.6,25274.85,25275.2,988210
1769146140,2026-01-23T10:59:00,25275.1,25281.0,25273.85,25277.55,502031
1769146200,2026-01-23T11:00:00,25277.65,25285.55,25275.75,25279.7,814456
1769146260,2026-01-23T11:01:00,25279.3,25280.8,25272.5,25272.8,633074
1769146320,2026-01-23T11:02:00,25273.85,25276.85,25272.0,25272.25,879987
1769146380,2026-01-23T11:03:00,25271.9,25272.55,25267.05,25267.05,678005
1769146440,2026-01-23T11:04:00,25267.45,25270.0,25265.2,25265.8,870216
1769146500,2026-01-23T11:05:00,25265.0,25272.45,25262.1,25270.35,933242
1769146560,2026-01-23T11:06:00,25269.5,25274.8,25261.05,25274.7,951294
1769146620,2026-01-23T11:07:00,25274.0,25275.8,25268.05,25268.55,694807
1769146680,2026-01-23T11:08:00,25268.85,25275.45,25266.4,25273.8,630820
1769146740,2026-01-23T11:09:00,25274.1,25280.0,25272.1,25274.15,605341
1769146800,2026-01-23T11:10:00,25274.25,25283.55,25273.5,25281.6,655096
1769146860,2026-01-23T11:11:00,25281.45,25283.65,25278.85,25281.8,524935
1769146920,2026-01-23T11:12:00,25281.75,25292.3,25280.55,25290.25,681877
1769146980,2026-01-23T11:13:00,25291.0,25293.6,25288.25,25288.75,887339
1769147040,2026-01-23T11:14:00,25288.25,25289.95,25283.5,25284.9,750352
1769147100,2026-01-23T11:15:00,25285.3,25289.9,25277.35,25277.8,738032
1769147160,2026-01-23T11:16:00,25278.6,25281.2,25274.1,25280.85,631585
1769147220,2026-01-23T11:17:00,25282.35,25285.4,25281.05,25282.9,553452
1769147280,2026-01-23T11:18:00,25282.85,25284.05,25270.3,25270.6,1020710
1769147340,2026-01-23T11:19:00,25270.3,25272.7,25264.85,25265.25,542439
1769147400,2026-01-23T11:20:00,25265.1,25267.05,25260.45,25261.05,588720
1769147460,2026-01-23T11:21:00,25263.2,25263.2,25254.8,25261.1,770102
1769147520,2026-01-23T11:22:00,25262.15,25269.75,25260.1,25266.6,557736
1769147580,2026-01-23T11:23:00,25266.45,25273.4,25265.95,25270.75,836834
1769147640,2026-01-23T11:24:00,25270.45,25275.95,25264.75,25264.75,539614
1769147700,2026-01-23T11:25:00,25265.9,25275.95,25263.3,25270.95,589165
1769147760,2026-01-23T11:26:00,25271.45,25271.6,25266.6,25270.55,708980
1769147820,2026-01-23T11:27:00,25270.7,25277.35,25269.3,25274.1,506813
1769147880,2026-01-23T11:28:00,25274.15,25278.0,25274.0,25276.0,598185
1769147940,2026-01-23T11:29:00,25275.25,25278.2,25273.6,25275.3,678572
1769148000,2026-01-23T11:30:00,25275.85,25279.35,25272.8,25274.7,572984
1769148060,2026-01-23T11:31:00,25273.4,25274.55,25266.95,25268.25,950004
1769148120,2026-01-23T11:32:00,25268.4,25270.4,25265.0,25269.55,722426
1769148180,2026-01-23T11:33:00,25269.0,25269.0,25259.55,25260.25,1219196
1769148240,2026-01-23T11:34:00,25260.0,25261.0,25255.6,25256.4,789794
1769148300,2026-01-23T11:35:00,25256.45,25258.65,25251.2,25252.0,1054978
1769148360,2026-01-23T11:36:00,25251.35,25259.25,25251.0,25253.7,530682
1769148420,2026-01-23T11:37:00,25254.1,25255.1,25247.8,25249.0,2196801
1769148480,2026-01-23T11:38:00,25248.35,25250.95,25241.85,25242.05,614915
1769148540,2026-01-23T11:39:00,25242.15,25245.9,25229.0,25229.1,839246
1769148600,2026-01-23T11:40:00,25229.7,25230.55,25219.25,25221.8,846246
1769148660,2026-01-23T11:41:00,25223.15,25223.9,25212.4,25216.15,774333
1769148720,2026-01-23T11:42:00,25216.6,25224.35,25212.75,25216.35,915851
1769148780,2026-01-23T11:43:00,25216.3,25225.8,25216.3,25218.3,730770
1769148840,2026-01-23T11:44:00,25217.8,25218.3,25209.6,25211.6,684528
1769148900,2026-01-23T11:45:00,25211.45,25212.4,25204.2,25210.75,849173
1769148960,2026-01-23T11:46:00,25210.65,25215.8,25208.1,25210.4,800212
1769149020,2026-01-23T11:47:00,25210.8,25212.0,25204.1,25205.6,1371814
1769149080,2026-01-23T11:48:00,25204.75,25213.55,25203.95,25211.95,790953
1769149140,2026-01-23T11:49:00,25212.45,25212.8,25193.2,25193.35,655224
1769149200,2026-01-23T11:50:00,25193.45,25200.8,25190.95,25193.45,736722
1769149260,2026-01-23T11:51:00,25194.15,25207.0,25193.95,25203.9,763291
1769149320,2026-01-23T11:52:00,25204.45,25213.0,25202.05,25210.95,657000
1769149380,2026-01-23T11:53:00,25210.8,25224.65,25210.8,25216.1,494332
1769149440,2026-01-23T11:54:00,25216.0,25216.95,25206.65,25207.45,575714
1769149500,2026-01-23T11:55:00,25208.05,25210.25,25206.4,25208.4,680222
1769149560,2026-01-23T11:56:00,25206.65,25212.55,25203.05,25204.95,597575
1769149620,2026-01-23T11:57:00,25204.25,25211.05,25202.95,25209.0,526189
1769149680,2026-01-23T11:58:00,25208.4,25213.05,25207.7,25210.35,533279
1769149740,2026-01-23T11:59:00,25210.3,25218.15,25208.6,25215.2,577986
1769149800,2026-01-23T12:00:00,25214.75,25217.65,25209.75,25209.75,684873
1769149860,2026-01-23T12:01:00,25210.4,25210.65,25203.55,25204.95,454770
1769149920,2026-01-23T12:02:00,25205.1,25206.9,25198.15,25200.45,552411
1769149980,2026-01-23T12:03:00,25198.9,25218.95,25198.9,25217.7,692644
1769150040,2026-01-23T12:04:00,25217.2,25223.3,25217.1,25219.15,665610
1769150100,2026-01-23T12:05:00,25218.55,25218.55,25207.4,25207.8,599141
1769150160,2026-01-23T12:06:00,25207.7,25208.85,25200.2,25200.3,693269
1769150220,2026-01-23T12:07:00,25200.6,25201.5,25188.9,25189.5,705917
1769150280,2026-01-23T12:08:00,25189.1,25197.9,25189.1,25190.85,636206
1769150340,2026-01-23T12:09:00,25191.7,25192.75,25186.6,25189.55,972713
1769150400,2026-01-23T12:10:00,25190.85,25194.25,25188.05,25190.3,847617
1769150460,2026-01-23T12:11:00,25189.95,25195.3,25188.45,25192.25,1263347
1769150520,2026-01-23T12:12:00,25190.75,25195.8,25188.45,25194.2,726094
1769150580,2026-01-23T12:13:00,25193.85,25194.1,25187.55,25187.7,691352
1769150640,2026-01-23T12:14:00,25187.75,25190.1,25183.65,25185.2,863762
1769150700,2026-01-23T12:15:00,25185.95,25194.7,25185.95,25193.1,1069324
1769150760,2026-01-23T12:16:00,25192.8,25209.05,25192.8,25207.4,1289323
1769150820,2026-01-23T12:17:00,25207.65,25208.7,25200.2,25208.5,632698
1769150880,2026-01-23T12:18:00,25208.25,25209.5,25202.25,25204.95,759049
1769150940,2026-01-23T12:19:00,25204.35,25220.35,25204.05,25219.6,1517849
1769151000,2026-01-23T12:20:00,25220.35,25222.95,25216.4,25216.55,813440
1769151060,2026-01-23T12:21:00,25217.05,25218.6,25210.35,25211.85,660027
1769151120,2026-01-23T12:22:00,25212.3,25215.0,25204.1,25205.5,617692
1769151180,2026-01-23T12:23:00,25204.85,25211.8,25204.45,25211.6,571810
1769151240,2026-01-23T12:24:00,25211.55,25213.9,25203.4,25203.65,1468861
1769151300,2026-01-23T12:25:00,25204.55,25204.65,25198.05,25202.7,774016
1769151360,2026-01-23T12:26:00,25204.1,25206.55,25198.4,25198.7,523194
1769151420,2026-01-23T12:27:00,25198.8,25203.6,25194.0,25203.05,666856
1769151480,2026-01-23T12:28:00,25201.85,25218.05,25200.85,25215.2,737302
1769151540,2026-01-23T12:29:00,25215.2,25215.55,25204.3,25205.65,763836
1769151600,2026-01-23T12:30:00,25205.3,25209.55,25202.05,25205.2,556876
1769151660,2026-01-23T12:31:00,25205.15,25210.4,25200.4,25200.95,758752
1769151720,2026-01-23T12:32:00,25201.05,25210.75,25199.45,25209.4,804140
1769151780,2026-01-23T12:33:00,25209.0,25220.5,25208.2,25215.55,731345
1769151840,2026-01-23T12:34:00,25214.9,25217.75,25210.55,25211.15,538522
1769151900,2026-01-23T12:35:00,25210.0,25212.9,25202.6,25205.5,497040
1769151960,2026-01-23T12:36:00,25205.2,25212.6,25203.4,25211.6,698853
1769152020,2026-01-23T12:37:00,25211.15,25216.0,25210.4,25212.05,654289
1769152080,2026-01-23T12:38:00,25211.15,25215.1,25210.5,25214.85,523388
1769152140,2026-01-23T12:39:00,25214.6,25217.8,25212.35,25216.65,633239
1769152200,2026-01-23T12:40:00,25216.55,25218.35,25211.15,25211.7,603221
1769152260,2026-01-23T12:41:00,25211.7,25214.35,25207.05,25214.35,523242
1769152320,2026-01-23T12:42:00,25214.1,25236.6,25213.25,25223.55,1141438
1769152380,2026-01-23T12:43:00,25223.95,25232.5,25222.65,25230.55,622365
1769152440,2026-01-23T12:44:00,25229.9,25231.9,25221.3,25223.05,523884
1769152500,2026-01-23T12:45:00,25223.3,25239.35,25221.5,25238.75,864988
1769152560,2026-01-23T12:46:00,25239.15,25243.8,25231.05,25235.85,1231362
1769152620,2026-01-23T12:47:00,25235.8,25236.45,25217.5,25218.9,829435
1769152680,2026-01-23T12:48:00,25219.4,25220.4,25211.0,25211.45,1097816
1769152740,2026-01-23T12:49:00,25211.75,25215.65,25208.15,25210.75,669414
1769152800,2026-01-23T12:50:00,25212.05,25214.25,25206.1,25208.05,483317
1769152860,2026-01-23T12:51:00,25208.25,25209.1,25202.2,25208.2,796679
1769152920,2026-01-23T12:52:00,25208.5,25215.1,25208.05,25208.25,1119588
1769152980,2026-01-23T12:53:00,25208.35,25219.85,25206.85,25216.2,879403
1769153040,2026-01-23T12:54:00,25216.9,25229.75,25215.65,25229.1,505866
1769153100,2026-01-23T12:55:00,25229.75,25229.75,25222.15,25225.4,524675
1769153160,2026-01-23T12:56:00,25225.05,25226.35,25218.5,25219.45,1743209
1769153220,2026-01-23T12:57:00,25218.55,25221.55,25211.95,25212.55,699913
1769153280,2026-01-23T12:58:00,25211.65,25214.45,25209.55,25212.75,946490
1769153340,2026-01-23T12:59:00,25213.4,25214.5,25200.9,25202.95,1012957
1769153400,2026-01-23T13:00:00,25203.95,25204.75,25191.7,25191.8,831747
1769153460,2026-01-23T13:01:00,25191.7,25199.75,25191.7,25196.9,1015388
1769153520,2026-01-23T13:02:00,25196.65,25213.3,25194.75,25204.15,1123639
1769153580,2026-01-23T13:03:00,25204.5,25207.15,25196.95,25200.0,676173
1769153640,2026-01-23T13:04:00,25198.9,25202.3,25194.2,25194.3,700995
1769153700,2026-01-23T13:05:00,25194.05,25198.5,25189.9,25191.25,609543
1769153760,2026-01-23T13:06:00,25191.35,25192.6,25186.35,25191.55,725244
1769153820,2026-01-23T13:07:00,25191.25,25194.9,25186.75,25186.8,873374
1769153880,2026-01-23T13:08:00,25187.25,25189.0,25180.95,25182.35,863043
1769153940,2026-01-23T13:09:00,25182.0,25190.6,25180.25,25187.25,1147061
1769154000,2026-01-23T13:10:00,25187.75,25195.0,25183.9,25194.95,969171
1769154060,2026-01-23T13:11:00,25195.15,25200.35,25191.85,25193.7,944540
1769154120,2026-01-23T13:12:00,25193.25,25194.35,25189.0,25193.1,892008
1769154180,2026-01-23T13:13:00,25193.3,25193.85,25184.8,25184.8,1286459
1769154240,2026-01-23T13:14:00,25187.55,25199.15,25185.4,25196.4,1064184
1769154300,2026-01-23T13:15:00,25196.65,25197.35,25169.2,25171.1,1490071
1769154360,2026-01-23T13:16:00,25170.7,25175.1,25162.55,25163.75,894901
1769154420,2026-01-23T13:17:00,25163.95,25167.05,25153.35,25157.75,1093060
1769154480,2026-01-23T13:18:00,25157.2,25158.15,25142.65,25154.2,1149684
1769154540,2026-01-23T13:19:00,25155.25,25158.2,25146.85,25148.95,884972
1769154600,2026-01-23T13:20:00,25148.55,25149.55,25140.85,25141.7,845342
1769154660,2026-01-23T13:21:00,25142.4,25145.8,25136.7,25139.3,623187
1769154720,2026-01-23T13:22:00,25138.6,25138.75,25130.5,25137.25,1063410
1769154780,2026-01-23T13:23:00,25138.25,25144.0,25131.35,25131.5,903980
1769154840,2026-01-23T13:24:00,25131.85,25135.85,25124.65,25128.0,698384
1769154900,2026-01-23T13:25:00,25127.75,25146.65,25127.75,25138.55,925494
1769154960,2026-01-23T13:26:00,25139.0,25148.25,25136.65,25136.75,576806
1769155020,2026-01-23T13:27:00,25137.4,25137.95,25126.2,25134.7,839928
1769155080,2026-01-23T13:28:00,25134.55,25136.1,25124.95,25131.1,854220
1769155140,2026-01-23T13:29:00,25131.5,25131.6,25120.8,25124.6,715849
1769155200,2026-01-23T13:30:00,25125.6,25125.8,25092.95,25095.3,1155196
1769155260,2026-01-23T13:31:00,25093.9,25095.5,25077.75,25077.75,1308888
1769155320,2026-01-23T13:32:00,25077.95,25083.5,25070.15,25072.1,982174
1769155380,2026-01-23T13:33:00,25073.3,25089.1,25071.2,25078.5,893409
1769155440,2026-01-23T13:34:00,25077.15,25079.4,25067.8,25070.65,1271003
1769155500,2026-01-23T13:35:00,25072.25,25077.15,25064.0,25072.05,1145821
1769155560,2026-01-23T13:36:00,25071.3,25073.4,25060.35,25062.9,963794
1769155620,2026-01-23T13:37:00,25062.9,25066.4,25058.7,25062.1,1308952
1769155680,2026-01-23T13:38:00,25061.7,25065.15,25060.45,25063.05,692511
1769155740,2026-01-23T13:39:00,25062.8,25064.75,25056.2,25062.55,990844
1769155800,2026-01-23T13:40:00,25063.3,25081.4,25062.05,25076.35,1092868
1769155860,2026-01-23T13:41:00,25076.45,25077.2,25063.85,25065.8,1222339
1769155920,2026-01-23T13:42:00,25065.8,25066.45,25056.45,25058.65,1086217
1769155980,2026-01-23T13:43:00,25058.9,25061.5,25055.9,25060.45,850936
1769156040,2026-01-23T13:44:00,25060.1,25063.65,25047.75,25049.55,937855
1769156100,2026-01-23T13:45:00,25049.25,25053.0,25043.85,25053.0,873700
1769156160,2026-01-23T13:46:00,25053.2,25057.3,25046.4,25053.15,847758
1769156220,2026-01-23T13:47:00,25052.7,25067.5,25052.7,25062.55,766176
1769156280,2026-01-23T13:48:00,25063.25,25063.25,25053.15,25062.7,742869
1769156340,2026-01-23T13:49:00,25062.85,25064.25,25057.1,25057.1,795876
1769156400,2026-01-23T13:50:00,25057.45,25058.95,25050.8,25055.05,745104
1769156460,2026-01-23T13:51:00,25055.25,25058.1,25050.35,25056.3,966542
1769156520,2026-01-23T13:52:00,25055.7,25060.15,25054.55,25059.4,1060340
1769156580,2026-01-23T13:53:00,25060.25,25064.3,25057.55,25062.1,980338
1769156640,2026-01-23T13:54:00,25062.1,25068.4,25061.7,25063.7,973829
1769156700,2026-01-23T13:55:00,25063.25,25070.5,25054.0,25054.0,766918
1769156760,2026-01-23T13:56:00,25054.8,25065.85,25053.9,25065.3,886454
1769156820,2026-01-23T13:57:00,25063.4,25064.25,25046.9,25049.5,872762
1769156880,2026-01-23T13:58:00,25050.0,25055.2,25046.75,25054.55,1140805
1769156940,2026-01-23T13:59:00,25056.0,25056.35,25048.2,25049.95,655446
1769157000,2026-01-23T14:00:00,25049.8,25058.05,25046.8,25054.2,1180778
1769157060,2026-01-23T14:01:00,25054.85,25058.65,25049.8,25057.25,1202454
1769157120,2026-01-23T14:02:00,25057.9,25068.45,25057.9,25060.3,1565842
1769157180,2026-01-23T14:03:00,25059.4,25067.0,25059.35,25065.2,703369
1769157240,2026-01-23T14:04:00,25065.15,25067.5,25063.85,25065.3,876199
1769157300,2026-01-23T14:05:00,25065.65,25075.25,25062.9,25065.1,1347136
1769157360,2026-01-23T14:06:00,25064.75,25064.75,25054.2,25057.65,946255
1769157420,2026-01-23T14:07:00,25057.1,25061.35,25054.8,25055.5,807740
1769157480,2026-01-23T14:08:00,25056.1,25059.2,25051.85,25059.2,720824
1769157540,2026-01-23T14:09:00,25058.9,25070.35,25058.9,25067.7,1041811
1769157600,2026-01-23T14:10:00,25068.15,25069.9,25057.75,25058.25,834257
1769157660,2026-01-23T14:11:00,25058.1,25064.5,25057.25,25062.65,1030374
1769157720,2026-01-23T14:12:00,25062.3,25065.55,25056.4,25065.25,886597
1769157780,2026-01-23T14:13:00,25064.8,25076.85,25060.8,25076.35,1006651
1769157840,2026-01-23T14:14:00,25076.8,25078.05,25063.4,25063.4,844395
1769157900,2026-01-23T14:15:00,25064.05,25095.15,25061.0,25090.65,1386361
1769157960,2026-01-23T14:16:00,25091.7,25091.7,25079.15,25080.15,1229300
1769158020,2026-01-23T14:17:00,25080.5,25081.9,25062.85,25063.95,1254270
1769158080,2026-01-23T14:18:00,25064.6,25064.8,25053.15,25059.7,1377863
1769158140,2026-01-23T14:19:00,25059.8,25068.0,25058.2,25060.1,1137804
1769158200,2026-01-23T14:20:00,25060.15,25066.9,25058.35,25059.65,1313881
1769158260,2026-01-23T14:21:00,25060.2,25061.9,25045.05,25046.95,1143889
1769158320,2026-01-23T14:22:00,25048.2,25048.2,25041.0,25042.55,806522
1769158380,2026-01-23T14:23:00,25042.45,25054.05,25041.55,25053.7,950994
1769158440,2026-01-23T14:24:00,25053.2,25053.2,25043.45,25044.75,728864
1769158500,2026-01-23T14:25:00,25045.2,25053.25,25043.95,25049.75,1001802
1769158560,2026-01-23T14:26:00,25048.8,25068.75,25046.0,25068.75,1038055
1769158620,2026-01-23T14:27:00,25068.55,25080.55,25066.35,25080.1,1437386
1769158680,2026-01-23T14:28:00,25081.1,25089.65,25071.6,25071.6,1079316
1769158740,2026-01-23T14:29:00,25072.65,25074.15,25065.55,25069.35,1850388
1769158800,2026-01-23T14:30:00,25069.95,25078.3,25068.2,25077.85,1576495
1769158860,2026-01-23T14:31:00,25077.75,25081.25,25074.0,25077.8,1274409
1769158920,2026-01-23T14:32:00,25078.8,25078.8,25070.5,25076.5,1134560
1769158980,2026-01-23T14:33:00,25078.3,25098.35,25078.3,25098.1,1503560
1769159040,2026-01-23T14:34:00,25098.2,25100.15,25085.35,25088.75,1221510
1769159100,2026-01-23T14:35:00,25088.25,25094.65,25085.35,25087.05,1319561
1769159160,2026-01-23T14:36:00,25087.1,25087.95,25078.0,25078.2,1002459
1769159220,2026-01-23T14:37:00,25078.65,25082.65,25075.8,25078.5,1484157
1769159280,2026-01-23T14:38:00,25078.95,25080.7,25063.7,25075.85,1124694
1769159340,2026-01-23T14:39:00,25072.5,25091.2,25067.5,25088.2,1180151
1769159400,2026-01-23T14:40:00,25087.15,25096.45,25086.85,25094.55,1124947
1769159460,2026-01-23T14:41:00,25094.35,25107.05,25093.45,25105.45,1408289
1769159520,2026-01-23T14:42:00,25105.9,25105.9,25093.1,25095.45,1113300
1769159580,2026-01-23T14:43:00,25094.8,25107.8,25093.65,25100.85,1027284
1769159640,2026-01-23T14:44:00,25101.2,25101.2,25083.65,25083.65,1170631
1769159700,2026-01-23T14:45:00,25089.15,25100.8,25078.15,25080.8,1422997
1769159760,2026-01-23T14:46:00,25081.8,25089.6,25081.1,25084.5,1160911
1769159820,2026-01-23T14:47:00,25085.0,25087.05,25078.15,25080.6,947609
1769159880,2026-01-23T14:48:00,25080.4,25081.4,25064.9,25065.25,1203208
1769159940,2026-01-23T14:49:00,25065.25,25069.55,25057.3,25058.35,1111167
1769160000,2026-01-23T14:50:00,25058.15,25069.55,25058.15,25059.3,1075739
1769160060,2026-01-23T14:51:00,25059.8,25078.5,25059.5,25076.15,976692
1769160120,2026-01-23T14:52:00,25077.5,25085.8,25077.05,25084.15,788840
1769160180,2026-01-23T14:53:00,25084.0,25085.45,25076.9,25078.65,940559
1769160240,2026-01-23T14:54:00,25078.6,25081.7,25074.45,25077.05,1643050
1769160300,2026-01-23T14:55:00,25079.35,25104.65,25079.35,25096.0,1608157
1769160360,2026-01-23T14:56:00,25095.35,25099.85,25092.65,25097.5,1120911
1769160420,2026-01-23T14:57:00,25094.15,25105.35,25092.1,25101.85,984674
1769160480,2026-01-23T14:58:00,25102.9,25106.15,25090.05,25091.45,1295417
1769160540,2026-01-23T14:59:00,25092.4,25099.05,25086.85,25090.65,1118986
1769160600,2026-01-23T15:00:00,25093.9,25096.0,25070.1,25071.15,2709169
1769160660,2026-01-23T15:01:00,25070.05,25075.45,25063.15,25065.0,1956790
1769160720,2026-01-23T15:02:00,25064.4,25065.4,25055.85,25057.3,2132181
1769160780,2026-01-23T15:03:00,25056.95,25071.4,25056.95,25068.6,1790205
1769160840,2026-01-23T15:04:00,25068.35,25068.7,25060.25,25060.25,1812759
1769160900,2026-01-23T15:05:00,25060.55,25061.0,25051.25,25059.0,2230202
1769160960,2026-01-23T15:06:00,25059.0,25061.05,25051.1,25055.25,1636010
1769161020,2026-01-23T15:07:00,25054.7,25055.85,25051.15,25053.2,1729526
1769161080,2026-01-23T15:08:00,25053.1,25056.4,25050.75,25050.75,1667708
1769161140,2026-01-23T15:09:00,25051.55,25051.55,25028.25,25029.95,2184284
1769161200,2026-01-23T15:10:00,25031.9,25047.2,25029.9,25045.6,2610034
1769161260,2026-01-23T15:11:00,25045.3,25045.75,25035.3,25036.95,1604099
1769161320,2026-01-23T15:12:00,25037.55,25038.95,25034.0,25036.4,1581234
1769161380,2026-01-23T15:13:00,25035.8,25040.5,25033.9,25037.3,2215344
1769161440,2026-01-23T15:14:00,25038.5,25048.7,25037.25,25045.85,3225305
1769161500,2026-01-23T15:15:00,25046.5,25062.85,25045.65,25061.1,2588533
1769161560,2026-01-23T15:16:00,25061.6,25062.5,25050.4,25053.45,2235417
1769161620,2026-01-23T15:17:00,25052.4,25056.1,25042.35,25043.6,2103792
1769161680,2026-01-23T15:18:00,25044.45,25044.45,25025.3,25031.25,2745734
1769161740,2026-01-23T15:19:00,25031.65,25041.1,25027.15,25039.25,2249343
1769161800,2026-01-23T15:20:00,25040.85,25044.55,25037.55,25040.65,2938580
1769161860,2026-01-23T15:21:00,25040.65,25042.15,25035.0,25036.35,2662036
1769161920,2026-01-23T15:22:00,25037.15,25041.45,25034.7,25038.95,2304905
1769161980,2026-01-23T15:23:00,25038.55,25044.75,25037.4,25042.35,2558092
1769162040,2026-01-23T15:24:00,25043.7,25049.8,25038.4,25048.0,2763521
1769162100,2026-01-23T15:25:00,25049.6,25056.4,25045.9,25049.65,3249486
1769162160,2026-01-23T15:26:00,25051.0,25056.7,25048.75,25049.1,2127151
1769162220,2026-01-23T15:27:00,25050.35,25056.6,25048.35,25053.75,2985055
1769162280,2026-01-23T15:28:00,25054.3,25066.55,25051.95,25059.5,2326463
1769162340,2026-01-23T15:29:00,25060.45,25074.5,25052.8,25064.75,1679145
1769485500,2026-01-27T09:15:00,25063.35,25126.3,25043.8,25113.05,14635503
1769485560,2026-01-27T09:16:00,25114.6,25115.85,25051.75,25053.25,7869522
1769485620,2026-01-27T09:17:00,25047.4,25049.5,25006.3,25010.05,5415348
1769485680,2026-01-27T09:18:00,25011.3,25055.8,25008.65,25036.2,4849691
1769485740,2026-01-27T09:19:00,25036.35,25040.3,25009.95,25009.95,3497370
1769485800,2026-01-27T09:20:00,25007.5,25008.7,24962.75,24981.3,4527792
1769485860,2026-01-27T09:21:00,24982.05,24982.05,24941.35,24944.85,4467590
1769485920,2026-01-27T09:22:00,24944.45,24981.0,24937.55,24962.4,3258018
1769485980,2026-01-27T09:23:00,24963.5,24978.55,24951.25,24954.7,2476488
1769486040,2026-01-27T09:24:00,24952.25,24953.4,24942.3,24946.4,2579481
1769486100,2026-01-27T09:25:00,24946.3,24948.6,24939.0,24940.7,3045050
1769486160,2026-01-27T09:26:00,24940.4,24956.1,24932.55,24950.05,2590173
1769486220,2026-01-27T09:27:00,24947.55,24970.7,24939.95,24967.2,2378898
1769486280,2026-01-27T09:28:00,24968.1,24968.85,24954.3,24961.0,2864559
1769486340,2026-01-27T09:29:00,24959.2,24960.35,24951.05,24958.55,1564941
1769486400,2026-01-27T09:30:00,24958.4,24975.65,24942.15,24944.4,2999037
1769486460,2026-01-27T09:31:00,24943.9,24976.1,24940.2,24968.65,2253359
1769486520,2026-01-27T09:32:00,24967.35,24975.95,24954.35,24958.4,1596448
1769486580,2026-01-27T09:33:00,24958.25,24989.85,24947.2,24989.85,2384074
1769486640,2026-01-27T09:34:00,24984.0,25000.2,24976.5,24989.5,2445652
1769486700,2026-01-27T09:35:00,24989.95,25020.55,24977.8,25020.55,2433581
1769486760,2026-01-27T09:36:00,25019.6,25022.5,25005.95,25015.55,2128518
1769486820,2026-01-27T09:37:00,25015.6,25040.3,25010.95,25035.4,2190982
1769486880,2026-01-27T09:38:00,25036.4,25082.75,25031.8,25082.75,2639319
1769486940,2026-01-27T09:39:00,25084.05,25095.15,25076.9,25091.5,1771004
1769487000,2026-01-27T09:40:00,25090.65,25094.1,25074.5,25090.85,2187101
1769487060,2026-01-27T09:41:00,25091.5,25093.25,25071.2,25071.65,1811461
1769487120,2026-01-27T09:42:00,25071.5,25097.4,25064.75,25083.5,2234327
1769487180,2026-01-27T09:43:00,25083.1,25141.85,25082.85,25141.5,2520659
1769487240,2026-01-27T09:44:00,25140.25,25147.6,25134.8,25147.6,2208954
1769487300,2026-01-27T09:45:00,25148.8,25151.0,25135.1,25143.8,2465673
1769487360,2026-01-27T09:46:00,25142.5,25145.25,25125.1,25125.1,1436364
1769487420,2026-01-27T09:47:00,25126.1,25161.35,25121.0,25160.45,1865978
1769487480,2026-01-27T09:48:00,25159.9,25161.85,25147.1,25154.45,1488677
1769487540,2026-01-27T09:49:00,25154.3,25154.95,25138.8,25152.2,1350803
1769487600,2026-01-27T09:50:00,25151.75,25155.9,25141.65,25142.45,1232099
1769487660,2026-01-27T09:51:00,25142.2,25154.35,25142.05,25154.25,1376588
1769487720,2026-01-27T09:52:00,25153.65,25158.75,25149.0,25153.05,1221284
1769487780,2026-01-27T09:53:00,25152.85,25152.85,25129.25,25144.0,1227707
1769487840,2026-01-27T09:54:00,25143.65,25146.55,25126.4,25137.25,1107817
1769487900,2026-01-27T09:55:00,25139.05,25141.3,25127.7,25129.95,1264970
1769487960,2026-01-27T09:56:00,25129.5,25131.0,25102.0,25109.3,1404475
1769488020,2026-01-27T09:57:00,25110.85,25123.7,25109.45,25118.85,1196921
1769488080,2026-01-27T09:58:00,25117.9,25119.45,25105.25,25107.25,1087460
1769488140,2026-01-27T09:59:00,25109.65,25113.3,25100.95,25108.9,1032594
1769488200,2026-01-27T10:00:00,25111.0,25140.2,25111.0,25139.8,2037508
1769488260,2026-01-27T10:01:00,25138.35,25152.35,25136.0,25151.4,1326116
1769488320,2026-01-27T10:02:00,25150.9,25152.05,25130.05,25130.55,1325621
1769488380,2026-01-27T10:03:00,25131.75,25140.8,25129.3,25139.5,856069
1769488440,2026-01-27T10:04:00,25139.75,25141.1,25129.1,25130.3,1092306
1769488500,2026-01-27T10:05:00,25130.2,25133.2,25122.15,25126.05,1432297
1769488560,2026-01-27T10:06:00,25126.45,25127.7,25102.25,25102.85,1011908
1769488620,2026-01-27T10:07:00,25104.2,25108.05,25100.4,25102.6,780706
1769488680,2026-01-27T10:08:00,25103.45,25104.05,25083.35,25085.0,986856
1769488740,2026-01-27T10:09:00,25084.35,25104.75,25084.05,25099.45,854038
1769488800,2026-01-27T10:10:00,25099.9,25106.85,25087.7,25088.75,971157
1769488860,2026-01-27T10:11:00,25088.4,25108.25,25086.9,25108.0,1121825
1769488920,2026-01-27T10:12:00,25107.75,25131.6,25105.5,25107.95,1652259
1769488980,2026-01-27T10:13:00,25108.15,25115.6,25102.7,25114.8,1790759
1769489040,2026-01-27T10:14:00,25114.1,25130.95,25112.95,25128.45,1731784
1769489100,2026-01-27T10:15:00,25129.35,25138.8,25123.5,25129.65,1357733
1769489160,2026-01-27T10:16:00,25130.2,25146.6,25126.05,25145.4,1297568
1769489220,2026-01-27T10:17:00,25144.35,25166.3,25143.0,25165.9,2154858
1769489280,2026-01-27T10:18:00,25165.45,25171.45,25161.2,25166.7,1315236
1769489340,2026-01-27T10:19:00,25166.1,25184.95,25164.0,25176.6,1343885
1769489400,2026-01-27T10:20:00,25177.0,25179.0,25165.75,25170.2,888217
1769489460,2026-01-27T10:21:00,25169.15,25171.95,25162.35,25168.05,821762
1769489520,2026-01-27T10:22:00,25167.95,25174.35,25166.8,25171.0,886251
1769489580,2026-01-27T10:23:00,25171.05,25172.4,25164.5,25165.1,2595432
1769489640,2026-01-27T10:24:00,25165.8,25169.8,25158.4,25161.55,1121957
1769489700,2026-01-27T10:25:00,25161.2,25172.35,25158.1,25164.05,1202017
1769489760,2026-01-27T10:26:00,25163.6,25166.2,25158.2,25161.75,1222651
1769489820,2026-01-27T10:27:00,25161.65,25163.85,25151.25,25158.05,932306
1769489880,2026-01-27T10:28:00,25158.7,25160.3,25139.45,25139.55,934192
1769489940,2026-01-27T10:29:00,25141.0,25141.75,25117.3,25117.7,1359929
1769490000,2026-01-27T10:30:00,25117.7,25133.4,25117.7,25123.85,942043
1769490060,2026-01-27T10:31:00,25124.0,25127.95,25114.0,25114.2,902068
1769490120,2026-01-27T10:32:00,25113.75,25123.5,25106.9,25121.45,1072487
1769490180,2026-01-27T10:33:00,25121.4,25122.2,25105.75,25116.1,769759
1769490240,2026-01-27T10:34:00,25116.35,25129.65,25116.35,25128.65,1517964
1769490300,2026-01-27T10:35:00,25128.3,25131.55,25119.8,25122.35,833976
1769490360,2026-01-27T10:36:00,25122.0,25122.0,25109.55,25114.9,1705288
1769490420,2026-01-27T10:37:00,25113.7,25121.15,25113.0,25113.2,1251184
1769490480,2026-01-27T10:38:00,25114.0,25117.15,25108.7,25115.55,923808
1769490540,2026-01-27T10:39:00,25114.8,25122.25,25110.3,25110.65,1037739
1769490600,2026-01-27T10:40:00,25112.1,25112.35,25088.1,25095.65,1876933
1769490660,2026-01-27T10:41:00,25094.35,25095.2,25055.75,25055.75,1489308
1769490720,2026-01-27T10:42:00,25055.45,25061.9,25047.55,25047.55,1312581
1769490780,2026-01-27T10:43:00,25045.4,25049.75,25038.55,25039.45,1292133
1769490840,2026-01-27T10:44:00,25039.7,25042.95,25019.7,25030.0,1319898
1769490900,2026-01-27T10:45:00,25028.85,25037.8,25021.05,25027.6,1101185
1769490960,2026-01-27T10:46:00,25028.65,25033.4,25024.25,25026.6,908176
1769491020,2026-01-27T10:47:00,25026.65,25030.4,25015.8,25021.7,1373680
1769491080,2026-01-27T10:48:00,25021.05,25026.6,25012.45,25018.45,908759
1769491140,2026-01-27T10:49:00,25018.7,25044.75,25018.35,25041.35,1231330
1769491200,2026-01-27T10:50:00,25041.6,25041.6,25018.6,25020.95,839499
1769491260,2026-01-27T10:51:00,25020.95,25020.95,25007.2,25007.2,1013159
1769491320,2026-01-27T10:52:00,25009.6,25010.4,25000.2,25002.1,1349603
1769491380,2026-01-27T10:53:00,25001.9,25008.95,24987.45,24988.2,1534391
1769491440,2026-01-27T10:54:00,24989.9,24995.05,24979.2,24994.7,1566193
1769491500,2026-01-27T10:55:00,24996.4,25001.8,24985.1,24997.0,1900453
1769491560,2026-01-27T10:56:00,24996.8,24997.8,24986.6,24987.1,868539
1769491620,2026-01-27T10:57:00,24988.0,25007.6,24986.35,25006.4,1501704
1769491680,2026-01-27T10:58:00,25007.2,25011.4,24991.55,24993.1,1099897
1769491740,2026-01-27T10:59:00,24993.65,24995.55,24979.05,24983.25,1353917
1769491800,2026-01-27T11:00:00,24983.85,24995.15,24980.0,24984.95,2362478
1769491860,2026-01-27T11:01:00,24984.7,24997.95,24984.6,24991.55,888497
1769491920,2026-01-27T11:02:00,24991.7,25011.45,24991.7,25001.35,1366961
1769491980,2026-01-27T11:03:00,25001.8,25005.0,24991.85,24998.55,914073
1769492040,2026-01-27T11:04:00,24997.95,25021.5,24997.95,25011.05,1376015
1769492100,2026-01-27T11:05:00,25008.8,25014.6,25001.5,25008.55,1605740
1769492160,2026-01-27T11:06:00,25008.3,25008.9,24998.2,25005.05,984236
1769492220,2026-01-27T11:07:00,25003.35,25004.25,24994.05,24998.4,1035489
1769492280,2026-01-27T11:08:00,24997.75,25010.05,24997.5,25009.6,1049656
1769492340,2026-01-27T11:09:00,25011.05,25039.8,25011.05,25019.25,2326458
1769492400,2026-01-27T11:10:00,25019.95,25022.95,25014.35,25017.35,1301785
1769492460,2026-01-27T11:11:00,25017.1,25025.1,25013.8,25017.45,1053547
1769492520,2026-01-27T11:12:00,25017.9,25029.95,25016.75,25023.3,1043365
1769492580,2026-01-27T11:13:00,25023.7,25030.3,25015.15,25021.55,938148
1769492640,2026-01-27T11:14:00,25021.9,25029.4,25018.25,25029.4,624990
1769492700,2026-01-27T11:15:00,25029.05,25035.1,25022.1,25024.0,833730
1769492760,2026-01-27T11:16:00,25023.75,25036.0,25023.4,25034.0,1099546
1769492820,2026-01-27T11:17:00,25036.05,25052.95,25036.05,25042.1,1377144
1769492880,2026-01-27T11:18:00,25041.65,25050.2,25040.65,25050.2,823566
1769492940,2026-01-27T11:19:00,25050.5,25057.1,25047.0,25048.05,685876
1769493000,2026-01-27T11:20:00,25049.8,25054.45,25044.9,25044.9,2124963
1769493060,2026-01-27T11:21:00,25044.25,25064.85,25043.1,25053.1,2311253
1769493120,2026-01-27T11:22:00,25053.25,25056.45,25040.55,25041.0,752583
1769493180,2026-01-27T11:23:00,25042.3,25056.6,25041.0,25050.55,699589
1769493240,2026-01-27T11:24:00,25051.35,25054.05,25037.15,25039.4,1557992
1769493300,2026-01-27T11:25:00,25038.65,25040.6,25030.95,25036.65,995083
1769493360,2026-01-27T11:26:00,25037.05,25058.85,25033.95,25056.1,1121615
1769493420,2026-01-27T11:27:00,25055.85,25055.85,25039.55,25042.2,781969
1769493480,2026-01-27T11:28:00,25042.35,25064.6,25041.75,25064.6,968452
1769493540,2026-01-27T11:29:00,25064.4,25066.65,25051.15,25057.7,722287
1769493600,2026-01-27T11:30:00,25057.75,25079.75,25054.95,25078.55,1614799
1769493660,2026-01-27T11:31:00,25079.55,25084.8,25079.05,25082.7,1001198
1769493720,2026-01-27T11:32:00,25082.15,25082.75,25066.65,25066.75,862087
1769493780,2026-01-27T11:33:00,25068.1,25073.3,25067.7,25071.25,795774
1769493840,2026-01-27T11:34:00,25071.45,25071.95,25052.55,25063.0,660358
1769493900,2026-01-27T11:35:00,25063.0,25074.85,25062.85,25074.85,770154
1769493960,2026-01-27T11:36:00,25074.65,25075.6,25064.7,25066.7,722365
1769494020,2026-01-27T11:37:00,25066.55,25079.4,25065.05,25078.8,1416804
1769494080,2026-01-27T11:38:00,25076.85,25080.45,25073.25,25076.65,1013572
1769494140,2026-01-27T11:39:00,25077.8,25091.65,25077.05,25090.5,873830
1769494200,2026-01-27T11:40:00,25091.0,25093.35,25079.45,25088.45,1222505
1769494260,2026-01-27T11:41:00,25088.75,25112.6,25088.75,25112.6,1218468
1769494320,2026-01-27T11:42:00,25114.1,25126.55,25104.1,25124.05,1146734
1769494380,2026-01-27T11:43:00,25125.2,25145.75,25124.65,25143.9,1674737
1769494440,2026-01-27T11:44:00,25143.6,25157.85,25139.05,25154.65,1569673
1769494500,2026-01-27T11:45:00,25154.15,25162.05,25145.2,25159.6,1450534
1769494560,2026-01-27T11:46:00,25159.85,25160.15,25137.75,25142.6,3976157
1769494620,2026-01-27T11:47:00,25143.7,25152.6,25141.8,25149.35,1224585
1769494680,2026-01-27T11:48:00,25149.35,25150.25,25114.7,25114.7,1330136
1769494740,2026-01-27T11:49:00,25114.15,25122.75,25107.75,25108.15,1581364
1769494800,2026-01-27T11:50:00,25109.4,25109.7,25097.8,25103.25,1078552
1769494860,2026-01-27T11:51:00,25102.8,25104.15,25084.2,25103.5,1222082
1769494920,2026-01-27T11:52:00,25103.75,25109.2,25099.45,25104.9,686312
1769494980,2026-01-27T11:53:00,25104.6,25108.0,25096.55,25096.85,792217
1769495040,2026-01-27T11:54:00,25097.55,25098.45,25086.05,25086.75,757784
1769495100,2026-01-27T11:55:00,25088.55,25094.05,25083.6,25084.4,781526
1769495160,2026-01-27T11:56:00,25085.05,25096.2,25085.0,25095.35,1038874
1769495220,2026-01-27T11:57:00,25095.85,25102.95,25094.8,25099.65,683156
1769495280,2026-01-27T11:58:00,25099.15,25116.95,25099.15,25113.6,1250269
1769495340,2026-01-27T11:59:00,25113.9,25113.9,25100.3,25103.65,1023071
1769495400,2026-01-27T12:00:00,25104.0,25104.0,25093.1,25100.25,763634
1769495460,2026-01-27T12:01:00,25100.15,25111.4,25092.65,25105.35,1067767
1769495520,2026-01-27T12:02:00,25106.4,25118.7,25106.05,25116.5,850566
1769495580,2026-01-27T12:03:00,25116.65,25131.8,25114.6,25129.1,1130946
1769495640,2026-01-27T12:04:00,25130.6,25130.6,25111.5,25113.65,773831
1769495700,2026-01-27T12:05:00,25114.55,25125.9,25114.15,25122.5,917114
1769495760,2026-01-27T12:06:00,25122.7,25124.5,25114.15,25119.95,730013
1769495820,2026-01-27T12:07:00,25120.75,25124.45,25116.85,25117.55,615959
1769495880,2026-01-27T12:08:00,25118.0,25119.45,25115.85,25118.65,1130540
1769495940,2026-01-27T12:09:00,25118.55,25122.7,25114.65,25115.25,686568
1769496000,2026-01-27T12:10:00,25116.25,25125.2,25113.95,25117.85,903380
1769496060,2026-01-27T12:11:00,25118.9,25126.4,25116.2,25124.15,851130
1769496120,2026-01-27T12:12:00,25125.8,25131.4,25124.85,25126.9,706221
1769496180,2026-01-27T12:13:00,25126.65,25137.65,25125.6,25132.3,956953
1769496240,2026-01-27T12:14:00,25132.35,25132.35,25118.95,25120.35,625579
1769496300,2026-01-27T12:15:00,25121.55,25127.55,25117.5,25117.6,662404
1769496360,2026-01-27T12:16:00,25117.55,25124.7,25114.15,25114.65,879080
1769496420,2026-01-27T12:17:00,25115.3,25122.25,25111.25,25118.6,1074384
1769496480,2026-01-27T12:18:00,25119.0,25119.95,25103.95,25103.95,732821
1769496540,2026-01-27T12:19:00,25104.35,25104.8,25091.25,25091.95,776093
1769496600,2026-01-27T12:20:00,25092.0,25110.45,25091.2,25109.2,805234
1769496660,2026-01-27T12:21:00,25109.5,25123.45,25109.35,25122.15,747504
1769496720,2026-01-27T12:22:00,25122.85,25122.85,25106.05,25110.45,728302
1769496780,2026-01-27T12:23:00,25112.15,25122.55,25111.65,25122.55,3028996
1769496840,2026-01-27T12:24:00,25121.65,25135.5,25115.85,25127.6,1651406
1769496900,2026-01-27T12:25:00,25127.1,25138.2,25126.4,25134.2,1202600
1769496960,2026-01-27T12:26:00,25133.5,25134.3,25116.8,25118.25,1294878
1769497020,2026-01-27T12:27:00,25118.95,25119.9,25111.35,25115.95,631954
1769497080,2026-01-27T12:28:00,25116.5,25117.0,25110.55,25110.8,742436
1769497140,2026-01-27T12:29:00,25111.3,25111.45,25100.35,25102.1,697209
1769497200,2026-01-27T12:30:00,25102.25,25102.25,25087.75,25098.2,847180
1769497260,2026-01-27T12:31:00,25099.4,25106.15,25097.55,25101.0,781192
1769497320,2026-01-27T12:32:00,25101.65,25103.25,25095.3,25101.95,691999
1769497380,2026-01-27T12:33:00,25102.25,25109.25,25093.35,25093.9,790725
1769497440,2026-01-27T12:34:00,25094.3,25098.8,25083.1,25098.8,995154
1769497500,2026-01-27T12:35:00,25099.0,25101.8,25097.3,25099.65,754097
1769497560,2026-01-27T12:36:00,25098.65,25099.7,25081.0,25081.25,824480
1769497620,2026-01-27T12:37:00,25081.8,25085.45,25070.55,25074.2,748020
1769497680,2026-01-27T12:38:00,25075.1,25089.35,25075.1,25084.15,1004265
1769497740,2026-01-27T12:39:00,25084.15,25090.95,25083.7,25086.4,685765
1769497800,2026-01-27T12:40:00,25086.1,25086.7,25076.55,25084.95,576277
1769497860,2026-01-27T12:41:00,25085.95,25093.65,25085.95,25090.2,949868
1769497920,2026-01-27T12:42:00,25090.55,25092.65,25083.55,25088.2,609777
1769497980,2026-01-27T12:43:00,25089.0,25091.1,25080.55,25081.1,762288
1769498040,2026-01-27T12:44:00,25082.7,25087.55,25079.15,25079.55,618917
1769498100,2026-01-27T12:45:00,25081.2,25085.05,25070.55,25083.9,1006401
1769498160,2026-01-27T12:46:00,25083.25,25089.65,25080.95,25084.35,707443
1769498220,2026-01-27T12:47:00,25084.8,25091.8,25076.8,25076.8,661488
1769498280,2026-01-27T12:48:00,25077.6,25078.3,25063.85,25064.65,800823
1769498340,2026-01-27T12:49:00,25066.85,25068.9,25058.5,25058.5,770534
1769498400,2026-01-27T12:50:00,25060.45,25065.5,25056.5,25065.25,794956
1769498460,2026-01-27T12:51:00,25065.25,25085.6,25064.55,25077.7,1548521
1769498520,2026-01-27T12:52:00,25078.55,25084.75,25075.9,25082.35,965584
1769498580,2026-01-27T12:53:00,25084.0,25100.4,25083.15,25093.75,1116961
1769498640,2026-01-27T12:54:00,25093.3,25099.8,25092.75,25094.3,703514
1769498700,2026-01-27T12:55:00,25094.0,25096.85,25091.3,25094.45,616120
1769498760,2026-01-27T12:56:00,25095.1,25096.7,25083.15,25087.35,1599986
1769498820,2026-01-27T12:57:00,25088.3,25089.2,25082.7,25082.7,621893
1769498880,2026-01-27T12:58:00,25083.2,25095.55,25082.35,25093.55,1354616
1769498940,2026-01-27T12:59:00,25093.2,25094.7,25087.75,25088.95,759009
1769499000,2026-01-27T13:00:00,25088.95,25090.45,25083.9,25087.35,1051164
1769499060,2026-01-27T13:01:00,25087.75,25088.9,25069.85,25076.35,1125740
1769499120,2026-01-27T13:02:00,25077.15,25079.3,25073.75,25073.75,738487
1769499180,2026-01-27T13:03:00,25073.7,25075.35,25067.65,25070.8,787262
1769499240,2026-01-27T13:04:00,25072.05,25080.95,25065.15,25080.95,883575
1769499300,2026-01-27T13:05:00,25080.7,25081.0,25074.2,25077.3,650810
1769499360,2026-01-27T13:06:00,25077.2,25082.95,25074.6,25077.55,866853
1769499420,2026-01-27T13:07:00,25078.35,25080.7,25076.65,25080.7,770463
1769499480,2026-01-27T13:08:00,25081.4,25092.05,25081.2,25089.85,790524
1769499540,2026-01-27T13:09:00,25089.85,25094.4,25089.6,25089.6,618889
1769499600,2026-01-27T13:10:00,25089.5,25089.65,25077.55,25078.6,1038902
1769499660,2026-01-27T13:11:00,25079.05,25080.95,25071.15,25074.65,828582
1769499720,2026-01-27T13:12:00,25075.3,25086.85,25073.5,25081.75,980417
1769499780,2026-01-27T13:13:00,25082.45,25089.1,25080.0,25085.35,612875
1769499840,2026-01-27T13:14:00,25086.95,25090.9,25084.95,25088.95,777741
1769499900,2026-01-27T13:15:00,25089.1,25089.9,25081.2,25088.55,870458
1769499960,2026-01-27T13:16:00,25088.6,25098.85,25086.15,25092.8,957198
1769500020,2026-01-27T13:17:00,25095.15,25097.0,25083.4,25083.4,995865
1769500080,2026-01-27T13:18:00,25085.0,25086.55,25082.1,25086.55,926300
1769500140,2026-01-27T13:19:00,25086.65,25099.5,25086.2,25098.05,973502
1769500200,2026-01-27T13:20:00,25098.6,25099.8,25085.9,25086.05,1080861
1769500260,2026-01-27T13:21:00,25087.0,25096.85,25086.05,25090.95,838167
1769500320,2026-01-27T13:22:00,25091.45,25112.05,25088.75,25107.25,1366436
1769500380,2026-01-27T13:23:00,25107.1,25112.75,25097.8,25098.7,1028811
1769500440,2026-01-27T13:24:00,25098.35,25103.6,25097.25,25103.55,816352
1769500500,2026-01-27T13:25:00,25102.4,25105.05,25097.35,25097.35,716749
1769500560,2026-01-27T13:26:00,25096.5,25096.85,25089.85,25092.95,613453
1769500620,2026-01-27T13:27:00,25093.9,25105.15,25093.85,25104.1,1333348
1769500680,2026-01-27T13:28:00,25104.65,25106.75,25101.95,25102.85,787393
1769500740,2026-01-27T13:29:00,25102.85,25123.7,25102.8,25120.9,1419659
1769500800,2026-01-27T13:30:00,25122.7,25132.25,25111.7,25112.65,1353048
1769500860,2026-01-27T13:31:00,25112.6,25123.05,25109.75,25122.4,1262827
1769500920,2026-01-27T13:32:00,25122.2,25126.7,25118.4,25123.9,1858770
1769500980,2026-01-27T13:33:00,25124.7,25126.15,25113.85,25114.9,873916
1769501040,2026-01-27T13:34:00,25114.75,25116.35,25106.5,25106.9,849794
1769501100,2026-01-27T13:35:00,25107.25,25108.55,25094.0,25095.5,1024605
1769501160,2026-01-27T13:36:00,25096.35,25097.7,25082.75,25083.45,1017494
1769501220,2026-01-27T13:37:00,25083.5,25090.85,25080.85,25082.75,1053781
1769501280,2026-01-27T13:38:00,25082.3,25085.0,25053.5,25053.55,1414551
1769501340,2026-01-27T13:39:00,25053.65,25056.3,25027.7,25031.7,2355876
1769501400,2026-01-27T13:40:00,25033.6,25050.05,25018.0,25049.05,1821658
1769501460,2026-01-27T13:41:00,25048.8,25064.1,25043.3,25055.8,827946
1769501520,2026-01-27T13:42:00,25056.25,25058.75,25036.95,25041.85,1424263
1769501580,2026-01-27T13:43:00,25044.3,25045.05,25034.45,25036.95,846462
1769501640,2026-01-27T13:44:00,25037.55,25048.7,25037.1,25045.25,1473374
1769501700,2026-01-27T13:45:00,25046.15,25048.25,25040.65,25044.1,679649
1769501760,2026-01-27T13:46:00,25044.75,25053.3,25043.55,25045.95,3041272
1769501820,2026-01-27T13:47:00,25046.75,25053.65,25043.35,25050.0,934664
1769501880,2026-01-27T13:48:00,25050.45,25052.9,25045.3,25049.9,718321
1769501940,2026-01-27T13:49:00,25051.35,25060.75,25049.0,25058.65,655494
1769502000,2026-01-27T13:50:00,25059.8,25065.9,25054.2,25054.3,878864
1769502060,2026-01-27T13:51:00,25054.6,25055.8,25047.6,25048.5,821525
1769502120,2026-01-27T13:52:00,25049.2,25050.75,25036.95,25045.45,1051926
1769502180,2026-01-27T13:53:00,25047.35,25049.4,25038.95,25043.9,878282
1769502240,2026-01-27T13:54:00,25045.95,25051.8,25042.45,25043.45,987583
1769502300,2026-01-27T13:55:00,25043.75,25045.2,25039.75,25040.65,1063158
1769502360,2026-01-27T13:56:00,25041.45,25049.25,25039.6,25045.4,1839239
1769502420,2026-01-27T13:57:00,25045.65,25056.8,25045.0,25051.8,1296237
1769502480,2026-01-27T13:58:00,25052.35,25065.65,25050.2,25053.1,1113597
1769502540,2026-01-27T13:59:00,25054.15,25057.0,25048.35,25049.35,712972
1769502600,2026-01-27T14:00:00,25050.85,25055.65,25042.35,25042.35,789549
1769502660,2026-01-27T14:01:00,25043.1,25054.65,25043.1,25049.25,1048456
1769502720,2026-01-27T14:02:00,25048.55,25048.55,25029.05,25029.35,1217753
1769502780,2026-01-27T14:03:00,25029.55,25042.1,25029.55,25034.8,990198
1769502840,2026-01-27T14:04:00,25035.55,25036.4,25013.15,25016.55,1285144
1769502900,2026-01-27T14:05:00,25017.4,25019.25,25006.5,25010.6,1270203
1769502960,2026-01-27T14:06:00,25011.1,25011.95,24998.25,25010.6,1181525
1769503020,2026-01-27T14:07:00,25010.55,25033.1,25010.2,25025.2,995612
1769503080,2026-01-27T14:08:00,25027.0,25032.15,25025.6,25027.25,843588
1769503140,2026-01-27T14:09:00,25027.2,25030.4,25021.6,25024.45,831254
1769503200,2026-01-27T14:10:00,25026.05,25041.8,25024.35,25041.35,851712
1769503260,2026-01-27T14:11:00,25042.25,25048.4,25042.25,25046.3,1007527
1769503320,2026-01-27T14:12:00,25046.65,25059.4,25044.45,25053.85,1161036
1769503380,2026-01-27T14:13:00,25054.35,25057.35,25042.85,25044.5,871042
1769503440,2026-01-27T14:14:00,25045.05,25048.6,25031.85,25034.55,1064999
1769503500,2026-01-27T14:15:00,25034.9,25039.5,25032.5,25034.25,1034128
1769503560,2026-01-27T14:16:00,25035.05,25035.7,25024.05,25024.65,867122
1769503620,2026-01-27T14:17:00,25025.25,25030.4,25024.1,25027.2,1124706
1769503680,2026-01-27T14:18:00,25028.55,25035.45,25026.55,25027.75,851352
1769503740,2026-01-27T14:19:00,25028.7,25035.2,25027.1,25029.35,1030681
1769503800,2026-01-27T14:20:00,25030.05,25030.3,25021.15,25028.4,1026010
1769503860,2026-01-27T14:21:00,25029.35,25030.05,25022.4,25026.2,720372
1769503920,2026-01-27T14:22:00,25025.6,25032.85,25025.6,25029.7,905401
1769503980,2026-01-27T14:23:00,25030.95,25031.85,25007.85,25018.65,1190691
1769504040,2026-01-27T14:24:00,25020.0,25025.4,25016.55,25021.25,1125079
1769504100,2026-01-27T14:25:00,25022.7,25028.35,25021.8,25022.0,905006
1769504160,2026-01-27T14:26:00,25023.35,25028.35,25019.0,25026.25,1487004
1769504220,2026-01-27T14:27:00,25027.05,25033.05,25022.6,25023.05,1061185
1769504280,2026-01-27T14:28:00,25023.95,25031.75,25021.9,25031.75,760681
1769504340,2026-01-27T14:29:00,25032.45,25039.45,25031.15,25032.65,994722
1769504400,2026-01-27T14:30:00,25032.7,25040.85,25028.4,25040.85,1133589
1769504460,2026-01-27T14:31:00,25041.25,25051.1,25040.35,25042.95,1380114
1769504520,2026-01-27T14:32:00,25042.1,25050.25,25041.4,25048.35,1341331
1769504580,2026-01-27T14:33:00,25048.05,25049.2,25024.45,25033.75,1541907
1769504640,2026-01-27T14:34:00,25033.6,25044.95,25033.6,25041.75,958706
1769504700,2026-01-27T14:35:00,25042.3,25046.85,25040.65,25042.95,1942376
1769504760,2026-01-27T14:36:00,25045.2,25055.5,25043.0,25045.95,1788904
1769504820,2026-01-27T14:37:00,25046.85,25050.05,25043.15,25047.15,1649974
1769504880,2026-01-27T14:38:00,25048.25,25072.25,25046.7,25071.0,2304116
1769504940,2026-01-27T14:39:00,25070.8,25093.05,25064.7,25092.4,2010629
1769505000,2026-01-27T14:40:00,25093.1,25106.45,25090.85,25097.55,2646731
1769505060,2026-01-27T14:41:00,25098.05,25100.85,25084.85,25089.9,9567312
1769505120,2026-01-27T14:42:00,25091.7,25108.05,25090.45,25105.5,1998308
1769505180,2026-01-27T14:43:00,25107.95,25108.65,25094.35,25098.45,1643528
1769505240,2026-01-27T14:44:00,25099.85,25100.85,25087.6,25087.6,2312622
1769505300,2026-01-27T14:45:00,25088.9,25110.2,25088.3,25108.1,2428469
1769505360,2026-01-27T14:46:00,25107.55,25116.05,25107.55,25109.8,1714814
1769505420,2026-01-27T14:47:00,25109.05,25109.85,25097.1,25101.2,2473831
1769505480,2026-01-27T14:48:00,25101.4,25110.15,25100.9,25109.5,3286438
1769505540,2026-01-27T14:49:00,25109.55,25115.6,25106.65,25115.2,3679209
1769505600,2026-01-27T14:50:00,25115.9,25124.7,25115.15,25122.3,3289041
1769505660,2026-01-27T14:51:00,25123.5,25132.25,25123.5,25132.25,2898413
1769505720,2026-01-27T14:52:00,25132.3,25145.8,25131.05,25136.8,2759902
1769505780,2026-01-27T14:53:00,25139.35,25145.65,25136.0,25137.15,2790283
1769505840,2026-01-27T14:54:00,25137.25,25145.7,25136.1,25142.5,2307456
1769505900,2026-01-27T14:55:00,25143.6,25155.3,25142.1,25143.55,2372230
1769505960,2026-01-27T14:56:00,25144.25,25147.9,25130.75,25130.75,1979494
1769506020,2026-01-27T14:57:00,25131.05,25137.45,25116.55,25127.95,2643005
1769506080,2026-01-27T14:58:00,25129.8,25137.3,25128.4,25134.9,2485896
1769506140,2026-01-27T14:59:00,25136.35,25146.25,25134.9,25139.45,2271453
1769506200,2026-01-27T15:00:00,25143.3,25145.55,25116.95,25118.0,4319700
1769506260,2026-01-27T15:01:00,25119.6,25120.5,25100.75,25120.1,4411784
1769506320,2026-01-27T15:02:00,25123.05,25135.85,25123.05,25133.0,4308582
1769506380,2026-01-27T15:03:00,25133.95,25137.95,25130.2,25132.35,3627977
1769506440,2026-01-27T15:04:00,25132.35,25133.15,25126.25,25128.85,3663325
1769506500,2026-01-27T15:05:00,25130.5,25135.4,25125.9,25134.65,3486978
1769506560,2026-01-27T15:06:00,25135.0,25159.35,25133.6,25157.0,4919648
1769506620,2026-01-27T15:07:00,25158.35,25159.4,25151.9,25158.1,3623248
1769506680,2026-01-27T15:08:00,25158.95,25160.25,25147.9,25152.9,4154757
1769506740,2026-01-27T15:09:00,25153.05,25153.9,25144.7,25147.7,3310620
1769506800,2026-01-27T15:10:00,25142.95,25156.4,25142.75,25154.95,4381138
1769506860,2026-01-27T15:11:00,25155.7,25171.9,25151.55,25168.55,4272708
1769506920,2026-01-27T15:12:00,25168.4,25175.35,25164.35,25169.7,4734480
1769506980,2026-01-27T15:13:00,25170.25,25174.7,25163.9,25170.8,3756869
1769507040,2026-01-27T15:14:00,25169.9,25172.15,25167.65,25170.4,3761730
1769507100,2026-01-27T15:15:00,25169.25,25175.85,25168.05,25174.85,4274239
1769507160,2026-01-27T15:16:00,25176.6,25180.3,25173.4,25180.15,3660899
1769507220,2026-01-27T15:17:00,25181.05,25190.55,25180.25,25189.55,3822002
1769507280,2026-01-27T15:18:00,25190.9,25200.5,25189.8,25199.45,4228731
1769507340,2026-01-27T15:19:00,25199.9,25207.35,25199.75,25202.9,4458716
1769507400,2026-01-27T15:20:00,25203.95,25213.65,25196.55,25198.1,5627976
1769507460,2026-01-27T15:21:00,25197.0,25200.55,25190.65,25198.8,4543328
1769507520,2026-01-27T15:22:00,25199.2,25211.4,25195.25,25210.15,3863301
1769507580,2026-01-27T15:23:00,25212.35,25215.65,25209.3,25214.5,3861796
1769507640,2026-01-27T15:24:00,25214.05,25230.2,25212.2,25229.95,4054076
1769507700,2026-01-27T15:25:00,25230.4,25243.4,25229.0,25242.4,4260362
1769507760,2026-01-27T15:26:00,25243.9,25246.45,25239.05,25243.9,4619362
1769507820,2026-01-27T15:27:00,25246.05,25246.65,25236.45,25237.55,4290281
1769507880,2026-01-27T15:28:00,25238.15,25240.15,25225.7,25231.1,2919765
1769507940,2026-01-27T15:29:00,25230.7,25242.1,25226.4,25234.1,1399339
1769571900,2026-01-28T09:15:00,25258.85,25310.45,25225.7,25306.25,11135321
1769571960,2026-01-28T09:16:00,25305.1,25334.75,25295.2,25321.4,6284680
1769572020,2026-01-28T09:17:00,25322.25,25322.25,25299.35,25305.4,4952132
1769572080,2026-01-28T09:18:00,25302.85,25322.6,25295.15,25321.75,5183174
1769572140,2026-01-28T09:19:00,25321.25,25336.3,25313.85,25336.0,4162482
1769572200,2026-01-28T09:20:00,25335.45,25355.3,25335.1,25343.25,3735169
1769572260,2026-01-28T09:21:00,25343.65,25356.65,25342.8,25356.25,3663814
1769572320,2026-01-28T09:22:00,25355.75,25360.95,25349.15,25359.85,3276829
1769572380,2026-01-28T09:23:00,25361.6,25372.1,25354.4,25354.7,2944606
1769572440,2026-01-28T09:24:00,25353.65,25362.75,25349.7,25358.75,3166558
1769572500,2026-01-28T09:25:00,25357.9,25365.15,25353.4,25364.1,2943965
1769572560,2026-01-28T09:26:00,25362.95,25366.65,25341.25,25341.4,1999442
1769572620,2026-01-28T09:27:00,25343.8,25345.7,25324.7,25328.1,2375822
1769572680,2026-01-28T09:28:00,25327.55,25336.0,25325.25,25328.9,1918766
1769572740,2026-01-28T09:29:00,25329.15,25357.75,25329.15,25352.75,2331131
1769572800,2026-01-28T09:30:00,25352.1,25363.9,25346.7,25348.75,1854758
1769572860,2026-01-28T09:31:00,25347.45,25355.25,25341.45,25342.75,2501510
1769572920,2026-01-28T09:32:00,25342.5,25348.4,25330.75,25331.35,1953673
1769572980,2026-01-28T09:33:00,25331.95,25339.0,25331.15,25337.1,2202291
1769573040,2026-01-28T09:34:00,25336.95,25336.95,25308.7,25309.3,2389288
1769573100,2026-01-28T09:35:00,25310.3,25315.85,25301.7,25313.1,2173908
1769573160,2026-01-28T09:36:00,25312.65,25319.1,25306.55,25306.55,1499508
1769573220,2026-01-28T09:37:00,25308.0,25317.2,25299.05,25299.05,1389034
1769573280,2026-01-28T09:38:00,25298.95,25301.05,25288.3,25288.9,2021514
1769573340,2026-01-28T09:39:00,25286.5,25311.5,25286.5,25311.1,1572135
1769573400,2026-01-28T09:40:00,25311.4,25319.85,25308.2,25313.6,1809475
1769573460,2026-01-28T09:41:00,25312.85,25316.8,25302.6,25315.3,1669459
1769573520,2026-01-28T09:42:00,25316.65,25319.65,25302.5,25306.15,1771941
1769573580,2026-01-28T09:43:00,25306.25,25306.75,25290.3,25291.95,1419876
1769573640,2026-01-28T09:44:00,25293.4,25306.0,25289.0,25293.0,1343829
1769573700,2026-01-28T09:45:00,25292.95,25299.6,25284.1,25284.8,1180421
1769573760,2026-01-28T09:46:00,25285.1,25289.55,25281.05,25284.85,1263710
1769573820,2026-01-28T09:47:00,25284.95,25287.65,25278.1,25280.55,1365717
1769573880,2026-01-28T09:48:00,25281.0,25297.8,25279.8,25292.0,1680683
1769573940,2026-01-28T09:49:00,25291.25,25292.7,25279.75,25292.7,1390192
1769574000,2026-01-28T09:50:00,25292.65,25300.6,25279.85,25284.8,1693458
1769574060,2026-01-28T09:51:00,25287.0,25296.8,25278.95,25285.05,1896611
1769574120,2026-01-28T09:52:00,25285.2,25292.6,25278.55,25282.1,1241153
1769574180,2026-01-28T09:53:00,25282.45,25301.85,25279.45,25301.75,1684752
1769574240,2026-01-28T09:54:00,25301.5,25302.9,25286.9,25288.4,1572828
1769574300,2026-01-28T09:55:00,25288.4,25292.15,25287.0,25289.2,1548036
1769574360,2026-01-28T09:56:00,25289.1,25290.4,25272.85,25274.4,1824348
1769574420,2026-01-28T09:57:00,25274.35,25282.75,25272.7,25280.05,1282788
1769574480,2026-01-28T09:58:00,25280.0,25297.75,25277.5,25294.95,1237979
1769574540,2026-01-28T09:59:00,25294.7,25304.65,25294.05,25303.7,1498927
1769574600,2026-01-28T10:00:00,25304.7,25316.4,25303.8,25304.45,1561853
1769574660,2026-01-28T10:01:00,25304.05,25308.2,25295.8,25298.15,1472100
1769574720,2026-01-28T10:02:00,25299.0,25300.5,25284.95,25295.1,1305796
1769574780,2026-01-28T10:03:00,25296.2,25299.0,25281.7,25282.8,1298284
1769574840,2026-01-28T10:04:00,25283.95,25295.6,25283.95,25289.8,1000152
1769574900,2026-01-28T10:05:00,25290.25,25295.65,25289.85,25293.3,1005238
1769574960,2026-01-28T10:06:00,25292.45,25292.65,25277.95,25282.35,1635147
1769575020,2026-01-28T10:07:00,25283.05,25284.4,25272.55,25276.05,838067
1769575080,2026-01-28T10:08:00,25276.65,25277.0,25244.45,25247.25,2127551
1769575140,2026-01-28T10:09:00,25247.0,25261.95,25246.25,25252.1,1192399
1769575200,2026-01-28T10:10:00,25252.85,25263.6,25247.2,25258.2,1770643
1769575260,2026-01-28T10:11:00,25258.1,25265.1,25246.6,25250.35,1329250
1769575320,2026-01-28T10:12:00,25250.4,25251.0,25240.4,25241.15,1139579
1769575380,2026-01-28T10:13:00,25241.4,25250.55,25232.7,25240.6,1660246
1769575440,2026-01-28T10:14:00,25239.4,25253.45,25236.8,25248.1,1398926
1769575500,2026-01-28T10:15:00,25248.3,25257.7,25246.55,25256.4,826989
1769575560,2026-01-28T10:16:00,25255.25,25257.8,25250.45,25251.7,837965
1769575620,2026-01-28T10:17:00,25250.2,25251.85,25243.45,25248.45,929828
1769575680,2026-01-28T10:18:00,25249.65,25249.7,25235.6,25244.35,1381282
1769575740,2026-01-28T10:19:00,25245.05,25260.4,25244.55,25260.4,1125340
1769575800,2026-01-28T10:20:00,25260.35,25269.65,25259.8,25262.65,1135032
1769575860,2026-01-28T10:21:00,25262.3,25263.5,25254.25,25260.65,1302328
1769575920,2026-01-28T10:22:00,25261.1,25265.25,25254.8,25260.05,1923212
1769575980,2026-01-28T10:23:00,25259.85,25276.6,25259.85,25276.1,1859803
1769576040,2026-01-28T10:24:00,25276.65,25278.1,25271.2,25274.85,1691265
1769576100,2026-01-28T10:25:00,25275.35,25281.6,25270.5,25275.0,3376526
1769576160,2026-01-28T10:26:00,25274.05,25279.1,25269.25,25274.8,1423868
1769576220,2026-01-28T10:27:00,25274.7,25276.85,25266.35,25266.35,1022392
1769576280,2026-01-28T10:28:00,25266.75,25267.9,25261.95,25262.0,1190943
1769576340,2026-01-28T10:29:00,25262.1,25262.65,25246.5,25246.5,1321622
1769576400,2026-01-28T10:30:00,25246.85,25251.9,25239.05,25240.05,1321462
1769576460,2026-01-28T10:31:00,25240.5,25248.95,25236.6,25244.2,984645
1769576520,2026-01-28T10:32:00,25244.4,25245.05,25234.05,25240.7,1924146
1769576580,2026-01-28T10:33:00,25240.4,25253.7,25240.4,25247.7,1170371
1769576640,2026-01-28T10:34:00,25247.05,25260.7,25247.05,25259.0,1708221
1769576700,2026-01-28T10:35:00,25259.3,25272.45,25256.15,25267.2,1644430
1769576760,2026-01-28T10:36:00,25266.9,25275.15,25260.65,25265.5,1103387
1769576820,2026-01-28T10:37:00,25266.05,25281.75,25266.05,25281.65,1107729
1769576880,2026-01-28T10:38:00,25281.95,25292.8,25281.7,25289.05,1942145
1769576940,2026-01-28T10:39:00,25288.6,25302.2,25287.65,25301.6,1543045
1769577000,2026-01-28T10:40:00,25301.85,25301.85,25291.4,25292.1,1391525
1769577060,2026-01-28T10:41:00,25292.2,25296.2,25292.05,25294.15,1434065
1769577120,2026-01-28T10:42:00,25294.2,25294.2,25284.1,25284.1,1023626
1769577180,2026-01-28T10:43:00,25284.2,25288.95,25282.7,25284.25,777420
1769577240,2026-01-28T10:44:00,25284.15,25285.3,25279.8,25281.7,1126713
1769577300,2026-01-28T10:45:00,25282.2,25285.8,25271.7,25274.05,1614888
1769577360,2026-01-28T10:46:00,25274.6,25283.65,25271.45,25282.3,1422625
1769577420,2026-01-28T10:47:00,25282.85,25285.4,25276.85,25280.25,1121869
1769577480,2026-01-28T10:48:00,25280.8,25280.8,25267.35,25267.75,864484
1769577540,2026-01-28T10:49:00,25268.05,25281.65,25267.55,25281.15,1082840
1769577600,2026-01-28T10:50:00,25280.8,25291.1,25280.6,25289.95,1075678
1769577660,2026-01-28T10:51:00,25290.6,25298.55,25287.45,25288.8,1161511
1769577720,2026-01-28T10:52:00,25289.5,25294.4,25289.15,25292.35,1181873
1769577780,2026-01-28T10:53:00,25292.15,25296.15,25292.15,25293.7,813761
1769577840,2026-01-28T10:54:00,25294.05,25298.6,25293.8,25296.3,791763
1769577900,2026-01-28T10:55:00,25296.15,25298.1,25288.1,25288.7,1142205
1769577960,2026-01-28T10:56:00,25287.95,25294.9,25286.7,25294.9,889241
1769578020,2026-01-28T10:57:00,25295.25,25305.65,25294.05,25304.8,869833
1769578080,2026-01-28T10:58:00,25304.95,25307.35,25301.25,25301.3,1310579
1769578140,2026-01-28T10:59:00,25301.2,25303.15,25294.4,25298.75,1319203
1769578200,2026-01-28T11:00:00,25299.85,25303.95,25294.6,25294.75,1452007
1769578260,2026-01-28T11:01:00,25294.65,25298.25,25290.0,25290.6,1016406
1769578320,2026-01-28T11:02:00,25291.15,25297.95,25288.85,25297.1,827552
1769578380,2026-01-28T11:03:00,25297.55,25311.65,25293.35,25311.65,1362619
1769578440,2026-01-28T11:04:00,25311.45,25322.45,25311.15,25321.1,2579609
1769578500,2026-01-28T11:05:00,25321.0,25328.35,25321.0,25326.5,1392325
1769578560,2026-01-28T11:06:00,25328.05,25330.6,25323.75,25325.25,1411154
1769578620,2026-01-28T11:07:00,25325.25,25325.5,25314.45,25323.85,1286811
1769578680,2026-01-28T11:08:00,25323.15,25329.3,25322.6,25326.95,1089897
1769578740,2026-01-28T11:09:00,25327.5,25328.7,25318.35,25321.15,799724
1769578800,2026-01-28T11:10:00,25320.6,25324.0,25320.6,25323.5,1558304
1769578860,2026-01-28T11:11:00,25323.35,25324.4,25312.9,25313.5,1152593
1769578920,2026-01-28T11:12:00,25315.05,25323.25,25315.05,25317.45,1066129
1769578980,2026-01-28T11:13:00,25317.7,25324.65,25316.8,25323.25,784181
1769579040,2026-01-28T11:14:00,25323.9,25326.7,25322.35,25325.6,849959
1769579100,2026-01-28T11:15:00,25325.35,25327.15,25322.5,25325.55,1329260
1769579160,2026-01-28T11:16:00,25324.7,25328.6,25324.05,25324.95,1365411
1769579220,2026-01-28T11:17:00,25324.45,25326.0,25316.1,25316.1,1272270
1769579280,2026-01-28T11:18:00,25314.05,25320.3,25313.3,25314.05,1180231
1769579340,2026-01-28T11:19:00,25313.7,25327.95,25313.7,25322.55,1514397
1769579400,2026-01-28T11:20:00,25322.5,25323.55,25318.95,25322.55,795103
1769579460,2026-01-28T11:21:00,25322.9,25329.8,25322.9,25324.35,1183141
1769579520,2026-01-28T11:22:00,25323.5,25328.55,25323.4,25325.45,905288
1769579580,2026-01-28T11:23:00,25325.15,25334.25,25324.5,25332.0,1387014
1769579640,2026-01-28T11:24:00,25332.0,25339.15,25329.25,25337.9,1079682
1769579700,2026-01-28T11:25:00,25337.2,25340.25,25330.7,25335.2,1289703
1769579760,2026-01-28T11:26:00,25334.75,25339.45,25333.4,25335.35,1003407
1769579820,2026-01-28T11:27:00,25335.05,25341.8,25334.6,25340.1,1273448
1769579880,2026-01-28T11:28:00,25340.85,25351.05,25339.0,25339.0,3104539
1769579940,2026-01-28T11:29:00,25339.0,25340.45,25335.35,25336.95,882918
1769580000,2026-01-28T11:30:00,25337.4,25342.15,25337.15,25337.15,1087169
1769580060,2026-01-28T11:31:00,25336.75,25337.55,25330.95,25333.45,995147
1769580120,2026-01-28T11:32:00,25333.95,25342.3,25333.95,25340.75,1062771
1769580180,2026-01-28T11:33:00,25340.95,25343.95,25334.3,25335.8,1110910
1769580240,2026-01-28T11:34:00,25335.55,25341.55,25335.55,25337.8,956516
1769580300,2026-01-28T11:35:00,25337.4,25338.1,25327.7,25328.8,916070
1769580360,2026-01-28T11:36:00,25329.55,25332.8,25325.5,25327.45,954516
1769580420,2026-01-28T11:37:00,25327.5,25327.65,25316.3,25318.2,880743
1769580480,2026-01-28T11:38:00,25317.5,25317.9,25304.4,25305.85,970935
1769580540,2026-01-28T11:39:00,25306.4,25311.8,25301.1,25309.4,1471933
1769580600,2026-01-28T11:40:00,25310.55,25310.55,25300.2,25300.6,1078713
1769580660,2026-01-28T11:41:00,25300.2,25306.15,25300.2,25306.05,1222337
1769580720,2026-01-28T11:42:00,25305.55,25306.8,25294.85,25295.4,1247431
1769580780,2026-01-28T11:43:00,25295.55,25296.05,25292.6,25294.25,1104247
1769580840,2026-01-28T11:44:00,25294.25,25298.35,25292.3,25292.5,809315
1769580900,2026-01-28T11:45:00,25292.8,25307.5,25290.65,25307.1,1252997
1769580960,2026-01-28T11:46:00,25307.05,25308.5,25301.1,25302.55,909036
1769581020,2026-01-28T11:47:00,25302.4,25312.15,25301.65,25311.3,960602
1769581080,2026-01-28T11:48:00,25311.85,25320.5,25311.85,25313.95,1059657
1769581140,2026-01-28T11:49:00,25313.5,25320.95,25313.5,25316.5,1145776
1769581200,2026-01-28T11:50:00,25317.1,25318.2,25309.15,25309.25,847407
1769581260,2026-01-28T11:51:00,25309.0,25319.75,25309.0,25318.95,1399359
1769581320,2026-01-28T11:52:00,25318.6,25321.45,25317.6,25321.15,1228054
1769581380,2026-01-28T11:53:00,25321.3,25321.9,25309.7,25312.85,922371
1769581440,2026-01-28T11:54:00,25313.0,25316.8,25311.65,25314.6,1605016
1769581500,2026-01-28T11:55:00,25314.15,25316.3,25310.2,25314.25,1050242
1769581560,2026-01-28T11:56:00,25314.9,25320.25,25314.05,25316.75,1739151
1769581620,2026-01-28T11:57:00,25317.25,25320.25,25316.35,25316.8,1341196
1769581680,2026-01-28T11:58:00,25315.95,25316.95,25312.6,25316.45,1229672
1769581740,2026-01-28T11:59:00,25316.5,25322.45,25316.25,25321.8,2645200
1769581800,2026-01-28T12:00:00,25320.85,25325.85,25318.9,25325.7,976010
1769581860,2026-01-28T12:01:00,25325.8,25329.25,25320.95,25321.15,1838140
1769581920,2026-01-28T12:02:00,25321.1,25327.75,25321.1,25326.2,1148493
1769581980,2026-01-28T12:03:00,25326.6,25328.1,25321.95,25328.1,2040318
1769582040,2026-01-28T12:04:00,25328.6,25332.25,25327.7,25328.75,1600080
1769582100,2026-01-28T12:05:00,25329.15,25331.1,25327.1,25329.6,1205047
1769582160,2026-01-28T12:06:00,25329.65,25335.85,25329.65,25335.35,1221080
1769582220,2026-01-28T12:07:00,25335.4,25339.5,25332.5,25334.75,1122815
1769582280,2026-01-28T12:08:00,25334.7,25336.55,25327.9,25328.15,968534
1769582340,2026-01-28T12:09:00,25328.45,25328.8,25316.45,25317.5,1185844
1769582400,2026-01-28T12:10:00,25317.55,25318.65,25306.95,25311.0,1121442
1769582460,2026-01-28T12:11:00,25311.9,25319.35,25310.5,25317.1,1654580
1769582520,2026-01-28T12:12:00,25317.3,25319.05,25310.2,25314.55,897837
1769582580,2026-01-28T12:13:00,25314.3,25314.95,25309.95,25311.8,991654
1769582640,2026-01-28T12:14:00,25311.55,25314.7,25310.2,25313.8,885680
1769582700,2026-01-28T12:15:00,25313.8,25318.05,25310.6,25312.55,976819
1769582760,2026-01-28T12:16:00,25313.0,25314.5,25311.35,25314.25,773277
1769582820,2026-01-28T12:17:00,25314.7,25316.65,25308.1,25309.05,826763
1769582880,2026-01-28T12:18:00,25309.0,25310.0,25304.25,25305.15,906092
1769582940,2026-01-28T12:19:00,25305.1,25306.8,25299.95,25302.0,960276
1769583000,2026-01-28T12:20:00,25302.5,25304.3,25300.2,25303.0,1141576
1769583060,2026-01-28T12:21:00,25302.75,25306.9,25302.0,25306.4,1313003
1769583120,2026-01-28T12:22:00,25306.4,25309.95,25295.8,25296.05,1198084
1769583180,2026-01-28T12:23:00,25295.95,25295.95,25291.45,25293.4,910001
1769583240,2026-01-28T12:24:00,25293.15,25294.65,25286.05,25286.1,1020001
1769583300,2026-01-28T12:25:00,25286.6,25286.75,25277.15,25279.05,986850
1769583360,2026-01-28T12:26:00,25277.6,25290.2,25277.6,25285.95,993348
1769583420,2026-01-28T12:27:00,25286.1,25287.75,25284.0,25286.15,766199
1769583480,2026-01-28T12:28:00,25285.95,25286.9,25274.05,25274.25,1012877
1769583540,2026-01-28T12:29:00,25274.5,25275.75,25269.0,25271.8,1278032
1769583600,2026-01-28T12:30:00,25272.0,25280.2,25270.45,25271.0,1787085
1769583660,2026-01-28T12:31:00,25270.55,25277.9,25269.05,25274.65,1257841
1769583720,2026-01-28T12:32:00,25275.1,25276.3,25274.2,25275.6,1020633
1769583780,2026-01-28T12:33:00,25275.3,25277.8,25269.6,25277.4,924052
1769583840,2026-01-28T12:34:00,25278.15,25286.2,25277.65,25279.5,810428
1769583900,2026-01-28T12:35:00,25280.25,25285.8,25271.1,25285.0,686454
1769583960,2026-01-28T12:36:00,25285.35,25285.45,25274.8,25279.65,739591
1769584020,2026-01-28T12:37:00,25280.25,25285.95,25276.55,25277.8,826401
1769584080,2026-01-28T12:38:00,25278.0,25282.2,25277.2,25277.5,1079219
1769584140,2026-01-28T12:39:00,25277.45,25278.5,25274.1,25274.9,673809
1769584200,2026-01-28T12:40:00,25274.65,25275.35,25267.05,25269.6,1319989
1769584260,2026-01-28T12:41:00,25269.65,25270.75,25265.9,25267.8,1413854
1769584320,2026-01-28T12:42:00,25267.8,25269.05,25258.95,25261.9,1169873
1769584380,2026-01-28T12:43:00,25262.05,25276.7,25261.7,25272.0,1530218
1769584440,2026-01-28T12:44:00,25272.1,25277.85,25271.55,25275.35,765000
1769584500,2026-01-28T12:45:00,25275.6,25281.05,25275.1,25275.8,970794
1769584560,2026-01-28T12:46:00,25275.65,25276.3,25273.45,25274.9,1475912
1769584620,2026-01-28T12:47:00,25274.65,25275.2,25265.2,25270.85,874388
1769584680,2026-01-28T12:48:00,25271.25,25273.05,25270.15,25270.85,817380
1769584740,2026-01-28T12:49:00,25271.6,25272.4,25263.05,25265.1,999849
1769584800,2026-01-28T12:50:00,25264.4,25265.5,25261.4,25264.8,777585
1769584860,2026-01-28T12:51:00,25264.85,25275.6,25264.6,25269.7,848965
1769584920,2026-01-28T12:52:00,25269.55,25279.45,25266.4,25269.7,789225
1769584980,2026-01-28T12:53:00,25269.8,25273.7,25263.45,25272.3,894439
1769585040,2026-01-28T12:54:00,25272.45,25272.95,25261.0,25265.4,755149
1769585100,2026-01-28T12:55:00,25265.15,25268.35,25265.0,25267.6,540702
1769585160,2026-01-28T12:56:00,25267.9,25268.05,25263.7,25264.75,646050
1769585220,2026-01-28T12:57:00,25264.65,25266.7,25261.95,25262.05,744545
1769585280,2026-01-28T12:58:00,25262.9,25264.2,25260.75,25261.25,758746
1769585340,2026-01-28T12:59:00,25261.2,25262.2,25257.05,25258.1,561592
1769585400,2026-01-28T13:00:00,25258.1,25259.2,25252.05,25254.45,1250842
1769585460,2026-01-28T13:01:00,25255.05,25261.05,25252.85,25261.05,1183868
1769585520,2026-01-28T13:02:00,25260.9,25267.75,25259.55,25266.95,10089701
1769585580,2026-01-28T13:03:00,25266.8,25269.15,25264.8,25264.8,1031276
1769585640,2026-01-28T13:04:00,25264.4,25264.45,25261.1,25262.25,760518
1769585700,2026-01-28T13:05:00,25262.4,25267.15,25262.05,25264.85,766007
1769585760,2026-01-28T13:06:00,25264.6,25264.6,25257.55,25261.5,672570
1769585820,2026-01-28T13:07:00,25261.6,25264.9,25260.65,25262.05,658862
1769585880,2026-01-28T13:08:00,25262.05,25262.05,25256.35,25257.4,601732
1769585940,2026-01-28T13:09:00,25257.4,25264.75,25257.05,25260.05,644134
1769586000,2026-01-28T13:10:00,25260.05,25264.9,25256.85,25264.7,636994
1769586060,2026-01-28T13:11:00,25264.2,25268.85,25262.1,25267.2,890076
1769586120,2026-01-28T13:12:00,25268.25,25272.2,25264.95,25265.25,655070
1769586180,2026-01-28T13:13:00,25265.4,25277.15,25265.25,25275.0,736096
1769586240,2026-01-28T13:14:00,25274.9,25279.7,25273.95,25276.25,950072
1769586300,2026-01-28T13:15:00,25276.6,25283.75,25268.8,25280.7,904355
1769586360,2026-01-28T13:16:00,25280.0,25284.2,25276.25,25283.75,756826
1769586420,2026-01-28T13:17:00,25283.35,25290.3,25283.35,25289.8,1259015
1769586480,2026-01-28T13:18:00,25290.35,25291.25,25285.0,25288.1,1010622
1769586540,2026-01-28T13:19:00,25288.05,25291.3,25277.25,25278.55,1115202
1769586600,2026-01-28T13:20:00,25278.5,25280.15,25268.05,25268.05,1337024
1769586660,2026-01-28T13:21:00,25267.75,25269.25,25256.0,25257.95,1134286
1769586720,2026-01-28T13:22:00,25257.7,25257.7,25213.55,25233.95,2865671
1769586780,2026-01-28T13:23:00,25234.25,25239.45,25226.25,25231.7,934329
1769586840,2026-01-28T13:24:00,25232.0,25239.25,25220.2,25238.3,767463
1769586900,2026-01-28T13:25:00,25239.25,25239.6,25227.85,25231.55,593945
1769586960,2026-01-28T13:26:00,25231.05,25244.75,25231.05,25239.8,1024763
1769587020,2026-01-28T13:27:00,25239.4,25241.6,25232.85,25233.3,924802
1769587080,2026-01-28T13:28:00,25233.55,25239.05,25232.75,25237.55,617822
1769587140,2026-01-28T13:29:00,25237.2,25252.55,25237.2,25238.65,1477824
1769587200,2026-01-28T13:30:00,25238.35,25251.5,25236.7,25248.7,907626
1769587260,2026-01-28T13:31:00,25249.1,25249.85,25241.6,25245.5,2724437
1769587320,2026-01-28T13:32:00,25246.15,25247.2,25243.6,25243.6,818391
1769587380,2026-01-28T13:33:00,25243.8,25244.5,25235.3,25236.65,728081
1769587440,2026-01-28T13:34:00,25235.7,25237.85,25232.8,25232.8,781406
1769587500,2026-01-28T13:35:00,25233.0,25233.5,25229.0,25232.15,1420163
1769587560,2026-01-28T13:36:00,25231.95,25232.1,25226.25,25228.65,1042302
1769587620,2026-01-28T13:37:00,25229.65,25231.65,25225.85,25229.9,861750
1769587680,2026-01-28T13:38:00,25229.7,25234.9,25229.7,25233.45,972921
1769587740,2026-01-28T13:39:00,25233.65,25234.25,25229.65,25232.4,740665
1769587800,2026-01-28T13:40:00,25232.0,25240.8,25232.0,25236.3,787548
1769587860,2026-01-28T13:41:00,25236.45,25239.85,25231.1,25231.25,1967147
1769587920,2026-01-28T13:42:00,25231.4,25231.4,25223.95,25224.45,578887
1769587980,2026-01-28T13:43:00,25224.75,25226.95,25221.35,25224.0,663981
1769588040,2026-01-28T13:44:00,25224.2,25224.35,25207.0,25208.35,916844
1769588100,2026-01-28T13:45:00,25207.35,25207.35,25199.55,25206.3,804270
1769588160,2026-01-28T13:46:00,25205.8,25213.45,25203.55,25204.7,631126
1769588220,2026-01-28T13:47:00,25204.9,25207.8,25202.3,25203.35,570125
1769588280,2026-01-28T13:48:00,25203.75,25206.3,25191.25,25192.15,808888
1769588340,2026-01-28T13:49:00,25192.35,25200.15,25192.35,25198.8,668282
1769588400,2026-01-28T13:50:00,25199.05,25199.5,25188.7,25188.8,719403
1769588460,2026-01-28T13:51:00,25188.25,25202.2,25187.65,25197.05,559496
1769588520,2026-01-28T13:52:00,25196.3,25203.1,25195.55,25200.55,540361
1769588580,2026-01-28T13:53:00,25200.35,25214.55,25200.35,25214.4,563960
1769588640,2026-01-28T13:54:00,25215.4,25220.85,25215.4,25218.85,2744815
1769588700,2026-01-28T13:55:00,25218.85,25225.15,25218.4,25222.7,711083
1769588760,2026-01-28T13:56:00,25222.25,25223.35,25216.9,25220.6,637561
1769588820,2026-01-28T13:57:00,25220.3,25222.35,25217.0,25221.2,697875
1769588880,2026-01-28T13:58:00,25221.35,25231.2,25220.9,25230.05,679360
1769588940,2026-01-28T13:59:00,25230.5,25234.2,25229.15,25231.3,851149
1769589000,2026-01-28T14:00:00,25232.25,25236.5,25230.6,25236.5,551616
1769589060,2026-01-28T14:01:00,25236.3,25236.5,25226.7,25227.5,1947656
1769589120,2026-01-28T14:02:00,25227.35,25229.95,25224.6,25229.95,773570
1769589180,2026-01-28T14:03:00,25229.8,25242.8,25229.05,25232.1,759151
1769589240,2026-01-28T14:04:00,25232.25,25239.65,25232.25,25235.5,540715
1769589300,2026-01-28T14:05:00,25235.8,25237.45,25227.75,25232.45,1531305
1769589360,2026-01-28T14:06:00,25231.75,25232.1,25224.5,25228.0,2404798
1769589420,2026-01-28T14:07:00,25228.3,25235.3,25223.0,25232.7,2441553
1769589480,2026-01-28T14:08:00,25232.15,25233.4,25221.7,25224.55,1556197
1769589540,2026-01-28T14:09:00,25224.7,25227.2,25222.95,25223.8,1696430
1769589600,2026-01-28T14:10:00,25223.95,25233.55,25223.65,25228.9,1314728
1769589660,2026-01-28T14:11:00,25228.45,25229.85,25219.7,25220.2,1143456
1769589720,2026-01-28T14:12:00,25220.15,25225.2,25209.85,25210.7,1200595
1769589780,2026-01-28T14:13:00,25210.25,25216.45,25205.15,25214.15,1542365
1769589840,2026-01-28T14:14:00,25213.9,25218.45,25208.25,25209.05,1205519
1769589900,2026-01-28T14:15:00,25208.65,25210.1,25201.1,25208.3,1116279
1769589960,2026-01-28T14:16:00,25209.1,25221.75,25201.45,25221.25,1045413
1769590020,2026-01-28T14:17:00,25221.8,25224.95,25208.55,25212.1,1351945
1769590080,2026-01-28T14:18:00,25211.05,25211.7,25204.1,25210.8,1677961
1769590140,2026-01-28T14:19:00,25210.95,25226.45,25210.9,25226.35,1509026
1769590200,2026-01-28T14:20:00,25226.4,25228.75,25222.15,25226.95,1350412
1769590260,2026-01-28T14:21:00,25226.3,25232.15,25224.4,25230.45,2083879
1769590320,2026-01-28T14:22:00,25229.8,25229.8,25216.1,25216.1,2099682
1769590380,2026-01-28T14:23:00,25217.95,25218.15,25211.0,25218.1,1263200
1769590440,2026-01-28T14:24:00,25219.45,25224.85,25213.7,25219.1,1251439
1769590500,2026-01-28T14:25:00,25219.8,25223.6,25216.65,25221.65,1135488
1769590560,2026-01-28T14:26:00,25221.95,25223.2,25216.35,25220.65,952169
1769590620,2026-01-28T14:27:00,25220.55,25230.2,25219.15,25226.6,1112181
1769590680,2026-01-28T14:28:00,25226.65,25233.8,25224.65,25233.8,2044774
1769590740,2026-01-28T14:29:00,25233.55,25239.6,25230.15,25235.15,2978647
1769590800,2026-01-28T14:30:00,25235.15,25250.7,25234.65,25249.1,4313313
1769590860,2026-01-28T14:31:00,25248.15,25249.8,25240.25,25242.65,2024819
1769590920,2026-01-28T14:32:00,25242.6,25246.35,25240.4,25243.1,1460122
1769590980,2026-01-28T14:33:00,25243.05,25246.35,25228.3,25228.3,1358408
1769591040,2026-01-28T14:34:00,25229.05,25234.05,25224.3,25224.3,1387090
1769591100,2026-01-28T14:35:00,25223.55,25233.8,25218.95,25233.8,2536441
1769591160,2026-01-28T14:36:00,25234.7,25234.7,25220.75,25229.25,1037853
1769591220,2026-01-28T14:37:00,25229.3,25237.25,25224.35,25236.7,1437544
1769591280,2026-01-28T14:38:00,25237.0,25240.6,25232.15,25235.85,1118526
1769591340,2026-01-28T14:39:00,25235.65,25240.15,25232.05,25236.75,769381
1769591400,2026-01-28T14:40:00,25237.65,25248.95,25237.65,25240.5,1218165
1769591460,2026-01-28T14:41:00,25241.05,25242.9,25232.8,25237.1,959072
1769591520,2026-01-28T14:42:00,25237.45,25246.4,25237.05,25245.6,1422740
1769591580,2026-01-28T14:43:00,25246.05,25253.0,25243.05,25250.65,1442504
1769591640,2026-01-28T14:44:00,25250.8,25253.2,25249.25,25251.55,1735054
1769591700,2026-01-28T14:45:00,25252.05,25262.05,25251.2,25260.65,1314043
1769591760,2026-01-28T14:46:00,25260.55,25267.55,25259.45,25264.1,1267032
1769591820,2026-01-28T14:47:00,25264.75,25269.75,25264.75,25268.75,1310437
1769591880,2026-01-28T14:48:00,25268.95,25270.9,25264.5,25268.75,1299425
1769591940,2026-01-28T14:49:00,25268.9,25280.85,25267.15,25280.5,2236237
1769592000,2026-01-28T14:50:00,25280.9,25290.4,25278.0,25286.05,2192765
1769592060,2026-01-28T14:51:00,25285.55,25302.5,25283.25,25301.3,4709415
1769592120,2026-01-28T14:52:00,25301.5,25301.5,25294.25,25296.8,2531113
1769592180,2026-01-28T14:53:00,25296.8,25305.2,25292.05,25305.0,1854000
1769592240,2026-01-28T14:54:00,25304.1,25309.55,25301.4,25307.2,1607230
1769592300,2026-01-28T14:55:00,25307.75,25319.0,25307.75,25316.65,1972045
1769592360,2026-01-28T14:56:00,25316.5,25321.0,25313.4,25320.4,2254273
1769592420,2026-01-28T14:57:00,25320.45,25329.05,25318.5,25327.0,2596445
1769592480,2026-01-28T14:58:00,25326.45,25328.4,25322.55,25325.65,1702888
1769592540,2026-01-28T14:59:00,25325.75,25328.2,25318.1,25320.7,2356528
1769592600,2026-01-28T15:00:00,25320.8,25342.0,25320.8,25328.8,3831374
1769592660,2026-01-28T15:01:00,25328.5,25344.5,25328.5,25343.5,4192575
1769592720,2026-01-28T15:02:00,25343.2,25344.35,25339.25,25340.95,3315600
1769592780,2026-01-28T15:03:00,25340.75,25343.75,25329.4,25329.4,2986988
1769592840,2026-01-28T15:04:00,25329.15,25336.3,25329.15,25334.35,2136530
1769592900,2026-01-28T15:05:00,25333.6,25341.65,25333.6,25338.95,2431236
1769592960,2026-01-28T15:06:00,25338.0,25343.7,25338.0,25342.95,2708778
1769593020,2026-01-28T15:07:00,25342.25,25344.1,25329.0,25333.1,2662576
1769593080,2026-01-28T15:08:00,25331.1,25335.9,25326.2,25328.05,2620222
1769593140,2026-01-28T15:09:00,25327.1,25333.45,25323.2,25333.2,2349895
1769593200,2026-01-28T15:10:00,25333.2,25334.65,25322.95,25323.6,2855220
1769593260,2026-01-28T15:11:00,25322.5,25329.6,25322.5,25329.0,2417780
1769593320,2026-01-28T15:12:00,25328.55,25332.8,25327.9,25331.85,2505221
1769593380,2026-01-28T15:13:00,25331.95,25333.75,25330.0,25330.9,2271676
1769593440,2026-01-28T15:14:00,25330.7,25331.55,25324.1,25329.65,2515432
1769593500,2026-01-28T15:15:00,25330.95,25340.8,25330.45,25338.05,3118140
1769593560,2026-01-28T15:16:00,25338.55,25348.6,25337.9,25343.9,2541954
1769593620,2026-01-28T15:17:00,25344.05,25353.0,25343.85,25352.7,2335077
1769593680,2026-01-28T15:18:00,25351.9,25356.45,25351.05,25354.65,3131428
1769593740,2026-01-28T15:19:00,25354.9,25355.85,25349.95,25350.55,2316331
1769593800,2026-01-28T15:20:00,25350.55,25352.8,25347.3,25348.1,3720973
1769593860,2026-01-28T15:21:00,25347.45,25353.15,25346.4,25351.45,2300815
1769593920,2026-01-28T15:22:00,25350.15,25355.05,25349.1,25352.05,2052672
1769593980,2026-01-28T15:23:00,25351.7,25357.9,25351.7,25355.85,2419903
1769594040,2026-01-28T15:24:00,25354.8,25355.85,25350.45,25351.6,2882434
1769594100,2026-01-28T15:25:00,25350.5,25358.4,25349.85,25354.4,3117218
1769594160,2026-01-28T15:26:00,25355.6,25357.3,25351.0,25354.25,2165264
1769594220,2026-01-28T15:27:00,25355.0,25358.2,25350.55,25351.6,2837075
1769594280,2026-01-28T15:28:00,25350.65,25357.4,25344.5,25346.85,2116722
1769594340,2026-01-28T15:29:00,25346.15,25351.5,25341.0,25348.05,1333478
1769658300,2026-01-29T09:15:00,25345.0,25359.35,25248.55,25263.95,8510428
1769658360,2026-01-29T09:16:00,25265.5,25289.35,25258.35,25281.95,3740481
1769658420,2026-01-29T09:17:00,25280.7,25288.65,25274.6,25280.05,3458110
1769658480,2026-01-29T09:18:00,25280.4,25289.6,25266.7,25273.75,2957782
1769658540,2026-01-29T09:19:00,25277.0,25285.6,25272.95,25280.55,2718937
1769658600,2026-01-29T09:20:00,25281.3,25281.3,25261.2,25261.2,2389272
1769658660,2026-01-29T09:21:00,25261.0,25276.15,25257.75,25271.05,2914622
1769658720,2026-01-29T09:22:00,25272.3,25275.3,25252.4,25254.65,2706751
1769658780,2026-01-29T09:23:00,25255.8,25284.4,25255.15,25283.75,2122318
1769658840,2026-01-29T09:24:00,25282.45,25285.45,25270.6,25275.85,1945636
1769658900,2026-01-29T09:25:00,25275.05,25298.7,25275.05,25298.7,1981233
1769658960,2026-01-29T09:26:00,25298.85,25304.6,25298.85,25300.35,2073217
1769659020,2026-01-29T09:27:00,25301.6,25302.05,25280.0,25280.8,2504185
1769659080,2026-01-29T09:28:00,25280.85,25280.85,25273.15,25275.85,3442819
1769659140,2026-01-29T09:29:00,25274.7,25280.35,25271.6,25272.6,2116270
1769659200,2026-01-29T09:30:00,25270.7,25270.7,25252.3,25255.95,1907940
1769659260,2026-01-29T09:31:00,25256.0,25279.05,25253.3,25273.75,1991213
1769659320,2026-01-29T09:32:00,25273.35,25282.25,25271.35,25274.0,1777077
1769659380,2026-01-29T09:33:00,25273.5,25280.85,25271.05,25271.3,2481358
1769659440,2026-01-29T09:34:00,25271.3,25280.9,25266.8,25280.55,2223195
1769659500,2026-01-29T09:35:00,25279.0,25279.1,25260.35,25261.5,1517964
1769659560,2026-01-29T09:36:00,25261.95,25262.95,25229.1,25229.45,2750423
1769659620,2026-01-29T09:37:00,25229.65,25229.65,25220.9,25225.6,2177298
1769659680,2026-01-29T09:38:00,25224.75,25229.55,25215.4,25221.35,2074617
1769659740,2026-01-29T09:39:00,25220.4,25225.7,25216.85,25225.7,1983938
1769659800,2026-01-29T09:40:00,25225.9,25241.65,25222.75,25239.5,2194115
1769659860,2026-01-29T09:41:00,25239.05,25240.25,25223.25,25224.85,2858061
1769659920,2026-01-29T09:42:00,25226.5,25227.4,25220.5,25222.0,1792272
1769659980,2026-01-29T09:43:00,25222.75,25222.75,25208.15,25214.6,1861316
1769660040,2026-01-29T09:44:00,25215.05,25220.0,25207.8,25210.7,1335814
1769660100,2026-01-29T09:45:00,25209.0,25219.65,25204.25,25215.1,1398365
1769660160,2026-01-29T09:46:00,25214.4,25229.1,25211.1,25228.65,1729402
1769660220,2026-01-29T09:47:00,25228.45,25228.45,25218.9,25223.7,1379514
1769660280,2026-01-29T09:48:00,25224.4,25232.8,25217.6,25227.8,1717460
1769660340,2026-01-29T09:49:00,25227.7,25230.55,25222.35,25229.1,1604219
1769660400,2026-01-29T09:50:00,25227.45,25238.35,25224.75,25234.6,1611657
1769660460,2026-01-29T09:51:00,25234.7,25238.35,25224.4,25232.65,1429323
1769660520,2026-01-29T09:52:00,25233.7,25233.7,25210.65,25212.0,1286552
1769660580,2026-01-29T09:53:00,25213.25,25213.25,25198.9,25200.6,1801475
1769660640,2026-01-29T09:54:00,25201.4,25201.4,25175.75,25180.7,2450366
1769660700,2026-01-29T09:55:00,25181.45,25183.3,25168.2,25170.9,1414417
1769660760,2026-01-29T09:56:00,25171.6,25171.6,25159.8,25165.85,1303834
1769660820,2026-01-29T09:57:00,25166.7,25192.15,25165.1,25182.9,1515657
1769660880,2026-01-29T09:58:00,25184.35,25189.45,25181.95,25186.45,1722970
1769660940,2026-01-29T09:59:00,25185.2,25189.3,25182.8,25184.85,1326843
1769661000,2026-01-29T10:00:00,25185.3,25192.35,25179.5,25180.45,1226541
1769661060,2026-01-29T10:01:00,25181.7,25183.7,25170.5,25170.65,1444343
1769661120,2026-01-29T10:02:00,25169.55,25177.9,25167.05,25175.4,1277346
1769661180,2026-01-29T10:03:00,25175.4,25197.9,25175.2,25195.0,1331197
1769661240,2026-01-29T10:04:00,25194.9,25196.4,25182.9,25193.0,1173270
1769661300,2026-01-29T10:05:00,25192.85,25197.25,25181.55,25182.0,1301386
1769661360,2026-01-29T10:06:00,25182.7,25182.7,25172.9,25178.1,1399978
1769661420,2026-01-29T10:07:00,25180.2,25193.6,25179.2,25191.5,1382987
1769661480,2026-01-29T10:08:00,25191.3,25191.95,25184.65,25184.75,947579
1769661540,2026-01-29T10:09:00,25185.7,25200.05,25182.3,25190.7,2155557
1769661600,2026-01-29T10:10:00,25190.4,25190.5,25178.85,25180.1,1249200
1769661660,2026-01-29T10:11:00,25180.65,25193.65,25179.4,25188.05,1139607
1769661720,2026-01-29T10:12:00,25187.8,25198.5,25187.8,25198.5,1074313
1769661780,2026-01-29T10:13:00,25198.95,25211.75,25197.65,25207.8,1108110
1769661840,2026-01-29T10:14:00,25208.25,25214.35,25203.3,25211.65,688045
1769661900,2026-01-29T10:15:00,25210.35,25217.55,25205.4,25215.35,1018127
1769661960,2026-01-29T10:16:00,25216.6,25220.5,25214.05,25220.1,928439
1769662020,2026-01-29T10:17:00,25221.65,25228.85,25216.3,25216.45,1374389
1769662080,2026-01-29T10:18:00,25216.35,25220.0,25209.9,25217.95,899524
1769662140,2026-01-29T10:19:00,25217.2,25221.95,25207.95,25210.85,1086376
1769662200,2026-01-29T10:20:00,25211.25,25211.75,25193.55,25198.3,1645838
1769662260,2026-01-29T10:21:00,25198.85,25199.15,25167.65,25169.9,2575564
1769662320,2026-01-29T10:22:00,25169.5,25187.7,25169.4,25179.3,1753315
1769662380,2026-01-29T10:23:00,25179.4,25208.45,25179.4,25204.4,1486329
1769662440,2026-01-29T10:24:00,25206.25,25218.3,25202.15,25213.3,1240931
1769662500,2026-01-29T10:25:00,25211.85,25214.9,25189.6,25189.6,1187923
1769662560,2026-01-29T10:26:00,25189.15,25204.95,25179.2,25203.8,1169453
1769662620,2026-01-29T10:27:00,25203.55,25207.05,25190.65,25191.85,1170744
1769662680,2026-01-29T10:28:00,25191.85,25198.5,25190.2,25191.5,1714411
1769662740,2026-01-29T10:29:00,25191.2,25201.75,25190.5,25194.3,1849051
1769662800,2026-01-29T10:30:00,25194.3,25196.65,25184.5,25187.05,1318654
1769662860,2026-01-29T10:31:00,25187.7,25191.75,25183.4,25190.15,1262649
1769662920,2026-01-29T10:32:00,25190.35,25203.6,25188.2,25203.6,1396311
1769662980,2026-01-29T10:33:00,25204.35,25209.35,25196.5,25206.75,1627362
1769663040,2026-01-29T10:34:00,25207.85,25218.5,25207.35,25212.45,1081065
1769663100,2026-01-29T10:35:00,25213.1,25216.75,25204.8,25205.0,1268788
1769663160,2026-01-29T10:36:00,25204.8,25220.85,25198.85,25219.95,1607704
1769663220,2026-01-29T10:37:00,25221.2,25221.2,25215.45,25219.65,1076807
1769663280,2026-01-29T10:38:00,25218.65,25221.65,25209.6,25209.6,1869215
1769663340,2026-01-29T10:39:00,25210.05,25210.05,25186.4,25186.4,1426502
1769663400,2026-01-29T10:40:00,25186.25,25186.25,25175.65,25177.45,1616913
1769663460,2026-01-29T10:41:00,25177.5,25189.35,25175.95,25179.25,1144248
1769663520,2026-01-29T10:42:00,25179.9,25202.6,25179.7,25200.55,925741
1769663580,2026-01-29T10:43:00,25200.3,25204.95,25192.05,25193.05,910751
1769663640,2026-01-29T10:44:00,25192.8,25195.95,25190.0,25190.0,2545058
1769663700,2026-01-29T10:45:00,25191.05,25200.85,25189.15,25190.8,975455
1769663760,2026-01-29T10:46:00,25190.55,25195.15,25188.95,25193.35,864421
1769663820,2026-01-29T10:47:00,25193.45,25198.25,25191.05,25192.3,804745
1769663880,2026-01-29T10:48:00,25191.9,25193.25,25187.05,25188.3,1162149
1769663940,2026-01-29T10:49:00,25188.5,25191.65,25184.5,25184.85,1338820
1769664000,2026-01-29T10:50:00,25184.35,25200.65,25183.55,25199.4,881279
1769664060,2026-01-29T10:51:00,25199.6,25204.45,25197.35,25199.75,1154059
1769664120,2026-01-29T10:52:00,25199.6,25215.7,25199.6,25213.15,937538
1769664180,2026-01-29T10:53:00,25213.9,25227.95,25213.15,25224.8,894571
1769664240,2026-01-29T10:54:00,25225.2,25226.75,25221.95,25224.05,738113
1769664300,2026-01-29T10:55:00,25223.95,25225.5,25221.55,25224.4,880564
1769664360,2026-01-29T10:56:00,25223.2,25226.1,25219.6,25222.45,877391
1769664420,2026-01-29T10:57:00,25222.15,25225.1,25218.6,25220.05,883995
1769664480,2026-01-29T10:58:00,25219.2,25240.55,25219.05,25235.95,1347567
1769664540,2026-01-29T10:59:00,25235.95,25237.2,25226.15,25234.0,929175
1769664600,2026-01-29T11:00:00,25234.6,25247.15,25234.0,25245.9,739597
1769664660,2026-01-29T11:01:00,25245.65,25245.65,25236.55,25236.95,821907
1769664720,2026-01-29T11:02:00,25236.9,25242.05,25236.85,25238.95,943952
1769664780,2026-01-29T11:03:00,25238.8,25240.4,25232.35,25233.7,1077522
1769664840,2026-01-29T11:04:00,25233.9,25243.2,25233.9,25238.4,755344
1769664900,2026-01-29T11:05:00,25238.55,25243.15,25233.95,25235.75,944258
1769664960,2026-01-29T11:06:00,25236.2,25238.85,25230.1,25237.5,1206478
1769665020,2026-01-29T11:07:00,25237.4,25251.05,25236.65,25250.6,839523
1769665080,2026-01-29T11:08:00,25250.0,25252.1,25242.5,25247.35,866249
1769665140,2026-01-29T11:09:00,25247.3,25248.7,25241.2,25247.4,807148
1769665200,2026-01-29T11:10:00,25247.75,25250.35,25246.55,25249.2,888853
1769665260,2026-01-29T11:11:00,25249.45,25258.95,25248.0,25256.85,1170357
1769665320,2026-01-29T11:12:00,25256.3,25258.3,25245.9,25246.05,808756
1769665380,2026-01-29T11:13:00,25246.65,25253.3,25242.05,25247.9,761291
1769665440,2026-01-29T11:14:00,25248.35,25258.55,25242.4,25257.8,1107737
1769665500,2026-01-29T11:15:00,25257.95,25265.1,25257.5,25261.9,1716561
1769665560,2026-01-29T11:16:00,25262.2,25262.5,25257.2,25261.15,833925
1769665620,2026-01-29T11:17:00,25262.05,25279.25,25261.5,25274.7,1514072
1769665680,2026-01-29T11:18:00,25274.5,25275.2,25267.3,25270.1,863122
1769665740,2026-01-29T11:19:00,25271.05,25272.05,25266.95,25267.55,638187
1769665800,2026-01-29T11:20:00,25267.55,25275.25,25263.25,25273.45,1942243
1769665860,2026-01-29T11:21:00,25273.3,25275.15,25266.5,25273.9,1247275
1769665920,2026-01-29T11:22:00,25274.45,25289.6,25272.05,25289.6,1602964
1769665980,2026-01-29T11:23:00,25289.85,25296.8,25289.85,25294.2,2757495
1769666040,2026-01-29T11:24:00,25294.3,25296.9,25287.4,25287.5,1359560
1769666100,2026-01-29T11:25:00,25287.75,25287.75,25276.7,25281.2,1161434
1769666160,2026-01-29T11:26:00,25281.3,25281.55,25262.95,25264.2,1598036
1769666220,2026-01-29T11:27:00,25264.65,25268.05,25261.25,25267.7,1106977
1769666280,2026-01-29T11:28:00,25268.5,25272.25,25266.45,25268.35,740419
1769666340,2026-01-29T11:29:00,25268.0,25279.1,25267.95,25278.4,1007634
1769666400,2026-01-29T11:30:00,25277.4,25295.2,25276.5,25291.5,901141
1769666460,2026-01-29T11:31:00,25291.3,25291.65,25279.9,25282.35,1961273
1769666520,2026-01-29T11:32:00,25282.1,25288.8,25281.35,25282.55,768840
1769666580,2026-01-29T11:33:00,25282.4,25282.75,25271.55,25272.25,788582
1769666640,2026-01-29T11:34:00,25272.8,25273.7,25261.5,25262.8,783421
1769666700,2026-01-29T11:35:00,25262.85,25264.15,25256.8,25258.9,794611
1769666760,2026-01-29T11:36:00,25258.85,25262.95,25257.35,25262.55,779159
1769666820,2026-01-29T11:37:00,25261.95,25267.4,25258.85,25259.2,1105721
1769666880,2026-01-29T11:38:00,25258.65,25263.3,25249.0,25255.45,968802
1769666940,2026-01-29T11:39:00,25255.6,25256.8,25249.65,25256.1,962822
1769667000,2026-01-29T11:40:00,25255.8,25261.5,25254.25,25261.45,809828
1769667060,2026-01-29T11:41:00,25261.85,25262.65,25256.3,25260.75,698180
1769667120,2026-01-29T11:42:00,25261.5,25268.4,25260.95,25264.85,740557
1769667180,2026-01-29T11:43:00,25265.1,25276.45,25265.1,25275.0,940632
1769667240,2026-01-29T11:44:00,25274.75,25276.75,25267.9,25269.45,627995
1769667300,2026-01-29T11:45:00,25270.2,25270.2,25251.45,25251.95,868890
1769667360,2026-01-29T11:46:00,25252.55,25262.35,25250.75,25257.3,2595870
1769667420,2026-01-29T11:47:00,25256.35,25267.35,25249.15,25265.2,1932258
1769667480,2026-01-29T11:48:00,25267.05,25268.85,25257.15,25261.75,943590
1769667540,2026-01-29T11:49:00,25262.2,25267.5,25261.9,25262.8,1004953
1769667600,2026-01-29T11:50:00,25263.0,25271.0,25262.4,25270.95,735481
1769667660,2026-01-29T11:51:00,25271.3,25274.9,25253.9,25255.55,1902544
1769667720,2026-01-29T11:52:00,25255.75,25258.8,25251.45,25253.85,804786
1769667780,2026-01-29T11:53:00,25253.9,25256.2,25250.65,25252.9,787965
1769667840,2026-01-29T11:54:00,25253.4,25254.4,25240.0,25244.25,955112
1769667900,2026-01-29T11:55:00,25243.95,25249.3,25243.55,25245.75,807356
1769667960,2026-01-29T11:56:00,25246.35,25253.35,25244.9,25252.3,1656265
1769668020,2026-01-29T11:57:00,25252.5,25261.5,25252.5,25259.1,1067548
1769668080,2026-01-29T11:58:00,25259.3,25263.4,25256.4,25258.7,889232
1769668140,2026-01-29T11:59:00,25259.25,25262.3,25254.25,25258.8,1431810
1769668200,2026-01-29T12:00:00,25259.1,25261.4,25255.65,25259.5,1440366
1769668260,2026-01-29T12:01:00,25259.9,25261.1,25255.75,25259.0,2271070
1769668320,2026-01-29T12:02:00,25258.75,25263.95,25257.45,25261.1,1113739
1769668380,2026-01-29T12:03:00,25262.2,25268.8,25261.65,25264.55,769257
1769668440,2026-01-29T12:04:00,25264.4,25268.45,25260.9,25265.5,771309
1769668500,2026-01-29T12:05:00,25265.6,25272.9,25264.8,25269.9,1206531
1769668560,2026-01-29T12:06:00,25270.4,25270.4,25259.9,25262.45,1393171
1769668620,2026-01-29T12:07:00,25261.75,25269.65,25261.75,25266.85,860312
1769668680,2026-01-29T12:08:00,25267.05,25272.1,25266.6,25272.1,1123672
1769668740,2026-01-29T12:09:00,25272.6,25287.95,25272.6,25284.15,1527663
1769668800,2026-01-29T12:10:00,25283.7,25286.2,25278.9,25280.15,906861
1769668860,2026-01-29T12:11:00,25279.5,25286.55,25277.0,25277.1,666762
1769668920,2026-01-29T12:12:00,25275.95,25275.95,25265.0,25267.0,734815
1769668980,2026-01-29T12:13:00,25266.4,25278.05,25266.4,25274.25,736828
1769669040,2026-01-29T12:14:00,25274.25,25280.85,25273.05,25280.75,999455
1769669100,2026-01-29T12:15:00,25280.4,25282.95,25273.1,25279.15,888054
1769669160,2026-01-29T12:16:00,25279.25,25281.9,25270.95,25270.95,883366
1769669220,2026-01-29T12:17:00,25270.75,25273.1,25267.1,25272.65,1126729
1769669280,2026-01-29T12:18:00,25273.45,25279.15,25269.2,25270.4,1092064
1769669340,2026-01-29T12:19:00,25270.8,25278.2,25270.35,25271.35,643953
1769669400,2026-01-29T12:20:00,25271.15,25272.55,25262.05,25263.0,1169453
1769669460,2026-01-29T12:21:00,25263.45,25281.95,25263.25,25281.75,1108444
1769669520,2026-01-29T12:22:00,25281.55,25281.8,25269.7,25271.05,648898
1769669580,2026-01-29T12:23:00,25271.05,25277.6,25270.6,25276.3,572941
1769669640,2026-01-29T12:24:00,25276.85,25290.15,25276.85,25288.3,802377
1769669700,2026-01-29T12:25:00,25289.15,25289.15,25281.05,25283.6,659151
1769669760,2026-01-29T12:26:00,25284.4,25285.15,25277.3,25284.65,728264
1769669820,2026-01-29T12:27:00,25285.8,25287.35,25274.95,25281.05,605316
1769669880,2026-01-29T12:28:00,25280.9,25285.1,25269.75,25270.9,885442
1769669940,2026-01-29T12:29:00,25270.8,25286.1,25268.2,25284.95,1701108
1769670000,2026-01-29T12:30:00,25285.85,25298.2,25284.9,25297.4,1254030
1769670060,2026-01-29T12:31:00,25297.3,25305.45,25296.25,25301.95,890490
1769670120,2026-01-29T12:32:00,25302.15,25306.65,25300.8,25303.25,818562
1769670180,2026-01-29T12:33:00,25304.2,25309.05,25298.1,25298.6,927495
1769670240,2026-01-29T12:34:00,25298.25,25299.5,25294.35,25297.3,843313
1769670300,2026-01-29T12:35:00,25297.9,25300.8,25291.6,25294.8,1510300
1769670360,2026-01-29T12:36:00,25295.7,25297.2,25290.4,25293.4,912163
1769670420,2026-01-29T12:37:00,25293.55,25297.65,25291.05,25296.6,838834
1769670480,2026-01-29T12:38:00,25296.25,25297.05,25287.2,25287.85,1150014
1769670540,2026-01-29T12:39:00,25288.45,25291.05,25286.7,25288.8,813854
1769670600,2026-01-29T12:40:00,25289.65,25291.65,25286.8,25288.55,1267589
1769670660,2026-01-29T12:41:00,25288.95,25292.25,25288.5,25289.3,1122177
1769670720,2026-01-29T12:42:00,25289.7,25293.8,25289.2,25291.8,755223
1769670780,2026-01-29T12:43:00,25291.25,25297.15,25291.25,25293.35,830076
1769670840,2026-01-29T12:44:00,25293.05,25293.55,25281.25,25282.5,724396
1769670900,2026-01-29T12:45:00,25282.3,25286.75,25276.45,25285.4,825007
1769670960,2026-01-29T12:46:00,25285.7,25288.7,25283.05,25288.7,866397
1769671020,2026-01-29T12:47:00,25289.65,25308.55,25288.55,25308.1,912202
1769671080,2026-01-29T12:48:00,25308.7,25308.7,25300.5,25305.3,899480
1769671140,2026-01-29T12:49:00,25305.65,25309.45,25301.8,25302.45,645500
1769671200,2026-01-29T12:50:00,25303.15,25319.15,25301.85,25316.5,789673
1769671260,2026-01-29T12:51:00,25317.05,25330.45,25315.95,25329.1,997943
1769671320,2026-01-29T12:52:00,25329.05,25331.45,25327.6,25329.35,776156
1769671380,2026-01-29T12:53:00,25330.2,25332.6,25321.8,25324.7,711383
1769671440,2026-01-29T12:54:00,25325.55,25329.25,25324.9,25329.25,748763
1769671500,2026-01-29T12:55:00,25330.05,25340.85,25329.0,25335.6,871403
1769671560,2026-01-29T12:56:00,25335.3,25336.5,25329.65,25332.2,1044619
1769671620,2026-01-29T12:57:00,25333.3,25335.3,25324.8,25325.0,704411
1769671680,2026-01-29T12:58:00,25324.85,25327.0,25317.05,25323.85,848221
1769671740,2026-01-29T12:59:00,25324.35,25324.35,25318.85,25321.8,997744
1769671800,2026-01-29T13:00:00,25322.25,25327.4,25321.0,25324.85,811535
1769671860,2026-01-29T13:01:00,25324.15,25332.15,25323.65,25329.9,1174894
1769671920,2026-01-29T13:02:00,25329.7,25340.45,25329.1,25340.45,937317
1769671980,2026-01-29T13:03:00,25341.1,25351.65,25341.1,25348.8,1924599
1769672040,2026-01-29T13:04:00,25348.6,25351.45,25343.1,25351.3,1068386
1769672100,2026-01-29T13:05:00,25351.65,25354.6,25349.35,25349.75,1198236
1769672160,2026-01-29T13:06:00,25350.6,25365.1,25350.5,25359.2,1180878
1769672220,2026-01-29T13:07:00,25359.3,25360.85,25355.55,25357.55,865382
1769672280,2026-01-29T13:08:00,25357.95,25368.15,25357.35,25367.3,1246173
1769672340,2026-01-29T13:09:00,25367.2,25367.2,25355.2,25356.85,913055
1769672400,2026-01-29T13:10:00,25357.15,25361.9,25351.4,25351.55,976239
1769672460,2026-01-29T13:11:00,25351.55,25362.9,25351.2,25362.45,1208771
1769672520,2026-01-29T13:12:00,25362.85,25364.0,25350.8,25351.8,1153476
1769672580,2026-01-29T13:13:00,25351.25,25351.4,25345.25,25349.45,803835
1769672640,2026-01-29T13:14:00,25349.2,25353.65,25347.85,25353.65,668773
1769672700,2026-01-29T13:15:00,25353.45,25356.35,25351.25,25352.4,679074
1769672760,2026-01-29T13:16:00,25352.8,25355.15,25350.35,25353.1,716742
1769672820,2026-01-29T13:17:00,25354.35,25356.4,25352.4,25354.2,986831
1769672880,2026-01-29T13:18:00,25353.5,25353.7,25334.75,25337.65,1172965
1769672940,2026-01-29T13:19:00,25337.3,25342.4,25336.35,25338.3,716853
1769673000,2026-01-29T13:20:00,25338.25,25344.0,25338.1,25341.5,872258
1769673060,2026-01-29T13:21:00,25342.15,25342.5,25335.75,25336.45,729335
1769673120,2026-01-29T13:22:00,25336.95,25346.05,25336.75,25342.85,704650
1769673180,2026-01-29T13:23:00,25343.55,25345.65,25341.4,25344.75,902146
1769673240,2026-01-29T13:24:00,25344.65,25347.4,25341.95,25345.45,617927
1769673300,2026-01-29T13:25:00,25345.75,25348.95,25345.25,25347.05,858258
1769673360,2026-01-29T13:26:00,25347.15,25347.75,25342.85,25342.85,739196
1769673420,2026-01-29T13:27:00,25344.05,25350.5,25343.45,25347.95,832361
1769673480,2026-01-29T13:28:00,25348.3,25349.05,25336.85,25337.75,1138248
1769673540,2026-01-29T13:29:00,25337.05,25338.35,25328.3,25336.75,1202236
1769673600,2026-01-29T13:30:00,25337.15,25349.2,25333.45,25348.45,785341
1769673660,2026-01-29T13:31:00,25349.9,25353.6,25348.0,25350.1,603434
1769673720,2026-01-29T13:32:00,25350.45,25363.7,25350.15,25361.0,1049726
1769673780,2026-01-29T13:33:00,25360.45,25375.5,25359.1,25375.0,1921130
1769673840,2026-01-29T13:34:00,25376.05,25380.05,25370.55,25374.05,1832945
1769673900,2026-01-29T13:35:00,25374.3,25380.45,25371.85,25377.85,878531
1769673960,2026-01-29T13:36:00,25378.25,25381.8,25376.2,25380.5,869877
1769674020,2026-01-29T13:37:00,25381.0,25385.4,25380.1,25380.15,1065102
1769674080,2026-01-29T13:38:00,25379.3,25382.9,25377.95,25381.5,1097032
1769674140,2026-01-29T13:39:00,25382.3,25390.05,25381.85,25388.7,1548853
1769674200,2026-01-29T13:40:00,25387.8,25392.05,25384.65,25384.65,1444718
1769674260,2026-01-29T13:41:00,25385.0,25385.3,25381.55,25382.0,1162029
1769674320,2026-01-29T13:42:00,25382.15,25387.05,25381.55,25382.1,917940
1769674380,2026-01-29T13:43:00,25381.6,25390.95,25380.3,25390.7,1168044
1769674440,2026-01-29T13:44:00,25389.9,25404.1,25389.9,25402.5,1500426
1769674500,2026-01-29T13:45:00,25403.45,25408.3,25400.05,25406.25,3522070
1769674560,2026-01-29T13:46:00,25406.7,25409.4,25401.7,25402.75,1277697
1769674620,2026-01-29T13:47:00,25402.8,25416.75,25402.55,25415.4,1499502
1769674680,2026-01-29T13:48:00,25414.55,25418.8,25414.15,25416.55,1405507
1769674740,2026-01-29T13:49:00,25416.2,25431.4,25415.25,25419.5,1686735
1769674800,2026-01-29T13:50:00,25419.15,25424.3,25415.3,25424.05,1049668
1769674860,2026-01-29T13:51:00,25423.8,25426.1,25414.9,25416.5,849854
1769674920,2026-01-29T13:52:00,25416.05,25420.3,25415.3,25420.3,704809
1769674980,2026-01-29T13:53:00,25420.7,25421.55,25417.4,25418.35,1270326
1769675040,2026-01-29T13:54:00,25418.3,25423.6,25417.65,25421.4,1200287
1769675100,2026-01-29T13:55:00,25421.15,25425.35,25417.4,25419.1,1251081
1769675160,2026-01-29T13:56:00,25419.8,25422.35,25416.4,25422.25,962788
1769675220,2026-01-29T13:57:00,25422.5,25425.75,25420.5,25424.95,1225183
1769675280,2026-01-29T13:58:00,25425.6,25427.75,25422.35,25427.15,1616077
1769675340,2026-01-29T13:59:00,25426.75,25431.9,25421.15,25430.9,1082572
1769675400,2026-01-29T14:00:00,25430.05,25437.3,25428.2,25432.75,2104446
1769675460,2026-01-29T14:01:00,25433.2,25435.3,25431.7,25433.0,1169649
1769675520,2026-01-29T14:02:00,25432.25,25432.25,25424.6,25428.25,1529140
1769675580,2026-01-29T14:03:00,25428.15,25432.8,25427.05,25432.15,1328144
1769675640,2026-01-29T14:04:00,25432.75,25432.75,25416.5,25416.9,1812351
1769675700,2026-01-29T14:05:00,25416.95,25416.95,25407.65,25408.05,1702570
1769675760,2026-01-29T14:06:00,25408.2,25408.7,25405.8,25406.3,1878884
1769675820,2026-01-29T14:07:00,25406.9,25408.55,25396.5,25396.5,1549440
1769675880,2026-01-29T14:08:00,25396.7,25398.2,25392.15,25395.4,1846220
1769675940,2026-01-29T14:09:00,25395.15,25395.15,25383.65,25384.9,1681648
1769676000,2026-01-29T14:10:00,25385.1,25399.4,25384.3,25399.4,1856965
1769676060,2026-01-29T14:11:00,25398.45,25405.55,25396.6,25405.55,1707913
1769676120,2026-01-29T14:12:00,25405.7,25419.65,25404.55,25419.45,1068452
1769676180,2026-01-29T14:13:00,25419.1,25419.1,25412.05,25416.95,1926646
1769676240,2026-01-29T14:14:00,25417.8,25420.85,25411.75,25412.9,750328
1769676300,2026-01-29T14:15:00,25413.3,25413.3,25406.95,25408.2,684643
1769676360,2026-01-29T14:16:00,25408.4,25410.6,25403.25,25410.35,1153056
1769676420,2026-01-29T14:17:00,25410.7,25418.45,25409.95,25414.75,1412680
1769676480,2026-01-29T14:18:00,25415.6,25420.05,25413.35,25416.35,1133476
1769676540,2026-01-29T14:19:00,25416.25,25416.25,25400.35,25401.85,1190164
1769676600,2026-01-29T14:20:00,25402.55,25403.8,25398.7,25401.3,1229619
1769676660,2026-01-29T14:21:00,25400.05,25405.95,25399.5,25401.8,990338
1769676720,2026-01-29T14:22:00,25401.6,25402.75,25399.1,25402.7,1595181
1769676780,2026-01-29T14:23:00,25403.25,25407.25,25398.9,25402.1,1339663
1769676840,2026-01-29T14:24:00,25402.4,25410.8,25398.65,25409.85,1213286
1769676900,2026-01-29T14:25:00,25409.95,25414.65,25408.6,25413.65,913436
1769676960,2026-01-29T14:26:00,25414.2,25419.65,25412.0,25418.6,933644
1769677020,2026-01-29T14:27:00,25418.55,25422.65,25409.85,25412.35,1474691
1769677080,2026-01-29T14:28:00,25412.8,25426.75,25411.25,25424.05,1155720
1769677140,2026-01-29T14:29:00,25424.05,25431.0,25418.75,25430.95,1350435
1769677200,2026-01-29T14:30:00,25431.15,25440.45,25430.7,25436.85,1685807
1769677260,2026-01-29T14:31:00,25437.35,25444.95,25436.95,25444.85,1421036
1769677320,2026-01-29T14:32:00,25444.2,25447.45,25442.6,25444.75,1704857
1769677380,2026-01-29T14:33:00,25445.7,25452.7,25443.7,25449.45,1740038
1769677440,2026-01-29T14:34:00,25449.35,25454.7,25447.9,25448.0,1833787
1769677500,2026-01-29T14:35:00,25447.6,25451.25,25435.3,25438.7,1774467
1769677560,2026-01-29T14:36:00,25438.7,25443.25,25435.95,25441.85,1755503
1769677620,2026-01-29T14:37:00,25441.6,25446.0,25438.05,25438.45,2186408
1769677680,2026-01-29T14:38:00,25438.15,25442.95,25434.95,25436.25,1674121
1769677740,2026-01-29T14:39:00,25438.15,25444.8,25435.3,25441.75,1150433
1769677800,2026-01-29T14:40:00,25441.25,25443.9,25434.25,25436.6,1208141
1769677860,2026-01-29T14:41:00,25436.4,25438.75,25430.7,25438.5,1146299
1769677920,2026-01-29T14:42:00,25439.15,25444.45,25435.8,25439.0,1800239
1769677980,2026-01-29T14:43:00,25439.0,25439.0,25434.9,25435.35,1130583
1769678040,2026-01-29T14:44:00,25435.3,25440.25,25430.65,25440.25,1610279
1769678100,2026-01-29T14:45:00,25439.7,25445.1,25437.2,25437.75,1422615
1769678160,2026-01-29T14:46:00,25437.2,25444.15,25436.2,25442.2,1284705
1769678220,2026-01-29T14:47:00,25442.15,25446.8,25440.0,25444.6,1450202
1769678280,2026-01-29T14:48:00,25443.4,25445.75,25440.35,25443.05,1681004
1769678340,2026-01-29T14:49:00,25443.15,25455.45,25442.35,25451.2,1734319
1769678400,2026-01-29T14:50:00,25451.5,25455.75,25447.2,25447.5,1792557
1769678460,2026-01-29T14:51:00,25446.65,25453.1,25445.25,25452.3,1472719
1769678520,2026-01-29T14:52:00,25452.75,25458.15,25449.7,25451.8,1963460
1769678580,2026-01-29T14:53:00,25452.3,25452.8,25443.35,25444.05,1533251
1769678640,2026-01-29T14:54:00,25443.55,25446.65,25440.05,25444.85,3142130
1769678700,2026-01-29T14:55:00,25444.8,25444.8,25433.15,25433.95,1867028
1769678760,2026-01-29T14:56:00,25434.3,25443.85,25433.1,25440.8,1444524
1769678820,2026-01-29T14:57:00,25441.65,25441.65,25430.35,25433.15,1536862
1769678880,2026-01-29T14:58:00,25433.6,25436.3,25431.55,25434.95,2637489
1769678940,2026-01-29T14:59:00,25435.05,25440.2,25429.95,25434.8,1649135
1769679000,2026-01-29T15:00:00,25436.95,25445.9,25421.8,25422.65,5130127
1769679060,2026-01-29T15:01:00,25424.1,25432.3,25422.6,25422.6,4182303
1769679120,2026-01-29T15:02:00,25424.35,25424.35,25408.95,25408.95,3587057
1769679180,2026-01-29T15:03:00,25410.35,25429.15,25408.0,25427.9,4423712
1769679240,2026-01-29T15:04:00,25429.2,25432.3,25419.4,25419.4,4769601
1769679300,2026-01-29T15:05:00,25420.0,25424.55,25417.25,25419.85,3782955
1769679360,2026-01-29T15:06:00,25421.55,25433.85,25418.55,25418.55,3236064
1769679420,2026-01-29T15:07:00,25420.2,25422.6,25417.45,25421.7,3285016
1769679480,2026-01-29T15:08:00,25423.2,25424.35,25408.1,25408.1,3068527
1769679540,2026-01-29T15:09:00,25410.4,25423.45,25408.0,25421.45,3764340
1769679600,2026-01-29T15:10:00,25423.0,25423.75,25417.75,25417.75,3380239
1769679660,2026-01-29T15:11:00,25419.4,25423.1,25417.45,25417.45,3283754
1769679720,2026-01-29T15:12:00,25418.65,25420.7,25415.9,25419.5,3097283
1769679780,2026-01-29T15:13:00,25419.5,25428.35,25417.85,25424.65,3219091
1769679840,2026-01-29T15:14:00,25426.1,25426.1,25407.6,25407.6,3657969
1769679900,2026-01-29T15:15:00,25407.65,25424.75,25405.1,25422.45,4291067
1769679960,2026-01-29T15:16:00,25422.95,25431.65,25421.9,25424.4,4500480
1769680020,2026-01-29T15:17:00,25425.85,25428.5,25415.05,25415.05,3652686
1769680080,2026-01-29T15:18:00,25418.15,25420.95,25415.4,25415.75,4543747
1769680140,2026-01-29T15:19:00,25417.6,25431.05,25414.55,25421.55,4773228
1769680200,2026-01-29T15:20:00,25421.5,25421.55,25414.9,25414.9,4840105
1769680260,2026-01-29T15:21:00,25416.0,25422.55,25415.3,25416.55,4331995
1769680320,2026-01-29T15:22:00,25419.2,25422.25,25414.25,25417.5,4456371
1769680380,2026-01-29T15:23:00,25420.65,25427.7,25418.5,25422.35,5552576
1769680440,2026-01-29T15:24:00,25424.3,25424.3,25408.7,25412.45,4797674
1769680500,2026-01-29T15:25:00,25413.85,25416.7,25408.75,25411.8,4355794
1769680560,2026-01-29T15:26:00,25412.8,25414.15,25407.15,25407.3,3426118
1769680620,2026-01-29T15:27:00,25410.55,25416.35,25407.45,25414.15,3592243
1769680680,2026-01-29T15:28:00,25413.85,25420.85,25410.05,25410.05,2627161
1769680740,2026-01-29T15:29:00,25413.8,25425.95,25405.7,25422.1,1880935
1769744700,2026-01-30T09:15:00,25247.55,25280.1,25224.35,25259.6,7704342
1769744760,2026-01-30T09:16:00,25255.6,25285.95,25233.95,25277.05,4386617
1769744820,2026-01-30T09:17:00,25276.6,25279.55,25261.8,25261.8,3664271
1769744880,2026-01-30T09:18:00,25261.9,25270.1,25257.05,25268.95,2403501
1769744940,2026-01-30T09:19:00,25268.95,25270.95,25253.4,25259.3,2444262
1769745000,2026-01-30T09:20:00,25257.8,25257.8,25234.2,25253.75,2561894
1769745060,2026-01-30T09:21:00,25253.0,25266.0,25249.55,25263.05,1906115
1769745120,2026-01-30T09:22:00,25263.95,25263.95,25236.65,25237.4,1879343
1769745180,2026-01-30T09:23:00,25237.85,25256.5,25235.65,25252.85,1528626
1769745240,2026-01-30T09:24:00,25251.35,25255.0,25238.6,25238.85,1505541
1769745300,2026-01-30T09:25:00,25236.15,25260.45,25230.65,25260.45,2497931
1769745360,2026-01-30T09:26:00,25261.8,25275.8,25260.45,25270.35,1633175
1769745420,2026-01-30T09:27:00,25269.6,25280.6,25261.85,25279.05,1625178
1769745480,2026-01-30T09:28:00,25277.9,25278.55,25260.0,25260.3,1307983
1769745540,2026-01-30T09:29:00,25259.25,25264.9,25240.75,25242.0,2086367
1769745600,2026-01-30T09:30:00,25242.5,25242.65,25218.95,25226.25,1824386
1769745660,2026-01-30T09:31:00,25226.15,25249.15,25224.35,25243.1,1409273
1769745720,2026-01-30T09:32:00,25242.9,25248.4,25238.0,25239.6,1675436
1769745780,2026-01-30T09:33:00,25240.2,25254.05,25240.2,25252.75,1060778
1769745840,2026-01-30T09:34:00,25252.7,25261.9,25245.75,25261.4,1350182
1769745900,2026-01-30T09:35:00,25261.2,25287.5,25261.2,25281.25,1830539
1769745960,2026-01-30T09:36:00,25281.65,25301.55,25280.15,25295.3,1287317
1769746020,2026-01-30T09:37:00,25295.55,25304.45,25293.8,25301.4,1207184
1769746080,2026-01-30T09:38:00,25301.9,25308.3,25291.0,25308.0,1456487
1769746140,2026-01-30T09:39:00,25307.05,25308.8,25288.65,25290.65,1152427
1769746200,2026-01-30T09:40:00,25291.05,25291.65,25272.4,25273.5,946537
1769746260,2026-01-30T09:41:00,25273.25,25297.0,25268.8,25296.75,915619
1769746320,2026-01-30T09:42:00,25297.65,25304.55,25290.65,25298.05,1587433
1769746380,2026-01-30T09:43:00,25298.35,25299.9,25277.6,25281.65,1092750
1769746440,2026-01-30T09:44:00,25281.45,25292.25,25274.95,25292.25,956453
1769746500,2026-01-30T09:45:00,25291.75,25294.3,25280.95,25283.7,1150394
1769746560,2026-01-30T09:46:00,25283.75,25297.45,25281.6,25292.6,1139202
1769746620,2026-01-30T09:47:00,25292.6,25295.5,25285.8,25293.4,824317
1769746680,2026-01-30T09:48:00,25293.2,25302.1,25291.15,25299.15,1205314
1769746740,2026-01-30T09:49:00,25299.5,25308.05,25298.75,25305.55,1414299
1769746800,2026-01-30T09:50:00,25303.65,25312.05,25300.8,25303.35,1373651
1769746860,2026-01-30T09:51:00,25303.55,25308.45,25298.2,25304.3,1090078
1769746920,2026-01-30T09:52:00,25304.05,25313.25,25300.8,25312.45,1084698
1769746980,2026-01-30T09:53:00,25312.2,25314.35,25300.4,25305.7,939408
1769747040,2026-01-30T09:54:00,25305.2,25323.15,25303.55,25316.45,1121765
1769747100,2026-01-30T09:55:00,25316.45,25317.55,25293.75,25301.55,1548155
1769747160,2026-01-30T09:56:00,25300.95,25301.2,25291.95,25291.95,1382779
1769747220,2026-01-30T09:57:00,25292.4,25293.1,25277.75,25277.75,1186401
1769747280,2026-01-30T09:58:00,25278.45,25293.45,25274.35,25293.0,944240
1769747340,2026-01-30T09:59:00,25292.35,25293.35,25277.65,25283.4,5452776
1769747400,2026-01-30T10:00:00,25283.95,25288.25,25279.95,25288.25,1563617
1769747460,2026-01-30T10:01:00,25288.7,25310.65,25287.95,25309.3,1216836
1769747520,2026-01-30T10:02:00,25308.65,25309.45,25304.55,25307.65,1482294
1769747580,2026-01-30T10:03:00,25307.95,25315.95,25307.1,25309.6,1098663
1769747640,2026-01-30T10:04:00,25309.95,25309.95,25287.6,25288.6,1288802
1769747700,2026-01-30T10:05:00,25288.1,25288.9,25275.05,25279.1,1007501
1769747760,2026-01-30T10:06:00,25277.5,25279.9,25266.45,25273.05,1238735
1769747820,2026-01-30T10:07:00,25272.7,25280.95,25271.75,25280.75,1066761
1769747880,2026-01-30T10:08:00,25280.8,25283.4,25272.9,25277.7,1109136
1769747940,2026-01-30T10:09:00,25277.55,25287.15,25277.55,25282.65,1266571
1769748000,2026-01-30T10:10:00,25282.55,25289.3,25275.45,25288.75,1230366
1769748060,2026-01-30T10:11:00,25288.85,25292.15,25283.95,25290.2,1430835
1769748120,2026-01-30T10:12:00,25288.9,25294.4,25284.85,25292.0,1018159
1769748180,2026-01-30T10:13:00,25292.35,25300.7,25291.65,25300.55,1067241
1769748240,2026-01-30T10:14:00,25298.4,25315.75,25298.4,25314.3,1044809
1769748300,2026-01-30T10:15:00,25315.8,25319.65,25311.9,25313.95,1227747
1769748360,2026-01-30T10:16:00,25314.25,25314.4,25310.0,25313.55,1033486
1769748420,2026-01-30T10:17:00,25313.55,25314.25,25309.25,25311.7,1135965
1769748480,2026-01-30T10:18:00,25311.85,25315.6,25310.0,25314.95,898191
1769748540,2026-01-30T10:19:00,25314.7,25315.85,25303.35,25303.35,1150641
1769748600,2026-01-30T10:20:00,25303.25,25304.35,25290.3,25291.25,1352111
1769748660,2026-01-30T10:21:00,25290.6,25300.65,25288.5,25291.8,1511944
1769748720,2026-01-30T10:22:00,25291.35,25291.35,25278.0,25285.15,4378865
1769748780,2026-01-30T10:23:00,25286.05,25288.35,25274.5,25280.0,1426299
1769748840,2026-01-30T10:24:00,25280.35,25287.2,25276.65,25279.3,1410044
1769748900,2026-01-30T10:25:00,25279.75,25281.0,25273.55,25277.8,836776
1769748960,2026-01-30T10:26:00,25278.0,25281.4,25277.45,25277.45,981695
1769749020,2026-01-30T10:27:00,25278.6,25280.95,25272.7,25273.6,1234035
1769749080,2026-01-30T10:28:00,25273.3,25278.4,25268.95,25275.35,1260847
1769749140,2026-01-30T10:29:00,25275.55,25280.85,25271.25,25279.6,1159594
1769749200,2026-01-30T10:30:00,25279.95,25289.35,25273.45,25276.3,1101427
1769749260,2026-01-30T10:31:00,25275.9,25290.3,25273.55,25289.15,1242993
1769749320,2026-01-30T10:32:00,25289.25,25297.55,25288.2,25297.55,1215215
1769749380,2026-01-30T10:33:00,25297.15,25299.95,25285.05,25288.1,921548
1769749440,2026-01-30T10:34:00,25288.5,25296.1,25287.2,25292.05,1611466
1769749500,2026-01-30T10:35:00,25291.55,25298.8,25289.55,25291.95,932792
1769749560,2026-01-30T10:36:00,25291.3,25291.75,25282.7,25285.6,529451
1769749620,2026-01-30T10:37:00,25285.4,25288.7,25282.0,25288.7,564300
1769749680,2026-01-30T10:38:00,25288.9,25292.4,25286.65,25292.4,658126
1769749740,2026-01-30T10:39:00,25292.7,25302.0,25291.7,25301.25,625821
1769749800,2026-01-30T10:40:00,25300.9,25302.9,25298.05,25299.5,674456
1769749860,2026-01-30T10:41:00,25300.35,25311.6,25299.1,25310.4,945326
1769749920,2026-01-30T10:42:00,25310.1,25310.45,25296.05,25296.05,926502
1769749980,2026-01-30T10:43:00,25296.0,25305.45,25295.9,25300.65,802146
1769750040,2026-01-30T10:44:00,25300.6,25305.35,25297.4,25302.1,693321
1769750100,2026-01-30T10:45:00,25301.05,25306.35,25301.05,25302.5,1082530
1769750160,2026-01-30T10:46:00,25302.4,25304.8,25298.15,25303.6,956659
1769750220,2026-01-30T10:47:00,25302.6,25308.4,25302.55,25305.8,1053617
1769750280,2026-01-30T10:48:00,25305.3,25312.65,25303.95,25310.95,826507
1769750340,2026-01-30T10:49:00,25310.5,25311.6,25297.25,25297.6,611795
1769750400,2026-01-30T10:50:00,25297.75,25298.1,25290.8,25292.2,739983
1769750460,2026-01-30T10:51:00,25292.05,25292.8,25289.55,25290.7,695982
1769750520,2026-01-30T10:52:00,25290.2,25294.1,25284.3,25292.35,685214
1769750580,2026-01-30T10:53:00,25292.2,25298.5,25290.65,25293.25,685696
1769750640,2026-01-30T10:54:00,25292.4,25297.75,25289.6,25296.8,601603
1769750700,2026-01-30T10:55:00,25296.25,25306.05,25296.25,25304.35,530770
1769750760,2026-01-30T10:56:00,25304.4,25306.25,25298.95,25298.95,556546
1769750820,2026-01-30T10:57:00,25299.05,25304.1,25295.15,25303.85,652864
1769750880,2026-01-30T10:58:00,25302.7,25304.25,25298.55,25299.3,601903
1769750940,2026-01-30T10:59:00,25298.9,25306.5,25298.9,25302.05,721148
1769751000,2026-01-30T11:00:00,25302.4,25306.25,25300.75,25306.25,491343
1769751060,2026-01-30T11:01:00,25306.2,25309.2,25305.9,25306.8,673245
1769751120,2026-01-30T11:02:00,25305.1,25306.7,25301.2,25303.65,652145
1769751180,2026-01-30T11:03:00,25302.25,25309.1,25301.15,25301.55,678471
1769751240,2026-01-30T11:04:00,25300.55,25303.8,25298.95,25300.45,624275
1769751300,2026-01-30T11:05:00,25300.65,25300.65,25290.65,25293.6,1028811
1769751360,2026-01-30T11:06:00,25292.5,25293.65,25284.1,25287.8,722598
1769751420,2026-01-30T11:07:00,25288.15,25291.55,25277.95,25279.95,880587
1769751480,2026-01-30T11:08:00,25279.1,25283.5,25273.35,25277.45,939506
1769751540,2026-01-30T11:09:00,25277.2,25279.15,25262.0,25263.1,876901
1769751600,2026-01-30T11:10:00,25262.85,25267.35,25252.85,25257.3,1262257
1769751660,2026-01-30T11:11:00,25257.7,25258.0,25249.7,25251.15,1775771
1769751720,2026-01-30T11:12:00,25249.5,25258.25,25247.1,25258.0,796458
1769751780,2026-01-30T11:13:00,25257.85,25265.1,25257.3,25263.85,1117366
1769751840,2026-01-30T11:14:00,25262.95,25264.75,25252.75,25255.45,966728
1769751900,2026-01-30T11:15:00,25255.35,25260.05,25251.1,25258.55,1299510
1769751960,2026-01-30T11:16:00,25258.5,25258.95,25252.1,25252.65,878777
1769752020,2026-01-30T11:17:00,25252.65,25255.1,25246.45,25254.1,787602
1769752080,2026-01-30T11:18:00,25254.75,25258.65,25253.9,25253.95,1309163
1769752140,2026-01-30T11:19:00,25253.7,25254.85,25249.75,25252.35,494381
1769752200,2026-01-30T11:20:00,25252.45,25262.05,25251.3,25257.45,842535
1769752260,2026-01-30T11:21:00,25257.75,25258.55,25248.9,25253.5,723779
1769752320,2026-01-30T11:22:00,25253.8,25255.55,25249.1,25250.75,635418
1769752380,2026-01-30T11:23:00,25250.55,25254.75,25244.0,25250.6,1326548
1769752440,2026-01-30T11:24:00,25251.15,25263.8,25250.75,25263.5,863538
1769752500,2026-01-30T11:25:00,25263.25,25277.6,25262.3,25277.2,847955
1769752560,2026-01-30T11:26:00,25277.5,25282.85,25276.9,25278.85,567634
1769752620,2026-01-30T11:27:00,25279.15,25281.5,25275.45,25277.1,468685
1769752680,2026-01-30T11:28:00,25276.3,25277.55,25268.05,25268.95,1219104
1769752740,2026-01-30T11:29:00,25268.6,25269.8,25256.6,25258.95,745323
1769752800,2026-01-30T11:30:00,25257.55,25261.75,25254.35,25257.45,691715
1769752860,2026-01-30T11:31:00,25256.9,25257.5,25249.75,25250.95,747339
1769752920,2026-01-30T11:32:00,25250.3,25255.65,25250.3,25251.65,715663
1769752980,2026-01-30T11:33:00,25252.5,25253.0,25232.0,25240.1,1087226
1769753040,2026-01-30T11:34:00,25240.4,25246.55,25240.2,25245.85,493446
1769753100,2026-01-30T11:35:00,25245.3,25249.05,25244.8,25248.75,639975
1769753160,2026-01-30T11:36:00,25248.75,25249.9,25244.6,25246.1,890743
1769753220,2026-01-30T11:37:00,25245.9,25252.1,25242.95,25252.1,906840
1769753280,2026-01-30T11:38:00,25251.85,25263.85,25251.45,25263.4,697690
1769753340,2026-01-30T11:39:00,25263.6,25274.95,25262.7,25274.05,848734
1769753400,2026-01-30T11:40:00,25273.95,25278.2,25273.5,25276.15,624849
1769753460,2026-01-30T11:41:00,25275.65,25277.6,25269.65,25277.5,1064450
1769753520,2026-01-30T11:42:00,25276.6,25278.85,25271.55,25276.4,515194
1769753580,2026-01-30T11:43:00,25276.7,25280.35,25270.7,25272.05,696908
1769753640,2026-01-30T11:44:00,25271.5,25275.95,25270.7,25272.45,528620
1769753700,2026-01-30T11:45:00,25271.85,25275.4,25260.9,25261.2,703374
1769753760,2026-01-30T11:46:00,25260.7,25268.45,25258.15,25267.5,885891
1769753820,2026-01-30T11:47:00,25267.9,25268.25,25261.05,25262.15,837368
1769753880,2026-01-30T11:48:00,25261.5,25262.5,25256.3,25258.75,1253027
1769753940,2026-01-30T11:49:00,25259.05,25264.65,25257.65,25261.7,752379
1769754000,2026-01-30T11:50:00,25260.5,25267.0,25259.6,25266.8,961645
1769754060,2026-01-30T11:51:00,25265.55,25270.75,25264.5,25270.7,738648
1769754120,2026-01-30T11:52:00,25269.9,25286.3,25269.9,25286.3,1157604
1769754180,2026-01-30T11:53:00,25285.5,25292.75,25282.25,25290.45,926030
1769754240,2026-01-30T11:54:00,25290.4,25294.0,25285.95,25287.4,732106
1769754300,2026-01-30T11:55:00,25287.7,25293.35,25282.5,25282.9,771778
1769754360,2026-01-30T11:56:00,25282.8,25284.95,25270.2,25274.3,687441
1769754420,2026-01-30T11:57:00,25274.0,25274.0,25262.8,25266.2,881259
1769754480,2026-01-30T11:58:00,25266.85,25268.3,25257.65,25259.8,777764
1769754540,2026-01-30T11:59:00,25259.85,25266.95,25259.55,25261.4,1291738
1769754600,2026-01-30T12:00:00,25262.0,25265.2,25251.75,25251.75,1478892
1769754660,2026-01-30T12:01:00,25252.7,25254.8,25249.7,25254.0,1197741
1769754720,2026-01-30T12:02:00,25254.0,25256.45,25248.85,25255.45,914264
1769754780,2026-01-30T12:03:00,25256.0,25265.35,25255.45,25260.1,672681
1769754840,2026-01-30T12:04:00,25259.75,25260.65,25255.35,25258.35,683903
1769754900,2026-01-30T12:05:00,25258.15,25261.65,25253.8,25260.15,773515
1769754960,2026-01-30T12:06:00,25260.05,25263.95,25259.25,25261.25,857922
1769755020,2026-01-30T12:07:00,25261.6,25265.5,25261.15,25264.55,1463767
1769755080,2026-01-30T12:08:00,25264.05,25270.9,25263.2,25267.55,906549
1769755140,2026-01-30T12:09:00,25266.85,25271.0,25266.4,25268.6,973663
1769755200,2026-01-30T12:10:00,25269.1,25277.85,25268.25,25275.35,1223039
1769755260,2026-01-30T12:11:00,25275.4,25278.45,25269.6,25277.0,836109
1769755320,2026-01-30T12:12:00,25277.2,25279.8,25274.35,25276.15,1020928
1769755380,2026-01-30T12:13:00,25275.55,25286.0,25274.8,25286.0,1042783
1769755440,2026-01-30T12:14:00,25285.55,25294.85,25285.55,25294.7,598324
1769755500,2026-01-30T12:15:00,25293.65,25298.6,25292.85,25294.5,879664
1769755560,2026-01-30T12:16:00,25294.25,25298.15,25293.05,25294.4,709951
1769755620,2026-01-30T12:17:00,25295.05,25301.8,25287.35,25287.35,662873
1769755680,2026-01-30T12:18:00,25287.9,25289.7,25276.95,25278.15,680288
1769755740,2026-01-30T12:19:00,25276.85,25277.75,25270.6,25274.6,824830
1769755800,2026-01-30T12:20:00,25275.25,25290.5,25275.25,25284.7,736174
1769755860,2026-01-30T12:21:00,25285.15,25290.95,25280.05,25290.0,677860
1769755920,2026-01-30T12:22:00,25290.4,25297.9,25287.95,25296.0,626788
1769755980,2026-01-30T12:23:00,25295.65,25306.15,25295.65,25305.25,1445451
1769756040,2026-01-30T12:24:00,25305.1,25311.95,25304.9,25306.95,826975
1769756100,2026-01-30T12:25:00,25306.75,25316.6,25305.55,25305.55,642197
1769756160,2026-01-30T12:26:00,25305.75,25306.4,25295.0,25295.0,545191
1769756220,2026-01-30T12:27:00,25295.0,25295.0,25288.95,25292.7,595384
1769756280,2026-01-30T12:28:00,25293.0,25301.45,25292.6,25297.35,634877
1769756340,2026-01-30T12:29:00,25297.25,25298.25,25292.4,25294.05,554939
1769756400,2026-01-30T12:30:00,25293.8,25300.8,25292.15,25299.1,733800
1769756460,2026-01-30T12:31:00,25300.05,25304.05,25298.4,25303.5,752158
1769756520,2026-01-30T12:32:00,25304.6,25309.1,25304.15,25306.9,868771
1769756580,2026-01-30T12:33:00,25307.05,25307.75,25298.65,25298.85,599889
1769756640,2026-01-30T12:34:00,25298.55,25299.9,25291.2,25295.35,605296
1769756700,2026-01-30T12:35:00,25296.45,25297.6,25284.55,25285.1,602248
1769756760,2026-01-30T12:36:00,25286.0,25288.4,25281.45,25286.3,1106824
1769756820,2026-01-30T12:37:00,25286.7,25304.8,25286.7,25301.3,673801
1769756880,2026-01-30T12:38:00,25301.45,25301.45,25285.7,25289.45,602900
1769756940,2026-01-30T12:39:00,25289.2,25302.45,25288.25,25300.05,631878
1769757000,2026-01-30T12:40:00,25299.9,25302.8,25295.2,25295.4,791478
1769757060,2026-01-30T12:41:00,25296.15,25296.5,25288.8,25291.7,920521
1769757120,2026-01-30T12:42:00,25292.15,25303.4,25291.1,25303.4,1033790
1769757180,2026-01-30T12:43:00,25302.85,25309.85,25302.85,25307.45,796767
1769757240,2026-01-30T12:44:00,25307.6,25307.6,25293.55,25293.55,2065245
1769757300,2026-01-30T12:45:00,25293.7,25297.2,25291.45,25295.5,1024409
1769757360,2026-01-30T12:46:00,25295.7,25297.45,25291.2,25291.8,1004063
1769757420,2026-01-30T12:47:00,25291.55,25298.5,25291.25,25296.9,597012
1769757480,2026-01-30T12:48:00,25297.45,25300.85,25295.7,25296.1,812234
1769757540,2026-01-30T12:49:00,25295.95,25297.8,25290.15,25293.0,727263
1769757600,2026-01-30T12:50:00,25293.1,25293.55,25285.2,25292.9,671770
1769757660,2026-01-30T12:51:00,25292.6,25299.7,25288.8,25289.1,562100
1769757720,2026-01-30T12:52:00,25288.8,25295.35,25288.8,25294.1,596630
1769757780,2026-01-30T12:53:00,25294.1,25298.05,25292.65,25294.3,803124
1769757840,2026-01-30T12:54:00,25294.15,25299.45,25293.25,25298.2,679306
1769757900,2026-01-30T12:55:00,25298.3,25301.2,25292.25,25292.7,1187533
1769757960,2026-01-30T12:56:00,25292.6,25292.9,25288.3,25289.8,476893
1769758020,2026-01-30T12:57:00,25289.7,25297.3,25288.35,25292.25,1208708
1769758080,2026-01-30T12:58:00,25292.8,25295.75,25291.65,25293.5,511331
1769758140,2026-01-30T12:59:00,25293.35,25303.3,25293.35,25302.65,660369
1769758200,2026-01-30T13:00:00,25303.75,25306.15,25285.1,25287.35,904321
1769758260,2026-01-30T13:01:00,25287.65,25287.85,25278.45,25281.5,707909
1769758320,2026-01-30T13:02:00,25282.1,25289.9,25278.6,25283.0,971204
1769758380,2026-01-30T13:03:00,25282.75,25283.55,25275.25,25281.55,874484
1769758440,2026-01-30T13:04:00,25282.1,25282.55,25274.65,25276.95,721293
1769758500,2026-01-30T13:05:00,25276.6,25277.35,25274.0,25276.35,772939
1769758560,2026-01-30T13:06:00,25276.3,25277.6,25266.45,25268.05,1252694
1769758620,2026-01-30T13:07:00,25267.7,25267.9,25256.35,25258.75,891919
1769758680,2026-01-30T13:08:00,25258.75,25260.05,25249.85,25255.65,777809
1769758740,2026-01-30T13:09:00,25255.4,25259.5,25243.25,25243.75,1373882
1769758800,2026-01-30T13:10:00,25243.9,25255.65,25238.5,25254.3,1327680
1769758860,2026-01-30T13:11:00,25254.6,25260.25,25254.4,25258.1,1003338
1769758920,2026-01-30T13:12:00,25257.65,25257.65,25246.3,25246.3,954408
1769758980,2026-01-30T13:13:00,25246.75,25258.75,25246.15,25258.0,763845
1769759040,2026-01-30T13:14:00,25258.35,25258.35,25247.05,25247.05,745608
1769759100,2026-01-30T13:15:00,25247.4,25247.5,25228.75,25229.5,1765514
1769759160,2026-01-30T13:16:00,25228.95,25230.8,25213.65,25230.8,1423071
1769759220,2026-01-30T13:17:00,25231.6,25241.5,25228.9,25241.5,827292
1769759280,2026-01-30T13:18:00,25240.8,25241.35,25230.7,25234.95,678462
1769759340,2026-01-30T13:19:00,25235.15,25239.1,25232.2,25232.6,669239
1769759400,2026-01-30T13:20:00,25232.55,25234.6,25227.8,25230.0,669125
1769759460,2026-01-30T13:21:00,25229.55,25238.0,25228.1,25232.5,828075
1769759520,2026-01-30T13:22:00,25231.1,25234.05,25227.1,25231.15,810074
1769759580,2026-01-30T13:23:00,25231.15,25234.95,25227.8,25228.6,927393
1769759640,2026-01-30T13:24:00,25229.25,25232.75,25227.0,25229.8,762272
1769759700,2026-01-30T13:25:00,25229.95,25234.65,25228.6,25234.65,556112
1769759760,2026-01-30T13:26:00,25234.95,25239.95,25232.85,25234.35,645806
1769759820,2026-01-30T13:27:00,25234.3,25238.6,25233.25,25233.55,524172
1769759880,2026-01-30T13:28:00,25233.25,25238.15,25231.7,25237.7,495943
1769759940,2026-01-30T13:29:00,25237.45,25238.45,25230.3,25230.5,580367
1769760000,2026-01-30T13:30:00,25230.5,25238.35,25229.55,25236.3,694004
1769760060,2026-01-30T13:31:00,25237.5,25243.4,25237.05,25239.75,843701
1769760120,2026-01-30T13:32:00,25239.9,25253.65,25238.75,25252.8,920541
1769760180,2026-01-30T13:33:00,25252.9,25254.6,25243.35,25245.75,658229
1769760240,2026-01-30T13:34:00,25246.5,25254.65,25245.15,25254.3,530800
1769760300,2026-01-30T13:35:00,25254.9,25264.6,25254.3,25257.15,932929
1769760360,2026-01-30T13:36:00,25257.8,25260.3,25253.85,25258.0,509538
1769760420,2026-01-30T13:37:00,25258.25,25258.75,25251.9,25256.85,684170
1769760480,2026-01-30T13:38:00,25256.4,25268.4,25254.8,25267.65,491935
1769760540,2026-01-30T13:39:00,25268.05,25270.05,25260.55,25269.85,557426
1769760600,2026-01-30T13:40:00,25270.2,25279.9,25269.8,25275.8,555694
1769760660,2026-01-30T13:41:00,25276.85,25290.3,25276.85,25286.65,778972
1769760720,2026-01-30T13:42:00,25286.0,25298.0,25286.0,25292.35,849216
1769760780,2026-01-30T13:43:00,25292.4,25302.65,25292.25,25301.95,883847
1769760840,2026-01-30T13:44:00,25301.85,25306.5,25297.75,25301.2,905445
1769760900,2026-01-30T13:45:00,25302.05,25313.1,25299.65,25308.95,1610079
1769760960,2026-01-30T13:46:00,25308.75,25309.8,25298.5,25302.35,774441
1769761020,2026-01-30T13:47:00,25303.35,25305.75,25295.1,25295.75,1000898
1769761080,2026-01-30T13:48:00,25296.3,25296.3,25284.9,25287.95,1006925
1769761140,2026-01-30T13:49:00,25286.85,25301.05,25286.75,25299.2,680732
1769761200,2026-01-30T13:50:00,25297.45,25307.2,25295.65,25303.5,925050
1769761260,2026-01-30T13:51:00,25303.6,25304.3,25296.25,25297.15,1005161
1769761320,2026-01-30T13:52:00,25298.6,25307.1,25298.6,25306.75,853577
1769761380,2026-01-30T13:53:00,25306.6,25311.25,25306.6,25309.85,781265
1769761440,2026-01-30T13:54:00,25310.05,25339.5,25307.5,25329.6,1894374
1769761500,2026-01-30T13:55:00,25331.15,25336.6,25327.65,25330.6,814461
1769761560,2026-01-30T13:56:00,25331.5,25337.05,25329.95,25332.55,844276
1769761620,2026-01-30T13:57:00,25332.05,25333.45,25322.75,25327.8,731092
1769761680,2026-01-30T13:58:00,25329.1,25333.5,25329.05,25332.75,700392
1769761740,2026-01-30T13:59:00,25332.2,25344.9,25330.1,25342.65,689707
1769761800,2026-01-30T14:00:00,25343.8,25349.15,25336.45,25337.3,992951
1769761860,2026-01-30T14:01:00,25337.4,25338.05,25331.7,25337.85,648803
1769761920,2026-01-30T14:02:00,25337.2,25349.85,25336.35,25348.8,766603
1769761980,2026-01-30T14:03:00,25349.75,25353.0,25338.4,25341.4,1012270
1769762040,2026-01-30T14:04:00,25340.45,25341.3,25335.75,25338.8,937503
1769762100,2026-01-30T14:05:00,25338.95,25352.2,25338.55,25351.7,830287
1769762160,2026-01-30T14:06:00,25352.85,25359.65,25352.05,25352.2,805847
1769762220,2026-01-30T14:07:00,25352.7,25360.25,25351.6,25358.9,686018
1769762280,2026-01-30T14:08:00,25358.4,25359.6,25353.25,25353.35,705987
1769762340,2026-01-30T14:09:00,25353.95,25365.65,25352.8,25365.65,724028
1769762400,2026-01-30T14:10:00,25366.65,25370.7,25358.25,25359.25,847264
1769762460,2026-01-30T14:11:00,25359.0,25359.4,25349.1,25350.35,1070236
1769762520,2026-01-30T14:12:00,25349.1,25353.95,25348.15,25350.85,846487
1769762580,2026-01-30T14:13:00,25350.2,25353.25,25347.7,25350.85,964911
1769762640,2026-01-30T14:14:00,25350.8,25352.45,25344.1,25352.45,878450
1769762700,2026-01-30T14:15:00,25353.5,25356.45,25346.05,25347.35,675696
1769762760,2026-01-30T14:16:00,25346.65,25353.85,25344.1,25352.05,1147940
1769762820,2026-01-30T14:17:00,25351.15,25355.45,25349.05,25351.45,631625
1769762880,2026-01-30T14:18:00,25350.5,25350.95,25345.75,25347.35,1024065
1769762940,2026-01-30T14:19:00,25347.9,25355.4,25347.3,25353.15,700028
1769763000,2026-01-30T14:20:00,25352.6,25355.95,25348.65,25354.9,648896
1769763060,2026-01-30T14:21:00,25354.85,25356.35,25350.05,25352.0,825879
1769763120,2026-01-30T14:22:00,25352.25,25353.65,25347.05,25347.1,715115
1769763180,2026-01-30T14:23:00,25346.5,25346.5,25339.3,25342.15,645739
1769763240,2026-01-30T14:24:00,25341.6,25347.6,25336.5,25346.75,697180
1769763300,2026-01-30T14:25:00,25348.15,25348.3,25338.55,25339.9,626864
1769763360,2026-01-30T14:26:00,25340.45,25341.95,25336.4,25338.6,663194
1769763420,2026-01-30T14:27:00,25339.1,25340.3,25332.75,25333.05,806058
1769763480,2026-01-30T14:28:00,25333.0,25341.1,25326.35,25339.8,783644
1769763540,2026-01-30T14:29:00,25339.45,25341.7,25333.15,25336.1,980682
1769763600,2026-01-30T14:30:00,25335.45,25337.1,25326.55,25327.75,728020
1769763660,2026-01-30T14:31:00,25326.9,25327.5,25320.65,25325.65,688008
1769763720,2026-01-30T14:32:00,25326.1,25339.0,25324.8,25336.3,867235
1769763780,2026-01-30T14:33:00,25336.2,25341.5,25330.35,25330.35,946914
1769763840,2026-01-30T14:34:00,25329.05,25329.05,25320.55,25322.5,1386677
1769763900,2026-01-30T14:35:00,25322.05,25332.75,25320.05,25332.1,1168465
1769763960,2026-01-30T14:36:00,25332.0,25337.05,25329.1,25334.75,1104419
1769764020,2026-01-30T14:37:00,25335.6,25338.35,25331.65,25338.35,956196
1769764080,2026-01-30T14:38:00,25338.75,25343.65,25336.9,25341.55,1271743
1769764140,2026-01-30T14:39:00,25341.2,25348.65,25339.6,25344.85,1031570
1769764200,2026-01-30T14:40:00,25344.8,25349.95,25342.9,25349.05,1007266
1769764260,2026-01-30T14:41:00,25349.7,25350.3,25337.2,25341.7,1343479
1769764320,2026-01-30T14:42:00,25341.5,25341.5,25323.3,25324.5,1534611
1769764380,2026-01-30T14:43:00,25323.5,25324.75,25304.0,25304.75,1767887
1769764440,2026-01-30T14:44:00,25304.25,25314.4,25303.95,25311.6,962269
1769764500,2026-01-30T14:45:00,25310.15,25314.45,25306.1,25312.35,982432
1769764560,2026-01-30T14:46:00,25311.7,25311.8,25302.2,25311.65,1443321
1769764620,2026-01-30T14:47:00,25310.55,25344.7,25309.6,25343.15,1695617
1769764680,2026-01-30T14:48:00,25344.45,25346.15,25335.55,25336.8,1547306
1769764740,2026-01-30T14:49:00,25337.95,25351.95,25336.6,25348.3,1370881
1769764800,2026-01-30T14:50:00,25347.3,25351.1,25343.8,25350.55,1462688
1769764860,2026-01-30T14:51:00,25350.6,25357.8,25347.0,25355.55,1598629
1769764920,2026-01-30T14:52:00,25354.45,25354.45,25343.15,25348.7,1735104
1769764980,2026-01-30T14:53:00,25348.45,25352.2,25346.4,25351.85,1694969
1769765040,2026-01-30T14:54:00,25352.0,25355.65,25351.3,25352.45,1514759
1769765100,2026-01-30T14:55:00,25351.65,25353.65,25342.7,25344.35,1574999
1769765160,2026-01-30T14:56:00,25344.2,25350.5,25340.35,25350.45,1417467
1769765220,2026-01-30T14:57:00,25350.6,25356.6,25348.3,25354.5,1192701
1769765280,2026-01-30T14:58:00,25354.55,25358.1,25352.95,25357.25,1426778
1769765340,2026-01-30T14:59:00,25357.8,25368.8,25349.15,25352.45,1575983
1769765400,2026-01-30T15:00:00,25352.45,25354.2,25311.7,25318.55,6477290
1769765460,2026-01-30T15:01:00,25320.15,25320.15,25293.3,25294.3,5389577
1769765520,2026-01-30T15:02:00,25295.25,25314.5,25295.2,25310.05,4906850
1769765580,2026-01-30T15:03:00,25311.8,25320.5,25307.3,25316.7,5202577
1769765640,2026-01-30T15:04:00,25317.8,25319.8,25308.3,25314.05,4003524
1769765700,2026-01-30T15:05:00,25314.35,25314.6,25307.25,25309.35,4205364
1769765760,2026-01-30T15:06:00,25310.3,25315.1,25306.5,25314.6,4335222
1769765820,2026-01-30T15:07:00,25315.15,25324.5,25315.15,25323.35,4606775
1769765880,2026-01-30T15:08:00,25323.45,25324.25,25314.25,25316.65,4573862
1769765940,2026-01-30T15:09:00,25316.8,25321.05,25313.1,25320.9,5105525
1769766000,2026-01-30T15:10:00,25322.0,25325.9,25319.05,25325.55,4860176
1769766060,2026-01-30T15:11:00,25325.25,25333.85,25323.8,25332.05,4651201
1769766120,2026-01-30T15:12:00,25332.75,25332.75,25325.6,25326.8,4166347
1769766180,2026-01-30T15:13:00,25327.1,25329.3,25323.75,25324.25,4545174
1769766240,2026-01-30T15:14:00,25324.25,25324.95,25318.2,25319.7,4653449
1769766300,2026-01-30T15:15:00,25321.0,25338.55,25316.45,25338.1,5880789
1769766360,2026-01-30T15:16:00,25338.7,25343.9,25335.2,25343.9,4815720
1769766420,2026-01-30T15:17:00,25343.55,25343.55,25326.65,25330.75,5302862
1769766480,2026-01-30T15:18:00,25331.3,25333.0,25328.0,25331.85,4859136
1769766540,2026-01-30T15:19:00,25332.55,25332.8,25322.15,25324.45,4719186
1769766600,2026-01-30T15:20:00,25325.15,25327.25,25321.85,25326.3,5853339
1769766660,2026-01-30T15:21:00,25326.1,25326.1,25316.2,25319.25,4961353
1769766720,2026-01-30T15:22:00,25320.15,25320.15,25312.85,25314.65,4854527
1769766780,2026-01-30T15:23:00,25314.65,25319.25,25313.25,25318.05,5010746
1769766840,2026-01-30T15:24:00,25317.5,25319.15,25311.05,25313.25,5282078
1769766900,2026-01-30T15:25:00,25313.85,25320.8,25313.15,25319.55,4916701
1769766960,2026-01-30T15:26:00,25319.2,25327.25,25318.5,25325.55,4445095
1769767020,2026-01-30T15:27:00,25325.25,25326.9,25320.4,25324.0,5083727
1769767080,2026-01-30T15:28:00,25323.1,25337.65,25313.8,25325.6,4103943
1769767140,2026-01-30T15:29:00,25329.0,25337.5,25309.6,25315.8,2106630
