Epoch,Timestamp,Open,High,Low,Close,Volume
1788234300,2026-09-01T09:15:00,24077.55,24082.6,24033.7,24036.5,5455739
1788234360,2026-09-01T09:16:00,24039.4,24045.35,24031.1,24033.7,3746990
1788234420,2026-09-01T09:17:00,24034.8,24039.65,24027.8,24037.9,3132089
1788234480,2026-09-01T09:18:00,24038.4,24042.2,24033.6,24036.55,2901297
1788234540,2026-09-01T09:19:00,24038.95,24045.8,24032.25,24041.15,2360564
1788234600,2026-09-01T09:20:00,24042.55,24047.45,24037.35,24041.5,2346433
1788234660,2026-09-01T09:21:00,24042.3,24050.9,24040,24047.7,1730713
1788234720,2026-09-01T09:22:00,24048.9,24051.05,24037.2,24041.6,1732964
1788234780,2026-09-01T09:23:00,24042.2,24043.75,24037.4,24039.8,1771440
1788234840,2026-09-01T09:24:00,24040.55,24041.8,24031.7,24039.1,2225349
1788234900,2026-09-01T09:25:00,24039.4,24045.6,24032.95,24042.1,1645187
1788234960,2026-09-01T09:26:00,24043.9,24058.3,24043.9,24055.8,1364104
1788235020,2026-09-01T09:27:00,24056.7,24057.2,24050.5,24050.7,1146233
1788235080,2026-09-01T09:28:00,24053.05,24059.8,24049.25,24058.65,1076432
1788235140,2026-09-01T09:29:00,24059.7,24065.6,24057.5,24063.95,1035733
1788235200,2026-09-01T09:30:00,24064.75,24067.75,24061.7,24063.5,990201
1788235260,2026-09-01T09:31:00,24065.05,24067.15,24058.7,24062.7,949264
1788235320,2026-09-01T09:32:00,24062.9,24072.75,24060.55,24066.25,1030006
1788235380,2026-09-01T09:33:00,24067.1,24076.65,24065.6,24071.2,841364
1788235440,2026-09-01T09:34:00,24071.1,24072.55,24062.85,24066.2,751778
1788235500,2026-09-01T09:35:00,24066.35,24067.75,24061.2,24063.3,872664
1788235560,2026-09-01T09:36:00,24064.2,24064.2,24051.7,24051.7,917543
1788235620,2026-09-01T09:37:00,24053.85,24053.85,24045.15,24047.9,860573
1788235680,2026-09-01T09:38:00,24049.5,24055,24046.6,24050.85,727153
1788235740,2026-09-01T09:39:00,24052.3,24052.3,24039.95,24040.85,2447598
1788235800,2026-09-01T09:40:00,24041.25,24044.6,24037.1,24039.25,1019744
1788235860,2026-09-01T09:41:00,24041,24046.45,24039.35,24044.85,806885
1788235920,2026-09-01T09:42:00,24046.1,24047.75,24039.35,24041.25,696781
1788235980,2026-09-01T09:43:00,24042.95,24042.95,24031.15,24032.75,980339
1788236040,2026-09-01T09:44:00,24034.95,24034.95,24025.2,24028.35,1081767
1788236100,2026-09-01T09:45:00,24030.15,24030.15,24024.8,24026.6,936907
1788236160,2026-09-01T09:46:00,24027.55,24027.95,24019.55,24021.15,1161185
1788236220,2026-09-01T09:47:00,24021.85,24022.35,24013.1,24014.85,1451434
1788236280,2026-09-01T09:48:00,24017.05,24017.55,24009.5,24014.8,1447718
1788236340,2026-09-01T09:49:00,24016.05,24022.75,24014.2,24021.2,756356
1788236400,2026-09-01T09:50:00,24021.35,24026.4,24014.35,24026.4,732454
1788236460,2026-09-01T09:51:00,24026.95,24027.1,24018.65,24021.2,785438
1788236520,2026-09-01T09:52:00,24022.55,24029.1,24020.25,24026.85,520174
1788236580,2026-09-01T09:53:00,24027.55,24031.35,24026.35,24028.3,533077
1788236640,2026-09-01T09:54:00,24028.15,24028.85,24018.6,24022.05,583794
1788236700,2026-09-01T09:55:00,24023,24027.7,24021.55,24026.2,511069
1788236760,2026-09-01T09:56:00,24026.45,24027.7,24016.2,24018.05,778451
1788236820,2026-09-01T09:57:00,24019.95,24021.15,24016.45,24020.1,379474
1788236880,2026-09-01T09:58:00,24022.05,24023.5,24015.35,24016.1,540707
1788236940,2026-09-01T09:59:00,24016.9,24019.2,24014.7,24018.25,591627
1788237000,2026-09-01T10:00:00,24019,24023.1,24017.9,24018.85,1526596
1788237060,2026-09-01T10:01:00,24019.6,24020.45,24015.05,24018.1,541098
1788237120,2026-09-01T10:02:00,24021.25,24021.5,24017.4,24020.65,460445
1788237180,2026-09-01T10:03:00,24021.95,24028.2,24020.7,24028.2,497939
1788237240,2026-09-01T10:04:00,24029.4,24036.1,24026.75,24032.95,516119
1788237300,2026-09-01T10:05:00,24033.95,24036.5,24032.45,24032.65,457900
1788237360,2026-09-01T10:06:00,24035,24035,24023.3,24024.85,554200
1788237420,2026-09-01T10:07:00,24027.3,24034.85,24023.65,24031.55,784817
1788237480,2026-09-01T10:08:00,24033.8,24034.15,24026.45,24027.75,494402
1788237540,2026-09-01T10:09:00,24029.9,24035.75,24029.3,24033,494176
1788237600,2026-09-01T10:10:00,24034,24037.1,24031.05,24033.8,1155544
1788237660,2026-09-01T10:11:00,24036.35,24040.95,24033.55,24036.05,951967
1788237720,2026-09-01T10:12:00,24037,24038.75,24033.1,24037.6,589097
1788237780,2026-09-01T10:13:00,24038.7,24038.7,24031.95,24035.4,648530
1788237840,2026-09-01T10:14:00,24035.6,24040.85,24033.8,24036.25,577247
1788237900,2026-09-01T10:15:00,24037.55,24050.85,24035.3,24049.45,495472
1788237960,2026-09-01T10:16:00,24050.25,24052.85,24046.7,24047.2,517861
1788238020,2026-09-01T10:17:00,24049.25,24053.25,24044.95,24052.55,805383
1788238080,2026-09-01T10:18:00,24053.75,24056.75,24051.55,24054.45,410629
1788238140,2026-09-01T10:19:00,24055.95,24056.95,24048.35,24050.2,364778
1788238200,2026-09-01T10:20:00,24052.3,24052.3,24045.2,24047.3,469149
1788238260,2026-09-01T10:21:00,24050.2,24052.7,24047.6,24051.8,505453
1788238320,2026-09-01T10:22:00,24053.6,24058,24051.3,24057.15,441244
1788238380,2026-09-01T10:23:00,24059.1,24060.95,24056.95,24058.8,442066
1788238440,2026-09-01T10:24:00,24060.35,24064.05,24053.9,24062.5,691697
1788238500,2026-09-01T10:25:00,24062.95,24063.45,24055.1,24057.4,506874
1788238560,2026-09-01T10:26:00,24058.3,24061.5,24056.45,24057.1,408273
1788238620,2026-09-01T10:27:00,24059.05,24065.65,24055.45,24056.95,495357
1788238680,2026-09-01T10:28:00,24059.25,24064.65,24056.1,24064.3,473642
1788238740,2026-09-01T10:29:00,24064.75,24066.25,24060.05,24061.05,323640
1788238800,2026-09-01T10:30:00,24062.8,24072,24060.2,24067.35,897150
1788238860,2026-09-01T10:31:00,24069.6,24073.2,24064.3,24067.45,476865
1788238920,2026-09-01T10:32:00,24069.45,24071.6,24067.55,24068.1,477401
1788238980,2026-09-01T10:33:00,24070,24071.25,24065.1,24066.6,421256
1788239040,2026-09-01T10:34:00,24066.85,24068.8,24063.7,24064.75,550897
1788239100,2026-09-01T10:35:00,24067.3,24067.3,24061.75,24062.75,1125987
1788239160,2026-09-01T10:36:00,24063.6,24066.85,24058.8,24066.2,538312
1788239220,2026-09-01T10:37:00,24068.35,24073.05,24066.7,24069.05,480299
1788239280,2026-09-01T10:38:00,24069.75,24071.05,24064.65,24068.3,529199
1788239340,2026-09-01T10:39:00,24069.3,24071.85,24067.05,24068.55,289844
1788239400,2026-09-01T10:40:00,24069.1,24070.95,24064.85,24065.45,825757
1788239460,2026-09-01T10:41:00,24066.1,24066.25,24058.6,24061.15,662416
1788239520,2026-09-01T10:42:00,24062.5,24065.1,24059.25,24063.6,436022
1788239580,2026-09-01T10:43:00,24066.05,24069.45,24063.85,24066.95,241908
1788239640,2026-09-01T10:44:00,24068.35,24069.2,24064.3,24064.95,336403
1788239700,2026-09-01T10:45:00,24066,24066.45,24062.1,24064,319759
1788239760,2026-09-01T10:46:00,24065.2,24067.4,24062.6,24064.7,330233
1788239820,2026-09-01T10:47:00,24066.95,24067.75,24063.75,24066,269850
1788239880,2026-09-01T10:48:00,24067.9,24071.45,24065.05,24068.85,477122
1788239940,2026-09-01T10:49:00,24070.85,24070.85,24066.55,24069.7,613167
1788240000,2026-09-01T10:50:00,24069.6,24075.1,24066.2,24075.1,333960
1788240060,2026-09-01T10:51:00,24076.6,24077.8,24070.6,24071.3,453195
1788240120,2026-09-01T10:52:00,24073.35,24084.5,24071.9,24080.95,602850
1788240180,2026-09-01T10:53:00,24082.15,24089.95,24079.5,24088.45,532000
1788240240,2026-09-01T10:54:00,24090.5,24092.65,24085.45,24087.2,431890
1788240300,2026-09-01T10:55:00,24088.65,24090.7,24082.65,24090.05,1125509
1788240360,2026-09-01T10:56:00,24091.4,24091.4,24077.15,24077.35,364595
1788240420,2026-09-01T10:57:00,24079.15,24088.85,24074.45,24085.95,1088803
1788240480,2026-09-01T10:58:00,24087.9,24088.55,24079.35,24080.75,453053
1788240540,2026-09-01T10:59:00,24083.1,24084.6,24080.8,24082,428497
1788240600,2026-09-01T11:00:00,24083.65,24088.2,24081.75,24082.95,482504
1788240660,2026-09-01T11:01:00,24084.9,24084.9,24077.95,24078.75,376619
1788240720,2026-09-01T11:02:00,24080.15,24080.65,24075.45,24077.7,390963
1788240780,2026-09-01T11:03:00,24079.35,24079.35,24072.4,24076.15,431678
1788240840,2026-09-01T11:04:00,24077.05,24081.15,24073.65,24077.4,353566
1788240900,2026-09-01T11:05:00,24078.75,24078.85,24072.95,24076.9,326550
1788240960,2026-09-01T11:06:00,24077.65,24081,24075.7,24076.7,333422
1788241020,2026-09-01T11:07:00,24078.55,24084.35,24075.1,24082.85,627340
1788241080,2026-09-01T11:08:00,24085.25,24094.55,24083.2,24094.55,698190
1788241140,2026-09-01T11:09:00,24095.55,24096.3,24091.9,24092.85,1227796
1788241200,2026-09-01T11:10:00,24094.75,24099.4,24091,24096.25,1481603
1788241260,2026-09-01T11:11:00,24097.35,24107.6,24095.45,24101.3,1332553
1788241320,2026-09-01T11:12:00,24101.75,24111.15,24096.7,24110.9,3674416
1788241380,2026-09-01T11:13:00,24111.2,24111.75,24105.7,24106.2,1343597
1788241440,2026-09-01T11:14:00,24107.35,24107.35,24103.1,24107.05,624570
1788241500,2026-09-01T11:15:00,24108.75,24116.05,24107,24114.45,1427876
1788241560,2026-09-01T11:16:00,24115.45,24118.85,24112.7,24116.75,1697658
1788241620,2026-09-01T11:17:00,24118.3,24118.95,24114.85,24114.85,1246137
1788241680,2026-09-01T11:18:00,24117.1,24119.9,24113.75,24115.6,1165971
1788241740,2026-09-01T11:19:00,24118.25,24122.7,24114.65,24121.65,1240604
1788241800,2026-09-01T11:20:00,24123.95,24127.45,24120.6,24124.35,1053320
1788241860,2026-09-01T11:21:00,24125.15,24125.45,24120,24121.9,991133
1788241920,2026-09-01T11:22:00,24123.5,24125.15,24120.7,24122.25,396828
1788241980,2026-09-01T11:23:00,24124.45,24125.05,24117.55,24119.55,557537
1788242040,2026-09-01T11:24:00,24121.05,24123.75,24118.15,24120.35,689870
1788242100,2026-09-01T11:25:00,24121.7,24121.7,24117.3,24119.75,408538
1788242160,2026-09-01T11:26:00,24120.7,24122.75,24116.5,24122.05,610300
1788242220,2026-09-01T11:27:00,24123.2,24124.8,24119.9,24124.2,425950
1788242280,2026-09-01T11:28:00,24126.15,24128.5,24123.45,24127.25,423207
1788242340,2026-09-01T11:29:00,24128.25,24130.4,24124.75,24126.3,617153
1788242400,2026-09-01T11:30:00,24127.9,24143.15,24125.8,24140.65,667275
1788242460,2026-09-01T11:31:00,24142.3,24142.85,24129.6,24132.1,922270
1788242520,2026-09-01T11:32:00,24134.9,24134.9,24127.3,24130.75,637093
1788242580,2026-09-01T11:33:00,24131.05,24135.05,24128.8,24131.55,467262
1788242640,2026-09-01T11:34:00,24133.6,24134.15,24123.55,24124.55,387609
1788242700,2026-09-01T11:35:00,24126.65,24127.45,24116.3,24117.75,395197
1788242760,2026-09-01T11:36:00,24118.3,24120.9,24115.1,24117.25,398620
1788242820,2026-09-01T11:37:00,24118.45,24120.65,24115.1,24119.2,676904
1788242880,2026-09-01T11:38:00,24120.75,24121.1,24111.55,24114.55,837191
1788242940,2026-09-01T11:39:00,24116.25,24116.85,24110.7,24112.6,572191
1788243000,2026-09-01T11:40:00,24113.4,24113.4,24104.25,24104.85,522403
1788243060,2026-09-01T11:41:00,24106.6,24117.55,24104,24117.55,498196
1788243120,2026-09-01T11:42:00,24117.8,24121.95,24112.95,24114.05,782024
1788243180,2026-09-01T11:43:00,24117.25,24117.25,24110.9,24111.8,569888
1788243240,2026-09-01T11:44:00,24113.9,24121.8,24111.9,24119,658102
1788243300,2026-09-01T11:45:00,24120,24125.4,24116.95,24117.7,492322
1788243360,2026-09-01T11:46:00,24120.3,24120.3,24114.65,24116,581306
1788243420,2026-09-01T11:47:00,24118.05,24118.55,24112.7,24115.9,480910
1788243480,2026-09-01T11:48:00,24117.8,24117.8,24110.9,24111.9,378890
1788243540,2026-09-01T11:49:00,24114.1,24114.1,24109.45,24110.6,485466
1788243600,2026-09-01T11:50:00,24111.55,24113.95,24108.2,24112.7,522331
1788243660,2026-09-01T11:51:00,24114.45,24115.85,24111.75,24114.75,766305
1788243720,2026-09-01T11:52:00,24116,24119.5,24112.95,24116,958842
1788243780,2026-09-01T11:53:00,24117.95,24118.85,24111.8,24113.3,738308
1788243840,2026-09-01T11:54:00,24115.25,24117.85,24112.95,24117.65,500161
1788243900,2026-09-01T11:55:00,24119.65,24122.75,24116.45,24121.85,872276
1788243960,2026-09-01T11:56:00,24123,24123,24116.5,24122.65,522644
1788244020,2026-09-01T11:57:00,24124,24125.4,24118.9,24119.95,769875
1788244080,2026-09-01T11:58:00,24122.2,24122.2,24116.15,24119.55,1621920
1788244140,2026-09-01T11:59:00,24121.1,24121.25,24114.9,24116.7,512962
1788244200,2026-09-01T12:00:00,24118.65,24120.3,24112.1,24113.3,606345
1788244260,2026-09-01T12:01:00,24115.3,24116,24110.6,24113,915262
1788244320,2026-09-01T12:02:00,24114.7,24117.1,24113.25,24115.65,1711467
1788244380,2026-09-01T12:03:00,24116.9,24121,24115.1,24119.45,1122597
1788244440,2026-09-01T12:04:00,24121.3,24123.1,24117.85,24121.3,720199
1788244500,2026-09-01T12:05:00,24124.2,24126.45,24121.95,24125.8,883057
1788244560,2026-09-01T12:06:00,24127.35,24128.45,24122.75,24126.15,421389
1788244620,2026-09-01T12:07:00,24127.7,24127.8,24123.4,24124.65,566774
1788244680,2026-09-01T12:08:00,24126.3,24127.05,24122.9,24126.3,700851
1788244740,2026-09-01T12:09:00,24127.6,24128.65,24125.1,24127.9,573022
1788244800,2026-09-01T12:10:00,24129.1,24130.9,24126.8,24129.95,683987
1788244860,2026-09-01T12:11:00,24131.25,24131.55,24128.5,24130.4,736604
1788244920,2026-09-01T12:12:00,24132.2,24132.2,24127.45,24130.05,391876
1788244980,2026-09-01T12:13:00,24131.1,24131.1,24120.8,24122.05,439763
1788245040,2026-09-01T12:14:00,24123.55,24123.55,24114.5,24117.75,400260
1788245100,2026-09-01T12:15:00,24118.5,24120.75,24114.15,24114.45,407233
1788245160,2026-09-01T12:16:00,24116,24116.55,24108.05,24110,483349
1788245220,2026-09-01T12:17:00,24112.05,24112.05,24104.95,24106.55,495712
1788245280,2026-09-01T12:18:00,24108.5,24111.85,24104.85,24110.25,430735
1788245340,2026-09-01T12:19:00,24112.25,24113.15,24107.1,24110.1,399678
1788245400,2026-09-01T12:20:00,24111.65,24111.95,24105.7,24111.4,783172
1788245460,2026-09-01T12:21:00,24113.15,24113.15,24106.1,24108.65,909496
1788245520,2026-09-01T12:22:00,24109.75,24113.7,24105.75,24108,485448
1788245580,2026-09-01T12:23:00,24109.5,24110.1,24103.2,24105.85,399026
1788245640,2026-09-01T12:24:00,24107.35,24107.35,24097,24097.65,506620
1788245700,2026-09-01T12:25:00,24098.75,24106.2,24094.65,24105.5,480232
1788245760,2026-09-01T12:26:00,24107.7,24109.4,24105,24106.6,310107
1788245820,2026-09-01T12:27:00,24107.45,24109.95,24105.3,24107.15,427046
1788245880,2026-09-01T12:28:00,24108.85,24111.45,24105.7,24107.2,591330
1788245940,2026-09-01T12:29:00,24109.85,24112.75,24106,24109.65,456595
1788246000,2026-09-01T12:30:00,24110.9,24111.4,24106.9,24111.4,531059
1788246060,2026-09-01T12:31:00,24112.55,24115.25,24110.75,24114.05,413843
1788246120,2026-09-01T12:32:00,24115.65,24115.7,24109.85,24110.7,809114
1788246180,2026-09-01T12:33:00,24111.75,24112.4,24102.75,24105.3,419670
1788246240,2026-09-01T12:34:00,24106.15,24108.8,24104.7,24108.4,275786
1788246300,2026-09-01T12:35:00,24109.85,24112.05,24107.1,24109.8,564690
1788246360,2026-09-01T12:36:00,24111.6,24113.05,24105.05,24106.9,414170
1788246420,2026-09-01T12:37:00,24107.2,24109.55,24105.85,24107.75,475202
1788246480,2026-09-01T12:38:00,24108.85,24110.05,24106.4,24106.9,894622
1788246540,2026-09-01T12:39:00,24107.85,24112.3,24106.6,24111.05,892940
1788246600,2026-09-01T12:40:00,24111.8,24115.05,24109.95,24111.8,852997
1788246660,2026-09-01T12:41:00,24111.95,24114.9,24108.7,24111.15,434999
1788246720,2026-09-01T12:42:00,24112.15,24117.35,24111.55,24113.75,440886
1788246780,2026-09-01T12:43:00,24116,24117.35,24110.6,24113.4,495322
1788246840,2026-09-01T12:44:00,24115.25,24115.8,24111.75,24115.15,367416
1788246900,2026-09-01T12:45:00,24116.5,24118.7,24111.2,24112.5,612005
1788246960,2026-09-01T12:46:00,24114.4,24114.6,24108.05,24110.15,463428
1788247020,2026-09-01T12:47:00,24111.1,24112,24108.6,24110.85,616473
1788247080,2026-09-01T12:48:00,24112.2,24113.55,24108.85,24110,353421
1788247140,2026-09-01T12:49:00,24110.15,24112.85,24106.55,24107.45,447862
1788247200,2026-09-01T12:50:00,24109.3,24109.8,24104.95,24105.75,516774
1788247260,2026-09-01T12:51:00,24107.15,24107.25,24097.1,24099.75,506088
1788247320,2026-09-01T12:52:00,24101.65,24103.95,24098,24101.85,882664
1788247380,2026-09-01T12:53:00,24103.4,24103.4,24097.35,24098.25,435893
1788247440,2026-09-01T12:54:00,24100.2,24100.95,24092.3,24093.5,418500
1788247500,2026-09-01T12:55:00,24095.1,24095.1,24090.65,24091.85,316049
1788247560,2026-09-01T12:56:00,24093.35,24094.05,24087.55,24088.8,383586
1788247620,2026-09-01T12:57:00,24089.6,24093.45,24087.45,24092.25,500994
1788247680,2026-09-01T12:58:00,24094,24096.8,24091.95,24094.05,426741
1788247740,2026-09-01T12:59:00,24095.8,24097.35,24091.35,24092.25,320726
1788247800,2026-09-01T13:00:00,24094.05,24094.1,24087.75,24089.8,437222
1788247860,2026-09-01T13:01:00,24091.05,24093.7,24082.2,24084.7,848909
1788247920,2026-09-01T13:02:00,24086.4,24088.65,24084.2,24086.7,612340
1788247980,2026-09-01T13:03:00,24088,24088.55,24083.15,24083.15,340338
1788248040,2026-09-01T13:04:00,24084.8,24086.4,24081.7,24084.15,309895
1788248100,2026-09-01T13:05:00,24085.05,24085.2,24075,24079.2,474013
1788248160,2026-09-01T13:06:00,24080.3,24081.9,24073.5,24074.25,449444
1788248220,2026-09-01T13:07:00,24074.7,24075.6,24070.7,24074.8,537675
1788248280,2026-09-01T13:08:00,24075.65,24078.35,24072.15,24073.55,378980
1788248340,2026-09-01T13:09:00,24074.7,24077.15,24073.25,24074.95,311956
1788248400,2026-09-01T13:10:00,24075.8,24075.8,24069.5,24070.15,447958
1788248460,2026-09-01T13:11:00,24070.65,24070.65,24058.6,24061.2,722290
1788248520,2026-09-01T13:12:00,24062.05,24062.2,24053.95,24057.8,695842
1788248580,2026-09-01T13:13:00,24059.55,24059.7,24053.85,24056,477398
1788248640,2026-09-01T13:14:00,24056.85,24057.25,24049.8,24050.2,560826
1788248700,2026-09-01T13:15:00,24050.75,24050.75,24043.85,24043.85,626693
1788248760,2026-09-01T13:16:00,24045.15,24048.3,24041.9,24043.65,1620329
1788248820,2026-09-01T13:17:00,24045.15,24047.55,24042.4,24042.55,1289505
1788248880,2026-09-01T13:18:00,24044,24048,24041.8,24046.1,679042
1788248940,2026-09-01T13:19:00,24047.7,24051,24045.2,24049.05,654180
1788249000,2026-09-01T13:20:00,24050.35,24050.55,24046.65,24050.45,543265
1788249060,2026-09-01T13:21:00,24051.1,24057.15,24050,24055.95,473970
1788249120,2026-09-01T13:22:00,24057,24058.55,24055.4,24058,319305
1788249180,2026-09-01T13:23:00,24059.25,24059.25,24053.65,24054.2,529988
1788249240,2026-09-01T13:24:00,24055.15,24058.1,24052.4,24056.9,458143
1788249300,2026-09-01T13:25:00,24058.25,24059,24054.8,24058.7,394596
1788249360,2026-09-01T13:26:00,24059.65,24060.25,24055.45,24057.6,889712
1788249420,2026-09-01T13:27:00,24057.75,24058.7,24051.15,24052.75,917155
1788249480,2026-09-01T13:28:00,24053.8,24054.1,24045.6,24047.4,1025421
1788249540,2026-09-01T13:29:00,24049.45,24051.8,24046.95,24049.8,720280
1788249600,2026-09-01T13:30:00,24051.45,24054.6,24049.9,24053.5,443801
1788249660,2026-09-01T13:31:00,24055,24061.85,24054.5,24059.4,1163324
1788249720,2026-09-01T13:32:00,24061,24062.45,24059,24059.4,634855
1788249780,2026-09-01T13:33:00,24060.6,24061.8,24057.35,24060.65,919292
1788249840,2026-09-01T13:34:00,24060.45,24061.4,24057.45,24059.95,383355
1788249900,2026-09-01T13:35:00,24060.6,24065.65,24058.65,24061.7,555446
1788249960,2026-09-01T13:36:00,24062.8,24062.8,24053.1,24054.05,658250
1788250020,2026-09-01T13:37:00,24054.95,24054.95,24043.1,24045.65,810528
1788250080,2026-09-01T13:38:00,24047.1,24048.3,24039.9,24041.4,747286
1788250140,2026-09-01T13:39:00,24043.25,24043.3,24033.3,24036.9,443005
1788250200,2026-09-01T13:40:00,24038,24038.15,24025.95,24027.3,683962
1788250260,2026-09-01T13:41:00,24028.75,24029.65,24021.85,24022.85,528331
1788250320,2026-09-01T13:42:00,24023.95,24025.85,24021.2,24025,596735
1788250380,2026-09-01T13:43:00,24025.75,24032.4,24023.65,24030.3,807964
1788250440,2026-09-01T13:44:00,24032.05,24037,24029.25,24034.2,670257
1788250500,2026-09-01T13:45:00,24034.9,24034.95,24024.75,24030.65,524945
1788250560,2026-09-01T13:46:00,24032.55,24033.2,24025.4,24026.2,503464
1788250620,2026-09-01T13:47:00,24027.25,24027.7,24017.2,24019.6,504603
1788250680,2026-09-01T13:48:00,24021.3,24022,24018,24021.65,493866
1788250740,2026-09-01T13:49:00,24022.1,24022.55,24018.45,24019.25,514259
1788250800,2026-09-01T13:50:00,24019.65,24019.65,23999.75,24000.45,1010576
1788250860,2026-09-01T13:51:00,24001.85,24002,23987.85,23990.1,1079299
1788250920,2026-09-01T13:52:00,23991.65,23997.1,23989.35,23992.25,707290
1788250980,2026-09-01T13:53:00,23993.7,23996,23989.1,23991.7,728877
1788251040,2026-09-01T13:54:00,23993.35,23996.3,23988.9,23993.8,559536
1788251100,2026-09-01T13:55:00,23995,23995,23989.35,23989.95,515302
1788251160,2026-09-01T13:56:00,23991,23998.85,23988.05,23998.85,637169
1788251220,2026-09-01T13:57:00,23999.85,24006.35,23997.4,24006.05,775713
1788251280,2026-09-01T13:58:00,24007.7,24010.95,24005.1,24005.65,474379
1788251340,2026-09-01T13:59:00,24006.9,24007.85,23999.1,24000.15,512489
1788251400,2026-09-01T14:00:00,24001.8,24001.8,23991.9,23993.2,620163
1788251460,2026-09-01T14:01:00,23995.35,23997,23989.75,23991.45,417930
1788251520,2026-09-01T14:02:00,23992.6,23993,23981.95,23981.95,510832
1788251580,2026-09-01T14:03:00,23983.95,23984.1,23977.2,23978.45,646037
1788251640,2026-09-01T14:04:00,23980,23983.2,23976.9,23978.55,565449
1788251700,2026-09-01T14:05:00,23980.45,23983.95,23972.7,23982.55,681353
1788251760,2026-09-01T14:06:00,23983.95,23983.95,23976.75,23978.15,400440
1788251820,2026-09-01T14:07:00,23979.7,23979.9,23973.4,23974.35,479691
1788251880,2026-09-01T14:08:00,23975.95,23975.95,23962.7,23964.05,693678
1788251940,2026-09-01T14:09:00,23965.05,23965.05,23953.55,23956.35,626177
1788252000,2026-09-01T14:10:00,23957.85,23961.95,23956.25,23961.65,670732
1788252060,2026-09-01T14:11:00,23962.9,23972.95,23962.2,23970.2,776150
1788252120,2026-09-01T14:12:00,23971.7,23971.7,23960.3,23960.95,543836
1788252180,2026-09-01T14:13:00,23962.6,23964,23960.05,23961.1,527916
1788252240,2026-09-01T14:14:00,23962.3,23966.6,23960.05,23965.05,724845
1788252300,2026-09-01T14:15:00,23967.25,23968.7,23964.15,23965.8,779094
1788252360,2026-09-01T14:16:00,23967.55,23968,23962.6,23963.95,806661
1788252420,2026-09-01T14:17:00,23965.45,23965.45,23959.7,23962.45,1007157
1788252480,2026-09-01T14:18:00,23964.4,23964.4,23958,23960.1,566924
1788252540,2026-09-01T14:19:00,23961.4,23966.2,23960.1,23965.65,496999
1788252600,2026-09-01T14:20:00,23967.15,23967.35,23962.6,23964.05,807396
1788252660,2026-09-01T14:21:00,23966.15,23966.15,23958.55,23959.5,576884
1788252720,2026-09-01T14:22:00,23961.1,23962.75,23954.4,23955.35,754398
1788252780,2026-09-01T14:23:00,23956.3,23958.8,23953.5,23954.65,766852
1788252840,2026-09-01T14:24:00,23956,23959.05,23954.55,23958.05,643536
1788252900,2026-09-01T14:25:00,23959.65,23964.6,23957.4,23961.85,609313
1788252960,2026-09-01T14:26:00,23963.35,23963.35,23958.8,23958.85,382909
1788253020,2026-09-01T14:27:00,23961.3,23961.3,23954.9,23955.5,518615
1788253080,2026-09-01T14:28:00,23957.25,23957.95,23952.55,23957,691004
1788253140,2026-09-01T14:29:00,23959.4,23982.25,23958.4,23981.6,827971
1788253200,2026-09-01T14:30:00,23982.45,23983.75,23969.1,23970.4,1513972
1788253260,2026-09-01T14:31:00,23972,23982.75,23968.45,23981.3,1041864
1788253320,2026-09-01T14:32:00,23983.25,23988.6,23979.35,23979.4,899782
1788253380,2026-09-01T14:33:00,23981.05,23981.7,23972.3,23973.3,1068624
1788253440,2026-09-01T14:34:00,23975.35,23985.5,23972.8,23984.45,1583126
1788253500,2026-09-01T14:35:00,23985.6,23989.7,23978.35,23979.55,1677619
1788253560,2026-09-01T14:36:00,23980.65,23980.65,23974.55,23974.8,1140737
1788253620,2026-09-01T14:37:00,23975.95,23975.95,23967.85,23967.95,1165930
1788253680,2026-09-01T14:38:00,23969.6,23973.2,23967.8,23971.45,1138150
1788253740,2026-09-01T14:39:00,23973.1,23973.2,23965.5,23966,968022
1788253800,2026-09-01T14:40:00,23967.5,23967.5,23958.4,23960.35,1141272
1788253860,2026-09-01T14:41:00,23960.75,23963.6,23959.9,23963.15,1011034
1788253920,2026-09-01T14:42:00,23964.45,23972.45,23963.05,23969.35,1000649
1788253980,2026-09-01T14:43:00,23970.55,23970.55,23963.5,23964.4,1159976
1788254040,2026-09-01T14:44:00,23965.5,23965.5,23961.85,23961.95,1574685
1788254100,2026-09-01T14:45:00,23963.7,23978.05,23960.6,23972.55,1792677
1788254160,2026-09-01T14:46:00,23973.6,23973.85,23968.45,23970.85,1345683
1788254220,2026-09-01T14:47:00,23972,23972.4,23965,23968.55,1488586
1788254280,2026-09-01T14:48:00,23969.4,23970.75,23964.25,23964.25,1541336
1788254340,2026-09-01T14:49:00,23965.05,23971.3,23961.5,23969.65,2228635
1788254400,2026-09-01T14:50:00,23970.4,23980.85,23970,23978.25,2002653
1788254460,2026-09-01T14:51:00,23980.1,23984.95,23978.05,23983.6,2305470
1788254520,2026-09-01T14:52:00,23984.9,23985.5,23976.1,23979.6,2120313
1788254580,2026-09-01T14:53:00,23980.9,23981.8,23976.45,23977.6,1593089
1788254640,2026-09-01T14:54:00,23977.75,23981.55,23975.9,23980.75,1579978
1788254700,2026-09-01T14:55:00,23980.85,23989.85,23980.85,23987,1991808
1788254760,2026-09-01T14:56:00,23988.25,23993.35,23984.65,23984.85,1503586
1788254820,2026-09-01T14:57:00,23985.9,23986,23979.2,23980.6,1660189
1788254880,2026-09-01T14:58:00,23981.1,23987.3,23978.85,23983.35,1540995
1788254940,2026-09-01T14:59:00,23984.5,23984.8,23980.1,23980.5,1523464
1788255000,2026-09-01T15:00:00,23980.8,23982.05,23974.35,23976.9,2569701
1788255060,2026-09-01T15:01:00,23977.9,23986.05,23975.2,23983.15,3384342
1788255120,2026-09-01T15:02:00,23983.5,23983.5,23974.25,23974.95,2441461
1788255180,2026-09-01T15:03:00,23976.05,23976.75,23968.3,23969.5,2516735
1788255240,2026-09-01T15:04:00,23970.65,23976.9,23969.55,23975.9,2327765
1788255300,2026-09-01T15:05:00,23975.85,23983.1,23971.75,23983.1,3803638
1788255360,2026-09-01T15:06:00,23983.4,23985.35,23979.65,23982.55,2799492
1788255420,2026-09-01T15:07:00,23983,23983.05,23972.1,23973.6,3056092
1788255480,2026-09-01T15:08:00,23974.6,23976.5,23972.4,23974.05,2814784
1788255540,2026-09-01T15:09:00,23974.5,23975.9,23969.2,23969.65,2628831
1788255600,2026-09-01T15:10:00,23970.7,23977.4,23969.2,23975.95,2789204
1788255660,2026-09-01T15:11:00,23975.95,23976.7,23968.5,23973.5,3102271
1788255720,2026-09-01T15:12:00,23974.45,23979.45,23959.15,23967.4,7657939
1788255780,2026-09-01T15:13:00,23970.45,23977.45,23968.65,23973.45,1354100
1788255840,2026-09-01T15:14:00,23971.55,23990.25,23971.1,23984.45,1129714
1788255900,2026-09-01T15:15:00,23980.55,23980.55,23980.55,23980.55,9886
1788255960,2026-09-01T15:16:00,23980.55,23980.55,23980.55,23980.55,9886
1788256020,2026-09-01T15:17:00,23980.55,23980.55,23980.55,23980.55,9886
1788256080,2026-09-01T15:18:00,23980.55,23980.55,23980.55,23980.55,9886
1788256140,2026-09-01T15:19:00,23980.55,23980.55,23980.55,23980.55,9886
1788256200,2026-09-01T15:20:00,23980.55,23980.55,23980.55,23980.55,9886
1788256260,2026-09-01T15:21:00,23980.55,23980.55,23980.55,23980.55,9886
1788256320,2026-09-01T15:22:00,23980.55,23980.55,23980.55,23980.55,9886
1788256380,2026-09-01T15:23:00,23980.55,23980.55,23980.55,23980.55,9886
1788256440,2026-09-01T15:24:00,23980.55,23980.55,23980.55,23980.55,9886
1788256500,2026-09-01T15:25:00,23980.55,23980.55,23980.55,23980.55,9886
1788256560,2026-09-01T15:26:00,23980.55,23980.55,23980.55,23980.55,9886
1788256620,2026-09-01T15:27:00,23980.55,23980.55,23980.55,23980.55,9886
1788256680,2026-09-01T15:28:00,23980.55,23980.55,23980.55,23980.55,9886
1788256740,2026-09-01T15:29:00,23980.55,24055.8,23980.55,24055.8,9886
1788320700,2026-09-02T09:15:00,23858,23882.95,23807.55,23825.2,6528753
1788320760,2026-09-02T09:16:00,23824.95,23830.7,23815.85,23818.45,4330477
1788320820,2026-09-02T09:17:00,23819.05,23825.95,23816.1,23819.8,3556966
1788320880,2026-09-02T09:18:00,23821.7,23836.95,23820.05,23832.65,3005082
1788320940,2026-09-02T09:19:00,23834.7,23834.9,23820.7,23824.7,2870825
1788321000,2026-09-02T09:20:00,23824.35,23827.9,23817.75,23827.85,2951068
1788321060,2026-09-02T09:21:00,23828.6,23828.6,23809.35,23816.85,1968238
1788321120,2026-09-02T09:22:00,23816.45,23819.95,23803.3,23804.25,2095500
1788321180,2026-09-02T09:23:00,23805.45,23811.95,23793.3,23796.7,1723393
1788321240,2026-09-02T09:24:00,23796.05,23804,23786.8,23803.4,1687995
1788321300,2026-09-02T09:25:00,23804.6,23817.5,23803.6,23813.3,1774366
1788321360,2026-09-02T09:26:00,23814.1,23829.05,23813.45,23826.5,1544305
1788321420,2026-09-02T09:27:00,23827.05,23833.95,23825.3,23827.55,1195153
1788321480,2026-09-02T09:28:00,23828.25,23828.25,23816.7,23821.2,3158571
1788321540,2026-09-02T09:29:00,23820.1,23824,23818.45,23821.7,1076320
1788321600,2026-09-02T09:30:00,23822.55,23831.8,23818.15,23818.8,1645025
1788321660,2026-09-02T09:31:00,23819.35,23823.05,23813.4,23818.75,1478106
1788321720,2026-09-02T09:32:00,23819.3,23824.95,23817.3,23821.3,1220069
1788321780,2026-09-02T09:33:00,23821.4,23833.75,23821.4,23832.95,1122658
1788321840,2026-09-02T09:34:00,23832.95,23843.25,23831.25,23843.25,1385688
1788321900,2026-09-02T09:35:00,23843.2,23849.95,23834.1,23842.2,1882359
1788321960,2026-09-02T09:36:00,23843,23843.75,23832.8,23836.7,1200349
1788322020,2026-09-02T09:37:00,23838.15,23846.75,23835.8,23840.3,1709813
1788322080,2026-09-02T09:38:00,23840.45,23843.1,23835.1,23837.05,1025602
1788322140,2026-09-02T09:39:00,23837.85,23839.25,23827.4,23827.85,1336309
1788322200,2026-09-02T09:40:00,23828.25,23835.45,23827.35,23834.75,884541
1788322260,2026-09-02T09:41:00,23834.4,23842.15,23833.85,23840,1590786
1788322320,2026-09-02T09:42:00,23840.8,23846.2,23838.85,23843.4,1222050
1788322380,2026-09-02T09:43:00,23843.25,23848.25,23841.8,23845,1313538
1788322440,2026-09-02T09:44:00,23845.65,23847,23840.25,23841.6,1190211
1788322500,2026-09-02T09:45:00,23842,23842.45,23834.55,23835.15,814279
1788322560,2026-09-02T09:46:00,23835.45,23836.55,23828.8,23830.05,914227
1788322620,2026-09-02T09:47:00,23829.3,23830.5,23821.55,23825.55,764957
1788322680,2026-09-02T09:48:00,23825.8,23831.05,23823.6,23830.7,836931
1788322740,2026-09-02T09:49:00,23831.05,23838.55,23830.3,23835.35,1148664
1788322800,2026-09-02T09:50:00,23835.25,23847.25,23830.8,23845.45,713350
1788322860,2026-09-02T09:51:00,23845.55,23845.8,23834.95,23835.25,899101
1788322920,2026-09-02T09:52:00,23835.8,23839.85,23831.55,23831.55,633017
1788322980,2026-09-02T09:53:00,23832.55,23835.25,23829.6,23833.35,605326
1788323040,2026-09-02T09:54:00,23834,23835,23828.4,23830.7,753431
1788323100,2026-09-02T09:55:00,23831.35,23835.45,23828.75,23834.15,1230618
1788323160,2026-09-02T09:56:00,23835.2,23845.45,23833.95,23841.6,1236039
1788323220,2026-09-02T09:57:00,23841.95,23846.7,23838.55,23840.1,1981445
1788323280,2026-09-02T09:58:00,23841.75,23854,23841.75,23851.45,879736
1788323340,2026-09-02T09:59:00,23852.1,23855.9,23848.95,23851,840795
1788323400,2026-09-02T10:00:00,23851,23852.75,23845.5,23847.3,957355
1788323460,2026-09-02T10:01:00,23848,23852.45,23847,23849.95,762704
1788323520,2026-09-02T10:02:00,23850.05,23856.8,23848.85,23853,652909
1788323580,2026-09-02T10:03:00,23852.85,23857.6,23850.9,23853.55,1193414
1788323640,2026-09-02T10:04:00,23854.3,23856,23849.75,23853.25,694868
1788323700,2026-09-02T10:05:00,23853.55,23858.3,23852.75,23855.6,849468
1788323760,2026-09-02T10:06:00,23854.75,23859.45,23854.55,23857.2,840991
1788323820,2026-09-02T10:07:00,23857.75,23862.2,23856.5,23860.4,552610
1788323880,2026-09-02T10:08:00,23861.45,23861.45,23847.9,23848.95,538761
1788323940,2026-09-02T10:09:00,23848.75,23849.2,23845.75,23848.1,543884
1788324000,2026-09-02T10:10:00,23848.25,23850.35,23845.4,23848.85,903428
1788324060,2026-09-02T10:11:00,23848.9,23852.55,23839.9,23840.1,887673
1788324120,2026-09-02T10:12:00,23840.4,23848.5,23840.4,23847.85,607317
1788324180,2026-09-02T10:13:00,23848.05,23857.7,23846.05,23854.95,802492
1788324240,2026-09-02T10:14:00,23855.15,23855.5,23847.45,23848.3,499111
1788324300,2026-09-02T10:15:00,23848.05,23850.05,23844.75,23849.1,464338
1788324360,2026-09-02T10:16:00,23849.3,23853.65,23848.15,23850.4,444793
1788324420,2026-09-02T10:17:00,23850.35,23852.9,23848.35,23851.05,437378
1788324480,2026-09-02T10:18:00,23850.85,23853.55,23847.3,23853.15,457480
1788324540,2026-09-02T10:19:00,23852.75,23859.05,23852.3,23855.4,664067
1788324600,2026-09-02T10:20:00,23856.15,23866.25,23855.95,23864.05,735200
1788324660,2026-09-02T10:21:00,23864.5,23874.5,23859,23873.85,637817
1788324720,2026-09-02T10:22:00,23874.65,23881,23873.8,23875.9,655990
1788324780,2026-09-02T10:23:00,23875.15,23877.85,23870.35,23872.3,588185
1788324840,2026-09-02T10:24:00,23871.15,23877.75,23870.2,23876.1,926374
1788324900,2026-09-02T10:25:00,23876.55,23876.75,23871.95,23873.55,361474
1788324960,2026-09-02T10:26:00,23874.85,23876.6,23872.15,23875.95,427229
1788325020,2026-09-02T10:27:00,23875.5,23879.2,23875.5,23877.05,443227
1788325080,2026-09-02T10:28:00,23877.55,23881.05,23875.4,23875.4,540128
1788325140,2026-09-02T10:29:00,23875.5,23883.6,23875.25,23882.75,585822
1788325200,2026-09-02T10:30:00,23882.6,23887,23881.45,23884.75,841672
1788325260,2026-09-02T10:31:00,23885.65,23896.05,23884.35,23887.05,1160254
1788325320,2026-09-02T10:32:00,23888.35,23889.8,23884,23886.3,706258
1788325380,2026-09-02T10:33:00,23886.95,23888.6,23881.25,23884.95,571907
1788325440,2026-09-02T10:34:00,23884.55,23886.25,23880,23881.1,591736
1788325500,2026-09-02T10:35:00,23880.8,23882.4,23875.65,23877.15,463741
1788325560,2026-09-02T10:36:00,23877,23878.4,23873.65,23874.7,652218
1788325620,2026-09-02T10:37:00,23874.75,23878.5,23873.8,23876.4,485190
1788325680,2026-09-02T10:38:00,23876.1,23876.3,23870.6,23872,565097
1788325740,2026-09-02T10:39:00,23871.65,23871.8,23861.9,23864.5,620141
1788325800,2026-09-02T10:40:00,23864.4,23870.3,23861.65,23868.75,542320
1788325860,2026-09-02T10:41:00,23867.35,23868.85,23863.65,23865.2,749581
1788325920,2026-09-02T10:42:00,23864.4,23868.8,23862.25,23866.1,871698
1788325980,2026-09-02T10:43:00,23866.65,23867.25,23861.6,23862.8,509345
1788326040,2026-09-02T10:44:00,23862.9,23863.6,23860.05,23860.65,596726
1788326100,2026-09-02T10:45:00,23861.25,23863.3,23859.55,23861.3,1063728
1788326160,2026-09-02T10:46:00,23861.55,23863.65,23857.25,23858.95,731663
1788326220,2026-09-02T10:47:00,23859.2,23860.65,23856.5,23860.15,726041
1788326280,2026-09-02T10:48:00,23859.8,23865.1,23859.25,23863.95,732924
1788326340,2026-09-02T10:49:00,23864,23866.55,23861.9,23862.9,1096543
1788326400,2026-09-02T10:50:00,23862.9,23869.4,23861.85,23869.4,754452
1788326460,2026-09-02T10:51:00,23868.35,23871.55,23863.6,23863.7,894928
1788326520,2026-09-02T10:52:00,23864.65,23865.55,23850.15,23850.15,1420025
1788326580,2026-09-02T10:53:00,23850.45,23851.8,23843.55,23843.55,776566
1788326640,2026-09-02T10:54:00,23844.65,23855.05,23840.6,23854.55,1305998
1788326700,2026-09-02T10:55:00,23855.9,23859.2,23855.1,23857.4,657782
1788326760,2026-09-02T10:56:00,23857.05,23864.85,23856.05,23863.1,865295
1788326820,2026-09-02T10:57:00,23863.1,23865.8,23860.4,23861.3,731951
1788326880,2026-09-02T10:58:00,23860.8,23861.8,23857.9,23859.6,739467
1788326940,2026-09-02T10:59:00,23859.3,23862.3,23858.6,23859.95,811662
1788327000,2026-09-02T11:00:00,23859.8,23862.05,23859.15,23860.4,544625
1788327060,2026-09-02T11:01:00,23860.6,23861.4,23851.95,23853.2,668097
1788327120,2026-09-02T11:02:00,23852.7,23852.8,23845.6,23845.6,1036004
1788327180,2026-09-02T11:03:00,23845.8,23846.4,23841.35,23843.1,871113
1788327240,2026-09-02T11:04:00,23843.2,23843.6,23835.9,23836.6,519327
1788327300,2026-09-02T11:05:00,23837.35,23838.25,23832.65,23835.5,492186
1788327360,2026-09-02T11:06:00,23836.15,23836.5,23830.95,23833.1,475021
1788327420,2026-09-02T11:07:00,23832.35,23841.9,23832.35,23839.45,550189
1788327480,2026-09-02T11:08:00,23839.9,23839.9,23835.3,23836,375352
1788327540,2026-09-02T11:09:00,23836.05,23836.45,23830.4,23830.65,903722
1788327600,2026-09-02T11:10:00,23829.9,23833.05,23829.9,23832.25,469655
1788327660,2026-09-02T11:11:00,23832.55,23834.45,23830.2,23831.55,524814
1788327720,2026-09-02T11:12:00,23832.45,23833.8,23829.55,23831.6,474718
1788327780,2026-09-02T11:13:00,23831.85,23832.7,23826.15,23830.25,562429
1788327840,2026-09-02T11:14:00,23830.6,23833.15,23828.35,23832.35,585615
1788327900,2026-09-02T11:15:00,23832.1,23834.1,23829.8,23831.25,480535
1788327960,2026-09-02T11:16:00,23831.75,23831.8,23827.3,23828.55,775774
1788328020,2026-09-02T11:17:00,23829.2,23830.7,23826.05,23829.2,517015
1788328080,2026-09-02T11:18:00,23829.6,23839.45,23828.4,23838.1,1333469
1788328140,2026-09-02T11:19:00,23838.95,23840.9,23833.7,23834.95,429710
1788328200,2026-09-02T11:20:00,23835.35,23838.55,23832.8,23833.85,655213
1788328260,2026-09-02T11:21:00,23834.05,23835.35,23831.65,23833.35,754655
1788328320,2026-09-02T11:22:00,23833.95,23833.95,23824.85,23827.7,573362
1788328380,2026-09-02T11:23:00,23826.5,23830.6,23825.75,23828.3,524424
1788328440,2026-09-02T11:24:00,23827.9,23829.15,23823.65,23824.95,535439
1788328500,2026-09-02T11:25:00,23824.85,23825.35,23821.65,23824.6,412624
1788328560,2026-09-02T11:26:00,23824.95,23827.45,23822,23822.5,417356
1788328620,2026-09-02T11:27:00,23822.75,23824.75,23821.15,23822.15,401962
1788328680,2026-09-02T11:28:00,23822.5,23825.65,23821.05,23823.65,529684
1788328740,2026-09-02T11:29:00,23823.75,23825.35,23818.5,23819.6,465406
1788328800,2026-09-02T11:30:00,23819,23821.9,23818.55,23820.05,459274
1788328860,2026-09-02T11:31:00,23820.2,23820.95,23818,23818.55,1073172
1788328920,2026-09-02T11:32:00,23819.65,23820.05,23816.2,23816.6,638450
1788328980,2026-09-02T11:33:00,23817.1,23817.25,23809.75,23811.7,441695
1788329040,2026-09-02T11:34:00,23811.1,23815.55,23809.85,23813.95,487322
1788329100,2026-09-02T11:35:00,23813.7,23816.7,23812,23813,454115
1788329160,2026-09-02T11:36:00,23813.5,23814.05,23810,23811.55,531495
1788329220,2026-09-02T11:37:00,23811.7,23814.4,23809.9,23810.1,627192
1788329280,2026-09-02T11:38:00,23810,23814.05,23807.1,23812.3,724390
1788329340,2026-09-02T11:39:00,23812.55,23818.1,23812.35,23817.7,766561
1788329400,2026-09-02T11:40:00,23817.95,23819.8,23813.2,23813.55,757553
1788329460,2026-09-02T11:41:00,23814.2,23815.45,23810.35,23810.45,455963
1788329520,2026-09-02T11:42:00,23811.7,23813.65,23808.7,23811.6,517861
1788329580,2026-09-02T11:43:00,23812.35,23818.6,23811,23814.3,619291
1788329640,2026-09-02T11:44:00,23815.1,23816.05,23810.7,23810.7,609581
1788329700,2026-09-02T11:45:00,23811.95,23813.3,23809.25,23809.95,786706
1788329760,2026-09-02T11:46:00,23810.5,23811.6,23807,23809.4,500626
1788329820,2026-09-02T11:47:00,23809.15,23811.95,23806.05,23807.05,1288046
1788329880,2026-09-02T11:48:00,23808.65,23814.3,23807.4,23813.6,552853
1788329940,2026-09-02T11:49:00,23814.05,23815.05,23810.8,23811.9,588935
1788330000,2026-09-02T11:50:00,23813.1,23814.9,23812,23813.25,656499
1788330060,2026-09-02T11:51:00,23813.65,23814.45,23811.7,23813.3,425790
1788330120,2026-09-02T11:52:00,23814,23819.75,23812.3,23814.75,959189
1788330180,2026-09-02T11:53:00,23815.3,23819,23811.1,23817,891963
1788330240,2026-09-02T11:54:00,23818.45,23825.05,23818.35,23824.35,1114310
1788330300,2026-09-02T11:55:00,23825.2,23830.15,23821.15,23822.15,647722
1788330360,2026-09-02T11:56:00,23822.45,23824.95,23815.6,23817.8,494564
1788330420,2026-09-02T11:57:00,23818.15,23819.05,23813.35,23814.35,388454
1788330480,2026-09-02T11:58:00,23814.9,23815.05,23810.65,23811.65,421849
1788330540,2026-09-02T11:59:00,23812.4,23815.25,23810.05,23812.95,514004
1788330600,2026-09-02T12:00:00,23814.8,23817,23812.2,23815.8,539438
1788330660,2026-09-02T12:01:00,23815.55,23818.55,23811.7,23816.7,729982
1788330720,2026-09-02T12:02:00,23816.5,23817.3,23811.7,23812.75,714190
1788330780,2026-09-02T12:03:00,23814.3,23816.9,23805.9,23806.65,742443
1788330840,2026-09-02T12:04:00,23808.2,23808.2,23801.1,23805.05,581179
1788330900,2026-09-02T12:05:00,23806.1,23809.3,23803.85,23807.7,607103
1788330960,2026-09-02T12:06:00,23808.3,23813.15,23807.9,23811.85,589869
1788331020,2026-09-02T12:07:00,23812.1,23812.3,23807.1,23807.5,542488
1788331080,2026-09-02T12:08:00,23807.7,23811.25,23807.7,23808.35,380080
1788331140,2026-09-02T12:09:00,23809.25,23812.95,23807.95,23811.75,408181
1788331200,2026-09-02T12:10:00,23812.5,23817.55,23811.4,23817.05,511732
1788331260,2026-09-02T12:11:00,23817.6,23834,23816.35,23830.6,1000770
1788331320,2026-09-02T12:12:00,23830.9,23836.45,23830.05,23835.3,735254
1788331380,2026-09-02T12:13:00,23836.8,23839.4,23834,23837.05,651975
1788331440,2026-09-02T12:14:00,23837.1,23838.75,23834.6,23838.35,1122560
1788331500,2026-09-02T12:15:00,23838.85,23841,23835.75,23837.5,727838
1788331560,2026-09-02T12:16:00,23837.7,23838.2,23833.75,23836.7,619334
1788331620,2026-09-02T12:17:00,23837.75,23843.4,23836.45,23841.1,558794
1788331680,2026-09-02T12:18:00,23841.3,23841.3,23831.9,23832.65,455209
1788331740,2026-09-02T12:19:00,23832.8,23833.15,23826.15,23828.3,677655
1788331800,2026-09-02T12:20:00,23829,23829,23820.65,23820.65,840641
1788331860,2026-09-02T12:21:00,23821.4,23821.4,23815.95,23817.55,641218
1788331920,2026-09-02T12:22:00,23818.9,23829.65,23818.3,23824.2,755978
1788331980,2026-09-02T12:23:00,23824.65,23827.3,23822.45,23825.7,692843
1788332040,2026-09-02T12:24:00,23826.45,23827.3,23823.1,23825.7,787563
1788332100,2026-09-02T12:25:00,23826.35,23829.8,23825.25,23826.8,1208009
1788332160,2026-09-02T12:26:00,23827.15,23831.6,23826.45,23831.45,583381
1788332220,2026-09-02T12:27:00,23831.85,23834.25,23829.95,23830.5,440956
1788332280,2026-09-02T12:28:00,23831.55,23835.5,23830.45,23834.8,608041
1788332340,2026-09-02T12:29:00,23835.3,23837.45,23834.75,23836.25,515033
1788332400,2026-09-02T12:30:00,23836.2,23844.55,23834.3,23842.2,636050
1788332460,2026-09-02T12:31:00,23843.1,23848.55,23842,23848.2,916732
1788332520,2026-09-02T12:32:00,23847.95,23855.3,23846.75,23851.25,1010912
1788332580,2026-09-02T12:33:00,23852.3,23854.75,23851.35,23853.35,438459
1788332640,2026-09-02T12:34:00,23854.3,23855.1,23847.15,23847.9,578911
1788332700,2026-09-02T12:35:00,23848.85,23855.15,23846.6,23846.6,673133
1788332760,2026-09-02T12:36:00,23846.9,23854.1,23846.9,23854.1,597673
1788332820,2026-09-02T12:37:00,23855.1,23857.05,23853.25,23855.5,822371
1788332880,2026-09-02T12:38:00,23856.8,23858.05,23851.65,23851.9,881898
1788332940,2026-09-02T12:39:00,23853.15,23853.25,23849.3,23851.05,1065674
1788333000,2026-09-02T12:40:00,23851.25,23855.15,23851.05,23853.2,1251222
1788333060,2026-09-02T12:41:00,23853.75,23856.25,23849.4,23854.4,1025399
1788333120,2026-09-02T12:42:00,23854.75,23858.95,23854.75,23857.55,989147
1788333180,2026-09-02T12:43:00,23858.15,23866.4,23855.45,23864.75,720213
1788333240,2026-09-02T12:44:00,23865.2,23868.2,23859.9,23860.95,720641
1788333300,2026-09-02T12:45:00,23860.65,23862.3,23850.85,23851.05,528718
1788333360,2026-09-02T12:46:00,23851.8,23860,23850.7,23859,623951
1788333420,2026-09-02T12:47:00,23858.8,23862.45,23852.9,23853.5,493427
1788333480,2026-09-02T12:48:00,23853.65,23854.4,23850.95,23852.75,442578
1788333540,2026-09-02T12:49:00,23853.45,23861.45,23853.45,23859.3,541481
1788333600,2026-09-02T12:50:00,23859.95,23861.8,23859.25,23859.7,466311
1788333660,2026-09-02T12:51:00,23859.75,23862.75,23859.65,23861.7,335994
1788333720,2026-09-02T12:52:00,23862.3,23864.6,23861.25,23861.7,405967
1788333780,2026-09-02T12:53:00,23861.75,23863.75,23858.9,23862.5,563737
1788333840,2026-09-02T12:54:00,23862.6,23864.25,23860,23863.15,438244
1788333900,2026-09-02T12:55:00,23863.3,23864.65,23858.1,23859.2,1271702
1788333960,2026-09-02T12:56:00,23858.9,23863.55,23858.9,23862.3,742359
1788334020,2026-09-02T12:57:00,23862.05,23867.2,23861.8,23864.45,414023
1788334080,2026-09-02T12:58:00,23864.2,23867.4,23863.8,23866.5,414631
1788334140,2026-09-02T12:59:00,23866.15,23870.55,23865.95,23869.7,548310
1788334200,2026-09-02T13:00:00,23869.95,23874.4,23869.35,23872.65,568186
1788334260,2026-09-02T13:01:00,23874.35,23876.7,23872.65,23873.65,551726
1788334320,2026-09-02T13:02:00,23874,23876.8,23872.65,23875,769167
1788334380,2026-09-02T13:03:00,23875.35,23875.6,23871.15,23872.15,536427
1788334440,2026-09-02T13:04:00,23872.7,23873.05,23866.2,23866.25,449816
1788334500,2026-09-02T13:05:00,23867.5,23868.55,23864.75,23867.6,637811
1788334560,2026-09-02T13:06:00,23868.3,23869.7,23864.05,23864.05,626990
1788334620,2026-09-02T13:07:00,23864.7,23865,23859.2,23859.2,626944
1788334680,2026-09-02T13:08:00,23860.1,23861.2,23856.9,23858,656562
1788334740,2026-09-02T13:09:00,23858.45,23859.75,23855.8,23857.75,517120
1788334800,2026-09-02T13:10:00,23858.7,23861.6,23855.65,23861.35,394589
1788334860,2026-09-02T13:11:00,23862.2,23870.3,23861.7,23868.6,665094
1788334920,2026-09-02T13:12:00,23868.8,23872.35,23866.75,23870.85,615446
1788334980,2026-09-02T13:13:00,23871.75,23875.05,23870.9,23873.65,690724
1788335040,2026-09-02T13:14:00,23875.3,23876.1,23870.5,23873.85,802894
1788335100,2026-09-02T13:15:00,23874.2,23875.6,23870,23870,608327
1788335160,2026-09-02T13:16:00,23871.05,23871.75,23867.2,23870.3,780029
1788335220,2026-09-02T13:17:00,23870.8,23875.9,23870.45,23874.3,440293
1788335280,2026-09-02T13:18:00,23874.5,23875.75,23873.3,23874.55,356483
1788335340,2026-09-02T13:19:00,23875.4,23875.75,23869.9,23871.2,490359
1788335400,2026-09-02T13:20:00,23872.25,23873.9,23870.55,23872.3,508882
1788335460,2026-09-02T13:21:00,23872.95,23878.45,23871.2,23876,572831
1788335520,2026-09-02T13:22:00,23876.9,23877.5,23871.35,23872.4,542005
1788335580,2026-09-02T13:23:00,23873.1,23875.5,23870.85,23873.8,1095746
1788335640,2026-09-02T13:24:00,23873.85,23879.2,23872.45,23877.5,865118
1788335700,2026-09-02T13:25:00,23877.65,23880.45,23877.2,23879.1,633893
1788335760,2026-09-02T13:26:00,23879.95,23882.95,23878.9,23881.9,390267
1788335820,2026-09-02T13:27:00,23882.95,23884.8,23881.3,23882.7,744131
1788335880,2026-09-02T13:28:00,23883.35,23883.9,23872.9,23874.7,710165
1788335940,2026-09-02T13:29:00,23875.3,23876.6,23874.7,23875.1,421712
1788336000,2026-09-02T13:30:00,23875.8,23876.35,23873.05,23874.65,375939
1788336060,2026-09-02T13:31:00,23874.8,23876.2,23865.95,23866.45,482760
1788336120,2026-09-02T13:32:00,23867.05,23873,23867.05,23869.7,538790
1788336180,2026-09-02T13:33:00,23870.65,23874.6,23870.55,23873.45,412771
1788336240,2026-09-02T13:34:00,23874.25,23877.85,23870.85,23877.85,459019
1788336300,2026-09-02T13:35:00,23877.95,23882.85,23877.75,23882.05,368124
1788336360,2026-09-02T13:36:00,23882.65,23886.8,23882.65,23885.5,445192
1788336420,2026-09-02T13:37:00,23886.2,23888.1,23883.8,23884.5,413152
1788336480,2026-09-02T13:38:00,23885.35,23885.5,23874.4,23875.55,579216
1788336540,2026-09-02T13:39:00,23876,23876.5,23863.25,23863.55,619471
1788336600,2026-09-02T13:40:00,23863.5,23865.4,23859.05,23861.9,666835
1788336660,2026-09-02T13:41:00,23862.3,23869.45,23861.75,23868.4,501827
1788336720,2026-09-02T13:42:00,23868.7,23870.35,23866.55,23869.8,527567
1788336780,2026-09-02T13:43:00,23870.65,23870.8,23867.4,23868,763825
1788336840,2026-09-02T13:44:00,23868.2,23869.05,23865,23868.65,504614
1788336900,2026-09-02T13:45:00,23868.4,23874.15,23866.95,23873.05,625514
1788336960,2026-09-02T13:46:00,23873.8,23874.8,23869.55,23870.05,606421
1788337020,2026-09-02T13:47:00,23870.3,23876.7,23869.35,23875.9,1265900
1788337080,2026-09-02T13:48:00,23876.35,23878.3,23868.15,23870.3,620572
1788337140,2026-09-02T13:49:00,23871.85,23873.4,23863.95,23864.45,553455
1788337200,2026-09-02T13:50:00,23864.75,23867.45,23859.85,23861.4,801016
1788337260,2026-09-02T13:51:00,23862.05,23862.75,23850.8,23851.4,609431
1788337320,2026-09-02T13:52:00,23852.1,23858,23851.5,23856.55,877999
1788337380,2026-09-02T13:53:00,23857.3,23865.4,23856.95,23864.6,979735
1788337440,2026-09-02T13:54:00,23865.3,23867.65,23863.95,23866.4,580171
1788337500,2026-09-02T13:55:00,23866.8,23868.7,23864.5,23867.1,822635
1788337560,2026-09-02T13:56:00,23867.55,23869.2,23866.4,23868.4,631421
1788337620,2026-09-02T13:57:00,23868.85,23871.1,23867.05,23867.7,683247
1788337680,2026-09-02T13:58:00,23868.1,23869.95,23866.3,23868.7,630092
1788337740,2026-09-02T13:59:00,23869.15,23872.55,23868.3,23872,333028
1788337800,2026-09-02T14:00:00,23872.3,23880.45,23872.3,23879.6,641372
1788337860,2026-09-02T14:01:00,23880.55,23883.25,23879.85,23882.3,647686
1788337920,2026-09-02T14:02:00,23882.35,23885.2,23880,23880.8,623698
1788337980,2026-09-02T14:03:00,23880.8,23881.8,23877.3,23877.3,971421
1788338040,2026-09-02T14:04:00,23877.8,23878.1,23873.9,23874.05,504742
1788338100,2026-09-02T14:05:00,23874.6,23876.2,23872,23874.35,419434
1788338160,2026-09-02T14:06:00,23875,23885.75,23874.05,23884.3,682775
1788338220,2026-09-02T14:07:00,23884.45,23894.45,23884.3,23893.9,905834
1788338280,2026-09-02T14:08:00,23894.6,23895,23891.55,23891.6,800637
1788338340,2026-09-02T14:09:00,23892.5,23893.9,23891.6,23892.4,319080
1788338400,2026-09-02T14:10:00,23892.9,23893.55,23890.7,23890.7,498925
1788338460,2026-09-02T14:11:00,23891.65,23892.3,23888.45,23889.2,520946
1788338520,2026-09-02T14:12:00,23889.45,23893.85,23888.5,23893.5,451653
1788338580,2026-09-02T14:13:00,23893.35,23894.95,23883.8,23884.05,608356
1788338640,2026-09-02T14:14:00,23884.5,23885.45,23881.7,23885.25,428513
1788338700,2026-09-02T14:15:00,23885.75,23886.55,23882.95,23885.15,421774
1788338760,2026-09-02T14:16:00,23885.55,23886.9,23882.65,23883.65,423965
1788338820,2026-09-02T14:17:00,23883.15,23883.75,23878.8,23881.1,543979
1788338880,2026-09-02T14:18:00,23880.35,23882.2,23878.2,23881.35,524744
1788338940,2026-09-02T14:19:00,23881.6,23883.75,23879.9,23883.05,699435
1788339000,2026-09-02T14:20:00,23882.9,23885.6,23879.8,23881.2,753512
1788339060,2026-09-02T14:21:00,23881.7,23883.45,23880.1,23881.95,484516
1788339120,2026-09-02T14:22:00,23882.7,23883.45,23880.75,23881.75,678842
1788339180,2026-09-02T14:23:00,23881.55,23882.25,23879.5,23881.9,614317
1788339240,2026-09-02T14:24:00,23881.9,23882.35,23873,23874.45,817008
1788339300,2026-09-02T14:25:00,23874.8,23874.9,23871.8,23872.95,525286
1788339360,2026-09-02T14:26:00,23873.25,23876.65,23871.9,23875.7,596405
1788339420,2026-09-02T14:27:00,23876.2,23880,23875.55,23878.85,422121
1788339480,2026-09-02T14:28:00,23879.55,23884,23878.35,23883.05,512675
1788339540,2026-09-02T14:29:00,23883.25,23886.6,23883.1,23886.4,638570
1788339600,2026-09-02T14:30:00,23886.65,23894.25,23886.3,23894.05,879493
1788339660,2026-09-02T14:31:00,23894.1,23898.95,23893.1,23894.55,646506
1788339720,2026-09-02T14:32:00,23894.9,23902.9,23894.2,23901.65,709606
1788339780,2026-09-02T14:33:00,23901.85,23909,23898.8,23907.8,908140
1788339840,2026-09-02T14:34:00,23908.1,23909.5,23901.4,23901.6,636249
1788339900,2026-09-02T14:35:00,23901.35,23909.55,23901.1,23909.55,961721
1788339960,2026-09-02T14:36:00,23909.45,23910.65,23905.4,23906.1,834513
1788340020,2026-09-02T14:37:00,23905.85,23907.65,23902.15,23902.45,831747
1788340080,2026-09-02T14:38:00,23903.95,23903.95,23892.85,23895.95,706319
1788340140,2026-09-02T14:39:00,23896.65,23903.6,23896.35,23903.45,707978
1788340200,2026-09-02T14:40:00,23903.75,23907.85,23903.75,23905.75,832485
1788340260,2026-09-02T14:41:00,23905.45,23907.25,23899.6,23900.5,654290
1788340320,2026-09-02T14:42:00,23900.5,23901.95,23896.85,23897.1,520859
1788340380,2026-09-02T14:43:00,23896.7,23897.45,23891.1,23891.3,546923
1788340440,2026-09-02T14:44:00,23891.15,23892.2,23886.3,23887.65,708364
1788340500,2026-09-02T14:45:00,23887.65,23891,23882.45,23888.95,796785
1788340560,2026-09-02T14:46:00,23889.6,23890.9,23887.3,23890.4,531755
1788340620,2026-09-02T14:47:00,23890.95,23897.75,23890.65,23896.6,800755
1788340680,2026-09-02T14:48:00,23896.55,23901.75,23896.3,23900.9,551939
1788340740,2026-09-02T14:49:00,23901.4,23905.8,23898.9,23898.9,985192
1788340800,2026-09-02T14:50:00,23899.45,23899.65,23888.1,23888.1,1450794
1788340860,2026-09-02T14:51:00,23889,23893.35,23886.45,23890.25,1494414
1788340920,2026-09-02T14:52:00,23890.1,23893,23885.7,23887,1103181
1788340980,2026-09-02T14:53:00,23887.15,23888.95,23882.55,23883.5,1121192
1788341040,2026-09-02T14:54:00,23883.65,23884.65,23881.15,23883.75,869942
1788341100,2026-09-02T14:55:00,23884.55,23885,23871.1,23871.55,1156029
1788341160,2026-09-02T14:56:00,23872.4,23873.05,23870,23871.2,774670
1788341220,2026-09-02T14:57:00,23871.65,23872.6,23867.95,23868.6,802569
1788341280,2026-09-02T14:58:00,23868.95,23875.8,23868.15,23875.05,1398288
1788341340,2026-09-02T14:59:00,23875.35,23876.2,23872.45,23873.15,1100674
1788341400,2026-09-02T15:00:00,23872.8,23872.8,23868.95,23869.7,1381234
1788341460,2026-09-02T15:01:00,23869.6,23870.15,23863.7,23863.75,1924706
1788341520,2026-09-02T15:02:00,23864,23865.05,23861.2,23864.15,1667430
1788341580,2026-09-02T15:03:00,23864.3,23866.45,23861.6,23863.05,1450899
1788341640,2026-09-02T15:04:00,23863,23863.7,23859.25,23860.8,1457584
1788341700,2026-09-02T15:05:00,23860.4,23860.5,23855,23859.45,2103115
1788341760,2026-09-02T15:06:00,23859.7,23861.75,23856.1,23857.95,2220098
1788341820,2026-09-02T15:07:00,23858.25,23858.75,23853.6,23855.95,1781743
1788341880,2026-09-02T15:08:00,23856.25,23858.15,23854.75,23855.7,1347859
1788341940,2026-09-02T15:09:00,23856.25,23862.4,23851.9,23862.05,1766888
1788342000,2026-09-02T15:10:00,23862,23871.75,23861.55,23871.25,2163424
1788342060,2026-09-02T15:11:00,23871.7,23880.35,23870.9,23876,1879599
1788342120,2026-09-02T15:12:00,23875.85,23884.1,23871.95,23875.3,3688745
1788342180,2026-09-02T15:13:00,23876.75,23880.85,23873.25,23879,2261696
1788342240,2026-09-02T15:14:00,23877.8,23888.95,23875.65,23883.5,1409250
1788342300,2026-09-02T15:15:00,23882.85,23882.85,23882.85,23882.85,2195
1788342360,2026-09-02T15:16:00,23882.85,23882.85,23882.85,23882.85,2195
1788342420,2026-09-02T15:17:00,23882.85,23882.85,23882.85,23882.85,2195
1788342480,2026-09-02T15:18:00,23882.85,23882.85,23882.85,23882.85,2195
1788342540,2026-09-02T15:19:00,23882.85,23882.85,23882.85,23882.85,2195
1788342600,2026-09-02T15:20:00,23882.85,23882.85,23882.85,23882.85,2195
1788342660,2026-09-02T15:21:00,23882.85,23882.85,23882.85,23882.85,2195
1788342720,2026-09-02T15:22:00,23882.85,23882.85,23882.85,23882.85,2195
1788342780,2026-09-02T15:23:00,23882.85,23882.85,23882.85,23882.85,2195
1788342840,2026-09-02T15:24:00,23882.85,23882.85,23882.85,23882.85,2195
1788342900,2026-09-02T15:25:00,23882.85,23882.85,23882.85,23882.85,2195
1788342960,2026-09-02T15:26:00,23882.85,23882.85,23882.85,23882.85,2195
1788343020,2026-09-02T15:27:00,23882.85,23882.85,23882.85,23882.85,2195
1788343080,2026-09-02T15:28:00,23882.85,23882.85,23882.85,23882.85,2195
1788343140,2026-09-02T15:29:00,23882.85,23914.45,23882.85,23914.45,2195
1788407100,2026-09-03T09:15:00,23997.95,24025.4,23967.45,23976.1,4092725
1788407160,2026-09-03T09:16:00,23979.75,24003.8,23978.9,23985.3,2093788
1788407220,2026-09-03T09:17:00,23987.9,23988.4,23971.95,23974.35,2004931
1788407280,2026-09-03T09:18:00,23976.2,23981,23966.55,23966.6,1176738
1788407340,2026-09-03T09:19:00,23968.45,23972,23960.65,23968.65,1258058
1788407400,2026-09-03T09:20:00,23969.55,23981.8,23968.25,23980.9,1214013
1788407460,2026-09-03T09:21:00,23983.6,23989.35,23980.15,23980.15,1141256
1788407520,2026-09-03T09:22:00,23980.65,23980.65,23969.8,23974.75,1086885
1788407580,2026-09-03T09:23:00,23975.55,23979.95,23966.75,23966.75,1349875
1788407640,2026-09-03T09:24:00,23967.7,23968.7,23956.95,23957.65,1631540
1788407700,2026-09-03T09:25:00,23959.2,23969.35,23955.35,23962.65,1300172
1788407760,2026-09-03T09:26:00,23964.25,23970.15,23958.15,23959.25,1628953
1788407820,2026-09-03T09:27:00,23960.05,23971.4,23957.85,23968.95,1468572
1788407880,2026-09-03T09:28:00,23968.9,23974.65,23965.45,23970.75,1288842
1788407940,2026-09-03T09:29:00,23972.25,23983.1,23968.6,23982.2,1148388
1788408000,2026-09-03T09:30:00,23982.8,23991.35,23980.05,23987.5,998345
1788408060,2026-09-03T09:31:00,23989.1,23992.3,23984,23986.05,1414415
1788408120,2026-09-03T09:32:00,23989.45,23991.55,23985.35,23986.4,845924
1788408180,2026-09-03T09:33:00,23987.7,23995.55,23987.3,23992.95,889265
1788408240,2026-09-03T09:34:00,23993.75,23997.85,23991.55,23994.15,999723
1788408300,2026-09-03T09:35:00,23994.75,23996.05,23991.95,23994.85,693659
1788408360,2026-09-03T09:36:00,23995.9,23997.55,23992.5,23995.1,767107
1788408420,2026-09-03T09:37:00,23997.15,23997.15,23992.6,23994.75,687714
1788408480,2026-09-03T09:38:00,23994.45,24001.55,23991.9,23999.9,1183567
1788408540,2026-09-03T09:39:00,24000.75,24007.45,23998.4,24006.1,727637
1788408600,2026-09-03T09:40:00,24007.75,24013.2,24005.95,24011.65,705568
1788408660,2026-09-03T09:41:00,24012.85,24017.25,24011.45,24016.25,595806
1788408720,2026-09-03T09:42:00,24016.95,24018.9,24008.85,24009.65,878844
1788408780,2026-09-03T09:43:00,24012.2,24018.45,24007.85,24016.5,591931
1788408840,2026-09-03T09:44:00,24017.55,24020.6,24016.35,24016.85,557072
1788408900,2026-09-03T09:45:00,24018.4,24022.5,24017,24019.75,1062481
1788408960,2026-09-03T09:46:00,24020.6,24021.3,24016.5,24017.55,706023
1788409020,2026-09-03T09:47:00,24018.65,24021.95,24017.1,24019.75,807725
1788409080,2026-09-03T09:48:00,24021,24022.85,24008.55,24008.65,842812
1788409140,2026-09-03T09:49:00,24010.15,24018.05,24008.8,24015.8,489131
1788409200,2026-09-03T09:50:00,24016.8,24016.8,24008.45,24013.25,553005
1788409260,2026-09-03T09:51:00,24014.5,24018.25,24010.75,24010.75,596215
1788409320,2026-09-03T09:52:00,24013.85,24016.25,24010.15,24011.85,622413
1788409380,2026-09-03T09:53:00,24012.8,24013.75,24006.85,24007.6,558596
1788409440,2026-09-03T09:54:00,24009.55,24009.6,24004.5,24005.5,535306
1788409500,2026-09-03T09:55:00,24006.7,24010.45,24002.7,24007.35,447243
1788409560,2026-09-03T09:56:00,24007.8,24011.65,24000.1,24000.1,751698
1788409620,2026-09-03T09:57:00,24002.2,24009.9,24000.9,24005.8,472989
1788409680,2026-09-03T09:58:00,24007.5,24010.2,24004.7,24007.15,711104
1788409740,2026-09-03T09:59:00,24009.05,24009.9,24003.2,24007.6,617127
1788409800,2026-09-03T10:00:00,24007.4,24007.4,23997.75,23999.85,671032
1788409860,2026-09-03T10:01:00,24000.4,24003.5,23996.35,24000.1,540698
1788409920,2026-09-03T10:02:00,24000.3,24004.45,23997.75,24003.3,702561
1788409980,2026-09-03T10:03:00,24004.7,24005.5,23996.5,24003.15,621851
1788410040,2026-09-03T10:04:00,24004.05,24006.65,24000.65,24005.05,452344
1788410100,2026-09-03T10:05:00,24005.15,24006.6,24001.4,24005.5,420815
1788410160,2026-09-03T10:06:00,24007.1,24007.7,23998.5,23998.5,694144
1788410220,2026-09-03T10:07:00,24000.35,24000.35,23990.8,23996.55,739828
1788410280,2026-09-03T10:08:00,23998.9,24006.45,23997.45,24003.85,708679
1788410340,2026-09-03T10:09:00,24004.05,24006.95,24001.35,24002.45,488387
1788410400,2026-09-03T10:10:00,24003,24006.4,24000.5,24002.85,449605
1788410460,2026-09-03T10:11:00,24004.35,24008.1,24000.95,24001.75,388228
1788410520,2026-09-03T10:12:00,24002.6,24005.35,23999.05,24001.4,384565
1788410580,2026-09-03T10:13:00,24003.2,24003.2,23993.5,23996.15,551354
1788410640,2026-09-03T10:14:00,23998.25,23999,23990.8,23991.15,551571
1788410700,2026-09-03T10:15:00,23993.55,23994.85,23988.8,23990.25,428995
1788410760,2026-09-03T10:16:00,23991.45,23994.05,23989.5,23991.15,401343
1788410820,2026-09-03T10:17:00,23992.8,23993.9,23988.25,23991.6,397622
1788410880,2026-09-03T10:18:00,23994.75,23995.35,23990.8,23992,415689
1788410940,2026-09-03T10:19:00,23993,24001.2,23991.8,23998.25,445947
1788411000,2026-09-03T10:20:00,24000.4,24003.6,23997.5,24002.55,910055
1788411060,2026-09-03T10:21:00,24003.95,24004.65,23997.8,24000.05,521565
1788411120,2026-09-03T10:22:00,24001.5,24002,23996.8,23998.25,434111
1788411180,2026-09-03T10:23:00,23999.1,23999.7,23994.3,23998.55,527487
1788411240,2026-09-03T10:24:00,23998.75,24000.9,23995.25,24000.85,433312
1788411300,2026-09-03T10:25:00,24001.05,24001.05,23993.2,23995.7,565753
1788411360,2026-09-03T10:26:00,23997.45,23997.45,23985.75,23987.05,450824
1788411420,2026-09-03T10:27:00,23986.6,23989.75,23985.15,23987.75,437740
1788411480,2026-09-03T10:28:00,23991,23993.2,23985.95,23987.15,396878
1788411540,2026-09-03T10:29:00,23988.4,23991.2,23984.25,23984.7,450735
1788411600,2026-09-03T10:30:00,23987.4,23988.2,23981.6,23987.6,595046
1788411660,2026-09-03T10:31:00,23989.45,23989.45,23977.35,23980.95,414036
1788411720,2026-09-03T10:32:00,23981.05,23985.4,23976.8,23984.05,442911
1788411780,2026-09-03T10:33:00,23984.6,23987.35,23981.2,23987.05,593556
1788411840,2026-09-03T10:34:00,23988.3,23988.3,23977.85,23977.85,525500
1788411900,2026-09-03T10:35:00,23980.05,23980.25,23975.05,23977.25,353514
1788411960,2026-09-03T10:36:00,23979.8,23979.8,23968.4,23969.05,351196
1788412020,2026-09-03T10:37:00,23968.65,23969.4,23960.5,23968.2,461543
1788412080,2026-09-03T10:38:00,23969.15,23973.75,23967,23973.6,413272
1788412140,2026-09-03T10:39:00,23974.65,23975.05,23970.1,23974.2,406481
1788412200,2026-09-03T10:40:00,23975.4,23975.45,23964.3,23964.6,318606
1788412260,2026-09-03T10:41:00,23968.05,23973.4,23960.7,23962.45,553298
1788412320,2026-09-03T10:42:00,23964.2,23964.2,23956.25,23957.8,624817
1788412380,2026-09-03T10:43:00,23958.15,23964.75,23951.9,23963.15,424426
1788412440,2026-09-03T10:44:00,23965.25,23967.05,23957.65,23967.05,393678
1788412500,2026-09-03T10:45:00,23967.35,23969,23963.05,23965.15,502142
1788412560,2026-09-03T10:46:00,23966.3,23970,23964.25,23967.8,402146
1788412620,2026-09-03T10:47:00,23968.1,23972.5,23966.8,23969.4,807227
1788412680,2026-09-03T10:48:00,23973.05,23976.05,23968.4,23970.75,692322
1788412740,2026-09-03T10:49:00,23972.1,23973,23969.6,23971.25,465489
1788412800,2026-09-03T10:50:00,23971.25,23973.95,23969,23970.15,870112
1788412860,2026-09-03T10:51:00,23971.65,23972.3,23968.55,23970.5,798699
1788412920,2026-09-03T10:52:00,23971.05,23971.25,23965.35,23967.15,462540
1788412980,2026-09-03T10:53:00,23968.7,23968.9,23958.15,23964.15,542993
1788413040,2026-09-03T10:54:00,23965.25,23966.95,23957.25,23958.85,589480
1788413100,2026-09-03T10:55:00,23960.1,23960.35,23954.95,23957,541323
1788413160,2026-09-03T10:56:00,23958.5,23965.45,23956.6,23965.45,450280
1788413220,2026-09-03T10:57:00,23965.45,23967.55,23961.55,23963.2,374570
1788413280,2026-09-03T10:58:00,23963.45,23968.25,23961.3,23962.75,441142
1788413340,2026-09-03T10:59:00,23962.95,23966.3,23958.95,23960.9,600735
1788413400,2026-09-03T11:00:00,23962.4,23966.15,23956.9,23963.45,629506
1788413460,2026-09-03T11:01:00,23964.4,23964.85,23959.7,23960.45,768428
1788413520,2026-09-03T11:02:00,23961.95,23961.95,23956.4,23958.5,350175
1788413580,2026-09-03T11:03:00,23960.4,23962.25,23955.95,23956.65,606814
1788413640,2026-09-03T11:04:00,23957.6,23958.65,23952.45,23952.7,385271
1788413700,2026-09-03T11:05:00,23953.85,23953.85,23941.45,23944.9,1279320
1788413760,2026-09-03T11:06:00,23946.15,23951.45,23945.6,23948.75,942586
1788413820,2026-09-03T11:07:00,23950.45,23950.45,23944.65,23945.35,774026
1788413880,2026-09-03T11:08:00,23948,23948.1,23938.8,23940.2,484766
1788413940,2026-09-03T11:09:00,23941.2,23943.1,23927.9,23928.6,570857
1788414000,2026-09-03T11:10:00,23930.05,23938.65,23929.2,23933.95,454149
1788414060,2026-09-03T11:11:00,23933.6,23937.7,23930.55,23936.4,663764
1788414120,2026-09-03T11:12:00,23937.3,23939.15,23934.9,23938.7,748613
1788414180,2026-09-03T11:13:00,23939.5,23940.25,23931.55,23931.7,582903
1788414240,2026-09-03T11:14:00,23933.75,23934.05,23922.6,23926.9,926257
1788414300,2026-09-03T11:15:00,23927.9,23929.65,23920.35,23924.8,757153
1788414360,2026-09-03T11:16:00,23926.65,23935.25,23925.5,23933.7,579237
1788414420,2026-09-03T11:17:00,23934.85,23943.5,23933.9,23936.95,436631
1788414480,2026-09-03T11:18:00,23939.7,23941.35,23937.5,23939.6,356430
1788414540,2026-09-03T11:19:00,23940.45,23949.45,23939.15,23948.9,302322
1788414600,2026-09-03T11:20:00,23947.65,23954.8,23946.75,23946.9,470016
1788414660,2026-09-03T11:21:00,23949.65,23950.45,23944.8,23948.65,409830
1788414720,2026-09-03T11:22:00,23950.9,23955.25,23949,23954.85,399571
1788414780,2026-09-03T11:23:00,23956.4,23960.1,23953.7,23956.4,376520
1788414840,2026-09-03T11:24:00,23957.35,23957.35,23947.8,23949.35,285309
1788414900,2026-09-03T11:25:00,23950.5,23953.5,23949.2,23952.55,617657
1788414960,2026-09-03T11:26:00,23953.85,23959.25,23953.2,23959.15,354266
1788415020,2026-09-03T11:27:00,23960.45,23963.2,23958.7,23962.8,636093
1788415080,2026-09-03T11:28:00,23964.2,23966.6,23958,23961.6,518368
1788415140,2026-09-03T11:29:00,23962.65,23964.3,23959.55,23964.15,398709
1788415200,2026-09-03T11:30:00,23965.65,23970.2,23964.45,23969.45,438516
1788415260,2026-09-03T11:31:00,23970.65,23971.5,23966.25,23967.45,820621
1788415320,2026-09-03T11:32:00,23968.8,23973,23963.4,23964.4,648251
1788415380,2026-09-03T11:33:00,23966.05,23968.35,23963.4,23964.8,432887
1788415440,2026-09-03T11:34:00,23967.05,23970.5,23965,23968.3,659964
1788415500,2026-09-03T11:35:00,23969.45,23976.2,23966.7,23975.6,677789
1788415560,2026-09-03T11:36:00,23977.4,23978,23973.2,23973.8,408630
1788415620,2026-09-03T11:37:00,23977,23977.05,23971.1,23973.2,605358
1788415680,2026-09-03T11:38:00,23975.3,23975.3,23968.3,23969.1,402254
1788415740,2026-09-03T11:39:00,23970.6,23972.3,23966.1,23969.2,280095
1788415800,2026-09-03T11:40:00,23970.85,23974.25,23967.9,23972.8,318270
1788415860,2026-09-03T11:41:00,23974.15,23974.15,23961.7,23962.35,435616
1788415920,2026-09-03T11:42:00,23964.05,23966.95,23960,23964.25,325279
1788415980,2026-09-03T11:43:00,23966.2,23966.2,23959.95,23963.15,382075
1788416040,2026-09-03T11:44:00,23964.75,23967.75,23963.35,23965.25,685483
1788416100,2026-09-03T11:45:00,23967.15,23973.25,23965.5,23972.35,662038
1788416160,2026-09-03T11:46:00,23973.95,23974.05,23962.1,23962.9,824273
1788416220,2026-09-03T11:47:00,23963.6,23966.5,23957.9,23958.05,898195
1788416280,2026-09-03T11:48:00,23959.2,23969.55,23957.85,23968.9,429729
1788416340,2026-09-03T11:49:00,23969.95,23972.15,23963.1,23964.4,704578
1788416400,2026-09-03T11:50:00,23966.5,23968.9,23963.05,23963.4,517964
1788416460,2026-09-03T11:51:00,23965.3,23965.55,23957.3,23958.85,317003
1788416520,2026-09-03T11:52:00,23961.6,23970.25,23959.4,23967.2,473235
1788416580,2026-09-03T11:53:00,23969.45,23969.45,23955.1,23956.25,566789
1788416640,2026-09-03T11:54:00,23957.95,23960.2,23956.05,23958.9,320274
1788416700,2026-09-03T11:55:00,23960.45,23961.4,23952.45,23953.8,409278
1788416760,2026-09-03T11:56:00,23955.55,23957.95,23948.2,23956.1,376449
1788416820,2026-09-03T11:57:00,23957.35,23958.9,23953.4,23958.45,264162
1788416880,2026-09-03T11:58:00,23960,23961.45,23955.75,23956.65,348088
1788416940,2026-09-03T11:59:00,23958.25,23960.6,23956.35,23956.75,213632
1788417000,2026-09-03T12:00:00,23957.7,23960.1,23955.15,23955.8,379433
1788417060,2026-09-03T12:01:00,23957.5,23957.9,23937.75,23940.75,792612
1788417120,2026-09-03T12:02:00,23942.85,23950.4,23940.65,23942.5,638867
1788417180,2026-09-03T12:03:00,23944.05,23945.45,23935.8,23936.8,612442
1788417240,2026-09-03T12:04:00,23937.35,23938.55,23930.7,23937.65,1031411
1788417300,2026-09-03T12:05:00,23938.45,23944,23935.75,23936.3,458496
1788417360,2026-09-03T12:06:00,23937.05,23938.45,23933.05,23933.55,537786
1788417420,2026-09-03T12:07:00,23935.45,23936.55,23930.8,23932.2,467703
1788417480,2026-09-03T12:08:00,23933.9,23937.85,23930.8,23936.6,498673
1788417540,2026-09-03T12:09:00,23937.65,23937.8,23927.9,23928.85,365271
1788417600,2026-09-03T12:10:00,23931.9,23940.1,23929.45,23936.9,346666
1788417660,2026-09-03T12:11:00,23938.4,23938.4,23930,23931.05,349191
1788417720,2026-09-03T12:12:00,23933.2,23935.75,23930.35,23931.55,294944
1788417780,2026-09-03T12:13:00,23933.75,23937.25,23927.1,23936,403203
1788417840,2026-09-03T12:14:00,23937.6,23939.3,23935.6,23935.95,436664
1788417900,2026-09-03T12:15:00,23938.15,23938.15,23928.8,23932.7,389350
1788417960,2026-09-03T12:16:00,23934.4,23934.8,23924.6,23929.45,492180
1788418020,2026-09-03T12:17:00,23930.05,23930.55,23923.15,23923.3,548403
1788418080,2026-09-03T12:18:00,23926.45,23926.75,23914.9,23917.35,582320
1788418140,2026-09-03T12:19:00,23919.6,23923.9,23915.05,23918.05,463545
1788418200,2026-09-03T12:20:00,23921,23925.2,23916.5,23921.25,299572
1788418260,2026-09-03T12:21:00,23923.3,23925.25,23918.35,23919.3,234733
1788418320,2026-09-03T12:22:00,23921.85,23921.85,23912.55,23913.35,483379
1788418380,2026-09-03T12:23:00,23914.25,23917.7,23909.45,23910.3,571631
1788418440,2026-09-03T12:24:00,23912.6,23912.85,23905.6,23906.15,524560
1788418500,2026-09-03T12:25:00,23909.2,23911.85,23905.75,23910.45,356923
1788418560,2026-09-03T12:26:00,23913.1,23917.05,23911.8,23913.4,385083
1788418620,2026-09-03T12:27:00,23915.55,23915.55,23904.8,23907.95,358052
1788418680,2026-09-03T12:28:00,23910.7,23914.1,23908.3,23912.2,290034
1788418740,2026-09-03T12:29:00,23914.05,23914.05,23906.45,23907.75,217757
1788418800,2026-09-03T12:30:00,23910.1,23912.5,23906.35,23910.9,339067
1788418860,2026-09-03T12:31:00,23914.05,23917.6,23912,23914.05,315739
1788418920,2026-09-03T12:32:00,23917.2,23918.6,23908.75,23911.4,408675
1788418980,2026-09-03T12:33:00,23914.8,23916.9,23908.85,23908.85,358708
1788419040,2026-09-03T12:34:00,23911.4,23912.2,23908.7,23909.75,235202
1788419100,2026-09-03T12:35:00,23912.25,23912.25,23906.05,23906.5,305434
1788419160,2026-09-03T12:36:00,23909.2,23909.25,23903.25,23906,424651
1788419220,2026-09-03T12:37:00,23908.15,23910.5,23904.3,23907,261912
1788419280,2026-09-03T12:38:00,23909.4,23919.9,23907.5,23918.4,471590
1788419340,2026-09-03T12:39:00,23919.55,23919.55,23912.8,23915.2,246531
1788419400,2026-09-03T12:40:00,23917.55,23917.55,23911.4,23914.6,225170
1788419460,2026-09-03T12:41:00,23916.6,23918.15,23912.15,23912.15,324120
1788419520,2026-09-03T12:42:00,23914.75,23914.75,23903.15,23904.4,521540
1788419580,2026-09-03T12:43:00,23906.85,23912.1,23906.15,23908.35,317142
1788419640,2026-09-03T12:44:00,23911.55,23911.55,23907.55,23909.05,403407
1788419700,2026-09-03T12:45:00,23911.45,23913.65,23908.5,23910.55,252791
1788419760,2026-09-03T12:46:00,23913.3,23914.5,23910.45,23910.65,465204
1788419820,2026-09-03T12:47:00,23913.3,23915.05,23908.85,23911.95,326400
1788419880,2026-09-03T12:48:00,23913.5,23914.9,23909.85,23912.25,401834
1788419940,2026-09-03T12:49:00,23914.45,23915.6,23909.75,23909.75,481041
1788420000,2026-09-03T12:50:00,23911.85,23917,23909.6,23916.5,340357
1788420060,2026-09-03T12:51:00,23916.5,23918.5,23913.95,23916.5,384059
1788420120,2026-09-03T12:52:00,23919.55,23923.9,23917.55,23922.95,336942
1788420180,2026-09-03T12:53:00,23922.9,23925.9,23920.3,23923.55,393903
1788420240,2026-09-03T12:54:00,23925.1,23929.75,23921.65,23923.75,279306
1788420300,2026-09-03T12:55:00,23926.95,23926.95,23920.55,23921.6,525119
1788420360,2026-09-03T12:56:00,23923.3,23923.3,23912.7,23918.05,596610
1788420420,2026-09-03T12:57:00,23919.45,23930.35,23919.15,23925.5,636037
1788420480,2026-09-03T12:58:00,23927.25,23929.05,23916.75,23923,482972
1788420540,2026-09-03T12:59:00,23923.4,23924.75,23919.5,23920.3,255758
1788420600,2026-09-03T13:00:00,23921.5,23922.1,23914.35,23918.05,463067
1788420660,2026-09-03T13:01:00,23919.7,23920.45,23913.8,23915.35,333981
1788420720,2026-09-03T13:02:00,23916.55,23920,23911.85,23915.45,366127
1788420780,2026-09-03T13:03:00,23916.9,23920.35,23914.4,23917.65,353727
1788420840,2026-09-03T13:04:00,23919.1,23922.15,23917.25,23920.05,307155
1788420900,2026-09-03T13:05:00,23920.3,23926.05,23917.95,23923.7,305766
1788420960,2026-09-03T13:06:00,23925.05,23927.6,23921.95,23924.3,348362
1788421020,2026-09-03T13:07:00,23926.65,23928.15,23920.1,23920.2,641557
1788421080,2026-09-03T13:08:00,23921.4,23925.45,23919.65,23920.9,270181
1788421140,2026-09-03T13:09:00,23922.4,23925.1,23918.1,23923.75,298347
1788421200,2026-09-03T13:10:00,23924.85,23925.25,23920.85,23924.95,291316
1788421260,2026-09-03T13:11:00,23925.65,23932.15,23924.35,23932.15,348424
1788421320,2026-09-03T13:12:00,23932.6,23936.15,23929,23932.75,395425
1788421380,2026-09-03T13:13:00,23934.15,23934.5,23925.65,23928.2,381696
1788421440,2026-09-03T13:14:00,23928.4,23928.4,23924.15,23926,387399
1788421500,2026-09-03T13:15:00,23928.35,23929.7,23924.15,23926.95,331250
1788421560,2026-09-03T13:16:00,23929.6,23929.95,23924.65,23927,280561
1788421620,2026-09-03T13:17:00,23929.05,23933.6,23925.85,23930.5,236235
1788421680,2026-09-03T13:18:00,23933.15,23937.3,23930.8,23932,398516
1788421740,2026-09-03T13:19:00,23932.05,23933.2,23927.4,23930.3,507711
1788421800,2026-09-03T13:20:00,23932.15,23932.35,23925.75,23926.8,257673
1788421860,2026-09-03T13:21:00,23928.7,23928.7,23925.75,23926,238437
1788421920,2026-09-03T13:22:00,23928.15,23928.15,23922.9,23923.45,279316
1788421980,2026-09-03T13:23:00,23925.5,23927.85,23920.75,23921.9,392551
1788422040,2026-09-03T13:24:00,23923.35,23923.85,23910.7,23911,322813
1788422100,2026-09-03T13:25:00,23913.55,23913.55,23897.85,23900.3,549350
1788422160,2026-09-03T13:26:00,23903.3,23909.35,23900.3,23908.75,430056
1788422220,2026-09-03T13:27:00,23909.1,23913.3,23908.65,23912.8,306075
1788422280,2026-09-03T13:28:00,23913.9,23915.75,23911,23913,278117
1788422340,2026-09-03T13:29:00,23913.6,23915.75,23909.85,23910.05,263726
1788422400,2026-09-03T13:30:00,23911.75,23918,23909.75,23916.15,306473
1788422460,2026-09-03T13:31:00,23916.95,23923.05,23915.85,23919.8,322610
1788422520,2026-09-03T13:32:00,23921.4,23921.4,23912.9,23916,294707
1788422580,2026-09-03T13:33:00,23916.1,23933.75,23914.85,23933.75,532624
1788422640,2026-09-03T13:34:00,23935.85,23936.9,23927.7,23930.15,574923
1788422700,2026-09-03T13:35:00,23932,23935.15,23928.9,23933.65,302723
1788422760,2026-09-03T13:36:00,23935.55,23936.3,23925.4,23926.5,394661
1788422820,2026-09-03T13:37:00,23926.25,23926.8,23919,23920.9,387609
1788422880,2026-09-03T13:38:00,23923.4,23924.25,23917.75,23921.1,416178
1788422940,2026-09-03T13:39:00,23922.25,23922.25,23908.25,23910.75,377083
1788423000,2026-09-03T13:40:00,23912.75,23915.35,23904.45,23911.7,617131
1788423060,2026-09-03T13:41:00,23911.2,23915.4,23905.6,23906,447325
1788423120,2026-09-03T13:42:00,23907.3,23911.45,23905.85,23907.35,320762
1788423180,2026-09-03T13:43:00,23908.3,23909.95,23904.7,23906,299574
1788423240,2026-09-03T13:44:00,23906.9,23910,23903.25,23907.35,366745
1788423300,2026-09-03T13:45:00,23908.6,23908.75,23901.1,23901.1,480939
1788423360,2026-09-03T13:46:00,23902.5,23907.35,23899.85,23900.8,708083
1788423420,2026-09-03T13:47:00,23902.5,23904.3,23893,23896.65,515275
1788423480,2026-09-03T13:48:00,23898.3,23905.45,23896.15,23903.4,370441
1788423540,2026-09-03T13:49:00,23904.85,23913.8,23903.6,23912.6,523975
1788423600,2026-09-03T13:50:00,23913.75,23918.15,23908.55,23914.1,774056
1788423660,2026-09-03T13:51:00,23915.25,23916.85,23910.55,23913.1,264792
1788423720,2026-09-03T13:52:00,23913.95,23916.7,23905.75,23906.3,432407
1788423780,2026-09-03T13:53:00,23907.05,23907.05,23899.55,23904.3,683356
1788423840,2026-09-03T13:54:00,23905.85,23909.8,23903.85,23906.05,424414
1788423900,2026-09-03T13:55:00,23907.8,23908.2,23902.25,23903.1,561694
1788423960,2026-09-03T13:56:00,23905,23907.4,23903.6,23906.1,358011
1788424020,2026-09-03T13:57:00,23908.05,23915.5,23907.2,23912.55,766880
1788424080,2026-09-03T13:58:00,23913.5,23923.85,23909.35,23919.7,951537
1788424140,2026-09-03T13:59:00,23921.25,23923.9,23913.3,23918.15,745054
1788424200,2026-09-03T14:00:00,23921.15,23921.5,23915.65,23919.55,395467
1788424260,2026-09-03T14:01:00,23921.85,23921.85,23909.35,23911,497689
1788424320,2026-09-03T14:02:00,23913.05,23913.55,23903.5,23906,1695841
1788424380,2026-09-03T14:03:00,23906.85,23921.15,23905.1,23919.85,1196872
1788424440,2026-09-03T14:04:00,23922.05,23922.65,23909.35,23911.65,383613
1788424500,2026-09-03T14:05:00,23912.75,23917.9,23911.2,23911.2,370977
1788424560,2026-09-03T14:06:00,23915.35,23915.35,23908.45,23912.2,291107
1788424620,2026-09-03T14:07:00,23913.6,23914.1,23907.7,23908.8,314741
1788424680,2026-09-03T14:08:00,23909.6,23916.05,23908.55,23914.3,811185
1788424740,2026-09-03T14:09:00,23915.55,23915.75,23908.8,23912.45,284775
1788424800,2026-09-03T14:10:00,23914.4,23915.6,23910.9,23912.85,400060
1788424860,2026-09-03T14:11:00,23915,23916.7,23912.35,23913.6,643443
1788424920,2026-09-03T14:12:00,23916,23916.65,23911,23912.95,322879
1788424980,2026-09-03T14:13:00,23915.45,23918.35,23913.1,23915.55,816691
1788425040,2026-09-03T14:14:00,23916.7,23916.7,23910.05,23913.3,457012
1788425100,2026-09-03T14:15:00,23913.95,23914.6,23902.05,23907.7,637505
1788425160,2026-09-03T14:16:00,23909.5,23911.25,23907.05,23910.6,477435
1788425220,2026-09-03T14:17:00,23912.25,23913.8,23905.75,23913.8,354108
1788425280,2026-09-03T14:18:00,23914.1,23914.55,23906.7,23907.85,364325
1788425340,2026-09-03T14:19:00,23908.95,23914.35,23906.05,23912.65,459363
1788425400,2026-09-03T14:20:00,23914.25,23922.35,23914.25,23921.8,607501
1788425460,2026-09-03T14:21:00,23921.95,23924.55,23917.15,23918.85,1007953
1788425520,2026-09-03T14:22:00,23918.8,23921.05,23908.05,23910.1,531920
1788425580,2026-09-03T14:23:00,23912.45,23917.05,23910.6,23912.5,542802
1788425640,2026-09-03T14:24:00,23913.45,23915.85,23909.05,23913.9,8952084
1788425700,2026-09-03T14:25:00,23915.6,23918.45,23912.2,23916.1,1098927
1788425760,2026-09-03T14:26:00,23917.85,23918.8,23910.9,23916.7,564408
1788425820,2026-09-03T14:27:00,23917.4,23919,23911.7,23917.8,566072
1788425880,2026-09-03T14:28:00,23920.1,23925.65,23915.95,23924.2,789144
1788425940,2026-09-03T14:29:00,23926.05,23930.35,23920.85,23921.85,803691
1788426000,2026-09-03T14:30:00,23922.9,23923.75,23914.4,23915.1,556899
1788426060,2026-09-03T14:31:00,23915.95,23919.85,23911.6,23917.6,633011
1788426120,2026-09-03T14:32:00,23918.35,23919.75,23913,23915.15,438023
1788426180,2026-09-03T14:33:00,23916.45,23920.85,23914.1,23918,415774
1788426240,2026-09-03T14:34:00,23919,23921.2,23915.2,23920.35,453298
1788426300,2026-09-03T14:35:00,23921.95,23921.95,23911.6,23914.25,540835
1788426360,2026-09-03T14:36:00,23915.75,23917.85,23913.5,23914.4,425687
1788426420,2026-09-03T14:37:00,23916.6,23919.65,23910.25,23912.1,460950
1788426480,2026-09-03T14:38:00,23913,23915.1,23909.15,23910.55,504257
1788426540,2026-09-03T14:39:00,23913.4,23913.4,23908,23911.5,343113
1788426600,2026-09-03T14:40:00,23912.15,23912.9,23903.55,23906.7,449211
1788426660,2026-09-03T14:41:00,23908.05,23910.9,23903.7,23907.75,514476
1788426720,2026-09-03T14:42:00,23909.65,23910.55,23904.4,23907.6,414228
1788426780,2026-09-03T14:43:00,23909.85,23909.85,23904.3,23905.25,429998
1788426840,2026-09-03T14:44:00,23905.65,23909.65,23904.95,23908.2,490257
1788426900,2026-09-03T14:45:00,23909.15,23911.65,23908.05,23910.45,803411
1788426960,2026-09-03T14:46:00,23910.65,23911.15,23901.85,23903,499610
1788427020,2026-09-03T14:47:00,23903.35,23907.25,23901.6,23906.6,592874
1788427080,2026-09-03T14:48:00,23905.65,23911.6,23904.4,23906.15,745431
1788427140,2026-09-03T14:49:00,23906.85,23912.65,23906.85,23908.35,417657
1788427200,2026-09-03T14:50:00,23908.6,23915.2,23908.6,23914.05,627096
1788427260,2026-09-03T14:51:00,23914.45,23916.95,23907.95,23908.25,1071567
1788427320,2026-09-03T14:52:00,23908.7,23914.2,23908.7,23910.1,973857
1788427380,2026-09-03T14:53:00,23910.15,23912.55,23907.95,23911.9,750656
1788427440,2026-09-03T14:54:00,23910.25,23911.25,23908.15,23908.75,494005
1788427500,2026-09-03T14:55:00,23908.85,23909.3,23905.45,23906.45,590089
1788427560,2026-09-03T14:56:00,23906.9,23907.8,23901.15,23903.25,731985
1788427620,2026-09-03T14:57:00,23903.7,23906.45,23898.45,23902.5,954688
1788427680,2026-09-03T14:58:00,23901.75,23902.8,23893.7,23898.3,928450
1788427740,2026-09-03T14:59:00,23898.3,23903.3,23897.35,23897.35,1003203
1788427800,2026-09-03T15:00:00,23896.45,23897.6,23891.05,23895,1384275
1788427860,2026-09-03T15:01:00,23892.9,23904.4,23892.9,23901.05,1052436
1788427920,2026-09-03T15:02:00,23900,23900,23891.85,23898,1048093
1788427980,2026-09-03T15:03:00,23897.75,23899.6,23893.6,23894.5,844481
1788428040,2026-09-03T15:04:00,23893.85,23895.35,23888.05,23889.8,892655
1788428100,2026-09-03T15:05:00,23889.85,23890.2,23880.25,23887.1,1812664
1788428160,2026-09-03T15:06:00,23887.4,23889.55,23879.05,23879.8,1271222
1788428220,2026-09-03T15:07:00,23879.35,23885.55,23878.6,23882.7,983261
1788428280,2026-09-03T15:08:00,23882.8,23884.6,23879.25,23880.55,1094711
1788428340,2026-09-03T15:09:00,23880.1,23888.35,23876.85,23887.5,1838717
1788428400,2026-09-03T15:10:00,23886.6,23897.9,23886.4,23897.2,2202160
1788428460,2026-09-03T15:11:00,23895.9,23897.5,23888.8,23895.05,1582069
1788428520,2026-09-03T15:12:00,23894.7,23899.3,23890.3,23890.7,3290579
1788428580,2026-09-03T15:13:00,23890.55,23906.3,23888.5,23903.8,2115668
1788428640,2026-09-03T15:14:00,23905.3,23915.15,23901.55,23903.9,1619343
1788428700,2026-09-03T15:15:00,23904.1,23904.1,23904.1,23904.1,3114
1788428760,2026-09-03T15:16:00,23904.1,23904.1,23904.1,23904.1,3114
1788428820,2026-09-03T15:17:00,23904.1,23904.1,23904.1,23904.1,3114
1788428880,2026-09-03T15:18:00,23904.1,23904.1,23904.1,23904.1,3114
1788428940,2026-09-03T15:19:00,23904.1,23904.1,23904.1,23904.1,3114
1788429000,2026-09-03T15:20:00,23904.1,23904.1,23904.1,23904.1,3114
1788429060,2026-09-03T15:21:00,23904.1,23904.1,23904.1,23904.1,3114
1788429120,2026-09-03T15:22:00,23904.1,23904.1,23904.1,23904.1,3114
1788429180,2026-09-03T15:23:00,23904.1,23904.1,23904.1,23904.1,3114
1788429240,2026-09-03T15:24:00,23904.1,23904.1,23904.1,23904.1,3114
1788429300,2026-09-03T15:25:00,23904.1,23904.1,23904.1,23904.1,3114
1788429360,2026-09-03T15:26:00,23904.1,23904.1,23904.1,23904.1,3114
1788429420,2026-09-03T15:27:00,23904.1,23904.1,23904.1,23904.1,3114
1788429480,2026-09-03T15:28:00,23904.1,23904.1,23873.45,23873.45,3114
1788429540,2026-09-03T15:29:00,23873.45,23873.45,23873.45,23873.45,3114
1788493500,2026-09-04T09:15:00,23910.9,23949.85,23902.9,23906.8,2356923
1788493560,2026-09-04T09:16:00,23908.3,23934.7,23907.55,23928.25,1404968
1788493620,2026-09-04T09:17:00,23931.1,23931.1,23916,23922.3,1406892
1788493680,2026-09-04T09:18:00,23922.9,23928.8,23917.4,23928.4,1188715
1788493740,2026-09-04T09:19:00,23928.1,23936.45,23925.2,23927.2,970349
1788493800,2026-09-04T09:20:00,23928.1,23931.3,23923.75,23923.9,1005013
1788493860,2026-09-04T09:21:00,23924.25,23926.95,23913.8,23916.35,752709
1788493920,2026-09-04T09:22:00,23916.75,23917.2,23910.3,23912.05,902011
1788493980,2026-09-04T09:23:00,23912.4,23916.5,23910.05,23916.05,550004
1788494040,2026-09-04T09:24:00,23916.65,23922.35,23914.5,23915.3,776905
1788494100,2026-09-04T09:25:00,23916.55,23923.35,23916.45,23920.35,693437
1788494160,2026-09-04T09:26:00,23920.8,23922.05,23912.8,23913.35,618428
1788494220,2026-09-04T09:27:00,23913.5,23914.65,23903.25,23903.25,795854
1788494280,2026-09-04T09:28:00,23904.15,23909.05,23900,23907.7,580749
1788494340,2026-09-04T09:29:00,23909.2,23912.7,23906.1,23908.35,650105
1788494400,2026-09-04T09:30:00,23908.7,23912.45,23904.6,23905.6,738370
1788494460,2026-09-04T09:31:00,23904.8,23906.25,23898.2,23899.6,504608
1788494520,2026-09-04T09:32:00,23900.15,23904.2,23899.95,23899.95,447473
1788494580,2026-09-04T09:33:00,23901.15,23907.35,23901.15,23905.4,425440
1788494640,2026-09-04T09:34:00,23907.3,23916.3,23906.95,23907.2,1007793
1788494700,2026-09-04T09:35:00,23907.35,23908.95,23900.3,23901.4,522845
1788494760,2026-09-04T09:36:00,23901.25,23901.85,23895.85,23900.1,486626
1788494820,2026-09-04T09:37:00,23900.8,23905.25,23900.05,23904.1,454370
1788494880,2026-09-04T09:38:00,23904.85,23906.95,23898.35,23900.1,535333
1788494940,2026-09-04T09:39:00,23900.45,23905.05,23898.45,23904,645798
1788495000,2026-09-04T09:40:00,23904.05,23913.9,23903.4,23911.85,494400
1788495060,2026-09-04T09:41:00,23911.6,23913,23905.7,23906.05,376756
1788495120,2026-09-04T09:42:00,23906.4,23908.7,23903.7,23904.7,555659
1788495180,2026-09-04T09:43:00,23904.35,23908.9,23903.95,23908.5,814805
1788495240,2026-09-04T09:44:00,23908.35,23913.6,23908.35,23910.55,596895
1788495300,2026-09-04T09:45:00,23912.5,23926,23910.6,23924.75,714335
1788495360,2026-09-04T09:46:00,23925.1,23929.65,23924.95,23925.85,575510
1788495420,2026-09-04T09:47:00,23926.25,23927.85,23921.4,23924.45,508593
1788495480,2026-09-04T09:48:00,23924.8,23929.05,23921.7,23922.9,510016
1788495540,2026-09-04T09:49:00,23923.25,23928.25,23922.6,23925.45,1095022
1788495600,2026-09-04T09:50:00,23926.25,23932.2,23925.2,23930.55,1048852
1788495660,2026-09-04T09:51:00,23931.65,23938.35,23928.65,23936.8,791944
1788495720,2026-09-04T09:52:00,23936.85,23943.4,23935.65,23943.4,780853
1788495780,2026-09-04T09:53:00,23943.6,23947.55,23941.7,23945.6,688488
1788495840,2026-09-04T09:54:00,23945.5,23946.8,23941.75,23945.15,703758
1788495900,2026-09-04T09:55:00,23946,23953.3,23945.95,23948.65,911016
1788495960,2026-09-04T09:56:00,23949.9,23951.1,23946,23948.75,980160
1788496020,2026-09-04T09:57:00,23949.7,23951.5,23947.65,23950,474837
1788496080,2026-09-04T09:58:00,23950.45,23955,23949.65,23952.05,543001
1788496140,2026-09-04T09:59:00,23952.8,23955.25,23946.1,23948.4,666725
1788496200,2026-09-04T10:00:00,23948.7,23952.8,23947.15,23952.4,443991
1788496260,2026-09-04T10:01:00,23953.5,23961.3,23952.05,23956.6,543267
1788496320,2026-09-04T10:02:00,23957.15,23959.95,23954.45,23956.15,442497
1788496380,2026-09-04T10:03:00,23957.95,23962.3,23957.1,23959.7,965101
1788496440,2026-09-04T10:04:00,23959.7,23962.55,23958.45,23959.3,605123
1788496500,2026-09-04T10:05:00,23959.05,23961.2,23950.85,23951.5,379411
1788496560,2026-09-04T10:06:00,23952,23954.15,23950.2,23952.65,422569
1788496620,2026-09-04T10:07:00,23953.95,23954.15,23949.45,23950.8,405510
1788496680,2026-09-04T10:08:00,23950.95,23953.3,23949.9,23950.7,390867
1788496740,2026-09-04T10:09:00,23950.95,23952,23945.5,23945.9,342996
1788496800,2026-09-04T10:10:00,23948.25,23948.5,23941.55,23942.05,349642
1788496860,2026-09-04T10:11:00,23942.4,23947.05,23941.8,23942,438867
1788496920,2026-09-04T10:12:00,23943.95,23946.8,23941.7,23941.7,572102
1788496980,2026-09-04T10:13:00,23942.05,23942.95,23936.05,23936.85,631249
1788497040,2026-09-04T10:14:00,23937.65,23940.85,23936.25,23939.45,413524
1788497100,2026-09-04T10:15:00,23939.55,23940.95,23936.45,23936.6,383826
1788497160,2026-09-04T10:16:00,23937.1,23944.1,23937.1,23943.9,419258
1788497220,2026-09-04T10:17:00,23944,23947.85,23944,23944.1,279535
1788497280,2026-09-04T10:18:00,23944.05,23952.7,23942.95,23951.45,347169
1788497340,2026-09-04T10:19:00,23951.55,23952.4,23945.45,23946.15,300047
1788497400,2026-09-04T10:20:00,23946.1,23951.65,23945.85,23951.65,333804
1788497460,2026-09-04T10:21:00,23952.15,23955,23950.05,23954.2,355832
1788497520,2026-09-04T10:22:00,23954.55,23956.05,23952.2,23954.55,432051
1788497580,2026-09-04T10:23:00,23955.05,23956.4,23951.3,23952.15,571501
1788497640,2026-09-04T10:24:00,23952.55,23953.55,23950.3,23951.85,425999
1788497700,2026-09-04T10:25:00,23952.35,23958.25,23951.4,23956.05,383197
1788497760,2026-09-04T10:26:00,23956.4,23958,23954,23954.35,450997
1788497820,2026-09-04T10:27:00,23955.5,23958.2,23954.8,23957,298244
1788497880,2026-09-04T10:28:00,23958.15,23961.6,23956.55,23959.05,276771
1788497940,2026-09-04T10:29:00,23958.65,23964.75,23958.65,23963.8,405188
1788498000,2026-09-04T10:30:00,23964.35,23971.85,23963.4,23965.35,484356
1788498060,2026-09-04T10:31:00,23965.1,23968.25,23960.1,23966.75,325317
1788498120,2026-09-04T10:32:00,23966.15,23969.4,23964.85,23965.35,244356
1788498180,2026-09-04T10:33:00,23966,23967.3,23960,23960.6,270199
1788498240,2026-09-04T10:34:00,23961.3,23963.45,23959.85,23959.95,344251
1788498300,2026-09-04T10:35:00,23960.8,23962.65,23956.2,23956.7,252153
1788498360,2026-09-04T10:36:00,23957.55,23958,23952.85,23954.7,317439
1788498420,2026-09-04T10:37:00,23954.9,23959.75,23954.6,23958.45,734667
1788498480,2026-09-04T10:38:00,23959.3,23963.85,23958.8,23960.4,412745
1788498540,2026-09-04T10:39:00,23962.2,23964.45,23959.6,23960.6,383582
1788498600,2026-09-04T10:40:00,23961.3,23963.85,23960.4,23961,437987
1788498660,2026-09-04T10:41:00,23960.6,23961.75,23953.1,23955.05,331139
1788498720,2026-09-04T10:42:00,23955.35,23957.25,23953.3,23953.7,416898
1788498780,2026-09-04T10:43:00,23953.75,23956,23953.05,23955.65,321704
1788498840,2026-09-04T10:44:00,23955.95,23956.55,23952.45,23953.2,299684
1788498900,2026-09-04T10:45:00,23954.2,23955,23951.85,23953.3,421906
1788498960,2026-09-04T10:46:00,23953.55,23958.55,23951.8,23958.2,490554
1788499020,2026-09-04T10:47:00,23957.25,23959.55,23956.3,23957.55,280558
1788499080,2026-09-04T10:48:00,23958.05,23960.75,23956.55,23958.75,549705
1788499140,2026-09-04T10:49:00,23958.7,23960.6,23957.4,23959.15,384710
1788499200,2026-09-04T10:50:00,23959.3,23961.25,23955.55,23956.2,471417
1788499260,2026-09-04T10:51:00,23956.2,23958.6,23955.35,23958.55,425446
1788499320,2026-09-04T10:52:00,23958.3,23960.7,23956.75,23957.6,335360
1788499380,2026-09-04T10:53:00,23958.4,23960.05,23956.8,23958.4,340656
1788499440,2026-09-04T10:54:00,23958.65,23965.2,23958.05,23963.05,337658
1788499500,2026-09-04T10:55:00,23964.3,23966.1,23962.75,23964,442312
1788499560,2026-09-04T10:56:00,23964.9,23966.45,23959.85,23961.8,518448
1788499620,2026-09-04T10:57:00,23961.9,23965.4,23961.55,23962.1,503686
1788499680,2026-09-04T10:58:00,23963,23964.15,23960.5,23961.4,305344
1788499740,2026-09-04T10:59:00,23961.6,23967.25,23961.05,23967.05,472121
1788499800,2026-09-04T11:00:00,23967.3,23971.95,23966.15,23970.9,375117
1788499860,2026-09-04T11:01:00,23970.75,23972.6,23966.95,23967.05,325596
1788499920,2026-09-04T11:02:00,23967.5,23968.9,23957.85,23961.35,754867
1788499980,2026-09-04T11:03:00,23962.05,23964.7,23960.55,23962.6,314085
1788500040,2026-09-04T11:04:00,23962.7,23968.15,23962.2,23965.35,374290
1788500100,2026-09-04T11:05:00,23966.85,23968.55,23963.55,23965.75,482916
1788500160,2026-09-04T11:06:00,23965.55,23966.3,23961.8,23962.9,309584
1788500220,2026-09-04T11:07:00,23963.1,23969.2,23962.6,23968.15,477663
1788500280,2026-09-04T11:08:00,23968.35,23971.65,23967.15,23968.9,413285
1788500340,2026-09-04T11:09:00,23968.55,23974.9,23967.9,23971.65,370330
1788500400,2026-09-04T11:10:00,23972.7,23974.4,23969.35,23972,552129
1788500460,2026-09-04T11:11:00,23972.05,23976.1,23969,23969,397480
1788500520,2026-09-04T11:12:00,23970.25,23971.55,23966.45,23967.25,389522
1788500580,2026-09-04T11:13:00,23967.95,23968.35,23963,23963.3,285630
1788500640,2026-09-04T11:14:00,23963.85,23966.05,23962.95,23965.05,234373
1788500700,2026-09-04T11:15:00,23965.25,23965.9,23960.95,23964.6,401034
1788500760,2026-09-04T11:16:00,23964.35,23967.55,23961.45,23963.15,500409
1788500820,2026-09-04T11:17:00,23963.6,23966.35,23962.45,23964.9,573824
1788500880,2026-09-04T11:18:00,23965.75,23970.75,23965.35,23969.1,404545
1788500940,2026-09-04T11:19:00,23969.35,23974.95,23968.8,23974.7,276878
1788501000,2026-09-04T11:20:00,23975.25,23977.7,23971.2,23974.65,506266
1788501060,2026-09-04T11:21:00,23975.25,23980.95,23974.65,23979.8,489879
1788501120,2026-09-04T11:22:00,23981.35,23986.5,23979.55,23983.65,826744
1788501180,2026-09-04T11:23:00,23984.2,23988.45,23982.15,23983.3,805123
1788501240,2026-09-04T11:24:00,23983.95,23987.1,23978.85,23979.9,726382
1788501300,2026-09-04T11:25:00,23980.4,23985.65,23977.35,23984.55,447151
1788501360,2026-09-04T11:26:00,23985.3,23987.9,23983.6,23986.25,626755
1788501420,2026-09-04T11:27:00,23987,23989.45,23984.45,23988,711535
1788501480,2026-09-04T11:28:00,23987.8,23990.2,23983.2,23986.45,596909
1788501540,2026-09-04T11:29:00,23985.3,23985.75,23981.45,23982.15,362797
1788501600,2026-09-04T11:30:00,23982.85,23987.45,23982.75,23984.8,771228
1788501660,2026-09-04T11:31:00,23985.5,23987.85,23984.3,23985.25,585978
1788501720,2026-09-04T11:32:00,23986,23988.5,23985.25,23987.6,355581
1788501780,2026-09-04T11:33:00,23988.65,23990.55,23986.25,23988.1,462170
1788501840,2026-09-04T11:34:00,23988.25,23989.55,23985.75,23987.6,325345
1788501900,2026-09-04T11:35:00,23987.6,23989.45,23986.55,23987.25,309987
1788501960,2026-09-04T11:36:00,23987.1,23989,23986.05,23987.8,275824
1788502020,2026-09-04T11:37:00,23987.5,23989.5,23984.85,23986.2,308489
1788502080,2026-09-04T11:38:00,23986.5,23999,23986.5,23996.65,666737
1788502140,2026-09-04T11:39:00,23998.55,24005.75,23997.4,23999.05,1093143
1788502200,2026-09-04T11:40:00,24001.3,24004.2,23998,23998,595014
1788502260,2026-09-04T11:41:00,24000.15,24000.15,23991.85,23993.15,408373
1788502320,2026-09-04T11:42:00,23993.7,23993.75,23983.55,23985.75,1192473
1788502380,2026-09-04T11:43:00,23986.05,23987.1,23982.35,23983.5,480671
1788502440,2026-09-04T11:44:00,23984.95,23986.3,23980.3,23981.5,643297
1788502500,2026-09-04T11:45:00,23981.85,23983.9,23980.65,23981.3,404317
1788502560,2026-09-04T11:46:00,23983.15,23985.25,23981.1,23982.4,226704
1788502620,2026-09-04T11:47:00,23982.35,23984.7,23980.95,23982.15,629140
1788502680,2026-09-04T11:48:00,23983,23987.75,23978.1,23981.25,653903
1788502740,2026-09-04T11:49:00,23981.4,23985.75,23981.4,23984.15,414184
1788502800,2026-09-04T11:50:00,23984.45,23991.5,23984.45,23987.9,497104
1788502860,2026-09-04T11:51:00,23988.45,23991.75,23986.9,23988.45,526970
1788502920,2026-09-04T11:52:00,23989.35,23991.1,23985.7,23986.35,490450
1788502980,2026-09-04T11:53:00,23986.4,23987.2,23982.3,23985,403268
1788503040,2026-09-04T11:54:00,23985.15,23988.5,23984.3,23985.25,391203
1788503100,2026-09-04T11:55:00,23986,23987.8,23984.7,23986,345519
1788503160,2026-09-04T11:56:00,23986,23987.45,23983.75,23984.65,556131
1788503220,2026-09-04T11:57:00,23985.8,23988.6,23983,23985.25,762418
1788503280,2026-09-04T11:58:00,23985,23988.65,23980.35,23981.6,451617
1788503340,2026-09-04T11:59:00,23982.15,23983.55,23977.35,23978.65,750067
1788503400,2026-09-04T12:00:00,23979.7,23979.7,23973.6,23973.65,459268
1788503460,2026-09-04T12:01:00,23974.35,23976.2,23971.2,23971.25,367304
1788503520,2026-09-04T12:02:00,23973,23973,23968,23968.65,552963
1788503580,2026-09-04T12:03:00,23968.8,23970.65,23962.85,23963.45,754711
1788503640,2026-09-04T12:04:00,23963.6,23966.45,23958.7,23959.1,445071
1788503700,2026-09-04T12:05:00,23959.3,23961.25,23957.5,23959.65,442986
1788503760,2026-09-04T12:06:00,23959.8,23962.55,23958.4,23958.6,330658
1788503820,2026-09-04T12:07:00,23958.45,23960.45,23957.05,23958.4,497319
1788503880,2026-09-04T12:08:00,23958.45,23964,23958.3,23963.8,334478
1788503940,2026-09-04T12:09:00,23963.4,23966.65,23962.8,23964.5,603543
1788504000,2026-09-04T12:10:00,23965.3,23965.7,23953.45,23954.85,888570
1788504060,2026-09-04T12:11:00,23955.9,23955.9,23951.6,23951.95,362715
1788504120,2026-09-04T12:12:00,23952.25,23956.45,23951.05,23952.2,364972
1788504180,2026-09-04T12:13:00,23952.2,23953.15,23946.8,23948.25,347150
1788504240,2026-09-04T12:14:00,23948.7,23952.85,23947.85,23952.85,342028
1788504300,2026-09-04T12:15:00,23951.7,23953.6,23947.05,23948,888742
1788504360,2026-09-04T12:16:00,23948.1,23949.65,23943.15,23945.15,657261
1788504420,2026-09-04T12:17:00,23944.8,23949.7,23944.8,23948.55,623435
1788504480,2026-09-04T12:18:00,23949.9,23954.15,23948.9,23952.95,681255
1788504540,2026-09-04T12:19:00,23952.8,23954.35,23947.45,23948.55,250610
1788504600,2026-09-04T12:20:00,23948.35,23949.6,23942.75,23944.9,482748
1788504660,2026-09-04T12:21:00,23946.45,23947.1,23942.7,23945.2,331252
1788504720,2026-09-04T12:22:00,23944.95,23946.3,23941.35,23942.25,345684
1788504780,2026-09-04T12:23:00,23944.25,23946.35,23941.65,23944.25,441141
1788504840,2026-09-04T12:24:00,23944.65,23947.75,23940.4,23940.5,443753
1788504900,2026-09-04T12:25:00,23941.3,23941.35,23937.55,23941.35,412463
1788504960,2026-09-04T12:26:00,23941.3,23945.95,23940.2,23944.9,406068
1788505020,2026-09-04T12:27:00,23946.75,23946.75,23942.15,23942.65,321354
1788505080,2026-09-04T12:28:00,23945.35,23951.55,23943.65,23949.3,504081
1788505140,2026-09-04T12:29:00,23950.4,23950.65,23946,23947,433883
1788505200,2026-09-04T12:30:00,23948.55,23948.55,23942.2,23943.65,316442
1788505260,2026-09-04T12:31:00,23945.4,23947.25,23943.4,23944.55,648775
1788505320,2026-09-04T12:32:00,23947.55,23949.2,23944.25,23948.3,481014
1788505380,2026-09-04T12:33:00,23950.4,23950.4,23945.4,23946.25,466234
1788505440,2026-09-04T12:34:00,23948.25,23948.25,23943.8,23944.95,494292
1788505500,2026-09-04T12:35:00,23947.2,23947.5,23943.6,23945.65,318859
1788505560,2026-09-04T12:36:00,23947.25,23947.25,23940.2,23941.05,225760
1788505620,2026-09-04T12:37:00,23942.5,23942.5,23937.15,23937.75,205235
1788505680,2026-09-04T12:38:00,23940.35,23940.35,23937.55,23939.9,239208
1788505740,2026-09-04T12:39:00,23942,23943.25,23939.8,23942.3,294746
1788505800,2026-09-04T12:40:00,23944.3,23946.4,23941.95,23944.75,332618
1788505860,2026-09-04T12:41:00,23946.7,23946.7,23942.4,23942.4,277783
1788505920,2026-09-04T12:42:00,23944.4,23944.4,23940.6,23941.55,302088
1788505980,2026-09-04T12:43:00,23943.5,23944.55,23939.2,23939.65,214159
1788506040,2026-09-04T12:44:00,23941.4,23941.4,23938,23938.6,190776
1788506100,2026-09-04T12:45:00,23940.15,23941.8,23937.9,23938.5,326377
1788506160,2026-09-04T12:46:00,23940.4,23940.6,23935.3,23936.15,326631
1788506220,2026-09-04T12:47:00,23938,23938.15,23934.8,23936.25,461100
1788506280,2026-09-04T12:48:00,23938.2,23941.05,23936.65,23940.8,296098
1788506340,2026-09-04T12:49:00,23942.8,23942.8,23938.65,23940.4,251145
1788506400,2026-09-04T12:50:00,23942.3,23943.25,23939.45,23940.1,244203
1788506460,2026-09-04T12:51:00,23941.15,23941.3,23938.4,23939.45,212047
1788506520,2026-09-04T12:52:00,23941.85,23945.3,23938.9,23943.8,536164
1788506580,2026-09-04T12:53:00,23945.8,23946.7,23943.4,23945.35,709862
1788506640,2026-09-04T12:54:00,23946.4,23946.4,23940.85,23942.25,420868
1788506700,2026-09-04T12:55:00,23944.05,23944.05,23936.95,23937.85,339546
1788506760,2026-09-04T12:56:00,23939.95,23939.95,23935.25,23935.4,448977
1788506820,2026-09-04T12:57:00,23937.45,23937.45,23927.25,23928.85,540679
1788506880,2026-09-04T12:58:00,23931.05,23934.2,23928.15,23931.6,837166
1788506940,2026-09-04T12:59:00,23933.6,23936.55,23931.5,23935.1,267420
1788507000,2026-09-04T13:00:00,23936.95,23939.65,23934.35,23938.95,278672
1788507060,2026-09-04T13:01:00,23940.85,23941.75,23936.05,23937.5,275697
1788507120,2026-09-04T13:02:00,23940.35,23940.35,23934.8,23935,171547
1788507180,2026-09-04T13:03:00,23937.55,23938.3,23933.55,23936.5,317644
1788507240,2026-09-04T13:04:00,23938.1,23938.1,23933.95,23935.3,246830
1788507300,2026-09-04T13:05:00,23936.7,23937.75,23934.9,23935.55,466502
1788507360,2026-09-04T13:06:00,23938.15,23938.15,23933.65,23935.7,253283
1788507420,2026-09-04T13:07:00,23937.1,23938.1,23934.5,23935.2,229122
1788507480,2026-09-04T13:08:00,23938.45,23941.75,23935.85,23939.75,290704
1788507540,2026-09-04T13:09:00,23941.55,23944.6,23939.25,23943.75,432451
1788507600,2026-09-04T13:10:00,23945.9,23952.65,23943.25,23949.35,393796
1788507660,2026-09-04T13:11:00,23952.2,23952.2,23946.85,23948.4,363112
1788507720,2026-09-04T13:12:00,23950,23950,23946.45,23947.55,347818
1788507780,2026-09-04T13:13:00,23949.35,23950.05,23946.15,23947.95,768972
1788507840,2026-09-04T13:14:00,23949.05,23949.15,23945.05,23946.35,614980
1788507900,2026-09-04T13:15:00,23948.45,23949.8,23945,23948.2,471303
1788507960,2026-09-04T13:16:00,23950.9,23953.7,23947.4,23952.55,487211
1788508020,2026-09-04T13:17:00,23954.1,23957.9,23952.8,23955.75,338749
1788508080,2026-09-04T13:18:00,23957.85,23957.85,23951.65,23951.8,356814
1788508140,2026-09-04T13:19:00,23954,23954.45,23949.65,23951.1,398277
1788508200,2026-09-04T13:20:00,23952.65,23953.4,23949.1,23950.45,312751
1788508260,2026-09-04T13:21:00,23953.2,23953.25,23948.1,23949.25,289335
1788508320,2026-09-04T13:22:00,23951.9,23955.5,23947.95,23953.95,491242
1788508380,2026-09-04T13:23:00,23956.05,23956.05,23948.2,23949.55,466308
1788508440,2026-09-04T13:24:00,23951.5,23955.2,23948.55,23953.4,559397
1788508500,2026-09-04T13:25:00,23956.2,23956.2,23944.45,23945.6,437041
1788508560,2026-09-04T13:26:00,23947.65,23951.65,23945.2,23948.1,472149
1788508620,2026-09-04T13:27:00,23950.7,23950.7,23940.65,23941.25,411539
1788508680,2026-09-04T13:28:00,23942.5,23942.5,23939.8,23939.9,305328
1788508740,2026-09-04T13:29:00,23942.5,23942.5,23935.65,23939.4,616773
1788508800,2026-09-04T13:30:00,23940.9,23940.9,23936.65,23938.25,302595
1788508860,2026-09-04T13:31:00,23941.05,23941.75,23935.95,23936.35,330868
1788508920,2026-09-04T13:32:00,23938.15,23938.15,23931.65,23931.8,345604
1788508980,2026-09-04T13:33:00,23934.3,23940.1,23931.85,23939.7,676773
1788509040,2026-09-04T13:34:00,23941,23941,23932.25,23933.7,598433
1788509100,2026-09-04T13:35:00,23935,23938.45,23933.5,23938,518713
1788509160,2026-09-04T13:36:00,23939.95,23940.7,23937.2,23938.3,704706
1788509220,2026-09-04T13:37:00,23940.35,23943.35,23938.1,23940.6,422713
1788509280,2026-09-04T13:38:00,23942.35,23942.35,23937.05,23940.25,450651
1788509340,2026-09-04T13:39:00,23942.35,23943,23939.9,23942.2,286205
1788509400,2026-09-04T13:40:00,23944.2,23944.2,23940,23941.65,730280
1788509460,2026-09-04T13:41:00,23945.1,23945.1,23936.7,23943.8,1201770
1788509520,2026-09-04T13:42:00,23945.1,23948.25,23941.1,23947.8,704888
1788509580,2026-09-04T13:43:00,23948.7,23951.7,23942.8,23944.45,1196819
1788509640,2026-09-04T13:44:00,23946.6,23946.6,23942.4,23944.35,1492349
1788509700,2026-09-04T13:45:00,23946.4,23949.2,23944.3,23948.7,2549458
1788509760,2026-09-04T13:46:00,23951,23951,23947.95,23948.85,1182934
1788509820,2026-09-04T13:47:00,23951.3,23953.75,23949.7,23951.95,1598234
1788509880,2026-09-04T13:48:00,23953.1,23953.1,23947.4,23948.95,1109313
1788509940,2026-09-04T13:49:00,23950.1,23950.1,23945.65,23948.75,1107389
1788510000,2026-09-04T13:50:00,23950.9,23950.9,23943.3,23947.6,867444
1788510060,2026-09-04T13:51:00,23948.8,23948.8,23937.85,23938.6,1130794
1788510120,2026-09-04T13:52:00,23941.2,23941.2,23937.1,23939.3,564789
1788510180,2026-09-04T13:53:00,23941.45,23944.2,23940,23942.05,812922
1788510240,2026-09-04T13:54:00,23943.9,23943.9,23939.3,23941.6,543059
1788510300,2026-09-04T13:55:00,23942.85,23942.85,23938.5,23940.4,536108
1788510360,2026-09-04T13:56:00,23942.3,23944.4,23940.5,23943.25,616899
1788510420,2026-09-04T13:57:00,23944.65,23946.6,23942.85,23944.35,855128
1788510480,2026-09-04T13:58:00,23946.7,23946.7,23940.25,23940.8,493503
1788510540,2026-09-04T13:59:00,23943.25,23943.25,23938.4,23939.15,806963
1788510600,2026-09-04T14:00:00,23942.2,23943.4,23939.3,23941.05,679523
1788510660,2026-09-04T14:01:00,23942.5,23942.65,23938.65,23941.65,596131
1788510720,2026-09-04T14:02:00,23942.5,23944.45,23938.9,23940.9,530634
1788510780,2026-09-04T14:03:00,23943.05,23943.9,23939.65,23941.45,440739
1788510840,2026-09-04T14:04:00,23943.55,23946.25,23940.15,23943.15,587878
1788510900,2026-09-04T14:05:00,23945.1,23947.4,23944.1,23945.3,600253
1788510960,2026-09-04T14:06:00,23947.85,23948.9,23944.55,23946.9,705993
1788511020,2026-09-04T14:07:00,23949.65,23950,23945.65,23946.4,603289
1788511080,2026-09-04T14:08:00,23948.65,23948.65,23940.2,23942.95,486456
1788511140,2026-09-04T14:09:00,23944.6,23945.1,23941.6,23942.8,384057
1788511200,2026-09-04T14:10:00,23944.9,23946.95,23942.45,23945.9,445805
1788511260,2026-09-04T14:11:00,23947.8,23949,23944.6,23947.95,1637226
1788511320,2026-09-04T14:12:00,23949.55,23950,23946.3,23947.55,528250
1788511380,2026-09-04T14:13:00,23950.15,23950.75,23947.1,23949.2,576276
1788511440,2026-09-04T14:14:00,23950.65,23951.3,23947.45,23948.2,470866
1788511500,2026-09-04T14:15:00,23950.05,23950.05,23945,23946.05,497195
1788511560,2026-09-04T14:16:00,23947.8,23947.8,23942.75,23943.7,442802
1788511620,2026-09-04T14:17:00,23945.8,23945.95,23942.95,23943.45,355745
1788511680,2026-09-04T14:18:00,23945.3,23946.45,23942.1,23944.8,560521
1788511740,2026-09-04T14:19:00,23946.55,23947.75,23944.05,23946.35,447709
1788511800,2026-09-04T14:20:00,23947.2,23950.1,23946.2,23948.9,538021
1788511860,2026-09-04T14:21:00,23951,23951.35,23947.6,23949.15,429866
1788511920,2026-09-04T14:22:00,23951.3,23954,23948,23949.05,730248
1788511980,2026-09-04T14:23:00,23950.45,23950.45,23943.8,23945.45,385033
1788512040,2026-09-04T14:24:00,23946,23950.05,23944.7,23947.45,497143
1788512100,2026-09-04T14:25:00,23950.75,23955.85,23947.15,23953.25,824079
1788512160,2026-09-04T14:26:00,23955.5,23958.8,23952.6,23956.2,443985
1788512220,2026-09-04T14:27:00,23958.2,23961.1,23956.6,23957.5,495704
1788512280,2026-09-04T14:28:00,23958.6,23958.95,23955.5,23958.4,398203
1788512340,2026-09-04T14:29:00,23960.15,23961.1,23956.85,23957.6,445151
1788512400,2026-09-04T14:30:00,23958.95,23960.75,23957.65,23959.8,753382
1788512460,2026-09-04T14:31:00,23961.5,23965.05,23959.7,23962.9,664240
1788512520,2026-09-04T14:32:00,23964.5,23966.35,23962.1,23963.6,552909
1788512580,2026-09-04T14:33:00,23964.6,23964.6,23958.7,23959.5,494401
1788512640,2026-09-04T14:34:00,23960.65,23960.65,23956.35,23956.35,566887
1788512700,2026-09-04T14:35:00,23958.35,23958.85,23954.5,23957.85,1340124
1788512760,2026-09-04T14:36:00,23958.85,23960.45,23951.05,23951.3,773847
1788512820,2026-09-04T14:37:00,23951.85,23952.05,23948.1,23949.55,636331
1788512880,2026-09-04T14:38:00,23951.45,23952,23943.5,23943.9,921943
1788512940,2026-09-04T14:39:00,23946.05,23946.75,23939.4,23941.65,509927
1788513000,2026-09-04T14:40:00,23943.45,23945.35,23940.4,23943.85,732878
1788513060,2026-09-04T14:41:00,23946.25,23948.25,23944.05,23946.25,565944
1788513120,2026-09-04T14:42:00,23947.65,23947.65,23941.5,23943.2,715457
1788513180,2026-09-04T14:43:00,23944.8,23944.8,23937.85,23939.2,699834
1788513240,2026-09-04T14:44:00,23939.35,23941.55,23937.05,23937.25,645293
1788513300,2026-09-04T14:45:00,23937.7,23939.8,23934.45,23935.3,610760
1788513360,2026-09-04T14:46:00,23937.35,23939,23934,23936.6,601583
1788513420,2026-09-04T14:47:00,23937.9,23939.3,23935.75,23937.4,434282
1788513480,2026-09-04T14:48:00,23938.3,23940.85,23937.1,23937.65,671519
1788513540,2026-09-04T14:49:00,23938.95,23940.7,23936.9,23939.95,927726
1788513600,2026-09-04T14:50:00,23939.95,23944.75,23935.9,23938.8,847387
1788513660,2026-09-04T14:51:00,23938.75,23943.75,23938.05,23941.55,2335267
1788513720,2026-09-04T14:52:00,23943,23943.95,23936.9,23939.5,1469031
1788513780,2026-09-04T14:53:00,23939.65,23939.85,23934.35,23937.05,906515
1788513840,2026-09-04T14:54:00,23938.6,23942.25,23936.95,23940.55,845088
1788513900,2026-09-04T14:55:00,23941.25,23941.35,23935.1,23936.9,994807
1788513960,2026-09-04T14:56:00,23936.95,23940.8,23935.5,23938.35,947176
1788514020,2026-09-04T14:57:00,23938.7,23939.3,23936.65,23937.3,822738
1788514080,2026-09-04T14:58:00,23937.35,23943.3,23936.4,23939.6,905253
1788514140,2026-09-04T14:59:00,23938.75,23940.5,23936.8,23938.1,1245762
1788514200,2026-09-04T15:00:00,23936.8,23942.15,23936.7,23941.7,1372059
1788514260,2026-09-04T15:01:00,23941.15,23942.95,23934.3,23935.25,1537656
1788514320,2026-09-04T15:02:00,23934.8,23939.7,23934.65,23938.3,1420265
1788514380,2026-09-04T15:03:00,23937.65,23940.1,23934.25,23935.2,1328697
1788514440,2026-09-04T15:04:00,23934.6,23937.25,23929.6,23931,1549837
1788514500,2026-09-04T15:05:00,23930,23937.6,23928.75,23935.75,2252582
1788514560,2026-09-04T15:06:00,23935.45,23938.75,23934.35,23935.6,1649150
1788514620,2026-09-04T15:07:00,23935.35,23938.7,23934.7,23937.7,1816821
1788514680,2026-09-04T15:08:00,23938.05,23940.05,23934.65,23935.15,1574969
1788514740,2026-09-04T15:09:00,23935.5,23938.6,23932.4,23938.6,1877133
1788514800,2026-09-04T15:10:00,23937,23938.6,23933.6,23935.55,2661274
1788514860,2026-09-04T15:11:00,23935.45,23937.3,23932.85,23934.9,2248398
1788514920,2026-09-04T15:12:00,23935.05,23944.4,23931.05,23935.6,3854347
1788514980,2026-09-04T15:13:00,23934.75,23942.4,23933.35,23936.95,2097803
1788515040,2026-09-04T15:14:00,23935.95,23939.3,23928.25,23938.4,1421421
1788515100,2026-09-04T15:15:00,23937.9,23937.9,23937.9,23937.9,1405
1788515160,2026-09-04T15:16:00,23937.9,23937.9,23937.9,23937.9,1405
1788515220,2026-09-04T15:17:00,23937.9,23937.9,23937.9,23937.9,1405
1788515280,2026-09-04T15:18:00,23937.9,23937.9,23937.9,23937.9,1405
1788515340,2026-09-04T15:19:00,23937.9,23937.9,23937.9,23937.9,1405
1788515400,2026-09-04T15:20:00,23937.9,23937.9,23937.9,23937.9,1405
1788515460,2026-09-04T15:21:00,23937.9,23937.9,23937.9,23937.9,1405
1788515520,2026-09-04T15:22:00,23937.9,23937.9,23937.9,23937.9,1405
1788515580,2026-09-04T15:23:00,23937.9,23937.9,23937.9,23937.9,1405
1788515640,2026-09-04T15:24:00,23937.9,23937.9,23937.9,23937.9,1405
1788515700,2026-09-04T15:25:00,23937.9,23937.9,23937.9,23937.9,1405
1788515760,2026-09-04T15:26:00,23937.9,23937.9,23937.9,23937.9,1405
1788515820,2026-09-04T15:27:00,23937.9,23937.9,23937.9,23937.9,1405
1788515880,2026-09-04T15:28:00,23937.9,23937.9,23897.7,23897.7,1405
1788515940,2026-09-04T15:29:00,23897.7,23897.7,23897.7,23897.7,1405
1788752700,2026-09-07T09:15:00,23883.15,23890,23837.9,23838.4,3028394
1788752760,2026-09-07T09:16:00,23837.3,23846.6,23818.5,23845,2185606
1788752820,2026-09-07T09:17:00,23846.75,23854.5,23841.75,23845.5,1444119
1788752880,2026-09-07T09:18:00,23846.1,23858.25,23843,23856.7,1181987
1788752940,2026-09-07T09:19:00,23858.7,23862.6,23854.75,23858.8,1048366
1788753000,2026-09-07T09:20:00,23859.35,23859.35,23846,23847.35,1022613
1788753060,2026-09-07T09:21:00,23847.8,23858.35,23846.4,23850.8,768290
1788753120,2026-09-07T09:22:00,23852.85,23857.75,23848.55,23857.75,778434
1788753180,2026-09-07T09:23:00,23859.3,23861.3,23849.15,23851.4,771619
1788753240,2026-09-07T09:24:00,23853.45,23853.7,23838.25,23838.25,736953
1788753300,2026-09-07T09:25:00,23841.75,23841.75,23831.05,23834.5,825861
1788753360,2026-09-07T09:26:00,23837.95,23838,23832.75,23835.15,638479
1788753420,2026-09-07T09:27:00,23835.9,23835.9,23828.35,23830.15,474493
1788753480,2026-09-07T09:28:00,23831.35,23833,23826.65,23831.25,1099748
1788753540,2026-09-07T09:29:00,23834,23834,23828.65,23828.65,775911
1788753600,2026-09-07T09:30:00,23830.95,23840.9,23828.25,23836.85,625536
1788753660,2026-09-07T09:31:00,23840.5,23841.05,23832.95,23833.15,712855
1788753720,2026-09-07T09:32:00,23835.3,23835.7,23832,23834.85,412311
1788753780,2026-09-07T09:33:00,23836.35,23840.4,23833.75,23836.3,529698
1788753840,2026-09-07T09:34:00,23837.85,23840,23831.15,23839.2,806190
1788753900,2026-09-07T09:35:00,23840.5,23840.5,23833.85,23836.9,470687
1788753960,2026-09-07T09:36:00,23838.65,23844.95,23837.95,23842.65,471261
1788754020,2026-09-07T09:37:00,23843.6,23845,23835.95,23838.45,472006
1788754080,2026-09-07T09:38:00,23839.3,23840.8,23835.95,23836.25,478172
1788754140,2026-09-07T09:39:00,23838.5,23840.35,23835.7,23838,738249
1788754200,2026-09-07T09:40:00,23839.25,23844,23838.1,23840.9,616038
1788754260,2026-09-07T09:41:00,23842.15,23842.65,23835.85,23837.6,1304486
1788754320,2026-09-07T09:42:00,23837.85,23842.5,23835.55,23841.5,365873
1788754380,2026-09-07T09:43:00,23841.8,23845.65,23838.95,23840.15,538531
1788754440,2026-09-07T09:44:00,23840.85,23840.85,23833.5,23835.85,763932
1788754500,2026-09-07T09:45:00,23837.65,23841.8,23836.35,23838.5,482956
1788754560,2026-09-07T09:46:00,23840.1,23841.5,23835.4,23836.2,412213
1788754620,2026-09-07T09:47:00,23837.25,23838.1,23833.45,23834.35,577817
1788754680,2026-09-07T09:48:00,23835.45,23836.1,23827.85,23829.35,770637
1788754740,2026-09-07T09:49:00,23830.1,23831.1,23827.7,23829.25,1430595
1788754800,2026-09-07T09:50:00,23830.45,23832.3,23825.95,23827.75,396445
1788754860,2026-09-07T09:51:00,23829.3,23833.3,23828.45,23830.7,359212
1788754920,2026-09-07T09:52:00,23832,23832.4,23825.2,23825.2,361322
1788754980,2026-09-07T09:53:00,23826.75,23827.45,23824.2,23824.65,301968
1788755040,2026-09-07T09:54:00,23826,23826.35,23815,23817.15,431677
1788755100,2026-09-07T09:55:00,23818.15,23820.05,23810.15,23815.55,553342
1788755160,2026-09-07T09:56:00,23816.65,23822.4,23814.4,23822.4,501609
1788755220,2026-09-07T09:57:00,23823.45,23827.8,23822,23822.8,383834
1788755280,2026-09-07T09:58:00,23823.45,23823.8,23815.65,23817.1,526942
1788755340,2026-09-07T09:59:00,23818.15,23820.6,23815.55,23815.95,743312
1788755400,2026-09-07T10:00:00,23817.05,23821.8,23816.85,23817.75,345221
1788755460,2026-09-07T10:01:00,23819,23819.65,23812.1,23817.45,569345
1788755520,2026-09-07T10:02:00,23818.25,23825.5,23816.95,23821.7,1195276
1788755580,2026-09-07T10:03:00,23823.1,23827.05,23821.55,23822.55,431155
1788755640,2026-09-07T10:04:00,23822.45,23824.35,23818.25,23822.15,410418
1788755700,2026-09-07T10:05:00,23823.55,23823.55,23816.5,23819.15,562059
1788755760,2026-09-07T10:06:00,23820.2,23821,23816.15,23818.85,720113
1788755820,2026-09-07T10:07:00,23819.7,23820.7,23817.3,23818.9,335740
1788755880,2026-09-07T10:08:00,23820.3,23821.75,23816.9,23820.1,446153
1788755940,2026-09-07T10:09:00,23821.65,23823.1,23816.7,23816.95,370693
1788756000,2026-09-07T10:10:00,23819.45,23820.65,23814.55,23814.9,304023
1788756060,2026-09-07T10:11:00,23816.45,23817.3,23813.85,23814.65,462472
1788756120,2026-09-07T10:12:00,23815.85,23816.9,23813.4,23815.15,491475
1788756180,2026-09-07T10:13:00,23816.2,23816.7,23808.75,23809.6,525437
1788756240,2026-09-07T10:14:00,23810.75,23812.9,23806.1,23806.45,428855
1788756300,2026-09-07T10:15:00,23808.1,23811.15,23805.7,23806.05,400109
1788756360,2026-09-07T10:16:00,23807.4,23807.4,23792.55,23792.9,703407
1788756420,2026-09-07T10:17:00,23793.55,23793.7,23789.45,23791.65,863397
1788756480,2026-09-07T10:18:00,23792.95,23798.8,23791.1,23796.7,584575
1788756540,2026-09-07T10:19:00,23798.5,23799.05,23795.75,23796.55,373333
1788756600,2026-09-07T10:20:00,23797.75,23801.2,23795.7,23798.65,649108
1788756660,2026-09-07T10:21:00,23799.7,23802.3,23797.7,23801.35,378927
1788756720,2026-09-07T10:22:00,23802.2,23809.15,23801.55,23806.95,402066
1788756780,2026-09-07T10:23:00,23808.1,23809.45,23804.3,23804.5,313338
1788756840,2026-09-07T10:24:00,23806,23806,23801.4,23801.6,328468
1788756900,2026-09-07T10:25:00,23802.4,23804.2,23801.45,23802.75,295432
1788756960,2026-09-07T10:26:00,23803.75,23804.7,23800.6,23801.35,264717
1788757020,2026-09-07T10:27:00,23802.55,23806,23800.9,23804.85,245301
1788757080,2026-09-07T10:28:00,23804.95,23804.95,23798.6,23800.45,317473
1788757140,2026-09-07T10:29:00,23801,23804,23798.4,23799.6,353161
1788757200,2026-09-07T10:30:00,23801.1,23804.25,23799.4,23800.9,353821
1788757260,2026-09-07T10:31:00,23802.3,23805.45,23800,23803.65,735835
1788757320,2026-09-07T10:32:00,23804.95,23805.3,23801.45,23802.05,403387
1788757380,2026-09-07T10:33:00,23802.1,23802.15,23798.5,23799.35,546067
1788757440,2026-09-07T10:34:00,23800.35,23801.4,23799.05,23799.1,355453
1788757500,2026-09-07T10:35:00,23800.85,23800.95,23797.55,23798.35,289030
1788757560,2026-09-07T10:36:00,23799.7,23800.35,23795.1,23795.85,469447
1788757620,2026-09-07T10:37:00,23797.6,23804.05,23796.25,23801.1,262907
1788757680,2026-09-07T10:38:00,23802.3,23803.05,23799.45,23799.45,315531
1788757740,2026-09-07T10:39:00,23801.1,23801.75,23798.55,23799.15,236129
1788757800,2026-09-07T10:40:00,23800.7,23800.7,23796.1,23797,342929
1788757860,2026-09-07T10:41:00,23798.65,23798.7,23796.15,23797.45,413536
1788757920,2026-09-07T10:42:00,23799.3,23800.6,23796.5,23800.6,339179
1788757980,2026-09-07T10:43:00,23800.75,23802.8,23799.05,23801.05,324927
1788758040,2026-09-07T10:44:00,23802.2,23802.3,23797.45,23802.05,290773
1788758100,2026-09-07T10:45:00,23803.05,23803.9,23797.4,23799.7,303081
1788758160,2026-09-07T10:46:00,23799.9,23801.35,23797.55,23798.7,295748
1788758220,2026-09-07T10:47:00,23799.8,23800.15,23797.25,23797.95,247214
1788758280,2026-09-07T10:48:00,23799.05,23799.3,23794.55,23794.6,258364
1788758340,2026-09-07T10:49:00,23796.5,23797.45,23791.75,23794.3,358568
1788758400,2026-09-07T10:50:00,23795.7,23799.8,23792.35,23797.4,257763
1788758460,2026-09-07T10:51:00,23798.15,23798.4,23790.7,23793.45,261412
1788758520,2026-09-07T10:52:00,23793.9,23795.1,23792.1,23794.65,216330
1788758580,2026-09-07T10:53:00,23796,23796.4,23790.35,23790.7,614986
1788758640,2026-09-07T10:54:00,23791.85,23791.85,23788,23789,312846
1788758700,2026-09-07T10:55:00,23790.6,23790.6,23784.45,23787.35,270522
1788758760,2026-09-07T10:56:00,23789.4,23795.35,23787.95,23789.5,379045
1788758820,2026-09-07T10:57:00,23790.8,23791.1,23787.2,23789.1,243204
1788758880,2026-09-07T10:58:00,23790.25,23791.05,23787.1,23789.3,279501
1788758940,2026-09-07T10:59:00,23790.85,23790.85,23787.1,23788.15,272282
1788759000,2026-09-07T11:00:00,23789.2,23789.2,23783.15,23785.4,747243
1788759060,2026-09-07T11:01:00,23786.85,23787.35,23784.05,23784.05,428302
1788759120,2026-09-07T11:02:00,23786.45,23786.45,23779.35,23781.35,352742
1788759180,2026-09-07T11:03:00,23783.2,23784.4,23780.4,23780.75,374683
1788759240,2026-09-07T11:04:00,23781.3,23781.3,23771.95,23774.1,916613
1788759300,2026-09-07T11:05:00,23775.35,23777.3,23772.65,23775.95,456721
1788759360,2026-09-07T11:06:00,23778.25,23778.25,23772.75,23774.4,578035
1788759420,2026-09-07T11:07:00,23775.5,23775.5,23770.25,23771.75,339675
1788759480,2026-09-07T11:08:00,23774.05,23774.05,23768.85,23772.5,326558
1788759540,2026-09-07T11:09:00,23773.8,23774.05,23768.7,23770.2,406144
1788759600,2026-09-07T11:10:00,23771.2,23773.6,23769,23770.3,576022
1788759660,2026-09-07T11:11:00,23771.25,23775.15,23769.55,23773.5,434102
1788759720,2026-09-07T11:12:00,23775.1,23775.1,23769.7,23771.45,268479
1788759780,2026-09-07T11:13:00,23773.5,23773.75,23762.6,23764.75,777916
1788759840,2026-09-07T11:14:00,23764.9,23771.9,23764.9,23769.15,524563
1788759900,2026-09-07T11:15:00,23770.25,23771.1,23764.2,23764.2,584699
1788759960,2026-09-07T11:16:00,23766.15,23769.2,23762.95,23767.7,562663
1788760020,2026-09-07T11:17:00,23769.25,23772.05,23766.55,23770.55,479942
1788760080,2026-09-07T11:18:00,23771.05,23771.05,23767.9,23769.35,372768
1788760140,2026-09-07T11:19:00,23770.45,23770.45,23763.55,23769.3,406477
1788760200,2026-09-07T11:20:00,23769.5,23773.6,23766.95,23773.6,453476
1788760260,2026-09-07T11:21:00,23774.1,23775.5,23771.95,23773.95,418540
1788760320,2026-09-07T11:22:00,23775.4,23776.6,23772.95,23776.05,411009
1788760380,2026-09-07T11:23:00,23777.65,23777.65,23773.45,23774.2,280801
1788760440,2026-09-07T11:24:00,23776.4,23776.4,23769.2,23770.3,219346
1788760500,2026-09-07T11:25:00,23770.95,23770.95,23765.8,23768.45,301751
1788760560,2026-09-07T11:26:00,23768.4,23769.8,23766.35,23767.7,761723
1788760620,2026-09-07T11:27:00,23769.8,23769.8,23764.45,23768,315912
1788760680,2026-09-07T11:28:00,23769.45,23771.45,23765.85,23767.9,391616
1788760740,2026-09-07T11:29:00,23770.3,23770.75,23765.5,23766.6,230958
1788760800,2026-09-07T11:30:00,23767.5,23772.25,23765.1,23766.15,257467
1788760860,2026-09-07T11:31:00,23766.7,23769.7,23764.25,23765.45,286667
1788760920,2026-09-07T11:32:00,23767.65,23769.25,23765.35,23768.3,641961
1788760980,2026-09-07T11:33:00,23770.05,23770.05,23765.65,23768.15,623940
1788761040,2026-09-07T11:34:00,23769.55,23769.55,23766.15,23767.15,275193
1788761100,2026-09-07T11:35:00,23768.25,23768.3,23763.5,23765.25,427512
1788761160,2026-09-07T11:36:00,23766.75,23767.45,23762.55,23763.6,336343
1788761220,2026-09-07T11:37:00,23765.3,23767,23764.1,23765.8,293633
1788761280,2026-09-07T11:38:00,23766.85,23766.95,23762.95,23764.55,405715
1788761340,2026-09-07T11:39:00,23766.7,23766.7,23762.05,23764.5,485138
1788761400,2026-09-07T11:40:00,23765.05,23765.05,23757.7,23758.1,290038
1788761460,2026-09-07T11:41:00,23760.7,23763.05,23757.65,23761.65,375343
1788761520,2026-09-07T11:42:00,23763.25,23769.1,23761.2,23767.55,478702
1788761580,2026-09-07T11:43:00,23768.5,23771.6,23767.1,23769,465336
1788761640,2026-09-07T11:44:00,23771.05,23773.1,23769.1,23771.9,266957
1788761700,2026-09-07T11:45:00,23773.75,23775,23771.45,23772.15,312396
1788761760,2026-09-07T11:46:00,23773,23773.65,23768.8,23772.1,373423
1788761820,2026-09-07T11:47:00,23773.75,23774.4,23771,23772.65,724268
1788761880,2026-09-07T11:48:00,23774.7,23774.7,23768.4,23770.3,864954
1788761940,2026-09-07T11:49:00,23771.1,23772.75,23767.9,23768.85,376353
1788762000,2026-09-07T11:50:00,23771.85,23773.55,23768.75,23769.2,708998
1788762060,2026-09-07T11:51:00,23770.45,23773.25,23768.5,23768.8,1316211
1788762120,2026-09-07T11:52:00,23771.3,23774.65,23770.25,23773.55,468773
1788762180,2026-09-07T11:53:00,23774.85,23775.05,23770.8,23774.05,422096
1788762240,2026-09-07T11:54:00,23776.2,23779.35,23774.8,23775.5,406839
1788762300,2026-09-07T11:55:00,23777.15,23777.2,23773.6,23773.9,437274
1788762360,2026-09-07T11:56:00,23775.75,23776.7,23770.3,23770.45,1061096
1788762420,2026-09-07T11:57:00,23773.25,23774.6,23770.35,23771.8,768273
1788762480,2026-09-07T11:58:00,23772.65,23775.8,23770.55,23774.35,585232
1788762540,2026-09-07T11:59:00,23776.25,23776.75,23773.9,23774.75,346163
1788762600,2026-09-07T12:00:00,23776.1,23776.5,23772.05,23773.85,544141
1788762660,2026-09-07T12:01:00,23774.9,23774.95,23769.25,23773.35,625852
1788762720,2026-09-07T12:02:00,23774.75,23775.4,23772.8,23773.15,342527
1788762780,2026-09-07T12:03:00,23775,23775.7,23772.55,23772.95,437500
1788762840,2026-09-07T12:04:00,23775.8,23777,23772.95,23774.8,706464
1788762900,2026-09-07T12:05:00,23776.25,23776.25,23771.45,23774,526493
1788762960,2026-09-07T12:06:00,23776.3,23777.75,23773.2,23776.3,435887
1788763020,2026-09-07T12:07:00,23777.5,23779.85,23776.55,23778.95,505468
1788763080,2026-09-07T12:08:00,23780.25,23786.8,23779.15,23783.25,545854
1788763140,2026-09-07T12:09:00,23784.7,23788.75,23783.45,23787.1,403290
1788763200,2026-09-07T12:10:00,23787.75,23787.75,23778.75,23779.7,401945
1788763260,2026-09-07T12:11:00,23781.25,23782.9,23778.4,23782.15,639738
1788763320,2026-09-07T12:12:00,23783.65,23787.15,23781.95,23785.5,560610
1788763380,2026-09-07T12:13:00,23786.9,23786.9,23779.9,23781.45,413171
1788763440,2026-09-07T12:14:00,23782.3,23786.95,23779.85,23785.95,530923
1788763500,2026-09-07T12:15:00,23786.7,23788.4,23782.8,23783.6,603614
1788763560,2026-09-07T12:16:00,23784.75,23784.85,23778.7,23778.9,445978
1788763620,2026-09-07T12:17:00,23780.25,23780.6,23775.25,23775.25,541060
1788763680,2026-09-07T12:18:00,23777.7,23778.85,23773.65,23773.65,581113
1788763740,2026-09-07T12:19:00,23774.6,23775,23767.5,23769.4,527257
1788763800,2026-09-07T12:20:00,23769.3,23772.1,23766.15,23771.7,535802
1788763860,2026-09-07T12:21:00,23772.8,23772.8,23767.05,23767.05,644870
1788763920,2026-09-07T12:22:00,23768.95,23768.95,23764.05,23764.85,604703
1788763980,2026-09-07T12:23:00,23765.55,23765.9,23763.85,23764.7,333308
1788764040,2026-09-07T12:24:00,23765.45,23768.75,23764.5,23767.85,365873
1788764100,2026-09-07T12:25:00,23768.15,23768.55,23765.05,23765.45,501309
1788764160,2026-09-07T12:26:00,23767.15,23767.95,23763,23764.2,468262
1788764220,2026-09-07T12:27:00,23765.65,23766.15,23762.3,23764.65,338423
1788764280,2026-09-07T12:28:00,23765.85,23765.85,23761.75,23762.1,541880
1788764340,2026-09-07T12:29:00,23763.4,23765.95,23759.8,23761.4,308150
1788764400,2026-09-07T12:30:00,23761.9,23761.9,23754.5,23756.45,577345
1788764460,2026-09-07T12:31:00,23757.15,23757.35,23752.9,23755.3,449924
1788764520,2026-09-07T12:32:00,23756.45,23758.7,23754,23757.35,473428
1788764580,2026-09-07T12:33:00,23758.95,23763,23757.05,23762.45,345798
1788764640,2026-09-07T12:34:00,23764,23764,23759.95,23761.4,667663
1788764700,2026-09-07T12:35:00,23762.1,23762.1,23751.75,23757.1,1309068
1788764760,2026-09-07T12:36:00,23758.05,23760.45,23752.85,23757.2,445144
1788764820,2026-09-07T12:37:00,23757.85,23766.95,23756.2,23765.15,772730
1788764880,2026-09-07T12:38:00,23765.65,23768.15,23761.45,23765.15,506751
1788764940,2026-09-07T12:39:00,23766.25,23767.6,23759.75,23761,585771
1788765000,2026-09-07T12:40:00,23762.45,23763.7,23759.2,23761.35,453154
1788765060,2026-09-07T12:41:00,23763.1,23763.95,23755.45,23760.95,472619
1788765120,2026-09-07T12:42:00,23761.85,23764,23756.6,23757.35,482008
1788765180,2026-09-07T12:43:00,23759,23762.1,23757.55,23758.7,433979
1788765240,2026-09-07T12:44:00,23760.65,23761.2,23756.95,23758.4,295743
1788765300,2026-09-07T12:45:00,23760.45,23760.45,23755.1,23756.85,377634
1788765360,2026-09-07T12:46:00,23758.05,23758.7,23754.95,23756.2,287432
1788765420,2026-09-07T12:47:00,23757.2,23757.45,23751.1,23754.1,497924
1788765480,2026-09-07T12:48:00,23754.5,23754.5,23750.6,23752.45,516981
1788765540,2026-09-07T12:49:00,23753.25,23754.35,23750.8,23752.75,383699
1788765600,2026-09-07T12:50:00,23753.85,23753.85,23744.5,23746.25,379673
1788765660,2026-09-07T12:51:00,23747.7,23748.95,23742.35,23746.9,425356
1788765720,2026-09-07T12:52:00,23747.5,23747.5,23741.65,23741.9,257516
1788765780,2026-09-07T12:53:00,23743.2,23744.7,23740.5,23742.55,362422
1788765840,2026-09-07T12:54:00,23743.3,23745.6,23739.65,23744.65,621158
1788765900,2026-09-07T12:55:00,23744.7,23744.7,23739.25,23739.4,325811
1788765960,2026-09-07T12:56:00,23740.7,23743.4,23738.7,23741.4,349169
1788766020,2026-09-07T12:57:00,23743.45,23746.4,23740.9,23744.8,644283
1788766080,2026-09-07T12:58:00,23745.1,23746.75,23743.75,23744.9,837119
1788766140,2026-09-07T12:59:00,23745.25,23745.45,23742.95,23744.45,332930
1788766200,2026-09-07T13:00:00,23744.8,23746.55,23742.8,23743.1,470405
1788766260,2026-09-07T13:01:00,23744.1,23746.1,23741.05,23745.45,415423
1788766320,2026-09-07T13:02:00,23746.45,23750.35,23746.05,23747.2,418412
1788766380,2026-09-07T13:03:00,23747.85,23747.95,23744.15,23744.15,427683
1788766440,2026-09-07T13:04:00,23745.75,23747,23741.8,23746.25,393105
1788766500,2026-09-07T13:05:00,23747.25,23751.1,23745.7,23749.75,565753
1788766560,2026-09-07T13:06:00,23750.75,23755,23749.2,23753.4,776096
1788766620,2026-09-07T13:07:00,23754.55,23755.9,23750.65,23751.1,454092
1788766680,2026-09-07T13:08:00,23752.75,23753.75,23750.55,23751.6,313552
1788766740,2026-09-07T13:09:00,23752.8,23753.05,23750,23751.4,265486
1788766800,2026-09-07T13:10:00,23753.2,23754.3,23751.55,23752.35,319071
1788766860,2026-09-07T13:11:00,23753.45,23753.45,23749.2,23749.85,263490
1788766920,2026-09-07T13:12:00,23752.05,23754.4,23749.45,23753.9,344841
1788766980,2026-09-07T13:13:00,23754.9,23754.9,23750.85,23752.75,363614
1788767040,2026-09-07T13:14:00,23754.4,23754.9,23749.75,23750.15,240582
1788767100,2026-09-07T13:15:00,23751.35,23753.5,23749.45,23751.7,270885
1788767160,2026-09-07T13:16:00,23753.7,23754.2,23750.2,23750.85,330793
1788767220,2026-09-07T13:17:00,23752.75,23757.5,23750.75,23752.3,422374
1788767280,2026-09-07T13:18:00,23753.85,23753.85,23747.3,23747.3,525441
1788767340,2026-09-07T13:19:00,23749.45,23754.8,23748.3,23754.05,279652
1788767400,2026-09-07T13:20:00,23755.25,23758.3,23754.15,23755.1,495681
1788767460,2026-09-07T13:21:00,23756.65,23758.75,23755.35,23756.75,280533
1788767520,2026-09-07T13:22:00,23758.55,23761.15,23757,23758.95,367179
1788767580,2026-09-07T13:23:00,23760.65,23760.75,23754.95,23755.75,248367
1788767640,2026-09-07T13:24:00,23757.05,23759.35,23755.05,23756.55,324346
1788767700,2026-09-07T13:25:00,23759.15,23762.1,23756.1,23760.7,279766
1788767760,2026-09-07T13:26:00,23761.8,23763.5,23758.5,23761.7,526554
1788767820,2026-09-07T13:27:00,23763.75,23763.75,23758.3,23758.55,377229
1788767880,2026-09-07T13:28:00,23760.95,23760.95,23758.1,23758.35,215581
1788767940,2026-09-07T13:29:00,23760.15,23760.2,23755.35,23756.85,365554
1788768000,2026-09-07T13:30:00,23758,23758.3,23755.35,23756.45,290919
1788768060,2026-09-07T13:31:00,23756.9,23757.6,23755.2,23757.1,296037
1788768120,2026-09-07T13:32:00,23758.1,23758.1,23751,23754.1,974556
1788768180,2026-09-07T13:33:00,23755.15,23758.25,23751.8,23756.1,444238
1788768240,2026-09-07T13:34:00,23757.05,23757.25,23754.3,23756.1,567883
1788768300,2026-09-07T13:35:00,23757.65,23757.65,23752.85,23754,233543
1788768360,2026-09-07T13:36:00,23755.6,23759.1,23754.25,23757.4,372190
1788768420,2026-09-07T13:37:00,23758.3,23763.65,23756.45,23762.9,464610
1788768480,2026-09-07T13:38:00,23764.3,23765.35,23759.75,23761.35,474190
1788768540,2026-09-07T13:39:00,23762.5,23763.15,23759.25,23759.95,422945
1788768600,2026-09-07T13:40:00,23761.3,23761.85,23758,23758.4,376454
1788768660,2026-09-07T13:41:00,23759.65,23761.45,23757.3,23760.7,417935
1788768720,2026-09-07T13:42:00,23762.45,23762.5,23759.3,23759.55,419992
1788768780,2026-09-07T13:43:00,23761.1,23761.1,23757.15,23758.55,457306
1788768840,2026-09-07T13:44:00,23759.55,23763.2,23758.3,23761.8,328325
1788768900,2026-09-07T13:45:00,23763.5,23764.65,23759.45,23759.55,579812
1788768960,2026-09-07T13:46:00,23762.05,23767.5,23760.85,23766.35,470974
1788769020,2026-09-07T13:47:00,23768.15,23768.95,23764.85,23767.95,387823
1788769080,2026-09-07T13:48:00,23767.65,23770,23763.35,23764.05,319471
1788769140,2026-09-07T13:49:00,23765.7,23768.3,23763.85,23765.95,247557
1788769200,2026-09-07T13:50:00,23767.65,23768.1,23764.1,23766.2,345434
1788769260,2026-09-07T13:51:00,23768.35,23768.55,23765.5,23767.5,318599
1788769320,2026-09-07T13:52:00,23768.65,23771.7,23765.7,23770.25,365475
1788769380,2026-09-07T13:53:00,23771.2,23781.5,23768.6,23779.6,769490
1788769440,2026-09-07T13:54:00,23779.95,23780.25,23776.15,23778.2,420597
1788769500,2026-09-07T13:55:00,23780.05,23781.7,23778.15,23778.8,279724
1788769560,2026-09-07T13:56:00,23779.65,23779.65,23776.25,23777.3,402496
1788769620,2026-09-07T13:57:00,23777.8,23780.75,23776.9,23777.65,514210
1788769680,2026-09-07T13:58:00,23779.55,23779.55,23776.1,23776.35,375053
1788769740,2026-09-07T13:59:00,23777.8,23777.95,23774.85,23775.05,305830
1788769800,2026-09-07T14:00:00,23777.65,23779.05,23775.5,23777.65,405044
1788769860,2026-09-07T14:01:00,23778.9,23779.6,23777.3,23778.75,287083
1788769920,2026-09-07T14:02:00,23780.5,23784.5,23778.2,23781.65,415301
1788769980,2026-09-07T14:03:00,23783.65,23784.25,23777.95,23781.65,665663
1788770040,2026-09-07T14:04:00,23782.05,23783.1,23779.15,23780.15,317040
1788770100,2026-09-07T14:05:00,23781.15,23781.9,23776.05,23776.05,279290
1788770160,2026-09-07T14:06:00,23778.4,23778.4,23774.45,23775,314913
1788770220,2026-09-07T14:07:00,23776.1,23776.1,23771.85,23772.4,348935
1788770280,2026-09-07T14:08:00,23773.8,23773.8,23767.5,23767.5,985587
1788770340,2026-09-07T14:09:00,23770,23773.6,23768.6,23771.8,309674
1788770400,2026-09-07T14:10:00,23773.4,23776.7,23772.85,23774.1,375402
1788770460,2026-09-07T14:11:00,23775.75,23775.75,23772.1,23773.45,310585
1788770520,2026-09-07T14:12:00,23774.55,23776.05,23772.45,23773.6,347216
1788770580,2026-09-07T14:13:00,23775.3,23777,23774.15,23775.35,276814
1788770640,2026-09-07T14:14:00,23776.4,23776.85,23773.55,23774.05,264251
1788770700,2026-09-07T14:15:00,23776,23778.85,23773.45,23773.45,301658
1788770760,2026-09-07T14:16:00,23775.3,23775.35,23771.6,23772.75,293359
1788770820,2026-09-07T14:17:00,23773.95,23775.2,23769.2,23769.85,600759
1788770880,2026-09-07T14:18:00,23771.4,23773.5,23768.95,23772.05,461318
1788770940,2026-09-07T14:19:00,23773.2,23773.7,23770.05,23771.7,418633
1788771000,2026-09-07T14:20:00,23773.05,23775.95,23771.9,23774.5,381361
1788771060,2026-09-07T14:21:00,23776.1,23777.25,23774.5,23775.35,327822
1788771120,2026-09-07T14:22:00,23777,23777.15,23774.75,23775.05,410294
1788771180,2026-09-07T14:23:00,23777.1,23781.15,23775.05,23779.55,629716
1788771240,2026-09-07T14:24:00,23781.85,23782.45,23779.25,23780.2,441574
1788771300,2026-09-07T14:25:00,23781,23783.7,23779.35,23781.05,306766
1788771360,2026-09-07T14:26:00,23782.6,23784.15,23780.55,23781.4,373496
1788771420,2026-09-07T14:27:00,23782.55,23784.65,23781.4,23783.05,338240
1788771480,2026-09-07T14:28:00,23784.4,23784.9,23781,23781.9,482784
1788771540,2026-09-07T14:29:00,23783.85,23786.65,23781.6,23784.15,724058
1788771600,2026-09-07T14:30:00,23784.9,23786.8,23783.75,23783.75,769705
1788771660,2026-09-07T14:31:00,23784.95,23784.95,23776.65,23776.95,568449
1788771720,2026-09-07T14:32:00,23778.75,23781.4,23777.4,23779.7,343756
1788771780,2026-09-07T14:33:00,23781.2,23781.2,23777.65,23777.9,423834
1788771840,2026-09-07T14:34:00,23779.55,23779.55,23773.3,23774.25,457522
1788771900,2026-09-07T14:35:00,23776.8,23779.7,23774.2,23774.55,491114
1788771960,2026-09-07T14:36:00,23775.95,23776.7,23773.55,23774.2,378681
1788772020,2026-09-07T14:37:00,23776.05,23776.05,23771.85,23772.2,389076
1788772080,2026-09-07T14:38:00,23773.15,23773.5,23768.3,23769.25,605132
1788772140,2026-09-07T14:39:00,23770.05,23770.15,23765.75,23766.5,535035
1788772200,2026-09-07T14:40:00,23767.2,23767.2,23761,23761.05,447987
1788772260,2026-09-07T14:41:00,23762.55,23762.85,23758.8,23760.15,391308
1788772320,2026-09-07T14:42:00,23761.45,23764.45,23759.35,23761.55,509359
1788772380,2026-09-07T14:43:00,23762.9,23763.25,23760.7,23761.15,488047
1788772440,2026-09-07T14:44:00,23761.9,23762.6,23758.3,23758.7,443041
1788772500,2026-09-07T14:45:00,23759.15,23759.35,23754.8,23756.1,588338
1788772560,2026-09-07T14:46:00,23756.7,23758.25,23754.2,23755.35,431001
1788772620,2026-09-07T14:47:00,23756.55,23757.35,23754.4,23755.95,464599
1788772680,2026-09-07T14:48:00,23756.55,23759.25,23754.9,23755.4,772840
1788772740,2026-09-07T14:49:00,23757,23758.25,23754,23754.4,867704
1788772800,2026-09-07T14:50:00,23757.35,23761.9,23751.8,23760.35,839508
1788772860,2026-09-07T14:51:00,23760.75,23765.5,23758.5,23763.15,1148061
1788772920,2026-09-07T14:52:00,23764.15,23764.15,23751.05,23752.05,1138390
1788772980,2026-09-07T14:53:00,23753,23753.3,23749.75,23750.05,1204125
1788773040,2026-09-07T14:54:00,23753,23753,23748.85,23750.6,789832
1788773100,2026-09-07T14:55:00,23751.4,23755.15,23750.85,23751.95,806177
1788773160,2026-09-07T14:56:00,23754.25,23756.55,23752.3,23752.85,920668
1788773220,2026-09-07T14:57:00,23753.2,23754.65,23751.8,23753.2,825939
1788773280,2026-09-07T14:58:00,23754,23754.2,23748.35,23748.35,832237
1788773340,2026-09-07T14:59:00,23750.2,23751.65,23745.65,23749.4,987577
1788773400,2026-09-07T15:00:00,23749.35,23749.35,23742.85,23747.8,1494838
1788773460,2026-09-07T15:01:00,23748.65,23755.2,23748.4,23751.75,1027218
1788773520,2026-09-07T15:02:00,23751.7,23755.95,23750.4,23755.5,1392165
1788773580,2026-09-07T15:03:00,23755.8,23757.35,23754.05,23754.8,1062245
1788773640,2026-09-07T15:04:00,23754.95,23755.2,23747.25,23750.15,1105757
1788773700,2026-09-07T15:05:00,23749.95,23750.4,23743.8,23745.1,1894889
1788773760,2026-09-07T15:06:00,23747.15,23750.4,23743.6,23750.15,1334688
1788773820,2026-09-07T15:07:00,23749.7,23750.35,23746.6,23749.1,1038858
1788773880,2026-09-07T15:08:00,23749.45,23752.1,23745.6,23747.05,1168394
1788773940,2026-09-07T15:09:00,23747.65,23747.7,23737.9,23740.7,1882190
1788774000,2026-09-07T15:10:00,23741.55,23746.15,23740.2,23744.05,1959736
1788774060,2026-09-07T15:11:00,23744.95,23748.25,23741.7,23747.2,1824920
1788774120,2026-09-07T15:12:00,23747.8,23753.05,23741.8,23747.3,3898314
1788774180,2026-09-07T15:13:00,23748.7,23757.85,23744.3,23754.85,1574362
1788774240,2026-09-07T15:14:00,23754.95,23765.7,23753,23759.4,979224
1788774300,2026-09-07T15:15:00,23760.3,23760.3,23760.3,23760.3,92
1788774360,2026-09-07T15:16:00,23760.3,23760.3,23760.3,23760.3,92
1788774420,2026-09-07T15:17:00,23760.3,23760.3,23760.3,23760.3,92
1788774480,2026-09-07T15:18:00,23760.3,23760.3,23760.3,23760.3,92
1788774540,2026-09-07T15:19:00,23760.3,23760.3,23760.3,23760.3,92
1788774600,2026-09-07T15:20:00,23760.3,23760.3,23760.3,23760.3,92
1788774660,2026-09-07T15:21:00,23760.3,23760.3,23760.3,23760.3,92
1788774720,2026-09-07T15:22:00,23760.3,23760.3,23760.3,23760.3,92
1788774780,2026-09-07T15:23:00,23760.3,23760.3,23760.3,23760.3,92
1788774840,2026-09-07T15:24:00,23760.3,23760.3,23760.3,23760.3,92
1788774900,2026-09-07T15:25:00,23760.3,23760.3,23760.3,23760.3,92
1788774960,2026-09-07T15:26:00,23760.3,23760.3,23760.3,23760.3,92
1788775020,2026-09-07T15:27:00,23760.3,23760.3,23760.3,23760.3,92
1788775080,2026-09-07T15:28:00,23760.3,23760.3,23760.3,23760.3,92
1788775140,2026-09-07T15:29:00,23760.3,23779.15,23760.3,23779.15,92
1788839100,2026-09-08T09:15:00,23743.1,23758.95,23685.6,23690.1,2236227
1788839160,2026-09-08T09:16:00,23691.6,23697.15,23680.65,23691.65,1593043
1788839220,2026-09-08T09:17:00,23692.15,23700.25,23689.5,23690.8,1304225
1788839280,2026-09-08T09:18:00,23691.5,23697.75,23690.7,23693.75,956075
1788839340,2026-09-08T09:19:00,23694.75,23696.45,23691.95,23694.15,744930
1788839400,2026-09-08T09:20:00,23693.6,23695.4,23689.85,23690.5,921387
1788839460,2026-09-08T09:21:00,23691.4,23692.65,23688.05,23690.2,976704
1788839520,2026-09-08T09:22:00,23689.95,23693.75,23684.35,23691.3,1146313
1788839580,2026-09-08T09:23:00,23691.75,23692.7,23681.9,23682.35,662737
1788839640,2026-09-08T09:24:00,23683.95,23685.1,23678.9,23679.5,801841
1788839700,2026-09-08T09:25:00,23680.6,23684.7,23677.5,23682.7,703889
1788839760,2026-09-08T09:26:00,23682.3,23685.05,23679.55,23681.8,623074
1788839820,2026-09-08T09:27:00,23681.9,23683.05,23675.05,23677,626179
1788839880,2026-09-08T09:28:00,23677.5,23677.65,23669.65,23674.45,672823
1788839940,2026-09-08T09:29:00,23674.1,23675.55,23669.2,23672.5,545746
1788840000,2026-09-08T09:30:00,23670.85,23674.05,23668.15,23672.5,698728
1788840060,2026-09-08T09:31:00,23671.8,23680.05,23670.85,23674.5,629582
1788840120,2026-09-08T09:32:00,23674.3,23678.4,23673.05,23674,451914
1788840180,2026-09-08T09:33:00,23674.25,23675.9,23671.65,23674.7,450216
1788840240,2026-09-08T09:34:00,23674.95,23677.15,23672,23676,410638
1788840300,2026-09-08T09:35:00,23676.4,23683.95,23674.6,23682,522587
1788840360,2026-09-08T09:36:00,23682.75,23686.95,23678.9,23684.95,487403
1788840420,2026-09-08T09:37:00,23684.9,23690.2,23682.45,23689.85,385482
1788840480,2026-09-08T09:38:00,23690.75,23692.45,23687.9,23688.95,386975
1788840540,2026-09-08T09:39:00,23690.7,23691.1,23684.85,23686.7,400628
1788840600,2026-09-08T09:40:00,23688.3,23688.45,23680,23681.2,689987
1788840660,2026-09-08T09:41:00,23681.45,23690.7,23681.05,23685.6,652554
1788840720,2026-09-08T09:42:00,23686.8,23687.15,23675.3,23676.4,510498
1788840780,2026-09-08T09:43:00,23676.7,23679.45,23671.4,23671.45,530410
1788840840,2026-09-08T09:44:00,23672.05,23676.6,23669.65,23674.35,454712
1788840900,2026-09-08T09:45:00,23673.9,23676.4,23671.85,23674.85,613844
1788840960,2026-09-08T09:46:00,23675,23681.25,23673.85,23680.45,703371
1788841020,2026-09-08T09:47:00,23680.7,23682,23677.2,23680.45,741905
1788841080,2026-09-08T09:48:00,23681.35,23682.65,23678.8,23679.8,630578
1788841140,2026-09-08T09:49:00,23680.65,23689.45,23679.8,23686.45,527465
1788841200,2026-09-08T09:50:00,23687.2,23691.45,23686.6,23689.9,488241
1788841260,2026-09-08T09:51:00,23690.45,23691.6,23683.45,23683.75,421103
1788841320,2026-09-08T09:52:00,23684.7,23685.55,23678.75,23678.8,321663
1788841380,2026-09-08T09:53:00,23680.75,23680.75,23674.5,23677.7,542175
1788841440,2026-09-08T09:54:00,23678.15,23681.65,23677.25,23678.55,528568
1788841500,2026-09-08T09:55:00,23679.55,23679.6,23673.55,23674.6,622379
1788841560,2026-09-08T09:56:00,23675.4,23676.15,23672.95,23673.8,377151
1788841620,2026-09-08T09:57:00,23674.8,23675.75,23670.6,23670.95,410294
1788841680,2026-09-08T09:58:00,23671.9,23674.55,23667.15,23668.15,327403
1788841740,2026-09-08T09:59:00,23667.7,23670.4,23664.7,23666.95,360173
1788841800,2026-09-08T10:00:00,23666.95,23673.8,23666.65,23673.8,369340
1788841860,2026-09-08T10:01:00,23674.85,23674.85,23668.1,23670.85,525924
1788841920,2026-09-08T10:02:00,23671.5,23672.35,23665.8,23666,407009
1788841980,2026-09-08T10:03:00,23665.55,23665.55,23659.05,23660.95,586806
1788842040,2026-09-08T10:04:00,23662.05,23663.85,23659.25,23659.7,462335
1788842100,2026-09-08T10:05:00,23661.3,23663.25,23657.15,23659.4,519383
1788842160,2026-09-08T10:06:00,23659.8,23668.05,23658.85,23667.1,424660
1788842220,2026-09-08T10:07:00,23667.7,23679.3,23666.5,23678.35,331129
1788842280,2026-09-08T10:08:00,23679.45,23682.9,23677.05,23681.7,379659
1788842340,2026-09-08T10:09:00,23682.6,23683.25,23678.9,23681.65,305273
1788842400,2026-09-08T10:10:00,23681.85,23683.55,23678.85,23680.35,331120
1788842460,2026-09-08T10:11:00,23680.15,23683.5,23679.05,23681.7,407990
1788842520,2026-09-08T10:12:00,23682.3,23691.45,23680.75,23689.45,712340
1788842580,2026-09-08T10:13:00,23690.45,23701.95,23689.55,23698.8,958809
1788842640,2026-09-08T10:14:00,23699.1,23708.5,23697.05,23707.9,493534
1788842700,2026-09-08T10:15:00,23708.75,23717.25,23705.95,23706.75,689852
1788842760,2026-09-08T10:16:00,23708.4,23708.4,23705,23707.1,415417
1788842820,2026-09-08T10:17:00,23707.25,23709,23704.15,23704.2,356494
1788842880,2026-09-08T10:18:00,23704.15,23704.45,23695.35,23698.45,524715
1788842940,2026-09-08T10:19:00,23699,23705.05,23697.95,23703.65,385134
1788843000,2026-09-08T10:20:00,23704.65,23708.85,23703.65,23705.3,947811
1788843060,2026-09-08T10:21:00,23705.2,23705.85,23698.8,23701.9,393093
1788843120,2026-09-08T10:22:00,23702,23705.3,23699.55,23701.6,292581
1788843180,2026-09-08T10:23:00,23701.9,23705.7,23701.4,23702.5,344263
1788843240,2026-09-08T10:24:00,23702.75,23703.35,23696.2,23698.25,377972
1788843300,2026-09-08T10:25:00,23699.1,23699.1,23686.6,23690,570896
1788843360,2026-09-08T10:26:00,23691.1,23693.65,23688.75,23690.45,287894
1788843420,2026-09-08T10:27:00,23690.4,23700.6,23689.7,23698.2,466286
1788843480,2026-09-08T10:28:00,23699.5,23700.5,23692.85,23695.5,326418
1788843540,2026-09-08T10:29:00,23696.35,23696.95,23692.2,23693.9,430845
1788843600,2026-09-08T10:30:00,23694.6,23697.4,23693.6,23695.7,380893
1788843660,2026-09-08T10:31:00,23696.45,23701.6,23689.9,23689.9,672833
1788843720,2026-09-08T10:32:00,23690.6,23693.2,23688.45,23688.45,367677
1788843780,2026-09-08T10:33:00,23690.1,23692,23687.95,23689.95,246223
1788843840,2026-09-08T10:34:00,23690.8,23695,23689,23692.35,309260
1788843900,2026-09-08T10:35:00,23693,23693,23686.1,23687.45,304184
1788843960,2026-09-08T10:36:00,23687.3,23687.3,23675.45,23675.45,545171
1788844020,2026-09-08T10:37:00,23675.9,23677.65,23673.2,23674.05,442444
1788844080,2026-09-08T10:38:00,23674.95,23675.5,23669.2,23670.5,824333
1788844140,2026-09-08T10:39:00,23671.9,23674.45,23669.75,23671.85,676915
1788844200,2026-09-08T10:40:00,23673,23673,23668.85,23670.05,361705
1788844260,2026-09-08T10:41:00,23670.8,23673.8,23667.75,23672.4,278118
1788844320,2026-09-08T10:42:00,23673,23674,23669.95,23672.2,287312
1788844380,2026-09-08T10:43:00,23672.5,23673.2,23669.1,23670.15,346080
1788844440,2026-09-08T10:44:00,23670.85,23673.25,23668.45,23669.3,797811
1788844500,2026-09-08T10:45:00,23669.8,23677.15,23669.55,23673.65,379044
1788844560,2026-09-08T10:46:00,23674.5,23683.85,23673.75,23683.25,510559
1788844620,2026-09-08T10:47:00,23684.1,23686.15,23681.75,23685.45,370652
1788844680,2026-09-08T10:48:00,23686.1,23688.8,23685.55,23686.75,338150
1788844740,2026-09-08T10:49:00,23687.7,23692.15,23686.65,23689.25,1090309
1788844800,2026-09-08T10:50:00,23690.2,23698.6,23689.15,23696.2,1236149
1788844860,2026-09-08T10:51:00,23696.4,23696.6,23693,23694.2,588368
1788844920,2026-09-08T10:52:00,23695.05,23695.35,23690.35,23691.5,525421
1788844980,2026-09-08T10:53:00,23692.3,23692.3,23687.2,23687.35,379177
1788845040,2026-09-08T10:54:00,23688.6,23691.45,23681.7,23682.35,548471
1788845100,2026-09-08T10:55:00,23683,23683.3,23675.3,23678.15,1255808
1788845160,2026-09-08T10:56:00,23679.2,23680.45,23674.55,23676.1,462474
1788845220,2026-09-08T10:57:00,23676.6,23676.6,23672.85,23674.8,370207
1788845280,2026-09-08T10:58:00,23675.65,23676.4,23670.3,23670.65,401420
1788845340,2026-09-08T10:59:00,23671.75,23673.4,23669.3,23670.35,380716
1788845400,2026-09-08T11:00:00,23671.05,23671.75,23666.2,23667.6,422101
1788845460,2026-09-08T11:01:00,23667.3,23668.95,23663.25,23666.4,630761
1788845520,2026-09-08T11:02:00,23667.45,23668.6,23666.3,23666.7,418394
1788845580,2026-09-08T11:03:00,23667.6,23671.25,23662.95,23669.55,510637
1788845640,2026-09-08T11:04:00,23669.7,23671.4,23662.5,23662.6,596147
1788845700,2026-09-08T11:05:00,23663.35,23668.4,23662.1,23667.15,498975
1788845760,2026-09-08T11:06:00,23667.15,23671.3,23666.6,23669.95,1163903
1788845820,2026-09-08T11:07:00,23670.5,23675.45,23667.95,23673,794509
1788845880,2026-09-08T11:08:00,23673.1,23678.25,23672.55,23677.9,525202
1788845940,2026-09-08T11:09:00,23678.25,23680.4,23672.95,23676.3,583070
1788846000,2026-09-08T11:10:00,23676.9,23681.1,23672,23672.25,722097
1788846060,2026-09-08T11:11:00,23673.1,23677.45,23670,23676,454808
1788846120,2026-09-08T11:12:00,23676.1,23677.55,23672.4,23673.15,581667
1788846180,2026-09-08T11:13:00,23674.75,23678.05,23671.05,23677.85,1090242
1788846240,2026-09-08T11:14:00,23678.3,23678.5,23673.35,23677.65,1024888
1788846300,2026-09-08T11:15:00,23678.25,23678.25,23673.55,23674.65,353059
1788846360,2026-09-08T11:16:00,23675.5,23679.9,23671.3,23678.75,848320
1788846420,2026-09-08T11:17:00,23678.7,23681.9,23676.95,23678.2,769548
1788846480,2026-09-08T11:18:00,23679.3,23683.9,23678.1,23681.85,501964
1788846540,2026-09-08T11:19:00,23682.35,23685.3,23681.2,23684.35,456806
1788846600,2026-09-08T11:20:00,23685,23685,23680.65,23681.3,582048
1788846660,2026-09-08T11:21:00,23682.15,23684.2,23678.05,23679.8,452103
1788846720,2026-09-08T11:22:00,23680.35,23680.35,23672.15,23674,316803
1788846780,2026-09-08T11:23:00,23673.95,23677.8,23673.1,23676,657801
1788846840,2026-09-08T11:24:00,23677.1,23677.5,23670.65,23672.55,609117
1788846900,2026-09-08T11:25:00,23673.15,23680.55,23671.45,23679.7,1255624
1788846960,2026-09-08T11:26:00,23681,23687.6,23679.45,23679.9,832683
1788847020,2026-09-08T11:27:00,23681.45,23682.9,23678.8,23679.5,801896
1788847080,2026-09-08T11:28:00,23680.25,23682.35,23673.6,23673.6,599141
1788847140,2026-09-08T11:29:00,23675,23676.05,23670.95,23672.9,608043
1788847200,2026-09-08T11:30:00,23673.85,23680.7,23670.5,23670.5,784652
1788847260,2026-09-08T11:31:00,23671.9,23672.65,23666.25,23670.9,675694
1788847320,2026-09-08T11:32:00,23671.35,23672.95,23669.75,23670.05,402512
1788847380,2026-09-08T11:33:00,23670.85,23670.85,23663.7,23668.2,378270
1788847440,2026-09-08T11:34:00,23668.3,23668.65,23664.2,23667.55,317362
1788847500,2026-09-08T11:35:00,23669.25,23674.35,23666.75,23667.6,499865
1788847560,2026-09-08T11:36:00,23668.4,23672.5,23667.25,23670.25,378298
1788847620,2026-09-08T11:37:00,23671.1,23674.05,23669.1,23670.75,664027
1788847680,2026-09-08T11:38:00,23671.35,23674.5,23670.1,23672.8,510016
1788847740,2026-09-08T11:39:00,23673.85,23673.85,23670.25,23672.25,569640
1788847800,2026-09-08T11:40:00,23674,23676.45,23671.15,23675.25,1254035
1788847860,2026-09-08T11:41:00,23675.9,23676.8,23673.8,23674.15,521341
1788847920,2026-09-08T11:42:00,23675.35,23676.1,23670.85,23672,533336
1788847980,2026-09-08T11:43:00,23672.65,23674.3,23668.65,23669.15,496460
1788848040,2026-09-08T11:44:00,23668.6,23676.4,23667.9,23673.35,704000
1788848100,2026-09-08T11:45:00,23673.3,23676.4,23670.55,23674.55,486716
1788848160,2026-09-08T11:46:00,23675.8,23676.1,23668.95,23673,466035
1788848220,2026-09-08T11:47:00,23674.2,23674.7,23668.25,23670.85,593119
1788848280,2026-09-08T11:48:00,23671.8,23677.2,23669.85,23671.05,845928
1788848340,2026-09-08T11:49:00,23671.85,23671.85,23661.45,23662.85,696643
1788848400,2026-09-08T11:50:00,23663.6,23663.8,23653,23659.4,580518
1788848460,2026-09-08T11:51:00,23660.4,23665.3,23657.95,23664.7,341355
1788848520,2026-09-08T11:52:00,23665.55,23669.15,23660.5,23667.95,448107
1788848580,2026-09-08T11:53:00,23668.7,23670.1,23663.25,23665.45,427410
1788848640,2026-09-08T11:54:00,23668.2,23671.45,23661.35,23668.75,360333
1788848700,2026-09-08T11:55:00,23669.1,23670.55,23662.75,23665.15,528932
1788848760,2026-09-08T11:56:00,23666.35,23666.35,23659.3,23659.45,847206
1788848820,2026-09-08T11:57:00,23659.95,23664.3,23658.2,23661.2,334473
1788848880,2026-09-08T11:58:00,23661.25,23663.15,23653.55,23659.8,510188
1788848940,2026-09-08T11:59:00,23660.45,23662.05,23654.85,23657.25,388689
1788849000,2026-09-08T12:00:00,23658,23658.5,23652.85,23654.45,503995
1788849060,2026-09-08T12:01:00,23655.35,23655.55,23649.65,23651.2,922567
1788849120,2026-09-08T12:02:00,23652.45,23658.55,23651.4,23655.35,257393
1788849180,2026-09-08T12:03:00,23656.85,23656.85,23651.65,23651.65,443223
1788849240,2026-09-08T12:04:00,23654.1,23654.1,23648.7,23649.1,432633
1788849300,2026-09-08T12:05:00,23649.65,23649.65,23640.9,23646.1,538304
1788849360,2026-09-08T12:06:00,23647.35,23647.75,23643.05,23643.5,420643
1788849420,2026-09-08T12:07:00,23644.3,23647.9,23643.55,23646.7,260674
1788849480,2026-09-08T12:08:00,23646.95,23647.7,23637.75,23641.6,405073
1788849540,2026-09-08T12:09:00,23642.1,23647.6,23639.25,23644.35,840975
1788849600,2026-09-08T12:10:00,23645.25,23650.25,23643.45,23649.6,436117
1788849660,2026-09-08T12:11:00,23650.65,23651.85,23647.7,23647.7,408079
1788849720,2026-09-08T12:12:00,23649.15,23652,23646.15,23651.6,580547
1788849780,2026-09-08T12:13:00,23652.35,23654.05,23648.55,23649.85,257748
1788849840,2026-09-08T12:14:00,23650.65,23651.95,23648.25,23649.7,198973
1788849900,2026-09-08T12:15:00,23650.6,23650.6,23644.2,23647.2,437590
1788849960,2026-09-08T12:16:00,23647.85,23651.35,23646.3,23650.75,356138
1788850020,2026-09-08T12:17:00,23650.95,23652.55,23648.4,23649.65,805437
1788850080,2026-09-08T12:18:00,23650.85,23651.6,23648.55,23651.3,752137
1788850140,2026-09-08T12:19:00,23651.4,23654.65,23648.05,23651.7,399471
1788850200,2026-09-08T12:20:00,23652.3,23654.95,23647.4,23654.45,463461
1788850260,2026-09-08T12:21:00,23655.2,23655.2,23648.65,23649.65,548508
1788850320,2026-09-08T12:22:00,23650.7,23653.1,23649.25,23651.45,221462
1788850380,2026-09-08T12:23:00,23652.75,23659.95,23650.9,23656.2,377194
1788850440,2026-09-08T12:24:00,23657.05,23661.45,23655.9,23658.85,471733
1788850500,2026-09-08T12:25:00,23659.45,23661.95,23658,23659.85,365854
1788850560,2026-09-08T12:26:00,23660.75,23660.75,23655.85,23656.45,321861
1788850620,2026-09-08T12:27:00,23657.1,23658.95,23655,23655.75,217913
1788850680,2026-09-08T12:28:00,23656.15,23657.95,23654.3,23655,275385
1788850740,2026-09-08T12:29:00,23656.45,23663,23654.35,23662.6,411840
1788850800,2026-09-08T12:30:00,23662.95,23665.25,23662.1,23663.6,444188
1788850860,2026-09-08T12:31:00,23664.55,23669.2,23660.3,23660.4,557418
1788850920,2026-09-08T12:32:00,23661.45,23666.85,23657.3,23659.2,778088
1788850980,2026-09-08T12:33:00,23660.4,23663.9,23658.15,23663.55,475180
1788851040,2026-09-08T12:34:00,23664,23665.3,23662.1,23663.8,375080
1788851100,2026-09-08T12:35:00,23665,23670.8,23663.8,23666.6,427355
1788851160,2026-09-08T12:36:00,23667.15,23672.6,23665.7,23671.05,423351
1788851220,2026-09-08T12:37:00,23670.9,23673.65,23670.2,23672.55,422531
1788851280,2026-09-08T12:38:00,23673.55,23675.1,23670.05,23673.15,447175
1788851340,2026-09-08T12:39:00,23673.15,23673.25,23667.2,23667.95,362934
1788851400,2026-09-08T12:40:00,23668.9,23670.05,23663.55,23664.25,385940
1788851460,2026-09-08T12:41:00,23665.9,23671.65,23664.85,23669.15,399779
1788851520,2026-09-08T12:42:00,23669.45,23669.45,23665.2,23666.65,692285
1788851580,2026-09-08T12:43:00,23667.75,23667.75,23660.6,23661.5,660171
1788851640,2026-09-08T12:44:00,23662.1,23663.9,23659.95,23660.65,395307
1788851700,2026-09-08T12:45:00,23660.8,23660.8,23654.1,23655.85,489856
1788851760,2026-09-08T12:46:00,23656.35,23656.9,23654.2,23655.95,271182
1788851820,2026-09-08T12:47:00,23656.9,23657.85,23653.6,23653.6,296852
1788851880,2026-09-08T12:48:00,23654.1,23654.95,23649.5,23650,330087
1788851940,2026-09-08T12:49:00,23650.65,23655.75,23649.4,23654.75,322145
1788852000,2026-09-08T12:50:00,23654.65,23655.45,23652.8,23653.95,276488
1788852060,2026-09-08T12:51:00,23654.6,23657.15,23652.45,23653.25,353905
1788852120,2026-09-08T12:52:00,23653.8,23653.95,23650.4,23651.2,381150
1788852180,2026-09-08T12:53:00,23651.6,23655.55,23648.35,23654,505198
1788852240,2026-09-08T12:54:00,23654.1,23657.75,23653.15,23656.6,321574
1788852300,2026-09-08T12:55:00,23656.55,23661.7,23655.6,23660.55,523331
1788852360,2026-09-08T12:56:00,23660.55,23661.65,23658.05,23658.7,347199
1788852420,2026-09-08T12:57:00,23659.1,23662.75,23658.1,23660.05,332829
1788852480,2026-09-08T12:58:00,23661.05,23663.85,23658,23660.3,387036
1788852540,2026-09-08T12:59:00,23660.65,23663.4,23654.9,23655.1,409292
1788852600,2026-09-08T13:00:00,23655.75,23658.7,23653.05,23654.8,350254
1788852660,2026-09-08T13:01:00,23654.3,23655.85,23653.15,23655.1,375900
1788852720,2026-09-08T13:02:00,23655.95,23660.65,23654.35,23658.3,260780
1788852780,2026-09-08T13:03:00,23659.15,23660.8,23653.55,23654.15,358421
1788852840,2026-09-08T13:04:00,23655,23655,23649.4,23650.45,340998
1788852900,2026-09-08T13:05:00,23651.25,23653,23649.2,23650.2,230856
1788852960,2026-09-08T13:06:00,23650.75,23652.65,23649.15,23652.65,361278
1788853020,2026-09-08T13:07:00,23653.25,23655.5,23651.65,23654.2,247149
1788853080,2026-09-08T13:08:00,23654.95,23656.6,23652.5,23653.2,222563
1788853140,2026-09-08T13:09:00,23653.8,23654.8,23652.6,23653.6,262191
1788853200,2026-09-08T13:10:00,23654.8,23656.25,23653.5,23655.25,239821
1788853260,2026-09-08T13:11:00,23656.05,23656.65,23653.65,23654.55,221119
1788853320,2026-09-08T13:12:00,23655.5,23655.85,23651.5,23652.85,493403
1788853380,2026-09-08T13:13:00,23653.8,23656,23653.3,23655.85,355568
1788853440,2026-09-08T13:14:00,23656.85,23662.25,23655,23661.3,365933
1788853500,2026-09-08T13:15:00,23661.7,23662.85,23656.3,23658.1,403540
1788853560,2026-09-08T13:16:00,23658.15,23660.4,23652.5,23658.95,574746
1788853620,2026-09-08T13:17:00,23659.4,23659.4,23656.25,23657.3,591384
1788853680,2026-09-08T13:18:00,23658.2,23658.2,23653.7,23654.55,303115
1788853740,2026-09-08T13:19:00,23654.85,23657.85,23653.9,23655.6,360584
1788853800,2026-09-08T13:20:00,23656.9,23658.15,23654.45,23655,314473
1788853860,2026-09-08T13:21:00,23655.55,23656.85,23653.1,23655.9,323381
1788853920,2026-09-08T13:22:00,23656.5,23657.3,23652.4,23653.9,993220
1788853980,2026-09-08T13:23:00,23654.25,23654.25,23651.6,23652.85,298043
1788854040,2026-09-08T13:24:00,23653.45,23654.75,23651.05,23652.75,321149
1788854100,2026-09-08T13:25:00,23653.7,23653.85,23648.95,23650.25,743881
1788854160,2026-09-08T13:26:00,23650.55,23651.8,23648.4,23649.5,444949
1788854220,2026-09-08T13:27:00,23650.35,23650.9,23645.6,23649.25,320419
1788854280,2026-09-08T13:28:00,23650.05,23652.85,23648.55,23648.7,426802
1788854340,2026-09-08T13:29:00,23650.1,23652.4,23646.85,23647.05,426461
1788854400,2026-09-08T13:30:00,23648.45,23651.3,23646.8,23649.35,421626
1788854460,2026-09-08T13:31:00,23649.9,23650.95,23647.15,23648.65,662038
1788854520,2026-09-08T13:32:00,23649.2,23649.2,23642.85,23644.5,447648
1788854580,2026-09-08T13:33:00,23645.55,23645.7,23638.65,23641.3,516881
1788854640,2026-09-08T13:34:00,23642.3,23645.8,23640.6,23642.65,381810
1788854700,2026-09-08T13:35:00,23643.65,23653.7,23642.25,23648.8,504947
1788854760,2026-09-08T13:36:00,23650.85,23653.2,23648,23650.8,637160
1788854820,2026-09-08T13:37:00,23651.65,23653.95,23646.8,23649.95,595432
1788854880,2026-09-08T13:38:00,23651,23653.55,23643.25,23644.5,560708
1788854940,2026-09-08T13:39:00,23645.7,23646.7,23641.15,23644.85,538113
1788855000,2026-09-08T13:40:00,23644.55,23650.1,23643.4,23646,919981
1788855060,2026-09-08T13:41:00,23646.45,23646.45,23639.25,23641.95,429738
1788855120,2026-09-08T13:42:00,23643.05,23646.75,23639.85,23642.8,472041
1788855180,2026-09-08T13:43:00,23644.65,23648.1,23642.95,23644.5,908727
1788855240,2026-09-08T13:44:00,23645.5,23645.5,23638.1,23638.55,406451
1788855300,2026-09-08T13:45:00,23640.25,23642.8,23635.95,23640.3,370524
1788855360,2026-09-08T13:46:00,23641.7,23643.65,23639.5,23641.65,264627
1788855420,2026-09-08T13:47:00,23643.2,23643.75,23640.2,23643.4,263361
1788855480,2026-09-08T13:48:00,23644.15,23645.65,23641.4,23642.05,260804
1788855540,2026-09-08T13:49:00,23642.7,23643.35,23639.55,23639.75,448245
1788855600,2026-09-08T13:50:00,23641.5,23642.5,23637,23637.15,413858
1788855660,2026-09-08T13:51:00,23637.95,23638.15,23623.1,23624.45,765728
1788855720,2026-09-08T13:52:00,23625.2,23629.6,23624.3,23627.35,315656
1788855780,2026-09-08T13:53:00,23628.15,23633.75,23627,23631.85,267596
1788855840,2026-09-08T13:54:00,23633.05,23634.5,23629.25,23631.7,507668
1788855900,2026-09-08T13:55:00,23632.25,23634.75,23631.05,23632.7,663227
1788855960,2026-09-08T13:56:00,23633.45,23636.35,23631.65,23634.9,312222
1788856020,2026-09-08T13:57:00,23635.15,23637.55,23631.75,23636.35,352882
1788856080,2026-09-08T13:58:00,23637.7,23637.7,23632.75,23634.9,422528
1788856140,2026-09-08T13:59:00,23635.2,23636.15,23632.85,23633.75,380546
1788856200,2026-09-08T14:00:00,23634.8,23639.4,23633,23635.95,397949
1788856260,2026-09-08T14:01:00,23636.6,23639.55,23635.05,23638.6,484686
1788856320,2026-09-08T14:02:00,23639.7,23640.05,23634.3,23634.4,466753
1788856380,2026-09-08T14:03:00,23635.2,23645.05,23634.35,23643.45,695953
1788856440,2026-09-08T14:04:00,23643.9,23646.5,23642.05,23644.85,327559
1788856500,2026-09-08T14:05:00,23645.55,23656.3,23645.2,23655.25,877722
1788856560,2026-09-08T14:06:00,23655.25,23656.65,23648.45,23649.25,532127
1788856620,2026-09-08T14:07:00,23649.8,23652.1,23643.8,23644.4,521408
1788856680,2026-09-08T14:08:00,23645.4,23647.95,23643.55,23646.5,421036
1788856740,2026-09-08T14:09:00,23646.85,23651.4,23646.05,23648.15,520130
1788856800,2026-09-08T14:10:00,23649.55,23651.35,23646,23649.5,567188
1788856860,2026-09-08T14:11:00,23650.15,23653.15,23648.6,23650.55,495344
1788856920,2026-09-08T14:12:00,23651.9,23656.9,23650.6,23652.4,640084
1788856980,2026-09-08T14:13:00,23653.8,23656.9,23652.45,23653.65,545822
1788857040,2026-09-08T14:14:00,23654.2,23656.3,23647.7,23649.1,502761
1788857100,2026-09-08T14:15:00,23649.9,23652.55,23646.7,23650.9,527486
1788857160,2026-09-08T14:16:00,23652.75,23656.4,23650.5,23654.75,416561
1788857220,2026-09-08T14:17:00,23654.6,23657.6,23653.35,23657.2,439961
1788857280,2026-09-08T14:18:00,23658,23659.25,23652.95,23653.35,363779
1788857340,2026-09-08T14:19:00,23654.65,23657.95,23652.2,23653.2,395574
1788857400,2026-09-08T14:20:00,23654.15,23656.8,23653.15,23653.15,416386
1788857460,2026-09-08T14:21:00,23654.8,23655.3,23650.95,23652.45,479189
1788857520,2026-09-08T14:22:00,23652.7,23654.35,23650.2,23652.8,412672
1788857580,2026-09-08T14:23:00,23654.1,23655.1,23649.7,23649.7,375666
1788857640,2026-09-08T14:24:00,23651,23653.65,23648.6,23650.6,358230
1788857700,2026-09-08T14:25:00,23651.65,23651.75,23644.15,23644.15,443018
1788857760,2026-09-08T14:26:00,23644.5,23649,23642.7,23647.55,550804
1788857820,2026-09-08T14:27:00,23647.5,23652.7,23647.25,23650.5,426809
1788857880,2026-09-08T14:28:00,23653,23653.85,23649.55,23652.7,688759
1788857940,2026-09-08T14:29:00,23654.1,23656.15,23652.4,23654,695364
1788858000,2026-09-08T14:30:00,23654.95,23656.05,23650,23650.3,856031
1788858060,2026-09-08T14:31:00,23651.3,23653.95,23648.3,23652.3,792085
1788858120,2026-09-08T14:32:00,23652.95,23655.15,23651.25,23653.95,529250
1788858180,2026-09-08T14:33:00,23655.75,23657.9,23652.65,23654.7,615828
1788858240,2026-09-08T14:34:00,23656.15,23658.3,23654.1,23656.65,381463
1788858300,2026-09-08T14:35:00,23657.2,23658.85,23654.75,23655.75,1157191
1788858360,2026-09-08T14:36:00,23657.5,23657.6,23654.55,23655.15,523212
1788858420,2026-09-08T14:37:00,23655.8,23656.35,23650.55,23652.2,475666
1788858480,2026-09-08T14:38:00,23652.75,23653.85,23645.85,23646.8,541295
1788858540,2026-09-08T14:39:00,23647.45,23650.2,23646.05,23649,541287
1788858600,2026-09-08T14:40:00,23649.4,23650.1,23645.5,23647.05,797218
1788858660,2026-09-08T14:41:00,23647.9,23651.5,23646.1,23651.5,815406
1788858720,2026-09-08T14:42:00,23650.4,23654.75,23648.45,23649.5,720311
1788858780,2026-09-08T14:43:00,23649.6,23650.15,23647,23649.05,487492
1788858840,2026-09-08T14:44:00,23648.9,23651.2,23647.8,23648.15,902398
1788858900,2026-09-08T14:45:00,23648.7,23649.15,23644.9,23647.85,644942
1788858960,2026-09-08T14:46:00,23649,23649.2,23643.65,23644.7,964735
1788859020,2026-09-08T14:47:00,23644.75,23646.45,23641.25,23645.75,1035194
1788859080,2026-09-08T14:48:00,23646.45,23647.5,23643.25,23645.1,969721
1788859140,2026-09-08T14:49:00,23646.05,23646.2,23640.65,23641.3,668561
1788859200,2026-09-08T14:50:00,23642.8,23644.15,23640.05,23641.35,912954
1788859260,2026-09-08T14:51:00,23642.5,23644.95,23641.25,23643.85,1164711
1788859320,2026-09-08T14:52:00,23643.95,23644.25,23639.1,23639.75,1081008
1788859380,2026-09-08T14:53:00,23640.65,23641.9,23637.5,23638.55,1290072
1788859440,2026-09-08T14:54:00,23639.2,23647.85,23637.8,23647.85,982673
1788859500,2026-09-08T14:55:00,23647.4,23648.15,23640.85,23642.65,924742
1788859560,2026-09-08T14:56:00,23643.4,23645.1,23639.7,23639.7,862036
1788859620,2026-09-08T14:57:00,23641.15,23646.55,23638.25,23644.7,1121123
1788859680,2026-09-08T14:58:00,23645.55,23648.3,23643.85,23646.05,891380
1788859740,2026-09-08T14:59:00,23646.7,23646.85,23643.35,23644.55,890356
1788859800,2026-09-08T15:00:00,23642.75,23643.5,23638.75,23643.3,1387684
1788859860,2026-09-08T15:01:00,23642.7,23648.45,23640.7,23647.8,1172273
1788859920,2026-09-08T15:02:00,23647.3,23649.55,23642.4,23643.1,1118611
1788859980,2026-09-08T15:03:00,23643.15,23644.75,23640.85,23641.4,967428
1788860040,2026-09-08T15:04:00,23641.15,23643.65,23640.9,23642.25,1021326
1788860100,2026-09-08T15:05:00,23642.25,23643.55,23638.95,23640,1590432
1788860160,2026-09-08T15:06:00,23640.65,23643.3,23639.55,23640.85,1482716
1788860220,2026-09-08T15:07:00,23640.5,23644.2,23640.5,23641.35,1186123
1788860280,2026-09-08T15:08:00,23641.95,23641.95,23638.05,23639.6,1184543
1788860340,2026-09-08T15:09:00,23639.65,23647.3,23637,23647.3,1770472
1788860400,2026-09-08T15:10:00,23646,23658.4,23644.65,23656.9,3045465
1788860460,2026-09-08T15:11:00,23656.35,23659.1,23653.7,23654.55,1798250
1788860520,2026-09-08T15:12:00,23655.25,23659.3,23648.05,23654.2,3144219
1788860580,2026-09-08T15:13:00,23654.15,23655.5,23638.7,23643.9,2252070
1788860640,2026-09-08T15:14:00,23640.95,23651.1,23634.1,23641.1,1020390
1788860700,2026-09-08T15:15:00,23640.05,23640.05,23640.05,23640.05,1021
1788860760,2026-09-08T15:16:00,23640.05,23640.05,23640.05,23640.05,1021
1788860820,2026-09-08T15:17:00,23640.05,23640.05,23640.05,23640.05,1021
1788860880,2026-09-08T15:18:00,23640.05,23640.05,23640.05,23640.05,1021
1788860940,2026-09-08T15:19:00,23640.05,23640.05,23640.05,23640.05,1021
1788861000,2026-09-08T15:20:00,23640.05,23640.05,23640.05,23640.05,1021
1788861060,2026-09-08T15:21:00,23640.05,23640.05,23640.05,23640.05,1021
1788861120,2026-09-08T15:22:00,23640.05,23640.05,23640.05,23640.05,1021
1788861180,2026-09-08T15:23:00,23640.05,23640.05,23640.05,23640.05,1021
1788861240,2026-09-08T15:24:00,23640.05,23640.05,23640.05,23640.05,1021
1788861300,2026-09-08T15:25:00,23640.05,23640.05,23640.05,23640.05,1021
1788861360,2026-09-08T15:26:00,23640.05,23640.05,23640.05,23640.05,1021
1788861420,2026-09-08T15:27:00,23640.05,23640.05,23640.05,23640.05,1021
1788861480,2026-09-08T15:28:00,23640.05,23640.05,23640.05,23640.05,1021
1788861540,2026-09-08T15:29:00,23640.05,23640.05,23635.1,23635.1,1021
1788925500,2026-09-09T09:15:00,23522.05,23536.5,23493.3,23494.95,5183019
1788925560,2026-09-09T09:16:00,23495.5,23496.75,23477.55,23483.7,3077772
1788925620,2026-09-09T09:17:00,23484,23489.85,23480.9,23485.95,2282056
1788925680,2026-09-09T09:18:00,23486.85,23504.25,23485.05,23501.5,2571464
1788925740,2026-09-09T09:19:00,23503.65,23504.65,23497.6,23500.45,1860021
1788925800,2026-09-09T09:20:00,23500.35,23506.1,23495.85,23506.1,2067647
1788925860,2026-09-09T09:21:00,23506.9,23515,23503.2,23507.25,2097667
1788925920,2026-09-09T09:22:00,23508.7,23509.95,23498.8,23502.45,1984494
1788925980,2026-09-09T09:23:00,23501.55,23503.2,23493.8,23500.85,1344203
1788926040,2026-09-09T09:24:00,23502.5,23512.5,23497.95,23512.4,1809800
1788926100,2026-09-09T09:25:00,23511.8,23515.5,23508.05,23514.95,2228566
1788926160,2026-09-09T09:26:00,23515.95,23521.75,23511.65,23512.85,1863047
1788926220,2026-09-09T09:27:00,23513.55,23513.55,23503.95,23512.7,1373505
1788926280,2026-09-09T09:28:00,23513.8,23513.8,23507.25,23509.05,1394946
1788926340,2026-09-09T09:29:00,23511.1,23511.25,23506.2,23509.4,1176677
1788926400,2026-09-09T09:30:00,23510.85,23517.8,23509,23510.45,1185851
1788926460,2026-09-09T09:31:00,23511.55,23517.9,23508.5,23509.5,787913
1788926520,2026-09-09T09:32:00,23511.55,23516,23506.2,23510.7,1150110
1788926580,2026-09-09T09:33:00,23511.8,23515.65,23509.9,23511.6,1081978
1788926640,2026-09-09T09:34:00,23512.55,23518.2,23511,23515.9,2149195
1788926700,2026-09-09T09:35:00,23515.1,23516.5,23508.15,23509.85,1097969
1788926760,2026-09-09T09:36:00,23511.1,23513.35,23506.6,23512.55,2109057
1788926820,2026-09-09T09:37:00,23513.15,23521.3,23513.15,23519.4,1027396
1788926880,2026-09-09T09:38:00,23521.4,23526.2,23518.95,23525.15,800487
1788926940,2026-09-09T09:39:00,23526.65,23531.25,23523.05,23526.25,709665
1788927000,2026-09-09T09:40:00,23527.6,23533.45,23524.9,23532.3,888038
1788927060,2026-09-09T09:41:00,23532.55,23532.55,23525,23525.4,1694537
1788927120,2026-09-09T09:42:00,23526.85,23527.9,23524.35,23527.15,1818960
1788927180,2026-09-09T09:43:00,23527.8,23531.9,23526.2,23529.9,2012131
1788927240,2026-09-09T09:44:00,23530.6,23532.05,23524.8,23525.45,1929961
1788927300,2026-09-09T09:45:00,23526.6,23527.75,23519.15,23521.85,1352809
1788927360,2026-09-09T09:46:00,23522.7,23522.7,23513.35,23515.05,1179332
1788927420,2026-09-09T09:47:00,23515.7,23519.5,23509.95,23510.85,1416265
1788927480,2026-09-09T09:48:00,23512.05,23512.05,23504.65,23506.95,803894
1788927540,2026-09-09T09:49:00,23507.85,23507.85,23497.5,23498.55,1159770
1788927600,2026-09-09T09:50:00,23498.6,23500.25,23488.4,23490.1,1205527
1788927660,2026-09-09T09:51:00,23491.15,23495.45,23490.45,23491.4,1181960
1788927720,2026-09-09T09:52:00,23491.75,23500.9,23490.05,23498.35,773414
1788927780,2026-09-09T09:53:00,23498.8,23499.15,23494.75,23494.9,997246
1788927840,2026-09-09T09:54:00,23496.55,23498.45,23494.7,23497.4,1246805
1788927900,2026-09-09T09:55:00,23498,23498.8,23494.1,23496.05,791361
1788927960,2026-09-09T09:56:00,23497.4,23498.65,23492.5,23492.5,2921621
1788928020,2026-09-09T09:57:00,23494.05,23495.5,23491.1,23494.3,1108025
1788928080,2026-09-09T09:58:00,23494.85,23495.55,23487.35,23489.35,943414
1788928140,2026-09-09T09:59:00,23491.55,23493.5,23484.4,23488.85,983630
1788928200,2026-09-09T10:00:00,23491,23491,23472.85,23473.75,1491632
1788928260,2026-09-09T10:01:00,23474.55,23476.55,23468.45,23474.1,1164909
1788928320,2026-09-09T10:02:00,23475.4,23481.6,23474.4,23479.35,798868
1788928380,2026-09-09T10:03:00,23480.25,23482.25,23476.45,23480.4,747399
1788928440,2026-09-09T10:04:00,23481.4,23483.9,23474.95,23479.8,2381751
1788928500,2026-09-09T10:05:00,23480.5,23480.95,23477.35,23479.15,641385
1788928560,2026-09-09T10:06:00,23479.65,23481.35,23473.75,23474.45,710267
1788928620,2026-09-09T10:07:00,23475.8,23475.9,23467.85,23472.45,1531909
1788928680,2026-09-09T10:08:00,23473.7,23475.35,23470.3,23472.15,944443
1788928740,2026-09-09T10:09:00,23474.55,23478.35,23472.45,23475.8,840798
1788928800,2026-09-09T10:10:00,23477.7,23477.7,23469.8,23470.1,895502
1788928860,2026-09-09T10:11:00,23470.35,23474.9,23466.65,23474.05,680002
1788928920,2026-09-09T10:12:00,23475.2,23480.35,23473.1,23480.35,524171
1788928980,2026-09-09T10:13:00,23481,23486.6,23479.8,23486.45,1220859
1788929040,2026-09-09T10:14:00,23486.85,23487.2,23481.65,23484.85,879140
1788929100,2026-09-09T10:15:00,23486,23490.4,23484.7,23487.1,644117
1788929160,2026-09-09T10:16:00,23488.25,23496.25,23485.6,23495.85,746666
1788929220,2026-09-09T10:17:00,23496.95,23503.55,23496,23501.95,707270
1788929280,2026-09-09T10:18:00,23502.7,23512.95,23502.5,23511.65,778412
1788929340,2026-09-09T10:19:00,23512.6,23519.85,23509.4,23516.8,1337816
1788929400,2026-09-09T10:20:00,23518.25,23527.4,23515.55,23522.9,1352011
1788929460,2026-09-09T10:21:00,23524.5,23526.45,23521.5,23522.85,1112921
1788929520,2026-09-09T10:22:00,23523.45,23526.85,23521,23522,1412467
1788929580,2026-09-09T10:23:00,23523.25,23532.9,23521.6,23531.95,1534228
1788929640,2026-09-09T10:24:00,23533.75,23549.3,23533.6,23537.8,1733061
1788929700,2026-09-09T10:25:00,23538.7,23541,23533.8,23534.4,1048654
1788929760,2026-09-09T10:26:00,23535.1,23539.3,23533.4,23535.45,842103
1788929820,2026-09-09T10:27:00,23536.55,23538,23533.1,23537.6,1011679
1788929880,2026-09-09T10:28:00,23538.55,23540.5,23537.25,23539.5,1123934
1788929940,2026-09-09T10:29:00,23541.2,23541.65,23538.2,23539.65,1222367
1788930000,2026-09-09T10:30:00,23540.1,23545.45,23538.35,23539.3,1769054
1788930060,2026-09-09T10:31:00,23539.9,23539.9,23532.65,23533.6,948490
1788930120,2026-09-09T10:32:00,23534.75,23534.75,23528.8,23532.3,1049930
1788930180,2026-09-09T10:33:00,23534.05,23535.9,23532.05,23534,606105
1788930240,2026-09-09T10:34:00,23534.6,23534.95,23525.5,23525.8,443463
1788930300,2026-09-09T10:35:00,23527.2,23527.2,23519.05,23519.4,620962
1788930360,2026-09-09T10:36:00,23520.95,23523.55,23518.05,23522.6,487576
1788930420,2026-09-09T10:37:00,23523.5,23524.35,23514.4,23515.95,552559
1788930480,2026-09-09T10:38:00,23516.4,23518.2,23509.55,23510.1,1026869
1788930540,2026-09-09T10:39:00,23511.2,23512.05,23505.85,23512.05,926416
1788930600,2026-09-09T10:40:00,23512.1,23512.35,23504.6,23505.55,725649
1788930660,2026-09-09T10:41:00,23507.35,23507.35,23502.55,23504.45,793585
1788930720,2026-09-09T10:42:00,23506,23506.1,23501.6,23502.15,974420
1788930780,2026-09-09T10:43:00,23503.6,23508.45,23501.7,23505.3,1162062
1788930840,2026-09-09T10:44:00,23506.9,23510.5,23504.5,23509.75,685917
1788930900,2026-09-09T10:45:00,23510.65,23514.65,23507.85,23513.9,1751560
1788930960,2026-09-09T10:46:00,23514.4,23519.75,23514.4,23516.5,704675
1788931020,2026-09-09T10:47:00,23516.4,23522.45,23515.7,23517.7,714126
1788931080,2026-09-09T10:48:00,23519.05,23525.2,23515.75,23521.85,673378
1788931140,2026-09-09T10:49:00,23522.95,23525.05,23518.35,23518.35,567402
1788931200,2026-09-09T10:50:00,23519.2,23523.7,23518,23520.6,683424
1788931260,2026-09-09T10:51:00,23522.8,23522.8,23514.6,23515.9,640853
1788931320,2026-09-09T10:52:00,23516.7,23518.5,23514.35,23516.7,1427330
1788931380,2026-09-09T10:53:00,23517.5,23521.4,23515.85,23519.5,399067
1788931440,2026-09-09T10:54:00,23520.95,23525.25,23517.4,23525.25,511885
1788931500,2026-09-09T10:55:00,23525.35,23530.35,23523.95,23529.15,620148
1788931560,2026-09-09T10:56:00,23530.1,23532.05,23526.5,23527.6,601356
1788931620,2026-09-09T10:57:00,23529,23531.5,23527.55,23530.5,567680
1788931680,2026-09-09T10:58:00,23532.2,23532.25,23524.7,23528.65,945346
1788931740,2026-09-09T10:59:00,23529.6,23537.15,23527.8,23535.6,559197
1788931800,2026-09-09T11:00:00,23536.65,23540.1,23533.15,23540.1,669191
1788931860,2026-09-09T11:01:00,23541.3,23543.7,23533.5,23536.9,704039
1788931920,2026-09-09T11:02:00,23537.7,23541.65,23536.15,23536.7,656758
1788931980,2026-09-09T11:03:00,23537.85,23541.45,23534.7,23539.55,1341417
1788932040,2026-09-09T11:04:00,23540.2,23540.2,23534.65,23536.95,531467
1788932100,2026-09-09T11:05:00,23537.3,23537.3,23532.4,23534,2165281
1788932160,2026-09-09T11:06:00,23535.05,23535.5,23527.5,23530.2,1302799
1788932220,2026-09-09T11:07:00,23531.7,23535.75,23531.15,23532.5,1146254
1788932280,2026-09-09T11:08:00,23533.45,23534.05,23530.5,23532.45,635155
1788932340,2026-09-09T11:09:00,23532.9,23535.6,23529.8,23531.6,795588
1788932400,2026-09-09T11:10:00,23531.5,23533.2,23527.5,23528.55,555697
1788932460,2026-09-09T11:11:00,23529.4,23530.45,23524.9,23528.75,575056
1788932520,2026-09-09T11:12:00,23530.85,23530.85,23524.8,23527.45,882426
1788932580,2026-09-09T11:13:00,23528,23528.8,23524,23527.25,794844
1788932640,2026-09-09T11:14:00,23528.05,23530.4,23524.95,23524.95,722586
1788932700,2026-09-09T11:15:00,23527,23530.95,23525.45,23527.9,589269
1788932760,2026-09-09T11:16:00,23528.6,23529.3,23523.1,23524.6,789797
1788932820,2026-09-09T11:17:00,23525.7,23529.4,23521.15,23522.6,1207095
1788932880,2026-09-09T11:18:00,23524.05,23524.3,23518.6,23520.05,1585740
1788932940,2026-09-09T11:19:00,23521.6,23528.8,23518,23526.95,882922
1788933000,2026-09-09T11:20:00,23527.7,23531.4,23524.7,23526.6,708482
1788933060,2026-09-09T11:21:00,23526.55,23527.3,23520.4,23520.65,822533
1788933120,2026-09-09T11:22:00,23521.15,23521.3,23515.35,23516.35,595818
1788933180,2026-09-09T11:23:00,23517.3,23518.1,23514.05,23516.15,551591
1788933240,2026-09-09T11:24:00,23517.7,23518.6,23514.8,23517.05,421514
1788933300,2026-09-09T11:25:00,23518.45,23522.8,23516.4,23520.35,574839
1788933360,2026-09-09T11:26:00,23522.2,23522.3,23515.5,23517.4,535844
1788933420,2026-09-09T11:27:00,23518.5,23518.8,23512.6,23516.3,680062
1788933480,2026-09-09T11:28:00,23516.15,23518.5,23513.55,23517.7,448568
1788933540,2026-09-09T11:29:00,23517.8,23519.45,23514.3,23517.1,429687
1788933600,2026-09-09T11:30:00,23517.75,23520.2,23516.6,23518.05,477568
1788933660,2026-09-09T11:31:00,23518.7,23519.65,23516.6,23519.05,895151
1788933720,2026-09-09T11:32:00,23520.05,23520.05,23515.4,23516.75,661031
1788933780,2026-09-09T11:33:00,23517.85,23520.5,23515.9,23517.25,646891
1788933840,2026-09-09T11:34:00,23517.85,23517.9,23514.65,23515.85,516443
1788933900,2026-09-09T11:35:00,23515.85,23519.1,23513.2,23518.1,711817
1788933960,2026-09-09T11:36:00,23518.9,23520.1,23515.25,23517,593279
1788934020,2026-09-09T11:37:00,23517.55,23517.65,23513.15,23513.7,541810
1788934080,2026-09-09T11:38:00,23515.05,23518.8,23513.55,23517.8,442972
1788934140,2026-09-09T11:39:00,23518.6,23519.95,23515.55,23517.2,601912
1788934200,2026-09-09T11:40:00,23518.25,23521.15,23516.6,23518.85,943006
1788934260,2026-09-09T11:41:00,23520.1,23523.8,23518.2,23522,552823
1788934320,2026-09-09T11:42:00,23522.9,23525.8,23521.4,23524.75,510693
1788934380,2026-09-09T11:43:00,23525.95,23529,23524,23527.25,641627
1788934440,2026-09-09T11:44:00,23528.75,23531.45,23526.6,23528.75,889614
1788934500,2026-09-09T11:45:00,23530.45,23532.35,23526.6,23529.1,678077
1788934560,2026-09-09T11:46:00,23529.7,23529.7,23522.45,23523.45,845592
1788934620,2026-09-09T11:47:00,23524.4,23527.3,23522,23525.15,1257471
1788934680,2026-09-09T11:48:00,23524.25,23524.75,23519.45,23522.55,504095
1788934740,2026-09-09T11:49:00,23523.25,23523.8,23515.45,23517,1174315
1788934800,2026-09-09T11:50:00,23518.15,23518.15,23512.85,23513.95,576905
1788934860,2026-09-09T11:51:00,23514.75,23515.15,23508.75,23509,561219
1788934920,2026-09-09T11:52:00,23510.4,23511.4,23504.95,23505.3,545988
1788934980,2026-09-09T11:53:00,23505.85,23507,23503.25,23506.15,474223
1788935040,2026-09-09T11:54:00,23507.35,23507.45,23502.2,23502.3,449076
1788935100,2026-09-09T11:55:00,23503.3,23503.5,23496.75,23499.85,556758
1788935160,2026-09-09T11:56:00,23501.35,23503.85,23499.65,23500.3,413203
1788935220,2026-09-09T11:57:00,23500.95,23501.8,23496.35,23498.8,667095
1788935280,2026-09-09T11:58:00,23499.65,23499.95,23495.25,23496.35,481713
1788935340,2026-09-09T11:59:00,23496.5,23496.6,23486.95,23488.5,957432
1788935400,2026-09-09T12:00:00,23490.3,23491.7,23485.85,23486.2,1014021
1788935460,2026-09-09T12:01:00,23487.3,23488.25,23479.4,23483.1,901500
1788935520,2026-09-09T12:02:00,23482.05,23483.9,23478,23479.9,921535
1788935580,2026-09-09T12:03:00,23480.35,23483.65,23477.15,23481.75,701556
1788935640,2026-09-09T12:04:00,23482.6,23485.25,23480.1,23481.15,382496
1788935700,2026-09-09T12:05:00,23481.9,23484.3,23477.45,23478.15,430594
1788935760,2026-09-09T12:06:00,23478.7,23478.7,23474.05,23475.2,615732
1788935820,2026-09-09T12:07:00,23476.1,23476.5,23470.85,23471.9,761607
1788935880,2026-09-09T12:08:00,23472.7,23476.9,23471.05,23476.2,520570
1788935940,2026-09-09T12:09:00,23476.8,23479.85,23473.3,23474.95,1623144
1788936000,2026-09-09T12:10:00,23476.3,23476.85,23473.95,23474.3,3097043
1788936060,2026-09-09T12:11:00,23475.2,23476.2,23472.8,23474.45,517498
1788936120,2026-09-09T12:12:00,23476,23483.2,23474.6,23483.2,1344609
1788936180,2026-09-09T12:13:00,23484.7,23487.7,23482.4,23486.2,574075
1788936240,2026-09-09T12:14:00,23487.65,23490.35,23485.35,23487.8,674432
1788936300,2026-09-09T12:15:00,23488.85,23489.45,23482.8,23484.8,637303
1788936360,2026-09-09T12:16:00,23485.65,23485.65,23479.45,23480.95,564634
1788936420,2026-09-09T12:17:00,23482.2,23486,23480.75,23485.15,424471
1788936480,2026-09-09T12:18:00,23485.65,23485.95,23481.65,23482.1,411210
1788936540,2026-09-09T12:19:00,23482.4,23483.15,23477.35,23479.2,473760
1788936600,2026-09-09T12:20:00,23480.5,23481.4,23477.4,23480.5,490598
1788936660,2026-09-09T12:21:00,23481.2,23481.45,23477.4,23477.4,404866
1788936720,2026-09-09T12:22:00,23479.3,23480.4,23477.05,23478.9,413590
1788936780,2026-09-09T12:23:00,23479.65,23483.8,23477.2,23483.1,500544
1788936840,2026-09-09T12:24:00,23483.85,23489,23483.15,23487.05,1254737
1788936900,2026-09-09T12:25:00,23487.85,23491.3,23485.9,23489.65,541682
1788936960,2026-09-09T12:26:00,23490.35,23498.25,23489.35,23498,506534
1788937020,2026-09-09T12:27:00,23498.85,23501.7,23498.2,23499.2,555211
1788937080,2026-09-09T12:28:00,23500.35,23504.15,23498,23502.85,650334
1788937140,2026-09-09T12:29:00,23503.25,23511.1,23501.45,23510.6,637860
1788937200,2026-09-09T12:30:00,23512.15,23516.45,23510.7,23515.15,654097
1788937260,2026-09-09T12:31:00,23516.3,23522.8,23515.15,23522.8,659566
1788937320,2026-09-09T12:32:00,23523.5,23530.35,23522.75,23530.35,878626
1788937380,2026-09-09T12:33:00,23530.3,23553.65,23528.9,23547.3,1404716
1788937440,2026-09-09T12:34:00,23548.5,23554.75,23545.25,23547.85,827767
1788937500,2026-09-09T12:35:00,23548.55,23565,23548.1,23556.85,1295103
1788937560,2026-09-09T12:36:00,23557.4,23558.8,23552.8,23554.8,618787
1788937620,2026-09-09T12:37:00,23555.6,23560.4,23553.1,23554.45,687379
1788937680,2026-09-09T12:38:00,23556.75,23560.75,23555.05,23558.95,1062408
1788937740,2026-09-09T12:39:00,23559.35,23559.55,23554.7,23557.45,803554
1788937800,2026-09-09T12:40:00,23557.95,23560.2,23556.2,23557.15,993164
1788937860,2026-09-09T12:41:00,23557.7,23562.6,23552.8,23562.05,1317325
1788937920,2026-09-09T12:42:00,23562.6,23568,23561.6,23567.05,776845
1788937980,2026-09-09T12:43:00,23568.45,23571.55,23565.55,23567.45,832597
1788938040,2026-09-09T12:44:00,23567.85,23569.7,23564.8,23566.15,447903
1788938100,2026-09-09T12:45:00,23566.35,23567.45,23556.4,23559.9,516148
1788938160,2026-09-09T12:46:00,23560.65,23562.85,23557.7,23560.85,577205
1788938220,2026-09-09T12:47:00,23563.1,23564.8,23560.65,23563.45,792676
1788938280,2026-09-09T12:48:00,23563.85,23566.05,23561.5,23564.8,731478
1788938340,2026-09-09T12:49:00,23566.4,23568.65,23558.55,23558.9,576333
1788938400,2026-09-09T12:50:00,23560,23561.95,23556.5,23557.65,515951
1788938460,2026-09-09T12:51:00,23559.05,23560.1,23556.2,23560.05,606168
1788938520,2026-09-09T12:52:00,23560.55,23563.15,23560,23560.7,558188
1788938580,2026-09-09T12:53:00,23561.3,23561.85,23549.9,23551.9,1171409
1788938640,2026-09-09T12:54:00,23552.3,23553.25,23545.55,23548.55,650647
1788938700,2026-09-09T12:55:00,23548.55,23552,23542.7,23549.75,711511
1788938760,2026-09-09T12:56:00,23550.35,23560.75,23549.9,23560.5,2079192
1788938820,2026-09-09T12:57:00,23560.8,23564.3,23558.35,23562.15,599626
1788938880,2026-09-09T12:58:00,23562.75,23565.6,23561.85,23563.4,747577
1788938940,2026-09-09T12:59:00,23563.85,23567.25,23563.05,23566,533695
1788939000,2026-09-09T13:00:00,23566.2,23569.6,23559.55,23560.3,687018
1788939060,2026-09-09T13:01:00,23561.35,23561.35,23555,23557.15,509363
1788939120,2026-09-09T13:02:00,23558.75,23558.75,23544.45,23545.4,520587
1788939180,2026-09-09T13:03:00,23548.2,23550.95,23544.8,23549.9,440247
1788939240,2026-09-09T13:04:00,23550.75,23550.75,23544.9,23548.4,1764233
1788939300,2026-09-09T13:05:00,23549.15,23551.2,23547.2,23549,542149
1788939360,2026-09-09T13:06:00,23550.95,23556.2,23548.9,23554.55,1866489
1788939420,2026-09-09T13:07:00,23555.45,23558.85,23551.9,23558.5,811898
1788939480,2026-09-09T13:08:00,23559.35,23561.35,23553,23554.7,636960
1788939540,2026-09-09T13:09:00,23555.9,23556.1,23548.25,23549.1,492580
1788939600,2026-09-09T13:10:00,23549.95,23550.6,23545.05,23547.15,640199
1788939660,2026-09-09T13:11:00,23547.75,23549.85,23545.75,23546.2,492606
1788939720,2026-09-09T13:12:00,23546.9,23546.9,23538.05,23541.95,793919
1788939780,2026-09-09T13:13:00,23544.05,23544.05,23537.15,23541.9,549166
1788939840,2026-09-09T13:14:00,23542.75,23543.95,23539.8,23543.95,687948
1788939900,2026-09-09T13:15:00,23544.3,23545.15,23540.15,23541.6,393119
1788939960,2026-09-09T13:16:00,23542.6,23544.25,23540.4,23541.95,412675
1788940020,2026-09-09T13:17:00,23542.15,23542.75,23538.25,23540.4,650056
1788940080,2026-09-09T13:18:00,23541.1,23545.05,23539.7,23543.3,716085
1788940140,2026-09-09T13:19:00,23544.15,23545.1,23540.55,23541.1,490738
1788940200,2026-09-09T13:20:00,23541.9,23543.75,23536.95,23543.5,957508
1788940260,2026-09-09T13:21:00,23544.55,23555.1,23544.45,23553.7,849737
1788940320,2026-09-09T13:22:00,23554.65,23557.1,23547.35,23547.35,565929
1788940380,2026-09-09T13:23:00,23548.15,23548.7,23546.1,23547.15,797208
1788940440,2026-09-09T13:24:00,23548.9,23548.9,23543.7,23545.65,732428
1788940500,2026-09-09T13:25:00,23546.95,23550.75,23544.5,23550.55,531447
1788940560,2026-09-09T13:26:00,23551.05,23555.2,23549.8,23552.6,1058007
1788940620,2026-09-09T13:27:00,23552.8,23555.8,23551.55,23553.7,481652
1788940680,2026-09-09T13:28:00,23554.5,23554.8,23550.05,23552.95,663623
1788940740,2026-09-09T13:29:00,23553.35,23560.05,23552,23558.45,764896
1788940800,2026-09-09T13:30:00,23559.75,23560.6,23553.95,23556.55,820604
1788940860,2026-09-09T13:31:00,23557.15,23558.5,23553.75,23555.9,704529
1788940920,2026-09-09T13:32:00,23556.05,23558.8,23553.2,23555,685176
1788940980,2026-09-09T13:33:00,23556.05,23556.65,23546.5,23547.2,507172
1788941040,2026-09-09T13:34:00,23549.1,23549.1,23542.45,23545.25,722858
1788941100,2026-09-09T13:35:00,23546.2,23548.25,23542.35,23546.85,557581
1788941160,2026-09-09T13:36:00,23547.05,23549.7,23544.65,23546.25,761236
1788941220,2026-09-09T13:37:00,23547.5,23551.1,23545.3,23551.1,414839
1788941280,2026-09-09T13:38:00,23552.2,23555.45,23551.3,23554.9,422466
1788941340,2026-09-09T13:39:00,23555.7,23558.1,23554.55,23555.4,708040
1788941400,2026-09-09T13:40:00,23556.5,23557.05,23553.4,23555.1,377849
1788941460,2026-09-09T13:41:00,23556.2,23558.9,23553.3,23557.45,425887
1788941520,2026-09-09T13:42:00,23557.95,23560.4,23556.55,23557.5,398265
1788941580,2026-09-09T13:43:00,23558.5,23559.5,23555.55,23557.55,402330
1788941640,2026-09-09T13:44:00,23559.15,23559.15,23552.75,23554.1,342050
1788941700,2026-09-09T13:45:00,23554.9,23557.1,23552.75,23552.75,341483
1788941760,2026-09-09T13:46:00,23554.15,23554.15,23549.35,23551.4,363236
1788941820,2026-09-09T13:47:00,23551.95,23553.55,23550.55,23552.85,313603
1788941880,2026-09-09T13:48:00,23554.3,23554.3,23548.9,23551.25,410546
1788941940,2026-09-09T13:49:00,23552.2,23553.55,23549.8,23553.5,279468
1788942000,2026-09-09T13:50:00,23554,23555.45,23550.8,23553.7,437424
1788942060,2026-09-09T13:51:00,23554.4,23556.1,23552.45,23554.55,419839
1788942120,2026-09-09T13:52:00,23555.35,23557.7,23551.85,23556.2,392155
1788942180,2026-09-09T13:53:00,23556.95,23559.25,23552.85,23552.95,712793
1788942240,2026-09-09T13:54:00,23553.8,23553.8,23543.25,23543.45,410678
1788942300,2026-09-09T13:55:00,23544.75,23544.75,23540.3,23541.1,363460
1788942360,2026-09-09T13:56:00,23542.25,23542.25,23536.65,23539.6,1098117
1788942420,2026-09-09T13:57:00,23540.6,23541.7,23538.55,23541.5,401337
1788942480,2026-09-09T13:58:00,23542.35,23546.15,23540.85,23546.05,560846
1788942540,2026-09-09T13:59:00,23546.95,23552.2,23545.55,23551.95,421758
1788942600,2026-09-09T14:00:00,23552.55,23559.35,23551.75,23552.95,554611
1788942660,2026-09-09T14:01:00,23553.4,23560.4,23550.95,23558.75,442069
1788942720,2026-09-09T14:02:00,23559.6,23561.65,23557.45,23560.25,663973
1788942780,2026-09-09T14:03:00,23560.9,23561.8,23554,23554.65,542520
1788942840,2026-09-09T14:04:00,23555.3,23556.1,23552.2,23554.65,540811
1788942900,2026-09-09T14:05:00,23555.1,23560.8,23554.8,23560.25,877754
1788942960,2026-09-09T14:06:00,23560.85,23568.3,23560.25,23567.35,744136
1788943020,2026-09-09T14:07:00,23566.05,23566.05,23559.1,23560.5,767204
1788943080,2026-09-09T14:08:00,23561.8,23561.8,23557.5,23560.6,626166
1788943140,2026-09-09T14:09:00,23561.55,23562.6,23554.55,23554.55,831571
1788943200,2026-09-09T14:10:00,23556,23556,23548.65,23549.25,491257
1788943260,2026-09-09T14:11:00,23550.25,23556.25,23548.05,23553.5,542769
1788943320,2026-09-09T14:12:00,23553.75,23555.5,23550.95,23552.7,738904
1788943380,2026-09-09T14:13:00,23554.15,23556.25,23541.9,23542.4,1699909
1788943440,2026-09-09T14:14:00,23543,23547.5,23537.7,23546.85,978940
1788943500,2026-09-09T14:15:00,23546.9,23548.75,23543.2,23545.3,634243
1788943560,2026-09-09T14:16:00,23546.05,23548.75,23539.75,23541.9,645791
1788943620,2026-09-09T14:17:00,23543.05,23548.75,23541.7,23542.65,538755
1788943680,2026-09-09T14:18:00,23544.9,23544.9,23537.65,23541.2,628413
1788943740,2026-09-09T14:19:00,23541.5,23544.45,23540.65,23543.05,506631
1788943800,2026-09-09T14:20:00,23543.55,23545.35,23538.15,23543.25,771237
1788943860,2026-09-09T14:21:00,23544.9,23549.05,23541.7,23544.55,706466
1788943920,2026-09-09T14:22:00,23544.55,23549.15,23543.6,23545,559895
1788943980,2026-09-09T14:23:00,23546.75,23548.75,23543.35,23545.45,807598
1788944040,2026-09-09T14:24:00,23545.75,23546.4,23539.4,23540.65,682751
1788944100,2026-09-09T14:25:00,23541.6,23543.6,23537.25,23540.05,574142
1788944160,2026-09-09T14:26:00,23541.1,23544.15,23538.25,23540.75,553675
1788944220,2026-09-09T14:27:00,23541.9,23543.45,23533.5,23534.1,848731
1788944280,2026-09-09T14:28:00,23535,23541.9,23533.55,23537.95,731261
1788944340,2026-09-09T14:29:00,23539.1,23539.5,23534.6,23535.65,517696
1788944400,2026-09-09T14:30:00,23537.95,23537.95,23524.8,23526.3,2708144
1788944460,2026-09-09T14:31:00,23527.05,23531.3,23524.25,23526.05,564939
1788944520,2026-09-09T14:32:00,23527.2,23527.5,23523.05,23523.05,636748
1788944580,2026-09-09T14:33:00,23524.2,23524.2,23515,23515.35,685540
1788944640,2026-09-09T14:34:00,23517.6,23517.9,23510.95,23511.35,866107
1788944700,2026-09-09T14:35:00,23513.4,23516.6,23507.15,23508.6,890885
1788944760,2026-09-09T14:36:00,23510.1,23510.6,23504.4,23506.75,672103
1788944820,2026-09-09T14:37:00,23506.75,23506.85,23496,23498.2,792916
1788944880,2026-09-09T14:38:00,23499.5,23501.55,23490.1,23491.55,1046640
1788944940,2026-09-09T14:39:00,23492.75,23496.65,23490.45,23492.85,874987
1788945000,2026-09-09T14:40:00,23495.1,23496,23489.5,23489.75,698570
1788945060,2026-09-09T14:41:00,23491.05,23495.8,23489.65,23492.8,775244
1788945120,2026-09-09T14:42:00,23494.25,23494.9,23489.2,23490.65,820221
1788945180,2026-09-09T14:43:00,23491.85,23493.85,23489.05,23490.95,740175
1788945240,2026-09-09T14:44:00,23490.75,23491.65,23485.85,23487.65,1116128
1788945300,2026-09-09T14:45:00,23489.8,23489.8,23478.3,23478.95,773610
1788945360,2026-09-09T14:46:00,23480.7,23483.4,23479.35,23480.25,827236
1788945420,2026-09-09T14:47:00,23479.05,23487.85,23477.65,23484.45,1194499
1788945480,2026-09-09T14:48:00,23484.65,23486.65,23482.6,23483.3,639183
1788945540,2026-09-09T14:49:00,23484.4,23488.35,23483.05,23487.4,926224
1788945600,2026-09-09T14:50:00,23486.75,23492.05,23483.7,23489.8,1652949
1788945660,2026-09-09T14:51:00,23490.5,23493.2,23485.65,23486.5,1136751
1788945720,2026-09-09T14:52:00,23486.6,23491.2,23484.4,23486.6,1046224
1788945780,2026-09-09T14:53:00,23486.75,23491.05,23485.15,23490.95,940102
1788945840,2026-09-09T14:54:00,23490.8,23494.8,23487.2,23487.5,869764
1788945900,2026-09-09T14:55:00,23488.1,23491.35,23486.6,23487.2,892726
1788945960,2026-09-09T14:56:00,23488.5,23489.15,23482.05,23483.2,1177949
1788946020,2026-09-09T14:57:00,23483.8,23487.7,23483.15,23486.85,1096123
1788946080,2026-09-09T14:58:00,23488.1,23488.1,23485,23485.45,1199858
1788946140,2026-09-09T14:59:00,23486.4,23487,23483.65,23486,1287834
1788946200,2026-09-09T15:00:00,23486.95,23487.5,23483.65,23485.2,1896730
1788946260,2026-09-09T15:01:00,23485.7,23487.8,23480.1,23481.55,1591694
1788946320,2026-09-09T15:02:00,23481,23481.6,23477.05,23477.35,1303450
1788946380,2026-09-09T15:03:00,23476.75,23477.95,23471.2,23472,2013621
1788946440,2026-09-09T15:04:00,23472.35,23472.95,23461.3,23462.3,1919002
1788946500,2026-09-09T15:05:00,23461.3,23461.3,23450.95,23458.65,2875534
1788946560,2026-09-09T15:06:00,23458.8,23459.75,23454.2,23454.75,1841921
1788946620,2026-09-09T15:07:00,23455.45,23458.4,23452.4,23457.55,1940034
1788946680,2026-09-09T15:08:00,23456.9,23468.2,23456.9,23468.05,1678227
1788946740,2026-09-09T15:09:00,23467.7,23470.7,23463.55,23470,1885203
1788946800,2026-09-09T15:10:00,23470.2,23472.35,23467.85,23470.9,2425491
1788946860,2026-09-09T15:11:00,23471.15,23473.7,23466.95,23467.3,2547435
1788946920,2026-09-09T15:12:00,23467.05,23468.65,23461.2,23465.4,4245865
1788946980,2026-09-09T15:13:00,23465.8,23470.95,23463.85,23467.2,2148077
1788947040,2026-09-09T15:14:00,23465.55,23468.25,23458.5,23462.4,1167156
1788947100,2026-09-09T15:15:00,23462.45,23462.45,23462.45,23462.45,2419
1788947160,2026-09-09T15:16:00,23462.45,23462.45,23462.45,23462.45,2419
1788947220,2026-09-09T15:17:00,23462.45,23462.45,23462.45,23462.45,2419
1788947280,2026-09-09T15:18:00,23462.45,23462.45,23462.45,23462.45,2419
1788947340,2026-09-09T15:19:00,23462.45,23462.45,23462.45,23462.45,2419
1788947400,2026-09-09T15:20:00,23462.45,23462.45,23462.45,23462.45,2419
1788947460,2026-09-09T15:21:00,23462.45,23462.45,23462.45,23462.45,2419
1788947520,2026-09-09T15:22:00,23462.45,23462.45,23462.45,23462.45,2419
1788947580,2026-09-09T15:23:00,23462.45,23462.45,23462.45,23462.45,2419
1788947640,2026-09-09T15:24:00,23462.45,23462.45,23462.45,23462.45,2419
1788947700,2026-09-09T15:25:00,23462.45,23462.45,23462.45,23462.45,2419
1788947760,2026-09-09T15:26:00,23462.45,23462.45,23462.45,23462.45,2419
1788947820,2026-09-09T15:27:00,23462.45,23462.45,23462.45,23462.45,2419
1788947880,2026-09-09T15:28:00,23462.45,23462.45,23431.5,23431.5,2419
1788947940,2026-09-09T15:29:00,23431.5,23431.5,23431.5,23431.5,2419
1789011900,2026-09-10T09:15:00,23446.6,23494.95,23437.05,23460.4,3252595
1789011960,2026-09-10T09:16:00,23461.4,23461.4,23431.35,23433.95,2329647
1789012020,2026-09-10T09:17:00,23433.45,23462.8,23433.45,23460.75,1841250
1789012080,2026-09-10T09:18:00,23459.1,23471.9,23459.1,23468.75,1481880
1789012140,2026-09-10T09:19:00,23470.1,23472.3,23455.15,23459.45,1345727
1789012200,2026-09-10T09:20:00,23460.3,23460.3,23439.4,23444.1,1249412
1789012260,2026-09-10T09:21:00,23445.65,23463.2,23444.7,23456.95,951754
1789012320,2026-09-10T09:22:00,23458.3,23458.3,23419.25,23421.7,1549947
1789012380,2026-09-10T09:23:00,23423.5,23423.55,23414,23420.3,1446898
1789012440,2026-09-10T09:24:00,23420.6,23430.6,23419.25,23428.6,926451
1789012500,2026-09-10T09:25:00,23429.15,23429.15,23419.5,23419.8,739270
1789012560,2026-09-10T09:26:00,23423.3,23433.75,23420.4,23433.55,781977
1789012620,2026-09-10T09:27:00,23434.9,23445.25,23432.8,23437.15,916038
1789012680,2026-09-10T09:28:00,23439.5,23445.75,23437.65,23443.7,691347
1789012740,2026-09-10T09:29:00,23445.2,23446.4,23435.75,23437.35,803489
1789012800,2026-09-10T09:30:00,23439.15,23440.65,23422,23422.7,1045279
1789012860,2026-09-10T09:31:00,23422.95,23423.15,23409.3,23418.05,981734
1789012920,2026-09-10T09:32:00,23417.3,23421.5,23412.65,23420.75,741533
1789012980,2026-09-10T09:33:00,23422.5,23437.25,23420.75,23436.3,915210
1789013040,2026-09-10T09:34:00,23437.8,23438.1,23429.4,23432,896353
1789013100,2026-09-10T09:35:00,23433.7,23434.2,23425.7,23428.75,685500
1789013160,2026-09-10T09:36:00,23430.9,23436,23426.8,23434.65,629120
1789013220,2026-09-10T09:37:00,23435.9,23435.9,23430.65,23431.9,651451
1789013280,2026-09-10T09:38:00,23433,23433.15,23417.15,23417.6,971357
1789013340,2026-09-10T09:39:00,23417.7,23421.6,23416.05,23418.8,612144
1789013400,2026-09-10T09:40:00,23419.95,23424.05,23419,23422.9,591032
1789013460,2026-09-10T09:41:00,23424.1,23426.35,23417.8,23419.6,519978
1789013520,2026-09-10T09:42:00,23420.7,23430.6,23420.2,23427.45,476079
1789013580,2026-09-10T09:43:00,23428.8,23434.7,23426,23426,629163
1789013640,2026-09-10T09:44:00,23428.55,23428.8,23420.7,23422.6,572014
1789013700,2026-09-10T09:45:00,23423.25,23431.05,23421.85,23427.65,438818
1789013760,2026-09-10T09:46:00,23429.35,23429.6,23424.15,23426.2,589676
1789013820,2026-09-10T09:47:00,23426.85,23433.7,23421.65,23432.5,540619
1789013880,2026-09-10T09:48:00,23432.1,23435.55,23427.5,23435,396605
1789013940,2026-09-10T09:49:00,23435.9,23437.3,23430.15,23435.65,448337
1789014000,2026-09-10T09:50:00,23437.3,23444.05,23436.55,23443.1,449616
1789014060,2026-09-10T09:51:00,23445.1,23449.4,23443.25,23447.1,526943
1789014120,2026-09-10T09:52:00,23448.65,23451.6,23444.3,23447.9,565288
1789014180,2026-09-10T09:53:00,23448.85,23451.45,23442.8,23443.1,571676
1789014240,2026-09-10T09:54:00,23444.1,23445.85,23441.6,23442.3,433436
1789014300,2026-09-10T09:55:00,23443.4,23443.45,23436.45,23437.75,490365
1789014360,2026-09-10T09:56:00,23441.75,23445.7,23434.8,23443.6,584622
1789014420,2026-09-10T09:57:00,23445.3,23445.3,23432.6,23433.95,577277
1789014480,2026-09-10T09:58:00,23435.1,23435.7,23429.75,23431.15,484017
1789014540,2026-09-10T09:59:00,23432.4,23432.4,23424.8,23428.05,588587
1789014600,2026-09-10T10:00:00,23430.2,23430.2,23422.2,23422.2,483064
1789014660,2026-09-10T10:01:00,23423.9,23424.45,23418.6,23419.3,689048
1789014720,2026-09-10T10:02:00,23420.25,23420.65,23412.5,23412.6,686916
1789014780,2026-09-10T10:03:00,23414.1,23418.8,23412.9,23414.5,636239
1789014840,2026-09-10T10:04:00,23416.8,23426.55,23415.25,23422.65,526585
1789014900,2026-09-10T10:05:00,23423.75,23427,23422.45,23425.05,617755
1789014960,2026-09-10T10:06:00,23424.75,23426.4,23416.05,23416.55,504205
1789015020,2026-09-10T10:07:00,23417.65,23418.85,23412.95,23413.6,5801238
1789015080,2026-09-10T10:08:00,23415.95,23418.2,23408.5,23408.6,1267468
1789015140,2026-09-10T10:09:00,23409.9,23419.35,23404.45,23414.8,849493
1789015200,2026-09-10T10:10:00,23415.75,23415.8,23411.2,23413.75,601989
1789015260,2026-09-10T10:11:00,23415.75,23417,23409.05,23414,553471
1789015320,2026-09-10T10:12:00,23414.75,23414.75,23407.8,23408.85,419518
1789015380,2026-09-10T10:13:00,23410.55,23411.65,23404.35,23406,546935
1789015440,2026-09-10T10:14:00,23407.9,23413.6,23405.5,23413.6,686861
1789015500,2026-09-10T10:15:00,23415.15,23420.25,23412.35,23420,637807
1789015560,2026-09-10T10:16:00,23421.9,23426.3,23421.45,23425.2,667672
1789015620,2026-09-10T10:17:00,23426.75,23435.85,23425.75,23428.15,1011829
1789015680,2026-09-10T10:18:00,23429.3,23433.75,23427.5,23429.35,509937
1789015740,2026-09-10T10:19:00,23429.95,23431.65,23426.2,23426.75,358911
1789015800,2026-09-10T10:20:00,23428.45,23428.45,23421.65,23421.9,363745
1789015860,2026-09-10T10:21:00,23422.6,23423.55,23417.2,23418.3,661982
1789015920,2026-09-10T10:22:00,23419.5,23419.5,23415,23416.95,563750
1789015980,2026-09-10T10:23:00,23418.2,23429.15,23417,23428.95,345348
1789016040,2026-09-10T10:24:00,23430.4,23430.4,23422.35,23424.25,409293
1789016100,2026-09-10T10:25:00,23425.15,23427.3,23420.7,23426.55,474162
1789016160,2026-09-10T10:26:00,23428.6,23428.6,23423.8,23425.5,349851
1789016220,2026-09-10T10:27:00,23426.7,23427.05,23421.15,23421.7,437706
1789016280,2026-09-10T10:28:00,23422.75,23424.1,23421,23421.85,314313
1789016340,2026-09-10T10:29:00,23423,23426.65,23421.6,23424.8,274728
1789016400,2026-09-10T10:30:00,23425.5,23429,23424.7,23428.25,356101
1789016460,2026-09-10T10:31:00,23429,23430.25,23424.3,23424.4,284530
1789016520,2026-09-10T10:32:00,23425.6,23428.55,23424.25,23425.5,271177
1789016580,2026-09-10T10:33:00,23428.2,23430.75,23426.3,23429.45,288828
1789016640,2026-09-10T10:34:00,23430.85,23430.85,23426.15,23428.15,375659
1789016700,2026-09-10T10:35:00,23428.7,23430,23426.75,23427.6,530821
1789016760,2026-09-10T10:36:00,23429.55,23430.9,23426.1,23427.95,368071
1789016820,2026-09-10T10:37:00,23428.95,23429.1,23426.45,23427.35,319145
1789016880,2026-09-10T10:38:00,23429.35,23433.8,23427.35,23432.35,299809
1789016940,2026-09-10T10:39:00,23433.95,23437.05,23432.5,23436.25,268283
1789017000,2026-09-10T10:40:00,23436.95,23441.4,23435.6,23439.85,367581
1789017060,2026-09-10T10:41:00,23441.5,23444.05,23435.5,23437.95,585128
1789017120,2026-09-10T10:42:00,23438.8,23441.35,23433.1,23439.7,359628
1789017180,2026-09-10T10:43:00,23441.5,23442.05,23435.3,23435.45,429539
1789017240,2026-09-10T10:44:00,23437.3,23448.4,23436.35,23448.4,563215
1789017300,2026-09-10T10:45:00,23449.3,23451.35,23441.65,23442.7,495245
1789017360,2026-09-10T10:46:00,23443.6,23444.95,23435.3,23435.35,503853
1789017420,2026-09-10T10:47:00,23436.95,23436.95,23431.8,23433.4,733500
1789017480,2026-09-10T10:48:00,23434.8,23434.8,23427.2,23427.5,545716
1789017540,2026-09-10T10:49:00,23428.3,23428.75,23423.6,23424.15,554130
1789017600,2026-09-10T10:50:00,23426.2,23426.2,23418.8,23420,367191
1789017660,2026-09-10T10:51:00,23420.55,23421.35,23416,23419.55,808252
1789017720,2026-09-10T10:52:00,23421.85,23424.35,23417.85,23417.85,500822
1789017780,2026-09-10T10:53:00,23419.3,23419.95,23415.4,23416.65,862795
1789017840,2026-09-10T10:54:00,23418.3,23418.3,23410.8,23410.8,380746
1789017900,2026-09-10T10:55:00,23412.9,23413.85,23406.25,23406.35,632419
1789017960,2026-09-10T10:56:00,23407.55,23409.2,23403.8,23404.3,495280
1789018020,2026-09-10T10:57:00,23404.4,23411.6,23403.05,23411.5,663778
1789018080,2026-09-10T10:58:00,23411.55,23414.2,23406.9,23408.75,242645
1789018140,2026-09-10T10:59:00,23409.9,23410.2,23407.6,23409.75,321625
1789018200,2026-09-10T11:00:00,23412.5,23418.85,23410.75,23416.65,468147
1789018260,2026-09-10T11:01:00,23418.45,23418.85,23415.95,23417.45,337719
1789018320,2026-09-10T11:02:00,23417.75,23417.75,23413.75,23414.95,357252
1789018380,2026-09-10T11:03:00,23416.3,23421,23414,23414.65,605598
1789018440,2026-09-10T11:04:00,23416.1,23422.3,23415.15,23417.45,478023
1789018500,2026-09-10T11:05:00,23418.75,23418.75,23409.85,23413.2,530760
1789018560,2026-09-10T11:06:00,23415.05,23420.35,23413.2,23419.55,544592
1789018620,2026-09-10T11:07:00,23420.8,23420.8,23414.5,23418,511614
1789018680,2026-09-10T11:08:00,23419.45,23423.2,23416.8,23419.7,450745
1789018740,2026-09-10T11:09:00,23420.4,23420.55,23416.7,23417.4,532336
1789018800,2026-09-10T11:10:00,23418.8,23422.95,23416.45,23420.45,1351429
1789018860,2026-09-10T11:11:00,23421.95,23422.4,23417.65,23419.85,1075745
1789018920,2026-09-10T11:12:00,23420.2,23426.1,23419.2,23424.35,465247
1789018980,2026-09-10T11:13:00,23426.25,23435.15,23424.8,23434.85,1041132
1789019040,2026-09-10T11:14:00,23435.9,23439.1,23432.15,23438.95,489515
1789019100,2026-09-10T11:15:00,23439.5,23446.8,23438.3,23444,1562471
1789019160,2026-09-10T11:16:00,23443.55,23445.35,23436.65,23436.95,820177
1789019220,2026-09-10T11:17:00,23438.15,23440.5,23435.3,23440.4,349940
1789019280,2026-09-10T11:18:00,23441.15,23443,23436.6,23437.4,375520
1789019340,2026-09-10T11:19:00,23437.65,23442,23436.15,23436.75,756835
1789019400,2026-09-10T11:20:00,23438.1,23438.1,23425.85,23428.25,727672
1789019460,2026-09-10T11:21:00,23430.75,23432.6,23423.75,23424.55,1434194
1789019520,2026-09-10T11:22:00,23425.15,23433.6,23423.8,23433.5,753833
1789019580,2026-09-10T11:23:00,23434.6,23437.5,23433.65,23436.7,503843
1789019640,2026-09-10T11:24:00,23437.8,23438.1,23432.25,23433.05,1188174
1789019700,2026-09-10T11:25:00,23435.1,23436.45,23433.05,23433.6,323296
1789019760,2026-09-10T11:26:00,23434.85,23435.35,23430.85,23434.2,1074655
1789019820,2026-09-10T11:27:00,23434.75,23434.85,23426.25,23426.85,465270
1789019880,2026-09-10T11:28:00,23427.7,23429.35,23424.8,23428.25,783942
1789019940,2026-09-10T11:29:00,23430,23430,23426.55,23426.7,447074
1789020000,2026-09-10T11:30:00,23428.55,23437.3,23426.6,23437,492197
1789020060,2026-09-10T11:31:00,23437.95,23439.05,23435.4,23436.3,395509
1789020120,2026-09-10T11:32:00,23437.35,23438.15,23423.7,23424.5,472465
1789020180,2026-09-10T11:33:00,23426.05,23426.05,23419.65,23420.5,479831
1789020240,2026-09-10T11:34:00,23421.65,23421.65,23418.85,23420.75,392316
1789020300,2026-09-10T11:35:00,23421.65,23422.4,23416.95,23421.5,385522
1789020360,2026-09-10T11:36:00,23422.9,23425.25,23420.1,23421.25,932880
1789020420,2026-09-10T11:37:00,23421.95,23421.95,23418.2,23419.1,423404
1789020480,2026-09-10T11:38:00,23420.3,23424.5,23417.8,23421.7,998299
1789020540,2026-09-10T11:39:00,23422.45,23422.45,23412.05,23413,667572
1789020600,2026-09-10T11:40:00,23414.3,23417.05,23412.6,23414.75,551523
1789020660,2026-09-10T11:41:00,23415.1,23418.45,23412,23412.6,684524
1789020720,2026-09-10T11:42:00,23413.8,23413.8,23405.65,23405.9,1188176
1789020780,2026-09-10T11:43:00,23407.85,23413.25,23405.35,23412.9,505769
1789020840,2026-09-10T11:44:00,23413.65,23421.85,23411.2,23421.55,458902
1789020900,2026-09-10T11:45:00,23422.4,23424.45,23420.3,23423.45,472120
1789020960,2026-09-10T11:46:00,23424.7,23427.3,23422.05,23423.9,408432
1789021020,2026-09-10T11:47:00,23424.95,23430.2,23424.55,23429.1,358475
1789021080,2026-09-10T11:48:00,23431.05,23431.05,23426.4,23429.8,515184
1789021140,2026-09-10T11:49:00,23431.05,23433.55,23428.5,23431.4,591048
1789021200,2026-09-10T11:50:00,23433.45,23435.5,23431.25,23433.15,764556
1789021260,2026-09-10T11:51:00,23434.85,23435.45,23430.3,23430.7,472238
1789021320,2026-09-10T11:52:00,23432.45,23432.45,23426.25,23430.3,644476
1789021380,2026-09-10T11:53:00,23430.9,23432.25,23429.55,23431.3,331311
1789021440,2026-09-10T11:54:00,23432.45,23432.55,23428.7,23432.55,1098148
1789021500,2026-09-10T11:55:00,23433,23433,23428.75,23430.15,450514
1789021560,2026-09-10T11:56:00,23431.3,23431.3,23422,23424.75,547390
1789021620,2026-09-10T11:57:00,23425.2,23433.05,23424.8,23430.3,728901
1789021680,2026-09-10T11:58:00,23431.6,23435.05,23429.6,23433.65,442131
1789021740,2026-09-10T11:59:00,23434.55,23439.6,23432.9,23439.4,325428
1789021800,2026-09-10T12:00:00,23441.1,23444.4,23439.8,23444.35,516269
1789021860,2026-09-10T12:01:00,23445.75,23446.3,23439.85,23440.7,654838
1789021920,2026-09-10T12:02:00,23441.65,23445.9,23440.5,23445.7,496250
1789021980,2026-09-10T12:03:00,23446.4,23447.55,23441.5,23442.35,421417
1789022040,2026-09-10T12:04:00,23442.85,23449.4,23441.2,23447,707551
1789022100,2026-09-10T12:05:00,23448.45,23448.85,23444.25,23446.55,552263
1789022160,2026-09-10T12:06:00,23447.6,23448.15,23437.85,23439.35,351766
1789022220,2026-09-10T12:07:00,23441,23446.1,23438,23446.1,375148
1789022280,2026-09-10T12:08:00,23445.75,23446.25,23438.6,23439.35,319484
1789022340,2026-09-10T12:09:00,23440.9,23441.9,23437.1,23437.6,359521
1789022400,2026-09-10T12:10:00,23439.35,23441.2,23437.3,23439.6,324849
1789022460,2026-09-10T12:11:00,23441.2,23448.5,23440.8,23447.3,470047
1789022520,2026-09-10T12:12:00,23449.15,23458.4,23447.4,23456.65,788675
1789022580,2026-09-10T12:13:00,23457.7,23458.55,23451.55,23458,759551
1789022640,2026-09-10T12:14:00,23459.7,23464.85,23456.25,23458.2,583991
1789022700,2026-09-10T12:15:00,23460.15,23464.45,23459,23461.35,752157
1789022760,2026-09-10T12:16:00,23464.15,23464.8,23459.85,23463.8,622300
1789022820,2026-09-10T12:17:00,23465.2,23466.3,23461.25,23461.45,719378
1789022880,2026-09-10T12:18:00,23462.8,23463.85,23459.4,23461.55,389876
1789022940,2026-09-10T12:19:00,23462.9,23466,23461.25,23462.1,307743
1789023000,2026-09-10T12:20:00,23463.5,23466.6,23458.95,23464.2,363072
1789023060,2026-09-10T12:21:00,23464.8,23471.7,23462.5,23469.65,844120
1789023120,2026-09-10T12:22:00,23469.9,23473.9,23464,23465.25,472379
1789023180,2026-09-10T12:23:00,23466.55,23470.15,23456.05,23458.95,522417
1789023240,2026-09-10T12:24:00,23460.3,23463.65,23456.1,23457.35,625097
1789023300,2026-09-10T12:25:00,23459.15,23461.55,23456.35,23461.5,777329
1789023360,2026-09-10T12:26:00,23462.45,23464.75,23461.2,23464.75,302334
1789023420,2026-09-10T12:27:00,23465.7,23466.85,23458.6,23459.85,372241
1789023480,2026-09-10T12:28:00,23461.5,23463.5,23460.25,23461.35,244252
1789023540,2026-09-10T12:29:00,23461.95,23462.45,23457.25,23457.5,308433
1789023600,2026-09-10T12:30:00,23459.3,23460.3,23454.8,23457,578981
1789023660,2026-09-10T12:31:00,23458,23458.55,23449.95,23452.35,632228
1789023720,2026-09-10T12:32:00,23453.65,23457.75,23452.75,23452.75,456749
1789023780,2026-09-10T12:33:00,23455.4,23457.65,23453.15,23456.3,416656
1789023840,2026-09-10T12:34:00,23457.6,23458.25,23448.9,23450.4,346682
1789023900,2026-09-10T12:35:00,23452.2,23452.65,23449.4,23450.85,460110
1789023960,2026-09-10T12:36:00,23452,23453,23445.65,23445.85,544213
1789024020,2026-09-10T12:37:00,23447.45,23449.1,23441.5,23442.25,529838
1789024080,2026-09-10T12:38:00,23443.4,23445.3,23441.25,23441.25,427074
1789024140,2026-09-10T12:39:00,23443.35,23447.55,23439.7,23446.05,572790
1789024200,2026-09-10T12:40:00,23446.7,23451.75,23445.5,23450,436239
1789024260,2026-09-10T12:41:00,23452.2,23453.7,23443.25,23443.3,827187
1789024320,2026-09-10T12:42:00,23444.55,23456.6,23443.55,23453.8,720891
1789024380,2026-09-10T12:43:00,23454.8,23461.45,23453.25,23458.4,617959
1789024440,2026-09-10T12:44:00,23459.9,23462,23457.9,23458.85,675410
1789024500,2026-09-10T12:45:00,23460.8,23465.2,23457.85,23461.55,769908
1789024560,2026-09-10T12:46:00,23462.7,23463.1,23454.25,23454.8,660667
1789024620,2026-09-10T12:47:00,23455.85,23456.5,23448.95,23453.35,742016
1789024680,2026-09-10T12:48:00,23455.15,23456.6,23450.45,23456.6,645066
1789024740,2026-09-10T12:49:00,23457.8,23460.55,23456.55,23456.55,445596
1789024800,2026-09-10T12:50:00,23458.4,23460.5,23454.05,23458.65,533622
1789024860,2026-09-10T12:51:00,23460.05,23460.8,23456.9,23458.95,325335
1789024920,2026-09-10T12:52:00,23460.15,23461.9,23456.05,23456.05,388322
1789024980,2026-09-10T12:53:00,23457.85,23458.55,23453.7,23454.25,435726
1789025040,2026-09-10T12:54:00,23456.4,23457,23449.75,23452.7,338121
1789025100,2026-09-10T12:55:00,23454.6,23455.55,23445.15,23447.65,912812
1789025160,2026-09-10T12:56:00,23451.05,23451.4,23442.6,23445.75,561004
1789025220,2026-09-10T12:57:00,23447.6,23449.35,23444.9,23448.5,431534
1789025280,2026-09-10T12:58:00,23450.5,23451.6,23444.7,23444.85,335560
1789025340,2026-09-10T12:59:00,23446.4,23447.55,23437.05,23437.65,800536
1789025400,2026-09-10T13:00:00,23439.85,23441.8,23437.9,23438.1,384142
1789025460,2026-09-10T13:01:00,23439.35,23439.35,23431.85,23433.4,913122
1789025520,2026-09-10T13:02:00,23434.85,23441.6,23432.7,23439.6,388322
1789025580,2026-09-10T13:03:00,23442.25,23442.8,23436.25,23436.25,364406
1789025640,2026-09-10T13:04:00,23438.1,23441.35,23436.75,23437.85,554965
1789025700,2026-09-10T13:05:00,23439.95,23441.6,23429.75,23430.7,974428
1789025760,2026-09-10T13:06:00,23433.65,23433.65,23423.15,23424.7,780123
1789025820,2026-09-10T13:07:00,23427.4,23432.15,23424.15,23428.35,494355
1789025880,2026-09-10T13:08:00,23429.95,23432.65,23428.85,23431.9,380380
1789025940,2026-09-10T13:09:00,23433.95,23439.7,23432.45,23436.7,844622
1789026000,2026-09-10T13:10:00,23438.8,23440.65,23434,23440.45,773146
1789026060,2026-09-10T13:11:00,23441.6,23442.55,23437.55,23439.25,473747
1789026120,2026-09-10T13:12:00,23440.35,23441.6,23433.65,23435.55,491809
1789026180,2026-09-10T13:13:00,23436.95,23439.9,23435.55,23439.9,407965
1789026240,2026-09-10T13:14:00,23441.8,23448.45,23439.5,23447.3,673830
1789026300,2026-09-10T13:15:00,23450.45,23451.1,23439.2,23442.15,629031
1789026360,2026-09-10T13:16:00,23442.8,23445.05,23438.35,23438.8,426110
1789026420,2026-09-10T13:17:00,23441.05,23443.4,23439.8,23440.8,319441
1789026480,2026-09-10T13:18:00,23443,23444.45,23440.85,23442.95,440838
1789026540,2026-09-10T13:19:00,23444.15,23444.6,23434.55,23436.3,425299
1789026600,2026-09-10T13:20:00,23438.7,23439.15,23432.4,23434.2,410947
1789026660,2026-09-10T13:21:00,23436,23443,23433.1,23440.55,375105
1789026720,2026-09-10T13:22:00,23441.85,23443.3,23436.3,23436.45,351677
1789026780,2026-09-10T13:23:00,23438.1,23440.45,23436.15,23439.05,547681
1789026840,2026-09-10T13:24:00,23440.1,23441.2,23438.4,23440.4,471425
1789026900,2026-09-10T13:25:00,23440.7,23443.95,23439.1,23439.1,460462
1789026960,2026-09-10T13:26:00,23440.85,23441.7,23436.9,23437.05,432987
1789027020,2026-09-10T13:27:00,23438.75,23438.75,23434.15,23434.6,379773
1789027080,2026-09-10T13:28:00,23436.55,23436.9,23432.7,23436.7,318296
1789027140,2026-09-10T13:29:00,23437.85,23438.05,23428.7,23431.15,540009
1789027200,2026-09-10T13:30:00,23432.05,23432.05,23424.55,23429.45,403127
1789027260,2026-09-10T13:31:00,23431.65,23434.05,23430,23432.05,396969
1789027320,2026-09-10T13:32:00,23433.35,23435.35,23429.65,23429.65,353189
1789027380,2026-09-10T13:33:00,23430.2,23431.05,23424.6,23427.15,1044461
1789027440,2026-09-10T13:34:00,23427.25,23430.25,23425.25,23428.6,507483
1789027500,2026-09-10T13:35:00,23430.1,23432.3,23427.8,23429.6,358363
1789027560,2026-09-10T13:36:00,23430.85,23432.15,23428.1,23430.5,347708
1789027620,2026-09-10T13:37:00,23431.6,23433.5,23427.15,23429.45,263828
1789027680,2026-09-10T13:38:00,23430.9,23437.55,23430.35,23437.55,999602
1789027740,2026-09-10T13:39:00,23437.35,23440.5,23432.5,23439.35,818272
1789027800,2026-09-10T13:40:00,23441.2,23444.65,23438.95,23442.85,712374
1789027860,2026-09-10T13:41:00,23442.9,23446.35,23439.6,23440.6,478098
1789027920,2026-09-10T13:42:00,23442.95,23445.5,23439.7,23439.85,571410
1789027980,2026-09-10T13:43:00,23441.8,23442.7,23436.75,23439.25,697795
1789028040,2026-09-10T13:44:00,23440.15,23441.65,23436.35,23440,375487
1789028100,2026-09-10T13:45:00,23440.5,23440.85,23433.05,23433.05,565916
1789028160,2026-09-10T13:46:00,23435,23435.9,23431.85,23432.2,347017
1789028220,2026-09-10T13:47:00,23434.5,23437.5,23433.35,23433.6,449471
1789028280,2026-09-10T13:48:00,23434.45,23435.75,23428.05,23428.75,578547
1789028340,2026-09-10T13:49:00,23430.65,23436.45,23429.5,23431.9,427661
1789028400,2026-09-10T13:50:00,23433.55,23434,23430.3,23431.35,250235
1789028460,2026-09-10T13:51:00,23431.6,23435.55,23429.3,23434.15,291370
1789028520,2026-09-10T13:52:00,23435.2,23436.7,23433.7,23434.85,289718
1789028580,2026-09-10T13:53:00,23436.25,23437.65,23432.9,23433.35,320219
1789028640,2026-09-10T13:54:00,23435.1,23436.4,23430.4,23431.2,318177
1789028700,2026-09-10T13:55:00,23432.85,23433.55,23425.05,23426.8,353816
1789028760,2026-09-10T13:56:00,23427.95,23428.75,23424.05,23426.2,354725
1789028820,2026-09-10T13:57:00,23427.95,23429.1,23423.1,23426.8,621854
1789028880,2026-09-10T13:58:00,23427.6,23428.85,23425.2,23426.05,286597
1789028940,2026-09-10T13:59:00,23426.65,23427.3,23423.05,23425.2,498488
1789029000,2026-09-10T14:00:00,23427.4,23430.15,23425.7,23428.65,391034
1789029060,2026-09-10T14:01:00,23429.85,23429.85,23424.8,23425.85,284348
1789029120,2026-09-10T14:02:00,23426.55,23427.95,23422.5,23423.4,457737
1789029180,2026-09-10T14:03:00,23424.7,23425,23419.25,23420.55,623321
1789029240,2026-09-10T14:04:00,23421.4,23421.6,23417.05,23417.55,364538
1789029300,2026-09-10T14:05:00,23417.9,23419.25,23413.8,23418.4,465526
1789029360,2026-09-10T14:06:00,23419.35,23421.95,23418,23420.95,264871
1789029420,2026-09-10T14:07:00,23421.65,23422.2,23418.25,23420.5,305305
1789029480,2026-09-10T14:08:00,23420.75,23421.7,23415.75,23416.65,380768
1789029540,2026-09-10T14:09:00,23418.75,23422.95,23415.4,23419.4,368841
1789029600,2026-09-10T14:10:00,23420.1,23420.7,23416.4,23417.3,340774
1789029660,2026-09-10T14:11:00,23418.75,23419.25,23415.5,23418.9,465393
1789029720,2026-09-10T14:12:00,23419.95,23421.8,23417.35,23417.8,1054034
1789029780,2026-09-10T14:13:00,23419.5,23419.5,23414.35,23418.75,536016
1789029840,2026-09-10T14:14:00,23418.85,23420.6,23416.65,23417.9,630611
1789029900,2026-09-10T14:15:00,23419.1,23419.1,23413.1,23413.9,480120
1789029960,2026-09-10T14:16:00,23414.75,23416.65,23413.3,23416.1,366023
1789030020,2026-09-10T14:17:00,23418.1,23418.15,23413.4,23415.6,473981
1789030080,2026-09-10T14:18:00,23416.35,23416.35,23410.75,23411.15,534417
1789030140,2026-09-10T14:19:00,23411.5,23412.25,23406.5,23410.15,854697
1789030200,2026-09-10T14:20:00,23410.95,23416.9,23409.7,23415.8,487977
1789030260,2026-09-10T14:21:00,23417.2,23424.4,23417.2,23422.9,633735
1789030320,2026-09-10T14:22:00,23424.45,23424.45,23419.8,23421,432744
1789030380,2026-09-10T14:23:00,23422.3,23423.05,23419.3,23420.1,350913
1789030440,2026-09-10T14:24:00,23421.15,23425.85,23419.2,23424.7,372914
1789030500,2026-09-10T14:25:00,23425.35,23428.15,23424.35,23426.85,444033
1789030560,2026-09-10T14:26:00,23423.75,23426.55,23420.4,23421.45,437309
1789030620,2026-09-10T14:27:00,23422.2,23426,23421.1,23424.8,248770
1789030680,2026-09-10T14:28:00,23425.4,23425.4,23411.65,23414.8,558320
1789030740,2026-09-10T14:29:00,23416.65,23418.85,23415.15,23418.65,318138
1789030800,2026-09-10T14:30:00,23420.05,23421.45,23418.3,23420.1,320971
1789030860,2026-09-10T14:31:00,23420.15,23420.8,23413.65,23414.45,625676
1789030920,2026-09-10T14:32:00,23414.3,23418.85,23414.2,23415.7,457939
1789030980,2026-09-10T14:33:00,23416.8,23419.2,23413.75,23416.2,605009
1789031040,2026-09-10T14:34:00,23417.8,23418.7,23414.9,23416.35,337450
1789031100,2026-09-10T14:35:00,23417.55,23417.55,23410.8,23413,486415
1789031160,2026-09-10T14:36:00,23413.8,23414.4,23409.35,23410.6,673515
1789031220,2026-09-10T14:37:00,23412.45,23414.15,23405.35,23406.3,561957
1789031280,2026-09-10T14:38:00,23407.7,23409.55,23405.9,23407.65,407451
1789031340,2026-09-10T14:39:00,23409.1,23410.35,23404.5,23406,430534
1789031400,2026-09-10T14:40:00,23406.6,23409.75,23397.8,23401.35,755443
1789031460,2026-09-10T14:41:00,23402.45,23407.55,23400.5,23406.1,513582
1789031520,2026-09-10T14:42:00,23407.15,23413.3,23405.75,23411.1,449004
1789031580,2026-09-10T14:43:00,23412.45,23412.45,23407.85,23411.15,349717
1789031640,2026-09-10T14:44:00,23411.25,23416.45,23411.25,23414.7,542044
1789031700,2026-09-10T14:45:00,23416.2,23417.5,23414.4,23416.25,546595
1789031760,2026-09-10T14:46:00,23416.35,23417.95,23413.9,23416.65,582423
1789031820,2026-09-10T14:47:00,23417.3,23423.95,23415.65,23420.05,561819
1789031880,2026-09-10T14:48:00,23421.35,23421.35,23416.25,23418.7,478213
1789031940,2026-09-10T14:49:00,23420.25,23425.55,23419.45,23425.3,704293
1789032000,2026-09-10T14:50:00,23426.65,23431.05,23425.4,23429.85,1070894
1789032060,2026-09-10T14:51:00,23430.4,23433.35,23427.4,23428.8,1101143
1789032120,2026-09-10T14:52:00,23429.8,23431.9,23420.5,23422.65,1078290
1789032180,2026-09-10T14:53:00,23423.15,23428.15,23420.25,23428.15,1361022
1789032240,2026-09-10T14:54:00,23428.2,23429,23420.45,23424.3,819087
1789032300,2026-09-10T14:55:00,23425.1,23427.3,23419.85,23421.35,791883
1789032360,2026-09-10T14:56:00,23422.35,23424.95,23420.95,23424.1,751551
1789032420,2026-09-10T14:57:00,23425.15,23426.2,23417.05,23417.65,1230809
1789032480,2026-09-10T14:58:00,23418.4,23419,23413.85,23414.8,1189020
1789032540,2026-09-10T14:59:00,23414.75,23415.25,23409.45,23411.8,794363
1789032600,2026-09-10T15:00:00,23412.25,23412.25,23386,23386.05,2005586
1789032660,2026-09-10T15:01:00,23385.75,23396.3,23381.9,23394.35,1692442
1789032720,2026-09-10T15:02:00,23393.75,23396.45,23386.75,23389.4,1610385
1789032780,2026-09-10T15:03:00,23390.4,23394.15,23389.2,23390.9,1506694
1789032840,2026-09-10T15:04:00,23391.35,23393.9,23388.55,23392.6,1381256
1789032900,2026-09-10T15:05:00,23392.2,23392.5,23388.2,23390.35,2335179
1789032960,2026-09-10T15:06:00,23389.9,23390.25,23380.1,23385.9,2474698
1789033020,2026-09-10T15:07:00,23386.05,23389.35,23382.65,23384.1,1532757
1789033080,2026-09-10T15:08:00,23384.6,23390.4,23383.45,23389.7,1229184
1789033140,2026-09-10T15:09:00,23389.85,23392.65,23386.35,23391.8,1733302
1789033200,2026-09-10T15:10:00,23392.15,23392.3,23388.7,23389.9,2525995
1789033260,2026-09-10T15:11:00,23389.35,23393.4,23387.25,23390.2,2571014
1789033320,2026-09-10T15:12:00,23389.9,23391,23382.4,23389.8,4453020
1789033380,2026-09-10T15:13:00,23388.85,23396.75,23387.15,23392.35,2697820
1789033440,2026-09-10T15:14:00,23394.3,23396.65,23385.65,23389.25,1397122
1789033500,2026-09-10T15:15:00,23389.25,23389.25,23389.25,23389.25,18296
1789033560,2026-09-10T15:16:00,23389.25,23389.25,23389.25,23389.25,18296
1789033620,2026-09-10T15:17:00,23389.25,23389.25,23389.25,23389.25,18296
1789033680,2026-09-10T15:18:00,23389.25,23389.25,23389.25,23389.25,18296
1789033740,2026-09-10T15:19:00,23389.25,23389.25,23389.25,23389.25,18296
1789033800,2026-09-10T15:20:00,23389.25,23389.25,23389.25,23389.25,18296
1789033860,2026-09-10T15:21:00,23389.25,23389.25,23389.25,23389.25,18296
1789033920,2026-09-10T15:22:00,23389.25,23389.25,23389.25,23389.25,18296
1789033980,2026-09-10T15:23:00,23389.25,23389.25,23389.25,23389.25,18296
1789034040,2026-09-10T15:24:00,23389.25,23389.25,23389.25,23389.25,18296
1789034100,2026-09-10T15:25:00,23389.25,23389.25,23389.25,23389.25,18296
1789034160,2026-09-10T15:26:00,23389.25,23389.25,23389.25,23389.25,18296
1789034220,2026-09-10T15:27:00,23389.25,23389.25,23389.25,23389.25,18296
1789034280,2026-09-10T15:28:00,23389.25,23389.25,23389.25,23389.25,18296
1789034340,2026-09-10T15:29:00,23389.25,23477.8,23389.25,23477.8,119454668
1789098300,2026-09-11T09:15:00,23270.3,23277.3,23231.4,23246.25,5668537
1789098360,2026-09-11T09:16:00,23247.75,23248.75,23239.25,23240.8,3529528
1789098420,2026-09-11T09:17:00,23241.75,23243.45,23232.25,23238.5,2813429
1789098480,2026-09-11T09:18:00,23241.35,23252.3,23236.55,23247.5,2487414
1789098540,2026-09-11T09:19:00,23248.15,23261.85,23244.65,23258.6,2348230
1789098600,2026-09-11T09:20:00,23259,23259.45,23249.4,23256.75,2418095
1789098660,2026-09-11T09:21:00,23257.95,23263.65,23253.95,23257.4,2876915
1789098720,2026-09-11T09:22:00,23257.9,23263.95,23253.1,23258.45,1721751
1789098780,2026-09-11T09:23:00,23258,23261.15,23248.35,23250.7,2662624
1789098840,2026-09-11T09:24:00,23251.2,23259.9,23249.1,23258.95,3107267
1789098900,2026-09-11T09:25:00,23258.9,23266,23254.05,23260.85,2235184
1789098960,2026-09-11T09:26:00,23261.1,23263.1,23253.25,23260.1,1487181
1789099020,2026-09-11T09:27:00,23261.45,23261.85,23254.3,23260.2,1575926
1789099080,2026-09-11T09:28:00,23260.1,23260.8,23251.7,23255.8,1030149
1789099140,2026-09-11T09:29:00,23257.2,23260.7,23252.9,23258.25,1023205
1789099200,2026-09-11T09:30:00,23258.4,23260.75,23253.9,23254.8,1060121
1789099260,2026-09-11T09:31:00,23257.5,23267.15,23255.8,23256.65,1143680
1789099320,2026-09-11T09:32:00,23258.8,23258.8,23239.15,23240.7,1818959
1789099380,2026-09-11T09:33:00,23240.35,23251.35,23238.25,23250.85,1410072
1789099440,2026-09-11T09:34:00,23251.2,23259.85,23251.2,23256.05,720526
1789099500,2026-09-11T09:35:00,23257.9,23263.45,23254.95,23261.35,953828
1789099560,2026-09-11T09:36:00,23262.5,23265.25,23258.55,23263.9,721523
1789099620,2026-09-11T09:37:00,23265,23267.25,23256.65,23257.1,1174949
1789099680,2026-09-11T09:38:00,23258.2,23263.2,23255.7,23262,595650
1789099740,2026-09-11T09:39:00,23263.05,23263.4,23257.95,23259.15,593039
1789099800,2026-09-11T09:40:00,23259.6,23259.6,23249.6,23249.75,1267125
1789099860,2026-09-11T09:41:00,23250.5,23250.5,23240.65,23241.85,1015518
1789099920,2026-09-11T09:42:00,23243.85,23244.55,23239.15,23240.8,1152108
1789099980,2026-09-11T09:43:00,23240.95,23255.85,23240.9,23255.55,1035448
1789100040,2026-09-11T09:44:00,23255.85,23257.3,23247.75,23248.2,655091
1789100100,2026-09-11T09:45:00,23249.95,23252.9,23247.15,23252.8,1052371
1789100160,2026-09-11T09:46:00,23254.1,23254.1,23244.65,23247,922128
1789100220,2026-09-11T09:47:00,23248.7,23248.75,23242.3,23243.35,805684
1789100280,2026-09-11T09:48:00,23244.6,23245.8,23241.25,23243.25,732101
1789100340,2026-09-11T09:49:00,23244,23248.7,23242.5,23246.55,1003290
1789100400,2026-09-11T09:50:00,23247.8,23252.3,23246.05,23249.8,559913
1789100460,2026-09-11T09:51:00,23250.7,23250.95,23245.4,23246,726533
1789100520,2026-09-11T09:52:00,23247.6,23249.55,23244.2,23247.9,970404
1789100580,2026-09-11T09:53:00,23249.5,23251.05,23242.3,23242.75,612572
1789100640,2026-09-11T09:54:00,23243.95,23249.45,23242.35,23246.25,562670
1789100700,2026-09-11T09:55:00,23247.05,23254.55,23244.75,23252.55,605193
1789100760,2026-09-11T09:56:00,23253.85,23261.3,23252.8,23257.3,624525
1789100820,2026-09-11T09:57:00,23258.35,23261.65,23256.3,23258.95,572032
1789100880,2026-09-11T09:58:00,23259.95,23262.95,23258.2,23261.9,846672
1789100940,2026-09-11T09:59:00,23262.5,23263.35,23259,23259.25,573081
1789101000,2026-09-11T10:00:00,23259.9,23263.2,23258.35,23258.95,466001
1789101060,2026-09-11T10:01:00,23259.65,23261.4,23257.45,23260.5,748404
1789101120,2026-09-11T10:02:00,23261.75,23262.75,23257.3,23262.1,553783
1789101180,2026-09-11T10:03:00,23258.55,23273.9,23258.55,23272.15,483877
1789101240,2026-09-11T10:04:00,23273.45,23274.8,23268.65,23271.9,596432
1789101300,2026-09-11T10:05:00,23272.65,23276.7,23270.8,23273.1,1038225
1789101360,2026-09-11T10:06:00,23274.1,23275.7,23271,23271.25,370462
1789101420,2026-09-11T10:07:00,23272.65,23275.75,23270.5,23270.6,416393
1789101480,2026-09-11T10:08:00,23271.4,23281.85,23269.6,23281.3,924269
1789101540,2026-09-11T10:09:00,23281.85,23286.05,23280.85,23284.7,573278
1789101600,2026-09-11T10:10:00,23285.6,23286.6,23280.35,23283.4,520707
1789101660,2026-09-11T10:11:00,23284.7,23285.65,23281.25,23283.05,647860
1789101720,2026-09-11T10:12:00,23284.15,23286.05,23282.25,23283.85,497141
1789101780,2026-09-11T10:13:00,23284.75,23296.3,23282.8,23294.9,754700
1789101840,2026-09-11T10:14:00,23295.7,23299.4,23293.15,23297.2,655049
1789101900,2026-09-11T10:15:00,23297.65,23297.65,23288.6,23294.3,791083
1789101960,2026-09-11T10:16:00,23294.45,23296.75,23289.9,23290.8,589015
1789102020,2026-09-11T10:17:00,23292.4,23296.9,23290.75,23294,559077
1789102080,2026-09-11T10:18:00,23294.75,23295.25,23290.6,23291.85,703043
1789102140,2026-09-11T10:19:00,23293.4,23294,23289.6,23292.5,419430
1789102200,2026-09-11T10:20:00,23293.7,23296.1,23290.1,23294.25,622661
1789102260,2026-09-11T10:21:00,23295.4,23302.55,23294.15,23300.35,1065641
1789102320,2026-09-11T10:22:00,23301.4,23311.15,23299.35,23307.95,793233
1789102380,2026-09-11T10:23:00,23310,23311.8,23300,23300.25,620943
1789102440,2026-09-11T10:24:00,23302.05,23303.95,23299.15,23300.2,691034
1789102500,2026-09-11T10:25:00,23301.15,23301.15,23294.75,23297.45,570670
1789102560,2026-09-11T10:26:00,23298.9,23298.9,23293.85,23294.4,463084
1789102620,2026-09-11T10:27:00,23296.25,23296.25,23285.7,23285.85,564649
1789102680,2026-09-11T10:28:00,23287.2,23287.2,23276.95,23277.45,674130
1789102740,2026-09-11T10:29:00,23278.2,23280.05,23275.45,23275.45,482257
1789102800,2026-09-11T10:30:00,23276.8,23278.15,23272.6,23275.25,773652
1789102860,2026-09-11T10:31:00,23276.15,23283.6,23275.45,23282.35,768183
1789102920,2026-09-11T10:32:00,23283.7,23285.6,23281.6,23282.05,602713
1789102980,2026-09-11T10:33:00,23282.9,23283.75,23279.7,23279.7,416227
1789103040,2026-09-11T10:34:00,23281.25,23289.05,23279.55,23285.5,783745
1789103100,2026-09-11T10:35:00,23287.4,23291.55,23284.4,23290.45,440559
1789103160,2026-09-11T10:36:00,23291.5,23292.9,23289.65,23292.65,430825
1789103220,2026-09-11T10:37:00,23293.2,23298.2,23291.4,23294.05,561257
1789103280,2026-09-11T10:38:00,23295.85,23296.9,23293.3,23296.35,401862
1789103340,2026-09-11T10:39:00,23297.25,23297.25,23291.65,23293.8,395048
1789103400,2026-09-11T10:40:00,23294.3,23295.85,23292.95,23294.05,621633
1789103460,2026-09-11T10:41:00,23294.7,23296.95,23290.8,23293.7,837424
1789103520,2026-09-11T10:42:00,23294.65,23295.55,23291.85,23294.7,430045
1789103580,2026-09-11T10:43:00,23295.5,23298.6,23294.65,23298.6,391038
1789103640,2026-09-11T10:44:00,23298.4,23305.35,23297.2,23305.3,1050181
1789103700,2026-09-11T10:45:00,23307.1,23313.4,23301.05,23301.7,904486
1789103760,2026-09-11T10:46:00,23302.55,23305.1,23299.5,23303.5,495506
1789103820,2026-09-11T10:47:00,23305.45,23306.5,23300.2,23300.75,469220
1789103880,2026-09-11T10:48:00,23300.8,23300.8,23292,23293.5,477479
1789103940,2026-09-11T10:49:00,23295.55,23297.35,23294,23296.65,418780
1789104000,2026-09-11T10:50:00,23297.3,23297.3,23286.55,23287.65,526135
1789104060,2026-09-11T10:51:00,23288.3,23289.85,23285.65,23286.45,641117
1789104120,2026-09-11T10:52:00,23287.8,23287.8,23281.05,23284.05,507643
1789104180,2026-09-11T10:53:00,23285.25,23285.45,23281.9,23283.6,737142
1789104240,2026-09-11T10:54:00,23284.4,23284.5,23280.55,23280.6,713114
1789104300,2026-09-11T10:55:00,23282.95,23282.95,23278.05,23279.6,325731
1789104360,2026-09-11T10:56:00,23280.15,23280.5,23273.15,23276.45,464246
1789104420,2026-09-11T10:57:00,23277.95,23278.7,23275.5,23276.35,551547
1789104480,2026-09-11T10:58:00,23277.85,23281.6,23276.7,23280.35,324369
1789104540,2026-09-11T10:59:00,23282.55,23283.15,23277.35,23278.75,690401
1789104600,2026-09-11T11:00:00,23280.25,23286.55,23278.8,23285.65,713663
1789104660,2026-09-11T11:01:00,23287.2,23292.25,23286.6,23290.35,599040
1789104720,2026-09-11T11:02:00,23291.6,23293.4,23286.65,23287.6,876160
1789104780,2026-09-11T11:03:00,23289,23289.45,23281.9,23282.45,558992
1789104840,2026-09-11T11:04:00,23284.75,23285.85,23282.05,23283.15,420794
1789104900,2026-09-11T11:05:00,23284.35,23284.5,23280.15,23283.2,306637
1789104960,2026-09-11T11:06:00,23284.1,23286.9,23283.6,23286.6,359785
1789105020,2026-09-11T11:07:00,23287.95,23293.15,23285.9,23291.5,478579
1789105080,2026-09-11T11:08:00,23292.35,23293.45,23288.95,23289.45,395669
1789105140,2026-09-11T11:09:00,23291.65,23299.55,23290.2,23297.95,799422
1789105200,2026-09-11T11:10:00,23298.75,23302.1,23296.35,23302.1,720357
1789105260,2026-09-11T11:11:00,23303.5,23303.75,23301.05,23302.4,374769
1789105320,2026-09-11T11:12:00,23303.3,23319.1,23302.6,23315,898322
1789105380,2026-09-11T11:13:00,23316.95,23331.3,23314.65,23328.3,1292847
1789105440,2026-09-11T11:14:00,23330.55,23339.05,23328.55,23337.9,1512235
1789105500,2026-09-11T11:15:00,23338.2,23339.1,23325.05,23325.1,1172845
1789105560,2026-09-11T11:16:00,23327.4,23334.45,23323.85,23334.45,1126350
1789105620,2026-09-11T11:17:00,23335.3,23353.15,23334.8,23348.7,2145632
1789105680,2026-09-11T11:18:00,23350,23350,23342.3,23342.45,593172
1789105740,2026-09-11T11:19:00,23344.05,23344.05,23336.35,23341.8,463577
1789105800,2026-09-11T11:20:00,23343.35,23346.85,23334.05,23335.35,953406
1789105860,2026-09-11T11:21:00,23336,23341.3,23333.4,23339.4,476768
1789105920,2026-09-11T11:22:00,23340.9,23347.3,23339.95,23345.8,725963
1789105980,2026-09-11T11:23:00,23347.15,23347.55,23341.45,23345.8,765154
1789106040,2026-09-11T11:24:00,23347,23351,23345.75,23348.85,735774
1789106100,2026-09-11T11:25:00,23351.3,23352.65,23347.5,23347.8,710113
1789106160,2026-09-11T11:26:00,23348.95,23348.95,23343.1,23346.55,471019
1789106220,2026-09-11T11:27:00,23347.85,23347.85,23343.85,23347.2,599188
1789106280,2026-09-11T11:28:00,23347.4,23348.15,23340.05,23341.95,567952
1789106340,2026-09-11T11:29:00,23344.2,23346.4,23339.25,23341.85,650289
1789106400,2026-09-11T11:30:00,23342.3,23342.3,23336.6,23337.6,341579
1789106460,2026-09-11T11:31:00,23339.3,23340.6,23334.8,23334.8,872175
1789106520,2026-09-11T11:32:00,23335.65,23344.1,23333.55,23343.75,540187
1789106580,2026-09-11T11:33:00,23344.75,23349.85,23342.6,23348.5,420649
1789106640,2026-09-11T11:34:00,23350.25,23350.25,23343.45,23345.4,638182
1789106700,2026-09-11T11:35:00,23346.85,23347.1,23340.1,23341.05,627013
1789106760,2026-09-11T11:36:00,23342.45,23348.05,23340.35,23346.65,810682
1789106820,2026-09-11T11:37:00,23349.05,23349.3,23346.45,23348.4,579863
1789106880,2026-09-11T11:38:00,23349.55,23353.85,23346.65,23346.85,686260
1789106940,2026-09-11T11:39:00,23347.65,23347.9,23341.65,23344.65,432579
1789107000,2026-09-11T11:40:00,23345.55,23350.75,23343.45,23348.4,434659
1789107060,2026-09-11T11:41:00,23350.15,23356.4,23347.85,23349.2,516682
1789107120,2026-09-11T11:42:00,23350.65,23351.55,23346.85,23347.6,343979
1789107180,2026-09-11T11:43:00,23349.05,23351,23346.05,23350.25,378994
1789107240,2026-09-11T11:44:00,23351.75,23358.1,23350.8,23355.25,503268
1789107300,2026-09-11T11:45:00,23357.25,23360.85,23349.85,23350.7,477201
1789107360,2026-09-11T11:46:00,23353.05,23360.4,23351.45,23355.2,689223
1789107420,2026-09-11T11:47:00,23357.7,23359.1,23352.5,23354.3,497026
1789107480,2026-09-11T11:48:00,23355.5,23355.5,23343,23344.05,527949
1789107540,2026-09-11T11:49:00,23345.55,23345.55,23339.65,23341.5,304674
1789107600,2026-09-11T11:50:00,23343.3,23343.65,23340.1,23343.15,344077
1789107660,2026-09-11T11:51:00,23343.6,23347.45,23341.75,23342.45,630682
1789107720,2026-09-11T11:52:00,23344.45,23344.45,23335.15,23335.7,876033
1789107780,2026-09-11T11:53:00,23337.45,23339.3,23334.75,23338.1,537945
1789107840,2026-09-11T11:54:00,23339.6,23344.7,23339,23344.05,408300
1789107900,2026-09-11T11:55:00,23345.4,23347.25,23343.1,23344.65,782857
1789107960,2026-09-11T11:56:00,23346.3,23349.85,23345.6,23349.05,737226
1789108020,2026-09-11T11:57:00,23350.35,23350.35,23341.2,23341.7,464530
1789108080,2026-09-11T11:58:00,23343.05,23348.25,23341,23345.7,469548
1789108140,2026-09-11T11:59:00,23347.8,23353.45,23346.6,23352.3,437539
1789108200,2026-09-11T12:00:00,23354,23354.7,23350.55,23351.45,658431
1789108260,2026-09-11T12:01:00,23353,23353,23346.45,23347.7,473734
1789108320,2026-09-11T12:02:00,23349.3,23350.4,23346.15,23347.2,263366
1789108380,2026-09-11T12:03:00,23348.15,23350.25,23344.75,23349.55,499295
1789108440,2026-09-11T12:04:00,23351.05,23353.35,23347.75,23349.65,470308
1789108500,2026-09-11T12:05:00,23350.5,23352.5,23348.4,23349.55,616171
1789108560,2026-09-11T12:06:00,23351.05,23351.5,23346.25,23348.05,509067
1789108620,2026-09-11T12:07:00,23350.25,23350.3,23344.9,23347.9,379806
1789108680,2026-09-11T12:08:00,23348.65,23350.25,23346.7,23348.45,305784
1789108740,2026-09-11T12:09:00,23349.8,23349.8,23346.6,23346.6,369015
1789108800,2026-09-11T12:10:00,23348,23348,23337.85,23338.25,581435
1789108860,2026-09-11T12:11:00,23339.15,23340.8,23336.6,23340.05,394964
1789108920,2026-09-11T12:12:00,23341.15,23341.75,23328.85,23328.85,623361
1789108980,2026-09-11T12:13:00,23332,23332.4,23323.75,23325.85,455873
1789109040,2026-09-11T12:14:00,23328.6,23334.25,23326.4,23332,418289
1789109100,2026-09-11T12:15:00,23333.75,23335.95,23327.1,23327.65,466007
1789109160,2026-09-11T12:16:00,23330.05,23332.95,23328.8,23332.55,365381
1789109220,2026-09-11T12:17:00,23334,23337.75,23333.15,23336.15,418362
1789109280,2026-09-11T12:18:00,23337.3,23341.5,23336.6,23341.2,328100
1789109340,2026-09-11T12:19:00,23341.8,23341.9,23338.35,23339.65,472167
1789109400,2026-09-11T12:20:00,23341.2,23341.2,23331.35,23331.95,601151
1789109460,2026-09-11T12:21:00,23334.4,23335,23330.25,23330.95,284132
1789109520,2026-09-11T12:22:00,23333.45,23334.15,23331.1,23331.9,281489
1789109580,2026-09-11T12:23:00,23333.6,23340.05,23332.7,23339.3,566930
1789109640,2026-09-11T12:24:00,23340.25,23343.4,23338.1,23341.8,554954
1789109700,2026-09-11T12:25:00,23343.85,23344.2,23337,23337.3,424891
1789109760,2026-09-11T12:26:00,23339.7,23341.75,23338.2,23340.15,314287
1789109820,2026-09-11T12:27:00,23342.3,23342.3,23337.9,23339.05,341584
1789109880,2026-09-11T12:28:00,23340.05,23340.3,23335.55,23335.75,287908
1789109940,2026-09-11T12:29:00,23337.7,23338.8,23335.3,23337.15,454151
1789110000,2026-09-11T12:30:00,23338.5,23340.45,23335.7,23338.85,320021
1789110060,2026-09-11T12:31:00,23341.05,23341.6,23337.8,23340.8,260570
1789110120,2026-09-11T12:32:00,23342.65,23346.15,23341.6,23343.95,326116
1789110180,2026-09-11T12:33:00,23345.8,23345.8,23338.35,23339.15,359244
1789110240,2026-09-11T12:34:00,23341.15,23347.05,23339.4,23346,516047
1789110300,2026-09-11T12:35:00,23348.15,23349.85,23343.85,23349.35,1113252
1789110360,2026-09-11T12:36:00,23350.9,23353.7,23342.8,23343.35,514489
1789110420,2026-09-11T12:37:00,23344.6,23351.1,23343.7,23350.1,376581
1789110480,2026-09-11T12:38:00,23351.15,23355.55,23344.8,23347.15,611854
1789110540,2026-09-11T12:39:00,23349.3,23349.3,23343.05,23346,376055
1789110600,2026-09-11T12:40:00,23348.2,23348.85,23343.15,23345.6,499853
1789110660,2026-09-11T12:41:00,23347,23352.75,23343.25,23350.9,667571
1789110720,2026-09-11T12:42:00,23351.55,23357.35,23349.95,23355.9,731020
1789110780,2026-09-11T12:43:00,23356,23361.1,23352.85,23353.35,546327
1789110840,2026-09-11T12:44:00,23355.45,23355.45,23347.6,23349.5,510685
1789110900,2026-09-11T12:45:00,23351.25,23351.25,23342.45,23342.45,638323
1789110960,2026-09-11T12:46:00,23346.4,23346.4,23337,23341.45,561656
1789111020,2026-09-11T12:47:00,23342.95,23344.75,23339.2,23340.85,404949
1789111080,2026-09-11T12:48:00,23343.1,23343.25,23338.05,23342.75,397754
1789111140,2026-09-11T12:49:00,23344.1,23345.4,23340.9,23342.55,331153
1789111200,2026-09-11T12:50:00,23344.15,23344.15,23339.1,23340.05,653157
1789111260,2026-09-11T12:51:00,23342.05,23342.15,23336.7,23336.9,329407
1789111320,2026-09-11T12:52:00,23338.25,23345.75,23337.2,23344.7,565380
1789111380,2026-09-11T12:53:00,23345.75,23347.7,23344.1,23347.2,652190
1789111440,2026-09-11T12:54:00,23348.5,23350.7,23346.4,23347.75,378559
1789111500,2026-09-11T12:55:00,23348.85,23354.6,23348.8,23352.65,341621
1789111560,2026-09-11T12:56:00,23354.3,23356.05,23349.8,23351.3,575763
1789111620,2026-09-11T12:57:00,23353.55,23354.4,23347.95,23349.9,340249
1789111680,2026-09-11T12:58:00,23350.6,23357.4,23349,23355.75,1073668
1789111740,2026-09-11T12:59:00,23357.5,23358.65,23352.8,23353.9,379550
1789111800,2026-09-11T13:00:00,23355.15,23355.15,23345.4,23345.85,405145
1789111860,2026-09-11T13:01:00,23346.95,23347.25,23340.95,23343.3,505001
1789111920,2026-09-11T13:02:00,23344.75,23346.15,23339.95,23342.9,464820
1789111980,2026-09-11T13:03:00,23343.75,23343.75,23334.55,23335.55,728837
1789112040,2026-09-11T13:04:00,23337.4,23337.5,23331.15,23331.15,403170
1789112100,2026-09-11T13:05:00,23331.3,23331.55,23327,23327.35,618457
1789112160,2026-09-11T13:06:00,23328.35,23330.1,23325.15,23326.8,454527
1789112220,2026-09-11T13:07:00,23328.9,23334.65,23327.9,23333.65,470648
1789112280,2026-09-11T13:08:00,23334.75,23337,23333.3,23334,598956
1789112340,2026-09-11T13:09:00,23335.35,23335.35,23326.05,23328.15,437618
1789112400,2026-09-11T13:10:00,23329.95,23330.5,23324.5,23325.5,380867
1789112460,2026-09-11T13:11:00,23327.2,23328.9,23320.7,23328.55,628661
1789112520,2026-09-11T13:12:00,23330.05,23331.8,23327.75,23329.75,408693
1789112580,2026-09-11T13:13:00,23332.15,23336.8,23330.5,23334.8,318928
1789112640,2026-09-11T13:14:00,23336.25,23339.05,23335.25,23337.1,442718
1789112700,2026-09-11T13:15:00,23339.05,23339.55,23333.8,23334.15,402803
1789112760,2026-09-11T13:16:00,23335.55,23339.55,23334.7,23337.9,326336
1789112820,2026-09-11T13:17:00,23338.8,23339.75,23336.15,23336.35,406898
1789112880,2026-09-11T13:18:00,23338.5,23338.5,23329.15,23329.15,509676
1789112940,2026-09-11T13:19:00,23332,23332.3,23327,23328.5,581864
1789113000,2026-09-11T13:20:00,23330.65,23331.9,23325.15,23326.6,749630
1789113060,2026-09-11T13:21:00,23328.05,23333.4,23326.3,23331.8,542752
1789113120,2026-09-11T13:22:00,23332.95,23336.5,23330.65,23336,509447
1789113180,2026-09-11T13:23:00,23336.15,23339.5,23334.35,23338.25,381886
1789113240,2026-09-11T13:24:00,23338.95,23340.2,23335.95,23337.85,379173
1789113300,2026-09-11T13:25:00,23339.1,23339.75,23335.25,23337.65,1010083
1789113360,2026-09-11T13:26:00,23339.45,23341.7,23337.75,23340.65,415958
1789113420,2026-09-11T13:27:00,23342,23350.15,23339.5,23345.35,593676
1789113480,2026-09-11T13:28:00,23346.25,23348.3,23343.15,23347.05,662169
1789113540,2026-09-11T13:29:00,23348.4,23356.3,23346.45,23352.7,715572
1789113600,2026-09-11T13:30:00,23353.45,23353.7,23346.95,23351.2,589616
1789113660,2026-09-11T13:31:00,23352.9,23355.25,23348.1,23352.45,400588
1789113720,2026-09-11T13:32:00,23353.65,23359.05,23352.7,23358.05,379922
1789113780,2026-09-11T13:33:00,23358.45,23359.75,23351.25,23354,590166
1789113840,2026-09-11T13:34:00,23354.45,23354.55,23347.2,23347.75,716774
1789113900,2026-09-11T13:35:00,23348.7,23348.7,23338.3,23342.3,577569
1789113960,2026-09-11T13:36:00,23343.7,23344.05,23339.35,23341.05,638055
1789114020,2026-09-11T13:37:00,23342.4,23343,23335.25,23338.05,603714
1789114080,2026-09-11T13:38:00,23339.5,23344.3,23338.6,23343.2,671354
1789114140,2026-09-11T13:39:00,23344.55,23345.75,23336.5,23337.7,783428
1789114200,2026-09-11T13:40:00,23339.65,23346.1,23338,23341.6,473856
1789114260,2026-09-11T13:41:00,23342.95,23345.25,23314,23316.6,2192484
1789114320,2026-09-11T13:42:00,23318.1,23335.35,23316.3,23335.3,566157
1789114380,2026-09-11T13:43:00,23337.25,23338.15,23331.05,23336.1,656393
1789114440,2026-09-11T13:44:00,23337.2,23339.4,23333.9,23336.65,556348
1789114500,2026-09-11T13:45:00,23336.9,23338.5,23323.75,23324.4,1196183
1789114560,2026-09-11T13:46:00,23325.25,23328.15,23320.3,23327.35,795953
1789114620,2026-09-11T13:47:00,23327.9,23337.05,23325.75,23335.8,527008
1789114680,2026-09-11T13:48:00,23337.2,23340.15,23332.45,23334.4,436769
1789114740,2026-09-11T13:49:00,23335.4,23338.95,23331.9,23338.85,485770
1789114800,2026-09-11T13:50:00,23339.9,23344.8,23338.2,23344.25,532413
1789114860,2026-09-11T13:51:00,23347,23356.1,23344.25,23353.6,754662
1789114920,2026-09-11T13:52:00,23353.75,23353.75,23345.1,23348.35,673349
1789114980,2026-09-11T13:53:00,23349.5,23350.1,23345.9,23350,376597
1789115040,2026-09-11T13:54:00,23350.35,23380.6,23346.9,23349.2,1362810
1789115100,2026-09-11T13:55:00,23351.65,23381.25,23348.55,23376.4,726911
1789115160,2026-09-11T13:56:00,23377.6,23380.35,23369.65,23380,770238
1789115220,2026-09-11T13:57:00,23383.45,23389.85,23378.5,23387.3,1066735
1789115280,2026-09-11T13:58:00,23390,23390.4,23376,23383.1,665452
1789115340,2026-09-11T13:59:00,23383.75,23388.95,23381.9,23386.15,519579
1789115400,2026-09-11T14:00:00,23385.85,23400.8,23383.3,23397.75,777190
1789115460,2026-09-11T14:01:00,23400.15,23400.15,23391.9,23393.55,525064
1789115520,2026-09-11T14:02:00,23395.4,23434.95,23393.5,23431.15,2011466
1789115580,2026-09-11T14:03:00,23432.2,23448.1,23428.9,23436.7,1539658
1789115640,2026-09-11T14:04:00,23437.7,23440.2,23432.6,23436.6,734505
1789115700,2026-09-11T14:05:00,23438.35,23438.8,23423.45,23423.75,664531
1789115760,2026-09-11T14:06:00,23425.55,23425.65,23411.3,23420.6,646223
1789115820,2026-09-11T14:07:00,23421.95,23421.95,23415.15,23416.2,505116
1789115880,2026-09-11T14:08:00,23417.6,23418.8,23409.4,23411,927135
1789115940,2026-09-11T14:09:00,23412.1,23419.35,23409.75,23415.75,903939
1789116000,2026-09-11T14:10:00,23417.1,23417.35,23410.55,23412.65,649127
1789116060,2026-09-11T14:11:00,23414.4,23417.65,23410.5,23416.85,438847
1789116120,2026-09-11T14:12:00,23418.45,23418.9,23413.45,23415.1,484699
1789116180,2026-09-11T14:13:00,23416.25,23416.85,23410.45,23410.45,516213
1789116240,2026-09-11T14:14:00,23411.3,23417.15,23407.25,23417.15,572346
1789116300,2026-09-11T14:15:00,23418.1,23418.65,23411.3,23414.45,876048
1789116360,2026-09-11T14:16:00,23415.2,23415.55,23405.3,23411.45,1580860
1789116420,2026-09-11T14:17:00,23411.95,23413.25,23407.85,23409.35,701710
1789116480,2026-09-11T14:18:00,23411.7,23411.7,23405,23408.9,507431
1789116540,2026-09-11T14:19:00,23408.9,23411.2,23406.05,23406.05,539227
1789116600,2026-09-11T14:20:00,23406.95,23409.7,23403.3,23405.65,529740
1789116660,2026-09-11T14:21:00,23406.7,23411.85,23403.85,23409.7,569801
1789116720,2026-09-11T14:22:00,23410.25,23414.95,23407.25,23411.1,700989
1789116780,2026-09-11T14:23:00,23412.2,23416.4,23407.25,23408.75,469115
1789116840,2026-09-11T14:24:00,23410.45,23418.85,23410.1,23416.9,1005405
1789116900,2026-09-11T14:25:00,23418.35,23418.35,23412.75,23414.25,626732
1789116960,2026-09-11T14:26:00,23416.3,23421.1,23414.8,23421,590339
1789117020,2026-09-11T14:27:00,23421.65,23422.6,23415.6,23419.4,433165
1789117080,2026-09-11T14:28:00,23420.75,23427.1,23418.5,23424.1,652488
1789117140,2026-09-11T14:29:00,23425.05,23426.8,23421.3,23424.4,642896
1789117200,2026-09-11T14:30:00,23426.15,23428.45,23423.2,23427.3,735239
1789117260,2026-09-11T14:31:00,23428.45,23434.65,23424.5,23433,1096362
1789117320,2026-09-11T14:32:00,23433.9,23436.45,23423.1,23424.7,825428
1789117380,2026-09-11T14:33:00,23426.8,23429.45,23420.65,23424.4,469910
1789117440,2026-09-11T14:34:00,23424.6,23426.2,23420.25,23424,504711
1789117500,2026-09-11T14:35:00,23424.9,23440.55,23423.9,23438.25,1277491
1789117560,2026-09-11T14:36:00,23439.3,23439.3,23428.65,23433.9,648456
1789117620,2026-09-11T14:37:00,23435.25,23436.8,23423.3,23423.7,530522
1789117680,2026-09-11T14:38:00,23424.55,23427.4,23419.25,23420.45,487305
1789117740,2026-09-11T14:39:00,23421.25,23428.55,23415.5,23428.4,492423
1789117800,2026-09-11T14:40:00,23429.55,23430.95,23422.75,23423.45,457840
1789117860,2026-09-11T14:41:00,23425.2,23430.65,23423.1,23428.15,758715
1789117920,2026-09-11T14:42:00,23429.4,23436.75,23425.85,23435.65,431115
1789117980,2026-09-11T14:43:00,23436.75,23437.35,23432.75,23435.4,600909
1789118040,2026-09-11T14:44:00,23435.3,23436.3,23431.7,23433.8,623836
1789118100,2026-09-11T14:45:00,23434.25,23434.95,23425.4,23426.7,610147
1789118160,2026-09-11T14:46:00,23428.65,23428.65,23421.35,23421.35,506744
1789118220,2026-09-11T14:47:00,23424.35,23426.1,23420.65,23424.2,611016
1789118280,2026-09-11T14:48:00,23426.45,23428.5,23420.8,23423.85,792144
1789118340,2026-09-11T14:49:00,23424.65,23425.85,23419.5,23424.7,824911
1789118400,2026-09-11T14:50:00,23425.85,23431.35,23422.85,23427.6,942174
1789118460,2026-09-11T14:51:00,23429.1,23429.6,23420.55,23422,913373
1789118520,2026-09-11T14:52:00,23423.7,23425.55,23418.35,23423.3,891016
1789118580,2026-09-11T14:53:00,23425.3,23428.1,23419.35,23424,1532563
1789118640,2026-09-11T14:54:00,23425.25,23425.25,23420.8,23422.75,1554371
1789118700,2026-09-11T14:55:00,23423.8,23427.3,23421.6,23424.9,942774
1789118760,2026-09-11T14:56:00,23426.05,23428.9,23423.15,23425.3,1290641
1789118820,2026-09-11T14:57:00,23426,23428,23423.4,23425.75,864861
1789118880,2026-09-11T14:58:00,23426.7,23430.9,23424.35,23426.6,1049998
1789118940,2026-09-11T14:59:00,23427.35,23427.35,23419.6,23420.25,1095256
1789119000,2026-09-11T15:00:00,23420.9,23421.55,23413.65,23415.6,2180557
1789119060,2026-09-11T15:01:00,23415.75,23418.15,23404.05,23405.25,1320990
1789119120,2026-09-11T15:02:00,23406.65,23408.7,23404.7,23406.55,1074400
1789119180,2026-09-11T15:03:00,23408.35,23409.2,23402.55,23402.75,883471
1789119240,2026-09-11T15:04:00,23403.35,23403.65,23394.25,23396.55,1229537
1789119300,2026-09-11T15:05:00,23398.75,23398.75,23387.6,23390.9,1638836
1789119360,2026-09-11T15:06:00,23391.65,23398.8,23387.2,23398.35,1591894
1789119420,2026-09-11T15:07:00,23397.8,23405.95,23397.3,23404.75,1546315
1789119480,2026-09-11T15:08:00,23405.55,23410.2,23404,23406.55,1228948
1789119540,2026-09-11T15:09:00,23407,23415.9,23405.25,23413.95,1659031
1789119600,2026-09-11T15:10:00,23413.15,23419.8,23412.25,23419.25,2703023
1789119660,2026-09-11T15:11:00,23420.1,23426.25,23418.25,23424.5,1813907
1789119720,2026-09-11T15:12:00,23425.65,23433.05,23420.75,23424.1,3265449
1789119780,2026-09-11T15:13:00,23424.7,23427,23418.65,23424.7,2069925
1789119840,2026-09-11T15:14:00,23422.6,23436.6,23418.45,23435.3,1377697
1789119900,2026-09-11T15:15:00,23435.1,23435.1,23435.1,23435.1,6193
1789119960,2026-09-11T15:16:00,23435.1,23435.1,23435.1,23435.1,6193
1789120020,2026-09-11T15:17:00,23435.1,23435.1,23435.1,23435.1,6193
1789120080,2026-09-11T15:18:00,23435.1,23435.1,23435.1,23435.1,6193
1789120140,2026-09-11T15:19:00,23435.1,23435.1,23435.1,23435.1,6193
1789120200,2026-09-11T15:20:00,23435.1,23435.1,23435.1,23435.1,6193
1789120260,2026-09-11T15:21:00,23435.1,23435.1,23435.1,23435.1,6193
1789120320,2026-09-11T15:22:00,23435.1,23435.1,23435.1,23435.1,6193
1789120380,2026-09-11T15:23:00,23435.1,23435.1,23435.1,23435.1,6193
1789120440,2026-09-11T15:24:00,23435.1,23435.1,23435.1,23435.1,6193
1789120500,2026-09-11T15:25:00,23435.1,23435.1,23435.1,23435.1,6193
1789120560,2026-09-11T15:26:00,23435.1,23435.1,23435.1,23435.1,6193
1789120620,2026-09-11T15:27:00,23435.1,23435.1,23435.1,23435.1,6193
1789120680,2026-09-11T15:28:00,23435.1,23435.1,23435.1,23435.1,6193
1789120740,2026-09-11T15:29:00,23435.1,23435.1,23398.1,23398.1,6193
1789443900,2026-09-15T09:15:00,23576.15,23592.85,23487.3,23492.1,9355731
1789443960,2026-09-15T09:16:00,23490.35,23516.25,23490.35,23512.25,6422109
1789444020,2026-09-15T09:17:00,23511.15,23523.65,23504.85,23505.1,5578102
1789444080,2026-09-15T09:18:00,23505.95,23507.3,23490.3,23494.35,4636774
1789444140,2026-09-15T09:19:00,23494.85,23506.85,23492.1,23501.05,4375706
1789444200,2026-09-15T09:20:00,23501.25,23502.75,23492.55,23497.5,3521571
1789444260,2026-09-15T09:21:00,23497.15,23504.05,23493.2,23501.6,2661493
1789444320,2026-09-15T09:22:00,23501.35,23501.55,23481.45,23484.75,2403785
1789444380,2026-09-15T09:23:00,23485.4,23489.6,23476.35,23488.85,2716615
1789444440,2026-09-15T09:24:00,23488.85,23493.35,23473.15,23474.2,2191996
1789444500,2026-09-15T09:25:00,23473.8,23474.05,23462.7,23464.8,1789056
1789444560,2026-09-15T09:26:00,23466.1,23468.85,23457.05,23459.1,1893099
1789444620,2026-09-15T09:27:00,23458.85,23469,23457.9,23460,1876270
1789444680,2026-09-15T09:28:00,23459.35,23462.1,23453.65,23455.9,1569739
1789444740,2026-09-15T09:29:00,23457.3,23464.35,23452.05,23463.9,1287177
1789444800,2026-09-15T09:30:00,23464.2,23465.7,23456.8,23461.95,1370597
1789444860,2026-09-15T09:31:00,23461.65,23464.6,23451.9,23452.4,1463714
1789444920,2026-09-15T09:32:00,23453.05,23460.1,23446.45,23455.55,1108970
1789444980,2026-09-15T09:33:00,23456.45,23457.75,23447.95,23456.2,1182692
1789445040,2026-09-15T09:34:00,23455.9,23460.75,23454.05,23455.55,995659
1789445100,2026-09-15T09:35:00,23455.55,23465,23453.55,23455.25,1186808
1789445160,2026-09-15T09:36:00,23453.75,23453.9,23441.85,23443.75,1265205
1789445220,2026-09-15T09:37:00,23444.1,23450,23439.05,23441.3,1458375
1789445280,2026-09-15T09:38:00,23440.35,23447.25,23439.5,23442.7,1285179
1789445340,2026-09-15T09:39:00,23443,23456.75,23441.85,23456.75,1221402
1789445400,2026-09-15T09:40:00,23456.85,23458.45,23450.25,23452.9,898624
1789445460,2026-09-15T09:41:00,23453.2,23455.15,23448.8,23454.05,865248
1789445520,2026-09-15T09:42:00,23453.35,23458.35,23451.55,23455.6,1342645
1789445580,2026-09-15T09:43:00,23456.15,23466.45,23453.8,23461.6,976312
1789445640,2026-09-15T09:44:00,23461.8,23466.35,23446.25,23448.1,875415
1789445700,2026-09-15T09:45:00,23447.85,23448.05,23434.35,23439.55,1085002
1789445760,2026-09-15T09:46:00,23439.5,23445.3,23436.75,23438.1,690707
1789445820,2026-09-15T09:47:00,23437.7,23445.15,23432.75,23433.4,1215336
1789445880,2026-09-15T09:48:00,23433.25,23437.2,23423.1,23429.1,897093
1789445940,2026-09-15T09:49:00,23428.55,23430.15,23415.4,23417.2,1041789
1789446000,2026-09-15T09:50:00,23417.6,23426.6,23413.8,23421.7,1148383
1789446060,2026-09-15T09:51:00,23421.8,23425.2,23418.65,23421.2,1120631
1789446120,2026-09-15T09:52:00,23421.15,23422.55,23407.65,23409.4,1338476
1789446180,2026-09-15T09:53:00,23409.05,23415.85,23408.45,23411.9,1053880
1789446240,2026-09-15T09:54:00,23412.1,23417.1,23402.6,23403.5,1959505
1789446300,2026-09-15T09:55:00,23403.85,23404.35,23387.2,23393.2,1441975
1789446360,2026-09-15T09:56:00,23393.15,23395.05,23378.6,23381.7,1323124
1789446420,2026-09-15T09:57:00,23382.2,23384.6,23374.55,23377.95,1373398
1789446480,2026-09-15T09:58:00,23377.25,23384.8,23371.85,23384.65,994969
1789446540,2026-09-15T09:59:00,23384.5,23397.55,23383.55,23394.6,1105039
1789446600,2026-09-15T10:00:00,23394.7,23395.7,23379.7,23383.1,1120747
1789446660,2026-09-15T10:01:00,23383.1,23383.1,23378.65,23382.05,930253
1789446720,2026-09-15T10:02:00,23382.1,23394.2,23381.3,23393.65,874251
1789446780,2026-09-15T10:03:00,23393.95,23394.5,23377.65,23377.75,946465
1789446840,2026-09-15T10:04:00,23378.05,23385.55,23374.85,23385.2,584613
1789446900,2026-09-15T10:05:00,23386.5,23393.35,23384.25,23390.9,1009562
1789446960,2026-09-15T10:06:00,23391,23392.3,23379.4,23382.45,902712
1789447020,2026-09-15T10:07:00,23382.75,23386.2,23378.4,23384.3,665499
1789447080,2026-09-15T10:08:00,23384.25,23389.1,23380.6,23381.85,563636
1789447140,2026-09-15T10:09:00,23382.05,23382.45,23372.55,23374.35,776509
1789447200,2026-09-15T10:10:00,23375.05,23377.55,23369.7,23370.45,1142973
1789447260,2026-09-15T10:11:00,23371.1,23392.4,23369.65,23392.3,583487
1789447320,2026-09-15T10:12:00,23392.7,23395.85,23385.85,23393.65,753589
1789447380,2026-09-15T10:13:00,23394.55,23399.3,23391.8,23394.4,520174
1789447440,2026-09-15T10:14:00,23394.75,23396.5,23386.3,23386.75,830082
1789447500,2026-09-15T10:15:00,23386.8,23387.1,23377.35,23380.05,818109
1789447560,2026-09-15T10:16:00,23379.9,23387.9,23379.7,23381.5,665095
1789447620,2026-09-15T10:17:00,23381.25,23384.85,23375.25,23383.9,589787
1789447680,2026-09-15T10:18:00,23383.9,23396.2,23383.7,23393.25,933705
1789447740,2026-09-15T10:19:00,23392.95,23393.2,23385.6,23389.55,541016
1789447800,2026-09-15T10:20:00,23389.5,23391.7,23376.95,23377.6,647810
1789447860,2026-09-15T10:21:00,23376.95,23377.35,23370.5,23377.05,693206
1789447920,2026-09-15T10:22:00,23376.6,23385.95,23376.35,23382.6,600741
1789447980,2026-09-15T10:23:00,23382.75,23383.6,23374.7,23383.6,534075
1789448040,2026-09-15T10:24:00,23383.45,23385.55,23381.95,23383.45,667577
1789448100,2026-09-15T10:25:00,23384.25,23384.3,23374,23375.5,752538
1789448160,2026-09-15T10:26:00,23374.6,23384,23374.2,23382.45,605029
1789448220,2026-09-15T10:27:00,23381.7,23384.7,23375.15,23375.15,543107
1789448280,2026-09-15T10:28:00,23374.95,23376.95,23365.35,23366.65,605735
1789448340,2026-09-15T10:29:00,23366.3,23367.75,23361.1,23362.65,559355
1789448400,2026-09-15T10:30:00,23362.75,23365.25,23351.45,23365.25,754818
1789448460,2026-09-15T10:31:00,23365.15,23370.65,23361.85,23362.55,629398
1789448520,2026-09-15T10:32:00,23362.7,23363.95,23359.05,23363.5,396739
1789448580,2026-09-15T10:33:00,23363.7,23367.1,23362.9,23365.55,409981
1789448640,2026-09-15T10:34:00,23365.6,23367.45,23362.9,23365.6,1092366
1789448700,2026-09-15T10:35:00,23365.1,23368.75,23364.25,23367.9,589532
1789448760,2026-09-15T10:36:00,23368.15,23374.35,23367.4,23373.2,734607
1789448820,2026-09-15T10:37:00,23373,23375.65,23369.95,23370.7,1192330
1789448880,2026-09-15T10:38:00,23371.95,23374.05,23368.55,23369.6,1404682
1789448940,2026-09-15T10:39:00,23369.8,23373.8,23366.7,23371.4,690018
1789449000,2026-09-15T10:40:00,23371.25,23372.15,23364.5,23364.9,964542
1789449060,2026-09-15T10:41:00,23365.05,23368.4,23361.1,23367.8,805349
1789449120,2026-09-15T10:42:00,23367.75,23368.7,23362.9,23364.4,802764
1789449180,2026-09-15T10:43:00,23363.85,23363.85,23348.4,23353.95,861390
1789449240,2026-09-15T10:44:00,23353.85,23357.45,23350.55,23351.2,683027
1789449300,2026-09-15T10:45:00,23351.2,23353.15,23349,23352.85,738611
1789449360,2026-09-15T10:46:00,23352.35,23352.4,23338.4,23339.6,791308
1789449420,2026-09-15T10:47:00,23339.5,23351.65,23338.7,23345.35,836574
1789449480,2026-09-15T10:48:00,23344.9,23351.25,23344.9,23348,613594
1789449540,2026-09-15T10:49:00,23347.75,23348.35,23339.2,23339.2,970834
1789449600,2026-09-15T10:50:00,23339.7,23349.35,23338.55,23345.8,1185013
1789449660,2026-09-15T10:51:00,23345.6,23347.65,23332.8,23333.85,745822
1789449720,2026-09-15T10:52:00,23333.4,23335.4,23330.65,23334.65,492241
1789449780,2026-09-15T10:53:00,23334.9,23336.65,23333,23335.4,629344
1789449840,2026-09-15T10:54:00,23335.25,23338.9,23333.65,23336,540660
1789449900,2026-09-15T10:55:00,23336,23337,23328.3,23329.9,494826
1789449960,2026-09-15T10:56:00,23329.55,23332.45,23327.75,23328.6,702584
1789450020,2026-09-15T10:57:00,23328.8,23332.1,23328.2,23331.15,390450
1789450080,2026-09-15T10:58:00,23330.8,23333.4,23327.35,23332.7,946852
1789450140,2026-09-15T10:59:00,23332.8,23338.8,23331.65,23338.45,476397
1789450200,2026-09-15T11:00:00,23337.75,23340.15,23336.75,23338.25,390821
1789450260,2026-09-15T11:01:00,23338.3,23353.1,23336.8,23352.7,1222117
1789450320,2026-09-15T11:02:00,23352.65,23360.45,23348.65,23359.65,843287
1789450380,2026-09-15T11:03:00,23359.45,23359.8,23350.45,23352.7,790160
1789450440,2026-09-15T11:04:00,23352.05,23360.45,23350.65,23360.45,568818
1789450500,2026-09-15T11:05:00,23359.95,23360.2,23350.05,23351.25,675468
1789450560,2026-09-15T11:06:00,23351.45,23351.7,23347.45,23350.15,669522
1789450620,2026-09-15T11:07:00,23350.05,23350.7,23335.85,23337.25,486313
1789450680,2026-09-15T11:08:00,23336.45,23339.55,23334.7,23337.95,457625
1789450740,2026-09-15T11:09:00,23337.9,23339.65,23332.85,23333.9,709145
1789450800,2026-09-15T11:10:00,23334.35,23336,23323.75,23334.95,651374
1789450860,2026-09-15T11:11:00,23334.9,23351.5,23334.45,23346.8,706355
1789450920,2026-09-15T11:12:00,23346.95,23348.65,23339.9,23344.5,529025
1789450980,2026-09-15T11:13:00,23344.5,23346,23337,23338.7,500492
1789451040,2026-09-15T11:14:00,23338.85,23349.2,23338.4,23345.4,642070
1789451100,2026-09-15T11:15:00,23345.45,23355.2,23344.1,23354,587031
1789451160,2026-09-15T11:16:00,23354.2,23355.9,23336.25,23337.15,1153330
1789451220,2026-09-15T11:17:00,23337,23340.75,23333.2,23335.5,624617
1789451280,2026-09-15T11:18:00,23334.95,23337.7,23328.2,23328.4,488685
1789451340,2026-09-15T11:19:00,23328.1,23329.1,23317.75,23322.1,975366
1789451400,2026-09-15T11:20:00,23322,23322.95,23316.55,23318.45,517603
1789451460,2026-09-15T11:21:00,23317.95,23322.75,23316.5,23321.75,678095
1789451520,2026-09-15T11:22:00,23321.3,23333.85,23321.15,23328.9,540651
1789451580,2026-09-15T11:23:00,23328.55,23333.7,23328.45,23332.85,326297
1789451640,2026-09-15T11:24:00,23332.55,23336.2,23329.6,23331.35,472609
1789451700,2026-09-15T11:25:00,23330.55,23333.5,23321.7,23322.25,501742
1789451760,2026-09-15T11:26:00,23321.8,23326.3,23316.85,23318.1,733968
1789451820,2026-09-15T11:27:00,23317.65,23320.55,23316.15,23319.4,570358
1789451880,2026-09-15T11:28:00,23319.1,23321.75,23313.8,23313.8,353233
1789451940,2026-09-15T11:29:00,23313.6,23318.8,23313.15,23317.65,887294
1789452000,2026-09-15T11:30:00,23317.35,23321.8,23311.55,23313.2,569524
1789452060,2026-09-15T11:31:00,23313,23320.55,23312.85,23316.95,383402
1789452120,2026-09-15T11:32:00,23317.05,23328.35,23316.25,23324.9,1089937
1789452180,2026-09-15T11:33:00,23324.8,23325.45,23321.7,23324.25,336184
1789452240,2026-09-15T11:34:00,23324.45,23328.55,23323.5,23323.9,984908
1789452300,2026-09-15T11:35:00,23324.25,23328.85,23323.65,23328.3,748133
1789452360,2026-09-15T11:36:00,23328.05,23339.9,23327.15,23336.25,591652
1789452420,2026-09-15T11:37:00,23336.05,23340.45,23335.3,23338.2,403698
1789452480,2026-09-15T11:38:00,23337.45,23344.95,23335.9,23342.55,466554
1789452540,2026-09-15T11:39:00,23341.9,23347.1,23340.6,23345.75,536413
1789452600,2026-09-15T11:40:00,23345.15,23348.5,23335.65,23336.5,592529
1789452660,2026-09-15T11:41:00,23335.75,23340.05,23335.75,23337.25,489285
1789452720,2026-09-15T11:42:00,23336.9,23340.35,23332.9,23333.15,614612
1789452780,2026-09-15T11:43:00,23333.15,23339.65,23331.35,23337.1,486640
1789452840,2026-09-15T11:44:00,23336.8,23343.45,23336.5,23342.05,583150
1789452900,2026-09-15T11:45:00,23342.1,23343.1,23338.45,23340.15,284869
1789452960,2026-09-15T11:46:00,23339.25,23342.4,23337.25,23337.5,458015
1789453020,2026-09-15T11:47:00,23337.55,23340.85,23337,23339.1,346206
1789453080,2026-09-15T11:48:00,23339.05,23343.25,23337.6,23340.6,510515
1789453140,2026-09-15T11:49:00,23340.6,23342.6,23329.15,23329.85,674411
1789453200,2026-09-15T11:50:00,23329.7,23332.8,23326,23327.35,999031
1789453260,2026-09-15T11:51:00,23327.1,23335.6,23326.75,23332.75,454409
1789453320,2026-09-15T11:52:00,23332.6,23336.15,23322.65,23323.35,952637
1789453380,2026-09-15T11:53:00,23323.15,23327.95,23319.95,23319.95,627567
1789453440,2026-09-15T11:54:00,23320.15,23325.7,23319.55,23322.95,789047
1789453500,2026-09-15T11:55:00,23322.45,23326.2,23319.85,23322.35,537072
1789453560,2026-09-15T11:56:00,23322.6,23328.45,23321.15,23326.5,645258
1789453620,2026-09-15T11:57:00,23326.2,23331.3,23325.95,23329.15,822576
1789453680,2026-09-15T11:58:00,23329.05,23338.1,23327.35,23335.85,803513
1789453740,2026-09-15T11:59:00,23335.15,23338.45,23332.95,23336.4,563071
1789453800,2026-09-15T12:00:00,23335.55,23340.25,23334.3,23335.65,711406
1789453860,2026-09-15T12:01:00,23335.75,23340.65,23334.7,23336.15,967307
1789453920,2026-09-15T12:02:00,23336,23345.2,23335.4,23342,498127
1789453980,2026-09-15T12:03:00,23341.45,23351.45,23341.45,23349.75,395124
1789454040,2026-09-15T12:04:00,23349.4,23351.65,23344.05,23345.3,362351
1789454100,2026-09-15T12:05:00,23345.45,23353.9,23345.45,23351.15,396797
1789454160,2026-09-15T12:06:00,23350.7,23351.6,23337.8,23338.7,706800
1789454220,2026-09-15T12:07:00,23338.5,23343.3,23336.15,23340.1,599029
1789454280,2026-09-15T12:08:00,23340.7,23349.25,23339.95,23345.85,432940
1789454340,2026-09-15T12:09:00,23346.5,23347.7,23338.25,23338.4,1116624
1789454400,2026-09-15T12:10:00,23339,23342.8,23336.7,23339.4,735491
1789454460,2026-09-15T12:11:00,23338.95,23344.8,23338.65,23339.35,1413771
1789454520,2026-09-15T12:12:00,23339.75,23342.6,23334.45,23334.95,1032025
1789454580,2026-09-15T12:13:00,23335,23337.4,23330.2,23332.85,524429
1789454640,2026-09-15T12:14:00,23332.1,23338.95,23332.1,23335.85,836493
1789454700,2026-09-15T12:15:00,23335.9,23337,23330.65,23332.65,848993
1789454760,2026-09-15T12:16:00,23331.7,23339.2,23331.7,23335.15,482003
1789454820,2026-09-15T12:17:00,23335.85,23338.5,23333.15,23337.65,383554
1789454880,2026-09-15T12:18:00,23336.05,23336.25,23324.35,23326.55,759294
1789454940,2026-09-15T12:19:00,23326.05,23330.1,23325.05,23326.7,761695
1789455000,2026-09-15T12:20:00,23326.1,23330.65,23324.95,23326.2,436487
1789455060,2026-09-15T12:21:00,23325.9,23331.55,23325.6,23330.4,746877
1789455120,2026-09-15T12:22:00,23329.65,23331.35,23326.9,23327.4,374671
1789455180,2026-09-15T12:23:00,23327.6,23333.25,23326.85,23330.75,495536
1789455240,2026-09-15T12:24:00,23330.65,23335.35,23330.25,23332.4,512214
1789455300,2026-09-15T12:25:00,23332.15,23334.05,23329.9,23330.4,427520
1789455360,2026-09-15T12:26:00,23330.55,23332.7,23327.5,23330.4,402568
1789455420,2026-09-15T12:27:00,23330.35,23333.05,23328.25,23331.9,364152
1789455480,2026-09-15T12:28:00,23332.15,23336.35,23331.45,23335.3,386716
1789455540,2026-09-15T12:29:00,23334.65,23340,23333.1,23337.4,885163
1789455600,2026-09-15T12:30:00,23338.1,23338.1,23327.6,23330.8,910062
1789455660,2026-09-15T12:31:00,23330.75,23331.25,23313.8,23317.35,833658
1789455720,2026-09-15T12:32:00,23317,23321.25,23314.95,23319.55,616338
1789455780,2026-09-15T12:33:00,23319.2,23321.5,23316.55,23320.4,437506
1789455840,2026-09-15T12:34:00,23320.1,23324,23318.1,23320.55,435347
1789455900,2026-09-15T12:35:00,23320.3,23332,23316,23329.15,663657
1789455960,2026-09-15T12:36:00,23329.6,23332.1,23326.8,23329.15,472254
1789456020,2026-09-15T12:37:00,23328.6,23331.5,23324.3,23325.4,365374
1789456080,2026-09-15T12:38:00,23326.05,23326.9,23321.05,23322.8,354092
1789456140,2026-09-15T12:39:00,23322.8,23325.8,23320.85,23322.55,335958
1789456200,2026-09-15T12:40:00,23322.35,23326.35,23321.4,23324.35,367340
1789456260,2026-09-15T12:41:00,23325.1,23327.8,23322.5,23323.4,407373
1789456320,2026-09-15T12:42:00,23323.2,23326.7,23322.5,23323.8,420267
1789456380,2026-09-15T12:43:00,23323.45,23326.5,23321.45,23323,552608
1789456440,2026-09-15T12:44:00,23322.7,23323.9,23315.05,23315.05,661741
1789456500,2026-09-15T12:45:00,23315.05,23318.4,23312.7,23314.85,925163
1789456560,2026-09-15T12:46:00,23314.6,23320.2,23313.8,23317.45,442739
1789456620,2026-09-15T12:47:00,23317.3,23321.3,23315,23319.35,372697
1789456680,2026-09-15T12:48:00,23318.65,23326.85,23318.65,23323.4,394786
1789456740,2026-09-15T12:49:00,23324,23328.4,23323.2,23327.15,690470
1789456800,2026-09-15T12:50:00,23326.9,23337.25,23325.65,23336.3,1250299
1789456860,2026-09-15T12:51:00,23336.55,23337.15,23331.8,23334.15,360032
1789456920,2026-09-15T12:52:00,23333.3,23335.35,23326.55,23326.8,382795
1789456980,2026-09-15T12:53:00,23326.9,23329.65,23323.35,23327.35,465942
1789457040,2026-09-15T12:54:00,23327.65,23331.25,23325.6,23328.9,507203
1789457100,2026-09-15T12:55:00,23328.7,23331.35,23324.9,23325.55,621812
1789457160,2026-09-15T12:56:00,23325.4,23328.15,23323.65,23325.4,330609
1789457220,2026-09-15T12:57:00,23325,23325.6,23319.55,23321.3,615827
1789457280,2026-09-15T12:58:00,23321.3,23322.5,23301.55,23304.3,673076
1789457340,2026-09-15T12:59:00,23304,23310.6,23303.75,23308.6,495603
1789457400,2026-09-15T13:00:00,23308.95,23313.25,23306.55,23311,488695
1789457460,2026-09-15T13:01:00,23310.6,23312.05,23303.05,23305.3,724586
1789457520,2026-09-15T13:02:00,23305.25,23308.55,23302.3,23304,330809
1789457580,2026-09-15T13:03:00,23304,23304.25,23296.7,23301.3,535942
1789457640,2026-09-15T13:04:00,23301.05,23310.55,23299.95,23308.6,415171
1789457700,2026-09-15T13:05:00,23308.9,23315.4,23307.85,23314.55,413234
1789457760,2026-09-15T13:06:00,23314.5,23315.75,23304.65,23305.35,388072
1789457820,2026-09-15T13:07:00,23305.35,23311.2,23303.45,23305.65,349865
1789457880,2026-09-15T13:08:00,23305.4,23308.2,23303.5,23306.4,508721
1789457940,2026-09-15T13:09:00,23306,23309.65,23304.05,23305.9,485032
1789458000,2026-09-15T13:10:00,23304.9,23310.85,23303.2,23303.25,393275
1789458060,2026-09-15T13:11:00,23303,23303.85,23288.45,23290.8,686980
1789458120,2026-09-15T13:12:00,23290.85,23298.8,23290.75,23295.9,456029
1789458180,2026-09-15T13:13:00,23295.15,23301.1,23294.35,23299.25,427750
1789458240,2026-09-15T13:14:00,23299.1,23303.05,23293.25,23294.95,494154
1789458300,2026-09-15T13:15:00,23295.1,23297.15,23287.6,23289.5,1114642
1789458360,2026-09-15T13:16:00,23289.3,23294.25,23284.45,23285.05,665388
1789458420,2026-09-15T13:17:00,23284.85,23290.7,23280.8,23289.2,565991
1789458480,2026-09-15T13:18:00,23289.4,23295,23287.65,23294.1,663687
1789458540,2026-09-15T13:19:00,23293.8,23300.5,23292.55,23294.15,442168
1789458600,2026-09-15T13:20:00,23293.5,23296.55,23286.75,23288.25,360922
1789458660,2026-09-15T13:21:00,23288.15,23289.3,23282.25,23283.7,699841
1789458720,2026-09-15T13:22:00,23283.75,23287.45,23282.45,23283.55,487645
1789458780,2026-09-15T13:23:00,23283.15,23285.75,23279.55,23283.65,624767
1789458840,2026-09-15T13:24:00,23284.1,23287.95,23282.55,23285.4,486268
1789458900,2026-09-15T13:25:00,23285.1,23287.9,23282.5,23285.5,550935
1789458960,2026-09-15T13:26:00,23284.9,23291.2,23283.3,23290.75,384968
1789459020,2026-09-15T13:27:00,23290.55,23296.55,23288.75,23290.7,333831
1789459080,2026-09-15T13:28:00,23290.25,23293.75,23288.4,23289.75,330619
1789459140,2026-09-15T13:29:00,23289.85,23292.75,23279.95,23281.05,373801
1789459200,2026-09-15T13:30:00,23281.45,23285.05,23274.5,23275.4,349987
1789459260,2026-09-15T13:31:00,23275.65,23275.85,23263,23266.5,730521
1789459320,2026-09-15T13:32:00,23266.05,23271.25,23265.05,23268.05,378770
1789459380,2026-09-15T13:33:00,23267.9,23271.3,23265.8,23269.3,352773
1789459440,2026-09-15T13:34:00,23269.45,23273.85,23268.6,23272.05,364460
1789459500,2026-09-15T13:35:00,23271.55,23274.4,23267.75,23271.9,396319
1789459560,2026-09-15T13:36:00,23272.05,23282.2,23270.55,23279.65,391571
1789459620,2026-09-15T13:37:00,23279,23281.55,23273.2,23274.6,343203
1789459680,2026-09-15T13:38:00,23274.45,23277.4,23267.5,23269,492660
1789459740,2026-09-15T13:39:00,23269.05,23274.6,23267.1,23269.3,439455
1789459800,2026-09-15T13:40:00,23269.1,23269.25,23262.2,23264.2,343420
1789459860,2026-09-15T13:41:00,23264.05,23264.05,23251.75,23262.45,675795
1789459920,2026-09-15T13:42:00,23262.95,23264.95,23254.3,23256.1,417758
1789459980,2026-09-15T13:43:00,23255.8,23264.45,23255.45,23260.65,1106618
1789460040,2026-09-15T13:44:00,23260.45,23265.05,23259.55,23263.25,408081
1789460100,2026-09-15T13:45:00,23263.35,23272.05,23262,23268.4,354626
1789460160,2026-09-15T13:46:00,23268.75,23270.2,23263.3,23266.3,292601
1789460220,2026-09-15T13:47:00,23265.95,23269.45,23263.85,23264.75,375965
1789460280,2026-09-15T13:48:00,23265.35,23269,23263.65,23265.1,268316
1789460340,2026-09-15T13:49:00,23265.6,23272.85,23265.2,23271.35,297404
1789460400,2026-09-15T13:50:00,23271,23276,23268.8,23274.2,686969
1789460460,2026-09-15T13:51:00,23274.35,23275.35,23269.75,23273.8,480823
1789460520,2026-09-15T13:52:00,23273.55,23275.7,23268.85,23273.9,339970
1789460580,2026-09-15T13:53:00,23274.25,23276.05,23269.05,23270.65,349259
1789460640,2026-09-15T13:54:00,23270.75,23273.5,23268.25,23269.1,296259
1789460700,2026-09-15T13:55:00,23269.5,23271.65,23263.45,23269.25,301867
1789460760,2026-09-15T13:56:00,23269.7,23271,23262.3,23267.15,628242
1789460820,2026-09-15T13:57:00,23266.55,23272.7,23262.4,23268.85,404351
1789460880,2026-09-15T13:58:00,23269,23274.9,23268.05,23271.65,459052
1789460940,2026-09-15T13:59:00,23271.65,23274.8,23269.1,23272.35,408968
1789461000,2026-09-15T14:00:00,23272.8,23277.15,23268.8,23274.3,429381
1789461060,2026-09-15T14:01:00,23273.95,23277.45,23268.7,23269.65,391978
1789461120,2026-09-15T14:02:00,23270.45,23274.65,23269.4,23272.4,405561
1789461180,2026-09-15T14:03:00,23272.05,23276.35,23270.6,23273.15,270831
1789461240,2026-09-15T14:04:00,23273.85,23276.95,23270.3,23271.45,583668
1789461300,2026-09-15T14:05:00,23271.45,23273.65,23265,23266.1,402238
1789461360,2026-09-15T14:06:00,23265.9,23276.1,23265.3,23274.2,495104
1789461420,2026-09-15T14:07:00,23273.65,23276.55,23269.6,23270.35,419240
1789461480,2026-09-15T14:08:00,23270.1,23271.55,23262.05,23263.55,375043
1789461540,2026-09-15T14:09:00,23263.65,23265.15,23258.7,23260.1,398168
1789461600,2026-09-15T14:10:00,23260.05,23260.95,23245.7,23246.55,1064217
1789461660,2026-09-15T14:11:00,23245.9,23249.65,23238.3,23240.25,736272
1789461720,2026-09-15T14:12:00,23239.4,23239.8,23230.15,23234.8,1869160
1789461780,2026-09-15T14:13:00,23235,23240,23232.9,23237.15,656942
1789461840,2026-09-15T14:14:00,23237,23237.55,23229.2,23230.2,531151
1789461900,2026-09-15T14:15:00,23228,23229.3,23207.95,23209.2,1432579
1789461960,2026-09-15T14:16:00,23209.1,23215.8,23206.6,23209.4,726657
1789462020,2026-09-15T14:17:00,23209.85,23213.3,23205.15,23211.15,892887
1789462080,2026-09-15T14:18:00,23210.9,23213.45,23204.05,23206.35,990022
1789462140,2026-09-15T14:19:00,23206.55,23206.55,23195.3,23197.9,809098
1789462200,2026-09-15T14:20:00,23197.65,23210,23197.15,23203.35,859486
1789462260,2026-09-15T14:21:00,23203.45,23215.85,23203.45,23210.4,781494
1789462320,2026-09-15T14:22:00,23210.35,23218.85,23207.4,23216.3,616854
1789462380,2026-09-15T14:23:00,23215.9,23220.35,23212.4,23213.35,842013
1789462440,2026-09-15T14:24:00,23213.05,23214.55,23204.55,23206.25,788282
1789462500,2026-09-15T14:25:00,23206.35,23213.3,23204.1,23208.3,740586
1789462560,2026-09-15T14:26:00,23207.8,23211.75,23206.3,23208.6,824399
1789462620,2026-09-15T14:27:00,23208.05,23212.75,23204.3,23209.55,898874
1789462680,2026-09-15T14:28:00,23208.3,23211.75,23197.6,23198.9,728700
1789462740,2026-09-15T14:29:00,23198.9,23205.75,23197.95,23202.8,584739
1789462800,2026-09-15T14:30:00,23202.55,23207.75,23200.4,23202.4,553035
1789462860,2026-09-15T14:31:00,23202.5,23207.65,23199.95,23204.45,513870
1789462920,2026-09-15T14:32:00,23205.35,23207.95,23202.15,23206.5,1005627
1789462980,2026-09-15T14:33:00,23206.5,23213.85,23206.5,23210.3,947262
1789463040,2026-09-15T14:34:00,23210.75,23213.95,23207.75,23210.2,700472
1789463100,2026-09-15T14:35:00,23210.4,23212.4,23206.45,23209.15,904927
1789463160,2026-09-15T14:36:00,23209.25,23215.35,23207.4,23211.75,826046
1789463220,2026-09-15T14:37:00,23211.9,23213.8,23206.65,23210.45,760810
1789463280,2026-09-15T14:38:00,23210.3,23215.6,23209.9,23215.6,688000
1789463340,2026-09-15T14:39:00,23216.5,23224.5,23214.65,23215.85,742744
1789463400,2026-09-15T14:40:00,23216.05,23221.7,23213.2,23215.75,523769
1789463460,2026-09-15T14:41:00,23216.45,23224.35,23216.45,23219.15,592016
1789463520,2026-09-15T14:42:00,23220.35,23225.2,23215.35,23216.75,670503
1789463580,2026-09-15T14:43:00,23217.15,23219.45,23212.45,23217.55,506199
1789463640,2026-09-15T14:44:00,23217.7,23223.4,23214.45,23215.75,895277
1789463700,2026-09-15T14:45:00,23216.05,23217.55,23206.7,23207.65,819109
1789463760,2026-09-15T14:46:00,23207.75,23208.1,23191.15,23191.45,1093595
1789463820,2026-09-15T14:47:00,23190.7,23192.9,23170.9,23173.25,1174369
1789463880,2026-09-15T14:48:00,23172.65,23173.7,23152,23162.2,2182231
1789463940,2026-09-15T14:49:00,23161.65,23169.15,23159,23164,1028906
1789464000,2026-09-15T14:50:00,23165,23184.55,23163.95,23183.95,1790775
1789464060,2026-09-15T14:51:00,23183.45,23191.9,23182.35,23189.65,1550938
1789464120,2026-09-15T14:52:00,23189.65,23195.55,23187.2,23188.25,1569721
1789464180,2026-09-15T14:53:00,23188.6,23189.65,23177.65,23183.05,1562404
1789464240,2026-09-15T14:54:00,23182.85,23184.9,23175.9,23177.75,1688711
1789464300,2026-09-15T14:55:00,23178.45,23187.6,23177.3,23178.1,866774
1789464360,2026-09-15T14:56:00,23178.55,23185.6,23177.4,23184.2,1189173
1789464420,2026-09-15T14:57:00,23184.2,23185.8,23181.1,23183.8,926258
1789464480,2026-09-15T14:58:00,23183.55,23185.15,23179.05,23179.7,831156
1789464540,2026-09-15T14:59:00,23180.15,23181.5,23173.6,23174.9,1026226
1789464600,2026-09-15T15:00:00,23174.7,23175.9,23170,23172.15,1457874
1789464660,2026-09-15T15:01:00,23172.3,23183.45,23169.3,23178.15,1670510
1789464720,2026-09-15T15:02:00,23178.95,23182.2,23172.95,23175.35,1642179
1789464780,2026-09-15T15:03:00,23175.95,23177.05,23171.95,23174.9,1278988
1789464840,2026-09-15T15:04:00,23176.4,23185.15,23173.95,23182.75,1658058
1789464900,2026-09-15T15:05:00,23184.35,23185,23171.9,23174.25,2282458
1789464960,2026-09-15T15:06:00,23174.8,23175.7,23165.7,23172.15,2299174
1789465020,2026-09-15T15:07:00,23173.45,23182.35,23172.7,23176.35,1943725
1789465080,2026-09-15T15:08:00,23176.75,23177.75,23171.15,23173.7,1348711
1789465140,2026-09-15T15:09:00,23174.1,23176.7,23166.4,23172.95,2066293
1789465200,2026-09-15T15:10:00,23173.25,23175.85,23169.45,23173,3066021
1789465260,2026-09-15T15:11:00,23173.2,23192.35,23172.45,23187.1,2462185
1789465320,2026-09-15T15:12:00,23187,23189.1,23172.1,23178.95,3681987
1789465380,2026-09-15T15:13:00,23178.1,23186.95,23175,23178.85,2330616
1789465440,2026-09-15T15:14:00,23177.7,23182.1,23166.2,23172.25,1560677
1789465500,2026-09-15T15:15:00,23172.35,23172.35,23172.35,23172.35,13156
1789465560,2026-09-15T15:16:00,23172.35,23172.35,23172.35,23172.35,13156
1789465620,2026-09-15T15:17:00,23172.35,23172.35,23172.35,23172.35,13156
1789465680,2026-09-15T15:18:00,23172.35,23172.35,23172.35,23172.35,13156
1789465740,2026-09-15T15:19:00,23172.35,23172.35,23172.35,23172.35,13156
1789465800,2026-09-15T15:20:00,23172.35,23172.35,23172.35,23172.35,13156
1789465860,2026-09-15T15:21:00,23172.35,23172.35,23172.35,23172.35,13156
1789465920,2026-09-15T15:22:00,23172.35,23172.35,23172.35,23172.35,13156
1789465980,2026-09-15T15:23:00,23172.35,23172.35,23172.35,23172.35,13156
1789466040,2026-09-15T15:24:00,23172.35,23172.35,23172.35,23172.35,13156
1789466100,2026-09-15T15:25:00,23172.35,23172.35,23172.35,23172.35,13156
1789466160,2026-09-15T15:26:00,23172.35,23172.35,23172.35,23172.35,13156
1789466220,2026-09-15T15:27:00,23172.35,23172.35,23172.35,23172.35,13156
1789466280,2026-09-15T15:28:00,23172.35,23172.35,23172.35,23172.35,13156
1789466340,2026-09-15T15:29:00,23172.35,23172.35,23118.6,23118.6,13156
1789530300,2026-09-16T09:15:00,23201.05,23239.15,23186.55,23229.25,3081880
1789530360,2026-09-16T09:16:00,23229.45,23271.95,23214.65,23270.6,2378535
1789530420,2026-09-16T09:17:00,23271.2,23280.7,23266.45,23277.6,1987912
1789530480,2026-09-16T09:18:00,23277.2,23281.15,23242.3,23244.2,1726253
1789530540,2026-09-16T09:19:00,23244.25,23250.4,23240.55,23247.25,1124528
1789530600,2026-09-16T09:20:00,23247.65,23250.6,23236.45,23244.5,1388947
1789530660,2026-09-16T09:21:00,23244.45,23251.05,23235.45,23245.4,1018777
1789530720,2026-09-16T09:22:00,23245.9,23255.55,23238.75,23254.6,1579530
1789530780,2026-09-16T09:23:00,23253.45,23255.9,23243.95,23245.85,1060123
1789530840,2026-09-16T09:24:00,23245.95,23245.95,23228.2,23236.25,1071319
1789530900,2026-09-16T09:25:00,23235.9,23240.4,23224.95,23226,709499
1789530960,2026-09-16T09:26:00,23225.85,23234.15,23219.65,23227.2,710586
1789531020,2026-09-16T09:27:00,23228.05,23231.55,23214.8,23220.6,658756
1789531080,2026-09-16T09:28:00,23220.85,23222.55,23196.95,23196.95,4166908
1789531140,2026-09-16T09:29:00,23196.8,23206,23194.15,23204.2,1101110
1789531200,2026-09-16T09:30:00,23204,23204.5,23180.55,23183.55,1109537
1789531260,2026-09-16T09:31:00,23184.9,23202.5,23184.2,23188.2,1013118
1789531320,2026-09-16T09:32:00,23188.35,23191,23175.95,23177.45,1274733
1789531380,2026-09-16T09:33:00,23176.95,23198.45,23175.8,23198.3,986704
1789531440,2026-09-16T09:34:00,23198.3,23213.9,23197.8,23209.4,723410
1789531500,2026-09-16T09:35:00,23209.45,23209.45,23182.55,23182.55,627283
1789531560,2026-09-16T09:36:00,23183.15,23190.35,23180.6,23189.9,632189
1789531620,2026-09-16T09:37:00,23190.65,23192.4,23170.2,23171.5,900188
1789531680,2026-09-16T09:38:00,23170.7,23173.95,23154.1,23158.2,891475
1789531740,2026-09-16T09:39:00,23158.2,23164.05,23149.85,23151.3,894170
1789531800,2026-09-16T09:40:00,23150.65,23155.65,23141.3,23145.6,728487
1789531860,2026-09-16T09:41:00,23145.9,23146.65,23133.15,23137.3,683919
1789531920,2026-09-16T09:42:00,23137.5,23139.5,23127,23134.4,859434
1789531980,2026-09-16T09:43:00,23135.5,23137.35,23128.6,23130.45,703900
1789532040,2026-09-16T09:44:00,23130.4,23138.6,23120.95,23120.95,659441
1789532100,2026-09-16T09:45:00,23121,23131.8,23116.1,23129.05,850795
1789532160,2026-09-16T09:46:00,23129.1,23141.4,23128.1,23138.6,802770
1789532220,2026-09-16T09:47:00,23138.2,23143.25,23117.1,23119.55,762587
1789532280,2026-09-16T09:48:00,23120,23138.25,23119.2,23135.15,643368
1789532340,2026-09-16T09:49:00,23135.85,23153.2,23133.6,23152.2,629327
1789532400,2026-09-16T09:50:00,23152.6,23178.85,23150.35,23162.85,795958
1789532460,2026-09-16T09:51:00,23162.7,23166.55,23155.15,23165.75,1071840
1789532520,2026-09-16T09:52:00,23166.2,23193.2,23166.2,23188.45,760330
1789532580,2026-09-16T09:53:00,23188.45,23191.3,23174.1,23191.15,499314
1789532640,2026-09-16T09:54:00,23191.25,23212.9,23190.8,23212.8,852635
1789532700,2026-09-16T09:55:00,23212.4,23228,23211.65,23226.85,1179004
1789532760,2026-09-16T09:56:00,23227.4,23235.75,23218.95,23222.9,880984
1789532820,2026-09-16T09:57:00,23223.15,23230.45,23218.7,23221.6,834629
1789532880,2026-09-16T09:58:00,23221.95,23222.4,23202.1,23203.7,922426
1789532940,2026-09-16T09:59:00,23203.9,23225.1,23202.9,23224.6,780480
1789533000,2026-09-16T10:00:00,23224.5,23225.15,23208.45,23216.85,973024
1789533060,2026-09-16T10:01:00,23216.95,23222.5,23200.5,23201.65,1220420
1789533120,2026-09-16T10:02:00,23202.45,23206.85,23190.2,23194,1210526
1789533180,2026-09-16T10:03:00,23194.3,23207.65,23194.1,23199.95,422936
1789533240,2026-09-16T10:04:00,23199.75,23200.75,23183,23183.9,829406
1789533300,2026-09-16T10:05:00,23184.05,23184.25,23169.1,23171.15,977095
1789533360,2026-09-16T10:06:00,23171.15,23176.75,23163.4,23175.05,614782
1789533420,2026-09-16T10:07:00,23174.9,23185.6,23169.25,23185.6,561187
1789533480,2026-09-16T10:08:00,23186.45,23191.35,23172.6,23175,425293
1789533540,2026-09-16T10:09:00,23174.95,23180.45,23173.1,23178.15,375585
1789533600,2026-09-16T10:10:00,23178.1,23185.5,23178,23178.6,438251
1789533660,2026-09-16T10:11:00,23178.75,23188.3,23175.4,23186.3,423195
1789533720,2026-09-16T10:12:00,23186.85,23200.85,23186.55,23199.4,573385
1789533780,2026-09-16T10:13:00,23199.2,23200.45,23177.15,23177.4,501778
1789533840,2026-09-16T10:14:00,23177.25,23181.5,23175.6,23177.75,489190
1789533900,2026-09-16T10:15:00,23177.85,23184.25,23172.1,23183.5,475094
1789533960,2026-09-16T10:16:00,23183.2,23194.45,23182.7,23191.35,512462
1789534020,2026-09-16T10:17:00,23191.45,23212.75,23191.4,23210.75,585045
1789534080,2026-09-16T10:18:00,23210.45,23215.3,23202.9,23204,553847
1789534140,2026-09-16T10:19:00,23203.45,23207.75,23192.35,23193.1,465001
1789534200,2026-09-16T10:20:00,23193.4,23206.3,23192.45,23203.1,433441
1789534260,2026-09-16T10:21:00,23202.85,23204.7,23193.7,23198.85,339200
1789534320,2026-09-16T10:22:00,23198.95,23211.55,23198.6,23209.35,339367
1789534380,2026-09-16T10:23:00,23209.6,23223.1,23208,23221.35,482004
1789534440,2026-09-16T10:24:00,23221.55,23226.6,23209.3,23223.8,820841
1789534500,2026-09-16T10:25:00,23223.5,23231.9,23219.5,23230.25,427425
1789534560,2026-09-16T10:26:00,23229.85,23239.45,23221.25,23222.7,562717
1789534620,2026-09-16T10:27:00,23223.05,23226.75,23220.9,23224.4,334964
1789534680,2026-09-16T10:28:00,23225.1,23234.85,23222.55,23232.05,377536
1789534740,2026-09-16T10:29:00,23232,23235.7,23229.8,23229.8,589162
1789534800,2026-09-16T10:30:00,23229.55,23239.6,23229.35,23231.65,1165255
1789534860,2026-09-16T10:31:00,23231.75,23233.5,23223.7,23226.65,724225
1789534920,2026-09-16T10:32:00,23226.75,23239.05,23225.95,23238.05,429322
1789534980,2026-09-16T10:33:00,23238.1,23238.1,23232.1,23235.5,475554
1789535040,2026-09-16T10:34:00,23235.65,23248.1,23235.65,23245.2,466401
1789535100,2026-09-16T10:35:00,23245.8,23249,23243.45,23244.1,511483
1789535160,2026-09-16T10:36:00,23243.95,23247.5,23239.85,23244.4,502534
1789535220,2026-09-16T10:37:00,23244.2,23244.85,23225.55,23225.85,599367
1789535280,2026-09-16T10:38:00,23225.85,23239.25,23225.85,23235.8,307076
1789535340,2026-09-16T10:39:00,23235.85,23241.05,23235.05,23240.05,378643
1789535400,2026-09-16T10:40:00,23239.6,23249.05,23239.2,23246.1,654318
1789535460,2026-09-16T10:41:00,23246.05,23250,23244.4,23245.4,487994
1789535520,2026-09-16T10:42:00,23245.2,23246.85,23237.7,23238.8,673320
1789535580,2026-09-16T10:43:00,23238.8,23249.1,23237.65,23247.75,474229
1789535640,2026-09-16T10:44:00,23247.6,23250.1,23240.7,23248.5,745590
1789535700,2026-09-16T10:45:00,23248.6,23254.8,23245.9,23246.85,527041
1789535760,2026-09-16T10:46:00,23247.1,23254.1,23244.75,23248,732156
1789535820,2026-09-16T10:47:00,23247.85,23252.3,23244.85,23246.05,488293
1789535880,2026-09-16T10:48:00,23246.15,23260.45,23245.9,23260.1,669783
1789535940,2026-09-16T10:49:00,23259.65,23266.1,23257.7,23260.1,776684
1789536000,2026-09-16T10:50:00,23260.05,23261.95,23246.6,23247.5,454522
1789536060,2026-09-16T10:51:00,23247.55,23258.9,23246.95,23255.65,377914
1789536120,2026-09-16T10:52:00,23255.6,23268.65,23255.25,23267.25,913886
1789536180,2026-09-16T10:53:00,23267.25,23267.95,23253.65,23254.15,521439
1789536240,2026-09-16T10:54:00,23254.95,23258.6,23253,23254.3,604512
1789536300,2026-09-16T10:55:00,23254.15,23254.45,23237.35,23237.35,669212
1789536360,2026-09-16T10:56:00,23237.3,23246.55,23236.95,23246.25,665457
1789536420,2026-09-16T10:57:00,23245.7,23252.45,23245.7,23251.65,592241
1789536480,2026-09-16T10:58:00,23250.9,23252.1,23244.8,23248.15,550646
1789536540,2026-09-16T10:59:00,23248.25,23252.85,23247.8,23252,393430
1789536600,2026-09-16T11:00:00,23252,23261,23251.9,23260.5,634347
1789536660,2026-09-16T11:01:00,23260.35,23266.7,23259.65,23264.8,1179417
1789536720,2026-09-16T11:02:00,23264.85,23274.5,23264.15,23272.4,936318
1789536780,2026-09-16T11:03:00,23272.55,23278.75,23271.3,23277.65,531010
1789536840,2026-09-16T11:04:00,23277.8,23278.7,23271.75,23272.55,703720
1789536900,2026-09-16T11:05:00,23272.35,23273.35,23259.5,23262.75,805772
1789536960,2026-09-16T11:06:00,23263.55,23267.65,23260.6,23261.45,384515
1789537020,2026-09-16T11:07:00,23261.2,23264.8,23252.3,23253.5,839610
1789537080,2026-09-16T11:08:00,23253.55,23262.25,23253.55,23261.1,1295843
1789537140,2026-09-16T11:09:00,23260.85,23261.75,23256.55,23257.85,470314
1789537200,2026-09-16T11:10:00,23258.05,23264.35,23256.2,23263,859123
1789537260,2026-09-16T11:11:00,23263.1,23265.7,23258,23258.9,507119
1789537320,2026-09-16T11:12:00,23258.65,23264.95,23258.3,23262.8,482876
1789537380,2026-09-16T11:13:00,23262.75,23263.25,23255.8,23256.25,286819
1789537440,2026-09-16T11:14:00,23256.15,23256.95,23248.4,23250.7,671771
1789537500,2026-09-16T11:15:00,23250.85,23259.55,23250.7,23258.7,411040
1789537560,2026-09-16T11:16:00,23258.8,23269,23258.5,23265.15,630602
1789537620,2026-09-16T11:17:00,23264.6,23265.65,23254.45,23255.8,405398
1789537680,2026-09-16T11:18:00,23255.7,23262.75,23254.05,23255.6,823110
1789537740,2026-09-16T11:19:00,23255.5,23255.55,23247.6,23248.5,1036604
1789537800,2026-09-16T11:20:00,23248.45,23248.7,23238.95,23242.4,565181
1789537860,2026-09-16T11:21:00,23241.4,23242.2,23232.85,23237.05,1012436
1789537920,2026-09-16T11:22:00,23236.9,23250,23236.1,23248.95,1203056
1789537980,2026-09-16T11:23:00,23249.25,23263.55,23249.15,23258.3,632825
1789538040,2026-09-16T11:24:00,23258.2,23258.2,23243.4,23243.4,795781
1789538100,2026-09-16T11:25:00,23243.45,23246.25,23235.15,23236.1,461683
1789538160,2026-09-16T11:26:00,23236.25,23236.6,23229.4,23231.25,701831
1789538220,2026-09-16T11:27:00,23231.05,23234.6,23225.75,23226.45,543974
1789538280,2026-09-16T11:28:00,23226.4,23232.45,23224.65,23225.4,616638
1789538340,2026-09-16T11:29:00,23225.3,23227.35,23219.35,23220.25,563183
1789538400,2026-09-16T11:30:00,23220.2,23233.45,23219.95,23229.8,614087
1789538460,2026-09-16T11:31:00,23229.55,23234.25,23226.85,23230.85,1123548
1789538520,2026-09-16T11:32:00,23230.8,23238.45,23229.8,23237.15,916102
1789538580,2026-09-16T11:33:00,23237,23241.45,23232.45,23233.4,465347
1789538640,2026-09-16T11:34:00,23233.4,23235.25,23224.8,23226.3,600344
1789538700,2026-09-16T11:35:00,23226.4,23231.35,23222.9,23226.2,978608
1789538760,2026-09-16T11:36:00,23226.1,23227.7,23222.8,23226.15,1662750
1789538820,2026-09-16T11:37:00,23226.25,23227.95,23220.75,23227.2,834639
1789538880,2026-09-16T11:38:00,23227.3,23245.4,23227.25,23236.7,887715
1789538940,2026-09-16T11:39:00,23236.8,23239.65,23232.55,23234.5,394541
1789539000,2026-09-16T11:40:00,23233.9,23239.6,23231,23238.8,527325
1789539060,2026-09-16T11:41:00,23238.75,23238.95,23231.4,23233.25,649975
1789539120,2026-09-16T11:42:00,23233.45,23236.5,23230.65,23232.4,523626
1789539180,2026-09-16T11:43:00,23232.35,23237.55,23231.9,23235.35,334207
1789539240,2026-09-16T11:44:00,23235,23237.25,23232.8,23233.65,460065
1789539300,2026-09-16T11:45:00,23233.55,23234.7,23227.95,23228,473129
1789539360,2026-09-16T11:46:00,23227.95,23229.6,23226.05,23227.45,324561
1789539420,2026-09-16T11:47:00,23227.2,23227.6,23223.15,23224.2,400095
1789539480,2026-09-16T11:48:00,23224.2,23225.95,23222.45,23224.65,399670
1789539540,2026-09-16T11:49:00,23224.85,23230.05,23223.65,23226.3,491796
1789539600,2026-09-16T11:50:00,23226.3,23242.75,23225.3,23238.8,731663
1789539660,2026-09-16T11:51:00,23238.7,23242.05,23234.25,23235.8,737377
1789539720,2026-09-16T11:52:00,23235.85,23239.1,23227.3,23228.6,416661
1789539780,2026-09-16T11:53:00,23228.4,23229.5,23223.35,23226.65,513349
1789539840,2026-09-16T11:54:00,23226.8,23230.3,23226.2,23226.7,314883
1789539900,2026-09-16T11:55:00,23226.6,23228.05,23224.95,23226,449020
1789539960,2026-09-16T11:56:00,23226.35,23227.2,23214.55,23216.85,736776
1789540020,2026-09-16T11:57:00,23216.55,23219.95,23215.2,23217.15,416390
1789540080,2026-09-16T11:58:00,23217.5,23219.65,23213.85,23217.1,302162
1789540140,2026-09-16T11:59:00,23216.55,23218.85,23213.7,23214.85,367271
1789540200,2026-09-16T12:00:00,23215.95,23220.85,23214.6,23218.05,399885
1789540260,2026-09-16T12:01:00,23218,23219.55,23216.3,23218.15,260199
1789540320,2026-09-16T12:02:00,23217.95,23218.45,23206.75,23210,595927
1789540380,2026-09-16T12:03:00,23210.1,23212.5,23206.2,23209.45,481622
1789540440,2026-09-16T12:04:00,23209.5,23214.4,23209.3,23213.05,318319
1789540500,2026-09-16T12:05:00,23213,23218.6,23212.65,23218.3,522441
1789540560,2026-09-16T12:06:00,23218.1,23224.75,23217.65,23221.25,378755
1789540620,2026-09-16T12:07:00,23221.35,23230.3,23221.35,23229.9,330736
1789540680,2026-09-16T12:08:00,23229.25,23230.95,23224.1,23224.3,395077
1789540740,2026-09-16T12:09:00,23224.2,23224.35,23220.5,23223.25,453862
1789540800,2026-09-16T12:10:00,23223.3,23234.2,23222.5,23234.15,655873
1789540860,2026-09-16T12:11:00,23234,23239.1,23231.5,23232.25,599744
1789540920,2026-09-16T12:12:00,23232.2,23235.45,23230.1,23230.65,358667
1789540980,2026-09-16T12:13:00,23230.6,23246.85,23229.95,23246.75,598107
1789541040,2026-09-16T12:14:00,23246.75,23246.85,23233,23233.05,629193
1789541100,2026-09-16T12:15:00,23232.85,23233.15,23220.55,23223,616741
1789541160,2026-09-16T12:16:00,23223.05,23234.1,23221.45,23232.8,712388
1789541220,2026-09-16T12:17:00,23232.75,23246.8,23232.35,23242.05,1078946
1789541280,2026-09-16T12:18:00,23242,23242,23235.95,23240.1,409704
1789541340,2026-09-16T12:19:00,23240.35,23242.9,23239.3,23240.4,439788
1789541400,2026-09-16T12:20:00,23240.3,23241.05,23230.9,23232.4,625726
1789541460,2026-09-16T12:21:00,23232.3,23236.7,23232.3,23234.8,1407899
1789541520,2026-09-16T12:22:00,23234.7,23238.65,23233.7,23237.1,697818
1789541580,2026-09-16T12:23:00,23237.05,23241.75,23236.9,23240.15,671462
1789541640,2026-09-16T12:24:00,23239.75,23240.4,23235,23237.1,411552
1789541700,2026-09-16T12:25:00,23237.1,23238.7,23235.6,23237.6,384775
1789541760,2026-09-16T12:26:00,23237.6,23239.7,23234.85,23235.95,330353
1789541820,2026-09-16T12:27:00,23235.95,23236.8,23228.15,23228.8,404165
1789541880,2026-09-16T12:28:00,23228.1,23237.25,23227.8,23236.7,440409
1789541940,2026-09-16T12:29:00,23236.75,23238.05,23233.6,23234.15,390314
1789542000,2026-09-16T12:30:00,23234.4,23238.3,23234.15,23236.2,319868
1789542060,2026-09-16T12:31:00,23236.3,23247.55,23235.8,23246.6,426381
1789542120,2026-09-16T12:32:00,23246.7,23251.15,23246.45,23249.1,502658
1789542180,2026-09-16T12:33:00,23248.85,23264.45,23247.75,23260.1,1207219
1789542240,2026-09-16T12:34:00,23259.95,23260.5,23249.25,23250.25,523672
1789542300,2026-09-16T12:35:00,23249.9,23260.15,23249.55,23259.3,314446
1789542360,2026-09-16T12:36:00,23259.1,23259.6,23247.35,23250.6,624529
1789542420,2026-09-16T12:37:00,23250.75,23250.75,23243.9,23245.4,261354
1789542480,2026-09-16T12:38:00,23245.25,23250.2,23244.5,23249,497059
1789542540,2026-09-16T12:39:00,23248.85,23250.5,23244.35,23246.35,435007
1789542600,2026-09-16T12:40:00,23246.9,23250.05,23243.8,23248.35,379393
1789542660,2026-09-16T12:41:00,23248.2,23250.55,23245.5,23245.75,836682
1789542720,2026-09-16T12:42:00,23245.85,23247.6,23244.2,23245.55,653312
1789542780,2026-09-16T12:43:00,23245.55,23259.95,23245.45,23257.35,1112487
1789542840,2026-09-16T12:44:00,23257.7,23260.35,23257,23258.6,418774
1789542900,2026-09-16T12:45:00,23258.65,23259.05,23248.3,23248.9,498193
1789542960,2026-09-16T12:46:00,23249.05,23251.15,23244.6,23249.35,482848
1789543020,2026-09-16T12:47:00,23249.4,23254.75,23249,23254.05,509035
1789543080,2026-09-16T12:48:00,23254.15,23256.05,23251.1,23253,488540
1789543140,2026-09-16T12:49:00,23252.9,23255.35,23250.45,23253.75,619932
1789543200,2026-09-16T12:50:00,23253.9,23254.4,23250.05,23251.4,674705
1789543260,2026-09-16T12:51:00,23251.2,23252.7,23248.75,23249.7,249043
1789543320,2026-09-16T12:52:00,23249.75,23250.5,23246.8,23247.65,412734
1789543380,2026-09-16T12:53:00,23247.75,23256.45,23247.4,23255.2,614206
1789543440,2026-09-16T12:54:00,23255.25,23257.2,23251.95,23253.5,633331
1789543500,2026-09-16T12:55:00,23253.3,23256.2,23250.55,23252.3,435808
1789543560,2026-09-16T12:56:00,23252.05,23258.8,23252,23254.7,903585
1789543620,2026-09-16T12:57:00,23254.6,23258.25,23251.2,23255.4,608937
1789543680,2026-09-16T12:58:00,23255.75,23257.25,23246.3,23248,500374
1789543740,2026-09-16T12:59:00,23247.95,23249.9,23241.75,23242.1,458794
1789543800,2026-09-16T13:00:00,23242.8,23247.25,23240.55,23246.75,589491
1789543860,2026-09-16T13:01:00,23246.45,23252.7,23245.45,23247.6,365810
1789543920,2026-09-16T13:02:00,23247.55,23251.75,23246.7,23249.3,241575
1789543980,2026-09-16T13:03:00,23249.55,23250.4,23246.2,23247.9,296293
1789544040,2026-09-16T13:04:00,23247.95,23257.5,23247.4,23255.95,357818
1789544100,2026-09-16T13:05:00,23255.8,23259.85,23254.75,23258.7,396496
1789544160,2026-09-16T13:06:00,23258.65,23264.9,23257.6,23263.6,884105
1789544220,2026-09-16T13:07:00,23263.5,23274.5,23262.75,23271.95,496077
1789544280,2026-09-16T13:08:00,23273.8,23276.85,23270.5,23275.85,417579
1789544340,2026-09-16T13:09:00,23275.7,23284.75,23272.75,23274.05,702723
1789544400,2026-09-16T13:10:00,23274.25,23278.1,23273.9,23275.4,277782
1789544460,2026-09-16T13:11:00,23275.3,23278.15,23267.2,23267.45,352689
1789544520,2026-09-16T13:12:00,23267.15,23268.25,23264.5,23265.35,406144
1789544580,2026-09-16T13:13:00,23265.45,23267.45,23261.4,23261.95,306478
1789544640,2026-09-16T13:14:00,23262.05,23263.7,23256.85,23258.7,268684
1789544700,2026-09-16T13:15:00,23258.4,23258.7,23253.15,23254.45,305007
1789544760,2026-09-16T13:16:00,23254.4,23260.05,23253.35,23255.15,696452
1789544820,2026-09-16T13:17:00,23255.1,23261.3,23252.35,23260.6,555580
1789544880,2026-09-16T13:18:00,23260.45,23264.85,23260.45,23263.9,361732
1789544940,2026-09-16T13:19:00,23263.85,23271.3,23263.3,23269.55,640706
1789545000,2026-09-16T13:20:00,23269.25,23269.4,23260.65,23264.25,610474
1789545060,2026-09-16T13:21:00,23264.15,23265.45,23260.35,23262.1,305403
1789545120,2026-09-16T13:22:00,23261.6,23262.6,23257.45,23259.1,480395
1789545180,2026-09-16T13:23:00,23259.1,23261.7,23250.6,23251.35,444128
1789545240,2026-09-16T13:24:00,23251.6,23252.05,23244,23245,494718
1789545300,2026-09-16T13:25:00,23244.75,23247.3,23243.9,23244.75,342405
1789545360,2026-09-16T13:26:00,23244.9,23246.6,23241.3,23241.85,338283
1789545420,2026-09-16T13:27:00,23242.1,23243.15,23237.5,23238.15,707810
1789545480,2026-09-16T13:28:00,23238.1,23238.1,23223.55,23224.6,941670
1789545540,2026-09-16T13:29:00,23223.85,23227.85,23220.6,23220.85,414334
1789545600,2026-09-16T13:30:00,23220.8,23225.45,23220.15,23225.45,654864
1789545660,2026-09-16T13:31:00,23225.45,23232.9,23223.95,23231.3,564993
1789545720,2026-09-16T13:32:00,23231.3,23235.65,23230.75,23233.2,671031
1789545780,2026-09-16T13:33:00,23233.25,23233.75,23225.75,23226.55,288101
1789545840,2026-09-16T13:34:00,23226.25,23228.05,23220.15,23227.05,447657
1789545900,2026-09-16T13:35:00,23227.2,23236.5,23226.7,23236,401375
1789545960,2026-09-16T13:36:00,23235.85,23237.35,23227.2,23228.3,383864
1789546020,2026-09-16T13:37:00,23228.35,23229.9,23225.05,23226.05,392245
1789546080,2026-09-16T13:38:00,23226.2,23229.2,23219,23227.2,859218
1789546140,2026-09-16T13:39:00,23227.2,23230,23220.6,23222.25,485679
1789546200,2026-09-16T13:40:00,23222.2,23224.15,23214.7,23216.4,448697
1789546260,2026-09-16T13:41:00,23216.4,23224.3,23216.1,23224.1,775128
1789546320,2026-09-16T13:42:00,23223.95,23224.55,23219.1,23220.35,658764
1789546380,2026-09-16T13:43:00,23220.45,23221.55,23214.75,23216,544715
1789546440,2026-09-16T13:44:00,23216.1,23217.9,23209.8,23212.1,504586
1789546500,2026-09-16T13:45:00,23212.2,23225.1,23212.2,23221.6,364378
1789546560,2026-09-16T13:46:00,23221.35,23223.2,23216,23218.05,375153
1789546620,2026-09-16T13:47:00,23218.15,23224.8,23217.9,23224.25,312025
1789546680,2026-09-16T13:48:00,23224.1,23229.15,23221.25,23222.3,469604
1789546740,2026-09-16T13:49:00,23222.15,23223.75,23216.05,23217.45,579466
1789546800,2026-09-16T13:50:00,23217.45,23220.6,23215.75,23218.05,449493
1789546860,2026-09-16T13:51:00,23218.05,23220.3,23212.95,23218.8,575475
1789546920,2026-09-16T13:52:00,23218.85,23222.35,23214,23217.95,421781
1789546980,2026-09-16T13:53:00,23218,23224.3,23216.45,23221.95,277373
1789547040,2026-09-16T13:54:00,23222.05,23226.75,23221.05,23224.65,569941
1789547100,2026-09-16T13:55:00,23224.7,23225.15,23219.4,23222.55,505976
1789547160,2026-09-16T13:56:00,23222.55,23225.9,23221.25,23223.7,437381
1789547220,2026-09-16T13:57:00,23223.75,23225.3,23221.45,23222,302996
1789547280,2026-09-16T13:58:00,23221.75,23223.45,23217.15,23217.75,413840
1789547340,2026-09-16T13:59:00,23218.6,23222.25,23217.2,23221.5,319977
1789547400,2026-09-16T14:00:00,23221.05,23227.7,23220.45,23226.15,334525
1789547460,2026-09-16T14:01:00,23226.25,23233.35,23225.7,23231.05,369316
1789547520,2026-09-16T14:02:00,23230.8,23234.65,23229,23230.45,296987
1789547580,2026-09-16T14:03:00,23230.35,23235.75,23230.05,23232.5,445232
1789547640,2026-09-16T14:04:00,23232.55,23234.6,23231.75,23233.6,276771
1789547700,2026-09-16T14:05:00,23233.4,23236.75,23232.85,23234.65,459387
1789547760,2026-09-16T14:06:00,23234.55,23235.45,23229.95,23231.95,384631
1789547820,2026-09-16T14:07:00,23231.45,23231.85,23225.8,23226.85,269343
1789547880,2026-09-16T14:08:00,23226.9,23227.9,23219.35,23220.4,381127
1789547940,2026-09-16T14:09:00,23220.3,23223.2,23219.75,23222.7,233176
1789548000,2026-09-16T14:10:00,23222.65,23223.9,23219.75,23223.15,513678
1789548060,2026-09-16T14:11:00,23223.15,23228.7,23223.1,23227.75,757671
1789548120,2026-09-16T14:12:00,23227.8,23231,23226.6,23231,364143
1789548180,2026-09-16T14:13:00,23230.95,23236.75,23230.95,23235.3,399382
1789548240,2026-09-16T14:14:00,23235.15,23239.25,23234.35,23238.55,400263
1789548300,2026-09-16T14:15:00,23238.3,23243.25,23237.45,23239,433489
1789548360,2026-09-16T14:16:00,23238.4,23242.55,23236.5,23239.2,407084
1789548420,2026-09-16T14:17:00,23239.15,23244.7,23239.1,23242.55,446548
1789548480,2026-09-16T14:18:00,23242.55,23246.45,23242.05,23243.8,578771
1789548540,2026-09-16T14:19:00,23243.65,23246,23230.95,23231.3,712894
1789548600,2026-09-16T14:20:00,23231.2,23235.5,23229.9,23231.4,733337
1789548660,2026-09-16T14:21:00,23231.45,23236,23230.9,23234.35,445701
1789548720,2026-09-16T14:22:00,23233.9,23241.4,23233.2,23238.9,604024
1789548780,2026-09-16T14:23:00,23238.55,23242.65,23236.45,23237.75,566654
1789548840,2026-09-16T14:24:00,23237.7,23239.05,23233.3,23233.75,545017
1789548900,2026-09-16T14:25:00,23233.55,23237.6,23233.1,23236.25,434293
1789548960,2026-09-16T14:26:00,23235.7,23237.75,23233.25,23233.75,371723
1789549020,2026-09-16T14:27:00,23233.4,23234.35,23230.25,23231.1,408353
1789549080,2026-09-16T14:28:00,23230.95,23231.85,23224.4,23228.75,595019
1789549140,2026-09-16T14:29:00,23228,23236.1,23227.45,23232.4,558020
1789549200,2026-09-16T14:30:00,23231.75,23236.35,23229.75,23230.1,577131
1789549260,2026-09-16T14:31:00,23229.75,23232.1,23227.4,23230.7,448136
1789549320,2026-09-16T14:32:00,23230.75,23232.05,23227.45,23230.4,456374
1789549380,2026-09-16T14:33:00,23230.65,23232.85,23226.9,23229.45,484509
1789549440,2026-09-16T14:34:00,23229,23230.8,23225.5,23229.6,717406
1789549500,2026-09-16T14:35:00,23229.65,23237.2,23228.95,23234.45,667656
1789549560,2026-09-16T14:36:00,23234.2,23236.55,23230.25,23230.5,577453
1789549620,2026-09-16T14:37:00,23230.45,23231.7,23225.2,23228,1039807
1789549680,2026-09-16T14:38:00,23228.05,23229.45,23221.85,23223.2,913978
1789549740,2026-09-16T14:39:00,23223.3,23230.3,23222.35,23228.45,914748
1789549800,2026-09-16T14:40:00,23228.2,23232.45,23228.1,23232.15,633338
1789549860,2026-09-16T14:41:00,23232.35,23236.8,23229.9,23234.5,1117184
1789549920,2026-09-16T14:42:00,23234.6,23235.6,23226.1,23229.1,863674
1789549980,2026-09-16T14:43:00,23228.75,23231.7,23226.05,23231.7,618434
1789550040,2026-09-16T14:44:00,23231.65,23237.65,23231.35,23234.35,815464
1789550100,2026-09-16T14:45:00,23234.25,23237.1,23233.35,23235.2,731698
1789550160,2026-09-16T14:46:00,23234.65,23239.75,23234.5,23236.15,753505
1789550220,2026-09-16T14:47:00,23236.2,23238.1,23234.85,23238.1,560452
1789550280,2026-09-16T14:48:00,23237.6,23239.35,23230.7,23232.6,728902
1789550340,2026-09-16T14:49:00,23232.55,23238.55,23231.15,23236.65,994488
1789550400,2026-09-16T14:50:00,23237.15,23241.05,23232.9,23239.75,816973
1789550460,2026-09-16T14:51:00,23240.1,23244.55,23234.85,23235.45,1458940
1789550520,2026-09-16T14:52:00,23235.3,23240.25,23234.6,23238.35,1054667
1789550580,2026-09-16T14:53:00,23238.55,23242.5,23237.55,23240.2,791777
1789550640,2026-09-16T14:54:00,23240.1,23242.1,23235.3,23239.45,1165186
1789550700,2026-09-16T14:55:00,23239.5,23245.15,23237.95,23243.75,1092248
1789550760,2026-09-16T14:56:00,23243.9,23251.75,23243.15,23249.45,920462
1789550820,2026-09-16T14:57:00,23249.35,23261.4,23249.05,23254.05,1861283
1789550880,2026-09-16T14:58:00,23252.5,23254.35,23242.45,23243.45,1139328
1789550940,2026-09-16T14:59:00,23243.55,23247,23234.5,23235.8,1087524
1789551000,2026-09-16T15:00:00,23236.35,23236.35,23221.75,23225.8,1817386
1789551060,2026-09-16T15:01:00,23226.15,23231.55,23224.35,23230.1,1331530
1789551120,2026-09-16T15:02:00,23229.85,23233,23228.2,23231.4,902879
1789551180,2026-09-16T15:03:00,23231,23232.7,23228.25,23230.1,1128680
1789551240,2026-09-16T15:04:00,23229.9,23233.5,23228.75,23231.5,1223129
1789551300,2026-09-16T15:05:00,23231.15,23232.7,23228.35,23228.8,1501578
1789551360,2026-09-16T15:06:00,23228.5,23229.5,23221.25,23224.85,1860520
1789551420,2026-09-16T15:07:00,23224.45,23232.1,23223.55,23230.45,1514166
1789551480,2026-09-16T15:08:00,23230.3,23231.6,23226.6,23228.75,1245363
1789551540,2026-09-16T15:09:00,23226.95,23230.05,23224.1,23229.9,1522971
1789551600,2026-09-16T15:10:00,23229.25,23237,23228.3,23234.75,2737919
1789551660,2026-09-16T15:11:00,23234.7,23235.75,23228.9,23231,1794506
1789551720,2026-09-16T15:12:00,23230.35,23232.9,23215.85,23222,3141563
1789551780,2026-09-16T15:13:00,23221.25,23226.8,23218.4,23225.5,1758877
1789551840,2026-09-16T15:14:00,23225.55,23231.55,23219.8,23224.3,1084603
1789551900,2026-09-16T15:15:00,23224.15,23224.15,23224.15,23224.15,1964
1789551960,2026-09-16T15:16:00,23224.15,23224.15,23224.15,23224.15,1964
1789552020,2026-09-16T15:17:00,23224.15,23224.15,23224.15,23224.15,1964
1789552080,2026-09-16T15:18:00,23224.15,23224.15,23224.15,23224.15,1964
1789552140,2026-09-16T15:19:00,23224.15,23224.15,23224.15,23224.15,1964
1789552200,2026-09-16T15:20:00,23224.15,23224.15,23224.15,23224.15,1964
1789552260,2026-09-16T15:21:00,23224.15,23224.15,23224.15,23224.15,1964
1789552320,2026-09-16T15:22:00,23224.15,23224.15,23224.15,23224.15,1964
1789552380,2026-09-16T15:23:00,23224.15,23224.15,23224.15,23224.15,1964
1789552440,2026-09-16T15:24:00,23224.15,23224.15,23224.15,23224.15,1964
1789552500,2026-09-16T15:25:00,23224.15,23224.15,23224.15,23224.15,1964
1789552560,2026-09-16T15:26:00,23224.15,23224.15,23224.15,23224.15,1964
1789552620,2026-09-16T15:27:00,23224.15,23224.15,23224.15,23224.15,1964
1789552680,2026-09-16T15:28:00,23224.15,23224.15,23224.15,23224.15,1964
1789552740,2026-09-16T15:29:00,23224.15,23224.15,23217.6,23217.6,1964
1789616700,2026-09-17T09:15:00,23195.25,23255.8,23193.65,23211.95,2755940
1789616760,2026-09-17T09:16:00,23212.05,23228.25,23197,23218.65,1649328
1789616820,2026-09-17T09:17:00,23220.3,23246,23217,23245.1,1301186
1789616880,2026-09-17T09:18:00,23247.95,23261.1,23243.35,23256.3,1165526
1789616940,2026-09-17T09:19:00,23259.2,23263.25,23253.3,23255.95,1187584
1789617000,2026-09-17T09:20:00,23257.45,23267.7,23247.55,23254.95,1266611
1789617060,2026-09-17T09:21:00,23257.1,23260.8,23245.05,23255.95,899617
1789617120,2026-09-17T09:22:00,23255.55,23256.45,23239.45,23240.75,742552
1789617180,2026-09-17T09:23:00,23241.65,23242.95,23236.95,23237.65,878410
1789617240,2026-09-17T09:24:00,23239.1,23240.1,23227.15,23228.7,976572
1789617300,2026-09-17T09:25:00,23230.45,23237,23227.45,23232.55,969024
1789617360,2026-09-17T09:26:00,23233.6,23240,23232.4,23237.45,736641
1789617420,2026-09-17T09:27:00,23239.8,23249.8,23233.9,23249.2,825150
1789617480,2026-09-17T09:28:00,23250.55,23259.75,23249.6,23257.35,661235
1789617540,2026-09-17T09:29:00,23258.3,23259.2,23246.9,23252.05,655539
1789617600,2026-09-17T09:30:00,23253.45,23264.85,23250.6,23262.65,641132
1789617660,2026-09-17T09:31:00,23264.65,23270.05,23259.5,23269.5,459780
1789617720,2026-09-17T09:32:00,23271.1,23284.8,23268.3,23280.7,806301
1789617780,2026-09-17T09:33:00,23281.3,23290.1,23277.25,23277.85,936896
1789617840,2026-09-17T09:34:00,23279.6,23286.8,23274.65,23284.45,801152
1789617900,2026-09-17T09:35:00,23285.15,23303.85,23283.65,23299.6,800422
1789617960,2026-09-17T09:36:00,23301.2,23303,23292.35,23292.85,1088546
1789618020,2026-09-17T09:37:00,23294.5,23301.75,23291.15,23295.15,665405
1789618080,2026-09-17T09:38:00,23295.2,23295.5,23283.9,23284.4,615011
1789618140,2026-09-17T09:39:00,23284.9,23284.9,23272.4,23274.1,768489
1789618200,2026-09-17T09:40:00,23275.2,23275.8,23268.1,23272.7,633199
1789618260,2026-09-17T09:41:00,23274.55,23274.55,23260.5,23260.85,717744
1789618320,2026-09-17T09:42:00,23262,23262.1,23235.75,23236.15,788775
1789618380,2026-09-17T09:43:00,23237.25,23252.45,23229.45,23250.6,655230
1789618440,2026-09-17T09:44:00,23251.6,23253.55,23240.95,23252.3,531726
1789618500,2026-09-17T09:45:00,23254.6,23261,23245.05,23248.45,410623
1789618560,2026-09-17T09:46:00,23250,23252.5,23244.3,23251.95,331789
1789618620,2026-09-17T09:47:00,23253.4,23260.75,23251.45,23260.15,299522
1789618680,2026-09-17T09:48:00,23260.65,23268.05,23257.7,23261.95,410666
1789618740,2026-09-17T09:49:00,23263.2,23272.95,23262.3,23267.65,576970
1789618800,2026-09-17T09:50:00,23268.4,23268.4,23258.2,23263.05,524315
1789618860,2026-09-17T09:51:00,23265.8,23270.2,23263.55,23269.6,361547
1789618920,2026-09-17T09:52:00,23270.8,23280.1,23267.35,23277.7,547418
1789618980,2026-09-17T09:53:00,23279.6,23279.6,23273.75,23276,442535
1789619040,2026-09-17T09:54:00,23277.55,23286.7,23276.2,23282.9,571720
1789619100,2026-09-17T09:55:00,23283.75,23290.1,23281.15,23285.8,818970
1789619160,2026-09-17T09:56:00,23287.15,23287.85,23273.5,23274.8,721403
1789619220,2026-09-17T09:57:00,23276.35,23285.75,23273.4,23285.05,616889
1789619280,2026-09-17T09:58:00,23285.95,23289.05,23282.2,23285.5,858711
1789619340,2026-09-17T09:59:00,23286.45,23288.55,23282.3,23284.5,581915
1789619400,2026-09-17T10:00:00,23286.65,23286.65,23279.8,23282.75,534825
1789619460,2026-09-17T10:01:00,23284.1,23289.9,23281.95,23287.35,438791
1789619520,2026-09-17T10:02:00,23288.85,23295,23287.45,23293.9,537263
1789619580,2026-09-17T10:03:00,23294.35,23296.95,23290.9,23294.65,701536
1789619640,2026-09-17T10:04:00,23295.4,23297.2,23293.45,23293.9,394559
1789619700,2026-09-17T10:05:00,23295.2,23314.65,23293.6,23306.3,969109
1789619760,2026-09-17T10:06:00,23308.25,23312.1,23305.85,23310.15,540016
1789619820,2026-09-17T10:07:00,23311.05,23311.05,23299.35,23301.5,765254
1789619880,2026-09-17T10:08:00,23303.75,23308.65,23301.6,23307.35,465507
1789619940,2026-09-17T10:09:00,23308.15,23310,23302.8,23307.5,382465
1789620000,2026-09-17T10:10:00,23308.85,23316.15,23307.6,23315.6,721648
1789620060,2026-09-17T10:11:00,23317.65,23323.7,23313.75,23319.35,3274278
1789620120,2026-09-17T10:12:00,23320.9,23325.4,23318.2,23318.55,393963
1789620180,2026-09-17T10:13:00,23320.05,23320.35,23315.3,23317.75,521930
1789620240,2026-09-17T10:14:00,23318.95,23318.95,23310.2,23311.1,343655
1789620300,2026-09-17T10:15:00,23313.3,23319.5,23311.05,23312.7,439447
1789620360,2026-09-17T10:16:00,23314.05,23314.05,23308.1,23308.95,822706
1789620420,2026-09-17T10:17:00,23311,23312,23302.8,23302.85,524592
1789620480,2026-09-17T10:18:00,23304.45,23304.45,23298.5,23300.85,933790
1789620540,2026-09-17T10:19:00,23302.2,23302.2,23295.65,23296.3,570239
1789620600,2026-09-17T10:20:00,23297.15,23303.15,23292.85,23299.8,479628
1789620660,2026-09-17T10:21:00,23301.95,23305,23300.55,23301.25,807525
1789620720,2026-09-17T10:22:00,23302.3,23302.55,23294.05,23294.05,350530
1789620780,2026-09-17T10:23:00,23298.2,23298.2,23290.1,23290.15,532878
1789620840,2026-09-17T10:24:00,23292.5,23298.15,23291.25,23293.35,619037
1789620900,2026-09-17T10:25:00,23294.6,23296,23286.85,23289.45,889667
1789620960,2026-09-17T10:26:00,23288.85,23293.15,23287.95,23290.6,430040
1789621020,2026-09-17T10:27:00,23292.2,23296.7,23290.6,23291.5,485704
1789621080,2026-09-17T10:28:00,23293.8,23296.65,23289.95,23290.45,270470
1789621140,2026-09-17T10:29:00,23292.35,23295,23288.55,23294.95,487541
1789621200,2026-09-17T10:30:00,23295,23297,23288.05,23289.7,377949
1789621260,2026-09-17T10:31:00,23291.65,23291.65,23275.15,23278.55,531998
1789621320,2026-09-17T10:32:00,23280.25,23283.5,23277.95,23279.65,371845
1789621380,2026-09-17T10:33:00,23279.5,23280.25,23276.15,23279.1,625054
1789621440,2026-09-17T10:34:00,23280,23281.55,23272.5,23273.6,419477
1789621500,2026-09-17T10:35:00,23274.45,23284.55,23270.2,23284.05,589845
1789621560,2026-09-17T10:36:00,23285.35,23296.05,23284.15,23294.45,478235
1789621620,2026-09-17T10:37:00,23295.95,23298.45,23287.4,23288.15,282188
1789621680,2026-09-17T10:38:00,23287.95,23288.7,23278.75,23280.9,387485
1789621740,2026-09-17T10:39:00,23281.5,23283.8,23279.5,23280.5,352661
1789621800,2026-09-17T10:40:00,23281.55,23281.65,23276.15,23276.4,328647
1789621860,2026-09-17T10:41:00,23278.8,23279.5,23274.55,23275.8,429259
1789621920,2026-09-17T10:42:00,23277.2,23277.2,23265.45,23267.9,491259
1789621980,2026-09-17T10:43:00,23269.2,23278.05,23267.95,23270.1,553553
1789622040,2026-09-17T10:44:00,23272.55,23272.55,23266.35,23266.8,356916
1789622100,2026-09-17T10:45:00,23268.85,23268.85,23260.6,23261.9,387187
1789622160,2026-09-17T10:46:00,23262.9,23270.5,23261.3,23269.6,372717
1789622220,2026-09-17T10:47:00,23270.95,23275.8,23269.45,23273.8,252829
1789622280,2026-09-17T10:48:00,23275.4,23275.4,23264.45,23265.05,370170
1789622340,2026-09-17T10:49:00,23267.2,23267.95,23263.9,23265.5,304235
1789622400,2026-09-17T10:50:00,23267.3,23271.5,23265.15,23270.05,435650
1789622460,2026-09-17T10:51:00,23271.7,23274.35,23267.1,23271.75,405440
1789622520,2026-09-17T10:52:00,23273.7,23276.3,23267.3,23270.4,366577
1789622580,2026-09-17T10:53:00,23271.25,23273.85,23269.1,23270.25,816510
1789622640,2026-09-17T10:54:00,23272.15,23272.15,23266.35,23270.5,415325
1789622700,2026-09-17T10:55:00,23272.25,23275,23266.95,23270.7,1053211
1789622760,2026-09-17T10:56:00,23272.05,23277.1,23270.75,23276.75,484295
1789622820,2026-09-17T10:57:00,23277.6,23283.9,23275.15,23275.9,703625
1789622880,2026-09-17T10:58:00,23277.3,23277.7,23271.05,23272.05,386823
1789622940,2026-09-17T10:59:00,23272.85,23272.85,23267.25,23267.85,412243
1789623000,2026-09-17T11:00:00,23268.45,23268.9,23258.45,23259,457394
1789623060,2026-09-17T11:01:00,23260.15,23260.15,23250.25,23255.2,775809
1789623120,2026-09-17T11:02:00,23256.55,23258.85,23254.9,23255.6,501435
1789623180,2026-09-17T11:03:00,23257.4,23257.4,23235.95,23239.85,723434
1789623240,2026-09-17T11:04:00,23239.5,23243.65,23236.95,23238.4,390171
1789623300,2026-09-17T11:05:00,23239.55,23239.55,23235.2,23236.25,534134
1789623360,2026-09-17T11:06:00,23237.95,23237.95,23221.65,23229,780707
1789623420,2026-09-17T11:07:00,23230.5,23230.7,23218.95,23220.1,1088068
1789623480,2026-09-17T11:08:00,23221.35,23221.35,23215.7,23217.45,788652
1789623540,2026-09-17T11:09:00,23218.65,23223.7,23214.25,23219.1,721937
1789623600,2026-09-17T11:10:00,23220.45,23220.45,23211.2,23211.75,658756
1789623660,2026-09-17T11:11:00,23213.15,23219.35,23210.3,23212.75,754702
1789623720,2026-09-17T11:12:00,23214.3,23222.65,23212.95,23221.6,859874
1789623780,2026-09-17T11:13:00,23223.2,23228.5,23222.35,23228.5,489567
1789623840,2026-09-17T11:14:00,23229,23231.85,23222.3,23224.05,499910
1789623900,2026-09-17T11:15:00,23226.05,23227.75,23222.6,23225.95,692023
1789623960,2026-09-17T11:16:00,23227.9,23229.95,23224.35,23229.2,482707
1789624020,2026-09-17T11:17:00,23230.1,23240.6,23228.95,23240.6,917349
1789624080,2026-09-17T11:18:00,23241.75,23245.7,23239.95,23245.2,445657
1789624140,2026-09-17T11:19:00,23246.5,23247.35,23243.65,23246.7,563542
1789624200,2026-09-17T11:20:00,23248.5,23250.2,23244.5,23249.05,674228
1789624260,2026-09-17T11:21:00,23250.1,23256.85,23247.9,23248.1,465521
1789624320,2026-09-17T11:22:00,23249.1,23249.1,23240,23241.05,320546
1789624380,2026-09-17T11:23:00,23241.45,23248.5,23240.9,23247.75,374300
1789624440,2026-09-17T11:24:00,23249.65,23251.3,23246.45,23248.8,303020
1789624500,2026-09-17T11:25:00,23249.9,23252.5,23248.75,23249.95,272454
1789624560,2026-09-17T11:26:00,23252.15,23254.35,23247.1,23247.35,472562
1789624620,2026-09-17T11:27:00,23249.9,23249.9,23241.35,23242.95,248938
1789624680,2026-09-17T11:28:00,23243.9,23245.75,23240.45,23244.1,660737
1789624740,2026-09-17T11:29:00,23245.8,23247.95,23243.5,23246.05,401547
1789624800,2026-09-17T11:30:00,23247.25,23247.25,23234.65,23238.3,1220590
1789624860,2026-09-17T11:31:00,23239.85,23246.7,23237.45,23245.95,348540
1789624920,2026-09-17T11:32:00,23247.3,23256.75,23245.05,23255.95,430615
1789624980,2026-09-17T11:33:00,23256.95,23256.95,23245.55,23249.3,396926
1789625040,2026-09-17T11:34:00,23250.7,23255.4,23248,23253,525867
1789625100,2026-09-17T11:35:00,23254.95,23254.95,23244.7,23247.8,589434
1789625160,2026-09-17T11:36:00,23249.05,23252.75,23247.35,23251.3,473949
1789625220,2026-09-17T11:37:00,23252.95,23253.1,23247.3,23249.6,366789
1789625280,2026-09-17T11:38:00,23251.6,23254.45,23249.4,23251.35,539411
1789625340,2026-09-17T11:39:00,23252.8,23254.2,23249.4,23252.3,290398
1789625400,2026-09-17T11:40:00,23255,23259.45,23252.65,23257.6,304197
1789625460,2026-09-17T11:41:00,23259.05,23261.85,23256.85,23258.9,330750
1789625520,2026-09-17T11:42:00,23261.2,23267.7,23259.65,23267.2,503674
1789625580,2026-09-17T11:43:00,23269.15,23275.7,23266.95,23273.8,580402
1789625640,2026-09-17T11:44:00,23273.55,23276.65,23271.65,23276.15,621398
1789625700,2026-09-17T11:45:00,23276.75,23281.15,23271.7,23272.85,756429
1789625760,2026-09-17T11:46:00,23274.45,23275,23266.1,23267.5,723751
1789625820,2026-09-17T11:47:00,23268.65,23271.5,23264.8,23271.5,923004
1789625880,2026-09-17T11:48:00,23273.05,23275,23269.7,23272.2,477621
1789625940,2026-09-17T11:49:00,23274.25,23277.6,23271.5,23275.15,488213
1789626000,2026-09-17T11:50:00,23276.9,23277.75,23271.25,23277.4,446566
1789626060,2026-09-17T11:51:00,23279.15,23288.5,23278.15,23286.5,564286
1789626120,2026-09-17T11:52:00,23287.5,23294.15,23284.25,23292.2,1119414
1789626180,2026-09-17T11:53:00,23293.7,23293.7,23277.25,23280.25,1030202
1789626240,2026-09-17T11:54:00,23281.85,23288.8,23276.8,23288.05,699671
1789626300,2026-09-17T11:55:00,23288.3,23294.65,23287.65,23290.95,1016131
1789626360,2026-09-17T11:56:00,23292.6,23299.8,23291,23299.1,882499
1789626420,2026-09-17T11:57:00,23301.05,23309.75,23299.9,23308.5,771232
1789626480,2026-09-17T11:58:00,23309.7,23311.55,23302.55,23308.65,570382
1789626540,2026-09-17T11:59:00,23310.6,23315.3,23306.9,23315.3,661223
1789626600,2026-09-17T12:00:00,23316.75,23320.5,23310.5,23310.5,1323706
1789626660,2026-09-17T12:01:00,23313.1,23315.9,23305.6,23305.65,912560
1789626720,2026-09-17T12:02:00,23305.85,23310.35,23305.25,23307.75,1024945
1789626780,2026-09-17T12:03:00,23309.55,23309.55,23298.7,23298.9,767238
1789626840,2026-09-17T12:04:00,23301.1,23302.45,23296.8,23300.15,443270
1789626900,2026-09-17T12:05:00,23301.6,23302.3,23297.55,23300.5,928349
1789626960,2026-09-17T12:06:00,23302.8,23317.15,23301.2,23315.55,691869
1789627020,2026-09-17T12:07:00,23316.35,23339.5,23316.3,23334.65,1256556
1789627080,2026-09-17T12:08:00,23334.3,23335.85,23330.2,23334.65,1221976
1789627140,2026-09-17T12:09:00,23336.4,23339.05,23331.9,23333.7,860863
1789627200,2026-09-17T12:10:00,23334.45,23337.25,23331.2,23333.2,447618
1789627260,2026-09-17T12:11:00,23335.8,23339.95,23330.6,23336.15,1064044
1789627320,2026-09-17T12:12:00,23337.85,23340.3,23335.8,23336.1,515529
1789627380,2026-09-17T12:13:00,23337.85,23342.85,23332.5,23342.1,912547
1789627440,2026-09-17T12:14:00,23342.65,23346.35,23335.95,23337.9,626735
1789627500,2026-09-17T12:15:00,23340.65,23344.35,23334.8,23336.85,657061
1789627560,2026-09-17T12:16:00,23337.55,23341.7,23335.65,23340.95,416293
1789627620,2026-09-17T12:17:00,23342.15,23347.3,23340.25,23346.8,391742
1789627680,2026-09-17T12:18:00,23347.7,23352.05,23345.7,23348.35,712078
1789627740,2026-09-17T12:19:00,23349.6,23350.3,23345.6,23346.2,683956
1789627800,2026-09-17T12:20:00,23348.45,23348.6,23344.8,23345.65,404977
1789627860,2026-09-17T12:21:00,23347.5,23348.6,23344.75,23346.9,401835
1789627920,2026-09-17T12:22:00,23348.9,23355.55,23346.55,23354.95,690936
1789627980,2026-09-17T12:23:00,23356.15,23363.55,23355.55,23360.1,792315
1789628040,2026-09-17T12:24:00,23362.45,23362.45,23352.85,23354.25,647599
1789628100,2026-09-17T12:25:00,23355.55,23355.8,23348.5,23348.6,678135
1789628160,2026-09-17T12:26:00,23351.1,23351.75,23344.3,23344.55,784152
1789628220,2026-09-17T12:27:00,23347,23347.65,23341.95,23342.4,515059
1789628280,2026-09-17T12:28:00,23345.35,23347.55,23342.15,23345.65,397343
1789628340,2026-09-17T12:29:00,23347.5,23348.85,23343.45,23346.75,389692
1789628400,2026-09-17T12:30:00,23347.85,23348.2,23343.25,23343.9,441431
1789628460,2026-09-17T12:31:00,23345.55,23345.55,23338.35,23341.2,545429
1789628520,2026-09-17T12:32:00,23342.75,23346.65,23340.75,23343.3,421781
1789628580,2026-09-17T12:33:00,23345.1,23350.25,23342.5,23348.35,295069
1789628640,2026-09-17T12:34:00,23349.95,23349.95,23344.45,23345.2,453886
1789628700,2026-09-17T12:35:00,23348.8,23352.25,23345.7,23349.3,278644
1789628760,2026-09-17T12:36:00,23351.15,23354.45,23349.5,23352.9,348615
1789628820,2026-09-17T12:37:00,23355.25,23359.75,23353.1,23357.15,459103
1789628880,2026-09-17T12:38:00,23360.25,23361.4,23357.2,23358.2,360364
1789628940,2026-09-17T12:39:00,23360.15,23360.15,23354.95,23357.1,450279
1789629000,2026-09-17T12:40:00,23359.1,23361.4,23355.6,23356.75,384997
1789629060,2026-09-17T12:41:00,23359.35,23360.95,23355.65,23357.3,380338
1789629120,2026-09-17T12:42:00,23358.8,23360.1,23355.7,23357.9,386838
1789629180,2026-09-17T12:43:00,23359.6,23359.6,23353.45,23353.9,374684
1789629240,2026-09-17T12:44:00,23356.05,23356.05,23345.25,23346.85,337872
1789629300,2026-09-17T12:45:00,23348.6,23349.8,23345.6,23346.85,282695
1789629360,2026-09-17T12:46:00,23348.95,23350.3,23344.6,23344.9,395227
1789629420,2026-09-17T12:47:00,23347.45,23347.45,23341.5,23342.45,643334
1789629480,2026-09-17T12:48:00,23344.15,23344.15,23337.4,23338.65,281354
1789629540,2026-09-17T12:49:00,23339.9,23339.9,23335.3,23336.3,346203
1789629600,2026-09-17T12:50:00,23338,23338.3,23333.95,23337.3,426319
1789629660,2026-09-17T12:51:00,23340.05,23343.35,23336.7,23338,488622
1789629720,2026-09-17T12:52:00,23339.9,23344,23337.6,23340.1,457071
1789629780,2026-09-17T12:53:00,23341.5,23346.9,23339.55,23345.1,460439
1789629840,2026-09-17T12:54:00,23346.15,23349.4,23342.35,23342.45,348870
1789629900,2026-09-17T12:55:00,23345.3,23345.3,23339,23340.9,541276
1789629960,2026-09-17T12:56:00,23341.8,23343.6,23337.7,23338.25,405729
1789630020,2026-09-17T12:57:00,23339.25,23339.25,23335.6,23338.7,508738
1789630080,2026-09-17T12:58:00,23340.3,23343.55,23338.85,23339.4,281032
1789630140,2026-09-17T12:59:00,23340.65,23341.45,23338.2,23340.65,321763
1789630200,2026-09-17T13:00:00,23342.3,23345.2,23339.55,23344.1,267998
1789630260,2026-09-17T13:01:00,23345.7,23346.3,23336.85,23337.35,364360
1789630320,2026-09-17T13:02:00,23338.75,23338.75,23333.05,23338.4,305094
1789630380,2026-09-17T13:03:00,23339.45,23340.15,23333.65,23333.65,253895
1789630440,2026-09-17T13:04:00,23335.85,23335.85,23326.3,23326.9,419739
1789630500,2026-09-17T13:05:00,23328.45,23331.05,23327.4,23329.4,379561
1789630560,2026-09-17T13:06:00,23331.4,23331.4,23324.55,23324.8,324854
1789630620,2026-09-17T13:07:00,23327.15,23327.15,23320.2,23321.05,257377
1789630680,2026-09-17T13:08:00,23323.1,23325.1,23319.95,23323.55,611381
1789630740,2026-09-17T13:09:00,23324.85,23328.3,23322.5,23326.65,535106
1789630800,2026-09-17T13:10:00,23328.3,23328.3,23323.7,23324.3,337946
1789630860,2026-09-17T13:11:00,23326.2,23328.6,23323.7,23326.3,420368
1789630920,2026-09-17T13:12:00,23327.95,23329.8,23325.5,23327.95,276240
1789630980,2026-09-17T13:13:00,23329.3,23329.3,23322.4,23324.25,380210
1789631040,2026-09-17T13:14:00,23326.3,23326.3,23320.7,23321.65,369484
1789631100,2026-09-17T13:15:00,23322.5,23322.75,23317,23318,329432
1789631160,2026-09-17T13:16:00,23319.75,23325,23317.45,23322.7,469335
1789631220,2026-09-17T13:17:00,23325.15,23325.25,23316.2,23317.9,311899
1789631280,2026-09-17T13:18:00,23320.25,23320.6,23317,23320,333952
1789631340,2026-09-17T13:19:00,23322.75,23322.75,23316.95,23319.3,286184
1789631400,2026-09-17T13:20:00,23320.5,23322.4,23316.35,23320.3,284918
1789631460,2026-09-17T13:21:00,23322.1,23324.85,23321,23322.4,434603
1789631520,2026-09-17T13:22:00,23324.05,23324.05,23314.15,23314.55,346674
1789631580,2026-09-17T13:23:00,23316.3,23316.75,23313.65,23314.95,366319
1789631640,2026-09-17T13:24:00,23316.7,23316.7,23308.35,23309.4,694583
1789631700,2026-09-17T13:25:00,23312.35,23312.35,23296.75,23297.75,872632
1789631760,2026-09-17T13:26:00,23300,23300,23289.6,23290.5,636047
1789631820,2026-09-17T13:27:00,23291.8,23292.55,23273.5,23274.1,790827
1789631880,2026-09-17T13:28:00,23276,23278.7,23263.2,23268.55,1324719
1789631940,2026-09-17T13:29:00,23270.2,23270.75,23263.3,23263.3,786908
1789632000,2026-09-17T13:30:00,23266,23266,23252.25,23257.75,1504890
1789632060,2026-09-17T13:31:00,23259.65,23266.6,23257.25,23259.55,409505
1789632120,2026-09-17T13:32:00,23261.75,23270.15,23258.65,23264.85,634266
1789632180,2026-09-17T13:33:00,23266.35,23266.35,23253.95,23255.85,531397
1789632240,2026-09-17T13:34:00,23258.25,23261.7,23255.65,23257.8,452672
1789632300,2026-09-17T13:35:00,23260.45,23260.45,23244.35,23251.95,1292870
1789632360,2026-09-17T13:36:00,23253.55,23253.55,23244.05,23247.2,684159
1789632420,2026-09-17T13:37:00,23249,23257.35,23245.5,23255.2,533974
1789632480,2026-09-17T13:38:00,23256.7,23258.3,23251.6,23257.15,447934
1789632540,2026-09-17T13:39:00,23258.45,23262.05,23257.05,23258.55,514972
1789632600,2026-09-17T13:40:00,23260.6,23269.5,23259.1,23268.15,549514
1789632660,2026-09-17T13:41:00,23270.05,23278.1,23266.25,23275.35,547576
1789632720,2026-09-17T13:42:00,23276.5,23277.15,23266.9,23267.5,358275
1789632780,2026-09-17T13:43:00,23269.7,23271.55,23265.55,23269.15,522258
1789632840,2026-09-17T13:44:00,23271.1,23271.1,23262.65,23263.85,447020
1789632900,2026-09-17T13:45:00,23265.95,23268.4,23261.8,23267.7,369845
1789632960,2026-09-17T13:46:00,23269.55,23273.85,23267.55,23269.4,335098
1789633020,2026-09-17T13:47:00,23272.25,23277.1,23270,23274.1,665847
1789633080,2026-09-17T13:48:00,23275.35,23275.75,23263.7,23266,623581
1789633140,2026-09-17T13:49:00,23268.8,23272.55,23265.95,23268.15,426047
1789633200,2026-09-17T13:50:00,23270.35,23270.35,23266.95,23269.75,388575
1789633260,2026-09-17T13:51:00,23270.75,23272.85,23268.15,23270.9,420781
1789633320,2026-09-17T13:52:00,23272.8,23277.15,23270.85,23271.55,1117547
1789633380,2026-09-17T13:53:00,23272.85,23272.85,23262.4,23263.65,516553
1789633440,2026-09-17T13:54:00,23266.15,23268.25,23261,23267,480308
1789633500,2026-09-17T13:55:00,23269.25,23269.9,23262.35,23268.05,471953
1789633560,2026-09-17T13:56:00,23271.6,23271.6,23263.7,23264.9,330469
1789633620,2026-09-17T13:57:00,23269.75,23271,23265.9,23269.05,314661
1789633680,2026-09-17T13:58:00,23271.95,23273.2,23268.6,23269.4,385018
1789633740,2026-09-17T13:59:00,23271.7,23271.7,23263.05,23263.7,566390
1789633800,2026-09-17T14:00:00,23265.4,23267.45,23262.95,23264.25,478304
1789633860,2026-09-17T14:01:00,23266.3,23271,23263.7,23269.35,417008
1789633920,2026-09-17T14:02:00,23271.55,23271.55,23262.2,23263.75,451739
1789633980,2026-09-17T14:03:00,23265.45,23266.8,23262.1,23265.4,338860
1789634040,2026-09-17T14:04:00,23267.9,23272.6,23264.75,23269.85,469277
1789634100,2026-09-17T14:05:00,23271.3,23271.5,23268.8,23269.95,354361
1789634160,2026-09-17T14:06:00,23272,23275.4,23267.5,23271.3,473001
1789634220,2026-09-17T14:07:00,23272.6,23284.5,23271.7,23281.25,388821
1789634280,2026-09-17T14:08:00,23283.9,23286.25,23277.8,23277.95,673141
1789634340,2026-09-17T14:09:00,23280.2,23282.25,23277.55,23280.85,717093
1789634400,2026-09-17T14:10:00,23283.25,23287.15,23280.7,23284.4,590357
1789634460,2026-09-17T14:11:00,23285.5,23286.1,23275.35,23275.75,585961
1789634520,2026-09-17T14:12:00,23277.75,23278.55,23273.8,23277.2,458891
1789634580,2026-09-17T14:13:00,23279.55,23281.5,23275.5,23278.35,439347
1789634640,2026-09-17T14:14:00,23279.95,23281.45,23277.65,23277.7,414694
1789634700,2026-09-17T14:15:00,23279.55,23280.7,23275.8,23275.95,346463
1789634760,2026-09-17T14:16:00,23277.9,23277.9,23270.8,23271.2,403272
1789634820,2026-09-17T14:17:00,23273.05,23274.95,23269.45,23273.15,514478
1789634880,2026-09-17T14:18:00,23276.15,23285.05,23273.6,23283.85,593959
1789634940,2026-09-17T14:19:00,23285.3,23290.45,23280.35,23280.35,586646
1789635000,2026-09-17T14:20:00,23282.75,23284.4,23280.6,23281.8,699806
1789635060,2026-09-17T14:21:00,23284.25,23289.35,23281.55,23288,463888
1789635120,2026-09-17T14:22:00,23289.6,23291.75,23285.15,23287,405659
1789635180,2026-09-17T14:23:00,23288.95,23290.3,23286.75,23287.6,544537
1789635240,2026-09-17T14:24:00,23289.55,23290.25,23285.4,23285.5,599684
1789635300,2026-09-17T14:25:00,23287.5,23287.5,23276.95,23277.55,601992
1789635360,2026-09-17T14:26:00,23279.45,23279.45,23273.45,23274.9,477566
1789635420,2026-09-17T14:27:00,23276.75,23278.75,23271.85,23275.3,372434
1789635480,2026-09-17T14:28:00,23276.65,23276.65,23269.45,23271.3,562139
1789635540,2026-09-17T14:29:00,23273.2,23283.6,23270.9,23282.55,525735
1789635600,2026-09-17T14:30:00,23283.75,23285.9,23276.15,23282.75,535767
1789635660,2026-09-17T14:31:00,23285.1,23287.45,23281.15,23282.8,468574
1789635720,2026-09-17T14:32:00,23284.95,23284.95,23279.9,23281.35,494721
1789635780,2026-09-17T14:33:00,23283.4,23283.4,23276.4,23280.5,557483
1789635840,2026-09-17T14:34:00,23282.75,23282.75,23273.4,23276.15,659207
1789635900,2026-09-17T14:35:00,23278.1,23288.7,23273.65,23288.25,993216
1789635960,2026-09-17T14:36:00,23290.2,23293.65,23284.95,23285.95,1287770
1789636020,2026-09-17T14:37:00,23288.35,23309.95,23286.55,23306.45,1327271
1789636080,2026-09-17T14:38:00,23307.25,23307.25,23295.95,23300.7,842343
1789636140,2026-09-17T14:39:00,23301.1,23309.4,23300.15,23305.05,1661815
1789636200,2026-09-17T14:40:00,23305.7,23306.3,23292.8,23299.2,913418
1789636260,2026-09-17T14:41:00,23300.35,23304.7,23296,23296,772817
1789636320,2026-09-17T14:42:00,23297.1,23298.25,23286.15,23288.7,1155313
1789636380,2026-09-17T14:43:00,23290.25,23295.3,23288.8,23294.15,894195
1789636440,2026-09-17T14:44:00,23294.15,23294.15,23282.65,23286.8,1634200
1789636500,2026-09-17T14:45:00,23286.75,23298.45,23286.75,23296.15,1621388
1789636560,2026-09-17T14:46:00,23296.95,23299.6,23293.3,23298.85,1607229
1789636620,2026-09-17T14:47:00,23299.95,23303.1,23294.7,23297.75,1027948
1789636680,2026-09-17T14:48:00,23297.95,23309.3,23297.35,23306.35,1270532
1789636740,2026-09-17T14:49:00,23307,23311.65,23300.9,23302.15,2484766
1789636800,2026-09-17T14:50:00,23302.25,23306.05,23297.5,23301.7,1504306
1789636860,2026-09-17T14:51:00,23302.5,23305.5,23299.2,23301.25,1973252
1789636920,2026-09-17T14:52:00,23300.65,23306.15,23299.8,23301.6,1271799
1789636980,2026-09-17T14:53:00,23302.65,23303.3,23298.05,23298.95,1433759
1789637040,2026-09-17T14:54:00,23299.7,23300.25,23295.15,23297.45,2406176
1789637100,2026-09-17T14:55:00,23297.25,23298.8,23292.15,23293.2,1074611
1789637160,2026-09-17T14:56:00,23294,23296.45,23287.25,23287.65,1549779
1789637220,2026-09-17T14:57:00,23288.8,23289.5,23283.75,23286.25,1487393
1789637280,2026-09-17T14:58:00,23286.85,23289.1,23283.45,23286.35,1223755
1789637340,2026-09-17T14:59:00,23286.6,23287.6,23283.85,23285,1434201
1789637400,2026-09-17T15:00:00,23284.65,23289.7,23278.75,23286.95,1590891
1789637460,2026-09-17T15:01:00,23286.5,23290.9,23286.35,23288.85,1307378
1789637520,2026-09-17T15:02:00,23288.5,23290.85,23286.5,23288.6,1257886
1789637580,2026-09-17T15:03:00,23287.8,23293.7,23285.8,23286.8,1495714
1789637640,2026-09-17T15:04:00,23286.5,23290.5,23283.4,23284.4,1748570
1789637700,2026-09-17T15:05:00,23285.25,23289.6,23284.8,23285.9,2082926
1789637760,2026-09-17T15:06:00,23285.6,23287.85,23283.9,23286.6,1839483
1789637820,2026-09-17T15:07:00,23285.6,23290.85,23283.65,23285.1,1816555
1789637880,2026-09-17T15:08:00,23285,23286.65,23282.35,23284.15,1529454
1789637940,2026-09-17T15:09:00,23284.25,23286.65,23280.9,23283,1888936
1789638000,2026-09-17T15:10:00,23282.6,23286.9,23281.3,23282.85,2735468
1789638060,2026-09-17T15:11:00,23282.05,23284,23278.95,23281.1,1482167
1789638120,2026-09-17T15:12:00,23281.55,23288.2,23279.7,23280.7,3199919
1789638180,2026-09-17T15:13:00,23282.75,23292.45,23280.95,23290,2047748
1789638240,2026-09-17T15:14:00,23289.05,23298.15,23285.4,23294.5,1264588
1789638300,2026-09-17T15:15:00,23294.35,23294.35,23294.35,23294.35,317
1789638360,2026-09-17T15:16:00,23294.35,23294.35,23294.35,23294.35,317
1789638420,2026-09-17T15:17:00,23294.35,23294.35,23294.35,23294.35,317
1789638480,2026-09-17T15:18:00,23294.35,23294.35,23294.35,23294.35,317
1789638540,2026-09-17T15:19:00,23294.35,23294.35,23294.35,23294.35,317
1789638600,2026-09-17T15:20:00,23294.35,23294.35,23294.35,23294.35,317
1789638660,2026-09-17T15:21:00,23294.35,23294.35,23294.35,23294.35,317
1789638720,2026-09-17T15:22:00,23294.35,23294.35,23294.35,23294.35,317
1789638780,2026-09-17T15:23:00,23294.35,23294.35,23294.35,23294.35,317
1789638840,2026-09-17T15:24:00,23294.35,23294.35,23294.35,23294.35,317
1789638900,2026-09-17T15:25:00,23294.35,23294.35,23294.35,23294.35,317
1789638960,2026-09-17T15:26:00,23294.35,23294.35,23294.35,23294.35,317
1789639020,2026-09-17T15:27:00,23294.35,23294.35,23294.35,23294.35,317
1789639080,2026-09-17T15:28:00,23294.35,23294.35,23270.6,23270.6,317
1789639140,2026-09-17T15:29:00,23270.6,23270.6,23270.6,23270.6,317
1789703100,2026-09-18T09:15:00,23334.7,23360.55,23324.5,23335.25,4019853
1789703160,2026-09-18T09:16:00,23334.4,23345.15,23323.8,23344.35,2704134
1789703220,2026-09-18T09:17:00,23343.45,23349.8,23339.05,23343.5,2062547
1789703280,2026-09-18T09:18:00,23343.05,23348.2,23319.3,23321.1,1644158
1789703340,2026-09-18T09:19:00,23320.2,23325.65,23315.4,23323.45,1852778
1789703400,2026-09-18T09:20:00,23323.8,23325.15,23305.05,23311.15,1802687
1789703460,2026-09-18T09:21:00,23310.65,23312.75,23306.95,23310.85,1047524
1789703520,2026-09-18T09:22:00,23309.9,23322,23309.1,23314.25,1634143
1789703580,2026-09-18T09:23:00,23314.15,23329.1,23312.85,23327.45,838568
1789703640,2026-09-18T09:24:00,23326.8,23332.65,23324.35,23328.25,763938
1789703700,2026-09-18T09:25:00,23328,23328,23316.55,23316.85,787059
1789703760,2026-09-18T09:26:00,23317,23319.45,23309.05,23311.05,758573
1789703820,2026-09-18T09:27:00,23310.95,23310.95,23297.45,23298,914766
1789703880,2026-09-18T09:28:00,23297.65,23298.15,23291.8,23295.85,855444
1789703940,2026-09-18T09:29:00,23295.65,23305.05,23293.5,23300.95,715962
1789704000,2026-09-18T09:30:00,23300.75,23305.95,23291.95,23298,770355
1789704060,2026-09-18T09:31:00,23295.8,23303.65,23292.2,23297.1,727285
1789704120,2026-09-18T09:32:00,23296.8,23299.85,23290.85,23297.7,612566
1789704180,2026-09-18T09:33:00,23296.8,23299.3,23288.25,23292.9,616798
1789704240,2026-09-18T09:34:00,23292.6,23298.55,23288.7,23289.55,585469
1789704300,2026-09-18T09:35:00,23289.5,23296.9,23286.6,23295.35,546110
1789704360,2026-09-18T09:36:00,23294.75,23318.95,23294.75,23315.75,700900
1789704420,2026-09-18T09:37:00,23315.35,23315.65,23304.45,23308.85,656153
1789704480,2026-09-18T09:38:00,23308.25,23313.95,23308.25,23309.15,684221
1789704540,2026-09-18T09:39:00,23309.35,23320.75,23307.2,23317.9,720466
1789704600,2026-09-18T09:40:00,23317,23321.6,23313.4,23319.45,781648
1789704660,2026-09-18T09:41:00,23318.25,23319.6,23313.3,23317.25,630730
1789704720,2026-09-18T09:42:00,23316.65,23325.1,23315.75,23320.8,958681
1789704780,2026-09-18T09:43:00,23320.3,23320.75,23306.8,23307.9,562391
1789704840,2026-09-18T09:44:00,23307.75,23312.85,23302.05,23312.85,529537
1789704900,2026-09-18T09:45:00,23312.2,23315.2,23306.75,23308.15,656282
1789704960,2026-09-18T09:46:00,23307.8,23312,23305,23310.7,500053
1789705020,2026-09-18T09:47:00,23309.9,23313.8,23308.2,23313.7,414833
1789705080,2026-09-18T09:48:00,23313.35,23321.45,23313.2,23320.65,406030
1789705140,2026-09-18T09:49:00,23319.95,23323.5,23310.65,23312.3,451595
1789705200,2026-09-18T09:50:00,23311.75,23315.75,23308.45,23310.45,513861
1789705260,2026-09-18T09:51:00,23310,23315.05,23307.25,23313.1,495674
1789705320,2026-09-18T09:52:00,23312.45,23318.6,23311,23318.05,440256
1789705380,2026-09-18T09:53:00,23317.75,23323.65,23317.65,23322,359138
1789705440,2026-09-18T09:54:00,23321.8,23326.35,23321.55,23325.9,468508
1789705500,2026-09-18T09:55:00,23325.6,23332.8,23323.3,23324.95,495645
1789705560,2026-09-18T09:56:00,23324.5,23327.65,23318.8,23326.75,360589
1789705620,2026-09-18T09:57:00,23326.35,23338.4,23325.55,23329.05,1269491
1789705680,2026-09-18T09:58:00,23328.7,23333.05,23326.5,23327.7,473153
1789705740,2026-09-18T09:59:00,23326.75,23332.85,23325.05,23328.75,479463
1789705800,2026-09-18T10:00:00,23328.35,23332,23325,23330.35,533622
1789705860,2026-09-18T10:01:00,23329.9,23332.95,23328.5,23328.95,369823
1789705920,2026-09-18T10:02:00,23328.45,23330.15,23324.95,23326.75,488832
1789705980,2026-09-18T10:03:00,23327.1,23327.25,23319.95,23320,429426
1789706040,2026-09-18T10:04:00,23319.8,23323.7,23318.05,23320.6,644759
1789706100,2026-09-18T10:05:00,23320,23329.05,23318.95,23326.45,401221
1789706160,2026-09-18T10:06:00,23326.25,23327.3,23312.65,23314.15,644292
1789706220,2026-09-18T10:07:00,23314,23319.65,23309,23318.6,588266
1789706280,2026-09-18T10:08:00,23318.55,23327.4,23317.45,23327.05,773312
1789706340,2026-09-18T10:09:00,23326.6,23332.35,23320.2,23325.05,459165
1789706400,2026-09-18T10:10:00,23324.25,23331.55,23324.2,23327.95,461894
1789706460,2026-09-18T10:11:00,23327,23329.8,23326.6,23328.5,343461
1789706520,2026-09-18T10:12:00,23327.9,23331.4,23325.15,23325.65,464326
1789706580,2026-09-18T10:13:00,23325.9,23330.95,23325.5,23329.4,362462
1789706640,2026-09-18T10:14:00,23328.65,23331.35,23326.25,23327.6,256623
1789706700,2026-09-18T10:15:00,23327.05,23332,23326.05,23327,326162
1789706760,2026-09-18T10:16:00,23326.55,23327.55,23322.5,23323.25,395456
1789706820,2026-09-18T10:17:00,23323,23328,23322.65,23325.6,495829
1789706880,2026-09-18T10:18:00,23324.8,23327.7,23322.55,23323.4,471068
1789706940,2026-09-18T10:19:00,23323.05,23324.85,23318.35,23319.55,363199
1789707000,2026-09-18T10:20:00,23319.1,23322.45,23317.1,23322.45,350745
1789707060,2026-09-18T10:21:00,23322.05,23325.85,23320.4,23322.05,330025
1789707120,2026-09-18T10:22:00,23322,23323.2,23316.25,23319.35,357027
1789707180,2026-09-18T10:23:00,23319.15,23320.2,23315,23315.35,395064
1789707240,2026-09-18T10:24:00,23315.2,23315.75,23304.3,23306.7,496013
1789707300,2026-09-18T10:25:00,23306.4,23312.9,23305.45,23308.25,577629
1789707360,2026-09-18T10:26:00,23308.05,23310.1,23303.65,23304.2,371535
1789707420,2026-09-18T10:27:00,23303.75,23306.8,23299.75,23304.8,515854
1789707480,2026-09-18T10:28:00,23304.4,23313.65,23304.1,23312.1,462340
1789707540,2026-09-18T10:29:00,23311.55,23314.2,23309.15,23312.55,365558
1789707600,2026-09-18T10:30:00,23312.25,23316.9,23312.05,23314.95,486787
1789707660,2026-09-18T10:31:00,23314.75,23317.3,23307.9,23308.6,1183987
1789707720,2026-09-18T10:32:00,23308.6,23309.2,23300.15,23302.2,493313
1789707780,2026-09-18T10:33:00,23301.75,23305.1,23299.95,23300,332234
1789707840,2026-09-18T10:34:00,23299.55,23305.3,23299.15,23304.2,367157
1789707900,2026-09-18T10:35:00,23303.8,23307.3,23300.5,23302.85,333271
1789707960,2026-09-18T10:36:00,23303.2,23305.2,23300.85,23301.15,327113
1789708020,2026-09-18T10:37:00,23301,23306.65,23299.7,23306,793815
1789708080,2026-09-18T10:38:00,23306.45,23310.75,23304.35,23304.35,393339
1789708140,2026-09-18T10:39:00,23304.4,23310.15,23302.9,23302.9,523313
1789708200,2026-09-18T10:40:00,23302.5,23303.55,23294,23295.95,575413
1789708260,2026-09-18T10:41:00,23295.1,23299.75,23294.7,23298.5,287464
1789708320,2026-09-18T10:42:00,23297.95,23308.65,23297.95,23302,305802
1789708380,2026-09-18T10:43:00,23301.85,23306.95,23301.85,23305.4,363214
1789708440,2026-09-18T10:44:00,23304.95,23306.45,23300.95,23305,313615
1789708500,2026-09-18T10:45:00,23304.85,23306.5,23302.9,23306.35,773399
1789708560,2026-09-18T10:46:00,23305.85,23307.75,23303.85,23305.1,540338
1789708620,2026-09-18T10:47:00,23304.45,23305.5,23299.8,23302.45,532171
1789708680,2026-09-18T10:48:00,23302.2,23306,23301.45,23302.05,321249
1789708740,2026-09-18T10:49:00,23302.35,23303.4,23297.7,23302.25,564001
1789708800,2026-09-18T10:50:00,23301.2,23305.5,23300.9,23303.55,500357
1789708860,2026-09-18T10:51:00,23303.25,23311.3,23303.1,23310.25,655873
1789708920,2026-09-18T10:52:00,23309.8,23316.2,23308.85,23309.7,358148
1789708980,2026-09-18T10:53:00,23308.7,23310.65,23306.65,23308.6,415532
1789709040,2026-09-18T10:54:00,23308.5,23310.8,23307.9,23309.2,907441
1789709100,2026-09-18T10:55:00,23308.95,23314.6,23307.9,23312.45,610694
1789709160,2026-09-18T10:56:00,23311.75,23312.5,23308.3,23310.25,266378
1789709220,2026-09-18T10:57:00,23309.7,23313.85,23309.4,23311.65,187526
1789709280,2026-09-18T10:58:00,23310.95,23312.5,23305.25,23305.65,328664
1789709340,2026-09-18T10:59:00,23305.5,23312.45,23304.9,23309.15,345007
1789709400,2026-09-18T11:00:00,23309,23312.85,23308.65,23312.3,406618
1789709460,2026-09-18T11:01:00,23312.45,23313.3,23302.1,23303.1,830660
1789709520,2026-09-18T11:02:00,23302.9,23309.95,23300.45,23307.15,944507
1789709580,2026-09-18T11:03:00,23306.8,23309.4,23304.6,23305.6,394430
1789709640,2026-09-18T11:04:00,23305.6,23308.7,23299.65,23299.75,277134
1789709700,2026-09-18T11:05:00,23299.55,23300.45,23289.75,23292.55,666905
1789709760,2026-09-18T11:06:00,23292.35,23297.9,23291.65,23297.55,486604
1789709820,2026-09-18T11:07:00,23297.25,23302.15,23297.25,23299.65,1015124
1789709880,2026-09-18T11:08:00,23299.55,23302.95,23299.5,23300.9,1067850
1789709940,2026-09-18T11:09:00,23300.15,23304.9,23300.05,23302.6,256983
1789710000,2026-09-18T11:10:00,23302.45,23304.75,23299.9,23302.15,594432
1789710060,2026-09-18T11:11:00,23301.8,23309.65,23301.8,23306.8,711941
1789710120,2026-09-18T11:12:00,23306.3,23309,23300.1,23300.9,880171
1789710180,2026-09-18T11:13:00,23300.8,23303.4,23298.7,23301.95,690998
1789710240,2026-09-18T11:14:00,23301.8,23305.75,23301.75,23304.35,805529
1789710300,2026-09-18T11:15:00,23303.65,23306.6,23302.3,23302.35,544756
1789710360,2026-09-18T11:16:00,23302.25,23305.45,23300.95,23301.7,647641
1789710420,2026-09-18T11:17:00,23301.35,23302.15,23296.45,23296.9,433800
1789710480,2026-09-18T11:18:00,23296.75,23298.25,23292.55,23293.3,425466
1789710540,2026-09-18T11:19:00,23293.3,23297,23292.85,23295.6,399996
1789710600,2026-09-18T11:20:00,23295.1,23301.75,23295.05,23300.2,358771
1789710660,2026-09-18T11:21:00,23300.05,23303.4,23299.1,23300,379221
1789710720,2026-09-18T11:22:00,23298.65,23304.55,23298.65,23302.2,507303
1789710780,2026-09-18T11:23:00,23301.6,23305,23301.15,23302.5,286422
1789710840,2026-09-18T11:24:00,23302.15,23303.65,23300,23301.7,739040
1789710900,2026-09-18T11:25:00,23301.2,23301.9,23295.8,23296.7,507456
1789710960,2026-09-18T11:26:00,23296.1,23297.8,23294.3,23294.95,377912
1789711020,2026-09-18T11:27:00,23294.6,23299.45,23294.6,23298.5,542007
1789711080,2026-09-18T11:28:00,23298.15,23298.55,23294.15,23295.95,895778
1789711140,2026-09-18T11:29:00,23295.4,23297.75,23291.55,23294.75,511570
1789711200,2026-09-18T11:30:00,23294.5,23306.8,23293.35,23303.8,740693
1789711260,2026-09-18T11:31:00,23303.5,23303.7,23293.95,23295.95,524848
1789711320,2026-09-18T11:32:00,23295.55,23301.35,23295.55,23299.05,389495
1789711380,2026-09-18T11:33:00,23299.15,23301.15,23291.7,23294.5,652282
1789711440,2026-09-18T11:34:00,23294.3,23300.7,23293.25,23299.45,983859
1789711500,2026-09-18T11:35:00,23299,23301.6,23296.8,23298.65,548560
1789711560,2026-09-18T11:36:00,23298.35,23303.1,23297.95,23301.85,935797
1789711620,2026-09-18T11:37:00,23301.4,23304.15,23300.4,23300.95,407762
1789711680,2026-09-18T11:38:00,23300.45,23303.4,23297.65,23299.9,601491
1789711740,2026-09-18T11:39:00,23300.05,23303.1,23298.05,23301.6,560719
1789711800,2026-09-18T11:40:00,23301.2,23301.95,23296.35,23300.25,485353
1789711860,2026-09-18T11:41:00,23300.55,23303.7,23298.85,23302.15,339134
1789711920,2026-09-18T11:42:00,23301.95,23304.5,23300.9,23302.3,588876
1789711980,2026-09-18T11:43:00,23302.1,23303.45,23297.35,23299.35,473645
1789712040,2026-09-18T11:44:00,23298.65,23301.15,23297.5,23298.55,274115
1789712100,2026-09-18T11:45:00,23298.2,23307.6,23298.2,23307.6,525343
1789712160,2026-09-18T11:46:00,23305.35,23312.5,23304.85,23308.25,1131086
1789712220,2026-09-18T11:47:00,23308.3,23310.05,23303.1,23306.15,377531
1789712280,2026-09-18T11:48:00,23305.7,23308.35,23304.1,23306.25,547939
1789712340,2026-09-18T11:49:00,23305.7,23313.15,23305.2,23310.6,779913
1789712400,2026-09-18T11:50:00,23310.35,23313.65,23309.5,23312,342296
1789712460,2026-09-18T11:51:00,23311.5,23312.85,23306.5,23311.85,499190
1789712520,2026-09-18T11:52:00,23311.5,23321.15,23311.45,23319.25,739726
1789712580,2026-09-18T11:53:00,23319,23324.9,23317.3,23322.1,699218
1789712640,2026-09-18T11:54:00,23321.8,23325.4,23320.15,23321.3,485900
1789712700,2026-09-18T11:55:00,23320.9,23323.25,23316.75,23318,510896
1789712760,2026-09-18T11:56:00,23317.25,23320.05,23315.8,23317.9,510679
1789712820,2026-09-18T11:57:00,23317.25,23327.45,23317,23325.6,898855
1789712880,2026-09-18T11:58:00,23325.5,23332.75,23321.25,23323.75,782655
1789712940,2026-09-18T11:59:00,23323.35,23324.75,23317,23317.5,918536
1789713000,2026-09-18T12:00:00,23317.7,23332.3,23316.7,23327.8,753609
1789713060,2026-09-18T12:01:00,23327.35,23330.85,23324.35,23324.5,680966
1789713120,2026-09-18T12:02:00,23323.95,23328.35,23322.8,23325.25,855204
1789713180,2026-09-18T12:03:00,23324.65,23326.15,23320.45,23321.8,671548
1789713240,2026-09-18T12:04:00,23322.15,23323,23312.3,23313.85,875493
1789713300,2026-09-18T12:05:00,23313.75,23315.55,23310.35,23311.5,479135
1789713360,2026-09-18T12:06:00,23311.1,23317.25,23307.45,23314.7,947884
1789713420,2026-09-18T12:07:00,23314.3,23318.65,23313.3,23315.65,432437
1789713480,2026-09-18T12:08:00,23315.1,23317.75,23309.9,23311.35,644058
1789713540,2026-09-18T12:09:00,23309.95,23314.25,23307.45,23311.45,644063
1789713600,2026-09-18T12:10:00,23311.35,23317.15,23311.3,23313.9,494053
1789713660,2026-09-18T12:11:00,23313.3,23318.7,23312.3,23317.9,518443
1789713720,2026-09-18T12:12:00,23317.6,23323.1,23316.4,23319.65,574347
1789713780,2026-09-18T12:13:00,23319.45,23323.55,23318.05,23322.8,489265
1789713840,2026-09-18T12:14:00,23322.3,23323.1,23319.15,23320.9,787017
1789713900,2026-09-18T12:15:00,23320.65,23321.4,23317.45,23318.6,341166
1789713960,2026-09-18T12:16:00,23317.8,23322.45,23317.7,23319.45,361723
1789714020,2026-09-18T12:17:00,23319.15,23320.9,23316.1,23316.65,917054
1789714080,2026-09-18T12:18:00,23316.25,23317.7,23313.7,23315.3,762095
1789714140,2026-09-18T12:19:00,23314.95,23316.65,23309.7,23311.35,839455
1789714200,2026-09-18T12:20:00,23310.9,23311.3,23305.95,23310.9,748457
1789714260,2026-09-18T12:21:00,23310.15,23313.75,23308.65,23312.2,425348
1789714320,2026-09-18T12:22:00,23311.9,23313.75,23309.15,23310.25,454265
1789714380,2026-09-18T12:23:00,23309.8,23316.15,23309.8,23313.55,459391
1789714440,2026-09-18T12:24:00,23313.4,23320.8,23313.05,23316.05,987932
1789714500,2026-09-18T12:25:00,23316.1,23318.35,23312.8,23313.6,580766
1789714560,2026-09-18T12:26:00,23313.05,23317.65,23311.5,23311.8,443009
1789714620,2026-09-18T12:27:00,23311.85,23316.45,23310.2,23314.75,1107755
1789714680,2026-09-18T12:28:00,23314.5,23323.65,23313.8,23318.95,931798
1789714740,2026-09-18T12:29:00,23318.85,23323.55,23317.5,23322.2,536108
1789714800,2026-09-18T12:30:00,23322.05,23327.95,23321.05,23325.15,715490
1789714860,2026-09-18T12:31:00,23324.75,23328.65,23324.5,23325.5,411466
1789714920,2026-09-18T12:32:00,23325.1,23327.5,23324.25,23324.55,576321
1789714980,2026-09-18T12:33:00,23323.9,23327.3,23322.45,23323.3,788786
1789715040,2026-09-18T12:34:00,23322.8,23325.1,23321.85,23323.55,683610
1789715100,2026-09-18T12:35:00,23323,23327.6,23322.65,23325.95,513103
1789715160,2026-09-18T12:36:00,23325.65,23332.7,23325.6,23331.15,509873
1789715220,2026-09-18T12:37:00,23330.1,23334.25,23329.9,23332.5,568184
1789715280,2026-09-18T12:38:00,23332.2,23335.55,23327.45,23328,1561794
1789715340,2026-09-18T12:39:00,23327.45,23330.05,23322.45,23325.95,568551
1789715400,2026-09-18T12:40:00,23325.4,23328.7,23324.5,23326.8,297174
1789715460,2026-09-18T12:41:00,23326.55,23330.45,23325.25,23328.05,581246
1789715520,2026-09-18T12:42:00,23328.05,23333.05,23327.85,23331.7,529866
1789715580,2026-09-18T12:43:00,23331.5,23336.65,23330.35,23334.15,751584
1789715640,2026-09-18T12:44:00,23333.95,23339.5,23330.55,23331.05,537854
1789715700,2026-09-18T12:45:00,23330.45,23332.05,23326.55,23331.1,360970
1789715760,2026-09-18T12:46:00,23330.2,23332.1,23328.35,23330.35,319508
1789715820,2026-09-18T12:47:00,23330.3,23333.7,23328.9,23330.4,519883
1789715880,2026-09-18T12:48:00,23329.6,23332.3,23326.15,23326.15,390240
1789715940,2026-09-18T12:49:00,23325.9,23328.4,23323.95,23325.6,379874
1789716000,2026-09-18T12:50:00,23325.15,23329.3,23325.15,23326.2,306545
1789716060,2026-09-18T12:51:00,23325.55,23328.8,23323.6,23324.45,332550
1789716120,2026-09-18T12:52:00,23324.15,23327.1,23323.45,23326.45,611929
1789716180,2026-09-18T12:53:00,23325.8,23330.15,23325.25,23326.45,663520
1789716240,2026-09-18T12:54:00,23325.7,23330.95,23325.5,23330,427089
1789716300,2026-09-18T12:55:00,23329.5,23331.1,23326.55,23327.85,385458
1789716360,2026-09-18T12:56:00,23327.3,23332.35,23327.05,23328.8,394822
1789716420,2026-09-18T12:57:00,23328.35,23329.2,23323.75,23325.6,487616
1789716480,2026-09-18T12:58:00,23325.45,23329.2,23322.75,23322.75,331031
1789716540,2026-09-18T12:59:00,23323.15,23331.8,23321.8,23329.6,531337
1789716600,2026-09-18T13:00:00,23329.3,23332.9,23328.9,23330.55,396374
1789716660,2026-09-18T13:01:00,23330.4,23335.45,23330,23334.2,427291
1789716720,2026-09-18T13:02:00,23333.45,23338.9,23332.1,23337.65,550717
1789716780,2026-09-18T13:03:00,23337.1,23338.7,23334,23335.85,434280
1789716840,2026-09-18T13:04:00,23335.8,23342.55,23335.75,23337.4,846464
1789716900,2026-09-18T13:05:00,23337.15,23339.4,23331.85,23333.5,562964
1789716960,2026-09-18T13:06:00,23333.45,23338.8,23332.05,23334.9,601972
1789717020,2026-09-18T13:07:00,23334.45,23337.4,23332.35,23336.25,522542
1789717080,2026-09-18T13:08:00,23335.4,23339.5,23333.25,23336.4,495514
1789717140,2026-09-18T13:09:00,23336.1,23337.65,23332.75,23333.55,384909
1789717200,2026-09-18T13:10:00,23333.5,23334.8,23331,23333.05,526887
1789717260,2026-09-18T13:11:00,23332.2,23334.95,23327.3,23328.2,383209
1789717320,2026-09-18T13:12:00,23328.2,23334.85,23327.3,23331.8,720765
1789717380,2026-09-18T13:13:00,23331.8,23335.25,23329.15,23329.45,359216
1789717440,2026-09-18T13:14:00,23329.45,23333,23327.65,23330.05,471391
1789717500,2026-09-18T13:15:00,23330.25,23331.95,23324.2,23325.25,394817
1789717560,2026-09-18T13:16:00,23324.25,23327.2,23323.4,23325.15,511051
1789717620,2026-09-18T13:17:00,23324.95,23330.4,23324.8,23326.6,453986
1789717680,2026-09-18T13:18:00,23326.45,23327.95,23321.9,23323.35,540181
1789717740,2026-09-18T13:19:00,23323,23325.85,23320.7,23323.6,399514
1789717800,2026-09-18T13:20:00,23323.45,23323.7,23319.65,23320.45,308250
1789717860,2026-09-18T13:21:00,23319.95,23324.7,23319.15,23323.75,447378
1789717920,2026-09-18T13:22:00,23323.2,23327.5,23322.35,23324.25,429986
1789717980,2026-09-18T13:23:00,23323.5,23328.15,23322.05,23323.7,458070
1789718040,2026-09-18T13:24:00,23323.3,23330.3,23321.3,23322.9,613635
1789718100,2026-09-18T13:25:00,23322.4,23325.6,23318.45,23322.2,654232
1789718160,2026-09-18T13:26:00,23321.8,23326.35,23321.55,23325.55,336109
1789718220,2026-09-18T13:27:00,23325.3,23327.45,23322.45,23323.5,430091
1789718280,2026-09-18T13:28:00,23323.35,23329.5,23320.3,23323.65,683716
1789718340,2026-09-18T13:29:00,23322.2,23325.75,23321.4,23323.7,373025
1789718400,2026-09-18T13:30:00,23323.6,23327.1,23323.15,23325.6,378483
1789718460,2026-09-18T13:31:00,23325.25,23326.8,23319.85,23324.6,652343
1789718520,2026-09-18T13:32:00,23324.05,23329.35,23323.4,23327.45,291701
1789718580,2026-09-18T13:33:00,23327.05,23330.2,23325.55,23329.3,308719
1789718640,2026-09-18T13:34:00,23328.95,23334.1,23326.3,23326.4,769640
1789718700,2026-09-18T13:35:00,23325.95,23328.3,23322.95,23323.7,437395
1789718760,2026-09-18T13:36:00,23323.65,23324,23319.1,23320.35,446073
1789718820,2026-09-18T13:37:00,23319.9,23326.95,23319.8,23326.35,492710
1789718880,2026-09-18T13:38:00,23326.35,23328.45,23324.15,23326.9,397928
1789718940,2026-09-18T13:39:00,23326.25,23329.6,23322.6,23322.8,456945
1789719000,2026-09-18T13:40:00,23322.15,23323.75,23318.1,23320.55,420318
1789719060,2026-09-18T13:41:00,23320.35,23322,23317.55,23318.55,410620
1789719120,2026-09-18T13:42:00,23317.9,23321.7,23315.4,23315.5,458800
1789719180,2026-09-18T13:43:00,23314.9,23317.35,23312.8,23313.5,463251
1789719240,2026-09-18T13:44:00,23313.35,23315.55,23309.4,23310.05,491919
1789719300,2026-09-18T13:45:00,23308.9,23310.3,23304.7,23309.1,647809
1789719360,2026-09-18T13:46:00,23309.15,23315.25,23309.15,23314.5,362135
1789719420,2026-09-18T13:47:00,23314,23322.4,23311.4,23318.6,1318804
1789719480,2026-09-18T13:48:00,23317.65,23318.65,23311.55,23312.75,604564
1789719540,2026-09-18T13:49:00,23312.15,23315.2,23310.95,23313.75,532066
1789719600,2026-09-18T13:50:00,23313.5,23319.2,23312.9,23318.8,628013
1789719660,2026-09-18T13:51:00,23318.35,23330.5,23318.2,23327.05,1230021
1789719720,2026-09-18T13:52:00,23327.2,23332.35,23327.15,23328.65,610713
1789719780,2026-09-18T13:53:00,23327.05,23330.05,23326.05,23328.85,352358
1789719840,2026-09-18T13:54:00,23329.2,23333.35,23328.05,23331.15,459723
1789719900,2026-09-18T13:55:00,23330.9,23335.3,23329.9,23332.05,469535
1789719960,2026-09-18T13:56:00,23331.1,23333.95,23328.45,23333.1,440904
1789720020,2026-09-18T13:57:00,23332.4,23335.1,23331.3,23333.75,538259
1789720080,2026-09-18T13:58:00,23332.8,23337.3,23332.35,23334.1,423367
1789720140,2026-09-18T13:59:00,23333.25,23334.7,23328.4,23329.5,440606
1789720200,2026-09-18T14:00:00,23328.65,23332.05,23328,23330.8,564960
1789720260,2026-09-18T14:01:00,23330.2,23332.65,23327.85,23330,542170
1789720320,2026-09-18T14:02:00,23329.25,23331.05,23327.25,23330.45,452133
1789720380,2026-09-18T14:03:00,23330.1,23334.6,23328.85,23333.25,417806
1789720440,2026-09-18T14:04:00,23332.4,23337.2,23330.6,23336.55,455606
1789720500,2026-09-18T14:05:00,23335.45,23343.5,23335.45,23342.9,517995
1789720560,2026-09-18T14:06:00,23341.6,23343.65,23336.7,23342.3,628205
1789720620,2026-09-18T14:07:00,23341.55,23347,23341.3,23345.7,601683
1789720680,2026-09-18T14:08:00,23345.2,23349.8,23344.05,23345.5,563099
1789720740,2026-09-18T14:09:00,23344.2,23357.95,23344.05,23355.8,1010407
1789720800,2026-09-18T14:10:00,23354.9,23359.55,23354.7,23357.35,1004125
1789720860,2026-09-18T14:11:00,23356.8,23359.5,23355.7,23357.75,749157
1789720920,2026-09-18T14:12:00,23356.25,23358.4,23353.45,23353.45,724918
1789720980,2026-09-18T14:13:00,23353,23354.45,23346.95,23347.55,620061
1789721040,2026-09-18T14:14:00,23347,23352.55,23347,23348.45,613966
1789721100,2026-09-18T14:15:00,23347.4,23354.15,23346.25,23350.3,850045
1789721160,2026-09-18T14:16:00,23350.65,23356.9,23349.55,23354.95,578114
1789721220,2026-09-18T14:17:00,23353.95,23357.1,23353.3,23354.95,603526
1789721280,2026-09-18T14:18:00,23354.15,23355.6,23350,23352,852216
1789721340,2026-09-18T14:19:00,23351.5,23356.05,23349.9,23352.9,707880
1789721400,2026-09-18T14:20:00,23351.7,23357.15,23351.7,23354.65,728658
1789721460,2026-09-18T14:21:00,23353.9,23358.8,23353.9,23356.4,755198
1789721520,2026-09-18T14:22:00,23355.8,23361.15,23355.75,23360.15,510153
1789721580,2026-09-18T14:23:00,23358.25,23362,23354.85,23356.55,988591
1789721640,2026-09-18T14:24:00,23355.35,23358.3,23352.7,23353.7,764834
1789721700,2026-09-18T14:25:00,23352.5,23356.25,23351.2,23352.65,592151
1789721760,2026-09-18T14:26:00,23352.6,23353.95,23350.9,23353.05,668143
1789721820,2026-09-18T14:27:00,23352.2,23360.4,23352.15,23359.45,846991
1789721880,2026-09-18T14:28:00,23358.65,23364,23357.55,23363,587249
1789721940,2026-09-18T14:29:00,23362.85,23366.4,23362.85,23365.95,668414
1789722000,2026-09-18T14:30:00,23364.65,23370.6,23364.65,23370,800758
1789722060,2026-09-18T14:31:00,23368.5,23371.15,23364.6,23366.4,878672
1789722120,2026-09-18T14:32:00,23365.35,23371.8,23365.35,23371.4,698936
1789722180,2026-09-18T14:33:00,23370.35,23376.25,23369.95,23370.3,853493
1789722240,2026-09-18T14:34:00,23369.1,23373.15,23368.4,23371.6,626159
1789722300,2026-09-18T14:35:00,23370.65,23371.95,23368.15,23370.65,640542
1789722360,2026-09-18T14:36:00,23370.4,23371.45,23368.3,23369.85,651871
1789722420,2026-09-18T14:37:00,23369.1,23370.8,23366.7,23368.75,703687
1789722480,2026-09-18T14:38:00,23367.85,23369.45,23365.8,23366.6,859337
1789722540,2026-09-18T14:39:00,23365.6,23369.55,23365.6,23366.5,702956
1789722600,2026-09-18T14:40:00,23365.35,23367.95,23363.15,23365.4,864170
1789722660,2026-09-18T14:41:00,23365.1,23368.7,23363.05,23363.6,764225
1789722720,2026-09-18T14:42:00,23362.5,23365.45,23361.85,23362.4,707967
1789722780,2026-09-18T14:43:00,23361.65,23362.85,23358.8,23359.15,616342
1789722840,2026-09-18T14:44:00,23358.5,23360.05,23353.65,23354.1,1116964
1789722900,2026-09-18T14:45:00,23354.2,23361.3,23352.3,23361.1,966905
1789722960,2026-09-18T14:46:00,23359.6,23363.1,23359.1,23362.9,835600
1789723020,2026-09-18T14:47:00,23362.1,23365.55,23360.8,23365.35,1095082
1789723080,2026-09-18T14:48:00,23364.95,23366.35,23361.65,23364.2,1041676
1789723140,2026-09-18T14:49:00,23364.55,23368.55,23363.6,23367.5,784885
1789723200,2026-09-18T14:50:00,23367.45,23372.95,23366.8,23370.9,1288512
1789723260,2026-09-18T14:51:00,23370.5,23377.1,23370.35,23373,1265468
1789723320,2026-09-18T14:52:00,23372.45,23383.05,23372.4,23381.55,1509557
1789723380,2026-09-18T14:53:00,23382.55,23385.85,23379.1,23381.2,1440504
1789723440,2026-09-18T14:54:00,23381.3,23386.55,23381.25,23383.55,1400664
1789723500,2026-09-18T14:55:00,23381.9,23386.65,23381.6,23383.4,1522246
1789723560,2026-09-18T14:56:00,23383.75,23385.85,23382.6,23382.8,1520905
1789723620,2026-09-18T14:57:00,23381.8,23382.9,23378.95,23380.4,1253742
1789723680,2026-09-18T14:58:00,23379.7,23389.15,23379,23386.85,1480602
1789723740,2026-09-18T14:59:00,23385.55,23388.3,23383.05,23384.3,1584879
1789723800,2026-09-18T15:00:00,23384.15,23384.15,23368,23368,3347691
1789723860,2026-09-18T15:01:00,23367.05,23368.55,23360.6,23363.5,2754218
1789723920,2026-09-18T15:02:00,23362.95,23363.55,23355.25,23356.6,2375330
1789723980,2026-09-18T15:03:00,23356.6,23363.9,23356.25,23358.35,2343546
1789724040,2026-09-18T15:04:00,23356.4,23359.35,23351.7,23352.05,2191116
1789724100,2026-09-18T15:05:00,23351.65,23354.05,23349.65,23354.05,2541556
1789724160,2026-09-18T15:06:00,23352.7,23358.4,23352.1,23353.75,2533959
1789724220,2026-09-18T15:07:00,23352.65,23353.95,23346.3,23348.3,2452560
1789724280,2026-09-18T15:08:00,23347.65,23348.6,23341.2,23342.85,2272276
1789724340,2026-09-18T15:09:00,23342.5,23345.75,23340,23343.75,2510279
1789724400,2026-09-18T15:10:00,23343.4,23344.65,23339.65,23340.5,3503096
1789724460,2026-09-18T15:11:00,23339.2,23344.85,23339.2,23344,2658488
1789724520,2026-09-18T15:12:00,23343.75,23344.15,23333.45,23337.6,3961432
1789724580,2026-09-18T15:13:00,23336.9,23347.25,23335.3,23343.35,3214560
1789724640,2026-09-18T15:14:00,23345.05,23346.85,23332.4,23341.85,2748325
1789724700,2026-09-18T15:15:00,23341.85,23341.85,23341.85,23341.85,2780
1789724760,2026-09-18T15:16:00,23341.85,23341.85,23341.85,23341.85,2780
1789724820,2026-09-18T15:17:00,23341.85,23341.85,23341.85,23341.85,2780
1789724880,2026-09-18T15:18:00,23341.85,23341.85,23341.85,23341.85,2780
1789724940,2026-09-18T15:19:00,23341.85,23341.85,23341.85,23341.85,2780
1789725000,2026-09-18T15:20:00,23341.85,23341.85,23341.85,23341.85,2780
1789725060,2026-09-18T15:21:00,23341.85,23341.85,23341.85,23341.85,2780
1789725120,2026-09-18T15:22:00,23341.85,23341.85,23341.85,23341.85,2780
1789725180,2026-09-18T15:23:00,23341.85,23341.85,23341.85,23341.85,2780
1789725240,2026-09-18T15:24:00,23341.85,23341.85,23341.85,23341.85,2780
1789725300,2026-09-18T15:25:00,23341.85,23341.85,23341.85,23341.85,2780
1789725360,2026-09-18T15:26:00,23341.85,23341.85,23341.85,23341.85,2780
1789725420,2026-09-18T15:27:00,23341.85,23341.85,23341.85,23341.85,2780
1789725480,2026-09-18T15:28:00,23341.85,23346.4,23341.85,23346.4,2780
1789725540,2026-09-18T15:29:00,23346.4,23346.4,23346.4,23346.4,2780
1789962300,2026-09-21T09:15:00,23330.2,23376.2,23314.8,23345,2747331
1789962360,2026-09-21T09:16:00,23345.85,23364,23331,23362.5,2179203
1789962420,2026-09-21T09:17:00,23361.75,23385.9,23361.25,23384.7,1475712
1789962480,2026-09-21T09:18:00,23384.35,23396.7,23377.45,23387.8,1366058
1789962540,2026-09-21T09:19:00,23388.25,23389.5,23379.8,23385.85,1271066
1789962600,2026-09-21T09:20:00,23384.65,23391.3,23376.25,23381,955665
1789962660,2026-09-21T09:21:00,23381.8,23385.85,23376.5,23377.25,1079828
1789962720,2026-09-21T09:22:00,23376.65,23382.1,23372.7,23376.15,1030431
1789962780,2026-09-21T09:23:00,23376.3,23387,23374.55,23380.1,1236866
1789962840,2026-09-21T09:24:00,23380.15,23383.55,23375.05,23376.9,1147818
1789962900,2026-09-21T09:25:00,23376.8,23387.9,23375.25,23386.05,764085
1789962960,2026-09-21T09:26:00,23386.1,23391.3,23381.7,23391.15,631626
1789963020,2026-09-21T09:27:00,23391.15,23399.25,23389.8,23393.75,759467
1789963080,2026-09-21T09:28:00,23393.5,23398.6,23390.7,23392.85,716389
1789963140,2026-09-21T09:29:00,23392.85,23402.95,23391.95,23400.25,762241
1789963200,2026-09-21T09:30:00,23400.25,23406.25,23398.35,23402.9,550430
1789963260,2026-09-21T09:31:00,23402.45,23406.15,23397.15,23399.1,613883
1789963320,2026-09-21T09:32:00,23399.5,23403.3,23395.6,23397.2,580881
1789963380,2026-09-21T09:33:00,23397.2,23400.25,23395.25,23398.7,547745
1789963440,2026-09-21T09:34:00,23398.4,23398.4,23390.1,23395.9,688781
1789963500,2026-09-21T09:35:00,23395.85,23406.35,23395.75,23405.25,469743
1789963560,2026-09-21T09:36:00,23405.2,23407.8,23394.7,23396.9,590237
1789963620,2026-09-21T09:37:00,23396.7,23397.6,23389,23389.95,558659
1789963680,2026-09-21T09:38:00,23390.25,23396.05,23389.5,23392.35,500254
1789963740,2026-09-21T09:39:00,23392.55,23397.55,23391.3,23392,498765
1789963800,2026-09-21T09:40:00,23392.45,23393.9,23386.65,23387.05,524486
1789963860,2026-09-21T09:41:00,23387.3,23393.85,23385.8,23389.1,1072894
1789963920,2026-09-21T09:42:00,23389.8,23393.55,23386.6,23387.05,413123
1789963980,2026-09-21T09:43:00,23387.2,23393.55,23387.2,23390.65,797832
1789964040,2026-09-21T09:44:00,23390.35,23396.95,23389.6,23392.8,531868
1789964100,2026-09-21T09:45:00,23393.2,23398.2,23392.6,23397.35,683295
1789964160,2026-09-21T09:46:00,23397.35,23401.45,23396.8,23400.8,691433
1789964220,2026-09-21T09:47:00,23400.8,23401.95,23392.9,23393.6,543941
1789964280,2026-09-21T09:48:00,23393.55,23404.35,23393.1,23402.95,519872
1789964340,2026-09-21T09:49:00,23402.95,23410.75,23400.5,23401.55,529300
1789964400,2026-09-21T09:50:00,23401.5,23405,23400.75,23401.3,325201
1789964460,2026-09-21T09:51:00,23401.65,23406.4,23401.65,23404.3,420831
1789964520,2026-09-21T09:52:00,23403.8,23404.85,23400.45,23402.3,365191
1789964580,2026-09-21T09:53:00,23402.3,23404.05,23397.65,23398.8,468219
1789964640,2026-09-21T09:54:00,23399.15,23400.1,23393.3,23394.55,384930
1789964700,2026-09-21T09:55:00,23394.7,23397.8,23393.6,23395.85,438747
1789964760,2026-09-21T09:56:00,23395.85,23398.3,23392.25,23393.15,461031
1789964820,2026-09-21T09:57:00,23393.05,23405.8,23392.9,23403.5,869421
1789964880,2026-09-21T09:58:00,23403.4,23403.4,23390.85,23391.7,1202344
1789964940,2026-09-21T09:59:00,23391.95,23395.85,23389.55,23394.85,502266
1789965000,2026-09-21T10:00:00,23394.85,23398.9,23391.55,23392,569690
1789965060,2026-09-21T10:01:00,23393.2,23395.9,23391.1,23391.35,467399
1789965120,2026-09-21T10:02:00,23391.35,23392.3,23386.85,23387.45,346124
1789965180,2026-09-21T10:03:00,23387.8,23388.5,23383.55,23383.9,316803
1789965240,2026-09-21T10:04:00,23383.8,23385.4,23378.3,23382.9,528673
1789965300,2026-09-21T10:05:00,23382.5,23389.6,23381.4,23383.5,412779
1789965360,2026-09-21T10:06:00,23383.9,23385.3,23377.55,23379.9,473397
1789965420,2026-09-21T10:07:00,23380.35,23381.85,23377.2,23379.25,525190
1789965480,2026-09-21T10:08:00,23379.65,23384.65,23379.4,23383.45,340410
1789965540,2026-09-21T10:09:00,23383.75,23387.6,23383.5,23385.75,389010
1789965600,2026-09-21T10:10:00,23384.7,23388.1,23383.85,23387.1,278024
1789965660,2026-09-21T10:11:00,23387.35,23392.95,23386.45,23392.3,402451
1789965720,2026-09-21T10:12:00,23392.3,23393.25,23388.65,23389.35,363350
1789965780,2026-09-21T10:13:00,23389.55,23390.3,23378.2,23378.9,494665
1789965840,2026-09-21T10:14:00,23378.9,23379.9,23373,23373.55,463650
1789965900,2026-09-21T10:15:00,23373.65,23374.4,23371.45,23372.55,414205
1789965960,2026-09-21T10:16:00,23372.55,23379.45,23371.65,23378.85,354995
1789966020,2026-09-21T10:17:00,23378.9,23380.75,23374.55,23375.4,531810
1789966080,2026-09-21T10:18:00,23375.4,23381.8,23374.9,23378,395255
1789966140,2026-09-21T10:19:00,23378.3,23380.4,23373.55,23374.65,668906
1789966200,2026-09-21T10:20:00,23374.9,23378.25,23373.2,23373.3,369351
1789966260,2026-09-21T10:21:00,23373.35,23373.75,23369.7,23372.5,353069
1789966320,2026-09-21T10:22:00,23373.2,23376.55,23372.1,23374.4,346418
1789966380,2026-09-21T10:23:00,23374.4,23380,23371.3,23377.4,457539
1789966440,2026-09-21T10:24:00,23376.85,23379.75,23372.4,23373,241506
1789966500,2026-09-21T10:25:00,23373.05,23373.05,23366.1,23367.2,382729
1789966560,2026-09-21T10:26:00,23366.75,23370.2,23365.75,23367.9,326061
1789966620,2026-09-21T10:27:00,23367.6,23368.25,23358.75,23359.8,554092
1789966680,2026-09-21T10:28:00,23361.1,23368.35,23360.7,23367.55,311900
1789966740,2026-09-21T10:29:00,23367.5,23373.15,23366.9,23372.75,297485
1789966800,2026-09-21T10:30:00,23372.85,23373.7,23367.65,23368.1,286750
1789966860,2026-09-21T10:31:00,23368.1,23372.4,23367.75,23371.15,296789
1789966920,2026-09-21T10:32:00,23370.5,23371.35,23364.6,23366.25,404963
1789966980,2026-09-21T10:33:00,23366.75,23368.7,23360.8,23362.45,486932
1789967040,2026-09-21T10:34:00,23362.3,23363.3,23356.95,23362.85,397489
1789967100,2026-09-21T10:35:00,23362.2,23365.55,23361.3,23364.7,473269
1789967160,2026-09-21T10:36:00,23364.7,23368.9,23364.35,23366.65,351255
1789967220,2026-09-21T10:37:00,23367.65,23367.85,23364.1,23366.45,287906
1789967280,2026-09-21T10:38:00,23365.55,23370.25,23365.5,23368.05,308606
1789967340,2026-09-21T10:39:00,23368.15,23369.6,23363.75,23365.05,280988
1789967400,2026-09-21T10:40:00,23364.75,23368.2,23364.5,23365.1,244621
1789967460,2026-09-21T10:41:00,23365.1,23373.5,23365.1,23371.05,321972
1789967520,2026-09-21T10:42:00,23372,23377.4,23370.95,23374.05,332903
1789967580,2026-09-21T10:43:00,23373.7,23376.95,23373.45,23374.65,281712
1789967640,2026-09-21T10:44:00,23374.55,23378.35,23374.5,23376.6,330017
1789967700,2026-09-21T10:45:00,23377.05,23381,23375.9,23380.45,328692
1789967760,2026-09-21T10:46:00,23380.5,23383.4,23380.5,23381.05,401411
1789967820,2026-09-21T10:47:00,23382.05,23387,23378.15,23379.05,534693
1789967880,2026-09-21T10:48:00,23379.15,23381.1,23374.65,23374.75,315453
1789967940,2026-09-21T10:49:00,23374.9,23379.45,23374.9,23376.65,376839
1789968000,2026-09-21T10:50:00,23376.75,23380.75,23376.75,23378.25,311445
1789968060,2026-09-21T10:51:00,23379.3,23383.1,23379,23381.5,415292
1789968120,2026-09-21T10:52:00,23381.35,23384.5,23381.35,23383.6,314301
1789968180,2026-09-21T10:53:00,23383.45,23386.65,23383.05,23385.15,540498
1789968240,2026-09-21T10:54:00,23386.05,23389,23383,23386.35,551685
1789968300,2026-09-21T10:55:00,23386.75,23389.95,23379.55,23379.9,385597
1789968360,2026-09-21T10:56:00,23379.65,23384.45,23379.6,23382.95,355601
1789968420,2026-09-21T10:57:00,23382.3,23388.55,23382.1,23384.3,554048
1789968480,2026-09-21T10:58:00,23384.85,23387.3,23383.45,23384.85,383457
1789968540,2026-09-21T10:59:00,23384.5,23389.4,23383.75,23386.65,363592
1789968600,2026-09-21T11:00:00,23386.8,23390.9,23384.45,23385.05,289487
1789968660,2026-09-21T11:01:00,23385.3,23387.65,23381.95,23383.65,259336
1789968720,2026-09-21T11:02:00,23383.5,23388.3,23383.5,23385.8,267071
1789968780,2026-09-21T11:03:00,23385.8,23388.95,23384.4,23388.45,435438
1789968840,2026-09-21T11:04:00,23388.5,23393.65,23387.55,23389.25,503180
1789968900,2026-09-21T11:05:00,23389.35,23391.05,23384.95,23386.75,354191
1789968960,2026-09-21T11:06:00,23387.3,23392,23385.95,23388.9,429583
1789969020,2026-09-21T11:07:00,23389.55,23392.65,23388.8,23391.65,310297
1789969080,2026-09-21T11:08:00,23391.6,23395.2,23390.65,23391.1,396848
1789969140,2026-09-21T11:09:00,23391.9,23395.5,23391.3,23394.05,450852
1789969200,2026-09-21T11:10:00,23394,23395.3,23392.2,23394.1,338695
1789969260,2026-09-21T11:11:00,23394.05,23398.25,23393.3,23396.9,579884
1789969320,2026-09-21T11:12:00,23396.5,23398.7,23393.95,23395.3,513279
1789969380,2026-09-21T11:13:00,23395.3,23402.4,23395.3,23398.8,348659
1789969440,2026-09-21T11:14:00,23398.4,23400,23395.45,23397.45,357426
1789969500,2026-09-21T11:15:00,23397.65,23399.6,23394.35,23395.65,449680
1789969560,2026-09-21T11:16:00,23395.4,23396.8,23390.05,23391.9,344430
1789969620,2026-09-21T11:17:00,23391.9,23394,23389.3,23390.35,361155
1789969680,2026-09-21T11:18:00,23390.8,23392.95,23385.8,23387.9,405642
1789969740,2026-09-21T11:19:00,23388.05,23391.8,23387.45,23390.3,544988
1789969800,2026-09-21T11:20:00,23390.9,23394.5,23389.4,23390.15,678394
1789969860,2026-09-21T11:21:00,23391,23393.7,23387.65,23389.95,462493
1789969920,2026-09-21T11:22:00,23389.45,23393.35,23388,23392.25,344444
1789969980,2026-09-21T11:23:00,23392.45,23396.1,23391.7,23395.05,294440
1789970040,2026-09-21T11:24:00,23396.2,23397.1,23392.45,23393.55,829161
1789970100,2026-09-21T11:25:00,23393.35,23396.8,23391.6,23392.7,401333
1789970160,2026-09-21T11:26:00,23392.7,23394.9,23391.7,23393.15,282727
1789970220,2026-09-21T11:27:00,23393.15,23398.35,23393.15,23395.9,556914
1789970280,2026-09-21T11:28:00,23395.9,23400.25,23394.6,23398.1,643093
1789970340,2026-09-21T11:29:00,23398.95,23400.15,23396.65,23398.4,433831
1789970400,2026-09-21T11:30:00,23398,23402.15,23398,23399.55,527763
1789970460,2026-09-21T11:31:00,23399.75,23403.15,23398.65,23401.8,301819
1789970520,2026-09-21T11:32:00,23402.1,23403.15,23399.15,23402.5,394415
1789970580,2026-09-21T11:33:00,23401.95,23409.35,23399.1,23409.1,1063161
1789970640,2026-09-21T11:34:00,23408.95,23410.75,23404.65,23405.05,317655
1789970700,2026-09-21T11:35:00,23405.1,23405.6,23397.6,23398.3,493636
1789970760,2026-09-21T11:36:00,23397.95,23402.95,23397.5,23400.9,370560
1789970820,2026-09-21T11:37:00,23400.6,23404.2,23399.1,23400.65,340206
1789970880,2026-09-21T11:38:00,23400.45,23401.95,23398.15,23398.85,373326
1789970940,2026-09-21T11:39:00,23399.2,23399.8,23397.55,23398.5,280095
1789971000,2026-09-21T11:40:00,23398.95,23400.1,23396.4,23397.2,338491
1789971060,2026-09-21T11:41:00,23397.5,23403.75,23397.4,23401.95,473009
1789971120,2026-09-21T11:42:00,23401,23405.15,23400.8,23402,306349
1789971180,2026-09-21T11:43:00,23402.05,23404.8,23401.4,23401.8,263151
1789971240,2026-09-21T11:44:00,23401.8,23405.25,23400.4,23403.65,533788
1789971300,2026-09-21T11:45:00,23402.5,23404.8,23400.95,23402.35,291180
1789971360,2026-09-21T11:46:00,23402.3,23403.75,23395.75,23398.55,611427
1789971420,2026-09-21T11:47:00,23397.55,23399.4,23394.5,23395.6,298687
1789971480,2026-09-21T11:48:00,23396.35,23402.6,23396.25,23398.85,255481
1789971540,2026-09-21T11:49:00,23398.95,23401.95,23397.7,23398.5,655611
1789971600,2026-09-21T11:50:00,23398,23400.4,23397.75,23399.75,381463
1789971660,2026-09-21T11:51:00,23399.8,23402,23398.4,23400.4,391347
1789971720,2026-09-21T11:52:00,23401,23406.7,23400.95,23405.1,405827
1789971780,2026-09-21T11:53:00,23405.5,23410.55,23404.75,23409.3,316253
1789971840,2026-09-21T11:54:00,23410.2,23416.85,23409.9,23416.3,561044
1789971900,2026-09-21T11:55:00,23416.25,23419.25,23414.2,23416.75,424687
1789971960,2026-09-21T11:56:00,23417.2,23421.65,23416.5,23420.5,492480
1789972020,2026-09-21T11:57:00,23419.9,23422.25,23418.7,23419.7,374890
1789972080,2026-09-21T11:58:00,23420.85,23430.75,23420.6,23426.9,664438
1789972140,2026-09-21T11:59:00,23427.8,23431.3,23423.65,23425.45,672591
1789972200,2026-09-21T12:00:00,23425.95,23434.05,23425.45,23430.25,622041
1789972260,2026-09-21T12:01:00,23430.8,23431.3,23425,23429.25,696582
1789972320,2026-09-21T12:02:00,23428.9,23430.1,23423.45,23424.3,376323
1789972380,2026-09-21T12:03:00,23425.25,23427.3,23419.5,23421.1,425516
1789972440,2026-09-21T12:04:00,23422.2,23426.3,23419.7,23425.05,488224
1789972500,2026-09-21T12:05:00,23424.8,23426.55,23421.6,23422.1,353392
1789972560,2026-09-21T12:06:00,23423.3,23427,23422.05,23423,350561
1789972620,2026-09-21T12:07:00,23423.75,23426.8,23418.8,23418.85,457163
1789972680,2026-09-21T12:08:00,23419.35,23424.7,23417.95,23420.7,445714
1789972740,2026-09-21T12:09:00,23420.55,23421.05,23414.25,23415.25,557588
1789972800,2026-09-21T12:10:00,23415.55,23417.1,23411.15,23413.15,559325
1789972860,2026-09-21T12:11:00,23412.9,23419.1,23412.9,23417.8,359706
1789972920,2026-09-21T12:12:00,23417.8,23419.15,23414.5,23416.7,859587
1789972980,2026-09-21T12:13:00,23416.55,23419.3,23415.55,23418.7,531252
1789973040,2026-09-21T12:14:00,23418.35,23419.85,23415.95,23417.7,418334
1789973100,2026-09-21T12:15:00,23417.55,23419.4,23414.55,23417.6,494403
1789973160,2026-09-21T12:16:00,23418.65,23419.95,23416.55,23418.3,333908
1789973220,2026-09-21T12:17:00,23417.95,23418.6,23414.9,23415.35,262091
1789973280,2026-09-21T12:18:00,23415.65,23419.1,23414.3,23415.65,509333
1789973340,2026-09-21T12:19:00,23415.6,23419.25,23414.9,23418.45,363336
1789973400,2026-09-21T12:20:00,23418.8,23419.55,23414.3,23415.8,301720
1789973460,2026-09-21T12:21:00,23416.7,23422.1,23416,23420.25,295092
1789973520,2026-09-21T12:22:00,23420.25,23421.5,23411.4,23412,514957
1789973580,2026-09-21T12:23:00,23412.35,23415.7,23409.65,23411.25,581886
1789973640,2026-09-21T12:24:00,23411.2,23415.1,23410.65,23413.95,278014
1789973700,2026-09-21T12:25:00,23414.65,23416.5,23413.4,23415.5,262079
1789973760,2026-09-21T12:26:00,23415.1,23420.65,23414.6,23416.1,412385
1789973820,2026-09-21T12:27:00,23416.25,23419.45,23415.1,23416.55,307435
1789973880,2026-09-21T12:28:00,23416.7,23420.65,23416.1,23417.45,492756
1789973940,2026-09-21T12:29:00,23417.5,23421,23417.5,23419.45,285092
1789974000,2026-09-21T12:30:00,23419.75,23423,23419.3,23422.7,616782
1789974060,2026-09-21T12:31:00,23422.85,23424.25,23418.6,23419.45,477347
1789974120,2026-09-21T12:32:00,23420.25,23422.6,23414.9,23415.75,397628
1789974180,2026-09-21T12:33:00,23416.05,23417.95,23409.95,23412.3,516268
1789974240,2026-09-21T12:34:00,23412.35,23415.7,23412.1,23414.9,332418
1789974300,2026-09-21T12:35:00,23414.9,23416.9,23412.4,23414.7,330390
1789974360,2026-09-21T12:36:00,23414.9,23416.55,23413.1,23414.4,311387
1789974420,2026-09-21T12:37:00,23414.65,23417.7,23414.15,23415,311602
1789974480,2026-09-21T12:38:00,23415.45,23417.5,23414.25,23415.55,433856
1789974540,2026-09-21T12:39:00,23416.55,23416.9,23411.1,23412.25,583108
1789974600,2026-09-21T12:40:00,23412.5,23414.6,23409.9,23413.05,505728
1789974660,2026-09-21T12:41:00,23413.35,23413.75,23407.95,23410.85,534483
1789974720,2026-09-21T12:42:00,23410.65,23413.2,23410.1,23410.8,614803
1789974780,2026-09-21T12:43:00,23411.65,23413,23410.15,23410.8,301169
1789974840,2026-09-21T12:44:00,23410.55,23415.75,23409.85,23414.45,279010
1789974900,2026-09-21T12:45:00,23414.65,23416.45,23413.2,23415.55,224358
1789974960,2026-09-21T12:46:00,23415.8,23417.25,23414.2,23414.7,230869
1789975020,2026-09-21T12:47:00,23414.7,23415.85,23412.05,23413.9,296565
1789975080,2026-09-21T12:48:00,23413.6,23414.7,23411.7,23413,376596
1789975140,2026-09-21T12:49:00,23413.3,23414.2,23411.25,23413.6,482098
1789975200,2026-09-21T12:50:00,23413.4,23414.15,23410.5,23413.45,656147
1789975260,2026-09-21T12:51:00,23413.45,23415.45,23411.05,23414.1,409486
1789975320,2026-09-21T12:52:00,23414.95,23415.6,23411.4,23412.7,414066
1789975380,2026-09-21T12:53:00,23412.55,23414.2,23410.6,23412.75,354126
1789975440,2026-09-21T12:54:00,23414.1,23417.55,23413.85,23415.1,310585
1789975500,2026-09-21T12:55:00,23416.4,23418,23414.1,23415.6,420936
1789975560,2026-09-21T12:56:00,23415.25,23417.25,23413.25,23415.3,528139
1789975620,2026-09-21T12:57:00,23416.05,23417.85,23413.65,23415.25,670391
1789975680,2026-09-21T12:58:00,23414.45,23417.25,23411.95,23414.1,591182
1789975740,2026-09-21T12:59:00,23414.45,23415.65,23411.95,23412.65,625013
1789975800,2026-09-21T13:00:00,23412.4,23413.55,23410.3,23410.4,367815
1789975860,2026-09-21T13:01:00,23410.05,23414,23409.95,23413.1,489546
1789975920,2026-09-21T13:02:00,23412.4,23415.45,23411.7,23414.1,486522
1789975980,2026-09-21T13:03:00,23412.95,23415.2,23406.4,23406.75,582229
1789976040,2026-09-21T13:04:00,23406.3,23407.95,23403.25,23405.9,656811
1789976100,2026-09-21T13:05:00,23405.75,23410.55,23403.35,23407.85,420447
1789976160,2026-09-21T13:06:00,23406.95,23410.95,23406.2,23409.95,349502
1789976220,2026-09-21T13:07:00,23408.35,23409.75,23401.75,23402.8,539602
1789976280,2026-09-21T13:08:00,23402.95,23405.2,23401.5,23404.05,705696
1789976340,2026-09-21T13:09:00,23403.05,23406.05,23400.7,23401.3,533656
1789976400,2026-09-21T13:10:00,23400.6,23404.7,23397.65,23402.6,564592
1789976460,2026-09-21T13:11:00,23402.6,23405,23400,23402,368858
1789976520,2026-09-21T13:12:00,23401.15,23406.35,23401.15,23404.4,363013
1789976580,2026-09-21T13:13:00,23404.45,23408.9,23403.55,23407.95,597993
1789976640,2026-09-21T13:14:00,23406.25,23411.45,23406.25,23409.2,286490
1789976700,2026-09-21T13:15:00,23409.05,23417.25,23409.05,23416.5,439450
1789976760,2026-09-21T13:16:00,23415.7,23419.65,23415.7,23419.1,640615
1789976820,2026-09-21T13:17:00,23418.35,23419.75,23416.7,23418.45,617655
1789976880,2026-09-21T13:18:00,23417.7,23420.95,23417.4,23419.8,865306
1789976940,2026-09-21T13:19:00,23419.5,23424.55,23419.5,23423.65,1021590
1789977000,2026-09-21T13:20:00,23422.85,23427.75,23422.85,23426.55,985378
1789977060,2026-09-21T13:21:00,23425.15,23427.2,23420.65,23425.45,665570
1789977120,2026-09-21T13:22:00,23424.6,23428.3,23424.6,23425.85,354567
1789977180,2026-09-21T13:23:00,23425.9,23429.15,23425.1,23426.65,419952
1789977240,2026-09-21T13:24:00,23425.65,23428.05,23421.25,23425,800581
1789977300,2026-09-21T13:25:00,23424.9,23428.25,23424.25,23427.95,600109
1789977360,2026-09-21T13:26:00,23425.75,23430.1,23425.75,23429.15,393664
1789977420,2026-09-21T13:27:00,23428.4,23431.7,23428.35,23429.35,708071
1789977480,2026-09-21T13:28:00,23429.1,23432.25,23428.65,23431.65,605126
1789977540,2026-09-21T13:29:00,23430.9,23432.1,23427.25,23430.75,555142
1789977600,2026-09-21T13:30:00,23430.45,23432.3,23426.7,23426.8,443446
1789977660,2026-09-21T13:31:00,23426.9,23428.9,23425.35,23428.65,459816
1789977720,2026-09-21T13:32:00,23428.75,23431.7,23427.65,23431.55,554739
1789977780,2026-09-21T13:33:00,23430.6,23434.45,23430.2,23434,384459
1789977840,2026-09-21T13:34:00,23433.7,23437.65,23432.15,23436.95,455154
1789977900,2026-09-21T13:35:00,23435.9,23437.7,23433.45,23435.15,375233
1789977960,2026-09-21T13:36:00,23434.35,23437.3,23430.75,23434.55,3053831
1789978020,2026-09-21T13:37:00,23434.5,23436.65,23432.85,23435,608545
1789978080,2026-09-21T13:38:00,23434.2,23435.9,23432.2,23433,580116
1789978140,2026-09-21T13:39:00,23432,23436.15,23432,23433.4,340602
1789978200,2026-09-21T13:40:00,23432.35,23433.85,23429.3,23429.45,409955
1789978260,2026-09-21T13:41:00,23429.45,23431.55,23428.7,23431,364741
1789978320,2026-09-21T13:42:00,23431.15,23433.15,23427.35,23427.5,491401
1789978380,2026-09-21T13:43:00,23426.7,23429.45,23423.35,23427.1,498428
1789978440,2026-09-21T13:44:00,23426.9,23431.2,23426,23427.75,415123
1789978500,2026-09-21T13:45:00,23427.9,23431.8,23427.2,23430.1,397805
1789978560,2026-09-21T13:46:00,23429.35,23432.45,23427.3,23429.6,369882
1789978620,2026-09-21T13:47:00,23428.9,23432.85,23428.9,23430.3,305418
1789978680,2026-09-21T13:48:00,23429.1,23432.95,23429.1,23431.95,400519
1789978740,2026-09-21T13:49:00,23431.15,23434.45,23427.45,23433.9,717715
1789978800,2026-09-21T13:50:00,23433.65,23437.2,23431.95,23436.35,1091899
1789978860,2026-09-21T13:51:00,23435.6,23440.85,23435.6,23437.35,497511
1789978920,2026-09-21T13:52:00,23435.95,23440.15,23435.95,23438.4,401890
1789978980,2026-09-21T13:53:00,23437.55,23441.05,23436.45,23438.05,378435
1789979040,2026-09-21T13:54:00,23436.5,23439.25,23434.95,23436.85,440333
1789979100,2026-09-21T13:55:00,23436.9,23444.65,23435.9,23444.45,664041
1789979160,2026-09-21T13:56:00,23443.75,23447.4,23443.15,23445.6,595904
1789979220,2026-09-21T13:57:00,23444.35,23452.55,23444.35,23452.55,632271
1789979280,2026-09-21T13:58:00,23451.2,23457.15,23451.2,23456.8,525188
1789979340,2026-09-21T13:59:00,23455.95,23466.8,23454.95,23463,701118
1789979400,2026-09-21T14:00:00,23462.2,23466.6,23461.2,23462.35,468458
1789979460,2026-09-21T14:01:00,23462.1,23466,23460.25,23463.35,587920
1789979520,2026-09-21T14:02:00,23462,23465.3,23462,23464.75,560234
1789979580,2026-09-21T14:03:00,23463.25,23465.35,23461.6,23462.8,438617
1789979640,2026-09-21T14:04:00,23461.65,23463.95,23458.1,23460,437958
1789979700,2026-09-21T14:05:00,23459,23460.25,23455.65,23458.5,528632
1789979760,2026-09-21T14:06:00,23457.7,23460.65,23457.4,23459.8,372622
1789979820,2026-09-21T14:07:00,23458.9,23460.4,23455.25,23457,432864
1789979880,2026-09-21T14:08:00,23455.9,23459.4,23455.05,23455.3,375316
1789979940,2026-09-21T14:09:00,23454.6,23456.7,23451.9,23453.85,394188
1789980000,2026-09-21T14:10:00,23453.85,23455.85,23449.6,23452.05,409582
1789980060,2026-09-21T14:11:00,23452.05,23457.95,23450.8,23455.15,410384
1789980120,2026-09-21T14:12:00,23455.3,23457.8,23454.05,23457.1,504483
1789980180,2026-09-21T14:13:00,23456.4,23459.15,23453.7,23456.5,493672
1789980240,2026-09-21T14:14:00,23455.9,23459.1,23451.15,23452.7,477889
1789980300,2026-09-21T14:15:00,23451.7,23455.5,23451.7,23452,353640
1789980360,2026-09-21T14:16:00,23451.2,23454.05,23450.3,23453.5,460774
1789980420,2026-09-21T14:17:00,23453.6,23456.75,23452.4,23455.4,384420
1789980480,2026-09-21T14:18:00,23455.05,23460.65,23455.05,23459.65,422016
1789980540,2026-09-21T14:19:00,23459.7,23461.5,23456.35,23459,804712
1789980600,2026-09-21T14:20:00,23459,23463.25,23458.5,23462.15,547363
1789980660,2026-09-21T14:21:00,23461.25,23464.05,23456.1,23456.9,528214
1789980720,2026-09-21T14:22:00,23455.85,23458.05,23450,23452.05,895967
1789980780,2026-09-21T14:23:00,23453.05,23455.25,23452.2,23454.35,547781
1789980840,2026-09-21T14:24:00,23453.7,23456.9,23453.7,23455.2,439910
1789980900,2026-09-21T14:25:00,23454.8,23457.1,23452.8,23452.8,514717
1789980960,2026-09-21T14:26:00,23452.25,23457.05,23452.25,23456.05,535688
1789981020,2026-09-21T14:27:00,23455.4,23459.6,23455.1,23458.3,466995
1789981080,2026-09-21T14:28:00,23458.25,23462,23449.35,23450.2,585682
1789981140,2026-09-21T14:29:00,23449.6,23451.2,23445.3,23448.9,664157
1789981200,2026-09-21T14:30:00,23448.2,23449.8,23441.5,23444.75,883327
1789981260,2026-09-21T14:31:00,23445,23450.05,23443.95,23446.45,483815
1789981320,2026-09-21T14:32:00,23445.5,23449.3,23444.6,23447.9,571849
1789981380,2026-09-21T14:33:00,23447,23450,23446.6,23447.35,574541
1789981440,2026-09-21T14:34:00,23447.4,23449.7,23444.25,23446.35,604238
1789981500,2026-09-21T14:35:00,23446.2,23447.2,23441.7,23443.15,696461
1789981560,2026-09-21T14:36:00,23441.35,23448.55,23441.35,23445.95,533735
1789981620,2026-09-21T14:37:00,23445.75,23449.2,23444.8,23448.45,465067
1789981680,2026-09-21T14:38:00,23448.5,23453.05,23448.05,23452.15,435173
1789981740,2026-09-21T14:39:00,23451.45,23452.7,23446.9,23447.8,502401
1789981800,2026-09-21T14:40:00,23447.7,23452,23446.95,23450.5,437659
1789981860,2026-09-21T14:41:00,23450.1,23451.45,23447.75,23448.9,459494
1789981920,2026-09-21T14:42:00,23448.8,23451.45,23447.45,23450.7,479446
1789981980,2026-09-21T14:43:00,23451,23452.85,23449.85,23451.45,416225
1789982040,2026-09-21T14:44:00,23450.9,23452.9,23449.35,23450.3,500072
1789982100,2026-09-21T14:45:00,23450.25,23452.4,23449.6,23450.8,631903
1789982160,2026-09-21T14:46:00,23450.65,23451.55,23448.7,23449,522004
1789982220,2026-09-21T14:47:00,23448.95,23451.3,23447.05,23450.3,1146050
1789982280,2026-09-21T14:48:00,23449.8,23453.05,23448.55,23450.1,887337
1789982340,2026-09-21T14:49:00,23450.1,23452.55,23449.15,23450.2,838026
1789982400,2026-09-21T14:50:00,23450.65,23456,23449.7,23450.7,1185193
1789982460,2026-09-21T14:51:00,23450.55,23452.65,23447.45,23450.35,1235457
1789982520,2026-09-21T14:52:00,23450.65,23453.15,23448.55,23450.45,1323731
1789982580,2026-09-21T14:53:00,23450.7,23451.6,23446.95,23449.25,960109
1789982640,2026-09-21T14:54:00,23448.85,23453.35,23448.75,23452.85,1385006
1789982700,2026-09-21T14:55:00,23453.2,23453.35,23448.7,23450.7,1035217
1789982760,2026-09-21T14:56:00,23450.65,23453.65,23449.6,23450.7,899280
1789982820,2026-09-21T14:57:00,23450.45,23456.3,23450.05,23451,1012256
1789982880,2026-09-21T14:58:00,23450.5,23453.15,23446.15,23446.9,988585
1789982940,2026-09-21T14:59:00,23446.45,23448.7,23444.15,23447.5,1012925
1789983000,2026-09-21T15:00:00,23447.25,23448.9,23441.1,23447.7,1782093
1789983060,2026-09-21T15:01:00,23447.65,23450,23444.35,23444.9,986074
1789983120,2026-09-21T15:02:00,23445.9,23446.2,23440.5,23442.55,890360
1789983180,2026-09-21T15:03:00,23442.5,23444.8,23439.55,23442.55,903973
1789983240,2026-09-21T15:04:00,23443.6,23443.7,23439.85,23441.15,967732
1789983300,2026-09-21T15:05:00,23442.1,23442.9,23439.2,23441.3,1466807
1789983360,2026-09-21T15:06:00,23442,23443.3,23437.7,23438.5,1331761
1789983420,2026-09-21T15:07:00,23438.25,23440.8,23434.45,23435.85,1085157
1789983480,2026-09-21T15:08:00,23436.25,23437.45,23433.1,23435.8,1084229
1789983540,2026-09-21T15:09:00,23436,23441,23433.25,23437.65,1330179
1789983600,2026-09-21T15:10:00,23438.6,23441.3,23436.1,23437.35,1904777
1789983660,2026-09-21T15:11:00,23437.15,23440.1,23434.3,23435.85,1630730
1789983720,2026-09-21T15:12:00,23435.65,23439.05,23427.6,23429.3,3271118
1789983780,2026-09-21T15:13:00,23431.35,23439.3,23427.8,23435.45,1532664
1789983840,2026-09-21T15:14:00,23433.55,23437.1,23423.6,23428.9,926161
1789983900,2026-09-21T15:15:00,23429,23429,23429,23429,757
1789983960,2026-09-21T15:16:00,23429,23429,23429,23429,757
1789984020,2026-09-21T15:17:00,23429,23429,23429,23429,757
1789984080,2026-09-21T15:18:00,23429,23429,23429,23429,757
1789984140,2026-09-21T15:19:00,23429,23429,23429,23429,757
1789984200,2026-09-21T15:20:00,23429,23429,23429,23429,757
1789984260,2026-09-21T15:21:00,23429,23429,23429,23429,757
1789984320,2026-09-21T15:22:00,23429,23429,23429,23429,757
1789984380,2026-09-21T15:23:00,23429,23429,23429,23429,757
1789984440,2026-09-21T15:24:00,23429,23429,23429,23429,757
1789984500,2026-09-21T15:25:00,23429,23429,23429,23429,757
1789984560,2026-09-21T15:26:00,23429,23429,23429,23429,757
1789984620,2026-09-21T15:27:00,23429,23429,23429,23429,757
1789984680,2026-09-21T15:28:00,23429,23429,23414.3,23414.3,757
1789984740,2026-09-21T15:29:00,23414.3,23414.3,23414.3,23414.3,757
1790048700,2026-09-22T09:15:00,23454.05,23489,23448.65,23451.85,3109770
1790048760,2026-09-22T09:16:00,23454.5,23461.05,23434.05,23437.9,2565848
1790048820,2026-09-22T09:17:00,23440.05,23443.15,23434.55,23442.35,1239498
1790048880,2026-09-22T09:18:00,23442.95,23454.75,23441.4,23453.4,1136501
1790048940,2026-09-22T09:19:00,23454.4,23456,23445.7,23446.5,1411576
1790049000,2026-09-22T09:20:00,23446.9,23452,23436.45,23438.1,1836529
1790049060,2026-09-22T09:21:00,23440.55,23447.75,23438.1,23446.25,1219305
1790049120,2026-09-22T09:22:00,23448.05,23452.25,23445.15,23445.3,1070711
1790049180,2026-09-22T09:23:00,23447.25,23451.45,23443.05,23448,936556
1790049240,2026-09-22T09:24:00,23449.95,23453.5,23446.95,23447.75,858458
1790049300,2026-09-22T09:25:00,23449.5,23449.5,23437.55,23439.3,910177
1790049360,2026-09-22T09:26:00,23441.1,23441.1,23431.45,23432.15,1037356
1790049420,2026-09-22T09:27:00,23434.5,23434.5,23425.7,23431.8,689354
1790049480,2026-09-22T09:28:00,23433.55,23438.75,23431.65,23437.4,675558
1790049540,2026-09-22T09:29:00,23438.75,23447.25,23436.55,23445.95,1329747
1790049600,2026-09-22T09:30:00,23447.95,23453.9,23444.75,23446.55,1892851
1790049660,2026-09-22T09:31:00,23449.35,23452.8,23444.45,23450.85,1047169
1790049720,2026-09-22T09:32:00,23451.65,23452,23438.4,23439.25,996921
1790049780,2026-09-22T09:33:00,23441.6,23443.6,23435.35,23435.35,812238
1790049840,2026-09-22T09:34:00,23437.75,23439.7,23434.5,23436.35,610385
1790049900,2026-09-22T09:35:00,23438.7,23438.7,23433.7,23434.35,634404
1790049960,2026-09-22T09:36:00,23436.35,23438.45,23433.2,23435.5,610381
1790050020,2026-09-22T09:37:00,23436.85,23445.05,23434.5,23444.4,1083382
1790050080,2026-09-22T09:38:00,23446.15,23451.1,23442.55,23447.15,907332
1790050140,2026-09-22T09:39:00,23449,23453.75,23446.95,23451.7,1090754
1790050200,2026-09-22T09:40:00,23453.1,23453.1,23442.95,23448.05,808971
1790050260,2026-09-22T09:41:00,23449.6,23454.65,23447.5,23452.35,687148
1790050320,2026-09-22T09:42:00,23454.25,23457.45,23451.3,23456.6,440285
1790050380,2026-09-22T09:43:00,23456.7,23459.55,23450.7,23453.85,644732
1790050440,2026-09-22T09:44:00,23454,23457.15,23451.95,23456,638974
1790050500,2026-09-22T09:45:00,23456.25,23460.25,23453.35,23455.35,865157
1790050560,2026-09-22T09:46:00,23455.1,23460.9,23454.9,23459.6,796580
1790050620,2026-09-22T09:47:00,23459.8,23461.6,23458.25,23460,652250
1790050680,2026-09-22T09:48:00,23460.05,23464.55,23454.65,23455.75,708117
1790050740,2026-09-22T09:49:00,23456.2,23456.65,23452.7,23455.45,945780
1790050800,2026-09-22T09:50:00,23455.25,23460.85,23453.3,23459.85,647374
1790050860,2026-09-22T09:51:00,23459.5,23460.6,23452.85,23453.4,702659
1790050920,2026-09-22T09:52:00,23454,23459.35,23452.05,23458.15,764659
1790050980,2026-09-22T09:53:00,23457.75,23460.2,23455.4,23457.95,877302
1790051040,2026-09-22T09:54:00,23459.05,23461.85,23455.85,23457.1,530226
1790051100,2026-09-22T09:55:00,23457.45,23457.95,23450.35,23453.65,630604
1790051160,2026-09-22T09:56:00,23454,23459.35,23452.6,23454.95,873493
1790051220,2026-09-22T09:57:00,23455.7,23456.4,23449.55,23451.8,742305
1790051280,2026-09-22T09:58:00,23451.35,23457.55,23450.45,23456.7,664170
1790051340,2026-09-22T09:59:00,23457.25,23458.4,23454.5,23457.2,638285
1790051400,2026-09-22T10:00:00,23457.25,23462.45,23456.35,23461.65,493589
1790051460,2026-09-22T10:01:00,23461.45,23464.05,23458.35,23459.5,535808
1790051520,2026-09-22T10:02:00,23459.55,23460.8,23453.8,23455.15,530497
1790051580,2026-09-22T10:03:00,23455.6,23461.5,23454.35,23460.75,570344
1790051640,2026-09-22T10:04:00,23460.95,23465.1,23458.55,23461.1,443913
1790051700,2026-09-22T10:05:00,23461.05,23463.95,23459.05,23460.9,405454
1790051760,2026-09-22T10:06:00,23460.8,23462.1,23454,23454.4,494736
1790051820,2026-09-22T10:07:00,23454.3,23461.95,23453,23459.65,611898
1790051880,2026-09-22T10:08:00,23459.45,23465.25,23458.35,23464.65,543527
1790051940,2026-09-22T10:09:00,23464.35,23469.9,23462.75,23467.05,511300
1790052000,2026-09-22T10:10:00,23466.9,23470.45,23463.1,23465,555581
1790052060,2026-09-22T10:11:00,23464.9,23470.6,23463.6,23465.3,632754
1790052120,2026-09-22T10:12:00,23465.2,23465.95,23459.45,23462.75,595775
1790052180,2026-09-22T10:13:00,23462.6,23462.9,23457.6,23462,758707
1790052240,2026-09-22T10:14:00,23461.85,23466.25,23461.3,23465.2,570330
1790052300,2026-09-22T10:15:00,23465.1,23465.95,23457.1,23458.05,529982
1790052360,2026-09-22T10:16:00,23458.8,23459.3,23453.15,23456.15,524247
1790052420,2026-09-22T10:17:00,23456.15,23460.95,23454.55,23460.25,458333
1790052480,2026-09-22T10:18:00,23460.2,23461.75,23455.75,23460.65,631198
1790052540,2026-09-22T10:19:00,23460.8,23461.9,23457.8,23458.5,746233
1790052600,2026-09-22T10:20:00,23458.8,23460.35,23453.8,23454.1,414298
1790052660,2026-09-22T10:21:00,23454.65,23457,23447.4,23448,739032
1790052720,2026-09-22T10:22:00,23448.3,23448.3,23435.75,23437.7,859173
1790052780,2026-09-22T10:23:00,23437.65,23448.75,23436.8,23445.55,618177
1790052840,2026-09-22T10:24:00,23445.4,23446.55,23442.55,23444.1,480144
1790052900,2026-09-22T10:25:00,23444.05,23444.25,23436.9,23437.8,573784
1790052960,2026-09-22T10:26:00,23437.75,23438.7,23432.5,23433.5,521099
1790053020,2026-09-22T10:27:00,23433.35,23439.3,23431.35,23437.05,485293
1790053080,2026-09-22T10:28:00,23437,23440.35,23435.05,23440.3,490227
1790053140,2026-09-22T10:29:00,23438.6,23444.35,23437.3,23437.35,352296
1790053200,2026-09-22T10:30:00,23437.35,23439.75,23428.5,23429.1,459699
1790053260,2026-09-22T10:31:00,23429,23429,23421.8,23426.9,689514
1790053320,2026-09-22T10:32:00,23426.6,23427.2,23419.75,23420.2,475969
1790053380,2026-09-22T10:33:00,23419.9,23420.9,23414.2,23415.65,464942
1790053440,2026-09-22T10:34:00,23415.8,23424.45,23415.3,23422.25,613413
1790053500,2026-09-22T10:35:00,23422.25,23422.25,23408.9,23409.25,526709
1790053560,2026-09-22T10:36:00,23409.7,23413.4,23407.2,23411.75,474139
1790053620,2026-09-22T10:37:00,23411.8,23414.1,23408.75,23413.6,549577
1790053680,2026-09-22T10:38:00,23413.55,23413.6,23404.8,23406.25,416393
1790053740,2026-09-22T10:39:00,23406,23406.3,23398.6,23400.15,847160
1790053800,2026-09-22T10:40:00,23400.15,23411.3,23399.05,23405.8,477549
1790053860,2026-09-22T10:41:00,23406.15,23406.7,23387.8,23387.8,915397
1790053920,2026-09-22T10:42:00,23388.2,23388.3,23368.2,23385.7,1347868
1790053980,2026-09-22T10:43:00,23385.75,23394.05,23384.2,23392.4,583330
1790054040,2026-09-22T10:44:00,23393.25,23393.4,23382.3,23382.7,477014
1790054100,2026-09-22T10:45:00,23382.6,23383.3,23372.6,23374.65,639572
1790054160,2026-09-22T10:46:00,23374.7,23383.2,23374.1,23382.15,368412
1790054220,2026-09-22T10:47:00,23382.65,23385.7,23380.15,23384.45,375128
1790054280,2026-09-22T10:48:00,23384.9,23385.35,23378,23378.7,596860
1790054340,2026-09-22T10:49:00,23378.5,23383.1,23376.15,23376.75,578381
1790054400,2026-09-22T10:50:00,23377.1,23377.5,23366.9,23369.15,772608
1790054460,2026-09-22T10:51:00,23369,23373,23367.7,23371.7,394085
1790054520,2026-09-22T10:52:00,23371.8,23373.2,23363.5,23364.9,344493
1790054580,2026-09-22T10:53:00,23364.4,23367.3,23363,23366.15,543644
1790054640,2026-09-22T10:54:00,23366.05,23375.85,23365.6,23375.6,409450
1790054700,2026-09-22T10:55:00,23375.5,23378.8,23373.05,23378.25,430058
1790054760,2026-09-22T10:56:00,23378.3,23380.55,23375.2,23376.8,333451
1790054820,2026-09-22T10:57:00,23376.7,23384.45,23375.8,23381.85,435505
1790054880,2026-09-22T10:58:00,23382.75,23385.45,23378.2,23382.95,466022
1790054940,2026-09-22T10:59:00,23383,23390.75,23381.75,23388.55,658366
1790055000,2026-09-22T11:00:00,23389,23390,23381.4,23383.75,508203
1790055060,2026-09-22T11:01:00,23383.5,23385.2,23372.35,23376.35,1094546
1790055120,2026-09-22T11:02:00,23376.1,23379,23374.55,23374.65,881513
1790055180,2026-09-22T11:03:00,23375.15,23376.9,23370.25,23374.7,421996
1790055240,2026-09-22T11:04:00,23375.25,23378.05,23373.65,23374.85,408738
1790055300,2026-09-22T11:05:00,23374.95,23376.7,23368.75,23371.75,597394
1790055360,2026-09-22T11:06:00,23372.2,23376.65,23371.3,23376.4,533970
1790055420,2026-09-22T11:07:00,23376.4,23377.4,23371.5,23374.75,503926
1790055480,2026-09-22T11:08:00,23374.65,23376.1,23370.6,23373.7,518347
1790055540,2026-09-22T11:09:00,23374.05,23379,23372.55,23377.75,658356
1790055600,2026-09-22T11:10:00,23378.3,23383.55,23376.8,23381.85,499795
1790055660,2026-09-22T11:11:00,23382.25,23384.75,23380.45,23382.2,355517
1790055720,2026-09-22T11:12:00,23382.35,23384.1,23381.2,23383.15,568595
1790055780,2026-09-22T11:13:00,23383.6,23390.45,23382.2,23387.95,356723
1790055840,2026-09-22T11:14:00,23388.6,23395.1,23386.9,23393.3,486068
1790055900,2026-09-22T11:15:00,23393.45,23393.7,23389.3,23391.35,549179
1790055960,2026-09-22T11:16:00,23391.25,23396.9,23388.75,23394.25,613105
1790056020,2026-09-22T11:17:00,23394.3,23399.15,23393.55,23396.35,1020179
1790056080,2026-09-22T11:18:00,23396.85,23396.85,23390.9,23392.6,546681
1790056140,2026-09-22T11:19:00,23391.5,23391.85,23384.35,23385.2,542295
1790056200,2026-09-22T11:20:00,23385.55,23390.45,23384.5,23390.35,706013
1790056260,2026-09-22T11:21:00,23390.5,23394.25,23387.75,23392.4,609025
1790056320,2026-09-22T11:22:00,23392.45,23397.75,23392.15,23396.4,878906
1790056380,2026-09-22T11:23:00,23396.5,23398.8,23393.8,23394.75,777804
1790056440,2026-09-22T11:24:00,23395.15,23401.1,23394.2,23399.65,502580
1790056500,2026-09-22T11:25:00,23399.55,23404,23398.35,23399.65,444749
1790056560,2026-09-22T11:26:00,23400.3,23400.3,23395.35,23395.85,560319
1790056620,2026-09-22T11:27:00,23396.2,23398.9,23393.7,23394.7,682872
1790056680,2026-09-22T11:28:00,23394.5,23398.4,23392.95,23394.4,941701
1790056740,2026-09-22T11:29:00,23395.35,23397.15,23391.25,23392.15,515042
1790056800,2026-09-22T11:30:00,23392.85,23393.65,23384.55,23386.15,1336157
1790056860,2026-09-22T11:31:00,23386.6,23388.5,23381.45,23382.55,593439
1790056920,2026-09-22T11:32:00,23382.5,23382.75,23378.35,23382.55,357559
1790056980,2026-09-22T11:33:00,23382.55,23386.15,23380.65,23382.35,627403
1790057040,2026-09-22T11:34:00,23382.35,23384.65,23380.5,23380.65,696648
1790057100,2026-09-22T11:35:00,23380.7,23380.85,23372.7,23377.9,593340
1790057160,2026-09-22T11:36:00,23378.1,23380.9,23375.9,23379.35,541604
1790057220,2026-09-22T11:37:00,23380.1,23380.35,23375.3,23378.75,361356
1790057280,2026-09-22T11:38:00,23378.85,23381.45,23377.9,23378.95,925407
1790057340,2026-09-22T11:39:00,23379.35,23380.65,23369.95,23370.7,965336
1790057400,2026-09-22T11:40:00,23371.45,23375.8,23366.55,23373.7,580169
1790057460,2026-09-22T11:41:00,23374.35,23377.15,23372.75,23373.6,327217
1790057520,2026-09-22T11:42:00,23373.85,23375.35,23366.75,23367.9,394743
1790057580,2026-09-22T11:43:00,23368.05,23369.25,23365.85,23368.45,295067
1790057640,2026-09-22T11:44:00,23368.9,23373.85,23367.45,23371.4,495843
1790057700,2026-09-22T11:45:00,23371.8,23373.05,23369.8,23370.95,324311
1790057760,2026-09-22T11:46:00,23371.15,23371.2,23359.4,23361.2,744391
1790057820,2026-09-22T11:47:00,23361.3,23362.7,23357.1,23360.4,1546648
1790057880,2026-09-22T11:48:00,23360.4,23369.8,23358.85,23365.8,588526
1790057940,2026-09-22T11:49:00,23365.95,23367,23362,23363.8,464389
1790058000,2026-09-22T11:50:00,23363.95,23365.05,23360.5,23362.4,286242
1790058060,2026-09-22T11:51:00,23362.7,23363.3,23355.9,23357.35,470241
1790058120,2026-09-22T11:52:00,23357.45,23364.7,23355.3,23363.6,416724
1790058180,2026-09-22T11:53:00,23363.25,23363.55,23357.65,23359.15,294853
1790058240,2026-09-22T11:54:00,23359.35,23359.9,23351.95,23351.95,466829
1790058300,2026-09-22T11:55:00,23352.4,23352.4,23345.75,23348.6,616876
1790058360,2026-09-22T11:56:00,23348.85,23354.4,23341.5,23354.25,882748
1790058420,2026-09-22T11:57:00,23353.9,23355.7,23350.35,23354.1,545763
1790058480,2026-09-22T11:58:00,23354.45,23358.45,23352.05,23358.45,325267
1790058540,2026-09-22T11:59:00,23358.35,23361.15,23356.6,23361.05,365992
1790058600,2026-09-22T12:00:00,23360.85,23362.25,23356.1,23357.5,321991
1790058660,2026-09-22T12:01:00,23357.8,23358.4,23353.55,23356,976420
1790058720,2026-09-22T12:02:00,23356.1,23359.7,23354.45,23356,657522
1790058780,2026-09-22T12:03:00,23356.1,23361.35,23354.8,23361.1,443594
1790058840,2026-09-22T12:04:00,23361.15,23362.45,23358.25,23359.4,302539
1790058900,2026-09-22T12:05:00,23359.45,23362.45,23358.3,23362.45,297923
1790058960,2026-09-22T12:06:00,23362.45,23363.2,23357.6,23360.6,472995
1790059020,2026-09-22T12:07:00,23360.7,23360.7,23355.25,23358,460954
1790059080,2026-09-22T12:08:00,23358.05,23364.4,23356.55,23363.05,539486
1790059140,2026-09-22T12:09:00,23363.25,23365.65,23361.7,23365.15,410179
1790059200,2026-09-22T12:10:00,23365.1,23367.25,23361.75,23363.4,331547
1790059260,2026-09-22T12:11:00,23363.55,23363.7,23357.5,23359.55,636775
1790059320,2026-09-22T12:12:00,23359.3,23361.2,23358.1,23359.85,327256
1790059380,2026-09-22T12:13:00,23359.9,23361.65,23354.35,23355.4,351339
1790059440,2026-09-22T12:14:00,23355.95,23359.75,23354.5,23356.9,458000
1790059500,2026-09-22T12:15:00,23356.9,23357.05,23350,23351,507862
1790059560,2026-09-22T12:16:00,23351.5,23356.55,23350.5,23355.9,594135
1790059620,2026-09-22T12:17:00,23356.15,23359.8,23355.45,23359.75,234432
1790059680,2026-09-22T12:18:00,23359.7,23362.4,23358.15,23360.3,1039841
1790059740,2026-09-22T12:19:00,23360.2,23367.25,23358.5,23366.65,285792
1790059800,2026-09-22T12:20:00,23366.85,23368.1,23361.65,23361.85,348922
1790059860,2026-09-22T12:21:00,23362.15,23366.75,23361.4,23366.6,467905
1790059920,2026-09-22T12:22:00,23366.75,23367.2,23361.5,23363.3,529200
1790059980,2026-09-22T12:23:00,23363.8,23367.2,23361.45,23363.8,410158
1790060040,2026-09-22T12:24:00,23363.8,23364.45,23358.85,23360.85,583629
1790060100,2026-09-22T12:25:00,23361.05,23362.95,23358.9,23361.35,759852
1790060160,2026-09-22T12:26:00,23361.6,23365.7,23360.5,23363.6,788938
1790060220,2026-09-22T12:27:00,23363.75,23367.3,23356.25,23361.7,935202
1790060280,2026-09-22T12:28:00,23361.65,23365.4,23357.6,23363.9,754042
1790060340,2026-09-22T12:29:00,23364,23364.75,23356.25,23358.2,490785
1790060400,2026-09-22T12:30:00,23358.25,23358.4,23352.6,23353.85,348198
1790060460,2026-09-22T12:31:00,23353.95,23357.3,23352.15,23356.5,294177
1790060520,2026-09-22T12:32:00,23357.15,23361.75,23355.85,23360.6,519354
1790060580,2026-09-22T12:33:00,23360.65,23363.2,23358.7,23359.15,440717
1790060640,2026-09-22T12:34:00,23359.15,23363.85,23357.9,23363.55,512129
1790060700,2026-09-22T12:35:00,23362.75,23365.4,23361.2,23363.55,467333
1790060760,2026-09-22T12:36:00,23363.2,23363.25,23357.05,23359.75,1231633
1790060820,2026-09-22T12:37:00,23360.25,23360.45,23356.5,23359.25,821013
1790060880,2026-09-22T12:38:00,23359.25,23361.3,23357.8,23359.05,785082
1790060940,2026-09-22T12:39:00,23359.5,23361.15,23355.7,23358,539038
1790061000,2026-09-22T12:40:00,23358.7,23363.2,23355.15,23362.05,901879
1790061060,2026-09-22T12:41:00,23362.45,23362.6,23357.45,23359.65,816524
1790061120,2026-09-22T12:42:00,23359.7,23362.05,23357.6,23359.15,271072
1790061180,2026-09-22T12:43:00,23359.35,23361.6,23351.1,23352.4,279205
1790061240,2026-09-22T12:44:00,23353.45,23354.5,23344.45,23345.95,611633
1790061300,2026-09-22T12:45:00,23346.45,23347.1,23340.55,23342.85,848241
1790061360,2026-09-22T12:46:00,23342.8,23349.35,23341.45,23346.3,353943
1790061420,2026-09-22T12:47:00,23347,23350.15,23344.4,23347.55,506458
1790061480,2026-09-22T12:48:00,23347.65,23351.85,23346.45,23351.15,533386
1790061540,2026-09-22T12:49:00,23351.1,23353.65,23340.7,23342.75,957382
1790061600,2026-09-22T12:50:00,23342.8,23343.5,23333.55,23335.85,507368
1790061660,2026-09-22T12:51:00,23336,23339.65,23331.35,23334.5,476615
1790061720,2026-09-22T12:52:00,23334.8,23345.65,23333.2,23341.95,374827
1790061780,2026-09-22T12:53:00,23342.1,23343,23337.45,23338.35,307462
1790061840,2026-09-22T12:54:00,23338.5,23340.2,23333.8,23334.2,697776
1790061900,2026-09-22T12:55:00,23334.8,23335.2,23324.55,23325.8,532856
1790061960,2026-09-22T12:56:00,23326,23338.25,23325.1,23338.25,689960
1790062020,2026-09-22T12:57:00,23338.1,23339.1,23333.05,23334.1,541776
1790062080,2026-09-22T12:58:00,23334.35,23336.35,23332,23332.75,433582
1790062140,2026-09-22T12:59:00,23332.4,23334.4,23331.35,23332.1,302729
1790062200,2026-09-22T13:00:00,23332.3,23333.05,23319.1,23323.2,567323
1790062260,2026-09-22T13:01:00,23323.15,23334.45,23320.15,23333.25,787817
1790062320,2026-09-22T13:02:00,23333.75,23334.45,23323.75,23324.95,703310
1790062380,2026-09-22T13:03:00,23325.1,23325.1,23320.85,23323,338617
1790062440,2026-09-22T13:04:00,23323.4,23326.75,23322.15,23325.1,414749
1790062500,2026-09-22T13:05:00,23325.05,23329,23324,23328.75,276280
1790062560,2026-09-22T13:06:00,23328.25,23333.65,23327.2,23332.9,233593
1790062620,2026-09-22T13:07:00,23333.3,23339.9,23331.75,23338.3,325290
1790062680,2026-09-22T13:08:00,23338.7,23339.5,23335.45,23339.15,443184
1790062740,2026-09-22T13:09:00,23338.8,23341.75,23337.1,23340.9,351697
1790062800,2026-09-22T13:10:00,23341.25,23343,23339.35,23340.55,247014
1790062860,2026-09-22T13:11:00,23340.95,23341.55,23337.25,23337.8,362114
1790062920,2026-09-22T13:12:00,23337.95,23340.3,23336.6,23339.75,340393
1790062980,2026-09-22T13:13:00,23339.7,23339.7,23335.1,23336.9,339787
1790063040,2026-09-22T13:14:00,23336.7,23341.1,23336.2,23339.15,264653
1790063100,2026-09-22T13:15:00,23339.55,23344.05,23338.15,23339.8,305777
1790063160,2026-09-22T13:16:00,23339.45,23340.8,23336.25,23338.65,279560
1790063220,2026-09-22T13:17:00,23339,23339.7,23331.95,23333.1,503444
1790063280,2026-09-22T13:18:00,23333.5,23334.75,23329.25,23332.45,311246
1790063340,2026-09-22T13:19:00,23332.6,23336.85,23331.5,23334.65,251859
1790063400,2026-09-22T13:20:00,23335.1,23335.95,23329.35,23329.65,466332
1790063460,2026-09-22T13:21:00,23330.05,23331.95,23326.85,23328.65,674105
1790063520,2026-09-22T13:22:00,23328.55,23329.65,23326.05,23327.45,296759
1790063580,2026-09-22T13:23:00,23327.9,23329.35,23325.95,23327.3,324636
1790063640,2026-09-22T13:24:00,23327.15,23332.1,23325.7,23331.8,280965
1790063700,2026-09-22T13:25:00,23331.7,23334,23330,23332.6,363165
1790063760,2026-09-22T13:26:00,23332.3,23334.95,23329.15,23331,341963
1790063820,2026-09-22T13:27:00,23330.85,23336.25,23329.35,23335.5,374743
1790063880,2026-09-22T13:28:00,23335.65,23340.95,23335.2,23338.3,441934
1790063940,2026-09-22T13:29:00,23338.5,23341,23336.3,23339.85,373356
1790064000,2026-09-22T13:30:00,23339.95,23343,23338.35,23341.7,318362
1790064060,2026-09-22T13:31:00,23341.65,23344.95,23340.95,23343.1,307002
1790064120,2026-09-22T13:32:00,23342.85,23345,23340.35,23341.25,248905
1790064180,2026-09-22T13:33:00,23341.25,23344.35,23339.5,23342.45,234263
1790064240,2026-09-22T13:34:00,23342.25,23347.4,23342.25,23343.55,322140
1790064300,2026-09-22T13:35:00,23344.2,23347.1,23341.55,23345.55,430337
1790064360,2026-09-22T13:36:00,23345.65,23348.55,23343,23345.35,330629
1790064420,2026-09-22T13:37:00,23345.3,23347,23343.3,23345.95,276077
1790064480,2026-09-22T13:38:00,23346.2,23347.35,23342.1,23343.7,538162
1790064540,2026-09-22T13:39:00,23343.45,23346.75,23341.2,23344.85,367576
1790064600,2026-09-22T13:40:00,23344.9,23348.2,23343.8,23345.95,285278
1790064660,2026-09-22T13:41:00,23346,23348.65,23344.4,23345.55,265808
1790064720,2026-09-22T13:42:00,23345.85,23355.35,23345.25,23352.45,423741
1790064780,2026-09-22T13:43:00,23352.55,23353.05,23343.7,23346.4,346455
1790064840,2026-09-22T13:44:00,23346.05,23346.65,23338.4,23339.35,418747
1790064900,2026-09-22T13:45:00,23339.35,23339.35,23330.5,23331.6,560770
1790064960,2026-09-22T13:46:00,23332.05,23333.45,23328.55,23329.9,401553
1790065020,2026-09-22T13:47:00,23329.75,23336.8,23329.45,23334.25,302359
1790065080,2026-09-22T13:48:00,23334.2,23336.1,23327.9,23328.5,389069
1790065140,2026-09-22T13:49:00,23328.6,23329.25,23321.35,23328.8,420260
1790065200,2026-09-22T13:50:00,23328.6,23329.2,23323.85,23325,353859
1790065260,2026-09-22T13:51:00,23325.1,23326.7,23319.45,23320.4,821211
1790065320,2026-09-22T13:52:00,23321.1,23328.2,23319.3,23326.95,412093
1790065380,2026-09-22T13:53:00,23326.75,23327.8,23307.55,23308.1,550142
1790065440,2026-09-22T13:54:00,23308.15,23310.25,23299.25,23307.5,602469
1790065500,2026-09-22T13:55:00,23308,23319.85,23306.4,23311.05,450570
1790065560,2026-09-22T13:56:00,23310.85,23311.05,23304.2,23305.9,303746
1790065620,2026-09-22T13:57:00,23305.25,23308.5,23304.2,23305.8,323615
1790065680,2026-09-22T13:58:00,23305.5,23310.15,23303.1,23306.25,503331
1790065740,2026-09-22T13:59:00,23306.9,23309.8,23302.45,23305.2,547525
1790065800,2026-09-22T14:00:00,23305.05,23305.8,23285.75,23288.65,999919
1790065860,2026-09-22T14:01:00,23288.7,23302.1,23287.6,23302.1,659732
1790065920,2026-09-22T14:02:00,23301.95,23304.75,23296.45,23298.8,489698
1790065980,2026-09-22T14:03:00,23298.8,23303.4,23296.4,23297.65,450186
1790066040,2026-09-22T14:04:00,23298,23308.8,23295.7,23308.45,366815
1790066100,2026-09-22T14:05:00,23308.1,23311.8,23298.55,23299.55,498623
1790066160,2026-09-22T14:06:00,23300.05,23309,23296.1,23306.6,443301
1790066220,2026-09-22T14:07:00,23307.15,23308.5,23298.3,23298.4,334578
1790066280,2026-09-22T14:08:00,23298.4,23302.95,23297.35,23302.15,329547
1790066340,2026-09-22T14:09:00,23301.95,23313.05,23301.8,23312.85,396863
1790066400,2026-09-22T14:10:00,23313.25,23321.3,23312.8,23317.45,520072
1790066460,2026-09-22T14:11:00,23317.4,23326.2,23312.4,23325.75,473386
1790066520,2026-09-22T14:12:00,23325.95,23340.05,23322.5,23339.4,1414759
1790066580,2026-09-22T14:13:00,23339.7,23340.75,23331.75,23333.5,646206
1790066640,2026-09-22T14:14:00,23334.25,23383.9,23330.45,23382.6,1657213
1790066700,2026-09-22T14:15:00,23383.6,23402.3,23373.05,23373.95,1486260
1790066760,2026-09-22T14:16:00,23374.4,23376.55,23359.6,23376.55,1111771
1790066820,2026-09-22T14:17:00,23376.3,23386.5,23375.25,23385.45,715288
1790066880,2026-09-22T14:18:00,23385.25,23388.5,23377.6,23385,575097
1790066940,2026-09-22T14:19:00,23385.3,23386.8,23379.1,23384.45,579350
1790067000,2026-09-22T14:20:00,23383.3,23396.95,23383,23393.95,928468
1790067060,2026-09-22T14:21:00,23393.7,23403.1,23391.8,23393.35,1146064
1790067120,2026-09-22T14:22:00,23393.7,23400.9,23391.55,23395.7,981453
1790067180,2026-09-22T14:23:00,23395.5,23399.9,23388.7,23389.4,725460
1790067240,2026-09-22T14:24:00,23390.1,23393.2,23377.05,23379.05,724123
1790067300,2026-09-22T14:25:00,23379.2,23392.35,23378.1,23390.9,539336
1790067360,2026-09-22T14:26:00,23390.75,23394.85,23385.3,23393.1,622600
1790067420,2026-09-22T14:27:00,23393.7,23396.55,23386.35,23391.4,766557
1790067480,2026-09-22T14:28:00,23391.65,23391.85,23383.55,23391.35,496443
1790067540,2026-09-22T14:29:00,23391.15,23395.65,23388.6,23389.8,534536
1790067600,2026-09-22T14:30:00,23390.25,23392.95,23384.35,23390.5,588328
1790067660,2026-09-22T14:31:00,23390.25,23393.75,23386,23392.3,601357
1790067720,2026-09-22T14:32:00,23392.8,23397.65,23388.7,23394.1,897562
1790067780,2026-09-22T14:33:00,23394.6,23396.2,23385.25,23388.3,855412
1790067840,2026-09-22T14:34:00,23388.95,23388.95,23377.15,23381.3,715874
1790067900,2026-09-22T14:35:00,23381.2,23392.05,23379.95,23391.35,533369
1790067960,2026-09-22T14:36:00,23391.35,23396.45,23388.55,23394.9,465100
1790068020,2026-09-22T14:37:00,23395.45,23395.45,23383.35,23390.9,701501
1790068080,2026-09-22T14:38:00,23391,23392.05,23381.5,23384.1,457702
1790068140,2026-09-22T14:39:00,23384.35,23386.9,23382.7,23384.4,449190
1790068200,2026-09-22T14:40:00,23385.75,23389.4,23379.65,23380.8,517992
1790068260,2026-09-22T14:41:00,23381.05,23381.05,23373.4,23380.1,496690
1790068320,2026-09-22T14:42:00,23380.55,23380.55,23359.9,23367.65,751704
1790068380,2026-09-22T14:43:00,23368.55,23372.15,23366.6,23369.65,391199
1790068440,2026-09-22T14:44:00,23370.55,23376.35,23368.15,23369,507263
1790068500,2026-09-22T14:45:00,23369.15,23381.95,23367.6,23380.15,507028
1790068560,2026-09-22T14:46:00,23379.4,23380.85,23373.7,23378.1,583275
1790068620,2026-09-22T14:47:00,23378.35,23379.5,23373.3,23376.35,518625
1790068680,2026-09-22T14:48:00,23376.2,23379.2,23371.05,23375,464526
1790068740,2026-09-22T14:49:00,23374.55,23376.5,23371.2,23372.25,467127
1790068800,2026-09-22T14:50:00,23372.15,23382.4,23368.45,23382.3,1038178
1790068860,2026-09-22T14:51:00,23382.05,23383.5,23373.05,23373.5,1077643
1790068920,2026-09-22T14:52:00,23374.05,23379.9,23367.75,23379.05,1198555
1790068980,2026-09-22T14:53:00,23379.2,23380.4,23371.25,23372.75,1159486
1790069040,2026-09-22T14:54:00,23372.35,23381.05,23372.35,23378.3,805720
1790069100,2026-09-22T14:55:00,23378.55,23379.3,23368.1,23376.5,730554
1790069160,2026-09-22T14:56:00,23375.95,23377.7,23367.45,23370.25,978803
1790069220,2026-09-22T14:57:00,23370.65,23371.1,23365.9,23366.65,680388
1790069280,2026-09-22T14:58:00,23366.65,23367.45,23357.9,23360,1107556
1790069340,2026-09-22T14:59:00,23359.25,23359.25,23350.75,23357.9,872666
1790069400,2026-09-22T15:00:00,23357.7,23362.05,23355.1,23356.1,985868
1790069460,2026-09-22T15:01:00,23357.1,23364.2,23353.4,23361.45,1015166
1790069520,2026-09-22T15:02:00,23361.1,23365.3,23358.55,23359,1077541
1790069580,2026-09-22T15:03:00,23360.1,23360.4,23353.05,23359.25,1018296
1790069640,2026-09-22T15:04:00,23359.05,23362.7,23357.1,23358.25,846527
1790069700,2026-09-22T15:05:00,23357.7,23363.8,23356.5,23358.35,1316394
1790069760,2026-09-22T15:06:00,23357.95,23359.2,23352,23356.9,1245955
1790069820,2026-09-22T15:07:00,23356.4,23358.4,23351.6,23353.8,1265872
1790069880,2026-09-22T15:08:00,23353.95,23356,23349.7,23350.45,1097709
1790069940,2026-09-22T15:09:00,23350.75,23358.05,23348.55,23356.85,1689203
1790070000,2026-09-22T15:10:00,23357.4,23358.9,23352.4,23358.9,1922544
1790070060,2026-09-22T15:11:00,23358.6,23363.5,23356.1,23362.4,1599737
1790070120,2026-09-22T15:12:00,23362.05,23363.15,23350.65,23360.5,3221533
1790070180,2026-09-22T15:13:00,23361,23361.2,23349.7,23353.8,1734309
1790070240,2026-09-22T15:14:00,23353.45,23358.25,23346.7,23349.55,937532
1790070300,2026-09-22T15:15:00,23349.5,23349.5,23349.5,23349.5,1040
1790070360,2026-09-22T15:16:00,23349.5,23349.5,23349.5,23349.5,1040
1790070420,2026-09-22T15:17:00,23349.5,23349.5,23349.5,23349.5,1040
1790070480,2026-09-22T15:18:00,23349.5,23349.5,23349.5,23349.5,1040
1790070540,2026-09-22T15:19:00,23349.5,23349.5,23349.5,23349.5,1040
1790070600,2026-09-22T15:20:00,23349.5,23349.5,23349.5,23349.5,1040
1790070660,2026-09-22T15:21:00,23349.5,23349.5,23349.5,23349.5,1040
1790070720,2026-09-22T15:22:00,23349.5,23349.5,23349.5,23349.5,1040
1790070780,2026-09-22T15:23:00,23349.5,23349.5,23349.5,23349.5,1040
1790070840,2026-09-22T15:24:00,23349.5,23349.5,23349.5,23349.5,1040
1790070900,2026-09-22T15:25:00,23349.5,23349.5,23349.5,23349.5,1040
1790070960,2026-09-22T15:26:00,23349.5,23349.5,23349.5,23349.5,1040
1790071020,2026-09-22T15:27:00,23349.5,23349.5,23349.5,23349.5,1040
1790071080,2026-09-22T15:28:00,23349.5,23349.5,23329,23329,105794254
1790071140,2026-09-22T15:29:00,23329,23329,23329,23329,105794254
1790135100,2026-09-23T09:15:00,23352.15,23404.4,23351.75,23354.8,3130271
1790135160,2026-09-23T09:16:00,23356.3,23374.85,23355.3,23372.4,1979586
1790135220,2026-09-23T09:17:00,23373.85,23392.65,23372.7,23391.45,1489327
1790135280,2026-09-23T09:18:00,23392.55,23404.9,23390.75,23391.95,1216464
1790135340,2026-09-23T09:19:00,23394.15,23409.8,23391.2,23406.35,965891
1790135400,2026-09-23T09:20:00,23407.85,23413.2,23405.75,23407.25,1218725
1790135460,2026-09-23T09:21:00,23410.1,23414.55,23407.3,23409.1,1201044
1790135520,2026-09-23T09:22:00,23411.4,23412.65,23400.2,23402.05,908374
1790135580,2026-09-23T09:23:00,23402.45,23404.45,23394.55,23396.35,678202
1790135640,2026-09-23T09:24:00,23396.85,23396.9,23389.2,23390.25,1189205
1790135700,2026-09-23T09:25:00,23391.15,23392.35,23376.3,23380.9,1208613
1790135760,2026-09-23T09:26:00,23383.1,23384.5,23375.75,23375.9,591346
1790135820,2026-09-23T09:27:00,23377.6,23379.85,23373.65,23374.75,909659
1790135880,2026-09-23T09:28:00,23375.25,23378.65,23367.7,23369.5,656739
1790135940,2026-09-23T09:29:00,23371.1,23374.75,23366.25,23367.85,526564
1790136000,2026-09-23T09:30:00,23369.3,23373.45,23368.5,23372.45,847820
1790136060,2026-09-23T09:31:00,23373.55,23373.65,23363.85,23364.6,825455
1790136120,2026-09-23T09:32:00,23366.25,23369.05,23364.4,23366.3,565204
1790136180,2026-09-23T09:33:00,23368.4,23369.9,23364.95,23367.3,612182
1790136240,2026-09-23T09:34:00,23369.05,23373.5,23366.35,23373.5,545551
1790136300,2026-09-23T09:35:00,23374.35,23380,23367.55,23370.05,1133796
1790136360,2026-09-23T09:36:00,23371.75,23375.65,23362.7,23369.15,842090
1790136420,2026-09-23T09:37:00,23370,23374.55,23369.15,23374.5,922308
1790136480,2026-09-23T09:38:00,23375,23376.75,23373.6,23374.15,489457
1790136540,2026-09-23T09:39:00,23376.75,23377.8,23367.6,23369.75,389648
1790136600,2026-09-23T09:40:00,23370.95,23380.7,23370.95,23376.8,390335
1790136660,2026-09-23T09:41:00,23377.6,23379,23375.45,23376.65,569249
1790136720,2026-09-23T09:42:00,23378.05,23380,23376.05,23379.45,345826
1790136780,2026-09-23T09:43:00,23380.9,23381.1,23377.75,23379.55,466852
1790136840,2026-09-23T09:44:00,23380.5,23381.35,23375,23378,529639
1790136900,2026-09-23T09:45:00,23380.45,23386.05,23379.35,23381.85,575753
1790136960,2026-09-23T09:46:00,23382.45,23383.15,23380.55,23382.1,466283
1790137020,2026-09-23T09:47:00,23383.4,23386.45,23381.5,23386.45,436008
1790137080,2026-09-23T09:48:00,23386.45,23388.8,23372.45,23372.85,825823
1790137140,2026-09-23T09:49:00,23374.45,23374.45,23358.85,23364.95,625846
1790137200,2026-09-23T09:50:00,23366.15,23369,23363.15,23364.1,560216
1790137260,2026-09-23T09:51:00,23365.95,23365.95,23359.65,23362.65,647673
1790137320,2026-09-23T09:52:00,23363.35,23364.6,23360.05,23362,386772
1790137380,2026-09-23T09:53:00,23363.8,23368.6,23359.5,23359.65,829309
1790137440,2026-09-23T09:54:00,23361.7,23361.7,23349.55,23352.6,616282
1790137500,2026-09-23T09:55:00,23353.75,23359,23351.85,23357.55,560907
1790137560,2026-09-23T09:56:00,23358.95,23367.5,23358.25,23366.5,412506
1790137620,2026-09-23T09:57:00,23367.35,23373.8,23366.8,23370.55,433180
1790137680,2026-09-23T09:58:00,23372.25,23372.3,23367.25,23371.35,618752
1790137740,2026-09-23T09:59:00,23372.15,23377.5,23371.15,23377.05,433078
1790137800,2026-09-23T10:00:00,23377.85,23384,23376.6,23380.3,501107
1790137860,2026-09-23T10:01:00,23380.8,23380.8,23376.05,23376.05,270295
1790137920,2026-09-23T10:02:00,23378.35,23378.75,23370.35,23373.3,415885
1790137980,2026-09-23T10:03:00,23375,23376.9,23371.65,23376.75,489433
1790138040,2026-09-23T10:04:00,23378.6,23378.7,23374.95,23376.65,488772
1790138100,2026-09-23T10:05:00,23378.05,23380.45,23376.1,23377.75,563566
1790138160,2026-09-23T10:06:00,23380.7,23381.3,23377.65,23378.5,577070
1790138220,2026-09-23T10:07:00,23379.65,23379.65,23372.55,23373,618562
1790138280,2026-09-23T10:08:00,23373.7,23376.4,23371.15,23372.45,459383
1790138340,2026-09-23T10:09:00,23373.9,23373.9,23366.7,23366.85,335691
1790138400,2026-09-23T10:10:00,23369,23369.9,23365.25,23366.9,674546
1790138460,2026-09-23T10:11:00,23367.7,23367.7,23357.45,23357.9,607392
1790138520,2026-09-23T10:12:00,23360.15,23362.2,23355.6,23358.85,530378
1790138580,2026-09-23T10:13:00,23360.25,23366.15,23358.95,23364.7,386940
1790138640,2026-09-23T10:14:00,23365.8,23367.05,23363.15,23364.85,379073
1790138700,2026-09-23T10:15:00,23366.35,23375.25,23365.85,23374.45,665856
1790138760,2026-09-23T10:16:00,23376.45,23382.05,23375.45,23378.85,470423
1790138820,2026-09-23T10:17:00,23380.95,23388.9,23379.05,23385.45,345023
1790138880,2026-09-23T10:18:00,23387.45,23395.5,23385.35,23392.5,480095
1790138940,2026-09-23T10:19:00,23392.55,23393.9,23387.95,23393.25,263997
1790139000,2026-09-23T10:20:00,23394.05,23400,23391.35,23394.85,475021
1790139060,2026-09-23T10:21:00,23395.3,23397.4,23393.45,23394.85,292263
1790139120,2026-09-23T10:22:00,23396.1,23396.1,23390.15,23390.55,324185
1790139180,2026-09-23T10:23:00,23391.75,23394.75,23390.3,23393.85,377354
1790139240,2026-09-23T10:24:00,23395.75,23396.65,23391.95,23393.1,251509
1790139300,2026-09-23T10:25:00,23394.35,23394.35,23387.95,23389.4,288559
1790139360,2026-09-23T10:26:00,23390.75,23392.95,23387.9,23391.7,533754
1790139420,2026-09-23T10:27:00,23393.4,23397.6,23391.75,23396.45,658961
1790139480,2026-09-23T10:28:00,23397.7,23401.15,23396.15,23397.8,378320
1790139540,2026-09-23T10:29:00,23400.2,23400.6,23396.9,23398.4,391148
1790139600,2026-09-23T10:30:00,23399.35,23401.15,23398.5,23400.05,317155
1790139660,2026-09-23T10:31:00,23401.4,23403.55,23399.9,23400.6,492494
1790139720,2026-09-23T10:32:00,23401.85,23402.2,23399.75,23401.3,311403
1790139780,2026-09-23T10:33:00,23402.8,23404.3,23399.8,23402.75,403673
1790139840,2026-09-23T10:34:00,23404.2,23404.2,23398.5,23399.75,406180
1790139900,2026-09-23T10:35:00,23400.65,23402.25,23395.85,23396.2,688553
1790139960,2026-09-23T10:36:00,23398.7,23404.8,23397.15,23404.05,834636
1790140020,2026-09-23T10:37:00,23405.55,23408.3,23403.2,23407.8,550287
1790140080,2026-09-23T10:38:00,23409.45,23411.35,23407.75,23409.9,389226
1790140140,2026-09-23T10:39:00,23411.55,23412.25,23409.4,23410.2,500516
1790140200,2026-09-23T10:40:00,23411.85,23411.85,23406.45,23410.1,603259
1790140260,2026-09-23T10:41:00,23412.05,23412.05,23406.3,23408,529554
1790140320,2026-09-23T10:42:00,23408.8,23409.55,23406.15,23408.05,617447
1790140380,2026-09-23T10:43:00,23409.15,23409.2,23406.35,23409,422013
1790140440,2026-09-23T10:44:00,23410.4,23413.7,23408.15,23412.8,310176
1790140500,2026-09-23T10:45:00,23414.15,23418.25,23411.1,23416.85,616604
1790140560,2026-09-23T10:46:00,23418.1,23419.7,23415.35,23417,648339
1790140620,2026-09-23T10:47:00,23417.9,23419.15,23415.8,23418.35,476963
1790140680,2026-09-23T10:48:00,23419.8,23421.3,23417.5,23419.65,590383
1790140740,2026-09-23T10:49:00,23421.3,23421.5,23415.1,23416.7,4516863
1790140800,2026-09-23T10:50:00,23417.4,23419.25,23415.8,23417.75,490369
1790140860,2026-09-23T10:51:00,23419.05,23419.9,23413.85,23414.15,527030
1790140920,2026-09-23T10:52:00,23416,23417.45,23413.55,23415.65,518981
1790140980,2026-09-23T10:53:00,23416.55,23419.6,23413.45,23418.65,998715
1790141040,2026-09-23T10:54:00,23420.25,23420.75,23416.05,23416.75,416458
1790141100,2026-09-23T10:55:00,23418.1,23419.75,23415.8,23418.35,710289
1790141160,2026-09-23T10:56:00,23420.8,23424,23418.6,23420.3,649387
1790141220,2026-09-23T10:57:00,23421.95,23423.3,23416.45,23418.2,475134
1790141280,2026-09-23T10:58:00,23419.75,23419.75,23414.95,23415.55,510056
1790141340,2026-09-23T10:59:00,23417.4,23417.5,23412.5,23415.5,420192
1790141400,2026-09-23T11:00:00,23416.35,23418,23413.65,23417.05,837905
1790141460,2026-09-23T11:01:00,23418.55,23419.7,23415.9,23417.8,475737
1790141520,2026-09-23T11:02:00,23419.15,23420.05,23417.55,23418.25,330877
1790141580,2026-09-23T11:03:00,23420.25,23420.75,23417.7,23418.1,868587
1790141640,2026-09-23T11:04:00,23419.35,23420.2,23413.85,23417.35,1060894
1790141700,2026-09-23T11:05:00,23419.75,23422.9,23416.15,23421.8,736021
1790141760,2026-09-23T11:06:00,23423.95,23430.6,23422.05,23429.3,967931
1790141820,2026-09-23T11:07:00,23430.75,23432.6,23427.8,23430.75,826835
1790141880,2026-09-23T11:08:00,23432.05,23432.05,23425.05,23426.65,863182
1790141940,2026-09-23T11:09:00,23428.9,23428.9,23424.5,23427,639942
1790142000,2026-09-23T11:10:00,23428.65,23432.55,23426.1,23430.8,888913
1790142060,2026-09-23T11:11:00,23432.95,23433.55,23428.55,23429.85,882717
1790142120,2026-09-23T11:12:00,23431.25,23435.6,23428.75,23434.95,338189
1790142180,2026-09-23T11:13:00,23436.3,23441.25,23433.75,23436.4,379608
1790142240,2026-09-23T11:14:00,23438.6,23438.75,23435.45,23435.95,367590
1790142300,2026-09-23T11:15:00,23437.4,23437.4,23428.45,23429.45,440504
1790142360,2026-09-23T11:16:00,23430.75,23430.8,23426.05,23427.25,618584
1790142420,2026-09-23T11:17:00,23429.3,23429.95,23422.3,23422.8,378896
1790142480,2026-09-23T11:18:00,23424.45,23424.45,23420.1,23422.5,386268
1790142540,2026-09-23T11:19:00,23424,23426.15,23421.55,23422.6,451575
1790142600,2026-09-23T11:20:00,23424.45,23430.4,23422.35,23429.55,383379
1790142660,2026-09-23T11:21:00,23431.35,23431.4,23425.2,23426.5,420418
1790142720,2026-09-23T11:22:00,23428.55,23430.05,23426.35,23427.75,568819
1790142780,2026-09-23T11:23:00,23428.45,23429.2,23426.65,23427.55,417534
1790142840,2026-09-23T11:24:00,23428.95,23428.95,23426.1,23427.3,335990
1790142900,2026-09-23T11:25:00,23429.05,23431.05,23426.15,23429.3,431808
1790142960,2026-09-23T11:26:00,23431.1,23435.05,23429.5,23432.3,647049
1790143020,2026-09-23T11:27:00,23434.9,23435.55,23428.5,23429.35,384335
1790143080,2026-09-23T11:28:00,23430.95,23430.95,23423.85,23426,462423
1790143140,2026-09-23T11:29:00,23426.9,23428.85,23425.35,23427.8,457917
1790143200,2026-09-23T11:30:00,23429,23436.65,23427.05,23435.3,452742
1790143260,2026-09-23T11:31:00,23436.95,23437.2,23433.05,23435.3,822519
1790143320,2026-09-23T11:32:00,23437.75,23442.05,23435.95,23441.05,1019824
1790143380,2026-09-23T11:33:00,23442.1,23442.8,23438.6,23442.6,579802
1790143440,2026-09-23T11:34:00,23443.95,23445.9,23438.95,23440.4,398238
1790143500,2026-09-23T11:35:00,23441.5,23441.5,23433.35,23434.65,1117960
1790143560,2026-09-23T11:36:00,23435.95,23439,23433.8,23437.75,600001
1790143620,2026-09-23T11:37:00,23439.2,23442.45,23438.3,23440.25,443808
1790143680,2026-09-23T11:38:00,23441.15,23441.15,23436.9,23440.1,574483
1790143740,2026-09-23T11:39:00,23441.3,23441.3,23434.9,23436.65,720687
1790143800,2026-09-23T11:40:00,23438.65,23439.15,23434.55,23436.25,484091
1790143860,2026-09-23T11:41:00,23437.65,23440.5,23435.65,23436.95,555695
1790143920,2026-09-23T11:42:00,23439.15,23439.2,23434.75,23435.95,580303
1790143980,2026-09-23T11:43:00,23437.25,23438.9,23435.5,23438.7,483192
1790144040,2026-09-23T11:44:00,23438.95,23439.1,23435.6,23438.55,646209
1790144100,2026-09-23T11:45:00,23439.9,23443.2,23438.55,23439.4,794824
1790144160,2026-09-23T11:46:00,23441.05,23442,23437.95,23440.85,409237
1790144220,2026-09-23T11:47:00,23442.4,23443.9,23440.15,23443.4,444990
1790144280,2026-09-23T11:48:00,23444.4,23444.4,23435.8,23438.4,461616
1790144340,2026-09-23T11:49:00,23439.9,23441.55,23434.2,23434.55,395107
1790144400,2026-09-23T11:50:00,23436.05,23436.35,23426.6,23429,424660
1790144460,2026-09-23T11:51:00,23430.9,23431.9,23426.9,23427.95,1064656
1790144520,2026-09-23T11:52:00,23429.35,23431.45,23426.4,23430.25,387027
1790144580,2026-09-23T11:53:00,23432.45,23432.8,23427.95,23428.7,232240
1790144640,2026-09-23T11:54:00,23430.15,23431.25,23427.1,23427.6,622606
1790144700,2026-09-23T11:55:00,23430,23430.55,23426.5,23427.55,634465
1790144760,2026-09-23T11:56:00,23429.3,23430.8,23425.9,23429.9,388936
1790144820,2026-09-23T11:57:00,23430.45,23431.1,23424.3,23424.7,400554
1790144880,2026-09-23T11:58:00,23426.9,23428.3,23424.65,23426.55,322620
1790144940,2026-09-23T11:59:00,23427.7,23430.1,23425.9,23428.95,508793
1790145000,2026-09-23T12:00:00,23431.2,23433.35,23429.35,23432.5,905212
1790145060,2026-09-23T12:01:00,23433.15,23439.7,23431.8,23439.4,550014
1790145120,2026-09-23T12:02:00,23439.75,23444,23438.45,23443.35,576027
1790145180,2026-09-23T12:03:00,23445.1,23448.8,23443,23447.9,1254397
1790145240,2026-09-23T12:04:00,23449.3,23449.8,23445.25,23448.05,971225
1790145300,2026-09-23T12:05:00,23448.8,23451.05,23446.7,23448.6,691332
1790145360,2026-09-23T12:06:00,23449.65,23455.4,23448.1,23454.55,538444
1790145420,2026-09-23T12:07:00,23456,23456.25,23447.5,23447.85,650206
1790145480,2026-09-23T12:08:00,23450.9,23450.9,23446.95,23447.65,976302
1790145540,2026-09-23T12:09:00,23449.6,23449.6,23444.9,23448.4,936343
1790145600,2026-09-23T12:10:00,23449.15,23454.55,23447.45,23454.25,1321774
1790145660,2026-09-23T12:11:00,23454.95,23457.45,23451.85,23454.6,916039
1790145720,2026-09-23T12:12:00,23456.4,23458.25,23454.6,23458.1,734181
1790145780,2026-09-23T12:13:00,23459.05,23462.9,23455.65,23458.85,526712
1790145840,2026-09-23T12:14:00,23459.8,23461.95,23456.8,23458.1,534365
1790145900,2026-09-23T12:15:00,23459.4,23459.5,23455.95,23458.05,328495
1790145960,2026-09-23T12:16:00,23459.5,23460.2,23455.1,23457.1,529595
1790146020,2026-09-23T12:17:00,23459.35,23461,23456,23456.5,405731
1790146080,2026-09-23T12:18:00,23457.85,23460.85,23454.75,23460.65,602651
1790146140,2026-09-23T12:19:00,23461.9,23463.8,23457.5,23462.55,449110
1790146200,2026-09-23T12:20:00,23465.35,23466.9,23460.05,23462.85,481575
1790146260,2026-09-23T12:21:00,23463.95,23464,23459.15,23460.15,498213
1790146320,2026-09-23T12:22:00,23462.25,23462.25,23457.25,23458.6,512136
1790146380,2026-09-23T12:23:00,23461.15,23461.15,23454.5,23455.3,398398
1790146440,2026-09-23T12:24:00,23457.35,23457.35,23451.55,23453.7,633427
1790146500,2026-09-23T12:25:00,23455.8,23456.4,23448.6,23450.4,1053184
1790146560,2026-09-23T12:26:00,23451.85,23452.85,23448.3,23448.6,472523
1790146620,2026-09-23T12:27:00,23449.3,23455.3,23447.05,23453.3,445411
1790146680,2026-09-23T12:28:00,23454.35,23456.45,23451.85,23452.95,423526
1790146740,2026-09-23T12:29:00,23454.3,23454.7,23448.1,23449.5,559890
1790146800,2026-09-23T12:30:00,23451.15,23452.95,23448.15,23449.15,528128
1790146860,2026-09-23T12:31:00,23449.9,23450.65,23444.85,23445.3,391108
1790146920,2026-09-23T12:32:00,23447.5,23447.95,23443.7,23446.15,258571
1790146980,2026-09-23T12:33:00,23447.4,23450.7,23445.6,23449.4,290971
1790147040,2026-09-23T12:34:00,23451.1,23451.15,23447.85,23449.1,287661
1790147100,2026-09-23T12:35:00,23450.7,23456.05,23449.4,23452.7,450836
1790147160,2026-09-23T12:36:00,23454,23454,23449.25,23449.45,475530
1790147220,2026-09-23T12:37:00,23450.45,23452.45,23448.25,23449.35,461468
1790147280,2026-09-23T12:38:00,23451,23451,23448.05,23450.5,299005
1790147340,2026-09-23T12:39:00,23451.5,23451.8,23447.5,23450.45,493061
1790147400,2026-09-23T12:40:00,23451.4,23452.4,23449.65,23451.1,347428
1790147460,2026-09-23T12:41:00,23452.65,23453.25,23450.95,23451.2,342169
1790147520,2026-09-23T12:42:00,23452.3,23452.6,23450.35,23452.45,394186
1790147580,2026-09-23T12:43:00,23453,23453,23447.7,23449.05,291364
1790147640,2026-09-23T12:44:00,23449.7,23452.15,23447.8,23448.85,359298
1790147700,2026-09-23T12:45:00,23449.85,23451.5,23446.8,23449.6,340957
1790147760,2026-09-23T12:46:00,23450.95,23450.95,23443.25,23444.85,289107
1790147820,2026-09-23T12:47:00,23445,23446.35,23442.25,23443.3,487610
1790147880,2026-09-23T12:48:00,23444.2,23445,23440.45,23443.75,385749
1790147940,2026-09-23T12:49:00,23444.85,23447.2,23442.85,23446.5,570846
1790148000,2026-09-23T12:50:00,23447.8,23449.5,23445.35,23448.85,409346
1790148060,2026-09-23T12:51:00,23449.55,23452.05,23446.55,23448.3,340963
1790148120,2026-09-23T12:52:00,23449.25,23450.55,23445.75,23449.55,946300
1790148180,2026-09-23T12:53:00,23450.8,23451.2,23444.6,23445.95,949068
1790148240,2026-09-23T12:54:00,23446.3,23446.8,23442.55,23444.5,504832
1790148300,2026-09-23T12:55:00,23446.05,23447.85,23443,23443.85,1091424
1790148360,2026-09-23T12:56:00,23444.9,23448.2,23442.7,23446.35,616721
1790148420,2026-09-23T12:57:00,23448.3,23450.1,23445.15,23448.45,491839
1790148480,2026-09-23T12:58:00,23449.6,23452,23446.75,23450.15,332109
1790148540,2026-09-23T12:59:00,23451.75,23454.05,23450.05,23453,295601
1790148600,2026-09-23T13:00:00,23454.05,23454.05,23449.6,23452.35,334798
1790148660,2026-09-23T13:01:00,23453.2,23455.45,23450.15,23451.65,333390
1790148720,2026-09-23T13:02:00,23452.45,23456.15,23451.1,23455.65,538270
1790148780,2026-09-23T13:03:00,23456.1,23458.4,23453.85,23457.25,519752
1790148840,2026-09-23T13:04:00,23457.65,23458.55,23453.85,23455.7,314461
1790148900,2026-09-23T13:05:00,23456.15,23457.8,23448.65,23451.15,343455
1790148960,2026-09-23T13:06:00,23451.95,23452.9,23448.45,23451.3,335335
1790149020,2026-09-23T13:07:00,23451.9,23456.9,23450.45,23455.75,343725
1790149080,2026-09-23T13:08:00,23456.95,23458.6,23454.05,23455.3,428190
1790149140,2026-09-23T13:09:00,23455.55,23455.75,23448,23448.75,654735
1790149200,2026-09-23T13:10:00,23450.4,23451.25,23446.1,23447.7,438589
1790149260,2026-09-23T13:11:00,23448.35,23448.35,23440.8,23443.9,560540
1790149320,2026-09-23T13:12:00,23444.65,23448.6,23443.05,23445.25,406158
1790149380,2026-09-23T13:13:00,23446.05,23446.15,23441.95,23443.65,321883
1790149440,2026-09-23T13:14:00,23445.1,23446.85,23441.75,23446.3,360556
1790149500,2026-09-23T13:15:00,23446.75,23448,23444.3,23447.6,418271
1790149560,2026-09-23T13:16:00,23448.3,23450.5,23446.55,23449.35,379471
1790149620,2026-09-23T13:17:00,23450.3,23451.35,23445.6,23447.35,920834
1790149680,2026-09-23T13:18:00,23448.1,23450.2,23445.45,23446.9,959831
1790149740,2026-09-23T13:19:00,23447.8,23449,23446,23447.65,333988
1790149800,2026-09-23T13:20:00,23449.15,23449.15,23446.4,23448.3,310367
1790149860,2026-09-23T13:21:00,23448.9,23449.35,23446.3,23447.4,903322
1790149920,2026-09-23T13:22:00,23448.9,23452.1,23446.75,23449.35,1000771
1790149980,2026-09-23T13:23:00,23450.75,23452.65,23448.25,23451.95,373008
1790150040,2026-09-23T13:24:00,23452.65,23452.75,23449.8,23450.85,713893
1790150100,2026-09-23T13:25:00,23451.8,23453.55,23449.4,23450.35,509468
1790150160,2026-09-23T13:26:00,23451.75,23453.75,23449.2,23450.95,717448
1790150220,2026-09-23T13:27:00,23452.45,23453.45,23447.35,23448.2,424711
1790150280,2026-09-23T13:28:00,23449.75,23449.75,23445.9,23447.75,403215
1790150340,2026-09-23T13:29:00,23448.65,23450,23438.45,23439.4,745946
1790150400,2026-09-23T13:30:00,23440.1,23440.75,23434.3,23435.7,593584
1790150460,2026-09-23T13:31:00,23436.35,23437.25,23430.05,23431,557460
1790150520,2026-09-23T13:32:00,23432.6,23435.1,23428.95,23429.6,361910
1790150580,2026-09-23T13:33:00,23430.65,23432.75,23426.9,23426.9,343321
1790150640,2026-09-23T13:34:00,23428.75,23428.8,23424.55,23424.55,620466
1790150700,2026-09-23T13:35:00,23426.65,23426.65,23418.35,23418.65,526722
1790150760,2026-09-23T13:36:00,23420.15,23420.85,23417.6,23419.85,495101
1790150820,2026-09-23T13:37:00,23421.2,23426.45,23419.5,23425.05,370967
1790150880,2026-09-23T13:38:00,23426.1,23426.7,23421.3,23423.3,420198
1790150940,2026-09-23T13:39:00,23425.25,23426.4,23422.9,23424.95,349876
1790151000,2026-09-23T13:40:00,23426.3,23427.3,23423.15,23425.2,362676
1790151060,2026-09-23T13:41:00,23426.95,23427.6,23424.2,23427.6,330905
1790151120,2026-09-23T13:42:00,23428.8,23431.25,23427.1,23429.2,438688
1790151180,2026-09-23T13:43:00,23430,23430.55,23427.85,23429.7,364341
1790151240,2026-09-23T13:44:00,23431.4,23431.4,23427.95,23431.05,341142
1790151300,2026-09-23T13:45:00,23432.1,23432.15,23430.45,23431.45,274165
1790151360,2026-09-23T13:46:00,23432.5,23432.5,23428.45,23429.3,296644
1790151420,2026-09-23T13:47:00,23430.7,23431.45,23426.7,23427.95,311704
1790151480,2026-09-23T13:48:00,23428.8,23429.8,23426.75,23429.4,219167
1790151540,2026-09-23T13:49:00,23430.15,23431.25,23428.3,23430.8,453038
1790151600,2026-09-23T13:50:00,23431.4,23431.5,23428.95,23429.45,288611
1790151660,2026-09-23T13:51:00,23430.75,23430.75,23424.5,23425,442094
1790151720,2026-09-23T13:52:00,23425.7,23426.55,23422.65,23423.3,389165
1790151780,2026-09-23T13:53:00,23424.5,23427.35,23422.2,23426.05,397784
1790151840,2026-09-23T13:54:00,23427.15,23428.1,23425.55,23428,292748
1790151900,2026-09-23T13:55:00,23428.3,23430.35,23426.8,23427.8,318834
1790151960,2026-09-23T13:56:00,23428.55,23428.55,23423.4,23424.65,397399
1790152020,2026-09-23T13:57:00,23425.35,23425.65,23422.4,23424.4,271734
1790152080,2026-09-23T13:58:00,23425.65,23425.65,23422.15,23424.05,485643
1790152140,2026-09-23T13:59:00,23425.5,23426.55,23423.8,23426.55,420271
1790152200,2026-09-23T14:00:00,23427.05,23430.5,23425.95,23428.85,364488
1790152260,2026-09-23T14:01:00,23429.65,23430.25,23427.5,23428.45,242463
1790152320,2026-09-23T14:02:00,23429.9,23432.05,23428,23429.6,313339
1790152380,2026-09-23T14:03:00,23431.3,23437.65,23430.55,23435,372977
1790152440,2026-09-23T14:04:00,23436.55,23436.8,23432.95,23435.1,436787
1790152500,2026-09-23T14:05:00,23435.5,23437.65,23433.9,23435.1,486819
1790152560,2026-09-23T14:06:00,23436.65,23438.4,23434.4,23437.8,579791
1790152620,2026-09-23T14:07:00,23438.55,23441.75,23434.8,23440.15,541175
1790152680,2026-09-23T14:08:00,23441,23441,23438.1,23440,454832
1790152740,2026-09-23T14:09:00,23440.95,23443.05,23439.05,23442.8,376179
1790152800,2026-09-23T14:10:00,23443.7,23445.7,23441.15,23444.55,407950
1790152860,2026-09-23T14:11:00,23445.8,23449.2,23444.45,23448.25,366452
1790152920,2026-09-23T14:12:00,23449.5,23451.45,23447.95,23450.75,327289
1790152980,2026-09-23T14:13:00,23450.6,23451.15,23448.5,23449.65,276063
1790153040,2026-09-23T14:14:00,23450.8,23451.9,23447.7,23451.65,583847
1790153100,2026-09-23T14:15:00,23452.55,23452.75,23448.75,23449.15,400314
1790153160,2026-09-23T14:16:00,23450.1,23450.1,23445.85,23446.6,369411
1790153220,2026-09-23T14:17:00,23448.05,23448.05,23444.05,23445.1,322025
1790153280,2026-09-23T14:18:00,23446.3,23446.3,23443.45,23445.1,329259
1790153340,2026-09-23T14:19:00,23446.5,23446.65,23443.1,23444.1,433439
1790153400,2026-09-23T14:20:00,23445,23445,23439.35,23440,481378
1790153460,2026-09-23T14:21:00,23441.75,23443.3,23439.25,23442.25,635725
1790153520,2026-09-23T14:22:00,23443.2,23444.8,23439.05,23443.7,678524
1790153580,2026-09-23T14:23:00,23444.1,23451,23442.6,23449.95,571193
1790153640,2026-09-23T14:24:00,23450.6,23450.6,23447.55,23449.45,478671
1790153700,2026-09-23T14:25:00,23449.2,23449.6,23445.5,23447.65,534009
1790153760,2026-09-23T14:26:00,23448.9,23450.1,23446.8,23448.4,802270
1790153820,2026-09-23T14:27:00,23449.75,23452.25,23448.7,23451,466397
1790153880,2026-09-23T14:28:00,23452.35,23456.1,23450.15,23453.9,773816
1790153940,2026-09-23T14:29:00,23456.5,23458.8,23452,23457.55,493992
1790154000,2026-09-23T14:30:00,23459.3,23459.95,23457.2,23457.6,499341
1790154060,2026-09-23T14:31:00,23459.7,23459.7,23453.25,23453.75,430012
1790154120,2026-09-23T14:32:00,23454.55,23454.75,23452,23452.5,379362
1790154180,2026-09-23T14:33:00,23453.45,23453.6,23447.65,23448.45,576612
1790154240,2026-09-23T14:34:00,23449.7,23449.7,23441.9,23442.95,538531
1790154300,2026-09-23T14:35:00,23444,23444,23434.75,23435.2,459995
1790154360,2026-09-23T14:36:00,23437.35,23437.5,23433.85,23437.1,352427
1790154420,2026-09-23T14:37:00,23438,23439.1,23434.5,23438.5,495008
1790154480,2026-09-23T14:38:00,23439.55,23440.05,23434.8,23438.25,517281
1790154540,2026-09-23T14:39:00,23439.35,23440.25,23437.65,23438.85,747725
1790154600,2026-09-23T14:40:00,23441.15,23441.7,23434.1,23435.95,969138
1790154660,2026-09-23T14:41:00,23437.55,23437.55,23434.4,23435.85,411025
1790154720,2026-09-23T14:42:00,23436.6,23438.65,23433.25,23436.1,491963
1790154780,2026-09-23T14:43:00,23437.7,23437.7,23429.8,23431,566190
1790154840,2026-09-23T14:44:00,23432.2,23432.65,23426.8,23427.6,436385
1790154900,2026-09-23T14:45:00,23428.1,23432.35,23424.95,23430.9,645979
1790154960,2026-09-23T14:46:00,23431.15,23433.8,23429.15,23432.8,696077
1790155020,2026-09-23T14:47:00,23433.25,23433.25,23423.5,23424.2,742458
1790155080,2026-09-23T14:48:00,23424.6,23428.9,23423.45,23428.7,693794
1790155140,2026-09-23T14:49:00,23429.6,23431.7,23428.25,23430.1,601658
1790155200,2026-09-23T14:50:00,23431,23431,23424.05,23426.9,797094
1790155260,2026-09-23T14:51:00,23427.85,23433.65,23426.25,23431.4,774900
1790155320,2026-09-23T14:52:00,23431.5,23434.25,23429.35,23430,1426272
1790155380,2026-09-23T14:53:00,23429.1,23432.4,23426.9,23431.6,1103841
1790155440,2026-09-23T14:54:00,23431.1,23434.4,23429.95,23432.3,996763
1790155500,2026-09-23T14:55:00,23432.1,23435.4,23432,23433.25,909043
1790155560,2026-09-23T14:56:00,23432.95,23434.15,23424.8,23425.95,1122460
1790155620,2026-09-23T14:57:00,23424.75,23427.7,23421.95,23423.4,1028509
1790155680,2026-09-23T14:58:00,23423.55,23425.8,23418.45,23419,997061
1790155740,2026-09-23T14:59:00,23419.25,23423.35,23415.9,23422.45,1385958
1790155800,2026-09-23T15:00:00,23422.55,23423.8,23419.7,23421.25,1822038
1790155860,2026-09-23T15:01:00,23421.75,23427.3,23419.45,23419.9,1421207
1790155920,2026-09-23T15:02:00,23420,23420.8,23412.9,23414.5,1290060
1790155980,2026-09-23T15:03:00,23414.95,23414.95,23408.65,23410.6,1148814
1790156040,2026-09-23T15:04:00,23411.45,23413.7,23408.4,23412.1,1603702
1790156100,2026-09-23T15:05:00,23412.45,23418.85,23412.45,23417.55,1907914
1790156160,2026-09-23T15:06:00,23418.05,23423,23416.5,23419.75,1549941
1790156220,2026-09-23T15:07:00,23419.65,23421.3,23417.9,23419.95,1154070
1790156280,2026-09-23T15:08:00,23421.1,23422.35,23419.1,23419.25,1596263
1790156340,2026-09-23T15:09:00,23420.65,23421.5,23416.4,23418,1810597
1790156400,2026-09-23T15:10:00,23418.9,23419.05,23414.35,23417.85,2474619
1790156460,2026-09-23T15:11:00,23417.05,23422.55,23415.35,23421.95,1610722
1790156520,2026-09-23T15:12:00,23420.5,23424.7,23416.35,23420.35,3231216
1790156580,2026-09-23T15:13:00,23420.85,23424.2,23414.6,23420,2774678
1790156640,2026-09-23T15:14:00,23416.05,23435.15,23415.8,23431.65,1166944
1790156700,2026-09-23T15:15:00,23431.35,23431.35,23431.35,23431.35,724
1790156760,2026-09-23T15:16:00,23431.35,23431.35,23431.35,23431.35,724
1790156820,2026-09-23T15:17:00,23431.35,23431.35,23431.35,23431.35,724
1790156880,2026-09-23T15:18:00,23431.35,23431.35,23431.35,23431.35,724
1790156940,2026-09-23T15:19:00,23431.35,23431.35,23431.35,23431.35,724
1790157000,2026-09-23T15:20:00,23431.35,23431.35,23431.35,23431.35,724
1790157060,2026-09-23T15:21:00,23431.35,23431.35,23431.35,23431.35,724
1790157120,2026-09-23T15:22:00,23431.35,23431.35,23431.35,23431.35,724
1790157180,2026-09-23T15:23:00,23431.35,23431.35,23431.35,23431.35,724
1790157240,2026-09-23T15:24:00,23431.35,23431.35,23431.35,23431.35,724
1790157300,2026-09-23T15:25:00,23431.35,23431.35,23431.35,23431.35,724
1790157360,2026-09-23T15:26:00,23431.35,23431.35,23431.35,23431.35,724
1790157420,2026-09-23T15:27:00,23431.35,23431.35,23431.35,23431.35,724
1790157480,2026-09-23T15:28:00,23431.35,23431.35,23431.35,23431.35,724
1790157540,2026-09-23T15:29:00,23431.35,23446.8,23431.35,23446.8,724
1790221500,2026-09-24T09:15:00,23221.8,23281.95,23205.45,23258.6,6279415
1790221560,2026-09-24T09:16:00,23258,23258.9,23232.55,23235.6,3334427
1790221620,2026-09-24T09:17:00,23235.85,23243.8,23230.3,23235.8,2397489
1790221680,2026-09-24T09:18:00,23235.4,23246,23231.05,23242.3,1997489
1790221740,2026-09-24T09:19:00,23241.95,23245.6,23223.1,23227,1702123
1790221800,2026-09-24T09:20:00,23226.95,23231.05,23220.55,23227.35,1516348
1790221860,2026-09-24T09:21:00,23227.85,23240.65,23222.95,23238.8,1173252
1790221920,2026-09-24T09:22:00,23239.75,23251.8,23238.2,23249.15,1172579
1790221980,2026-09-24T09:23:00,23249.8,23253.3,23242.45,23246.25,1316795
1790222040,2026-09-24T09:24:00,23246.55,23252.85,23242.1,23243.35,1255573
1790222100,2026-09-24T09:25:00,23243.05,23243.65,23234.45,23242.75,1210201
1790222160,2026-09-24T09:26:00,23242.6,23251.15,23238.3,23246.3,1527282
1790222220,2026-09-24T09:27:00,23246.5,23249.25,23244.05,23247.1,1176640
1790222280,2026-09-24T09:28:00,23247.25,23253.2,23245.2,23252.2,923769
1790222340,2026-09-24T09:29:00,23252.35,23261.55,23249.65,23260.2,1360676
1790222400,2026-09-24T09:30:00,23260.55,23261.75,23251.25,23256.6,1247510
1790222460,2026-09-24T09:31:00,23256.7,23261,23254.45,23260.95,918365
1790222520,2026-09-24T09:32:00,23261.2,23272,23260.2,23267.55,878049
1790222580,2026-09-24T09:33:00,23267.4,23268.85,23256.95,23262.65,1497363
1790222640,2026-09-24T09:34:00,23262.9,23265.5,23260.75,23264.1,1058849
1790222700,2026-09-24T09:35:00,23264.5,23269.9,23262.55,23267.05,869706
1790222760,2026-09-24T09:36:00,23266.95,23271.1,23264.65,23270.25,1185364
1790222820,2026-09-24T09:37:00,23270.15,23271.6,23264.7,23264.7,1533686
1790222880,2026-09-24T09:38:00,23265.45,23267.15,23254.1,23254.1,989577
1790222940,2026-09-24T09:39:00,23253.9,23256.6,23246.9,23247.2,942399
1790223000,2026-09-24T09:40:00,23247.4,23249.95,23236.6,23244.45,1138644
1790223060,2026-09-24T09:41:00,23244.2,23244.2,23233.15,23235.15,1236063
1790223120,2026-09-24T09:42:00,23235.4,23239.85,23229.85,23237.4,751587
1790223180,2026-09-24T09:43:00,23237.6,23238.5,23225.15,23228.5,713955
1790223240,2026-09-24T09:44:00,23228.65,23229.6,23224.9,23226.75,662300
1790223300,2026-09-24T09:45:00,23226.7,23229.65,23218.8,23228.6,860025
1790223360,2026-09-24T09:46:00,23228.7,23233.7,23220.2,23221.6,1028596
1790223420,2026-09-24T09:47:00,23221.7,23223.8,23217.1,23218.5,681647
1790223480,2026-09-24T09:48:00,23218.65,23227.5,23216.65,23226.55,825906
1790223540,2026-09-24T09:49:00,23226.55,23238.4,23224.15,23237.95,631622
1790223600,2026-09-24T09:50:00,23237.55,23239.35,23229.75,23233.5,912036
1790223660,2026-09-24T09:51:00,23234.15,23235.5,23224.1,23224.85,614781
1790223720,2026-09-24T09:52:00,23224.7,23228.65,23223.15,23225.6,764499
1790223780,2026-09-24T09:53:00,23226.6,23229.85,23218.1,23219.1,578696
1790223840,2026-09-24T09:54:00,23219.6,23222.35,23217.65,23218.45,539823
1790223900,2026-09-24T09:55:00,23218.5,23218.5,23208.9,23214.6,522919
1790223960,2026-09-24T09:56:00,23214.7,23223.05,23212.9,23220.95,518507
1790224020,2026-09-24T09:57:00,23221.6,23222.8,23217.25,23220.6,436395
1790224080,2026-09-24T09:58:00,23220.85,23227.7,23218.45,23226.9,523215
1790224140,2026-09-24T09:59:00,23226.9,23227.25,23221.4,23225.5,452394
1790224200,2026-09-24T10:00:00,23225.9,23230.45,23224,23229,714334
1790224260,2026-09-24T10:01:00,23229.1,23233.2,23227.4,23229.6,550288
1790224320,2026-09-24T10:02:00,23230.2,23233.5,23226.1,23233.05,764916
1790224380,2026-09-24T10:03:00,23233.4,23238.95,23231.35,23236.75,666212
1790224440,2026-09-24T10:04:00,23236.65,23237.8,23234.45,23235.65,484478
1790224500,2026-09-24T10:05:00,23235.8,23235.8,23227.9,23234,462169
1790224560,2026-09-24T10:06:00,23233.9,23233.9,23228.8,23229.25,593672
1790224620,2026-09-24T10:07:00,23229.45,23232.8,23227.95,23232.3,367331
1790224680,2026-09-24T10:08:00,23232.25,23242.85,23230.8,23241.35,338386
1790224740,2026-09-24T10:09:00,23241.75,23245.1,23239.7,23239.95,587407
1790224800,2026-09-24T10:10:00,23240,23240.6,23229.45,23231.1,399597
1790224860,2026-09-24T10:11:00,23231.2,23235.85,23225.45,23234.25,391879
1790224920,2026-09-24T10:12:00,23234.7,23234.7,23225.9,23225.9,355058
1790224980,2026-09-24T10:13:00,23226,23230.05,23223.55,23225.6,442100
1790225040,2026-09-24T10:14:00,23225.7,23226.1,23215.7,23218.5,638803
1790225100,2026-09-24T10:15:00,23218.8,23222.55,23215.1,23216.5,399305
1790225160,2026-09-24T10:16:00,23216.3,23222.2,23215.45,23216.25,406487
1790225220,2026-09-24T10:17:00,23216.6,23216.6,23205.25,23209.65,528849
1790225280,2026-09-24T10:18:00,23210.25,23215.9,23208.75,23214,493232
1790225340,2026-09-24T10:19:00,23214.7,23220.75,23210.25,23220.5,504295
1790225400,2026-09-24T10:20:00,23220.75,23223.15,23215.15,23217.55,491082
1790225460,2026-09-24T10:21:00,23217.6,23217.7,23206.6,23207.9,388921
1790225520,2026-09-24T10:22:00,23208.05,23209.3,23197.3,23197.85,436140
1790225580,2026-09-24T10:23:00,23197.7,23202.7,23196.45,23201.85,363191
1790225640,2026-09-24T10:24:00,23202,23211.75,23200,23209.7,430762
1790225700,2026-09-24T10:25:00,23209.9,23209.9,23202.55,23204.05,431692
1790225760,2026-09-24T10:26:00,23204.95,23210.3,23202.2,23210.15,375951
1790225820,2026-09-24T10:27:00,23209.95,23212.8,23207.4,23208.4,392911
1790225880,2026-09-24T10:28:00,23208.4,23211.85,23204.35,23207.45,407732
1790225940,2026-09-24T10:29:00,23207.5,23213.3,23207.25,23210.55,303710
1790226000,2026-09-24T10:30:00,23210.65,23214.9,23209.85,23213.25,313106
1790226060,2026-09-24T10:31:00,23213.35,23218.9,23212.35,23218.25,343560
1790226120,2026-09-24T10:32:00,23218.45,23223.8,23217.75,23223.55,340655
1790226180,2026-09-24T10:33:00,23223.75,23230.05,23222.1,23229.25,470192
1790226240,2026-09-24T10:34:00,23229.35,23230.65,23223.25,23228.15,424949
1790226300,2026-09-24T10:35:00,23228.75,23229.9,23218.3,23220,454860
1790226360,2026-09-24T10:36:00,23220.05,23231.9,23219.35,23230.75,453230
1790226420,2026-09-24T10:37:00,23231.65,23233.35,23228.05,23233.15,473140
1790226480,2026-09-24T10:38:00,23233.1,23236,23227.9,23228.85,774426
1790226540,2026-09-24T10:39:00,23229.2,23231.4,23225.2,23230.35,350741
1790226600,2026-09-24T10:40:00,23230.3,23230.5,23220.4,23222.05,583595
1790226660,2026-09-24T10:41:00,23221.9,23224.8,23218.95,23221.55,672581
1790226720,2026-09-24T10:42:00,23221.7,23224.6,23217.65,23222.6,440188
1790226780,2026-09-24T10:43:00,23222.95,23224.9,23211.5,23212.95,615037
1790226840,2026-09-24T10:44:00,23211.7,23219.35,23211,23218.5,323781
1790226900,2026-09-24T10:45:00,23218.65,23223.6,23215.8,23220.9,856521
1790226960,2026-09-24T10:46:00,23220.75,23224.95,23219.95,23222.3,388466
1790227020,2026-09-24T10:47:00,23222.2,23228.4,23221.1,23226.85,524850
1790227080,2026-09-24T10:48:00,23226.95,23227.65,23220.5,23223.1,617374
1790227140,2026-09-24T10:49:00,23223.4,23229.25,23221.7,23228.55,547636
1790227200,2026-09-24T10:50:00,23229.65,23232.45,23226.5,23231.9,413160
1790227260,2026-09-24T10:51:00,23231.9,23235.4,23229.05,23230.65,437827
1790227320,2026-09-24T10:52:00,23230.8,23236.25,23229.75,23235.1,431774
1790227380,2026-09-24T10:53:00,23235.5,23239.3,23233.45,23236.4,740594
1790227440,2026-09-24T10:54:00,23236.55,23238.95,23233.9,23237.05,415371
1790227500,2026-09-24T10:55:00,23237.55,23242.3,23235.55,23240.65,596481
1790227560,2026-09-24T10:56:00,23241.15,23242.75,23235.05,23236.25,555474
1790227620,2026-09-24T10:57:00,23236.25,23239.05,23233.9,23236.45,356355
1790227680,2026-09-24T10:58:00,23237.05,23239.3,23234.6,23237.1,407194
1790227740,2026-09-24T10:59:00,23237.1,23241.75,23234.95,23240.2,390775
1790227800,2026-09-24T11:00:00,23241.05,23241.8,23232.4,23232.95,346418
1790227860,2026-09-24T11:01:00,23233.05,23240,23232.1,23235.8,449526
1790227920,2026-09-24T11:02:00,23235.85,23239.5,23234.85,23238.45,352843
1790227980,2026-09-24T11:03:00,23238,23238,23231.1,23231.25,516407
1790228040,2026-09-24T11:04:00,23231.4,23233.45,23229.3,23233.1,865548
1790228100,2026-09-24T11:05:00,23233.2,23234.6,23227.05,23227.6,753600
1790228160,2026-09-24T11:06:00,23227.7,23227.8,23219.8,23226.55,526590
1790228220,2026-09-24T11:07:00,23226.65,23237.65,23225.8,23236.75,645227
1790228280,2026-09-24T11:08:00,23236.6,23237.25,23229.25,23231.65,314666
1790228340,2026-09-24T11:09:00,23231.85,23231.9,23219.55,23220.55,793701
1790228400,2026-09-24T11:10:00,23221,23223.25,23218.5,23222.25,520908
1790228460,2026-09-24T11:11:00,23222.85,23229.55,23221.65,23225,697524
1790228520,2026-09-24T11:12:00,23224.9,23227.45,23223.05,23224.45,604982
1790228580,2026-09-24T11:13:00,23224.65,23225.9,23211.85,23213.65,576860
1790228640,2026-09-24T11:14:00,23213.8,23221.4,23213.3,23216.55,1401639
1790228700,2026-09-24T11:15:00,23216.25,23227.5,23214.35,23226.55,657956
1790228760,2026-09-24T11:16:00,23226.9,23227.1,23222,23225.75,364844
1790228820,2026-09-24T11:17:00,23226.25,23233.1,23224.4,23232.25,568652
1790228880,2026-09-24T11:18:00,23232.7,23239.2,23230.8,23237.4,489941
1790228940,2026-09-24T11:19:00,23237,23243.55,23234.85,23243.15,473804
1790229000,2026-09-24T11:20:00,23243.35,23244.7,23231.45,23233.35,666389
1790229060,2026-09-24T11:21:00,23233.35,23233.35,23225.15,23231.45,405576
1790229120,2026-09-24T11:22:00,23231.3,23232.15,23225.2,23229.45,1153094
1790229180,2026-09-24T11:23:00,23229.3,23229.9,23225.3,23226.8,558093
1790229240,2026-09-24T11:24:00,23227.15,23227.15,23216.2,23216.95,1012068
1790229300,2026-09-24T11:25:00,23216.9,23217.65,23211.9,23215.65,698145
1790229360,2026-09-24T11:26:00,23215.85,23220.45,23214.45,23219.6,573305
1790229420,2026-09-24T11:27:00,23219.65,23224.9,23218.6,23224.45,563107
1790229480,2026-09-24T11:28:00,23224.4,23227.3,23220.6,23222.15,586734
1790229540,2026-09-24T11:29:00,23222.25,23225.3,23221.6,23223.05,509385
1790229600,2026-09-24T11:30:00,23223.35,23224.65,23217.3,23218.35,487826
1790229660,2026-09-24T11:31:00,23218.45,23218.45,23211.2,23211.5,380398
1790229720,2026-09-24T11:32:00,23211.8,23213.25,23203.65,23204.45,466905
1790229780,2026-09-24T11:33:00,23204.7,23213.8,23202.1,23212.8,658457
1790229840,2026-09-24T11:34:00,23212.75,23216.75,23206.3,23207.5,433856
1790229900,2026-09-24T11:35:00,23207.5,23210.7,23205.8,23210,304401
1790229960,2026-09-24T11:36:00,23210.4,23215.55,23208.95,23213.75,348621
1790230020,2026-09-24T11:37:00,23213.85,23213.85,23206.65,23209.15,956898
1790230080,2026-09-24T11:38:00,23208.25,23212.95,23206.55,23207.7,591874
1790230140,2026-09-24T11:39:00,23207.9,23210.95,23203.65,23210.95,1063758
1790230200,2026-09-24T11:40:00,23211.75,23212.15,23207.1,23210.15,668868
1790230260,2026-09-24T11:41:00,23210,23213.45,23207.45,23207.65,609047
1790230320,2026-09-24T11:42:00,23207.7,23209.85,23204.7,23207.45,649720
1790230380,2026-09-24T11:43:00,23208,23212.25,23205.6,23210.75,298849
1790230440,2026-09-24T11:44:00,23211.05,23213.3,23208.1,23210.25,365372
1790230500,2026-09-24T11:45:00,23210.9,23213,23208.95,23211.05,642850
1790230560,2026-09-24T11:46:00,23211.05,23215.15,23210,23212.45,474232
1790230620,2026-09-24T11:47:00,23212.45,23213.15,23208.5,23209.85,576270
1790230680,2026-09-24T11:48:00,23210.15,23212.1,23206.8,23209.65,432423
1790230740,2026-09-24T11:49:00,23210.05,23211.2,23205.85,23206.55,397834
1790230800,2026-09-24T11:50:00,23206.35,23210.5,23205.45,23208.45,455415
1790230860,2026-09-24T11:51:00,23208.5,23208.5,23200.55,23202.35,530562
1790230920,2026-09-24T11:52:00,23203.1,23205.4,23199.65,23201.05,994797
1790230980,2026-09-24T11:53:00,23201,23205,23198,23200.9,398059
1790231040,2026-09-24T11:54:00,23200.9,23204.5,23198.55,23204.5,551865
1790231100,2026-09-24T11:55:00,23204.15,23205,23198.35,23198.45,570597
1790231160,2026-09-24T11:56:00,23198.75,23199.4,23193.3,23193.35,565177
1790231220,2026-09-24T11:57:00,23193.45,23194.85,23190.5,23190.85,721079
1790231280,2026-09-24T11:58:00,23190.85,23195.45,23190.3,23192.7,497339
1790231340,2026-09-24T11:59:00,23192.5,23198.5,23191.7,23197.35,504281
1790231400,2026-09-24T12:00:00,23197.4,23197.4,23193.6,23196.25,450960
1790231460,2026-09-24T12:01:00,23196.15,23205.65,23193.7,23204.8,422939
1790231520,2026-09-24T12:02:00,23204.65,23209.35,23203.55,23207.45,332991
1790231580,2026-09-24T12:03:00,23207.15,23209.45,23203.95,23204.85,493759
1790231640,2026-09-24T12:04:00,23204.75,23208.35,23203.25,23208.05,487216
1790231700,2026-09-24T12:05:00,23207.85,23211.3,23206.1,23209.7,455969
1790231760,2026-09-24T12:06:00,23209.85,23212.95,23209,23210.45,494755
1790231820,2026-09-24T12:07:00,23210.5,23211.85,23207.85,23209.2,466241
1790231880,2026-09-24T12:08:00,23209.65,23209.8,23203.75,23205.55,592563
1790231940,2026-09-24T12:09:00,23205.7,23210.25,23203.85,23205.85,441947
1790232000,2026-09-24T12:10:00,23206.1,23209.25,23204.45,23207.85,517951
1790232060,2026-09-24T12:11:00,23207.65,23208.65,23205.35,23207.55,358361
1790232120,2026-09-24T12:12:00,23207.4,23210.35,23201.85,23202.3,406504
1790232180,2026-09-24T12:13:00,23202.4,23204.05,23200.6,23201.5,271919
1790232240,2026-09-24T12:14:00,23201.6,23201.6,23194.7,23195.7,521401
1790232300,2026-09-24T12:15:00,23195.6,23202.45,23195.1,23200.2,407878
1790232360,2026-09-24T12:16:00,23200.15,23201.6,23196.45,23197.65,466824
1790232420,2026-09-24T12:17:00,23197.6,23199.3,23196.3,23198.4,450937
1790232480,2026-09-24T12:18:00,23198.45,23199.5,23196.55,23199.3,317071
1790232540,2026-09-24T12:19:00,23199.45,23199.65,23196.05,23198.25,405750
1790232600,2026-09-24T12:20:00,23198.6,23203.6,23198.15,23200.25,378813
1790232660,2026-09-24T12:21:00,23200.3,23200.3,23196.5,23197.95,427186
1790232720,2026-09-24T12:22:00,23198.1,23198.65,23195.2,23196.1,280685
1790232780,2026-09-24T12:23:00,23196,23196,23187.9,23191.9,587940
1790232840,2026-09-24T12:24:00,23191.9,23196.25,23191.1,23195.4,469269
1790232900,2026-09-24T12:25:00,23195.45,23195.85,23178.1,23179,979561
1790232960,2026-09-24T12:26:00,23178.5,23184.35,23174.75,23184.05,891723
1790233020,2026-09-24T12:27:00,23183.7,23184.65,23180.45,23182.75,588152
1790233080,2026-09-24T12:28:00,23182.95,23192.45,23182.5,23191.5,1208465
1790233140,2026-09-24T12:29:00,23191.25,23195.1,23186.05,23187.85,475631
1790233200,2026-09-24T12:30:00,23187.95,23191,23187,23189.05,366923
1790233260,2026-09-24T12:31:00,23189.05,23192.2,23186.95,23187.8,409766
1790233320,2026-09-24T12:32:00,23187.7,23187.7,23173.05,23178.25,489303
1790233380,2026-09-24T12:33:00,23178.45,23182.5,23174.3,23177.15,489198
1790233440,2026-09-24T12:34:00,23177,23178.5,23173.8,23175.45,345169
1790233500,2026-09-24T12:35:00,23175.55,23176.95,23167.05,23173.15,424389
1790233560,2026-09-24T12:36:00,23173.2,23179.5,23166,23177.6,8050405
1790233620,2026-09-24T12:37:00,23177.45,23180.1,23175.55,23178.8,528646
1790233680,2026-09-24T12:38:00,23178.6,23186.1,23177.25,23183.3,392809
1790233740,2026-09-24T12:39:00,23182.95,23183.2,23174.15,23177,484552
1790233800,2026-09-24T12:40:00,23176.95,23179.45,23174.6,23178.4,604202
1790233860,2026-09-24T12:41:00,23178.85,23183.95,23177.9,23180,410462
1790233920,2026-09-24T12:42:00,23179.9,23180.9,23177.9,23179,328986
1790233980,2026-09-24T12:43:00,23179,23179,23174.45,23174.9,840815
1790234040,2026-09-24T12:44:00,23175.35,23177.25,23171.1,23172.65,457117
1790234100,2026-09-24T12:45:00,23172.6,23173.15,23167.95,23170.65,417023
1790234160,2026-09-24T12:46:00,23170.6,23176.2,23169.8,23172.5,262926
1790234220,2026-09-24T12:47:00,23172.35,23173.3,23167.15,23169.6,413983
1790234280,2026-09-24T12:48:00,23169.65,23171.3,23167.75,23168.8,312109
1790234340,2026-09-24T12:49:00,23169,23171.4,23167.3,23169.85,318964
1790234400,2026-09-24T12:50:00,23170.1,23179.75,23169.35,23177.75,543755
1790234460,2026-09-24T12:51:00,23177.55,23179.35,23172.15,23173.6,441073
1790234520,2026-09-24T12:52:00,23173.35,23175.2,23171.35,23173,336220
1790234580,2026-09-24T12:53:00,23172.85,23173.9,23170.35,23171.55,267606
1790234640,2026-09-24T12:54:00,23171.5,23171.75,23165,23165.75,286190
1790234700,2026-09-24T12:55:00,23165.95,23169.15,23164.85,23167.05,350175
1790234760,2026-09-24T12:56:00,23167.5,23172.5,23167.05,23171.05,381924
1790234820,2026-09-24T12:57:00,23170.9,23170.95,23167.8,23169.45,291179
1790234880,2026-09-24T12:58:00,23169.6,23171,23168.65,23169.6,284446
1790234940,2026-09-24T12:59:00,23169.5,23170.25,23165.9,23168.65,267352
1790235000,2026-09-24T13:00:00,23168.5,23169.7,23165.4,23167.6,281419
1790235060,2026-09-24T13:01:00,23167.75,23174.55,23167.15,23173.8,393022
1790235120,2026-09-24T13:02:00,23174.1,23177.5,23171.9,23177.25,402401
1790235180,2026-09-24T13:03:00,23177.35,23180.5,23176.65,23179.9,594480
1790235240,2026-09-24T13:04:00,23180.05,23182.7,23177.05,23181.2,1304686
1790235300,2026-09-24T13:05:00,23181.65,23185.1,23180.7,23184.6,351808
1790235360,2026-09-24T13:06:00,23184.6,23184.6,23176.45,23178.7,353269
1790235420,2026-09-24T13:07:00,23179.05,23185.9,23177.45,23185,326838
1790235480,2026-09-24T13:08:00,23185.3,23189.9,23184.85,23186.15,324025
1790235540,2026-09-24T13:09:00,23186,23186.05,23178.95,23179.95,300278
1790235600,2026-09-24T13:10:00,23179.6,23180.35,23174.45,23178,520342
1790235660,2026-09-24T13:11:00,23177.6,23179.4,23174.35,23174.35,257102
1790235720,2026-09-24T13:12:00,23174.5,23178.65,23172.55,23176.4,267075
1790235780,2026-09-24T13:13:00,23177.1,23182.25,23175.35,23181.45,314820
1790235840,2026-09-24T13:14:00,23181.45,23185.5,23179.9,23182.8,500140
1790235900,2026-09-24T13:15:00,23183.1,23186.65,23179.45,23185.5,301913
1790235960,2026-09-24T13:16:00,23185.5,23185.8,23181.65,23183.1,616509
1790236020,2026-09-24T13:17:00,23183.3,23184.1,23180,23181.85,394041
1790236080,2026-09-24T13:18:00,23181.6,23184.1,23179.15,23180,363902
1790236140,2026-09-24T13:19:00,23179.9,23181.3,23178.55,23179.55,249377
1790236200,2026-09-24T13:20:00,23179.45,23179.95,23175.7,23178.2,360019
1790236260,2026-09-24T13:21:00,23178.05,23179.15,23175.8,23177.2,430773
1790236320,2026-09-24T13:22:00,23177.1,23178.65,23174.6,23177.7,648093
1790236380,2026-09-24T13:23:00,23178.05,23178.05,23174.95,23175.75,418965
1790236440,2026-09-24T13:24:00,23175.6,23177.85,23174.15,23176.75,388210
1790236500,2026-09-24T13:25:00,23176.5,23178.65,23168.1,23168.25,388955
1790236560,2026-09-24T13:26:00,23168.6,23168.9,23141.05,23141.15,1213183
1790236620,2026-09-24T13:27:00,23140.75,23151.4,23135.1,23142,856071
1790236680,2026-09-24T13:28:00,23142.35,23143.75,23135.55,23138.3,421112
1790236740,2026-09-24T13:29:00,23138.45,23149.2,23136.25,23147.2,518838
1790236800,2026-09-24T13:30:00,23147.15,23152.3,23145.9,23151.4,302742
1790236860,2026-09-24T13:31:00,23151.45,23163.75,23149.8,23162.4,532637
1790236920,2026-09-24T13:32:00,23162,23162.3,23155.15,23158.5,556340
1790236980,2026-09-24T13:33:00,23158.7,23159.9,23153.95,23158.35,474287
1790237040,2026-09-24T13:34:00,23158.15,23159.05,23151.05,23153.1,362122
1790237100,2026-09-24T13:35:00,23153.2,23155.55,23151.25,23152.45,304430
1790237160,2026-09-24T13:36:00,23152.6,23155.4,23149.5,23150.35,660236
1790237220,2026-09-24T13:37:00,23150.7,23153.55,23148.15,23149.8,539976
1790237280,2026-09-24T13:38:00,23149.75,23150.55,23143.9,23145.05,500897
1790237340,2026-09-24T13:39:00,23145.05,23147.05,23137.75,23139.8,549313
1790237400,2026-09-24T13:40:00,23140.45,23141.85,23133.5,23135.9,499503
1790237460,2026-09-24T13:41:00,23135.8,23140.4,23134.75,23136.05,500477
1790237520,2026-09-24T13:42:00,23136.05,23138.6,23132.15,23133.4,553287
1790237580,2026-09-24T13:43:00,23133.35,23135.6,23121.5,23121.5,713808
1790237640,2026-09-24T13:44:00,23122.05,23122.15,23104.85,23106.35,1423872
1790237700,2026-09-24T13:45:00,23107.2,23115.95,23094.4,23094.45,845403
1790237760,2026-09-24T13:46:00,23094.45,23094.95,23077.8,23084.8,1624484
1790237820,2026-09-24T13:47:00,23085.7,23093.85,23082.1,23089.35,914001
1790237880,2026-09-24T13:48:00,23089.35,23092.4,23085.7,23087.35,779327
1790237940,2026-09-24T13:49:00,23088.1,23104.35,23086.75,23100.7,707573
1790238000,2026-09-24T13:50:00,23100.55,23106.05,23097.25,23100.25,573934
1790238060,2026-09-24T13:51:00,23100.2,23100.4,23085.95,23087.8,721607
1790238120,2026-09-24T13:52:00,23087.55,23088.65,23081.55,23085.2,573700
1790238180,2026-09-24T13:53:00,23085.25,23087.65,23081.05,23081.25,577121
1790238240,2026-09-24T13:54:00,23081.7,23083.2,23066.5,23071.65,872563
1790238300,2026-09-24T13:55:00,23071.95,23079.95,23069.75,23077.35,541466
1790238360,2026-09-24T13:56:00,23077.35,23078.5,23071.35,23073.35,469151
1790238420,2026-09-24T13:57:00,23073.15,23075.1,23056.5,23057.75,996344
1790238480,2026-09-24T13:58:00,23057.65,23062.1,23048,23050.1,1101249
1790238540,2026-09-24T13:59:00,23050.55,23064.3,23048.85,23057.5,695027
1790238600,2026-09-24T14:00:00,23057.75,23073.05,23056.45,23072.55,560681
1790238660,2026-09-24T14:01:00,23072.25,23079.85,23072.2,23078.55,573634
1790238720,2026-09-24T14:02:00,23079.3,23093.1,23078.9,23089.7,768885
1790238780,2026-09-24T14:03:00,23089.5,23096.65,23084.15,23085.8,709602
1790238840,2026-09-24T14:04:00,23085.9,23089.8,23057.25,23060.25,1003685
1790238900,2026-09-24T14:05:00,23060.45,23071.5,23060.2,23067.9,856074
1790238960,2026-09-24T14:06:00,23067.8,23068.9,23061.3,23063.5,567718
1790239020,2026-09-24T14:07:00,23063.4,23071.15,23061.6,23063.55,515846
1790239080,2026-09-24T14:08:00,23063.6,23076.9,23063.05,23075.95,587150
1790239140,2026-09-24T14:09:00,23076,23076.15,23067.7,23072.95,469457
1790239200,2026-09-24T14:10:00,23073.55,23077.45,23071.95,23073.7,463531
1790239260,2026-09-24T14:11:00,23073.75,23076.25,23069.55,23070.65,445461
1790239320,2026-09-24T14:12:00,23070.75,23074.05,23069.85,23071.9,389902
1790239380,2026-09-24T14:13:00,23071.95,23075.9,23071.35,23073.15,460040
1790239440,2026-09-24T14:14:00,23074,23079.6,23073.35,23077.75,541287
1790239500,2026-09-24T14:15:00,23077.9,23084.15,23074.1,23075.95,838294
1790239560,2026-09-24T14:16:00,23076.1,23078.8,23074.1,23076.15,507267
1790239620,2026-09-24T14:17:00,23076.2,23078.7,23073.9,23076.5,487937
1790239680,2026-09-24T14:18:00,23076.4,23079.65,23072.95,23074,537419
1790239740,2026-09-24T14:19:00,23074.3,23075.1,23061.8,23065.3,818242
1790239800,2026-09-24T14:20:00,23065.45,23075.3,23064.6,23069.25,934017
1790239860,2026-09-24T14:21:00,23069.25,23069.25,23058.65,23067.95,915936
1790239920,2026-09-24T14:22:00,23068.45,23070.45,23061,23062.2,480232
1790239980,2026-09-24T14:23:00,23062.65,23063.95,23046.45,23047.85,1139485
1790240040,2026-09-24T14:24:00,23048.05,23056.7,23046.15,23054.95,762309
1790240100,2026-09-24T14:25:00,23055.15,23067.25,23054.7,23064.85,932950
1790240160,2026-09-24T14:26:00,23065.4,23066.8,23052.25,23057,1095040
1790240220,2026-09-24T14:27:00,23057.45,23064.3,23053.45,23062.95,743652
1790240280,2026-09-24T14:28:00,23063.25,23069.45,23062.2,23063.65,548723
1790240340,2026-09-24T14:29:00,23063.35,23067.5,23060.55,23062.15,739197
1790240400,2026-09-24T14:30:00,23062.25,23063.8,23058.25,23061.95,504195
1790240460,2026-09-24T14:31:00,23062.1,23072.3,23058.4,23069.3,665005
1790240520,2026-09-24T14:32:00,23069.95,23077.3,23068.95,23070.05,594411
1790240580,2026-09-24T14:33:00,23070.2,23073.95,23065.7,23069.5,502737
1790240640,2026-09-24T14:34:00,23069.65,23076.45,23067.75,23075.3,548834
1790240700,2026-09-24T14:35:00,23075.5,23083.55,23074.95,23082.4,645555
1790240760,2026-09-24T14:36:00,23083,23094.25,23081.35,23092.05,704265
1790240820,2026-09-24T14:37:00,23093.1,23095.2,23089.8,23092.7,702657
1790240880,2026-09-24T14:38:00,23092.6,23104.9,23092.25,23101,713872
1790240940,2026-09-24T14:39:00,23101.1,23104.35,23096.95,23102.9,678141
1790241000,2026-09-24T14:40:00,23103.1,23108.5,23099.65,23100.05,853997
1790241060,2026-09-24T14:41:00,23100.95,23104.85,23095.8,23102.25,618710
1790241120,2026-09-24T14:42:00,23102.3,23102.6,23084.6,23090.35,866330
1790241180,2026-09-24T14:43:00,23090.55,23099.3,23090.25,23094.25,620655
1790241240,2026-09-24T14:44:00,23094.25,23095.45,23088.7,23092.2,450567
1790241300,2026-09-24T14:45:00,23092.15,23099.85,23088.15,23099.1,903704
1790241360,2026-09-24T14:46:00,23099.2,23105.25,23098.1,23101,606365
1790241420,2026-09-24T14:47:00,23101.8,23101.95,23094.7,23097.3,779508
1790241480,2026-09-24T14:48:00,23096.95,23101.4,23094.45,23098.05,639811
1790241540,2026-09-24T14:49:00,23098.4,23099.45,23093.05,23097.3,630430
1790241600,2026-09-24T14:50:00,23097.45,23106,23096.5,23103.6,898200
1790241660,2026-09-24T14:51:00,23104,23108.3,23099.15,23106.15,1002226
1790241720,2026-09-24T14:52:00,23106.15,23111.55,23105.55,23108.3,1541425
1790241780,2026-09-24T14:53:00,23108.35,23113.35,23107.55,23112.55,1342266
1790241840,2026-09-24T14:54:00,23112.45,23116.9,23106.45,23111,2105391
1790241900,2026-09-24T14:55:00,23110.9,23119.1,23109.3,23114.6,851170
1790241960,2026-09-24T14:56:00,23114.65,23116.85,23111.95,23112.8,769717
1790242020,2026-09-24T14:57:00,23112.7,23112.7,23104,23108.1,821302
1790242080,2026-09-24T14:58:00,23108.6,23108.75,23100.65,23107.8,929468
1790242140,2026-09-24T14:59:00,23108.1,23108.75,23095.1,23098.05,1157067
1790242200,2026-09-24T15:00:00,23097.95,23103.3,23097.6,23099.1,1515992
1790242260,2026-09-24T15:01:00,23098.55,23101.2,23090.5,23098.8,1620930
1790242320,2026-09-24T15:02:00,23098.75,23107.3,23097.25,23107.1,1233202
1790242380,2026-09-24T15:03:00,23106.75,23106.95,23097.65,23099.3,1237570
1790242440,2026-09-24T15:04:00,23099.5,23105.55,23097.65,23101.9,1062697
1790242500,2026-09-24T15:05:00,23101.85,23103.2,23096.05,23101.5,2050248
1790242560,2026-09-24T15:06:00,23101.45,23101.45,23091.7,23097.75,1756204
1790242620,2026-09-24T15:07:00,23097.55,23097.75,23089.9,23090.85,1416523
1790242680,2026-09-24T15:08:00,23090.55,23092.15,23082.7,23085.1,1699840
1790242740,2026-09-24T15:09:00,23084.8,23090.8,23082.25,23089.95,1967664
1790242800,2026-09-24T15:10:00,23089.95,23091.4,23086.35,23087.85,2560266
1790242860,2026-09-24T15:11:00,23087.85,23089.3,23083.6,23085.95,1958951
1790242920,2026-09-24T15:12:00,23086.15,23090.05,23070.25,23080.75,3211378
1790242980,2026-09-24T15:13:00,23081.3,23086.85,23072.75,23078.7,1941903
1790243040,2026-09-24T15:14:00,23076.95,23086.05,23073.7,23083.45,1236241
1790243100,2026-09-24T15:15:00,23085.6,23085.6,23085.6,23085.6,2354
1790243160,2026-09-24T15:16:00,23085.6,23085.6,23085.6,23085.6,2354
1790243220,2026-09-24T15:17:00,23085.6,23085.6,23085.6,23085.6,2354
1790243280,2026-09-24T15:18:00,23085.6,23085.6,23085.6,23085.6,2354
1790243340,2026-09-24T15:19:00,23085.6,23085.6,23085.6,23085.6,2354
1790243400,2026-09-24T15:20:00,23085.6,23085.6,23085.6,23085.6,2354
1790243460,2026-09-24T15:21:00,23085.6,23085.6,23085.6,23085.6,2354
1790243520,2026-09-24T15:22:00,23085.6,23085.6,23085.6,23085.6,2354
1790243580,2026-09-24T15:23:00,23085.6,23085.6,23085.6,23085.6,2354
1790243640,2026-09-24T15:24:00,23085.6,23085.6,23085.6,23085.6,2354
1790243700,2026-09-24T15:25:00,23085.6,23085.6,23085.6,23085.6,2354
1790243760,2026-09-24T15:26:00,23085.6,23085.6,23085.6,23085.6,2354
1790243820,2026-09-24T15:27:00,23085.6,23085.6,23085.6,23085.6,2354
1790243880,2026-09-24T15:28:00,23085.6,23085.6,23063.1,23063.1,2354
1790243940,2026-09-24T15:29:00,23063.1,23063.1,23063.1,23063.1,2354
1790307900,2026-09-25T09:15:00,23035,23097.2,23030,23088.9,3154405
1790307960,2026-09-25T09:16:00,23088.8,23104.4,23085.95,23087.4,2893111
1790308020,2026-09-25T09:17:00,23086.55,23099.3,23086.55,23098.3,1743498
1790308080,2026-09-25T09:18:00,23098.3,23102.8,23087.5,23089.55,1273638
1790308140,2026-09-25T09:19:00,23089.4,23092.2,23073.9,23074.3,1232332
1790308200,2026-09-25T09:20:00,23074,23078.9,23065.5,23077.25,1325155
1790308260,2026-09-25T09:21:00,23077.25,23086.05,23068.1,23079.4,1062223
1790308320,2026-09-25T09:22:00,23082.2,23093.35,23079.3,23091.75,1065531
1790308380,2026-09-25T09:23:00,23091.65,23095.25,23081.5,23081.95,1355975
1790308440,2026-09-25T09:24:00,23082.05,23086.9,23076.65,23083.1,864004
1790308500,2026-09-25T09:25:00,23083.35,23084.05,23077.15,23078.2,816219
1790308560,2026-09-25T09:26:00,23078.75,23084.9,23077.6,23083.65,1046008
1790308620,2026-09-25T09:27:00,23084.05,23098.85,23083.85,23097.75,1153549
1790308680,2026-09-25T09:28:00,23097.75,23102.95,23095.1,23102.45,1433805
1790308740,2026-09-25T09:29:00,23102.25,23116.65,23101.85,23116.65,1376440
1790308800,2026-09-25T09:30:00,23116.5,23118.55,23105.55,23116.8,943967
1790308860,2026-09-25T09:31:00,23117,23121.6,23107.1,23108.7,1596129
1790308920,2026-09-25T09:32:00,23110,23118.3,23108.6,23113.85,1010963
1790308980,2026-09-25T09:33:00,23113.65,23114.3,23104.45,23107.5,931581
1790309040,2026-09-25T09:34:00,23107.45,23114.65,23107.4,23111.45,1562386
1790309100,2026-09-25T09:35:00,23111.55,23112.75,23103.65,23103.65,593698
1790309160,2026-09-25T09:36:00,23103.95,23104.85,23090.65,23091.25,697179
1790309220,2026-09-25T09:37:00,23091.45,23094.25,23077.45,23077.8,923311
1790309280,2026-09-25T09:38:00,23077.2,23086.4,23075.45,23081.45,651554
1790309340,2026-09-25T09:39:00,23081.5,23085.95,23076.8,23077.75,659292
1790309400,2026-09-25T09:40:00,23077.55,23079.4,23066.75,23069.25,612505
1790309460,2026-09-25T09:41:00,23069.2,23070.75,23063.5,23069.2,927009
1790309520,2026-09-25T09:42:00,23069.35,23070.55,23059.5,23062.05,792661
1790309580,2026-09-25T09:43:00,23061.75,23062.65,23044.05,23048.8,672596
1790309640,2026-09-25T09:44:00,23048.6,23058.95,23048.3,23052.6,837035
1790309700,2026-09-25T09:45:00,23052.6,23063.75,23052.6,23054.1,775237
1790309760,2026-09-25T09:46:00,23053.6,23056.65,23051.2,23051.95,524623
1790309820,2026-09-25T09:47:00,23051.8,23061.85,23050.65,23061.55,561326
1790309880,2026-09-25T09:48:00,23061.45,23062.7,23053.5,23055.1,700208
1790309940,2026-09-25T09:49:00,23054.9,23057.3,23050.2,23051.8,503655
1790310000,2026-09-25T09:50:00,23051.65,23059.95,23050.65,23053.6,630299
1790310060,2026-09-25T09:51:00,23053.6,23054.2,23046.05,23052.75,666596
1790310120,2026-09-25T09:52:00,23052.55,23055.6,23038.3,23039.5,1057768
1790310180,2026-09-25T09:53:00,23039.85,23041.3,23036.05,23039.95,583482
1790310240,2026-09-25T09:54:00,23040.05,23048.65,23038.4,23046.7,604504
1790310300,2026-09-25T09:55:00,23046.65,23050.5,23044.35,23048.2,633387
1790310360,2026-09-25T09:56:00,23047.75,23058.25,23046.45,23056.55,492546
1790310420,2026-09-25T09:57:00,23056.85,23060.85,23052.3,23058.9,506724
1790310480,2026-09-25T09:58:00,23059.1,23059.1,23050,23055.4,494889
1790310540,2026-09-25T09:59:00,23055.5,23060.65,23053.55,23059,444216
1790310600,2026-09-25T10:00:00,23059,23061.25,23055.25,23056.85,419024
1790310660,2026-09-25T10:01:00,23056.95,23060,23053.8,23056.75,485631
1790310720,2026-09-25T10:02:00,23056.7,23065.5,23056.7,23063.6,570870
1790310780,2026-09-25T10:03:00,23064.55,23075.65,23064.5,23067.3,624565
1790310840,2026-09-25T10:04:00,23067.1,23083,23066.4,23080.75,512508
1790310900,2026-09-25T10:05:00,23080.65,23084.1,23075.05,23075.4,413152
1790310960,2026-09-25T10:06:00,23075.3,23082.25,23075.05,23080.15,449307
1790311020,2026-09-25T10:07:00,23080.1,23085.55,23078.7,23084.15,541805
1790311080,2026-09-25T10:08:00,23084.65,23097.65,23082.95,23094.9,673059
1790311140,2026-09-25T10:09:00,23094.95,23100.5,23090.9,23098.75,667186
1790311200,2026-09-25T10:10:00,23098.95,23103.65,23096,23096.65,712897
1790311260,2026-09-25T10:11:00,23095.9,23099,23093.3,23095.15,725557
1790311320,2026-09-25T10:12:00,23095.15,23104.45,23093.6,23103.45,524190
1790311380,2026-09-25T10:13:00,23103.95,23108.5,23100.95,23101.1,651907
1790311440,2026-09-25T10:14:00,23101.05,23104.65,23100,23100.6,491068
1790311500,2026-09-25T10:15:00,23100.85,23104.1,23099.15,23100.9,446564
1790311560,2026-09-25T10:16:00,23100.8,23106.9,23100.5,23102.5,579498
1790311620,2026-09-25T10:17:00,23102.8,23106,23101.65,23102.6,478517
1790311680,2026-09-25T10:18:00,23102.9,23103.75,23093.3,23095.9,435038
1790311740,2026-09-25T10:19:00,23096.45,23098.95,23093.5,23097.8,454590
1790311800,2026-09-25T10:20:00,23097.8,23099.7,23095.15,23097.95,546242
1790311860,2026-09-25T10:21:00,23097.8,23106.25,23097.55,23105.5,610570
1790311920,2026-09-25T10:22:00,23104.85,23105.5,23097.05,23097.2,392312
1790311980,2026-09-25T10:23:00,23097.25,23098.5,23093.7,23096.5,349696
1790312040,2026-09-25T10:24:00,23096.55,23098.5,23088.5,23089.15,375287
1790312100,2026-09-25T10:25:00,23088.7,23096.8,23086.3,23096.8,443511
1790312160,2026-09-25T10:26:00,23096.95,23098.25,23088.85,23090.7,432779
1790312220,2026-09-25T10:27:00,23092.35,23092.9,23087.7,23088.5,382818
1790312280,2026-09-25T10:28:00,23088.5,23089.2,23078.1,23083,361322
1790312340,2026-09-25T10:29:00,23082.9,23085.45,23078.8,23085.4,456048
1790312400,2026-09-25T10:30:00,23085.15,23088.85,23083.3,23085.9,425861
1790312460,2026-09-25T10:31:00,23085.85,23090.25,23082.75,23083.75,440193
1790312520,2026-09-25T10:32:00,23083.6,23084.05,23074,23077.2,457625
1790312580,2026-09-25T10:33:00,23077.25,23079,23071.25,23071.65,1013648
1790312640,2026-09-25T10:34:00,23071.85,23074.9,23063,23063.95,650433
1790312700,2026-09-25T10:35:00,23063.75,23065.5,23061,23061.8,956178
1790312760,2026-09-25T10:36:00,23062.1,23066.2,23059.45,23064.4,351253
1790312820,2026-09-25T10:37:00,23064.35,23070.25,23063.55,23069.9,353394
1790312880,2026-09-25T10:38:00,23070.3,23071.85,23067.05,23069.75,613068
1790312940,2026-09-25T10:39:00,23069.25,23076,23069.25,23070.35,687077
1790313000,2026-09-25T10:40:00,23070.4,23072.25,23068.85,23069.3,629142
1790313060,2026-09-25T10:41:00,23068.85,23072.1,23062.15,23065.55,1010421
1790313120,2026-09-25T10:42:00,23065.5,23074.55,23065.5,23070.85,905182
1790313180,2026-09-25T10:43:00,23070.65,23071.5,23066.05,23067.95,480694
1790313240,2026-09-25T10:44:00,23068.15,23070.8,23065.1,23065.7,432313
1790313300,2026-09-25T10:45:00,23065.7,23067.1,23059.85,23060.15,449927
1790313360,2026-09-25T10:46:00,23060.35,23061.85,23055.9,23057.7,495255
1790313420,2026-09-25T10:47:00,23057.55,23059.25,23052.8,23053.5,3043690
1790313480,2026-09-25T10:48:00,23053.55,23053.55,23047.5,23049.9,4473289
1790313540,2026-09-25T10:49:00,23049.9,23052.55,23047.95,23051.4,667659
1790313600,2026-09-25T10:50:00,23051.55,23056.3,23048.7,23053.7,817758
1790313660,2026-09-25T10:51:00,23053.5,23058.45,23052.05,23058.1,320077
1790313720,2026-09-25T10:52:00,23058.15,23063.25,23056.95,23060.75,296169
1790313780,2026-09-25T10:53:00,23060.9,23061.15,23056.15,23057.2,339743
1790313840,2026-09-25T10:54:00,23057.05,23061.75,23055.85,23060.35,339436
1790313900,2026-09-25T10:55:00,23061.2,23066.55,23060.35,23065.35,252837
1790313960,2026-09-25T10:56:00,23065.2,23068.3,23062.95,23067.8,308620
1790314020,2026-09-25T10:57:00,23067.65,23068.15,23060.6,23061.45,299352
1790314080,2026-09-25T10:58:00,23061.65,23065.55,23060.8,23063.85,374347
1790314140,2026-09-25T10:59:00,23063.8,23066.05,23062.25,23063.85,334326
1790314200,2026-09-25T11:00:00,23063.8,23069.15,23060.7,23068,307154
1790314260,2026-09-25T11:01:00,23068,23071.75,23064.6,23065.45,799666
1790314320,2026-09-25T11:02:00,23065.45,23083.6,23065.45,23079.35,611279
1790314380,2026-09-25T11:03:00,23079.35,23083.55,23079.15,23079.4,430869
1790314440,2026-09-25T11:04:00,23079.55,23082.95,23077,23077,345428
1790314500,2026-09-25T11:05:00,23076.95,23085.5,23076.5,23084.55,663461
1790314560,2026-09-25T11:06:00,23084.55,23087.25,23083.1,23085.9,326458
1790314620,2026-09-25T11:07:00,23085.6,23091.2,23085.05,23089.05,374974
1790314680,2026-09-25T11:08:00,23089.1,23090.95,23085.25,23088,352707
1790314740,2026-09-25T11:09:00,23088,23091.35,23086.05,23087.8,305906
1790314800,2026-09-25T11:10:00,23087.7,23090.15,23086.9,23088.75,704592
1790314860,2026-09-25T11:11:00,23088.65,23091.9,23087.05,23091.65,764480
1790314920,2026-09-25T11:12:00,23091.85,23093.5,23088.4,23089.05,324311
1790314980,2026-09-25T11:13:00,23088.5,23089.85,23081.75,23085.15,450196
1790315040,2026-09-25T11:14:00,23084.9,23091.8,23082.5,23091.25,638687
1790315100,2026-09-25T11:15:00,23091.25,23093.4,23088.05,23092.1,463300
1790315160,2026-09-25T11:16:00,23092,23095.15,23090.3,23092.95,419856
1790315220,2026-09-25T11:17:00,23093,23098.25,23091.25,23097.55,445818
1790315280,2026-09-25T11:18:00,23097.3,23097.8,23093.7,23097.1,369529
1790315340,2026-09-25T11:19:00,23097.25,23098.05,23092.8,23095.45,642950
1790315400,2026-09-25T11:20:00,23095.2,23098.75,23093.2,23098.05,765121
1790315460,2026-09-25T11:21:00,23097.75,23104.95,23096.7,23101.15,464011
1790315520,2026-09-25T11:22:00,23101.05,23103.35,23098.25,23101.1,394402
1790315580,2026-09-25T11:23:00,23100.85,23102.9,23097.6,23100.25,614878
1790315640,2026-09-25T11:24:00,23100.15,23100.15,23085.6,23086.15,519826
1790315700,2026-09-25T11:25:00,23086.15,23087,23077.2,23079.3,479606
1790315760,2026-09-25T11:26:00,23079.25,23084.65,23076.35,23076.55,403606
1790315820,2026-09-25T11:27:00,23076.55,23079.6,23075.2,23079.2,388876
1790315880,2026-09-25T11:28:00,23079.15,23082.3,23077.95,23078.65,316544
1790315940,2026-09-25T11:29:00,23079.2,23082.75,23076.9,23077.1,465489
1790316000,2026-09-25T11:30:00,23077.1,23080.45,23075.45,23079.55,397599
1790316060,2026-09-25T11:31:00,23079.35,23091.15,23078.2,23087.7,527537
1790316120,2026-09-25T11:32:00,23087.7,23089.5,23084.7,23085.7,295249
1790316180,2026-09-25T11:33:00,23085.8,23089.85,23082.95,23083.45,566099
1790316240,2026-09-25T11:34:00,23083.45,23084.55,23078.2,23083.2,414022
1790316300,2026-09-25T11:35:00,23083.4,23086.45,23082.35,23084.2,294303
1790316360,2026-09-25T11:36:00,23083.05,23085.45,23077.7,23079.55,584990
1790316420,2026-09-25T11:37:00,23079.5,23081.15,23078.1,23079.75,284624
1790316480,2026-09-25T11:38:00,23079.65,23083.25,23078.7,23082.25,366576
1790316540,2026-09-25T11:39:00,23082.3,23086.6,23080.5,23084.55,338141
1790316600,2026-09-25T11:40:00,23084.6,23087.75,23083.1,23084.3,367730
1790316660,2026-09-25T11:41:00,23084.3,23085.7,23081.15,23081.35,353525
1790316720,2026-09-25T11:42:00,23082,23088.05,23080.75,23086.05,391178
1790316780,2026-09-25T11:43:00,23086.1,23088.4,23082.75,23083.85,437540
1790316840,2026-09-25T11:44:00,23083.85,23088.3,23083.1,23083.7,764166
1790316900,2026-09-25T11:45:00,23083.9,23085.3,23081.3,23084.4,481093
1790316960,2026-09-25T11:46:00,23084.25,23086.2,23081.3,23084.85,403414
1790317020,2026-09-25T11:47:00,23085,23088.55,23084.25,23087.45,490182
1790317080,2026-09-25T11:48:00,23087.55,23089,23084.15,23087.3,690993
1790317140,2026-09-25T11:49:00,23087.75,23088.7,23082.85,23083.4,355088
1790317200,2026-09-25T11:50:00,23083.55,23087.75,23082.85,23086.2,486580
1790317260,2026-09-25T11:51:00,23086.05,23088.3,23083.65,23086.35,376602
1790317320,2026-09-25T11:52:00,23086.6,23091.6,23086,23088.65,613374
1790317380,2026-09-25T11:53:00,23088.65,23089.95,23086.65,23086.75,353978
1790317440,2026-09-25T11:54:00,23086.75,23088.5,23083.7,23087.15,553375
1790317500,2026-09-25T11:55:00,23087.15,23089.05,23082.3,23084.25,505160
1790317560,2026-09-25T11:56:00,23084.35,23087.45,23083.05,23085.1,532759
1790317620,2026-09-25T11:57:00,23085.2,23086.55,23081.25,23084.2,332895
1790317680,2026-09-25T11:58:00,23082.8,23085.45,23078.7,23080.6,821911
1790317740,2026-09-25T11:59:00,23080.05,23085.45,23076.05,23076.25,647179
1790317800,2026-09-25T12:00:00,23077,23080.2,23076.05,23076.85,302241
1790317860,2026-09-25T12:01:00,23076.85,23080.45,23074.3,23075.45,615650
1790317920,2026-09-25T12:02:00,23075.45,23078.1,23073.75,23073.8,386586
1790317980,2026-09-25T12:03:00,23073.85,23074.55,23063.65,23064.15,938724
1790318040,2026-09-25T12:04:00,23063.35,23067.15,23059.5,23066.25,370568
1790318100,2026-09-25T12:05:00,23066.65,23070.65,23065.15,23067.2,401425
1790318160,2026-09-25T12:06:00,23067.15,23068.6,23064.2,23065.3,312057
1790318220,2026-09-25T12:07:00,23065.55,23068.85,23062.9,23062.9,317053
1790318280,2026-09-25T12:08:00,23062.85,23067.75,23061.95,23067.25,326371
1790318340,2026-09-25T12:09:00,23067.3,23074.8,23066.3,23074.55,349248
1790318400,2026-09-25T12:10:00,23074.7,23075.45,23069.1,23074.7,382351
1790318460,2026-09-25T12:11:00,23074.85,23083.8,23074.85,23080.95,431759
1790318520,2026-09-25T12:12:00,23081.05,23084.8,23079.55,23082,347716
1790318580,2026-09-25T12:13:00,23082.25,23083.6,23078.75,23080.15,439311
1790318640,2026-09-25T12:14:00,23080.5,23082.25,23077.9,23082,846672
1790318700,2026-09-25T12:15:00,23081.95,23083.75,23079.25,23080.6,328730
1790318760,2026-09-25T12:16:00,23080.55,23083.4,23079.45,23080.7,287532
1790318820,2026-09-25T12:17:00,23080.65,23082.2,23076.55,23077.5,209960
1790318880,2026-09-25T12:18:00,23077.4,23079.55,23076.3,23078.95,293185
1790318940,2026-09-25T12:19:00,23078.95,23082.3,23077.9,23079,395579
1790319000,2026-09-25T12:20:00,23079,23080.2,23075.85,23076.5,255168
1790319060,2026-09-25T12:21:00,23076.45,23077.75,23074.5,23074.6,283538
1790319120,2026-09-25T12:22:00,23074.7,23075.95,23069.7,23070.2,320885
1790319180,2026-09-25T12:23:00,23070.2,23074.7,23069.25,23074.05,381661
1790319240,2026-09-25T12:24:00,23074.15,23076.85,23072.65,23073.85,297271
1790319300,2026-09-25T12:25:00,23073.85,23076.85,23072.85,23074.65,281396
1790319360,2026-09-25T12:26:00,23074.65,23079.2,23074.15,23077.8,320213
1790319420,2026-09-25T12:27:00,23078.65,23081.9,23076.8,23078.3,487926
1790319480,2026-09-25T12:28:00,23078.4,23082.9,23076.25,23081,370700
1790319540,2026-09-25T12:29:00,23080.95,23084.25,23080.35,23082.45,231262
1790319600,2026-09-25T12:30:00,23082.45,23088.45,23081.55,23087.9,299280
1790319660,2026-09-25T12:31:00,23087.5,23089.85,23086.15,23087.85,284384
1790319720,2026-09-25T12:32:00,23087.95,23089.45,23084.65,23085.4,237275
1790319780,2026-09-25T12:33:00,23085.3,23087.15,23081.85,23082.65,334924
1790319840,2026-09-25T12:34:00,23082.6,23085.2,23081.3,23081.85,247657
1790319900,2026-09-25T12:35:00,23081.55,23083.95,23073.05,23074.95,448757
1790319960,2026-09-25T12:36:00,23074.95,23075.2,23063.1,23064.65,419628
1790320020,2026-09-25T12:37:00,23064.5,23071.3,23064.5,23068.75,273833
1790320080,2026-09-25T12:38:00,23068.65,23073.3,23065.9,23070.55,295176
1790320140,2026-09-25T12:39:00,23070.25,23075.3,23070,23073.75,273071
1790320200,2026-09-25T12:40:00,23073.45,23073.75,23068.1,23070.1,326536
1790320260,2026-09-25T12:41:00,23070.25,23070.25,23066.25,23067.85,261870
1790320320,2026-09-25T12:42:00,23067.6,23069.5,23062.45,23062.8,445982
1790320380,2026-09-25T12:43:00,23062.9,23064.85,23057.25,23058.2,410754
1790320440,2026-09-25T12:44:00,23058.1,23061.6,23056.65,23056.75,491224
1790320500,2026-09-25T12:45:00,23057,23058.45,23053.85,23054.95,386736
1790320560,2026-09-25T12:46:00,23054.85,23058.7,23052.95,23053.45,445572
1790320620,2026-09-25T12:47:00,23053.4,23055.15,23050.85,23053.7,513712
1790320680,2026-09-25T12:48:00,23053.9,23055.35,23049.45,23049.95,511556
1790320740,2026-09-25T12:49:00,23049.95,23053.4,23048.35,23048.75,704280
1790320800,2026-09-25T12:50:00,23048.75,23050.2,23043.75,23044.45,476781
1790320860,2026-09-25T12:51:00,23044.25,23048.45,23042.55,23045.85,430893
1790320920,2026-09-25T12:52:00,23045.95,23048.1,23044.05,23047,312405
1790320980,2026-09-25T12:53:00,23046.45,23047.75,23042.8,23045.3,872804
1790321040,2026-09-25T12:54:00,23045.2,23046.45,23041.3,23042.6,540596
1790321100,2026-09-25T12:55:00,23042.55,23044.85,23039.25,23041.2,738467
1790321160,2026-09-25T12:56:00,23041.1,23042.8,23028.7,23028.9,1598347
1790321220,2026-09-25T12:57:00,23028.8,23031.7,23020.95,23030.35,751022
1790321280,2026-09-25T12:58:00,23030.35,23038.05,23030.05,23036.55,509576
1790321340,2026-09-25T12:59:00,23036.5,23041.45,23036,23040.7,357337
1790321400,2026-09-25T13:00:00,23040.7,23049.35,23040.2,23046.8,395030
1790321460,2026-09-25T13:01:00,23046.8,23051.9,23044.9,23050.65,361504
1790321520,2026-09-25T13:02:00,23050.65,23051.75,23043.75,23045.35,296821
1790321580,2026-09-25T13:03:00,23045.35,23048.85,23044.4,23046.4,311506
1790321640,2026-09-25T13:04:00,23046.5,23047.95,23042.55,23043.95,389722
1790321700,2026-09-25T13:05:00,23043.95,23046.55,23042.1,23043.65,312419
1790321760,2026-09-25T13:06:00,23043.65,23045.35,23040.9,23042.75,304897
1790321820,2026-09-25T13:07:00,23042.6,23047.05,23041.9,23044.75,418072
1790321880,2026-09-25T13:08:00,23044.65,23047.65,23042.1,23047.1,450793
1790321940,2026-09-25T13:09:00,23046.45,23051.45,23046.1,23051.3,330053
1790322000,2026-09-25T13:10:00,23050.95,23052.45,23047.65,23050.4,323679
1790322060,2026-09-25T13:11:00,23050.35,23055.4,23050.1,23054,435340
1790322120,2026-09-25T13:12:00,23054.05,23055.45,23051.1,23052.4,301520
1790322180,2026-09-25T13:13:00,23052.5,23053.35,23047.15,23048.7,622622
1790322240,2026-09-25T13:14:00,23048.5,23050.65,23041.1,23043.1,345424
1790322300,2026-09-25T13:15:00,23043,23045.95,23041.1,23042.35,282477
1790322360,2026-09-25T13:16:00,23042.5,23043.85,23039.75,23042.25,232443
1790322420,2026-09-25T13:17:00,23042.25,23044.25,23038.1,23039.8,367341
1790322480,2026-09-25T13:18:00,23039.85,23040.8,23036,23037.7,343703
1790322540,2026-09-25T13:19:00,23037.6,23040,23035.8,23037.5,292421
1790322600,2026-09-25T13:20:00,23037.6,23042.6,23037.25,23039,339168
1790322660,2026-09-25T13:21:00,23038.9,23042.1,23037.7,23039.6,289201
1790322720,2026-09-25T13:22:00,23039.75,23042.65,23037.65,23038.75,429966
1790322780,2026-09-25T13:23:00,23041.6,23041.6,23035.7,23039.4,579376
1790322840,2026-09-25T13:24:00,23039.5,23039.55,23030.65,23032.8,421310
1790322900,2026-09-25T13:25:00,23032.95,23038.2,23031.25,23037.95,572120
1790322960,2026-09-25T13:26:00,23037.8,23043.35,23035.95,23040.25,423138
1790323020,2026-09-25T13:27:00,23040.25,23041.85,23037.6,23038.75,316162
1790323080,2026-09-25T13:28:00,23038.55,23040.4,23034.75,23036.75,374330
1790323140,2026-09-25T13:29:00,23036.7,23041.75,23035.3,23040.45,563873
1790323200,2026-09-25T13:30:00,23040.35,23042.3,23036.95,23037.9,761885
1790323260,2026-09-25T13:31:00,23037.7,23041.2,23036.4,23039.6,336930
1790323320,2026-09-25T13:32:00,23039.95,23040.8,23035.45,23037.4,534144
1790323380,2026-09-25T13:33:00,23037.8,23038.7,23033.25,23034.4,514725
1790323440,2026-09-25T13:34:00,23034.3,23035.4,23030.3,23032.45,359458
1790323500,2026-09-25T13:35:00,23032.35,23034.15,23027.25,23034.05,463437
1790323560,2026-09-25T13:36:00,23033.25,23036.05,23030,23035.2,411299
1790323620,2026-09-25T13:37:00,23035.1,23038.7,23028.1,23038.15,413586
1790323680,2026-09-25T13:38:00,23038.25,23039.3,23034.15,23038,343851
1790323740,2026-09-25T13:39:00,23037.7,23042.3,23036.15,23036.9,438419
1790323800,2026-09-25T13:40:00,23037,23042.75,23035.65,23041.3,969355
1790323860,2026-09-25T13:41:00,23040.65,23044.1,23039.05,23040.55,442050
1790323920,2026-09-25T13:42:00,23040.45,23043.4,23039,23041.9,476561
1790323980,2026-09-25T13:43:00,23042.4,23047.9,23040.4,23042.05,389800
1790324040,2026-09-25T13:44:00,23041.9,23045.6,23039.95,23043.15,346420
1790324100,2026-09-25T13:45:00,23043.2,23045.3,23040.25,23044.9,479879
1790324160,2026-09-25T13:46:00,23044.65,23050.2,23043.9,23050.2,465018
1790324220,2026-09-25T13:47:00,23050.5,23054.1,23045.45,23048.95,531270
1790324280,2026-09-25T13:48:00,23049.05,23050.2,23044.8,23047.5,633340
1790324340,2026-09-25T13:49:00,23047.4,23050.1,23043.15,23044.4,368074
1790324400,2026-09-25T13:50:00,23044.55,23045.25,23041.7,23042.1,334896
1790324460,2026-09-25T13:51:00,23041.85,23046.35,23040.85,23045.85,380949
1790324520,2026-09-25T13:52:00,23045.9,23049,23043.7,23045.45,494038
1790324580,2026-09-25T13:53:00,23045.55,23047.65,23042.3,23043.55,387776
1790324640,2026-09-25T13:54:00,23043.55,23049.25,23043.05,23046.55,383497
1790324700,2026-09-25T13:55:00,23046.6,23047.9,23044.75,23047.85,342679
1790324760,2026-09-25T13:56:00,23047.85,23055.65,23047,23054.45,467478
1790324820,2026-09-25T13:57:00,23054.4,23055.7,23048.8,23050.05,454503
1790324880,2026-09-25T13:58:00,23049.6,23055.05,23048.4,23053.8,451035
1790324940,2026-09-25T13:59:00,23053.8,23063.7,23053,23063.2,423858
1790325000,2026-09-25T14:00:00,23063.1,23091.7,23063.1,23089.25,893106
1790325060,2026-09-25T14:01:00,23089.45,23101,23086.2,23099.7,1148807
1790325120,2026-09-25T14:02:00,23099.05,23106.3,23090.75,23095,1173844
1790325180,2026-09-25T14:03:00,23094.85,23153.9,23094.6,23153.9,2171672
1790325240,2026-09-25T14:04:00,23153.3,23162.7,23144.75,23152.3,1592917
1790325300,2026-09-25T14:05:00,23151.95,23158.15,23134.45,23139.3,1321733
1790325360,2026-09-25T14:06:00,23139.3,23147.9,23138,23140.45,750443
1790325420,2026-09-25T14:07:00,23140.4,23143.45,23134.55,23136.1,754284
1790325480,2026-09-25T14:08:00,23136.95,23139.75,23123.25,23126.3,1001450
1790325540,2026-09-25T14:09:00,23125.5,23127.2,23107.7,23111.4,611368
1790325600,2026-09-25T14:10:00,23111.2,23121.45,23110.9,23120.8,598325
1790325660,2026-09-25T14:11:00,23120.85,23128.05,23118.25,23127.7,632844
1790325720,2026-09-25T14:12:00,23127.05,23127.4,23117.35,23118.95,836276
1790325780,2026-09-25T14:13:00,23118.95,23120.5,23114.55,23114.55,482383
1790325840,2026-09-25T14:14:00,23114.9,23118.05,23112.95,23116.3,557163
1790325900,2026-09-25T14:15:00,23116.45,23125.05,23116.45,23121,677088
1790325960,2026-09-25T14:16:00,23120.15,23127.85,23118,23123.25,585872
1790326020,2026-09-25T14:17:00,23123.25,23126.6,23121.7,23124.15,623791
1790326080,2026-09-25T14:18:00,23124.35,23132.6,23124.25,23130.9,584721
1790326140,2026-09-25T14:19:00,23130.75,23132.15,23122.25,23124.25,491868
1790326200,2026-09-25T14:20:00,23124.25,23124.6,23112.4,23113.2,639987
1790326260,2026-09-25T14:21:00,23113.5,23122.7,23113.4,23119.05,900888
1790326320,2026-09-25T14:22:00,23119.25,23120.5,23114.8,23118.3,1088557
1790326380,2026-09-25T14:23:00,23118.6,23120.4,23113.8,23114.95,456788
1790326440,2026-09-25T14:24:00,23114.7,23118.3,23110.1,23112.75,690775
1790326500,2026-09-25T14:25:00,23112.35,23126.55,23112.35,23122.85,688815
1790326560,2026-09-25T14:26:00,23123.15,23128.8,23109.05,23121.7,1735015
1790326620,2026-09-25T14:27:00,23121.8,23124,23113,23115.3,1049505
1790326680,2026-09-25T14:28:00,23115.3,23121.45,23112.25,23120.55,630581
1790326740,2026-09-25T14:29:00,23120.3,23122.5,23117.8,23118.9,1004347
1790326800,2026-09-25T14:30:00,23119,23132.5,23118.3,23132.15,1132730
1790326860,2026-09-25T14:31:00,23132.45,23134.75,23124.45,23131.2,746076
1790326920,2026-09-25T14:32:00,23131.3,23134.95,23128.65,23133.1,779627
1790326980,2026-09-25T14:33:00,23133.3,23136.65,23130.8,23134.35,1025774
1790327040,2026-09-25T14:34:00,23134.9,23137,23128.65,23133.2,1117171
1790327100,2026-09-25T14:35:00,23133.4,23135.45,23128.2,23129.65,634208
1790327160,2026-09-25T14:36:00,23129.7,23133.6,23128.05,23130.6,447097
1790327220,2026-09-25T14:37:00,23130.15,23135.75,23128.6,23134.8,679227
1790327280,2026-09-25T14:38:00,23134.8,23137.9,23133.3,23134.5,463645
1790327340,2026-09-25T14:39:00,23134.8,23138.95,23133.3,23137.8,883073
1790327400,2026-09-25T14:40:00,23137.75,23139.15,23129.9,23130.25,510006
1790327460,2026-09-25T14:41:00,23130.2,23131.05,23123.9,23127.75,610355
1790327520,2026-09-25T14:42:00,23127.75,23129.3,23123.4,23123.75,635675
1790327580,2026-09-25T14:43:00,23123.8,23125.15,23117.65,23119.1,799166
1790327640,2026-09-25T14:44:00,23118.75,23122.5,23116.95,23122.05,1176395
1790327700,2026-09-25T14:45:00,23122.05,23125.7,23120.15,23123.6,954823
1790327760,2026-09-25T14:46:00,23123.7,23126.5,23121.95,23125.55,722603
1790327820,2026-09-25T14:47:00,23125.6,23127.3,23122.15,23122.7,689174
1790327880,2026-09-25T14:48:00,23122.6,23126.2,23116.75,23118.35,705782
1790327940,2026-09-25T14:49:00,23117.6,23120.9,23112.25,23113.55,732403
1790328000,2026-09-25T14:50:00,23113.35,23115.8,23108.2,23112.4,1192493
1790328060,2026-09-25T14:51:00,23112.6,23115.25,23108.95,23114.7,882839
1790328120,2026-09-25T14:52:00,23114.75,23118.2,23113.5,23118.1,812723
1790328180,2026-09-25T14:53:00,23118.05,23121.6,23116.8,23118.85,1309086
1790328240,2026-09-25T14:54:00,23118.95,23123.75,23118.2,23123.2,1162141
1790328300,2026-09-25T14:55:00,23123.2,23124.45,23116.65,23117.7,794287
1790328360,2026-09-25T14:56:00,23117.75,23122.3,23116.8,23120.65,744531
1790328420,2026-09-25T14:57:00,23120.6,23121.75,23116.45,23118.95,751170
1790328480,2026-09-25T14:58:00,23119.2,23122.9,23118.2,23121.9,927998
1790328540,2026-09-25T14:59:00,23122.3,23124,23119.65,23123.4,840001
1790328600,2026-09-25T15:00:00,23123.1,23124.7,23112.05,23114.95,1179150
1790328660,2026-09-25T15:01:00,23114.9,23115.5,23108.65,23109.15,1164065
1790328720,2026-09-25T15:02:00,23109.85,23113.25,23103.5,23111.95,1503181
1790328780,2026-09-25T15:03:00,23112,23113,23108.8,23109.95,939078
1790328840,2026-09-25T15:04:00,23110.4,23113.95,23108.5,23113.55,1053077
1790328900,2026-09-25T15:05:00,23113.05,23115.3,23110.25,23112.35,2077716
1790328960,2026-09-25T15:06:00,23112.25,23120.8,23110.85,23119.2,1519845
1790329020,2026-09-25T15:07:00,23119.15,23120.25,23112.1,23114.2,1297783
1790329080,2026-09-25T15:08:00,23114.35,23114.8,23107.9,23109.25,1344601
1790329140,2026-09-25T15:09:00,23110.2,23110.2,23104.4,23107.9,1502238
1790329200,2026-09-25T15:10:00,23107.9,23117.15,23107.35,23116,2272976
1790329260,2026-09-25T15:11:00,23117.3,23118.25,23113.05,23114.2,1728376
1790329320,2026-09-25T15:12:00,23113.7,23121.45,23110.2,23115.95,2588018
1790329380,2026-09-25T15:13:00,23116.35,23120.2,23110.95,23117.75,1920894
1790329440,2026-09-25T15:14:00,23117.5,23130.45,23117.1,23127.6,1108439
1790329500,2026-09-25T15:15:00,23128.1,23128.1,23128.1,23128.1,1177
1790329560,2026-09-25T15:16:00,23128.1,23128.1,23128.1,23128.1,1177
1790329620,2026-09-25T15:17:00,23128.1,23128.1,23128.1,23128.1,1177
1790329680,2026-09-25T15:18:00,23128.1,23128.1,23128.1,23128.1,1177
1790329740,2026-09-25T15:19:00,23128.1,23128.1,23128.1,23128.1,1177
1790329800,2026-09-25T15:20:00,23128.1,23128.1,23128.1,23128.1,1177
1790329860,2026-09-25T15:21:00,23128.1,23128.1,23128.1,23128.1,1177
1790329920,2026-09-25T15:22:00,23128.1,23128.1,23128.1,23128.1,1177
1790329980,2026-09-25T15:23:00,23128.1,23128.1,23128.1,23128.1,1177
1790330040,2026-09-25T15:24:00,23128.1,23128.1,23128.1,23128.1,1177
1790330100,2026-09-25T15:25:00,23128.1,23128.1,23128.1,23128.1,1177
1790330160,2026-09-25T15:26:00,23128.1,23128.1,23128.1,23128.1,1177
1790330220,2026-09-25T15:27:00,23128.1,23128.1,23128.1,23128.1,1177
1790330280,2026-09-25T15:28:00,23128.1,23140.5,23128.1,23140.5,1177
1790330340,2026-09-25T15:29:00,23140.5,23140.5,23140.5,23140.5,1177
1790567100,2026-09-28T09:15:00,23064.9,23080.25,22972.45,22974.6,3618152
1790567160,2026-09-28T09:16:00,22974.85,22974.85,22946.2,22965.2,2061748
1790567220,2026-09-28T09:17:00,22966.65,22970.85,22963.2,22969.05,1743000
1790567280,2026-09-28T09:18:00,22970.4,22977.45,22961.9,22965.75,1229904
1790567340,2026-09-28T09:19:00,22966.85,22967.85,22947.55,22949.5,1188047
1790567400,2026-09-28T09:20:00,22951.7,22951.8,22922.15,22927.2,1615341
1790567460,2026-09-28T09:21:00,22928.15,22928.25,22917.15,22919.9,1162214
1790567520,2026-09-28T09:22:00,22920.05,22923.3,22914.1,22917,1129112
1790567580,2026-09-28T09:23:00,22918.65,22928.45,22918.05,22923.65,998959
1790567640,2026-09-28T09:24:00,22926.6,22937.9,22922.4,22926.5,860237
1790567700,2026-09-28T09:25:00,22928.7,22928.7,22913.7,22914.2,836461
1790567760,2026-09-28T09:26:00,22916.5,22918.35,22911.65,22912.95,908384
1790567820,2026-09-28T09:27:00,22913.8,22915.25,22907.6,22907.65,856898
1790567880,2026-09-28T09:28:00,22908.9,22912.35,22905.25,22909.65,741626
1790567940,2026-09-28T09:29:00,22910.65,22911.65,22906.35,22908.6,688203
1790568000,2026-09-28T09:30:00,22909.6,22910.2,22900.2,22907.55,1206672
1790568060,2026-09-28T09:31:00,22908.45,22912.1,22904.8,22905.7,828909
1790568120,2026-09-28T09:32:00,22907.05,22907.75,22899.35,22901.45,1012395
1790568180,2026-09-28T09:33:00,22902.7,22902.7,22892.65,22893.55,1004943
1790568240,2026-09-28T09:34:00,22894.25,22894.25,22889.25,22893.25,781102
1790568300,2026-09-28T09:35:00,22895.6,22895.75,22869.6,22878.5,1124101
1790568360,2026-09-28T09:36:00,22878.8,22878.8,22866,22867.8,944849
1790568420,2026-09-28T09:37:00,22869.15,22869.15,22862.75,22864.7,961209
1790568480,2026-09-28T09:38:00,22865.9,22867.25,22856.05,22862.1,1063771
1790568540,2026-09-28T09:39:00,22863.95,22866.65,22860.15,22861.45,839316
1790568600,2026-09-28T09:40:00,22863.05,22864.3,22856.75,22862.95,805377
1790568660,2026-09-28T09:41:00,22864.9,22873.7,22864.9,22870.45,790483
1790568720,2026-09-28T09:42:00,22871.9,22871.9,22861.5,22864.4,904501
1790568780,2026-09-28T09:43:00,22865.65,22865.65,22855.85,22860.85,2219266
1790568840,2026-09-28T09:44:00,22861.2,22862,22855.45,22857.4,594414
1790568900,2026-09-28T09:45:00,22857.9,22867.05,22856.3,22866.7,876658
1790568960,2026-09-28T09:46:00,22866.9,22873.05,22865.6,22870.8,732988
1790569020,2026-09-28T09:47:00,22871.5,22877.35,22870.3,22875.75,1546418
1790569080,2026-09-28T09:48:00,22876.15,22878.6,22867.6,22868.2,729804
1790569140,2026-09-28T09:49:00,22868.55,22874.75,22865.95,22874.75,661595
1790569200,2026-09-28T09:50:00,22875.4,22876.3,22869.5,22873.25,670071
1790569260,2026-09-28T09:51:00,22873.95,22875.4,22866.9,22868.35,730657
1790569320,2026-09-28T09:52:00,22868.3,22876.5,22865.7,22874.8,740470
1790569380,2026-09-28T09:53:00,22876.65,22880.9,22875,22877.3,747846
1790569440,2026-09-28T09:54:00,22877.4,22877.85,22870.45,22871.2,586283
1790569500,2026-09-28T09:55:00,22873.25,22877.1,22869.45,22870.8,915199
1790569560,2026-09-28T09:56:00,22871.95,22875.3,22867.15,22875.1,688807
1790569620,2026-09-28T09:57:00,22876.1,22877.9,22872.85,22875.9,510097
1790569680,2026-09-28T09:58:00,22876.8,22886.5,22875.9,22884.25,652120
1790569740,2026-09-28T09:59:00,22884.55,22884.55,22874.7,22874.9,508340
1790569800,2026-09-28T10:00:00,22874.1,22876.35,22865.55,22866.9,638296
1790569860,2026-09-28T10:01:00,22867.4,22873.75,22864.8,22873.75,559881
1790569920,2026-09-28T10:02:00,22874.15,22879.55,22871.85,22877.1,618028
1790569980,2026-09-28T10:03:00,22879.5,22880.35,22872.65,22875.1,600962
1790570040,2026-09-28T10:04:00,22875.85,22876.1,22867.75,22872.85,463837
1790570100,2026-09-28T10:05:00,22873.75,22875.95,22864.35,22864.85,698022
1790570160,2026-09-28T10:06:00,22864.95,22867.25,22861.3,22862.3,718602
1790570220,2026-09-28T10:07:00,22862.8,22867.6,22860.45,22866.6,692630
1790570280,2026-09-28T10:08:00,22867,22868.3,22864.05,22864.1,326458
1790570340,2026-09-28T10:09:00,22864.4,22864.4,22850.2,22852,572655
1790570400,2026-09-28T10:10:00,22851.75,22854.65,22849.9,22854.65,660386
1790570460,2026-09-28T10:11:00,22854.75,22864.55,22854.1,22863.8,575802
1790570520,2026-09-28T10:12:00,22864.75,22867.2,22860.4,22860.8,576328
1790570580,2026-09-28T10:13:00,22861.55,22870.3,22860.1,22870.3,463457
1790570640,2026-09-28T10:14:00,22870.8,22871.75,22865.3,22865.4,446818
1790570700,2026-09-28T10:15:00,22865.8,22865.8,22855.95,22859.35,468516
1790570760,2026-09-28T10:16:00,22859.45,22859.75,22856.3,22856.85,436354
1790570820,2026-09-28T10:17:00,22857.8,22858.05,22839.65,22839.9,669777
1790570880,2026-09-28T10:18:00,22840.7,22848.15,22837.75,22845.65,629371
1790570940,2026-09-28T10:19:00,22846.1,22851.85,22844.85,22851.5,481866
1790571000,2026-09-28T10:20:00,22852.05,22860.3,22851.25,22856.75,589950
1790571060,2026-09-28T10:21:00,22857.25,22857.5,22848.5,22849.45,377191
1790571120,2026-09-28T10:22:00,22849.65,22849.85,22841.5,22843.3,701475
1790571180,2026-09-28T10:23:00,22845.15,22849,22842.7,22844.05,530751
1790571240,2026-09-28T10:24:00,22845.95,22845.95,22836.15,22838.2,542442
1790571300,2026-09-28T10:25:00,22839.15,22842.3,22834.9,22835.9,432697
1790571360,2026-09-28T10:26:00,22837.1,22840.85,22834.35,22835.7,549126
1790571420,2026-09-28T10:27:00,22836.2,22837.7,22833.8,22834.4,590127
1790571480,2026-09-28T10:28:00,22835.6,22839.8,22834.2,22839.3,537810
1790571540,2026-09-28T10:29:00,22840.35,22843.85,22838.4,22842.95,541134
1790571600,2026-09-28T10:30:00,22843.4,22851.65,22842.6,22848.1,609662
1790571660,2026-09-28T10:31:00,22849.55,22849.55,22845.35,22847.95,351045
1790571720,2026-09-28T10:32:00,22849.1,22849.1,22842.3,22845.2,429703
1790571780,2026-09-28T10:33:00,22845.2,22847.95,22844.2,22845.25,424565
1790571840,2026-09-28T10:34:00,22845.05,22845.25,22839.75,22841.75,344679
1790571900,2026-09-28T10:35:00,22841.9,22844.2,22840.7,22841.65,396808
1790571960,2026-09-28T10:36:00,22842.25,22852.7,22841.65,22847.2,529437
1790572020,2026-09-28T10:37:00,22847.8,22847.95,22839.65,22841.35,373188
1790572080,2026-09-28T10:38:00,22841.5,22842.3,22836.05,22836.4,456662
1790572140,2026-09-28T10:39:00,22837.3,22838.25,22829.4,22830.55,555242
1790572200,2026-09-28T10:40:00,22830.55,22835.9,22829,22833.05,443257
1790572260,2026-09-28T10:41:00,22834.15,22834.15,22821.3,22822.9,563656
1790572320,2026-09-28T10:42:00,22822.95,22826.1,22820.25,22824.55,686299
1790572380,2026-09-28T10:43:00,22825.45,22827.75,22820.7,22826,468132
1790572440,2026-09-28T10:44:00,22827.2,22827.75,22824.35,22827.25,447992
1790572500,2026-09-28T10:45:00,22827.4,22830.95,22825.45,22829.35,476213
1790572560,2026-09-28T10:46:00,22829.9,22834.1,22828.05,22830.25,456586
1790572620,2026-09-28T10:47:00,22830.8,22831.1,22826.45,22828.9,540097
1790572680,2026-09-28T10:48:00,22830.25,22830.25,22822.7,22823.25,591404
1790572740,2026-09-28T10:49:00,22823.6,22825.55,22821.5,22822.85,563861
1790572800,2026-09-28T10:50:00,22823.8,22824.05,22819.95,22824,922537
1790572860,2026-09-28T10:51:00,22824.6,22825.25,22820.65,22825.15,771573
1790572920,2026-09-28T10:52:00,22825.35,22827.35,22819.65,22820.65,590339
1790572980,2026-09-28T10:53:00,22823,22825.2,22819.8,22821.7,663813
1790573040,2026-09-28T10:54:00,22821.95,22829.95,22820.4,22828,426982
1790573100,2026-09-28T10:55:00,22829.2,22835.05,22828.6,22834.2,442418
1790573160,2026-09-28T10:56:00,22835.75,22837.1,22833.5,22834.95,313837
1790573220,2026-09-28T10:57:00,22836.3,22839.85,22834.85,22839.35,418986
1790573280,2026-09-28T10:58:00,22840.4,22841.7,22837.6,22840.75,316398
1790573340,2026-09-28T10:59:00,22841.3,22845.55,22838,22838.85,562123
1790573400,2026-09-28T11:00:00,22839.3,22840,22831.75,22832.85,565526
1790573460,2026-09-28T11:01:00,22833.7,22836.15,22830.3,22834.8,425301
1790573520,2026-09-28T11:02:00,22836.05,22837.3,22832.6,22835.95,318215
1790573580,2026-09-28T11:03:00,22836.9,22836.9,22830.35,22831,978961
1790573640,2026-09-28T11:04:00,22831.8,22831.9,22823.35,22824,401573
1790573700,2026-09-28T11:05:00,22825.65,22825.65,22820.8,22823.85,958644
1790573760,2026-09-28T11:06:00,22824.65,22828.25,22822.8,22827.05,512109
1790573820,2026-09-28T11:07:00,22827.95,22830.4,22825.65,22826,458079
1790573880,2026-09-28T11:08:00,22827.4,22827.4,22823,22823.2,380932
1790573940,2026-09-28T11:09:00,22825.05,22826.95,22823.35,22824.85,418460
1790574000,2026-09-28T11:10:00,22825.95,22828.45,22823.45,22824,320561
1790574060,2026-09-28T11:11:00,22824.45,22825.6,22818.7,22818.7,387504
1790574120,2026-09-28T11:12:00,22819.35,22820.5,22815.35,22819.55,533810
1790574180,2026-09-28T11:13:00,22820.05,22823.6,22819.25,22822.6,396300
1790574240,2026-09-28T11:14:00,22823.45,22823.8,22819.4,22820.7,295673
1790574300,2026-09-28T11:15:00,22822.25,22824.5,22817.3,22820,497843
1790574360,2026-09-28T11:16:00,22821.05,22821.05,22808.1,22808.9,553807
1790574420,2026-09-28T11:17:00,22810.55,22813.65,22809.7,22812.95,667946
1790574480,2026-09-28T11:18:00,22813.85,22814.6,22807.55,22814.6,805835
1790574540,2026-09-28T11:19:00,22815.8,22820.05,22814.1,22818.2,537536
1790574600,2026-09-28T11:20:00,22820.2,22823.25,22816,22818.5,377328
1790574660,2026-09-28T11:21:00,22818.6,22820.15,22815.45,22817,346400
1790574720,2026-09-28T11:22:00,22818.15,22819.3,22815.25,22815.3,458867
1790574780,2026-09-28T11:23:00,22816.3,22816.3,22811.45,22813.95,430577
1790574840,2026-09-28T11:24:00,22815,22815.2,22808.9,22810.6,422029
1790574900,2026-09-28T11:25:00,22812.1,22815.9,22810.95,22814.6,377528
1790574960,2026-09-28T11:26:00,22815.65,22817.8,22813.6,22816.3,332438
1790575020,2026-09-28T11:27:00,22818.45,22825.1,22816,22824.15,532920
1790575080,2026-09-28T11:28:00,22825.3,22829.1,22823.55,22828.25,540504
1790575140,2026-09-28T11:29:00,22829.95,22833.6,22828.95,22829.95,391707
1790575200,2026-09-28T11:30:00,22831.35,22835.7,22829.1,22832.7,533094
1790575260,2026-09-28T11:31:00,22833.6,22835.6,22830.15,22835.45,723068
1790575320,2026-09-28T11:32:00,22836.3,22840.8,22833.85,22838.3,555727
1790575380,2026-09-28T11:33:00,22839.25,22839.25,22827.2,22828,600629
1790575440,2026-09-28T11:34:00,22828.95,22829.3,22824.25,22825.75,400752
1790575500,2026-09-28T11:35:00,22826.5,22828.75,22822.9,22825.4,600736
1790575560,2026-09-28T11:36:00,22825.55,22828.65,22823.95,22828.25,512346
1790575620,2026-09-28T11:37:00,22829,22836.55,22828,22834.05,700006
1790575680,2026-09-28T11:38:00,22835.25,22837.35,22833.1,22836.45,414311
1790575740,2026-09-28T11:39:00,22837.15,22838.15,22835.45,22836.95,541841
1790575800,2026-09-28T11:40:00,22837.6,22843.7,22836.2,22843.2,521912
1790575860,2026-09-28T11:41:00,22843.85,22849.15,22840.75,22847.3,545042
1790575920,2026-09-28T11:42:00,22847.95,22847.95,22844.7,22846.5,612568
1790575980,2026-09-28T11:43:00,22847.9,22847.9,22842.8,22843.65,444030
1790576040,2026-09-28T11:44:00,22844.1,22844.25,22840.5,22842.05,456061
1790576100,2026-09-28T11:45:00,22842.95,22846.9,22840.9,22844.6,583764
1790576160,2026-09-28T11:46:00,22846.4,22849.35,22843.1,22845.1,589826
1790576220,2026-09-28T11:47:00,22846.85,22847.15,22842.85,22843.8,503964
1790576280,2026-09-28T11:48:00,22843.9,22846.9,22839.95,22845.7,567240
1790576340,2026-09-28T11:49:00,22846.7,22847.3,22838.1,22838.95,578067
1790576400,2026-09-28T11:50:00,22841.15,22843.1,22837.35,22838.95,612723
1790576460,2026-09-28T11:51:00,22839.4,22839.4,22829.4,22830.8,678401
1790576520,2026-09-28T11:52:00,22831.8,22837.2,22829.95,22835.95,945303
1790576580,2026-09-28T11:53:00,22836.9,22838.65,22834.4,22836.5,835085
1790576640,2026-09-28T11:54:00,22837.35,22837.8,22831.5,22832.1,464741
1790576700,2026-09-28T11:55:00,22834.15,22834.15,22824.7,22824.8,445456
1790576760,2026-09-28T11:56:00,22826.6,22826.6,22813.9,22817.55,662844
1790576820,2026-09-28T11:57:00,22818.25,22822.45,22816.45,22820.5,478369
1790576880,2026-09-28T11:58:00,22821.75,22824.3,22818.4,22821.95,483379
1790576940,2026-09-28T11:59:00,22823.45,22828.2,22820.7,22826.35,406923
1790577000,2026-09-28T12:00:00,22827.7,22827.7,22822.75,22826.45,444534
1790577060,2026-09-28T12:01:00,22827.4,22834.9,22826.45,22832.9,521871
1790577120,2026-09-28T12:02:00,22834.05,22835.6,22832.05,22834.7,480027
1790577180,2026-09-28T12:03:00,22834.85,22835.65,22827.2,22829.65,682735
1790577240,2026-09-28T12:04:00,22830.9,22832.05,22822.45,22823.85,1257584
1790577300,2026-09-28T12:05:00,22824.65,22836,22822.55,22835.75,887825
1790577360,2026-09-28T12:06:00,22836.2,22837.95,22833.2,22835.35,1005072
1790577420,2026-09-28T12:07:00,22837.4,22838.1,22832.2,22834.2,625551
1790577480,2026-09-28T12:08:00,22835,22835,22829.85,22833.75,418357
1790577540,2026-09-28T12:09:00,22835.2,22835.95,22831,22832.3,660193
1790577600,2026-09-28T12:10:00,22833.65,22834.2,22828.85,22831.7,1723668
1790577660,2026-09-28T12:11:00,22832.25,22834.1,22829.85,22830.95,395985
1790577720,2026-09-28T12:12:00,22831.6,22833.45,22827.55,22832.15,506167
1790577780,2026-09-28T12:13:00,22832.9,22833.7,22828.2,22829.85,392545
1790577840,2026-09-28T12:14:00,22830.7,22835,22829.6,22834.15,325456
1790577900,2026-09-28T12:15:00,22835.25,22835.25,22825.45,22826.1,683651
1790577960,2026-09-28T12:16:00,22826.9,22832.55,22824.8,22830.75,492652
1790578020,2026-09-28T12:17:00,22832.7,22833.75,22828.65,22832.7,699817
1790578080,2026-09-28T12:18:00,22834.4,22834.8,22831.2,22833.95,1051487
1790578140,2026-09-28T12:19:00,22834.85,22837.3,22833.55,22836.4,327185
1790578200,2026-09-28T12:20:00,22836.9,22837.7,22833.85,22835.45,418038
1790578260,2026-09-28T12:21:00,22835.5,22835.5,22832.25,22832.85,425987
1790578320,2026-09-28T12:22:00,22834.4,22834.4,22830.15,22831.1,555670
1790578380,2026-09-28T12:23:00,22831.85,22838.6,22830.45,22838.15,485367
1790578440,2026-09-28T12:24:00,22839.3,22844,22836.25,22844,626701
1790578500,2026-09-28T12:25:00,22844.5,22847.65,22843.6,22845.85,488960
1790578560,2026-09-28T12:26:00,22847.65,22851.25,22845.75,22847.7,1480820
1790578620,2026-09-28T12:27:00,22849.05,22849.05,22840.85,22841.65,619911
1790578680,2026-09-28T12:28:00,22843.4,22849.3,22841.3,22848.5,362669
1790578740,2026-09-28T12:29:00,22849.6,22855.45,22847.1,22853.8,396251
1790578800,2026-09-28T12:30:00,22854.95,22855.35,22847.65,22848.5,521835
1790578860,2026-09-28T12:31:00,22849.75,22849.8,22841.3,22846.4,520638
1790578920,2026-09-28T12:32:00,22848.45,22850.05,22843.95,22848.65,327293
1790578980,2026-09-28T12:33:00,22850,22850,22840.85,22841.8,429999
1790579040,2026-09-28T12:34:00,22843.35,22843.35,22835.5,22839.05,556816
1790579100,2026-09-28T12:35:00,22839.95,22840.05,22836.1,22839.35,553053
1790579160,2026-09-28T12:36:00,22840.4,22840.45,22837.05,22838.2,435522
1790579220,2026-09-28T12:37:00,22839.15,22842.75,22838.1,22840.4,532485
1790579280,2026-09-28T12:38:00,22841.4,22841.9,22837.65,22839.85,535643
1790579340,2026-09-28T12:39:00,22841.15,22841.15,22837.3,22839.35,610754
1790579400,2026-09-28T12:40:00,22840.25,22842.1,22838.7,22839.4,518686
1790579460,2026-09-28T12:41:00,22840.15,22844.15,22838.85,22843.4,479698
1790579520,2026-09-28T12:42:00,22844.3,22844.45,22840.75,22843.85,1029382
1790579580,2026-09-28T12:43:00,22844.1,22848.15,22842.65,22843.7,568946
1790579640,2026-09-28T12:44:00,22844.85,22844.85,22837.65,22838.45,343260
1790579700,2026-09-28T12:45:00,22839.6,22840.15,22835.25,22837.65,1070319
1790579760,2026-09-28T12:46:00,22839.05,22842.2,22837.65,22841,733085
1790579820,2026-09-28T12:47:00,22841.9,22841.9,22837.85,22839.2,536557
1790579880,2026-09-28T12:48:00,22841.2,22841.35,22835.2,22836.95,530964
1790579940,2026-09-28T12:49:00,22837.9,22839.1,22835.85,22837.55,423830
1790580000,2026-09-28T12:50:00,22838.7,22839.3,22834.7,22835.45,504043
1790580060,2026-09-28T12:51:00,22835.9,22838.8,22834.5,22838.05,402443
1790580120,2026-09-28T12:52:00,22838.65,22840.2,22830.75,22831.9,391279
1790580180,2026-09-28T12:53:00,22832.75,22832.75,22827.7,22829.35,566342
1790580240,2026-09-28T12:54:00,22830.25,22833.95,22828.7,22832.25,500119
1790580300,2026-09-28T12:55:00,22832.45,22832.45,22828.05,22831.1,443086
1790580360,2026-09-28T12:56:00,22832.7,22833.35,22828.35,22829.75,412677
1790580420,2026-09-28T12:57:00,22830.95,22830.95,22822.85,22823.7,801346
1790580480,2026-09-28T12:58:00,22824.95,22828.75,22822.8,22828.4,655016
1790580540,2026-09-28T12:59:00,22829.7,22832.7,22827.7,22830.15,965517
1790580600,2026-09-28T13:00:00,22831.2,22832.6,22827.3,22827.9,668375
1790580660,2026-09-28T13:01:00,22829.45,22831.35,22827.9,22830.8,1235479
1790580720,2026-09-28T13:02:00,22831.55,22831.55,22826.8,22827.35,875845
1790580780,2026-09-28T13:03:00,22828.85,22829.75,22826.7,22828.35,727831
1790580840,2026-09-28T13:04:00,22829.1,22829.1,22820.9,22821.2,551067
1790580900,2026-09-28T13:05:00,22822.45,22822.45,22819.95,22822.35,523229
1790580960,2026-09-28T13:06:00,22823.3,22824.45,22820.35,22822.5,474006
1790581020,2026-09-28T13:07:00,22823.3,22824.3,22818.5,22820.5,416328
1790581080,2026-09-28T13:08:00,22821.5,22821.5,22809.45,22812.5,795687
1790581140,2026-09-28T13:09:00,22812.95,22822.25,22812.2,22821.7,555214
1790581200,2026-09-28T13:10:00,22822.95,22831.35,22822.1,22831.25,543005
1790581260,2026-09-28T13:11:00,22832.1,22837.65,22831.4,22832.8,503886
1790581320,2026-09-28T13:12:00,22834.45,22834.45,22823.6,22824.7,397085
1790581380,2026-09-28T13:13:00,22825.8,22826.65,22823.35,22824.35,469054
1790581440,2026-09-28T13:14:00,22825.65,22825.95,22819.7,22820.4,557176
1790581500,2026-09-28T13:15:00,22820.85,22823.75,22818.2,22819.35,630645
1790581560,2026-09-28T13:16:00,22821.35,22822.8,22818.55,22821.9,518947
1790581620,2026-09-28T13:17:00,22823.25,22829.45,22822.35,22828.95,710969
1790581680,2026-09-28T13:18:00,22829.5,22832.2,22827.2,22827.85,872096
1790581740,2026-09-28T13:19:00,22829,22831.75,22826.05,22831.6,575604
1790581800,2026-09-28T13:20:00,22831.85,22831.85,22824.9,22825.95,521533
1790581860,2026-09-28T13:21:00,22827.5,22830.65,22825.15,22830.35,501619
1790581920,2026-09-28T13:22:00,22831.4,22835.35,22830.45,22834.95,441521
1790581980,2026-09-28T13:23:00,22835.9,22848.25,22833.35,22841.75,1139722
1790582040,2026-09-28T13:24:00,22843.35,22843.35,22840.15,22841.45,778503
1790582100,2026-09-28T13:25:00,22842.35,22844.4,22839.85,22844.1,388482
1790582160,2026-09-28T13:26:00,22845.45,22848,22844.05,22846.25,624913
1790582220,2026-09-28T13:27:00,22847.35,22848.7,22844.3,22845,623460
1790582280,2026-09-28T13:28:00,22845.95,22846.75,22842.95,22846.15,432524
1790582340,2026-09-28T13:29:00,22846.75,22848.25,22844.85,22846.35,639639
1790582400,2026-09-28T13:30:00,22847.05,22848.6,22842.25,22843.2,399983
1790582460,2026-09-28T13:31:00,22842.9,22843.3,22834.2,22836.95,463227
1790582520,2026-09-28T13:32:00,22835.8,22839.1,22832.95,22833.8,520489
1790582580,2026-09-28T13:33:00,22833.8,22837.45,22833.1,22833.55,729169
1790582640,2026-09-28T13:34:00,22834.45,22835.55,22830.15,22831,680841
1790582700,2026-09-28T13:35:00,22831.1,22834.85,22831,22832.6,389956
1790582760,2026-09-28T13:36:00,22833.45,22836.7,22832.45,22833.3,376847
1790582820,2026-09-28T13:37:00,22834.3,22836,22830.7,22831.9,320107
1790582880,2026-09-28T13:38:00,22832.9,22835.65,22831.9,22834.45,531869
1790582940,2026-09-28T13:39:00,22835.45,22843.6,22834.3,22843,533309
1790583000,2026-09-28T13:40:00,22844.2,22844.75,22841.8,22843.4,436631
1790583060,2026-09-28T13:41:00,22844.85,22847.25,22843.05,22846.15,406471
1790583120,2026-09-28T13:42:00,22846.75,22846.75,22839.5,22839.85,328723
1790583180,2026-09-28T13:43:00,22840.75,22840.75,22831.1,22832.05,513002
1790583240,2026-09-28T13:44:00,22833.2,22836.75,22831,22836.1,423314
1790583300,2026-09-28T13:45:00,22837.2,22840.35,22836.25,22838.5,427157
1790583360,2026-09-28T13:46:00,22839.25,22840.9,22837.55,22839.1,362532
1790583420,2026-09-28T13:47:00,22840.25,22844.55,22837.65,22838.55,687563
1790583480,2026-09-28T13:48:00,22839.1,22841,22834.85,22836.55,481231
1790583540,2026-09-28T13:49:00,22837.4,22837.4,22828.55,22836,568949
1790583600,2026-09-28T13:50:00,22836.9,22838.9,22835.15,22836.2,572283
1790583660,2026-09-28T13:51:00,22837.05,22838.7,22832.9,22837.05,523955
1790583720,2026-09-28T13:52:00,22838.25,22843.65,22836.05,22842.05,483421
1790583780,2026-09-28T13:53:00,22844.4,22844.4,22834.4,22836.45,411171
1790583840,2026-09-28T13:54:00,22838,22838,22832.35,22833.55,399113
1790583900,2026-09-28T13:55:00,22835.2,22836,22832.2,22834.55,528862
1790583960,2026-09-28T13:56:00,22836.05,22844.6,22833.85,22842.35,499285
1790584020,2026-09-28T13:57:00,22843.4,22844,22835.75,22836.2,348433
1790584080,2026-09-28T13:58:00,22838.15,22844.7,22835.4,22841.55,392624
1790584140,2026-09-28T13:59:00,22843.75,22845.1,22841.45,22842.75,352858
1790584200,2026-09-28T14:00:00,22843.7,22846.1,22841.6,22843.15,349980
1790584260,2026-09-28T14:01:00,22843.9,22844.25,22836.6,22837.55,700358
1790584320,2026-09-28T14:02:00,22838.95,22838.95,22828.7,22830.2,668125
1790584380,2026-09-28T14:03:00,22831.2,22836,22829.7,22834.05,398864
1790584440,2026-09-28T14:04:00,22835.45,22837.85,22831.1,22832.15,399924
1790584500,2026-09-28T14:05:00,22833.5,22834.7,22829.95,22830.45,308414
1790584560,2026-09-28T14:06:00,22831.85,22832.35,22824.55,22825.4,412856
1790584620,2026-09-28T14:07:00,22826.55,22829.25,22824.15,22828,526631
1790584680,2026-09-28T14:08:00,22828.35,22830.45,22825.85,22829.8,574626
1790584740,2026-09-28T14:09:00,22831.5,22831.8,22825.75,22829.25,491665
1790584800,2026-09-28T14:10:00,22830.15,22834.35,22826.9,22833.35,547979
1790584860,2026-09-28T14:11:00,22834.05,22837.45,22831,22835.25,422931
1790584920,2026-09-28T14:12:00,22836.95,22837.65,22831.2,22831.65,358163
1790584980,2026-09-28T14:13:00,22833.9,22833.9,22821.5,22821.8,482045
1790585040,2026-09-28T14:14:00,22823.3,22825.5,22819.5,22821.8,603675
1790585100,2026-09-28T14:15:00,22823.3,22825.65,22813.6,22813.9,751660
1790585160,2026-09-28T14:16:00,22815.65,22817.25,22811.75,22814.55,1252481
1790585220,2026-09-28T14:17:00,22815.8,22815.85,22803.55,22803.55,718216
1790585280,2026-09-28T14:18:00,22804.95,22804.95,22785.55,22795.55,2128069
1790585340,2026-09-28T14:19:00,22797,22800.55,22794.4,22795.45,1026154
1790585400,2026-09-28T14:20:00,22797.35,22804.55,22795.25,22802.5,668098
1790585460,2026-09-28T14:21:00,22804.75,22806.25,22801.6,22804.35,544532
1790585520,2026-09-28T14:22:00,22805.2,22805.2,22796.1,22796.4,718554
1790585580,2026-09-28T14:23:00,22797.5,22797.5,22791.8,22794.35,719032
1790585640,2026-09-28T14:24:00,22796.2,22800.9,22794.55,22797.65,707791
1790585700,2026-09-28T14:25:00,22799.15,22803.5,22796.9,22801.65,619603
1790585760,2026-09-28T14:26:00,22803.7,22803.7,22798.55,22799.45,506667
1790585820,2026-09-28T14:27:00,22800.85,22803.05,22797.6,22801,575200
1790585880,2026-09-28T14:28:00,22801.95,22802.1,22796.5,22797.7,463657
1790585940,2026-09-28T14:29:00,22798.8,22800.35,22792.9,22794.2,566920
1790586000,2026-09-28T14:30:00,22795.5,22805.4,22793.6,22805,613461
1790586060,2026-09-28T14:31:00,22805.85,22805.85,22797.05,22798.6,597804
1790586120,2026-09-28T14:32:00,22799,22799.65,22791.65,22792.45,491562
1790586180,2026-09-28T14:33:00,22793.45,22793.45,22787.1,22788.35,544576
1790586240,2026-09-28T14:34:00,22788.35,22790,22781.35,22783.05,745008
1790586300,2026-09-28T14:35:00,22784.25,22786,22780.95,22782.45,684649
1790586360,2026-09-28T14:36:00,22784,22788.05,22781.4,22782.7,648333
1790586420,2026-09-28T14:37:00,22783.45,22784.2,22778.4,22779.2,1079802
1790586480,2026-09-28T14:38:00,22780.1,22780.1,22764.25,22766.6,1149357
1790586540,2026-09-28T14:39:00,22767.4,22769.25,22762.2,22768.5,1341278
1790586600,2026-09-28T14:40:00,22770.15,22772.85,22765.3,22770.6,1095876
1790586660,2026-09-28T14:41:00,22771.8,22776.5,22770,22774.1,1010466
1790586720,2026-09-28T14:42:00,22775.05,22775.8,22770,22770.1,790195
1790586780,2026-09-28T14:43:00,22771.35,22773.6,22768.6,22772.7,853583
1790586840,2026-09-28T14:44:00,22773.45,22779.6,22771.85,22778.8,770113
1790586900,2026-09-28T14:45:00,22778.85,22781.55,22778.05,22778.95,723983
1790586960,2026-09-28T14:46:00,22779.55,22789.55,22777.5,22789.4,975253
1790587020,2026-09-28T14:47:00,22788.5,22792.75,22786.95,22789.25,744373
1790587080,2026-09-28T14:48:00,22789.2,22791.45,22786.5,22790.95,769331
1790587140,2026-09-28T14:49:00,22791.7,22799.9,22790.3,22798.6,713929
1790587200,2026-09-28T14:50:00,22799.8,22803.1,22795.5,22802.4,815693
1790587260,2026-09-28T14:51:00,22803.8,22803.8,22797.3,22798.65,987957
1790587320,2026-09-28T14:52:00,22799.9,22802.9,22794.8,22802.35,1408709
1790587380,2026-09-28T14:53:00,22803.95,22808.5,22801.45,22805.85,1650030
1790587440,2026-09-28T14:54:00,22806.9,22807.1,22801.65,22802.1,1015835
1790587500,2026-09-28T14:55:00,22803.15,22804.85,22799.9,22800.55,628318
1790587560,2026-09-28T14:56:00,22802.05,22802.45,22798.75,22800.9,714679
1790587620,2026-09-28T14:57:00,22801.55,22806.2,22799.8,22802.8,1072439
1790587680,2026-09-28T14:58:00,22803.5,22805.25,22799.2,22800.8,919852
1790587740,2026-09-28T14:59:00,22801.35,22801.35,22797.25,22797.9,1040455
1790587800,2026-09-28T15:00:00,22796.9,22798.6,22793.55,22795.1,1248239
1790587860,2026-09-28T15:01:00,22794.1,22795.55,22789.9,22790.7,1325127
1790587920,2026-09-28T15:02:00,22790.05,22791.1,22780.75,22785.8,1806888
1790587980,2026-09-28T15:03:00,22785.8,22794.25,22784.3,22793.5,1966432
1790588040,2026-09-28T15:04:00,22791.9,22796.7,22790.35,22790.35,1379594
1790588100,2026-09-28T15:05:00,22790.85,22790.85,22782.65,22786.35,1999477
1790588160,2026-09-28T15:06:00,22786.35,22786.35,22778.25,22782.75,1567905
1790588220,2026-09-28T15:07:00,22782.2,22785.75,22780.4,22783.75,1399306
1790588280,2026-09-28T15:08:00,22783.35,22786.55,22782.2,22783.5,1368681
1790588340,2026-09-28T15:09:00,22783,22785.45,22777.6,22784,1665601
1790588400,2026-09-28T15:10:00,22784.2,22797.6,22782.55,22793.9,3062720
1790588460,2026-09-28T15:11:00,22792.7,22795.55,22788.3,22794.85,2321782
1790588520,2026-09-28T15:12:00,22794.4,22797.7,22787.65,22795.3,3790598
1790588580,2026-09-28T15:13:00,22795.1,22797.1,22788.65,22791.35,1571446
1790588640,2026-09-28T15:14:00,22788.25,22792.4,22781.75,22788.25,1470566
1790588700,2026-09-28T15:15:00,22788.25,22788.25,22788.25,22788.25,2581
1790588760,2026-09-28T15:16:00,22788.25,22788.25,22788.25,22788.25,2581
1790588820,2026-09-28T15:17:00,22788.25,22788.25,22788.25,22788.25,2581
1790588880,2026-09-28T15:18:00,22788.25,22788.25,22788.25,22788.25,2581
1790588940,2026-09-28T15:19:00,22788.25,22788.25,22788.25,22788.25,2581
1790589000,2026-09-28T15:20:00,22788.25,22788.25,22788.25,22788.25,2581
1790589060,2026-09-28T15:21:00,22788.25,22788.25,22788.25,22788.25,2581
1790589120,2026-09-28T15:22:00,22788.25,22788.25,22788.25,22788.25,2581
1790589180,2026-09-28T15:23:00,22788.25,22788.25,22788.25,22788.25,2581
1790589240,2026-09-28T15:24:00,22788.25,22788.25,22788.25,22788.25,2581
1790589300,2026-09-28T15:25:00,22788.25,22788.25,22788.25,22788.25,2581
1790589360,2026-09-28T15:26:00,22788.25,22788.25,22788.25,22788.25,2581
1790589420,2026-09-28T15:27:00,22788.25,22788.25,22788.25,22788.25,2581
1790589480,2026-09-28T15:28:00,22788.25,22788.25,22788.25,22788.25,2581
1790589540,2026-09-28T15:29:00,22788.25,22788.25,22780.25,22780.25,2581
1790653500,2026-09-29T09:15:00,22732.45,22753.2,22702.2,22724.1,5145914
1790653560,2026-09-29T09:16:00,22722.25,22722.25,22708.15,22714.55,2541898
1790653620,2026-09-29T09:17:00,22714.2,22723.05,22706.4,22714.1,2111053
1790653680,2026-09-29T09:18:00,22712.95,22718.4,22683,22685.05,1847024
1790653740,2026-09-29T09:19:00,22683.5,22690.45,22679.9,22681.9,1439817
1790653800,2026-09-29T09:20:00,22683.75,22685.45,22673.3,22674.95,1625275
1790653860,2026-09-29T09:21:00,22675.25,22676,22664.85,22668.75,1482774
1790653920,2026-09-29T09:22:00,22668.9,22669.65,22656.2,22668.1,1749593
1790653980,2026-09-29T09:23:00,22668.45,22677.75,22668.1,22672,1393816
1790654040,2026-09-29T09:24:00,22672.5,22676.25,22664.05,22666.75,1114820
1790654100,2026-09-29T09:25:00,22666.9,22668.1,22656.4,22660,1227808
1790654160,2026-09-29T09:26:00,22660,22661.3,22650.75,22652.5,1418428
1790654220,2026-09-29T09:27:00,22652.4,22653,22642.5,22646.5,1607258
1790654280,2026-09-29T09:28:00,22645.7,22646.05,22631,22634.4,1327451
1790654340,2026-09-29T09:29:00,22635.15,22637.05,22624.2,22625.6,1629350
1790654400,2026-09-29T09:30:00,22625.3,22638.1,22623.85,22631.55,1382998
1790654460,2026-09-29T09:31:00,22632.4,22632.8,22621.1,22622.2,1123946
1790654520,2026-09-29T09:32:00,22622.2,22627.35,22611.15,22613.6,1404850
1790654580,2026-09-29T09:33:00,22613.3,22621.9,22610.75,22618.1,1196807
1790654640,2026-09-29T09:34:00,22617.4,22621.7,22614.95,22618.95,1184896
1790654700,2026-09-29T09:35:00,22619.75,22619.75,22603.05,22604.15,1220497
1790654760,2026-09-29T09:36:00,22604.05,22604.8,22580.4,22584.5,1854815
1790654820,2026-09-29T09:37:00,22585.05,22585.45,22571.65,22572.65,1558644
1790654880,2026-09-29T09:38:00,22573.25,22586.25,22569.65,22581.55,1480992
1790654940,2026-09-29T09:39:00,22582.8,22584.1,22575.45,22577.1,841569
1790655000,2026-09-29T09:40:00,22577.3,22598.2,22573.6,22594.85,1996450
1790655060,2026-09-29T09:41:00,22594.7,22619.85,22591.65,22618.5,1229283
1790655120,2026-09-29T09:42:00,22619.3,22626.5,22617.65,22624.85,1098104
1790655180,2026-09-29T09:43:00,22625.3,22627.9,22611,22616.75,979460
1790655240,2026-09-29T09:44:00,22616.35,22618.75,22610.85,22613.3,830356
1790655300,2026-09-29T09:45:00,22613.4,22618.75,22607.4,22609.45,836366
1790655360,2026-09-29T09:46:00,22610.35,22610.35,22600.1,22606.3,929017
1790655420,2026-09-29T09:47:00,22606.25,22610.65,22603.35,22604.15,745822
1790655480,2026-09-29T09:48:00,22604.3,22605.1,22596.35,22599.3,727058
1790655540,2026-09-29T09:49:00,22598.9,22601.15,22595.25,22596.3,604297
1790655600,2026-09-29T09:50:00,22596.1,22599.75,22591.2,22595.9,1007443
1790655660,2026-09-29T09:51:00,22595.8,22603.9,22590.8,22603,1126736
1790655720,2026-09-29T09:52:00,22602,22603.4,22595.15,22600.35,797384
1790655780,2026-09-29T09:53:00,22600.25,22601.2,22593.45,22593.95,657564
1790655840,2026-09-29T09:54:00,22594.3,22607.8,22592.8,22605.55,687523
1790655900,2026-09-29T09:55:00,22605.55,22619.25,22604.15,22615.75,834175
1790655960,2026-09-29T09:56:00,22615.9,22615.9,22608.8,22610.05,717403
1790656020,2026-09-29T09:57:00,22610.45,22610.5,22600.1,22609.25,770781
1790656080,2026-09-29T09:58:00,22609.35,22613.05,22602.1,22604.15,754339
1790656140,2026-09-29T09:59:00,22603.9,22608.5,22600.65,22604.25,690113
1790656200,2026-09-29T10:00:00,22604.35,22607.95,22599.3,22607.75,591301
1790656260,2026-09-29T10:01:00,22607.75,22608.55,22592.9,22594.3,971622
1790656320,2026-09-29T10:02:00,22593.35,22594.7,22587.9,22591.5,1073964
1790656380,2026-09-29T10:03:00,22590.7,22602.6,22590.7,22592.15,1277113
1790656440,2026-09-29T10:04:00,22591.8,22596.8,22587.5,22590.5,707060
1790656500,2026-09-29T10:05:00,22590.25,22592.45,22584.7,22584.7,1018960
1790656560,2026-09-29T10:06:00,22584,22590.15,22582.65,22583.75,1042828
1790656620,2026-09-29T10:07:00,22582.3,22592.7,22580.55,22591.4,700965
1790656680,2026-09-29T10:08:00,22591.7,22599.35,22585.25,22594.05,869450
1790656740,2026-09-29T10:09:00,22593.8,22593.85,22584.35,22584.75,1093714
1790656800,2026-09-29T10:10:00,22583.75,22586.85,22580.8,22581.9,672828
1790656860,2026-09-29T10:11:00,22580.6,22582.05,22571.55,22575.1,782121
1790656920,2026-09-29T10:12:00,22573.85,22581.9,22573.1,22577.55,629278
1790656980,2026-09-29T10:13:00,22576.9,22578.85,22573.9,22575.4,524473
1790657040,2026-09-29T10:14:00,22574.55,22579.75,22574,22578.75,521094
1790657100,2026-09-29T10:15:00,22578.45,22585.2,22575.1,22584.05,849430
1790657160,2026-09-29T10:16:00,22582.85,22585.25,22580.75,22583.15,525898
1790657220,2026-09-29T10:17:00,22582.75,22589,22582.2,22583.3,609226
1790657280,2026-09-29T10:18:00,22582.2,22587.2,22580.55,22586.15,479894
1790657340,2026-09-29T10:19:00,22585.5,22591.5,22584.8,22585.6,548279
1790657400,2026-09-29T10:20:00,22584.75,22586.8,22581.05,22583.85,511878
1790657460,2026-09-29T10:21:00,22583.95,22585.7,22573,22574.45,846272
1790657520,2026-09-29T10:22:00,22573.85,22584.35,22573.4,22579.7,694837
1790657580,2026-09-29T10:23:00,22578.7,22587.45,22578.35,22583.3,470923
1790657640,2026-09-29T10:24:00,22582.3,22587.65,22581.75,22587.5,509305
1790657700,2026-09-29T10:25:00,22586.65,22594.7,22586.35,22593.15,870043
1790657760,2026-09-29T10:26:00,22592.45,22599.6,22592.45,22598.8,679381
1790657820,2026-09-29T10:27:00,22598.15,22601.2,22595.35,22597.55,848122
1790657880,2026-09-29T10:28:00,22596.2,22600.95,22594.75,22599.9,678295
1790657940,2026-09-29T10:29:00,22599.9,22605.3,22599.15,22600.3,635044
1790658000,2026-09-29T10:30:00,22598.95,22602.15,22596.45,22597.3,597086
1790658060,2026-09-29T10:31:00,22596.7,22600.8,22591.3,22592.8,460602
1790658120,2026-09-29T10:32:00,22591.6,22593.4,22586.2,22586.5,570039
1790658180,2026-09-29T10:33:00,22585.75,22587.85,22581,22581.85,631686
1790658240,2026-09-29T10:34:00,22581.3,22594.85,22580.55,22594.15,719369
1790658300,2026-09-29T10:35:00,22593.6,22597.1,22592.1,22595.8,643365
1790658360,2026-09-29T10:36:00,22595.95,22596.9,22588.85,22590.1,532924
1790658420,2026-09-29T10:37:00,22589.05,22593.25,22585.4,22589.5,732041
1790658480,2026-09-29T10:38:00,22588.7,22594.65,22587.4,22593.85,663480
1790658540,2026-09-29T10:39:00,22593.1,22598.65,22593.1,22595.5,795913
1790658600,2026-09-29T10:40:00,22594.95,22596.85,22589.85,22591.35,881717
1790658660,2026-09-29T10:41:00,22590.65,22597.05,22590.2,22595.05,753238
1790658720,2026-09-29T10:42:00,22594.15,22598.55,22593.55,22597.15,967770
1790658780,2026-09-29T10:43:00,22597.5,22614.3,22597.4,22610,1082406
1790658840,2026-09-29T10:44:00,22609.1,22615.35,22609.05,22613.05,628749
1790658900,2026-09-29T10:45:00,22611.95,22613.35,22606.75,22607,605212
1790658960,2026-09-29T10:46:00,22606.8,22609.85,22599.4,22601.5,789515
1790659020,2026-09-29T10:47:00,22600.7,22603.95,22596.55,22598.95,560306
1790659080,2026-09-29T10:48:00,22598.15,22599.9,22592.5,22597.95,1139255
1790659140,2026-09-29T10:49:00,22597.45,22604.1,22596.5,22603.3,711543
1790659200,2026-09-29T10:50:00,22603.85,22603.85,22595.25,22597.2,1158697
1790659260,2026-09-29T10:51:00,22596.55,22599.5,22595.05,22596.95,678020
1790659320,2026-09-29T10:52:00,22596.75,22607.35,22595.7,22607.35,658046
1790659380,2026-09-29T10:53:00,22606.65,22608.5,22604.9,22606.45,654386
1790659440,2026-09-29T10:54:00,22605.8,22612.1,22605.8,22609.6,697553
1790659500,2026-09-29T10:55:00,22609.15,22620.1,22608.8,22616.5,1246511
1790659560,2026-09-29T10:56:00,22616.2,22623.55,22613.95,22615.35,910657
1790659620,2026-09-29T10:57:00,22615.2,22618.05,22611.8,22616.65,574577
1790659680,2026-09-29T10:58:00,22616.4,22628.65,22616,22617.65,650170
1790659740,2026-09-29T10:59:00,22617.25,22622.2,22617.05,22617.05,478867
1790659800,2026-09-29T11:00:00,22616.1,22620.2,22610.7,22614.1,973342
1790659860,2026-09-29T11:01:00,22613.5,22615.25,22601.05,22602.9,907604
1790659920,2026-09-29T11:02:00,22602.4,22603.55,22593.5,22597.05,880015
1790659980,2026-09-29T11:03:00,22595.2,22604.8,22595.2,22603.35,833145
1790660040,2026-09-29T11:04:00,22603.4,22603.4,22595.65,22600.55,538045
1790660100,2026-09-29T11:05:00,22599.65,22601.1,22593.65,22594.9,591367
1790660160,2026-09-29T11:06:00,22593.75,22605.25,22590.95,22603.7,1286189
1790660220,2026-09-29T11:07:00,22603.35,22609.3,22601.7,22606.8,695885
1790660280,2026-09-29T11:08:00,22605.6,22606.95,22599.9,22604.35,640933
1790660340,2026-09-29T11:09:00,22602.55,22619.95,22602.55,22617,900062
1790660400,2026-09-29T11:10:00,22616.7,22658.05,22612.6,22648.2,1848395
1790660460,2026-09-29T11:11:00,22648.05,22665.85,22647.2,22648.85,1435248
1790660520,2026-09-29T11:12:00,22647.05,22671.9,22647.05,22668.35,1217321
1790660580,2026-09-29T11:13:00,22667.5,22688.8,22659.85,22687.2,1656477
1790660640,2026-09-29T11:14:00,22687.7,22701.45,22675.8,22683.75,1841845
1790660700,2026-09-29T11:15:00,22683.55,22695.45,22681.4,22685.6,1048280
1790660760,2026-09-29T11:16:00,22685.3,22688.75,22666.7,22672.95,1135128
1790660820,2026-09-29T11:17:00,22672.85,22679.15,22670.4,22671.15,662108
1790660880,2026-09-29T11:18:00,22669.25,22674,22663.2,22674,735709
1790660940,2026-09-29T11:19:00,22673.05,22683.4,22672.65,22680.1,588730
1790661000,2026-09-29T11:20:00,22679.5,22693.7,22679.4,22689.75,673666
1790661060,2026-09-29T11:21:00,22687.75,22689.75,22679.45,22682.45,606807
1790661120,2026-09-29T11:22:00,22682.05,22687.1,22676.8,22683.15,708003
1790661180,2026-09-29T11:23:00,22682.85,22685.8,22677.35,22680.8,722349
1790661240,2026-09-29T11:24:00,22677.4,22680.9,22667.2,22670,639482
1790661300,2026-09-29T11:25:00,22669.65,22675.15,22668.55,22674.45,816137
1790661360,2026-09-29T11:26:00,22673.4,22678.3,22671.55,22676.8,779482
1790661420,2026-09-29T11:27:00,22674.2,22682.35,22672,22678.9,880203
1790661480,2026-09-29T11:28:00,22678.6,22692.7,22676.2,22688.6,922828
1790661540,2026-09-29T11:29:00,22687.4,22697,22686.55,22696.65,590422
1790661600,2026-09-29T11:30:00,22696.2,22723,22694.1,22715,1221513
1790661660,2026-09-29T11:31:00,22714.6,22733.05,22714.6,22729.7,1227411
1790661720,2026-09-29T11:32:00,22729.55,22730.5,22717.75,22719.8,1029400
1790661780,2026-09-29T11:33:00,22720.5,22730.95,22717.5,22725.8,1154098
1790661840,2026-09-29T11:34:00,22725.2,22727.1,22717.2,22721.6,633649
1790661900,2026-09-29T11:35:00,22721.15,22723.7,22711.1,22714.55,1021545
1790661960,2026-09-29T11:36:00,22715,22718.7,22713.15,22715.65,564033
1790662020,2026-09-29T11:37:00,22715.35,22716.25,22704.35,22712.6,646502
1790662080,2026-09-29T11:38:00,22711.95,22712.2,22701.85,22708.2,682102
1790662140,2026-09-29T11:39:00,22708.15,22720.6,22708,22718.65,754838
1790662200,2026-09-29T11:40:00,22718.55,22733.85,22718.55,22725.1,665081
1790662260,2026-09-29T11:41:00,22724.7,22726.85,22721.25,22724.4,717764
1790662320,2026-09-29T11:42:00,22723.75,22726.65,22721.1,22721.9,603394
1790662380,2026-09-29T11:43:00,22721.6,22722.6,22709.85,22711.4,714467
1790662440,2026-09-29T11:44:00,22710.8,22724.85,22710.75,22719.85,813287
1790662500,2026-09-29T11:45:00,22719.95,22722.9,22715.7,22716.3,508248
1790662560,2026-09-29T11:46:00,22716.05,22718.85,22713.7,22713.8,546314
1790662620,2026-09-29T11:47:00,22713,22715,22707.05,22714.55,771535
1790662680,2026-09-29T11:48:00,22713.9,22718.7,22711.4,22716,497021
1790662740,2026-09-29T11:49:00,22715.6,22725.6,22714.3,22720.85,1091535
1790662800,2026-09-29T11:50:00,22720.7,22721.95,22713.85,22714.45,723670
1790662860,2026-09-29T11:51:00,22713.1,22724.35,22712.8,22722.75,663092
1790662920,2026-09-29T11:52:00,22721.8,22725,22717.6,22724.2,656256
1790662980,2026-09-29T11:53:00,22725.05,22726.95,22716.2,22717.7,680945
1790663040,2026-09-29T11:54:00,22717.05,22719.9,22714.85,22714.85,611444
1790663100,2026-09-29T11:55:00,22714.7,22723.1,22714.5,22720.1,584282
1790663160,2026-09-29T11:56:00,22719.95,22725.8,22718.7,22720.15,675870
1790663220,2026-09-29T11:57:00,22719.75,22723.65,22719.35,22722.5,449654
1790663280,2026-09-29T11:58:00,22721.9,22726.9,22721.4,22723.3,535821
1790663340,2026-09-29T11:59:00,22722.75,22728.9,22722.25,22728.35,455057
1790663400,2026-09-29T12:00:00,22727.85,22733.45,22726.3,22732.8,646379
1790663460,2026-09-29T12:01:00,22732.85,22746.95,22732.5,22736.85,963404
1790663520,2026-09-29T12:02:00,22736.95,22737.4,22731.55,22735.85,1050986
1790663580,2026-09-29T12:03:00,22735.85,22745.1,22735.5,22744.15,627332
1790663640,2026-09-29T12:04:00,22744,22744.95,22737.95,22742.65,1204351
1790663700,2026-09-29T12:05:00,22741.9,22747.9,22741.7,22745.9,824785
1790663760,2026-09-29T12:06:00,22745.6,22750.3,22745.05,22745.4,687771
1790663820,2026-09-29T12:07:00,22745.2,22753.25,22745,22750.25,783301
1790663880,2026-09-29T12:08:00,22749.25,22750.9,22746.35,22749.2,521817
1790663940,2026-09-29T12:09:00,22748.85,22749.9,22737.95,22741.85,638549
1790664000,2026-09-29T12:10:00,22741.1,22746.5,22740.45,22743.65,612454
1790664060,2026-09-29T12:11:00,22742.25,22747.15,22740.4,22740.95,670198
1790664120,2026-09-29T12:12:00,22740.4,22743.85,22735.5,22742.25,564395
1790664180,2026-09-29T12:13:00,22741.8,22745.15,22741.5,22742.9,541416
1790664240,2026-09-29T12:14:00,22742.75,22746.1,22740.35,22741.9,432232
1790664300,2026-09-29T12:15:00,22741.95,22743.8,22734.1,22739,800002
1790664360,2026-09-29T12:16:00,22738.5,22741.05,22734.2,22738.55,548394
1790664420,2026-09-29T12:17:00,22737.4,22738.4,22732.55,22736.65,690112
1790664480,2026-09-29T12:18:00,22736.4,22736.8,22728.25,22732.1,511387
1790664540,2026-09-29T12:19:00,22730.5,22734.2,22729,22729.4,683995
1790664600,2026-09-29T12:20:00,22729,22733,22719.05,22724,627439
1790664660,2026-09-29T12:21:00,22724.9,22725.3,22717.7,22718.5,521970
1790664720,2026-09-29T12:22:00,22718.5,22719.7,22712.75,22719.3,650966
1790664780,2026-09-29T12:23:00,22719.1,22721.85,22717.45,22720.3,589017
1790664840,2026-09-29T12:24:00,22719.4,22721.05,22708.55,22712.6,654124
1790664900,2026-09-29T12:25:00,22712,22713.75,22706.3,22707.35,648380
1790664960,2026-09-29T12:26:00,22706.8,22709.15,22699.4,22700.65,749079
1790665020,2026-09-29T12:27:00,22700.65,22702.15,22675.25,22683,1167893
1790665080,2026-09-29T12:28:00,22683.65,22683.9,22672.75,22678.15,741039
1790665140,2026-09-29T12:29:00,22678.15,22683.3,22676,22677.3,961756
1790665200,2026-09-29T12:30:00,22677.35,22679,22654.1,22661.75,1003271
1790665260,2026-09-29T12:31:00,22661.65,22664.3,22647.05,22652.85,654308
1790665320,2026-09-29T12:32:00,22649.8,22654.3,22627.5,22631.65,1662264
1790665380,2026-09-29T12:33:00,22632.5,22639.05,22628.7,22635.1,1480909
1790665440,2026-09-29T12:34:00,22635.6,22651.8,22635.4,22649.85,731421
1790665500,2026-09-29T12:35:00,22650,22662.45,22649.5,22658.35,667001
1790665560,2026-09-29T12:36:00,22657.6,22668.05,22653.75,22666.55,613910
1790665620,2026-09-29T12:37:00,22666.15,22671.95,22664.95,22664.95,578560
1790665680,2026-09-29T12:38:00,22665.15,22666.75,22658.05,22664.65,497249
1790665740,2026-09-29T12:39:00,22664.35,22674.8,22661.15,22672.65,423914
1790665800,2026-09-29T12:40:00,22672.5,22680.2,22672.35,22675.7,432483
1790665860,2026-09-29T12:41:00,22674.95,22698,22672.3,22694.05,932870
1790665920,2026-09-29T12:42:00,22693.25,22693.45,22683.65,22683.65,654675
1790665980,2026-09-29T12:43:00,22683.6,22685.15,22677.1,22677.15,460206
1790666040,2026-09-29T12:44:00,22677.1,22677.45,22664.55,22669.1,822584
1790666100,2026-09-29T12:45:00,22668.4,22674.05,22666.4,22667.45,578545
1790666160,2026-09-29T12:46:00,22667.95,22670.2,22660.75,22662.1,586923
1790666220,2026-09-29T12:47:00,22661.35,22668.95,22656.6,22666.45,924401
1790666280,2026-09-29T12:48:00,22665.95,22675.5,22665.75,22674.15,1234020
1790666340,2026-09-29T12:49:00,22674.3,22678.1,22669.5,22670.45,2076442
1790666400,2026-09-29T12:50:00,22670.05,22676.4,22668.8,22674,584088
1790666460,2026-09-29T12:51:00,22673.9,22677.75,22666.55,22669.85,520341
1790666520,2026-09-29T12:52:00,22669.5,22678,22669.15,22674.1,3251780
1790666580,2026-09-29T12:53:00,22673.05,22680.8,22672.85,22679.75,563587
1790666640,2026-09-29T12:54:00,22679.7,22684.45,22676.3,22678.5,1446987
1790666700,2026-09-29T12:55:00,22678,22686.05,22674.45,22684.1,960033
1790666760,2026-09-29T12:56:00,22684.4,22695.35,22682.8,22693.9,1128051
1790666820,2026-09-29T12:57:00,22693.5,22705,22691.15,22697.05,842667
1790666880,2026-09-29T12:58:00,22697.15,22698.65,22685.75,22688.85,1322818
1790666940,2026-09-29T12:59:00,22688.2,22689.9,22685.95,22687.65,1450152
1790667000,2026-09-29T13:00:00,22687.45,22690.85,22685.15,22689.75,985725
1790667060,2026-09-29T13:01:00,22689.3,22690.1,22680.65,22682.7,991009
1790667120,2026-09-29T13:02:00,22681.95,22687.25,22679.85,22680.95,696403
1790667180,2026-09-29T13:03:00,22680.9,22687.4,22676.5,22682.45,455150
1790667240,2026-09-29T13:04:00,22682.35,22683.7,22677.45,22678.35,697580
1790667300,2026-09-29T13:05:00,22677.75,22679.35,22674.2,22677.75,469321
1790667360,2026-09-29T13:06:00,22677.7,22678.75,22673.55,22676.05,1686728
1790667420,2026-09-29T13:07:00,22676.5,22680.2,22674.85,22678.95,660231
1790667480,2026-09-29T13:08:00,22678.85,22684.35,22678.1,22681.45,475668
1790667540,2026-09-29T13:09:00,22681.35,22703.2,22681.35,22699.25,799069
1790667600,2026-09-29T13:10:00,22699.45,22699.75,22686.15,22691.65,585477
1790667660,2026-09-29T13:11:00,22691.05,22692,22683.5,22685.6,472176
1790667720,2026-09-29T13:12:00,22683.75,22686.65,22679,22683.7,339770
1790667780,2026-09-29T13:13:00,22682.7,22687.6,22680.75,22682.55,538950
1790667840,2026-09-29T13:14:00,22682,22685.45,22674.75,22681.9,623582
1790667900,2026-09-29T13:15:00,22681.35,22683.65,22673,22675.05,962895
1790667960,2026-09-29T13:16:00,22674.45,22678.7,22673.75,22675.8,897387
1790668020,2026-09-29T13:17:00,22676.65,22687.45,22676.15,22682.55,665523
1790668080,2026-09-29T13:18:00,22681.9,22684.5,22681.05,22683.4,735473
1790668140,2026-09-29T13:19:00,22682.65,22682.8,22669.9,22670.55,710715
1790668200,2026-09-29T13:20:00,22669.8,22671.8,22659.3,22660.9,1104533
1790668260,2026-09-29T13:21:00,22660.15,22667.75,22659.4,22667.5,843985
1790668320,2026-09-29T13:22:00,22666.75,22667.9,22658.75,22659.4,726129
1790668380,2026-09-29T13:23:00,22658.9,22661.4,22654.3,22656.05,697790
1790668440,2026-09-29T13:24:00,22657,22662.2,22654.5,22657.35,603535
1790668500,2026-09-29T13:25:00,22657.1,22667.1,22657,22666,541071
1790668560,2026-09-29T13:26:00,22665.2,22668.45,22659.55,22660.9,453950
1790668620,2026-09-29T13:27:00,22659.85,22663.95,22657.5,22658.05,650698
1790668680,2026-09-29T13:28:00,22658.1,22662.15,22650.4,22659.95,807520
1790668740,2026-09-29T13:29:00,22658.55,22661.9,22654.5,22658.3,1467547
1790668800,2026-09-29T13:30:00,22657.95,22660.2,22652,22659.85,1046508
1790668860,2026-09-29T13:31:00,22660,22663,22656.9,22662.85,4166060
1790668920,2026-09-29T13:32:00,22661.45,22668.55,22659.5,22662.6,709336
1790668980,2026-09-29T13:33:00,22661.35,22661.7,22654.3,22658.25,670584
1790669040,2026-09-29T13:34:00,22657.15,22660.75,22654.65,22655.25,553751
1790669100,2026-09-29T13:35:00,22654.8,22656.95,22651.45,22651.65,675318
1790669160,2026-09-29T13:36:00,22651,22653.7,22643.3,22645.15,545102
1790669220,2026-09-29T13:37:00,22644.75,22646.75,22640.05,22645.3,613531
1790669280,2026-09-29T13:38:00,22646.25,22646.75,22629.7,22632.3,1335468
1790669340,2026-09-29T13:39:00,22632.2,22640.2,22629.1,22635.5,738696
1790669400,2026-09-29T13:40:00,22635.5,22638.75,22629.95,22634.9,746001
1790669460,2026-09-29T13:41:00,22634.75,22643.6,22634.4,22638.3,550060
1790669520,2026-09-29T13:42:00,22637.55,22644.05,22636.4,22636.9,412410
1790669580,2026-09-29T13:43:00,22637.05,22644.05,22632.45,22642.05,600923
1790669640,2026-09-29T13:44:00,22641,22644.85,22639.85,22642.85,513568
1790669700,2026-09-29T13:45:00,22642.55,22654.4,22641.2,22652.75,577722
1790669760,2026-09-29T13:46:00,22652.3,22656.4,22651.05,22653.25,473917
1790669820,2026-09-29T13:47:00,22652.5,22660.2,22649.95,22657.9,475437
1790669880,2026-09-29T13:48:00,22657.45,22659.3,22651.5,22655.05,552801
1790669940,2026-09-29T13:49:00,22654.1,22659.85,22653.95,22655.8,609087
1790670000,2026-09-29T13:50:00,22655.45,22663.6,22654.75,22662.15,616559
1790670060,2026-09-29T13:51:00,22662,22673.55,22662,22672,596034
1790670120,2026-09-29T13:52:00,22672.55,22675.55,22667.6,22669.1,673681
1790670180,2026-09-29T13:53:00,22669,22671.6,22663.8,22664.95,494561
1790670240,2026-09-29T13:54:00,22664.65,22666.55,22661.95,22664.45,500718
1790670300,2026-09-29T13:55:00,22663.35,22665.6,22658.15,22658.95,695641
1790670360,2026-09-29T13:56:00,22659.25,22668.35,22658.15,22666.6,872217
1790670420,2026-09-29T13:57:00,22665.75,22670.55,22661.75,22664.6,528361
1790670480,2026-09-29T13:58:00,22662.55,22668.05,22660,22665.9,638090
1790670540,2026-09-29T13:59:00,22666.9,22667.3,22661.55,22662.95,450465
1790670600,2026-09-29T14:00:00,22663,22668.15,22653.35,22654.75,846121
1790670660,2026-09-29T14:01:00,22654.65,22660.85,22652.85,22657.8,677591
1790670720,2026-09-29T14:02:00,22657.4,22660.4,22652.15,22655.8,643344
1790670780,2026-09-29T14:03:00,22655.95,22656.7,22647.3,22650.75,848901
1790670840,2026-09-29T14:04:00,22650.3,22653.05,22646.8,22647.75,564292
1790670900,2026-09-29T14:05:00,22646.9,22664.65,22645.8,22661.75,660822
1790670960,2026-09-29T14:06:00,22662,22662.85,22656.45,22659.45,460401
1790671020,2026-09-29T14:07:00,22659.35,22662.45,22651.4,22654.5,560123
1790671080,2026-09-29T14:08:00,22654.5,22659.85,22652.4,22657.65,548132
1790671140,2026-09-29T14:09:00,22656.5,22672.5,22656.4,22670.8,651516
1790671200,2026-09-29T14:10:00,22670.75,22684.15,22670.25,22672.1,994126
1790671260,2026-09-29T14:11:00,22671.65,22674.85,22667.5,22672.55,637227
1790671320,2026-09-29T14:12:00,22672.45,22675,22662.65,22668.2,872406
1790671380,2026-09-29T14:13:00,22668.8,22677.3,22667.55,22675.8,544094
1790671440,2026-09-29T14:14:00,22675.6,22680.3,22670.05,22672,750053
1790671500,2026-09-29T14:15:00,22670.95,22674.8,22662.85,22672.95,874619
1790671560,2026-09-29T14:16:00,22672.3,22677,22666.35,22667.05,876299
1790671620,2026-09-29T14:17:00,22667.1,22677.6,22666.7,22675.8,566039
1790671680,2026-09-29T14:18:00,22675.2,22684.4,22675.1,22681,603712
1790671740,2026-09-29T14:19:00,22680.65,22681.8,22674,22674.05,542388
1790671800,2026-09-29T14:20:00,22673.95,22676.9,22672.3,22674.7,758659
1790671860,2026-09-29T14:21:00,22674.25,22677.85,22673.4,22674.8,619912
1790671920,2026-09-29T14:22:00,22674.65,22676.5,22666.65,22666.95,677514
1790671980,2026-09-29T14:23:00,22666.9,22668.35,22658.8,22661.65,921494
1790672040,2026-09-29T14:24:00,22662.05,22666.9,22659.75,22660.2,951456
1790672100,2026-09-29T14:25:00,22660.05,22671.8,22659.6,22670.4,732139
1790672160,2026-09-29T14:26:00,22669.25,22674.25,22667.15,22668.7,904431
1790672220,2026-09-29T14:27:00,22668.5,22670.05,22659.9,22660.8,600567
1790672280,2026-09-29T14:28:00,22660.6,22666.25,22654.15,22664.8,670396
1790672340,2026-09-29T14:29:00,22664.45,22668.4,22663.6,22666.75,616122
1790672400,2026-09-29T14:30:00,22666.45,22685.95,22665.85,22685.65,957328
1790672460,2026-09-29T14:31:00,22685.8,22696,22685,22690.65,949588
1790672520,2026-09-29T14:32:00,22690.3,22693.85,22687.15,22688.25,1214539
1790672580,2026-09-29T14:33:00,22687.5,22687.65,22666.55,22667.35,1216392
1790672640,2026-09-29T14:34:00,22667,22674.3,22665.95,22670,915559
1790672700,2026-09-29T14:35:00,22669.1,22681.6,22669.1,22679.9,696000
1790672760,2026-09-29T14:36:00,22679.5,22683,22677.4,22680.2,654727
1790672820,2026-09-29T14:37:00,22680.6,22681.4,22675.75,22677.15,718067
1790672880,2026-09-29T14:38:00,22676.2,22681.4,22675.25,22677.8,652907
1790672940,2026-09-29T14:39:00,22678.95,22684.25,22677.75,22679.8,731012
1790673000,2026-09-29T14:40:00,22678.9,22680.55,22676.7,22680.2,679646
1790673060,2026-09-29T14:41:00,22680.85,22685.5,22676.9,22680.6,719592
1790673120,2026-09-29T14:42:00,22680.35,22682.1,22669.2,22673.75,1197862
1790673180,2026-09-29T14:43:00,22672.25,22680.9,22671.45,22674.7,1033373
1790673240,2026-09-29T14:44:00,22674.2,22676.35,22671.95,22673.15,1246456
1790673300,2026-09-29T14:45:00,22673.35,22673.35,22662.35,22671.45,960214
1790673360,2026-09-29T14:46:00,22671.2,22672.4,22666.6,22670.65,880182
1790673420,2026-09-29T14:47:00,22669.95,22673.4,22668.6,22670.5,841093
1790673480,2026-09-29T14:48:00,22670,22675.1,22669.25,22673.85,845674
1790673540,2026-09-29T14:49:00,22674.45,22677.3,22671.15,22672.15,848746
1790673600,2026-09-29T14:50:00,22672.4,22675.15,22667.3,22672.55,1200202
1790673660,2026-09-29T14:51:00,22672.4,22680,22671.5,22677.65,1503325
1790673720,2026-09-29T14:52:00,22677.4,22685.35,22675.65,22683.65,1957848
1790673780,2026-09-29T14:53:00,22683.1,22688,22682.7,22684.15,1634002
1790673840,2026-09-29T14:54:00,22684.3,22689.25,22682.4,22686.85,1387435
1790673900,2026-09-29T14:55:00,22686.05,22691.65,22685.45,22688.65,1377492
1790673960,2026-09-29T14:56:00,22688.55,22692.5,22684.35,22685,1254139
1790674020,2026-09-29T14:57:00,22685.3,22685.95,22679.8,22681.45,1706871
1790674080,2026-09-29T14:58:00,22681.5,22682.4,22675.7,22676.5,1684111
1790674140,2026-09-29T14:59:00,22676.75,22680.15,22671.9,22673.25,2000307
1790674200,2026-09-29T15:00:00,22673.1,22680,22666.65,22676.3,4792098
1790674260,2026-09-29T15:01:00,22675.2,22677.35,22664.3,22664.8,4015595
1790674320,2026-09-29T15:02:00,22664.1,22667.1,22661.4,22664.9,3688350
1790674380,2026-09-29T15:03:00,22664.35,22670.15,22662.2,22664.95,3941997
1790674440,2026-09-29T15:04:00,22663.7,22667.6,22661.65,22664.4,3919420
1790674500,2026-09-29T15:05:00,22663.35,22679.4,22662.95,22677.95,4554302
1790674560,2026-09-29T15:06:00,22676.15,22687.6,22675.75,22686.6,4466794
1790674620,2026-09-29T15:07:00,22687.1,22687.8,22681,22684.65,4884914
1790674680,2026-09-29T15:08:00,22684.9,22690.5,22681.4,22684.2,4029107
1790674740,2026-09-29T15:09:00,22684.4,22693,22679.6,22689.8,4321084
1790674800,2026-09-29T15:10:00,22690.25,22706.1,22689,22703.2,5769646
1790674860,2026-09-29T15:11:00,22703.05,22703.7,22696.65,22702.25,4214509
1790674920,2026-09-29T15:12:00,22701.35,22703.8,22689.25,22694.35,6308448
1790674980,2026-09-29T15:13:00,22694.4,22695.8,22689.15,22692.5,3949244
1790675040,2026-09-29T15:14:00,22694.2,22694.2,22678.6,22680.9,1860157
1790675100,2026-09-29T15:15:00,22683.75,22683.75,22683.75,22683.75,16270
1790675160,2026-09-29T15:16:00,22683.75,22683.75,22683.75,22683.75,16270
1790675220,2026-09-29T15:17:00,22683.75,22683.75,22683.75,22683.75,16270
1790675280,2026-09-29T15:18:00,22683.75,22683.75,22683.75,22683.75,16270
1790675340,2026-09-29T15:19:00,22683.75,22683.75,22683.75,22683.75,16270
1790675400,2026-09-29T15:20:00,22683.75,22683.75,22683.75,22683.75,16270
1790675460,2026-09-29T15:21:00,22683.75,22683.75,22683.75,22683.75,16270
1790675520,2026-09-29T15:22:00,22683.75,22683.75,22683.75,22683.75,16270
1790675580,2026-09-29T15:23:00,22683.75,22683.75,22683.75,22683.75,16270
1790675640,2026-09-29T15:24:00,22683.75,22683.75,22683.75,22683.75,16270
1790675700,2026-09-29T15:25:00,22683.75,22683.75,22683.75,22683.75,16270
1790675760,2026-09-29T15:26:00,22683.75,22683.75,22683.75,22683.75,16270
1790675820,2026-09-29T15:27:00,22683.75,22683.75,22683.75,22683.75,16270
1790675880,2026-09-29T15:28:00,22683.75,22683.75,22683.75,22683.75,16270
1790675940,2026-09-29T15:29:00,22683.75,22716.2,22683.75,22716.2,16270
1790739900,2026-09-30T09:15:00,22664.95,22718.45,22660.45,22667.75,5261888
1790739960,2026-09-30T09:16:00,22668.65,22682.5,22659.8,22676.2,3121272
1790740020,2026-09-30T09:17:00,22676.6,22685.65,22672.35,22683.05,2449596
1790740080,2026-09-30T09:18:00,22684,22698.4,22680.3,22688.45,1955287
1790740140,2026-09-30T09:19:00,22689.2,22706.4,22686.9,22702.7,1909393
1790740200,2026-09-30T09:20:00,22702.85,22723.1,22701.25,22720.35,1808177
1790740260,2026-09-30T09:21:00,22720,22728.7,22713.95,22718.1,1373067
1790740320,2026-09-30T09:22:00,22718.4,22719.6,22697.2,22697.3,1690595
1790740380,2026-09-30T09:23:00,22697.85,22724.55,22697.8,22721.75,1300644
1790740440,2026-09-30T09:24:00,22721,22733.35,22720.35,22727.95,1491918
1790740500,2026-09-30T09:25:00,22727.8,22730.85,22714.85,22714.9,1416784
1790740560,2026-09-30T09:26:00,22715.55,22734.45,22714.45,22733.05,1152411
1790740620,2026-09-30T09:27:00,22733.1,22736.65,22727.05,22732.1,1082726
1790740680,2026-09-30T09:28:00,22732.2,22736.2,22729.15,22729.35,1023751
1790740740,2026-09-30T09:29:00,22729.45,22731.65,22721.6,22721.65,1527946
1790740800,2026-09-30T09:30:00,22720.4,22720.4,22698.65,22699.75,1356247
1790740860,2026-09-30T09:31:00,22699.8,22703.25,22690.9,22696.15,1120374
1790740920,2026-09-30T09:32:00,22696.05,22703.3,22694.55,22698.75,927799
1790740980,2026-09-30T09:33:00,22699.15,22699.5,22681.15,22683.2,1302282
1790741040,2026-09-30T09:34:00,22682.9,22692.05,22682.6,22690,950257
1790741100,2026-09-30T09:35:00,22690.05,22705.15,22689.3,22700.9,895366
1790741160,2026-09-30T09:36:00,22700.8,22704.25,22687,22688.5,979699
1790741220,2026-09-30T09:37:00,22688.6,22697.95,22686.7,22694.45,767318
1790741280,2026-09-30T09:38:00,22694.85,22698.05,22691.2,22693.2,660348
1790741340,2026-09-30T09:39:00,22693.3,22697.2,22688,22688,789988
1790741400,2026-09-30T09:40:00,22687.9,22694.2,22685.15,22686.7,710494
1790741460,2026-09-30T09:41:00,22686.85,22698.8,22686.65,22696.85,893478
1790741520,2026-09-30T09:42:00,22697,22708.3,22696.35,22706,1046600
1790741580,2026-09-30T09:43:00,22706,22714.75,22706,22709.7,760057
1790741640,2026-09-30T09:44:00,22709.65,22715.4,22706.85,22715.15,695591
1790741700,2026-09-30T09:45:00,22714.95,22729.15,22714.95,22727.15,790165
1790741760,2026-09-30T09:46:00,22727.35,22729.15,22719.95,22721.85,953571
1790741820,2026-09-30T09:47:00,22722.1,22723.2,22707.55,22708.45,900347
1790741880,2026-09-30T09:48:00,22708.2,22715.7,22704.55,22711.95,773805
1790741940,2026-09-30T09:49:00,22711.85,22712,22701.7,22702.1,765461
1790742000,2026-09-30T09:50:00,22702.3,22707.15,22701.6,22705.6,1059351
1790742060,2026-09-30T09:51:00,22705.9,22706.9,22701.1,22702.5,1257385
1790742120,2026-09-30T09:52:00,22702.5,22703.5,22692.1,22692.8,935087
1790742180,2026-09-30T09:53:00,22693,22711.15,22689.1,22710.05,1022212
1790742240,2026-09-30T09:54:00,22709.95,22720.5,22708.95,22719.65,743589
1790742300,2026-09-30T09:55:00,22719.55,22729.6,22719.15,22719.35,1054463
1790742360,2026-09-30T09:56:00,22719,22728.8,22719,22727.15,705757
1790742420,2026-09-30T09:57:00,22726.45,22727.45,22719.3,22724.1,708460
1790742480,2026-09-30T09:58:00,22724.05,22733.15,22723.2,22732.2,833993
1790742540,2026-09-30T09:59:00,22732.25,22735.35,22722.3,22722.3,1037798
1790742600,2026-09-30T10:00:00,22722.25,22724.55,22716.65,22722.1,803971
1790742660,2026-09-30T10:01:00,22722.15,22724.1,22719.6,22723.05,880216
1790742720,2026-09-30T10:02:00,22723.7,22727.35,22723.45,22725.85,1341954
1790742780,2026-09-30T10:03:00,22725.45,22731.6,22723.75,22724.15,752282
1790742840,2026-09-30T10:04:00,22724.15,22733.9,22723.85,22730.1,899222
1790742900,2026-09-30T10:05:00,22730,22743.4,22729.3,22742.8,1062002
1790742960,2026-09-30T10:06:00,22742.9,22746.8,22738.45,22738.95,1070083
1790743020,2026-09-30T10:07:00,22739.15,22741.5,22735.75,22740.55,1003152
1790743080,2026-09-30T10:08:00,22740.6,22743.2,22734.1,22735.1,1011415
1790743140,2026-09-30T10:09:00,22734.65,22741.85,22734.6,22739,832642
1790743200,2026-09-30T10:10:00,22739.1,22744.45,22738.55,22743.75,1046899
1790743260,2026-09-30T10:11:00,22744.05,22749.5,22742.45,22742.8,1283787
1790743320,2026-09-30T10:12:00,22742.75,22747.5,22742.55,22745.7,564998
1790743380,2026-09-30T10:13:00,22746.05,22748.75,22744.9,22745.85,736461
1790743440,2026-09-30T10:14:00,22745.95,22755.75,22745.55,22755.2,1002250
1790743500,2026-09-30T10:15:00,22754.8,22758.85,22753.1,22753.5,785794
1790743560,2026-09-30T10:16:00,22753.55,22761.65,22753,22756.6,628171
1790743620,2026-09-30T10:17:00,22757.15,22760.55,22754.1,22755.15,692953
1790743680,2026-09-30T10:18:00,22755.15,22759.35,22754.5,22758.1,1054374
1790743740,2026-09-30T10:19:00,22757.5,22759.65,22753.6,22757.95,620985
1790743800,2026-09-30T10:20:00,22757.85,22765,22757.35,22763.95,918476
1790743860,2026-09-30T10:21:00,22764.25,22769.65,22764.1,22767.3,793758
1790743920,2026-09-30T10:22:00,22767.4,22767.85,22762.75,22766.4,580256
1790743980,2026-09-30T10:23:00,22766.35,22771.8,22761.05,22761.7,574134
1790744040,2026-09-30T10:24:00,22762.1,22762.1,22757.1,22759.25,559317
1790744100,2026-09-30T10:25:00,22759.3,22762.15,22755.95,22760.4,812962
1790744160,2026-09-30T10:26:00,22760.2,22766.5,22759,22766.3,655784
1790744220,2026-09-30T10:27:00,22765.75,22770.7,22760,22760.85,647675
1790744280,2026-09-30T10:28:00,22760.65,22764.15,22759.25,22763.05,855158
1790744340,2026-09-30T10:29:00,22762.9,22763.6,22757.15,22758.1,609785
1790744400,2026-09-30T10:30:00,22757.25,22757.7,22746.6,22747.5,822673
1790744460,2026-09-30T10:31:00,22747.75,22752.3,22743.05,22743.05,632620
1790744520,2026-09-30T10:32:00,22743.1,22743.1,22734.45,22735.6,867695
1790744580,2026-09-30T10:33:00,22735.8,22737.4,22718.95,22719,830027
1790744640,2026-09-30T10:34:00,22718.75,22722.75,22708.55,22713.8,1049261
1790744700,2026-09-30T10:35:00,22714.15,22714.15,22702.05,22706.25,989523
1790744760,2026-09-30T10:36:00,22705.75,22716.9,22704.85,22712.05,921024
1790744820,2026-09-30T10:37:00,22712,22713.25,22704.45,22713.05,850756
1790744880,2026-09-30T10:38:00,22713.05,22724.55,22710.65,22722.95,839965
1790744940,2026-09-30T10:39:00,22722.95,22724.5,22719,22723.75,540462
1790745000,2026-09-30T10:40:00,22723.85,22729.05,22717.4,22718.05,641072
1790745060,2026-09-30T10:41:00,22717.75,22718.1,22706.9,22707.75,622929
1790745120,2026-09-30T10:42:00,22707.7,22710.9,22706.15,22709.65,684617
1790745180,2026-09-30T10:43:00,22709.6,22714.35,22706.45,22706.9,675232
1790745240,2026-09-30T10:44:00,22706.95,22707.15,22698.1,22702.75,1384801
1790745300,2026-09-30T10:45:00,22702.95,22705.6,22700.65,22702.7,582865
1790745360,2026-09-30T10:46:00,22702.65,22703.1,22698.35,22698.9,1047516
1790745420,2026-09-30T10:47:00,22698.9,22704.8,22697.25,22704.3,575405
1790745480,2026-09-30T10:48:00,22704.3,22711.2,22703.45,22705.1,699586
1790745540,2026-09-30T10:49:00,22705.05,22709.4,22701,22708.65,1442904
1790745600,2026-09-30T10:50:00,22708.7,22711.5,22706.75,22707.8,429547
1790745660,2026-09-30T10:51:00,22707.85,22718.9,22707.85,22716.65,813505
1790745720,2026-09-30T10:52:00,22716.55,22718.6,22708.4,22709.8,969964
1790745780,2026-09-30T10:53:00,22709.75,22715.2,22709.25,22713.65,550877
1790745840,2026-09-30T10:54:00,22713.8,22716.9,22711.85,22713.35,1309681
1790745900,2026-09-30T10:55:00,22713.35,22715.3,22708,22709.2,437804
1790745960,2026-09-30T10:56:00,22709.15,22709.35,22701.9,22701.9,574527
1790746020,2026-09-30T10:57:00,22702,22702.25,22694.55,22695.15,924545
1790746080,2026-09-30T10:58:00,22695.4,22700.1,22694,22694.7,661306
1790746140,2026-09-30T10:59:00,22694.4,22695.8,22685.65,22687.9,1311867
1790746200,2026-09-30T11:00:00,22687.95,22702.2,22686.3,22701.55,943211
1790746260,2026-09-30T11:01:00,22701.5,22718.05,22700.8,22717.2,786661
1790746320,2026-09-30T11:02:00,22717.55,22729.95,22717,22726.5,1166683
1790746380,2026-09-30T11:03:00,22726.4,22726.85,22722.2,22723.95,578693
1790746440,2026-09-30T11:04:00,22723.65,22725.95,22721.05,22723.55,679287
1790746500,2026-09-30T11:05:00,22723.6,22724.3,22717.25,22718.25,833757
1790746560,2026-09-30T11:06:00,22718.2,22721.95,22716.65,22716.9,1037774
1790746620,2026-09-30T11:07:00,22717.1,22723.85,22715.35,22715.75,840414
1790746680,2026-09-30T11:08:00,22716.3,22721.95,22715.5,22717.6,832524
1790746740,2026-09-30T11:09:00,22717.9,22720.95,22707.2,22709.85,952520
1790746800,2026-09-30T11:10:00,22710.25,22713.95,22710.15,22712.2,863567
1790746860,2026-09-30T11:11:00,22711.8,22713.25,22701.25,22703.65,575852
1790746920,2026-09-30T11:12:00,22704.05,22705.45,22700.6,22701.6,469999
1790746980,2026-09-30T11:13:00,22701.45,22703.6,22694.5,22694.9,492325
1790747040,2026-09-30T11:14:00,22694.75,22696.2,22689.3,22689.5,660035
1790747100,2026-09-30T11:15:00,22689.6,22690.65,22670.6,22674.2,1290514
1790747160,2026-09-30T11:16:00,22673.8,22678,22670.45,22672.85,933464
1790747220,2026-09-30T11:17:00,22672.45,22673.05,22667.1,22667.3,823425
1790747280,2026-09-30T11:18:00,22667.25,22679.4,22666.05,22677.65,766741
1790747340,2026-09-30T11:19:00,22677.8,22685.9,22677.7,22680.5,890608
1790747400,2026-09-30T11:20:00,22680.75,22686.25,22679.7,22685.2,564288
1790747460,2026-09-30T11:21:00,22685.15,22688,22677.15,22677.25,530942
1790747520,2026-09-30T11:22:00,22677.55,22686.1,22677.55,22678.75,396756
1790747580,2026-09-30T11:23:00,22679.35,22683.35,22677.95,22679.6,560684
1790747640,2026-09-30T11:24:00,22680.5,22683.2,22678.95,22681.05,760131
1790747700,2026-09-30T11:25:00,22680.9,22686.7,22680.7,22685.65,625725
1790747760,2026-09-30T11:26:00,22686.05,22688.65,22681.25,22685.4,3188029
1790747820,2026-09-30T11:27:00,22685.25,22693.2,22685.15,22690.5,550068
1790747880,2026-09-30T11:28:00,22690.4,22702.55,22690.2,22701.4,855197
1790747940,2026-09-30T11:29:00,22701.6,22706.75,22698.9,22700,636809
1790748000,2026-09-30T11:30:00,22700.1,22709.8,22694.7,22707.9,698113
1790748060,2026-09-30T11:31:00,22708.1,22710.8,22702.4,22706.15,757343
1790748120,2026-09-30T11:32:00,22705.5,22709.9,22704.45,22708,685207
1790748180,2026-09-30T11:33:00,22707.85,22711.5,22702.8,22705.45,693713
1790748240,2026-09-30T11:34:00,22705.25,22711.45,22705.25,22711.15,624654
1790748300,2026-09-30T11:35:00,22710.9,22719,22710.1,22714.1,680901
1790748360,2026-09-30T11:36:00,22713.65,22714.85,22711.15,22712.45,537100
1790748420,2026-09-30T11:37:00,22712.1,22717.25,22711.3,22716.8,514787
1790748480,2026-09-30T11:38:00,22716.75,22721.5,22716.1,22716.35,431807
1790748540,2026-09-30T11:39:00,22716.5,22717.4,22702.85,22704.3,810131
1790748600,2026-09-30T11:40:00,22704,22706.65,22699.4,22703.1,578542
1790748660,2026-09-30T11:41:00,22702.95,22704.1,22698.3,22699.9,371757
1790748720,2026-09-30T11:42:00,22699.85,22709.85,22698.7,22706.6,408175
1790748780,2026-09-30T11:43:00,22706.8,22713.1,22705.4,22710.3,545472
1790748840,2026-09-30T11:44:00,22710.35,22711.4,22706.5,22707.85,424384
1790748900,2026-09-30T11:45:00,22708.1,22709.3,22704.7,22704.8,415237
1790748960,2026-09-30T11:46:00,22704.6,22709.4,22704.5,22709.25,394123
1790749020,2026-09-30T11:47:00,22709.15,22715.3,22708.4,22714.5,599245
1790749080,2026-09-30T11:48:00,22714.45,22718.05,22712.3,22715.05,820251
1790749140,2026-09-30T11:49:00,22714.75,22718.4,22712.55,22716.65,811364
1790749200,2026-09-30T11:50:00,22716.55,22720.05,22715.65,22718.25,426187
1790749260,2026-09-30T11:51:00,22717.9,22718.85,22715.15,22716.25,701358
1790749320,2026-09-30T11:52:00,22716.25,22718.45,22714.3,22715.75,433395
1790749380,2026-09-30T11:53:00,22715.6,22717.7,22712.3,22716.25,430186
1790749440,2026-09-30T11:54:00,22716.3,22718.45,22712.65,22716.5,486685
1790749500,2026-09-30T11:55:00,22716.7,22722.65,22715.05,22722.1,557008
1790749560,2026-09-30T11:56:00,22721.7,22730.6,22721.7,22729.85,477365
1790749620,2026-09-30T11:57:00,22729.8,22732.65,22728.1,22728.1,639977
1790749680,2026-09-30T11:58:00,22727.8,22732.65,22725,22729.7,637397
1790749740,2026-09-30T11:59:00,22729.65,22740.25,22729.35,22737.1,1731770
1790749800,2026-09-30T12:00:00,22736.9,22743.85,22735.25,22740.55,688430
1790749860,2026-09-30T12:01:00,22740.7,22744.35,22740.05,22742.25,539907
1790749920,2026-09-30T12:02:00,22742.2,22744.75,22739.5,22743.8,459828
1790749980,2026-09-30T12:03:00,22743.2,22748.3,22743.2,22747.45,609473
1790750040,2026-09-30T12:04:00,22747.3,22747.3,22741.55,22741.65,354496
1790750100,2026-09-30T12:05:00,22741.1,22742.2,22732.1,22733.35,510478
1790750160,2026-09-30T12:06:00,22732.75,22735.7,22731.35,22735.05,375411
1790750220,2026-09-30T12:07:00,22735.1,22736,22732.15,22734.7,435059
1790750280,2026-09-30T12:08:00,22734.75,22742.35,22734.05,22739.95,479275
1790750340,2026-09-30T12:09:00,22739.6,22743.6,22738.8,22741.55,457493
1790750400,2026-09-30T12:10:00,22741.45,22745.2,22740.5,22743.45,512795
1790750460,2026-09-30T12:11:00,22743.15,22743.15,22717.75,22719.85,884094
1790750520,2026-09-30T12:12:00,22719.6,22730.7,22713.45,22729.15,707742
1790750580,2026-09-30T12:13:00,22729.1,22730.45,22722.25,22725.35,427097
1790750640,2026-09-30T12:14:00,22724.35,22726.2,22719.85,22721.2,409523
1790750700,2026-09-30T12:15:00,22721.05,22721.05,22711.05,22712.6,527421
1790750760,2026-09-30T12:16:00,22712.6,22719.35,22707.55,22719.35,621628
1790750820,2026-09-30T12:17:00,22719.5,22722.05,22718.15,22718.95,350940
1790750880,2026-09-30T12:18:00,22719.2,22719.75,22712.3,22714.9,489681
1790750940,2026-09-30T12:19:00,22714.35,22719.1,22712.3,22717.7,490673
1790751000,2026-09-30T12:20:00,22718,22721.9,22717.05,22721.1,276829
1790751060,2026-09-30T12:21:00,22720.9,22735.25,22720.25,22729.3,954324
1790751120,2026-09-30T12:22:00,22729.3,22751.25,22727.75,22750.75,797085
1790751180,2026-09-30T12:23:00,22750.45,22763,22749.9,22762.3,712604
1790751240,2026-09-30T12:24:00,22762.7,22765.7,22755.05,22755.05,535025
1790751300,2026-09-30T12:25:00,22755.1,22758.45,22754.55,22756.6,524349
1790751360,2026-09-30T12:26:00,22756.65,22761,22755.4,22759.75,491652
1790751420,2026-09-30T12:27:00,22759.65,22760.6,22748.8,22752.5,424129
1790751480,2026-09-30T12:28:00,22752.7,22760.6,22751.1,22759.55,633443
1790751540,2026-09-30T12:29:00,22759.75,22760.45,22748.85,22749,578387
1790751600,2026-09-30T12:30:00,22749,22754.3,22746.5,22753.5,386126
1790751660,2026-09-30T12:31:00,22753.45,22760.25,22753,22760.25,445350
1790751720,2026-09-30T12:32:00,22759.85,22762.8,22759.3,22760.2,519960
1790751780,2026-09-30T12:33:00,22760.15,22764.7,22759.3,22762.75,553645
1790751840,2026-09-30T12:34:00,22762.85,22769.1,22761.6,22768.15,550874
1790751900,2026-09-30T12:35:00,22768.2,22776,22768.2,22772.4,601279
1790751960,2026-09-30T12:36:00,22772.25,22776.4,22771.35,22774.6,1020946
1790752020,2026-09-30T12:37:00,22774.75,22781,22773.05,22778.55,477319
1790752080,2026-09-30T12:38:00,22778.6,22789,22778.6,22787.1,467026
1790752140,2026-09-30T12:39:00,22787.35,22789.7,22775.35,22775.7,565391
1790752200,2026-09-30T12:40:00,22775.85,22779,22775.05,22777.4,635469
1790752260,2026-09-30T12:41:00,22777.9,22778.45,22769,22773.1,634334
1790752320,2026-09-30T12:42:00,22772.95,22774.8,22771.25,22774.3,599053
1790752380,2026-09-30T12:43:00,22774.5,22775.05,22769.5,22770.85,426672
1790752440,2026-09-30T12:44:00,22770.55,22776,22769.85,22772.6,540167
1790752500,2026-09-30T12:45:00,22772.35,22780.2,22772.3,22776.85,492917
1790752560,2026-09-30T12:46:00,22776.6,22801.05,22776.05,22800.15,933095
1790752620,2026-09-30T12:47:00,22799.95,22805,22797.75,22798.6,904850
1790752680,2026-09-30T12:48:00,22798.85,22809.3,22797,22808.35,907884
1790752740,2026-09-30T12:49:00,22808.4,22809.35,22795.55,22795.75,666526
1790752800,2026-09-30T12:50:00,22795.85,22797.85,22789.6,22792.8,726753
1790752860,2026-09-30T12:51:00,22792.65,22796,22787,22795.55,478405
1790752920,2026-09-30T12:52:00,22795.5,22796.05,22786.05,22792.9,769837
1790752980,2026-09-30T12:53:00,22792.65,22795.15,22790.3,22793.15,408341
1790753040,2026-09-30T12:54:00,22793.35,22796.2,22789.55,22790.4,786476
1790753100,2026-09-30T12:55:00,22790.5,22793.4,22787.85,22789.55,948855
1790753160,2026-09-30T12:56:00,22789.5,22796.3,22788.15,22794.65,884653
1790753220,2026-09-30T12:57:00,22795.2,22796.7,22792.5,22792.8,606525
1790753280,2026-09-30T12:58:00,22795,22795,22781.15,22785.75,674362
1790753340,2026-09-30T12:59:00,22785.7,22793.15,22785.35,22788.6,521071
1790753400,2026-09-30T13:00:00,22788.7,22793.25,22787.5,22792.65,638433
1790753460,2026-09-30T13:01:00,22792.45,22795.45,22789.25,22794.1,942049
1790753520,2026-09-30T13:02:00,22793.95,22794.65,22789.55,22791.7,716566
1790753580,2026-09-30T13:03:00,22791.6,22793.9,22788.65,22790.2,713952
1790753640,2026-09-30T13:04:00,22789.35,22790,22785.3,22786.8,931319
1790753700,2026-09-30T13:05:00,22786.75,22789.2,22784.95,22787.55,789398
1790753760,2026-09-30T13:06:00,22787.8,22792.4,22787.05,22788.85,892798
1790753820,2026-09-30T13:07:00,22788.7,22790.5,22787.35,22788.95,590148
1790753880,2026-09-30T13:08:00,22788.9,22791.9,22788.15,22790.25,745159
1790753940,2026-09-30T13:09:00,22790.3,22794.7,22789.8,22791.5,538720
1790754000,2026-09-30T13:10:00,22790.55,22793.2,22789.45,22791.85,624662
1790754060,2026-09-30T13:11:00,22791.9,22792.95,22786.5,22788.35,469613
1790754120,2026-09-30T13:12:00,22787.85,22789.55,22783.85,22785.35,672613
1790754180,2026-09-30T13:13:00,22785.6,22786.8,22781.35,22782.4,517136
1790754240,2026-09-30T13:14:00,22782.6,22783.25,22775.7,22778.45,608643
1790754300,2026-09-30T13:15:00,22778.3,22785.35,22778.05,22783.3,582662
1790754360,2026-09-30T13:16:00,22783.4,22787.3,22782.25,22783.4,656413
1790754420,2026-09-30T13:17:00,22783.4,22787.25,22783.05,22785.15,1008733
1790754480,2026-09-30T13:18:00,22784.55,22785.5,22778.7,22781.3,668485
1790754540,2026-09-30T13:19:00,22781.5,22782.45,22776.95,22778.5,547459
1790754600,2026-09-30T13:20:00,22778,22779.3,22775.1,22777.15,484956
1790754660,2026-09-30T13:21:00,22777.15,22780.45,22776.15,22779.5,829126
1790754720,2026-09-30T13:22:00,22779.25,22783.65,22777.65,22781.95,1145298
1790754780,2026-09-30T13:23:00,22782.35,22785.35,22781.05,22784.4,666505
1790754840,2026-09-30T13:24:00,22783.5,22785.7,22781.65,22785.2,895920
1790754900,2026-09-30T13:25:00,22785.3,22788.7,22781.4,22781.85,741322
1790754960,2026-09-30T13:26:00,22779,22784.95,22779,22782.75,557128
1790755020,2026-09-30T13:27:00,22782.95,22787.15,22782.05,22786.2,654493
1790755080,2026-09-30T13:28:00,22786.4,22787.3,22781.25,22783.25,772694
1790755140,2026-09-30T13:29:00,22783.65,22784.75,22772.2,22774.75,708297
1790755200,2026-09-30T13:30:00,22774.8,22778.55,22771.95,22776.85,520537
1790755260,2026-09-30T13:31:00,22776.65,22787.35,22774.15,22787.35,916765
1790755320,2026-09-30T13:32:00,22787.1,22788.5,22780,22780.7,470902
1790755380,2026-09-30T13:33:00,22780.8,22784.25,22779.75,22781.45,587898
1790755440,2026-09-30T13:34:00,22781.85,22784,22776.15,22777.5,513402
1790755500,2026-09-30T13:35:00,22777.15,22777.85,22772,22772.2,628862
1790755560,2026-09-30T13:36:00,22772.3,22772.4,22765.55,22766.75,574843
1790755620,2026-09-30T13:37:00,22766.5,22770.05,22759.75,22765.2,662530
1790755680,2026-09-30T13:38:00,22765.3,22766.25,22761.2,22763.65,618019
1790755740,2026-09-30T13:39:00,22764,22764.35,22755.6,22757.05,685979
1790755800,2026-09-30T13:40:00,22757.05,22757.35,22750.9,22752.45,567696
1790755860,2026-09-30T13:41:00,22752.05,22752.8,22739.9,22742.85,864823
1790755920,2026-09-30T13:42:00,22742.95,22751.1,22742.15,22749.7,628526
1790755980,2026-09-30T13:43:00,22749.1,22752.05,22740.5,22740.55,655258
1790756040,2026-09-30T13:44:00,22740.8,22741.3,22726.15,22726.25,1206975
1790756100,2026-09-30T13:45:00,22726.3,22726.95,22714.85,22720.1,1057954
1790756160,2026-09-30T13:46:00,22719.95,22726,22719.85,22721.4,706663
1790756220,2026-09-30T13:47:00,22721.25,22726.3,22718.75,22723.55,970512
1790756280,2026-09-30T13:48:00,22723.35,22728.45,22723.35,22724.75,622285
1790756340,2026-09-30T13:49:00,22724.65,22728.35,22719.9,22721.1,573785
1790756400,2026-09-30T13:50:00,22721.2,22725.5,22717.1,22724.7,748340
1790756460,2026-09-30T13:51:00,22724.75,22731.3,22724.5,22729.65,650341
1790756520,2026-09-30T13:52:00,22729.55,22732.55,22717.9,22718.75,531035
1790756580,2026-09-30T13:53:00,22719.15,22725.5,22718.2,22720.25,655711
1790756640,2026-09-30T13:54:00,22720.7,22730,22720.4,22726.5,796406
1790756700,2026-09-30T13:55:00,22726.25,22736.95,22726.25,22735.05,920377
1790756760,2026-09-30T13:56:00,22734.85,22740.35,22734.7,22736.7,930007
1790756820,2026-09-30T13:57:00,22736.55,22744.4,22736.4,22743.4,1054654
1790756880,2026-09-30T13:58:00,22743.3,22750.45,22743.15,22747.1,1090559
1790756940,2026-09-30T13:59:00,22746.65,22749.2,22735.2,22735.25,809299
1790757000,2026-09-30T14:00:00,22735,22737.95,22725.1,22725.95,726406
1790757060,2026-09-30T14:01:00,22725.6,22731.8,22725.35,22729.7,923666
1790757120,2026-09-30T14:02:00,22729.3,22736.55,22729.3,22729.9,1473437
1790757180,2026-09-30T14:03:00,22729.9,22736.35,22729.9,22735.55,948049
1790757240,2026-09-30T14:04:00,22734.55,22740.8,22734.55,22737.25,648764
1790757300,2026-09-30T14:05:00,22737,22740.1,22734.9,22736.5,590760
1790757360,2026-09-30T14:06:00,22737.1,22741.65,22736.45,22739.05,606296
1790757420,2026-09-30T14:07:00,22739.2,22739.65,22730.95,22732.9,694639
1790757480,2026-09-30T14:08:00,22732.6,22735.7,22729.6,22734.6,578000
1790757540,2026-09-30T14:09:00,22734.45,22734.45,22726.15,22726.4,882997
1790757600,2026-09-30T14:10:00,22725.8,22728.55,22723.1,22723.1,827382
1790757660,2026-09-30T14:11:00,22723.05,22725.6,22719.95,22722.7,594300
1790757720,2026-09-30T14:12:00,22722.3,22723.3,22715.45,22715.7,769152
1790757780,2026-09-30T14:13:00,22715.05,22717.25,22710.3,22710.3,546881
1790757840,2026-09-30T14:14:00,22710.15,22713.6,22707.6,22708.35,705480
1790757900,2026-09-30T14:15:00,22708,22709.65,22701.5,22702.1,920625
1790757960,2026-09-30T14:16:00,22702.1,22708.45,22702.1,22705.9,626610
1790758020,2026-09-30T14:17:00,22705.55,22709.65,22704.7,22706.55,749040
1790758080,2026-09-30T14:18:00,22706.4,22708.9,22704.75,22705.3,699349
1790758140,2026-09-30T14:19:00,22707.45,22708.35,22704.95,22705.8,688939
1790758200,2026-09-30T14:20:00,22704.35,22709.9,22703.05,22706.65,998737
1790758260,2026-09-30T14:21:00,22706.4,22708.25,22693,22693.7,1314119
1790758320,2026-09-30T14:22:00,22694.3,22698.65,22692.05,22692.3,1055122
1790758380,2026-09-30T14:23:00,22692,22693.6,22664.5,22666.3,1493979
1790758440,2026-09-30T14:24:00,22666.05,22677.2,22664.65,22664.85,1649485
1790758500,2026-09-30T14:25:00,22664.75,22672.5,22664.75,22666.5,925582
1790758560,2026-09-30T14:26:00,22666,22668.7,22658.9,22660,1094058
1790758620,2026-09-30T14:27:00,22659,22660.95,22652.75,22654.15,948781
1790758680,2026-09-30T14:28:00,22653.8,22655.3,22641.4,22642.7,1207988
1790758740,2026-09-30T14:29:00,22642.55,22645.7,22635.3,22642.75,1344377
1790758800,2026-09-30T14:30:00,22642.65,22644.15,22628.9,22631.25,1180407
1790758860,2026-09-30T14:31:00,22630.25,22649.6,22629.2,22648.6,1319849
1790758920,2026-09-30T14:32:00,22648.25,22648.75,22638,22642.95,1091052
1790758980,2026-09-30T14:33:00,22642.9,22647.1,22638.5,22639.85,1007957
1790759040,2026-09-30T14:34:00,22640.25,22642.5,22638.3,22640.2,809709
1790759100,2026-09-30T14:35:00,22639.75,22642.8,22633.5,22634.8,939557
1790759160,2026-09-30T14:36:00,22634.85,22637.45,22625.25,22626.85,1158335
1790759220,2026-09-30T14:37:00,22626.75,22628,22617.95,22618.75,1009041
1790759280,2026-09-30T14:38:00,22618.8,22629.95,22617.5,22621.15,1190886
1790759340,2026-09-30T14:39:00,22620.8,22621.45,22604.45,22608.2,1423438
1790759400,2026-09-30T14:40:00,22607.75,22617.35,22607.3,22615.2,876989
1790759460,2026-09-30T14:41:00,22614.95,22618.85,22612.25,22614.75,1013898
1790759520,2026-09-30T14:42:00,22614.6,22616.05,22600.35,22601.15,1132125
1790759580,2026-09-30T14:43:00,22601.25,22607.1,22595.2,22604.9,1307624
1790759640,2026-09-30T14:44:00,22604.95,22613.1,22604.4,22610.1,1206422
1790759700,2026-09-30T14:45:00,22610.4,22629.35,22610,22628.5,1458234
1790759760,2026-09-30T14:46:00,22627.9,22629.65,22619.5,22621.05,1493619
1790759820,2026-09-30T14:47:00,22621.35,22634.9,22618.35,22632.8,1393307
1790759880,2026-09-30T14:48:00,22632.6,22646.9,22632.25,22643.85,1770997
1790759940,2026-09-30T14:49:00,22644.25,22652.45,22644,22652.3,1439021
1790760000,2026-09-30T14:50:00,22652.2,22654.25,22639.75,22647.3,1954241
1790760060,2026-09-30T14:51:00,22647.3,22651.55,22640.2,22651,1707915
1790760120,2026-09-30T14:52:00,22651.2,22654.8,22642.1,22645.75,2184612
1790760180,2026-09-30T14:53:00,22645.65,22651.9,22638.85,22641.05,1923630
1790760240,2026-09-30T14:54:00,22641,22647.15,22640.2,22645.85,1751436
1790760300,2026-09-30T14:55:00,22646.2,22648.25,22642.05,22643,1625045
1790760360,2026-09-30T14:56:00,22643,22644.15,22634.5,22634.5,1522584
1790760420,2026-09-30T14:57:00,22634.5,22643.35,22633.3,22642.4,1855221
1790760480,2026-09-30T14:58:00,22642.5,22645.35,22640,22641.4,1941405
1790760540,2026-09-30T14:59:00,22641.1,22643.35,22637.1,22637.2,2060209
1790760600,2026-09-30T15:00:00,22637.25,22650.75,22630.4,22649.45,2827062
1790760660,2026-09-30T15:01:00,22649.7,22658.75,22647.25,22656.45,2460512
1790760720,2026-09-30T15:02:00,22657.3,22660.4,22654.2,22654.9,2380942
1790760780,2026-09-30T15:03:00,22656,22656.35,22639.25,22640.2,2860629
1790760840,2026-09-30T15:04:00,22641.15,22647.75,22636.95,22640.6,2492580
1790760900,2026-09-30T15:05:00,22640.25,22640.35,22629.1,22630,2787998
1790760960,2026-09-30T15:06:00,22630.25,22637.25,22626.7,22635.75,2573783
1790761020,2026-09-30T15:07:00,22636.1,22636.95,22627.5,22628.25,2367809
1790761080,2026-09-30T15:08:00,22628.2,22629.3,22625.65,22628.6,2594948
1790761140,2026-09-30T15:09:00,22628.5,22629.9,22623.9,22624.6,2735473
1790761200,2026-09-30T15:10:00,22624.95,22630.05,22622.45,22623.95,4339928
1790761260,2026-09-30T15:11:00,22623.9,22631.85,22622.15,22628.75,3224871
1790761320,2026-09-30T15:12:00,22629.2,22630.1,22617.8,22620.4,4522762
1790761380,2026-09-30T15:13:00,22620.6,22621.35,22607.65,22610.65,3574943
1790761440,2026-09-30T15:14:00,22609.15,22616.9,22600.95,22614.9,2895788
1790761500,2026-09-30T15:15:00,22616.6,22616.6,22616.6,22616.6,3189
1790761560,2026-09-30T15:16:00,22616.6,22616.6,22616.6,22616.6,3189
1790761620,2026-09-30T15:17:00,22616.6,22616.6,22616.6,22616.6,3189
1790761680,2026-09-30T15:18:00,22616.6,22616.6,22616.6,22616.6,3189
1790761740,2026-09-30T15:19:00,22616.6,22616.6,22616.6,22616.6,3189
1790761800,2026-09-30T15:20:00,22616.6,22616.6,22616.6,22616.6,3189
1790761860,2026-09-30T15:21:00,22616.6,22616.6,22616.6,22616.6,3189
1790761920,2026-09-30T15:22:00,22616.6,22616.6,22616.6,22616.6,3189
1790761980,2026-09-30T15:23:00,22616.6,22616.6,22616.6,22616.6,3189
1790762040,2026-09-30T15:24:00,22616.6,22616.6,22616.6,22616.6,3189
1790762100,2026-09-30T15:25:00,22616.6,22616.6,22616.6,22616.6,3189
1790762160,2026-09-30T15:26:00,22616.6,22616.6,22616.6,22616.6,3189
1790762220,2026-09-30T15:27:00,22616.6,22616.6,22616.6,22616.6,3189
1790762280,2026-09-30T15:28:00,22616.6,22620.45,22616.6,22620.45,139239676
1790762340,2026-09-30T15:29:00,22620.45,22620.45,22620.45,22620.45,139239676
1790762580,2026-09-30T15:33:00,22620.45,22620.45,22620.45,22620.45,0
