Epoch,Timestamp,Open,High,Low,Close,Volume
1777866300,2026-05-04T09:15:00,24063.55,24245.85,24061.85,24182.45,12210197
1777866360,2026-05-04T09:16:00,24182.5,24205.85,24162.4,24187.75,7263767
1777866420,2026-05-04T09:17:00,24181.05,24196.05,24155.15,24156.15,3740803
1777866480,2026-05-04T09:18:00,24158.15,24200.55,24158.15,24192.8,3872026
1777866540,2026-05-04T09:19:00,24192.7,24194.55,24169.4,24177.05,3531329
1777866600,2026-05-04T09:20:00,24178.9,24214.7,24178.9,24196.45,2951813
1777866660,2026-05-04T09:21:00,24197.45,24201.35,24184.15,24184.15,3147037
1777866720,2026-05-04T09:22:00,24184.15,24207.15,24179.5,24188.9,2564583
1777866780,2026-05-04T09:23:00,24189.1,24190.85,24175.3,24182.75,1737124
1777866840,2026-05-04T09:24:00,24181.8,24184.05,24164.1,24179.65,2911757
1777866900,2026-05-04T09:25:00,24181.85,24195.85,24181.85,24190.95,1892316
1777866960,2026-05-04T09:26:00,24191.25,24199.35,24189.0,24198.7,1572976
1777867020,2026-05-04T09:27:00,24199.6,24212.45,24191.85,24212.15,1597605
1777867080,2026-05-04T09:28:00,24211.45,24220.4,24207.3,24209.7,1397952
1777867140,2026-05-04T09:29:00,24209.45,24218.9,24205.75,24214.55,1648385
1777867200,2026-05-04T09:30:00,24215.6,24233.6,24215.6,24232.85,2195250
1777867260,2026-05-04T09:31:00,24230.65,24235.0,24213.5,24216.45,1361351
1777867320,2026-05-04T09:32:00,24217.7,24219.7,24194.7,24194.7,1706023
1777867380,2026-05-04T09:33:00,24194.05,24202.7,24181.05,24198.95,1527856
1777867440,2026-05-04T09:34:00,24200.3,24230.5,24200.3,24229.5,1572084
1777867500,2026-05-04T09:35:00,24229.2,24249.35,24229.2,24244.0,1954112
1777867560,2026-05-04T09:36:00,24245.05,24258.65,24236.0,24238.5,1692673
1777867620,2026-05-04T09:37:00,24238.9,24259.6,24232.1,24257.8,1343997
1777867680,2026-05-04T09:38:00,24257.95,24269.45,24256.7,24263.95,1265107
1777867740,2026-05-04T09:39:00,24263.5,24268.05,24261.0,24261.0,1334563
1777867800,2026-05-04T09:40:00,24262.05,24290.2,24259.95,24276.15,2173566
1777867860,2026-05-04T09:41:00,24276.6,24287.35,24274.05,24283.25,1509930
1777867920,2026-05-04T09:42:00,24283.7,24287.75,24276.6,24277.15,1388894
1777867980,2026-05-04T09:43:00,24278.15,24284.65,24273.4,24277.2,1435649
1777868040,2026-05-04T09:44:00,24278.65,24280.1,24268.5,24276.65,1765321
1777868100,2026-05-04T09:45:00,24279.25,24283.8,24272.95,24275.5,1510979
1777868160,2026-05-04T09:46:00,24275.3,24276.75,24269.0,24269.75,1016041
1777868220,2026-05-04T09:47:00,24269.55,24280.25,24268.25,24276.95,1279779
1777868280,2026-05-04T09:48:00,24277.4,24279.95,24270.3,24270.3,892093
1777868340,2026-05-04T09:49:00,24270.1,24272.55,24265.95,24269.35,1315090
1777868400,2026-05-04T09:50:00,24270.15,24272.6,24258.4,24258.9,1334005
1777868460,2026-05-04T09:51:00,24259.3,24264.15,24249.55,24252.85,1280861
1777868520,2026-05-04T09:52:00,24253.3,24260.25,24252.25,24258.9,974907
1777868580,2026-05-04T09:53:00,24259.75,24259.75,24227.65,24228.3,1592961
1777868640,2026-05-04T09:54:00,24228.25,24238.65,24225.25,24232.15,1505338
1777868700,2026-05-04T09:55:00,24234.15,24245.3,24229.55,24239.15,985626
1777868760,2026-05-04T09:56:00,24239.8,24246.95,24237.2,24237.2,1034540
1777868820,2026-05-04T09:57:00,24238.5,24246.1,24236.8,24244.95,910311
1777868880,2026-05-04T09:58:00,24245.3,24248.1,24233.25,24241.15,1108280
1777868940,2026-05-04T09:59:00,24240.1,24246.85,24240.1,24246.2,836608
1777869000,2026-05-04T10:00:00,24247.25,24259.75,24247.25,24255.4,1554826
1777869060,2026-05-04T10:01:00,24257.25,24258.6,24251.7,24252.35,904620
1777869120,2026-05-04T10:02:00,24252.75,24255.35,24231.55,24231.55,967781
1777869180,2026-05-04T10:03:00,24233.0,24234.85,24216.1,24224.8,874045
1777869240,2026-05-04T10:04:00,24224.3,24227.15,24215.05,24223.95,1163929
1777869300,2026-05-04T10:05:00,24224.0,24237.35,24221.9,24235.1,1347677
1777869360,2026-05-04T10:06:00,24234.6,24246.25,24224.45,24224.45,1423358
1777869420,2026-05-04T10:07:00,24225.75,24233.5,24223.05,24223.2,1824855
1777869480,2026-05-04T10:08:00,24222.0,24233.7,24222.0,24233.35,1177654
1777869540,2026-05-04T10:09:00,24233.95,24236.6,24223.0,24223.6,781205
1777869600,2026-05-04T10:10:00,24224.55,24228.9,24223.65,24228.9,673280
1777869660,2026-05-04T10:11:00,24228.95,24230.05,24210.1,24210.1,1551906
1777869720,2026-05-04T10:12:00,24210.25,24212.35,24202.25,24203.05,1041023
1777869780,2026-05-04T10:13:00,24196.8,24201.6,24185.6,24185.6,1067599
1777869840,2026-05-04T10:14:00,24186.55,24188.85,24172.45,24175.2,1227803
1777869900,2026-05-04T10:15:00,24175.3,24190.4,24172.75,24178.35,1269112
1777869960,2026-05-04T10:16:00,24180.1,24183.75,24173.7,24175.25,766532
1777870020,2026-05-04T10:17:00,24174.9,24175.9,24166.05,24167.85,781614
1777870080,2026-05-04T10:18:00,24168.65,24173.55,24164.65,24171.15,1039702
1777870140,2026-05-04T10:19:00,24171.7,24176.75,24168.65,24174.7,872768
1777870200,2026-05-04T10:20:00,24172.6,24178.15,24165.2,24173.6,1009497
1777870260,2026-05-04T10:21:00,24174.05,24180.85,24173.65,24175.95,620792
1777870320,2026-05-04T10:22:00,24176.25,24177.6,24142.8,24152.3,1450772
1777870380,2026-05-04T10:23:00,24152.55,24167.95,24147.25,24149.2,1192341
1777870440,2026-05-04T10:24:00,24149.0,24162.85,24149.0,24151.4,771838
1777870500,2026-05-04T10:25:00,24151.4,24162.65,24150.2,24159.9,856866
1777870560,2026-05-04T10:26:00,24159.95,24167.95,24154.95,24164.0,679776
1777870620,2026-05-04T10:27:00,24162.25,24164.9,24154.6,24161.95,698619
1777870680,2026-05-04T10:28:00,24161.7,24181.45,24161.7,24181.45,777289
1777870740,2026-05-04T10:29:00,24180.05,24196.85,24179.6,24196.65,940816
1777870800,2026-05-04T10:30:00,24197.5,24212.15,24197.15,24212.15,964322
1777870860,2026-05-04T10:31:00,24211.2,24219.9,24211.2,24219.05,802852
1777870920,2026-05-04T10:32:00,24218.65,24223.35,24208.65,24208.8,1380952
1777870980,2026-05-04T10:33:00,24209.25,24211.1,24172.2,24181.35,926379
1777871040,2026-05-04T10:34:00,24182.45,24187.7,24175.35,24186.7,819445
1777871100,2026-05-04T10:35:00,24186.8,24197.25,24186.8,24191.55,635633
1777871160,2026-05-04T10:36:00,24190.3,24204.5,24184.2,24198.8,925051
1777871220,2026-05-04T10:37:00,24198.15,24206.4,24198.15,24202.45,711340
1777871280,2026-05-04T10:38:00,24202.2,24210.5,24200.35,24210.5,631241
1777871340,2026-05-04T10:39:00,24211.0,24217.35,24209.25,24213.5,743340
1777871400,2026-05-04T10:40:00,24213.65,24214.7,24208.85,24211.5,745348
1777871460,2026-05-04T10:41:00,24211.35,24218.0,24206.65,24214.45,714747
1777871520,2026-05-04T10:42:00,24214.5,24217.4,24210.2,24213.6,636959
1777871580,2026-05-04T10:43:00,24213.45,24219.65,24207.85,24218.3,713051
1777871640,2026-05-04T10:44:00,24218.3,24222.2,24216.6,24219.15,628151
1777871700,2026-05-04T10:45:00,24219.3,24223.5,24213.45,24222.7,768709
1777871760,2026-05-04T10:46:00,24223.15,24225.15,24218.6,24219.25,746115
1777871820,2026-05-04T10:47:00,24219.8,24224.7,24216.65,24218.7,626887
1777871880,2026-05-04T10:48:00,24217.6,24231.35,24216.25,24231.35,602194
1777871940,2026-05-04T10:49:00,24231.5,24240.65,24231.15,24232.35,826714
1777872000,2026-05-04T10:50:00,24231.9,24235.7,24230.45,24234.75,550249
1777872060,2026-05-04T10:51:00,24235.3,24237.1,24231.35,24234.2,803500
1777872120,2026-05-04T10:52:00,24233.95,24236.65,24223.45,24223.45,623974
1777872180,2026-05-04T10:53:00,24223.25,24229.8,24223.25,24224.55,664160
1777872240,2026-05-04T10:54:00,24223.1,24224.9,24215.45,24220.3,491242
1777872300,2026-05-04T10:55:00,24220.05,24221.65,24207.45,24208.5,747254
1777872360,2026-05-04T10:56:00,24208.75,24210.0,24199.5,24204.5,815094
1777872420,2026-05-04T10:57:00,24204.45,24208.55,24194.5,24195.45,559866
1777872480,2026-05-04T10:58:00,24194.25,24196.6,24191.4,24192.9,594998
1777872540,2026-05-04T10:59:00,24193.0,24197.35,24186.2,24187.25,748524
1777872600,2026-05-04T11:00:00,24188.3,24191.6,24175.65,24191.5,735643
1777872660,2026-05-04T11:01:00,24191.9,24193.85,24190.1,24190.1,658525
1777872720,2026-05-04T11:02:00,24190.8,24196.3,24190.65,24196.3,1188979
1777872780,2026-05-04T11:03:00,24196.25,24203.25,24195.6,24200.3,696196
1777872840,2026-05-04T11:04:00,24201.5,24205.9,24197.55,24202.65,851292
1777872900,2026-05-04T11:05:00,24203.2,24208.55,24200.55,24206.45,753933
1777872960,2026-05-04T11:06:00,24206.65,24207.95,24194.35,24198.0,633816
1777873020,2026-05-04T11:07:00,24198.15,24207.2,24198.15,24206.7,648344
1777873080,2026-05-04T11:08:00,24206.85,24212.5,24206.3,24212.5,884668
1777873140,2026-05-04T11:09:00,24213.1,24216.1,24204.85,24206.55,779682
1777873200,2026-05-04T11:10:00,24207.05,24211.15,24204.65,24204.65,1300057
1777873260,2026-05-04T11:11:00,24204.85,24213.9,24204.85,24213.9,759019
1777873320,2026-05-04T11:12:00,24213.0,24218.1,24213.0,24215.35,633677
1777873380,2026-05-04T11:13:00,24215.9,24220.2,24214.2,24220.05,870985
1777873440,2026-05-04T11:14:00,24219.65,24227.8,24218.4,24227.25,975309
1777873500,2026-05-04T11:15:00,24227.5,24236.65,24226.45,24236.15,1335209
1777873560,2026-05-04T11:16:00,24236.9,24238.8,24232.95,24237.8,11320719
1777873620,2026-05-04T11:17:00,24238.4,24242.25,24236.25,24237.25,1434496
1777873680,2026-05-04T11:18:00,24237.25,24239.1,24234.25,24237.8,1203910
1777873740,2026-05-04T11:19:00,24237.9,24239.2,24228.75,24229.85,790501
1777873800,2026-05-04T11:20:00,24230.2,24238.6,24229.1,24231.65,858230
1777873860,2026-05-04T11:21:00,24231.85,24234.95,24227.05,24233.7,984028
1777873920,2026-05-04T11:22:00,24234.95,24237.5,24227.2,24227.85,965750
1777873980,2026-05-04T11:23:00,24229.15,24230.7,24224.8,24230.1,1088212
1777874040,2026-05-04T11:24:00,24229.7,24235.35,24226.25,24233.2,1079135
1777874100,2026-05-04T11:25:00,24233.4,24235.25,24227.8,24228.1,1166037
1777874160,2026-05-04T11:26:00,24228.05,24229.95,24224.1,24227.95,670746
1777874220,2026-05-04T11:27:00,24228.15,24233.6,24226.95,24233.55,911087
1777874280,2026-05-04T11:28:00,24233.25,24237.9,24231.5,24237.0,1084663
1777874340,2026-05-04T11:29:00,24236.8,24239.05,24235.0,24237.4,778713
1777874400,2026-05-04T11:30:00,24237.3,24238.9,24231.7,24231.7,1098277
1777874460,2026-05-04T11:31:00,24232.4,24233.7,24225.05,24230.9,906985
1777874520,2026-05-04T11:32:00,24231.05,24239.55,24231.05,24237.35,866476
1777874580,2026-05-04T11:33:00,24238.2,24239.6,24234.05,24238.4,1201221
1777874640,2026-05-04T11:34:00,24238.35,24241.2,24230.1,24231.0,703085
1777874700,2026-05-04T11:35:00,24231.0,24232.4,24228.25,24230.4,912629
1777874760,2026-05-04T11:36:00,24230.25,24231.9,24222.2,24227.4,721945
1777874820,2026-05-04T11:37:00,24227.75,24229.9,24223.5,24223.5,1108228
1777874880,2026-05-04T11:38:00,24224.75,24231.7,24218.55,24231.7,982329
1777874940,2026-05-04T11:39:00,24231.85,24242.8,24231.35,24237.7,1092061
1777875000,2026-05-04T11:40:00,24237.95,24238.4,24230.15,24232.55,1321092
1777875060,2026-05-04T11:41:00,24233.2,24234.5,24221.75,24221.95,604580
1777875120,2026-05-04T11:42:00,24223.0,24236.3,24222.5,24230.5,740265
1777875180,2026-05-04T11:43:00,24231.7,24238.05,24231.6,24235.7,1035893
1777875240,2026-05-04T11:44:00,24234.95,24235.15,24228.1,24228.45,1123653
1777875300,2026-05-04T11:45:00,24229.0,24236.9,24229.0,24232.5,731777
1777875360,2026-05-04T11:46:00,24231.4,24235.65,24229.2,24232.35,939549
1777875420,2026-05-04T11:47:00,24232.35,24238.0,24231.6,24237.35,711611
1777875480,2026-05-04T11:48:00,24237.4,24245.9,24236.5,24244.4,797290
1777875540,2026-05-04T11:49:00,24245.85,24249.15,24239.25,24239.25,744406
1777875600,2026-05-04T11:50:00,24239.35,24244.05,24232.2,24233.35,1115703
1777875660,2026-05-04T11:51:00,24233.9,24237.4,24233.05,24233.75,996452
1777875720,2026-05-04T11:52:00,24234.75,24238.9,24230.4,24231.75,659000
1777875780,2026-05-04T11:53:00,24231.9,24234.3,24225.35,24225.75,1026809
1777875840,2026-05-04T11:54:00,24225.8,24227.95,24220.65,24223.3,637575
1777875900,2026-05-04T11:55:00,24224.9,24227.45,24219.75,24219.85,535374
1777875960,2026-05-04T11:56:00,24221.0,24221.75,24212.9,24216.85,633441
1777876020,2026-05-04T11:57:00,24217.75,24223.3,24214.9,24217.9,844093
1777876080,2026-05-04T11:58:00,24217.6,24224.7,24217.6,24218.0,980186
1777876140,2026-05-04T11:59:00,24217.8,24223.3,24215.15,24221.05,887056
1777876200,2026-05-04T12:00:00,24222.5,24229.9,24218.85,24218.85,952058
1777876260,2026-05-04T12:01:00,24219.5,24223.1,24216.75,24222.0,698607
1777876320,2026-05-04T12:02:00,24222.7,24224.1,24218.15,24222.15,606439
1777876380,2026-05-04T12:03:00,24222.0,24223.55,24210.3,24210.3,861109
1777876440,2026-05-04T12:04:00,24212.15,24214.6,24210.55,24213.15,634700
1777876500,2026-05-04T12:05:00,24212.45,24219.45,24209.55,24215.85,746769
1777876560,2026-05-04T12:06:00,24216.05,24217.95,24202.2,24203.2,736662
1777876620,2026-05-04T12:07:00,24203.3,24205.8,24193.05,24197.55,927130
1777876680,2026-05-04T12:08:00,24197.45,24202.3,24190.85,24200.7,1022708
1777876740,2026-05-04T12:09:00,24200.7,24203.8,24194.6,24199.6,646041
1777876800,2026-05-04T12:10:00,24200.0,24200.95,24173.4,24175.8,1017389
1777876860,2026-05-04T12:11:00,24176.55,24176.95,24151.45,24153.1,1442656
1777876920,2026-05-04T12:12:00,24153.25,24153.25,24138.15,24138.15,1222298
1777876980,2026-05-04T12:13:00,24137.5,24138.4,24126.3,24126.6,1305500
1777877040,2026-05-04T12:14:00,24126.0,24128.1,24115.8,24117.0,1816054
1777877100,2026-05-04T12:15:00,24117.35,24123.0,24111.0,24118.45,1155648
1777877160,2026-05-04T12:16:00,24119.1,24128.1,24110.85,24127.4,800963
1777877220,2026-05-04T12:17:00,24126.6,24128.25,24106.5,24109.3,1057620
1777877280,2026-05-04T12:18:00,24110.0,24130.15,24108.9,24128.4,998874
1777877340,2026-05-04T12:19:00,24128.05,24144.7,24127.25,24144.1,998611
1777877400,2026-05-04T12:20:00,24144.35,24154.1,24144.35,24145.65,883349
1777877460,2026-05-04T12:21:00,24145.55,24146.2,24121.8,24123.95,836687
1777877520,2026-05-04T12:22:00,24124.0,24130.0,24122.7,24125.65,654471
1777877580,2026-05-04T12:23:00,24125.5,24135.6,24125.5,24130.25,864384
1777877640,2026-05-04T12:24:00,24130.4,24142.3,24130.4,24135.75,672061
1777877700,2026-05-04T12:25:00,24136.1,24137.7,24130.5,24135.65,521950
1777877760,2026-05-04T12:26:00,24136.3,24145.65,24135.1,24144.45,1049998
1777877820,2026-05-04T12:27:00,24144.25,24144.75,24127.2,24130.8,1366528
1777877880,2026-05-04T12:28:00,24131.2,24138.25,24131.05,24137.1,748973
1777877940,2026-05-04T12:29:00,24137.25,24139.85,24132.8,24132.8,903452
1777878000,2026-05-04T12:30:00,24132.65,24134.65,24121.75,24122.2,762481
1777878060,2026-05-04T12:31:00,24122.25,24125.45,24117.35,24118.15,818424
1777878120,2026-05-04T12:32:00,24117.05,24124.8,24115.7,24118.05,835067
1777878180,2026-05-04T12:33:00,24118.6,24127.05,24117.75,24117.8,593350
1777878240,2026-05-04T12:34:00,24117.85,24119.15,24106.95,24107.95,645054
1777878300,2026-05-04T12:35:00,24108.65,24123.4,24106.05,24123.4,1135433
1777878360,2026-05-04T12:36:00,24123.8,24127.15,24119.4,24121.9,645479
1777878420,2026-05-04T12:37:00,24122.1,24125.8,24110.6,24111.15,634732
1777878480,2026-05-04T12:38:00,24112.0,24121.75,24109.35,24117.0,588768
1777878540,2026-05-04T12:39:00,24117.2,24126.5,24116.05,24125.4,813022
1777878600,2026-05-04T12:40:00,24126.15,24130.0,24121.3,24130.0,830158
1777878660,2026-05-04T12:41:00,24130.15,24133.55,24128.1,24130.75,806387
1777878720,2026-05-04T12:42:00,24131.2,24133.0,24118.55,24119.35,1158056
1777878780,2026-05-04T12:43:00,24120.35,24122.65,24104.05,24105.0,888358
1777878840,2026-05-04T12:44:00,24104.7,24108.4,24098.55,24100.55,1007198
1777878900,2026-05-04T12:45:00,24100.95,24113.65,24099.25,24110.4,694342
1777878960,2026-05-04T12:46:00,24110.1,24119.05,24107.2,24113.2,835791
1777879020,2026-05-04T12:47:00,24112.75,24113.75,24102.2,24106.0,736381
1777879080,2026-05-04T12:48:00,24105.95,24107.1,24087.55,24087.7,1005645
1777879140,2026-05-04T12:49:00,24089.35,24093.45,24083.6,24092.85,1138135
1777879200,2026-05-04T12:50:00,24094.05,24103.1,24092.0,24097.7,590215
1777879260,2026-05-04T12:51:00,24097.05,24102.95,24093.75,24101.8,710546
1777879320,2026-05-04T12:52:00,24102.25,24114.35,24101.3,24112.6,630360
1777879380,2026-05-04T12:53:00,24112.05,24118.65,24106.8,24114.85,856427
1777879440,2026-05-04T12:54:00,24115.1,24117.4,24107.9,24108.25,947646
1777879500,2026-05-04T12:55:00,24108.7,24117.2,24106.6,24114.25,950861
1777879560,2026-05-04T12:56:00,24113.8,24116.55,24111.35,24113.0,1229453
1777879620,2026-05-04T12:57:00,24115.45,24118.85,24111.35,24111.45,1218645
1777879680,2026-05-04T12:58:00,24111.3,24114.55,24101.55,24103.15,1001154
1777879740,2026-05-04T12:59:00,24102.1,24106.55,24102.1,24103.8,525895
1777879800,2026-05-04T13:00:00,24104.2,24106.35,24090.55,24092.95,681883
1777879860,2026-05-04T13:01:00,24092.85,24102.55,24092.85,24096.25,537270
1777879920,2026-05-04T13:02:00,24096.0,24103.0,24096.0,24099.0,610689
1777879980,2026-05-04T13:03:00,24098.3,24100.85,24095.9,24095.9,527046
1777880040,2026-05-04T13:04:00,24096.7,24106.0,24094.5,24101.75,651289
1777880100,2026-05-04T13:05:00,24101.55,24110.05,24100.55,24105.7,600506
1777880160,2026-05-04T13:06:00,24105.5,24105.95,24096.9,24102.35,604954
1777880220,2026-05-04T13:07:00,24101.5,24109.15,24096.85,24106.3,697960
1777880280,2026-05-04T13:08:00,24106.75,24111.5,24102.15,24109.7,770954
1777880340,2026-05-04T13:09:00,24109.35,24114.4,24109.15,24113.9,429589
1777880400,2026-05-04T13:10:00,24113.8,24114.75,24109.3,24110.95,423564
1777880460,2026-05-04T13:11:00,24110.9,24115.7,24110.9,24113.75,746926
1777880520,2026-05-04T13:12:00,24114.1,24121.35,24113.15,24119.0,835765
1777880580,2026-05-04T13:13:00,24119.3,24120.3,24113.2,24117.25,447966
1777880640,2026-05-04T13:14:00,24117.6,24119.5,24107.15,24109.1,489476
1777880700,2026-05-04T13:15:00,24109.05,24111.75,24103.85,24103.85,438996
1777880760,2026-05-04T13:16:00,24104.25,24106.0,24094.85,24100.1,664433
1777880820,2026-05-04T13:17:00,24100.55,24106.3,24091.0,24091.0,561900
1777880880,2026-05-04T13:18:00,24091.45,24099.95,24079.45,24099.85,845277
1777880940,2026-05-04T13:19:00,24100.9,24105.35,24100.4,24101.45,915460
1777881000,2026-05-04T13:20:00,24100.85,24102.6,24080.6,24080.8,732816
1777881060,2026-05-04T13:21:00,24081.35,24083.95,24074.55,24081.6,973739
1777881120,2026-05-04T13:22:00,24081.65,24088.7,24068.95,24069.3,710897
1777881180,2026-05-04T13:23:00,24068.9,24070.3,24058.8,24062.35,1500973
1777881240,2026-05-04T13:24:00,24062.6,24074.6,24061.95,24070.75,723469
1777881300,2026-05-04T13:25:00,24070.75,24072.15,24063.95,24069.15,527220
1777881360,2026-05-04T13:26:00,24069.15,24085.85,24069.15,24081.05,595419
1777881420,2026-05-04T13:27:00,24079.85,24082.05,24070.7,24071.65,611788
1777881480,2026-05-04T13:28:00,24071.55,24073.05,24053.95,24054.7,729411
1777881540,2026-05-04T13:29:00,24055.85,24056.7,24024.7,24025.25,1643033
1777881600,2026-05-04T13:30:00,24023.35,24023.35,24004.75,24017.9,1894564
1777881660,2026-05-04T13:31:00,24018.5,24030.35,24018.5,24028.35,646673
1777881720,2026-05-04T13:32:00,24028.7,24038.75,24023.95,24023.95,773173
1777881780,2026-05-04T13:33:00,24024.25,24033.9,24024.25,24033.65,555902
1777881840,2026-05-04T13:34:00,24033.4,24035.1,24018.3,24019.8,641120
1777881900,2026-05-04T13:35:00,24019.0,24019.6,24007.55,24008.95,716267
1777881960,2026-05-04T13:36:00,24008.75,24019.75,24008.55,24019.75,659693
1777882020,2026-05-04T13:37:00,24019.75,24028.55,24018.2,24028.35,747491
1777882080,2026-05-04T13:38:00,24028.45,24031.45,24020.0,24026.8,770860
1777882140,2026-05-04T13:39:00,24027.45,24039.7,24027.45,24039.15,1551428
1777882200,2026-05-04T13:40:00,24038.65,24058.05,24038.65,24055.1,870597
1777882260,2026-05-04T13:41:00,24054.65,24059.45,24052.7,24058.9,597581
1777882320,2026-05-04T13:42:00,24058.75,24080.85,24058.65,24077.25,733507
1777882380,2026-05-04T13:43:00,24078.3,24090.65,24074.1,24087.6,907484
1777882440,2026-05-04T13:44:00,24088.2,24090.25,24083.9,24086.8,449614
1777882500,2026-05-04T13:45:00,24087.0,24087.8,24081.7,24082.95,572370
1777882560,2026-05-04T13:46:00,24083.55,24087.65,24080.4,24085.5,503783
1777882620,2026-05-04T13:47:00,24085.85,24090.8,24082.45,24083.95,602784
1777882680,2026-05-04T13:48:00,24084.05,24099.4,24083.35,24094.95,773258
1777882740,2026-05-04T13:49:00,24094.3,24097.05,24093.0,24094.95,494860
1777882800,2026-05-04T13:50:00,24095.0,24099.85,24093.95,24099.85,523880
1777882860,2026-05-04T13:51:00,24099.65,24108.9,24094.65,24096.55,772358
1777882920,2026-05-04T13:52:00,24097.45,24098.75,24092.0,24094.85,662899
1777882980,2026-05-04T13:53:00,24096.1,24096.85,24087.55,24087.6,525203
1777883040,2026-05-04T13:54:00,24088.2,24088.65,24081.45,24086.0,502435
1777883100,2026-05-04T13:55:00,24086.45,24089.85,24085.4,24087.7,470233
1777883160,2026-05-04T13:56:00,24087.35,24087.35,24075.5,24080.15,729010
1777883220,2026-05-04T13:57:00,24080.35,24081.85,24059.05,24059.35,850955
1777883280,2026-05-04T13:58:00,24058.6,24072.25,24050.4,24068.95,899233
1777883340,2026-05-04T13:59:00,24069.9,24078.25,24069.4,24072.25,428561
1777883400,2026-05-04T14:00:00,24072.25,24080.3,24072.25,24074.25,518135
1777883460,2026-05-04T14:01:00,24074.8,24075.4,24064.85,24071.25,674166
1777883520,2026-05-04T14:02:00,24071.1,24076.2,24060.85,24062.3,634434
1777883580,2026-05-04T14:03:00,24062.65,24064.65,24053.8,24061.4,663056
1777883640,2026-05-04T14:04:00,24061.0,24071.8,24061.0,24068.85,742228
1777883700,2026-05-04T14:05:00,24069.15,24074.45,24067.2,24072.35,613828
1777883760,2026-05-04T14:06:00,24072.7,24077.5,24070.0,24075.0,649216
1777883820,2026-05-04T14:07:00,24075.4,24076.6,24066.45,24068.7,536209
1777883880,2026-05-04T14:08:00,24068.4,24070.05,24060.05,24065.25,466219
1777883940,2026-05-04T14:09:00,24065.8,24073.45,24061.15,24073.45,486436
1777884000,2026-05-04T14:10:00,24075.1,24087.5,24075.1,24086.6,722374
1777884060,2026-05-04T14:11:00,24087.0,24105.65,24087.0,24103.45,843651
1777884120,2026-05-04T14:12:00,24102.45,24111.6,24100.95,24106.8,1179768
1777884180,2026-05-04T14:13:00,24106.75,24110.8,24104.1,24104.1,894671
1777884240,2026-05-04T14:14:00,24104.1,24107.45,24099.0,24103.75,827524
1777884300,2026-05-04T14:15:00,24105.0,24108.65,24102.7,24108.05,757239
1777884360,2026-05-04T14:16:00,24108.95,24116.15,24108.95,24109.75,1044905
1777884420,2026-05-04T14:17:00,24109.6,24116.0,24107.75,24114.7,645974
1777884480,2026-05-04T14:18:00,24115.35,24140.25,24115.35,24138.95,1348468
1777884540,2026-05-04T14:19:00,24138.6,24147.95,24137.75,24139.0,1040628
1777884600,2026-05-04T14:20:00,24138.75,24146.0,24138.5,24144.95,579085
1777884660,2026-05-04T14:21:00,24145.1,24149.7,24144.4,24146.75,597606
1777884720,2026-05-04T14:22:00,24147.2,24148.85,24128.6,24130.35,790846
1777884780,2026-05-04T14:23:00,24130.55,24134.3,24121.05,24132.15,761016
1777884840,2026-05-04T14:24:00,24132.3,24135.8,24126.55,24126.55,513077
1777884900,2026-05-04T14:25:00,24126.0,24133.45,24124.25,24132.3,667470
1777884960,2026-05-04T14:26:00,24132.65,24134.35,24125.25,24127.35,617329
1777885020,2026-05-04T14:27:00,24127.9,24129.15,24116.85,24117.15,749367
1777885080,2026-05-04T14:28:00,24116.75,24122.0,24113.25,24120.4,758584
1777885140,2026-05-04T14:29:00,24120.5,24123.5,24116.3,24122.7,565183
1777885200,2026-05-04T14:30:00,24123.75,24131.95,24123.75,24129.0,881199
1777885260,2026-05-04T14:31:00,24129.25,24131.25,24105.45,24116.05,1166481
1777885320,2026-05-04T14:32:00,24116.55,24117.65,24107.05,24113.15,729055
1777885380,2026-05-04T14:33:00,24113.25,24115.0,24103.8,24105.75,785302
1777885440,2026-05-04T14:34:00,24105.7,24114.55,24105.7,24112.15,932766
1777885500,2026-05-04T14:35:00,24110.9,24119.4,24109.75,24113.5,765941
1777885560,2026-05-04T14:36:00,24114.35,24116.55,24104.0,24111.5,790588
1777885620,2026-05-04T14:37:00,24110.85,24117.6,24109.85,24111.85,680028
1777885680,2026-05-04T14:38:00,24111.45,24112.2,24101.65,24107.6,905853
1777885740,2026-05-04T14:39:00,24109.2,24111.8,24104.5,24111.6,821311
1777885800,2026-05-04T14:40:00,24111.3,24113.6,24098.95,24100.5,799979
1777885860,2026-05-04T14:41:00,24100.35,24103.4,24072.15,24078.0,1731098
1777885920,2026-05-04T14:42:00,24078.4,24097.15,24077.0,24095.45,837428
1777885980,2026-05-04T14:43:00,24096.9,24099.9,24087.2,24096.7,761728
1777886040,2026-05-04T14:44:00,24097.85,24101.2,24094.45,24096.0,989035
1777886100,2026-05-04T14:45:00,24096.15,24097.8,24081.1,24082.2,921024
1777886160,2026-05-04T14:46:00,24081.8,24082.75,24072.15,24076.85,956034
1777886220,2026-05-04T14:47:00,24077.45,24086.5,24077.45,24086.4,777166
1777886280,2026-05-04T14:48:00,24086.7,24088.6,24078.95,24078.95,978219
1777886340,2026-05-04T14:49:00,24078.95,24080.75,24076.55,24077.7,687070
1777886400,2026-05-04T14:50:00,24078.35,24080.5,24071.0,24080.5,1124327
1777886460,2026-05-04T14:51:00,24081.95,24084.05,24071.9,24073.8,860524
1777886520,2026-05-04T14:52:00,24073.9,24078.7,24071.45,24077.6,711774
1777886580,2026-05-04T14:53:00,24077.6,24080.65,24075.05,24075.4,744217
1777886640,2026-05-04T14:54:00,24075.4,24099.55,24071.3,24096.7,1519487
1777886700,2026-05-04T14:55:00,24098.05,24111.5,24096.35,24103.35,1085458
1777886760,2026-05-04T14:56:00,24105.6,24107.3,24084.45,24085.2,857514
1777886820,2026-05-04T14:57:00,24085.15,24086.1,24078.4,24085.6,651303
1777886880,2026-05-04T14:58:00,24085.8,24088.9,24082.7,24088.0,578794
1777886940,2026-05-04T14:59:00,24088.05,24093.85,24078.95,24089.25,985892
1777887000,2026-05-04T15:00:00,24091.0,24093.05,24074.95,24083.0,1620540
1777887060,2026-05-04T15:01:00,24084.4,24091.95,24076.1,24090.9,1419370
1777887120,2026-05-04T15:02:00,24093.2,24095.2,24080.7,24083.85,1449114
1777887180,2026-05-04T15:03:00,24086.85,24103.35,24083.65,24102.4,1363617
1777887240,2026-05-04T15:04:00,24104.75,24106.35,24097.2,24098.0,1354462
1777887300,2026-05-04T15:05:00,24100.6,24114.15,24096.25,24114.15,1357885
1777887360,2026-05-04T15:06:00,24117.2,24118.75,24112.6,24117.85,1195208
1777887420,2026-05-04T15:07:00,24119.5,24121.85,24114.2,24118.25,1415927
1777887480,2026-05-04T15:08:00,24119.7,24124.2,24118.0,24122.6,1073076
1777887540,2026-05-04T15:09:00,24122.35,24124.0,24115.0,24117.25,1192556
1777887600,2026-05-04T15:10:00,24118.8,24119.9,24108.35,24109.7,1584588
1777887660,2026-05-04T15:11:00,24112.4,24124.15,24109.35,24119.05,1994487
1777887720,2026-05-04T15:12:00,24122.15,24134.55,24119.05,24133.05,1867599
1777887780,2026-05-04T15:13:00,24134.85,24135.05,24120.05,24120.5,1743451
1777887840,2026-05-04T15:14:00,24121.8,24127.05,24119.25,24123.25,1254906
1777887900,2026-05-04T15:15:00,24125.05,24135.45,24123.05,24131.15,2110920
1777887960,2026-05-04T15:16:00,24134.95,24134.95,24126.85,24133.95,2331545
1777888020,2026-05-04T15:17:00,24135.05,24135.05,24123.4,24126.45,1821912
1777888080,2026-05-04T15:18:00,24128.45,24128.45,24115.0,24122.1,2439013
1777888140,2026-05-04T15:19:00,24124.15,24126.9,24122.1,24125.45,1561901
1777888200,2026-05-04T15:20:00,24127.45,24131.35,24119.2,24129.3,2484345
1777888260,2026-05-04T15:21:00,24131.2,24134.6,24126.55,24126.55,2308558
1777888320,2026-05-04T15:22:00,24131.4,24131.55,24121.75,24122.3,2907254
1777888380,2026-05-04T15:23:00,24123.9,24125.2,24117.3,24122.25,2173031
1777888440,2026-05-04T15:24:00,24124.1,24125.55,24110.7,24111.7,3038252
1777888500,2026-05-04T15:25:00,24116.85,24123.7,24110.2,24112.1,3588414
1777888560,2026-05-04T15:26:00,24117.15,24126.8,24111.25,24125.1,2186424
1777888620,2026-05-04T15:27:00,24127.9,24128.7,24121.55,24121.55,2081291
1777888680,2026-05-04T15:28:00,24122.0,24123.25,24117.6,24120.65,1619892
1777888740,2026-05-04T15:29:00,24120.8,24125.65,24114.15,24123.8,1504497
1777952700,2026-05-05T09:15:00,24052.6,24061.9,23949.4,24008.5,4220998
1777952760,2026-05-05T09:16:00,24007.55,24040.4,24007.55,24025.9,2886314
1777952820,2026-05-05T09:17:00,24029.35,24046.95,24024.55,24033.55,1819355
1777952880,2026-05-05T09:18:00,24033.3,24051.0,24027.35,24051.0,1874702
1777952940,2026-05-05T09:19:00,24050.85,24072.1,24049.2,24064.2,1705400
1777953000,2026-05-05T09:20:00,24062.05,24067.8,24037.35,24037.35,1871291
1777953060,2026-05-05T09:21:00,24040.75,24047.65,24026.8,24037.7,1497540
1777953120,2026-05-05T09:22:00,24037.65,24044.55,24027.65,24040.95,1251283
1777953180,2026-05-05T09:23:00,24038.5,24051.6,24034.65,24046.8,1116822
1777953240,2026-05-05T09:24:00,24046.95,24056.9,24024.15,24026.55,1283876
1777953300,2026-05-05T09:25:00,24027.9,24031.6,24011.35,24019.5,1165680
1777953360,2026-05-05T09:26:00,24020.25,24022.05,23985.1,23990.5,1595121
1777953420,2026-05-05T09:27:00,23989.0,23990.85,23977.65,23981.85,1206300
1777953480,2026-05-05T09:28:00,23983.35,24004.2,23983.35,23989.75,1053442
1777953540,2026-05-05T09:29:00,23989.65,23996.55,23986.85,23992.05,902844
1777953600,2026-05-05T09:30:00,23990.6,24016.5,23988.1,24014.55,784857
1777953660,2026-05-05T09:31:00,24014.3,24030.75,24014.3,24029.35,670773
1777953720,2026-05-05T09:32:00,24030.7,24043.25,24025.45,24030.6,782689
1777953780,2026-05-05T09:33:00,24028.9,24040.95,24028.9,24033.35,949464
1777953840,2026-05-05T09:34:00,24034.0,24043.6,24031.05,24042.75,981674
1777953900,2026-05-05T09:35:00,24042.05,24057.55,24038.45,24056.45,813039
1777953960,2026-05-05T09:36:00,24055.8,24060.55,24049.4,24055.6,947364
1777954020,2026-05-05T09:37:00,24054.85,24056.05,24029.9,24029.9,955954
1777954080,2026-05-05T09:38:00,24029.55,24042.7,24022.15,24039.7,786697
1777954140,2026-05-05T09:39:00,24038.65,24040.25,24020.6,24022.15,626701
1777954200,2026-05-05T09:40:00,24022.0,24022.0,24003.7,24010.05,901117
1777954260,2026-05-05T09:41:00,24010.4,24018.2,24000.9,24006.35,1085384
1777954320,2026-05-05T09:42:00,24005.05,24020.7,24004.7,24019.35,749973
1777954380,2026-05-05T09:43:00,24019.45,24027.6,24006.85,24025.6,998570
1777954440,2026-05-05T09:44:00,24025.35,24027.8,24010.95,24013.75,956209
1777954500,2026-05-05T09:45:00,24013.55,24017.9,24005.85,24012.75,1116933
1777954560,2026-05-05T09:46:00,24011.95,24026.35,24007.75,24024.75,903587
1777954620,2026-05-05T09:47:00,24024.25,24028.55,24017.55,24022.75,687860
1777954680,2026-05-05T09:48:00,24022.2,24029.9,24018.6,24029.9,896002
1777954740,2026-05-05T09:49:00,24029.9,24041.55,24029.9,24036.05,1067014
1777954800,2026-05-05T09:50:00,24036.55,24037.95,24023.8,24027.7,1167820
1777954860,2026-05-05T09:51:00,24028.2,24041.3,24023.75,24038.9,768207
1777954920,2026-05-05T09:52:00,24039.3,24044.25,24034.75,24043.95,594947
1777954980,2026-05-05T09:53:00,24044.45,24053.05,24043.4,24053.05,757063
1777955040,2026-05-05T09:54:00,24052.8,24055.45,24042.6,24047.9,1008017
1777955100,2026-05-05T09:55:00,24047.2,24054.85,24046.4,24051.4,1246807
1777955160,2026-05-05T09:56:00,24052.55,24054.2,24048.9,24049.15,549772
1777955220,2026-05-05T09:57:00,24048.55,24051.3,24033.15,24033.5,1135064
1777955280,2026-05-05T09:58:00,24033.25,24042.65,24032.3,24038.95,538978
1777955340,2026-05-05T09:59:00,24039.7,24044.2,24035.7,24043.05,932621
1777955400,2026-05-05T10:00:00,24042.55,24053.9,24034.6,24036.25,871921
1777955460,2026-05-05T10:01:00,24035.6,24036.55,24026.3,24026.3,664799
1777955520,2026-05-05T10:02:00,24025.95,24030.1,24001.75,24003.15,1019598
1777955580,2026-05-05T10:03:00,24003.15,24012.65,24003.15,24012.25,629067
1777955640,2026-05-05T10:04:00,24013.0,24027.35,24009.7,24012.45,804720
1777955700,2026-05-05T10:05:00,24011.45,24015.0,24004.1,24006.0,694500
1777955760,2026-05-05T10:06:00,24004.35,24004.9,23993.35,23998.75,787700
1777955820,2026-05-05T10:07:00,23998.5,23999.3,23987.15,23993.7,787177
1777955880,2026-05-05T10:08:00,23994.25,24002.1,23992.95,23999.15,611341
1777955940,2026-05-05T10:09:00,23998.75,24006.55,23994.35,23994.6,556050
1777956000,2026-05-05T10:10:00,23994.6,24002.95,23979.75,23981.5,870696
1777956060,2026-05-05T10:11:00,23981.4,23989.85,23978.5,23983.9,798062
1777956120,2026-05-05T10:12:00,23983.35,23994.85,23982.6,23985.3,1025273
1777956180,2026-05-05T10:13:00,23983.55,23989.25,23982.35,23988.45,568894
1777956240,2026-05-05T10:14:00,23987.9,23990.1,23980.0,23986.0,662799
1777956300,2026-05-05T10:15:00,23986.1,23986.1,23970.55,23970.55,552777
1777956360,2026-05-05T10:16:00,23971.2,23980.8,23970.1,23979.0,665766
1777956420,2026-05-05T10:17:00,23978.9,23984.1,23972.95,23984.1,972162
1777956480,2026-05-05T10:18:00,23983.1,23985.55,23975.8,23983.3,1335071
1777956540,2026-05-05T10:19:00,23984.4,23987.25,23980.9,23986.95,777219
1777956600,2026-05-05T10:20:00,23987.3,23994.45,23986.8,23991.65,557368
1777956660,2026-05-05T10:21:00,23991.45,23991.45,23983.25,23985.65,754442
1777956720,2026-05-05T10:22:00,23985.9,23987.0,23967.15,23967.8,688286
1777956780,2026-05-05T10:23:00,23967.5,23986.95,23967.5,23985.05,672732
1777956840,2026-05-05T10:24:00,23984.3,23988.45,23977.2,23979.05,497347
1777956900,2026-05-05T10:25:00,23978.5,23980.3,23955.1,23955.1,838532
1777956960,2026-05-05T10:26:00,23954.95,23970.5,23954.3,23963.4,1112903
1777957020,2026-05-05T10:27:00,23961.95,23965.15,23956.85,23963.25,644708
1777957080,2026-05-05T10:28:00,23962.25,23964.85,23944.65,23948.55,608663
1777957140,2026-05-05T10:29:00,23948.15,23958.8,23947.0,23954.4,725325
1777957200,2026-05-05T10:30:00,23952.2,23956.75,23948.2,23954.95,654783
1777957260,2026-05-05T10:31:00,23953.8,23962.25,23953.8,23960.95,504518
1777957320,2026-05-05T10:32:00,23961.05,23966.8,23958.85,23959.45,774485
1777957380,2026-05-05T10:33:00,23958.6,23961.05,23952.0,23953.5,760063
1777957440,2026-05-05T10:34:00,23953.05,23955.1,23938.1,23941.35,1055206
1777957500,2026-05-05T10:35:00,23941.4,23947.2,23933.25,23933.8,868569
1777957560,2026-05-05T10:36:00,23932.7,23933.2,23922.9,23927.85,965885
1777957620,2026-05-05T10:37:00,23929.25,23947.15,23929.15,23940.55,622571
1777957680,2026-05-05T10:38:00,23940.7,23947.45,23939.15,23944.7,492831
1777957740,2026-05-05T10:39:00,23943.4,23946.5,23939.55,23941.35,617425
1777957800,2026-05-05T10:40:00,23941.2,23942.4,23932.45,23936.1,963758
1777957860,2026-05-05T10:41:00,23937.2,23938.2,23932.0,23937.45,828672
1777957920,2026-05-05T10:42:00,23937.1,23942.1,23934.95,23937.85,547343
1777957980,2026-05-05T10:43:00,23937.65,23941.15,23934.05,23940.35,463144
1777958040,2026-05-05T10:44:00,23939.85,23947.25,23935.85,23937.95,780880
1777958100,2026-05-05T10:45:00,23937.25,23945.3,23936.6,23941.0,584948
1777958160,2026-05-05T10:46:00,23940.8,23942.35,23935.5,23939.85,608352
1777958220,2026-05-05T10:47:00,23940.4,23949.05,23938.55,23940.75,779268
1777958280,2026-05-05T10:48:00,23939.95,23944.1,23937.1,23942.7,1112347
1777958340,2026-05-05T10:49:00,23942.0,23950.3,23942.0,23947.0,953330
1777958400,2026-05-05T10:50:00,23946.0,23948.0,23942.45,23946.1,868403
1777958460,2026-05-05T10:51:00,23945.55,23949.75,23937.3,23942.45,521195
1777958520,2026-05-05T10:52:00,23942.4,23943.0,23931.5,23932.5,433994
1777958580,2026-05-05T10:53:00,23931.8,23932.65,23920.1,23921.95,715352
1777958640,2026-05-05T10:54:00,23922.45,23929.45,23920.6,23928.7,516607
1777958700,2026-05-05T10:55:00,23929.7,23930.8,23926.9,23928.95,590655
1777958760,2026-05-05T10:56:00,23929.0,23930.55,23918.2,23922.45,465490
1777958820,2026-05-05T10:57:00,23921.65,23923.3,23918.85,23920.0,413626
1777958880,2026-05-05T10:58:00,23920.45,23928.5,23914.35,23927.15,793893
1777958940,2026-05-05T10:59:00,23924.95,23925.95,23920.55,23925.95,941820
1777959000,2026-05-05T11:00:00,23925.15,23930.25,23913.55,23925.55,944637
1777959060,2026-05-05T11:01:00,23923.45,23940.0,23923.45,23938.5,698275
1777959120,2026-05-05T11:02:00,23938.6,23941.15,23926.25,23930.35,490880
1777959180,2026-05-05T11:03:00,23930.85,23950.2,23930.85,23949.2,3237860
1777959240,2026-05-05T11:04:00,23949.45,23952.75,23947.35,23951.9,1530573
1777959300,2026-05-05T11:05:00,23949.2,23950.85,23936.0,23936.65,1053159
1777959360,2026-05-05T11:06:00,23937.75,23948.0,23935.8,23939.0,833055
1777959420,2026-05-05T11:07:00,23938.85,23940.5,23921.45,23926.1,1601316
1777959480,2026-05-05T11:08:00,23925.2,23939.35,23924.35,23933.4,1446662
1777959540,2026-05-05T11:09:00,23932.5,23938.1,23926.65,23926.8,912572
1777959600,2026-05-05T11:10:00,23927.45,23943.75,23926.15,23943.65,883736
1777959660,2026-05-05T11:11:00,23942.7,23946.6,23932.55,23934.2,1170588
1777959720,2026-05-05T11:12:00,23933.8,23945.5,23933.8,23940.8,677683
1777959780,2026-05-05T11:13:00,23939.95,23949.55,23938.15,23947.05,915151
1777959840,2026-05-05T11:14:00,23946.25,23947.95,23932.65,23939.0,985218
1777959900,2026-05-05T11:15:00,23937.8,23953.75,23937.4,23953.75,738942
1777959960,2026-05-05T11:16:00,23954.25,23961.55,23954.25,23958.3,652449
1777960020,2026-05-05T11:17:00,23957.05,23959.2,23952.7,23952.95,608043
1777960080,2026-05-05T11:18:00,23952.7,23953.75,23944.3,23945.25,742927
1777960140,2026-05-05T11:19:00,23945.25,23947.35,23934.2,23935.05,797885
1777960200,2026-05-05T11:20:00,23934.25,23936.4,23930.8,23930.8,675984
1777960260,2026-05-05T11:21:00,23929.8,23930.9,23924.35,23927.85,689587
1777960320,2026-05-05T11:22:00,23927.65,23934.65,23927.65,23934.45,634280
1777960380,2026-05-05T11:23:00,23933.2,23938.6,23927.85,23929.6,787106
1777960440,2026-05-05T11:24:00,23929.2,23938.05,23927.55,23931.95,779170
1777960500,2026-05-05T11:25:00,23932.0,23937.6,23929.45,23931.35,874496
1777960560,2026-05-05T11:26:00,23931.6,23940.15,23930.2,23934.9,686207
1777960620,2026-05-05T11:27:00,23935.45,23938.9,23932.3,23933.35,601708
1777960680,2026-05-05T11:28:00,23932.2,23939.45,23931.15,23938.3,489774
1777960740,2026-05-05T11:29:00,23938.15,23938.15,23933.1,23935.15,557388
1777960800,2026-05-05T11:30:00,23935.3,23944.35,23933.75,23944.35,652156
1777960860,2026-05-05T11:31:00,23944.9,23950.05,23937.55,23937.95,630868
1777960920,2026-05-05T11:32:00,23935.7,23952.5,23934.65,23952.5,851481
1777960980,2026-05-05T11:33:00,23951.55,23958.95,23945.55,23947.2,679830
1777961040,2026-05-05T11:34:00,23946.6,23951.0,23945.05,23950.85,512940
1777961100,2026-05-05T11:35:00,23950.25,23965.9,23950.25,23964.9,699970
1777961160,2026-05-05T11:36:00,23965.4,23966.75,23957.1,23958.6,627555
1777961220,2026-05-05T11:37:00,23958.75,23960.05,23949.85,23950.95,1590622
1777961280,2026-05-05T11:38:00,23949.65,23950.8,23943.85,23947.85,432296
1777961340,2026-05-05T11:39:00,23947.6,23949.8,23938.45,23939.95,883825
1777961400,2026-05-05T11:40:00,23940.25,23941.0,23929.2,23930.6,615608
1777961460,2026-05-05T11:41:00,23930.15,23930.7,23919.7,23922.2,828412
1777961520,2026-05-05T11:42:00,23920.75,23928.2,23919.65,23925.75,495872
1777961580,2026-05-05T11:43:00,23924.85,23929.15,23916.6,23917.1,1064166
1777961640,2026-05-05T11:44:00,23918.25,23925.95,23916.05,23916.05,1261263
1777961700,2026-05-05T11:45:00,23915.4,23919.2,23915.0,23916.65,710117
1777961760,2026-05-05T11:46:00,23916.2,23918.05,23904.0,23911.8,753736
1777961820,2026-05-05T11:47:00,23911.1,23911.7,23891.15,23895.45,835760
1777961880,2026-05-05T11:48:00,23894.3,23905.0,23893.6,23905.0,629884
1777961940,2026-05-05T11:49:00,23904.4,23907.1,23901.15,23904.4,424513
1777962000,2026-05-05T11:50:00,23902.7,23907.7,23899.0,23899.5,507774
1777962060,2026-05-05T11:51:00,23900.25,23902.25,23896.6,23899.65,695235
1777962120,2026-05-05T11:52:00,23899.6,23909.9,23899.05,23901.15,749606
1777962180,2026-05-05T11:53:00,23902.0,23916.6,23899.65,23910.4,676611
1777962240,2026-05-05T11:54:00,23909.8,23910.9,23886.2,23891.6,689897
1777962300,2026-05-05T11:55:00,23890.45,23894.3,23884.4,23892.8,571997
1777962360,2026-05-05T11:56:00,23892.1,23894.4,23884.25,23891.25,474584
1777962420,2026-05-05T11:57:00,23890.45,23899.25,23885.9,23890.7,652892
1777962480,2026-05-05T11:58:00,23889.4,23891.2,23882.1,23883.8,503449
1777962540,2026-05-05T11:59:00,23884.15,23896.2,23882.05,23888.95,453868
1777962600,2026-05-05T12:00:00,23888.15,23898.2,23888.15,23896.7,463348
1777962660,2026-05-05T12:01:00,23896.0,23901.8,23895.0,23897.9,688017
1777962720,2026-05-05T12:02:00,23898.4,23905.55,23897.15,23899.25,709841
1777962780,2026-05-05T12:03:00,23898.65,23903.3,23896.9,23902.25,1352806
1777962840,2026-05-05T12:04:00,23902.2,23903.75,23898.55,23899.55,746861
1777962900,2026-05-05T12:05:00,23900.3,23914.35,23899.45,23911.45,1196209
1777962960,2026-05-05T12:06:00,23911.35,23920.3,23907.85,23919.8,715413
1777963020,2026-05-05T12:07:00,23919.95,23922.7,23917.7,23920.35,823301
1777963080,2026-05-05T12:08:00,23919.95,23921.25,23913.85,23918.45,697902
1777963140,2026-05-05T12:09:00,23918.15,23926.25,23918.15,23919.6,708495
1777963200,2026-05-05T12:10:00,23919.0,23926.15,23919.0,23925.65,536160
1777963260,2026-05-05T12:11:00,23926.35,23935.85,23926.35,23929.2,607305
1777963320,2026-05-05T12:12:00,23928.9,23932.25,23924.45,23931.75,577439
1777963380,2026-05-05T12:13:00,23930.9,23937.85,23928.6,23937.25,630556
1777963440,2026-05-05T12:14:00,23937.05,23949.3,23936.6,23946.45,797960
1777963500,2026-05-05T12:15:00,23945.95,23953.2,23945.95,23950.35,465166
1777963560,2026-05-05T12:16:00,23951.35,23953.9,23944.95,23950.2,1037884
1777963620,2026-05-05T12:17:00,23949.7,23953.0,23944.7,23945.7,476511
1777963680,2026-05-05T12:18:00,23944.4,23951.5,23943.6,23950.3,407979
1777963740,2026-05-05T12:19:00,23950.6,23956.5,23948.65,23954.75,512341
1777963800,2026-05-05T12:20:00,23954.6,23961.1,23950.15,23959.45,597005
1777963860,2026-05-05T12:21:00,23961.1,23969.15,23959.1,23966.8,686968
1777963920,2026-05-05T12:22:00,23967.55,23976.95,23965.15,23974.3,787726
1777963980,2026-05-05T12:23:00,23970.15,23977.95,23970.15,23971.45,566621
1777964040,2026-05-05T12:24:00,23971.4,23975.4,23964.4,23967.25,651372
1777964100,2026-05-05T12:25:00,23967.8,23974.25,23961.75,23965.7,588975
1777964160,2026-05-05T12:26:00,23966.15,23968.2,23961.6,23963.85,384425
1777964220,2026-05-05T12:27:00,23963.75,23964.85,23949.95,23953.3,683998
1777964280,2026-05-05T12:28:00,23953.45,23958.35,23945.1,23945.1,792952
1777964340,2026-05-05T12:29:00,23946.85,23950.15,23940.85,23943.2,1113528
1777964400,2026-05-05T12:30:00,23943.9,23955.15,23941.5,23952.45,1137446
1777964460,2026-05-05T12:31:00,23950.7,23955.55,23947.3,23947.95,701511
1777964520,2026-05-05T12:32:00,23946.8,23946.8,23933.8,23941.3,961872
1777964580,2026-05-05T12:33:00,23941.85,23956.0,23941.65,23953.4,947503
1777964640,2026-05-05T12:34:00,23952.95,23958.7,23944.85,23955.4,807879
1777964700,2026-05-05T12:35:00,23954.5,23957.55,23949.4,23957.55,938384
1777964760,2026-05-05T12:36:00,23957.0,23968.05,23956.8,23962.9,2031609
1777964820,2026-05-05T12:37:00,23963.5,23973.2,23958.7,23958.85,1583026
1777964880,2026-05-05T12:38:00,23959.75,23961.5,23956.05,23957.95,795945
1777964940,2026-05-05T12:39:00,23958.4,23963.2,23957.75,23961.95,622873
1777965000,2026-05-05T12:40:00,23962.5,23972.75,23961.95,23971.95,1034638
1777965060,2026-05-05T12:41:00,23971.05,23974.45,23966.85,23967.75,1121181
1777965120,2026-05-05T12:42:00,23969.35,23969.35,23955.1,23957.75,1123901
1777965180,2026-05-05T12:43:00,23957.25,23960.95,23954.3,23959.3,1197997
1777965240,2026-05-05T12:44:00,23959.7,23960.55,23951.25,23952.85,1039470
1777965300,2026-05-05T12:45:00,23952.55,23962.5,23952.55,23961.1,1018128
1777965360,2026-05-05T12:46:00,23960.8,23972.75,23956.75,23967.8,706421
1777965420,2026-05-05T12:47:00,23967.45,23975.05,23967.45,23974.85,651528
1777965480,2026-05-05T12:48:00,23974.05,23980.35,23967.9,23979.1,693667
1777965540,2026-05-05T12:49:00,23979.6,23983.7,23976.55,23978.1,950575
1777965600,2026-05-05T12:50:00,23977.6,23988.0,23977.6,23986.0,830901
1777965660,2026-05-05T12:51:00,23986.6,23996.25,23986.6,23995.65,1126426
1777965720,2026-05-05T12:52:00,23995.8,23996.55,23984.95,23993.25,1257858
1777965780,2026-05-05T12:53:00,23992.5,23993.25,23979.55,23986.0,551071
1777965840,2026-05-05T12:54:00,23984.8,23988.85,23980.45,23983.15,561983
1777965900,2026-05-05T12:55:00,23983.6,23986.3,23978.6,23985.8,552724
1777965960,2026-05-05T12:56:00,23985.85,23991.7,23981.4,23991.7,496515
1777966020,2026-05-05T12:57:00,23990.9,23999.4,23990.65,23997.55,857798
1777966080,2026-05-05T12:58:00,23996.75,24000.9,23994.0,23999.3,566344
1777966140,2026-05-05T12:59:00,23998.65,24014.25,23996.2,24011.9,1351674
1777966200,2026-05-05T13:00:00,24012.6,24025.85,24012.6,24019.0,1093687
1777966260,2026-05-05T13:01:00,24018.35,24021.25,24010.65,24011.35,892535
1777966320,2026-05-05T13:02:00,24011.6,24021.2,24011.45,24019.8,560747
1777966380,2026-05-05T13:03:00,24019.7,24021.65,24012.7,24019.95,572467
1777966440,2026-05-05T13:04:00,24018.7,24024.25,24018.7,24019.8,1710396
1777966500,2026-05-05T13:05:00,24018.95,24024.15,24014.8,24015.0,1360375
1777966560,2026-05-05T13:06:00,24015.6,24043.3,24015.55,24043.3,1087337
1777966620,2026-05-05T13:07:00,24043.5,24061.45,24042.05,24060.85,1221456
1777966680,2026-05-05T13:08:00,24061.15,24070.95,24060.65,24067.65,1616537
1777966740,2026-05-05T13:09:00,24067.85,24075.45,24065.8,24065.8,1176693
1777966800,2026-05-05T13:10:00,24066.35,24080.75,24065.45,24067.25,1059447
1777966860,2026-05-05T13:11:00,24067.6,24074.9,24063.0,24071.3,804334
1777966920,2026-05-05T13:12:00,24070.9,24073.9,24062.8,24063.85,1224889
1777966980,2026-05-05T13:13:00,24062.4,24066.7,24052.45,24064.75,1435262
1777967040,2026-05-05T13:14:00,24060.15,24070.6,24058.1,24068.8,1360585
1777967100,2026-05-05T13:15:00,24067.35,24081.7,24056.65,24056.9,901879
1777967160,2026-05-05T13:16:00,24055.15,24060.75,24040.45,24044.45,894774
1777967220,2026-05-05T13:17:00,24045.9,24057.8,24042.95,24042.95,2786659
1777967280,2026-05-05T13:18:00,24042.2,24056.5,24042.2,24046.3,2275504
1777967340,2026-05-05T13:19:00,24045.2,24047.35,24037.0,24040.4,1361415
1777967400,2026-05-05T13:20:00,24041.7,24045.8,24031.95,24045.25,1068778
1777967460,2026-05-05T13:21:00,24045.95,24056.1,24045.75,24046.6,808785
1777967520,2026-05-05T13:22:00,24047.5,24059.45,24047.5,24054.15,898091
1777967580,2026-05-05T13:23:00,24053.9,24056.5,24048.7,24054.65,1643792
1777967640,2026-05-05T13:24:00,24052.7,24055.1,24038.9,24041.4,718862
1777967700,2026-05-05T13:25:00,24039.75,24042.75,24030.95,24033.85,343776
1777967760,2026-05-05T13:26:00,24033.8,24047.05,24033.8,24040.9,523449
1777967820,2026-05-05T13:27:00,24040.1,24048.4,24040.0,24046.95,373681
1777967880,2026-05-05T13:28:00,24047.4,24047.6,24030.6,24035.8,956019
1777967940,2026-05-05T13:29:00,24034.0,24043.15,24031.75,24039.95,1670331
1777968000,2026-05-05T13:30:00,24041.4,24041.6,24018.2,24018.2,1021810
1777968060,2026-05-05T13:31:00,24019.05,24033.9,24017.6,24024.85,994617
1777968120,2026-05-05T13:32:00,24024.45,24029.25,24016.65,24021.3,1105804
1777968180,2026-05-05T13:33:00,24020.3,24029.15,24018.7,24022.45,878054
1777968240,2026-05-05T13:34:00,24022.0,24028.95,24017.4,24024.65,697440
1777968300,2026-05-05T13:35:00,24025.9,24034.8,24022.1,24024.2,672800
1777968360,2026-05-05T13:36:00,24025.85,24044.5,24022.35,24044.5,819518
1777968420,2026-05-05T13:37:00,24042.95,24047.55,24034.6,24035.25,786476
1777968480,2026-05-05T13:38:00,24035.9,24038.25,24031.7,24038.25,911690
1777968540,2026-05-05T13:39:00,24037.15,24039.7,24032.7,24037.75,388669
1777968600,2026-05-05T13:40:00,24037.1,24045.3,24035.0,24036.85,781303
1777968660,2026-05-05T13:41:00,24036.05,24056.4,24033.1,24048.7,1228831
1777968720,2026-05-05T13:42:00,24049.0,24056.7,24041.75,24050.4,915218
1777968780,2026-05-05T13:43:00,24050.05,24053.3,24041.5,24045.7,762922
1777968840,2026-05-05T13:44:00,24042.35,24053.5,24039.35,24050.45,878668
1777968900,2026-05-05T13:45:00,24051.15,24062.15,24043.0,24047.1,1131932
1777968960,2026-05-05T13:46:00,24047.85,24050.5,24037.8,24046.75,837947
1777969020,2026-05-05T13:47:00,24046.95,24055.05,24046.05,24050.85,712534
1777969080,2026-05-05T13:48:00,24050.45,24056.65,24047.55,24048.95,835729
1777969140,2026-05-05T13:49:00,24048.8,24050.75,24044.1,24045.8,345714
1777969200,2026-05-05T13:50:00,24045.55,24050.3,24040.2,24041.7,430220
1777969260,2026-05-05T13:51:00,24042.0,24044.6,24030.25,24037.55,556179
1777969320,2026-05-05T13:52:00,24036.35,24046.0,24034.45,24044.3,1778432
1777969380,2026-05-05T13:53:00,24043.9,24048.15,24029.45,24032.25,1274277
1777969440,2026-05-05T13:54:00,24031.7,24033.2,24020.5,24030.25,1157962
1777969500,2026-05-05T13:55:00,24030.55,24040.7,24029.25,24038.45,974938
1777969560,2026-05-05T13:56:00,24040.0,24045.65,24032.8,24040.25,1736615
1777969620,2026-05-05T13:57:00,24040.45,24054.5,24039.0,24044.3,1213166
1777969680,2026-05-05T13:58:00,24043.3,24046.05,24035.85,24035.85,439550
1777969740,2026-05-05T13:59:00,24035.9,24052.75,24034.65,24038.1,1226466
1777969800,2026-05-05T14:00:00,24035.85,24044.75,24035.85,24041.05,519487
1777969860,2026-05-05T14:01:00,24040.65,24047.8,24039.1,24042.65,634924
1777969920,2026-05-05T14:02:00,24044.25,24047.5,24037.6,24037.6,520327
1777969980,2026-05-05T14:03:00,24037.15,24038.7,24025.0,24026.25,775241
1777970040,2026-05-05T14:04:00,24025.75,24036.25,24022.35,24029.15,866137
1777970100,2026-05-05T14:05:00,24028.7,24031.85,24027.05,24028.35,411193
1777970160,2026-05-05T14:06:00,24028.6,24033.25,24026.65,24029.0,985777
1777970220,2026-05-05T14:07:00,24028.35,24029.95,24019.5,24022.9,424457
1777970280,2026-05-05T14:08:00,24022.5,24024.3,24016.15,24016.15,578472
1777970340,2026-05-05T14:09:00,24016.4,24017.85,24009.1,24016.3,851674
1777970400,2026-05-05T14:10:00,24016.0,24022.1,24016.0,24021.3,678724
1777970460,2026-05-05T14:11:00,24020.95,24029.5,24019.75,24021.7,546405
1777970520,2026-05-05T14:12:00,24022.5,24027.55,24018.25,24021.75,488093
1777970580,2026-05-05T14:13:00,24021.25,24023.6,24002.15,24003.4,1286915
1777970640,2026-05-05T14:14:00,24004.8,24020.55,24003.45,24016.8,1004156
1777970700,2026-05-05T14:15:00,24017.2,24021.35,24013.1,24019.65,499521
1777970760,2026-05-05T14:16:00,24018.95,24039.15,24018.65,24034.75,568859
1777970820,2026-05-05T14:17:00,24034.5,24042.15,24027.2,24028.2,719536
1777970880,2026-05-05T14:18:00,24027.85,24032.45,24025.4,24028.45,921055
1777970940,2026-05-05T14:19:00,24029.2,24038.55,24028.4,24037.15,1019751
1777971000,2026-05-05T14:20:00,24037.2,24047.55,24035.55,24042.1,1153384
1777971060,2026-05-05T14:21:00,24039.95,24042.4,24035.95,24039.95,925308
1777971120,2026-05-05T14:22:00,24039.0,24048.25,24039.0,24046.35,714898
1777971180,2026-05-05T14:23:00,24046.35,24048.55,24033.2,24033.3,1059148
1777971240,2026-05-05T14:24:00,24033.35,24036.45,24026.3,24035.3,504334
1777971300,2026-05-05T14:25:00,24036.1,24040.85,24033.7,24034.95,718116
1777971360,2026-05-05T14:26:00,24033.3,24043.0,24031.75,24041.2,637676
1777971420,2026-05-05T14:27:00,24041.55,24045.45,24040.0,24040.7,507359
1777971480,2026-05-05T14:28:00,24041.7,24050.5,24039.75,24049.8,545441
1777971540,2026-05-05T14:29:00,24048.35,24061.0,24048.35,24058.3,1450439
1777971600,2026-05-05T14:30:00,24059.3,24060.65,24034.15,24040.3,1675151
1777971660,2026-05-05T14:31:00,24041.55,24047.5,24041.55,24042.65,782041
1777971720,2026-05-05T14:32:00,24042.45,24048.1,24041.9,24044.2,404041
1777971780,2026-05-05T14:33:00,24043.85,24048.9,24033.75,24033.75,706291
1777971840,2026-05-05T14:34:00,24033.4,24037.25,24028.3,24036.15,1065394
1777971900,2026-05-05T14:35:00,24034.85,24045.9,24028.95,24030.4,1207885
1777971960,2026-05-05T14:36:00,24030.15,24043.0,24029.25,24039.5,995330
1777972020,2026-05-05T14:37:00,24039.7,24041.2,24026.35,24029.55,607083
1777972080,2026-05-05T14:38:00,24028.9,24035.35,24019.4,24022.8,1491546
1777972140,2026-05-05T14:39:00,24022.25,24038.6,24020.75,24034.65,1292305
1777972200,2026-05-05T14:40:00,24034.55,24034.55,24023.7,24031.6,951593
1777972260,2026-05-05T14:41:00,24031.4,24037.4,24030.45,24034.7,553254
1777972320,2026-05-05T14:42:00,24034.6,24046.45,24034.6,24045.3,747324
1777972380,2026-05-05T14:43:00,24043.95,24047.25,24043.0,24045.3,567927
1777972440,2026-05-05T14:44:00,24044.7,24045.45,24037.55,24042.1,634738
1777972500,2026-05-05T14:45:00,24041.55,24045.8,24032.35,24033.9,750842
1777972560,2026-05-05T14:46:00,24034.25,24038.0,24021.3,24021.6,1071179
1777972620,2026-05-05T14:47:00,24021.6,24034.1,24017.05,24031.4,1258635
1777972680,2026-05-05T14:48:00,24029.75,24030.65,24020.15,24026.95,786530
1777972740,2026-05-05T14:49:00,24026.95,24028.8,24024.3,24024.3,533029
1777972800,2026-05-05T14:50:00,24024.15,24033.55,24024.15,24028.3,1451926
1777972860,2026-05-05T14:51:00,24027.4,24030.5,24023.2,24027.45,883983
1777972920,2026-05-05T14:52:00,24027.85,24032.25,24010.0,24011.7,1042542
1777972980,2026-05-05T14:53:00,24010.1,24018.5,23999.6,24009.35,919884
1777973040,2026-05-05T14:54:00,24009.05,24021.8,24009.05,24020.7,539338
1777973100,2026-05-05T14:55:00,24020.35,24027.15,24020.35,24021.0,656132
1777973160,2026-05-05T14:56:00,24021.4,24028.55,24019.55,24020.85,797187
1777973220,2026-05-05T14:57:00,24020.6,24028.9,24018.8,24025.5,846399
1777973280,2026-05-05T14:58:00,24025.0,24026.35,24017.05,24020.35,799600
1777973340,2026-05-05T14:59:00,24020.1,24020.1,24008.4,24010.8,856881
1777973400,2026-05-05T15:00:00,24011.9,24014.35,24001.2,24006.75,1040947
1777973460,2026-05-05T15:01:00,24008.15,24024.1,24008.15,24024.05,1255570
1777973520,2026-05-05T15:02:00,24020.7,24025.3,23999.8,24000.3,2850780
1777973580,2026-05-05T15:03:00,24003.5,24019.25,24002.8,24013.1,1497683
1777973640,2026-05-05T15:04:00,24015.05,24018.5,24012.2,24013.2,1537120
1777973700,2026-05-05T15:05:00,24015.65,24017.0,23997.85,24001.3,3592097
1777973760,2026-05-05T15:06:00,24003.0,24023.85,24000.9,24022.5,2757865
1777973820,2026-05-05T15:07:00,24024.6,24024.6,24018.7,24022.05,1759827
1777973880,2026-05-05T15:08:00,24022.95,24030.15,24021.85,24024.75,1300201
1777973940,2026-05-05T15:09:00,24026.1,24036.45,24022.0,24031.6,1514733
1777974000,2026-05-05T15:10:00,24033.2,24033.2,24019.5,24026.85,1941942
1777974060,2026-05-05T15:11:00,24029.25,24034.35,24022.15,24022.75,1672623
1777974120,2026-05-05T15:12:00,24025.05,24036.95,24023.95,24033.5,1264194
1777974180,2026-05-05T15:13:00,24034.45,24034.85,24023.45,24031.05,1792328
1777974240,2026-05-05T15:14:00,24031.15,24043.85,24029.05,24041.65,1848531
1777974300,2026-05-05T15:15:00,24044.0,24051.4,24040.8,24047.15,1874808
1777974360,2026-05-05T15:16:00,24047.75,24051.1,24044.6,24048.75,1910305
1777974420,2026-05-05T15:17:00,24049.95,24052.8,24045.45,24049.1,1435058
1777974480,2026-05-05T15:18:00,24051.5,24052.2,24044.5,24046.65,1687925
1777974540,2026-05-05T15:19:00,24047.4,24051.9,24045.1,24050.45,1406255
1777974600,2026-05-05T15:20:00,24051.6,24051.85,24039.35,24046.0,2517009
1777974660,2026-05-05T15:21:00,24048.45,24055.35,24044.65,24047.25,2249589
1777974720,2026-05-05T15:22:00,24048.85,24049.75,24042.1,24042.1,1348802
1777974780,2026-05-05T15:23:00,24045.9,24047.65,24042.25,24043.05,1474553
1777974840,2026-05-05T15:24:00,24045.25,24047.05,24039.95,24041.85,2758058
1777974900,2026-05-05T15:25:00,24042.0,24048.4,24037.05,24047.25,2334906
1777974960,2026-05-05T15:26:00,24047.65,24051.15,24045.35,24049.5,1572679
1777975020,2026-05-05T15:27:00,24048.5,24053.85,24044.6,24053.5,2167477
1777975080,2026-05-05T15:28:00,24053.45,24055.05,24047.8,24047.8,1808188
1777975140,2026-05-05T15:29:00,24049.5,24059.7,24046.75,24052.15,1819745
1778039100,2026-05-06T09:15:00,24171.0,24250.85,24164.55,24205.6,7464094
1778039160,2026-05-06T09:16:00,24204.4,24213.4,24195.55,24206.65,3997191
1778039220,2026-05-06T09:17:00,24209.2,24211.8,24197.6,24198.55,2697906
1778039280,2026-05-06T09:18:00,24200.65,24200.65,24177.85,24179.7,2362719
1778039340,2026-05-06T09:19:00,24179.2,24182.0,24171.35,24175.8,2464941
1778039400,2026-05-06T09:20:00,24179.2,24192.55,24174.4,24178.3,2134432
1778039460,2026-05-06T09:21:00,24179.3,24184.65,24162.3,24163.2,1527614
1778039520,2026-05-06T09:22:00,24164.9,24185.15,24156.95,24185.15,1991781
1778039580,2026-05-06T09:23:00,24187.35,24201.85,24185.45,24200.1,1653384
1778039640,2026-05-06T09:24:00,24201.6,24201.95,24181.6,24185.2,1288350
1778039700,2026-05-06T09:25:00,24186.15,24195.3,24182.8,24189.65,1574577
1778039760,2026-05-06T09:26:00,24190.9,24193.7,24176.6,24179.05,1563939
1778039820,2026-05-06T09:27:00,24180.35,24183.6,24177.0,24180.1,935461
1778039880,2026-05-06T09:28:00,24182.8,24184.35,24168.65,24168.65,962968
1778039940,2026-05-06T09:29:00,24171.4,24175.6,24164.95,24171.6,1147497
1778040000,2026-05-06T09:30:00,24174.6,24185.25,24172.75,24175.15,1460439
1778040060,2026-05-06T09:31:00,24174.95,24182.7,24164.45,24166.9,1187650
1778040120,2026-05-06T09:32:00,24167.9,24176.3,24165.45,24175.1,1397379
1778040180,2026-05-06T09:33:00,24175.9,24175.9,24166.35,24168.0,999210
1778040240,2026-05-06T09:34:00,24166.4,24167.55,24161.55,24162.75,1162768
1778040300,2026-05-06T09:35:00,24163.75,24167.05,24156.1,24158.8,1383227
1778040360,2026-05-06T09:36:00,24160.25,24160.25,24153.55,24156.55,1557058
1778040420,2026-05-06T09:37:00,24157.5,24161.0,24152.8,24159.1,1088235
1778040480,2026-05-06T09:38:00,24159.75,24162.1,24157.3,24161.4,735764
1778040540,2026-05-06T09:39:00,24161.8,24162.2,24150.75,24154.0,657336
1778040600,2026-05-06T09:40:00,24154.5,24155.4,24138.55,24142.05,815380
1778040660,2026-05-06T09:41:00,24142.05,24151.1,24140.7,24150.3,860808
1778040720,2026-05-06T09:42:00,24151.15,24152.85,24145.6,24146.0,879321
1778040780,2026-05-06T09:43:00,24146.45,24146.45,24135.05,24136.9,894522
1778040840,2026-05-06T09:44:00,24137.55,24140.6,24131.75,24138.45,969887
1778040900,2026-05-06T09:45:00,24139.85,24144.9,24133.55,24134.0,925412
1778040960,2026-05-06T09:46:00,24134.8,24140.8,24133.45,24138.1,734614
1778041020,2026-05-06T09:47:00,24138.55,24144.9,24136.9,24144.05,771255
1778041080,2026-05-06T09:48:00,24144.85,24144.85,24138.0,24142.9,858424
1778041140,2026-05-06T09:49:00,24141.5,24142.9,24136.25,24136.9,663972
1778041200,2026-05-06T09:50:00,24137.55,24137.55,24121.1,24125.6,1095600
1778041260,2026-05-06T09:51:00,24126.7,24135.25,24122.8,24134.75,1084429
1778041320,2026-05-06T09:52:00,24134.8,24139.4,24131.5,24138.05,800159
1778041380,2026-05-06T09:53:00,24138.25,24140.5,24134.95,24139.9,809828
1778041440,2026-05-06T09:54:00,24140.8,24152.3,24140.2,24152.1,825164
1778041500,2026-05-06T09:55:00,24152.75,24162.3,24149.65,24161.95,800442
1778041560,2026-05-06T09:56:00,24162.95,24163.8,24157.25,24157.8,883638
1778041620,2026-05-06T09:57:00,24157.35,24164.6,24155.05,24163.4,935019
1778041680,2026-05-06T09:58:00,24163.85,24165.85,24156.25,24156.95,824549
1778041740,2026-05-06T09:59:00,24156.25,24156.85,24138.9,24140.3,738506
1778041800,2026-05-06T10:00:00,24140.6,24140.6,24125.4,24129.25,713228
1778041860,2026-05-06T10:01:00,24128.5,24133.3,24125.65,24128.8,831536
1778041920,2026-05-06T10:02:00,24130.85,24130.85,24118.3,24120.85,764031
1778041980,2026-05-06T10:03:00,24121.75,24122.0,24111.65,24112.8,548748
1778042040,2026-05-06T10:04:00,24112.55,24113.4,24107.35,24110.15,841135
1778042100,2026-05-06T10:05:00,24110.45,24112.0,24103.0,24104.05,600257
1778042160,2026-05-06T10:06:00,24105.05,24105.4,24096.5,24099.05,828006
1778042220,2026-05-06T10:07:00,24099.65,24108.15,24098.6,24106.15,446110
1778042280,2026-05-06T10:08:00,24106.65,24108.65,24102.15,24105.95,502038
1778042340,2026-05-06T10:09:00,24105.85,24107.0,24100.1,24107.0,712928
1778042400,2026-05-06T10:10:00,24107.1,24114.35,24103.1,24113.65,503567
1778042460,2026-05-06T10:11:00,24114.1,24122.7,24112.35,24116.7,836375
1778042520,2026-05-06T10:12:00,24117.1,24122.4,24113.15,24122.4,901085
1778042580,2026-05-06T10:13:00,24122.55,24137.4,24122.05,24136.25,785418
1778042640,2026-05-06T10:14:00,24135.05,24141.6,24131.05,24137.3,932019
1778042700,2026-05-06T10:15:00,24137.0,24137.0,24129.0,24132.9,717082
1778042760,2026-05-06T10:16:00,24133.15,24133.7,24121.75,24125.1,846507
1778042820,2026-05-06T10:17:00,24125.25,24138.45,24124.1,24138.45,1310729
1778042880,2026-05-06T10:18:00,24138.25,24139.4,24128.9,24137.3,1132694
1778042940,2026-05-06T10:19:00,24136.7,24138.8,24133.25,24137.5,772885
1778043000,2026-05-06T10:20:00,24137.05,24146.8,24134.55,24145.7,1222717
1778043060,2026-05-06T10:21:00,24146.4,24154.85,24145.35,24153.95,1104392
1778043120,2026-05-06T10:22:00,24154.0,24155.4,24147.8,24152.0,632225
1778043180,2026-05-06T10:23:00,24152.75,24154.35,24148.1,24149.4,591757
1778043240,2026-05-06T10:24:00,24149.5,24150.45,24141.15,24141.85,751695
1778043300,2026-05-06T10:25:00,24141.5,24145.9,24137.7,24145.65,882621
1778043360,2026-05-06T10:26:00,24146.05,24148.4,24144.45,24145.6,559945
1778043420,2026-05-06T10:27:00,24145.5,24148.65,24141.85,24146.8,946721
1778043480,2026-05-06T10:28:00,24146.45,24147.25,24143.3,24145.1,642871
1778043540,2026-05-06T10:29:00,24144.45,24144.45,24136.15,24136.4,747258
1778043600,2026-05-06T10:30:00,24135.5,24135.5,24126.65,24132.85,859660
1778043660,2026-05-06T10:31:00,24131.85,24139.75,24130.55,24139.75,855486
1778043720,2026-05-06T10:32:00,24139.95,24144.0,24139.05,24141.65,1109829
1778043780,2026-05-06T10:33:00,24141.2,24141.3,24134.25,24139.1,687629
1778043840,2026-05-06T10:34:00,24138.1,24138.1,24127.3,24128.8,546288
1778043900,2026-05-06T10:35:00,24126.65,24126.65,24111.9,24122.35,826119
1778043960,2026-05-06T10:36:00,24123.8,24124.35,24115.5,24120.55,580894
1778044020,2026-05-06T10:37:00,24121.1,24122.45,24118.15,24122.45,381693
1778044080,2026-05-06T10:38:00,24122.3,24126.35,24121.75,24123.65,480407
1778044140,2026-05-06T10:39:00,24124.25,24126.2,24120.5,24124.45,454790
1778044200,2026-05-06T10:40:00,24123.7,24130.7,24122.5,24128.4,427852
1778044260,2026-05-06T10:41:00,24129.8,24137.5,24126.9,24137.15,468220
1778044320,2026-05-06T10:42:00,24136.7,24142.85,24134.35,24142.85,580751
1778044380,2026-05-06T10:43:00,24142.85,24147.2,24142.85,24147.2,477177
1778044440,2026-05-06T10:44:00,24147.3,24150.15,24140.35,24142.85,466218
1778044500,2026-05-06T10:45:00,24142.75,24143.15,24133.15,24134.5,759528
1778044560,2026-05-06T10:46:00,24134.3,24135.0,24126.25,24127.85,466788
1778044620,2026-05-06T10:47:00,24128.6,24137.6,24127.85,24136.45,401546
1778044680,2026-05-06T10:48:00,24134.7,24137.35,24130.25,24130.25,372483
1778044740,2026-05-06T10:49:00,24130.15,24131.3,24127.2,24129.8,533079
1778044800,2026-05-06T10:50:00,24129.35,24130.5,24120.5,24121.8,622495
1778044860,2026-05-06T10:51:00,24121.1,24123.7,24110.8,24112.45,859795
1778044920,2026-05-06T10:52:00,24112.0,24112.8,24101.0,24105.1,1309396
1778044980,2026-05-06T10:53:00,24102.8,24104.55,24095.3,24098.7,715521
1778045040,2026-05-06T10:54:00,24098.15,24100.85,24091.15,24095.8,994862
1778045100,2026-05-06T10:55:00,24095.7,24110.25,24092.4,24103.5,1826306
1778045160,2026-05-06T10:56:00,24103.0,24106.4,24100.85,24102.0,380747
1778045220,2026-05-06T10:57:00,24101.2,24101.9,24095.0,24096.0,788888
1778045280,2026-05-06T10:58:00,24096.45,24102.85,24095.35,24100.55,496286
1778045340,2026-05-06T10:59:00,24099.35,24102.15,24093.95,24095.75,550857
1778045400,2026-05-06T11:00:00,24095.95,24102.0,24093.3,24101.95,617788
1778045460,2026-05-06T11:01:00,24101.4,24104.65,24101.0,24104.35,567459
1778045520,2026-05-06T11:02:00,24103.1,24104.65,24092.75,24093.5,641047
1778045580,2026-05-06T11:03:00,24093.0,24093.0,24081.95,24082.55,678811
1778045640,2026-05-06T11:04:00,24082.75,24082.75,24074.45,24074.5,916014
1778045700,2026-05-06T11:05:00,24075.55,24080.4,24073.2,24080.15,793911
1778045760,2026-05-06T11:06:00,24078.9,24087.05,24078.9,24087.05,609808
1778045820,2026-05-06T11:07:00,24085.85,24091.0,24083.4,24090.9,804798
1778045880,2026-05-06T11:08:00,24090.3,24096.35,24089.85,24094.1,577546
1778045940,2026-05-06T11:09:00,24093.65,24099.15,24092.9,24098.3,476470
1778046000,2026-05-06T11:10:00,24098.9,24098.9,24088.35,24088.95,463948
1778046060,2026-05-06T11:11:00,24088.3,24089.75,24081.65,24085.9,904201
1778046120,2026-05-06T11:12:00,24086.3,24087.9,24083.4,24086.5,576945
1778046180,2026-05-06T11:13:00,24085.45,24092.05,24085.3,24091.95,565039
1778046240,2026-05-06T11:14:00,24090.3,24092.85,24086.85,24089.3,441179
1778046300,2026-05-06T11:15:00,24089.15,24093.8,24086.75,24093.75,763808
1778046360,2026-05-06T11:16:00,24093.45,24097.55,24092.4,24094.3,529740
1778046420,2026-05-06T11:17:00,24094.15,24097.35,24091.5,24096.05,523993
1778046480,2026-05-06T11:18:00,24095.05,24100.05,24093.35,24100.05,677294
1778046540,2026-05-06T11:19:00,24099.6,24102.55,24085.1,24087.05,996825
1778046600,2026-05-06T11:20:00,24084.8,24094.55,24081.55,24093.65,499683
1778046660,2026-05-06T11:21:00,24092.8,24099.25,24092.6,24098.2,457027
1778046720,2026-05-06T11:22:00,24097.8,24101.6,24093.95,24094.4,811557
1778046780,2026-05-06T11:23:00,24094.0,24095.1,24088.5,24093.4,473733
1778046840,2026-05-06T11:24:00,24091.6,24095.35,24087.3,24089.2,436056
1778046900,2026-05-06T11:25:00,24089.0,24092.75,24086.6,24092.75,529443
1778046960,2026-05-06T11:26:00,24091.8,24098.25,24091.0,24097.65,470060
1778047020,2026-05-06T11:27:00,24097.55,24102.45,24096.1,24102.45,321365
1778047080,2026-05-06T11:28:00,24103.25,24110.2,24102.15,24110.2,385513
1778047140,2026-05-06T11:29:00,24109.35,24112.5,24108.1,24112.5,1536328
1778047200,2026-05-06T11:30:00,24111.95,24117.35,24111.1,24113.0,668278
1778047260,2026-05-06T11:31:00,24112.35,24114.7,24110.8,24114.7,703120
1778047320,2026-05-06T11:32:00,24113.25,24115.15,24110.65,24112.95,1111119
1778047380,2026-05-06T11:33:00,24112.35,24112.8,24109.3,24110.5,721253
1778047440,2026-05-06T11:34:00,24109.7,24110.95,24106.3,24107.7,907436
1778047500,2026-05-06T11:35:00,24108.2,24108.2,24091.8,24092.15,1197780
1778047560,2026-05-06T11:36:00,24093.3,24094.1,24087.3,24091.05,714819
1778047620,2026-05-06T11:37:00,24090.55,24090.55,24073.95,24075.9,968126
1778047680,2026-05-06T11:38:00,24075.55,24081.45,24069.7,24069.7,795232
1778047740,2026-05-06T11:39:00,24070.6,24078.8,24069.45,24078.5,791670
1778047800,2026-05-06T11:40:00,24076.8,24083.85,24076.7,24083.5,577215
1778047860,2026-05-06T11:41:00,24082.75,24085.7,24080.55,24084.8,551404
1778047920,2026-05-06T11:42:00,24084.55,24089.15,24083.1,24085.35,685394
1778047980,2026-05-06T11:43:00,24085.6,24094.1,24083.85,24092.9,651692
1778048040,2026-05-06T11:44:00,24093.25,24100.3,24093.1,24096.8,798466
1778048100,2026-05-06T11:45:00,24097.1,24097.8,24090.6,24094.6,514874
1778048160,2026-05-06T11:46:00,24095.7,24102.05,24095.35,24100.9,333795
1778048220,2026-05-06T11:47:00,24099.6,24106.15,24099.45,24104.9,423897
1778048280,2026-05-06T11:48:00,24104.85,24108.8,24103.85,24108.8,498994
1778048340,2026-05-06T11:49:00,24107.95,24108.75,24105.1,24108.05,505875
1778048400,2026-05-06T11:50:00,24107.75,24108.0,24101.5,24102.7,779680
1778048460,2026-05-06T11:51:00,24102.8,24104.35,24096.9,24103.3,933132
1778048520,2026-05-06T11:52:00,24102.55,24103.2,24097.55,24101.15,520308
1778048580,2026-05-06T11:53:00,24099.9,24108.0,24099.9,24107.45,426643
1778048640,2026-05-06T11:54:00,24105.95,24109.35,24104.45,24108.8,928089
1778048700,2026-05-06T11:55:00,24108.55,24114.15,24106.75,24112.8,680845
1778048760,2026-05-06T11:56:00,24112.4,24113.05,24102.75,24110.35,510138
1778048820,2026-05-06T11:57:00,24109.2,24113.1,24106.65,24109.85,664090
1778048880,2026-05-06T11:58:00,24109.5,24110.15,24104.95,24105.2,541223
1778048940,2026-05-06T11:59:00,24105.35,24105.5,24095.5,24097.35,451145
1778049000,2026-05-06T12:00:00,24097.2,24097.9,24093.95,24095.25,429382
1778049060,2026-05-06T12:01:00,24094.95,24099.75,24092.95,24094.5,626613
1778049120,2026-05-06T12:02:00,24093.95,24096.15,24081.45,24087.35,670090
1778049180,2026-05-06T12:03:00,24087.0,24089.75,24084.9,24088.95,371539
1778049240,2026-05-06T12:04:00,24086.4,24091.25,24086.1,24090.9,347687
1778049300,2026-05-06T12:05:00,24091.05,24091.1,24081.0,24082.05,492352
1778049360,2026-05-06T12:06:00,24080.25,24085.05,24077.95,24082.95,669281
1778049420,2026-05-06T12:07:00,24081.55,24082.9,24078.85,24082.5,346603
1778049480,2026-05-06T12:08:00,24082.85,24084.1,24075.35,24081.95,552428
1778049540,2026-05-06T12:09:00,24081.3,24087.9,24077.1,24084.4,425631
1778049600,2026-05-06T12:10:00,24084.7,24086.95,24080.5,24084.75,550142
1778049660,2026-05-06T12:11:00,24082.5,24084.2,24079.8,24083.65,599886
1778049720,2026-05-06T12:12:00,24083.75,24085.55,24075.95,24085.25,653283
1778049780,2026-05-06T12:13:00,24083.75,24086.4,24082.8,24085.65,359957
1778049840,2026-05-06T12:14:00,24084.65,24086.4,24080.55,24082.8,477739
1778049900,2026-05-06T12:15:00,24081.75,24081.75,24071.85,24073.1,758708
1778049960,2026-05-06T12:16:00,24073.05,24073.05,24061.55,24063.7,758855
1778050020,2026-05-06T12:17:00,24063.4,24073.25,24061.0,24072.75,600553
1778050080,2026-05-06T12:18:00,24072.2,24073.55,24066.75,24072.35,476142
1778050140,2026-05-06T12:19:00,24072.85,24077.25,24071.3,24074.25,968275
1778050200,2026-05-06T12:20:00,24072.6,24073.45,24058.9,24059.35,756090
1778050260,2026-05-06T12:21:00,24059.3,24060.05,24052.75,24059.35,607010
1778050320,2026-05-06T12:22:00,24059.65,24061.15,24045.8,24046.8,664223
1778050380,2026-05-06T12:23:00,24045.35,24046.65,24029.75,24038.85,5892035
1778050440,2026-05-06T12:24:00,24039.45,24045.9,24036.55,24043.95,1019996
1778050500,2026-05-06T12:25:00,24043.55,24047.4,24042.2,24047.4,618678
1778050560,2026-05-06T12:26:00,24046.1,24059.9,24046.1,24054.35,2896499
1778050620,2026-05-06T12:27:00,24052.7,24052.75,24039.35,24048.55,687698
1778050680,2026-05-06T12:28:00,24048.1,24052.8,24045.7,24050.7,956998
1778050740,2026-05-06T12:29:00,24050.4,24055.35,24049.6,24054.65,1438091
1778050800,2026-05-06T12:30:00,24054.15,24054.7,24045.15,24048.1,635159
1778050860,2026-05-06T12:31:00,24047.0,24054.6,24046.65,24054.6,474664
1778050920,2026-05-06T12:32:00,24052.65,24055.5,24047.15,24050.2,490060
1778050980,2026-05-06T12:33:00,24048.8,24053.9,24048.35,24050.15,742749
1778051040,2026-05-06T12:34:00,24049.3,24054.85,24047.4,24049.9,558286
1778051100,2026-05-06T12:35:00,24050.2,24050.95,24047.2,24047.85,600565
1778051160,2026-05-06T12:36:00,24047.85,24048.4,24040.65,24043.3,611043
1778051220,2026-05-06T12:37:00,24042.6,24044.35,24039.45,24042.2,839665
1778051280,2026-05-06T12:38:00,24041.6,24044.65,24039.7,24041.3,711179
1778051340,2026-05-06T12:39:00,24040.85,24041.55,24033.2,24036.65,616531
1778051400,2026-05-06T12:40:00,24036.05,24038.75,24032.9,24037.95,824131
1778051460,2026-05-06T12:41:00,24037.75,24041.2,24032.3,24039.4,607434
1778051520,2026-05-06T12:42:00,24039.65,24043.45,24035.25,24037.5,740670
1778051580,2026-05-06T12:43:00,24036.05,24036.15,24025.45,24028.4,955914
1778051640,2026-05-06T12:44:00,24027.4,24028.3,24019.7,24022.3,822644
1778051700,2026-05-06T12:45:00,24022.0,24025.35,24017.7,24022.35,737971
1778051760,2026-05-06T12:46:00,24022.55,24022.55,24010.15,24012.05,1004603
1778051820,2026-05-06T12:47:00,24012.0,24015.1,24005.95,24013.7,794598
1778051880,2026-05-06T12:48:00,24011.65,24017.95,24011.45,24015.65,711699
1778051940,2026-05-06T12:49:00,24015.7,24020.1,24014.55,24018.3,638569
1778052000,2026-05-06T12:50:00,24017.55,24019.2,24014.85,24017.95,719837
1778052060,2026-05-06T12:51:00,24018.25,24023.45,24017.3,24022.1,461910
1778052120,2026-05-06T12:52:00,24021.8,24023.05,24012.1,24014.75,637426
1778052180,2026-05-06T12:53:00,24013.4,24013.4,23997.9,24000.35,937907
1778052240,2026-05-06T12:54:00,23999.6,24013.3,23999.6,24011.6,711092
1778052300,2026-05-06T12:55:00,24011.0,24014.15,24009.8,24013.8,576014
1778052360,2026-05-06T12:56:00,24013.5,24017.05,24011.1,24015.15,847822
1778052420,2026-05-06T12:57:00,24014.35,24024.1,24012.7,24020.7,678281
1778052480,2026-05-06T12:58:00,24020.45,24023.6,24018.4,24021.35,481265
1778052540,2026-05-06T12:59:00,24020.15,24023.45,24019.5,24023.1,366244
1778052600,2026-05-06T13:00:00,24022.65,24023.5,24013.5,24017.55,746039
1778052660,2026-05-06T13:01:00,24017.2,24017.2,24008.75,24010.65,403780
1778052720,2026-05-06T13:02:00,24010.95,24013.05,24008.35,24013.05,659089
1778052780,2026-05-06T13:03:00,24012.35,24015.25,24002.5,24005.95,938411
1778052840,2026-05-06T13:04:00,24004.4,24005.2,23999.95,24002.1,609113
1778052900,2026-05-06T13:05:00,24000.95,24007.15,23999.65,24007.15,611234
1778052960,2026-05-06T13:06:00,24006.55,24021.5,24005.6,24021.15,764794
1778053020,2026-05-06T13:07:00,24020.9,24027.85,24020.3,24027.65,658150
1778053080,2026-05-06T13:08:00,24026.3,24035.45,24024.95,24035.45,578577
1778053140,2026-05-06T13:09:00,24034.85,24039.4,24033.5,24038.9,728035
1778053200,2026-05-06T13:10:00,24038.7,24040.15,24035.7,24039.45,758893
1778053260,2026-05-06T13:11:00,24039.1,24041.9,24037.5,24041.05,1013489
1778053320,2026-05-06T13:12:00,24040.6,24040.8,24031.0,24033.5,647851
1778053380,2026-05-06T13:13:00,24032.25,24042.2,24032.1,24042.2,535300
1778053440,2026-05-06T13:14:00,24041.8,24044.15,24039.2,24040.65,453551
1778053500,2026-05-06T13:15:00,24039.9,24050.0,24036.3,24049.9,552028
1778053560,2026-05-06T13:16:00,24051.15,24059.45,24048.55,24057.45,837652
1778053620,2026-05-06T13:17:00,24057.4,24060.1,24055.4,24058.7,918565
1778053680,2026-05-06T13:18:00,24058.35,24068.55,24056.25,24067.5,633894
1778053740,2026-05-06T13:19:00,24067.05,24068.3,24061.6,24063.45,648486
1778053800,2026-05-06T13:20:00,24063.8,24067.65,24062.35,24066.15,487411
1778053860,2026-05-06T13:21:00,24066.05,24071.35,24062.75,24071.35,615874
1778053920,2026-05-06T13:22:00,24071.2,24078.6,24068.85,24078.4,1212864
1778053980,2026-05-06T13:23:00,24077.65,24084.4,24074.3,24084.05,834632
1778054040,2026-05-06T13:24:00,24083.8,24085.8,24075.75,24081.1,687994
1778054100,2026-05-06T13:25:00,24078.95,24082.7,24077.75,24080.85,644056
1778054160,2026-05-06T13:26:00,24079.85,24082.45,24075.2,24078.05,641088
1778054220,2026-05-06T13:27:00,24076.2,24078.35,24070.6,24072.9,664376
1778054280,2026-05-06T13:28:00,24073.7,24081.2,24073.05,24076.4,953006
1778054340,2026-05-06T13:29:00,24076.8,24079.3,24073.9,24075.35,676948
1778054400,2026-05-06T13:30:00,24076.6,24083.75,24076.25,24079.95,766426
1778054460,2026-05-06T13:31:00,24080.3,24081.85,24074.65,24080.2,799899
1778054520,2026-05-06T13:32:00,24080.25,24091.2,24076.05,24089.65,959031
1778054580,2026-05-06T13:33:00,24088.15,24093.0,24085.65,24088.0,1079275
1778054640,2026-05-06T13:34:00,24088.55,24090.9,24084.3,24086.35,808874
1778054700,2026-05-06T13:35:00,24086.9,24091.85,24085.85,24088.05,763191
1778054760,2026-05-06T13:36:00,24087.55,24096.75,24084.15,24096.75,893203
1778054820,2026-05-06T13:37:00,24095.95,24105.1,24094.7,24102.1,1414534
1778054880,2026-05-06T13:38:00,24102.0,24109.95,24099.1,24104.0,1331332
1778054940,2026-05-06T13:39:00,24103.65,24107.4,24101.4,24103.55,1419860
1778055000,2026-05-06T13:40:00,24102.45,24108.1,24102.2,24103.0,739563
1778055060,2026-05-06T13:41:00,24101.95,24102.0,24094.9,24096.5,753166
1778055120,2026-05-06T13:42:00,24096.65,24102.05,24095.2,24102.05,599052
1778055180,2026-05-06T13:43:00,24101.2,24103.9,24095.8,24098.6,639308
1778055240,2026-05-06T13:44:00,24097.8,24102.25,24096.9,24100.9,552441
1778055300,2026-05-06T13:45:00,24099.25,24101.55,24094.15,24097.45,540987
1778055360,2026-05-06T13:46:00,24098.4,24105.1,24098.4,24105.1,593154
1778055420,2026-05-06T13:47:00,24105.05,24110.4,24104.4,24106.65,589358
1778055480,2026-05-06T13:48:00,24105.9,24106.5,24096.7,24098.1,729750
1778055540,2026-05-06T13:49:00,24096.9,24102.9,24094.3,24102.75,711441
1778055600,2026-05-06T13:50:00,24102.45,24113.55,24101.8,24112.55,932450
1778055660,2026-05-06T13:51:00,24112.4,24115.95,24109.2,24110.4,1324046
1778055720,2026-05-06T13:52:00,24109.95,24113.5,24108.55,24112.65,955172
1778055780,2026-05-06T13:53:00,24112.25,24115.5,24103.75,24106.15,862139
1778055840,2026-05-06T13:54:00,24106.25,24112.2,24102.65,24111.25,1070198
1778055900,2026-05-06T13:55:00,24112.05,24120.25,24112.05,24116.65,956912
1778055960,2026-05-06T13:56:00,24116.05,24118.3,24112.85,24113.9,466977
1778056020,2026-05-06T13:57:00,24112.15,24117.6,24109.25,24115.15,611288
1778056080,2026-05-06T13:58:00,24113.85,24114.55,24109.1,24109.3,604390
1778056140,2026-05-06T13:59:00,24108.7,24108.7,24101.9,24106.95,812439
1778056200,2026-05-06T14:00:00,24106.8,24108.55,24096.8,24097.1,960738
1778056260,2026-05-06T14:01:00,24097.8,24113.65,24096.4,24113.65,827295
1778056320,2026-05-06T14:02:00,24112.8,24114.7,24111.05,24112.3,552881
1778056380,2026-05-06T14:03:00,24111.3,24117.1,24108.05,24117.05,769682
1778056440,2026-05-06T14:04:00,24115.55,24115.7,24107.35,24109.5,521361
1778056500,2026-05-06T14:05:00,24108.3,24115.0,24107.4,24112.85,623752
1778056560,2026-05-06T14:06:00,24112.45,24113.35,24106.25,24108.0,786658
1778056620,2026-05-06T14:07:00,24107.85,24112.05,24106.0,24111.7,659035
1778056680,2026-05-06T14:08:00,24110.3,24112.95,24108.35,24110.05,605265
1778056740,2026-05-06T14:09:00,24108.7,24110.55,24103.75,24109.35,586655
1778056800,2026-05-06T14:10:00,24108.0,24113.35,24107.4,24112.45,607211
1778056860,2026-05-06T14:11:00,24112.3,24117.05,24110.0,24116.95,913841
1778056920,2026-05-06T14:12:00,24116.0,24118.8,24114.4,24116.7,585790
1778056980,2026-05-06T14:13:00,24116.5,24132.5,24115.9,24132.5,1048939
1778057040,2026-05-06T14:14:00,24131.15,24133.35,24129.0,24133.35,646119
1778057100,2026-05-06T14:15:00,24134.05,24145.1,24133.4,24145.05,1323135
1778057160,2026-05-06T14:16:00,24143.5,24147.7,24142.5,24147.15,887888
1778057220,2026-05-06T14:17:00,24146.3,24151.1,24144.6,24149.95,773014
1778057280,2026-05-06T14:18:00,24150.4,24150.4,24141.8,24146.35,667962
1778057340,2026-05-06T14:19:00,24145.3,24146.0,24139.75,24141.15,504064
1778057400,2026-05-06T14:20:00,24140.4,24193.05,24139.15,24181.7,3364798
1778057460,2026-05-06T14:21:00,24180.55,24214.45,24180.55,24213.25,3691771
1778057520,2026-05-06T14:22:00,24213.4,24237.15,24211.5,24235.4,2625520
1778057580,2026-05-06T14:23:00,24235.7,24255.65,24231.05,24242.9,2925092
1778057640,2026-05-06T14:24:00,24243.05,24254.2,24243.05,24250.5,1807696
1778057700,2026-05-06T14:25:00,24252.05,24277.1,24252.05,24269.55,2856255
1778057760,2026-05-06T14:26:00,24269.95,24297.85,24268.1,24292.15,3192716
1778057820,2026-05-06T14:27:00,24292.9,24304.15,24289.65,24301.2,2500608
1778057880,2026-05-06T14:28:00,24300.8,24332.05,24299.55,24321.15,2786828
1778057940,2026-05-06T14:29:00,24322.1,24323.4,24300.15,24311.65,1612546
1778058000,2026-05-06T14:30:00,24314.7,24334.4,24314.7,24323.3,2110914
1778058060,2026-05-06T14:31:00,24324.5,24326.85,24312.8,24321.95,1460352
1778058120,2026-05-06T14:32:00,24322.3,24323.7,24310.2,24312.9,1285286
1778058180,2026-05-06T14:33:00,24313.25,24313.8,24280.75,24281.5,2537013
1778058240,2026-05-06T14:34:00,24282.45,24308.3,24280.1,24306.75,1876421
1778058300,2026-05-06T14:35:00,24306.8,24308.7,24292.1,24292.1,2120867
1778058360,2026-05-06T14:36:00,24292.75,24295.8,24277.9,24280.1,1735673
1778058420,2026-05-06T14:37:00,24281.35,24296.75,24280.9,24296.75,1821079
1778058480,2026-05-06T14:38:00,24295.95,24306.8,24293.85,24302.3,1626109
1778058540,2026-05-06T14:39:00,24301.8,24304.2,24296.2,24300.45,1541535
1778058600,2026-05-06T14:40:00,24300.4,24321.75,24299.4,24321.2,1813661
1778058660,2026-05-06T14:41:00,24322.85,24326.65,24319.9,24326.65,1601811
1778058720,2026-05-06T14:42:00,24325.8,24334.6,24322.35,24329.75,1956136
1778058780,2026-05-06T14:43:00,24329.6,24335.9,24325.4,24329.1,1722652
1778058840,2026-05-06T14:44:00,24329.8,24337.8,24329.7,24334.35,1426606
1778058900,2026-05-06T14:45:00,24334.65,24334.65,24325.1,24328.0,1455566
1778058960,2026-05-06T14:46:00,24329.05,24336.4,24327.85,24333.05,2387744
1778059020,2026-05-06T14:47:00,24331.2,24334.5,24320.8,24326.75,2880657
1778059080,2026-05-06T14:48:00,24327.4,24345.35,24327.05,24343.95,2686971
1778059140,2026-05-06T14:49:00,24345.7,24354.55,24345.1,24349.3,2893794
1778059200,2026-05-06T14:50:00,24348.85,24356.5,24344.7,24347.55,2480463
1778059260,2026-05-06T14:51:00,24349.15,24353.45,24340.4,24346.65,2458894
1778059320,2026-05-06T14:52:00,24345.05,24345.75,24330.65,24338.8,1731766
1778059380,2026-05-06T14:53:00,24338.75,24339.4,24331.4,24334.3,2115744
1778059440,2026-05-06T14:54:00,24333.4,24336.1,24328.75,24332.1,1325493
1778059500,2026-05-06T14:55:00,24333.4,24333.4,24324.65,24328.1,1568555
1778059560,2026-05-06T14:56:00,24327.75,24334.15,24325.35,24332.3,1209481
1778059620,2026-05-06T14:57:00,24331.8,24340.4,24330.7,24340.05,1717142
1778059680,2026-05-06T14:58:00,24340.6,24348.15,24339.85,24345.6,1642042
1778059740,2026-05-06T14:59:00,24344.6,24349.65,24337.55,24348.25,2276735
1778059800,2026-05-06T15:00:00,24349.0,24353.8,24313.85,24324.55,4587193
1778059860,2026-05-06T15:01:00,24325.4,24333.95,24320.0,24330.3,2622662
1778059920,2026-05-06T15:02:00,24330.05,24350.45,24324.8,24345.4,2870253
1778059980,2026-05-06T15:03:00,24346.5,24348.8,24338.3,24339.0,1862296
1778060040,2026-05-06T15:04:00,24339.35,24344.25,24338.35,24342.15,2417882
1778060100,2026-05-06T15:05:00,24342.7,24344.75,24335.55,24337.4,2246339
1778060160,2026-05-06T15:06:00,24338.0,24343.95,24336.95,24340.45,2124627
1778060220,2026-05-06T15:07:00,24339.8,24340.6,24331.75,24332.5,2869094
1778060280,2026-05-06T15:08:00,24333.35,24335.05,24320.75,24320.8,2764993
1778060340,2026-05-06T15:09:00,24321.05,24322.15,24314.05,24315.5,2580709
1778060400,2026-05-06T15:10:00,24316.55,24329.3,24314.95,24328.05,2766030
1778060460,2026-05-06T15:11:00,24329.25,24329.3,24319.9,24323.75,2952651
1778060520,2026-05-06T15:12:00,24324.45,24330.95,24322.7,24325.55,2613435
1778060580,2026-05-06T15:13:00,24326.3,24327.6,24322.1,24324.45,3059497
1778060640,2026-05-06T15:14:00,24325.15,24328.15,24318.8,24321.35,2631356
1778060700,2026-05-06T15:15:00,24321.75,24322.7,24318.3,24321.0,2961307
1778060760,2026-05-06T15:16:00,24321.9,24325.6,24317.05,24322.65,3394548
1778060820,2026-05-06T15:17:00,24322.95,24324.8,24318.1,24324.15,2928552
1778060880,2026-05-06T15:18:00,24324.3,24332.2,24321.8,24331.9,3166307
1778060940,2026-05-06T15:19:00,24332.6,24335.6,24330.4,24330.65,2735678
1778061000,2026-05-06T15:20:00,24331.15,24331.15,24317.4,24321.7,3496777
1778061060,2026-05-06T15:21:00,24321.9,24326.0,24320.4,24321.9,3265419
1778061120,2026-05-06T15:22:00,24322.8,24323.05,24318.4,24319.75,3612362
1778061180,2026-05-06T15:23:00,24320.35,24326.65,24317.85,24326.35,2991206
1778061240,2026-05-06T15:24:00,24327.5,24331.15,24325.7,24329.05,2813816
1778061300,2026-05-06T15:25:00,24330.7,24333.9,24327.95,24331.35,2877552
1778061360,2026-05-06T15:26:00,24333.7,24334.4,24325.6,24329.0,2483606
1778061420,2026-05-06T15:27:00,24330.4,24338.05,24327.3,24335.35,3490822
1778061480,2026-05-06T15:28:00,24339.2,24346.45,24336.45,24342.7,3206302
1778061540,2026-05-06T15:29:00,24343.7,24346.6,24334.4,24339.3,2081231
1778125500,2026-05-07T09:15:00,24398.5,24423.35,24369.95,24379.6,7670944
1778125560,2026-05-07T09:16:00,24378.75,24380.1,24346.6,24365.55,5342737
1778125620,2026-05-07T09:17:00,24366.65,24378.9,24359.65,24363.15,2783749
1778125680,2026-05-07T09:18:00,24363.35,24363.9,24327.2,24330.8,2508743
1778125740,2026-05-07T09:19:00,24330.75,24334.35,24317.7,24318.25,2134218
1778125800,2026-05-07T09:20:00,24318.25,24325.6,24314.3,24317.9,2183450
1778125860,2026-05-07T09:21:00,24318.2,24337.05,24317.35,24324.1,2630917
1778125920,2026-05-07T09:22:00,24323.55,24325.7,24300.7,24304.9,1867170
1778125980,2026-05-07T09:23:00,24304.85,24333.25,24302.0,24328.45,1547846
1778126040,2026-05-07T09:24:00,24329.2,24336.3,24325.3,24335.35,1347917
1778126100,2026-05-07T09:25:00,24334.9,24336.4,24313.55,24314.25,2334862
1778126160,2026-05-07T09:26:00,24314.45,24322.6,24312.2,24313.45,1227225
1778126220,2026-05-07T09:27:00,24313.6,24329.45,24313.6,24323.5,1336975
1778126280,2026-05-07T09:28:00,24324.75,24343.75,24324.75,24340.7,1710532
1778126340,2026-05-07T09:29:00,24340.75,24346.75,24330.75,24334.15,1776084
1778126400,2026-05-07T09:30:00,24334.8,24336.55,24320.15,24329.55,1512513
1778126460,2026-05-07T09:31:00,24329.2,24352.4,24326.85,24352.0,1767908
1778126520,2026-05-07T09:32:00,24350.8,24359.1,24346.7,24358.6,1492148
1778126580,2026-05-07T09:33:00,24357.9,24367.95,24350.25,24352.75,1370432
1778126640,2026-05-07T09:34:00,24352.65,24359.2,24350.0,24356.7,1181434
1778126700,2026-05-07T09:35:00,24356.15,24368.75,24356.15,24367.6,1162311
1778126760,2026-05-07T09:36:00,24367.5,24372.4,24362.1,24367.55,1148333
1778126820,2026-05-07T09:37:00,24367.2,24372.55,24364.0,24369.0,1467416
1778126880,2026-05-07T09:38:00,24369.15,24369.95,24350.65,24350.65,1425063
1778126940,2026-05-07T09:39:00,24351.2,24354.6,24346.9,24354.15,840605
1778127000,2026-05-07T09:40:00,24354.8,24369.9,24354.8,24369.1,1193521
1778127060,2026-05-07T09:41:00,24369.15,24382.7,24369.15,24382.7,1226892
1778127120,2026-05-07T09:42:00,24382.35,24396.0,24382.35,24394.9,1476997
1778127180,2026-05-07T09:43:00,24394.9,24401.8,24392.9,24400.05,1007646
1778127240,2026-05-07T09:44:00,24398.85,24402.15,24390.3,24397.35,1187215
1778127300,2026-05-07T09:45:00,24396.9,24401.4,24391.95,24392.65,1298913
1778127360,2026-05-07T09:46:00,24392.7,24394.35,24377.4,24378.6,1415000
1778127420,2026-05-07T09:47:00,24379.7,24382.6,24374.45,24376.15,764156
1778127480,2026-05-07T09:48:00,24376.0,24380.65,24371.65,24371.85,1000086
1778127540,2026-05-07T09:49:00,24372.35,24375.3,24352.25,24352.25,956394
1778127600,2026-05-07T09:50:00,24352.65,24354.45,24334.55,24352.65,1088081
1778127660,2026-05-07T09:51:00,24352.95,24363.55,24350.35,24356.15,983619
1778127720,2026-05-07T09:52:00,24356.6,24357.9,24350.85,24353.2,1326644
1778127780,2026-05-07T09:53:00,24352.8,24357.2,24329.4,24331.95,1212464
1778127840,2026-05-07T09:54:00,24329.85,24338.15,24325.65,24335.2,1163521
1778127900,2026-05-07T09:55:00,24337.35,24351.55,24331.2,24348.65,1254913
1778127960,2026-05-07T09:56:00,24350.6,24351.25,24339.5,24343.65,1106759
1778128020,2026-05-07T09:57:00,24343.9,24344.4,24334.45,24337.8,1039685
1778128080,2026-05-07T09:58:00,24337.65,24347.8,24333.35,24347.3,2363174
1778128140,2026-05-07T09:59:00,24347.05,24354.15,24340.5,24342.95,1549321
1778128200,2026-05-07T10:00:00,24343.0,24357.45,24340.15,24356.65,1724792
1778128260,2026-05-07T10:01:00,24359.1,24373.45,24358.85,24373.45,2000828
1778128320,2026-05-07T10:02:00,24372.95,24378.7,24370.85,24375.4,4861287
1778128380,2026-05-07T10:03:00,24375.5,24377.35,24367.95,24373.15,1261949
1778128440,2026-05-07T10:04:00,24372.95,24375.75,24366.7,24370.25,1182425
1778128500,2026-05-07T10:05:00,24370.75,24374.45,24358.9,24363.85,1196737
1778128560,2026-05-07T10:06:00,24363.8,24366.85,24350.55,24350.55,1130847
1778128620,2026-05-07T10:07:00,24350.35,24350.95,24333.4,24334.1,1122872
1778128680,2026-05-07T10:08:00,24333.45,24335.0,24315.25,24325.7,1079822
1778128740,2026-05-07T10:09:00,24326.3,24330.4,24324.0,24328.3,981260
1778128800,2026-05-07T10:10:00,24328.3,24335.65,24323.3,24331.7,642509
1778128860,2026-05-07T10:11:00,24331.15,24337.45,24316.85,24316.85,1035409
1778128920,2026-05-07T10:12:00,24317.05,24318.15,24310.0,24312.75,910431
1778128980,2026-05-07T10:13:00,24313.1,24320.75,24311.3,24315.7,985054
1778129040,2026-05-07T10:14:00,24315.7,24325.85,24315.0,24323.65,1044769
1778129100,2026-05-07T10:15:00,24324.65,24329.55,24321.6,24325.5,1097791
1778129160,2026-05-07T10:16:00,24325.95,24329.8,24324.2,24328.45,1093651
1778129220,2026-05-07T10:17:00,24329.25,24338.65,24329.25,24338.65,1095654
1778129280,2026-05-07T10:18:00,24338.8,24350.8,24338.8,24341.95,1208664
1778129340,2026-05-07T10:19:00,24341.5,24350.6,24337.55,24349.05,977144
1778129400,2026-05-07T10:20:00,24349.4,24351.35,24345.55,24349.15,1068797
1778129460,2026-05-07T10:21:00,24349.65,24353.5,24345.05,24348.75,999651
1778129520,2026-05-07T10:22:00,24351.3,24354.75,24346.2,24353.0,1019321
1778129580,2026-05-07T10:23:00,24352.95,24355.95,24349.0,24349.4,1166164
1778129640,2026-05-07T10:24:00,24350.15,24353.85,24344.95,24353.15,1550361
1778129700,2026-05-07T10:25:00,24353.2,24359.5,24348.75,24356.4,1096024
1778129760,2026-05-07T10:26:00,24356.9,24366.55,24356.55,24365.2,1058542
1778129820,2026-05-07T10:27:00,24365.45,24368.9,24361.6,24363.75,865934
1778129880,2026-05-07T10:28:00,24364.05,24365.6,24357.25,24357.3,750409
1778129940,2026-05-07T10:29:00,24356.75,24362.75,24353.9,24360.3,723203
1778130000,2026-05-07T10:30:00,24360.3,24371.7,24360.3,24370.25,885314
1778130060,2026-05-07T10:31:00,24369.4,24372.6,24362.65,24369.8,830682
1778130120,2026-05-07T10:32:00,24369.4,24370.75,24365.25,24368.5,1672645
1778130180,2026-05-07T10:33:00,24368.55,24373.55,24366.45,24373.0,832469
1778130240,2026-05-07T10:34:00,24372.35,24375.55,24367.25,24367.3,797996
1778130300,2026-05-07T10:35:00,24367.25,24368.25,24359.2,24361.15,783761
1778130360,2026-05-07T10:36:00,24360.75,24362.95,24356.6,24359.25,761297
1778130420,2026-05-07T10:37:00,24357.65,24368.1,24357.65,24367.2,828331
1778130480,2026-05-07T10:38:00,24365.9,24367.25,24352.85,24361.25,570399
1778130540,2026-05-07T10:39:00,24361.3,24365.35,24359.2,24364.6,568172
1778130600,2026-05-07T10:40:00,24364.75,24368.25,24363.45,24364.85,633306
1778130660,2026-05-07T10:41:00,24364.35,24366.95,24358.7,24366.55,942739
1778130720,2026-05-07T10:42:00,24365.8,24370.5,24364.8,24367.05,589444
1778130780,2026-05-07T10:43:00,24366.9,24374.85,24366.5,24369.55,533774
1778130840,2026-05-07T10:44:00,24369.0,24373.95,24368.2,24373.45,550485
1778130900,2026-05-07T10:45:00,24372.5,24379.05,24372.5,24376.1,631254
1778130960,2026-05-07T10:46:00,24374.9,24378.1,24369.85,24369.85,1019262
1778131020,2026-05-07T10:47:00,24370.1,24370.9,24356.3,24358.0,741906
1778131080,2026-05-07T10:48:00,24358.05,24369.75,24357.85,24368.95,720818
1778131140,2026-05-07T10:49:00,24368.45,24371.3,24359.55,24360.45,760214
1778131200,2026-05-07T10:50:00,24359.95,24360.8,24350.05,24350.7,748692
1778131260,2026-05-07T10:51:00,24350.5,24352.1,24344.25,24344.4,704001
1778131320,2026-05-07T10:52:00,24345.15,24345.35,24339.25,24339.9,589942
1778131380,2026-05-07T10:53:00,24340.05,24341.2,24332.45,24334.95,697862
1778131440,2026-05-07T10:54:00,24335.4,24352.35,24335.15,24351.6,971565
1778131500,2026-05-07T10:55:00,24351.4,24353.05,24347.5,24349.55,748379
1778131560,2026-05-07T10:56:00,24348.7,24350.15,24342.1,24342.3,822700
1778131620,2026-05-07T10:57:00,24342.35,24342.85,24334.4,24340.65,772061
1778131680,2026-05-07T10:58:00,24340.55,24344.1,24338.7,24340.4,698566
1778131740,2026-05-07T10:59:00,24339.95,24342.1,24336.55,24340.85,494917
1778131800,2026-05-07T11:00:00,24341.0,24343.75,24337.4,24337.4,698188
1778131860,2026-05-07T11:01:00,24338.15,24340.4,24335.8,24340.1,532071
1778131920,2026-05-07T11:02:00,24339.75,24340.6,24331.25,24336.0,650726
1778131980,2026-05-07T11:03:00,24335.75,24340.25,24334.7,24337.15,749300
1778132040,2026-05-07T11:04:00,24336.8,24338.3,24330.1,24332.85,460054
1778132100,2026-05-07T11:05:00,24332.35,24335.05,24331.2,24334.85,492289
1778132160,2026-05-07T11:06:00,24334.7,24336.5,24329.8,24330.3,654712
1778132220,2026-05-07T11:07:00,24329.8,24331.05,24320.05,24320.75,571461
1778132280,2026-05-07T11:08:00,24320.85,24322.25,24316.15,24318.3,768016
1778132340,2026-05-07T11:09:00,24318.75,24322.05,24316.7,24320.0,437169
1778132400,2026-05-07T11:10:00,24320.2,24321.95,24313.85,24316.6,592368
1778132460,2026-05-07T11:11:00,24315.9,24321.5,24315.15,24321.5,565896
1778132520,2026-05-07T11:12:00,24320.65,24322.15,24312.5,24312.5,1037747
1778132580,2026-05-07T11:13:00,24312.75,24315.2,24310.05,24313.95,869238
1778132640,2026-05-07T11:14:00,24313.55,24318.65,24313.15,24317.75,679601
1778132700,2026-05-07T11:15:00,24318.2,24328.55,24316.25,24328.55,712251
1778132760,2026-05-07T11:16:00,24328.9,24332.25,24323.75,24323.95,544898
1778132820,2026-05-07T11:17:00,24324.3,24324.4,24318.1,24318.5,539363
1778132880,2026-05-07T11:18:00,24318.6,24327.0,24318.6,24325.85,636856
1778132940,2026-05-07T11:19:00,24324.75,24325.25,24314.0,24318.4,695083
1778133000,2026-05-07T11:20:00,24318.35,24319.7,24307.05,24308.8,1049521
1778133060,2026-05-07T11:21:00,24308.4,24312.15,24295.15,24296.6,933254
1778133120,2026-05-07T11:22:00,24296.55,24303.6,24293.05,24302.65,629220
1778133180,2026-05-07T11:23:00,24302.9,24308.25,24302.7,24307.6,403202
1778133240,2026-05-07T11:24:00,24307.0,24310.7,24307.0,24309.15,317888
1778133300,2026-05-07T11:25:00,24309.35,24309.9,24296.65,24298.35,634359
1778133360,2026-05-07T11:26:00,24297.85,24301.15,24294.45,24294.85,644578
1778133420,2026-05-07T11:27:00,24295.3,24297.7,24292.5,24294.35,556061
1778133480,2026-05-07T11:28:00,24294.3,24298.6,24289.45,24297.7,595147
1778133540,2026-05-07T11:29:00,24296.95,24307.0,24296.95,24306.45,590597
1778133600,2026-05-07T11:30:00,24306.95,24317.4,24306.35,24317.4,471054
1778133660,2026-05-07T11:31:00,24317.5,24335.5,24315.25,24335.45,1382353
1778133720,2026-05-07T11:32:00,24335.0,24349.8,24333.9,24343.15,904636
1778133780,2026-05-07T11:33:00,24342.95,24343.95,24329.7,24329.7,859952
1778133840,2026-05-07T11:34:00,24330.45,24331.0,24323.4,24323.4,672922
1778133900,2026-05-07T11:35:00,24323.55,24324.5,24316.05,24318.15,521278
1778133960,2026-05-07T11:36:00,24318.1,24322.55,24316.2,24317.35,565245
1778134020,2026-05-07T11:37:00,24317.5,24320.9,24314.65,24315.2,955850
1778134080,2026-05-07T11:38:00,24314.45,24321.8,24313.35,24317.75,554558
1778134140,2026-05-07T11:39:00,24317.9,24318.8,24311.9,24313.85,693134
1778134200,2026-05-07T11:40:00,24314.8,24316.05,24310.7,24312.35,944486
1778134260,2026-05-07T11:41:00,24312.4,24313.85,24308.85,24311.15,415303
1778134320,2026-05-07T11:42:00,24311.35,24313.25,24299.0,24299.1,987266
1778134380,2026-05-07T11:43:00,24300.35,24305.9,24297.6,24301.65,575256
1778134440,2026-05-07T11:44:00,24301.3,24301.65,24288.1,24288.5,1105828
1778134500,2026-05-07T11:45:00,24287.8,24289.55,24284.0,24287.75,1350956
1778134560,2026-05-07T11:46:00,24286.45,24293.3,24285.45,24293.0,568750
1778134620,2026-05-07T11:47:00,24293.35,24296.55,24290.35,24290.75,791098
1778134680,2026-05-07T11:48:00,24289.7,24304.2,24289.1,24304.2,845974
1778134740,2026-05-07T11:49:00,24303.9,24308.3,24302.85,24305.65,692490
1778134800,2026-05-07T11:50:00,24305.8,24316.25,24305.7,24313.8,384525
1778134860,2026-05-07T11:51:00,24313.75,24321.3,24313.3,24320.25,594249
1778134920,2026-05-07T11:52:00,24319.0,24328.35,24319.0,24328.05,542149
1778134980,2026-05-07T11:53:00,24328.1,24331.6,24324.7,24324.95,1284438
1778135040,2026-05-07T11:54:00,24325.2,24328.4,24320.8,24321.3,731382
1778135100,2026-05-07T11:55:00,24321.15,24329.4,24320.35,24328.8,852066
1778135160,2026-05-07T11:56:00,24328.9,24330.35,24323.1,24323.35,485762
1778135220,2026-05-07T11:57:00,24322.95,24331.7,24322.3,24331.7,838648
1778135280,2026-05-07T11:58:00,24332.6,24341.4,24332.35,24341.4,1029256
1778135340,2026-05-07T11:59:00,24341.05,24346.85,24340.15,24340.55,705597
1778135400,2026-05-07T12:00:00,24339.7,24347.6,24339.7,24344.75,744795
1778135460,2026-05-07T12:01:00,24345.15,24359.4,24345.15,24358.6,847356
1778135520,2026-05-07T12:02:00,24360.05,24369.9,24357.95,24362.85,1103951
1778135580,2026-05-07T12:03:00,24362.85,24368.55,24362.85,24364.8,577027
1778135640,2026-05-07T12:04:00,24364.6,24365.8,24353.75,24355.0,721030
1778135700,2026-05-07T12:05:00,24355.3,24362.05,24355.3,24359.55,820932
1778135760,2026-05-07T12:06:00,24359.05,24367.65,24359.05,24363.15,753035
1778135820,2026-05-07T12:07:00,24363.65,24366.25,24352.9,24360.65,813388
1778135880,2026-05-07T12:08:00,24361.65,24362.2,24355.65,24359.8,435956
1778135940,2026-05-07T12:09:00,24360.05,24362.35,24359.15,24360.25,484127
1778136000,2026-05-07T12:10:00,24360.1,24369.2,24357.5,24366.95,977760
1778136060,2026-05-07T12:11:00,24367.35,24368.4,24362.6,24363.3,437640
1778136120,2026-05-07T12:12:00,24363.5,24365.2,24350.15,24351.6,431558
1778136180,2026-05-07T12:13:00,24352.45,24364.35,24350.35,24362.9,585710
1778136240,2026-05-07T12:14:00,24362.55,24367.65,24358.3,24361.55,649854
1778136300,2026-05-07T12:15:00,24362.45,24382.15,24362.4,24380.35,929365
1778136360,2026-05-07T12:16:00,24380.65,24383.65,24377.1,24378.5,845694
1778136420,2026-05-07T12:17:00,24377.5,24381.95,24373.8,24381.85,800231
1778136480,2026-05-07T12:18:00,24382.15,24383.6,24375.35,24380.3,441273
1778136540,2026-05-07T12:19:00,24379.75,24381.0,24365.9,24365.9,664945
1778136600,2026-05-07T12:20:00,24366.3,24378.45,24364.1,24377.75,851354
1778136660,2026-05-07T12:21:00,24377.5,24381.6,24376.2,24379.75,616727
1778136720,2026-05-07T12:22:00,24379.95,24380.8,24373.9,24373.95,445916
1778136780,2026-05-07T12:23:00,24373.95,24380.3,24371.75,24378.35,607702
1778136840,2026-05-07T12:24:00,24379.8,24380.75,24373.8,24377.2,686028
1778136900,2026-05-07T12:25:00,24377.65,24381.3,24373.9,24377.5,751626
1778136960,2026-05-07T12:26:00,24377.7,24381.4,24373.8,24375.35,500343
1778137020,2026-05-07T12:27:00,24374.1,24381.0,24372.85,24378.45,546827
1778137080,2026-05-07T12:28:00,24378.45,24380.3,24368.5,24372.45,728959
1778137140,2026-05-07T12:29:00,24372.45,24373.65,24355.15,24355.15,572694
1778137200,2026-05-07T12:30:00,24355.25,24358.85,24348.7,24348.7,521616
1778137260,2026-05-07T12:31:00,24349.0,24356.2,24345.65,24352.45,582887
1778137320,2026-05-07T12:32:00,24352.35,24353.25,24343.75,24346.75,540177
1778137380,2026-05-07T12:33:00,24345.05,24346.1,24329.7,24342.7,979383
1778137440,2026-05-07T12:34:00,24343.3,24348.6,24333.7,24344.95,847946
1778137500,2026-05-07T12:35:00,24345.1,24348.5,24338.95,24344.5,544204
1778137560,2026-05-07T12:36:00,24344.85,24357.9,24339.5,24356.5,1395608
1778137620,2026-05-07T12:37:00,24355.95,24364.9,24352.1,24364.5,638522
1778137680,2026-05-07T12:38:00,24366.55,24420.75,24366.55,24412.4,3476970
1778137740,2026-05-07T12:39:00,24412.2,24438.4,24411.5,24436.65,2321078
1778137800,2026-05-07T12:40:00,24436.8,24459.3,24436.8,24458.7,2609050
1778137860,2026-05-07T12:41:00,24459.4,24463.95,24452.4,24458.2,1520692
1778137920,2026-05-07T12:42:00,24455.4,24468.85,24455.4,24460.75,1154579
1778137980,2026-05-07T12:43:00,24459.5,24473.2,24455.45,24468.0,1303661
1778138040,2026-05-07T12:44:00,24467.6,24482.1,24462.9,24463.15,1285947
1778138100,2026-05-07T12:45:00,24462.85,24471.6,24458.15,24466.3,1467368
1778138160,2026-05-07T12:46:00,24466.1,24467.3,24445.35,24445.95,1005874
1778138220,2026-05-07T12:47:00,24447.8,24463.9,24437.6,24454.25,1290552
1778138280,2026-05-07T12:48:00,24455.55,24460.65,24449.0,24451.35,1323146
1778138340,2026-05-07T12:49:00,24450.3,24452.55,24440.2,24442.8,991213
1778138400,2026-05-07T12:50:00,24442.1,24446.15,24434.5,24435.15,858536
1778138460,2026-05-07T12:51:00,24434.2,24435.65,24413.85,24413.85,1345355
1778138520,2026-05-07T12:52:00,24412.9,24414.1,24401.45,24410.95,1067214
1778138580,2026-05-07T12:53:00,24410.3,24413.35,24394.85,24394.85,894243
1778138640,2026-05-07T12:54:00,24395.0,24409.65,24394.55,24409.15,841793
1778138700,2026-05-07T12:55:00,24409.1,24414.75,24402.35,24402.35,1063234
1778138760,2026-05-07T12:56:00,24401.1,24401.5,24377.7,24395.2,976583
1778138820,2026-05-07T12:57:00,24396.5,24398.15,24382.0,24383.4,864586
1778138880,2026-05-07T12:58:00,24382.3,24387.0,24381.05,24384.55,540394
1778138940,2026-05-07T12:59:00,24384.45,24390.45,24381.75,24388.25,469930
1778139000,2026-05-07T13:00:00,24387.65,24407.45,24387.65,24406.4,521154
1778139060,2026-05-07T13:01:00,24407.1,24411.05,24394.3,24395.7,573365
1778139120,2026-05-07T13:02:00,24396.05,24398.1,24386.45,24397.75,447772
1778139180,2026-05-07T13:03:00,24396.8,24404.9,24395.55,24404.5,1044088
1778139240,2026-05-07T13:04:00,24404.2,24410.75,24401.75,24402.4,899366
1778139300,2026-05-07T13:05:00,24402.0,24408.7,24399.3,24405.85,1688749
1778139360,2026-05-07T13:06:00,24406.2,24420.55,24400.55,24414.3,1239817
1778139420,2026-05-07T13:07:00,24415.0,24419.1,24406.65,24409.3,1157453
1778139480,2026-05-07T13:08:00,24409.6,24413.6,24394.25,24396.95,1368212
1778139540,2026-05-07T13:09:00,24397.15,24397.3,24392.25,24396.35,1015031
1778139600,2026-05-07T13:10:00,24395.85,24397.15,24382.6,24387.8,1041952
1778139660,2026-05-07T13:11:00,24388.4,24394.2,24384.5,24384.7,705369
1778139720,2026-05-07T13:12:00,24384.25,24388.15,24376.9,24386.15,856133
1778139780,2026-05-07T13:13:00,24385.4,24391.3,24382.35,24386.95,630097
1778139840,2026-05-07T13:14:00,24386.75,24392.35,24386.75,24389.7,560228
1778139900,2026-05-07T13:15:00,24388.65,24391.0,24383.15,24386.0,498959
1778139960,2026-05-07T13:16:00,24387.2,24399.5,24387.2,24388.95,544352
1778140020,2026-05-07T13:17:00,24389.0,24391.15,24378.05,24379.05,549985
1778140080,2026-05-07T13:18:00,24374.1,24374.8,24343.1,24343.75,1322749
1778140140,2026-05-07T13:19:00,24338.4,24352.65,24324.55,24350.7,1376836
1778140200,2026-05-07T13:20:00,24351.05,24368.05,24349.35,24367.9,896018
1778140260,2026-05-07T13:21:00,24368.35,24373.45,24352.2,24357.45,595802
1778140320,2026-05-07T13:22:00,24357.55,24368.25,24357.55,24362.1,713139
1778140380,2026-05-07T13:23:00,24362.55,24362.55,24350.75,24353.5,554803
1778140440,2026-05-07T13:24:00,24353.8,24355.85,24339.5,24345.3,654984
1778140500,2026-05-07T13:25:00,24345.05,24356.35,24345.05,24354.0,643935
1778140560,2026-05-07T13:26:00,24353.25,24359.9,24346.45,24350.4,626285
1778140620,2026-05-07T13:27:00,24350.45,24352.1,24341.9,24346.85,507855
1778140680,2026-05-07T13:28:00,24347.3,24355.9,24347.3,24350.05,566393
1778140740,2026-05-07T13:29:00,24349.0,24354.85,24347.85,24353.35,418130
1778140800,2026-05-07T13:30:00,24353.55,24356.95,24350.5,24355.85,505586
1778140860,2026-05-07T13:31:00,24355.7,24364.2,24351.35,24359.65,451085
1778140920,2026-05-07T13:32:00,24360.1,24361.4,24344.0,24348.15,913150
1778140980,2026-05-07T13:33:00,24346.95,24355.7,24346.95,24354.75,425826
1778141040,2026-05-07T13:34:00,24354.85,24361.5,24354.85,24357.8,605245
1778141100,2026-05-07T13:35:00,24358.6,24360.75,24348.3,24350.75,647125
1778141160,2026-05-07T13:36:00,24354.1,24364.15,24351.5,24358.95,1098320
1778141220,2026-05-07T13:37:00,24358.65,24364.15,24352.9,24355.75,1297489
1778141280,2026-05-07T13:38:00,24356.7,24357.0,24339.4,24343.4,1361805
1778141340,2026-05-07T13:39:00,24343.8,24347.95,24334.75,24334.75,837780
1778141400,2026-05-07T13:40:00,24335.3,24342.15,24331.65,24341.95,869595
1778141460,2026-05-07T13:41:00,24342.4,24355.75,24342.4,24352.05,1076865
1778141520,2026-05-07T13:42:00,24352.05,24355.55,24347.55,24353.6,1015368
1778141580,2026-05-07T13:43:00,24353.85,24360.95,24349.65,24359.7,1762129
1778141640,2026-05-07T13:44:00,24359.55,24360.5,24349.05,24349.75,649264
1778141700,2026-05-07T13:45:00,24348.6,24349.7,24337.9,24341.2,834905
1778141760,2026-05-07T13:46:00,24340.0,24352.3,24340.0,24350.6,515212
1778141820,2026-05-07T13:47:00,24350.6,24357.75,24349.3,24357.75,524418
1778141880,2026-05-07T13:48:00,24356.9,24359.1,24343.6,24343.6,521333
1778141940,2026-05-07T13:49:00,24344.75,24358.15,24341.75,24356.55,839025
1778142000,2026-05-07T13:50:00,24355.8,24360.4,24350.4,24350.7,1647743
1778142060,2026-05-07T13:51:00,24351.1,24353.1,24345.1,24345.15,470264
1778142120,2026-05-07T13:52:00,24345.2,24361.8,24344.1,24361.55,549814
1778142180,2026-05-07T13:53:00,24361.55,24362.3,24356.9,24362.15,450928
1778142240,2026-05-07T13:54:00,24361.2,24365.4,24361.0,24364.7,350917
1778142300,2026-05-07T13:55:00,24364.9,24374.8,24356.75,24357.65,1028047
1778142360,2026-05-07T13:56:00,24358.6,24360.4,24354.4,24357.3,406375
1778142420,2026-05-07T13:57:00,24356.85,24364.3,24356.85,24359.7,492789
1778142480,2026-05-07T13:58:00,24360.3,24368.3,24358.65,24365.85,664834
1778142540,2026-05-07T13:59:00,24365.6,24369.7,24364.6,24368.65,455505
1778142600,2026-05-07T14:00:00,24368.05,24369.75,24364.1,24368.45,402722
1778142660,2026-05-07T14:01:00,24368.8,24375.25,24367.75,24374.0,578295
1778142720,2026-05-07T14:02:00,24374.55,24375.3,24360.9,24363.45,625825
1778142780,2026-05-07T14:03:00,24364.35,24366.3,24344.6,24353.2,775373
1778142840,2026-05-07T14:04:00,24353.45,24363.45,24353.45,24353.5,560704
1778142900,2026-05-07T14:05:00,24352.9,24354.3,24337.1,24346.95,1058703
1778142960,2026-05-07T14:06:00,24347.1,24357.1,24347.1,24352.35,507808
1778143020,2026-05-07T14:07:00,24352.35,24363.75,24351.15,24358.7,550734
1778143080,2026-05-07T14:08:00,24360.0,24373.0,24357.05,24371.85,1443222
1778143140,2026-05-07T14:09:00,24372.75,24374.0,24359.9,24372.65,1438849
1778143200,2026-05-07T14:10:00,24372.15,24375.65,24371.05,24372.0,831742
1778143260,2026-05-07T14:11:00,24372.0,24374.4,24365.05,24368.9,605039
1778143320,2026-05-07T14:12:00,24368.35,24369.8,24360.15,24364.05,743689
1778143380,2026-05-07T14:13:00,24364.1,24373.25,24364.1,24369.85,654068
1778143440,2026-05-07T14:14:00,24369.5,24372.7,24361.35,24361.65,609239
1778143500,2026-05-07T14:15:00,24361.25,24364.5,24359.8,24361.5,592773
1778143560,2026-05-07T14:16:00,24360.9,24362.85,24347.8,24354.8,631261
1778143620,2026-05-07T14:17:00,24354.05,24354.05,24344.4,24344.55,555830
1778143680,2026-05-07T14:18:00,24342.95,24351.05,24342.45,24346.45,640477
1778143740,2026-05-07T14:19:00,24347.25,24355.65,24338.8,24342.65,1106534
1778143800,2026-05-07T14:20:00,24342.65,24347.65,24333.35,24336.75,1508365
1778143860,2026-05-07T14:21:00,24336.85,24358.35,24334.3,24357.65,971559
1778143920,2026-05-07T14:22:00,24358.05,24360.15,24352.3,24355.8,443176
1778143980,2026-05-07T14:23:00,24355.8,24361.85,24352.0,24360.35,741296
1778144040,2026-05-07T14:24:00,24360.05,24365.65,24357.85,24364.3,511093
1778144100,2026-05-07T14:25:00,24364.25,24378.3,24364.25,24377.4,978905
1778144160,2026-05-07T14:26:00,24378.4,24381.1,24357.8,24363.8,1722086
1778144220,2026-05-07T14:27:00,24362.7,24381.05,24361.3,24378.5,1936194
1778144280,2026-05-07T14:28:00,24378.45,24379.95,24372.7,24376.05,904571
1778144340,2026-05-07T14:29:00,24376.55,24380.55,24373.85,24376.9,850288
1778144400,2026-05-07T14:30:00,24376.5,24383.55,24373.6,24379.05,1010865
1778144460,2026-05-07T14:31:00,24377.35,24378.7,24357.85,24365.95,1752299
1778144520,2026-05-07T14:32:00,24366.2,24369.8,24366.0,24369.65,1243384
1778144580,2026-05-07T14:33:00,24369.35,24382.25,24366.25,24381.95,1020411
1778144640,2026-05-07T14:34:00,24381.95,24385.3,24366.4,24367.95,2039496
1778144700,2026-05-07T14:35:00,24366.1,24371.75,24362.15,24369.8,914811
1778144760,2026-05-07T14:36:00,24367.75,24367.75,24355.85,24362.0,747114
1778144820,2026-05-07T14:37:00,24361.4,24368.6,24359.55,24368.6,887329
1778144880,2026-05-07T14:38:00,24367.7,24369.25,24358.25,24359.55,604466
1778144940,2026-05-07T14:39:00,24358.45,24361.1,24351.95,24351.95,692629
1778145000,2026-05-07T14:40:00,24351.6,24360.2,24349.45,24359.35,1002335
1778145060,2026-05-07T14:41:00,24359.4,24362.1,24352.3,24352.85,716829
1778145120,2026-05-07T14:42:00,24352.55,24358.35,24347.95,24348.45,766825
1778145180,2026-05-07T14:43:00,24349.25,24358.3,24344.95,24348.65,941058
1778145240,2026-05-07T14:44:00,24348.5,24350.35,24334.1,24339.45,1699255
1778145300,2026-05-07T14:45:00,24339.55,24351.5,24339.55,24347.1,757622
1778145360,2026-05-07T14:46:00,24347.4,24349.8,24330.6,24337.95,862545
1778145420,2026-05-07T14:47:00,24336.9,24336.9,24323.05,24334.45,1890514
1778145480,2026-05-07T14:48:00,24332.7,24336.3,24327.3,24329.45,678636
1778145540,2026-05-07T14:49:00,24329.4,24335.05,24323.7,24330.25,739625
1778145600,2026-05-07T14:50:00,24330.0,24343.25,24330.0,24336.95,736848
1778145660,2026-05-07T14:51:00,24336.65,24347.95,24336.65,24346.5,662422
1778145720,2026-05-07T14:52:00,24346.5,24349.45,24343.2,24347.4,586045
1778145780,2026-05-07T14:53:00,24346.3,24349.4,24344.7,24348.1,509520
1778145840,2026-05-07T14:54:00,24346.7,24353.85,24345.35,24348.2,615921
1778145900,2026-05-07T14:55:00,24348.2,24352.85,24346.55,24348.55,596257
1778145960,2026-05-07T14:56:00,24348.5,24360.75,24348.5,24358.75,687310
1778146020,2026-05-07T14:57:00,24358.7,24362.7,24354.45,24355.4,585825
1778146080,2026-05-07T14:58:00,24355.3,24356.7,24340.8,24356.7,1349904
1778146140,2026-05-07T14:59:00,24356.1,24358.15,24344.35,24352.65,850455
1778146200,2026-05-07T15:00:00,24353.1,24357.3,24339.75,24349.65,3010524
1778146260,2026-05-07T15:01:00,24351.35,24363.1,24335.65,24335.65,6259915
1778146320,2026-05-07T15:02:00,24334.8,24337.15,24324.95,24327.4,7183653
1778146380,2026-05-07T15:03:00,24328.2,24332.55,24323.05,24329.05,3544784
1778146440,2026-05-07T15:04:00,24328.6,24341.4,24326.0,24337.85,13502953
1778146500,2026-05-07T15:05:00,24337.9,24342.6,24333.3,24339.5,5076541
1778146560,2026-05-07T15:06:00,24341.2,24345.5,24331.05,24331.05,4350820
1778146620,2026-05-07T15:07:00,24331.6,24333.4,24308.85,24311.05,4582897
1778146680,2026-05-07T15:08:00,24310.7,24320.15,24308.35,24318.7,2003505
1778146740,2026-05-07T15:09:00,24318.85,24320.55,24315.25,24318.55,2529678
1778146800,2026-05-07T15:10:00,24317.85,24318.4,24307.75,24308.7,2340472
1778146860,2026-05-07T15:11:00,24310.0,24311.1,24296.95,24297.15,3009385
1778146920,2026-05-07T15:12:00,24297.9,24299.05,24293.4,24298.7,2298986
1778146980,2026-05-07T15:13:00,24298.95,24301.6,24296.65,24300.55,2272693
1778147040,2026-05-07T15:14:00,24301.75,24311.95,24301.75,24303.1,2465290
1778147100,2026-05-07T15:15:00,24303.25,24313.4,24299.4,24312.75,2873550
1778147160,2026-05-07T15:16:00,24313.25,24320.0,24312.5,24316.2,2463780
1778147220,2026-05-07T15:17:00,24315.25,24321.05,24314.55,24316.6,2159252
1778147280,2026-05-07T15:18:00,24317.2,24326.15,24313.2,24324.85,2900011
1778147340,2026-05-07T15:19:00,24326.15,24329.7,24325.35,24328.65,2373011
1778147400,2026-05-07T15:20:00,24329.0,24329.0,24320.3,24320.3,2645601
1778147460,2026-05-07T15:21:00,24321.5,24322.1,24318.2,24320.5,2292213
1778147520,2026-05-07T15:22:00,24320.85,24321.5,24318.4,24320.0,2189763
1778147580,2026-05-07T15:23:00,24320.4,24321.15,24318.4,24320.25,2224425
1778147640,2026-05-07T15:24:00,24320.1,24320.6,24315.35,24318.85,2865875
1778147700,2026-05-07T15:25:00,24319.7,24330.75,24318.25,24330.25,2870637
1778147760,2026-05-07T15:26:00,24331.75,24339.05,24329.25,24336.5,2229033
1778147820,2026-05-07T15:27:00,24337.05,24337.05,24331.7,24332.95,2297389
1778147880,2026-05-07T15:28:00,24334.15,24336.5,24329.4,24330.7,2080379
1778147940,2026-05-07T15:29:00,24329.8,24338.9,24326.65,24336.4,1525801
1778211900,2026-05-08T09:15:00,24233.65,24246.05,24164.45,24198.25,5861764
1778211960,2026-05-08T09:16:00,24198.3,24205.75,24158.15,24189.6,4642163
1778212020,2026-05-08T09:17:00,24187.3,24216.55,24181.85,24210.3,2935195
1778212080,2026-05-08T09:18:00,24210.95,24216.25,24197.2,24204.6,2472365
1778212140,2026-05-08T09:19:00,24204.1,24225.5,24200.95,24219.3,1853309
1778212200,2026-05-08T09:20:00,24218.4,24222.45,24209.0,24220.8,1816260
1778212260,2026-05-08T09:21:00,24219.7,24239.7,24219.3,24233.45,2176651
1778212320,2026-05-08T09:22:00,24232.5,24238.4,24228.45,24238.25,1350313
1778212380,2026-05-08T09:23:00,24238.4,24253.8,24227.45,24228.65,1421883
1778212440,2026-05-08T09:24:00,24229.15,24229.15,24213.15,24215.0,1701061
1778212500,2026-05-08T09:25:00,24216.4,24227.25,24210.5,24226.0,1101403
1778212560,2026-05-08T09:26:00,24227.25,24241.6,24219.65,24222.65,1412323
1778212620,2026-05-08T09:27:00,24224.8,24232.75,24223.05,24232.75,1464233
1778212680,2026-05-08T09:28:00,24234.25,24243.25,24231.3,24242.95,1190803
1778212740,2026-05-08T09:29:00,24243.35,24245.75,24236.45,24244.15,1046876
1778212800,2026-05-08T09:30:00,24244.3,24244.95,24226.25,24233.25,1333541
1778212860,2026-05-08T09:31:00,24235.1,24236.1,24224.4,24224.8,1150350
1778212920,2026-05-08T09:32:00,24226.45,24226.45,24212.7,24212.7,1210556
1778212980,2026-05-08T09:33:00,24214.1,24219.45,24197.55,24197.55,1594420
1778213040,2026-05-08T09:34:00,24199.45,24207.15,24184.6,24207.15,1540301
1778213100,2026-05-08T09:35:00,24209.1,24209.1,24189.55,24193.3,1046842
1778213160,2026-05-08T09:36:00,24194.05,24202.75,24191.55,24193.8,1183380
1778213220,2026-05-08T09:37:00,24195.0,24200.6,24188.9,24198.9,1104368
1778213280,2026-05-08T09:38:00,24199.35,24204.5,24194.0,24194.0,739797
1778213340,2026-05-08T09:39:00,24195.35,24195.35,24187.55,24191.2,1156340
1778213400,2026-05-08T09:40:00,24192.0,24192.3,24187.45,24190.45,1093546
1778213460,2026-05-08T09:41:00,24191.7,24191.7,24183.55,24184.7,1054624
1778213520,2026-05-08T09:42:00,24186.25,24186.25,24171.75,24173.9,1095378
1778213580,2026-05-08T09:43:00,24175.35,24175.9,24170.65,24170.85,889773
1778213640,2026-05-08T09:44:00,24172.65,24172.65,24167.75,24167.75,980599
1778213700,2026-05-08T09:45:00,24169.05,24169.05,24138.4,24145.2,2379490
1778213760,2026-05-08T09:46:00,24147.3,24173.2,24146.35,24171.1,1016897
1778213820,2026-05-08T09:47:00,24173.7,24175.05,24159.05,24160.45,908712
1778213880,2026-05-08T09:48:00,24162.9,24162.9,24146.6,24150.55,952858
1778213940,2026-05-08T09:49:00,24152.95,24168.55,24151.95,24168.55,759589
1778214000,2026-05-08T09:50:00,24170.05,24176.85,24162.4,24163.05,966032
1778214060,2026-05-08T09:51:00,24164.75,24170.75,24161.8,24166.85,552851
1778214120,2026-05-08T09:52:00,24168.1,24172.25,24163.2,24170.9,783609
1778214180,2026-05-08T09:53:00,24172.8,24180.45,24170.0,24180.25,740839
1778214240,2026-05-08T09:54:00,24181.45,24183.7,24175.55,24182.25,848522
1778214300,2026-05-08T09:55:00,24183.35,24185.0,24181.15,24184.15,695432
1778214360,2026-05-08T09:56:00,24186.15,24188.8,24183.75,24187.7,729368
1778214420,2026-05-08T09:57:00,24189.65,24197.5,24186.95,24195.3,723102
1778214480,2026-05-08T09:58:00,24196.95,24198.25,24192.8,24194.25,881000
1778214540,2026-05-08T09:59:00,24196.15,24199.65,24192.6,24198.45,565257
1778214600,2026-05-08T10:00:00,24199.15,24202.85,24195.7,24199.45,1074730
1778214660,2026-05-08T10:01:00,24200.3,24200.6,24194.25,24196.6,659710
1778214720,2026-05-08T10:02:00,24197.5,24200.4,24191.9,24194.4,620555
1778214780,2026-05-08T10:03:00,24195.35,24201.0,24193.1,24196.75,672290
1778214840,2026-05-08T10:04:00,24196.5,24197.1,24187.6,24194.25,450867
1778214900,2026-05-08T10:05:00,24195.8,24198.35,24193.05,24196.45,485667
1778214960,2026-05-08T10:06:00,24197.2,24199.1,24193.55,24194.2,470572
1778215020,2026-05-08T10:07:00,24196.4,24197.05,24193.0,24193.95,538381
1778215080,2026-05-08T10:08:00,24195.55,24198.9,24194.1,24197.5,493962
1778215140,2026-05-08T10:09:00,24198.15,24198.15,24193.15,24196.1,543048
1778215200,2026-05-08T10:10:00,24197.0,24197.0,24184.05,24185.6,542813
1778215260,2026-05-08T10:11:00,24186.5,24186.5,24179.25,24182.5,597828
1778215320,2026-05-08T10:12:00,24183.95,24183.95,24175.75,24177.5,667320
1778215380,2026-05-08T10:13:00,24178.65,24192.05,24175.1,24192.05,534433
1778215440,2026-05-08T10:14:00,24193.45,24213.7,24191.45,24211.3,599094
1778215500,2026-05-08T10:15:00,24213.8,24213.8,24204.75,24209.15,582779
1778215560,2026-05-08T10:16:00,24210.05,24214.3,24191.7,24194.2,813576
1778215620,2026-05-08T10:17:00,24196.15,24197.2,24183.95,24186.0,782600
1778215680,2026-05-08T10:18:00,24187.35,24196.9,24181.25,24195.6,596753
1778215740,2026-05-08T10:19:00,24197.85,24208.3,24196.0,24206.8,548713
1778215800,2026-05-08T10:20:00,24208.75,24210.05,24204.55,24208.7,566572
1778215860,2026-05-08T10:21:00,24209.5,24215.45,24207.85,24209.55,783455
1778215920,2026-05-08T10:22:00,24211.1,24218.35,24209.85,24218.35,762272
1778215980,2026-05-08T10:23:00,24219.45,24231.5,24216.35,24230.25,938787
1778216040,2026-05-08T10:24:00,24231.7,24232.25,24218.9,24231.5,673922
1778216100,2026-05-08T10:25:00,24232.5,24236.75,24230.6,24234.5,970750
1778216160,2026-05-08T10:26:00,24236.05,24236.05,24227.7,24229.65,673558
1778216220,2026-05-08T10:27:00,24231.3,24236.55,24226.0,24235.9,700862
1778216280,2026-05-08T10:28:00,24237.05,24243.95,24235.45,24240.9,658913
1778216340,2026-05-08T10:29:00,24241.75,24242.55,24236.6,24238.05,438238
1778216400,2026-05-08T10:30:00,24238.85,24242.55,24235.55,24241.1,870973
1778216460,2026-05-08T10:31:00,24242.05,24242.05,24235.0,24236.35,576464
1778216520,2026-05-08T10:32:00,24237.45,24239.35,24233.4,24234.3,748776
1778216580,2026-05-08T10:33:00,24236.5,24236.5,24229.85,24232.6,622566
1778216640,2026-05-08T10:34:00,24233.8,24237.1,24231.5,24232.3,616760
1778216700,2026-05-08T10:35:00,24232.65,24236.75,24228.35,24228.35,570015
1778216760,2026-05-08T10:36:00,24230.2,24234.55,24226.35,24233.75,428883
1778216820,2026-05-08T10:37:00,24234.8,24237.1,24230.35,24232.0,652916
1778216880,2026-05-08T10:38:00,24233.6,24234.1,24229.75,24231.1,402565
1778216940,2026-05-08T10:39:00,24232.5,24235.55,24230.2,24230.75,471912
1778217000,2026-05-08T10:40:00,24232.05,24234.0,24226.9,24232.55,455204
1778217060,2026-05-08T10:41:00,24233.75,24239.5,24231.25,24239.0,534145
1778217120,2026-05-08T10:42:00,24240.15,24241.3,24235.4,24236.05,459723
1778217180,2026-05-08T10:43:00,24237.5,24240.9,24234.35,24237.4,468500
1778217240,2026-05-08T10:44:00,24240.3,24240.3,24231.5,24232.25,475280
1778217300,2026-05-08T10:45:00,24233.65,24235.25,24230.1,24233.75,307760
1778217360,2026-05-08T10:46:00,24234.9,24236.85,24231.9,24235.3,368194
1778217420,2026-05-08T10:47:00,24236.85,24239.85,24228.35,24229.55,469908
1778217480,2026-05-08T10:48:00,24231.4,24231.4,24226.75,24227.8,446960
1778217540,2026-05-08T10:49:00,24229.35,24229.35,24222.4,24222.4,438077
1778217600,2026-05-08T10:50:00,24223.75,24223.75,24216.85,24219.0,425370
1778217660,2026-05-08T10:51:00,24219.85,24219.85,24209.45,24210.5,655158
1778217720,2026-05-08T10:52:00,24211.1,24214.65,24210.05,24212.4,476624
1778217780,2026-05-08T10:53:00,24213.7,24214.8,24210.05,24211.0,411287
1778217840,2026-05-08T10:54:00,24213.25,24213.25,24204.1,24206.35,740025
1778217900,2026-05-08T10:55:00,24207.55,24207.6,24203.2,24204.25,416128
1778217960,2026-05-08T10:56:00,24205.45,24208.6,24201.15,24205.05,335539
1778218020,2026-05-08T10:57:00,24206.25,24207.75,24201.45,24202.95,545166
1778218080,2026-05-08T10:58:00,24204.75,24208.05,24202.45,24206.55,639929
1778218140,2026-05-08T10:59:00,24207.15,24208.05,24195.95,24195.95,492630
1778218200,2026-05-08T11:00:00,24197.8,24202.55,24193.85,24200.45,563052
1778218260,2026-05-08T11:01:00,24202.25,24203.85,24197.55,24203.0,436519
1778218320,2026-05-08T11:02:00,24204.6,24206.5,24203.05,24205.05,477473
1778218380,2026-05-08T11:03:00,24206.1,24216.95,24204.35,24216.95,868292
1778218440,2026-05-08T11:04:00,24219.15,24230.7,24219.15,24225.25,871627
1778218500,2026-05-08T11:05:00,24226.6,24226.6,24221.6,24225.0,881900
1778218560,2026-05-08T11:06:00,24227.25,24231.95,24226.75,24231.5,785678
1778218620,2026-05-08T11:07:00,24232.7,24237.05,24230.7,24234.85,865230
1778218680,2026-05-08T11:08:00,24235.8,24235.8,24228.55,24230.55,471151
1778218740,2026-05-08T11:09:00,24232.55,24232.55,24224.4,24225.15,779395
1778218800,2026-05-08T11:10:00,24226.35,24227.0,24222.9,24223.55,640788
1778218860,2026-05-08T11:11:00,24224.65,24226.1,24223.5,24224.15,251725
1778218920,2026-05-08T11:12:00,24225.1,24225.4,24221.5,24223.6,311370
1778218980,2026-05-08T11:13:00,24224.75,24231.0,24222.8,24229.25,634658
1778219040,2026-05-08T11:14:00,24232.25,24233.5,24228.2,24233.0,429722
1778219100,2026-05-08T11:15:00,24234.8,24241.65,24231.35,24238.05,457888
1778219160,2026-05-08T11:16:00,24239.4,24239.4,24226.5,24228.4,568607
1778219220,2026-05-08T11:17:00,24229.55,24230.7,24222.1,24223.3,439037
1778219280,2026-05-08T11:18:00,24224.2,24224.8,24220.6,24221.4,380152
1778219340,2026-05-08T11:19:00,24223.35,24223.35,24212.45,24212.5,669203
1778219400,2026-05-08T11:20:00,24214.3,24222.55,24212.05,24221.7,392126
1778219460,2026-05-08T11:21:00,24223.1,24224.15,24217.75,24217.75,279401
1778219520,2026-05-08T11:22:00,24218.9,24218.9,24207.6,24207.9,696474
1778219580,2026-05-08T11:23:00,24208.7,24208.9,24197.4,24197.4,439957
1778219640,2026-05-08T11:24:00,24199.45,24207.3,24199.25,24205.0,613533
1778219700,2026-05-08T11:25:00,24205.95,24208.8,24203.25,24207.05,548423
1778219760,2026-05-08T11:26:00,24209.2,24209.2,24201.55,24202.7,362065
1778219820,2026-05-08T11:27:00,24204.5,24204.5,24198.5,24198.5,407583
1778219880,2026-05-08T11:28:00,24201.1,24204.35,24196.2,24196.9,517341
1778219940,2026-05-08T11:29:00,24197.95,24201.25,24195.95,24198.35,385046
1778220000,2026-05-08T11:30:00,24199.9,24199.9,24186.55,24186.55,563339
1778220060,2026-05-08T11:31:00,24189.25,24190.9,24185.6,24188.15,559428
1778220120,2026-05-08T11:32:00,24189.15,24197.55,24187.4,24195.55,455841
1778220180,2026-05-08T11:33:00,24197.05,24209.75,24195.8,24209.25,553720
1778220240,2026-05-08T11:34:00,24210.9,24210.9,24206.2,24207.5,334371
1778220300,2026-05-08T11:35:00,24209.15,24209.15,24203.65,24203.65,371176
1778220360,2026-05-08T11:36:00,24205.0,24206.95,24199.5,24205.8,551648
1778220420,2026-05-08T11:37:00,24207.6,24209.0,24205.35,24208.45,402388
1778220480,2026-05-08T11:38:00,24208.85,24209.15,24204.05,24204.05,1073671
1778220540,2026-05-08T11:39:00,24205.8,24206.95,24200.5,24206.05,728604
1778220600,2026-05-08T11:40:00,24207.15,24207.15,24202.45,24203.95,340415
1778220660,2026-05-08T11:41:00,24204.9,24209.9,24203.55,24208.0,649177
1778220720,2026-05-08T11:42:00,24208.8,24208.8,24203.9,24205.25,338023
1778220780,2026-05-08T11:43:00,24206.35,24211.4,24204.55,24207.4,396661
1778220840,2026-05-08T11:44:00,24209.15,24212.95,24199.45,24199.45,724693
1778220900,2026-05-08T11:45:00,24200.6,24202.65,24195.75,24200.2,652756
1778220960,2026-05-08T11:46:00,24202.85,24206.8,24200.75,24205.55,598325
1778221020,2026-05-08T11:47:00,24207.65,24208.4,24202.6,24204.35,677727
1778221080,2026-05-08T11:48:00,24205.6,24206.15,24201.5,24202.85,481649
1778221140,2026-05-08T11:49:00,24204.85,24205.75,24199.85,24199.85,534141
1778221200,2026-05-08T11:50:00,24200.85,24204.6,24197.85,24203.6,698740
1778221260,2026-05-08T11:51:00,24204.4,24206.6,24202.05,24204.75,880449
1778221320,2026-05-08T11:52:00,24206.3,24206.3,24202.0,24202.4,537115
1778221380,2026-05-08T11:53:00,24205.05,24209.35,24201.75,24207.3,700998
1778221440,2026-05-08T11:54:00,24208.9,24209.8,24204.3,24204.3,720973
1778221500,2026-05-08T11:55:00,24205.15,24205.15,24194.85,24194.85,747386
1778221560,2026-05-08T11:56:00,24196.6,24196.6,24190.2,24193.85,557722
1778221620,2026-05-08T11:57:00,24195.85,24199.75,24193.5,24198.75,473135
1778221680,2026-05-08T11:58:00,24200.6,24205.1,24198.55,24204.05,362436
1778221740,2026-05-08T11:59:00,24204.95,24207.35,24202.45,24205.85,285249
1778221800,2026-05-08T12:00:00,24206.0,24210.5,24204.45,24209.75,627889
1778221860,2026-05-08T12:01:00,24211.5,24212.0,24195.55,24196.55,719344
1778221920,2026-05-08T12:02:00,24198.2,24198.2,24187.45,24190.45,502783
1778221980,2026-05-08T12:03:00,24192.8,24200.5,24191.7,24194.3,311977
1778222040,2026-05-08T12:04:00,24194.75,24204.3,24193.0,24200.9,445030
1778222100,2026-05-08T12:05:00,24202.0,24203.65,24197.55,24202.05,465631
1778222160,2026-05-08T12:06:00,24202.95,24203.3,24198.0,24199.9,538405
1778222220,2026-05-08T12:07:00,24201.0,24201.0,24193.2,24194.45,490456
1778222280,2026-05-08T12:08:00,24195.15,24196.5,24182.8,24182.8,843315
1778222340,2026-05-08T12:09:00,24184.9,24184.9,24177.25,24178.95,461221
1778222400,2026-05-08T12:10:00,24179.5,24183.0,24172.2,24181.0,558908
1778222460,2026-05-08T12:11:00,24182.35,24187.1,24180.05,24183.25,503395
1778222520,2026-05-08T12:12:00,24183.7,24183.7,24177.6,24177.6,597201
1778222580,2026-05-08T12:13:00,24179.5,24188.2,24177.2,24184.75,689082
1778222640,2026-05-08T12:14:00,24186.35,24186.35,24182.85,24184.2,303011
1778222700,2026-05-08T12:15:00,24185.2,24185.2,24175.2,24175.2,546460
1778222760,2026-05-08T12:16:00,24177.25,24178.1,24170.05,24174.35,512187
1778222820,2026-05-08T12:17:00,24174.8,24178.5,24171.65,24172.65,554325
1778222880,2026-05-08T12:18:00,24173.75,24178.55,24171.35,24178.55,529542
1778222940,2026-05-08T12:19:00,24178.9,24189.4,24176.55,24188.6,592857
1778223000,2026-05-08T12:20:00,24190.05,24195.6,24187.8,24195.6,543122
1778223060,2026-05-08T12:21:00,24196.65,24198.2,24184.85,24186.5,378742
1778223120,2026-05-08T12:22:00,24188.05,24188.05,24179.75,24182.05,378286
1778223180,2026-05-08T12:23:00,24183.3,24188.1,24178.25,24179.4,484023
1778223240,2026-05-08T12:24:00,24180.65,24186.65,24179.35,24185.8,2880252
1778223300,2026-05-08T12:25:00,24187.05,24190.25,24185.55,24188.1,310957
1778223360,2026-05-08T12:26:00,24189.05,24191.6,24185.9,24188.0,444504
1778223420,2026-05-08T12:27:00,24188.4,24194.75,24185.45,24192.95,358479
1778223480,2026-05-08T12:28:00,24193.7,24198.15,24191.65,24197.2,288395
1778223540,2026-05-08T12:29:00,24198.45,24198.45,24191.85,24196.1,392925
1778223600,2026-05-08T12:30:00,24195.25,24196.6,24190.8,24190.8,591744
1778223660,2026-05-08T12:31:00,24192.05,24192.05,24183.4,24183.4,461445
1778223720,2026-05-08T12:32:00,24186.35,24186.35,24172.75,24172.85,455685
1778223780,2026-05-08T12:33:00,24173.7,24174.75,24169.4,24170.85,849442
1778223840,2026-05-08T12:34:00,24172.75,24180.4,24170.7,24177.6,652481
1778223900,2026-05-08T12:35:00,24178.65,24181.65,24176.95,24177.2,593937
1778223960,2026-05-08T12:36:00,24178.15,24178.55,24170.2,24177.75,697150
1778224020,2026-05-08T12:37:00,24178.45,24180.55,24172.0,24173.25,412215
1778224080,2026-05-08T12:38:00,24174.35,24174.35,24168.85,24172.55,542939
1778224140,2026-05-08T12:39:00,24173.8,24174.25,24169.95,24171.55,412429
1778224200,2026-05-08T12:40:00,24173.15,24175.3,24170.75,24174.95,476868
1778224260,2026-05-08T12:41:00,24176.15,24177.65,24171.25,24173.9,399845
1778224320,2026-05-08T12:42:00,24175.15,24175.9,24170.65,24173.3,318529
1778224380,2026-05-08T12:43:00,24176.15,24176.15,24171.65,24173.45,336131
1778224440,2026-05-08T12:44:00,24174.25,24174.25,24164.1,24164.3,363957
1778224500,2026-05-08T12:45:00,24166.0,24166.0,24156.55,24161.2,605341
1778224560,2026-05-08T12:46:00,24163.45,24163.45,24153.35,24154.4,475000
1778224620,2026-05-08T12:47:00,24154.95,24157.4,24150.95,24155.85,671666
1778224680,2026-05-08T12:48:00,24157.0,24163.95,24154.9,24161.35,611968
1778224740,2026-05-08T12:49:00,24161.8,24171.3,24159.3,24170.45,672207
1778224800,2026-05-08T12:50:00,24171.3,24174.0,24169.2,24172.15,400703
1778224860,2026-05-08T12:51:00,24173.15,24175.05,24166.3,24170.05,505205
1778224920,2026-05-08T12:52:00,24171.35,24171.35,24163.25,24164.45,326129
1778224980,2026-05-08T12:53:00,24165.5,24169.55,24159.7,24169.1,580058
1778225040,2026-05-08T12:54:00,24170.1,24171.8,24167.1,24170.9,482968
1778225100,2026-05-08T12:55:00,24172.95,24175.7,24171.1,24171.1,427799
1778225160,2026-05-08T12:56:00,24171.7,24171.75,24162.8,24167.2,526034
1778225220,2026-05-08T12:57:00,24169.2,24171.75,24160.45,24160.45,447681
1778225280,2026-05-08T12:58:00,24162.65,24167.45,24160.45,24166.15,463370
1778225340,2026-05-08T12:59:00,24168.8,24169.85,24163.35,24163.4,414931
1778225400,2026-05-08T13:00:00,24165.55,24165.9,24160.85,24162.7,329727
1778225460,2026-05-08T13:01:00,24164.2,24167.9,24161.25,24164.05,374634
1778225520,2026-05-08T13:02:00,24165.35,24165.35,24161.6,24164.85,502668
1778225580,2026-05-08T13:03:00,24165.7,24165.7,24159.85,24160.1,555918
1778225640,2026-05-08T13:04:00,24162.45,24164.2,24157.4,24158.7,2658180
1778225700,2026-05-08T13:05:00,24159.45,24165.55,24157.9,24162.85,717611
1778225760,2026-05-08T13:06:00,24164.55,24169.3,24163.05,24164.55,375074
1778225820,2026-05-08T13:07:00,24166.8,24166.8,24161.0,24163.15,544887
1778225880,2026-05-08T13:08:00,24164.0,24171.45,24161.8,24171.4,611728
1778225940,2026-05-08T13:09:00,24172.25,24177.45,24170.8,24175.4,410668
1778226000,2026-05-08T13:10:00,24176.25,24178.05,24168.75,24168.75,482901
1778226060,2026-05-08T13:11:00,24169.15,24170.5,24164.55,24170.0,587474
1778226120,2026-05-08T13:12:00,24171.65,24172.6,24166.9,24168.8,484271
1778226180,2026-05-08T13:13:00,24169.4,24177.4,24166.0,24167.0,777693
1778226240,2026-05-08T13:14:00,24168.65,24172.65,24165.5,24167.0,531485
1778226300,2026-05-08T13:15:00,24169.55,24170.7,24165.5,24167.35,385884
1778226360,2026-05-08T13:16:00,24168.45,24169.8,24165.4,24168.25,375598
1778226420,2026-05-08T13:17:00,24169.4,24169.4,24161.15,24162.7,348983
1778226480,2026-05-08T13:18:00,24163.45,24163.9,24156.9,24163.2,424854
1778226540,2026-05-08T13:19:00,24164.9,24165.3,24160.75,24162.95,363574
1778226600,2026-05-08T13:20:00,24164.25,24170.35,24163.65,24164.3,964318
1778226660,2026-05-08T13:21:00,24165.3,24165.3,24157.45,24162.2,561047
1778226720,2026-05-08T13:22:00,24162.7,24170.7,24159.0,24169.8,399393
1778226780,2026-05-08T13:23:00,24169.8,24170.0,24165.75,24166.4,418702
1778226840,2026-05-08T13:24:00,24167.45,24167.8,24163.35,24166.7,476254
1778226900,2026-05-08T13:25:00,24168.7,24173.8,24165.25,24173.0,585012
1778226960,2026-05-08T13:26:00,24173.9,24177.8,24169.3,24177.1,605444
1778227020,2026-05-08T13:27:00,24177.55,24182.35,24175.6,24182.35,498970
1778227080,2026-05-08T13:28:00,24183.0,24190.15,24179.35,24189.0,648943
1778227140,2026-05-08T13:29:00,24190.45,24198.4,24189.7,24195.45,724457
1778227200,2026-05-08T13:30:00,24196.65,24202.65,24183.7,24185.4,1148502
1778227260,2026-05-08T13:31:00,24186.85,24186.85,24180.3,24183.4,464205
1778227320,2026-05-08T13:32:00,24185.2,24188.1,24183.05,24184.8,356477
1778227380,2026-05-08T13:33:00,24186.15,24189.95,24183.15,24186.4,555455
1778227440,2026-05-08T13:34:00,24187.55,24187.7,24183.85,24184.4,507425
1778227500,2026-05-08T13:35:00,24186.05,24188.05,24182.65,24186.4,343340
1778227560,2026-05-08T13:36:00,24187.2,24187.2,24177.9,24178.95,398908
1778227620,2026-05-08T13:37:00,24180.9,24180.9,24175.2,24177.1,522047
1778227680,2026-05-08T13:38:00,24179.1,24179.1,24166.5,24168.0,391674
1778227740,2026-05-08T13:39:00,24169.5,24174.05,24167.75,24172.15,344417
1778227800,2026-05-08T13:40:00,24174.35,24182.25,24172.55,24180.5,452095
1778227860,2026-05-08T13:41:00,24181.4,24181.4,24172.25,24172.25,577835
1778227920,2026-05-08T13:42:00,24173.55,24175.15,24170.15,24175.05,341123
1778227980,2026-05-08T13:43:00,24176.1,24176.5,24171.1,24172.7,578175
1778228040,2026-05-08T13:44:00,24175.1,24175.1,24169.65,24170.95,286464
1778228100,2026-05-08T13:45:00,24173.35,24175.75,24170.1,24173.2,348479
1778228160,2026-05-08T13:46:00,24176.05,24176.15,24172.0,24173.05,269869
1778228220,2026-05-08T13:47:00,24174.95,24175.9,24170.45,24174.2,344437
1778228280,2026-05-08T13:48:00,24175.15,24178.45,24171.4,24176.75,405692
1778228340,2026-05-08T13:49:00,24178.65,24178.65,24172.3,24173.65,509629
1778228400,2026-05-08T13:50:00,24176.05,24176.5,24167.95,24168.55,488823
1778228460,2026-05-08T13:51:00,24169.5,24169.5,24164.7,24168.7,666583
1778228520,2026-05-08T13:52:00,24169.4,24169.4,24158.05,24158.05,738530
1778228580,2026-05-08T13:53:00,24160.1,24164.05,24150.75,24162.15,779263
1778228640,2026-05-08T13:54:00,24164.6,24174.7,24163.9,24174.7,781532
1778228700,2026-05-08T13:55:00,24174.95,24175.3,24162.3,24162.65,834637
1778228760,2026-05-08T13:56:00,24163.1,24181.25,24161.8,24173.45,983325
1778228820,2026-05-08T13:57:00,24174.9,24174.9,24158.0,24162.9,1477791
1778228880,2026-05-08T13:58:00,24164.1,24164.35,24148.4,24148.85,1739466
1778228940,2026-05-08T13:59:00,24149.6,24149.6,24128.35,24137.2,2010620
1778229000,2026-05-08T14:00:00,24139.15,24140.75,24130.6,24140.75,1066332
1778229060,2026-05-08T14:01:00,24143.3,24143.3,24130.0,24132.25,1102327
1778229120,2026-05-08T14:02:00,24133.25,24146.8,24126.65,24145.9,1718701
1778229180,2026-05-08T14:03:00,24147.9,24149.15,24135.6,24148.35,1286089
1778229240,2026-05-08T14:04:00,24150.6,24155.25,24145.6,24145.6,1519208
1778229300,2026-05-08T14:05:00,24148.45,24162.2,24145.95,24155.85,1525739
1778229360,2026-05-08T14:06:00,24158.15,24167.65,24151.2,24157.45,1536504
1778229420,2026-05-08T14:07:00,24158.0,24163.65,24153.65,24163.6,972810
1778229480,2026-05-08T14:08:00,24164.7,24175.9,24161.9,24172.6,1376969
1778229540,2026-05-08T14:09:00,24175.25,24178.3,24166.35,24177.95,1346702
1778229600,2026-05-08T14:10:00,24179.1,24179.5,24172.5,24174.8,1062754
1778229660,2026-05-08T14:11:00,24176.65,24178.75,24164.55,24166.15,1322336
1778229720,2026-05-08T14:12:00,24168.5,24169.2,24160.05,24160.05,1147409
1778229780,2026-05-08T14:13:00,24162.45,24164.85,24155.25,24162.4,1969636
1778229840,2026-05-08T14:14:00,24164.35,24164.35,24145.85,24145.85,1364775
1778229900,2026-05-08T14:15:00,24147.35,24154.7,24143.5,24154.05,1220704
1778229960,2026-05-08T14:16:00,24155.0,24163.25,24147.95,24159.5,1527574
1778230020,2026-05-08T14:17:00,24161.55,24166.75,24157.7,24159.8,954822
1778230080,2026-05-08T14:18:00,24160.75,24160.75,24152.05,24152.3,863202
1778230140,2026-05-08T14:19:00,24153.9,24153.9,24144.75,24147.2,1287702
1778230200,2026-05-08T14:20:00,24148.1,24154.35,24145.3,24147.1,1747345
1778230260,2026-05-08T14:21:00,24148.3,24150.6,24143.05,24147.65,1107752
1778230320,2026-05-08T14:22:00,24148.3,24150.3,24145.15,24145.9,1043729
1778230380,2026-05-08T14:23:00,24146.85,24163.05,24141.75,24161.55,1673004
1778230440,2026-05-08T14:24:00,24163.35,24164.2,24146.15,24147.85,1089051
1778230500,2026-05-08T14:25:00,24150.4,24155.85,24149.05,24153.85,956140
1778230560,2026-05-08T14:26:00,24154.95,24157.8,24150.65,24156.1,1308515
1778230620,2026-05-08T14:27:00,24157.5,24162.5,24154.5,24160.8,932629
1778230680,2026-05-08T14:28:00,24161.9,24167.0,24158.0,24165.0,906233
1778230740,2026-05-08T14:29:00,24168.5,24170.75,24164.9,24169.65,1281124
1778230800,2026-05-08T14:30:00,24170.1,24179.9,24168.55,24179.6,1293385
1778230860,2026-05-08T14:31:00,24181.65,24192.75,24179.45,24192.75,1480985
1778230920,2026-05-08T14:32:00,24193.8,24199.15,24191.55,24196.95,1174004
1778230980,2026-05-08T14:33:00,24198.95,24207.05,24196.3,24202.5,1272272
1778231040,2026-05-08T14:34:00,24204.1,24204.75,24195.05,24195.45,1239046
1778231100,2026-05-08T14:35:00,24196.35,24205.0,24193.5,24204.15,1641324
1778231160,2026-05-08T14:36:00,24205.95,24214.4,24200.55,24210.1,1279372
1778231220,2026-05-08T14:37:00,24211.7,24220.05,24207.05,24217.55,1857113
1778231280,2026-05-08T14:38:00,24218.4,24221.05,24214.0,24217.8,1131767
1778231340,2026-05-08T14:39:00,24220.15,24223.75,24217.7,24218.65,1279246
1778231400,2026-05-08T14:40:00,24220.55,24235.8,24219.25,24233.15,1444789
1778231460,2026-05-08T14:41:00,24235.1,24235.1,24223.75,24225.1,1362407
1778231520,2026-05-08T14:42:00,24225.75,24227.95,24221.25,24226.25,1090143
1778231580,2026-05-08T14:43:00,24226.9,24230.0,24225.25,24226.5,1382015
1778231640,2026-05-08T14:44:00,24228.1,24235.85,24226.65,24231.7,1014096
1778231700,2026-05-08T14:45:00,24233.55,24236.9,24225.7,24230.85,1296844
1778231760,2026-05-08T14:46:00,24232.35,24234.9,24230.1,24233.0,995119
1778231820,2026-05-08T14:47:00,24234.35,24236.25,24228.5,24228.5,1081248
1778231880,2026-05-08T14:48:00,24230.5,24230.5,24220.1,24220.35,1016431
1778231940,2026-05-08T14:49:00,24221.95,24234.55,24220.85,24232.2,934765
1778232000,2026-05-08T14:50:00,24234.05,24234.05,24230.1,24232.8,861862
1778232060,2026-05-08T14:51:00,24234.8,24240.1,24231.4,24238.05,953265
1778232120,2026-05-08T14:52:00,24240.25,24240.25,24230.25,24234.05,815257
1778232180,2026-05-08T14:53:00,24235.9,24236.85,24230.0,24230.55,691902
1778232240,2026-05-08T14:54:00,24232.3,24232.4,24228.8,24231.0,846341
1778232300,2026-05-08T14:55:00,24232.75,24232.75,24228.3,24229.25,969959
1778232360,2026-05-08T14:56:00,24230.0,24230.0,24224.95,24226.2,865322
1778232420,2026-05-08T14:57:00,24226.9,24235.3,24224.55,24230.5,1259675
1778232480,2026-05-08T14:58:00,24231.8,24232.75,24225.4,24230.7,1040267
1778232540,2026-05-08T14:59:00,24230.85,24230.85,24206.6,24213.65,1827733
1778232600,2026-05-08T15:00:00,24215.1,24215.1,24180.3,24184.75,2322564
1778232660,2026-05-08T15:01:00,24187.2,24192.3,24183.5,24183.65,1606440
1778232720,2026-05-08T15:02:00,24184.3,24184.3,24172.9,24177.2,1485615
1778232780,2026-05-08T15:03:00,24178.15,24178.15,24171.05,24171.2,1468701
1778232840,2026-05-08T15:04:00,24173.7,24173.7,24168.35,24170.3,1632333
1778232900,2026-05-08T15:05:00,24171.1,24185.05,24169.75,24184.95,1862183
1778232960,2026-05-08T15:06:00,24185.45,24185.5,24177.4,24179.05,1457515
1778233020,2026-05-08T15:07:00,24179.5,24179.75,24172.75,24179.75,1506680
1778233080,2026-05-08T15:08:00,24181.25,24184.0,24179.5,24181.55,1398046
1778233140,2026-05-08T15:09:00,24183.2,24183.8,24179.0,24179.7,1438887
1778233200,2026-05-08T15:10:00,24180.35,24186.25,24178.95,24185.3,1534736
1778233260,2026-05-08T15:11:00,24186.3,24189.0,24181.95,24185.7,1455646
1778233320,2026-05-08T15:12:00,24186.45,24186.45,24176.75,24177.75,1412136
1778233380,2026-05-08T15:13:00,24178.3,24178.3,24172.4,24173.9,1635671
1778233440,2026-05-08T15:14:00,24175.2,24180.95,24173.85,24180.85,1722801
1778233500,2026-05-08T15:15:00,24180.6,24196.9,24179.25,24193.45,2468156
1778233560,2026-05-08T15:16:00,24193.45,24194.5,24187.65,24188.6,1998326
1778233620,2026-05-08T15:17:00,24188.5,24189.35,24179.3,24180.75,1567888
1778233680,2026-05-08T15:18:00,24179.45,24180.2,24171.45,24175.75,2304123
1778233740,2026-05-08T15:19:00,24175.35,24176.9,24170.5,24175.6,1951250
1778233800,2026-05-08T15:20:00,24174.05,24174.95,24167.9,24169.7,2398838
1778233860,2026-05-08T15:21:00,24169.5,24171.0,24164.5,24168.1,2256486
1778233920,2026-05-08T15:22:00,24169.0,24169.9,24165.45,24166.95,2720595
1778233980,2026-05-08T15:23:00,24166.65,24172.65,24163.5,24171.5,1840584
1778234040,2026-05-08T15:24:00,24170.95,24171.9,24164.85,24170.7,2138539
1778234100,2026-05-08T15:25:00,24170.55,24178.05,24169.7,24175.85,2352002
1778234160,2026-05-08T15:26:00,24176.5,24177.4,24171.95,24173.95,1504612
1778234220,2026-05-08T15:27:00,24173.45,24178.35,24172.1,24174.5,2396498
1778234280,2026-05-08T15:28:00,24173.7,24176.4,24170.25,24175.75,2157668
1778234340,2026-05-08T15:29:00,24175.25,24180.65,24170.05,24179.8,1327531
1778471100,2026-05-11T09:15:00,23970.1,23986.8,23897.2,23943.2,7137382
1778471160,2026-05-11T09:16:00,23943.6,23950.8,23921.25,23945.25,4045815
1778471220,2026-05-11T09:17:00,23946.75,23951.2,23922.55,23928.05,3122026
1778471280,2026-05-11T09:18:00,23926.05,23926.05,23906.25,23910.2,2781300
1778471340,2026-05-11T09:19:00,23909.6,23927.95,23904.55,23918.75,2237393
1778471400,2026-05-11T09:20:00,23919.05,23920.05,23898.6,23901.25,2298261
1778471460,2026-05-11T09:21:00,23901.65,23911.2,23895.55,23907.6,2426274
1778471520,2026-05-11T09:22:00,23907.65,23916.35,23903.55,23908.7,1897806
1778471580,2026-05-11T09:23:00,23909.3,23918.0,23905.6,23918.0,1672088
1778471640,2026-05-11T09:24:00,23917.7,23942.6,23917.7,23937.45,1908480
1778471700,2026-05-11T09:25:00,23936.8,23944.1,23926.1,23926.5,1681038
1778471760,2026-05-11T09:26:00,23926.2,23930.55,23918.7,23920.3,1687008
1778471820,2026-05-11T09:27:00,23921.75,23948.6,23920.5,23944.6,1468379
1778471880,2026-05-11T09:28:00,23944.45,23947.55,23933.4,23941.8,1444545
1778471940,2026-05-11T09:29:00,23941.95,23956.3,23940.15,23953.25,1348185
1778472000,2026-05-11T09:30:00,23952.2,23955.85,23945.9,23947.8,1587438
1778472060,2026-05-11T09:31:00,23947.55,23959.55,23946.1,23955.85,1588191
1778472120,2026-05-11T09:32:00,23956.15,23957.25,23946.75,23946.75,1302068
1778472180,2026-05-11T09:33:00,23947.15,23948.05,23917.35,23920.4,1728448
1778472240,2026-05-11T09:34:00,23918.55,23937.25,23917.05,23930.7,1225509
1778472300,2026-05-11T09:35:00,23930.6,23931.3,23916.1,23918.75,1111097
1778472360,2026-05-11T09:36:00,23917.9,23919.35,23905.55,23908.0,1371438
1778472420,2026-05-11T09:37:00,23906.85,23908.25,23900.45,23900.95,1161610
1778472480,2026-05-11T09:38:00,23900.65,23901.45,23890.15,23890.8,1368442
1778472540,2026-05-11T09:39:00,23890.55,23891.65,23874.7,23881.8,1670111
1778472600,2026-05-11T09:40:00,23881.35,23882.5,23871.0,23878.45,1033627
1778472660,2026-05-11T09:41:00,23879.4,23895.85,23878.75,23885.45,1334733
1778472720,2026-05-11T09:42:00,23885.55,23898.15,23882.6,23882.6,1380017
1778472780,2026-05-11T09:43:00,23883.55,23887.1,23867.55,23872.05,1120410
1778472840,2026-05-11T09:44:00,23872.45,23873.15,23864.1,23865.65,1395952
1778472900,2026-05-11T09:45:00,23866.15,23876.85,23864.2,23866.0,1531174
1778472960,2026-05-11T09:46:00,23865.25,23881.55,23864.7,23881.4,1667072
1778473020,2026-05-11T09:47:00,23881.25,23884.55,23876.7,23883.95,1476387
1778473080,2026-05-11T09:48:00,23884.35,23889.85,23877.5,23879.35,1026032
1778473140,2026-05-11T09:49:00,23879.35,23887.45,23874.7,23885.0,1163655
1778473200,2026-05-11T09:50:00,23885.35,23888.05,23878.4,23880.75,1279480
1778473260,2026-05-11T09:51:00,23881.55,23883.8,23876.9,23877.85,971930
1778473320,2026-05-11T09:52:00,23878.15,23879.9,23875.45,23876.65,847761
1778473380,2026-05-11T09:53:00,23876.6,23885.1,23870.5,23884.15,949989
1778473440,2026-05-11T09:54:00,23885.05,23893.5,23884.2,23892.75,708261
1778473500,2026-05-11T09:55:00,23893.7,23899.95,23876.7,23876.8,1067393
1778473560,2026-05-11T09:56:00,23876.3,23881.95,23869.6,23872.9,1249988
1778473620,2026-05-11T09:57:00,23872.05,23882.85,23868.2,23881.0,1013511
1778473680,2026-05-11T09:58:00,23881.4,23886.4,23876.85,23878.85,807204
1778473740,2026-05-11T09:59:00,23878.6,23880.15,23872.85,23874.25,735039
1778473800,2026-05-11T10:00:00,23874.6,23881.65,23873.25,23880.5,773169
1778473860,2026-05-11T10:01:00,23880.4,23884.1,23877.0,23882.4,1107186
1778473920,2026-05-11T10:02:00,23882.4,23888.3,23881.1,23884.8,947492
1778473980,2026-05-11T10:03:00,23884.75,23894.55,23883.9,23893.3,855612
1778474040,2026-05-11T10:04:00,23893.6,23897.4,23890.45,23893.15,662231
1778474100,2026-05-11T10:05:00,23892.9,23896.1,23887.1,23893.2,827309
1778474160,2026-05-11T10:06:00,23893.35,23895.0,23888.7,23893.55,779189
1778474220,2026-05-11T10:07:00,23893.45,23898.9,23891.35,23891.6,680766
1778474280,2026-05-11T10:08:00,23891.75,23900.7,23891.75,23893.55,563963
1778474340,2026-05-11T10:09:00,23892.7,23903.7,23892.65,23899.15,736421
1778474400,2026-05-11T10:10:00,23899.6,23902.8,23890.05,23893.25,882495
1778474460,2026-05-11T10:11:00,23893.65,23897.55,23892.95,23893.85,610915
1778474520,2026-05-11T10:12:00,23893.5,23896.5,23887.3,23895.25,868396
1778474580,2026-05-11T10:13:00,23895.55,23900.3,23894.3,23898.6,780147
1778474640,2026-05-11T10:14:00,23898.6,23901.2,23892.6,23893.4,1362685
1778474700,2026-05-11T10:15:00,23894.75,23896.25,23882.85,23884.0,795381
1778474760,2026-05-11T10:16:00,23883.85,23891.9,23881.85,23884.8,785514
1778474820,2026-05-11T10:17:00,23885.0,23887.25,23874.0,23875.6,826794
1778474880,2026-05-11T10:18:00,23875.15,23876.95,23854.95,23856.95,1031460
1778474940,2026-05-11T10:19:00,23856.75,23859.9,23850.25,23851.25,1338079
1778475000,2026-05-11T10:20:00,23850.85,23855.6,23845.3,23855.0,1154057
1778475060,2026-05-11T10:21:00,23854.3,23866.35,23853.1,23866.35,922544
1778475120,2026-05-11T10:22:00,23865.8,23875.95,23864.4,23875.75,705115
1778475180,2026-05-11T10:23:00,23876.15,23877.5,23865.8,23866.8,792501
1778475240,2026-05-11T10:24:00,23867.25,23873.85,23864.7,23871.7,753942
1778475300,2026-05-11T10:25:00,23871.2,23872.1,23864.3,23867.35,778806
1778475360,2026-05-11T10:26:00,23867.35,23877.15,23865.15,23875.5,673205
1778475420,2026-05-11T10:27:00,23874.9,23878.3,23868.6,23869.0,936671
1778475480,2026-05-11T10:28:00,23869.0,23871.75,23866.8,23868.0,745295
1778475540,2026-05-11T10:29:00,23868.35,23871.6,23866.2,23869.2,1204636
1778475600,2026-05-11T10:30:00,23868.45,23872.6,23864.45,23864.95,474013
1778475660,2026-05-11T10:31:00,23865.45,23865.9,23860.15,23863.1,733278
1778475720,2026-05-11T10:32:00,23862.85,23868.25,23861.9,23863.7,734158
1778475780,2026-05-11T10:33:00,23864.4,23869.7,23860.75,23866.05,804203
1778475840,2026-05-11T10:34:00,23866.35,23874.5,23865.9,23870.05,998914
1778475900,2026-05-11T10:35:00,23870.3,23872.6,23867.75,23872.25,671129
1778475960,2026-05-11T10:36:00,23872.25,23874.8,23865.25,23865.45,988415
1778476020,2026-05-11T10:37:00,23865.5,23866.25,23857.0,23858.5,725917
1778476080,2026-05-11T10:38:00,23859.0,23859.95,23853.0,23855.55,794043
1778476140,2026-05-11T10:39:00,23855.55,23863.15,23847.45,23863.15,1167182
1778476200,2026-05-11T10:40:00,23862.65,23863.95,23857.1,23862.75,703626
1778476260,2026-05-11T10:41:00,23862.65,23865.15,23859.9,23863.45,554809
1778476320,2026-05-11T10:42:00,23863.7,23864.75,23854.0,23855.95,669776
1778476380,2026-05-11T10:43:00,23856.3,23857.85,23851.6,23857.15,595736
1778476440,2026-05-11T10:44:00,23857.65,23860.9,23856.6,23860.1,505692
1778476500,2026-05-11T10:45:00,23859.95,23861.25,23852.55,23853.8,520780
1778476560,2026-05-11T10:46:00,23853.75,23863.35,23851.9,23859.75,554421
1778476620,2026-05-11T10:47:00,23859.95,23863.0,23857.55,23857.8,539313
1778476680,2026-05-11T10:48:00,23858.0,23859.5,23850.85,23852.35,897035
1778476740,2026-05-11T10:49:00,23852.15,23863.05,23851.6,23860.4,737335
1778476800,2026-05-11T10:50:00,23860.15,23867.25,23859.2,23866.8,745728
1778476860,2026-05-11T10:51:00,23867.15,23868.95,23864.65,23864.65,562983
1778476920,2026-05-11T10:52:00,23864.4,23871.2,23862.4,23868.2,1642479
1778476980,2026-05-11T10:53:00,23868.5,23878.85,23865.15,23878.1,1463250
1778477040,2026-05-11T10:54:00,23877.2,23890.65,23876.6,23889.85,962897
1778477100,2026-05-11T10:55:00,23890.1,23892.2,23883.3,23886.7,635667
1778477160,2026-05-11T10:56:00,23887.0,23888.85,23882.1,23884.55,1293015
1778477220,2026-05-11T10:57:00,23885.05,23890.45,23884.55,23885.7,477831
1778477280,2026-05-11T10:58:00,23886.0,23892.5,23885.5,23889.75,605928
1778477340,2026-05-11T10:59:00,23889.8,23891.4,23886.05,23886.95,584870
1778477400,2026-05-11T11:00:00,23887.0,23891.15,23884.75,23889.1,609767
1778477460,2026-05-11T11:01:00,23888.85,23891.7,23887.3,23890.6,613740
1778477520,2026-05-11T11:02:00,23890.6,23894.3,23881.1,23881.5,1344452
1778477580,2026-05-11T11:03:00,23881.3,23890.6,23878.55,23889.85,652819
1778477640,2026-05-11T11:04:00,23889.7,23897.35,23889.45,23896.2,640716
1778477700,2026-05-11T11:05:00,23895.8,23900.8,23895.8,23899.65,599923
1778477760,2026-05-11T11:06:00,23899.3,23904.3,23898.95,23902.6,559231
1778477820,2026-05-11T11:07:00,23902.2,23907.3,23901.65,23902.0,904031
1778477880,2026-05-11T11:08:00,23901.55,23903.1,23893.35,23897.85,578334
1778477940,2026-05-11T11:09:00,23897.65,23904.4,23897.65,23903.25,654481
1778478000,2026-05-11T11:10:00,23902.9,23909.95,23902.9,23908.45,1155060
1778478060,2026-05-11T11:11:00,23907.75,23918.2,23907.5,23918.2,1062242
1778478120,2026-05-11T11:12:00,23918.0,23922.55,23914.05,23915.75,661583
1778478180,2026-05-11T11:13:00,23915.4,23918.25,23911.2,23914.9,693852
1778478240,2026-05-11T11:14:00,23914.8,23917.95,23911.6,23914.6,652921
1778478300,2026-05-11T11:15:00,23914.6,23920.15,23914.6,23916.45,569394
1778478360,2026-05-11T11:16:00,23916.45,23917.85,23914.2,23916.4,537989
1778478420,2026-05-11T11:17:00,23916.8,23921.7,23913.95,23913.95,1538827
1778478480,2026-05-11T11:18:00,23914.6,23918.55,23912.6,23912.7,975631
1778478540,2026-05-11T11:19:00,23912.9,23918.95,23910.4,23918.3,975713
1778478600,2026-05-11T11:20:00,23918.65,23936.9,23918.2,23935.75,1352236
1778478660,2026-05-11T11:21:00,23935.9,23942.95,23934.25,23935.15,942635
1778478720,2026-05-11T11:22:00,23934.95,23936.75,23930.25,23936.0,912670
1778478780,2026-05-11T11:23:00,23935.8,23937.95,23932.5,23935.45,585658
1778478840,2026-05-11T11:24:00,23935.1,23936.25,23925.9,23926.2,752116
1778478900,2026-05-11T11:25:00,23926.2,23931.7,23926.2,23928.45,667775
1778478960,2026-05-11T11:26:00,23929.0,23934.95,23922.1,23922.75,1062106
1778479020,2026-05-11T11:27:00,23922.85,23925.15,23917.1,23919.05,801399
1778479080,2026-05-11T11:28:00,23919.4,23921.7,23913.25,23921.15,905914
1778479140,2026-05-11T11:29:00,23920.55,23931.4,23919.5,23927.8,1029802
1778479200,2026-05-11T11:30:00,23928.2,23930.15,23916.35,23916.7,873905
1778479260,2026-05-11T11:31:00,23916.2,23922.55,23907.25,23921.9,889180
1778479320,2026-05-11T11:32:00,23920.85,23930.85,23920.1,23920.15,812213
1778479380,2026-05-11T11:33:00,23920.55,23922.55,23918.05,23918.45,681647
1778479440,2026-05-11T11:34:00,23918.7,23925.15,23916.4,23924.6,670044
1778479500,2026-05-11T11:35:00,23925.1,23930.2,23921.3,23929.75,606934
1778479560,2026-05-11T11:36:00,23929.25,23932.2,23925.25,23927.4,557442
1778479620,2026-05-11T11:37:00,23926.9,23933.45,23924.0,23925.65,545303
1778479680,2026-05-11T11:38:00,23925.6,23926.8,23916.95,23918.8,576364
1778479740,2026-05-11T11:39:00,23919.3,23936.1,23918.55,23936.1,969189
1778479800,2026-05-11T11:40:00,23936.05,23939.5,23932.9,23938.25,761412
1778479860,2026-05-11T11:41:00,23937.95,23949.2,23937.55,23947.75,960830
1778479920,2026-05-11T11:42:00,23948.3,23951.05,23945.75,23950.5,1185907
1778479980,2026-05-11T11:43:00,23950.65,23951.25,23946.95,23951.1,459917
1778480040,2026-05-11T11:44:00,23951.0,23952.7,23947.05,23949.4,636261
1778480100,2026-05-11T11:45:00,23949.55,23956.9,23948.15,23952.65,739022
1778480160,2026-05-11T11:46:00,23952.55,23953.4,23937.8,23938.9,896676
1778480220,2026-05-11T11:47:00,23938.45,23940.8,23927.55,23931.2,1061987
1778480280,2026-05-11T11:48:00,23930.2,23933.9,23924.9,23925.4,881421
1778480340,2026-05-11T11:49:00,23925.8,23927.15,23920.35,23921.25,684859
1778480400,2026-05-11T11:50:00,23922.1,23928.6,23921.85,23926.8,717292
1778480460,2026-05-11T11:51:00,23927.3,23928.95,23921.4,23927.0,562097
1778480520,2026-05-11T11:52:00,23926.8,23932.25,23923.9,23930.15,564891
1778480580,2026-05-11T11:53:00,23930.4,23939.35,23930.4,23937.25,692694
1778480640,2026-05-11T11:54:00,23936.8,23941.0,23934.75,23937.75,877824
1778480700,2026-05-11T11:55:00,23937.7,23939.0,23933.05,23933.75,676811
1778480760,2026-05-11T11:56:00,23934.0,23935.9,23930.1,23930.9,615084
1778480820,2026-05-11T11:57:00,23930.35,23932.95,23925.3,23925.3,747671
1778480880,2026-05-11T11:58:00,23925.55,23927.15,23923.65,23926.9,434811
1778480940,2026-05-11T11:59:00,23927.25,23931.8,23926.8,23930.9,689694
1778481000,2026-05-11T12:00:00,23931.25,23934.7,23928.6,23931.3,661757
1778481060,2026-05-11T12:01:00,23931.0,23931.25,23926.0,23926.05,630257
1778481120,2026-05-11T12:02:00,23925.7,23932.45,23924.55,23931.2,549943
1778481180,2026-05-11T12:03:00,23931.0,23937.8,23929.7,23933.2,466850
1778481240,2026-05-11T12:04:00,23933.5,23936.0,23922.5,23923.7,812058
1778481300,2026-05-11T12:05:00,23923.7,23929.25,23920.3,23928.5,642572
1778481360,2026-05-11T12:06:00,23928.75,23933.9,23926.6,23926.85,669199
1778481420,2026-05-11T12:07:00,23926.85,23934.2,23926.1,23931.6,650722
1778481480,2026-05-11T12:08:00,23933.45,23939.5,23932.35,23938.65,1034968
1778481540,2026-05-11T12:09:00,23937.55,23943.95,23936.65,23939.3,1168988
1778481600,2026-05-11T12:10:00,23939.45,23942.4,23933.05,23940.75,635137
1778481660,2026-05-11T12:11:00,23940.8,23941.45,23932.55,23933.3,607263
1778481720,2026-05-11T12:12:00,23933.85,23935.6,23930.4,23931.25,483988
1778481780,2026-05-11T12:13:00,23930.95,23937.5,23930.95,23937.5,642872
1778481840,2026-05-11T12:14:00,23937.3,23940.2,23933.05,23935.55,882013
1778481900,2026-05-11T12:15:00,23935.2,23940.05,23934.1,23935.05,811775
1778481960,2026-05-11T12:16:00,23936.0,23936.3,23928.6,23929.0,1990957
1778482020,2026-05-11T12:17:00,23929.1,23934.2,23926.65,23931.3,642121
1778482080,2026-05-11T12:18:00,23931.4,23936.8,23930.8,23934.7,488840
1778482140,2026-05-11T12:19:00,23934.8,23942.55,23934.55,23938.0,678055
1778482200,2026-05-11T12:20:00,23938.2,23940.5,23930.6,23931.65,793959
1778482260,2026-05-11T12:21:00,23931.8,23935.45,23930.15,23931.1,688349
1778482320,2026-05-11T12:22:00,23931.05,23936.6,23928.85,23936.6,689124
1778482380,2026-05-11T12:23:00,23936.75,23941.0,23935.55,23939.3,593783
1778482440,2026-05-11T12:24:00,23939.85,23943.95,23938.85,23942.5,490467
1778482500,2026-05-11T12:25:00,23942.2,23945.05,23937.7,23941.25,525769
1778482560,2026-05-11T12:26:00,23941.25,23944.15,23936.2,23938.0,506165
1778482620,2026-05-11T12:27:00,23937.6,23939.6,23933.75,23935.6,1564547
1778482680,2026-05-11T12:28:00,23935.5,23937.4,23929.85,23931.9,801061
1778482740,2026-05-11T12:29:00,23931.75,23934.4,23928.05,23929.05,586756
1778482800,2026-05-11T12:30:00,23928.9,23930.2,23924.25,23925.75,793359
1778482860,2026-05-11T12:31:00,23926.05,23927.35,23914.45,23915.0,797104
1778482920,2026-05-11T12:32:00,23915.35,23919.45,23908.45,23909.3,1204252
1778482980,2026-05-11T12:33:00,23908.9,23922.0,23908.75,23922.0,952300
1778483040,2026-05-11T12:34:00,23921.0,23927.35,23920.15,23924.3,491427
1778483100,2026-05-11T12:35:00,23924.7,23930.7,23924.25,23928.1,565121
1778483160,2026-05-11T12:36:00,23928.45,23933.9,23924.5,23925.4,685074
1778483220,2026-05-11T12:37:00,23925.15,23928.85,23918.15,23918.55,743024
1778483280,2026-05-11T12:38:00,23917.95,23919.75,23902.7,23904.0,719286
1778483340,2026-05-11T12:39:00,23904.7,23913.7,23902.45,23913.1,1263136
1778483400,2026-05-11T12:40:00,23913.8,23921.85,23913.7,23919.9,636253
1778483460,2026-05-11T12:41:00,23921.65,23927.55,23921.45,23923.9,958305
1778483520,2026-05-11T12:42:00,23924.05,23943.3,23923.65,23940.8,982516
1778483580,2026-05-11T12:43:00,23941.75,23949.8,23940.95,23948.0,734207
1778483640,2026-05-11T12:44:00,23947.4,23954.95,23947.4,23950.35,881814
1778483700,2026-05-11T12:45:00,23949.7,23954.65,23947.3,23948.65,564431
1778483760,2026-05-11T12:46:00,23948.7,23950.75,23946.15,23947.1,513624
1778483820,2026-05-11T12:47:00,23947.2,23949.15,23940.35,23941.85,584827
1778483880,2026-05-11T12:48:00,23941.7,23946.2,23940.75,23942.0,426770
1778483940,2026-05-11T12:49:00,23942.1,23942.8,23936.55,23940.9,490578
1778484000,2026-05-11T12:50:00,23940.95,23945.55,23940.05,23943.65,415920
1778484060,2026-05-11T12:51:00,23943.7,23945.05,23940.2,23942.95,548086
1778484120,2026-05-11T12:52:00,23943.05,23950.75,23942.65,23948.8,464427
1778484180,2026-05-11T12:53:00,23948.6,23951.9,23940.8,23941.6,1003051
1778484240,2026-05-11T12:54:00,23941.8,23942.6,23932.0,23938.3,1056393
1778484300,2026-05-11T12:55:00,23938.25,23945.05,23937.4,23942.6,587391
1778484360,2026-05-11T12:56:00,23943.2,23945.7,23941.3,23945.5,642619
1778484420,2026-05-11T12:57:00,23946.3,23951.75,23943.55,23944.5,617332
1778484480,2026-05-11T12:58:00,23943.95,23949.1,23942.55,23945.95,911391
1778484540,2026-05-11T12:59:00,23945.2,23948.95,23944.35,23945.55,711363
1778484600,2026-05-11T13:00:00,23945.4,23946.2,23938.05,23938.65,685328
1778484660,2026-05-11T13:01:00,23939.1,23943.3,23932.1,23940.5,715370
1778484720,2026-05-11T13:02:00,23941.0,23941.85,23931.45,23932.85,1000094
1778484780,2026-05-11T13:03:00,23932.75,23937.55,23918.3,23918.65,751269
1778484840,2026-05-11T13:04:00,23918.35,23924.75,23918.35,23918.7,919256
1778484900,2026-05-11T13:05:00,23918.55,23923.0,23910.9,23910.9,779103
1778484960,2026-05-11T13:06:00,23910.5,23913.5,23905.05,23908.2,1066290
1778485020,2026-05-11T13:07:00,23907.75,23926.3,23906.95,23921.85,845807
1778485080,2026-05-11T13:08:00,23922.2,23928.4,23919.2,23926.45,1029041
1778485140,2026-05-11T13:09:00,23926.55,23939.2,23926.1,23939.15,756338
1778485200,2026-05-11T13:10:00,23939.2,23944.95,23939.15,23940.55,643451
1778485260,2026-05-11T13:11:00,23940.25,23941.4,23932.5,23934.35,942900
1778485320,2026-05-11T13:12:00,23934.05,23942.55,23933.65,23933.65,821618
1778485380,2026-05-11T13:13:00,23933.55,23943.2,23933.55,23939.55,844077
1778485440,2026-05-11T13:14:00,23938.7,23949.8,23938.5,23949.8,714699
1778485500,2026-05-11T13:15:00,23949.9,23950.9,23945.3,23947.95,620579
1778485560,2026-05-11T13:16:00,23947.5,23948.95,23943.65,23944.0,594930
1778485620,2026-05-11T13:17:00,23943.05,23944.85,23940.5,23941.35,571485
1778485680,2026-05-11T13:18:00,23941.2,23945.8,23937.9,23945.15,685313
1778485740,2026-05-11T13:19:00,23944.6,23945.15,23934.5,23934.95,971203
1778485800,2026-05-11T13:20:00,23935.35,23940.95,23935.35,23940.5,559121
1778485860,2026-05-11T13:21:00,23939.8,23945.4,23939.8,23945.35,554348
1778485920,2026-05-11T13:22:00,23944.85,23950.05,23944.5,23946.35,520150
1778485980,2026-05-11T13:23:00,23946.65,23947.85,23942.5,23944.3,521477
1778486040,2026-05-11T13:24:00,23945.8,23950.7,23944.8,23949.5,514856
1778486100,2026-05-11T13:25:00,23950.65,23952.5,23948.05,23951.3,469203
1778486160,2026-05-11T13:26:00,23951.25,23953.3,23948.2,23950.8,536581
1778486220,2026-05-11T13:27:00,23951.1,23952.05,23946.15,23947.85,384279
1778486280,2026-05-11T13:28:00,23948.4,23948.7,23940.85,23942.05,484643
1778486340,2026-05-11T13:29:00,23941.85,23948.15,23940.4,23946.35,471881
1778486400,2026-05-11T13:30:00,23946.1,23951.2,23944.15,23944.4,713515
1778486460,2026-05-11T13:31:00,23944.6,23951.75,23943.35,23950.2,613204
1778486520,2026-05-11T13:32:00,23950.6,23955.15,23948.45,23949.45,493400
1778486580,2026-05-11T13:33:00,23949.8,23951.25,23947.35,23947.55,481539
1778486640,2026-05-11T13:34:00,23948.05,23951.3,23945.55,23950.7,855814
1778486700,2026-05-11T13:35:00,23950.6,23972.4,23949.8,23971.95,1274956
1778486760,2026-05-11T13:36:00,23971.85,23988.25,23970.55,23975.45,1411794
1778486820,2026-05-11T13:37:00,23975.35,23977.65,23963.85,23965.1,833848
1778486880,2026-05-11T13:38:00,23964.75,23965.85,23954.85,23962.35,830467
1778486940,2026-05-11T13:39:00,23962.25,23965.55,23952.1,23952.1,674149
1778487000,2026-05-11T13:40:00,23952.05,23957.85,23946.35,23957.15,898176
1778487060,2026-05-11T13:41:00,23956.65,23962.7,23954.4,23961.65,497119
1778487120,2026-05-11T13:42:00,23961.7,23973.05,23961.6,23971.85,590166
1778487180,2026-05-11T13:43:00,23972.25,23973.75,23965.35,23965.95,552339
1778487240,2026-05-11T13:44:00,23965.8,23971.7,23964.75,23965.45,555023
1778487300,2026-05-11T13:45:00,23966.55,23981.0,23965.7,23978.85,941291
1778487360,2026-05-11T13:46:00,23979.1,23986.3,23978.45,23986.2,892896
1778487420,2026-05-11T13:47:00,23986.1,23987.55,23979.5,23980.05,604421
1778487480,2026-05-11T13:48:00,23980.75,23986.35,23980.05,23981.0,522589
1778487540,2026-05-11T13:49:00,23981.2,23982.7,23977.1,23979.8,480739
1778487600,2026-05-11T13:50:00,23978.85,23983.45,23977.05,23977.55,577535
1778487660,2026-05-11T13:51:00,23977.75,23981.75,23975.75,23980.75,457089
1778487720,2026-05-11T13:52:00,23981.5,23983.25,23978.45,23979.05,474863
1778487780,2026-05-11T13:53:00,23979.0,23985.9,23976.2,23984.95,2576758
1778487840,2026-05-11T13:54:00,23985.15,23997.45,23985.15,23993.95,749736
1778487900,2026-05-11T13:55:00,23994.3,23997.0,23986.3,23987.55,576727
1778487960,2026-05-11T13:56:00,23987.7,23989.3,23982.1,23986.25,696447
1778488020,2026-05-11T13:57:00,23986.35,23988.75,23977.0,23978.6,492925
1778488080,2026-05-11T13:58:00,23978.85,23979.75,23968.4,23970.95,634434
1778488140,2026-05-11T13:59:00,23971.3,23973.25,23966.25,23966.45,597929
1778488200,2026-05-11T14:00:00,23966.45,23971.9,23957.95,23971.0,653703
1778488260,2026-05-11T14:01:00,23970.45,23973.25,23965.85,23965.9,1197778
1778488320,2026-05-11T14:02:00,23966.3,23967.85,23961.95,23965.75,1075451
1778488380,2026-05-11T14:03:00,23965.2,23970.25,23964.9,23967.35,1296960
1778488440,2026-05-11T14:04:00,23967.65,23969.45,23961.75,23963.55,903209
1778488500,2026-05-11T14:05:00,23963.35,23970.2,23963.05,23969.75,531615
1778488560,2026-05-11T14:06:00,23969.9,23971.1,23963.95,23964.55,511968
1778488620,2026-05-11T14:07:00,23964.25,23971.85,23963.9,23970.75,447146
1778488680,2026-05-11T14:08:00,23971.25,23973.5,23963.85,23965.2,822318
1778488740,2026-05-11T14:09:00,23965.0,23970.1,23958.05,23958.95,652141
1778488800,2026-05-11T14:10:00,23958.95,23967.15,23958.95,23962.7,553443
1778488860,2026-05-11T14:11:00,23962.75,23965.6,23957.5,23957.95,528041
1778488920,2026-05-11T14:12:00,23958.6,23961.25,23955.85,23956.85,677473
1778488980,2026-05-11T14:13:00,23956.8,23958.45,23951.2,23952.0,563850
1778489040,2026-05-11T14:14:00,23952.7,23952.8,23943.1,23946.3,746566
1778489100,2026-05-11T14:15:00,23945.25,23954.1,23945.25,23949.95,774375
1778489160,2026-05-11T14:16:00,23949.6,23950.65,23937.0,23937.65,1260025
1778489220,2026-05-11T14:17:00,23937.8,23944.0,23933.95,23941.35,1487391
1778489280,2026-05-11T14:18:00,23941.05,23951.4,23940.35,23945.45,929684
1778489340,2026-05-11T14:19:00,23945.25,23946.1,23939.05,23939.75,1010965
1778489400,2026-05-11T14:20:00,23939.55,23949.4,23939.15,23943.6,906448
1778489460,2026-05-11T14:21:00,23943.95,23949.5,23943.0,23947.15,970842
1778489520,2026-05-11T14:22:00,23947.15,23948.45,23939.9,23941.65,974750
1778489580,2026-05-11T14:23:00,23941.45,23945.05,23939.8,23940.25,888919
1778489640,2026-05-11T14:24:00,23941.2,23948.6,23941.1,23941.7,917249
1778489700,2026-05-11T14:25:00,23941.6,23942.9,23937.85,23938.25,863427
1778489760,2026-05-11T14:26:00,23938.05,23940.95,23933.95,23940.7,805182
1778489820,2026-05-11T14:27:00,23940.45,23942.2,23928.2,23930.6,826486
1778489880,2026-05-11T14:28:00,23930.5,23936.2,23922.15,23934.15,1204086
1778489940,2026-05-11T14:29:00,23934.35,23935.55,23929.45,23931.9,773814
1778490000,2026-05-11T14:30:00,23931.95,23936.15,23926.15,23929.1,951682
1778490060,2026-05-11T14:31:00,23929.15,23933.6,23927.3,23929.9,612255
1778490120,2026-05-11T14:32:00,23930.35,23933.8,23928.0,23930.8,672898
1778490180,2026-05-11T14:33:00,23930.95,23939.1,23930.4,23938.45,755547
1778490240,2026-05-11T14:34:00,23938.9,23953.55,23935.7,23953.0,1761867
1778490300,2026-05-11T14:35:00,23952.9,23957.85,23946.25,23947.55,1719980
1778490360,2026-05-11T14:36:00,23946.85,23949.5,23932.95,23934.25,845091
1778490420,2026-05-11T14:37:00,23933.65,23936.1,23925.4,23925.85,774299
1778490480,2026-05-11T14:38:00,23924.85,23928.0,23923.25,23925.8,799558
1778490540,2026-05-11T14:39:00,23926.75,23927.6,23921.75,23926.1,526497
1778490600,2026-05-11T14:40:00,23925.95,23927.75,23923.2,23923.25,609562
1778490660,2026-05-11T14:41:00,23923.05,23930.2,23923.05,23927.75,647980
1778490720,2026-05-11T14:42:00,23927.6,23931.3,23925.7,23925.7,646298
1778490780,2026-05-11T14:43:00,23925.45,23925.6,23904.2,23911.25,1482052
1778490840,2026-05-11T14:44:00,23910.7,23918.95,23910.7,23916.35,768564
1778490900,2026-05-11T14:45:00,23916.6,23919.05,23914.9,23918.65,1227345
1778490960,2026-05-11T14:46:00,23919.9,23924.35,23919.35,23921.9,1157002
1778491020,2026-05-11T14:47:00,23921.85,23923.25,23905.45,23907.9,1677954
1778491080,2026-05-11T14:48:00,23908.25,23910.0,23893.45,23894.1,1328887
1778491140,2026-05-11T14:49:00,23894.1,23894.9,23883.1,23889.9,3110393
1778491200,2026-05-11T14:50:00,23889.95,23913.1,23888.25,23911.9,1109555
1778491260,2026-05-11T14:51:00,23911.0,23914.15,23908.85,23909.7,1445640
1778491320,2026-05-11T14:52:00,23909.35,23910.8,23890.95,23891.85,944546
1778491380,2026-05-11T14:53:00,23891.85,23897.0,23891.85,23897.0,837154
1778491440,2026-05-11T14:54:00,23897.25,23899.5,23893.9,23894.15,715577
1778491500,2026-05-11T14:55:00,23894.05,23896.85,23893.1,23895.1,615395
1778491560,2026-05-11T14:56:00,23895.85,23896.2,23888.85,23889.7,956898
1778491620,2026-05-11T14:57:00,23889.85,23891.05,23883.35,23883.35,988226
1778491680,2026-05-11T14:58:00,23883.1,23885.2,23879.95,23881.35,1533993
1778491740,2026-05-11T14:59:00,23880.8,23884.35,23875.9,23875.9,1182101
1778491800,2026-05-11T15:00:00,23878.55,23879.7,23854.1,23857.2,3202812
1778491860,2026-05-11T15:01:00,23857.05,23858.0,23850.0,23850.95,1548549
1778491920,2026-05-11T15:02:00,23849.75,23850.8,23842.65,23843.45,1518929
1778491980,2026-05-11T15:03:00,23843.7,23844.8,23830.85,23831.55,2486983
1778492040,2026-05-11T15:04:00,23830.95,23831.7,23820.9,23830.7,2466638
1778492100,2026-05-11T15:05:00,23830.45,23832.7,23820.0,23820.9,1714835
1778492160,2026-05-11T15:06:00,23820.95,23822.15,23811.5,23814.4,2365912
1778492220,2026-05-11T15:07:00,23813.7,23816.65,23809.75,23815.75,2583632
1778492280,2026-05-11T15:08:00,23815.0,23820.3,23814.35,23816.35,1796109
1778492340,2026-05-11T15:09:00,23816.4,23818.65,23813.95,23817.45,1771611
1778492400,2026-05-11T15:10:00,23817.7,23824.05,23811.3,23811.85,2039962
1778492460,2026-05-11T15:11:00,23812.25,23812.85,23801.4,23807.2,2540069
1778492520,2026-05-11T15:12:00,23807.6,23810.1,23804.65,23805.1,2098022
1778492580,2026-05-11T15:13:00,23804.8,23814.15,23804.8,23808.75,1984501
1778492640,2026-05-11T15:14:00,23808.75,23811.0,23804.9,23805.75,3346791
1778492700,2026-05-11T15:15:00,23806.2,23820.25,23806.2,23818.1,2724737
1778492760,2026-05-11T15:16:00,23818.05,23818.85,23812.35,23815.15,2151684
1778492820,2026-05-11T15:17:00,23814.25,23817.65,23811.65,23813.85,2097251
1778492880,2026-05-11T15:18:00,23815.7,23818.8,23809.75,23809.75,3034517
1778492940,2026-05-11T15:19:00,23810.15,23810.9,23802.85,23803.8,2073827
1778493000,2026-05-11T15:20:00,23804.6,23806.55,23800.95,23805.25,3145121
1778493060,2026-05-11T15:21:00,23804.95,23810.3,23803.85,23806.85,2338473
1778493120,2026-05-11T15:22:00,23806.5,23810.1,23802.8,23808.65,2404507
1778493180,2026-05-11T15:23:00,23808.8,23809.15,23803.3,23805.65,2142365
1778493240,2026-05-11T15:24:00,23806.8,23813.25,23799.1,23810.15,2502992
1778493300,2026-05-11T15:25:00,23810.5,23813.45,23802.4,23811.25,3486477
1778493360,2026-05-11T15:26:00,23811.3,23817.55,23809.15,23812.45,1906934
1778493420,2026-05-11T15:27:00,23812.6,23814.85,23806.1,23811.95,2554036
1778493480,2026-05-11T15:28:00,23810.3,23812.65,23803.7,23810.3,2105458
1778493540,2026-05-11T15:29:00,23809.15,23820.35,23804.6,23820.35,1876616
1778557500,2026-05-12T09:15:00,23722.6,23757.55,23716.35,23732.8,5550859
1778557560,2026-05-12T09:16:00,23732.95,23741.9,23689.75,23693.3,4244587
1778557620,2026-05-12T09:17:00,23696.25,23721.0,23689.1,23719.25,3410615
1778557680,2026-05-12T09:18:00,23723.95,23727.7,23698.55,23706.85,3737156
1778557740,2026-05-12T09:19:00,23706.45,23738.4,23700.05,23736.9,3211095
1778557800,2026-05-12T09:20:00,23737.8,23737.8,23706.85,23721.6,2827450
1778557860,2026-05-12T09:21:00,23723.2,23727.0,23707.75,23714.6,2789188
1778557920,2026-05-12T09:22:00,23716.75,23717.85,23709.35,23717.75,2162871
1778557980,2026-05-12T09:23:00,23718.6,23718.8,23698.5,23700.5,2627714
1778558040,2026-05-12T09:24:00,23701.1,23701.7,23684.0,23684.2,1991938
1778558100,2026-05-12T09:25:00,23685.45,23685.45,23651.35,23656.35,2598546
1778558160,2026-05-12T09:26:00,23657.5,23661.65,23650.8,23654.0,2081577
1778558220,2026-05-12T09:27:00,23653.45,23655.3,23633.1,23642.85,2361924
1778558280,2026-05-12T09:28:00,23642.25,23653.45,23639.15,23639.35,1495735
1778558340,2026-05-12T09:29:00,23640.95,23645.35,23637.0,23638.3,1192943
1778558400,2026-05-12T09:30:00,23638.95,23638.95,23624.0,23632.45,1740151
1778558460,2026-05-12T09:31:00,23633.25,23643.75,23631.15,23632.05,1351140
1778558520,2026-05-12T09:32:00,23632.65,23638.6,23624.5,23624.5,2005080
1778558580,2026-05-12T09:33:00,23626.65,23627.8,23617.7,23625.25,1615373
1778558640,2026-05-12T09:34:00,23625.1,23634.05,23619.85,23634.05,1749515
1778558700,2026-05-12T09:35:00,23634.65,23634.85,23626.65,23632.0,1624911
1778558760,2026-05-12T09:36:00,23634.05,23648.0,23631.8,23642.7,1856604
1778558820,2026-05-12T09:37:00,23643.0,23645.35,23638.35,23644.25,1599170
1778558880,2026-05-12T09:38:00,23645.15,23649.15,23639.9,23643.5,1294416
1778558940,2026-05-12T09:39:00,23644.15,23645.0,23620.5,23626.15,1318248
1778559000,2026-05-12T09:40:00,23626.35,23633.5,23624.45,23632.15,1279497
1778559060,2026-05-12T09:41:00,23634.35,23642.95,23633.9,23638.6,921725
1778559120,2026-05-12T09:42:00,23638.95,23646.75,23631.3,23644.65,998688
1778559180,2026-05-12T09:43:00,23644.65,23657.85,23641.55,23648.8,1087894
1778559240,2026-05-12T09:44:00,23649.95,23650.25,23636.25,23640.65,1080029
1778559300,2026-05-12T09:45:00,23640.75,23647.65,23633.3,23645.7,1131417
1778559360,2026-05-12T09:46:00,23647.6,23650.15,23637.5,23638.85,1199708
1778559420,2026-05-12T09:47:00,23640.1,23645.45,23630.0,23630.0,1309720
1778559480,2026-05-12T09:48:00,23632.75,23637.9,23628.85,23634.65,1103461
1778559540,2026-05-12T09:49:00,23634.7,23638.75,23631.95,23638.2,1288808
1778559600,2026-05-12T09:50:00,23638.4,23645.65,23634.6,23635.15,1235169
1778559660,2026-05-12T09:51:00,23635.0,23641.25,23632.1,23640.25,1191509
1778559720,2026-05-12T09:52:00,23641.45,23645.05,23632.8,23636.8,1155162
1778559780,2026-05-12T09:53:00,23636.8,23644.6,23634.35,23644.25,1752878
1778559840,2026-05-12T09:54:00,23645.6,23646.7,23634.9,23638.25,1119588
1778559900,2026-05-12T09:55:00,23638.55,23652.2,23638.3,23649.2,1100173
1778559960,2026-05-12T09:56:00,23650.05,23652.05,23633.05,23636.45,1301437
1778560020,2026-05-12T09:57:00,23637.65,23639.95,23624.75,23629.7,1588147
1778560080,2026-05-12T09:58:00,23630.0,23634.7,23626.75,23630.75,1300745
1778560140,2026-05-12T09:59:00,23631.05,23631.3,23624.55,23625.85,1456666
1778560200,2026-05-12T10:00:00,23627.0,23630.15,23620.85,23622.15,864775
1778560260,2026-05-12T10:01:00,23622.65,23631.85,23621.7,23625.3,1091709
1778560320,2026-05-12T10:02:00,23624.8,23627.55,23619.8,23623.65,1018254
1778560380,2026-05-12T10:03:00,23624.4,23634.55,23622.25,23633.25,1026555
1778560440,2026-05-12T10:04:00,23634.05,23635.25,23628.95,23630.2,1110279
1778560500,2026-05-12T10:05:00,23630.45,23631.4,23613.55,23619.55,1162650
1778560560,2026-05-12T10:06:00,23620.35,23640.1,23620.0,23639.55,925089
1778560620,2026-05-12T10:07:00,23640.0,23642.55,23632.55,23638.45,1057002
1778560680,2026-05-12T10:08:00,23638.6,23639.25,23633.1,23634.85,1088299
1778560740,2026-05-12T10:09:00,23636.3,23637.75,23634.1,23636.1,944389
1778560800,2026-05-12T10:10:00,23636.4,23637.85,23629.15,23637.3,862837
1778560860,2026-05-12T10:11:00,23637.55,23644.65,23636.5,23644.05,1033496
1778560920,2026-05-12T10:12:00,23644.6,23646.65,23638.4,23639.65,1356469
1778560980,2026-05-12T10:13:00,23639.95,23647.3,23638.9,23644.05,991859
1778561040,2026-05-12T10:14:00,23646.35,23655.4,23644.95,23651.4,999474
1778561100,2026-05-12T10:15:00,23652.05,23652.9,23647.75,23649.45,790130
1778561160,2026-05-12T10:16:00,23650.75,23654.9,23647.9,23652.55,787632
1778561220,2026-05-12T10:17:00,23653.9,23668.15,23653.3,23666.7,866540
1778561280,2026-05-12T10:18:00,23667.85,23667.85,23658.9,23663.25,1461941
1778561340,2026-05-12T10:19:00,23665.25,23668.25,23661.15,23668.25,889114
1778561400,2026-05-12T10:20:00,23669.25,23673.4,23668.15,23672.4,825365
1778561460,2026-05-12T10:21:00,23673.2,23675.2,23660.9,23660.9,855330
1778561520,2026-05-12T10:22:00,23663.9,23663.9,23649.5,23653.3,812977
1778561580,2026-05-12T10:23:00,23654.2,23654.2,23634.7,23635.35,1037856
1778561640,2026-05-12T10:24:00,23636.85,23639.35,23627.85,23630.3,1239007
1778561700,2026-05-12T10:25:00,23631.8,23634.15,23622.1,23622.65,886395
1778561760,2026-05-12T10:26:00,23623.85,23630.55,23621.65,23625.95,849595
1778561820,2026-05-12T10:27:00,23626.6,23628.55,23616.65,23618.75,676982
1778561880,2026-05-12T10:28:00,23619.7,23619.8,23606.6,23608.15,792435
1778561940,2026-05-12T10:29:00,23609.5,23617.7,23605.05,23613.25,868525
1778562000,2026-05-12T10:30:00,23613.55,23613.75,23604.55,23606.75,836027
1778562060,2026-05-12T10:31:00,23607.95,23616.15,23605.6,23615.75,1158805
1778562120,2026-05-12T10:32:00,23616.2,23617.05,23610.4,23613.65,1581723
1778562180,2026-05-12T10:33:00,23614.2,23614.45,23605.3,23605.85,1136249
1778562240,2026-05-12T10:34:00,23607.6,23609.85,23603.7,23607.65,1083683
1778562300,2026-05-12T10:35:00,23609.2,23613.2,23605.45,23613.15,1364589
1778562360,2026-05-12T10:36:00,23613.7,23620.2,23610.0,23610.0,1395747
1778562420,2026-05-12T10:37:00,23610.8,23611.8,23604.2,23604.6,1127456
1778562480,2026-05-12T10:38:00,23604.85,23604.85,23596.35,23601.05,912354
1778562540,2026-05-12T10:39:00,23601.95,23609.6,23601.55,23605.3,967090
1778562600,2026-05-12T10:40:00,23606.6,23612.8,23602.55,23612.7,1324610
1778562660,2026-05-12T10:41:00,23612.65,23616.2,23610.55,23613.6,737988
1778562720,2026-05-12T10:42:00,23614.4,23628.2,23614.4,23625.65,1018596
1778562780,2026-05-12T10:43:00,23627.85,23638.65,23627.05,23628.85,1466653
1778562840,2026-05-12T10:44:00,23629.25,23632.85,23624.85,23627.55,1251594
1778562900,2026-05-12T10:45:00,23628.05,23629.6,23622.5,23622.5,928053
1778562960,2026-05-12T10:46:00,23622.95,23623.2,23609.7,23609.7,821571
1778563020,2026-05-12T10:47:00,23612.05,23615.4,23604.15,23614.65,892633
1778563080,2026-05-12T10:48:00,23615.3,23615.5,23603.75,23606.1,991627
1778563140,2026-05-12T10:49:00,23607.65,23608.95,23599.3,23603.25,800381
1778563200,2026-05-12T10:50:00,23603.75,23611.15,23602.25,23607.1,729555
1778563260,2026-05-12T10:51:00,23608.65,23608.65,23600.95,23602.05,674226
1778563320,2026-05-12T10:52:00,23603.95,23608.5,23600.8,23604.3,810025
1778563380,2026-05-12T10:53:00,23606.05,23608.35,23601.65,23604.2,839665
1778563440,2026-05-12T10:54:00,23603.75,23607.15,23601.1,23605.25,643316
1778563500,2026-05-12T10:55:00,23605.85,23609.75,23602.65,23608.45,715294
1778563560,2026-05-12T10:56:00,23608.8,23623.45,23608.8,23614.0,1196557
1778563620,2026-05-12T10:57:00,23614.5,23618.5,23610.25,23615.65,877451
1778563680,2026-05-12T10:58:00,23616.45,23620.5,23614.1,23616.65,732834
1778563740,2026-05-12T10:59:00,23616.5,23618.7,23610.85,23614.7,644359
1778563800,2026-05-12T11:00:00,23615.1,23615.65,23607.05,23607.05,753804
1778563860,2026-05-12T11:01:00,23607.7,23609.9,23600.85,23600.85,1237700
1778563920,2026-05-12T11:02:00,23601.0,23601.0,23587.35,23591.35,1154004
1778563980,2026-05-12T11:03:00,23592.2,23592.2,23584.35,23590.55,847286
1778564040,2026-05-12T11:04:00,23591.35,23593.25,23586.15,23590.6,1133688
1778564100,2026-05-12T11:05:00,23590.6,23596.95,23587.7,23593.35,739497
1778564160,2026-05-12T11:06:00,23594.05,23597.7,23583.3,23583.65,804531
1778564220,2026-05-12T11:07:00,23585.3,23590.65,23577.85,23588.6,1053359
1778564280,2026-05-12T11:08:00,23589.1,23593.6,23587.85,23592.9,1546020
1778564340,2026-05-12T11:09:00,23593.6,23596.65,23589.55,23590.4,793893
1778564400,2026-05-12T11:10:00,23590.95,23595.1,23588.25,23590.4,757666
1778564460,2026-05-12T11:11:00,23591.45,23592.75,23587.5,23589.3,645786
1778564520,2026-05-12T11:12:00,23590.15,23591.8,23586.05,23590.8,696559
1778564580,2026-05-12T11:13:00,23591.25,23593.85,23588.8,23592.7,1190224
1778564640,2026-05-12T11:14:00,23593.8,23593.8,23585.65,23589.35,1038229
1778564700,2026-05-12T11:15:00,23589.6,23594.55,23585.85,23592.75,1158554
1778564760,2026-05-12T11:16:00,23595.65,23598.2,23592.0,23595.8,935855
1778564820,2026-05-12T11:17:00,23596.2,23604.05,23593.45,23603.55,1005451
1778564880,2026-05-12T11:18:00,23604.75,23612.25,23603.85,23607.7,1165171
1778564940,2026-05-12T11:19:00,23609.25,23611.4,23602.45,23608.05,945899
1778565000,2026-05-12T11:20:00,23608.55,23612.45,23604.45,23609.8,1196491
1778565060,2026-05-12T11:21:00,23609.85,23613.4,23604.6,23604.6,1204339
1778565120,2026-05-12T11:22:00,23606.6,23606.65,23595.6,23598.4,909051
1778565180,2026-05-12T11:23:00,23599.65,23602.45,23590.1,23598.35,1089504
1778565240,2026-05-12T11:24:00,23599.2,23605.55,23589.4,23589.6,1060096
1778565300,2026-05-12T11:25:00,23590.95,23599.0,23590.45,23599.0,710761
1778565360,2026-05-12T11:26:00,23599.45,23601.4,23593.55,23594.1,831780
1778565420,2026-05-12T11:27:00,23596.35,23604.35,23591.5,23603.15,1055941
1778565480,2026-05-12T11:28:00,23603.95,23604.55,23591.7,23593.55,728831
1778565540,2026-05-12T11:29:00,23594.35,23596.95,23588.7,23588.9,1235726
1778565600,2026-05-12T11:30:00,23589.5,23589.5,23581.35,23585.05,1005734
1778565660,2026-05-12T11:31:00,23586.65,23587.7,23580.3,23581.3,881752
1778565720,2026-05-12T11:32:00,23581.7,23588.45,23578.65,23579.4,691478
1778565780,2026-05-12T11:33:00,23580.6,23594.55,23579.0,23594.5,1244440
1778565840,2026-05-12T11:34:00,23594.9,23600.2,23592.75,23597.25,842785
1778565900,2026-05-12T11:35:00,23597.4,23597.8,23584.65,23584.65,560616
1778565960,2026-05-12T11:36:00,23586.8,23593.9,23579.9,23591.7,743161
1778566020,2026-05-12T11:37:00,23592.9,23599.15,23588.25,23588.5,620714
1778566080,2026-05-12T11:38:00,23590.1,23592.1,23581.75,23591.55,566845
1778566140,2026-05-12T11:39:00,23593.1,23601.85,23590.7,23598.0,729189
1778566200,2026-05-12T11:40:00,23599.15,23601.1,23591.95,23600.4,551217
1778566260,2026-05-12T11:41:00,23603.0,23607.65,23600.25,23603.1,721124
1778566320,2026-05-12T11:42:00,23605.05,23607.0,23599.8,23600.8,664339
1778566380,2026-05-12T11:43:00,23602.15,23605.7,23600.15,23602.2,448460
1778566440,2026-05-12T11:44:00,23602.75,23606.15,23598.75,23602.7,517286
1778566500,2026-05-12T11:45:00,23603.95,23604.55,23597.35,23597.75,893603
1778566560,2026-05-12T11:46:00,23598.75,23602.5,23593.2,23600.7,681932
1778566620,2026-05-12T11:47:00,23601.4,23602.0,23591.45,23596.1,695712
1778566680,2026-05-12T11:48:00,23596.9,23596.9,23584.35,23584.35,627378
1778566740,2026-05-12T11:49:00,23585.95,23598.3,23584.6,23594.7,1008430
1778566800,2026-05-12T11:50:00,23596.15,23597.55,23584.75,23585.45,839480
1778566860,2026-05-12T11:51:00,23586.7,23595.3,23585.25,23593.2,686958
1778566920,2026-05-12T11:52:00,23593.5,23601.4,23591.3,23601.4,554227
1778566980,2026-05-12T11:53:00,23602.1,23602.1,23596.0,23597.2,554705
1778567040,2026-05-12T11:54:00,23598.05,23605.8,23596.0,23600.05,574563
1778567100,2026-05-12T11:55:00,23601.8,23605.55,23595.85,23605.55,943245
1778567160,2026-05-12T11:56:00,23605.8,23612.85,23605.45,23608.45,544767
1778567220,2026-05-12T11:57:00,23609.05,23610.0,23603.55,23606.45,644640
1778567280,2026-05-12T11:58:00,23606.9,23610.55,23601.15,23605.55,649504
1778567340,2026-05-12T11:59:00,23606.35,23606.7,23596.6,23597.5,994220
1778567400,2026-05-12T12:00:00,23598.45,23599.55,23589.75,23590.6,764010
1778567460,2026-05-12T12:01:00,23592.15,23592.25,23586.1,23586.1,886972
1778567520,2026-05-12T12:02:00,23586.75,23591.85,23584.1,23586.45,729169
1778567580,2026-05-12T12:03:00,23587.5,23590.25,23584.85,23585.05,868109
1778567640,2026-05-12T12:04:00,23586.45,23588.55,23581.9,23586.3,892835
1778567700,2026-05-12T12:05:00,23587.25,23589.25,23582.65,23587.45,584759
1778567760,2026-05-12T12:06:00,23588.6,23588.6,23579.4,23583.1,671990
1778567820,2026-05-12T12:07:00,23586.0,23588.25,23578.3,23579.05,522248
1778567880,2026-05-12T12:08:00,23579.85,23580.05,23561.0,23564.95,716491
1778567940,2026-05-12T12:09:00,23566.1,23566.5,23556.15,23558.1,575770
1778568000,2026-05-12T12:10:00,23559.95,23565.4,23551.3,23564.5,721509
1778568060,2026-05-12T12:11:00,23566.35,23570.0,23563.9,23565.45,622489
1778568120,2026-05-12T12:12:00,23567.1,23568.3,23553.0,23553.6,786690
1778568180,2026-05-12T12:13:00,23555.9,23563.25,23554.25,23562.5,699238
1778568240,2026-05-12T12:14:00,23563.1,23563.95,23555.75,23557.8,603416
1778568300,2026-05-12T12:15:00,23559.5,23566.45,23555.1,23566.45,733776
1778568360,2026-05-12T12:16:00,23567.1,23573.9,23562.55,23570.65,780331
1778568420,2026-05-12T12:17:00,23572.05,23580.05,23571.0,23573.45,714762
1778568480,2026-05-12T12:18:00,23574.5,23574.7,23567.35,23570.05,765263
1778568540,2026-05-12T12:19:00,23571.35,23573.0,23566.8,23572.9,527425
1778568600,2026-05-12T12:20:00,23573.75,23574.3,23563.65,23568.25,608096
1778568660,2026-05-12T12:21:00,23568.65,23575.9,23566.8,23572.85,1035212
1778568720,2026-05-12T12:22:00,23573.85,23574.8,23564.65,23565.95,988245
1778568780,2026-05-12T12:23:00,23566.3,23567.05,23559.0,23562.85,1087611
1778568840,2026-05-12T12:24:00,23562.85,23568.3,23561.3,23566.5,656623
1778568900,2026-05-12T12:25:00,23567.6,23568.75,23559.7,23562.1,697903
1778568960,2026-05-12T12:26:00,23562.55,23567.45,23558.15,23559.25,711719
1778569020,2026-05-12T12:27:00,23560.45,23561.7,23557.75,23558.3,622540
1778569080,2026-05-12T12:28:00,23559.95,23562.4,23554.7,23557.8,675459
1778569140,2026-05-12T12:29:00,23558.75,23560.9,23555.7,23557.3,478141
1778569200,2026-05-12T12:30:00,23557.8,23558.95,23528.05,23528.25,917010
1778569260,2026-05-12T12:31:00,23529.4,23531.55,23522.2,23531.55,1081489
1778569320,2026-05-12T12:32:00,23534.1,23535.5,23527.5,23530.45,960642
1778569380,2026-05-12T12:33:00,23530.05,23532.35,23525.3,23525.3,996291
1778569440,2026-05-12T12:34:00,23526.65,23528.25,23521.8,23522.3,830274
1778569500,2026-05-12T12:35:00,23523.4,23523.9,23514.4,23516.95,558180
1778569560,2026-05-12T12:36:00,23517.55,23520.75,23512.8,23516.1,728167
1778569620,2026-05-12T12:37:00,23518.3,23518.75,23508.35,23517.35,686023
1778569680,2026-05-12T12:38:00,23518.05,23526.8,23514.85,23523.95,817226
1778569740,2026-05-12T12:39:00,23524.3,23525.7,23515.8,23516.2,687903
1778569800,2026-05-12T12:40:00,23517.35,23520.75,23513.1,23515.75,630857
1778569860,2026-05-12T12:41:00,23517.55,23528.15,23517.25,23523.95,606770
1778569920,2026-05-12T12:42:00,23525.15,23526.25,23519.3,23521.6,716337
1778569980,2026-05-12T12:43:00,23522.65,23528.25,23521.3,23527.85,452468
1778570040,2026-05-12T12:44:00,23529.1,23532.7,23525.45,23526.15,583144
1778570100,2026-05-12T12:45:00,23527.25,23539.6,23523.6,23537.95,709011
1778570160,2026-05-12T12:46:00,23538.95,23540.1,23529.1,23529.8,767666
1778570220,2026-05-12T12:47:00,23529.65,23530.75,23518.2,23519.8,799525
1778570280,2026-05-12T12:48:00,23520.5,23525.0,23516.4,23524.1,803588
1778570340,2026-05-12T12:49:00,23525.05,23529.8,23524.0,23526.85,742999
1778570400,2026-05-12T12:50:00,23527.3,23529.4,23522.3,23523.75,419999
1778570460,2026-05-12T12:51:00,23524.35,23526.25,23520.4,23522.05,640514
1778570520,2026-05-12T12:52:00,23523.45,23532.0,23520.95,23530.9,501605
1778570580,2026-05-12T12:53:00,23532.35,23535.0,23525.55,23527.75,523072
1778570640,2026-05-12T12:54:00,23528.05,23528.05,23513.3,23513.35,804920
1778570700,2026-05-12T12:55:00,23515.2,23532.85,23515.2,23531.85,827021
1778570760,2026-05-12T12:56:00,23532.8,23532.8,23517.9,23518.95,533205
1778570820,2026-05-12T12:57:00,23519.75,23524.7,23514.75,23520.25,566973
1778570880,2026-05-12T12:58:00,23521.7,23523.15,23517.1,23523.0,664890
1778570940,2026-05-12T12:59:00,23523.0,23526.85,23515.55,23524.55,560952
1778571000,2026-05-12T13:00:00,23525.15,23527.2,23519.55,23524.55,721337
1778571060,2026-05-12T13:01:00,23525.9,23527.65,23520.8,23522.85,549916
1778571120,2026-05-12T13:02:00,23523.95,23528.0,23521.0,23526.6,765431
1778571180,2026-05-12T13:03:00,23528.0,23532.8,23523.75,23532.2,565567
1778571240,2026-05-12T13:04:00,23533.35,23533.65,23522.8,23530.6,626204
1778571300,2026-05-12T13:05:00,23531.7,23532.2,23527.95,23528.9,498955
1778571360,2026-05-12T13:06:00,23529.8,23530.15,23522.2,23524.55,589703
1778571420,2026-05-12T13:07:00,23525.85,23530.45,23523.8,23525.25,521052
1778571480,2026-05-12T13:08:00,23525.45,23528.85,23516.65,23517.85,714213
1778571540,2026-05-12T13:09:00,23519.65,23519.65,23510.85,23510.85,1382263
1778571600,2026-05-12T13:10:00,23511.95,23521.05,23511.75,23516.7,1269810
1778571660,2026-05-12T13:11:00,23517.2,23517.9,23506.5,23507.9,897516
1778571720,2026-05-12T13:12:00,23508.1,23526.0,23506.0,23524.7,899501
1778571780,2026-05-12T13:13:00,23525.9,23531.05,23522.25,23526.65,869076
1778571840,2026-05-12T13:14:00,23528.25,23536.8,23526.9,23536.8,874749
1778571900,2026-05-12T13:15:00,23538.05,23544.1,23536.25,23543.6,852523
1778571960,2026-05-12T13:16:00,23544.5,23552.05,23544.0,23546.85,758438
1778572020,2026-05-12T13:17:00,23548.05,23550.7,23544.95,23544.95,864249
1778572080,2026-05-12T13:18:00,23546.7,23564.05,23543.2,23553.25,1062977
1778572140,2026-05-12T13:19:00,23553.9,23553.9,23537.5,23542.8,1719584
1778572200,2026-05-12T13:20:00,23544.0,23544.0,23534.95,23539.5,976754
1778572260,2026-05-12T13:21:00,23541.35,23544.6,23536.85,23539.8,916008
1778572320,2026-05-12T13:22:00,23541.05,23545.2,23529.1,23529.95,831290
1778572380,2026-05-12T13:23:00,23531.45,23536.4,23526.45,23528.45,603257
1778572440,2026-05-12T13:24:00,23529.85,23532.1,23527.35,23527.55,672260
1778572500,2026-05-12T13:25:00,23528.35,23531.55,23524.35,23525.2,1074668
1778572560,2026-05-12T13:26:00,23526.7,23536.75,23524.3,23533.45,1232295
1778572620,2026-05-12T13:27:00,23534.8,23539.5,23526.3,23528.35,1134655
1778572680,2026-05-12T13:28:00,23530.8,23531.6,23524.25,23526.75,681380
1778572740,2026-05-12T13:29:00,23527.8,23534.5,23526.4,23531.05,614135
1778572800,2026-05-12T13:30:00,23532.45,23536.35,23529.55,23535.7,517171
1778572860,2026-05-12T13:31:00,23536.65,23539.65,23532.75,23537.15,648499
1778572920,2026-05-12T13:32:00,23538.35,23547.25,23536.2,23547.25,778744
1778572980,2026-05-12T13:33:00,23547.85,23550.2,23542.85,23545.75,619987
1778573040,2026-05-12T13:34:00,23546.85,23548.2,23528.75,23529.45,937897
1778573100,2026-05-12T13:35:00,23530.45,23534.7,23524.8,23532.9,734259
1778573160,2026-05-12T13:36:00,23534.45,23535.3,23515.95,23515.95,1534274
1778573220,2026-05-12T13:37:00,23517.25,23522.9,23511.9,23517.6,858898
1778573280,2026-05-12T13:38:00,23519.05,23521.95,23511.8,23512.9,568794
1778573340,2026-05-12T13:39:00,23514.1,23520.1,23511.0,23514.0,770928
1778573400,2026-05-12T13:40:00,23515.5,23518.4,23508.45,23510.85,717801
1778573460,2026-05-12T13:41:00,23511.4,23512.3,23503.75,23505.9,829701
1778573520,2026-05-12T13:42:00,23507.5,23507.5,23496.55,23500.45,892265
1778573580,2026-05-12T13:43:00,23502.35,23509.0,23499.35,23503.4,1026528
1778573640,2026-05-12T13:44:00,23505.5,23510.35,23501.25,23506.8,752452
1778573700,2026-05-12T13:45:00,23510.05,23510.9,23495.4,23497.65,870501
1778573760,2026-05-12T13:46:00,23500.15,23500.9,23493.45,23494.5,704191
1778573820,2026-05-12T13:47:00,23496.1,23508.8,23494.35,23508.6,921603
1778573880,2026-05-12T13:48:00,23510.1,23518.9,23507.25,23517.7,789305
1778573940,2026-05-12T13:49:00,23518.55,23519.35,23512.65,23513.4,555674
1778574000,2026-05-12T13:50:00,23515.05,23519.65,23513.0,23516.05,667369
1778574060,2026-05-12T13:51:00,23518.4,23528.6,23515.55,23527.8,1044364
1778574120,2026-05-12T13:52:00,23529.75,23530.85,23516.75,23518.15,635442
1778574180,2026-05-12T13:53:00,23519.35,23519.65,23505.65,23508.85,800958
1778574240,2026-05-12T13:54:00,23510.45,23510.6,23495.85,23495.85,1318079
1778574300,2026-05-12T13:55:00,23500.05,23501.75,23489.4,23490.5,950622
1778574360,2026-05-12T13:56:00,23493.35,23502.15,23490.9,23500.4,1063214
1778574420,2026-05-12T13:57:00,23501.8,23502.45,23491.05,23496.8,643127
1778574480,2026-05-12T13:58:00,23498.05,23499.4,23495.15,23499.05,716607
1778574540,2026-05-12T13:59:00,23499.55,23500.55,23490.8,23491.5,582110
1778574600,2026-05-12T14:00:00,23492.8,23492.8,23478.75,23479.4,1153574
1778574660,2026-05-12T14:01:00,23483.3,23483.65,23478.8,23480.2,944719
1778574720,2026-05-12T14:02:00,23481.8,23490.3,23477.5,23489.35,977174
1778574780,2026-05-12T14:03:00,23490.1,23496.9,23480.5,23480.5,1500348
1778574840,2026-05-12T14:04:00,23484.65,23485.15,23479.05,23481.5,895350
1778574900,2026-05-12T14:05:00,23484.05,23486.0,23476.05,23483.9,1229505
1778574960,2026-05-12T14:06:00,23484.75,23490.7,23482.05,23487.4,1108209
1778575020,2026-05-12T14:07:00,23489.4,23490.6,23466.05,23467.5,1144750
1778575080,2026-05-12T14:08:00,23468.7,23472.9,23466.5,23466.7,752717
1778575140,2026-05-12T14:09:00,23467.8,23469.1,23461.4,23465.0,777287
1778575200,2026-05-12T14:10:00,23466.25,23467.95,23454.2,23457.55,860823
1778575260,2026-05-12T14:11:00,23458.8,23465.1,23456.7,23458.65,719944
1778575320,2026-05-12T14:12:00,23460.5,23461.05,23447.85,23451.4,981654
1778575380,2026-05-12T14:13:00,23452.8,23460.55,23452.1,23460.25,929379
1778575440,2026-05-12T14:14:00,23462.0,23462.45,23456.25,23457.5,647455
1778575500,2026-05-12T14:15:00,23458.75,23466.65,23452.1,23465.8,1169047
1778575560,2026-05-12T14:16:00,23467.25,23471.85,23463.85,23467.7,732242
1778575620,2026-05-12T14:17:00,23468.65,23470.85,23464.75,23468.95,784828
1778575680,2026-05-12T14:18:00,23469.85,23472.75,23466.1,23466.75,937627
1778575740,2026-05-12T14:19:00,23466.6,23467.85,23456.4,23460.15,798244
1778575800,2026-05-12T14:20:00,23460.5,23466.4,23459.55,23460.75,1177387
1778575860,2026-05-12T14:21:00,23461.45,23462.15,23454.45,23454.95,866271
1778575920,2026-05-12T14:22:00,23456.8,23458.7,23453.1,23457.35,1081888
1778575980,2026-05-12T14:23:00,23458.4,23470.65,23456.35,23468.65,939296
1778576040,2026-05-12T14:24:00,23470.05,23492.7,23468.45,23486.25,1243391
1778576100,2026-05-12T14:25:00,23487.3,23487.3,23468.1,23468.45,735553
1778576160,2026-05-12T14:26:00,23468.7,23468.7,23459.25,23466.85,1157286
1778576220,2026-05-12T14:27:00,23469.05,23471.75,23461.45,23470.9,758638
1778576280,2026-05-12T14:28:00,23473.15,23473.85,23465.1,23468.1,719210
1778576340,2026-05-12T14:29:00,23469.25,23471.35,23465.9,23468.6,811387
1778576400,2026-05-12T14:30:00,23469.35,23471.3,23465.2,23466.4,638883
1778576460,2026-05-12T14:31:00,23467.8,23469.35,23462.2,23463.2,941494
1778576520,2026-05-12T14:32:00,23464.5,23469.65,23454.85,23454.85,748585
1778576580,2026-05-12T14:33:00,23456.3,23458.6,23449.05,23449.2,1188343
1778576640,2026-05-12T14:34:00,23450.35,23450.35,23437.3,23438.35,2057452
1778576700,2026-05-12T14:35:00,23439.2,23453.35,23434.45,23450.65,1541213
1778576760,2026-05-12T14:36:00,23451.65,23457.45,23447.6,23455.6,914960
1778576820,2026-05-12T14:37:00,23457.2,23458.35,23451.25,23453.4,842799
1778576880,2026-05-12T14:38:00,23455.35,23469.3,23454.95,23467.85,780001
1778576940,2026-05-12T14:39:00,23468.15,23470.95,23462.75,23462.95,801696
1778577000,2026-05-12T14:40:00,23463.95,23467.45,23456.3,23460.9,1264291
1778577060,2026-05-12T14:41:00,23461.7,23468.85,23456.25,23468.45,910249
1778577120,2026-05-12T14:42:00,23470.1,23471.65,23458.9,23460.2,1088829
1778577180,2026-05-12T14:43:00,23461.05,23466.75,23459.15,23462.75,964229
1778577240,2026-05-12T14:44:00,23464.25,23472.25,23460.8,23463.6,987494
1778577300,2026-05-12T14:45:00,23464.9,23466.3,23460.55,23465.9,1089506
1778577360,2026-05-12T14:46:00,23467.35,23468.85,23459.65,23460.6,1133333
1778577420,2026-05-12T14:47:00,23461.45,23463.9,23458.45,23460.7,1071996
1778577480,2026-05-12T14:48:00,23461.05,23471.95,23459.75,23471.1,1746990
1778577540,2026-05-12T14:49:00,23472.45,23474.6,23460.8,23463.8,3525167
1778577600,2026-05-12T14:50:00,23464.95,23466.4,23451.8,23453.85,1919339
1778577660,2026-05-12T14:51:00,23455.3,23461.8,23452.2,23454.15,1374103
1778577720,2026-05-12T14:52:00,23454.8,23456.7,23441.05,23445.5,2352784
1778577780,2026-05-12T14:53:00,23448.95,23448.95,23435.85,23436.2,1336325
1778577840,2026-05-12T14:54:00,23437.35,23439.0,23428.35,23433.75,1142729
1778577900,2026-05-12T14:55:00,23435.35,23435.65,23418.05,23423.85,1473638
1778577960,2026-05-12T14:56:00,23426.35,23428.35,23421.6,23425.35,1025339
1778578020,2026-05-12T14:57:00,23426.35,23432.1,23413.5,23417.3,1095567
1778578080,2026-05-12T14:58:00,23418.05,23422.1,23414.6,23422.1,843199
1778578140,2026-05-12T14:59:00,23422.85,23425.45,23417.05,23421.25,907908
1778578200,2026-05-12T15:00:00,23422.5,23423.65,23395.7,23396.2,3137654
1778578260,2026-05-12T15:01:00,23396.85,23398.25,23375.65,23389.8,3708346
1778578320,2026-05-12T15:02:00,23389.5,23389.85,23370.45,23371.6,2572625
1778578380,2026-05-12T15:03:00,23372.45,23376.55,23366.4,23373.85,4521050
1778578440,2026-05-12T15:04:00,23376.55,23392.55,23374.7,23390.9,5575335
1778578500,2026-05-12T15:05:00,23393.25,23393.7,23379.1,23385.35,5030747
1778578560,2026-05-12T15:06:00,23382.5,23393.3,23367.2,23368.75,3953542
1778578620,2026-05-12T15:07:00,23369.55,23370.6,23358.45,23360.05,3045368
1778578680,2026-05-12T15:08:00,23360.75,23363.35,23357.25,23362.3,2299505
1778578740,2026-05-12T15:09:00,23362.9,23367.15,23361.5,23363.55,1911136
1778578800,2026-05-12T15:10:00,23363.95,23371.2,23356.2,23362.15,3005773
1778578860,2026-05-12T15:11:00,23363.55,23375.7,23361.6,23363.95,3783194
1778578920,2026-05-12T15:12:00,23364.9,23364.9,23348.4,23355.8,4173077
1778578980,2026-05-12T15:13:00,23355.95,23360.9,23355.3,23358.9,2045359
1778579040,2026-05-12T15:14:00,23360.25,23363.0,23353.55,23354.8,2444778
1778579100,2026-05-12T15:15:00,23356.0,23375.0,23355.6,23372.35,3609399
1778579160,2026-05-12T15:16:00,23374.0,23374.0,23358.8,23373.95,3165717
1778579220,2026-05-12T15:17:00,23375.8,23381.75,23372.8,23373.95,2481929
1778579280,2026-05-12T15:18:00,23374.45,23378.85,23368.9,23377.9,2879864
1778579340,2026-05-12T15:19:00,23379.3,23386.55,23378.1,23386.55,2162340
1778579400,2026-05-12T15:20:00,23386.75,23388.6,23384.9,23387.45,3375907
1778579460,2026-05-12T15:21:00,23387.9,23389.45,23384.4,23385.85,2368872
1778579520,2026-05-12T15:22:00,23386.15,23388.35,23377.55,23388.35,3117300
1778579580,2026-05-12T15:23:00,23388.4,23388.6,23382.5,23386.15,2093054
1778579640,2026-05-12T15:24:00,23387.0,23391.8,23383.6,23389.75,2702448
1778579700,2026-05-12T15:25:00,23391.25,23392.85,23383.55,23388.1,2974029
1778579760,2026-05-12T15:26:00,23388.15,23403.2,23387.4,23402.9,2534850
1778579820,2026-05-12T15:27:00,23401.05,23420.7,23401.05,23418.85,2674571
1778579880,2026-05-12T15:28:00,23418.3,23426.2,23411.65,23415.85,2527869
1778579940,2026-05-12T15:29:00,23416.5,23434.85,23415.55,23430.55,1527037
1778643900,2026-05-13T09:15:00,23362.45,23503.8,23362.45,23448.85,6500167
1778643960,2026-05-13T09:16:00,23447.3,23476.2,23411.3,23424.8,4714141
1778644020,2026-05-13T09:17:00,23424.6,23448.95,23418.8,23421.85,2904802
1778644080,2026-05-13T09:18:00,23421.3,23440.0,23412.55,23439.75,3011317
1778644140,2026-05-13T09:19:00,23439.55,23439.95,23403.3,23405.4,1865360
1778644200,2026-05-13T09:20:00,23405.45,23424.6,23402.65,23415.85,1926298
1778644260,2026-05-13T09:21:00,23415.15,23415.85,23383.0,23387.15,1927337
1778644320,2026-05-13T09:22:00,23387.2,23398.2,23379.9,23394.95,1760815
1778644380,2026-05-13T09:23:00,23395.3,23435.0,23392.3,23431.6,1928996
1778644440,2026-05-13T09:24:00,23431.05,23441.15,23427.3,23437.9,2153666
1778644500,2026-05-13T09:25:00,23438.4,23439.95,23402.45,23411.9,1719646
1778644560,2026-05-13T09:26:00,23411.95,23413.15,23394.95,23395.95,1428117
1778644620,2026-05-13T09:27:00,23397.4,23416.0,23396.1,23415.2,1777162
1778644680,2026-05-13T09:28:00,23415.4,23421.7,23389.9,23395.6,1430767
1778644740,2026-05-13T09:29:00,23393.8,23394.65,23367.05,23367.05,2594694
1778644800,2026-05-13T09:30:00,23367.7,23387.65,23367.7,23385.0,1442627
1778644860,2026-05-13T09:31:00,23384.9,23385.7,23355.0,23357.85,1796993
1778644920,2026-05-13T09:32:00,23357.75,23362.95,23351.05,23351.95,1199293
1778644980,2026-05-13T09:33:00,23352.3,23360.1,23347.9,23354.85,1076040
1778645040,2026-05-13T09:34:00,23355.55,23360.45,23335.7,23337.95,1063953
1778645100,2026-05-13T09:35:00,23337.3,23339.35,23315.6,23315.7,1296197
1778645160,2026-05-13T09:36:00,23316.75,23317.7,23308.45,23309.65,1444279
1778645220,2026-05-13T09:37:00,23308.9,23312.35,23285.7,23287.6,1938328
1778645280,2026-05-13T09:38:00,23286.15,23296.8,23279.2,23280.3,1372354
1778645340,2026-05-13T09:39:00,23279.55,23281.6,23262.55,23276.5,1860226
1778645400,2026-05-13T09:40:00,23275.5,23279.25,23264.45,23268.5,1128954
1778645460,2026-05-13T09:41:00,23269.1,23280.7,23268.25,23275.4,1040275
1778645520,2026-05-13T09:42:00,23275.95,23307.65,23275.95,23304.95,1178696
1778645580,2026-05-13T09:43:00,23305.1,23307.5,23293.05,23298.8,1093400
1778645640,2026-05-13T09:44:00,23298.7,23314.2,23298.05,23308.5,1154418
1778645700,2026-05-13T09:45:00,23308.9,23327.0,23307.75,23311.8,888496
1778645760,2026-05-13T09:46:00,23311.6,23314.3,23305.1,23307.25,1180267
1778645820,2026-05-13T09:47:00,23306.65,23307.45,23291.5,23291.85,1051212
1778645880,2026-05-13T09:48:00,23290.3,23300.6,23287.1,23289.6,998905
1778645940,2026-05-13T09:49:00,23289.35,23305.05,23287.9,23298.75,1123676
1778646000,2026-05-13T09:50:00,23299.05,23307.2,23298.6,23306.5,795177
1778646060,2026-05-13T09:51:00,23306.55,23335.8,23305.2,23335.45,1337584
1778646120,2026-05-13T09:52:00,23335.25,23353.0,23332.1,23353.0,1178393
1778646180,2026-05-13T09:53:00,23352.85,23361.8,23352.85,23361.8,1237298
1778646240,2026-05-13T09:54:00,23361.6,23372.45,23360.75,23367.6,2205386
1778646300,2026-05-13T09:55:00,23367.25,23389.7,23367.25,23373.4,1330365
1778646360,2026-05-13T09:56:00,23373.4,23375.95,23365.85,23369.0,1194226
1778646420,2026-05-13T09:57:00,23368.45,23369.7,23354.25,23354.7,961625
1778646480,2026-05-13T09:58:00,23353.25,23361.8,23344.7,23361.45,1065519
1778646540,2026-05-13T09:59:00,23361.1,23372.45,23360.8,23372.45,755513
1778646600,2026-05-13T10:00:00,23371.15,23371.15,23354.15,23362.45,1121886
1778646660,2026-05-13T10:01:00,23362.35,23390.95,23362.35,23380.15,1997976
1778646720,2026-05-13T10:02:00,23380.45,23384.85,23376.6,23376.6,770839
1778646780,2026-05-13T10:03:00,23376.45,23380.85,23368.45,23376.1,1026868
1778646840,2026-05-13T10:04:00,23375.6,23392.45,23371.7,23392.45,849663
1778646900,2026-05-13T10:05:00,23392.6,23404.35,23392.2,23399.75,1379225
1778646960,2026-05-13T10:06:00,23399.45,23415.85,23398.95,23413.35,932451
1778647020,2026-05-13T10:07:00,23412.65,23426.25,23411.9,23412.6,1095854
1778647080,2026-05-13T10:08:00,23412.25,23412.7,23402.05,23410.35,773622
1778647140,2026-05-13T10:09:00,23410.0,23413.85,23405.4,23407.4,840533
1778647200,2026-05-13T10:10:00,23407.5,23411.4,23394.35,23394.35,1088115
1778647260,2026-05-13T10:11:00,23393.65,23394.95,23382.9,23384.7,1122073
1778647320,2026-05-13T10:12:00,23383.7,23399.25,23381.25,23390.1,785853
1778647380,2026-05-13T10:13:00,23389.65,23402.15,23387.65,23400.9,728402
1778647440,2026-05-13T10:14:00,23400.55,23407.9,23399.7,23403.05,715996
1778647500,2026-05-13T10:15:00,23403.2,23414.65,23398.45,23413.8,937005
1778647560,2026-05-13T10:16:00,23413.55,23424.25,23413.4,23422.1,965220
1778647620,2026-05-13T10:17:00,23421.5,23434.5,23421.45,23434.2,977231
1778647680,2026-05-13T10:18:00,23434.2,23440.55,23430.95,23439.45,1172314
1778647740,2026-05-13T10:19:00,23439.4,23439.95,23430.5,23436.05,1039515
1778647800,2026-05-13T10:20:00,23435.8,23452.45,23435.8,23452.0,1582035
1778647860,2026-05-13T10:21:00,23451.75,23463.95,23443.8,23448.55,1188485
1778647920,2026-05-13T10:22:00,23447.85,23448.25,23440.8,23443.95,1027968
1778647980,2026-05-13T10:23:00,23443.95,23462.2,23443.9,23459.65,1233346
1778648040,2026-05-13T10:24:00,23459.75,23461.75,23452.1,23460.85,1297658
1778648100,2026-05-13T10:25:00,23460.85,23467.4,23459.45,23460.7,1074874
1778648160,2026-05-13T10:26:00,23460.55,23468.1,23460.3,23468.05,1762489
1778648220,2026-05-13T10:27:00,23468.3,23475.85,23466.0,23475.05,1531991
1778648280,2026-05-13T10:28:00,23474.7,23477.8,23467.65,23468.8,1085615
1778648340,2026-05-13T10:29:00,23466.95,23468.8,23452.1,23452.45,1445986
1778648400,2026-05-13T10:30:00,23452.25,23456.95,23443.35,23448.8,1146339
1778648460,2026-05-13T10:31:00,23448.5,23458.1,23446.45,23452.05,919663
1778648520,2026-05-13T10:32:00,23452.1,23456.95,23446.25,23451.55,1000438
1778648580,2026-05-13T10:33:00,23451.55,23456.8,23450.0,23454.3,805284
1778648640,2026-05-13T10:34:00,23454.35,23478.6,23454.35,23475.9,1539687
1778648700,2026-05-13T10:35:00,23475.5,23476.55,23461.65,23461.65,1088694
1778648760,2026-05-13T10:36:00,23461.8,23461.9,23453.55,23453.55,818794
1778648820,2026-05-13T10:37:00,23453.25,23463.5,23449.7,23462.75,1133291
1778648880,2026-05-13T10:38:00,23462.1,23464.15,23448.1,23448.1,781192
1778648940,2026-05-13T10:39:00,23447.65,23449.3,23423.6,23429.1,770625
1778649000,2026-05-13T10:40:00,23429.85,23451.8,23429.25,23451.8,919870
1778649060,2026-05-13T10:41:00,23451.45,23463.1,23450.55,23460.55,872042
1778649120,2026-05-13T10:42:00,23460.95,23463.0,23454.6,23459.15,771556
1778649180,2026-05-13T10:43:00,23459.2,23464.6,23456.6,23462.35,1136535
1778649240,2026-05-13T10:44:00,23461.95,23466.1,23460.8,23464.0,1601541
1778649300,2026-05-13T10:45:00,23464.05,23472.45,23462.9,23469.65,1059192
1778649360,2026-05-13T10:46:00,23469.35,23469.65,23462.25,23462.85,752199
1778649420,2026-05-13T10:47:00,23462.85,23465.75,23460.2,23460.35,666904
1778649480,2026-05-13T10:48:00,23459.95,23462.9,23455.5,23462.75,622290
1778649540,2026-05-13T10:49:00,23462.6,23463.45,23445.4,23445.6,724023
1778649600,2026-05-13T10:50:00,23445.65,23450.5,23445.45,23447.25,648820
1778649660,2026-05-13T10:51:00,23447.0,23451.75,23444.6,23447.4,693176
1778649720,2026-05-13T10:52:00,23447.6,23457.85,23445.4,23457.85,756980
1778649780,2026-05-13T10:53:00,23457.95,23459.0,23437.85,23438.9,1166498
1778649840,2026-05-13T10:54:00,23439.4,23446.3,23437.3,23440.75,1212989
1778649900,2026-05-13T10:55:00,23441.15,23443.15,23420.2,23421.0,848235
1778649960,2026-05-13T10:56:00,23421.35,23423.1,23415.1,23416.4,646041
1778650020,2026-05-13T10:57:00,23416.85,23417.0,23402.95,23403.65,777774
1778650080,2026-05-13T10:58:00,23403.6,23403.75,23382.6,23383.8,921115
1778650140,2026-05-13T10:59:00,23380.3,23385.7,23374.8,23374.8,1183049
1778650200,2026-05-13T11:00:00,23374.8,23383.05,23368.05,23381.9,952441
1778650260,2026-05-13T11:01:00,23381.85,23392.1,23379.1,23387.8,745122
1778650320,2026-05-13T11:02:00,23387.7,23395.55,23384.25,23395.4,528492
1778650380,2026-05-13T11:03:00,23395.35,23409.4,23393.8,23401.45,1079121
1778650440,2026-05-13T11:04:00,23401.7,23407.15,23395.6,23402.05,658815
1778650500,2026-05-13T11:05:00,23401.45,23404.25,23393.55,23395.25,534755
1778650560,2026-05-13T11:06:00,23394.4,23396.1,23382.6,23384.15,688737
1778650620,2026-05-13T11:07:00,23384.3,23398.35,23383.55,23395.85,995533
1778650680,2026-05-13T11:08:00,23395.75,23397.75,23393.85,23395.0,1358001
1778650740,2026-05-13T11:09:00,23394.6,23404.3,23393.8,23400.45,1073848
1778650800,2026-05-13T11:10:00,23400.3,23402.0,23393.5,23401.8,1049744
1778650860,2026-05-13T11:11:00,23401.7,23404.55,23395.6,23397.3,827851
1778650920,2026-05-13T11:12:00,23396.5,23397.05,23383.1,23383.95,993155
1778650980,2026-05-13T11:13:00,23384.05,23394.8,23382.95,23390.5,1538745
1778651040,2026-05-13T11:14:00,23390.3,23405.2,23387.9,23403.95,1035622
1778651100,2026-05-13T11:15:00,23403.8,23411.55,23402.05,23409.7,724681
1778651160,2026-05-13T11:16:00,23409.75,23416.45,23409.4,23412.2,589697
1778651220,2026-05-13T11:17:00,23411.8,23412.3,23392.85,23400.35,771374
1778651280,2026-05-13T11:18:00,23399.95,23406.4,23395.95,23405.45,695570
1778651340,2026-05-13T11:19:00,23405.0,23412.05,23405.0,23409.4,615009
1778651400,2026-05-13T11:20:00,23409.25,23411.2,23406.6,23409.05,572446
1778651460,2026-05-13T11:21:00,23409.55,23410.35,23397.65,23402.55,776681
1778651520,2026-05-13T11:22:00,23402.65,23407.65,23398.7,23398.75,473648
1778651580,2026-05-13T11:23:00,23397.45,23403.1,23392.75,23399.15,603025
1778651640,2026-05-13T11:24:00,23399.75,23416.0,23399.4,23409.6,515875
1778651700,2026-05-13T11:25:00,23409.45,23410.7,23401.3,23404.15,580799
1778651760,2026-05-13T11:26:00,23403.95,23405.9,23399.4,23402.05,602316
1778651820,2026-05-13T11:27:00,23401.85,23405.75,23397.1,23399.2,771967
1778651880,2026-05-13T11:28:00,23398.7,23400.8,23393.0,23398.05,604906
1778651940,2026-05-13T11:29:00,23397.1,23405.25,23396.5,23399.0,637495
1778652000,2026-05-13T11:30:00,23399.85,23401.65,23395.7,23400.25,745618
1778652060,2026-05-13T11:31:00,23399.3,23409.95,23398.5,23409.9,633795
1778652120,2026-05-13T11:32:00,23408.3,23410.8,23402.25,23403.15,743150
1778652180,2026-05-13T11:33:00,23402.2,23405.35,23397.35,23401.9,543889
1778652240,2026-05-13T11:34:00,23401.6,23407.9,23401.5,23406.95,442495
1778652300,2026-05-13T11:35:00,23405.75,23415.8,23405.15,23414.3,624556
1778652360,2026-05-13T11:36:00,23414.65,23440.4,23413.65,23436.45,910719
1778652420,2026-05-13T11:37:00,23436.1,23448.7,23435.9,23446.85,994305
1778652480,2026-05-13T11:38:00,23446.7,23462.8,23446.7,23458.95,954406
1778652540,2026-05-13T11:39:00,23458.0,23468.5,23453.7,23468.5,764214
1778652600,2026-05-13T11:40:00,23468.6,23475.15,23466.6,23474.7,854448
1778652660,2026-05-13T11:41:00,23474.75,23480.05,23474.6,23476.4,954909
1778652720,2026-05-13T11:42:00,23476.8,23493.0,23476.25,23493.0,1527481
1778652780,2026-05-13T11:43:00,23492.45,23497.25,23485.0,23489.9,1290329
1778652840,2026-05-13T11:44:00,23490.9,23498.85,23486.7,23498.6,1028252
1778652900,2026-05-13T11:45:00,23499.0,23509.9,23498.7,23501.45,997599
1778652960,2026-05-13T11:46:00,23499.95,23501.3,23494.35,23495.45,1181863
1778653020,2026-05-13T11:47:00,23494.1,23500.3,23488.9,23489.45,1021839
1778653080,2026-05-13T11:48:00,23488.1,23493.2,23482.55,23489.9,955059
1778653140,2026-05-13T11:49:00,23490.05,23491.55,23480.55,23482.55,668502
1778653200,2026-05-13T11:50:00,23481.95,23491.2,23477.3,23485.9,1063050
1778653260,2026-05-13T11:51:00,23485.9,23491.7,23484.85,23491.2,514642
1778653320,2026-05-13T11:52:00,23490.95,23500.25,23490.95,23495.4,545789
1778653380,2026-05-13T11:53:00,23496.15,23498.0,23473.3,23478.55,738593
1778653440,2026-05-13T11:54:00,23477.85,23479.65,23472.85,23474.5,484831
1778653500,2026-05-13T11:55:00,23473.15,23488.1,23472.1,23487.5,559469
1778653560,2026-05-13T11:56:00,23487.25,23488.9,23480.25,23487.05,868215
1778653620,2026-05-13T11:57:00,23486.8,23488.85,23479.0,23480.75,621692
1778653680,2026-05-13T11:58:00,23479.0,23480.8,23471.25,23479.0,992777
1778653740,2026-05-13T11:59:00,23478.7,23481.6,23466.0,23466.1,777143
1778653800,2026-05-13T12:00:00,23465.45,23481.55,23465.45,23479.4,638779
1778653860,2026-05-13T12:01:00,23478.8,23485.15,23474.55,23475.9,1175780
1778653920,2026-05-13T12:02:00,23475.3,23478.55,23471.55,23473.45,693580
1778653980,2026-05-13T12:03:00,23472.95,23483.8,23471.55,23482.6,889051
1778654040,2026-05-13T12:04:00,23482.1,23488.75,23482.1,23486.65,702301
1778654100,2026-05-13T12:05:00,23486.3,23491.35,23481.7,23483.95,677442
1778654160,2026-05-13T12:06:00,23483.1,23496.35,23483.1,23492.1,1169103
1778654220,2026-05-13T12:07:00,23491.25,23495.85,23485.8,23495.6,647576
1778654280,2026-05-13T12:08:00,23494.55,23499.3,23488.7,23491.2,815209
1778654340,2026-05-13T12:09:00,23488.5,23498.6,23486.9,23497.7,823544
1778654400,2026-05-13T12:10:00,23496.85,23503.0,23493.05,23502.2,571222
1778654460,2026-05-13T12:11:00,23501.3,23503.1,23492.6,23495.5,1018231
1778654520,2026-05-13T12:12:00,23495.35,23499.9,23494.55,23498.95,762789
1778654580,2026-05-13T12:13:00,23498.9,23507.6,23498.9,23506.45,970133
1778654640,2026-05-13T12:14:00,23505.35,23514.15,23505.35,23512.75,921927
1778654700,2026-05-13T12:15:00,23511.95,23518.7,23509.65,23511.5,1171634
1778654760,2026-05-13T12:16:00,23510.5,23511.5,23491.0,23493.95,1061419
1778654820,2026-05-13T12:17:00,23494.5,23498.15,23481.1,23481.1,825944
1778654880,2026-05-13T12:18:00,23480.75,23495.65,23479.05,23493.9,1037068
1778654940,2026-05-13T12:19:00,23492.4,23501.4,23492.4,23497.95,531229
1778655000,2026-05-13T12:20:00,23497.15,23497.65,23483.65,23489.0,690809
1778655060,2026-05-13T12:21:00,23488.3,23493.0,23486.6,23492.25,952049
1778655120,2026-05-13T12:22:00,23491.95,23493.45,23487.3,23491.6,621499
1778655180,2026-05-13T12:23:00,23489.6,23491.4,23486.75,23488.15,1565452
1778655240,2026-05-13T12:24:00,23487.25,23490.6,23484.55,23488.5,789902
1778655300,2026-05-13T12:25:00,23488.2,23491.35,23485.75,23486.85,735003
1778655360,2026-05-13T12:26:00,23486.4,23493.0,23481.75,23491.85,836783
1778655420,2026-05-13T12:27:00,23490.75,23495.9,23490.75,23492.35,610925
1778655480,2026-05-13T12:28:00,23492.1,23492.7,23484.5,23488.95,628215
1778655540,2026-05-13T12:29:00,23488.95,23491.25,23484.45,23491.0,683001
1778655600,2026-05-13T12:30:00,23489.5,23496.0,23489.5,23493.45,730692
1778655660,2026-05-13T12:31:00,23492.35,23497.05,23489.1,23489.1,620772
1778655720,2026-05-13T12:32:00,23488.35,23490.0,23482.65,23485.05,591429
1778655780,2026-05-13T12:33:00,23484.85,23485.9,23474.4,23476.3,832781
1778655840,2026-05-13T12:34:00,23476.65,23480.75,23475.1,23478.95,619105
1778655900,2026-05-13T12:35:00,23478.95,23484.25,23459.65,23463.5,1309345
1778655960,2026-05-13T12:36:00,23463.2,23467.45,23449.5,23450.35,884946
1778656020,2026-05-13T12:37:00,23450.2,23467.6,23449.7,23461.6,969717
1778656080,2026-05-13T12:38:00,23461.85,23469.0,23460.4,23467.6,728489
1778656140,2026-05-13T12:39:00,23467.7,23470.4,23459.85,23465.25,1168782
1778656200,2026-05-13T12:40:00,23465.0,23466.0,23437.9,23439.05,1385807
1778656260,2026-05-13T12:41:00,23438.1,23439.05,23423.3,23424.3,1759973
1778656320,2026-05-13T12:42:00,23424.0,23448.2,23424.0,23447.85,927990
1778656380,2026-05-13T12:43:00,23447.4,23455.85,23445.95,23455.05,741452
1778656440,2026-05-13T12:44:00,23455.0,23456.8,23453.1,23453.9,666738
1778656500,2026-05-13T12:45:00,23453.55,23461.4,23449.65,23459.65,593640
1778656560,2026-05-13T12:46:00,23459.3,23464.25,23454.6,23464.05,543713
1778656620,2026-05-13T12:47:00,23463.7,23469.75,23462.7,23463.15,702496
1778656680,2026-05-13T12:48:00,23462.55,23465.05,23460.15,23461.3,517338
1778656740,2026-05-13T12:49:00,23460.95,23469.15,23460.95,23468.45,559464
1778656800,2026-05-13T12:50:00,23468.2,23477.6,23467.65,23477.2,931274
1778656860,2026-05-13T12:51:00,23477.55,23483.15,23474.55,23482.05,971579
1778656920,2026-05-13T12:52:00,23481.8,23495.05,23478.85,23493.6,728531
1778656980,2026-05-13T12:53:00,23493.45,23504.25,23491.3,23502.05,1054329
1778657040,2026-05-13T12:54:00,23501.9,23526.85,23501.9,23525.85,1855885
1778657100,2026-05-13T12:55:00,23525.85,23542.9,23525.85,23540.15,1649938
1778657160,2026-05-13T12:56:00,23540.05,23557.95,23540.05,23557.5,1540418
1778657220,2026-05-13T12:57:00,23557.95,23575.55,23556.95,23572.65,1223719
1778657280,2026-05-13T12:58:00,23572.05,23573.05,23566.75,23572.9,1408944
1778657340,2026-05-13T12:59:00,23572.8,23579.6,23569.55,23577.95,865160
1778657400,2026-05-13T13:00:00,23578.1,23582.95,23553.3,23559.05,1550395
1778657460,2026-05-13T13:01:00,23557.7,23563.0,23554.05,23561.05,1248321
1778657520,2026-05-13T13:02:00,23560.35,23565.7,23549.35,23555.85,998710
1778657580,2026-05-13T13:03:00,23555.15,23572.3,23555.15,23567.65,1169940
1778657640,2026-05-13T13:04:00,23567.05,23568.85,23558.15,23559.35,898179
1778657700,2026-05-13T13:05:00,23558.65,23561.95,23550.65,23553.05,800888
1778657760,2026-05-13T13:06:00,23551.8,23560.15,23550.6,23551.55,764646
1778657820,2026-05-13T13:07:00,23550.95,23552.1,23537.4,23537.65,822218
1778657880,2026-05-13T13:08:00,23537.75,23538.45,23528.3,23533.0,884138
1778657940,2026-05-13T13:09:00,23532.05,23539.8,23531.4,23532.45,643131
1778658000,2026-05-13T13:10:00,23531.5,23541.65,23530.1,23541.25,562275
1778658060,2026-05-13T13:11:00,23540.7,23542.85,23539.25,23541.25,767009
1778658120,2026-05-13T13:12:00,23541.2,23553.6,23541.15,23547.3,652620
1778658180,2026-05-13T13:13:00,23546.6,23547.8,23540.05,23542.5,681715
1778658240,2026-05-13T13:14:00,23542.1,23542.65,23534.8,23538.5,1296722
1778658300,2026-05-13T13:15:00,23538.0,23538.95,23523.0,23523.6,695617
1778658360,2026-05-13T13:16:00,23523.25,23525.2,23514.65,23518.55,542053
1778658420,2026-05-13T13:17:00,23517.7,23520.2,23502.8,23506.45,908699
1778658480,2026-05-13T13:18:00,23506.2,23507.5,23494.4,23499.4,618760
1778658540,2026-05-13T13:19:00,23498.75,23509.85,23498.3,23505.1,580698
1778658600,2026-05-13T13:20:00,23505.15,23514.55,23504.05,23508.9,552191
1778658660,2026-05-13T13:21:00,23508.7,23509.35,23495.1,23500.7,917896
1778658720,2026-05-13T13:22:00,23500.55,23508.05,23500.55,23501.45,658589
1778658780,2026-05-13T13:23:00,23500.8,23511.75,23499.6,23507.15,505128
1778658840,2026-05-13T13:24:00,23506.85,23512.65,23504.65,23508.3,665080
1778658900,2026-05-13T13:25:00,23508.5,23510.55,23500.8,23502.95,771555
1778658960,2026-05-13T13:26:00,23502.7,23508.0,23498.2,23506.95,624085
1778659020,2026-05-13T13:27:00,23506.65,23512.7,23506.65,23509.15,424428
1778659080,2026-05-13T13:28:00,23508.85,23510.2,23495.85,23495.95,728010
1778659140,2026-05-13T13:29:00,23494.95,23499.55,23490.55,23496.75,900145
1778659200,2026-05-13T13:30:00,23492.05,23506.8,23492.05,23498.8,618810
1778659260,2026-05-13T13:31:00,23498.55,23516.05,23496.95,23514.25,708986
1778659320,2026-05-13T13:32:00,23514.2,23536.9,23513.8,23534.7,1138694
1778659380,2026-05-13T13:33:00,23535.0,23540.5,23528.05,23533.3,609099
1778659440,2026-05-13T13:34:00,23532.9,23535.1,23526.9,23533.55,499924
1778659500,2026-05-13T13:35:00,23532.85,23536.4,23526.55,23535.55,522206
1778659560,2026-05-13T13:36:00,23535.15,23539.15,23533.75,23538.05,489260
1778659620,2026-05-13T13:37:00,23537.5,23538.0,23516.95,23519.4,525891
1778659680,2026-05-13T13:38:00,23518.5,23523.0,23518.0,23521.45,586236
1778659740,2026-05-13T13:39:00,23521.5,23536.85,23521.25,23535.55,538744
1778659800,2026-05-13T13:40:00,23535.9,23538.1,23531.85,23535.4,433662
1778659860,2026-05-13T13:41:00,23534.8,23538.6,23532.2,23537.2,475399
1778659920,2026-05-13T13:42:00,23537.1,23538.75,23527.0,23530.5,599094
1778659980,2026-05-13T13:43:00,23529.75,23534.75,23527.55,23527.55,691359
1778660040,2026-05-13T13:44:00,23528.1,23529.15,23520.8,23523.35,559815
1778660100,2026-05-13T13:45:00,23522.05,23532.05,23518.4,23524.55,587352
1778660160,2026-05-13T13:46:00,23525.35,23528.05,23517.55,23518.85,512044
1778660220,2026-05-13T13:47:00,23518.85,23530.05,23518.85,23529.95,618914
1778660280,2026-05-13T13:48:00,23530.05,23535.0,23513.55,23515.45,718220
1778660340,2026-05-13T13:49:00,23514.4,23516.95,23504.55,23511.75,980521
1778660400,2026-05-13T13:50:00,23510.75,23513.25,23507.1,23512.05,656322
1778660460,2026-05-13T13:51:00,23512.0,23521.6,23512.0,23517.8,487185
1778660520,2026-05-13T13:52:00,23517.65,23522.0,23514.15,23515.45,547182
1778660580,2026-05-13T13:53:00,23515.05,23515.35,23509.3,23510.35,454525
1778660640,2026-05-13T13:54:00,23510.0,23513.65,23507.5,23508.0,526880
1778660700,2026-05-13T13:55:00,23508.0,23509.6,23481.75,23483.15,1326252
1778660760,2026-05-13T13:56:00,23481.85,23494.7,23480.25,23494.1,1008745
1778660820,2026-05-13T13:57:00,23494.75,23503.65,23493.75,23501.6,518920
1778660880,2026-05-13T13:58:00,23501.75,23506.15,23491.8,23492.35,639865
1778660940,2026-05-13T13:59:00,23492.5,23500.85,23492.4,23499.8,414712
1778661000,2026-05-13T14:00:00,23499.85,23512.3,23497.05,23506.3,788378
1778661060,2026-05-13T14:01:00,23504.9,23508.1,23489.4,23493.7,3091522
1778661120,2026-05-13T14:02:00,23493.8,23496.7,23490.75,23493.5,460167
1778661180,2026-05-13T14:03:00,23493.25,23500.6,23493.0,23494.9,492170
1778661240,2026-05-13T14:04:00,23494.55,23495.35,23481.8,23490.15,769533
1778661300,2026-05-13T14:05:00,23489.85,23498.85,23489.85,23496.1,611361
1778661360,2026-05-13T14:06:00,23495.35,23499.9,23493.25,23498.7,495963
1778661420,2026-05-13T14:07:00,23499.55,23506.65,23493.3,23495.15,945206
1778661480,2026-05-13T14:08:00,23494.85,23508.6,23494.8,23506.15,993673
1778661540,2026-05-13T14:09:00,23506.0,23513.45,23506.0,23513.0,729936
1778661600,2026-05-13T14:10:00,23512.9,23519.3,23512.55,23517.5,831699
1778661660,2026-05-13T14:11:00,23517.3,23517.8,23507.65,23509.3,587941
1778661720,2026-05-13T14:12:00,23509.25,23523.5,23507.95,23522.15,712784
1778661780,2026-05-13T14:13:00,23521.65,23525.0,23516.1,23519.3,579831
1778661840,2026-05-13T14:14:00,23518.35,23519.85,23514.1,23516.8,518216
1778661900,2026-05-13T14:15:00,23516.5,23522.4,23515.25,23517.5,596573
1778661960,2026-05-13T14:16:00,23517.6,23520.35,23512.4,23515.15,474147
1778662020,2026-05-13T14:17:00,23513.6,23518.45,23513.05,23514.2,482432
1778662080,2026-05-13T14:18:00,23514.4,23514.4,23487.6,23490.05,1080954
1778662140,2026-05-13T14:19:00,23490.05,23492.45,23483.25,23483.45,553573
1778662200,2026-05-13T14:20:00,23482.35,23484.2,23471.6,23471.85,972622
1778662260,2026-05-13T14:21:00,23471.85,23480.85,23469.8,23474.35,826325
1778662320,2026-05-13T14:22:00,23474.45,23483.8,23474.45,23481.85,899617
1778662380,2026-05-13T14:23:00,23481.5,23491.2,23477.9,23491.15,1069605
1778662440,2026-05-13T14:24:00,23491.9,23514.3,23491.9,23510.55,1710857
1778662500,2026-05-13T14:25:00,23509.5,23516.35,23495.9,23496.8,1502125
1778662560,2026-05-13T14:26:00,23494.55,23497.85,23488.0,23493.8,786197
1778662620,2026-05-13T14:27:00,23492.95,23493.9,23481.4,23488.25,1151298
1778662680,2026-05-13T14:28:00,23488.55,23496.05,23488.45,23494.9,720890
1778662740,2026-05-13T14:29:00,23494.8,23498.35,23489.8,23491.35,745254
1778662800,2026-05-13T14:30:00,23491.05,23496.75,23491.05,23492.2,1298128
1778662860,2026-05-13T14:31:00,23491.2,23500.6,23490.2,23500.6,1060414
1778662920,2026-05-13T14:32:00,23500.6,23502.95,23498.25,23499.55,1874559
1778662980,2026-05-13T14:33:00,23499.25,23502.9,23491.7,23491.7,1651251
1778663040,2026-05-13T14:34:00,23492.35,23498.55,23491.0,23498.15,1026884
1778663100,2026-05-13T14:35:00,23497.4,23503.0,23490.9,23495.1,1200765
1778663160,2026-05-13T14:36:00,23494.8,23498.75,23488.35,23489.5,1016669
1778663220,2026-05-13T14:37:00,23489.4,23496.3,23487.7,23496.3,1002061
1778663280,2026-05-13T14:38:00,23496.4,23504.0,23491.8,23502.7,874455
1778663340,2026-05-13T14:39:00,23502.0,23504.4,23498.4,23500.15,1040822
1778663400,2026-05-13T14:40:00,23499.7,23501.5,23481.8,23481.8,1167547
1778663460,2026-05-13T14:41:00,23480.95,23485.05,23472.4,23484.85,1328041
1778663520,2026-05-13T14:42:00,23485.2,23495.4,23480.8,23481.6,1021119
1778663580,2026-05-13T14:43:00,23480.35,23489.4,23478.75,23488.1,967572
1778663640,2026-05-13T14:44:00,23487.4,23489.1,23465.2,23467.5,1430244
1778663700,2026-05-13T14:45:00,23468.2,23468.3,23448.3,23448.4,2268032
1778663760,2026-05-13T14:46:00,23448.55,23478.7,23446.65,23478.7,1937230
1778663820,2026-05-13T14:47:00,23476.85,23483.75,23474.95,23477.3,1060253
1778663880,2026-05-13T14:48:00,23476.55,23484.2,23475.35,23476.1,974973
1778663940,2026-05-13T14:49:00,23476.0,23484.35,23474.95,23482.85,787974
1778664000,2026-05-13T14:50:00,23482.7,23490.05,23477.9,23488.8,992468
1778664060,2026-05-13T14:51:00,23488.65,23490.85,23469.55,23479.2,922535
1778664120,2026-05-13T14:52:00,23479.2,23483.2,23477.35,23481.5,711377
1778664180,2026-05-13T14:53:00,23481.35,23486.6,23478.75,23483.2,891798
1778664240,2026-05-13T14:54:00,23483.05,23487.5,23480.6,23485.1,785406
1778664300,2026-05-13T14:55:00,23483.95,23486.65,23477.95,23479.95,816332
1778664360,2026-05-13T14:56:00,23479.55,23482.25,23474.25,23479.4,948476
1778664420,2026-05-13T14:57:00,23479.0,23484.2,23476.45,23478.65,826453
1778664480,2026-05-13T14:58:00,23478.15,23483.85,23477.3,23483.3,950882
1778664540,2026-05-13T14:59:00,23483.25,23483.95,23474.65,23479.2,1043711
1778664600,2026-05-13T15:00:00,23476.75,23478.7,23432.65,23435.65,3758303
1778664660,2026-05-13T15:01:00,23434.3,23439.6,23423.3,23426.0,1717785
1778664720,2026-05-13T15:02:00,23423.75,23426.1,23418.45,23421.0,1998251
1778664780,2026-05-13T15:03:00,23420.05,23434.35,23416.25,23433.05,2253806
1778664840,2026-05-13T15:04:00,23432.05,23434.25,23417.9,23418.3,1809696
1778664900,2026-05-13T15:05:00,23418.8,23421.25,23406.25,23407.6,2300772
1778664960,2026-05-13T15:06:00,23407.15,23412.3,23404.4,23410.75,2285754
1778665020,2026-05-13T15:07:00,23410.45,23415.45,23410.05,23412.35,1814231
1778665080,2026-05-13T15:08:00,23412.05,23412.85,23402.85,23407.85,2118812
1778665140,2026-05-13T15:09:00,23407.0,23425.7,23407.0,23423.95,1900515
1778665200,2026-05-13T15:10:00,23423.35,23424.95,23408.0,23414.15,2037585
1778665260,2026-05-13T15:11:00,23413.15,23418.3,23405.0,23408.2,1940397
1778665320,2026-05-13T15:12:00,23407.55,23412.15,23405.9,23407.55,1919735
1778665380,2026-05-13T15:13:00,23407.15,23415.3,23407.15,23415.3,2010659
1778665440,2026-05-13T15:14:00,23414.55,23426.25,23412.85,23425.7,1993454
1778665500,2026-05-13T15:15:00,23425.4,23428.15,23417.15,23422.4,2186756
1778665560,2026-05-13T15:16:00,23421.25,23428.25,23421.15,23424.15,2076938
1778665620,2026-05-13T15:17:00,23422.7,23425.2,23418.5,23419.5,1511932
1778665680,2026-05-13T15:18:00,23418.6,23420.25,23413.65,23416.7,2252696
1778665740,2026-05-13T15:19:00,23415.85,23417.95,23411.75,23412.7,2282044
1778665800,2026-05-13T15:20:00,23412.55,23414.85,23404.6,23405.9,3044394
1778665860,2026-05-13T15:21:00,23405.35,23407.15,23399.95,23401.85,3130042
1778665920,2026-05-13T15:22:00,23400.45,23403.7,23395.25,23396.45,2103070
1778665980,2026-05-13T15:23:00,23396.0,23401.2,23394.35,23399.7,2494856
1778666040,2026-05-13T15:24:00,23398.4,23401.55,23394.4,23398.25,2973997
1778666100,2026-05-13T15:25:00,23397.35,23406.2,23397.35,23405.5,3001363
1778666160,2026-05-13T15:26:00,23403.9,23415.25,23403.4,23412.55,2233759
1778666220,2026-05-13T15:27:00,23412.4,23413.3,23403.0,23410.3,3160508
1778666280,2026-05-13T15:28:00,23411.15,23423.05,23404.9,23421.15,1929307
1778666340,2026-05-13T15:29:00,23422.65,23436.95,23420.0,23428.7,1916784
1778730300,2026-05-14T09:15:00,23530.25,23570.85,23530.25,23534.35,6731740
1778730360,2026-05-14T09:16:00,23536.05,23563.9,23515.6,23541.5,4114823
1778730420,2026-05-14T09:17:00,23540.35,23567.95,23535.3,23567.25,4036746
1778730480,2026-05-14T09:18:00,23568.65,23581.5,23558.95,23560.0,3483628
1778730540,2026-05-14T09:19:00,23558.4,23560.95,23548.6,23550.05,2353511
1778730600,2026-05-14T09:20:00,23549.9,23571.4,23548.9,23557.3,2461017
1778730660,2026-05-14T09:21:00,23558.55,23573.75,23554.35,23558.5,2617140
1778730720,2026-05-14T09:22:00,23559.5,23575.65,23558.4,23567.95,2138088
1778730780,2026-05-14T09:23:00,23568.7,23572.3,23560.0,23566.85,2007126
1778730840,2026-05-14T09:24:00,23566.65,23570.3,23556.8,23569.45,1919670
1778730900,2026-05-14T09:25:00,23569.7,23575.3,23564.3,23567.25,1443266
1778730960,2026-05-14T09:26:00,23567.3,23581.25,23564.55,23578.25,1247523
1778731020,2026-05-14T09:27:00,23578.5,23580.3,23568.3,23571.0,1062811
1778731080,2026-05-14T09:28:00,23571.15,23576.9,23567.65,23573.95,1056463
1778731140,2026-05-14T09:29:00,23573.8,23589.2,23573.3,23581.3,1567099
1778731200,2026-05-14T09:30:00,23581.35,23586.2,23571.8,23573.9,1643287
1778731260,2026-05-14T09:31:00,23573.45,23579.85,23570.55,23577.85,1083110
1778731320,2026-05-14T09:32:00,23580.0,23580.0,23570.05,23574.65,1588177
1778731380,2026-05-14T09:33:00,23577.25,23581.8,23573.1,23576.15,1248573
1778731440,2026-05-14T09:34:00,23577.55,23580.25,23562.8,23564.3,1141360
1778731500,2026-05-14T09:35:00,23565.5,23565.55,23557.3,23560.65,1370630
1778731560,2026-05-14T09:36:00,23562.9,23569.95,23549.3,23550.3,1172206
1778731620,2026-05-14T09:37:00,23551.7,23553.5,23538.95,23552.6,1393919
1778731680,2026-05-14T09:38:00,23553.75,23553.75,23538.7,23540.85,1550042
1778731740,2026-05-14T09:39:00,23541.85,23541.85,23523.85,23524.5,1616214
1778731800,2026-05-14T09:40:00,23525.75,23526.3,23517.15,23518.25,1956649
1778731860,2026-05-14T09:41:00,23521.05,23521.25,23511.05,23511.1,1250050
1778731920,2026-05-14T09:42:00,23512.95,23512.95,23502.35,23503.55,1467710
1778731980,2026-05-14T09:43:00,23505.4,23512.5,23504.3,23505.35,1205613
1778732040,2026-05-14T09:44:00,23506.75,23509.05,23493.8,23496.8,1155452
1778732100,2026-05-14T09:45:00,23499.0,23516.45,23496.45,23515.8,1283996
1778732160,2026-05-14T09:46:00,23518.4,23532.95,23514.85,23517.35,1541982
1778732220,2026-05-14T09:47:00,23519.65,23526.25,23515.3,23516.45,1242307
1778732280,2026-05-14T09:48:00,23517.4,23518.45,23495.25,23497.05,1832751
1778732340,2026-05-14T09:49:00,23498.25,23498.25,23490.2,23492.65,915613
1778732400,2026-05-14T09:50:00,23494.05,23498.35,23489.15,23494.0,1182732
1778732460,2026-05-14T09:51:00,23495.2,23500.7,23492.5,23496.45,1272255
1778732520,2026-05-14T09:52:00,23498.3,23502.8,23496.25,23496.4,1160732
1778732580,2026-05-14T09:53:00,23497.1,23497.1,23478.0,23478.35,1389697
1778732640,2026-05-14T09:54:00,23482.1,23483.0,23468.65,23471.45,1475152
1778732700,2026-05-14T09:55:00,23473.2,23479.35,23464.4,23468.0,1253462
1778732760,2026-05-14T09:56:00,23470.55,23475.35,23459.45,23461.2,1179406
1778732820,2026-05-14T09:57:00,23462.9,23469.15,23452.85,23467.15,1120789
1778732880,2026-05-14T09:58:00,23468.25,23468.7,23447.85,23447.95,1157833
1778732940,2026-05-14T09:59:00,23450.8,23465.7,23446.7,23464.45,1022364
1778733000,2026-05-14T10:00:00,23466.1,23468.75,23455.45,23455.45,844446
1778733060,2026-05-14T10:01:00,23457.8,23470.55,23456.45,23470.55,815152
1778733120,2026-05-14T10:02:00,23471.6,23489.4,23471.2,23489.4,919467
1778733180,2026-05-14T10:03:00,23490.8,23492.6,23482.8,23485.85,1015852
1778733240,2026-05-14T10:04:00,23487.35,23488.0,23478.1,23482.55,1020723
1778733300,2026-05-14T10:05:00,23483.8,23490.35,23482.45,23483.8,1008995
1778733360,2026-05-14T10:06:00,23484.95,23484.95,23465.7,23465.8,777221
1778733420,2026-05-14T10:07:00,23468.75,23474.15,23464.75,23469.6,771483
1778733480,2026-05-14T10:08:00,23470.3,23472.5,23461.7,23462.4,739524
1778733540,2026-05-14T10:09:00,23464.45,23487.4,23459.65,23484.95,1104978
1778733600,2026-05-14T10:10:00,23483.85,23484.1,23475.45,23475.85,618636
1778733660,2026-05-14T10:11:00,23477.1,23488.6,23472.2,23488.6,663738
1778733720,2026-05-14T10:12:00,23488.5,23490.7,23481.25,23485.35,671814
1778733780,2026-05-14T10:13:00,23486.85,23494.65,23483.2,23483.3,759499
1778733840,2026-05-14T10:14:00,23485.05,23496.35,23482.15,23495.8,678192
1778733900,2026-05-14T10:15:00,23496.8,23496.8,23488.3,23491.45,1528111
1778733960,2026-05-14T10:16:00,23491.0,23491.0,23481.35,23484.95,621364
1778734020,2026-05-14T10:17:00,23485.2,23505.7,23483.25,23505.1,1071547
1778734080,2026-05-14T10:18:00,23505.2,23509.65,23497.55,23501.65,1307679
1778734140,2026-05-14T10:19:00,23502.7,23513.7,23500.4,23513.7,932357
1778734200,2026-05-14T10:20:00,23515.35,23516.25,23495.95,23495.95,1209622
1778734260,2026-05-14T10:21:00,23496.6,23496.6,23483.7,23485.15,937553
1778734320,2026-05-14T10:22:00,23487.5,23489.1,23476.85,23476.85,611168
1778734380,2026-05-14T10:23:00,23478.4,23487.55,23473.25,23484.4,739611
1778734440,2026-05-14T10:24:00,23486.4,23495.8,23484.65,23494.55,640670
1778734500,2026-05-14T10:25:00,23495.95,23498.5,23491.9,23496.15,582922
1778734560,2026-05-14T10:26:00,23497.15,23506.6,23492.95,23505.0,649160
1778734620,2026-05-14T10:27:00,23505.75,23510.5,23501.3,23510.1,506297
1778734680,2026-05-14T10:28:00,23510.6,23517.5,23507.55,23516.75,584480
1778734740,2026-05-14T10:29:00,23517.45,23517.45,23505.6,23506.4,871542
1778734800,2026-05-14T10:30:00,23507.65,23512.4,23505.25,23510.2,541904
1778734860,2026-05-14T10:31:00,23512.35,23512.6,23504.05,23509.05,543841
1778734920,2026-05-14T10:32:00,23509.85,23510.0,23504.05,23506.05,738347
1778734980,2026-05-14T10:33:00,23508.3,23511.35,23504.9,23509.4,679903
1778735040,2026-05-14T10:34:00,23511.9,23519.4,23505.8,23519.05,724893
1778735100,2026-05-14T10:35:00,23520.2,23533.35,23519.4,23530.4,638002
1778735160,2026-05-14T10:36:00,23531.75,23537.5,23526.1,23535.3,1077825
1778735220,2026-05-14T10:37:00,23536.45,23536.6,23531.05,23532.25,658329
1778735280,2026-05-14T10:38:00,23533.8,23536.55,23528.7,23531.75,823960
1778735340,2026-05-14T10:39:00,23532.95,23534.7,23527.2,23529.4,725072
1778735400,2026-05-14T10:40:00,23530.55,23533.25,23524.5,23528.85,655543
1778735460,2026-05-14T10:41:00,23529.25,23529.95,23520.1,23521.25,832093
1778735520,2026-05-14T10:42:00,23522.15,23525.4,23516.55,23516.75,595265
1778735580,2026-05-14T10:43:00,23518.0,23518.0,23499.25,23502.15,958111
1778735640,2026-05-14T10:44:00,23503.05,23504.35,23496.8,23497.25,602595
1778735700,2026-05-14T10:45:00,23495.6,23495.6,23473.7,23482.15,1800265
1778735760,2026-05-14T10:46:00,23481.45,23482.25,23472.45,23472.95,845706
1778735820,2026-05-14T10:47:00,23474.25,23474.25,23460.65,23461.85,1025072
1778735880,2026-05-14T10:48:00,23462.6,23463.5,23450.5,23455.0,917529
1778735940,2026-05-14T10:49:00,23456.6,23456.6,23436.05,23437.2,968234
1778736000,2026-05-14T10:50:00,23439.0,23456.5,23426.55,23456.3,1782166
1778736060,2026-05-14T10:51:00,23457.55,23468.5,23453.7,23460.45,1558760
1778736120,2026-05-14T10:52:00,23462.15,23470.55,23461.3,23470.35,957742
1778736180,2026-05-14T10:53:00,23472.35,23474.05,23465.9,23470.0,754836
1778736240,2026-05-14T10:54:00,23471.2,23480.6,23470.65,23473.0,974264
1778736300,2026-05-14T10:55:00,23473.3,23473.75,23462.5,23468.6,663588
1778736360,2026-05-14T10:56:00,23469.85,23471.15,23449.55,23452.4,765126
1778736420,2026-05-14T10:57:00,23453.35,23453.35,23438.5,23438.5,1083146
1778736480,2026-05-14T10:58:00,23441.2,23444.0,23434.35,23441.45,802364
1778736540,2026-05-14T10:59:00,23442.2,23442.6,23430.45,23430.45,771908
1778736600,2026-05-14T11:00:00,23432.9,23442.7,23431.65,23438.85,923559
1778736660,2026-05-14T11:01:00,23439.85,23440.0,23435.95,23436.2,674360
1778736720,2026-05-14T11:02:00,23437.35,23439.05,23433.3,23434.35,637143
1778736780,2026-05-14T11:03:00,23435.2,23444.15,23435.05,23440.65,563583
1778736840,2026-05-14T11:04:00,23441.85,23443.8,23434.3,23435.25,831374
1778736900,2026-05-14T11:05:00,23435.95,23440.2,23433.1,23439.45,1069803
1778736960,2026-05-14T11:06:00,23441.0,23446.4,23438.15,23442.9,764821
1778737020,2026-05-14T11:07:00,23444.15,23444.6,23434.35,23437.7,697772
1778737080,2026-05-14T11:08:00,23440.0,23440.0,23428.35,23433.25,1133603
1778737140,2026-05-14T11:09:00,23433.95,23434.9,23427.85,23432.1,707225
1778737200,2026-05-14T11:10:00,23433.45,23444.5,23429.7,23443.2,667259
1778737260,2026-05-14T11:11:00,23445.0,23452.25,23440.65,23452.0,750266
1778737320,2026-05-14T11:12:00,23452.5,23457.5,23451.9,23456.2,762599
1778737380,2026-05-14T11:13:00,23456.7,23456.7,23444.75,23449.7,868716
1778737440,2026-05-14T11:14:00,23451.05,23461.35,23449.55,23459.15,624581
1778737500,2026-05-14T11:15:00,23459.85,23475.15,23459.0,23473.15,937882
1778737560,2026-05-14T11:16:00,23475.5,23477.85,23464.05,23477.05,1981167
1778737620,2026-05-14T11:17:00,23478.2,23482.5,23475.5,23480.65,740423
1778737680,2026-05-14T11:18:00,23484.05,23496.05,23483.15,23492.9,979014
1778737740,2026-05-14T11:19:00,23494.6,23502.95,23490.45,23502.95,1162037
1778737800,2026-05-14T11:20:00,23503.85,23506.85,23500.7,23506.85,928946
1778737860,2026-05-14T11:21:00,23507.85,23521.1,23505.7,23520.9,1046261
1778737920,2026-05-14T11:22:00,23522.5,23530.35,23521.85,23528.95,1467484
1778737980,2026-05-14T11:23:00,23530.0,23536.6,23525.65,23535.15,991685
1778738040,2026-05-14T11:24:00,23537.05,23549.25,23536.55,23543.15,1149909
1778738100,2026-05-14T11:25:00,23545.7,23545.7,23530.45,23530.65,1185620
1778738160,2026-05-14T11:26:00,23533.3,23535.95,23514.05,23518.7,796784
1778738220,2026-05-14T11:27:00,23521.1,23548.85,23520.95,23545.8,1230822
1778738280,2026-05-14T11:28:00,23549.05,23574.75,23544.5,23574.6,1300372
1778738340,2026-05-14T11:29:00,23574.1,23577.8,23560.65,23567.4,1195299
1778738400,2026-05-14T11:30:00,23568.5,23578.3,23566.6,23576.15,1455582
1778738460,2026-05-14T11:31:00,23578.45,23585.65,23569.95,23584.9,880697
1778738520,2026-05-14T11:32:00,23586.7,23589.1,23577.55,23583.8,924979
1778738580,2026-05-14T11:33:00,23585.7,23605.6,23584.35,23602.65,1197557
1778738640,2026-05-14T11:34:00,23603.85,23610.35,23601.4,23604.65,1110088
1778738700,2026-05-14T11:35:00,23605.3,23621.2,23603.7,23618.2,1597669
1778738760,2026-05-14T11:36:00,23621.2,23626.6,23612.75,23613.4,1542758
1778738820,2026-05-14T11:37:00,23614.65,23616.9,23600.9,23609.1,900999
1778738880,2026-05-14T11:38:00,23611.05,23618.85,23607.75,23618.25,903962
1778738940,2026-05-14T11:39:00,23620.55,23634.2,23618.05,23628.05,1107763
1778739000,2026-05-14T11:40:00,23629.15,23629.85,23612.25,23626.85,1032489
1778739060,2026-05-14T11:41:00,23627.45,23656.75,23626.2,23646.7,2052638
1778739120,2026-05-14T11:42:00,23647.5,23659.55,23646.55,23657.0,1563098
1778739180,2026-05-14T11:43:00,23658.95,23660.6,23643.3,23651.4,1144163
1778739240,2026-05-14T11:44:00,23652.45,23669.45,23651.2,23668.6,1875999
1778739300,2026-05-14T11:45:00,23670.7,23682.7,23651.55,23652.65,2942081
1778739360,2026-05-14T11:46:00,23655.25,23655.6,23645.05,23654.95,1569478
1778739420,2026-05-14T11:47:00,23655.9,23669.5,23655.05,23667.85,1547355
1778739480,2026-05-14T11:48:00,23668.65,23675.7,23664.95,23673.95,1485494
1778739540,2026-05-14T11:49:00,23675.15,23683.55,23673.25,23681.25,1330977
1778739600,2026-05-14T11:50:00,23683.35,23687.65,23671.7,23687.55,1974575
1778739660,2026-05-14T11:51:00,23688.75,23695.45,23676.8,23689.4,1021817
1778739720,2026-05-14T11:52:00,23690.85,23702.5,23688.35,23691.1,1530681
1778739780,2026-05-14T11:53:00,23692.15,23692.15,23679.6,23680.4,821075
1778739840,2026-05-14T11:54:00,23681.45,23681.45,23669.4,23673.75,837719
1778739900,2026-05-14T11:55:00,23675.45,23685.65,23666.9,23670.6,1098995
1778739960,2026-05-14T11:56:00,23672.3,23687.55,23668.8,23681.0,957095
1778740020,2026-05-14T11:57:00,23682.5,23688.35,23679.25,23684.65,1613911
1778740080,2026-05-14T11:58:00,23685.7,23689.0,23678.8,23679.4,815204
1778740140,2026-05-14T11:59:00,23681.95,23689.3,23679.55,23684.6,760055
1778740200,2026-05-14T12:00:00,23685.55,23685.55,23666.6,23668.3,1241129
1778740260,2026-05-14T12:01:00,23668.7,23673.15,23658.0,23658.0,1670587
1778740320,2026-05-14T12:02:00,23658.95,23665.55,23653.45,23664.7,1079026
1778740380,2026-05-14T12:03:00,23667.3,23667.3,23651.2,23651.2,713968
1778740440,2026-05-14T12:04:00,23653.75,23655.45,23645.95,23650.6,926215
1778740500,2026-05-14T12:05:00,23653.45,23658.25,23647.1,23654.95,880560
1778740560,2026-05-14T12:06:00,23655.9,23655.9,23646.4,23652.25,871675
1778740620,2026-05-14T12:07:00,23653.3,23669.3,23649.9,23667.6,776313
1778740680,2026-05-14T12:08:00,23669.1,23669.1,23658.45,23665.25,745335
1778740740,2026-05-14T12:09:00,23666.4,23667.15,23645.85,23650.65,898594
1778740800,2026-05-14T12:10:00,23651.95,23653.75,23636.85,23638.8,662178
1778740860,2026-05-14T12:11:00,23641.35,23652.9,23636.45,23650.5,802402
1778740920,2026-05-14T12:12:00,23651.05,23653.2,23643.6,23644.15,565869
1778740980,2026-05-14T12:13:00,23646.25,23649.3,23641.15,23646.8,712261
1778741040,2026-05-14T12:14:00,23648.5,23668.25,23645.55,23667.4,712230
1778741100,2026-05-14T12:15:00,23667.95,23682.7,23667.2,23675.85,975190
1778741160,2026-05-14T12:16:00,23677.95,23690.15,23676.5,23689.8,897472
1778741220,2026-05-14T12:17:00,23690.6,23707.45,23689.55,23706.3,1178926
1778741280,2026-05-14T12:18:00,23707.4,23708.1,23697.85,23699.85,1020283
1778741340,2026-05-14T12:19:00,23700.45,23700.45,23680.15,23681.65,732510
1778741400,2026-05-14T12:20:00,23682.6,23696.0,23680.2,23687.65,748162
1778741460,2026-05-14T12:21:00,23688.9,23693.75,23682.6,23683.2,652688
1778741520,2026-05-14T12:22:00,23683.2,23689.35,23681.2,23689.2,698389
1778741580,2026-05-14T12:23:00,23690.0,23692.65,23680.45,23692.65,673329
1778741640,2026-05-14T12:24:00,23693.15,23699.1,23690.5,23696.25,718561
1778741700,2026-05-14T12:25:00,23697.9,23699.8,23691.0,23691.4,756564
1778741760,2026-05-14T12:26:00,23693.0,23697.4,23688.2,23695.5,739020
1778741820,2026-05-14T12:27:00,23696.65,23702.9,23691.75,23692.05,885101
1778741880,2026-05-14T12:28:00,23693.8,23706.05,23693.2,23705.5,849902
1778741940,2026-05-14T12:29:00,23707.0,23708.3,23691.45,23692.65,882034
1778742000,2026-05-14T12:30:00,23695.2,23701.25,23689.5,23690.35,799804
1778742060,2026-05-14T12:31:00,23691.1,23691.1,23679.2,23686.5,671280
1778742120,2026-05-14T12:32:00,23687.85,23693.15,23684.2,23689.95,883184
1778742180,2026-05-14T12:33:00,23691.6,23692.05,23684.8,23689.0,984533
1778742240,2026-05-14T12:34:00,23690.0,23690.75,23681.6,23682.7,612036
1778742300,2026-05-14T12:35:00,23682.4,23685.35,23675.35,23684.85,668164
1778742360,2026-05-14T12:36:00,23686.35,23690.15,23684.35,23686.1,669500
1778742420,2026-05-14T12:37:00,23687.75,23687.75,23677.05,23678.1,898562
1778742480,2026-05-14T12:38:00,23679.9,23684.45,23678.05,23678.25,601044
1778742540,2026-05-14T12:39:00,23679.1,23679.1,23667.45,23677.35,809662
1778742600,2026-05-14T12:40:00,23679.45,23683.95,23676.9,23678.35,667506
1778742660,2026-05-14T12:41:00,23679.0,23682.0,23674.0,23674.8,1043934
1778742720,2026-05-14T12:42:00,23676.5,23684.5,23673.1,23683.5,912972
1778742780,2026-05-14T12:43:00,23685.4,23687.05,23681.6,23684.8,720692
1778742840,2026-05-14T12:44:00,23686.35,23702.9,23684.95,23701.7,824059
1778742900,2026-05-14T12:45:00,23703.35,23708.1,23698.95,23701.7,1383472
1778742960,2026-05-14T12:46:00,23702.6,23707.8,23684.15,23684.65,1261138
1778743020,2026-05-14T12:47:00,23685.6,23705.35,23685.2,23704.2,876836
1778743080,2026-05-14T12:48:00,23706.1,23708.65,23702.6,23705.7,930395
1778743140,2026-05-14T12:49:00,23706.85,23713.0,23706.6,23710.55,723002
1778743200,2026-05-14T12:50:00,23711.75,23711.75,23696.5,23700.95,925829
1778743260,2026-05-14T12:51:00,23703.05,23704.2,23693.2,23693.2,1015925
1778743320,2026-05-14T12:52:00,23692.65,23693.2,23677.7,23680.65,1141642
1778743380,2026-05-14T12:53:00,23682.0,23682.4,23675.8,23680.9,693834
1778743440,2026-05-14T12:54:00,23681.9,23688.3,23679.95,23684.95,619316
1778743500,2026-05-14T12:55:00,23686.15,23692.5,23684.2,23684.35,575244
1778743560,2026-05-14T12:56:00,23686.05,23686.05,23676.65,23679.1,633859
1778743620,2026-05-14T12:57:00,23680.85,23694.0,23679.65,23692.6,709077
1778743680,2026-05-14T12:58:00,23694.0,23697.1,23688.65,23694.95,599092
1778743740,2026-05-14T12:59:00,23695.2,23696.0,23688.1,23689.0,622138
1778743800,2026-05-14T13:00:00,23690.2,23708.35,23689.3,23706.6,763663
1778743860,2026-05-14T13:01:00,23707.35,23707.55,23699.2,23705.35,661772
1778743920,2026-05-14T13:02:00,23706.35,23718.2,23697.4,23716.35,957718
1778743980,2026-05-14T13:03:00,23718.95,23726.4,23717.3,23726.25,764207
1778744040,2026-05-14T13:04:00,23727.2,23739.65,23727.2,23738.45,1288152
1778744100,2026-05-14T13:05:00,23739.45,23747.8,23738.05,23742.35,860338
1778744160,2026-05-14T13:06:00,23744.1,23744.25,23730.8,23732.85,865081
1778744220,2026-05-14T13:07:00,23735.1,23736.2,23729.85,23733.3,680978
1778744280,2026-05-14T13:08:00,23734.25,23734.25,23723.1,23723.1,623204
1778744340,2026-05-14T13:09:00,23725.4,23728.1,23721.55,23722.75,577154
1778744400,2026-05-14T13:10:00,23723.4,23726.7,23708.15,23708.35,804500
1778744460,2026-05-14T13:11:00,23709.4,23709.4,23695.9,23699.5,1343032
1778744520,2026-05-14T13:12:00,23701.6,23718.35,23698.0,23717.15,703409
1778744580,2026-05-14T13:13:00,23719.15,23722.85,23710.3,23713.9,686619
1778744640,2026-05-14T13:14:00,23715.45,23720.95,23707.4,23713.55,686412
1778744700,2026-05-14T13:15:00,23715.25,23721.25,23709.65,23720.75,919825
1778744760,2026-05-14T13:16:00,23722.6,23728.9,23719.75,23728.1,849337
1778744820,2026-05-14T13:17:00,23728.95,23732.85,23718.15,23721.9,885318
1778744880,2026-05-14T13:18:00,23722.85,23726.35,23711.4,23712.15,760485
1778744940,2026-05-14T13:19:00,23714.35,23724.55,23709.8,23721.15,918709
1778745000,2026-05-14T13:20:00,23722.15,23722.4,23712.15,23717.1,805507
1778745060,2026-05-14T13:21:00,23719.85,23724.75,23715.0,23721.7,853657
1778745120,2026-05-14T13:22:00,23722.2,23725.75,23714.35,23715.15,928872
1778745180,2026-05-14T13:23:00,23716.9,23727.3,23713.45,23721.25,2244694
1778745240,2026-05-14T13:24:00,23723.35,23724.35,23710.65,23710.75,918680
1778745300,2026-05-14T13:25:00,23711.9,23718.4,23709.9,23716.7,1007803
1778745360,2026-05-14T13:26:00,23718.15,23725.25,23716.25,23721.0,966898
1778745420,2026-05-14T13:27:00,23723.95,23724.2,23718.05,23720.35,581106
1778745480,2026-05-14T13:28:00,23723.6,23728.4,23717.5,23724.4,3350573
1778745540,2026-05-14T13:29:00,23725.7,23729.5,23711.8,23715.15,910281
1778745600,2026-05-14T13:30:00,23718.1,23724.9,23709.3,23724.8,664998
1778745660,2026-05-14T13:31:00,23725.65,23731.2,23722.8,23728.9,693730
1778745720,2026-05-14T13:32:00,23730.3,23734.75,23724.85,23731.35,846504
1778745780,2026-05-14T13:33:00,23732.7,23738.9,23730.9,23735.95,616563
1778745840,2026-05-14T13:34:00,23735.95,23739.55,23731.3,23737.85,564106
1778745900,2026-05-14T13:35:00,23741.3,23743.5,23735.75,23741.65,673857
1778745960,2026-05-14T13:36:00,23743.75,23751.9,23740.25,23750.75,761946
1778746020,2026-05-14T13:37:00,23752.55,23760.45,23750.9,23757.05,930843
1778746080,2026-05-14T13:38:00,23758.25,23760.25,23752.8,23755.8,946493
1778746140,2026-05-14T13:39:00,23756.55,23756.55,23738.0,23739.25,1258253
1778746200,2026-05-14T13:40:00,23740.55,23757.75,23738.05,23757.45,729912
1778746260,2026-05-14T13:41:00,23758.55,23758.6,23743.9,23744.2,1005552
1778746320,2026-05-14T13:42:00,23745.35,23751.1,23739.2,23742.2,799647
1778746380,2026-05-14T13:43:00,23742.9,23752.25,23740.5,23749.4,1126851
1778746440,2026-05-14T13:44:00,23749.85,23753.1,23745.2,23752.55,1205113
1778746500,2026-05-14T13:45:00,23753.8,23763.65,23752.15,23753.55,1840596
1778746560,2026-05-14T13:46:00,23755.65,23759.15,23744.85,23744.85,1850440
1778746620,2026-05-14T13:47:00,23747.5,23748.75,23741.2,23741.3,1056072
1778746680,2026-05-14T13:48:00,23744.15,23744.15,23735.45,23739.05,1030648
1778746740,2026-05-14T13:49:00,23740.15,23748.8,23738.15,23740.9,726216
1778746800,2026-05-14T13:50:00,23742.5,23749.9,23739.15,23749.9,887142
1778746860,2026-05-14T13:51:00,23751.7,23753.5,23739.95,23742.45,780765
1778746920,2026-05-14T13:52:00,23743.3,23743.3,23732.4,23734.1,922170
1778746980,2026-05-14T13:53:00,23735.7,23739.45,23725.95,23730.85,949393
1778747040,2026-05-14T13:54:00,23732.25,23749.75,23727.25,23747.85,882954
1778747100,2026-05-14T13:55:00,23749.95,23751.05,23738.2,23750.65,1156929
1778747160,2026-05-14T13:56:00,23752.2,23755.1,23746.2,23750.3,672025
1778747220,2026-05-14T13:57:00,23751.1,23753.7,23745.6,23751.55,701019
1778747280,2026-05-14T13:58:00,23753.35,23756.15,23747.7,23751.1,2275069
1778747340,2026-05-14T13:59:00,23752.05,23753.55,23747.5,23751.35,546797
1778747400,2026-05-14T14:00:00,23751.85,23753.9,23741.1,23745.35,722347
1778747460,2026-05-14T14:01:00,23746.9,23750.6,23740.0,23750.6,552129
1778747520,2026-05-14T14:02:00,23751.85,23758.5,23747.05,23748.15,664202
1778747580,2026-05-14T14:03:00,23749.75,23751.0,23742.35,23748.6,847734
1778747640,2026-05-14T14:04:00,23749.85,23756.8,23745.75,23751.05,672700
1778747700,2026-05-14T14:05:00,23753.7,23759.15,23748.9,23756.5,1105624
1778747760,2026-05-14T14:06:00,23757.55,23757.85,23745.35,23751.45,1307968
1778747820,2026-05-14T14:07:00,23752.75,23768.75,23750.0,23763.7,939570
1778747880,2026-05-14T14:08:00,23766.6,23766.6,23754.1,23757.65,818652
1778747940,2026-05-14T14:09:00,23758.15,23761.65,23752.9,23758.05,647210
1778748000,2026-05-14T14:10:00,23759.6,23765.2,23755.9,23755.9,659190
1778748060,2026-05-14T14:11:00,23757.75,23759.75,23749.8,23759.75,1092973
1778748120,2026-05-14T14:12:00,23760.55,23760.55,23749.3,23751.95,627059
1778748180,2026-05-14T14:13:00,23753.55,23754.15,23746.0,23749.65,696579
1778748240,2026-05-14T14:14:00,23749.65,23749.75,23741.45,23744.55,789032
1778748300,2026-05-14T14:15:00,23746.45,23755.4,23744.25,23752.75,741734
1778748360,2026-05-14T14:16:00,23754.5,23757.6,23752.8,23754.5,781459
1778748420,2026-05-14T14:17:00,23754.9,23754.9,23747.15,23750.3,593065
1778748480,2026-05-14T14:18:00,23752.05,23754.8,23749.2,23750.25,627352
1778748540,2026-05-14T14:19:00,23751.75,23752.5,23724.4,23724.9,1283479
1778748600,2026-05-14T14:20:00,23727.35,23736.2,23719.8,23736.2,851452
1778748660,2026-05-14T14:21:00,23736.85,23741.9,23733.6,23737.9,653637
1778748720,2026-05-14T14:22:00,23738.7,23738.75,23731.05,23733.85,632569
1778748780,2026-05-14T14:23:00,23736.85,23741.2,23734.6,23735.9,750307
1778748840,2026-05-14T14:24:00,23738.85,23743.45,23735.2,23740.2,647819
1778748900,2026-05-14T14:25:00,23741.5,23754.15,23740.9,23750.1,846837
1778748960,2026-05-14T14:26:00,23752.55,23754.1,23749.1,23750.4,721352
1778749020,2026-05-14T14:27:00,23752.2,23754.2,23747.75,23752.7,810082
1778749080,2026-05-14T14:28:00,23754.15,23754.8,23748.05,23752.7,958105
1778749140,2026-05-14T14:29:00,23754.55,23757.8,23750.4,23755.35,658557
1778749200,2026-05-14T14:30:00,23756.1,23758.8,23750.15,23755.65,929109
1778749260,2026-05-14T14:31:00,23757.2,23758.8,23751.65,23756.75,877694
1778749320,2026-05-14T14:32:00,23759.85,23765.2,23755.4,23761.8,1010071
1778749380,2026-05-14T14:33:00,23763.5,23774.95,23761.6,23774.75,1232014
1778749440,2026-05-14T14:34:00,23774.95,23777.2,23758.7,23758.85,1794242
1778749500,2026-05-14T14:35:00,23760.7,23761.05,23750.05,23753.3,1275222
1778749560,2026-05-14T14:36:00,23755.45,23755.45,23727.5,23729.7,1248628
1778749620,2026-05-14T14:37:00,23731.65,23742.9,23725.95,23737.2,1549431
1778749680,2026-05-14T14:38:00,23737.85,23746.1,23730.95,23741.85,1388728
1778749740,2026-05-14T14:39:00,23743.8,23744.75,23735.6,23737.75,920560
1778749800,2026-05-14T14:40:00,23739.75,23742.6,23725.45,23725.9,1210571
1778749860,2026-05-14T14:41:00,23728.0,23730.05,23722.3,23726.9,914881
1778749920,2026-05-14T14:42:00,23728.95,23734.35,23726.25,23728.9,954591
1778749980,2026-05-14T14:43:00,23732.0,23734.6,23727.65,23733.55,1070521
1778750040,2026-05-14T14:44:00,23734.8,23735.2,23727.1,23730.1,1425194
1778750100,2026-05-14T14:45:00,23729.85,23733.0,23714.0,23716.35,1201007
1778750160,2026-05-14T14:46:00,23717.9,23717.9,23696.9,23701.2,1602264
1778750220,2026-05-14T14:47:00,23703.9,23714.8,23698.2,23708.4,1513923
1778750280,2026-05-14T14:48:00,23710.5,23713.8,23695.85,23697.0,944556
1778750340,2026-05-14T14:49:00,23699.0,23701.3,23693.2,23694.7,1409492
1778750400,2026-05-14T14:50:00,23695.5,23713.95,23692.35,23704.35,1472110
1778750460,2026-05-14T14:51:00,23706.9,23709.5,23695.8,23706.85,1025785
1778750520,2026-05-14T14:52:00,23710.5,23716.75,23707.85,23712.35,1128201
1778750580,2026-05-14T14:53:00,23714.7,23714.7,23700.6,23709.85,836797
1778750640,2026-05-14T14:54:00,23711.0,23714.3,23698.9,23702.4,942663
1778750700,2026-05-14T14:55:00,23702.85,23708.5,23701.95,23705.45,1164148
1778750760,2026-05-14T14:56:00,23706.75,23706.8,23700.25,23705.45,704894
1778750820,2026-05-14T14:57:00,23706.0,23707.3,23698.6,23700.15,796699
1778750880,2026-05-14T14:58:00,23700.95,23700.95,23688.25,23693.8,1067349
1778750940,2026-05-14T14:59:00,23695.0,23722.9,23694.65,23710.15,1668136
1778751000,2026-05-14T15:00:00,23711.65,23713.25,23701.6,23707.3,1856689
1778751060,2026-05-14T15:01:00,23707.4,23707.4,23690.2,23697.0,1910680
1778751120,2026-05-14T15:02:00,23698.25,23713.1,23697.9,23703.95,1919410
1778751180,2026-05-14T15:03:00,23706.9,23707.35,23691.15,23705.2,1859183
1778751240,2026-05-14T15:04:00,23706.95,23710.7,23700.2,23706.2,2237649
1778751300,2026-05-14T15:05:00,23707.65,23707.65,23690.35,23691.25,2394543
1778751360,2026-05-14T15:06:00,23694.75,23696.05,23683.85,23685.4,2003332
1778751420,2026-05-14T15:07:00,23686.8,23686.8,23676.05,23677.95,1741579
1778751480,2026-05-14T15:08:00,23678.55,23691.2,23670.2,23690.25,1586921
1778751540,2026-05-14T15:09:00,23692.25,23693.35,23672.0,23672.9,2851404
1778751600,2026-05-14T15:10:00,23673.8,23687.55,23670.9,23683.05,2476565
1778751660,2026-05-14T15:11:00,23684.5,23691.95,23679.05,23687.85,2474956
1778751720,2026-05-14T15:12:00,23688.45,23689.8,23675.7,23677.95,1797327
1778751780,2026-05-14T15:13:00,23679.2,23685.1,23677.9,23678.85,1710332
1778751840,2026-05-14T15:14:00,23679.75,23683.85,23672.3,23683.8,1729658
1778751900,2026-05-14T15:15:00,23684.1,23685.55,23675.9,23676.45,2297017
1778751960,2026-05-14T15:16:00,23675.95,23681.45,23668.15,23681.15,2234999
1778752020,2026-05-14T15:17:00,23680.75,23689.1,23678.7,23684.6,1645777
1778752080,2026-05-14T15:18:00,23684.9,23687.2,23680.7,23684.8,1850127
1778752140,2026-05-14T15:19:00,23684.1,23691.0,23683.25,23687.3,1678729
1778752200,2026-05-14T15:20:00,23687.25,23688.9,23679.75,23681.6,2119737
1778752260,2026-05-14T15:21:00,23682.3,23685.55,23679.7,23682.15,1802133
1778752320,2026-05-14T15:22:00,23683.05,23684.75,23679.35,23682.65,1543451
1778752380,2026-05-14T15:23:00,23683.3,23690.85,23681.95,23690.05,1903787
1778752440,2026-05-14T15:24:00,23689.35,23697.25,23684.6,23696.6,2553703
1778752500,2026-05-14T15:25:00,23695.75,23697.45,23688.1,23690.7,2361616
1778752560,2026-05-14T15:26:00,23692.0,23702.3,23690.9,23701.55,1917610
1778752620,2026-05-14T15:27:00,23702.05,23712.25,23700.95,23710.8,2230321
1778752680,2026-05-14T15:28:00,23711.55,23719.1,23710.75,23719.0,1752617
1778752740,2026-05-14T15:29:00,23718.95,23719.55,23706.85,23713.75,1489734
1778816700,2026-05-15T09:15:00,23731.4,23774.95,23688.35,23691.55,7654973
1778816760,2026-05-15T09:16:00,23691.65,23730.75,23663.35,23729.3,6211073
1778816820,2026-05-15T09:17:00,23730.3,23747.65,23716.45,23719.35,4985392
1778816880,2026-05-15T09:18:00,23718.2,23752.95,23716.2,23737.05,4146904
1778816940,2026-05-15T09:19:00,23735.8,23736.8,23716.5,23719.1,2940446
1778817000,2026-05-15T09:20:00,23719.1,23730.45,23712.25,23717.8,3891666
1778817060,2026-05-15T09:21:00,23719.35,23742.65,23715.55,23718.7,2532750
1778817120,2026-05-15T09:22:00,23721.65,23753.35,23707.3,23741.95,2320377
1778817180,2026-05-15T09:23:00,23741.05,23749.6,23735.8,23749.1,2076409
1778817240,2026-05-15T09:24:00,23749.75,23765.7,23743.5,23764.9,2370740
1778817300,2026-05-15T09:25:00,23764.95,23771.25,23759.1,23761.0,2254124
1778817360,2026-05-15T09:26:00,23760.55,23766.45,23751.85,23765.3,1906779
1778817420,2026-05-15T09:27:00,23765.45,23788.9,23764.7,23788.7,1813228
1778817480,2026-05-15T09:28:00,23787.75,23792.05,23781.0,23790.3,1887275
1778817540,2026-05-15T09:29:00,23788.45,23796.95,23787.6,23787.9,2205697
1778817600,2026-05-15T09:30:00,23787.3,23790.25,23755.3,23755.55,1884500
1778817660,2026-05-15T09:31:00,23756.3,23782.05,23753.15,23780.35,1886110
1778817720,2026-05-15T09:32:00,23779.95,23783.95,23763.5,23773.5,2322552
1778817780,2026-05-15T09:33:00,23770.55,23784.9,23768.45,23770.1,1868618
1778817840,2026-05-15T09:34:00,23769.7,23771.35,23748.5,23749.6,1896699
1778817900,2026-05-15T09:35:00,23748.8,23756.4,23737.25,23748.45,1657749
1778817960,2026-05-15T09:36:00,23748.7,23750.9,23734.1,23739.15,1309301
1778818020,2026-05-15T09:37:00,23739.05,23755.05,23737.0,23754.95,1453376
1778818080,2026-05-15T09:38:00,23753.9,23763.6,23753.8,23761.45,1678153
1778818140,2026-05-15T09:39:00,23762.2,23772.9,23760.45,23770.8,1335836
1778818200,2026-05-15T09:40:00,23770.65,23777.3,23769.6,23773.55,1499492
1778818260,2026-05-15T09:41:00,23773.65,23785.75,23772.65,23785.75,1681101
1778818320,2026-05-15T09:42:00,23784.7,23794.65,23784.7,23792.4,1009832
1778818380,2026-05-15T09:43:00,23793.55,23798.8,23792.4,23794.65,1152596
1778818440,2026-05-15T09:44:00,23793.9,23803.15,23791.85,23802.1,1908670
1778818500,2026-05-15T09:45:00,23802.5,23807.85,23792.55,23798.6,1340185
1778818560,2026-05-15T09:46:00,23798.45,23815.05,23798.45,23813.05,1157705
1778818620,2026-05-15T09:47:00,23812.45,23818.0,23808.8,23813.45,1840546
1778818680,2026-05-15T09:48:00,23813.45,23815.55,23796.75,23797.5,1611160
1778818740,2026-05-15T09:49:00,23796.85,23799.7,23793.65,23795.6,992248
1778818800,2026-05-15T09:50:00,23795.15,23804.45,23791.0,23804.45,1078442
1778818860,2026-05-15T09:51:00,23804.35,23812.2,23799.5,23804.95,1651836
1778818920,2026-05-15T09:52:00,23804.7,23807.85,23799.75,23801.85,937490
1778818980,2026-05-15T09:53:00,23801.8,23806.95,23799.6,23803.95,897532
1778819040,2026-05-15T09:54:00,23804.3,23824.75,23804.3,23823.15,986799
1778819100,2026-05-15T09:55:00,23823.0,23836.0,23823.0,23830.0,966037
1778819160,2026-05-15T09:56:00,23829.65,23835.5,23828.4,23832.6,975334
1778819220,2026-05-15T09:57:00,23832.2,23834.7,23827.85,23834.35,815196
1778819280,2026-05-15T09:58:00,23834.55,23837.0,23823.3,23825.05,870179
1778819340,2026-05-15T09:59:00,23825.6,23827.9,23817.95,23817.95,941330
1778819400,2026-05-15T10:00:00,23819.1,23821.35,23802.25,23805.15,1067634
1778819460,2026-05-15T10:01:00,23805.3,23806.25,23787.7,23787.7,989958
1778819520,2026-05-15T10:02:00,23789.75,23804.6,23788.55,23802.5,1042738
1778819580,2026-05-15T10:03:00,23801.85,23806.2,23797.05,23801.1,1035998
1778819640,2026-05-15T10:04:00,23801.15,23819.55,23801.15,23818.35,1237876
1778819700,2026-05-15T10:05:00,23818.55,23819.25,23801.35,23807.1,1142924
1778819760,2026-05-15T10:06:00,23807.1,23809.05,23799.15,23807.05,690711
1778819820,2026-05-15T10:07:00,23807.55,23810.75,23797.6,23798.9,833295
1778819880,2026-05-15T10:08:00,23799.55,23800.95,23789.05,23792.1,777678
1778819940,2026-05-15T10:09:00,23791.45,23792.95,23785.25,23787.6,1097542
1778820000,2026-05-15T10:10:00,23787.5,23795.7,23787.2,23789.25,920564
1778820060,2026-05-15T10:11:00,23789.55,23801.35,23785.85,23787.0,787041
1778820120,2026-05-15T10:12:00,23786.95,23795.4,23781.25,23793.15,835074
1778820180,2026-05-15T10:13:00,23793.15,23797.85,23791.75,23792.25,539700
1778820240,2026-05-15T10:14:00,23792.1,23801.45,23791.7,23800.25,654648
1778820300,2026-05-15T10:15:00,23800.3,23811.2,23800.25,23804.5,901969
1778820360,2026-05-15T10:16:00,23805.55,23815.5,23804.2,23808.5,797537
1778820420,2026-05-15T10:17:00,23808.45,23812.55,23792.5,23792.9,877934
1778820480,2026-05-15T10:18:00,23792.9,23798.45,23792.65,23798.45,573155
1778820540,2026-05-15T10:19:00,23798.3,23803.85,23795.05,23796.4,720156
1778820600,2026-05-15T10:20:00,23796.5,23797.7,23788.75,23794.9,879723
1778820660,2026-05-15T10:21:00,23794.35,23808.0,23793.6,23807.75,1373075
1778820720,2026-05-15T10:22:00,23807.55,23816.55,23804.7,23814.25,963724
1778820780,2026-05-15T10:23:00,23813.8,23815.0,23801.8,23802.6,729198
1778820840,2026-05-15T10:24:00,23803.2,23821.0,23801.7,23820.5,1151094
1778820900,2026-05-15T10:25:00,23820.6,23827.15,23820.2,23824.75,968608
1778820960,2026-05-15T10:26:00,23823.5,23834.15,23822.65,23825.55,832419
1778821020,2026-05-15T10:27:00,23825.4,23828.8,23821.95,23828.0,936029
1778821080,2026-05-15T10:28:00,23827.65,23831.65,23822.95,23828.5,1266050
1778821140,2026-05-15T10:29:00,23828.2,23831.3,23824.5,23828.15,1577842
1778821200,2026-05-15T10:30:00,23827.85,23829.25,23823.6,23824.95,1139174
1778821260,2026-05-15T10:31:00,23824.75,23827.25,23809.85,23815.85,1781223
1778821320,2026-05-15T10:32:00,23815.5,23820.35,23813.9,23814.55,802566
1778821380,2026-05-15T10:33:00,23815.3,23815.3,23805.15,23806.7,942768
1778821440,2026-05-15T10:34:00,23806.5,23815.55,23806.5,23815.15,757329
1778821500,2026-05-15T10:35:00,23815.15,23816.1,23808.35,23808.95,554270
1778821560,2026-05-15T10:36:00,23809.3,23819.05,23809.1,23817.6,685496
1778821620,2026-05-15T10:37:00,23817.45,23822.1,23813.85,23815.55,547487
1778821680,2026-05-15T10:38:00,23815.45,23818.0,23805.0,23805.65,892728
1778821740,2026-05-15T10:39:00,23806.05,23808.0,23802.85,23805.75,536985
1778821800,2026-05-15T10:40:00,23806.1,23808.8,23800.95,23804.2,854434
1778821860,2026-05-15T10:41:00,23804.55,23818.9,23804.55,23816.7,734151
1778821920,2026-05-15T10:42:00,23817.0,23821.1,23816.55,23820.45,680538
1778821980,2026-05-15T10:43:00,23820.0,23823.2,23814.2,23814.2,804615
1778822040,2026-05-15T10:44:00,23814.0,23817.5,23811.95,23817.05,605173
1778822100,2026-05-15T10:45:00,23816.9,23829.75,23816.9,23828.9,684204
1778822160,2026-05-15T10:46:00,23828.95,23832.05,23827.0,23827.0,693647
1778822220,2026-05-15T10:47:00,23827.4,23829.85,23820.65,23823.85,633412
1778822280,2026-05-15T10:48:00,23823.9,23828.4,23821.2,23828.0,494359
1778822340,2026-05-15T10:49:00,23827.4,23829.9,23824.3,23827.0,633667
1778822400,2026-05-15T10:50:00,23827.4,23832.75,23827.2,23830.55,527030
1778822460,2026-05-15T10:51:00,23830.45,23839.3,23830.45,23835.9,589843
1778822520,2026-05-15T10:52:00,23835.9,23838.25,23831.6,23833.45,908827
1778822580,2026-05-15T10:53:00,23832.8,23833.3,23822.05,23824.8,591118
1778822640,2026-05-15T10:54:00,23825.55,23834.8,23825.55,23830.45,622962
1778822700,2026-05-15T10:55:00,23830.5,23834.85,23829.35,23829.7,507590
1778822760,2026-05-15T10:56:00,23829.9,23830.25,23820.25,23825.35,700111
1778822820,2026-05-15T10:57:00,23824.7,23830.8,23824.7,23827.1,926334
1778822880,2026-05-15T10:58:00,23827.4,23829.5,23825.65,23826.3,853651
1778822940,2026-05-15T10:59:00,23826.6,23833.5,23826.6,23829.55,697462
1778823000,2026-05-15T11:00:00,23829.25,23830.75,23825.15,23825.25,556027
1778823060,2026-05-15T11:01:00,23825.0,23826.0,23814.35,23815.25,831378
1778823120,2026-05-15T11:02:00,23814.55,23815.5,23799.95,23800.65,730832
1778823180,2026-05-15T11:03:00,23800.7,23800.7,23792.3,23796.3,1706727
1778823240,2026-05-15T11:04:00,23796.2,23798.8,23780.75,23782.35,1144667
1778823300,2026-05-15T11:05:00,23782.0,23784.45,23768.95,23768.95,1150835
1778823360,2026-05-15T11:06:00,23768.45,23769.25,23755.05,23756.5,1189071
1778823420,2026-05-15T11:07:00,23756.9,23758.9,23749.85,23750.6,1131292
1778823480,2026-05-15T11:08:00,23750.55,23752.95,23741.8,23746.15,668373
1778823540,2026-05-15T11:09:00,23746.45,23751.5,23742.2,23742.8,718093
1778823600,2026-05-15T11:10:00,23743.05,23744.15,23732.25,23741.9,873773
1778823660,2026-05-15T11:11:00,23741.9,23757.2,23741.75,23752.85,626785
1778823720,2026-05-15T11:12:00,23751.5,23754.0,23745.45,23751.7,660512
1778823780,2026-05-15T11:13:00,23751.65,23755.4,23745.1,23745.55,577929
1778823840,2026-05-15T11:14:00,23745.5,23748.45,23741.65,23743.55,843625
1778823900,2026-05-15T11:15:00,23743.55,23743.55,23733.3,23734.2,704045
1778823960,2026-05-15T11:16:00,23734.35,23743.75,23734.35,23737.95,831449
1778824020,2026-05-15T11:17:00,23738.2,23738.3,23713.55,23721.05,1405940
1778824080,2026-05-15T11:18:00,23720.5,23739.8,23720.0,23739.6,537714
1778824140,2026-05-15T11:19:00,23739.8,23751.7,23739.8,23742.65,868374
1778824200,2026-05-15T11:20:00,23742.75,23744.5,23734.35,23742.35,547380
1778824260,2026-05-15T11:21:00,23743.05,23747.65,23739.15,23742.4,572503
1778824320,2026-05-15T11:22:00,23742.65,23745.1,23725.3,23727.25,638138
1778824380,2026-05-15T11:23:00,23727.5,23738.8,23727.5,23736.0,486520
1778824440,2026-05-15T11:24:00,23736.2,23737.2,23725.25,23726.35,735615
1778824500,2026-05-15T11:25:00,23727.35,23732.1,23726.95,23730.1,774819
1778824560,2026-05-15T11:26:00,23729.95,23732.85,23726.55,23727.7,563926
1778824620,2026-05-15T11:27:00,23727.4,23727.95,23718.5,23720.3,542951
1778824680,2026-05-15T11:28:00,23720.2,23723.6,23714.8,23721.75,804406
1778824740,2026-05-15T11:29:00,23722.2,23723.8,23712.4,23712.7,566967
1778824800,2026-05-15T11:30:00,23711.4,23711.6,23698.25,23701.25,869008
1778824860,2026-05-15T11:31:00,23700.7,23704.3,23677.65,23697.85,1474201
1778824920,2026-05-15T11:32:00,23697.45,23703.55,23696.15,23698.85,807197
1778824980,2026-05-15T11:33:00,23698.8,23717.6,23698.3,23715.95,567770
1778825040,2026-05-15T11:34:00,23716.85,23720.1,23713.3,23716.85,507748
1778825100,2026-05-15T11:35:00,23717.6,23721.65,23712.25,23716.75,739583
1778825160,2026-05-15T11:36:00,23716.1,23716.2,23704.95,23706.55,570798
1778825220,2026-05-15T11:37:00,23706.5,23719.45,23705.55,23716.95,905658
1778825280,2026-05-15T11:38:00,23717.05,23723.7,23715.9,23722.6,454900
1778825340,2026-05-15T11:39:00,23722.6,23728.3,23721.45,23727.0,752177
1778825400,2026-05-15T11:40:00,23727.25,23730.45,23723.55,23726.35,520254
1778825460,2026-05-15T11:41:00,23726.05,23727.15,23716.95,23717.65,598976
1778825520,2026-05-15T11:42:00,23717.5,23720.4,23712.55,23714.4,583496
1778825580,2026-05-15T11:43:00,23714.4,23717.45,23711.8,23715.8,580697
1778825640,2026-05-15T11:44:00,23716.05,23722.9,23714.7,23721.75,559412
1778825700,2026-05-15T11:45:00,23721.55,23727.1,23717.2,23718.4,700101
1778825760,2026-05-15T11:46:00,23718.8,23727.9,23718.25,23722.85,1474996
1778825820,2026-05-15T11:47:00,23722.6,23725.65,23720.8,23722.9,1306653
1778825880,2026-05-15T11:48:00,23723.05,23732.55,23723.05,23727.8,694224
1778825940,2026-05-15T11:49:00,23726.85,23734.45,23725.65,23726.2,500654
1778826000,2026-05-15T11:50:00,23725.75,23727.2,23720.15,23722.1,1055471
1778826060,2026-05-15T11:51:00,23722.9,23734.2,23721.15,23733.7,1217121
1778826120,2026-05-15T11:52:00,23734.65,23735.0,23728.95,23730.85,875535
1778826180,2026-05-15T11:53:00,23731.0,23734.25,23730.05,23733.65,484795
1778826240,2026-05-15T11:54:00,23733.75,23735.3,23718.8,23720.95,1008995
1778826300,2026-05-15T11:55:00,23720.9,23722.45,23713.4,23715.8,611921
1778826360,2026-05-15T11:56:00,23715.7,23720.1,23713.95,23718.35,559247
1778826420,2026-05-15T11:57:00,23718.05,23720.4,23715.8,23717.4,688178
1778826480,2026-05-15T11:58:00,23717.65,23724.55,23716.25,23719.9,828677
1778826540,2026-05-15T11:59:00,23720.5,23727.4,23718.45,23725.55,489855
1778826600,2026-05-15T12:00:00,23725.9,23728.8,23718.75,23728.8,944657
1778826660,2026-05-15T12:01:00,23727.85,23735.95,23727.85,23733.65,797722
1778826720,2026-05-15T12:02:00,23733.05,23747.0,23733.05,23746.75,650366
1778826780,2026-05-15T12:03:00,23746.8,23750.5,23745.6,23747.65,605931
1778826840,2026-05-15T12:04:00,23747.7,23755.85,23747.7,23754.05,1411295
1778826900,2026-05-15T12:05:00,23754.15,23759.35,23753.8,23757.5,774648
1778826960,2026-05-15T12:06:00,23757.75,23767.1,23757.5,23765.25,768726
1778827020,2026-05-15T12:07:00,23765.1,23767.75,23762.6,23766.95,548220
1778827080,2026-05-15T12:08:00,23767.05,23769.6,23759.5,23760.35,669263
1778827140,2026-05-15T12:09:00,23760.05,23762.05,23752.25,23755.25,480272
1778827200,2026-05-15T12:10:00,23755.25,23759.85,23751.1,23758.5,497275
1778827260,2026-05-15T12:11:00,23758.45,23763.4,23758.45,23762.75,624269
1778827320,2026-05-15T12:12:00,23762.75,23765.6,23758.15,23758.35,753135
1778827380,2026-05-15T12:13:00,23758.8,23760.15,23750.5,23752.55,552475
1778827440,2026-05-15T12:14:00,23752.15,23754.35,23747.3,23751.15,426889
1778827500,2026-05-15T12:15:00,23751.0,23754.05,23747.8,23752.5,526246
1778827560,2026-05-15T12:16:00,23752.85,23755.3,23746.55,23747.4,806610
1778827620,2026-05-15T12:17:00,23747.4,23749.5,23742.1,23745.95,533152
1778827680,2026-05-15T12:18:00,23745.9,23748.0,23735.5,23737.65,1634310
1778827740,2026-05-15T12:19:00,23736.8,23743.8,23731.15,23740.05,718057
1778827800,2026-05-15T12:20:00,23740.25,23741.7,23731.1,23731.1,535504
1778827860,2026-05-15T12:21:00,23731.5,23734.55,23727.85,23728.2,419633
1778827920,2026-05-15T12:22:00,23728.4,23731.9,23720.7,23722.05,503105
1778827980,2026-05-15T12:23:00,23721.45,23731.25,23721.45,23728.9,504476
1778828040,2026-05-15T12:24:00,23729.4,23731.8,23724.95,23725.5,371670
1778828100,2026-05-15T12:25:00,23725.45,23730.6,23724.65,23728.05,899472
1778828160,2026-05-15T12:26:00,23727.95,23740.8,23727.15,23740.1,928897
1778828220,2026-05-15T12:27:00,23741.0,23743.2,23736.1,23736.8,447947
1778828280,2026-05-15T12:28:00,23736.35,23738.25,23723.75,23725.6,523951
1778828340,2026-05-15T12:29:00,23725.3,23726.35,23718.7,23720.5,453405
1778828400,2026-05-15T12:30:00,23720.7,23722.3,23718.35,23719.6,426307
1778828460,2026-05-15T12:31:00,23719.6,23721.55,23715.55,23718.75,727456
1778828520,2026-05-15T12:32:00,23718.65,23725.7,23718.65,23725.5,969528
1778828580,2026-05-15T12:33:00,23725.7,23735.05,23725.7,23733.2,556271
1778828640,2026-05-15T12:34:00,23733.6,23736.45,23728.45,23736.35,438920
1778828700,2026-05-15T12:35:00,23736.45,23742.9,23734.1,23742.25,358715
1778828760,2026-05-15T12:36:00,23742.3,23746.15,23740.1,23741.6,465992
1778828820,2026-05-15T12:37:00,23741.45,23745.7,23740.15,23744.75,420699
1778828880,2026-05-15T12:38:00,23744.45,23744.95,23738.55,23743.7,420279
1778828940,2026-05-15T12:39:00,23743.9,23747.8,23740.55,23744.3,608279
1778829000,2026-05-15T12:40:00,23743.8,23756.65,23743.8,23755.8,529897
1778829060,2026-05-15T12:41:00,23755.4,23759.95,23752.95,23757.0,534071
1778829120,2026-05-15T12:42:00,23756.8,23758.95,23752.65,23755.9,491177
1778829180,2026-05-15T12:43:00,23755.5,23761.95,23755.5,23761.55,505935
1778829240,2026-05-15T12:44:00,23760.8,23769.7,23760.8,23767.5,1126603
1778829300,2026-05-15T12:45:00,23768.65,23777.85,23766.05,23766.5,1287291
1778829360,2026-05-15T12:46:00,23766.9,23772.0,23766.9,23769.05,584292
1778829420,2026-05-15T12:47:00,23769.0,23777.5,23769.0,23775.3,840817
1778829480,2026-05-15T12:48:00,23775.55,23784.85,23774.15,23784.85,780692
1778829540,2026-05-15T12:49:00,23784.8,23786.95,23779.9,23783.6,935524
1778829600,2026-05-15T12:50:00,23783.85,23794.1,23783.1,23793.4,1189577
1778829660,2026-05-15T12:51:00,23792.6,23797.5,23789.25,23789.8,867733
1778829720,2026-05-15T12:52:00,23789.95,23791.5,23780.2,23780.75,776822
1778829780,2026-05-15T12:53:00,23781.1,23788.65,23781.1,23785.8,744634
1778829840,2026-05-15T12:54:00,23785.85,23787.8,23777.6,23782.35,649485
1778829900,2026-05-15T12:55:00,23782.3,23790.05,23782.3,23787.3,902260
1778829960,2026-05-15T12:56:00,23787.1,23789.1,23778.05,23778.8,569732
1778830020,2026-05-15T12:57:00,23778.55,23783.9,23778.25,23781.95,601583
1778830080,2026-05-15T12:58:00,23781.75,23783.5,23774.65,23777.0,480477
1778830140,2026-05-15T12:59:00,23777.15,23784.75,23777.15,23784.65,412562
1778830200,2026-05-15T13:00:00,23784.6,23787.35,23777.3,23777.8,673049
1778830260,2026-05-15T13:01:00,23777.8,23782.9,23776.6,23777.85,659763
1778830320,2026-05-15T13:02:00,23777.9,23781.3,23776.55,23779.9,438534
1778830380,2026-05-15T13:03:00,23779.9,23784.1,23774.75,23775.7,438745
1778830440,2026-05-15T13:04:00,23776.0,23777.05,23773.15,23775.45,401964
1778830500,2026-05-15T13:05:00,23775.65,23783.25,23775.65,23780.9,485030
1778830560,2026-05-15T13:06:00,23781.25,23784.4,23779.15,23780.35,1247627
1778830620,2026-05-15T13:07:00,23780.15,23781.7,23776.55,23777.0,548362
1778830680,2026-05-15T13:08:00,23776.45,23779.45,23766.65,23776.1,976993
1778830740,2026-05-15T13:09:00,23775.45,23776.55,23770.85,23775.4,373387
1778830800,2026-05-15T13:10:00,23775.15,23781.05,23775.1,23780.6,340186
1778830860,2026-05-15T13:11:00,23780.75,23786.2,23776.75,23780.5,514430
1778830920,2026-05-15T13:12:00,23780.4,23781.1,23775.65,23776.55,436917
1778830980,2026-05-15T13:13:00,23776.5,23784.6,23775.25,23784.3,553502
1778831040,2026-05-15T13:14:00,23784.2,23786.05,23775.35,23780.65,754148
1778831100,2026-05-15T13:15:00,23780.95,23781.2,23774.95,23775.35,392542
1778831160,2026-05-15T13:16:00,23774.9,23778.65,23772.15,23773.7,755434
1778831220,2026-05-15T13:17:00,23773.55,23775.85,23771.6,23772.85,402812
1778831280,2026-05-15T13:18:00,23772.4,23776.3,23770.45,23773.0,502295
1778831340,2026-05-15T13:19:00,23773.35,23785.85,23773.35,23785.85,1136251
1778831400,2026-05-15T13:20:00,23785.9,23787.8,23777.7,23778.25,661953
1778831460,2026-05-15T13:21:00,23779.45,23781.8,23774.05,23777.2,732732
1778831520,2026-05-15T13:22:00,23777.2,23782.85,23775.4,23778.1,664082
1778831580,2026-05-15T13:23:00,23777.9,23783.55,23777.9,23780.0,971005
1778831640,2026-05-15T13:24:00,23780.45,23783.25,23775.25,23776.05,983865
1778831700,2026-05-15T13:25:00,23777.0,23779.0,23773.0,23774.0,500068
1778831760,2026-05-15T13:26:00,23773.5,23774.55,23766.45,23766.45,527213
1778831820,2026-05-15T13:27:00,23766.6,23777.85,23765.7,23774.4,481967
1778831880,2026-05-15T13:28:00,23774.25,23785.2,23774.25,23776.25,754173
1778831940,2026-05-15T13:29:00,23775.95,23778.1,23771.85,23776.1,511465
1778832000,2026-05-15T13:30:00,23776.05,23779.6,23762.85,23762.85,809316
1778832060,2026-05-15T13:31:00,23762.9,23772.3,23761.85,23767.25,825315
1778832120,2026-05-15T13:32:00,23767.2,23769.0,23764.6,23765.35,468618
1778832180,2026-05-15T13:33:00,23765.75,23766.45,23758.5,23762.0,667989
1778832240,2026-05-15T13:34:00,23762.15,23768.95,23758.9,23761.55,662258
1778832300,2026-05-15T13:35:00,23761.7,23768.65,23755.2,23767.45,1325245
1778832360,2026-05-15T13:36:00,23768.05,23770.8,23757.9,23758.15,1312339
1778832420,2026-05-15T13:37:00,23758.3,23760.3,23747.7,23750.65,1900822
1778832480,2026-05-15T13:38:00,23751.05,23753.2,23739.0,23739.7,1077214
1778832540,2026-05-15T13:39:00,23739.7,23741.9,23737.0,23739.7,1000639
1778832600,2026-05-15T13:40:00,23740.0,23742.65,23728.0,23732.95,1664597
1778832660,2026-05-15T13:41:00,23732.9,23741.5,23731.7,23737.7,1120380
1778832720,2026-05-15T13:42:00,23738.1,23739.55,23728.05,23735.65,944342
1778832780,2026-05-15T13:43:00,23735.3,23739.0,23733.95,23737.35,704174
1778832840,2026-05-15T13:44:00,23736.9,23739.6,23732.0,23739.2,632053
1778832900,2026-05-15T13:45:00,23738.8,23749.4,23738.8,23746.55,1138721
1778832960,2026-05-15T13:46:00,23746.35,23750.65,23735.95,23736.75,1009000
1778833020,2026-05-15T13:47:00,23737.05,23737.05,23714.4,23714.4,967486
1778833080,2026-05-15T13:48:00,23714.7,23715.85,23704.7,23705.6,1142448
1778833140,2026-05-15T13:49:00,23705.8,23711.6,23702.3,23711.0,964442
1778833200,2026-05-15T13:50:00,23711.5,23711.5,23701.75,23702.55,1387968
1778833260,2026-05-15T13:51:00,23703.1,23707.55,23699.55,23707.0,799407
1778833320,2026-05-15T13:52:00,23707.0,23714.7,23706.2,23714.65,576769
1778833380,2026-05-15T13:53:00,23715.15,23733.85,23715.15,23730.55,744820
1778833440,2026-05-15T13:54:00,23729.75,23732.35,23727.9,23728.7,503840
1778833500,2026-05-15T13:55:00,23728.45,23734.75,23726.8,23727.8,601342
1778833560,2026-05-15T13:56:00,23727.35,23729.15,23719.9,23720.05,466857
1778833620,2026-05-15T13:57:00,23719.85,23720.65,23707.95,23709.7,1111977
1778833680,2026-05-15T13:58:00,23709.45,23715.15,23705.25,23715.1,866885
1778833740,2026-05-15T13:59:00,23715.25,23718.15,23711.2,23713.55,573880
1778833800,2026-05-15T14:00:00,23712.95,23714.65,23706.1,23710.0,619994
1778833860,2026-05-15T14:01:00,23710.05,23714.5,23709.4,23711.8,783753
1778833920,2026-05-15T14:02:00,23711.7,23712.95,23708.1,23711.05,542286
1778833980,2026-05-15T14:03:00,23710.85,23712.0,23699.3,23701.4,803528
1778834040,2026-05-15T14:04:00,23701.05,23703.45,23694.45,23694.95,980065
1778834100,2026-05-15T14:05:00,23694.4,23704.25,23693.7,23699.8,1011148
1778834160,2026-05-15T14:06:00,23700.15,23706.75,23695.95,23704.15,503279
1778834220,2026-05-15T14:07:00,23704.3,23706.6,23700.3,23703.55,588373
1778834280,2026-05-15T14:08:00,23703.75,23709.7,23703.75,23708.85,569757
1778834340,2026-05-15T14:09:00,23707.9,23715.0,23702.9,23713.8,1241573
1778834400,2026-05-15T14:10:00,23713.55,23716.35,23712.2,23715.95,739586
1778834460,2026-05-15T14:11:00,23716.85,23722.2,23714.7,23715.5,836662
1778834520,2026-05-15T14:12:00,23716.3,23717.45,23704.45,23711.25,768001
1778834580,2026-05-15T14:13:00,23711.25,23720.65,23711.25,23718.35,613692
1778834640,2026-05-15T14:14:00,23718.75,23722.35,23715.35,23722.35,587604
1778834700,2026-05-15T14:15:00,23722.3,23726.65,23720.4,23722.7,1331554
1778834760,2026-05-15T14:16:00,23722.15,23723.9,23709.35,23710.55,1335984
1778834820,2026-05-15T14:17:00,23709.55,23713.7,23704.7,23710.7,714883
1778834880,2026-05-15T14:18:00,23711.1,23715.4,23709.95,23713.3,475422
1778834940,2026-05-15T14:19:00,23713.4,23718.15,23713.15,23718.1,739803
1778835000,2026-05-15T14:20:00,23717.2,23720.2,23712.25,23713.9,576945
1778835060,2026-05-15T14:21:00,23713.8,23715.9,23712.25,23713.15,552851
1778835120,2026-05-15T14:22:00,23712.95,23714.35,23704.8,23707.35,846983
1778835180,2026-05-15T14:23:00,23707.7,23708.75,23701.6,23702.8,1111653
1778835240,2026-05-15T14:24:00,23702.1,23712.95,23702.1,23706.75,638325
1778835300,2026-05-15T14:25:00,23707.1,23708.5,23698.05,23700.8,758275
1778835360,2026-05-15T14:26:00,23700.3,23702.65,23693.55,23693.7,573779
1778835420,2026-05-15T14:27:00,23693.9,23697.5,23688.8,23692.0,682212
1778835480,2026-05-15T14:28:00,23692.15,23694.65,23689.6,23689.85,601854
1778835540,2026-05-15T14:29:00,23691.05,23695.7,23685.3,23695.7,1290896
1778835600,2026-05-15T14:30:00,23696.95,23699.85,23692.6,23697.45,744890
1778835660,2026-05-15T14:31:00,23697.25,23699.35,23693.35,23693.8,725934
1778835720,2026-05-15T14:32:00,23693.4,23693.9,23680.2,23680.2,910222
1778835780,2026-05-15T14:33:00,23680.8,23682.7,23676.6,23679.8,1127868
1778835840,2026-05-15T14:34:00,23680.15,23702.95,23680.15,23695.05,2950329
1778835900,2026-05-15T14:35:00,23695.6,23700.5,23691.3,23692.0,2069263
1778835960,2026-05-15T14:36:00,23692.05,23703.2,23688.85,23701.1,1319579
1778836020,2026-05-15T14:37:00,23701.7,23701.7,23690.25,23693.9,1386298
1778836080,2026-05-15T14:38:00,23693.8,23695.0,23690.0,23693.25,878255
1778836140,2026-05-15T14:39:00,23692.15,23694.45,23685.1,23692.55,899898
1778836200,2026-05-15T14:40:00,23693.1,23697.65,23690.3,23695.45,802960
1778836260,2026-05-15T14:41:00,23695.65,23705.3,23693.8,23702.7,838668
1778836320,2026-05-15T14:42:00,23702.4,23703.15,23693.6,23697.1,828865
1778836380,2026-05-15T14:43:00,23697.1,23699.7,23693.8,23695.9,591116
1778836440,2026-05-15T14:44:00,23695.85,23696.95,23689.65,23690.75,830053
1778836500,2026-05-15T14:45:00,23690.6,23692.25,23675.95,23676.05,910522
1778836560,2026-05-15T14:46:00,23676.3,23677.0,23661.6,23663.55,1396568
1778836620,2026-05-15T14:47:00,23662.8,23664.75,23652.05,23655.9,1703765
1778836680,2026-05-15T14:48:00,23657.1,23658.8,23643.75,23647.2,1475979
1778836740,2026-05-15T14:49:00,23646.85,23648.4,23625.5,23625.95,1803474
1778836800,2026-05-15T14:50:00,23626.05,23630.75,23610.3,23625.55,2359374
1778836860,2026-05-15T14:51:00,23625.4,23633.3,23616.2,23628.7,2135901
1778836920,2026-05-15T14:52:00,23628.6,23629.0,23618.05,23625.8,1530657
1778836980,2026-05-15T14:53:00,23625.5,23632.3,23619.45,23620.45,1228417
1778837040,2026-05-15T14:54:00,23620.65,23622.05,23611.0,23618.7,1393046
1778837100,2026-05-15T14:55:00,23618.8,23622.9,23611.5,23619.45,1196938
1778837160,2026-05-15T14:56:00,23620.25,23620.8,23612.9,23614.8,1378901
1778837220,2026-05-15T14:57:00,23614.1,23621.6,23614.1,23618.4,936550
1778837280,2026-05-15T14:58:00,23617.4,23627.85,23612.85,23627.65,1210988
1778837340,2026-05-15T14:59:00,23627.4,23658.15,23627.4,23646.85,1517660
1778837400,2026-05-15T15:00:00,23646.1,23646.15,23633.8,23641.0,2386480
1778837460,2026-05-15T15:01:00,23640.45,23654.85,23640.45,23645.9,2063774
1778837520,2026-05-15T15:02:00,23645.8,23667.3,23645.45,23664.95,2039958
1778837580,2026-05-15T15:03:00,23664.0,23672.85,23664.0,23666.75,1875076
1778837640,2026-05-15T15:04:00,23667.05,23674.75,23662.4,23674.2,2157415
1778837700,2026-05-15T15:05:00,23675.25,23678.35,23667.45,23669.35,2213845
1778837760,2026-05-15T15:06:00,23669.3,23672.15,23661.55,23663.95,1528058
1778837820,2026-05-15T15:07:00,23663.95,23667.2,23652.95,23653.5,1791514
1778837880,2026-05-15T15:08:00,23652.9,23655.6,23646.15,23649.9,2630691
1778837940,2026-05-15T15:09:00,23650.35,23652.05,23644.0,23647.85,1915850
1778838000,2026-05-15T15:10:00,23647.2,23653.2,23646.55,23650.85,1812341
1778838060,2026-05-15T15:11:00,23649.65,23650.15,23643.1,23644.55,1926645
1778838120,2026-05-15T15:12:00,23643.95,23649.05,23640.1,23645.75,1969952
1778838180,2026-05-15T15:13:00,23644.95,23648.9,23642.05,23642.8,2082503
1778838240,2026-05-15T15:14:00,23642.9,23646.05,23640.35,23644.1,2190176
1778838300,2026-05-15T15:15:00,23643.6,23645.85,23619.25,23619.75,3370949
1778838360,2026-05-15T15:16:00,23620.7,23627.15,23616.5,23624.05,2208385
1778838420,2026-05-15T15:17:00,23625.45,23629.05,23622.15,23626.5,2028831
1778838480,2026-05-15T15:18:00,23628.75,23636.85,23626.7,23635.0,2770492
1778838540,2026-05-15T15:19:00,23635.0,23640.3,23632.0,23637.15,2396970
1778838600,2026-05-15T15:20:00,23638.65,23645.65,23637.5,23644.25,2742267
1778838660,2026-05-15T15:21:00,23644.95,23646.85,23635.8,23636.85,3102539
1778838720,2026-05-15T15:22:00,23637.15,23638.4,23626.0,23635.0,2365253
1778838780,2026-05-15T15:23:00,23635.15,23636.15,23630.4,23632.25,1894230
1778838840,2026-05-15T15:24:00,23632.9,23636.45,23629.4,23632.85,2965720
1778838900,2026-05-15T15:25:00,23633.45,23636.5,23625.3,23627.95,2663444
1778838960,2026-05-15T15:26:00,23630.0,23646.15,23628.75,23644.15,2055906
1778839020,2026-05-15T15:27:00,23643.05,23649.0,23642.6,23646.6,2346132
1778839080,2026-05-15T15:28:00,23645.65,23656.05,23642.45,23650.5,2042677
1778839140,2026-05-15T15:29:00,23650.1,23660.75,23645.8,23659.35,1430505
1779075900,2026-05-18T09:15:00,23482.2,23494.6,23400.95,23404.85,6923599
1779075960,2026-05-18T09:16:00,23403.0,23407.25,23375.6,23391.35,5251357
1779076020,2026-05-18T09:17:00,23391.2,23391.2,23371.8,23384.7,4005481
1779076080,2026-05-18T09:18:00,23383.85,23400.9,23383.25,23397.95,3399681
1779076140,2026-05-18T09:19:00,23398.55,23408.85,23389.75,23400.5,2680144
1779076200,2026-05-18T09:20:00,23399.5,23405.6,23383.35,23396.5,2611842
1779076260,2026-05-18T09:21:00,23396.85,23412.5,23393.35,23401.65,2977899
1779076320,2026-05-18T09:22:00,23400.95,23406.8,23387.0,23388.15,1962892
1779076380,2026-05-18T09:23:00,23389.15,23413.35,23387.9,23408.5,2751047
1779076440,2026-05-18T09:24:00,23408.8,23411.05,23399.65,23401.5,1522193
1779076500,2026-05-18T09:25:00,23402.4,23405.45,23396.1,23399.8,1059889
1779076560,2026-05-18T09:26:00,23400.65,23401.95,23382.7,23390.95,1595558
1779076620,2026-05-18T09:27:00,23391.35,23398.15,23385.65,23388.05,1578707
1779076680,2026-05-18T09:28:00,23388.9,23389.0,23375.45,23375.9,1508183
1779076740,2026-05-18T09:29:00,23376.0,23378.0,23363.05,23373.1,1672618
1779076800,2026-05-18T09:30:00,23373.15,23382.7,23370.3,23376.4,1489683
1779076860,2026-05-18T09:31:00,23375.95,23378.6,23361.6,23363.4,1764348
1779076920,2026-05-18T09:32:00,23362.85,23378.15,23359.65,23377.45,1719874
1779076980,2026-05-18T09:33:00,23377.45,23394.95,23376.1,23385.45,1381457
1779077040,2026-05-18T09:34:00,23384.95,23390.5,23376.6,23388.2,1056142
1779077100,2026-05-18T09:35:00,23387.9,23394.8,23377.55,23378.95,1255593
1779077160,2026-05-18T09:36:00,23378.4,23388.8,23367.55,23387.2,913981
1779077220,2026-05-18T09:37:00,23387.15,23388.1,23367.35,23367.35,889416
1779077280,2026-05-18T09:38:00,23368.45,23369.55,23355.4,23356.55,1501756
1779077340,2026-05-18T09:39:00,23356.1,23359.25,23347.35,23358.4,1318025
1779077400,2026-05-18T09:40:00,23358.5,23365.55,23356.65,23363.75,2136217
1779077460,2026-05-18T09:41:00,23363.85,23365.05,23353.65,23353.8,948169
1779077520,2026-05-18T09:42:00,23353.35,23376.6,23349.7,23374.3,1523213
1779077580,2026-05-18T09:43:00,23373.5,23380.3,23369.65,23377.8,709591
1779077640,2026-05-18T09:44:00,23378.65,23383.5,23369.3,23371.05,1185679
1779077700,2026-05-18T09:45:00,23370.75,23371.6,23358.2,23367.4,908196
1779077760,2026-05-18T09:46:00,23367.15,23372.2,23364.05,23365.9,1175025
1779077820,2026-05-18T09:47:00,23365.75,23367.35,23354.35,23356.55,918954
1779077880,2026-05-18T09:48:00,23356.2,23356.2,23343.05,23347.5,1370874
1779077940,2026-05-18T09:49:00,23348.05,23349.9,23341.25,23342.4,1102963
1779078000,2026-05-18T09:50:00,23342.6,23345.1,23331.8,23334.05,1468966
1779078060,2026-05-18T09:51:00,23333.9,23342.45,23330.2,23339.45,1012459
1779078120,2026-05-18T09:52:00,23339.3,23342.9,23333.5,23333.5,959327
1779078180,2026-05-18T09:53:00,23332.75,23333.55,23324.55,23325.0,1343211
1779078240,2026-05-18T09:54:00,23324.8,23327.1,23322.3,23325.05,875094
1779078300,2026-05-18T09:55:00,23325.35,23331.35,23318.85,23331.35,931079
1779078360,2026-05-18T09:56:00,23330.75,23334.7,23327.6,23328.4,1040133
1779078420,2026-05-18T09:57:00,23328.35,23329.45,23317.1,23319.35,1244195
1779078480,2026-05-18T09:58:00,23319.9,23326.45,23318.1,23322.5,1083789
1779078540,2026-05-18T09:59:00,23322.95,23342.05,23322.8,23341.15,824589
1779078600,2026-05-18T10:00:00,23340.8,23349.3,23339.5,23343.75,1065946
1779078660,2026-05-18T10:01:00,23343.8,23349.05,23341.15,23346.8,900412
1779078720,2026-05-18T10:02:00,23347.9,23360.0,23342.0,23360.0,1096545
1779078780,2026-05-18T10:03:00,23360.35,23364.05,23356.75,23357.6,1060800
1779078840,2026-05-18T10:04:00,23357.25,23362.75,23355.05,23361.05,639510
1779078900,2026-05-18T10:05:00,23361.1,23366.5,23356.4,23361.4,1418026
1779078960,2026-05-18T10:06:00,23361.65,23362.55,23356.55,23360.0,923801
1779079020,2026-05-18T10:07:00,23359.8,23360.45,23344.05,23344.1,1102475
1779079080,2026-05-18T10:08:00,23344.05,23349.05,23340.3,23348.85,978063
1779079140,2026-05-18T10:09:00,23348.2,23357.1,23346.85,23350.9,1066732
1779079200,2026-05-18T10:10:00,23350.75,23359.9,23348.7,23356.15,740167
1779079260,2026-05-18T10:11:00,23356.15,23362.55,23350.3,23358.65,1002721
1779079320,2026-05-18T10:12:00,23357.8,23366.4,23352.2,23352.85,1148324
1779079380,2026-05-18T10:13:00,23352.45,23361.9,23349.65,23360.0,1413885
1779079440,2026-05-18T10:14:00,23360.1,23362.9,23357.9,23362.4,948621
1779079500,2026-05-18T10:15:00,23362.3,23363.75,23353.9,23357.25,958204
1779079560,2026-05-18T10:16:00,23357.2,23376.0,23356.85,23375.45,1101565
1779079620,2026-05-18T10:17:00,23375.15,23383.9,23375.15,23382.85,2018170
1779079680,2026-05-18T10:18:00,23382.65,23386.55,23379.8,23385.9,813252
1779079740,2026-05-18T10:19:00,23385.7,23389.45,23384.0,23384.9,1241431
1779079800,2026-05-18T10:20:00,23385.0,23389.05,23382.65,23383.3,1075358
1779079860,2026-05-18T10:21:00,23383.2,23388.1,23382.35,23385.1,913223
1779079920,2026-05-18T10:22:00,23384.1,23384.6,23375.15,23376.4,1121869
1779079980,2026-05-18T10:23:00,23375.85,23384.4,23373.5,23384.2,690532
1779080040,2026-05-18T10:24:00,23383.85,23385.3,23378.7,23381.9,550646
1779080100,2026-05-18T10:25:00,23382.2,23385.95,23380.95,23383.8,698464
1779080160,2026-05-18T10:26:00,23383.95,23385.2,23379.4,23383.95,655605
1779080220,2026-05-18T10:27:00,23384.55,23385.75,23380.25,23382.45,653789
1779080280,2026-05-18T10:28:00,23382.15,23382.15,23375.5,23379.55,713598
1779080340,2026-05-18T10:29:00,23379.8,23385.05,23379.8,23379.85,663621
1779080400,2026-05-18T10:30:00,23379.75,23382.65,23371.5,23372.65,798743
1779080460,2026-05-18T10:31:00,23372.6,23372.6,23358.7,23358.9,923172
1779080520,2026-05-18T10:32:00,23359.0,23362.45,23355.55,23360.1,740408
1779080580,2026-05-18T10:33:00,23360.25,23376.35,23355.55,23376.1,981555
1779080640,2026-05-18T10:34:00,23376.05,23414.4,23375.95,23413.65,1074804
1779080700,2026-05-18T10:35:00,23414.05,23422.5,23412.55,23417.9,872013
1779080760,2026-05-18T10:36:00,23418.0,23432.1,23415.7,23431.65,743661
1779080820,2026-05-18T10:37:00,23431.55,23438.3,23428.15,23438.3,875485
1779080880,2026-05-18T10:38:00,23438.0,23439.7,23431.35,23431.4,779525
1779080940,2026-05-18T10:39:00,23432.25,23433.2,23424.6,23429.0,962488
1779081000,2026-05-18T10:40:00,23429.0,23431.85,23421.3,23429.35,673614
1779081060,2026-05-18T10:41:00,23430.3,23433.5,23426.2,23427.55,561440
1779081120,2026-05-18T10:42:00,23427.25,23427.8,23421.85,23426.1,571036
1779081180,2026-05-18T10:43:00,23426.25,23427.7,23406.8,23407.25,890987
1779081240,2026-05-18T10:44:00,23405.85,23417.9,23403.95,23417.2,550283
1779081300,2026-05-18T10:45:00,23417.8,23418.1,23411.95,23413.95,463578
1779081360,2026-05-18T10:46:00,23413.9,23414.9,23404.3,23405.45,704262
1779081420,2026-05-18T10:47:00,23405.45,23407.1,23395.15,23395.25,768325
1779081480,2026-05-18T10:48:00,23394.75,23406.95,23389.6,23406.05,657344
1779081540,2026-05-18T10:49:00,23406.2,23417.6,23404.95,23408.65,780015
1779081600,2026-05-18T10:50:00,23408.15,23418.7,23408.15,23418.7,888031
1779081660,2026-05-18T10:51:00,23418.95,23430.9,23418.55,23425.8,773771
1779081720,2026-05-18T10:52:00,23425.6,23441.4,23423.65,23440.85,756226
1779081780,2026-05-18T10:53:00,23441.15,23442.45,23434.5,23436.65,789643
1779081840,2026-05-18T10:54:00,23436.25,23445.3,23433.75,23443.7,593705
1779081900,2026-05-18T10:55:00,23443.55,23451.7,23442.7,23450.8,671880
1779081960,2026-05-18T10:56:00,23451.0,23460.65,23450.05,23458.3,739016
1779082020,2026-05-18T10:57:00,23457.65,23460.55,23453.05,23453.05,642714
1779082080,2026-05-18T10:58:00,23452.85,23461.65,23450.8,23460.1,444494
1779082140,2026-05-18T10:59:00,23460.05,23465.95,23459.0,23465.1,651251
1779082200,2026-05-18T11:00:00,23464.9,23469.35,23461.85,23461.85,689696
1779082260,2026-05-18T11:01:00,23461.85,23462.35,23452.6,23458.9,691072
1779082320,2026-05-18T11:02:00,23458.75,23471.45,23458.75,23461.45,1109614
1779082380,2026-05-18T11:03:00,23461.15,23462.85,23457.8,23461.7,650340
1779082440,2026-05-18T11:04:00,23461.5,23463.05,23454.9,23455.25,617290
1779082500,2026-05-18T11:05:00,23455.15,23464.9,23454.75,23462.95,520148
1779082560,2026-05-18T11:06:00,23463.2,23474.05,23463.2,23467.7,540871
1779082620,2026-05-18T11:07:00,23468.3,23474.75,23459.4,23459.5,612353
1779082680,2026-05-18T11:08:00,23459.05,23468.4,23456.1,23466.0,555831
1779082740,2026-05-18T11:09:00,23467.05,23477.75,23466.55,23476.4,758321
1779082800,2026-05-18T11:10:00,23477.1,23477.75,23471.75,23474.0,801795
1779082860,2026-05-18T11:11:00,23474.2,23475.8,23465.2,23465.6,927250
1779082920,2026-05-18T11:12:00,23465.9,23467.0,23460.6,23461.2,838949
1779082980,2026-05-18T11:13:00,23460.95,23475.0,23460.9,23474.2,578235
1779083040,2026-05-18T11:14:00,23474.55,23474.55,23466.0,23470.1,502996
1779083100,2026-05-18T11:15:00,23470.2,23476.25,23465.85,23475.9,551387
1779083160,2026-05-18T11:16:00,23474.9,23486.25,23474.85,23483.3,740930
1779083220,2026-05-18T11:17:00,23483.5,23491.95,23481.9,23484.6,692573
1779083280,2026-05-18T11:18:00,23483.9,23491.75,23481.05,23484.85,1104216
1779083340,2026-05-18T11:19:00,23483.85,23495.15,23482.45,23494.05,803630
1779083400,2026-05-18T11:20:00,23494.3,23495.95,23483.3,23486.0,852679
1779083460,2026-05-18T11:21:00,23485.9,23486.2,23476.05,23478.7,920342
1779083520,2026-05-18T11:22:00,23478.4,23503.65,23478.4,23503.1,615812
1779083580,2026-05-18T11:23:00,23503.5,23507.3,23494.4,23495.2,750264
1779083640,2026-05-18T11:24:00,23494.5,23518.6,23494.1,23516.2,903461
1779083700,2026-05-18T11:25:00,23516.4,23519.9,23506.05,23510.2,604443
1779083760,2026-05-18T11:26:00,23509.9,23510.65,23498.15,23498.3,879605
1779083820,2026-05-18T11:27:00,23498.3,23505.4,23494.2,23501.3,697980
1779083880,2026-05-18T11:28:00,23501.1,23503.9,23498.35,23499.8,384946
1779083940,2026-05-18T11:29:00,23499.85,23502.1,23494.3,23495.8,584278
1779084000,2026-05-18T11:30:00,23495.8,23505.1,23494.4,23505.0,701645
1779084060,2026-05-18T11:31:00,23505.0,23514.5,23503.1,23514.15,604964
1779084120,2026-05-18T11:32:00,23514.2,23531.35,23514.2,23529.0,1080581
1779084180,2026-05-18T11:33:00,23528.9,23530.8,23524.6,23530.45,796625
1779084240,2026-05-18T11:34:00,23530.15,23532.8,23525.55,23528.55,708951
1779084300,2026-05-18T11:35:00,23529.25,23531.25,23524.55,23529.65,935680
1779084360,2026-05-18T11:36:00,23529.8,23534.35,23525.95,23533.35,762188
1779084420,2026-05-18T11:37:00,23534.1,23538.6,23531.1,23537.65,567578
1779084480,2026-05-18T11:38:00,23537.85,23549.75,23535.5,23547.9,1387509
1779084540,2026-05-18T11:39:00,23548.0,23562.75,23547.55,23560.65,807912
1779084600,2026-05-18T11:40:00,23560.7,23561.1,23542.25,23543.05,638222
1779084660,2026-05-18T11:41:00,23543.25,23544.6,23532.85,23532.85,821446
1779084720,2026-05-18T11:42:00,23533.45,23535.0,23528.15,23533.6,563481
1779084780,2026-05-18T11:43:00,23533.95,23542.05,23532.15,23532.2,469792
1779084840,2026-05-18T11:44:00,23532.3,23534.6,23525.15,23534.25,843439
1779084900,2026-05-18T11:45:00,23534.55,23537.9,23533.4,23536.5,527833
1779084960,2026-05-18T11:46:00,23537.3,23538.25,23527.55,23527.6,719322
1779085020,2026-05-18T11:47:00,23528.1,23529.2,23513.65,23514.0,1092785
1779085080,2026-05-18T11:48:00,23513.35,23515.45,23502.8,23504.65,1208271
1779085140,2026-05-18T11:49:00,23504.9,23513.5,23504.4,23512.7,635795
1779085200,2026-05-18T11:50:00,23512.55,23512.9,23505.85,23506.25,639389
1779085260,2026-05-18T11:51:00,23505.9,23509.75,23501.9,23504.35,720517
1779085320,2026-05-18T11:52:00,23504.25,23511.35,23504.25,23507.55,543270
1779085380,2026-05-18T11:53:00,23507.6,23510.6,23504.5,23504.7,486862
1779085440,2026-05-18T11:54:00,23504.9,23506.25,23499.3,23499.7,438419
1779085500,2026-05-18T11:55:00,23500.1,23509.65,23497.5,23498.15,532508
1779085560,2026-05-18T11:56:00,23498.0,23499.35,23492.45,23498.6,551883
1779085620,2026-05-18T11:57:00,23498.65,23502.3,23496.75,23497.15,404109
1779085680,2026-05-18T11:58:00,23497.05,23499.45,23485.9,23486.1,704317
1779085740,2026-05-18T11:59:00,23486.1,23486.45,23473.7,23474.7,580532
1779085800,2026-05-18T12:00:00,23474.75,23475.35,23468.35,23469.95,781124
1779085860,2026-05-18T12:01:00,23470.35,23479.9,23470.35,23479.8,1735675
1779085920,2026-05-18T12:02:00,23479.85,23482.05,23472.85,23476.6,726434
1779085980,2026-05-18T12:03:00,23476.95,23478.4,23474.25,23478.25,624854
1779086040,2026-05-18T12:04:00,23478.2,23485.5,23477.9,23477.9,601971
1779086100,2026-05-18T12:05:00,23477.7,23487.2,23477.7,23483.4,683409
1779086160,2026-05-18T12:06:00,23483.3,23491.45,23483.15,23488.0,611574
1779086220,2026-05-18T12:07:00,23488.25,23488.6,23479.4,23486.4,748295
1779086280,2026-05-18T12:08:00,23485.95,23496.3,23485.95,23495.75,864746
1779086340,2026-05-18T12:09:00,23495.95,23500.15,23491.6,23492.5,749716
1779086400,2026-05-18T12:10:00,23492.45,23507.7,23492.0,23507.7,804193
1779086460,2026-05-18T12:11:00,23508.35,23515.8,23508.35,23512.8,1033831
1779086520,2026-05-18T12:12:00,23514.05,23518.2,23508.95,23516.5,924551
1779086580,2026-05-18T12:13:00,23516.65,23522.75,23515.15,23515.9,796035
1779086640,2026-05-18T12:14:00,23515.5,23525.65,23512.65,23524.75,774751
1779086700,2026-05-18T12:15:00,23524.15,23534.45,23524.15,23529.35,1702571
1779086760,2026-05-18T12:16:00,23529.75,23535.15,23529.0,23529.0,900940
1779086820,2026-05-18T12:17:00,23528.95,23529.5,23517.95,23521.65,792237
1779086880,2026-05-18T12:18:00,23521.5,23526.85,23521.1,23522.45,508315
1779086940,2026-05-18T12:19:00,23522.55,23523.5,23513.15,23520.7,1999550
1779087000,2026-05-18T12:20:00,23521.2,23523.85,23518.7,23519.35,718374
1779087060,2026-05-18T12:21:00,23519.55,23525.25,23518.45,23521.55,579903
1779087120,2026-05-18T12:22:00,23521.55,23528.85,23520.9,23525.1,649613
1779087180,2026-05-18T12:23:00,23524.85,23527.4,23521.25,23523.05,419200
1779087240,2026-05-18T12:24:00,23523.05,23537.15,23522.05,23535.95,826103
1779087300,2026-05-18T12:25:00,23536.0,23546.0,23536.0,23546.0,1406650
1779087360,2026-05-18T12:26:00,23546.2,23555.4,23545.55,23553.8,1324393
1779087420,2026-05-18T12:27:00,23554.2,23554.5,23547.65,23552.0,651545
1779087480,2026-05-18T12:28:00,23551.9,23558.15,23548.3,23552.4,883165
1779087540,2026-05-18T12:29:00,23552.35,23555.65,23551.0,23553.45,790213
1779087600,2026-05-18T12:30:00,23553.5,23563.6,23553.5,23563.4,1395739
1779087660,2026-05-18T12:31:00,23563.45,23574.75,23563.45,23570.1,1197161
1779087720,2026-05-18T12:32:00,23570.35,23581.0,23567.8,23578.6,675507
1779087780,2026-05-18T12:33:00,23578.55,23581.9,23577.7,23579.35,904273
1779087840,2026-05-18T12:34:00,23579.8,23601.2,23579.7,23593.95,1450205
1779087900,2026-05-18T12:35:00,23593.1,23606.55,23591.7,23601.35,1147836
1779087960,2026-05-18T12:36:00,23601.8,23608.8,23600.9,23604.1,978485
1779088020,2026-05-18T12:37:00,23604.75,23607.65,23602.45,23603.1,741273
1779088080,2026-05-18T12:38:00,23602.6,23606.5,23599.25,23606.0,1124609
1779088140,2026-05-18T12:39:00,23605.7,23610.0,23602.75,23604.4,1123969
1779088200,2026-05-18T12:40:00,23604.25,23605.0,23592.2,23597.1,1043594
1779088260,2026-05-18T12:41:00,23597.4,23608.05,23597.0,23598.45,665563
1779088320,2026-05-18T12:42:00,23598.4,23598.95,23586.85,23586.9,938580
1779088380,2026-05-18T12:43:00,23586.95,23587.8,23580.15,23581.5,642054
1779088440,2026-05-18T12:44:00,23581.95,23585.85,23578.75,23584.75,708406
1779088500,2026-05-18T12:45:00,23585.0,23587.1,23575.55,23575.7,556864
1779088560,2026-05-18T12:46:00,23576.0,23579.2,23572.65,23578.1,710182
1779088620,2026-05-18T12:47:00,23578.8,23588.75,23578.5,23588.1,711507
1779088680,2026-05-18T12:48:00,23588.1,23588.7,23581.2,23584.15,695825
1779088740,2026-05-18T12:49:00,23584.2,23586.5,23578.7,23578.75,870546
1779088800,2026-05-18T12:50:00,23579.2,23583.7,23577.0,23580.0,683863
1779088860,2026-05-18T12:51:00,23580.2,23586.3,23578.4,23584.6,587796
1779088920,2026-05-18T12:52:00,23585.0,23589.55,23584.8,23587.95,589576
1779088980,2026-05-18T12:53:00,23588.25,23590.5,23585.05,23589.6,749486
1779089040,2026-05-18T12:54:00,23590.05,23592.1,23586.5,23589.25,617576
1779089100,2026-05-18T12:55:00,23589.5,23602.4,23589.05,23601.8,942103
1779089160,2026-05-18T12:56:00,23601.4,23631.35,23601.4,23618.1,2012769
1779089220,2026-05-18T12:57:00,23617.25,23628.6,23617.25,23627.3,1077140
1779089280,2026-05-18T12:58:00,23626.4,23634.4,23626.4,23629.4,969795
1779089340,2026-05-18T12:59:00,23630.75,23637.9,23625.3,23636.9,1126397
1779089400,2026-05-18T13:00:00,23637.15,23651.65,23636.85,23640.9,1195731
1779089460,2026-05-18T13:01:00,23641.55,23642.95,23634.5,23635.4,769122
1779089520,2026-05-18T13:02:00,23635.6,23644.6,23634.7,23644.6,898816
1779089580,2026-05-18T13:03:00,23644.45,23661.65,23644.45,23656.85,1152075
1779089640,2026-05-18T13:04:00,23656.95,23657.25,23645.55,23646.35,842655
1779089700,2026-05-18T13:05:00,23645.9,23647.25,23626.8,23627.25,966209
1779089760,2026-05-18T13:06:00,23627.1,23628.25,23615.75,23616.25,2090208
1779089820,2026-05-18T13:07:00,23616.85,23617.4,23607.95,23608.95,709190
1779089880,2026-05-18T13:08:00,23608.7,23613.2,23605.25,23609.7,605287
1779089940,2026-05-18T13:09:00,23609.8,23612.0,23606.15,23610.35,804451
1779090000,2026-05-18T13:10:00,23610.65,23612.75,23599.7,23600.0,894433
1779090060,2026-05-18T13:11:00,23599.9,23600.95,23592.25,23600.95,742047
1779090120,2026-05-18T13:12:00,23600.9,23609.95,23599.95,23607.35,1444838
1779090180,2026-05-18T13:13:00,23607.55,23607.55,23599.55,23605.3,747629
1779090240,2026-05-18T13:14:00,23605.2,23616.45,23605.2,23615.9,931672
1779090300,2026-05-18T13:15:00,23615.5,23620.25,23613.9,23617.2,596155
1779090360,2026-05-18T13:16:00,23617.8,23627.85,23617.6,23622.15,658984
1779090420,2026-05-18T13:17:00,23621.55,23623.3,23617.9,23619.05,585663
1779090480,2026-05-18T13:18:00,23618.9,23628.75,23618.35,23626.75,654434
1779090540,2026-05-18T13:19:00,23626.9,23628.55,23618.25,23620.35,793028
1779090600,2026-05-18T13:20:00,23620.5,23621.25,23603.55,23604.0,667422
1779090660,2026-05-18T13:21:00,23604.4,23614.3,23603.4,23607.85,590264
1779090720,2026-05-18T13:22:00,23608.4,23609.75,23598.2,23598.65,761926
1779090780,2026-05-18T13:23:00,23598.55,23606.55,23596.45,23605.55,736724
1779090840,2026-05-18T13:24:00,23605.85,23627.75,23605.65,23627.7,802345
1779090900,2026-05-18T13:25:00,23628.0,23632.9,23625.25,23627.3,801306
1779090960,2026-05-18T13:26:00,23627.6,23632.9,23618.35,23631.7,936988
1779091020,2026-05-18T13:27:00,23631.75,23634.25,23624.6,23624.85,845473
1779091080,2026-05-18T13:28:00,23625.0,23625.0,23611.0,23611.8,784443
1779091140,2026-05-18T13:29:00,23612.0,23619.75,23610.1,23618.95,673825
1779091200,2026-05-18T13:30:00,23618.35,23632.2,23618.3,23631.05,808073
1779091260,2026-05-18T13:31:00,23630.1,23633.5,23626.95,23627.55,823883
1779091320,2026-05-18T13:32:00,23627.4,23630.5,23623.3,23626.0,816586
1779091380,2026-05-18T13:33:00,23625.45,23627.1,23615.55,23615.6,595457
1779091440,2026-05-18T13:34:00,23615.65,23628.1,23611.8,23621.5,782208
1779091500,2026-05-18T13:35:00,23622.15,23628.4,23622.15,23626.65,589650
1779091560,2026-05-18T13:36:00,23626.5,23626.5,23611.75,23612.95,956218
1779091620,2026-05-18T13:37:00,23613.05,23618.1,23613.05,23615.2,554476
1779091680,2026-05-18T13:38:00,23615.1,23615.1,23609.2,23612.95,856744
1779091740,2026-05-18T13:39:00,23613.15,23616.3,23606.2,23607.05,655184
1779091800,2026-05-18T13:40:00,23607.0,23607.75,23599.15,23606.4,738845
1779091860,2026-05-18T13:41:00,23606.5,23609.85,23603.55,23608.7,623704
1779091920,2026-05-18T13:42:00,23609.15,23623.25,23608.65,23622.2,664302
1779091980,2026-05-18T13:43:00,23622.3,23630.8,23617.65,23619.2,931928
1779092040,2026-05-18T13:44:00,23618.75,23623.35,23618.75,23622.4,580063
1779092100,2026-05-18T13:45:00,23622.05,23624.05,23611.1,23611.1,758413
1779092160,2026-05-18T13:46:00,23611.15,23621.55,23604.05,23620.8,1207430
1779092220,2026-05-18T13:47:00,23620.6,23622.65,23613.6,23616.55,552281
1779092280,2026-05-18T13:48:00,23616.6,23621.05,23612.5,23618.9,733785
1779092340,2026-05-18T13:49:00,23618.75,23625.5,23618.75,23624.45,596726
1779092400,2026-05-18T13:50:00,23625.05,23628.05,23623.1,23627.65,602445
1779092460,2026-05-18T13:51:00,23627.85,23633.9,23626.4,23633.9,540427
1779092520,2026-05-18T13:52:00,23634.25,23640.35,23633.0,23640.15,915515
1779092580,2026-05-18T13:53:00,23640.15,23646.35,23637.4,23640.65,974257
1779092640,2026-05-18T13:54:00,23640.75,23644.8,23636.35,23642.85,614307
1779092700,2026-05-18T13:55:00,23642.5,23650.95,23642.5,23650.7,824183
1779092760,2026-05-18T13:56:00,23651.05,23656.9,23648.85,23655.7,899440
1779092820,2026-05-18T13:57:00,23656.05,23659.4,23641.5,23641.5,911524
1779092880,2026-05-18T13:58:00,23641.1,23642.75,23634.05,23642.0,819843
1779092940,2026-05-18T13:59:00,23641.8,23647.05,23639.35,23640.9,621852
1779093000,2026-05-18T14:00:00,23641.25,23641.65,23628.5,23629.9,741575
1779093060,2026-05-18T14:01:00,23629.8,23633.75,23627.4,23630.8,621779
1779093120,2026-05-18T14:02:00,23631.05,23637.0,23631.05,23636.3,531175
1779093180,2026-05-18T14:03:00,23636.45,23652.0,23636.45,23647.55,901987
1779093240,2026-05-18T14:04:00,23647.8,23649.8,23640.65,23641.3,475151
1779093300,2026-05-18T14:05:00,23642.25,23644.2,23637.45,23637.45,570769
1779093360,2026-05-18T14:06:00,23637.55,23638.25,23618.6,23618.6,748055
1779093420,2026-05-18T14:07:00,23618.45,23619.85,23613.95,23617.55,701399
1779093480,2026-05-18T14:08:00,23617.75,23623.5,23612.65,23613.55,807113
1779093540,2026-05-18T14:09:00,23613.6,23619.2,23613.35,23615.15,522778
1779093600,2026-05-18T14:10:00,23615.15,23616.05,23606.7,23608.25,833850
1779093660,2026-05-18T14:11:00,23608.8,23617.85,23608.1,23617.05,699339
1779093720,2026-05-18T14:12:00,23616.3,23627.15,23616.3,23627.15,946604
1779093780,2026-05-18T14:13:00,23627.2,23638.1,23627.0,23630.15,1295935
1779093840,2026-05-18T14:14:00,23630.05,23633.25,23621.15,23624.85,1130753
1779093900,2026-05-18T14:15:00,23624.9,23624.9,23599.0,23609.75,767744
1779093960,2026-05-18T14:16:00,23609.7,23617.6,23608.5,23608.5,475501
1779094020,2026-05-18T14:17:00,23609.25,23611.6,23605.0,23608.85,484332
1779094080,2026-05-18T14:18:00,23608.9,23614.05,23608.9,23612.1,478241
1779094140,2026-05-18T14:19:00,23612.25,23613.6,23602.95,23612.15,768054
1779094200,2026-05-18T14:20:00,23612.4,23619.45,23611.65,23616.5,509996
1779094260,2026-05-18T14:21:00,23616.7,23618.5,23608.65,23609.8,609324
1779094320,2026-05-18T14:22:00,23609.95,23613.05,23608.85,23611.85,630206
1779094380,2026-05-18T14:23:00,23611.2,23614.65,23604.7,23607.3,642953
1779094440,2026-05-18T14:24:00,23607.95,23610.0,23591.05,23591.05,1128465
1779094500,2026-05-18T14:25:00,23590.75,23592.65,23583.85,23586.1,1624599
1779094560,2026-05-18T14:26:00,23586.5,23612.65,23586.5,23611.35,1033051
1779094620,2026-05-18T14:27:00,23611.15,23620.7,23610.6,23613.9,850688
1779094680,2026-05-18T14:28:00,23614.1,23615.5,23608.15,23611.3,770807
1779094740,2026-05-18T14:29:00,23613.0,23619.9,23612.1,23614.35,656628
1779094800,2026-05-18T14:30:00,23613.5,23614.55,23604.4,23605.15,780932
1779094860,2026-05-18T14:31:00,23605.35,23621.9,23604.2,23619.9,767985
1779094920,2026-05-18T14:32:00,23619.9,23624.25,23614.05,23614.3,1108944
1779094980,2026-05-18T14:33:00,23614.5,23616.05,23606.95,23609.95,878507
1779095040,2026-05-18T14:34:00,23609.05,23611.5,23595.9,23597.4,851822
1779095100,2026-05-18T14:35:00,23597.8,23599.15,23588.35,23591.15,954192
1779095160,2026-05-18T14:36:00,23591.5,23603.75,23589.85,23602.45,706021
1779095220,2026-05-18T14:37:00,23602.15,23603.65,23593.95,23595.1,649780
1779095280,2026-05-18T14:38:00,23595.75,23596.3,23588.9,23591.55,662367
1779095340,2026-05-18T14:39:00,23591.75,23594.4,23586.05,23587.1,684312
1779095400,2026-05-18T14:40:00,23586.6,23592.2,23582.0,23590.1,750863
1779095460,2026-05-18T14:41:00,23590.2,23597.85,23588.7,23594.85,619364
1779095520,2026-05-18T14:42:00,23594.25,23604.3,23594.2,23601.9,834040
1779095580,2026-05-18T14:43:00,23601.75,23605.8,23601.65,23605.8,591737
1779095640,2026-05-18T14:44:00,23605.45,23611.3,23602.15,23602.95,1071849
1779095700,2026-05-18T14:45:00,23603.35,23604.75,23596.65,23597.65,594949
1779095760,2026-05-18T14:46:00,23597.55,23607.9,23597.55,23605.0,640754
1779095820,2026-05-18T14:47:00,23605.3,23606.15,23597.8,23598.2,747762
1779095880,2026-05-18T14:48:00,23598.15,23598.9,23586.0,23586.35,734295
1779095940,2026-05-18T14:49:00,23586.95,23594.6,23585.75,23585.75,778046
1779096000,2026-05-18T14:50:00,23586.05,23591.85,23584.2,23588.45,751054
1779096060,2026-05-18T14:51:00,23588.2,23589.15,23584.5,23587.45,644580
1779096120,2026-05-18T14:52:00,23587.9,23592.6,23584.45,23584.8,731174
1779096180,2026-05-18T14:53:00,23584.9,23588.05,23583.5,23587.3,594431
1779096240,2026-05-18T14:54:00,23586.9,23595.5,23586.9,23592.1,747141
1779096300,2026-05-18T14:55:00,23592.65,23593.15,23583.85,23584.9,725729
1779096360,2026-05-18T14:56:00,23584.8,23592.8,23581.95,23592.4,1626462
1779096420,2026-05-18T14:57:00,23592.5,23595.95,23585.35,23594.95,1473476
1779096480,2026-05-18T14:58:00,23594.75,23598.0,23586.3,23589.9,1423039
1779096540,2026-05-18T14:59:00,23590.0,23597.35,23587.2,23591.5,1120377
1779096600,2026-05-18T15:00:00,23591.0,23666.3,23590.25,23665.8,4366506
1779096660,2026-05-18T15:01:00,23665.4,23681.15,23665.1,23679.45,2632564
1779096720,2026-05-18T15:02:00,23679.85,23695.65,23679.25,23682.8,3083169
1779096780,2026-05-18T15:03:00,23683.0,23684.0,23677.55,23682.9,2061363
1779096840,2026-05-18T15:04:00,23683.15,23686.4,23662.7,23662.7,2415140
1779096900,2026-05-18T15:05:00,23662.45,23674.25,23662.45,23670.3,1724064
1779096960,2026-05-18T15:06:00,23670.65,23671.65,23658.05,23661.4,2220391
1779097020,2026-05-18T15:07:00,23661.3,23664.3,23654.6,23660.8,1936536
1779097080,2026-05-18T15:08:00,23660.4,23661.55,23637.1,23637.25,2572489
1779097140,2026-05-18T15:09:00,23638.3,23641.2,23629.1,23637.7,1921977
1779097200,2026-05-18T15:10:00,23638.05,23644.7,23636.2,23643.9,1657382
1779097260,2026-05-18T15:11:00,23643.75,23649.8,23641.8,23648.0,2252438
1779097320,2026-05-18T15:12:00,23648.7,23648.7,23632.9,23637.45,1989466
1779097380,2026-05-18T15:13:00,23637.25,23638.25,23631.65,23632.15,1481638
1779097440,2026-05-18T15:14:00,23631.9,23636.55,23631.85,23634.6,1413243
1779097500,2026-05-18T15:15:00,23634.25,23635.6,23628.9,23630.35,1974836
1779097560,2026-05-18T15:16:00,23630.0,23632.05,23627.2,23630.15,2108766
1779097620,2026-05-18T15:17:00,23629.7,23630.25,23619.3,23621.7,1993319
1779097680,2026-05-18T15:18:00,23622.0,23628.2,23620.8,23626.25,2042397
1779097740,2026-05-18T15:19:00,23626.3,23630.3,23625.55,23626.9,1811530
1779097800,2026-05-18T15:20:00,23626.95,23633.25,23626.2,23632.45,2121417
1779097860,2026-05-18T15:21:00,23632.2,23646.9,23632.1,23644.7,2544510
1779097920,2026-05-18T15:22:00,23644.6,23654.2,23644.35,23652.6,2296513
1779097980,2026-05-18T15:23:00,23653.0,23654.15,23647.3,23651.1,2376413
1779098040,2026-05-18T15:24:00,23650.65,23658.35,23649.4,23657.3,2276134
1779098100,2026-05-18T15:25:00,23657.0,23658.4,23647.65,23648.0,2619767
1779098160,2026-05-18T15:26:00,23647.7,23649.9,23646.7,23649.1,1650867
1779098220,2026-05-18T15:27:00,23648.25,23649.45,23641.7,23646.1,2123641
1779098280,2026-05-18T15:28:00,23646.25,23650.0,23640.2,23647.4,1547437
1779098340,2026-05-18T15:29:00,23647.6,23650.9,23640.05,23644.45,1225956
1779162300,2026-05-19T09:15:00,23675.3,23727.45,23675.25,23716.9,5677724
1779162360,2026-05-19T09:16:00,23716.65,23727.95,23693.6,23727.4,3593051
1779162420,2026-05-19T09:17:00,23723.4,23734.3,23698.3,23730.85,3131364
1779162480,2026-05-19T09:18:00,23732.85,23741.0,23724.25,23734.9,3440276
1779162540,2026-05-19T09:19:00,23737.9,23737.9,23724.25,23734.8,2957142
1779162600,2026-05-19T09:20:00,23736.45,23748.0,23734.15,23734.35,2141337
1779162660,2026-05-19T09:21:00,23736.45,23738.75,23719.8,23723.85,2974951
1779162720,2026-05-19T09:22:00,23725.1,23758.45,23722.15,23747.35,2140986
1779162780,2026-05-19T09:23:00,23748.6,23753.15,23731.7,23742.9,2231474
1779162840,2026-05-19T09:24:00,23743.0,23755.25,23738.4,23748.95,2446248
1779162900,2026-05-19T09:25:00,23749.05,23753.0,23746.15,23752.05,1906115
1779162960,2026-05-19T09:26:00,23754.05,23759.3,23747.35,23749.85,1743341
1779163020,2026-05-19T09:27:00,23749.7,23765.65,23748.65,23759.45,1568126
1779163080,2026-05-19T09:28:00,23759.0,23763.6,23746.8,23752.45,1282224
1779163140,2026-05-19T09:29:00,23751.75,23759.25,23747.05,23756.9,1740300
1779163200,2026-05-19T09:30:00,23759.6,23768.95,23756.3,23756.7,2142094
1779163260,2026-05-19T09:31:00,23752.75,23756.05,23737.9,23747.45,1659737
1779163320,2026-05-19T09:32:00,23747.8,23751.55,23728.0,23728.0,1485956
1779163380,2026-05-19T09:33:00,23727.8,23729.0,23704.5,23705.9,1508247
1779163440,2026-05-19T09:34:00,23705.6,23707.2,23683.55,23684.0,1579681
1779163500,2026-05-19T09:35:00,23684.0,23687.6,23663.9,23670.8,1885421
1779163560,2026-05-19T09:36:00,23667.05,23677.9,23647.4,23675.8,1926119
1779163620,2026-05-19T09:37:00,23677.35,23691.95,23674.15,23691.95,1301931
1779163680,2026-05-19T09:38:00,23691.45,23707.7,23684.7,23687.3,1309996
1779163740,2026-05-19T09:39:00,23688.65,23706.15,23688.05,23706.15,969098
1779163800,2026-05-19T09:40:00,23706.75,23727.85,23706.75,23725.75,1022140
1779163860,2026-05-19T09:41:00,23726.3,23732.6,23720.45,23726.4,1660529
1779163920,2026-05-19T09:42:00,23727.35,23740.15,23721.6,23739.25,1246703
1779163980,2026-05-19T09:43:00,23738.9,23755.6,23738.9,23749.8,1202339
1779164040,2026-05-19T09:44:00,23750.7,23757.9,23749.2,23749.2,981818
1779164100,2026-05-19T09:45:00,23751.2,23751.7,23735.9,23737.25,1239757
1779164160,2026-05-19T09:46:00,23737.45,23739.65,23724.85,23726.5,1075369
1779164220,2026-05-19T09:47:00,23727.05,23732.15,23723.85,23730.55,829622
1779164280,2026-05-19T09:48:00,23730.2,23732.65,23713.45,23714.1,1205465
1779164340,2026-05-19T09:49:00,23713.75,23715.05,23706.1,23714.15,993872
1779164400,2026-05-19T09:50:00,23716.05,23722.15,23712.5,23718.75,1046919
1779164460,2026-05-19T09:51:00,23719.55,23719.85,23700.15,23703.6,833337
1779164520,2026-05-19T09:52:00,23703.1,23706.0,23693.2,23696.7,3546582
1779164580,2026-05-19T09:53:00,23696.75,23700.15,23689.35,23692.55,20671960
1779164640,2026-05-19T09:54:00,23693.9,23701.75,23693.4,23696.0,1138132
1779164700,2026-05-19T09:55:00,23695.05,23696.9,23681.5,23688.55,977699
1779164760,2026-05-19T09:56:00,23690.65,23690.65,23683.6,23687.5,1051067
1779164820,2026-05-19T09:57:00,23688.0,23697.3,23686.55,23695.55,761810
1779164880,2026-05-19T09:58:00,23696.45,23703.8,23691.5,23691.9,796957
1779164940,2026-05-19T09:59:00,23691.8,23693.95,23677.6,23678.15,1028375
1779165000,2026-05-19T10:00:00,23679.0,23690.7,23678.15,23690.25,871122
1779165060,2026-05-19T10:01:00,23690.7,23710.15,23689.65,23709.2,830195
1779165120,2026-05-19T10:02:00,23712.15,23721.0,23706.3,23717.05,4276382
1779165180,2026-05-19T10:03:00,23716.6,23718.4,23707.95,23710.7,1201577
1779165240,2026-05-19T10:04:00,23711.85,23716.15,23696.05,23699.25,1372616
1779165300,2026-05-19T10:05:00,23699.85,23727.5,23696.5,23724.45,1624073
1779165360,2026-05-19T10:06:00,23724.25,23728.8,23722.2,23728.0,1065203
1779165420,2026-05-19T10:07:00,23728.7,23730.05,23708.2,23713.55,1026923
1779165480,2026-05-19T10:08:00,23714.15,23728.85,23714.15,23726.0,945447
1779165540,2026-05-19T10:09:00,23726.3,23730.2,23722.8,23722.8,883196
1779165600,2026-05-19T10:10:00,23723.9,23735.2,23720.9,23734.55,910958
1779165660,2026-05-19T10:11:00,23734.15,23755.3,23734.15,23752.25,1427939
1779165720,2026-05-19T10:12:00,23750.7,23762.9,23750.7,23754.75,1034251
1779165780,2026-05-19T10:13:00,23754.5,23760.35,23752.1,23758.25,787161
1779165840,2026-05-19T10:14:00,23758.55,23761.05,23753.2,23753.45,762742
1779165900,2026-05-19T10:15:00,23753.75,23762.55,23753.15,23761.0,758605
1779165960,2026-05-19T10:16:00,23762.0,23762.6,23747.8,23748.3,1010569
1779166020,2026-05-19T10:17:00,23751.1,23754.95,23746.2,23746.7,930428
1779166080,2026-05-19T10:18:00,23748.0,23748.55,23734.9,23740.65,812254
1779166140,2026-05-19T10:19:00,23740.6,23742.0,23724.9,23725.7,757233
1779166200,2026-05-19T10:20:00,23726.5,23736.6,23724.0,23735.1,766089
1779166260,2026-05-19T10:21:00,23735.45,23738.6,23729.9,23738.6,686233
1779166320,2026-05-19T10:22:00,23739.55,23743.2,23731.85,23733.6,573748
1779166380,2026-05-19T10:23:00,23734.1,23739.5,23730.5,23734.2,559487
1779166440,2026-05-19T10:24:00,23734.75,23743.3,23734.75,23739.2,496842
1779166500,2026-05-19T10:25:00,23740.75,23745.75,23739.1,23740.45,602510
1779166560,2026-05-19T10:26:00,23742.05,23753.75,23740.95,23753.75,583552
1779166620,2026-05-19T10:27:00,23754.15,23756.75,23752.2,23755.4,690299
1779166680,2026-05-19T10:28:00,23754.85,23756.15,23745.1,23745.4,685244
1779166740,2026-05-19T10:29:00,23746.75,23753.85,23744.25,23751.05,897030
1779166800,2026-05-19T10:30:00,23751.05,23757.65,23750.85,23752.65,595861
1779166860,2026-05-19T10:31:00,23752.8,23753.95,23750.55,23753.4,608824
1779166920,2026-05-19T10:32:00,23754.05,23757.85,23744.95,23745.6,897313
1779166980,2026-05-19T10:33:00,23746.45,23746.45,23735.75,23742.25,1134281
1779167040,2026-05-19T10:34:00,23743.9,23752.65,23743.1,23744.85,1512368
1779167100,2026-05-19T10:35:00,23745.95,23747.05,23738.6,23742.65,874621
1779167160,2026-05-19T10:36:00,23743.65,23745.25,23734.2,23735.35,732826
1779167220,2026-05-19T10:37:00,23735.8,23752.1,23735.8,23751.35,1161129
1779167280,2026-05-19T10:38:00,23751.65,23752.65,23746.25,23746.5,977849
1779167340,2026-05-19T10:39:00,23746.8,23754.05,23746.45,23753.15,790688
1779167400,2026-05-19T10:40:00,23754.0,23758.0,23748.1,23756.15,1037173
1779167460,2026-05-19T10:41:00,23756.75,23756.75,23745.85,23746.4,824375
1779167520,2026-05-19T10:42:00,23747.25,23760.9,23743.15,23760.6,1268991
1779167580,2026-05-19T10:43:00,23761.0,23764.75,23753.2,23755.35,734703
1779167640,2026-05-19T10:44:00,23755.7,23765.15,23751.9,23764.75,897328
1779167700,2026-05-19T10:45:00,23765.3,23771.7,23764.05,23771.15,1010372
1779167760,2026-05-19T10:46:00,23771.1,23774.75,23769.8,23772.15,920142
1779167820,2026-05-19T10:47:00,23772.8,23772.8,23758.5,23759.7,1364653
1779167880,2026-05-19T10:48:00,23759.45,23759.45,23752.4,23753.75,642039
1779167940,2026-05-19T10:49:00,23754.25,23758.25,23750.4,23757.05,707974
1779168000,2026-05-19T10:50:00,23757.45,23765.7,23754.15,23765.2,889911
1779168060,2026-05-19T10:51:00,23765.7,23767.55,23755.45,23757.35,678991
1779168120,2026-05-19T10:52:00,23758.0,23764.15,23757.05,23759.0,825475
1779168180,2026-05-19T10:53:00,23760.5,23760.5,23740.65,23742.65,1204803
1779168240,2026-05-19T10:54:00,23742.7,23743.45,23724.9,23742.1,1037868
1779168300,2026-05-19T10:55:00,23742.3,23756.05,23741.15,23755.75,656056
1779168360,2026-05-19T10:56:00,23754.4,23764.85,23753.8,23763.0,1021529
1779168420,2026-05-19T10:57:00,23763.75,23774.6,23763.0,23774.0,798832
1779168480,2026-05-19T10:58:00,23774.8,23781.1,23774.6,23779.3,732949
1779168540,2026-05-19T10:59:00,23779.45,23782.3,23770.55,23771.65,1261628
1779168600,2026-05-19T11:00:00,23771.95,23774.95,23770.1,23771.3,808569
1779168660,2026-05-19T11:01:00,23771.9,23772.1,23760.05,23760.8,1196293
1779168720,2026-05-19T11:02:00,23762.05,23762.05,23748.95,23748.95,900378
1779168780,2026-05-19T11:03:00,23748.6,23753.6,23744.1,23753.05,1385476
1779168840,2026-05-19T11:04:00,23755.1,23758.35,23749.85,23751.55,655545
1779168900,2026-05-19T11:05:00,23752.65,23752.65,23738.45,23748.7,978143
1779168960,2026-05-19T11:06:00,23749.95,23752.0,23742.65,23745.85,733546
1779169020,2026-05-19T11:07:00,23746.55,23750.25,23743.6,23744.55,1019478
1779169080,2026-05-19T11:08:00,23746.15,23746.15,23739.7,23743.3,715904
1779169140,2026-05-19T11:09:00,23744.75,23744.75,23741.3,23743.85,1103262
1779169200,2026-05-19T11:10:00,23745.25,23749.75,23742.25,23744.05,1266147
1779169260,2026-05-19T11:11:00,23745.6,23754.0,23738.15,23739.45,1204182
1779169320,2026-05-19T11:12:00,23739.5,23749.8,23739.5,23748.4,925430
1779169380,2026-05-19T11:13:00,23748.1,23749.5,23737.5,23738.65,1903488
1779169440,2026-05-19T11:14:00,23739.4,23739.4,23718.1,23720.1,1273279
1779169500,2026-05-19T11:15:00,23719.75,23721.55,23705.3,23707.45,1781399
1779169560,2026-05-19T11:16:00,23706.8,23713.45,23695.35,23708.6,1314485
1779169620,2026-05-19T11:17:00,23709.1,23709.1,23699.4,23703.5,859477
1779169680,2026-05-19T11:18:00,23704.65,23708.8,23702.3,23705.45,828333
1779169740,2026-05-19T11:19:00,23705.35,23714.1,23705.15,23708.0,659626
1779169800,2026-05-19T11:20:00,23709.25,23711.55,23705.25,23706.65,581378
1779169860,2026-05-19T11:21:00,23707.6,23711.3,23699.4,23700.5,865211
1779169920,2026-05-19T11:22:00,23700.95,23706.0,23698.45,23705.35,575614
1779169980,2026-05-19T11:23:00,23706.7,23711.85,23703.75,23711.0,981032
1779170040,2026-05-19T11:24:00,23711.55,23721.4,23710.6,23713.75,626135
1779170100,2026-05-19T11:25:00,23714.35,23716.55,23711.65,23713.9,850645
1779170160,2026-05-19T11:26:00,23714.6,23717.7,23711.3,23711.3,873251
1779170220,2026-05-19T11:27:00,23710.9,23714.95,23707.05,23714.75,1178429
1779170280,2026-05-19T11:28:00,23714.25,23720.9,23713.35,23718.9,686614
1779170340,2026-05-19T11:29:00,23720.7,23728.35,23718.1,23727.85,934888
1779170400,2026-05-19T11:30:00,23728.15,23728.15,23717.05,23717.65,932887
1779170460,2026-05-19T11:31:00,23717.95,23728.1,23715.7,23721.45,892420
1779170520,2026-05-19T11:32:00,23721.7,23722.6,23705.05,23711.7,1355788
1779170580,2026-05-19T11:33:00,23713.75,23718.8,23708.65,23718.8,1122046
1779170640,2026-05-19T11:34:00,23718.8,23718.95,23709.1,23718.2,903048
1779170700,2026-05-19T11:35:00,23720.7,23720.7,23707.35,23709.3,703291
1779170760,2026-05-19T11:36:00,23710.55,23712.5,23706.8,23707.9,1155950
1779170820,2026-05-19T11:37:00,23708.9,23712.35,23704.85,23711.9,864089
1779170880,2026-05-19T11:38:00,23713.15,23721.7,23710.25,23720.55,910842
1779170940,2026-05-19T11:39:00,23720.0,23728.5,23718.9,23724.15,912864
1779171000,2026-05-19T11:40:00,23725.25,23737.5,23721.7,23734.0,723107
1779171060,2026-05-19T11:41:00,23735.5,23742.95,23734.95,23739.95,909124
1779171120,2026-05-19T11:42:00,23740.0,23744.5,23737.6,23744.5,622161
1779171180,2026-05-19T11:43:00,23744.6,23754.75,23741.15,23752.4,908269
1779171240,2026-05-19T11:44:00,23752.75,23753.5,23747.3,23750.05,859310
1779171300,2026-05-19T11:45:00,23752.2,23752.2,23746.95,23749.9,691652
1779171360,2026-05-19T11:46:00,23750.2,23755.2,23745.7,23754.9,772592
1779171420,2026-05-19T11:47:00,23755.95,23760.25,23754.55,23758.9,523632
1779171480,2026-05-19T11:48:00,23760.35,23763.75,23756.4,23757.35,615721
1779171540,2026-05-19T11:49:00,23758.0,23761.8,23751.65,23754.35,646963
1779171600,2026-05-19T11:50:00,23754.4,23757.95,23754.2,23756.6,915515
1779171660,2026-05-19T11:51:00,23756.6,23760.45,23755.5,23756.55,967513
1779171720,2026-05-19T11:52:00,23757.2,23758.55,23754.5,23757.5,572935
1779171780,2026-05-19T11:53:00,23757.6,23762.5,23756.7,23761.3,784406
1779171840,2026-05-19T11:54:00,23763.85,23763.85,23758.95,23760.15,571556
1779171900,2026-05-19T11:55:00,23760.95,23761.1,23757.4,23759.25,696340
1779171960,2026-05-19T11:56:00,23760.3,23767.2,23757.45,23766.95,1072972
1779172020,2026-05-19T11:57:00,23768.15,23772.75,23762.0,23762.5,975716
1779172080,2026-05-19T11:58:00,23763.85,23763.85,23755.55,23755.8,770838
1779172140,2026-05-19T11:59:00,23757.25,23758.75,23752.9,23754.95,803574
1779172200,2026-05-19T12:00:00,23754.65,23755.6,23747.25,23749.8,746450
1779172260,2026-05-19T12:01:00,23750.6,23750.9,23738.15,23738.8,784425
1779172320,2026-05-19T12:02:00,23741.0,23743.5,23733.75,23741.75,861491
1779172380,2026-05-19T12:03:00,23742.85,23753.75,23741.3,23749.65,1052187
1779172440,2026-05-19T12:04:00,23750.35,23750.35,23736.65,23741.4,693301
1779172500,2026-05-19T12:05:00,23742.8,23747.35,23738.75,23745.55,783764
1779172560,2026-05-19T12:06:00,23746.55,23747.65,23740.8,23745.05,599885
1779172620,2026-05-19T12:07:00,23745.95,23747.95,23734.8,23736.05,702639
1779172680,2026-05-19T12:08:00,23737.9,23745.9,23734.65,23745.1,772392
1779172740,2026-05-19T12:09:00,23746.9,23746.9,23740.2,23741.45,703442
1779172800,2026-05-19T12:10:00,23742.2,23749.25,23739.8,23747.3,751483
1779172860,2026-05-19T12:11:00,23747.05,23748.85,23741.65,23745.0,644733
1779172920,2026-05-19T12:12:00,23747.05,23749.1,23743.0,23748.65,652194
1779172980,2026-05-19T12:13:00,23749.7,23749.7,23743.3,23747.4,682636
1779173040,2026-05-19T12:14:00,23748.95,23748.95,23741.85,23743.05,885108
1779173100,2026-05-19T12:15:00,23744.55,23744.55,23740.0,23741.55,767399
1779173160,2026-05-19T12:16:00,23742.25,23742.25,23736.05,23737.35,622108
1779173220,2026-05-19T12:17:00,23739.3,23739.3,23731.2,23732.7,660403
1779173280,2026-05-19T12:18:00,23732.65,23739.05,23730.7,23738.75,486802
1779173340,2026-05-19T12:19:00,23740.7,23747.55,23739.5,23744.55,516445
1779173400,2026-05-19T12:20:00,23746.3,23752.35,23744.1,23752.15,575536
1779173460,2026-05-19T12:21:00,23752.5,23753.8,23746.6,23746.75,616678
1779173520,2026-05-19T12:22:00,23748.75,23748.75,23738.85,23738.85,609422
1779173580,2026-05-19T12:23:00,23740.5,23740.5,23731.95,23732.2,700451
1779173640,2026-05-19T12:24:00,23734.15,23734.35,23727.45,23733.75,674075
1779173700,2026-05-19T12:25:00,23733.6,23736.9,23724.35,23725.25,1274068
1779173760,2026-05-19T12:26:00,23724.25,23738.05,23724.25,23736.9,730226
1779173820,2026-05-19T12:27:00,23738.8,23738.8,23733.95,23737.75,899963
1779173880,2026-05-19T12:28:00,23738.75,23743.95,23736.7,23743.75,583521
1779173940,2026-05-19T12:29:00,23746.1,23755.5,23745.85,23752.55,769327
1779174000,2026-05-19T12:30:00,23752.4,23753.75,23739.75,23744.15,622972
1779174060,2026-05-19T12:31:00,23744.2,23747.1,23739.35,23739.85,844647
1779174120,2026-05-19T12:32:00,23740.9,23741.35,23730.95,23732.95,909307
1779174180,2026-05-19T12:33:00,23733.8,23735.45,23729.55,23735.05,964715
1779174240,2026-05-19T12:34:00,23736.55,23739.5,23734.95,23736.0,412217
1779174300,2026-05-19T12:35:00,23737.1,23737.1,23731.5,23732.7,444726
1779174360,2026-05-19T12:36:00,23732.9,23734.1,23722.15,23727.35,754969
1779174420,2026-05-19T12:37:00,23728.05,23740.2,23728.05,23739.6,1007420
1779174480,2026-05-19T12:38:00,23740.75,23740.95,23736.25,23736.6,478813
1779174540,2026-05-19T12:39:00,23737.4,23743.2,23736.55,23740.7,730737
1779174600,2026-05-19T12:40:00,23741.65,23741.8,23737.7,23739.9,710908
1779174660,2026-05-19T12:41:00,23740.95,23741.7,23735.05,23735.3,679176
1779174720,2026-05-19T12:42:00,23736.55,23740.6,23734.9,23735.5,686425
1779174780,2026-05-19T12:43:00,23736.35,23736.6,23726.9,23730.65,621458
1779174840,2026-05-19T12:44:00,23733.0,23738.6,23731.05,23738.05,661609
1779174900,2026-05-19T12:45:00,23738.65,23743.2,23737.6,23740.55,860844
1779174960,2026-05-19T12:46:00,23741.2,23741.9,23737.45,23739.5,664754
1779175020,2026-05-19T12:47:00,23741.85,23741.85,23735.25,23736.35,738785
1779175080,2026-05-19T12:48:00,23737.15,23737.2,23721.0,23725.1,986260
1779175140,2026-05-19T12:49:00,23725.75,23731.8,23722.25,23727.6,996276
1779175200,2026-05-19T12:50:00,23729.65,23729.65,23722.8,23724.95,1841463
1779175260,2026-05-19T12:51:00,23726.65,23729.35,23723.55,23726.7,814124
1779175320,2026-05-19T12:52:00,23726.0,23729.75,23722.55,23725.4,790835
1779175380,2026-05-19T12:53:00,23725.35,23726.6,23719.3,23723.9,575384
1779175440,2026-05-19T12:54:00,23725.85,23731.7,23722.95,23728.45,803556
1779175500,2026-05-19T12:55:00,23729.4,23730.25,23723.8,23725.2,546448
1779175560,2026-05-19T12:56:00,23725.3,23726.75,23721.85,23726.7,444356
1779175620,2026-05-19T12:57:00,23727.3,23732.15,23725.7,23728.65,613798
1779175680,2026-05-19T12:58:00,23730.25,23730.25,23725.55,23726.8,656567
1779175740,2026-05-19T12:59:00,23727.4,23728.35,23722.55,23723.9,446622
1779175800,2026-05-19T13:00:00,23725.25,23726.0,23721.2,23725.85,563621
1779175860,2026-05-19T13:01:00,23727.45,23729.85,23726.6,23729.25,470657
1779175920,2026-05-19T13:02:00,23730.65,23735.75,23729.3,23729.95,511493
1779175980,2026-05-19T13:03:00,23731.05,23731.2,23719.7,23719.9,513436
1779176040,2026-05-19T13:04:00,23720.2,23720.2,23711.65,23713.55,662433
1779176100,2026-05-19T13:05:00,23713.35,23718.5,23710.75,23713.65,661063
1779176160,2026-05-19T13:06:00,23713.8,23713.95,23707.05,23708.8,614739
1779176220,2026-05-19T13:07:00,23710.1,23714.1,23707.65,23710.95,565066
1779176280,2026-05-19T13:08:00,23712.05,23726.3,23711.7,23725.7,644930
1779176340,2026-05-19T13:09:00,23726.45,23729.45,23722.95,23724.75,596196
1779176400,2026-05-19T13:10:00,23724.8,23724.95,23711.8,23712.4,712790
1779176460,2026-05-19T13:11:00,23713.9,23718.1,23706.1,23714.0,627836
1779176520,2026-05-19T13:12:00,23714.85,23716.85,23711.7,23715.35,546684
1779176580,2026-05-19T13:13:00,23716.2,23716.2,23711.05,23714.1,713973
1779176640,2026-05-19T13:14:00,23714.05,23717.45,23708.45,23709.2,409953
1779176700,2026-05-19T13:15:00,23708.35,23711.25,23701.45,23711.25,497704
1779176760,2026-05-19T13:16:00,23711.7,23716.0,23710.8,23713.3,586878
1779176820,2026-05-19T13:17:00,23713.9,23719.75,23713.9,23718.3,458783
1779176880,2026-05-19T13:18:00,23719.75,23738.5,23718.65,23737.4,896826
1779176940,2026-05-19T13:19:00,23738.3,23738.85,23727.35,23728.9,567397
1779177000,2026-05-19T13:20:00,23730.1,23732.4,23721.75,23730.8,572644
1779177060,2026-05-19T13:21:00,23731.1,23731.1,23722.95,23727.7,437464
1779177120,2026-05-19T13:22:00,23728.95,23730.6,23724.0,23725.85,544730
1779177180,2026-05-19T13:23:00,23725.95,23727.65,23722.5,23722.7,497412
1779177240,2026-05-19T13:24:00,23723.45,23732.85,23721.5,23732.85,568950
1779177300,2026-05-19T13:25:00,23733.75,23733.75,23727.1,23729.85,617931
1779177360,2026-05-19T13:26:00,23730.4,23732.5,23728.45,23728.45,565734
1779177420,2026-05-19T13:27:00,23729.85,23730.75,23723.2,23726.85,567726
1779177480,2026-05-19T13:28:00,23727.7,23728.45,23720.85,23728.35,660268
1779177540,2026-05-19T13:29:00,23730.25,23730.25,23722.6,23724.6,623641
1779177600,2026-05-19T13:30:00,23724.85,23742.8,23723.65,23741.4,898558
1779177660,2026-05-19T13:31:00,23741.15,23743.3,23733.35,23735.1,520318
1779177720,2026-05-19T13:32:00,23736.15,23736.15,23726.95,23732.7,659537
1779177780,2026-05-19T13:33:00,23733.6,23736.35,23728.3,23734.0,948414
1779177840,2026-05-19T13:34:00,23733.8,23734.35,23726.6,23730.9,721051
1779177900,2026-05-19T13:35:00,23731.8,23731.8,23722.25,23722.7,934711
1779177960,2026-05-19T13:36:00,23722.95,23723.85,23706.7,23710.4,969774
1779178020,2026-05-19T13:37:00,23712.1,23717.0,23696.95,23697.6,1124541
1779178080,2026-05-19T13:38:00,23697.1,23697.1,23685.85,23696.2,1326770
1779178140,2026-05-19T13:39:00,23697.7,23710.6,23696.05,23709.15,761703
1779178200,2026-05-19T13:40:00,23710.35,23710.35,23700.75,23703.2,746397
1779178260,2026-05-19T13:41:00,23704.5,23704.55,23694.35,23695.4,782822
1779178320,2026-05-19T13:42:00,23696.8,23705.75,23694.65,23705.7,637836
1779178380,2026-05-19T13:43:00,23706.85,23707.05,23694.9,23695.95,474485
1779178440,2026-05-19T13:44:00,23697.0,23698.75,23694.7,23696.85,428584
1779178500,2026-05-19T13:45:00,23697.3,23706.2,23695.9,23703.5,975613
1779178560,2026-05-19T13:46:00,23704.15,23709.45,23702.75,23705.45,946748
1779178620,2026-05-19T13:47:00,23706.2,23709.7,23704.65,23708.75,807961
1779178680,2026-05-19T13:48:00,23708.75,23714.85,23702.0,23713.7,1462826
1779178740,2026-05-19T13:49:00,23713.7,23716.0,23703.35,23704.5,1031378
1779178800,2026-05-19T13:50:00,23705.65,23706.1,23701.8,23704.2,633875
1779178860,2026-05-19T13:51:00,23704.85,23704.9,23697.35,23700.1,691260
1779178920,2026-05-19T13:52:00,23702.4,23710.45,23699.6,23709.95,964754
1779178980,2026-05-19T13:53:00,23711.2,23711.4,23701.95,23702.15,705999
1779179040,2026-05-19T13:54:00,23703.2,23704.6,23698.3,23699.55,1036542
1779179100,2026-05-19T13:55:00,23700.6,23700.6,23692.0,23697.55,820220
1779179160,2026-05-19T13:56:00,23698.15,23699.4,23686.2,23690.2,794617
1779179220,2026-05-19T13:57:00,23693.0,23697.3,23676.35,23678.9,1314542
1779179280,2026-05-19T13:58:00,23680.0,23682.5,23674.0,23682.15,740462
1779179340,2026-05-19T13:59:00,23683.3,23694.25,23682.25,23689.1,952652
1779179400,2026-05-19T14:00:00,23691.35,23692.3,23684.55,23690.6,1046078
1779179460,2026-05-19T14:01:00,23691.1,23710.0,23690.55,23706.15,1043097
1779179520,2026-05-19T14:02:00,23706.8,23706.8,23697.1,23698.45,713647
1779179580,2026-05-19T14:03:00,23699.2,23709.85,23697.9,23709.85,1391251
1779179640,2026-05-19T14:04:00,23709.45,23719.45,23709.45,23715.05,866992
1779179700,2026-05-19T14:05:00,23714.9,23719.5,23710.95,23712.15,762649
1779179760,2026-05-19T14:06:00,23713.3,23718.1,23709.1,23714.0,460759
1779179820,2026-05-19T14:07:00,23715.45,23715.85,23711.1,23713.9,521887
1779179880,2026-05-19T14:08:00,23714.55,23716.65,23707.8,23710.1,635890
1779179940,2026-05-19T14:09:00,23709.4,23712.1,23704.6,23705.35,756940
1779180000,2026-05-19T14:10:00,23706.5,23710.6,23700.7,23707.0,1109616
1779180060,2026-05-19T14:11:00,23708.8,23718.75,23706.65,23716.05,1169754
1779180120,2026-05-19T14:12:00,23718.4,23725.35,23716.4,23720.05,968458
1779180180,2026-05-19T14:13:00,23721.5,23721.5,23703.2,23703.2,1031347
1779180240,2026-05-19T14:14:00,23704.5,23717.75,23702.4,23717.5,855358
1779180300,2026-05-19T14:15:00,23717.35,23726.85,23716.0,23725.35,789189
1779180360,2026-05-19T14:16:00,23726.5,23728.3,23720.05,23722.95,622547
1779180420,2026-05-19T14:17:00,23723.55,23736.55,23722.15,23729.55,1077312
1779180480,2026-05-19T14:18:00,23729.05,23730.35,23722.55,23722.6,933663
1779180540,2026-05-19T14:19:00,23724.05,23725.3,23715.4,23715.85,1112621
1779180600,2026-05-19T14:20:00,23716.2,23722.6,23712.55,23722.4,980415
1779180660,2026-05-19T14:21:00,23722.05,23726.95,23719.75,23721.45,960943
1779180720,2026-05-19T14:22:00,23721.7,23722.0,23699.7,23705.55,906427
1779180780,2026-05-19T14:23:00,23707.3,23710.65,23703.1,23710.35,979304
1779180840,2026-05-19T14:24:00,23709.25,23715.75,23708.1,23710.15,934589
1779180900,2026-05-19T14:25:00,23711.35,23711.35,23701.35,23708.75,1111146
1779180960,2026-05-19T14:26:00,23710.6,23717.8,23705.6,23717.3,1313227
1779181020,2026-05-19T14:27:00,23717.8,23718.45,23708.2,23712.9,1095697
1779181080,2026-05-19T14:28:00,23713.8,23714.35,23706.7,23706.8,751826
1779181140,2026-05-19T14:29:00,23709.65,23709.65,23703.0,23703.15,690117
1779181200,2026-05-19T14:30:00,23704.45,23705.3,23699.15,23703.1,1017809
1779181260,2026-05-19T14:31:00,23704.3,23704.3,23694.75,23700.4,1232164
1779181320,2026-05-19T14:32:00,23701.05,23701.05,23696.15,23696.95,709093
1779181380,2026-05-19T14:33:00,23698.15,23698.15,23690.2,23692.05,1166226
1779181440,2026-05-19T14:34:00,23693.2,23701.55,23691.45,23701.2,1216223
1779181500,2026-05-19T14:35:00,23701.1,23701.65,23682.95,23685.6,1513644
1779181560,2026-05-19T14:36:00,23687.4,23689.4,23683.25,23684.0,1007733
1779181620,2026-05-19T14:37:00,23686.25,23686.25,23672.25,23684.7,1609818
1779181680,2026-05-19T14:38:00,23685.85,23686.2,23681.65,23683.65,543844
1779181740,2026-05-19T14:39:00,23684.85,23688.65,23680.1,23682.0,913817
1779181800,2026-05-19T14:40:00,23682.05,23687.4,23677.0,23687.4,1070501
1779181860,2026-05-19T14:41:00,23686.05,23691.35,23685.1,23685.5,979496
1779181920,2026-05-19T14:42:00,23686.35,23686.35,23670.3,23675.45,1002245
1779181980,2026-05-19T14:43:00,23677.3,23677.3,23659.65,23664.05,1323598
1779182040,2026-05-19T14:44:00,23664.65,23664.95,23649.0,23657.2,1272236
1779182100,2026-05-19T14:45:00,23657.4,23657.75,23637.25,23640.05,1400048
1779182160,2026-05-19T14:46:00,23641.25,23643.65,23632.35,23640.8,1332313
1779182220,2026-05-19T14:47:00,23640.05,23653.0,23640.0,23652.2,1175448
1779182280,2026-05-19T14:48:00,23653.45,23655.6,23646.1,23646.75,955172
1779182340,2026-05-19T14:49:00,23647.25,23653.25,23646.0,23653.0,920339
1779182400,2026-05-19T14:50:00,23653.45,23666.9,23651.9,23653.7,1428246
1779182460,2026-05-19T14:51:00,23654.1,23655.25,23644.55,23654.25,1140277
1779182520,2026-05-19T14:52:00,23654.0,23664.8,23653.45,23664.8,864090
1779182580,2026-05-19T14:53:00,23664.6,23665.85,23657.25,23660.05,951781
1779182640,2026-05-19T14:54:00,23659.0,23660.85,23646.8,23647.25,1436908
1779182700,2026-05-19T14:55:00,23648.5,23665.45,23646.55,23658.85,1592741
1779182760,2026-05-19T14:56:00,23659.75,23660.2,23646.25,23654.15,1173872
1779182820,2026-05-19T14:57:00,23655.3,23655.3,23648.85,23652.05,1170017
1779182880,2026-05-19T14:58:00,23653.4,23657.5,23649.3,23657.05,1115937
1779182940,2026-05-19T14:59:00,23657.8,23660.9,23653.4,23655.75,1024187
1779183000,2026-05-19T15:00:00,23655.15,23659.3,23648.05,23649.15,2645915
1779183060,2026-05-19T15:01:00,23649.2,23649.85,23632.15,23633.2,2488376
1779183120,2026-05-19T15:02:00,23632.5,23633.95,23626.75,23633.3,2360841
1779183180,2026-05-19T15:03:00,23633.5,23634.5,23623.1,23627.1,2620960
1779183240,2026-05-19T15:04:00,23626.7,23638.3,23624.8,23632.35,3847006
1779183300,2026-05-19T15:05:00,23630.55,23635.25,23624.5,23632.05,2960108
1779183360,2026-05-19T15:06:00,23632.5,23642.65,23627.15,23638.1,3195871
1779183420,2026-05-19T15:07:00,23639.5,23639.85,23628.1,23632.3,2477444
1779183480,2026-05-19T15:08:00,23632.25,23633.55,23628.8,23631.1,2122308
1779183540,2026-05-19T15:09:00,23630.8,23633.55,23625.05,23625.6,1978623
1779183600,2026-05-19T15:10:00,23625.95,23626.4,23613.85,23618.45,2608200
1779183660,2026-05-19T15:11:00,23618.15,23626.3,23608.0,23624.65,3729842
1779183720,2026-05-19T15:12:00,23624.05,23628.2,23617.05,23617.75,2414394
1779183780,2026-05-19T15:13:00,23617.3,23624.7,23617.3,23620.65,2462007
1779183840,2026-05-19T15:14:00,23620.95,23625.85,23620.7,23624.55,2285266
1779183900,2026-05-19T15:15:00,23624.4,23629.2,23617.2,23619.25,2981820
1779183960,2026-05-19T15:16:00,23618.65,23620.45,23600.9,23604.7,2947056
1779184020,2026-05-19T15:17:00,23605.0,23608.9,23602.8,23608.75,2066926
1779184080,2026-05-19T15:18:00,23609.0,23609.9,23606.15,23606.8,3148357
1779184140,2026-05-19T15:19:00,23607.15,23609.65,23604.55,23609.05,2234525
1779184200,2026-05-19T15:20:00,23608.2,23612.5,23607.2,23609.6,2899381
1779184260,2026-05-19T15:21:00,23609.7,23610.3,23596.55,23597.55,4058252
1779184320,2026-05-19T15:22:00,23596.95,23601.05,23595.7,23595.75,2098861
1779184380,2026-05-19T15:23:00,23596.0,23604.2,23595.25,23602.5,2186968
1779184440,2026-05-19T15:24:00,23602.65,23603.35,23592.4,23597.0,2769607
1779184500,2026-05-19T15:25:00,23596.85,23600.15,23587.2,23594.6,3101922
1779184560,2026-05-19T15:26:00,23595.2,23600.4,23593.85,23598.95,2147006
1779184620,2026-05-19T15:27:00,23598.95,23606.25,23597.65,23605.05,2300301
1779184680,2026-05-19T15:28:00,23604.35,23606.95,23602.25,23604.3,2015401
1779184740,2026-05-19T15:29:00,23605.65,23607.15,23598.3,23606.2,1560220
1779248700,2026-05-20T09:15:00,23457.25,23469.9,23397.3,23421.2,5880973
1779248760,2026-05-20T09:16:00,23422.4,23451.75,23417.55,23451.65,3616132
1779248820,2026-05-20T09:17:00,23449.2,23456.95,23446.25,23454.7,2755958
1779248880,2026-05-20T09:18:00,23454.5,23465.6,23452.7,23460.25,2669641
1779248940,2026-05-20T09:19:00,23458.9,23467.1,23455.85,23459.9,2678473
1779249000,2026-05-20T09:20:00,23461.45,23463.15,23442.45,23444.35,2892872
1779249060,2026-05-20T09:21:00,23443.6,23461.05,23443.25,23456.2,2072154
1779249120,2026-05-20T09:22:00,23455.45,23462.1,23449.95,23457.1,1646504
1779249180,2026-05-20T09:23:00,23457.15,23464.85,23453.15,23464.7,1791371
1779249240,2026-05-20T09:24:00,23462.5,23464.45,23450.4,23458.7,1497774
1779249300,2026-05-20T09:25:00,23458.4,23475.5,23453.75,23474.45,1202056
1779249360,2026-05-20T09:26:00,23474.4,23478.95,23458.0,23461.4,1479750
1779249420,2026-05-20T09:27:00,23461.8,23478.25,23461.8,23474.2,992301
1779249480,2026-05-20T09:28:00,23474.25,23476.1,23456.9,23470.75,1228651
1779249540,2026-05-20T09:29:00,23470.8,23481.95,23467.05,23476.95,1351437
1779249600,2026-05-20T09:30:00,23477.55,23490.2,23473.5,23489.05,1163198
1779249660,2026-05-20T09:31:00,23488.1,23497.8,23488.1,23497.05,1178914
1779249720,2026-05-20T09:32:00,23496.85,23520.15,23496.7,23512.85,1256483
1779249780,2026-05-20T09:33:00,23512.9,23516.45,23508.05,23508.05,1230999
1779249840,2026-05-20T09:34:00,23507.85,23524.9,23507.85,23520.15,1210254
1779249900,2026-05-20T09:35:00,23521.65,23524.6,23513.6,23514.55,1556197
1779249960,2026-05-20T09:36:00,23514.1,23517.0,23506.1,23514.7,1027258
1779250020,2026-05-20T09:37:00,23513.95,23527.2,23513.95,23521.5,1174009
1779250080,2026-05-20T09:38:00,23521.85,23527.95,23521.1,23527.55,1029751
1779250140,2026-05-20T09:39:00,23527.4,23535.75,23526.4,23533.2,1032941
1779250200,2026-05-20T09:40:00,23534.8,23536.9,23521.7,23522.65,1143042
1779250260,2026-05-20T09:41:00,23522.5,23523.35,23506.25,23509.55,1303354
1779250320,2026-05-20T09:42:00,23510.15,23512.65,23502.0,23502.0,1269929
1779250380,2026-05-20T09:43:00,23501.9,23514.25,23498.55,23510.65,1162111
1779250440,2026-05-20T09:44:00,23511.75,23524.8,23511.75,23524.25,1097470
1779250500,2026-05-20T09:45:00,23523.25,23530.05,23517.05,23528.3,977820
1779250560,2026-05-20T09:46:00,23528.25,23536.45,23523.35,23523.35,1054324
1779250620,2026-05-20T09:47:00,23523.45,23524.2,23511.95,23512.35,820167
1779250680,2026-05-20T09:48:00,23512.45,23524.45,23512.45,23523.9,733665
1779250740,2026-05-20T09:49:00,23523.55,23527.85,23520.8,23522.25,974464
1779250800,2026-05-20T09:50:00,23521.25,23526.85,23520.9,23526.85,665952
1779250860,2026-05-20T09:51:00,23526.15,23537.0,23522.25,23535.4,1040401
1779250920,2026-05-20T09:52:00,23536.0,23541.45,23530.35,23532.8,801427
1779250980,2026-05-20T09:53:00,23533.6,23537.0,23527.1,23527.8,792948
1779251040,2026-05-20T09:54:00,23526.55,23529.1,23525.2,23526.55,777380
1779251100,2026-05-20T09:55:00,23526.5,23528.15,23516.5,23518.2,799468
1779251160,2026-05-20T09:56:00,23518.4,23524.15,23518.4,23524.0,730043
1779251220,2026-05-20T09:57:00,23523.85,23535.55,23523.85,23535.15,628609
1779251280,2026-05-20T09:58:00,23534.65,23544.9,23533.8,23541.4,852810
1779251340,2026-05-20T09:59:00,23540.95,23548.6,23540.95,23541.9,1160573
1779251400,2026-05-20T10:00:00,23541.8,23546.65,23530.6,23530.6,1155927
1779251460,2026-05-20T10:01:00,23530.4,23534.9,23525.85,23531.3,778576
1779251520,2026-05-20T10:02:00,23530.15,23531.7,23513.8,23514.3,1276449
1779251580,2026-05-20T10:03:00,23514.35,23515.4,23501.7,23501.7,1122798
1779251640,2026-05-20T10:04:00,23501.55,23506.4,23495.75,23503.9,1482334
1779251700,2026-05-20T10:05:00,23504.6,23505.2,23490.75,23491.6,1100676
1779251760,2026-05-20T10:06:00,23491.35,23492.75,23486.1,23486.85,992664
1779251820,2026-05-20T10:07:00,23487.3,23497.9,23486.1,23496.95,745414
1779251880,2026-05-20T10:08:00,23497.0,23498.8,23488.0,23489.25,950652
1779251940,2026-05-20T10:09:00,23490.0,23503.3,23490.0,23500.4,850124
1779252000,2026-05-20T10:10:00,23500.45,23502.3,23491.65,23495.75,762682
1779252060,2026-05-20T10:11:00,23495.9,23502.95,23495.5,23501.0,562380
1779252120,2026-05-20T10:12:00,23500.45,23505.95,23499.7,23500.5,1077707
1779252180,2026-05-20T10:13:00,23499.45,23512.0,23497.75,23505.8,725791
1779252240,2026-05-20T10:14:00,23505.75,23507.5,23499.2,23500.55,711727
1779252300,2026-05-20T10:15:00,23500.3,23500.95,23496.05,23499.2,569812
1779252360,2026-05-20T10:16:00,23499.55,23500.9,23494.6,23496.45,524595
1779252420,2026-05-20T10:17:00,23496.95,23507.3,23496.95,23499.75,674673
1779252480,2026-05-20T10:18:00,23498.15,23511.5,23498.15,23508.45,535871
1779252540,2026-05-20T10:19:00,23509.05,23512.1,23500.0,23500.0,627542
1779252600,2026-05-20T10:20:00,23498.9,23505.1,23497.85,23498.0,676286
1779252660,2026-05-20T10:21:00,23499.4,23502.7,23496.1,23500.85,651644
1779252720,2026-05-20T10:22:00,23501.8,23502.75,23493.55,23493.55,645915
1779252780,2026-05-20T10:23:00,23493.55,23494.7,23480.95,23481.65,685962
1779252840,2026-05-20T10:24:00,23481.55,23482.2,23476.75,23478.05,818431
1779252900,2026-05-20T10:25:00,23477.95,23484.2,23475.65,23481.9,588164
1779252960,2026-05-20T10:26:00,23481.8,23493.4,23481.8,23492.3,715442
1779253020,2026-05-20T10:27:00,23492.6,23500.3,23490.8,23500.05,661435
1779253080,2026-05-20T10:28:00,23499.65,23509.3,23499.65,23507.8,598048
1779253140,2026-05-20T10:29:00,23508.2,23519.9,23508.2,23519.9,1202219
1779253200,2026-05-20T10:30:00,23519.9,23536.8,23519.9,23533.8,1242404
1779253260,2026-05-20T10:31:00,23533.55,23552.2,23528.5,23550.5,1489224
1779253320,2026-05-20T10:32:00,23551.35,23567.45,23551.35,23556.85,1385189
1779253380,2026-05-20T10:33:00,23557.5,23558.85,23548.3,23555.6,857296
1779253440,2026-05-20T10:34:00,23554.9,23563.2,23554.45,23562.1,732508
1779253500,2026-05-20T10:35:00,23562.55,23570.8,23561.65,23569.5,963235
1779253560,2026-05-20T10:36:00,23568.65,23571.1,23565.8,23568.05,641071
1779253620,2026-05-20T10:37:00,23568.0,23576.15,23565.9,23571.9,686188
1779253680,2026-05-20T10:38:00,23571.55,23573.5,23566.2,23571.25,1263766
1779253740,2026-05-20T10:39:00,23571.45,23574.5,23562.65,23562.65,569780
1779253800,2026-05-20T10:40:00,23562.1,23564.8,23549.35,23551.3,770647
1779253860,2026-05-20T10:41:00,23551.6,23555.45,23550.05,23554.3,840395
1779253920,2026-05-20T10:42:00,23553.35,23554.15,23543.3,23543.75,870811
1779253980,2026-05-20T10:43:00,23545.75,23546.8,23534.45,23535.15,841140
1779254040,2026-05-20T10:44:00,23534.6,23536.3,23530.65,23532.7,592017
1779254100,2026-05-20T10:45:00,23532.95,23535.25,23522.3,23525.5,951675
1779254160,2026-05-20T10:46:00,23525.65,23528.1,23516.85,23518.6,642467
1779254220,2026-05-20T10:47:00,23518.6,23520.75,23517.5,23518.95,539627
1779254280,2026-05-20T10:48:00,23518.95,23520.1,23508.9,23509.9,617786
1779254340,2026-05-20T10:49:00,23509.5,23511.3,23503.65,23506.45,577402
1779254400,2026-05-20T10:50:00,23506.8,23516.55,23506.8,23514.65,574403
1779254460,2026-05-20T10:51:00,23514.4,23522.95,23514.4,23521.35,598958
1779254520,2026-05-20T10:52:00,23521.4,23535.0,23521.4,23534.45,661067
1779254580,2026-05-20T10:53:00,23534.4,23539.8,23533.75,23539.2,651938
1779254640,2026-05-20T10:54:00,23539.35,23546.9,23535.35,23546.3,759138
1779254700,2026-05-20T10:55:00,23546.1,23549.0,23542.8,23543.25,776241
1779254760,2026-05-20T10:56:00,23543.3,23549.25,23543.3,23547.8,1779807
1779254820,2026-05-20T10:57:00,23547.75,23549.35,23540.15,23540.25,1165712
1779254880,2026-05-20T10:58:00,23540.45,23543.4,23538.6,23541.45,1255379
1779254940,2026-05-20T10:59:00,23541.8,23547.3,23540.0,23546.4,1421332
1779255000,2026-05-20T11:00:00,23546.75,23558.45,23546.75,23556.2,1195705
1779255060,2026-05-20T11:01:00,23555.05,23562.65,23554.9,23560.95,1239126
1779255120,2026-05-20T11:02:00,23561.8,23573.2,23561.8,23566.45,1268626
1779255180,2026-05-20T11:03:00,23566.8,23570.0,23558.95,23564.1,619222
1779255240,2026-05-20T11:04:00,23563.6,23565.45,23559.75,23564.45,529421
1779255300,2026-05-20T11:05:00,23564.15,23567.25,23562.95,23563.55,1197568
1779255360,2026-05-20T11:06:00,23563.15,23566.4,23562.4,23563.75,653042
1779255420,2026-05-20T11:07:00,23563.95,23577.85,23563.95,23574.9,919334
1779255480,2026-05-20T11:08:00,23574.85,23580.75,23574.15,23579.05,1426290
1779255540,2026-05-20T11:09:00,23578.7,23579.7,23572.85,23575.6,1025037
1779255600,2026-05-20T11:10:00,23574.95,23582.25,23574.95,23579.15,849274
1779255660,2026-05-20T11:11:00,23580.05,23582.6,23574.95,23575.55,1034948
1779255720,2026-05-20T11:12:00,23575.65,23577.4,23572.3,23572.65,614345
1779255780,2026-05-20T11:13:00,23572.7,23574.35,23566.15,23568.5,693341
1779255840,2026-05-20T11:14:00,23568.7,23570.5,23562.2,23562.2,583762
1779255900,2026-05-20T11:15:00,23561.75,23568.0,23558.3,23566.6,873563
1779255960,2026-05-20T11:16:00,23566.55,23570.7,23564.3,23564.8,657870
1779256020,2026-05-20T11:17:00,23564.85,23570.95,23559.2,23567.95,744075
1779256080,2026-05-20T11:18:00,23567.7,23573.35,23566.65,23568.7,693153
1779256140,2026-05-20T11:19:00,23568.15,23570.55,23563.55,23564.95,654847
1779256200,2026-05-20T11:20:00,23565.4,23568.4,23564.1,23564.35,581629
1779256260,2026-05-20T11:21:00,23564.85,23575.6,23564.0,23575.35,526876
1779256320,2026-05-20T11:22:00,23575.5,23593.0,23575.15,23592.6,722571
1779256380,2026-05-20T11:23:00,23592.7,23598.15,23589.1,23591.0,812273
1779256440,2026-05-20T11:24:00,23592.55,23593.7,23582.05,23582.05,543376
1779256500,2026-05-20T11:25:00,23582.4,23588.75,23582.4,23586.85,522625
1779256560,2026-05-20T11:26:00,23585.95,23592.1,23585.95,23592.05,585079
1779256620,2026-05-20T11:27:00,23592.05,23599.9,23589.75,23598.9,681441
1779256680,2026-05-20T11:28:00,23599.1,23602.75,23596.7,23597.65,610657
1779256740,2026-05-20T11:29:00,23598.25,23599.85,23595.5,23599.85,745595
1779256800,2026-05-20T11:30:00,23599.95,23608.3,23599.55,23604.6,666694
1779256860,2026-05-20T11:31:00,23604.6,23606.05,23591.0,23591.1,866805
1779256920,2026-05-20T11:32:00,23591.6,23596.1,23588.55,23594.2,462645
1779256980,2026-05-20T11:33:00,23593.6,23595.55,23589.9,23590.15,619681
1779257040,2026-05-20T11:34:00,23590.0,23596.4,23590.0,23594.5,403863
1779257100,2026-05-20T11:35:00,23594.5,23597.3,23588.5,23597.15,834574
1779257160,2026-05-20T11:36:00,23597.9,23611.3,23597.9,23610.05,1056358
1779257220,2026-05-20T11:37:00,23609.5,23613.05,23603.25,23604.6,722957
1779257280,2026-05-20T11:38:00,23606.25,23611.95,23605.15,23611.45,662380
1779257340,2026-05-20T11:39:00,23611.3,23618.15,23608.25,23609.35,1127948
1779257400,2026-05-20T11:40:00,23609.6,23610.8,23598.9,23599.5,775318
1779257460,2026-05-20T11:41:00,23600.1,23606.7,23598.6,23605.05,748785
1779257520,2026-05-20T11:42:00,23605.4,23609.25,23602.65,23604.6,669074
1779257580,2026-05-20T11:43:00,23604.4,23606.3,23594.8,23597.85,770425
1779257640,2026-05-20T11:44:00,23598.5,23606.05,23598.25,23605.05,644622
1779257700,2026-05-20T11:45:00,23605.3,23615.8,23604.9,23615.0,627988
1779257760,2026-05-20T11:46:00,23616.7,23619.8,23611.85,23612.1,599930
1779257820,2026-05-20T11:47:00,23611.45,23619.35,23611.25,23617.05,578394
1779257880,2026-05-20T11:48:00,23617.7,23621.4,23614.7,23621.1,560084
1779257940,2026-05-20T11:49:00,23620.6,23639.45,23619.95,23635.55,753103
1779258000,2026-05-20T11:50:00,23635.3,23639.3,23633.85,23638.75,518017
1779258060,2026-05-20T11:51:00,23638.3,23640.25,23627.5,23627.85,557337
1779258120,2026-05-20T11:52:00,23628.55,23630.65,23619.5,23619.85,769736
1779258180,2026-05-20T11:53:00,23619.95,23622.55,23615.15,23619.45,449620
1779258240,2026-05-20T11:54:00,23620.05,23628.25,23620.05,23626.9,1136217
1779258300,2026-05-20T11:55:00,23626.85,23629.75,23622.05,23623.9,631349
1779258360,2026-05-20T11:56:00,23624.05,23625.45,23618.9,23622.45,560847
1779258420,2026-05-20T11:57:00,23622.6,23627.0,23622.55,23625.1,414226
1779258480,2026-05-20T11:58:00,23625.45,23626.3,23613.0,23613.55,746435
1779258540,2026-05-20T11:59:00,23614.0,23614.95,23608.15,23608.15,429227
1779258600,2026-05-20T12:00:00,23609.1,23613.65,23605.75,23605.75,439332
1779258660,2026-05-20T12:01:00,23605.95,23606.95,23595.4,23596.35,600431
1779258720,2026-05-20T12:02:00,23595.55,23598.4,23591.55,23595.55,553194
1779258780,2026-05-20T12:03:00,23595.95,23597.8,23591.25,23592.6,479563
1779258840,2026-05-20T12:04:00,23592.85,23597.6,23592.35,23592.35,732030
1779258900,2026-05-20T12:05:00,23592.65,23594.1,23585.65,23586.4,2051140
1779258960,2026-05-20T12:06:00,23586.55,23589.05,23578.1,23578.4,924840
1779259020,2026-05-20T12:07:00,23579.1,23583.2,23577.25,23577.25,466896
1779259080,2026-05-20T12:08:00,23577.95,23586.95,23577.0,23586.2,563174
1779259140,2026-05-20T12:09:00,23586.45,23589.8,23579.6,23580.05,500077
1779259200,2026-05-20T12:10:00,23579.95,23585.55,23579.95,23583.45,519553
1779259260,2026-05-20T12:11:00,23584.1,23587.45,23583.1,23583.35,753475
1779259320,2026-05-20T12:12:00,23583.45,23585.05,23578.2,23582.8,535552
1779259380,2026-05-20T12:13:00,23583.95,23585.75,23579.8,23580.5,552577
1779259440,2026-05-20T12:14:00,23580.75,23582.15,23577.3,23579.95,503569
1779259500,2026-05-20T12:15:00,23580.0,23589.6,23579.5,23589.05,454359
1779259560,2026-05-20T12:16:00,23589.4,23598.35,23589.4,23593.4,454053
1779259620,2026-05-20T12:17:00,23593.25,23596.35,23584.95,23586.8,501718
1779259680,2026-05-20T12:18:00,23586.6,23589.0,23582.7,23585.7,394599
1779259740,2026-05-20T12:19:00,23586.05,23587.0,23582.85,23583.55,678843
1779259800,2026-05-20T12:20:00,23583.25,23587.9,23582.8,23584.6,640379
1779259860,2026-05-20T12:21:00,23584.35,23595.9,23584.35,23595.05,550283
1779259920,2026-05-20T12:22:00,23596.1,23602.25,23596.05,23601.05,568235
1779259980,2026-05-20T12:23:00,23601.0,23608.45,23601.0,23606.15,469637
1779260040,2026-05-20T12:24:00,23605.9,23607.75,23601.2,23601.95,487695
1779260100,2026-05-20T12:25:00,23602.55,23603.8,23596.85,23599.45,577198
1779260160,2026-05-20T12:26:00,23599.6,23601.1,23593.45,23595.55,595147
1779260220,2026-05-20T12:27:00,23595.95,23598.1,23592.1,23593.65,398119
1779260280,2026-05-20T12:28:00,23593.95,23595.75,23581.65,23581.65,505534
1779260340,2026-05-20T12:29:00,23582.0,23590.1,23582.0,23588.0,550646
1779260400,2026-05-20T12:30:00,23588.6,23592.6,23583.05,23589.45,487026
1779260460,2026-05-20T12:31:00,23589.75,23595.65,23589.75,23591.35,482416
1779260520,2026-05-20T12:32:00,23591.65,23596.85,23591.65,23592.75,483316
1779260580,2026-05-20T12:33:00,23592.25,23595.9,23589.5,23594.45,572351
1779260640,2026-05-20T12:34:00,23594.65,23596.4,23589.65,23590.55,440582
1779260700,2026-05-20T12:35:00,23590.7,23593.05,23586.9,23592.1,387954
1779260760,2026-05-20T12:36:00,23592.05,23598.2,23590.95,23596.75,346901
1779260820,2026-05-20T12:37:00,23596.6,23600.8,23591.75,23594.35,609345
1779260880,2026-05-20T12:38:00,23597.35,23600.25,23594.35,23598.6,579768
1779260940,2026-05-20T12:39:00,23598.7,23602.0,23597.4,23600.2,327073
1779261000,2026-05-20T12:40:00,23600.4,23601.55,23595.45,23595.45,504700
1779261060,2026-05-20T12:41:00,23596.35,23601.65,23591.75,23601.4,806507
1779261120,2026-05-20T12:42:00,23601.35,23605.5,23598.15,23600.1,758236
1779261180,2026-05-20T12:43:00,23599.75,23606.45,23599.0,23601.4,483972
1779261240,2026-05-20T12:44:00,23601.25,23605.05,23598.0,23602.8,1954900
1779261300,2026-05-20T12:45:00,23603.4,23611.55,23603.4,23610.75,586916
1779261360,2026-05-20T12:46:00,23610.95,23613.2,23604.65,23605.45,550617
1779261420,2026-05-20T12:47:00,23605.15,23608.9,23600.45,23604.65,427473
1779261480,2026-05-20T12:48:00,23605.5,23607.35,23601.2,23601.4,768736
1779261540,2026-05-20T12:49:00,23601.3,23603.55,23598.7,23601.9,521997
1779261600,2026-05-20T12:50:00,23602.1,23607.5,23601.25,23606.85,371233
1779261660,2026-05-20T12:51:00,23606.95,23611.4,23605.75,23606.2,679481
1779261720,2026-05-20T12:52:00,23605.75,23608.05,23602.5,23606.85,379744
1779261780,2026-05-20T12:53:00,23606.75,23610.2,23606.35,23607.25,372918
1779261840,2026-05-20T12:54:00,23606.25,23607.8,23602.3,23605.95,550666
1779261900,2026-05-20T12:55:00,23606.15,23612.15,23606.15,23611.7,710052
1779261960,2026-05-20T12:56:00,23611.1,23612.85,23608.9,23611.45,525145
1779262020,2026-05-20T12:57:00,23611.5,23613.8,23606.6,23606.95,411267
1779262080,2026-05-20T12:58:00,23606.95,23608.95,23604.7,23607.1,495133
1779262140,2026-05-20T12:59:00,23607.85,23615.4,23606.3,23612.75,756987
1779262200,2026-05-20T13:00:00,23612.45,23615.1,23609.05,23614.55,468375
1779262260,2026-05-20T13:01:00,23614.6,23615.45,23607.9,23609.35,687554
1779262320,2026-05-20T13:02:00,23609.65,23617.05,23607.15,23613.8,856750
1779262380,2026-05-20T13:03:00,23615.15,23616.9,23604.0,23605.15,747586
1779262440,2026-05-20T13:04:00,23605.4,23606.9,23599.95,23602.2,530610
1779262500,2026-05-20T13:05:00,23603.25,23606.95,23598.95,23598.95,447816
1779262560,2026-05-20T13:06:00,23599.55,23600.95,23591.5,23592.15,585231
1779262620,2026-05-20T13:07:00,23592.0,23595.5,23588.75,23593.6,519833
1779262680,2026-05-20T13:08:00,23593.7,23601.8,23593.7,23597.85,453170
1779262740,2026-05-20T13:09:00,23597.9,23602.95,23596.2,23601.95,714083
1779262800,2026-05-20T13:10:00,23602.45,23603.8,23599.05,23601.1,489461
1779262860,2026-05-20T13:11:00,23601.45,23612.9,23601.45,23610.6,622142
1779262920,2026-05-20T13:12:00,23610.75,23612.35,23601.2,23603.1,2111777
1779262980,2026-05-20T13:13:00,23603.2,23606.5,23599.9,23604.0,990604
1779263040,2026-05-20T13:14:00,23603.6,23607.1,23601.0,23601.4,418152
1779263100,2026-05-20T13:15:00,23601.5,23603.95,23599.25,23599.85,617422
1779263160,2026-05-20T13:16:00,23599.8,23602.65,23591.7,23592.3,763226
1779263220,2026-05-20T13:17:00,23592.3,23596.65,23585.9,23585.9,949412
1779263280,2026-05-20T13:18:00,23585.8,23586.15,23579.75,23585.5,995970
1779263340,2026-05-20T13:19:00,23585.35,23592.45,23582.1,23585.3,889996
1779263400,2026-05-20T13:20:00,23585.35,23596.8,23585.3,23592.0,810855
1779263460,2026-05-20T13:21:00,23592.3,23594.5,23584.5,23585.35,543091
1779263520,2026-05-20T13:22:00,23585.25,23586.75,23577.85,23578.4,631081
1779263580,2026-05-20T13:23:00,23578.2,23580.85,23576.3,23577.1,536285
1779263640,2026-05-20T13:24:00,23577.0,23584.25,23577.0,23583.25,683473
1779263700,2026-05-20T13:25:00,23583.5,23595.35,23583.5,23594.3,1063406
1779263760,2026-05-20T13:26:00,23593.9,23597.45,23591.5,23591.5,570743
1779263820,2026-05-20T13:27:00,23591.45,23593.6,23579.2,23579.45,659314
1779263880,2026-05-20T13:28:00,23579.4,23583.3,23572.15,23573.5,953239
1779263940,2026-05-20T13:29:00,23573.65,23575.15,23561.85,23567.1,1145534
1779264000,2026-05-20T13:30:00,23567.5,23576.05,23565.8,23574.65,907701
1779264060,2026-05-20T13:31:00,23574.35,23576.6,23569.85,23576.2,549000
1779264120,2026-05-20T13:32:00,23576.15,23581.25,23575.45,23579.95,402216
1779264180,2026-05-20T13:33:00,23580.0,23587.55,23579.1,23586.1,839275
1779264240,2026-05-20T13:34:00,23586.45,23598.7,23585.9,23597.05,808222
1779264300,2026-05-20T13:35:00,23597.15,23600.55,23592.1,23596.55,744828
1779264360,2026-05-20T13:36:00,23596.2,23607.95,23594.15,23606.85,940373
1779264420,2026-05-20T13:37:00,23607.25,23614.05,23606.15,23613.0,559257
1779264480,2026-05-20T13:38:00,23613.1,23620.9,23611.05,23611.5,2199578
1779264540,2026-05-20T13:39:00,23611.4,23612.75,23600.1,23604.1,610886
1779264600,2026-05-20T13:40:00,23604.45,23605.9,23600.35,23603.8,432683
1779264660,2026-05-20T13:41:00,23604.2,23604.95,23594.5,23595.35,458299
1779264720,2026-05-20T13:42:00,23595.65,23597.15,23590.15,23591.3,566756
1779264780,2026-05-20T13:43:00,23591.85,23599.15,23591.65,23597.85,577106
1779264840,2026-05-20T13:44:00,23598.4,23599.5,23594.6,23595.85,464844
1779264900,2026-05-20T13:45:00,23596.4,23601.55,23596.2,23597.4,678821
1779264960,2026-05-20T13:46:00,23597.9,23600.4,23594.5,23599.6,645330
1779265020,2026-05-20T13:47:00,23599.95,23600.95,23594.25,23594.45,697209
1779265080,2026-05-20T13:48:00,23594.25,23595.75,23590.8,23592.6,634045
1779265140,2026-05-20T13:49:00,23592.9,23598.85,23592.0,23597.3,452080
1779265200,2026-05-20T13:50:00,23597.35,23601.95,23591.65,23592.25,598930
1779265260,2026-05-20T13:51:00,23592.7,23594.2,23588.55,23591.65,525582
1779265320,2026-05-20T13:52:00,23591.8,23597.1,23591.8,23595.55,448145
1779265380,2026-05-20T13:53:00,23595.55,23598.3,23592.25,23594.5,442040
1779265440,2026-05-20T13:54:00,23594.65,23605.1,23594.25,23605.1,474814
1779265500,2026-05-20T13:55:00,23604.9,23608.45,23603.0,23606.65,529816
1779265560,2026-05-20T13:56:00,23606.5,23608.55,23604.55,23607.2,367347
1779265620,2026-05-20T13:57:00,23606.8,23614.15,23606.8,23612.7,476130
1779265680,2026-05-20T13:58:00,23614.0,23619.45,23614.0,23616.2,536026
1779265740,2026-05-20T13:59:00,23616.3,23628.15,23615.9,23628.15,817637
1779265800,2026-05-20T14:00:00,23628.05,23636.15,23625.85,23626.25,812892
1779265860,2026-05-20T14:01:00,23625.35,23634.4,23625.35,23634.3,638490
1779265920,2026-05-20T14:02:00,23634.4,23644.65,23634.05,23641.15,844350
1779265980,2026-05-20T14:03:00,23640.7,23642.1,23624.3,23624.95,841064
1779266040,2026-05-20T14:04:00,23624.1,23631.1,23623.25,23630.2,593103
1779266100,2026-05-20T14:05:00,23630.1,23636.8,23629.0,23631.15,618567
1779266160,2026-05-20T14:06:00,23631.1,23636.6,23626.8,23635.5,620244
1779266220,2026-05-20T14:07:00,23635.3,23640.55,23634.8,23637.1,629083
1779266280,2026-05-20T14:08:00,23637.35,23658.85,23637.1,23656.6,1332555
1779266340,2026-05-20T14:09:00,23656.7,23662.7,23656.1,23661.1,1214520
1779266400,2026-05-20T14:10:00,23661.1,23663.0,23653.65,23658.35,1267657
1779266460,2026-05-20T14:11:00,23657.5,23664.4,23657.5,23659.4,1585318
1779266520,2026-05-20T14:12:00,23659.25,23660.7,23651.3,23653.6,1424291
1779266580,2026-05-20T14:13:00,23654.55,23661.6,23654.55,23661.6,792940
1779266640,2026-05-20T14:14:00,23660.05,23660.4,23651.4,23651.95,798271
1779266700,2026-05-20T14:15:00,23652.25,23658.55,23652.25,23657.55,803203
1779266760,2026-05-20T14:16:00,23657.2,23659.0,23654.2,23656.5,760725
1779266820,2026-05-20T14:17:00,23656.55,23658.3,23652.65,23654.3,522395
1779266880,2026-05-20T14:18:00,23654.5,23655.95,23647.2,23648.1,714825
1779266940,2026-05-20T14:19:00,23648.0,23649.75,23643.1,23647.4,1225712
1779267000,2026-05-20T14:20:00,23646.7,23651.75,23641.95,23651.75,741597
1779267060,2026-05-20T14:21:00,23651.8,23662.5,23650.4,23662.5,878989
1779267120,2026-05-20T14:22:00,23662.7,23670.9,23662.65,23667.1,893378
1779267180,2026-05-20T14:23:00,23667.85,23674.65,23667.1,23673.15,731399
1779267240,2026-05-20T14:24:00,23673.45,23678.95,23672.05,23674.1,828640
1779267300,2026-05-20T14:25:00,23674.15,23675.4,23662.0,23664.85,560033
1779267360,2026-05-20T14:26:00,23664.4,23665.6,23657.5,23659.05,689064
1779267420,2026-05-20T14:27:00,23658.65,23663.85,23656.95,23657.7,715909
1779267480,2026-05-20T14:28:00,23658.25,23661.15,23655.35,23660.6,805021
1779267540,2026-05-20T14:29:00,23660.95,23667.05,23658.45,23665.35,875048
1779267600,2026-05-20T14:30:00,23665.45,23674.0,23665.45,23672.8,765829
1779267660,2026-05-20T14:31:00,23673.1,23675.7,23665.3,23666.8,920081
1779267720,2026-05-20T14:32:00,23667.1,23670.3,23664.05,23665.7,539085
1779267780,2026-05-20T14:33:00,23665.6,23668.4,23659.95,23663.2,687072
1779267840,2026-05-20T14:34:00,23662.7,23663.2,23655.9,23660.9,1288393
1779267900,2026-05-20T14:35:00,23660.8,23664.65,23654.9,23655.4,1297015
1779267960,2026-05-20T14:36:00,23654.85,23660.05,23652.6,23659.4,786967
1779268020,2026-05-20T14:37:00,23659.5,23663.9,23659.2,23661.65,976361
1779268080,2026-05-20T14:38:00,23661.3,23664.55,23660.0,23663.85,773138
1779268140,2026-05-20T14:39:00,23663.7,23669.9,23663.7,23668.4,833819
1779268200,2026-05-20T14:40:00,23668.6,23678.2,23668.6,23677.3,1103019
1779268260,2026-05-20T14:41:00,23678.4,23681.55,23672.7,23673.4,700144
1779268320,2026-05-20T14:42:00,23674.1,23678.65,23671.9,23672.85,728625
1779268380,2026-05-20T14:43:00,23673.2,23680.15,23672.75,23679.65,771663
1779268440,2026-05-20T14:44:00,23679.8,23681.1,23675.45,23677.6,672402
1779268500,2026-05-20T14:45:00,23677.75,23680.2,23673.65,23673.7,789699
1779268560,2026-05-20T14:46:00,23674.45,23683.85,23673.7,23681.45,703740
1779268620,2026-05-20T14:47:00,23681.3,23683.9,23676.7,23678.4,859196
1779268680,2026-05-20T14:48:00,23678.4,23681.3,23677.0,23679.65,742185
1779268740,2026-05-20T14:49:00,23679.5,23684.75,23679.5,23684.05,855296
1779268800,2026-05-20T14:50:00,23684.15,23686.4,23681.15,23681.75,870397
1779268860,2026-05-20T14:51:00,23681.7,23683.75,23674.75,23676.5,702555
1779268920,2026-05-20T14:52:00,23676.5,23684.9,23676.2,23684.15,896133
1779268980,2026-05-20T14:53:00,23684.4,23688.35,23683.8,23686.25,965958
1779269040,2026-05-20T14:54:00,23686.3,23687.45,23682.2,23685.1,694631
1779269100,2026-05-20T14:55:00,23684.95,23688.95,23683.7,23688.2,768195
1779269160,2026-05-20T14:56:00,23687.95,23690.35,23684.45,23685.65,849475
1779269220,2026-05-20T14:57:00,23685.35,23686.25,23679.1,23683.05,733799
1779269280,2026-05-20T14:58:00,23682.8,23690.9,23681.75,23689.55,884169
1779269340,2026-05-20T14:59:00,23689.15,23690.4,23679.15,23679.15,1075354
1779269400,2026-05-20T15:00:00,23680.1,23680.75,23645.25,23649.9,2763083
1779269460,2026-05-20T15:01:00,23650.6,23661.8,23649.35,23651.95,1660867
1779269520,2026-05-20T15:02:00,23651.95,23652.95,23640.65,23641.15,1385678
1779269580,2026-05-20T15:03:00,23641.7,23647.7,23639.6,23646.6,1591222
1779269640,2026-05-20T15:04:00,23646.9,23648.25,23641.35,23643.5,1495301
1779269700,2026-05-20T15:05:00,23643.75,23648.25,23641.7,23643.2,1551006
1779269760,2026-05-20T15:06:00,23643.15,23660.1,23642.4,23659.0,1608782
1779269820,2026-05-20T15:07:00,23659.25,23667.7,23658.25,23666.4,1594771
1779269880,2026-05-20T15:08:00,23666.95,23669.55,23663.75,23668.9,1268237
1779269940,2026-05-20T15:09:00,23669.7,23673.45,23665.6,23672.35,1591175
1779270000,2026-05-20T15:10:00,23672.35,23673.05,23665.5,23668.9,1667068
1779270060,2026-05-20T15:11:00,23669.2,23673.55,23667.8,23671.4,1513728
1779270120,2026-05-20T15:12:00,23672.15,23675.3,23668.45,23672.65,1550243
1779270180,2026-05-20T15:13:00,23672.75,23674.2,23664.85,23667.0,1352591
1779270240,2026-05-20T15:14:00,23668.0,23668.6,23665.65,23667.9,1455610
1779270300,2026-05-20T15:15:00,23668.05,23670.25,23663.5,23665.85,1888702
1779270360,2026-05-20T15:16:00,23666.1,23671.05,23663.85,23669.8,2057798
1779270420,2026-05-20T15:17:00,23669.85,23670.55,23665.85,23667.45,1583053
1779270480,2026-05-20T15:18:00,23668.05,23668.05,23660.9,23665.1,2055830
1779270540,2026-05-20T15:19:00,23665.5,23665.5,23658.55,23659.5,1513843
1779270600,2026-05-20T15:20:00,23659.95,23660.8,23651.4,23656.45,2204181
1779270660,2026-05-20T15:21:00,23656.45,23661.55,23653.75,23660.45,1830683
1779270720,2026-05-20T15:22:00,23659.35,23661.5,23656.4,23657.3,1992631
1779270780,2026-05-20T15:23:00,23658.25,23662.4,23655.05,23661.7,2118377
1779270840,2026-05-20T15:24:00,23661.75,23663.1,23658.1,23658.3,2151025
1779270900,2026-05-20T15:25:00,23660.65,23669.85,23656.2,23658.9,2582333
1779270960,2026-05-20T15:26:00,23661.25,23661.95,23654.85,23656.15,1355032
1779271020,2026-05-20T15:27:00,23656.8,23660.15,23655.25,23659.25,1823237
1779271080,2026-05-20T15:28:00,23659.75,23666.4,23658.4,23663.75,1841702
1779271140,2026-05-20T15:29:00,23665.75,23672.35,23658.0,23664.15,1390994
1779335100,2026-05-21T09:15:00,23830.05,23859.9,23817.6,23835.85,4615910
1779335160,2026-05-21T09:16:00,23838.15,23838.15,23809.95,23816.85,2869907
1779335220,2026-05-21T09:17:00,23816.9,23817.95,23792.7,23795.45,2231522
1779335280,2026-05-21T09:18:00,23795.05,23801.65,23783.35,23786.45,1899426
1779335340,2026-05-21T09:19:00,23787.3,23787.3,23765.1,23768.45,1841348
1779335400,2026-05-21T09:20:00,23768.0,23771.5,23752.05,23757.95,2315715
1779335460,2026-05-21T09:21:00,23758.55,23771.9,23753.7,23768.85,1371853
1779335520,2026-05-21T09:22:00,23769.9,23774.2,23761.95,23763.35,1349062
1779335580,2026-05-21T09:23:00,23763.85,23787.3,23762.35,23786.45,1275035
1779335640,2026-05-21T09:24:00,23786.15,23787.25,23769.15,23774.8,1211429
1779335700,2026-05-21T09:25:00,23775.05,23778.45,23766.3,23775.55,1314229
1779335760,2026-05-21T09:26:00,23774.35,23780.85,23764.25,23766.0,1063863
1779335820,2026-05-21T09:27:00,23767.4,23776.3,23766.2,23772.45,1058773
1779335880,2026-05-21T09:28:00,23773.8,23773.8,23750.85,23758.15,1097169
1779335940,2026-05-21T09:29:00,23758.15,23760.95,23755.4,23757.35,753896
1779336000,2026-05-21T09:30:00,23758.1,23774.25,23756.9,23772.15,1540140
1779336060,2026-05-21T09:31:00,23773.5,23774.7,23762.65,23765.45,1021345
1779336120,2026-05-21T09:32:00,23765.85,23766.55,23746.65,23747.15,921096
1779336180,2026-05-21T09:33:00,23747.45,23748.2,23736.25,23737.25,826784
1779336240,2026-05-21T09:34:00,23738.4,23739.65,23728.05,23738.15,2507958
1779336300,2026-05-21T09:35:00,23738.3,23741.95,23731.3,23735.9,904676
1779336360,2026-05-21T09:36:00,23736.75,23753.45,23735.55,23746.65,839353
1779336420,2026-05-21T09:37:00,23748.35,23761.15,23745.4,23760.65,912895
1779336480,2026-05-21T09:38:00,23761.55,23766.2,23756.7,23759.35,739274
1779336540,2026-05-21T09:39:00,23759.15,23773.2,23757.1,23768.95,1293320
1779336600,2026-05-21T09:40:00,23769.5,23773.6,23764.6,23772.45,975969
1779336660,2026-05-21T09:41:00,23773.7,23774.95,23757.2,23758.4,1595816
1779336720,2026-05-21T09:42:00,23757.9,23773.45,23755.8,23769.1,1206476
1779336780,2026-05-21T09:43:00,23771.15,23782.1,23768.85,23779.65,846616
1779336840,2026-05-21T09:44:00,23780.1,23794.2,23778.9,23793.15,947273
1779336900,2026-05-21T09:45:00,23793.9,23796.85,23787.85,23792.6,838002
1779336960,2026-05-21T09:46:00,23793.9,23795.85,23786.25,23789.5,1049677
1779337020,2026-05-21T09:47:00,23790.0,23795.15,23786.65,23791.95,929684
1779337080,2026-05-21T09:48:00,23791.8,23794.85,23779.25,23781.2,873846
1779337140,2026-05-21T09:49:00,23781.0,23788.15,23777.2,23785.55,715705
1779337200,2026-05-21T09:50:00,23787.4,23791.65,23781.75,23788.75,1061408
1779337260,2026-05-21T09:51:00,23787.7,23793.5,23784.2,23791.2,1034734
1779337320,2026-05-21T09:52:00,23790.85,23792.45,23786.55,23788.05,809683
1779337380,2026-05-21T09:53:00,23790.05,23807.35,23788.0,23803.9,740723
1779337440,2026-05-21T09:54:00,23804.4,23812.0,23802.65,23808.7,1156633
1779337500,2026-05-21T09:55:00,23807.05,23810.3,23805.25,23805.5,746796
1779337560,2026-05-21T09:56:00,23806.3,23806.3,23795.15,23798.6,852829
1779337620,2026-05-21T09:57:00,23800.5,23806.1,23794.1,23794.2,1047985
1779337680,2026-05-21T09:58:00,23795.8,23796.05,23776.15,23778.7,670115
1779337740,2026-05-21T09:59:00,23779.45,23781.7,23767.9,23768.35,710541
1779337800,2026-05-21T10:00:00,23769.55,23776.2,23768.3,23775.25,943418
1779337860,2026-05-21T10:01:00,23776.85,23788.9,23775.2,23787.0,625067
1779337920,2026-05-21T10:02:00,23789.05,23789.4,23777.4,23788.35,675059
1779337980,2026-05-21T10:03:00,23789.5,23790.1,23780.05,23780.95,691416
1779338040,2026-05-21T10:04:00,23782.1,23783.85,23778.05,23781.85,579718
1779338100,2026-05-21T10:05:00,23782.95,23785.65,23778.6,23778.65,707960
1779338160,2026-05-21T10:06:00,23779.7,23782.1,23765.0,23766.6,741874
1779338220,2026-05-21T10:07:00,23767.7,23770.85,23755.9,23757.65,647711
1779338280,2026-05-21T10:08:00,23759.7,23761.85,23752.95,23757.8,688157
1779338340,2026-05-21T10:09:00,23757.85,23765.05,23756.1,23763.6,498131
1779338400,2026-05-21T10:10:00,23766.55,23771.15,23760.65,23762.5,801813
1779338460,2026-05-21T10:11:00,23764.05,23766.75,23760.15,23761.35,556216
1779338520,2026-05-21T10:12:00,23760.2,23772.7,23759.65,23767.15,599589
1779338580,2026-05-21T10:13:00,23767.95,23773.6,23762.55,23767.2,493396
1779338640,2026-05-21T10:14:00,23768.05,23771.45,23764.45,23767.45,618080
1779338700,2026-05-21T10:15:00,23768.2,23779.95,23767.45,23778.65,652580
1779338760,2026-05-21T10:16:00,23776.95,23784.1,23775.75,23782.3,841488
1779338820,2026-05-21T10:17:00,23783.45,23784.8,23777.9,23781.3,2356332
1779338880,2026-05-21T10:18:00,23781.25,23783.2,23774.15,23779.0,693215
1779338940,2026-05-21T10:19:00,23778.75,23779.95,23774.0,23776.5,544779
1779339000,2026-05-21T10:20:00,23777.7,23783.0,23772.35,23775.85,668052
1779339060,2026-05-21T10:21:00,23777.65,23783.15,23772.4,23773.5,756116
1779339120,2026-05-21T10:22:00,23775.45,23779.1,23766.75,23779.1,588326
1779339180,2026-05-21T10:23:00,23779.45,23782.1,23772.6,23778.55,637689
1779339240,2026-05-21T10:24:00,23780.1,23780.1,23768.75,23770.6,655176
1779339300,2026-05-21T10:25:00,23771.75,23772.55,23765.35,23769.85,593952
1779339360,2026-05-21T10:26:00,23771.2,23774.7,23770.1,23771.85,911986
1779339420,2026-05-21T10:27:00,23772.8,23777.65,23766.45,23774.35,699112
1779339480,2026-05-21T10:28:00,23775.0,23789.15,23774.35,23786.25,530962
1779339540,2026-05-21T10:29:00,23788.4,23790.55,23772.7,23780.0,856173
1779339600,2026-05-21T10:30:00,23781.75,23783.0,23776.1,23781.05,783501
1779339660,2026-05-21T10:31:00,23781.8,23790.0,23779.95,23787.25,689770
1779339720,2026-05-21T10:32:00,23788.1,23789.1,23777.55,23778.0,898784
1779339780,2026-05-21T10:33:00,23777.9,23778.85,23768.05,23771.75,1232118
1779339840,2026-05-21T10:34:00,23772.4,23772.85,23761.25,23762.25,646017
1779339900,2026-05-21T10:35:00,23762.45,23766.0,23758.8,23760.65,674549
1779339960,2026-05-21T10:36:00,23760.95,23767.4,23758.9,23758.9,649543
1779340020,2026-05-21T10:37:00,23759.3,23762.85,23747.35,23748.7,687875
1779340080,2026-05-21T10:38:00,23749.0,23750.9,23729.55,23729.55,1006211
1779340140,2026-05-21T10:39:00,23729.9,23739.9,23729.55,23734.95,906087
1779340200,2026-05-21T10:40:00,23736.35,23739.2,23734.25,23738.5,662702
1779340260,2026-05-21T10:41:00,23739.85,23754.4,23738.85,23743.35,689312
1779340320,2026-05-21T10:42:00,23743.2,23752.95,23743.05,23752.95,766972
1779340380,2026-05-21T10:43:00,23755.9,23761.55,23754.4,23761.2,495706
1779340440,2026-05-21T10:44:00,23761.35,23764.75,23760.45,23763.75,590583
1779340500,2026-05-21T10:45:00,23764.8,23771.4,23764.8,23770.4,1004426
1779340560,2026-05-21T10:46:00,23771.65,23773.95,23769.25,23772.95,843598
1779340620,2026-05-21T10:47:00,23774.2,23774.2,23757.8,23758.45,884200
1779340680,2026-05-21T10:48:00,23759.15,23761.2,23755.75,23757.75,755726
1779340740,2026-05-21T10:49:00,23758.85,23758.9,23746.6,23749.1,864181
1779340800,2026-05-21T10:50:00,23748.95,23753.05,23746.4,23749.6,589930
1779340860,2026-05-21T10:51:00,23750.35,23751.65,23743.15,23743.75,550168
1779340920,2026-05-21T10:52:00,23744.35,23744.6,23735.95,23738.35,738878
1779340980,2026-05-21T10:53:00,23738.75,23739.65,23733.35,23735.25,702232
1779341040,2026-05-21T10:54:00,23737.9,23749.75,23736.15,23748.85,734140
1779341100,2026-05-21T10:55:00,23750.9,23750.9,23731.3,23733.7,768042
1779341160,2026-05-21T10:56:00,23734.25,23735.35,23717.85,23727.45,993600
1779341220,2026-05-21T10:57:00,23730.4,23734.1,23729.35,23730.1,468050
1779341280,2026-05-21T10:58:00,23731.05,23738.1,23729.0,23729.35,656954
1779341340,2026-05-21T10:59:00,23729.5,23729.5,23721.65,23723.75,635294
1779341400,2026-05-21T11:00:00,23726.15,23726.15,23706.9,23711.65,1449683
1779341460,2026-05-21T11:01:00,23711.05,23714.9,23707.1,23710.55,857090
1779341520,2026-05-21T11:02:00,23712.2,23717.5,23709.35,23717.5,650624
1779341580,2026-05-21T11:03:00,23717.9,23721.7,23715.1,23715.85,1007066
1779341640,2026-05-21T11:04:00,23716.1,23717.85,23711.45,23713.4,586271
1779341700,2026-05-21T11:05:00,23715.2,23717.65,23707.45,23710.65,530056
1779341760,2026-05-21T11:06:00,23712.55,23713.3,23706.6,23708.15,579421
1779341820,2026-05-21T11:07:00,23710.2,23713.45,23704.75,23709.45,501502
1779341880,2026-05-21T11:08:00,23710.5,23713.15,23707.05,23712.45,433252
1779341940,2026-05-21T11:09:00,23713.55,23717.65,23712.1,23717.4,635854
1779342000,2026-05-21T11:10:00,23718.9,23718.9,23710.6,23712.55,583231
1779342060,2026-05-21T11:11:00,23712.9,23718.35,23703.45,23704.85,804852
1779342120,2026-05-21T11:12:00,23705.1,23711.1,23704.5,23709.75,624233
1779342180,2026-05-21T11:13:00,23711.15,23711.15,23699.2,23702.45,660580
1779342240,2026-05-21T11:14:00,23702.95,23705.35,23695.35,23697.05,599061
1779342300,2026-05-21T11:15:00,23698.2,23698.2,23686.9,23687.25,812784
1779342360,2026-05-21T11:16:00,23687.2,23688.7,23671.15,23671.7,839278
1779342420,2026-05-21T11:17:00,23671.9,23671.9,23642.55,23643.95,1563839
1779342480,2026-05-21T11:18:00,23641.25,23660.6,23639.9,23660.6,1093047
1779342540,2026-05-21T11:19:00,23661.1,23679.3,23660.75,23678.65,605077
1779342600,2026-05-21T11:20:00,23679.35,23687.25,23675.6,23685.4,590060
1779342660,2026-05-21T11:21:00,23686.35,23689.3,23678.25,23688.55,781310
1779342720,2026-05-21T11:22:00,23689.9,23698.95,23685.45,23697.1,902379
1779342780,2026-05-21T11:23:00,23698.55,23702.1,23696.2,23700.9,960982
1779342840,2026-05-21T11:24:00,23702.55,23714.9,23701.75,23713.6,744944
1779342900,2026-05-21T11:25:00,23715.45,23718.15,23706.75,23717.3,636286
1779342960,2026-05-21T11:26:00,23719.0,23722.75,23716.8,23720.55,1071950
1779343020,2026-05-21T11:27:00,23720.9,23732.85,23720.9,23731.05,556756
1779343080,2026-05-21T11:28:00,23732.1,23746.0,23730.15,23745.6,914628
1779343140,2026-05-21T11:29:00,23745.5,23746.45,23739.65,23742.55,909358
1779343200,2026-05-21T11:30:00,23744.2,23744.4,23726.55,23734.75,735566
1779343260,2026-05-21T11:31:00,23735.85,23736.5,23727.0,23729.85,618784
1779343320,2026-05-21T11:32:00,23730.9,23732.95,23725.75,23731.9,682497
1779343380,2026-05-21T11:33:00,23733.3,23739.05,23730.35,23736.65,529040
1779343440,2026-05-21T11:34:00,23737.0,23738.1,23733.6,23735.05,665646
1779343500,2026-05-21T11:35:00,23736.25,23737.1,23730.55,23731.0,557142
1779343560,2026-05-21T11:36:00,23731.75,23739.7,23730.3,23738.05,432565
1779343620,2026-05-21T11:37:00,23738.5,23739.1,23733.75,23737.75,520418
1779343680,2026-05-21T11:38:00,23739.2,23740.2,23731.5,23732.35,376894
1779343740,2026-05-21T11:39:00,23733.55,23735.85,23729.15,23729.9,783851
1779343800,2026-05-21T11:40:00,23732.4,23733.95,23726.65,23727.45,491799
1779343860,2026-05-21T11:41:00,23728.3,23731.35,23725.95,23728.8,436349
1779343920,2026-05-21T11:42:00,23728.95,23732.2,23725.8,23729.6,1006449
1779343980,2026-05-21T11:43:00,23730.6,23730.8,23721.95,23722.35,617094
1779344040,2026-05-21T11:44:00,23723.75,23731.15,23721.7,23731.15,485847
1779344100,2026-05-21T11:45:00,23731.65,23734.65,23729.4,23731.6,473112
1779344160,2026-05-21T11:46:00,23733.65,23733.65,23725.3,23727.2,1577093
1779344220,2026-05-21T11:47:00,23727.55,23729.6,23725.1,23725.7,429346
1779344280,2026-05-21T11:48:00,23727.15,23727.15,23720.25,23720.45,458320
1779344340,2026-05-21T11:49:00,23720.6,23723.7,23716.45,23723.55,498579
1779344400,2026-05-21T11:50:00,23724.1,23726.15,23721.25,23724.75,428026
1779344460,2026-05-21T11:51:00,23725.55,23743.05,23723.9,23742.55,747610
1779344520,2026-05-21T11:52:00,23743.55,23744.8,23732.15,23733.3,534544
1779344580,2026-05-21T11:53:00,23734.55,23734.85,23728.45,23730.65,512549
1779344640,2026-05-21T11:54:00,23733.9,23734.25,23726.55,23726.7,445313
1779344700,2026-05-21T11:55:00,23727.4,23732.25,23718.2,23719.0,555826
1779344760,2026-05-21T11:56:00,23720.55,23723.3,23718.55,23719.5,532658
1779344820,2026-05-21T11:57:00,23719.75,23720.95,23711.65,23715.2,617825
1779344880,2026-05-21T11:58:00,23716.75,23725.55,23715.4,23725.25,1174168
1779344940,2026-05-21T11:59:00,23726.5,23726.5,23714.65,23716.05,647491
1779345000,2026-05-21T12:00:00,23716.75,23722.85,23716.75,23722.6,662526
1779345060,2026-05-21T12:01:00,23722.3,23725.75,23720.7,23724.85,483374
1779345120,2026-05-21T12:02:00,23726.35,23735.55,23724.7,23735.1,486795
1779345180,2026-05-21T12:03:00,23736.55,23742.25,23734.85,23740.35,514250
1779345240,2026-05-21T12:04:00,23741.7,23741.7,23729.6,23732.05,442705
1779345300,2026-05-21T12:05:00,23731.85,23735.3,23727.6,23732.15,566371
1779345360,2026-05-21T12:06:00,23733.25,23737.25,23729.3,23729.5,477760
1779345420,2026-05-21T12:07:00,23730.6,23730.6,23725.75,23727.0,435611
1779345480,2026-05-21T12:08:00,23728.8,23737.6,23728.0,23736.2,627838
1779345540,2026-05-21T12:09:00,23737.55,23741.25,23733.4,23734.0,641920
1779345600,2026-05-21T12:10:00,23735.75,23740.9,23734.2,23735.5,512593
1779345660,2026-05-21T12:11:00,23736.2,23736.25,23729.15,23730.65,701431
1779345720,2026-05-21T12:12:00,23732.0,23735.9,23730.1,23732.1,358765
1779345780,2026-05-21T12:13:00,23733.0,23733.05,23714.05,23715.05,650853
1779345840,2026-05-21T12:14:00,23715.4,23715.8,23704.8,23705.05,863900
1779345900,2026-05-21T12:15:00,23706.05,23709.25,23702.85,23708.35,726595
1779345960,2026-05-21T12:16:00,23708.75,23710.55,23705.35,23710.05,630462
1779346020,2026-05-21T12:17:00,23710.2,23718.9,23709.2,23709.2,525246
1779346080,2026-05-21T12:18:00,23711.0,23711.4,23698.4,23698.4,1071727
1779346140,2026-05-21T12:19:00,23699.05,23708.8,23692.95,23708.5,1155838
1779346200,2026-05-21T12:20:00,23710.3,23714.05,23700.15,23702.8,1306205
1779346260,2026-05-21T12:21:00,23702.9,23711.3,23702.85,23709.8,1209610
1779346320,2026-05-21T12:22:00,23711.2,23715.8,23708.7,23713.45,1078077
1779346380,2026-05-21T12:23:00,23713.7,23716.0,23704.95,23705.35,843456
1779346440,2026-05-21T12:24:00,23704.1,23704.1,23691.0,23692.05,1073816
1779346500,2026-05-21T12:25:00,23692.15,23696.25,23690.65,23694.75,471999
1779346560,2026-05-21T12:26:00,23695.05,23697.6,23673.6,23673.6,1186388
1779346620,2026-05-21T12:27:00,23673.7,23673.9,23652.3,23654.55,2385082
1779346680,2026-05-21T12:28:00,23654.1,23668.5,23649.5,23668.3,1169282
1779346740,2026-05-21T12:29:00,23668.6,23675.15,23663.25,23663.8,625023
1779346800,2026-05-21T12:30:00,23663.4,23664.35,23654.65,23654.65,607247
1779346860,2026-05-21T12:31:00,23654.95,23656.85,23652.4,23652.9,381072
1779346920,2026-05-21T12:32:00,23653.85,23659.25,23652.0,23655.3,506667
1779346980,2026-05-21T12:33:00,23654.4,23662.4,23652.2,23659.8,469861
1779347040,2026-05-21T12:34:00,23659.45,23673.95,23659.45,23669.6,682443
1779347100,2026-05-21T12:35:00,23669.35,23669.85,23659.65,23660.0,547638
1779347160,2026-05-21T12:36:00,23659.75,23663.3,23657.0,23659.45,780586
1779347220,2026-05-21T12:37:00,23658.6,23663.35,23641.05,23641.05,858878
1779347280,2026-05-21T12:38:00,23641.35,23645.8,23634.55,23635.45,1370610
1779347340,2026-05-21T12:39:00,23634.3,23634.8,23624.1,23632.35,1470889
1779347400,2026-05-21T12:40:00,23632.1,23634.3,23618.1,23619.25,622901
1779347460,2026-05-21T12:41:00,23617.6,23619.45,23607.45,23608.15,910876
1779347520,2026-05-21T12:42:00,23608.1,23627.3,23607.35,23626.95,708155
1779347580,2026-05-21T12:43:00,23627.55,23638.75,23626.85,23637.8,738910
1779347640,2026-05-21T12:44:00,23637.75,23648.95,23637.75,23639.8,1145247
1779347700,2026-05-21T12:45:00,23640.1,23641.25,23619.85,23623.35,699501
1779347760,2026-05-21T12:46:00,23622.45,23624.15,23614.6,23618.6,569474
1779347820,2026-05-21T12:47:00,23619.45,23631.5,23613.85,23631.5,702398
1779347880,2026-05-21T12:48:00,23631.75,23640.55,23626.0,23627.3,604975
1779347940,2026-05-21T12:49:00,23626.65,23631.35,23624.65,23630.9,318620
1779348000,2026-05-21T12:50:00,23631.2,23636.9,23630.3,23635.85,306653
1779348060,2026-05-21T12:51:00,23636.2,23641.55,23635.3,23638.35,386121
1779348120,2026-05-21T12:52:00,23637.95,23640.65,23635.15,23639.9,795842
1779348180,2026-05-21T12:53:00,23640.4,23646.85,23639.75,23644.55,537990
1779348240,2026-05-21T12:54:00,23644.35,23644.35,23637.8,23641.0,371930
1779348300,2026-05-21T12:55:00,23641.65,23643.3,23635.95,23636.4,354851
1779348360,2026-05-21T12:56:00,23637.65,23638.85,23629.55,23632.7,467070
1779348420,2026-05-21T12:57:00,23632.45,23635.0,23625.8,23627.0,575889
1779348480,2026-05-21T12:58:00,23626.8,23629.85,23622.5,23622.6,738079
1779348540,2026-05-21T12:59:00,23622.65,23628.2,23619.35,23624.2,461731
1779348600,2026-05-21T13:00:00,23625.2,23627.5,23620.25,23620.7,380396
1779348660,2026-05-21T13:01:00,23621.25,23623.55,23609.5,23613.3,685849
1779348720,2026-05-21T13:02:00,23614.35,23618.6,23609.25,23609.45,619273
1779348780,2026-05-21T13:03:00,23610.4,23610.9,23596.6,23603.75,734484
1779348840,2026-05-21T13:04:00,23604.1,23620.55,23603.6,23619.95,707782
1779348900,2026-05-21T13:05:00,23620.0,23625.55,23619.0,23624.05,1062488
1779348960,2026-05-21T13:06:00,23624.15,23632.85,23624.15,23626.05,583084
1779349020,2026-05-21T13:07:00,23626.7,23627.6,23621.9,23624.25,396773
1779349080,2026-05-21T13:08:00,23623.75,23631.3,23614.75,23631.25,538061
1779349140,2026-05-21T13:09:00,23631.3,23641.8,23628.75,23637.75,904944
1779349200,2026-05-21T13:10:00,23637.8,23651.15,23637.8,23648.9,663428
1779349260,2026-05-21T13:11:00,23649.4,23653.95,23638.25,23639.2,940893
1779349320,2026-05-21T13:12:00,23639.1,23641.5,23632.45,23640.95,935859
1779349380,2026-05-21T13:13:00,23641.3,23644.0,23639.7,23642.9,538078
1779349440,2026-05-21T13:14:00,23643.0,23647.15,23640.4,23640.55,640037
1779349500,2026-05-21T13:15:00,23640.7,23642.65,23636.3,23640.3,533296
1779349560,2026-05-21T13:16:00,23639.5,23647.95,23639.2,23639.85,468332
1779349620,2026-05-21T13:17:00,23639.9,23647.1,23639.75,23642.55,553262
1779349680,2026-05-21T13:18:00,23642.95,23645.15,23636.2,23636.7,466155
1779349740,2026-05-21T13:19:00,23636.55,23644.55,23635.9,23643.4,549913
1779349800,2026-05-21T13:20:00,23643.4,23651.1,23639.6,23648.65,661644
1779349860,2026-05-21T13:21:00,23648.5,23650.55,23640.35,23640.85,1059532
1779349920,2026-05-21T13:22:00,23640.7,23643.2,23637.85,23639.95,600352
1779349980,2026-05-21T13:23:00,23639.65,23644.15,23638.4,23640.0,515803
1779350040,2026-05-21T13:24:00,23639.9,23642.65,23635.6,23636.7,694313
1779350100,2026-05-21T13:25:00,23637.8,23643.3,23636.8,23638.6,534055
1779350160,2026-05-21T13:26:00,23638.75,23641.55,23635.45,23636.1,489666
1779350220,2026-05-21T13:27:00,23635.95,23642.7,23635.65,23641.75,573901
1779350280,2026-05-21T13:28:00,23641.35,23643.4,23635.95,23638.2,424074
1779350340,2026-05-21T13:29:00,23637.9,23640.35,23630.65,23631.6,545713
1779350400,2026-05-21T13:30:00,23632.4,23634.15,23624.55,23625.6,491723
1779350460,2026-05-21T13:31:00,23625.5,23629.6,23623.15,23623.4,649388
1779350520,2026-05-21T13:32:00,23623.5,23634.9,23622.75,23634.55,545127
1779350580,2026-05-21T13:33:00,23635.0,23649.25,23634.7,23642.55,739499
1779350640,2026-05-21T13:34:00,23643.45,23647.45,23640.25,23647.35,625333
1779350700,2026-05-21T13:35:00,23648.35,23651.7,23645.25,23651.6,579089
1779350760,2026-05-21T13:36:00,23650.85,23661.75,23649.15,23661.75,730865
1779350820,2026-05-21T13:37:00,23661.95,23674.55,23661.5,23669.15,1098348
1779350880,2026-05-21T13:38:00,23669.2,23670.55,23661.65,23667.4,739650
1779350940,2026-05-21T13:39:00,23668.05,23672.7,23662.35,23663.35,547043
1779351000,2026-05-21T13:40:00,23663.5,23668.95,23662.2,23667.2,515150
1779351060,2026-05-21T13:41:00,23668.4,23687.5,23666.95,23684.8,630857
1779351120,2026-05-21T13:42:00,23684.9,23686.95,23677.9,23679.0,466345
1779351180,2026-05-21T13:43:00,23679.4,23679.4,23671.95,23673.65,480646
1779351240,2026-05-21T13:44:00,23673.55,23687.5,23672.85,23681.35,548641
1779351300,2026-05-21T13:45:00,23681.75,23686.75,23681.35,23683.65,498851
1779351360,2026-05-21T13:46:00,23683.6,23689.2,23681.05,23681.05,523604
1779351420,2026-05-21T13:47:00,23681.25,23691.8,23680.1,23686.0,655342
1779351480,2026-05-21T13:48:00,23685.8,23689.9,23676.6,23677.3,751616
1779351540,2026-05-21T13:49:00,23676.95,23680.1,23664.4,23665.15,570189
1779351600,2026-05-21T13:50:00,23665.0,23666.45,23654.85,23655.8,774370
1779351660,2026-05-21T13:51:00,23656.8,23663.1,23647.65,23648.4,579446
1779351720,2026-05-21T13:52:00,23648.5,23654.7,23646.5,23651.7,443964
1779351780,2026-05-21T13:53:00,23651.9,23657.9,23650.65,23655.35,499184
1779351840,2026-05-21T13:54:00,23655.35,23656.55,23645.85,23651.75,779861
1779351900,2026-05-21T13:55:00,23650.6,23654.0,23648.3,23650.0,513591
1779351960,2026-05-21T13:56:00,23650.15,23651.95,23640.3,23641.15,778768
1779352020,2026-05-21T13:57:00,23641.2,23654.35,23640.35,23652.6,668995
1779352080,2026-05-21T13:58:00,23653.2,23656.3,23650.6,23655.5,461275
1779352140,2026-05-21T13:59:00,23655.85,23675.85,23654.5,23673.3,635463
1779352200,2026-05-21T14:00:00,23673.35,23674.0,23657.7,23658.8,579971
1779352260,2026-05-21T14:01:00,23659.05,23661.25,23650.15,23651.35,462596
1779352320,2026-05-21T14:02:00,23651.05,23655.3,23646.5,23647.0,516060
1779352380,2026-05-21T14:03:00,23647.75,23655.85,23647.25,23652.25,512698
1779352440,2026-05-21T14:04:00,23651.6,23653.3,23644.9,23648.25,551984
1779352500,2026-05-21T14:05:00,23648.6,23651.1,23645.1,23648.6,536935
1779352560,2026-05-21T14:06:00,23648.8,23650.45,23643.4,23644.1,923263
1779352620,2026-05-21T14:07:00,23643.95,23649.1,23639.9,23644.35,937317
1779352680,2026-05-21T14:08:00,23645.2,23647.75,23643.7,23646.85,474843
1779352740,2026-05-21T14:09:00,23647.2,23648.55,23640.7,23642.7,751468
1779352800,2026-05-21T14:10:00,23642.55,23644.55,23638.1,23642.2,513524
1779352860,2026-05-21T14:11:00,23642.0,23650.1,23641.25,23647.65,674893
1779352920,2026-05-21T14:12:00,23647.4,23656.55,23644.4,23652.4,721495
1779352980,2026-05-21T14:13:00,23654.2,23663.3,23653.7,23660.4,1777400
1779353040,2026-05-21T14:14:00,23660.1,23662.4,23647.15,23652.15,1999697
1779353100,2026-05-21T14:15:00,23652.1,23652.1,23638.4,23647.9,579122
1779353160,2026-05-21T14:16:00,23649.05,23654.1,23644.3,23644.6,635660
1779353220,2026-05-21T14:17:00,23645.65,23655.9,23644.7,23655.3,814509
1779353280,2026-05-21T14:18:00,23655.85,23656.7,23647.4,23650.05,935775
1779353340,2026-05-21T14:19:00,23650.15,23653.95,23648.85,23651.45,612217
1779353400,2026-05-21T14:20:00,23651.55,23663.15,23651.55,23663.1,921450
1779353460,2026-05-21T14:21:00,23662.4,23667.0,23661.7,23665.7,594495
1779353520,2026-05-21T14:22:00,23666.6,23669.55,23665.25,23667.0,698410
1779353580,2026-05-21T14:23:00,23667.5,23669.6,23662.45,23666.55,603910
1779353640,2026-05-21T14:24:00,23666.6,23673.2,23666.25,23673.2,500119
1779353700,2026-05-21T14:25:00,23672.7,23676.2,23669.8,23675.6,573435
1779353760,2026-05-21T14:26:00,23675.15,23678.35,23673.6,23675.55,566203
1779353820,2026-05-21T14:27:00,23675.75,23677.3,23661.15,23662.1,800384
1779353880,2026-05-21T14:28:00,23662.25,23665.1,23647.05,23648.45,1355855
1779353940,2026-05-21T14:29:00,23649.65,23653.85,23645.35,23652.4,1059616
1779354000,2026-05-21T14:30:00,23653.6,23664.0,23650.4,23660.45,1595360
1779354060,2026-05-21T14:31:00,23659.75,23676.7,23659.0,23676.65,1402019
1779354120,2026-05-21T14:32:00,23678.3,23682.9,23664.7,23668.3,1145876
1779354180,2026-05-21T14:33:00,23665.45,23667.9,23652.25,23656.9,1053921
1779354240,2026-05-21T14:34:00,23656.3,23663.6,23651.35,23663.6,1371441
1779354300,2026-05-21T14:35:00,23661.1,23676.1,23659.0,23672.35,784021
1779354360,2026-05-21T14:36:00,23672.8,23674.8,23669.15,23672.85,732563
1779354420,2026-05-21T14:37:00,23672.95,23678.05,23665.3,23665.3,734366
1779354480,2026-05-21T14:38:00,23666.0,23668.8,23665.15,23665.15,601990
1779354540,2026-05-21T14:39:00,23665.65,23668.2,23661.9,23663.1,638248
1779354600,2026-05-21T14:40:00,23663.7,23667.2,23660.5,23661.15,799511
1779354660,2026-05-21T14:41:00,23662.25,23682.6,23661.6,23681.85,792407
1779354720,2026-05-21T14:42:00,23681.7,23705.4,23680.95,23696.7,1165389
1779354780,2026-05-21T14:43:00,23696.6,23698.75,23678.7,23679.05,601981
1779354840,2026-05-21T14:44:00,23679.75,23681.1,23669.2,23671.85,720808
1779354900,2026-05-21T14:45:00,23671.1,23679.45,23671.1,23675.95,570364
1779354960,2026-05-21T14:46:00,23679.15,23690.5,23669.5,23690.35,935431
1779355020,2026-05-21T14:47:00,23690.2,23691.3,23682.3,23682.55,1026503
1779355080,2026-05-21T14:48:00,23682.25,23686.45,23680.3,23682.95,1355826
1779355140,2026-05-21T14:49:00,23682.1,23686.8,23678.3,23678.3,625673
1779355200,2026-05-21T14:50:00,23679.1,23686.0,23678.75,23685.8,475980
1779355260,2026-05-21T14:51:00,23685.75,23691.0,23679.95,23684.15,856239
1779355320,2026-05-21T14:52:00,23684.7,23695.3,23684.45,23693.3,1311591
1779355380,2026-05-21T14:53:00,23694.35,23696.6,23675.65,23676.95,876991
1779355440,2026-05-21T14:54:00,23676.85,23686.25,23673.55,23686.25,1076719
1779355500,2026-05-21T14:55:00,23686.55,23690.85,23675.3,23677.4,1269220
1779355560,2026-05-21T14:56:00,23678.8,23683.85,23675.1,23678.65,931326
1779355620,2026-05-21T14:57:00,23678.6,23693.5,23677.5,23687.35,1154324
1779355680,2026-05-21T14:58:00,23685.6,23688.55,23679.7,23682.45,972990
1779355740,2026-05-21T14:59:00,23681.65,23681.65,23673.05,23679.3,1008094
1779355800,2026-05-21T15:00:00,23679.55,23691.3,23677.95,23679.35,2029801
1779355860,2026-05-21T15:01:00,23679.65,23683.65,23662.55,23663.35,1543684
1779355920,2026-05-21T15:02:00,23663.95,23664.35,23649.25,23650.75,1750179
1779355980,2026-05-21T15:03:00,23650.4,23664.1,23649.25,23663.15,1620024
1779356040,2026-05-21T15:04:00,23664.65,23670.45,23655.9,23669.4,3355978
1779356100,2026-05-21T15:05:00,23670.7,23673.8,23658.9,23663.3,2457652
1779356160,2026-05-21T15:06:00,23666.05,23678.0,23659.75,23669.9,2111628
1779356220,2026-05-21T15:07:00,23674.3,23678.25,23664.45,23664.7,1796926
1779356280,2026-05-21T15:08:00,23664.45,23665.45,23651.4,23659.85,3893780
1779356340,2026-05-21T15:09:00,23657.8,23659.9,23649.45,23655.2,2344383
1779356400,2026-05-21T15:10:00,23654.8,23663.35,23654.15,23661.15,2558520
1779356460,2026-05-21T15:11:00,23662.45,23668.0,23647.0,23647.75,1855579
1779356520,2026-05-21T15:12:00,23647.7,23651.95,23646.7,23647.4,1838581
1779356580,2026-05-21T15:13:00,23648.15,23656.85,23647.5,23652.45,2129758
1779356640,2026-05-21T15:14:00,23652.1,23657.4,23637.05,23639.1,2376745
1779356700,2026-05-21T15:15:00,23639.55,23646.85,23632.45,23646.85,2310862
1779356760,2026-05-21T15:16:00,23646.6,23649.75,23636.55,23636.55,2465160
1779356820,2026-05-21T15:17:00,23636.8,23639.1,23631.15,23635.0,2140318
1779356880,2026-05-21T15:18:00,23635.35,23638.75,23631.1,23638.15,2177914
1779356940,2026-05-21T15:19:00,23638.85,23643.6,23635.6,23636.6,1888968
1779357000,2026-05-21T15:20:00,23635.9,23650.65,23635.05,23646.35,2338725
1779357060,2026-05-21T15:21:00,23647.05,23648.4,23638.7,23639.1,2596541
1779357120,2026-05-21T15:22:00,23638.8,23640.2,23633.7,23638.8,2649087
1779357180,2026-05-21T15:23:00,23638.85,23648.8,23638.85,23647.4,3422692
1779357240,2026-05-21T15:24:00,23647.25,23649.55,23642.4,23644.25,2789957
1779357300,2026-05-21T15:25:00,23644.5,23646.35,23636.95,23641.15,2812662
1779357360,2026-05-21T15:26:00,23642.0,23645.4,23639.1,23640.25,1995251
1779357420,2026-05-21T15:27:00,23640.95,23643.35,23636.05,23641.05,2530026
1779357480,2026-05-21T15:28:00,23642.6,23643.8,23636.65,23641.3,1755048
1779357540,2026-05-21T15:29:00,23642.0,23652.45,23638.9,23648.6,1711798
1779421500,2026-05-22T09:15:00,23671.2,23710.8,23671.0,23692.65,3631229
1779421560,2026-05-22T09:16:00,23691.95,23697.15,23679.05,23685.0,2384834
1779421620,2026-05-22T09:17:00,23683.8,23696.15,23675.35,23686.7,1963785
1779421680,2026-05-22T09:18:00,23687.8,23697.8,23680.6,23681.95,1683798
1779421740,2026-05-22T09:19:00,23682.25,23696.05,23681.3,23693.5,1843772
1779421800,2026-05-22T09:20:00,23692.85,23717.65,23692.85,23707.1,1908847
1779421860,2026-05-22T09:21:00,23706.95,23734.9,23706.95,23732.55,1672135
1779421920,2026-05-22T09:22:00,23731.1,23750.4,23731.1,23749.95,1640107
1779421980,2026-05-22T09:23:00,23749.75,23750.05,23735.1,23741.5,1427601
1779422040,2026-05-22T09:24:00,23742.7,23756.65,23740.6,23752.85,1374995
1779422100,2026-05-22T09:25:00,23753.25,23756.25,23737.75,23738.45,1169547
1779422160,2026-05-22T09:26:00,23738.3,23751.6,23737.5,23737.5,1065728
1779422220,2026-05-22T09:27:00,23736.8,23750.65,23736.0,23750.35,788643
1779422280,2026-05-22T09:28:00,23750.0,23752.35,23736.05,23737.15,1005771
1779422340,2026-05-22T09:29:00,23737.55,23745.1,23731.2,23738.6,1123185
1779422400,2026-05-22T09:30:00,23738.6,23752.05,23736.75,23749.75,1187536
1779422460,2026-05-22T09:31:00,23750.25,23751.7,23745.9,23748.7,1243983
1779422520,2026-05-22T09:32:00,23748.5,23750.95,23738.55,23738.75,1072879
1779422580,2026-05-22T09:33:00,23738.45,23744.2,23733.1,23743.25,1198077
1779422640,2026-05-22T09:34:00,23743.5,23764.85,23743.5,23762.75,1273913
1779422700,2026-05-22T09:35:00,23763.65,23778.6,23762.1,23770.65,1265716
1779422760,2026-05-22T09:36:00,23769.8,23771.9,23751.0,23751.05,790957
1779422820,2026-05-22T09:37:00,23752.3,23763.15,23749.55,23756.7,916598
1779422880,2026-05-22T09:38:00,23756.5,23762.8,23751.9,23759.9,785153
1779422940,2026-05-22T09:39:00,23759.4,23761.75,23754.55,23755.85,880312
1779423000,2026-05-22T09:40:00,23755.5,23756.6,23740.95,23741.2,676767
1779423060,2026-05-22T09:41:00,23741.0,23742.6,23731.8,23738.45,869374
1779423120,2026-05-22T09:42:00,23737.8,23742.1,23733.3,23735.6,725931
1779423180,2026-05-22T09:43:00,23735.7,23757.0,23729.55,23757.0,948753
1779423240,2026-05-22T09:44:00,23757.0,23765.4,23752.1,23752.95,661564
1779423300,2026-05-22T09:45:00,23753.3,23756.7,23748.15,23752.5,748017
1779423360,2026-05-22T09:46:00,23751.9,23755.55,23745.7,23752.2,776253
1779423420,2026-05-22T09:47:00,23751.95,23761.2,23748.15,23758.9,673722
1779423480,2026-05-22T09:48:00,23758.15,23761.1,23751.4,23753.9,717478
1779423540,2026-05-22T09:49:00,23753.55,23755.15,23739.2,23740.8,611137
1779423600,2026-05-22T09:50:00,23740.95,23756.2,23740.55,23754.3,1775239
1779423660,2026-05-22T09:51:00,23753.3,23767.85,23753.3,23767.45,756402
1779423720,2026-05-22T09:52:00,23768.3,23780.15,23766.45,23779.8,898654
1779423780,2026-05-22T09:53:00,23779.8,23784.75,23772.45,23775.3,723205
1779423840,2026-05-22T09:54:00,23775.8,23779.1,23766.1,23774.1,674642
1779423900,2026-05-22T09:55:00,23774.35,23779.65,23771.75,23771.75,592839
1779423960,2026-05-22T09:56:00,23772.0,23775.9,23763.85,23774.3,588727
1779424020,2026-05-22T09:57:00,23773.8,23787.1,23773.55,23785.7,649034
1779424080,2026-05-22T09:58:00,23785.7,23788.8,23783.7,23785.75,731487
1779424140,2026-05-22T09:59:00,23785.8,23787.85,23778.7,23779.65,595134
1779424200,2026-05-22T10:00:00,23778.6,23780.9,23770.75,23772.6,794747
1779424260,2026-05-22T10:01:00,23772.1,23774.5,23769.65,23770.0,639266
1779424320,2026-05-22T10:02:00,23769.6,23779.95,23769.55,23775.8,1275720
1779424380,2026-05-22T10:03:00,23775.6,23781.35,23772.15,23772.95,669605
1779424440,2026-05-22T10:04:00,23773.3,23774.7,23767.05,23767.3,550868
1779424500,2026-05-22T10:05:00,23766.5,23769.35,23759.4,23766.3,1038591
1779424560,2026-05-22T10:06:00,23766.55,23771.45,23764.45,23770.65,862439
1779424620,2026-05-22T10:07:00,23770.1,23773.7,23769.0,23770.9,791290
1779424680,2026-05-22T10:08:00,23770.4,23784.75,23770.4,23784.75,1117972
1779424740,2026-05-22T10:09:00,23784.6,23787.5,23781.9,23785.5,883036
1779424800,2026-05-22T10:10:00,23785.15,23795.1,23785.15,23791.75,1181839
1779424860,2026-05-22T10:11:00,23792.0,23796.0,23787.2,23794.35,857704
1779424920,2026-05-22T10:12:00,23793.95,23800.15,23792.7,23793.8,1406165
1779424980,2026-05-22T10:13:00,23793.4,23796.85,23790.55,23792.15,890760
1779425040,2026-05-22T10:14:00,23792.45,23794.1,23789.15,23791.7,805521
1779425100,2026-05-22T10:15:00,23791.65,23795.4,23787.05,23790.15,1127419
1779425160,2026-05-22T10:16:00,23790.0,23790.85,23773.1,23778.95,1171419
1779425220,2026-05-22T10:17:00,23779.45,23786.15,23775.55,23776.35,1377520
1779425280,2026-05-22T10:18:00,23776.25,23777.15,23766.0,23766.25,864191
1779425340,2026-05-22T10:19:00,23765.75,23767.75,23759.9,23764.1,716454
1779425400,2026-05-22T10:20:00,23763.5,23768.55,23762.9,23767.15,993363
1779425460,2026-05-22T10:21:00,23767.05,23772.35,23767.05,23768.65,847182
1779425520,2026-05-22T10:22:00,23768.45,23782.15,23768.45,23780.05,1202702
1779425580,2026-05-22T10:23:00,23780.55,23785.4,23778.95,23779.55,1082243
1779425640,2026-05-22T10:24:00,23779.6,23782.35,23765.2,23765.65,1269220
1779425700,2026-05-22T10:25:00,23765.45,23776.1,23762.1,23773.8,1040752
1779425760,2026-05-22T10:26:00,23774.05,23775.95,23763.95,23766.55,1073810
1779425820,2026-05-22T10:27:00,23766.35,23771.9,23764.9,23767.25,743448
1779425880,2026-05-22T10:28:00,23767.5,23769.65,23763.55,23767.05,812373
1779425940,2026-05-22T10:29:00,23767.25,23769.6,23759.65,23761.45,976657
1779426000,2026-05-22T10:30:00,23761.35,23769.1,23761.35,23764.3,720500
1779426060,2026-05-22T10:31:00,23764.75,23771.2,23764.2,23766.4,742099
1779426120,2026-05-22T10:32:00,23765.85,23770.8,23762.2,23769.8,843455
1779426180,2026-05-22T10:33:00,23769.8,23781.05,23769.8,23777.55,907925
1779426240,2026-05-22T10:34:00,23779.35,23786.6,23778.1,23778.15,833047
1779426300,2026-05-22T10:35:00,23778.3,23782.6,23774.95,23782.1,913753
1779426360,2026-05-22T10:36:00,23780.5,23782.4,23778.0,23780.05,834012
1779426420,2026-05-22T10:37:00,23780.1,23780.2,23766.15,23767.55,865867
1779426480,2026-05-22T10:38:00,23767.55,23770.3,23765.4,23768.8,725242
1779426540,2026-05-22T10:39:00,23769.1,23773.05,23766.6,23773.05,485812
1779426600,2026-05-22T10:40:00,23773.75,23782.8,23773.75,23782.2,769337
1779426660,2026-05-22T10:41:00,23782.9,23790.1,23776.9,23777.65,870934
1779426720,2026-05-22T10:42:00,23777.6,23787.1,23775.75,23786.4,727213
1779426780,2026-05-22T10:43:00,23785.6,23793.45,23785.25,23791.15,627065
1779426840,2026-05-22T10:44:00,23791.3,23795.15,23789.05,23792.7,647743
1779426900,2026-05-22T10:45:00,23793.0,23796.4,23786.65,23786.65,501503
1779426960,2026-05-22T10:46:00,23787.05,23793.9,23785.5,23792.75,750963
1779427020,2026-05-22T10:47:00,23792.75,23797.85,23790.95,23795.7,1053466
1779427080,2026-05-22T10:48:00,23796.55,23797.55,23781.45,23781.65,675245
1779427140,2026-05-22T10:49:00,23781.5,23784.05,23775.1,23783.9,1174773
1779427200,2026-05-22T10:50:00,23784.3,23785.2,23775.45,23776.3,617645
1779427260,2026-05-22T10:51:00,23776.3,23785.15,23776.3,23782.3,727024
1779427320,2026-05-22T10:52:00,23782.3,23785.95,23778.35,23784.85,711673
1779427380,2026-05-22T10:53:00,23784.85,23787.5,23780.35,23784.7,636444
1779427440,2026-05-22T10:54:00,23784.35,23789.55,23783.9,23785.6,703915
1779427500,2026-05-22T10:55:00,23785.6,23786.45,23779.2,23779.2,484191
1779427560,2026-05-22T10:56:00,23779.8,23784.65,23776.45,23783.1,613070
1779427620,2026-05-22T10:57:00,23783.9,23785.1,23777.5,23779.45,871912
1779427680,2026-05-22T10:58:00,23779.9,23785.05,23778.15,23781.6,526793
1779427740,2026-05-22T10:59:00,23781.75,23783.65,23777.45,23780.75,915889
1779427800,2026-05-22T11:00:00,23781.2,23782.55,23776.8,23779.85,905202
1779427860,2026-05-22T11:01:00,23780.15,23781.9,23777.3,23779.0,549515
1779427920,2026-05-22T11:02:00,23779.1,23780.3,23774.5,23775.15,680871
1779427980,2026-05-22T11:03:00,23775.2,23777.0,23771.45,23773.45,867699
1779428040,2026-05-22T11:04:00,23773.35,23779.4,23773.35,23777.6,862505
1779428100,2026-05-22T11:05:00,23777.6,23782.5,23777.6,23778.7,709481
1779428160,2026-05-22T11:06:00,23778.05,23780.05,23775.2,23778.95,883609
1779428220,2026-05-22T11:07:00,23778.85,23779.8,23770.9,23771.8,511672
1779428280,2026-05-22T11:08:00,23771.5,23776.45,23770.8,23771.65,609619
1779428340,2026-05-22T11:09:00,23772.6,23776.2,23769.5,23775.05,614057
1779428400,2026-05-22T11:10:00,23774.7,23777.75,23774.25,23776.75,518380
1779428460,2026-05-22T11:11:00,23776.6,23779.1,23773.85,23777.85,512264
1779428520,2026-05-22T11:12:00,23778.4,23779.15,23767.75,23767.75,659584
1779428580,2026-05-22T11:13:00,23767.85,23771.4,23765.95,23770.6,761475
1779428640,2026-05-22T11:14:00,23770.45,23774.6,23768.35,23771.6,729191
1779428700,2026-05-22T11:15:00,23772.45,23773.35,23767.65,23769.8,572155
1779428760,2026-05-22T11:16:00,23769.65,23774.65,23769.1,23770.2,1007186
1779428820,2026-05-22T11:17:00,23770.0,23772.1,23766.45,23767.1,488175
1779428880,2026-05-22T11:18:00,23767.2,23771.8,23765.45,23769.25,547394
1779428940,2026-05-22T11:19:00,23769.15,23773.55,23765.8,23766.6,748854
1779429000,2026-05-22T11:20:00,23767.0,23768.8,23756.1,23761.75,715933
1779429060,2026-05-22T11:21:00,23761.55,23771.75,23760.95,23770.55,876883
1779429120,2026-05-22T11:22:00,23771.4,23778.55,23771.25,23777.6,616827
1779429180,2026-05-22T11:23:00,23777.35,23789.3,23777.0,23785.45,986468
1779429240,2026-05-22T11:24:00,23785.55,23786.35,23779.55,23785.0,923998
1779429300,2026-05-22T11:25:00,23785.1,23786.7,23768.95,23769.5,741670
1779429360,2026-05-22T11:26:00,23769.75,23770.55,23758.75,23760.05,766629
1779429420,2026-05-22T11:27:00,23760.05,23765.35,23755.95,23756.8,958909
1779429480,2026-05-22T11:28:00,23755.9,23762.55,23750.7,23762.25,1030520
1779429540,2026-05-22T11:29:00,23762.7,23764.8,23757.95,23758.9,1043199
1779429600,2026-05-22T11:30:00,23758.2,23759.2,23751.05,23751.95,1095111
1779429660,2026-05-22T11:31:00,23751.75,23757.85,23750.05,23757.0,1093615
1779429720,2026-05-22T11:32:00,23757.6,23763.8,23757.1,23763.6,803079
1779429780,2026-05-22T11:33:00,23763.5,23767.75,23758.45,23759.75,642673
1779429840,2026-05-22T11:34:00,23759.7,23759.7,23754.95,23757.5,671558
1779429900,2026-05-22T11:35:00,23757.25,23759.55,23756.4,23757.2,480380
1779429960,2026-05-22T11:36:00,23756.75,23761.6,23756.05,23761.15,802880
1779430020,2026-05-22T11:37:00,23760.75,23766.2,23759.35,23759.35,693191
1779430080,2026-05-22T11:38:00,23759.55,23765.7,23758.7,23764.65,466471
1779430140,2026-05-22T11:39:00,23764.35,23775.2,23763.7,23774.05,742589
1779430200,2026-05-22T11:40:00,23774.2,23778.15,23771.95,23777.6,735953
1779430260,2026-05-22T11:41:00,23777.35,23784.75,23777.35,23783.55,901578
1779430320,2026-05-22T11:42:00,23783.7,23796.95,23783.7,23792.9,1214897
1779430380,2026-05-22T11:43:00,23792.45,23797.95,23790.6,23797.7,894410
1779430440,2026-05-22T11:44:00,23797.3,23808.9,23797.3,23808.25,1039433
1779430500,2026-05-22T11:45:00,23807.7,23815.9,23805.3,23814.85,1146916
1779430560,2026-05-22T11:46:00,23815.0,23828.5,23814.35,23819.15,1214731
1779430620,2026-05-22T11:47:00,23819.15,23821.35,23809.25,23810.85,766247
1779430680,2026-05-22T11:48:00,23810.3,23812.4,23804.1,23809.45,660715
1779430740,2026-05-22T11:49:00,23809.4,23813.6,23808.65,23809.25,754451
1779430800,2026-05-22T11:50:00,23809.25,23811.15,23802.05,23802.6,749917
1779430860,2026-05-22T11:51:00,23803.65,23807.5,23801.9,23802.1,437300
1779430920,2026-05-22T11:52:00,23803.7,23806.85,23801.45,23804.95,589579
1779430980,2026-05-22T11:53:00,23805.0,23807.7,23802.95,23807.15,509791
1779431040,2026-05-22T11:54:00,23807.2,23808.2,23802.95,23804.55,535108
1779431100,2026-05-22T11:55:00,23804.85,23808.15,23803.05,23805.5,375177
1779431160,2026-05-22T11:56:00,23805.45,23807.7,23803.9,23806.4,498922
1779431220,2026-05-22T11:57:00,23807.1,23809.75,23802.7,23803.25,474073
1779431280,2026-05-22T11:58:00,23804.2,23806.25,23801.0,23801.55,484025
1779431340,2026-05-22T11:59:00,23801.5,23806.1,23800.7,23804.85,482952
1779431400,2026-05-22T12:00:00,23804.9,23808.35,23800.5,23801.2,800570
1779431460,2026-05-22T12:01:00,23800.25,23803.2,23794.55,23795.0,707776
1779431520,2026-05-22T12:02:00,23795.0,23799.05,23794.15,23794.3,596893
1779431580,2026-05-22T12:03:00,23793.7,23798.65,23793.3,23795.85,528526
1779431640,2026-05-22T12:04:00,23796.45,23797.5,23794.25,23794.95,684468
1779431700,2026-05-22T12:05:00,23795.1,23797.4,23791.25,23792.2,1018006
1779431760,2026-05-22T12:06:00,23791.3,23796.9,23789.8,23795.8,1025497
1779431820,2026-05-22T12:07:00,23795.9,23800.8,23795.75,23799.7,615892
1779431880,2026-05-22T12:08:00,23799.6,23801.1,23795.55,23795.85,702536
1779431940,2026-05-22T12:09:00,23795.2,23796.7,23790.45,23791.3,489982
1779432000,2026-05-22T12:10:00,23790.7,23798.55,23790.45,23796.15,570806
1779432060,2026-05-22T12:11:00,23796.0,23804.05,23796.0,23804.05,631409
1779432120,2026-05-22T12:12:00,23803.55,23808.3,23802.9,23805.1,467596
1779432180,2026-05-22T12:13:00,23805.1,23807.1,23800.25,23802.75,476411
1779432240,2026-05-22T12:14:00,23802.45,23804.4,23796.95,23798.6,622507
1779432300,2026-05-22T12:15:00,23798.4,23800.75,23797.5,23797.65,537061
1779432360,2026-05-22T12:16:00,23797.95,23802.45,23797.95,23799.65,511113
1779432420,2026-05-22T12:17:00,23799.25,23801.3,23794.85,23794.9,602050
1779432480,2026-05-22T12:18:00,23795.05,23796.35,23792.2,23793.7,569224
1779432540,2026-05-22T12:19:00,23794.0,23797.4,23793.8,23794.35,926725
1779432600,2026-05-22T12:20:00,23794.75,23796.75,23789.15,23791.25,438593
1779432660,2026-05-22T12:21:00,23791.5,23793.8,23786.3,23790.55,763242
1779432720,2026-05-22T12:22:00,23790.7,23794.95,23789.35,23792.8,1904498
1779432780,2026-05-22T12:23:00,23792.75,23794.35,23781.9,23783.7,645538
1779432840,2026-05-22T12:24:00,23783.8,23785.7,23775.6,23775.7,644290
1779432900,2026-05-22T12:25:00,23776.05,23777.65,23771.45,23775.75,662608
1779432960,2026-05-22T12:26:00,23775.55,23780.2,23775.55,23779.6,456283
1779433020,2026-05-22T12:27:00,23780.1,23784.4,23773.7,23773.95,542252
1779433080,2026-05-22T12:28:00,23774.1,23778.6,23772.8,23777.15,469236
1779433140,2026-05-22T12:29:00,23777.1,23778.45,23774.5,23774.75,489081
1779433200,2026-05-22T12:30:00,23774.85,23776.35,23767.2,23768.2,659079
1779433260,2026-05-22T12:31:00,23767.7,23770.05,23764.85,23764.85,1327427
1779433320,2026-05-22T12:32:00,23764.5,23766.15,23758.85,23763.45,691983
1779433380,2026-05-22T12:33:00,23763.5,23771.05,23763.5,23768.95,615761
1779433440,2026-05-22T12:34:00,23768.45,23776.9,23767.25,23775.05,370412
1779433500,2026-05-22T12:35:00,23775.3,23776.75,23771.35,23771.55,368943
1779433560,2026-05-22T12:36:00,23771.8,23778.55,23769.25,23777.0,615295
1779433620,2026-05-22T12:37:00,23776.8,23777.6,23770.05,23773.7,606159
1779433680,2026-05-22T12:38:00,23773.4,23779.25,23773.4,23775.2,1541115
1779433740,2026-05-22T12:39:00,23775.45,23780.15,23775.05,23778.9,570757
1779433800,2026-05-22T12:40:00,23779.5,23784.55,23777.3,23784.3,565900
1779433860,2026-05-22T12:41:00,23784.65,23788.4,23783.2,23785.7,436280
1779433920,2026-05-22T12:42:00,23786.1,23788.75,23782.9,23785.9,546875
1779433980,2026-05-22T12:43:00,23786.3,23788.55,23783.9,23786.8,435066
1779434040,2026-05-22T12:44:00,23787.1,23798.5,23787.1,23792.6,606238
1779434100,2026-05-22T12:45:00,23792.95,23796.55,23789.25,23792.05,616632
1779434160,2026-05-22T12:46:00,23791.3,23799.1,23791.3,23797.45,522327
1779434220,2026-05-22T12:47:00,23797.45,23808.05,23797.45,23806.15,484895
1779434280,2026-05-22T12:48:00,23806.0,23816.45,23805.6,23815.3,566176
1779434340,2026-05-22T12:49:00,23815.25,23816.85,23811.9,23813.0,877156
1779434400,2026-05-22T12:50:00,23813.0,23828.55,23813.0,23825.3,847175
1779434460,2026-05-22T12:51:00,23826.3,23831.05,23822.9,23825.85,1109137
1779434520,2026-05-22T12:52:00,23824.8,23830.2,23824.7,23827.25,683134
1779434580,2026-05-22T12:53:00,23827.35,23830.0,23822.9,23824.25,640349
1779434640,2026-05-22T12:54:00,23824.0,23833.7,23824.0,23831.55,609742
1779434700,2026-05-22T12:55:00,23831.45,23834.1,23826.9,23830.7,554389
1779434760,2026-05-22T12:56:00,23830.85,23831.9,23825.25,23827.4,621742
1779434820,2026-05-22T12:57:00,23826.4,23835.65,23826.4,23830.45,720074
1779434880,2026-05-22T12:58:00,23831.0,23833.2,23828.2,23831.45,473726
1779434940,2026-05-22T12:59:00,23831.25,23832.45,23825.0,23827.45,540747
1779435000,2026-05-22T13:00:00,23828.25,23833.25,23826.8,23829.5,550908
1779435060,2026-05-22T13:01:00,23829.6,23833.2,23826.7,23828.0,521190
1779435120,2026-05-22T13:02:00,23828.35,23829.25,23819.3,23820.1,902896
1779435180,2026-05-22T13:03:00,23819.85,23829.55,23819.4,23828.05,447913
1779435240,2026-05-22T13:04:00,23827.9,23829.95,23823.3,23827.95,1094303
1779435300,2026-05-22T13:05:00,23828.5,23829.0,23819.0,23821.8,493876
1779435360,2026-05-22T13:06:00,23821.55,23823.2,23812.95,23813.85,582476
1779435420,2026-05-22T13:07:00,23814.05,23821.6,23813.6,23820.05,432350
1779435480,2026-05-22T13:08:00,23819.5,23826.65,23819.5,23822.85,599674
1779435540,2026-05-22T13:09:00,23822.8,23825.4,23818.85,23819.4,558564
1779435600,2026-05-22T13:10:00,23819.55,23824.2,23818.75,23822.05,736217
1779435660,2026-05-22T13:11:00,23822.1,23824.55,23819.45,23820.65,621045
1779435720,2026-05-22T13:12:00,23820.45,23823.9,23820.45,23821.55,508308
1779435780,2026-05-22T13:13:00,23821.5,23826.45,23820.1,23820.1,642254
1779435840,2026-05-22T13:14:00,23820.8,23822.45,23816.95,23819.1,554209
1779435900,2026-05-22T13:15:00,23819.3,23821.6,23815.4,23815.7,642035
1779435960,2026-05-22T13:16:00,23815.95,23820.65,23815.6,23820.15,657764
1779436020,2026-05-22T13:17:00,23819.85,23822.65,23814.45,23814.45,694691
1779436080,2026-05-22T13:18:00,23814.5,23817.15,23812.7,23812.7,722559
1779436140,2026-05-22T13:19:00,23812.4,23816.6,23807.55,23812.1,1166286
1779436200,2026-05-22T13:20:00,23812.5,23820.1,23812.5,23819.25,712952
1779436260,2026-05-22T13:21:00,23819.35,23820.7,23811.7,23813.05,703286
1779436320,2026-05-22T13:22:00,23812.6,23816.4,23807.4,23808.4,594622
1779436380,2026-05-22T13:23:00,23808.45,23810.2,23804.8,23805.05,807363
1779436440,2026-05-22T13:24:00,23804.85,23809.6,23804.85,23809.15,743673
1779436500,2026-05-22T13:25:00,23808.05,23810.85,23806.15,23807.45,482395
1779436560,2026-05-22T13:26:00,23807.3,23816.05,23807.3,23815.6,607666
1779436620,2026-05-22T13:27:00,23815.2,23816.6,23807.8,23808.0,512909
1779436680,2026-05-22T13:28:00,23807.95,23809.7,23803.6,23804.75,635946
1779436740,2026-05-22T13:29:00,23805.25,23814.55,23804.75,23809.4,857198
1779436800,2026-05-22T13:30:00,23809.1,23812.75,23806.25,23807.5,600265
1779436860,2026-05-22T13:31:00,23807.35,23811.2,23805.15,23810.15,630071
1779436920,2026-05-22T13:32:00,23809.55,23815.0,23809.55,23813.2,568300
1779436980,2026-05-22T13:33:00,23813.5,23815.2,23811.1,23813.55,441880
1779437040,2026-05-22T13:34:00,23813.65,23818.2,23812.25,23816.2,412423
1779437100,2026-05-22T13:35:00,23816.15,23817.1,23809.8,23810.2,461418
1779437160,2026-05-22T13:36:00,23809.9,23811.1,23805.5,23806.15,400341
1779437220,2026-05-22T13:37:00,23806.9,23811.55,23805.4,23805.75,378648
1779437280,2026-05-22T13:38:00,23805.65,23810.8,23805.65,23807.8,517759
1779437340,2026-05-22T13:39:00,23807.55,23811.9,23805.9,23809.05,695475
1779437400,2026-05-22T13:40:00,23809.2,23813.7,23808.85,23812.2,535452
1779437460,2026-05-22T13:41:00,23812.3,23813.35,23808.75,23810.05,533321
1779437520,2026-05-22T13:42:00,23810.2,23812.1,23806.95,23807.4,555129
1779437580,2026-05-22T13:43:00,23807.55,23809.65,23802.3,23804.05,587410
1779437640,2026-05-22T13:44:00,23804.15,23806.3,23800.8,23801.25,523741
1779437700,2026-05-22T13:45:00,23801.2,23811.65,23800.5,23810.5,1039389
1779437760,2026-05-22T13:46:00,23810.85,23821.9,23810.85,23818.3,886531
1779437820,2026-05-22T13:47:00,23818.5,23822.7,23815.95,23817.6,944334
1779437880,2026-05-22T13:48:00,23818.05,23820.1,23811.0,23811.0,511348
1779437940,2026-05-22T13:49:00,23811.3,23813.1,23803.7,23803.9,456416
1779438000,2026-05-22T13:50:00,23803.9,23811.35,23803.9,23809.55,476946
1779438060,2026-05-22T13:51:00,23810.0,23811.35,23805.55,23806.95,405364
1779438120,2026-05-22T13:52:00,23806.5,23808.5,23796.9,23798.75,484790
1779438180,2026-05-22T13:53:00,23799.05,23801.25,23796.7,23800.05,467269
1779438240,2026-05-22T13:54:00,23799.85,23801.65,23796.65,23798.0,792716
1779438300,2026-05-22T13:55:00,23796.8,23799.2,23782.5,23792.05,1141387
1779438360,2026-05-22T13:56:00,23792.75,23795.2,23789.2,23790.8,625453
1779438420,2026-05-22T13:57:00,23790.6,23792.85,23785.25,23787.7,538537
1779438480,2026-05-22T13:58:00,23787.65,23789.45,23784.15,23786.1,837851
1779438540,2026-05-22T13:59:00,23785.9,23793.7,23785.9,23792.15,662239
1779438600,2026-05-22T14:00:00,23792.2,23795.6,23788.95,23789.45,560147
1779438660,2026-05-22T14:01:00,23789.0,23791.8,23787.1,23787.2,558873
1779438720,2026-05-22T14:02:00,23787.6,23788.85,23777.45,23778.7,592814
1779438780,2026-05-22T14:03:00,23778.55,23782.6,23774.55,23777.0,575367
1779438840,2026-05-22T14:04:00,23776.45,23778.05,23758.6,23761.75,1175726
1779438900,2026-05-22T14:05:00,23761.75,23762.7,23744.8,23759.4,1778211
1779438960,2026-05-22T14:06:00,23759.1,23764.0,23753.75,23763.7,664861
1779439020,2026-05-22T14:07:00,23763.9,23774.85,23763.9,23766.05,644569
1779439080,2026-05-22T14:08:00,23766.15,23779.6,23766.15,23779.6,543395
1779439140,2026-05-22T14:09:00,23779.3,23781.5,23775.55,23778.35,796496
1779439200,2026-05-22T14:10:00,23778.25,23779.45,23774.55,23779.0,629799
1779439260,2026-05-22T14:11:00,23779.15,23780.3,23769.6,23771.05,824602
1779439320,2026-05-22T14:12:00,23770.85,23775.1,23767.25,23773.1,744175
1779439380,2026-05-22T14:13:00,23773.05,23778.2,23771.0,23772.2,1216942
1779439440,2026-05-22T14:14:00,23772.25,23781.6,23771.9,23778.2,821160
1779439500,2026-05-22T14:15:00,23778.25,23781.7,23776.25,23777.0,939198
1779439560,2026-05-22T14:16:00,23776.95,23779.95,23771.05,23771.9,757862
1779439620,2026-05-22T14:17:00,23772.0,23774.45,23766.0,23769.25,562014
1779439680,2026-05-22T14:18:00,23769.1,23772.75,23764.5,23765.9,653578
1779439740,2026-05-22T14:19:00,23765.15,23767.7,23761.35,23761.4,457979
1779439800,2026-05-22T14:20:00,23761.4,23763.4,23753.05,23754.35,852695
1779439860,2026-05-22T14:21:00,23755.1,23756.95,23748.6,23750.05,585540
1779439920,2026-05-22T14:22:00,23749.85,23758.0,23749.85,23756.5,570809
1779439980,2026-05-22T14:23:00,23756.6,23766.2,23756.6,23765.65,590790
1779440040,2026-05-22T14:24:00,23765.9,23766.5,23759.35,23760.0,485955
1779440100,2026-05-22T14:25:00,23759.85,23764.65,23757.3,23762.5,542797
1779440160,2026-05-22T14:26:00,23762.35,23765.45,23757.0,23757.0,750399
1779440220,2026-05-22T14:27:00,23757.2,23759.95,23754.65,23758.5,668016
1779440280,2026-05-22T14:28:00,23758.35,23759.25,23751.05,23751.05,910180
1779440340,2026-05-22T14:29:00,23751.1,23752.5,23739.1,23739.3,795281
1779440400,2026-05-22T14:30:00,23739.4,23741.0,23721.2,23740.8,1682224
1779440460,2026-05-22T14:31:00,23741.5,23746.25,23737.0,23742.55,806034
1779440520,2026-05-22T14:32:00,23742.25,23751.05,23742.25,23748.95,574942
1779440580,2026-05-22T14:33:00,23749.0,23749.85,23744.35,23748.55,664952
1779440640,2026-05-22T14:34:00,23748.3,23752.5,23744.45,23745.25,908933
1779440700,2026-05-22T14:35:00,23745.1,23746.45,23740.4,23744.25,818877
1779440760,2026-05-22T14:36:00,23743.8,23748.2,23738.5,23741.85,764763
1779440820,2026-05-22T14:37:00,23742.35,23744.35,23728.7,23728.95,707053
1779440880,2026-05-22T14:38:00,23728.35,23731.7,23724.5,23725.6,674200
1779440940,2026-05-22T14:39:00,23725.6,23726.75,23720.65,23723.9,790614
1779441000,2026-05-22T14:40:00,23723.3,23730.65,23723.2,23728.95,781777
1779441060,2026-05-22T14:41:00,23730.0,23731.4,23721.5,23723.8,674264
1779441120,2026-05-22T14:42:00,23723.2,23725.7,23718.85,23721.95,804568
1779441180,2026-05-22T14:43:00,23721.85,23722.95,23717.15,23717.7,1160214
1779441240,2026-05-22T14:44:00,23716.85,23718.7,23707.45,23709.05,1243321
1779441300,2026-05-22T14:45:00,23709.45,23722.7,23706.9,23721.45,1154826
1779441360,2026-05-22T14:46:00,23721.7,23724.3,23720.2,23724.15,834214
1779441420,2026-05-22T14:47:00,23724.05,23725.25,23719.25,23721.65,788515
1779441480,2026-05-22T14:48:00,23722.3,23731.7,23721.65,23729.45,1035543
1779441540,2026-05-22T14:49:00,23729.15,23733.65,23726.0,23726.0,865405
1779441600,2026-05-22T14:50:00,23725.8,23728.05,23722.85,23724.75,1110196
1779441660,2026-05-22T14:51:00,23725.45,23727.25,23722.55,23723.75,769938
1779441720,2026-05-22T14:52:00,23723.75,23727.9,23723.05,23727.05,833955
1779441780,2026-05-22T14:53:00,23726.9,23728.7,23720.4,23721.95,804920
1779441840,2026-05-22T14:54:00,23721.55,23722.7,23717.75,23720.3,1586220
1779441900,2026-05-22T14:55:00,23720.15,23726.3,23719.85,23724.2,934695
1779441960,2026-05-22T14:56:00,23724.1,23725.05,23716.9,23719.95,817795
1779442020,2026-05-22T14:57:00,23720.1,23723.5,23717.05,23718.15,968861
1779442080,2026-05-22T14:58:00,23718.3,23724.0,23714.55,23721.7,938586
1779442140,2026-05-22T14:59:00,23722.4,23726.65,23717.75,23724.45,1029540
1779442200,2026-05-22T15:00:00,23724.65,23727.6,23700.0,23707.3,2200224
1779442260,2026-05-22T15:01:00,23707.4,23712.55,23704.15,23704.9,2230124
1779442320,2026-05-22T15:02:00,23704.5,23708.95,23698.95,23706.85,2018010
1779442380,2026-05-22T15:03:00,23707.9,23711.8,23704.5,23710.25,1574351
1779442440,2026-05-22T15:04:00,23709.95,23711.8,23706.3,23710.95,2077729
1779442500,2026-05-22T15:05:00,23710.9,23712.45,23706.55,23709.65,2310176
1779442560,2026-05-22T15:06:00,23709.6,23710.2,23704.7,23707.35,1655397
1779442620,2026-05-22T15:07:00,23707.55,23710.15,23706.6,23708.7,1350597
1779442680,2026-05-22T15:08:00,23708.4,23717.3,23707.8,23715.5,1890473
1779442740,2026-05-22T15:09:00,23715.4,23717.15,23706.95,23708.7,1609979
1779442800,2026-05-22T15:10:00,23708.35,23709.3,23703.5,23707.9,1657788
1779442860,2026-05-22T15:11:00,23707.7,23709.3,23703.5,23704.7,1659935
1779442920,2026-05-22T15:12:00,23704.3,23715.05,23703.25,23712.65,2152375
1779442980,2026-05-22T15:13:00,23712.35,23714.25,23708.9,23710.2,1561617
1779443040,2026-05-22T15:14:00,23710.0,23719.9,23708.65,23718.15,1869209
1779443100,2026-05-22T15:15:00,23718.2,23725.3,23718.2,23721.4,2608726
1779443160,2026-05-22T15:16:00,23721.75,23726.9,23720.55,23725.9,2048383
1779443220,2026-05-22T15:17:00,23725.75,23726.25,23721.05,23722.9,1854805
1779443280,2026-05-22T15:18:00,23722.95,23728.0,23719.05,23726.9,2295973
1779443340,2026-05-22T15:19:00,23727.15,23730.2,23723.05,23725.35,1833756
1779443400,2026-05-22T15:20:00,23725.35,23727.2,23721.6,23725.75,2228922
1779443460,2026-05-22T15:21:00,23727.15,23730.65,23724.6,23725.7,2627154
1779443520,2026-05-22T15:22:00,23725.75,23726.8,23722.7,23724.8,1609104
1779443580,2026-05-22T15:23:00,23724.3,23733.85,23722.15,23732.95,2254565
1779443640,2026-05-22T15:24:00,23732.6,23742.1,23729.9,23740.7,3205753
1779443700,2026-05-22T15:25:00,23741.75,23742.45,23733.15,23734.55,2629852
1779443760,2026-05-22T15:26:00,23734.35,23741.75,23732.15,23739.85,1704838
1779443820,2026-05-22T15:27:00,23740.3,23747.45,23737.8,23747.45,2444713
1779443880,2026-05-22T15:28:00,23744.9,23748.9,23742.6,23748.3,1700195
1779443940,2026-05-22T15:29:00,23749.6,23751.9,23743.15,23748.85,1327847
1779680700,2026-05-25T09:15:00,23940.25,23983.45,23922.85,23964.8,6574601
1779680760,2026-05-25T09:16:00,23963.95,23979.25,23960.85,23966.7,4582902
1779680820,2026-05-25T09:17:00,23968.2,23982.05,23967.6,23980.4,4156625
1779680880,2026-05-25T09:18:00,23982.2,23984.35,23967.9,23969.55,2811647
1779680940,2026-05-25T09:19:00,23970.6,23973.4,23959.65,23967.6,2480786
1779681000,2026-05-25T09:20:00,23968.75,23969.4,23958.4,23967.3,2388863
1779681060,2026-05-25T09:21:00,23970.75,23976.7,23966.85,23972.75,1772023
1779681120,2026-05-25T09:22:00,23975.2,23981.4,23965.45,23965.45,1665955
1779681180,2026-05-25T09:23:00,23966.9,23978.75,23959.05,23977.15,1703168
1779681240,2026-05-25T09:24:00,23979.1,23987.3,23975.65,23978.3,1914492
1779681300,2026-05-25T09:25:00,23979.5,23989.1,23975.75,23984.9,2320310
1779681360,2026-05-25T09:26:00,23986.7,23987.5,23979.95,23979.95,1609711
1779681420,2026-05-25T09:27:00,23982.0,23982.8,23971.25,23981.7,2598066
1779681480,2026-05-25T09:28:00,23983.4,23983.4,23971.35,23978.55,1414526
1779681540,2026-05-25T09:29:00,23979.9,23982.1,23974.5,23981.6,1502258
1779681600,2026-05-25T09:30:00,23981.95,23984.3,23967.6,23970.05,1738457
1779681660,2026-05-25T09:31:00,23970.35,23972.35,23958.25,23959.0,1840731
1779681720,2026-05-25T09:32:00,23960.5,23964.0,23953.65,23958.9,1599912
1779681780,2026-05-25T09:33:00,23960.0,23969.75,23957.15,23963.9,1290746
1779681840,2026-05-25T09:34:00,23966.15,23966.15,23953.8,23959.15,1288421
1779681900,2026-05-25T09:35:00,23961.6,23961.7,23950.0,23951.45,1310965
1779681960,2026-05-25T09:36:00,23952.75,23952.75,23943.9,23945.85,2489801
1779682020,2026-05-25T09:37:00,23947.9,23952.05,23941.5,23950.8,1219622
1779682080,2026-05-25T09:38:00,23953.2,23953.55,23940.15,23940.15,1043137
1779682140,2026-05-25T09:39:00,23942.2,23944.45,23938.55,23940.0,1003526
1779682200,2026-05-25T09:40:00,23943.2,23943.2,23931.5,23942.0,1849902
1779682260,2026-05-25T09:41:00,23943.8,23944.9,23934.2,23934.2,1025636
1779682320,2026-05-25T09:42:00,23936.8,23941.35,23933.65,23938.75,896699
1779682380,2026-05-25T09:43:00,23939.8,23939.8,23927.75,23930.4,926949
1779682440,2026-05-25T09:44:00,23932.55,23948.1,23930.2,23947.5,871724
1779682500,2026-05-25T09:45:00,23951.45,23951.45,23940.3,23947.1,899196
1779682560,2026-05-25T09:46:00,23948.75,23948.75,23941.75,23942.95,1468712
1779682620,2026-05-25T09:47:00,23944.55,23944.55,23933.6,23934.95,1185852
1779682680,2026-05-25T09:48:00,23936.65,23937.3,23924.4,23925.65,1240882
1779682740,2026-05-25T09:49:00,23927.65,23939.3,23926.2,23937.85,945496
1779682800,2026-05-25T09:50:00,23938.2,23941.25,23934.85,23938.3,973179
1779682860,2026-05-25T09:51:00,23939.15,23945.2,23936.55,23941.0,975241
1779682920,2026-05-25T09:52:00,23943.7,23943.7,23928.15,23934.25,860328
1779682980,2026-05-25T09:53:00,23936.6,23939.85,23928.9,23928.95,805770
1779683040,2026-05-25T09:54:00,23930.3,23937.65,23928.85,23936.75,807677
1779683100,2026-05-25T09:55:00,23938.35,23939.1,23927.95,23930.8,680547
1779683160,2026-05-25T09:56:00,23932.9,23936.25,23930.95,23935.25,762896
1779683220,2026-05-25T09:57:00,23936.75,23939.0,23932.35,23937.75,1142046
1779683280,2026-05-25T09:58:00,23939.15,23940.5,23935.3,23937.05,1033784
1779683340,2026-05-25T09:59:00,23938.3,23939.0,23933.25,23937.15,616786
1779683400,2026-05-25T10:00:00,23938.75,23944.9,23934.75,23936.15,978871
1779683460,2026-05-25T10:01:00,23938.0,23941.8,23936.0,23939.45,959196
1779683520,2026-05-25T10:02:00,23940.4,23940.95,23933.45,23938.1,1015204
1779683580,2026-05-25T10:03:00,23939.3,23942.4,23936.0,23942.4,6806145
1779683640,2026-05-25T10:04:00,23944.0,23946.9,23942.5,23943.25,902967
1779683700,2026-05-25T10:05:00,23944.95,23946.6,23942.2,23945.1,823815
1779683760,2026-05-25T10:06:00,23947.15,23949.25,23943.3,23949.15,996914
1779683820,2026-05-25T10:07:00,23950.0,23950.0,23942.6,23944.15,947554
1779683880,2026-05-25T10:08:00,23945.65,23947.05,23940.8,23945.3,865297
1779683940,2026-05-25T10:09:00,23946.95,23952.8,23944.05,23952.3,770333
1779684000,2026-05-25T10:10:00,23954.35,23956.45,23950.5,23956.45,745579
1779684060,2026-05-25T10:11:00,23956.95,23959.85,23954.75,23955.4,883797
1779684120,2026-05-25T10:12:00,23956.25,23956.25,23945.2,23951.2,1167198
1779684180,2026-05-25T10:13:00,23951.95,23955.2,23951.15,23952.75,717451
1779684240,2026-05-25T10:14:00,23954.4,23954.4,23948.35,23952.05,610675
1779684300,2026-05-25T10:15:00,23953.85,23959.45,23952.6,23957.0,685506
1779684360,2026-05-25T10:16:00,23958.35,23958.45,23952.9,23956.85,903909
1779684420,2026-05-25T10:17:00,23957.6,23971.45,23955.45,23968.65,780669
1779684480,2026-05-25T10:18:00,23970.1,23976.5,23967.65,23976.5,649201
1779684540,2026-05-25T10:19:00,23977.05,23977.9,23970.25,23970.6,667195
1779684600,2026-05-25T10:20:00,23972.6,23973.1,23966.6,23967.6,648294
1779684660,2026-05-25T10:21:00,23968.35,23970.55,23965.55,23968.8,1061335
1779684720,2026-05-25T10:22:00,23969.95,23980.95,23968.05,23976.2,925251
1779684780,2026-05-25T10:23:00,23978.1,23978.15,23971.95,23972.35,1019535
1779684840,2026-05-25T10:24:00,23973.4,23973.4,23966.15,23966.75,774457
1779684900,2026-05-25T10:25:00,23967.3,23967.95,23960.15,23963.0,725684
1779684960,2026-05-25T10:26:00,23963.95,23965.3,23960.25,23961.95,637456
1779685020,2026-05-25T10:27:00,23963.45,23964.95,23955.65,23956.6,504953
1779685080,2026-05-25T10:28:00,23958.65,23959.85,23954.45,23958.8,434336
1779685140,2026-05-25T10:29:00,23961.4,23962.5,23956.8,23958.55,450777
1779685200,2026-05-25T10:30:00,23960.9,23966.75,23959.2,23965.9,563391
1779685260,2026-05-25T10:31:00,23967.6,23972.2,23963.45,23970.95,782229
1779685320,2026-05-25T10:32:00,23973.4,23973.5,23962.65,23968.05,747668
1779685380,2026-05-25T10:33:00,23969.75,23972.45,23968.15,23971.7,760913
1779685440,2026-05-25T10:34:00,23973.35,23973.75,23969.6,23973.35,786982
1779685500,2026-05-25T10:35:00,23975.05,23980.0,23972.75,23980.0,1193858
1779685560,2026-05-25T10:36:00,23980.65,23983.35,23978.85,23982.8,1051663
1779685620,2026-05-25T10:37:00,23985.1,23988.35,23981.95,23987.35,984844
1779685680,2026-05-25T10:38:00,23988.35,23989.25,23983.75,23985.0,626401
1779685740,2026-05-25T10:39:00,23986.0,23986.0,23983.05,23985.55,989710
1779685800,2026-05-25T10:40:00,23986.75,23992.4,23985.25,23988.05,933321
1779685860,2026-05-25T10:41:00,23989.35,23990.8,23982.9,23984.2,1120717
1779685920,2026-05-25T10:42:00,23984.45,23986.35,23980.9,23985.45,1247447
1779685980,2026-05-25T10:43:00,23986.0,23986.35,23982.7,23985.25,730840
1779686040,2026-05-25T10:44:00,23987.0,23988.75,23984.15,23987.4,751146
1779686100,2026-05-25T10:45:00,23989.0,23989.6,23984.85,23987.0,721388
1779686160,2026-05-25T10:46:00,23988.0,23995.9,23985.0,23994.2,1420795
1779686220,2026-05-25T10:47:00,23995.55,23995.55,23987.85,23988.85,916896
1779686280,2026-05-25T10:48:00,23990.55,23990.75,23987.1,23988.55,767262
1779686340,2026-05-25T10:49:00,23990.7,23990.7,23984.45,23987.25,955090
1779686400,2026-05-25T10:50:00,23988.5,23989.05,23983.1,23983.35,703379
1779686460,2026-05-25T10:51:00,23985.4,23985.4,23977.85,23979.85,1193150
1779686520,2026-05-25T10:52:00,23981.55,23984.3,23976.9,23981.95,714005
1779686580,2026-05-25T10:53:00,23983.3,23984.25,23979.75,23983.8,438533
1779686640,2026-05-25T10:54:00,23984.45,23990.15,23982.65,23988.85,780337
1779686700,2026-05-25T10:55:00,23989.65,23990.55,23980.5,23982.1,823521
1779686760,2026-05-25T10:56:00,23983.55,23985.7,23981.15,23983.85,1276061
1779686820,2026-05-25T10:57:00,23984.1,23984.1,23977.1,23977.7,652059
1779686880,2026-05-25T10:58:00,23979.15,23979.15,23972.65,23974.35,611748
1779686940,2026-05-25T10:59:00,23975.75,23979.7,23973.7,23978.15,742000
1779687000,2026-05-25T11:00:00,23979.55,23979.55,23975.4,23976.3,921022
1779687060,2026-05-25T11:01:00,23977.3,23978.6,23973.45,23976.05,772995
1779687120,2026-05-25T11:02:00,23977.35,23977.9,23970.65,23973.65,1383253
1779687180,2026-05-25T11:03:00,23974.95,23975.75,23972.0,23975.5,962900
1779687240,2026-05-25T11:04:00,23977.5,23982.85,23975.8,23982.85,883670
1779687300,2026-05-25T11:05:00,23983.75,23985.95,23979.55,23979.55,820241
1779687360,2026-05-25T11:06:00,23981.3,23981.3,23975.35,23980.45,1015828
1779687420,2026-05-25T11:07:00,23981.25,23982.8,23977.6,23978.05,725070
1779687480,2026-05-25T11:08:00,23979.2,23980.5,23976.25,23979.25,651120
1779687540,2026-05-25T11:09:00,23980.4,23982.0,23977.85,23979.8,649452
1779687600,2026-05-25T11:10:00,23980.4,23981.5,23975.1,23977.75,799054
1779687660,2026-05-25T11:11:00,23979.35,23981.6,23977.15,23979.95,701569
1779687720,2026-05-25T11:12:00,23981.75,23986.05,23979.25,23986.05,706635
1779687780,2026-05-25T11:13:00,23986.85,23989.9,23984.5,23988.4,745963
1779687840,2026-05-25T11:14:00,23989.15,23989.35,23983.4,23987.6,537582
1779687900,2026-05-25T11:15:00,23989.0,23989.0,23984.55,23987.25,683846
1779687960,2026-05-25T11:16:00,23988.05,23988.2,23984.65,23984.65,500770
1779688020,2026-05-25T11:17:00,23985.2,23985.2,23979.55,23981.2,592008
1779688080,2026-05-25T11:18:00,23981.65,23982.7,23977.05,23981.7,784678
1779688140,2026-05-25T11:19:00,23982.85,23982.85,23977.85,23979.3,630366
1779688200,2026-05-25T11:20:00,23980.55,23980.55,23975.85,23977.6,571079
1779688260,2026-05-25T11:21:00,23978.85,23979.05,23971.2,23974.65,1156111
1779688320,2026-05-25T11:22:00,23975.7,23975.7,23971.1,23974.45,623076
1779688380,2026-05-25T11:23:00,23976.0,23977.1,23973.85,23975.2,453853
1779688440,2026-05-25T11:24:00,23976.05,23979.7,23972.55,23979.5,625787
1779688500,2026-05-25T11:25:00,23980.95,23981.9,23974.9,23976.6,863796
1779688560,2026-05-25T11:26:00,23978.4,23978.85,23972.7,23974.3,715302
1779688620,2026-05-25T11:27:00,23975.3,23978.3,23974.3,23976.0,667963
1779688680,2026-05-25T11:28:00,23976.3,23978.8,23973.3,23978.4,527394
1779688740,2026-05-25T11:29:00,23979.45,23979.45,23975.1,23977.15,598180
1779688800,2026-05-25T11:30:00,23978.45,23978.45,23974.2,23975.45,516747
1779688860,2026-05-25T11:31:00,23976.05,23978.65,23971.8,23975.05,474729
1779688920,2026-05-25T11:32:00,23975.95,23975.95,23971.4,23971.85,707750
1779688980,2026-05-25T11:33:00,23972.8,23972.8,23962.9,23963.65,604716
1779689040,2026-05-25T11:34:00,23964.95,23968.85,23959.9,23962.4,934342
1779689100,2026-05-25T11:35:00,23961.45,23968.05,23960.55,23967.45,638688
1779689160,2026-05-25T11:36:00,23968.2,23973.55,23964.3,23971.8,573588
1779689220,2026-05-25T11:37:00,23973.1,23973.15,23969.4,23971.75,452678
1779689280,2026-05-25T11:38:00,23972.4,23973.7,23968.4,23971.85,821663
1779689340,2026-05-25T11:39:00,23973.95,23981.4,23971.6,23981.1,807597
1779689400,2026-05-25T11:40:00,23981.7,23989.35,23979.85,23989.35,476117
1779689460,2026-05-25T11:41:00,23990.45,23990.45,23985.55,23987.0,496670
1779689520,2026-05-25T11:42:00,23988.35,23988.35,23981.55,23984.75,498060
1779689580,2026-05-25T11:43:00,23985.4,23985.65,23981.35,23983.25,527261
1779689640,2026-05-25T11:44:00,23983.7,23983.7,23976.7,23980.95,445921
1779689700,2026-05-25T11:45:00,23982.15,23984.6,23979.8,23982.05,768621
1779689760,2026-05-25T11:46:00,23984.0,23985.4,23980.4,23981.25,647163
1779689820,2026-05-25T11:47:00,23981.95,23986.65,23978.15,23985.8,687781
1779689880,2026-05-25T11:48:00,23987.05,23987.05,23980.45,23982.5,582281
1779689940,2026-05-25T11:49:00,23984.25,23984.25,23978.75,23980.65,436119
1779690000,2026-05-25T11:50:00,23982.85,23985.1,23979.6,23984.1,597577
1779690060,2026-05-25T11:51:00,23984.45,23985.25,23981.5,23983.55,718439
1779690120,2026-05-25T11:52:00,23984.7,23987.8,23983.1,23986.0,711719
1779690180,2026-05-25T11:53:00,23987.85,23988.25,23983.85,23985.7,584068
1779690240,2026-05-25T11:54:00,23987.65,23990.1,23984.8,23987.7,638925
1779690300,2026-05-25T11:55:00,23989.9,23990.95,23987.0,23988.5,729694
1779690360,2026-05-25T11:56:00,23989.3,23989.3,23984.9,23988.2,556328
1779690420,2026-05-25T11:57:00,23989.2,23990.5,23986.7,23990.5,816614
1779690480,2026-05-25T11:58:00,23990.2,23991.25,23986.65,23990.8,1186822
1779690540,2026-05-25T11:59:00,23992.7,23992.7,23984.75,23986.6,770144
1779690600,2026-05-25T12:00:00,23988.15,23988.15,23974.75,23976.6,733105
1779690660,2026-05-25T12:01:00,23978.25,23978.25,23971.65,23973.3,842969
1779690720,2026-05-25T12:02:00,23974.55,23978.5,23971.05,23973.6,1083607
1779690780,2026-05-25T12:03:00,23975.15,23975.15,23964.5,23965.35,713390
1779690840,2026-05-25T12:04:00,23967.55,23971.65,23965.9,23969.8,948857
1779690900,2026-05-25T12:05:00,23971.75,23971.75,23966.1,23968.2,838465
1779690960,2026-05-25T12:06:00,23970.45,23975.05,23963.5,23973.15,621928
1779691020,2026-05-25T12:07:00,23975.25,23976.4,23970.75,23972.6,1440429
1779691080,2026-05-25T12:08:00,23974.5,23974.5,23960.1,23963.55,650593
1779691140,2026-05-25T12:09:00,23965.15,23966.6,23960.85,23963.05,684063
1779691200,2026-05-25T12:10:00,23964.5,23966.85,23961.65,23965.9,506900
1779691260,2026-05-25T12:11:00,23966.4,23971.15,23964.1,23969.05,718233
1779691320,2026-05-25T12:12:00,23970.75,23970.75,23967.6,23967.8,3209012
1779691380,2026-05-25T12:13:00,23969.2,23969.2,23962.8,23963.5,693254
1779691440,2026-05-25T12:14:00,23965.15,23965.15,23962.5,23963.9,814332
1779691500,2026-05-25T12:15:00,23965.75,23965.75,23959.85,23960.05,464095
1779691560,2026-05-25T12:16:00,23961.4,23961.4,23957.7,23959.9,767657
1779691620,2026-05-25T12:17:00,23961.35,23961.8,23958.6,23960.4,969089
1779691680,2026-05-25T12:18:00,23962.15,23966.55,23960.9,23965.3,655827
1779691740,2026-05-25T12:19:00,23966.75,23968.65,23965.2,23967.9,625150
1779691800,2026-05-25T12:20:00,23968.7,23968.7,23963.05,23965.95,497018
1779691860,2026-05-25T12:21:00,23966.55,23966.55,23958.95,23959.95,680979
1779691920,2026-05-25T12:22:00,23961.2,23962.95,23958.35,23961.7,884727
1779691980,2026-05-25T12:23:00,23963.3,23965.65,23961.7,23964.9,592239
1779692040,2026-05-25T12:24:00,23966.1,23966.1,23960.95,23961.55,716332
1779692100,2026-05-25T12:25:00,23963.4,23965.05,23960.65,23963.85,548896
1779692160,2026-05-25T12:26:00,23965.25,23968.25,23962.95,23962.95,774881
1779692220,2026-05-25T12:27:00,23965.4,23965.4,23961.1,23961.35,574365
1779692280,2026-05-25T12:28:00,23963.5,23963.5,23958.4,23960.95,644622
1779692340,2026-05-25T12:29:00,23961.8,23961.8,23955.9,23956.5,1030487
1779692400,2026-05-25T12:30:00,23957.85,23957.85,23952.9,23955.0,1080225
1779692460,2026-05-25T12:31:00,23956.65,23957.4,23952.6,23956.15,963143
1779692520,2026-05-25T12:32:00,23957.35,23957.9,23953.65,23955.05,1032065
1779692580,2026-05-25T12:33:00,23956.15,23958.7,23953.8,23956.75,641152
1779692640,2026-05-25T12:34:00,23958.55,23962.3,23956.75,23960.4,756852
1779692700,2026-05-25T12:35:00,23961.35,23966.65,23959.95,23962.6,778003
1779692760,2026-05-25T12:36:00,23963.9,23965.5,23961.1,23963.15,605646
1779692820,2026-05-25T12:37:00,23964.0,23966.25,23961.2,23965.25,517926
1779692880,2026-05-25T12:38:00,23967.05,23967.05,23962.0,23963.2,471318
1779692940,2026-05-25T12:39:00,23964.7,23965.8,23959.45,23960.35,703285
1779693000,2026-05-25T12:40:00,23960.8,23961.3,23955.4,23960.05,902567
1779693060,2026-05-25T12:41:00,23961.0,23961.0,23957.9,23959.85,413245
1779693120,2026-05-25T12:42:00,23960.65,23964.35,23959.65,23964.15,555083
1779693180,2026-05-25T12:43:00,23965.1,23967.65,23962.85,23965.0,574537
1779693240,2026-05-25T12:44:00,23966.35,23966.35,23957.9,23958.55,535139
1779693300,2026-05-25T12:45:00,23960.05,23960.4,23955.2,23958.3,509607
1779693360,2026-05-25T12:46:00,23960.6,23960.6,23950.9,23952.5,664978
1779693420,2026-05-25T12:47:00,23953.3,23953.3,23947.95,23951.65,476633
1779693480,2026-05-25T12:48:00,23954.1,23954.1,23938.15,23938.15,577177
1779693540,2026-05-25T12:49:00,23939.9,23945.05,23936.85,23941.85,532775
1779693600,2026-05-25T12:50:00,23943.9,23943.9,23935.6,23941.65,916446
1779693660,2026-05-25T12:51:00,23943.25,23945.75,23940.9,23942.3,511751
1779693720,2026-05-25T12:52:00,23943.95,23948.6,23941.55,23948.05,479012
1779693780,2026-05-25T12:53:00,23949.3,23949.65,23946.25,23947.15,480267
1779693840,2026-05-25T12:54:00,23947.95,23953.95,23945.05,23952.6,801522
1779693900,2026-05-25T12:55:00,23952.7,23952.7,23943.1,23945.2,799116
1779693960,2026-05-25T12:56:00,23946.7,23949.75,23944.65,23947.8,651573
1779694020,2026-05-25T12:57:00,23949.5,23953.5,23948.2,23952.75,567768
1779694080,2026-05-25T12:58:00,23954.45,23954.5,23950.7,23953.15,804155
1779694140,2026-05-25T12:59:00,23954.85,23954.85,23950.7,23954.4,416957
1779694200,2026-05-25T13:00:00,23955.55,23955.75,23948.2,23952.0,1040238
1779694260,2026-05-25T13:01:00,23953.9,23953.9,23948.65,23951.95,830770
1779694320,2026-05-25T13:02:00,23953.0,23960.55,23947.3,23960.55,718067
1779694380,2026-05-25T13:03:00,23961.25,23977.75,23961.25,23975.0,1416243
1779694440,2026-05-25T13:04:00,23977.7,23977.7,23969.5,23971.75,558799
1779694500,2026-05-25T13:05:00,23972.7,23974.2,23969.8,23971.35,637909
1779694560,2026-05-25T13:06:00,23972.75,23977.7,23970.15,23975.95,529240
1779694620,2026-05-25T13:07:00,23977.85,23982.3,23975.8,23978.05,598607
1779694680,2026-05-25T13:08:00,23979.65,23979.65,23974.25,23977.65,432664
1779694740,2026-05-25T13:09:00,23979.3,23979.3,23974.0,23978.15,867233
1779694800,2026-05-25T13:10:00,23979.75,23983.55,23976.75,23981.85,803290
1779694860,2026-05-25T13:11:00,23983.6,23983.6,23977.3,23980.45,668862
1779694920,2026-05-25T13:12:00,23981.75,23981.75,23977.6,23979.45,566588
1779694980,2026-05-25T13:13:00,23980.95,23980.95,23977.0,23980.0,531562
1779695040,2026-05-25T13:14:00,23981.3,23981.3,23976.45,23977.2,702061
1779695100,2026-05-25T13:15:00,23979.1,23979.2,23975.15,23977.65,534178
1779695160,2026-05-25T13:16:00,23979.25,23981.25,23975.45,23980.3,612132
1779695220,2026-05-25T13:17:00,23981.65,23981.65,23976.7,23977.75,789284
1779695280,2026-05-25T13:18:00,23978.6,23980.2,23975.45,23979.2,587383
1779695340,2026-05-25T13:19:00,23980.65,23983.25,23978.2,23982.6,785177
1779695400,2026-05-25T13:20:00,23983.35,23983.65,23980.3,23982.15,1027972
1779695460,2026-05-25T13:21:00,23983.9,23983.9,23979.15,23979.2,948339
1779695520,2026-05-25T13:22:00,23981.15,23983.3,23977.2,23981.15,876974
1779695580,2026-05-25T13:23:00,23983.05,23983.2,23979.7,23981.4,798486
1779695640,2026-05-25T13:24:00,23983.25,23983.25,23980.25,23981.55,752384
1779695700,2026-05-25T13:25:00,23983.0,23983.0,23980.45,23981.95,757286
1779695760,2026-05-25T13:26:00,23984.05,23984.05,23980.55,23981.95,922424
1779695820,2026-05-25T13:27:00,23983.2,23985.0,23979.9,23982.55,578349
1779695880,2026-05-25T13:28:00,23984.85,23986.25,23982.95,23985.0,534053
1779695940,2026-05-25T13:29:00,23985.5,23985.85,23982.5,23984.1,614646
1779696000,2026-05-25T13:30:00,23986.55,23986.8,23980.5,23981.5,619862
1779696060,2026-05-25T13:31:00,23984.15,23988.9,23982.05,23987.65,807563
1779696120,2026-05-25T13:32:00,23989.2,23990.5,23985.15,23985.75,721231
1779696180,2026-05-25T13:33:00,23987.05,23987.35,23982.45,23986.45,986363
1779696240,2026-05-25T13:34:00,23988.35,23991.0,23985.9,23988.05,540719
1779696300,2026-05-25T13:35:00,23990.1,23990.1,23983.55,23984.95,512067
1779696360,2026-05-25T13:36:00,23986.6,23986.6,23980.15,23980.55,570525
1779696420,2026-05-25T13:37:00,23983.4,23983.4,23978.65,23980.2,465704
1779696480,2026-05-25T13:38:00,23981.75,23982.6,23978.8,23979.4,578706
1779696540,2026-05-25T13:39:00,23981.45,23981.45,23977.0,23980.6,632664
1779696600,2026-05-25T13:40:00,23981.55,23981.55,23976.65,23977.35,523720
1779696660,2026-05-25T13:41:00,23978.9,23978.9,23975.4,23975.8,635869
1779696720,2026-05-25T13:42:00,23976.9,23976.9,23966.4,23967.9,594460
1779696780,2026-05-25T13:43:00,23968.7,23968.7,23964.25,23967.95,522053
1779696840,2026-05-25T13:44:00,23969.75,23969.75,23963.8,23963.95,438136
1779696900,2026-05-25T13:45:00,23965.65,23968.8,23962.2,23967.75,631645
1779696960,2026-05-25T13:46:00,23969.95,23972.45,23968.0,23972.05,467542
1779697020,2026-05-25T13:47:00,23973.0,23974.75,23969.4,23971.6,427831
1779697080,2026-05-25T13:48:00,23974.2,23975.25,23971.0,23973.65,454730
1779697140,2026-05-25T13:49:00,23975.2,23975.2,23970.8,23971.35,360237
1779697200,2026-05-25T13:50:00,23973.25,23975.0,23971.25,23973.15,474699
1779697260,2026-05-25T13:51:00,23974.55,23976.3,23971.0,23975.65,535766
1779697320,2026-05-25T13:52:00,23977.4,23977.4,23972.8,23974.55,698593
1779697380,2026-05-25T13:53:00,23975.7,23975.7,23970.6,23971.55,723282
1779697440,2026-05-25T13:54:00,23973.65,23973.7,23970.95,23972.1,394502
1779697500,2026-05-25T13:55:00,23973.65,23974.55,23968.0,23968.7,467221
1779697560,2026-05-25T13:56:00,23970.1,23970.1,23965.25,23966.5,417608
1779697620,2026-05-25T13:57:00,23968.0,23969.65,23965.0,23968.25,501856
1779697680,2026-05-25T13:58:00,23969.75,23969.75,23964.35,23966.45,461533
1779697740,2026-05-25T13:59:00,23967.95,23968.1,23963.7,23965.35,900484
1779697800,2026-05-25T14:00:00,23966.95,23966.95,23962.5,23964.5,450420
1779697860,2026-05-25T14:01:00,23967.1,23967.2,23963.8,23965.6,435433
1779697920,2026-05-25T14:02:00,23966.95,23971.6,23965.4,23970.8,408680
1779697980,2026-05-25T14:03:00,23972.8,23975.1,23970.8,23975.0,871215
1779698040,2026-05-25T14:04:00,23976.4,23978.55,23974.45,23976.7,696004
1779698100,2026-05-25T14:05:00,23977.75,23977.75,23974.1,23975.55,306764
1779698160,2026-05-25T14:06:00,23976.6,23976.7,23968.95,23969.1,634164
1779698220,2026-05-25T14:07:00,23970.3,23970.5,23963.05,23963.8,827542
1779698280,2026-05-25T14:08:00,23965.35,23965.35,23961.65,23964.1,576761
1779698340,2026-05-25T14:09:00,23965.8,23965.8,23960.9,23962.65,352028
1779698400,2026-05-25T14:10:00,23964.7,23969.65,23961.05,23967.25,605545
1779698460,2026-05-25T14:11:00,23969.45,23971.3,23967.05,23970.35,711698
1779698520,2026-05-25T14:12:00,23972.1,23972.35,23966.35,23967.55,442018
1779698580,2026-05-25T14:13:00,23969.1,23969.75,23961.6,23961.95,456448
1779698640,2026-05-25T14:14:00,23963.4,23963.6,23956.7,23958.55,584433
1779698700,2026-05-25T14:15:00,23959.95,23964.2,23957.3,23963.9,719904
1779698760,2026-05-25T14:16:00,23965.15,23965.15,23961.35,23961.6,582668
1779698820,2026-05-25T14:17:00,23963.45,23965.55,23961.0,23963.25,709865
1779698880,2026-05-25T14:18:00,23965.0,23965.0,23958.1,23958.45,941259
1779698940,2026-05-25T14:19:00,23959.8,23960.75,23955.25,23958.0,848451
1779699000,2026-05-25T14:20:00,23960.65,23962.8,23959.0,23961.1,589212
1779699060,2026-05-25T14:21:00,23963.45,23966.4,23962.5,23964.15,671770
1779699120,2026-05-25T14:22:00,23966.2,23967.8,23962.25,23965.15,671967
1779699180,2026-05-25T14:23:00,23967.0,23967.0,23960.85,23963.55,2171639
1779699240,2026-05-25T14:24:00,23965.1,23967.2,23963.0,23965.45,791631
1779699300,2026-05-25T14:25:00,23967.3,23971.35,23964.35,23970.95,870974
1779699360,2026-05-25T14:26:00,23972.05,23976.7,23969.75,23976.05,713010
1779699420,2026-05-25T14:27:00,23978.35,23982.05,23975.2,23978.3,771064
1779699480,2026-05-25T14:28:00,23979.7,23982.6,23977.95,23980.4,569537
1779699540,2026-05-25T14:29:00,23982.85,23982.85,23977.3,23978.15,508077
1779699600,2026-05-25T14:30:00,23979.0,23979.75,23976.7,23977.95,614243
1779699660,2026-05-25T14:31:00,23979.35,23981.45,23976.45,23980.9,658399
1779699720,2026-05-25T14:32:00,23981.75,23984.2,23978.7,23982.0,524622
1779699780,2026-05-25T14:33:00,23983.55,23985.2,23981.25,23984.55,600829
1779699840,2026-05-25T14:34:00,23985.45,23988.2,23983.15,23987.15,531947
1779699900,2026-05-25T14:35:00,23989.3,23989.3,23983.95,23986.05,647369
1779699960,2026-05-25T14:36:00,23987.6,23988.3,23984.15,23986.3,861713
1779700020,2026-05-25T14:37:00,23988.5,23993.15,23985.55,23989.8,649719
1779700080,2026-05-25T14:38:00,23991.1,23996.85,23986.8,23995.55,796436
1779700140,2026-05-25T14:39:00,23997.5,24001.55,23994.65,23996.0,1041444
1779700200,2026-05-25T14:40:00,23997.35,23998.6,23993.95,23995.4,674513
1779700260,2026-05-25T14:41:00,23996.7,23996.7,23993.35,23994.6,583060
1779700320,2026-05-25T14:42:00,23996.9,23996.9,23992.8,23994.05,595944
1779700380,2026-05-25T14:43:00,23995.65,23998.5,23992.1,23997.55,695873
1779700440,2026-05-25T14:44:00,23998.3,24009.3,23996.65,24007.8,1052839
1779700500,2026-05-25T14:45:00,24009.55,24015.8,24007.4,24013.95,990873
1779700560,2026-05-25T14:46:00,24015.0,24025.65,24012.95,24023.6,1080237
1779700620,2026-05-25T14:47:00,24024.8,24029.65,24022.65,24027.65,1075940
1779700680,2026-05-25T14:48:00,24028.7,24028.7,24019.45,24019.5,1050897
1779700740,2026-05-25T14:49:00,24022.95,24022.95,24018.25,24019.15,763319
1779700800,2026-05-25T14:50:00,24020.85,24021.95,24018.7,24020.25,730762
1779700860,2026-05-25T14:51:00,24021.9,24024.0,24020.0,24021.6,886701
1779700920,2026-05-25T14:52:00,24024.2,24027.0,24019.65,24026.65,2399968
1779700980,2026-05-25T14:53:00,24027.0,24030.45,24024.2,24024.8,683383
1779701040,2026-05-25T14:54:00,24026.5,24029.55,24023.8,24029.5,650897
1779701100,2026-05-25T14:55:00,24030.15,24031.8,24027.1,24029.55,809651
1779701160,2026-05-25T14:56:00,24030.0,24031.05,24027.75,24028.7,736526
1779701220,2026-05-25T14:57:00,24030.05,24035.7,24027.95,24035.35,1104381
1779701280,2026-05-25T14:58:00,24034.95,24036.8,24031.75,24032.95,1037536
1779701340,2026-05-25T14:59:00,24034.55,24035.75,24030.65,24035.0,1022425
1779701400,2026-05-25T15:00:00,24035.75,24035.75,24025.25,24026.7,1099164
1779701460,2026-05-25T15:01:00,24027.75,24031.8,24025.95,24028.75,1264835
1779701520,2026-05-25T15:02:00,24030.1,24035.85,24026.25,24035.3,1279440
1779701580,2026-05-25T15:03:00,24036.05,24038.1,24032.6,24034.1,1150321
1779701640,2026-05-25T15:04:00,24034.35,24035.2,24030.85,24032.55,873914
1779701700,2026-05-25T15:05:00,24033.25,24034.25,24023.85,24024.65,1363704
1779701760,2026-05-25T15:06:00,24025.75,24027.6,24021.9,24024.5,963489
1779701820,2026-05-25T15:07:00,24025.05,24029.6,24024.8,24027.0,1177258
1779701880,2026-05-25T15:08:00,24028.75,24029.5,24021.5,24021.9,1154746
1779701940,2026-05-25T15:09:00,24023.35,24026.7,24022.45,24026.0,979544
1779702000,2026-05-25T15:10:00,24026.0,24029.25,24024.25,24027.2,1053899
1779702060,2026-05-25T15:11:00,24027.85,24032.55,24026.6,24031.85,1242529
1779702120,2026-05-25T15:12:00,24031.25,24033.65,24030.05,24032.55,1347119
1779702180,2026-05-25T15:13:00,24033.8,24037.35,24032.1,24036.2,1595506
1779702240,2026-05-25T15:14:00,24035.9,24037.4,24032.95,24035.25,1640815
1779702300,2026-05-25T15:15:00,24035.85,24037.15,24028.35,24029.85,1918228
1779702360,2026-05-25T15:16:00,24030.35,24032.65,24027.3,24029.8,1485294
1779702420,2026-05-25T15:17:00,24030.8,24031.1,24025.9,24028.0,1003849
1779702480,2026-05-25T15:18:00,24028.05,24028.7,24024.2,24027.75,1573394
1779702540,2026-05-25T15:19:00,24027.2,24029.55,24023.45,24025.55,1279351
1779702600,2026-05-25T15:20:00,24025.2,24027.0,24021.1,24024.2,1802003
1779702660,2026-05-25T15:21:00,24024.85,24028.05,24021.25,24024.4,1883933
1779702720,2026-05-25T15:22:00,24024.75,24030.45,24022.85,24029.5,1626979
1779702780,2026-05-25T15:23:00,24029.8,24033.9,24027.75,24030.65,1715757
1779702840,2026-05-25T15:24:00,24031.6,24035.15,24028.75,24032.45,1707249
1779702900,2026-05-25T15:25:00,24031.8,24035.65,24026.1,24034.3,2216417
1779702960,2026-05-25T15:26:00,24034.4,24044.2,24031.65,24041.15,1884028
1779703020,2026-05-25T15:27:00,24042.9,24047.85,24040.9,24045.15,1925205
1779703080,2026-05-25T15:28:00,24044.95,24051.85,24044.05,24050.05,1780256
1779703140,2026-05-25T15:29:00,24051.0,24054.45,24044.3,24049.9,2066958
1779767100,2026-05-26T09:15:00,24004.1,24020.75,23966.0,23970.9,5600884
1779767160,2026-05-26T09:16:00,23968.7,23988.0,23965.7,23984.55,3324059
1779767220,2026-05-26T09:17:00,23984.05,23995.25,23981.9,23990.8,2652053
1779767280,2026-05-26T09:18:00,23991.2,23995.3,23983.8,23995.3,1954553
1779767340,2026-05-26T09:19:00,23994.35,24012.55,23993.95,24012.55,2142904
1779767400,2026-05-26T09:20:00,24011.55,24023.9,24011.55,24012.4,1528331
1779767460,2026-05-26T09:21:00,24014.05,24021.05,24011.4,24019.35,1577445
1779767520,2026-05-26T09:22:00,24019.95,24026.0,24018.7,24020.65,2018023
1779767580,2026-05-26T09:23:00,24020.65,24024.75,24011.95,24023.75,1699957
1779767640,2026-05-26T09:24:00,24022.6,24026.45,24019.0,24020.6,1465976
1779767700,2026-05-26T09:25:00,24020.95,24022.65,24013.75,24016.75,1531420
1779767760,2026-05-26T09:26:00,24015.7,24026.95,24013.85,24023.65,1307866
1779767820,2026-05-26T09:27:00,24022.9,24029.65,24018.5,24028.4,1182992
1779767880,2026-05-26T09:28:00,24029.6,24035.85,24029.05,24030.4,1665234
1779767940,2026-05-26T09:29:00,24030.25,24041.25,24029.6,24034.1,1814171
1779768000,2026-05-26T09:30:00,24034.4,24039.25,24029.8,24031.65,1355439
1779768060,2026-05-26T09:31:00,24031.45,24039.2,24031.35,24036.0,1539856
1779768120,2026-05-26T09:32:00,24036.15,24041.55,24034.3,24037.2,1317775
1779768180,2026-05-26T09:33:00,24037.5,24041.15,24032.9,24038.2,1742848
1779768240,2026-05-26T09:34:00,24039.55,24040.4,24030.2,24030.2,1522782
1779768300,2026-05-26T09:35:00,24030.3,24032.2,24022.35,24022.5,1246972
1779768360,2026-05-26T09:36:00,24023.15,24036.95,24018.95,24035.4,1183774
1779768420,2026-05-26T09:37:00,24036.0,24060.55,24035.9,24059.15,1581971
1779768480,2026-05-26T09:38:00,24060.15,24069.65,24060.15,24066.5,1172315
1779768540,2026-05-26T09:39:00,24065.75,24072.65,24065.75,24069.4,1370575
1779768600,2026-05-26T09:40:00,24069.2,24077.2,24068.55,24069.6,1116821
1779768660,2026-05-26T09:41:00,24069.75,24072.15,24063.2,24063.2,762298
1779768720,2026-05-26T09:42:00,24062.1,24064.55,24055.4,24056.95,1111908
1779768780,2026-05-26T09:43:00,24056.45,24060.3,24052.95,24056.9,815442
1779768840,2026-05-26T09:44:00,24056.75,24065.15,24055.15,24062.3,702794
1779768900,2026-05-26T09:45:00,24062.4,24065.7,24058.15,24059.45,876804
1779768960,2026-05-26T09:46:00,24058.7,24061.2,24056.0,24056.6,730592
1779769020,2026-05-26T09:47:00,24056.75,24059.65,24053.75,24055.75,657784
1779769080,2026-05-26T09:48:00,24055.9,24061.45,24050.95,24052.15,809618
1779769140,2026-05-26T09:49:00,24052.25,24056.5,24050.6,24051.75,745579
1779769200,2026-05-26T09:50:00,24051.8,24057.5,24050.35,24054.9,627474
1779769260,2026-05-26T09:51:00,24055.2,24057.0,24049.15,24049.35,886698
1779769320,2026-05-26T09:52:00,24049.35,24051.25,24044.4,24047.55,862155
1779769380,2026-05-26T09:53:00,24048.15,24052.1,24045.3,24046.45,665410
1779769440,2026-05-26T09:54:00,24046.4,24049.5,24035.9,24035.9,697497
1779769500,2026-05-26T09:55:00,24034.2,24037.3,24031.55,24036.4,816046
1779769560,2026-05-26T09:56:00,24035.5,24037.55,24028.75,24029.55,932416
1779769620,2026-05-26T09:57:00,24029.55,24032.3,24025.05,24026.75,825710
1779769680,2026-05-26T09:58:00,24026.3,24026.8,24014.55,24015.35,1471664
1779769740,2026-05-26T09:59:00,24015.0,24030.45,24015.0,24028.75,1323282
1779769800,2026-05-26T10:00:00,24029.75,24030.15,24022.9,24024.35,1017377
1779769860,2026-05-26T10:01:00,24024.45,24031.35,24022.2,24028.3,1052051
1779769920,2026-05-26T10:02:00,24030.8,24031.65,24023.9,24023.9,917311
1779769980,2026-05-26T10:03:00,24023.85,24038.15,24021.2,24038.15,848866
1779770040,2026-05-26T10:04:00,24038.35,24054.4,24038.25,24048.75,877352
1779770100,2026-05-26T10:05:00,24049.25,24050.0,24040.05,24044.25,804242
1779770160,2026-05-26T10:06:00,24044.45,24045.7,24032.9,24032.95,736125
1779770220,2026-05-26T10:07:00,24033.15,24040.3,24033.1,24037.1,904724
1779770280,2026-05-26T10:08:00,24037.3,24047.8,24036.8,24046.25,1028709
1779770340,2026-05-26T10:09:00,24047.15,24051.65,24045.3,24048.3,793905
1779770400,2026-05-26T10:10:00,24048.1,24059.1,24048.1,24059.1,1146363
1779770460,2026-05-26T10:11:00,24058.95,24060.15,24054.35,24056.7,769057
1779770520,2026-05-26T10:12:00,24055.5,24060.9,24054.85,24055.8,1183823
1779770580,2026-05-26T10:13:00,24056.5,24061.8,24056.1,24057.35,998603
1779770640,2026-05-26T10:14:00,24057.95,24064.1,24056.05,24063.0,944319
1779770700,2026-05-26T10:15:00,24063.05,24065.15,24058.95,24063.1,1083917
1779770760,2026-05-26T10:16:00,24063.55,24065.7,24059.25,24060.15,954936
1779770820,2026-05-26T10:17:00,24060.4,24062.5,24052.2,24052.9,779780
1779770880,2026-05-26T10:18:00,24053.1,24060.8,24050.8,24058.4,1186951
1779770940,2026-05-26T10:19:00,24058.2,24059.25,24050.45,24052.95,895553
1779771000,2026-05-26T10:20:00,24052.9,24054.45,24045.2,24051.0,1464124
1779771060,2026-05-26T10:21:00,24051.15,24054.05,24046.35,24052.25,798695
1779771120,2026-05-26T10:22:00,24052.05,24060.05,24052.05,24059.0,808991
1779771180,2026-05-26T10:23:00,24059.8,24068.7,24057.45,24067.9,1407519
1779771240,2026-05-26T10:24:00,24067.9,24072.65,24066.85,24071.8,970730
1779771300,2026-05-26T10:25:00,24072.0,24074.05,24069.45,24071.55,1154805
1779771360,2026-05-26T10:26:00,24072.25,24076.05,24070.4,24072.45,1043534
1779771420,2026-05-26T10:27:00,24072.3,24076.15,24070.35,24073.2,1018004
1779771480,2026-05-26T10:28:00,24073.05,24075.75,24069.55,24071.25,616761
1779771540,2026-05-26T10:29:00,24071.25,24075.35,24069.7,24071.4,801037
1779771600,2026-05-26T10:30:00,24070.0,24075.5,24069.15,24070.35,769480
1779771660,2026-05-26T10:31:00,24070.5,24073.15,24068.0,24068.8,879236
1779771720,2026-05-26T10:32:00,24068.75,24074.1,24068.75,24070.05,1059389
1779771780,2026-05-26T10:33:00,24069.5,24073.8,24066.85,24071.6,647119
1779771840,2026-05-26T10:34:00,24071.85,24079.25,24070.95,24078.3,552316
1779771900,2026-05-26T10:35:00,24078.65,24085.95,24077.25,24081.95,814164
1779771960,2026-05-26T10:36:00,24083.7,24088.1,24082.05,24087.1,615253
1779772020,2026-05-26T10:37:00,24086.8,24089.8,24081.75,24082.15,642587
1779772080,2026-05-26T10:38:00,24082.3,24085.8,24081.15,24082.4,697116
1779772140,2026-05-26T10:39:00,24082.3,24085.95,24080.25,24085.0,607619
1779772200,2026-05-26T10:40:00,24084.85,24086.05,24082.4,24084.15,782683
1779772260,2026-05-26T10:41:00,24083.85,24086.0,24081.05,24081.9,698969
1779772320,2026-05-26T10:42:00,24082.05,24085.9,24080.75,24082.55,630724
1779772380,2026-05-26T10:43:00,24082.45,24083.95,24076.3,24076.75,702849
1779772440,2026-05-26T10:44:00,24077.0,24078.15,24071.55,24073.15,761589
1779772500,2026-05-26T10:45:00,24073.95,24076.65,24071.55,24073.55,625531
1779772560,2026-05-26T10:46:00,24073.1,24075.8,24067.65,24070.2,539715
1779772620,2026-05-26T10:47:00,24070.4,24073.85,24069.25,24071.3,401099
1779772680,2026-05-26T10:48:00,24070.95,24072.85,24068.6,24071.1,427952
1779772740,2026-05-26T10:49:00,24071.0,24072.2,24068.55,24070.15,389015
1779772800,2026-05-26T10:50:00,24070.0,24072.3,24065.3,24066.85,587971
1779772860,2026-05-26T10:51:00,24066.55,24069.65,24065.55,24068.3,575173
1779772920,2026-05-26T10:52:00,24068.7,24071.25,24066.9,24070.5,452831
1779772980,2026-05-26T10:53:00,24070.5,24079.25,24070.4,24078.2,1034352
1779773040,2026-05-26T10:54:00,24078.65,24082.65,24077.7,24078.1,823301
1779773100,2026-05-26T10:55:00,24077.45,24079.5,24071.35,24075.25,781117
1779773160,2026-05-26T10:56:00,24074.9,24081.4,24072.95,24075.45,963373
1779773220,2026-05-26T10:57:00,24075.6,24077.55,24072.3,24075.35,594340
1779773280,2026-05-26T10:58:00,24075.7,24080.95,24073.75,24078.0,559462
1779773340,2026-05-26T10:59:00,24077.85,24080.5,24071.85,24071.85,460410
1779773400,2026-05-26T11:00:00,24070.7,24078.55,24070.7,24077.05,790930
1779773460,2026-05-26T11:01:00,24076.95,24078.7,24071.6,24078.35,719050
1779773520,2026-05-26T11:02:00,24078.65,24082.65,24076.95,24078.5,803879
1779773580,2026-05-26T11:03:00,24078.15,24081.55,24076.65,24077.1,737304
1779773640,2026-05-26T11:04:00,24078.0,24081.0,24074.15,24075.75,735270
1779773700,2026-05-26T11:05:00,24075.35,24077.7,24074.0,24075.3,580339
1779773760,2026-05-26T11:06:00,24075.55,24077.2,24066.35,24066.7,862318
1779773820,2026-05-26T11:07:00,24065.45,24072.35,24065.45,24070.8,677094
1779773880,2026-05-26T11:08:00,24070.7,24076.1,24068.95,24075.15,935788
1779773940,2026-05-26T11:09:00,24075.1,24076.65,24072.85,24074.95,509865
1779774000,2026-05-26T11:10:00,24074.8,24078.85,24071.0,24071.0,582087
1779774060,2026-05-26T11:11:00,24071.05,24077.15,24070.75,24072.85,609365
1779774120,2026-05-26T11:12:00,24072.85,24076.15,24072.0,24075.5,461087
1779774180,2026-05-26T11:13:00,24075.25,24077.1,24070.0,24070.65,524637
1779774240,2026-05-26T11:14:00,24070.95,24073.0,24067.45,24069.3,600765
1779774300,2026-05-26T11:15:00,24068.85,24070.35,24064.35,24066.6,1602936
1779774360,2026-05-26T11:16:00,24066.5,24068.9,24065.15,24066.2,659875
1779774420,2026-05-26T11:17:00,24066.75,24069.7,24061.65,24061.95,739959
1779774480,2026-05-26T11:18:00,24061.65,24063.6,24055.05,24061.7,638145
1779774540,2026-05-26T11:19:00,24062.0,24069.6,24061.65,24067.8,837480
1779774600,2026-05-26T11:20:00,24068.0,24070.4,24066.4,24066.6,695887
1779774660,2026-05-26T11:21:00,24066.7,24070.75,24064.15,24064.15,665959
1779774720,2026-05-26T11:22:00,24064.35,24066.5,24062.25,24062.85,691952
1779774780,2026-05-26T11:23:00,24063.0,24065.7,24059.95,24061.35,815138
1779774840,2026-05-26T11:24:00,24061.3,24063.5,24048.9,24050.6,962160
1779774900,2026-05-26T11:25:00,24050.7,24056.2,24049.85,24051.4,776279
1779774960,2026-05-26T11:26:00,24051.35,24060.65,24051.25,24059.3,563187
1779775020,2026-05-26T11:27:00,24059.75,24061.2,24051.55,24052.0,501434
1779775080,2026-05-26T11:28:00,24052.95,24056.15,24051.4,24054.75,524755
1779775140,2026-05-26T11:29:00,24054.35,24057.1,24044.8,24044.8,542475
1779775200,2026-05-26T11:30:00,24044.95,24047.65,24026.2,24028.45,877931
1779775260,2026-05-26T11:31:00,24027.65,24041.45,24027.65,24037.95,669349
1779775320,2026-05-26T11:32:00,24037.95,24044.4,24037.2,24043.35,494094
1779775380,2026-05-26T11:33:00,24042.2,24046.3,24038.5,24042.3,494321
1779775440,2026-05-26T11:34:00,24042.2,24049.35,24042.2,24047.35,593605
1779775500,2026-05-26T11:35:00,24047.45,24055.0,24047.45,24051.25,462157
1779775560,2026-05-26T11:36:00,24051.25,24059.4,24051.25,24057.7,592862
1779775620,2026-05-26T11:37:00,24057.85,24066.65,24057.7,24057.95,601796
1779775680,2026-05-26T11:38:00,24058.0,24069.05,24057.3,24065.55,1094142
1779775740,2026-05-26T11:39:00,24065.0,24070.85,24064.2,24069.95,677676
1779775800,2026-05-26T11:40:00,24070.15,24071.9,24065.1,24067.2,644364
1779775860,2026-05-26T11:41:00,24066.5,24069.5,24062.85,24065.75,484714
1779775920,2026-05-26T11:42:00,24065.8,24067.1,24062.5,24066.0,699548
1779775980,2026-05-26T11:43:00,24064.9,24066.85,24061.0,24062.6,605465
1779776040,2026-05-26T11:44:00,24062.55,24064.75,24060.45,24063.15,522629
1779776100,2026-05-26T11:45:00,24062.35,24066.95,24057.5,24058.1,517412
1779776160,2026-05-26T11:46:00,24058.05,24060.55,24054.35,24055.6,495426
1779776220,2026-05-26T11:47:00,24055.2,24061.15,24055.2,24057.9,621511
1779776280,2026-05-26T11:48:00,24057.9,24061.6,24056.5,24060.1,703951
1779776340,2026-05-26T11:49:00,24059.1,24061.3,24052.25,24057.95,914052
1779776400,2026-05-26T11:50:00,24058.05,24060.9,24054.7,24055.65,419001
1779776460,2026-05-26T11:51:00,24056.45,24060.7,24054.35,24056.15,759499
1779776520,2026-05-26T11:52:00,24056.15,24058.2,24052.0,24053.2,465754
1779776580,2026-05-26T11:53:00,24053.15,24057.9,24051.9,24056.85,627081
1779776640,2026-05-26T11:54:00,24057.0,24058.5,24052.85,24055.4,630603
1779776700,2026-05-26T11:55:00,24055.95,24057.45,24052.95,24055.4,623520
1779776760,2026-05-26T11:56:00,24055.9,24057.25,24051.45,24053.9,929459
1779776820,2026-05-26T11:57:00,24053.5,24058.15,24052.65,24056.05,568857
1779776880,2026-05-26T11:58:00,24056.35,24061.55,24033.4,24034.0,1303191
1779776940,2026-05-26T11:59:00,24034.5,24043.45,24032.6,24039.95,687951
1779777000,2026-05-26T12:00:00,24040.2,24043.1,24032.9,24032.9,802410
1779777060,2026-05-26T12:01:00,24033.15,24038.0,24028.1,24028.95,948755
1779777120,2026-05-26T12:02:00,24027.8,24032.1,24022.05,24022.1,662115
1779777180,2026-05-26T12:03:00,24022.4,24025.8,24018.5,24025.8,1325015
1779777240,2026-05-26T12:04:00,24026.4,24037.35,24026.3,24037.0,1024447
1779777300,2026-05-26T12:05:00,24037.15,24039.4,24030.2,24031.5,920840
1779777360,2026-05-26T12:06:00,24031.75,24034.25,24029.25,24033.5,519224
1779777420,2026-05-26T12:07:00,24032.85,24043.2,24031.75,24042.65,610509
1779777480,2026-05-26T12:08:00,24042.8,24043.65,24032.4,24033.85,583288
1779777540,2026-05-26T12:09:00,24034.0,24034.85,24028.05,24029.0,1086213
1779777600,2026-05-26T12:10:00,24028.95,24033.85,24028.1,24028.8,679176
1779777660,2026-05-26T12:11:00,24029.6,24031.95,24025.4,24025.5,687138
1779777720,2026-05-26T12:12:00,24025.55,24029.55,24023.9,24024.05,743003
1779777780,2026-05-26T12:13:00,24024.35,24026.0,24019.8,24022.2,805673
1779777840,2026-05-26T12:14:00,24022.3,24026.3,24021.2,24022.1,2959416
1779777900,2026-05-26T12:15:00,24022.3,24025.65,24019.0,24020.75,1092087
1779777960,2026-05-26T12:16:00,24020.7,24029.85,24019.95,24029.1,893334
1779778020,2026-05-26T12:17:00,24028.7,24031.55,24025.2,24028.5,703064
1779778080,2026-05-26T12:18:00,24028.55,24037.1,24026.95,24033.2,809825
1779778140,2026-05-26T12:19:00,24034.0,24037.45,24032.2,24033.9,671158
1779778200,2026-05-26T12:20:00,24033.95,24040.8,24032.85,24037.9,563732
1779778260,2026-05-26T12:21:00,24037.9,24039.8,24033.35,24035.1,926257
1779778320,2026-05-26T12:22:00,24034.85,24037.2,24032.65,24034.35,683916
1779778380,2026-05-26T12:23:00,24034.1,24036.7,24029.5,24029.8,748800
1779778440,2026-05-26T12:24:00,24030.0,24033.6,24028.1,24029.1,697691
1779778500,2026-05-26T12:25:00,24029.05,24032.1,24027.05,24027.9,495456
1779778560,2026-05-26T12:26:00,24027.95,24031.3,24026.0,24027.8,410829
1779778620,2026-05-26T12:27:00,24027.55,24029.6,24023.4,24025.35,518843
1779778680,2026-05-26T12:28:00,24025.3,24026.6,24019.5,24020.5,389309
1779778740,2026-05-26T12:29:00,24020.65,24022.1,24017.45,24021.9,991831
1779778800,2026-05-26T12:30:00,24021.85,24029.85,24020.05,24029.05,768376
1779778860,2026-05-26T12:31:00,24028.65,24034.75,24028.45,24033.7,1150184
1779778920,2026-05-26T12:32:00,24033.7,24036.4,24028.25,24029.15,497947
1779778980,2026-05-26T12:33:00,24029.3,24034.65,24027.05,24028.55,669585
1779779040,2026-05-26T12:34:00,24028.3,24033.0,24022.0,24022.75,898653
1779779100,2026-05-26T12:35:00,24021.9,24024.9,24013.65,24014.55,473244
1779779160,2026-05-26T12:36:00,24015.5,24020.55,24013.55,24017.2,735528
1779779220,2026-05-26T12:37:00,24017.75,24024.5,24015.85,24022.25,788880
1779779280,2026-05-26T12:38:00,24022.8,24025.6,24021.4,24024.5,785245
1779779340,2026-05-26T12:39:00,24024.25,24026.3,24021.15,24021.85,628005
1779779400,2026-05-26T12:40:00,24022.65,24025.35,24016.95,24018.65,898302
1779779460,2026-05-26T12:41:00,24018.3,24020.2,24010.75,24015.7,1346465
1779779520,2026-05-26T12:42:00,24015.5,24020.4,24010.25,24011.3,730539
1779779580,2026-05-26T12:43:00,24010.95,24012.75,24006.05,24009.65,697987
1779779640,2026-05-26T12:44:00,24009.95,24014.25,24008.7,24010.15,514050
1779779700,2026-05-26T12:45:00,24010.0,24012.3,23997.9,23998.6,1378678
1779779760,2026-05-26T12:46:00,23998.3,24001.0,23994.4,23995.65,690080
1779779820,2026-05-26T12:47:00,23995.75,24000.6,23993.95,23999.35,1041247
1779779880,2026-05-26T12:48:00,23999.05,24000.15,23988.4,23990.15,1320320
1779779940,2026-05-26T12:49:00,23989.6,24000.1,23985.3,23997.6,1019930
1779780000,2026-05-26T12:50:00,23997.7,23998.75,23981.15,23981.6,1348555
1779780060,2026-05-26T12:51:00,23980.6,23981.25,23972.8,23973.65,2004550
1779780120,2026-05-26T12:52:00,23974.1,23981.1,23971.6,23979.4,1503753
1779780180,2026-05-26T12:53:00,23979.25,23988.65,23978.0,23986.5,1317333
1779780240,2026-05-26T12:54:00,23986.1,23999.95,23986.05,23997.5,722748
1779780300,2026-05-26T12:55:00,23997.0,23999.05,23994.85,23997.5,786781
1779780360,2026-05-26T12:56:00,23997.45,23999.15,23991.4,23992.8,503864
1779780420,2026-05-26T12:57:00,23992.45,23999.65,23988.95,23997.15,834368
1779780480,2026-05-26T12:58:00,23996.65,24002.0,23992.9,23993.8,848007
1779780540,2026-05-26T12:59:00,23994.35,24000.55,23987.7,23998.55,1763030
1779780600,2026-05-26T13:00:00,23998.65,24001.95,23979.9,23980.55,1175039
1779780660,2026-05-26T13:01:00,23980.4,23982.7,23972.75,23974.95,1105884
1779780720,2026-05-26T13:02:00,23974.75,23982.55,23969.5,23972.9,1243141
1779780780,2026-05-26T13:03:00,23972.95,23978.2,23966.2,23971.5,647518
1779780840,2026-05-26T13:04:00,23971.6,23974.1,23966.75,23971.25,378864
1779780900,2026-05-26T13:05:00,23971.3,23976.5,23969.25,23975.1,703822
1779780960,2026-05-26T13:06:00,23975.05,23981.05,23973.55,23974.65,782827
1779781020,2026-05-26T13:07:00,23974.05,23976.3,23968.9,23969.6,690618
1779781080,2026-05-26T13:08:00,23969.95,23977.65,23968.2,23972.6,519178
1779781140,2026-05-26T13:09:00,23973.35,23978.65,23971.05,23972.45,598231
1779781200,2026-05-26T13:10:00,23973.2,23976.65,23970.1,23975.3,696933
1779781260,2026-05-26T13:11:00,23975.4,23983.95,23975.4,23982.3,688522
1779781320,2026-05-26T13:12:00,23981.6,23984.8,23976.5,23978.15,506804
1779781380,2026-05-26T13:13:00,23978.6,23982.45,23976.9,23980.3,486025
1779781440,2026-05-26T13:14:00,23980.1,23982.05,23972.75,23974.35,447962
1779781500,2026-05-26T13:15:00,23974.9,23976.25,23958.55,23963.05,884795
1779781560,2026-05-26T13:16:00,23963.3,23972.3,23962.3,23969.25,617556
1779781620,2026-05-26T13:17:00,23968.7,23975.5,23968.7,23974.0,1112754
1779781680,2026-05-26T13:18:00,23974.0,23977.45,23971.65,23974.85,717894
1779781740,2026-05-26T13:19:00,23974.3,23982.7,23974.3,23982.1,1471053
1779781800,2026-05-26T13:20:00,23981.45,23984.7,23976.2,23984.5,1230830
1779781860,2026-05-26T13:21:00,23984.35,23987.15,23979.15,23984.5,728009
1779781920,2026-05-26T13:22:00,23984.7,23988.15,23981.6,23983.95,662596
1779781980,2026-05-26T13:23:00,23984.4,23987.4,23979.15,23981.8,649771
1779782040,2026-05-26T13:24:00,23981.3,23983.65,23974.45,23976.1,911725
1779782100,2026-05-26T13:25:00,23974.75,23980.9,23972.5,23972.5,672584
1779782160,2026-05-26T13:26:00,23972.4,23980.35,23971.6,23978.05,710557
1779782220,2026-05-26T13:27:00,23978.9,23991.1,23978.9,23986.55,1131249
1779782280,2026-05-26T13:28:00,23986.25,23989.7,23982.6,23984.1,1159670
1779782340,2026-05-26T13:29:00,23983.6,23991.25,23979.2,23987.5,844507
1779782400,2026-05-26T13:30:00,23987.45,23999.25,23983.0,23983.65,1134763
1779782460,2026-05-26T13:31:00,23982.9,23995.95,23982.9,23991.65,906940
1779782520,2026-05-26T13:32:00,23992.35,23992.5,23978.05,23983.15,637951
1779782580,2026-05-26T13:33:00,23983.3,23990.95,23980.9,23984.45,571331
1779782640,2026-05-26T13:34:00,23986.3,23988.2,23981.4,23982.45,505461
1779782700,2026-05-26T13:35:00,23982.05,23985.65,23979.7,23981.3,450129
1779782760,2026-05-26T13:36:00,23981.25,23985.55,23980.2,23982.8,536592
1779782820,2026-05-26T13:37:00,23982.9,23985.55,23981.6,23982.65,906574
1779782880,2026-05-26T13:38:00,23983.8,23985.05,23973.6,23974.15,754868
1779782940,2026-05-26T13:39:00,23973.55,23979.3,23972.2,23974.6,646321
1779783000,2026-05-26T13:40:00,23974.55,23980.85,23969.65,23972.5,620113
1779783060,2026-05-26T13:41:00,23972.85,23980.0,23972.3,23973.65,569824
1779783120,2026-05-26T13:42:00,23973.7,23978.9,23969.75,23971.0,550267
1779783180,2026-05-26T13:43:00,23972.1,23976.0,23967.2,23971.3,905818
1779783240,2026-05-26T13:44:00,23971.85,23973.75,23957.4,23958.5,845448
1779783300,2026-05-26T13:45:00,23957.2,23970.1,23957.15,23966.15,971292
1779783360,2026-05-26T13:46:00,23966.0,23968.65,23957.6,23967.85,613660
1779783420,2026-05-26T13:47:00,23968.1,23969.25,23958.0,23963.1,732372
1779783480,2026-05-26T13:48:00,23962.85,23965.6,23955.75,23958.15,1034347
1779783540,2026-05-26T13:49:00,23957.4,23962.3,23954.95,23961.45,698944
1779783600,2026-05-26T13:50:00,23961.4,23963.0,23945.25,23950.7,1364146
1779783660,2026-05-26T13:51:00,23950.55,23952.65,23942.55,23943.3,783336
1779783720,2026-05-26T13:52:00,23943.7,23945.75,23939.15,23941.65,798716
1779783780,2026-05-26T13:53:00,23941.9,23946.55,23939.8,23942.85,1038947
1779783840,2026-05-26T13:54:00,23942.45,23951.4,23941.35,23949.6,901127
1779783900,2026-05-26T13:55:00,23949.8,23953.15,23945.9,23946.65,385924
1779783960,2026-05-26T13:56:00,23946.75,23948.6,23939.9,23943.9,825974
1779784020,2026-05-26T13:57:00,23942.9,23946.05,23940.65,23944.45,575174
1779784080,2026-05-26T13:58:00,23943.75,23945.15,23934.1,23934.8,676423
1779784140,2026-05-26T13:59:00,23935.1,23941.25,23934.7,23937.2,560300
1779784200,2026-05-26T14:00:00,23937.35,23938.85,23930.75,23931.5,569259
1779784260,2026-05-26T14:01:00,23931.6,23933.65,23922.7,23923.65,1160069
1779784320,2026-05-26T14:02:00,23923.85,23930.9,23923.45,23927.35,680559
1779784380,2026-05-26T14:03:00,23928.55,23930.75,23912.35,23914.4,937625
1779784440,2026-05-26T14:04:00,23913.6,23917.5,23911.15,23917.1,1113738
1779784500,2026-05-26T14:05:00,23916.5,23918.2,23911.4,23917.75,1134755
1779784560,2026-05-26T14:06:00,23918.7,23930.8,23916.9,23928.35,743133
1779784620,2026-05-26T14:07:00,23928.05,23935.4,23927.85,23930.35,992745
1779784680,2026-05-26T14:08:00,23930.9,23939.9,23930.9,23938.9,863825
1779784740,2026-05-26T14:09:00,23939.55,23940.1,23925.4,23925.9,785751
1779784800,2026-05-26T14:10:00,23926.45,23927.55,23912.25,23912.95,1647494
1779784860,2026-05-26T14:11:00,23913.3,23918.0,23909.8,23912.95,1401174
1779784920,2026-05-26T14:12:00,23913.05,23920.1,23912.45,23916.15,1483568
1779784980,2026-05-26T14:13:00,23916.1,23919.2,23913.45,23917.55,875406
1779785040,2026-05-26T14:14:00,23917.7,23924.2,23916.8,23924.2,961915
1779785100,2026-05-26T14:15:00,23924.25,23927.7,23919.4,23920.0,764198
1779785160,2026-05-26T14:16:00,23919.85,23922.05,23914.5,23915.3,577331
1779785220,2026-05-26T14:17:00,23915.2,23921.1,23914.45,23919.05,870172
1779785280,2026-05-26T14:18:00,23918.25,23923.0,23915.9,23917.65,688288
1779785340,2026-05-26T14:19:00,23917.25,23926.6,23916.9,23924.45,1396478
1779785400,2026-05-26T14:20:00,23925.15,23927.95,23921.15,23925.95,805021
1779785460,2026-05-26T14:21:00,23926.15,23932.25,23922.25,23923.2,685398
1779785520,2026-05-26T14:22:00,23922.5,23930.15,23921.95,23929.75,675620
1779785580,2026-05-26T14:23:00,23930.15,23937.35,23928.6,23934.1,1063418
1779785640,2026-05-26T14:24:00,23933.95,23936.05,23931.75,23934.65,820275
1779785700,2026-05-26T14:25:00,23934.45,23936.95,23933.0,23935.9,846753
1779785760,2026-05-26T14:26:00,23935.9,23940.7,23933.25,23935.1,935899
1779785820,2026-05-26T14:27:00,23934.25,23935.6,23912.95,23913.35,1018663
1779785880,2026-05-26T14:28:00,23912.9,23916.3,23909.55,23910.5,1046023
1779785940,2026-05-26T14:29:00,23910.35,23922.6,23907.1,23922.6,1554333
1779786000,2026-05-26T14:30:00,23923.0,23928.5,23918.3,23926.45,1123202
1779786060,2026-05-26T14:31:00,23925.6,23929.4,23922.1,23925.7,1040979
1779786120,2026-05-26T14:32:00,23925.75,23928.25,23922.5,23925.0,1049430
1779786180,2026-05-26T14:33:00,23924.9,23934.0,23924.05,23924.05,1223987
1779786240,2026-05-26T14:34:00,23923.95,23927.45,23919.8,23924.2,950320
1779786300,2026-05-26T14:35:00,23924.0,23927.65,23915.75,23917.15,1274055
1779786360,2026-05-26T14:36:00,23917.25,23918.45,23907.6,23908.5,1750858
1779786420,2026-05-26T14:37:00,23908.35,23909.25,23898.35,23902.1,1679457
1779786480,2026-05-26T14:38:00,23901.05,23909.05,23900.6,23905.5,652233
1779786540,2026-05-26T14:39:00,23905.6,23910.15,23903.55,23904.75,644523
1779786600,2026-05-26T14:40:00,23904.7,23907.2,23895.45,23898.3,1558201
1779786660,2026-05-26T14:41:00,23896.5,23900.6,23896.0,23898.25,854692
1779786720,2026-05-26T14:42:00,23897.95,23903.05,23895.3,23899.35,882055
1779786780,2026-05-26T14:43:00,23898.65,23904.35,23896.0,23898.75,915169
1779786840,2026-05-26T14:44:00,23898.05,23902.55,23896.3,23898.2,710379
1779786900,2026-05-26T14:45:00,23898.1,23902.0,23893.2,23897.5,1116038
1779786960,2026-05-26T14:46:00,23897.25,23902.4,23896.55,23898.75,722125
1779787020,2026-05-26T14:47:00,23898.95,23903.0,23897.4,23899.5,653735
1779787080,2026-05-26T14:48:00,23898.8,23902.9,23895.45,23897.4,742807
1779787140,2026-05-26T14:49:00,23897.7,23902.5,23894.65,23896.2,805200
1779787200,2026-05-26T14:50:00,23895.9,23899.05,23889.5,23891.35,674871
1779787260,2026-05-26T14:51:00,23891.1,23893.55,23887.8,23889.95,865092
1779787320,2026-05-26T14:52:00,23890.15,23893.75,23888.45,23891.95,1030497
1779787380,2026-05-26T14:53:00,23890.5,23893.55,23886.95,23889.3,1152679
1779787440,2026-05-26T14:54:00,23888.7,23890.5,23885.45,23889.45,707754
1779787500,2026-05-26T14:55:00,23888.95,23895.75,23887.85,23894.15,820290
1779787560,2026-05-26T14:56:00,23894.15,23901.4,23893.6,23900.7,710239
1779787620,2026-05-26T14:57:00,23899.85,23910.15,23899.15,23910.15,919565
1779787680,2026-05-26T14:58:00,23909.4,23918.75,23908.95,23910.35,1433856
1779787740,2026-05-26T14:59:00,23909.15,23916.4,23908.8,23913.05,1207566
1779787800,2026-05-26T15:00:00,23913.5,23916.7,23901.65,23906.35,2100629
1779787860,2026-05-26T15:01:00,23907.1,23908.35,23901.4,23902.2,1662224
1779787920,2026-05-26T15:02:00,23902.05,23914.05,23902.05,23911.2,2472429
1779787980,2026-05-26T15:03:00,23912.9,23923.25,23902.8,23903.6,2828574
1779788040,2026-05-26T15:04:00,23904.25,23910.8,23896.4,23909.75,2370771
1779788100,2026-05-26T15:05:00,23907.6,23913.15,23902.3,23903.15,2620205
1779788160,2026-05-26T15:06:00,23902.05,23904.3,23897.1,23903.55,3485963
1779788220,2026-05-26T15:07:00,23902.5,23915.2,23900.0,23914.45,2434736
1779788280,2026-05-26T15:08:00,23914.95,23926.95,23914.95,23923.55,2746346
1779788340,2026-05-26T15:09:00,23923.95,23931.05,23918.95,23928.65,3993887
1779788400,2026-05-26T15:10:00,23925.75,23929.65,23904.35,23909.4,3268232
1779788460,2026-05-26T15:11:00,23908.95,23911.9,23903.6,23910.0,2741000
1779788520,2026-05-26T15:12:00,23911.2,23920.35,23910.4,23912.5,1850519
1779788580,2026-05-26T15:13:00,23912.1,23916.3,23910.85,23913.2,1478890
1779788640,2026-05-26T15:14:00,23913.0,23914.8,23907.3,23908.8,1644988
1779788700,2026-05-26T15:15:00,23907.7,23911.9,23907.15,23911.3,2293519
1779788760,2026-05-26T15:16:00,23911.6,23914.05,23909.15,23914.05,2083061
1779788820,2026-05-26T15:17:00,23913.4,23916.2,23912.5,23915.1,1777509
1779788880,2026-05-26T15:18:00,23915.3,23917.2,23911.8,23913.8,2186023
1779788940,2026-05-26T15:19:00,23914.35,23915.5,23907.55,23911.05,2667154
1779789000,2026-05-26T15:20:00,23911.7,23914.9,23910.4,23912.85,2281799
1779789060,2026-05-26T15:21:00,23912.95,23917.7,23912.0,23913.6,2287028
1779789120,2026-05-26T15:22:00,23915.45,23918.45,23912.45,23916.55,1989012
1779789180,2026-05-26T15:23:00,23917.05,23919.75,23914.05,23918.25,1960435
1779789240,2026-05-26T15:24:00,23918.6,23920.1,23914.3,23918.0,3086357
1779789300,2026-05-26T15:25:00,23917.3,23919.8,23913.6,23916.5,3165139
1779789360,2026-05-26T15:26:00,23917.15,23926.45,23916.3,23924.3,2227099
1779789420,2026-05-26T15:27:00,23922.9,23927.9,23922.7,23923.65,2807457
1779789480,2026-05-26T15:28:00,23925.3,23933.45,23922.6,23932.4,2537979
1779789540,2026-05-26T15:29:00,23933.1,23940.05,23925.25,23933.75,2329422
1779853500,2026-05-27T09:15:00,23880.35,23924.0,23869.65,23894.1,9722670
1779853560,2026-05-27T09:16:00,23896.05,23932.5,23894.15,23924.1,6131434
1779853620,2026-05-27T09:17:00,23924.4,23927.4,23909.35,23924.5,5160660
1779853680,2026-05-27T09:18:00,23925.35,23931.6,23909.55,23915.75,5030838
1779853740,2026-05-27T09:19:00,23916.7,23937.8,23916.7,23926.35,3842666
1779853800,2026-05-27T09:20:00,23926.0,23946.7,23926.0,23937.1,3792897
1779853860,2026-05-27T09:21:00,23937.1,23950.15,23933.75,23947.2,3375262
1779853920,2026-05-27T09:22:00,23948.3,23949.7,23932.55,23935.25,3271678
1779853980,2026-05-27T09:23:00,23936.95,23937.15,23920.5,23934.25,2835442
1779854040,2026-05-27T09:24:00,23934.95,23935.55,23926.35,23932.75,2478352
1779854100,2026-05-27T09:25:00,23933.7,23934.45,23918.95,23924.2,1945527
1779854160,2026-05-27T09:26:00,23924.7,23925.4,23914.8,23915.85,1866543
1779854220,2026-05-27T09:27:00,23914.65,23915.9,23905.6,23908.85,1774554
1779854280,2026-05-27T09:28:00,23909.95,23920.55,23905.8,23907.2,2442127
1779854340,2026-05-27T09:29:00,23907.45,23907.45,23896.45,23903.95,2575239
1779854400,2026-05-27T09:30:00,23899.9,23901.55,23889.8,23893.85,2014624
1779854460,2026-05-27T09:31:00,23895.85,23896.3,23886.1,23886.1,1542026
1779854520,2026-05-27T09:32:00,23886.65,23886.95,23869.75,23871.7,1614045
1779854580,2026-05-27T09:33:00,23872.05,23881.45,23871.15,23875.0,1693043
1779854640,2026-05-27T09:34:00,23874.0,23887.35,23874.0,23883.1,1578835
1779854700,2026-05-27T09:35:00,23883.9,23891.0,23879.65,23890.0,1601908
1779854760,2026-05-27T09:36:00,23890.55,23892.6,23880.3,23880.7,1799745
1779854820,2026-05-27T09:37:00,23882.3,23882.75,23874.95,23876.85,2223348
1779854880,2026-05-27T09:38:00,23876.75,23892.3,23876.75,23887.85,1723461
1779854940,2026-05-27T09:39:00,23888.95,23896.8,23884.45,23885.25,1658495
1779855000,2026-05-27T09:40:00,23886.25,23894.65,23884.85,23888.5,1471219
1779855060,2026-05-27T09:41:00,23890.0,23895.8,23887.55,23892.05,1391508
1779855120,2026-05-27T09:42:00,23891.75,23907.75,23891.05,23907.25,1994634
1779855180,2026-05-27T09:43:00,23906.85,23919.05,23900.65,23901.3,1571106
1779855240,2026-05-27T09:44:00,23901.65,23909.9,23900.95,23908.6,1449874
1779855300,2026-05-27T09:45:00,23909.65,23909.65,23887.1,23890.3,2292169
1779855360,2026-05-27T09:46:00,23888.15,23890.5,23871.3,23876.4,1959266
1779855420,2026-05-27T09:47:00,23876.2,23895.9,23876.2,23893.85,1412091
1779855480,2026-05-27T09:48:00,23894.95,23900.3,23893.55,23898.6,1352253
1779855540,2026-05-27T09:49:00,23898.55,23898.55,23884.2,23890.45,2398738
1779855600,2026-05-27T09:50:00,23891.8,23895.3,23888.45,23888.45,1380824
1779855660,2026-05-27T09:51:00,23891.15,23891.7,23883.3,23888.85,1528085
1779855720,2026-05-27T09:52:00,23888.6,23893.85,23887.65,23893.85,1123865
1779855780,2026-05-27T09:53:00,23894.95,23895.65,23878.85,23881.1,1305788
1779855840,2026-05-27T09:54:00,23880.35,23886.6,23879.4,23883.9,1237273
1779855900,2026-05-27T09:55:00,23885.8,23890.65,23881.95,23883.0,1077383
1779855960,2026-05-27T09:56:00,23883.65,23894.45,23882.05,23889.95,1421465
1779856020,2026-05-27T09:57:00,23889.15,23892.15,23875.65,23878.75,1739651
1779856080,2026-05-27T09:58:00,23878.8,23881.7,23875.9,23877.2,1526375
1779856140,2026-05-27T09:59:00,23876.6,23879.05,23873.9,23874.75,1359541
1779856200,2026-05-27T10:00:00,23875.45,23876.85,23868.5,23874.75,1694161
1779856260,2026-05-27T10:01:00,23876.5,23878.95,23872.9,23873.2,1719505
1779856320,2026-05-27T10:02:00,23871.75,23885.9,23871.75,23884.9,1504931
1779856380,2026-05-27T10:03:00,23885.8,23895.1,23883.95,23892.05,1704430
1779856440,2026-05-27T10:04:00,23893.55,23912.95,23892.75,23912.95,2165563
1779856500,2026-05-27T10:05:00,23912.1,23924.4,23911.85,23924.0,1442568
1779856560,2026-05-27T10:06:00,23924.25,23925.5,23911.5,23913.15,1623750
1779856620,2026-05-27T10:07:00,23914.2,23916.95,23908.05,23916.95,1459919
1779856680,2026-05-27T10:08:00,23918.5,23939.55,23918.15,23938.65,1958202
1779856740,2026-05-27T10:09:00,23938.55,23941.05,23927.65,23933.85,1387643
1779856800,2026-05-27T10:10:00,23933.55,23935.15,23927.35,23931.55,1156152
1779856860,2026-05-27T10:11:00,23931.5,23936.55,23929.9,23935.05,1246534
1779856920,2026-05-27T10:12:00,23935.2,23935.6,23929.55,23931.55,1347671
1779856980,2026-05-27T10:13:00,23932.0,23944.4,23930.5,23940.55,1414105
1779857040,2026-05-27T10:14:00,23940.75,23946.4,23937.85,23943.25,920314
1779857100,2026-05-27T10:15:00,23942.8,23944.2,23937.3,23938.2,1065288
1779857160,2026-05-27T10:16:00,23938.55,23946.9,23934.7,23944.7,1226469
1779857220,2026-05-27T10:17:00,23944.6,23954.45,23943.6,23954.05,1551626
1779857280,2026-05-27T10:18:00,23953.75,23955.6,23949.2,23953.25,1335141
1779857340,2026-05-27T10:19:00,23953.55,23955.45,23947.85,23951.95,1293280
1779857400,2026-05-27T10:20:00,23953.1,23956.45,23952.0,23952.7,1504284
1779857460,2026-05-27T10:21:00,23952.75,23957.9,23950.0,23950.75,1445962
1779857520,2026-05-27T10:22:00,23951.15,23951.45,23942.45,23944.1,2337451
1779857580,2026-05-27T10:23:00,23945.35,23947.8,23943.25,23945.35,1355562
1779857640,2026-05-27T10:24:00,23946.2,23959.05,23945.95,23953.0,1114477
1779857700,2026-05-27T10:25:00,23953.65,23961.15,23952.95,23958.8,1884082
1779857760,2026-05-27T10:26:00,23959.3,23964.2,23958.15,23961.15,1861142
1779857820,2026-05-27T10:27:00,23961.9,23965.9,23960.3,23965.25,1414850
1779857880,2026-05-27T10:28:00,23964.55,23970.8,23962.7,23967.3,2004153
1779857940,2026-05-27T10:29:00,23969.0,23971.0,23963.05,23963.4,1890578
1779858000,2026-05-27T10:30:00,23964.8,23965.05,23956.2,23957.0,2612906
1779858060,2026-05-27T10:31:00,23956.95,23958.3,23947.45,23948.75,1872545
1779858120,2026-05-27T10:32:00,23949.0,23958.15,23947.9,23956.8,1746705
1779858180,2026-05-27T10:33:00,23957.5,23958.75,23954.95,23955.65,976328
1779858240,2026-05-27T10:34:00,23957.65,23961.95,23954.25,23958.05,1044186
1779858300,2026-05-27T10:35:00,23959.05,23966.85,23955.4,23956.15,1341428
1779858360,2026-05-27T10:36:00,23955.55,23960.25,23952.15,23957.8,1369894
1779858420,2026-05-27T10:37:00,23959.3,23970.5,23957.85,23968.2,1200104
1779858480,2026-05-27T10:38:00,23970.5,23971.05,23952.75,23955.2,1167057
1779858540,2026-05-27T10:39:00,23956.9,23961.15,23953.85,23953.85,669857
1779858600,2026-05-27T10:40:00,23956.0,23957.8,23952.65,23955.75,573423
1779858660,2026-05-27T10:41:00,23957.55,23959.5,23949.85,23950.65,554212
1779858720,2026-05-27T10:42:00,23952.7,23955.85,23946.8,23947.85,1381202
1779858780,2026-05-27T10:43:00,23947.85,23949.35,23940.6,23940.6,970357
1779858840,2026-05-27T10:44:00,23941.1,23943.4,23934.45,23935.95,734390
1779858900,2026-05-27T10:45:00,23936.2,23937.35,23925.95,23928.8,819707
1779858960,2026-05-27T10:46:00,23929.35,23930.0,23923.5,23925.75,1100046
1779859020,2026-05-27T10:47:00,23926.85,23929.2,23918.9,23929.2,1274832
1779859080,2026-05-27T10:48:00,23929.2,23935.05,23925.3,23929.8,802179
1779859140,2026-05-27T10:49:00,23932.95,23942.4,23929.15,23942.2,1113897
1779859200,2026-05-27T10:50:00,23941.75,23944.05,23937.7,23943.65,741551
1779859260,2026-05-27T10:51:00,23943.15,23954.85,23942.65,23954.2,1730115
1779859320,2026-05-27T10:52:00,23955.1,23956.85,23951.5,23956.85,682104
1779859380,2026-05-27T10:53:00,23956.5,23959.5,23953.6,23957.2,848669
1779859440,2026-05-27T10:54:00,23958.2,23967.7,23956.1,23966.95,838776
1779859500,2026-05-27T10:55:00,23968.0,23973.6,23965.65,23971.95,699374
1779859560,2026-05-27T10:56:00,23972.2,23976.4,23962.7,23962.7,821283
1779859620,2026-05-27T10:57:00,23964.25,23965.7,23959.65,23963.55,1757860
1779859680,2026-05-27T10:58:00,23964.9,23966.35,23958.95,23961.35,792257
1779859740,2026-05-27T10:59:00,23962.9,23969.45,23960.3,23966.95,621616
1779859800,2026-05-27T11:00:00,23968.25,23968.25,23960.95,23963.7,752673
1779859860,2026-05-27T11:01:00,23964.55,23968.2,23963.35,23964.2,558950
1779859920,2026-05-27T11:02:00,23965.25,23965.45,23958.05,23959.3,568943
1779859980,2026-05-27T11:03:00,23959.1,23960.2,23950.85,23957.7,768790
1779860040,2026-05-27T11:04:00,23959.2,23960.2,23950.7,23954.4,894847
1779860100,2026-05-27T11:05:00,23954.85,23960.45,23952.35,23957.55,903779
1779860160,2026-05-27T11:06:00,23959.4,23971.95,23957.1,23971.95,928344
1779860220,2026-05-27T11:07:00,23972.75,23973.2,23952.75,23955.4,989893
1779860280,2026-05-27T11:08:00,23955.8,23967.6,23955.6,23964.3,856769
1779860340,2026-05-27T11:09:00,23965.4,23966.8,23959.9,23965.6,705895
1779860400,2026-05-27T11:10:00,23966.5,23968.55,23964.0,23964.75,759982
1779860460,2026-05-27T11:11:00,23965.45,23965.45,23955.65,23956.3,586148
1779860520,2026-05-27T11:12:00,23956.9,23963.55,23955.05,23961.45,789297
1779860580,2026-05-27T11:13:00,23961.45,23964.55,23959.15,23963.75,1366810
1779860640,2026-05-27T11:14:00,23963.65,23966.7,23961.7,23961.9,565272
1779860700,2026-05-27T11:15:00,23962.2,23964.8,23959.65,23960.65,715693
1779860760,2026-05-27T11:16:00,23960.35,23964.15,23959.0,23961.0,571858
1779860820,2026-05-27T11:17:00,23960.85,23966.8,23960.45,23964.3,652051
1779860880,2026-05-27T11:18:00,23964.7,23973.7,23959.6,23973.35,1318887
1779860940,2026-05-27T11:19:00,23973.05,23976.4,23971.15,23972.5,598203
1779861000,2026-05-27T11:20:00,23972.45,23974.8,23970.2,23972.85,858061
1779861060,2026-05-27T11:21:00,23971.55,23978.25,23970.3,23976.65,700688
1779861120,2026-05-27T11:22:00,23976.5,23979.25,23972.9,23975.7,610331
1779861180,2026-05-27T11:23:00,23975.95,23979.75,23971.85,23977.15,753799
1779861240,2026-05-27T11:24:00,23977.5,23981.25,23973.5,23973.6,816634
1779861300,2026-05-27T11:25:00,23973.5,23974.8,23970.85,23971.6,830165
1779861360,2026-05-27T11:26:00,23970.95,23973.7,23967.95,23968.85,802531
1779861420,2026-05-27T11:27:00,23968.45,23974.45,23967.0,23974.2,454605
1779861480,2026-05-27T11:28:00,23973.9,23977.35,23973.45,23974.85,609314
1779861540,2026-05-27T11:29:00,23974.6,23976.85,23973.5,23974.9,939045
1779861600,2026-05-27T11:30:00,23974.65,23981.55,23974.65,23980.2,1345582
1779861660,2026-05-27T11:31:00,23979.7,23983.2,23975.05,23975.3,909207
1779861720,2026-05-27T11:32:00,23977.65,23981.15,23972.9,23976.0,1140586
1779861780,2026-05-27T11:33:00,23976.65,23981.7,23974.65,23980.7,1009270
1779861840,2026-05-27T11:34:00,23981.05,23981.05,23969.35,23970.3,1550232
1779861900,2026-05-27T11:35:00,23970.55,23972.3,23963.95,23966.15,1220194
1779861960,2026-05-27T11:36:00,23966.35,23970.2,23961.9,23962.65,556337
1779862020,2026-05-27T11:37:00,23963.0,23963.95,23953.4,23953.65,746723
1779862080,2026-05-27T11:38:00,23953.6,23957.15,23950.35,23950.85,1312183
1779862140,2026-05-27T11:39:00,23951.1,23953.4,23947.0,23949.8,489030
1779862200,2026-05-27T11:40:00,23950.2,23960.0,23950.15,23959.75,633852
1779862260,2026-05-27T11:41:00,23959.65,23965.8,23958.85,23963.2,568564
1779862320,2026-05-27T11:42:00,23963.05,23967.65,23962.45,23964.45,579851
1779862380,2026-05-27T11:43:00,23964.1,23965.3,23957.6,23961.55,718915
1779862440,2026-05-27T11:44:00,23961.3,23962.3,23953.0,23953.5,970794
1779862500,2026-05-27T11:45:00,23954.3,23961.75,23952.8,23960.3,759685
1779862560,2026-05-27T11:46:00,23960.55,23963.1,23958.0,23961.55,764735
1779862620,2026-05-27T11:47:00,23961.3,23963.3,23957.55,23960.35,1503529
1779862680,2026-05-27T11:48:00,23960.35,23963.6,23947.8,23949.6,986020
1779862740,2026-05-27T11:49:00,23949.4,23951.9,23945.95,23947.15,737643
1779862800,2026-05-27T11:50:00,23947.3,23949.45,23945.45,23948.6,562046
1779862860,2026-05-27T11:51:00,23948.55,23951.1,23944.6,23946.7,867711
1779862920,2026-05-27T11:52:00,23946.65,23948.55,23938.5,23938.5,617175
1779862980,2026-05-27T11:53:00,23938.25,23946.3,23937.1,23944.65,681682
1779863040,2026-05-27T11:54:00,23945.4,23946.85,23937.05,23939.0,648446
1779863100,2026-05-27T11:55:00,23939.2,23945.6,23937.4,23943.4,728318
1779863160,2026-05-27T11:56:00,23942.9,23950.25,23942.5,23948.15,611406
1779863220,2026-05-27T11:57:00,23947.75,23948.6,23939.85,23940.55,859381
1779863280,2026-05-27T11:58:00,23940.65,23941.7,23928.75,23930.25,981814
1779863340,2026-05-27T11:59:00,23930.75,23935.55,23929.6,23933.5,596503
1779863400,2026-05-27T12:00:00,23933.5,23940.45,23931.9,23939.25,622178
1779863460,2026-05-27T12:01:00,23938.8,23941.75,23930.2,23930.2,979343
1779863520,2026-05-27T12:02:00,23930.6,23932.15,23918.35,23918.5,1159642
1779863580,2026-05-27T12:03:00,23919.45,23930.75,23918.35,23929.0,551235
1779863640,2026-05-27T12:04:00,23928.8,23930.95,23926.9,23928.05,756103
1779863700,2026-05-27T12:05:00,23928.5,23933.05,23927.6,23929.6,589249
1779863760,2026-05-27T12:06:00,23929.2,23931.45,23924.95,23925.9,841147
1779863820,2026-05-27T12:07:00,23925.35,23927.25,23924.35,23926.4,620007
1779863880,2026-05-27T12:08:00,23926.1,23927.05,23920.65,23921.45,633062
1779863940,2026-05-27T12:09:00,23921.3,23933.3,23919.85,23929.95,1198994
1779864000,2026-05-27T12:10:00,23929.55,23934.25,23927.25,23927.25,872930
1779864060,2026-05-27T12:11:00,23926.7,23933.55,23924.15,23933.2,804048
1779864120,2026-05-27T12:12:00,23932.3,23933.85,23927.7,23928.35,643140
1779864180,2026-05-27T12:13:00,23928.15,23929.45,23922.6,23922.6,510697
1779864240,2026-05-27T12:14:00,23922.7,23924.85,23920.25,23922.55,667189
1779864300,2026-05-27T12:15:00,23921.95,23926.9,23921.85,23922.55,847632
1779864360,2026-05-27T12:16:00,23922.4,23929.95,23922.4,23928.5,654222
1779864420,2026-05-27T12:17:00,23927.8,23931.55,23924.45,23928.35,765016
1779864480,2026-05-27T12:18:00,23929.7,23933.8,23927.0,23931.25,1469682
1779864540,2026-05-27T12:19:00,23931.3,23939.0,23930.85,23936.85,1213927
1779864600,2026-05-27T12:20:00,23936.7,23938.5,23929.45,23930.85,971346
1779864660,2026-05-27T12:21:00,23930.75,23933.3,23928.95,23932.9,905586
1779864720,2026-05-27T12:22:00,23933.6,23938.0,23932.3,23937.95,599963
1779864780,2026-05-27T12:23:00,23937.5,23940.85,23936.0,23937.3,624530
1779864840,2026-05-27T12:24:00,23936.65,23938.6,23929.9,23932.15,399857
1779864900,2026-05-27T12:25:00,23931.65,23935.0,23926.5,23926.7,924738
1779864960,2026-05-27T12:26:00,23926.5,23929.45,23925.0,23925.85,847059
1779865020,2026-05-27T12:27:00,23925.7,23927.55,23916.8,23918.6,919226
1779865080,2026-05-27T12:28:00,23918.2,23923.95,23914.75,23914.75,934759
1779865140,2026-05-27T12:29:00,23915.25,23916.5,23905.15,23906.45,656903
1779865200,2026-05-27T12:30:00,23906.3,23907.85,23902.45,23904.95,653938
1779865260,2026-05-27T12:31:00,23905.1,23909.5,23905.1,23906.15,911043
1779865320,2026-05-27T12:32:00,23906.55,23912.25,23905.2,23911.0,548391
1779865380,2026-05-27T12:33:00,23910.65,23917.5,23908.5,23915.2,557041
1779865440,2026-05-27T12:34:00,23914.55,23918.1,23913.2,23914.45,1101543
1779865500,2026-05-27T12:35:00,23914.35,23918.85,23911.65,23918.85,623193
1779865560,2026-05-27T12:36:00,23919.0,23924.25,23919.0,23923.3,657737
1779865620,2026-05-27T12:37:00,23922.7,23934.35,23922.6,23933.6,955757
1779865680,2026-05-27T12:38:00,23933.2,23938.0,23933.2,23936.5,672237
1779865740,2026-05-27T12:39:00,23935.8,23937.2,23929.2,23929.2,637415
1779865800,2026-05-27T12:40:00,23929.8,23930.85,23925.95,23928.15,484547
1779865860,2026-05-27T12:41:00,23928.25,23934.05,23927.3,23934.05,633970
1779865920,2026-05-27T12:42:00,23933.4,23937.05,23929.65,23934.3,751649
1779865980,2026-05-27T12:43:00,23933.55,23936.95,23930.55,23936.3,561767
1779866040,2026-05-27T12:44:00,23936.3,23938.3,23935.2,23936.1,515657
1779866100,2026-05-27T12:45:00,23935.75,23936.35,23932.1,23934.1,407486
1779866160,2026-05-27T12:46:00,23933.6,23936.3,23931.5,23932.5,460814
1779866220,2026-05-27T12:47:00,23932.35,23933.85,23925.25,23927.65,519821
1779866280,2026-05-27T12:48:00,23926.65,23933.1,23926.65,23932.0,742284
1779866340,2026-05-27T12:49:00,23931.8,23933.4,23930.15,23930.75,494566
1779866400,2026-05-27T12:50:00,23930.5,23931.75,23924.0,23924.5,467233
1779866460,2026-05-27T12:51:00,23924.05,23927.15,23919.5,23919.5,575077
1779866520,2026-05-27T12:52:00,23919.7,23920.8,23913.9,23914.5,789548
1779866580,2026-05-27T12:53:00,23914.9,23915.95,23911.95,23912.2,601553
1779866640,2026-05-27T12:54:00,23912.05,23915.4,23911.75,23911.75,493746
1779866700,2026-05-27T12:55:00,23912.5,23916.1,23910.45,23916.1,679697
1779866760,2026-05-27T12:56:00,23915.8,23920.3,23915.8,23918.1,952145
1779866820,2026-05-27T12:57:00,23916.65,23918.45,23913.3,23917.1,584973
1779866880,2026-05-27T12:58:00,23916.5,23918.85,23911.35,23911.7,485197
1779866940,2026-05-27T12:59:00,23911.4,23912.4,23904.05,23905.25,536540
1779867000,2026-05-27T13:00:00,23905.6,23907.0,23902.25,23902.85,487461
1779867060,2026-05-27T13:01:00,23902.5,23903.0,23895.0,23902.2,753863
1779867120,2026-05-27T13:02:00,23901.5,23905.05,23900.0,23902.4,828858
1779867180,2026-05-27T13:03:00,23902.05,23907.9,23901.65,23906.4,740311
1779867240,2026-05-27T13:04:00,23906.4,23916.3,23905.95,23914.35,895699
1779867300,2026-05-27T13:05:00,23913.9,23915.45,23906.9,23906.9,729482
1779867360,2026-05-27T13:06:00,23908.85,23917.95,23906.45,23916.55,792487
1779867420,2026-05-27T13:07:00,23916.35,23922.9,23914.95,23921.8,849200
1779867480,2026-05-27T13:08:00,23921.2,23923.45,23917.75,23917.8,1008582
1779867540,2026-05-27T13:09:00,23918.45,23919.75,23902.7,23902.85,1008413
1779867600,2026-05-27T13:10:00,23902.2,23918.6,23901.9,23914.8,1301710
1779867660,2026-05-27T13:11:00,23913.35,23914.4,23908.25,23908.25,864707
1779867720,2026-05-27T13:12:00,23908.5,23912.35,23906.8,23910.5,2047637
1779867780,2026-05-27T13:13:00,23910.6,23912.15,23900.2,23902.6,2131207
1779867840,2026-05-27T13:14:00,23902.1,23903.35,23895.55,23897.15,663195
1779867900,2026-05-27T13:15:00,23898.3,23898.7,23891.15,23893.8,830317
1779867960,2026-05-27T13:16:00,23893.45,23895.6,23890.85,23895.35,535185
1779868020,2026-05-27T13:17:00,23894.55,23896.6,23892.15,23892.35,855655
1779868080,2026-05-27T13:18:00,23891.8,23893.05,23889.5,23890.9,559969
1779868140,2026-05-27T13:19:00,23890.95,23893.3,23888.4,23888.4,582915
1779868200,2026-05-27T13:20:00,23888.4,23895.85,23884.15,23894.4,717555
1779868260,2026-05-27T13:21:00,23893.9,23896.15,23892.3,23895.05,572354
1779868320,2026-05-27T13:22:00,23894.65,23895.85,23890.1,23895.85,482855
1779868380,2026-05-27T13:23:00,23894.8,23900.3,23893.65,23896.8,576814
1779868440,2026-05-27T13:24:00,23897.0,23900.5,23896.1,23899.25,714904
1779868500,2026-05-27T13:25:00,23899.75,23902.3,23894.1,23902.3,778894
1779868560,2026-05-27T13:26:00,23901.1,23905.25,23898.35,23901.8,801868
1779868620,2026-05-27T13:27:00,23902.0,23905.3,23896.3,23896.3,652601
1779868680,2026-05-27T13:28:00,23896.4,23898.1,23889.25,23890.0,979022
1779868740,2026-05-27T13:29:00,23890.2,23893.0,23888.3,23892.05,1298615
1779868800,2026-05-27T13:30:00,23891.45,23895.65,23890.95,23895.65,809066
1779868860,2026-05-27T13:31:00,23894.35,23898.1,23891.6,23895.3,557577
1779868920,2026-05-27T13:32:00,23896.15,23900.95,23895.45,23896.95,2550394
1779868980,2026-05-27T13:33:00,23896.8,23898.65,23896.1,23896.65,903805
1779869040,2026-05-27T13:34:00,23896.9,23902.35,23896.9,23900.4,1211924
1779869100,2026-05-27T13:35:00,23900.45,23906.8,23899.55,23905.1,1496438
1779869160,2026-05-27T13:36:00,23905.55,23911.35,23905.3,23906.85,833738
1779869220,2026-05-27T13:37:00,23906.85,23909.55,23904.8,23906.85,584255
1779869280,2026-05-27T13:38:00,23906.7,23911.05,23905.6,23907.25,738984
1779869340,2026-05-27T13:39:00,23906.35,23913.3,23905.75,23910.4,694461
1779869400,2026-05-27T13:40:00,23910.55,23915.15,23910.2,23911.85,791359
1779869460,2026-05-27T13:41:00,23911.5,23912.75,23905.45,23909.5,928094
1779869520,2026-05-27T13:42:00,23909.35,23910.9,23890.15,23890.9,3527283
1779869580,2026-05-27T13:43:00,23890.5,23895.9,23890.5,23892.9,831175
1779869640,2026-05-27T13:44:00,23892.65,23894.7,23890.25,23891.25,765809
1779869700,2026-05-27T13:45:00,23889.95,23891.7,23883.1,23884.4,1195787
1779869760,2026-05-27T13:46:00,23884.0,23892.8,23882.05,23891.55,789173
1779869820,2026-05-27T13:47:00,23891.65,23898.15,23890.35,23898.15,1046473
1779869880,2026-05-27T13:48:00,23898.95,23901.15,23891.05,23892.5,540709
1779869940,2026-05-27T13:49:00,23892.2,23894.85,23888.6,23893.15,882547
1779870000,2026-05-27T13:50:00,23893.2,23897.05,23890.05,23895.5,506859
1779870060,2026-05-27T13:51:00,23895.55,23901.8,23893.6,23900.2,597744
1779870120,2026-05-27T13:52:00,23899.9,23902.85,23898.65,23900.8,540772
1779870180,2026-05-27T13:53:00,23900.75,23912.3,23900.55,23911.95,533369
1779870240,2026-05-27T13:54:00,23911.9,23913.35,23910.15,23911.3,700604
1779870300,2026-05-27T13:55:00,23911.35,23913.35,23907.1,23907.65,453084
1779870360,2026-05-27T13:56:00,23908.0,23912.65,23907.35,23910.8,512915
1779870420,2026-05-27T13:57:00,23910.85,23913.45,23907.65,23909.1,849052
1779870480,2026-05-27T13:58:00,23909.5,23912.2,23906.95,23911.7,548624
1779870540,2026-05-27T13:59:00,23912.35,23916.35,23911.0,23912.5,886022
1779870600,2026-05-27T14:00:00,23912.3,23921.1,23911.75,23916.55,1585973
1779870660,2026-05-27T14:01:00,23915.95,23923.8,23915.5,23922.85,876575
1779870720,2026-05-27T14:02:00,23922.1,23923.9,23916.75,23918.55,824801
1779870780,2026-05-27T14:03:00,23916.6,23924.1,23915.4,23921.3,1138481
1779870840,2026-05-27T14:04:00,23921.5,23923.4,23916.3,23917.9,765116
1779870900,2026-05-27T14:05:00,23917.7,23921.1,23914.85,23918.8,1905600
1779870960,2026-05-27T14:06:00,23918.95,23920.65,23913.85,23919.7,2081560
1779871020,2026-05-27T14:07:00,23919.9,23921.85,23915.0,23915.65,1134941
1779871080,2026-05-27T14:08:00,23915.5,23922.05,23913.95,23920.95,1876984
1779871140,2026-05-27T14:09:00,23921.2,23922.35,23912.95,23914.3,1299459
1779871200,2026-05-27T14:10:00,23913.75,23915.5,23907.15,23907.15,1180760
1779871260,2026-05-27T14:11:00,23907.45,23908.6,23903.05,23906.65,1272656
1779871320,2026-05-27T14:12:00,23906.55,23909.0,23902.8,23904.3,1081498
1779871380,2026-05-27T14:13:00,23904.1,23905.1,23894.45,23895.5,905182
1779871440,2026-05-27T14:14:00,23895.15,23900.85,23894.85,23896.0,947332
1779871500,2026-05-27T14:15:00,23895.95,23898.95,23891.85,23897.25,999137
1779871560,2026-05-27T14:16:00,23897.75,23903.25,23896.15,23900.7,1141218
1779871620,2026-05-27T14:17:00,23899.95,23906.5,23899.2,23901.6,1586707
1779871680,2026-05-27T14:18:00,23902.35,23907.8,23900.45,23901.65,1103239
1779871740,2026-05-27T14:19:00,23902.3,23908.05,23901.35,23902.25,1225783
1779871800,2026-05-27T14:20:00,23901.15,23904.0,23899.0,23901.5,914931
1779871860,2026-05-27T14:21:00,23901.3,23908.0,23900.35,23906.6,1199749
1779871920,2026-05-27T14:22:00,23906.75,23916.45,23906.0,23915.3,1527121
1779871980,2026-05-27T14:23:00,23914.85,23921.2,23913.75,23915.75,1278763
1779872040,2026-05-27T14:24:00,23915.5,23922.25,23914.65,23920.25,1342626
1779872100,2026-05-27T14:25:00,23920.4,23921.2,23902.25,23903.4,1147536
1779872160,2026-05-27T14:26:00,23903.75,23905.4,23896.5,23896.5,1793117
1779872220,2026-05-27T14:27:00,23896.45,23898.1,23894.2,23895.0,1643125
1779872280,2026-05-27T14:28:00,23894.95,23896.65,23886.75,23889.25,1749339
1779872340,2026-05-27T14:29:00,23889.8,23891.75,23884.5,23890.35,1403903
1779872400,2026-05-27T14:30:00,23890.25,23890.25,23884.9,23885.45,938660
1779872460,2026-05-27T14:31:00,23885.45,23889.6,23883.3,23886.1,1315186
1779872520,2026-05-27T14:32:00,23886.0,23886.45,23878.25,23878.85,864644
1779872580,2026-05-27T14:33:00,23879.2,23880.7,23874.75,23875.9,1136486
1779872640,2026-05-27T14:34:00,23876.4,23877.75,23870.7,23873.95,1265312
1779872700,2026-05-27T14:35:00,23873.65,23879.45,23869.35,23870.05,1369674
1779872760,2026-05-27T14:36:00,23870.15,23871.6,23859.85,23860.35,1462692
1779872820,2026-05-27T14:37:00,23860.25,23870.3,23858.25,23868.7,1738578
1779872880,2026-05-27T14:38:00,23869.7,23885.75,23868.35,23885.4,1969164
1779872940,2026-05-27T14:39:00,23885.2,23886.5,23878.0,23881.75,2407050
1779873000,2026-05-27T14:40:00,23881.4,23884.65,23876.7,23884.65,2366473
1779873060,2026-05-27T14:41:00,23884.35,23887.3,23880.3,23882.5,2137926
1779873120,2026-05-27T14:42:00,23882.7,23883.6,23870.15,23870.75,2568132
1779873180,2026-05-27T14:43:00,23871.45,23878.05,23868.8,23874.85,2677643
1779873240,2026-05-27T14:44:00,23874.5,23879.05,23872.0,23875.05,2390968
1779873300,2026-05-27T14:45:00,23875.4,23879.25,23871.75,23873.75,2028241
1779873360,2026-05-27T14:46:00,23872.95,23875.05,23868.6,23872.0,2100523
1779873420,2026-05-27T14:47:00,23872.9,23874.05,23867.35,23867.6,1747241
1779873480,2026-05-27T14:48:00,23868.5,23872.85,23866.95,23869.2,1504988
1779873540,2026-05-27T14:49:00,23869.7,23879.6,23869.5,23878.9,2275592
1779873600,2026-05-27T14:50:00,23879.05,23880.4,23874.65,23879.55,1856055
1779873660,2026-05-27T14:51:00,23879.45,23886.0,23878.8,23878.8,1955489
1779873720,2026-05-27T14:52:00,23878.95,23882.25,23872.95,23876.65,2634968
1779873780,2026-05-27T14:53:00,23876.95,23883.6,23871.7,23872.15,3308592
1779873840,2026-05-27T14:54:00,23871.65,23885.1,23870.4,23881.35,2177014
1779873900,2026-05-27T14:55:00,23882.15,23888.6,23881.15,23882.75,1943795
1779873960,2026-05-27T14:56:00,23882.7,23889.9,23882.5,23888.1,1430909
1779874020,2026-05-27T14:57:00,23887.85,23892.85,23886.6,23892.35,1666422
1779874080,2026-05-27T14:58:00,23892.6,23900.75,23892.6,23897.25,1876223
1779874140,2026-05-27T14:59:00,23897.8,23901.05,23895.7,23896.55,1744751
1779874200,2026-05-27T15:00:00,23896.75,23897.4,23884.55,23884.55,3018458
1779874260,2026-05-27T15:01:00,23885.8,23892.6,23883.75,23891.25,2600908
1779874320,2026-05-27T15:02:00,23891.7,23892.0,23879.15,23883.35,2505403
1779874380,2026-05-27T15:03:00,23883.4,23894.25,23881.65,23893.65,2874108
1779874440,2026-05-27T15:04:00,23893.0,23893.9,23886.05,23888.2,2269870
1779874500,2026-05-27T15:05:00,23888.4,23892.4,23886.8,23887.05,2379577
1779874560,2026-05-27T15:06:00,23887.85,23888.9,23880.7,23888.9,3564460
1779874620,2026-05-27T15:07:00,23889.3,23895.2,23887.4,23893.2,2448175
1779874680,2026-05-27T15:08:00,23893.55,23897.2,23889.2,23890.45,2224465
1779874740,2026-05-27T15:09:00,23892.15,23901.8,23892.15,23900.45,1967373
1779874800,2026-05-27T15:10:00,23900.6,23901.6,23897.45,23899.35,2623440
1779874860,2026-05-27T15:11:00,23899.55,23900.8,23892.15,23892.75,2620486
1779874920,2026-05-27T15:12:00,23892.1,23903.5,23892.1,23902.15,3043270
1779874980,2026-05-27T15:13:00,23903.8,23906.45,23899.25,23899.65,3015564
1779875040,2026-05-27T15:14:00,23899.1,23902.8,23897.45,23902.8,2897855
1779875100,2026-05-27T15:15:00,23903.8,23914.3,23902.5,23911.7,3678116
1779875160,2026-05-27T15:16:00,23911.5,23919.75,23905.65,23918.45,3922212
1779875220,2026-05-27T15:17:00,23918.75,23920.15,23913.2,23914.35,3491121
1779875280,2026-05-27T15:18:00,23915.4,23919.2,23911.4,23917.35,4039281
1779875340,2026-05-27T15:19:00,23918.1,23926.85,23917.3,23919.85,3407086
1779875400,2026-05-27T15:20:00,23920.25,23923.0,23918.9,23921.65,3291472
1779875460,2026-05-27T15:21:00,23922.3,23925.55,23920.35,23925.25,3559103
1779875520,2026-05-27T15:22:00,23925.4,23925.55,23921.45,23923.8,3321967
1779875580,2026-05-27T15:23:00,23924.05,23926.6,23921.9,23922.65,2906920
1779875640,2026-05-27T15:24:00,23922.6,23923.15,23914.3,23916.4,3685264
1779875700,2026-05-27T15:25:00,23916.25,23924.25,23914.55,23922.4,4489437
1779875760,2026-05-27T15:26:00,23922.4,23926.35,23918.8,23921.0,3796249
1779875820,2026-05-27T15:27:00,23921.05,23923.85,23917.95,23921.15,4883200
1779875880,2026-05-27T15:28:00,23921.05,23926.7,23918.1,23919.9,3604078
1779875940,2026-05-27T15:29:00,23918.4,23924.6,23915.05,23921.6,2820528
1780026300,2026-05-29T09:15:00,23902.15,24002.8,23902.0,23971.85,16053611
1780026360,2026-05-29T09:16:00,23972.75,23972.75,23932.1,23934.8,22774894
1780026420,2026-05-29T09:17:00,23934.8,23959.25,23932.85,23948.0,9114112
1780026480,2026-05-29T09:18:00,23949.55,23958.45,23944.35,23950.1,4515559
1780026540,2026-05-29T09:19:00,23950.3,23964.9,23950.0,23963.3,4140167
1780026600,2026-05-29T09:20:00,23962.05,23976.15,23958.25,23960.45,3964899
1780026660,2026-05-29T09:21:00,23960.35,23965.15,23944.7,23947.8,3251297
1780026720,2026-05-29T09:22:00,23947.3,23952.95,23943.25,23945.75,3662649
1780026780,2026-05-29T09:23:00,23946.45,23948.75,23937.95,23942.65,4195503
1780026840,2026-05-29T09:24:00,23942.85,23952.1,23932.4,23933.1,3689680
1780026900,2026-05-29T09:25:00,23932.3,23938.35,23924.75,23925.15,4561341
1780026960,2026-05-29T09:26:00,23923.6,23928.25,23914.35,23924.15,3979847
1780027020,2026-05-29T09:27:00,23923.35,23925.75,23914.85,23917.8,5247510
1780027080,2026-05-29T09:28:00,23918.05,23919.8,23892.35,23894.25,4161685
1780027140,2026-05-29T09:29:00,23893.7,23906.35,23889.15,23893.4,3642035
1780027200,2026-05-29T09:30:00,23892.2,23905.4,23885.4,23898.1,3624616
1780027260,2026-05-29T09:31:00,23898.6,23915.55,23897.6,23903.05,4412180
1780027320,2026-05-29T09:32:00,23903.2,23912.75,23899.55,23900.25,4054179
1780027380,2026-05-29T09:33:00,23900.45,23905.1,23895.75,23904.2,2638065
1780027440,2026-05-29T09:34:00,23903.95,23907.35,23892.9,23898.1,2600050
1780027500,2026-05-29T09:35:00,23898.65,23918.25,23898.3,23916.05,2534848
1780027560,2026-05-29T09:36:00,23916.9,23928.4,23916.2,23922.55,2503370
1780027620,2026-05-29T09:37:00,23922.45,23933.6,23922.45,23933.35,2424220
1780027680,2026-05-29T09:38:00,23933.45,23933.85,23912.25,23913.4,2842500
1780027740,2026-05-29T09:39:00,23913.25,23926.95,23912.1,23922.65,5340537
1780027800,2026-05-29T09:40:00,23923.4,23933.0,23917.45,23917.45,2281230
1780027860,2026-05-29T09:41:00,23915.75,23918.85,23901.15,23901.9,2234728
1780027920,2026-05-29T09:42:00,23902.05,23903.05,23894.35,23900.9,2136223
1780027980,2026-05-29T09:43:00,23899.4,23902.75,23880.25,23880.8,2133648
1780028040,2026-05-29T09:44:00,23880.95,23880.95,23872.6,23875.75,1843636
1780028100,2026-05-29T09:45:00,23875.8,23899.65,23871.1,23898.0,1908162
1780028160,2026-05-29T09:46:00,23897.7,23902.95,23896.8,23898.4,1498671
1780028220,2026-05-29T09:47:00,23897.85,23909.2,23893.85,23894.3,1640479
1780028280,2026-05-29T09:48:00,23894.4,23913.6,23891.95,23911.5,1435456
1780028340,2026-05-29T09:49:00,23911.55,23913.1,23905.45,23912.0,1704954
1780028400,2026-05-29T09:50:00,23911.2,23912.75,23906.3,23911.65,1274140
1780028460,2026-05-29T09:51:00,23911.0,23913.95,23910.05,23913.3,1237145
1780028520,2026-05-29T09:52:00,23913.3,23913.9,23904.35,23912.05,1571275
1780028580,2026-05-29T09:53:00,23911.8,23921.7,23911.05,23920.5,1469610
1780028640,2026-05-29T09:54:00,23920.55,23922.8,23903.05,23904.05,1327837
1780028700,2026-05-29T09:55:00,23903.85,23905.1,23890.0,23890.05,2132399
1780028760,2026-05-29T09:56:00,23889.75,23894.45,23887.4,23888.95,1306005
1780028820,2026-05-29T09:57:00,23888.6,23901.55,23888.45,23897.15,1475359
1780028880,2026-05-29T09:58:00,23897.15,23902.05,23892.65,23900.95,1057805
1780028940,2026-05-29T09:59:00,23901.85,23907.7,23900.35,23907.45,1516599
1780029000,2026-05-29T10:00:00,23907.45,23917.25,23906.7,23907.5,1146894
1780029060,2026-05-29T10:01:00,23907.6,23911.3,23901.0,23901.0,1045469
1780029120,2026-05-29T10:02:00,23900.4,23913.25,23894.75,23912.8,1603258
1780029180,2026-05-29T10:03:00,23912.85,23931.35,23912.45,23925.9,1323917
1780029240,2026-05-29T10:04:00,23924.8,23930.1,23922.45,23928.45,1492181
1780029300,2026-05-29T10:05:00,23928.2,23943.65,23928.1,23942.3,1360477
1780029360,2026-05-29T10:06:00,23941.7,23947.15,23941.7,23942.9,966036
1780029420,2026-05-29T10:07:00,23942.8,23954.5,23941.45,23950.9,961038
1780029480,2026-05-29T10:08:00,23950.3,23953.2,23944.45,23947.5,866588
1780029540,2026-05-29T10:09:00,23947.2,23950.8,23940.55,23943.2,1171637
1780029600,2026-05-29T10:10:00,23942.5,23947.4,23941.55,23943.4,1354863
1780029660,2026-05-29T10:11:00,23943.35,23948.0,23941.8,23942.1,1109645
1780029720,2026-05-29T10:12:00,23941.85,23950.15,23939.95,23949.0,1592023
1780029780,2026-05-29T10:13:00,23948.75,23949.85,23933.4,23935.25,1191441
1780029840,2026-05-29T10:14:00,23935.5,23947.1,23935.4,23945.7,1640968
1780029900,2026-05-29T10:15:00,23946.1,23951.9,23942.05,23942.85,1084817
1780029960,2026-05-29T10:16:00,23942.8,23943.85,23934.8,23941.05,1133293
1780030020,2026-05-29T10:17:00,23941.0,23941.9,23936.75,23938.55,1214527
1780030080,2026-05-29T10:18:00,23937.75,23938.65,23931.45,23935.35,983097
1780030140,2026-05-29T10:19:00,23935.25,23937.75,23932.4,23933.95,1503215
1780030200,2026-05-29T10:20:00,23934.4,23939.8,23932.6,23932.6,1607549
1780030260,2026-05-29T10:21:00,23933.2,23938.5,23931.1,23931.95,1025003
1780030320,2026-05-29T10:22:00,23931.55,23935.15,23929.6,23932.75,1168921
1780030380,2026-05-29T10:23:00,23933.65,23944.05,23930.2,23942.95,1467839
1780030440,2026-05-29T10:24:00,23943.4,23947.35,23933.8,23936.9,1325000
1780030500,2026-05-29T10:25:00,23936.95,23941.55,23928.6,23928.6,1100411
1780030560,2026-05-29T10:26:00,23929.2,23929.8,23920.25,23921.4,1025917
1780030620,2026-05-29T10:27:00,23921.75,23928.45,23920.0,23920.5,804727
1780030680,2026-05-29T10:28:00,23920.9,23921.25,23914.15,23915.55,849914
1780030740,2026-05-29T10:29:00,23915.4,23916.9,23908.95,23911.65,917197
1780030800,2026-05-29T10:30:00,23911.2,23912.6,23902.4,23903.45,1307207
1780030860,2026-05-29T10:31:00,23904.15,23910.65,23903.1,23907.75,937844
1780030920,2026-05-29T10:32:00,23906.85,23916.0,23906.5,23914.35,786025
1780030980,2026-05-29T10:33:00,23914.55,23915.6,23912.2,23912.85,1085813
1780031040,2026-05-29T10:34:00,23913.05,23920.65,23911.8,23918.95,801588
1780031100,2026-05-29T10:35:00,23918.65,23921.25,23917.1,23918.9,719296
1780031160,2026-05-29T10:36:00,23918.85,23925.75,23918.8,23921.05,1069707
1780031220,2026-05-29T10:37:00,23922.1,23929.65,23921.85,23926.4,866749
1780031280,2026-05-29T10:38:00,23926.8,23927.25,23917.25,23917.95,757498
1780031340,2026-05-29T10:39:00,23919.4,23922.55,23916.4,23916.55,902156
1780031400,2026-05-29T10:40:00,23915.2,23919.45,23907.25,23907.55,1233317
1780031460,2026-05-29T10:41:00,23907.85,23917.2,23906.7,23916.65,957798
1780031520,2026-05-29T10:42:00,23916.65,23921.0,23911.1,23913.25,1364154
1780031580,2026-05-29T10:43:00,23913.45,23915.0,23908.95,23908.95,922491
1780031640,2026-05-29T10:44:00,23908.6,23909.9,23900.45,23900.65,833428
1780031700,2026-05-29T10:45:00,23900.9,23901.05,23893.0,23900.15,1291455
1780031760,2026-05-29T10:46:00,23899.95,23901.25,23893.25,23895.15,1794275
1780031820,2026-05-29T10:47:00,23894.95,23895.55,23890.35,23891.85,978126
1780031880,2026-05-29T10:48:00,23891.9,23895.2,23889.35,23891.85,718334
1780031940,2026-05-29T10:49:00,23891.8,23896.4,23889.7,23896.2,714517
1780032000,2026-05-29T10:50:00,23896.2,23896.35,23888.65,23890.7,447953
1780032060,2026-05-29T10:51:00,23890.55,23894.1,23886.7,23886.7,776472
1780032120,2026-05-29T10:52:00,23887.05,23890.55,23885.9,23890.2,1014923
1780032180,2026-05-29T10:53:00,23889.6,23891.55,23879.05,23879.75,888936
1780032240,2026-05-29T10:54:00,23879.65,23887.15,23877.65,23883.4,1068981
1780032300,2026-05-29T10:55:00,23884.45,23889.35,23879.65,23888.75,830005
1780032360,2026-05-29T10:56:00,23888.7,23903.05,23885.65,23902.9,1075821
1780032420,2026-05-29T10:57:00,23902.7,23907.8,23902.05,23903.85,1002545
1780032480,2026-05-29T10:58:00,23903.35,23905.2,23902.25,23904.2,887417
1780032540,2026-05-29T10:59:00,23904.85,23905.3,23902.15,23903.1,805839
1780032600,2026-05-29T11:00:00,23902.8,23909.7,23902.65,23907.7,633450
1780032660,2026-05-29T11:01:00,23906.95,23908.4,23903.35,23906.2,707441
1780032720,2026-05-29T11:02:00,23905.85,23905.85,23898.7,23902.5,757001
1780032780,2026-05-29T11:03:00,23902.15,23905.85,23900.65,23903.45,695083
1780032840,2026-05-29T11:04:00,23903.55,23911.2,23902.7,23908.85,902343
1780032900,2026-05-29T11:05:00,23908.85,23911.55,23905.0,23909.55,977148
1780032960,2026-05-29T11:06:00,23910.2,23910.3,23904.75,23906.05,955682
1780033020,2026-05-29T11:07:00,23906.1,23909.2,23904.95,23908.5,838385
1780033080,2026-05-29T11:08:00,23908.65,23911.45,23907.15,23907.15,720618
1780033140,2026-05-29T11:09:00,23907.2,23908.9,23904.85,23908.3,771391
1780033200,2026-05-29T11:10:00,23907.9,23912.7,23906.65,23910.55,742349
1780033260,2026-05-29T11:11:00,23910.65,23911.4,23894.9,23899.55,843160
1780033320,2026-05-29T11:12:00,23899.2,23902.7,23896.35,23897.85,654217
1780033380,2026-05-29T11:13:00,23897.8,23897.8,23892.75,23894.85,607701
1780033440,2026-05-29T11:14:00,23894.4,23899.4,23894.3,23896.85,735481
1780033500,2026-05-29T11:15:00,23897.2,23902.65,23895.25,23896.75,862067
1780033560,2026-05-29T11:16:00,23896.6,23902.1,23896.6,23898.75,850487
1780033620,2026-05-29T11:17:00,23899.0,23910.15,23897.85,23907.15,1102109
1780033680,2026-05-29T11:18:00,23907.75,23909.1,23905.6,23906.55,636738
1780033740,2026-05-29T11:19:00,23906.9,23909.2,23903.8,23903.9,620533
1780033800,2026-05-29T11:20:00,23903.55,23905.0,23898.35,23899.3,601272
1780033860,2026-05-29T11:21:00,23898.65,23902.9,23898.65,23901.65,497292
1780033920,2026-05-29T11:22:00,23901.8,23902.45,23896.0,23896.95,733048
1780033980,2026-05-29T11:23:00,23897.05,23905.2,23895.25,23902.1,1080187
1780034040,2026-05-29T11:24:00,23902.6,23903.2,23899.05,23902.95,531337
1780034100,2026-05-29T11:25:00,23902.95,23903.55,23899.75,23901.4,529419
1780034160,2026-05-29T11:26:00,23901.3,23902.25,23897.8,23898.6,537645
1780034220,2026-05-29T11:27:00,23898.25,23899.3,23894.4,23895.2,769351
1780034280,2026-05-29T11:28:00,23895.3,23897.4,23894.55,23895.6,895825
1780034340,2026-05-29T11:29:00,23895.25,23896.3,23888.95,23889.55,965162
1780034400,2026-05-29T11:30:00,23889.2,23893.55,23888.7,23889.5,722600
1780034460,2026-05-29T11:31:00,23889.6,23892.55,23887.7,23888.85,887728
1780034520,2026-05-29T11:32:00,23887.9,23892.25,23886.45,23888.6,668264
1780034580,2026-05-29T11:33:00,23888.8,23889.95,23880.65,23881.5,1303757
1780034640,2026-05-29T11:34:00,23881.6,23882.45,23875.45,23876.8,777935
1780034700,2026-05-29T11:35:00,23877.3,23882.5,23875.35,23882.15,848550
1780034760,2026-05-29T11:36:00,23882.3,23888.1,23882.3,23887.4,774216
1780034820,2026-05-29T11:37:00,23887.95,23888.85,23883.0,23886.55,2627010
1780034880,2026-05-29T11:38:00,23886.35,23888.35,23882.75,23885.75,779402
1780034940,2026-05-29T11:39:00,23885.85,23894.5,23884.9,23886.75,874212
1780035000,2026-05-29T11:40:00,23886.05,23888.9,23884.15,23885.5,690075
1780035060,2026-05-29T11:41:00,23884.5,23886.9,23880.45,23881.6,640021
1780035120,2026-05-29T11:42:00,23882.05,23884.9,23880.0,23880.95,1172314
1780035180,2026-05-29T11:43:00,23881.0,23881.0,23876.2,23876.3,702331
1780035240,2026-05-29T11:44:00,23876.35,23888.55,23876.25,23885.9,1060272
1780035300,2026-05-29T11:45:00,23885.55,23892.05,23883.35,23890.85,779359
1780035360,2026-05-29T11:46:00,23891.0,23892.35,23886.3,23890.25,629849
1780035420,2026-05-29T11:47:00,23890.6,23893.45,23886.95,23887.45,745029
1780035480,2026-05-29T11:48:00,23887.8,23890.45,23883.75,23885.25,720927
1780035540,2026-05-29T11:49:00,23886.15,23897.0,23884.85,23892.95,1417250
1780035600,2026-05-29T11:50:00,23892.55,23898.4,23891.85,23896.3,790430
1780035660,2026-05-29T11:51:00,23896.4,23896.45,23892.25,23893.5,749964
1780035720,2026-05-29T11:52:00,23893.7,23900.4,23893.05,23898.4,1533595
1780035780,2026-05-29T11:53:00,23899.25,23907.8,23898.65,23907.6,1047010
1780035840,2026-05-29T11:54:00,23908.0,23914.0,23907.05,23907.8,991358
1780035900,2026-05-29T11:55:00,23908.0,23908.15,23896.85,23899.1,1249680
1780035960,2026-05-29T11:56:00,23898.4,23899.4,23888.7,23889.2,1261784
1780036020,2026-05-29T11:57:00,23888.7,23894.9,23888.1,23890.95,613693
1780036080,2026-05-29T11:58:00,23890.6,23891.35,23888.05,23889.0,612457
1780036140,2026-05-29T11:59:00,23889.4,23892.85,23888.1,23890.8,645386
1780036200,2026-05-29T12:00:00,23890.3,23891.65,23884.5,23885.75,773453
1780036260,2026-05-29T12:01:00,23885.9,23887.5,23882.9,23885.5,548520
1780036320,2026-05-29T12:02:00,23885.45,23886.25,23875.5,23877.55,536289
1780036380,2026-05-29T12:03:00,23877.5,23877.5,23869.4,23870.5,676305
1780036440,2026-05-29T12:04:00,23870.25,23872.95,23865.2,23870.5,805585
1780036500,2026-05-29T12:05:00,23870.3,23871.35,23868.4,23869.1,497322
1780036560,2026-05-29T12:06:00,23868.85,23871.8,23868.25,23869.45,657088
1780036620,2026-05-29T12:07:00,23869.7,23870.75,23865.85,23867.85,599735
1780036680,2026-05-29T12:08:00,23867.55,23873.65,23867.15,23871.85,470348
1780036740,2026-05-29T12:09:00,23872.05,23874.55,23866.6,23867.4,735684
1780036800,2026-05-29T12:10:00,23866.85,23867.1,23861.05,23862.65,586299
1780036860,2026-05-29T12:11:00,23862.45,23863.65,23860.35,23861.3,562174
1780036920,2026-05-29T12:12:00,23861.05,23862.9,23851.25,23851.5,941209
1780036980,2026-05-29T12:13:00,23851.65,23852.55,23830.85,23831.05,1481989
1780037040,2026-05-29T12:14:00,23830.65,23841.5,23825.35,23835.7,1173841
1780037100,2026-05-29T12:15:00,23835.95,23836.0,23822.55,23822.6,700540
1780037160,2026-05-29T12:16:00,23822.45,23822.75,23815.1,23819.7,1220265
1780037220,2026-05-29T12:17:00,23819.85,23834.55,23819.85,23824.35,878869
1780037280,2026-05-29T12:18:00,23824.45,23830.4,23824.1,23828.05,603602
1780037340,2026-05-29T12:19:00,23827.55,23841.15,23826.55,23839.0,780762
1780037400,2026-05-29T12:20:00,23838.55,23839.35,23833.15,23835.75,668292
1780037460,2026-05-29T12:21:00,23835.55,23839.7,23835.0,23838.85,697476
1780037520,2026-05-29T12:22:00,23838.85,23847.05,23838.35,23842.65,623344
1780037580,2026-05-29T12:23:00,23842.0,23845.0,23840.85,23844.2,652392
1780037640,2026-05-29T12:24:00,23844.15,23850.5,23843.55,23849.1,886320
1780037700,2026-05-29T12:25:00,23849.1,23851.9,23848.1,23851.25,616597
1780037760,2026-05-29T12:26:00,23851.05,23853.15,23849.3,23852.8,634823
1780037820,2026-05-29T12:27:00,23853.2,23854.55,23850.8,23853.9,678184
1780037880,2026-05-29T12:28:00,23853.8,23857.75,23853.8,23856.8,707686
1780037940,2026-05-29T12:29:00,23856.6,23857.1,23853.5,23855.8,655502
1780038000,2026-05-29T12:30:00,23856.2,23856.6,23851.95,23852.7,722079
1780038060,2026-05-29T12:31:00,23852.5,23856.4,23851.95,23856.1,618954
1780038120,2026-05-29T12:32:00,23856.05,23858.2,23855.2,23856.45,860286
1780038180,2026-05-29T12:33:00,23856.4,23858.0,23850.7,23850.9,747136
1780038240,2026-05-29T12:34:00,23850.3,23850.7,23844.9,23845.6,941451
1780038300,2026-05-29T12:35:00,23846.15,23846.4,23841.0,23842.5,848589
1780038360,2026-05-29T12:36:00,23842.45,23850.3,23840.95,23848.15,843059
1780038420,2026-05-29T12:37:00,23848.2,23850.0,23846.75,23847.25,756155
1780038480,2026-05-29T12:38:00,23847.2,23847.9,23842.5,23846.7,692651
1780038540,2026-05-29T12:39:00,23846.7,23859.05,23846.65,23856.85,576006
1780038600,2026-05-29T12:40:00,23856.25,23857.5,23851.4,23856.95,634974
1780038660,2026-05-29T12:41:00,23856.4,23857.45,23852.7,23852.8,526582
1780038720,2026-05-29T12:42:00,23852.7,23856.4,23850.55,23851.05,634329
1780038780,2026-05-29T12:43:00,23850.5,23852.1,23846.35,23846.55,609579
1780038840,2026-05-29T12:44:00,23846.3,23853.7,23846.3,23849.9,677587
1780038900,2026-05-29T12:45:00,23849.85,23850.75,23845.6,23846.75,588001
1780038960,2026-05-29T12:46:00,23846.9,23849.2,23844.5,23849.2,653501
1780039020,2026-05-29T12:47:00,23849.55,23852.05,23848.05,23849.25,658846
1780039080,2026-05-29T12:48:00,23850.05,23855.25,23848.7,23850.55,630284
1780039140,2026-05-29T12:49:00,23850.75,23853.4,23849.05,23851.2,651335
1780039200,2026-05-29T12:50:00,23850.7,23851.85,23844.85,23845.45,686096
1780039260,2026-05-29T12:51:00,23845.45,23848.6,23843.2,23847.3,544821
1780039320,2026-05-29T12:52:00,23847.8,23850.4,23846.6,23849.25,512571
1780039380,2026-05-29T12:53:00,23848.55,23851.9,23848.55,23850.8,575322
1780039440,2026-05-29T12:54:00,23850.7,23851.45,23837.5,23838.55,847907
1780039500,2026-05-29T12:55:00,23837.35,23839.45,23833.9,23835.4,979213
1780039560,2026-05-29T12:56:00,23835.45,23836.0,23830.45,23834.15,999585
1780039620,2026-05-29T12:57:00,23834.6,23836.1,23825.6,23825.85,938182
1780039680,2026-05-29T12:58:00,23825.85,23832.25,23821.95,23830.6,839979
1780039740,2026-05-29T12:59:00,23830.3,23838.2,23829.75,23837.55,807762
1780039800,2026-05-29T13:00:00,23837.05,23838.3,23823.95,23826.2,1090344
1780039860,2026-05-29T13:01:00,23825.7,23826.1,23821.85,23824.0,1467415
1780039920,2026-05-29T13:02:00,23823.7,23824.7,23819.25,23821.3,673259
1780039980,2026-05-29T13:03:00,23821.2,23824.3,23820.05,23821.5,829039
1780040040,2026-05-29T13:04:00,23821.4,23822.15,23817.45,23818.25,614774
1780040100,2026-05-29T13:05:00,23818.35,23818.4,23811.25,23811.75,684534
1780040160,2026-05-29T13:06:00,23811.45,23817.2,23809.45,23811.5,910161
1780040220,2026-05-29T13:07:00,23811.4,23811.55,23805.25,23806.6,696564
1780040280,2026-05-29T13:08:00,23806.55,23808.7,23804.15,23804.75,857568
1780040340,2026-05-29T13:09:00,23804.7,23806.65,23798.4,23798.4,914085
1780040400,2026-05-29T13:10:00,23798.45,23802.8,23796.65,23796.85,861976
1780040460,2026-05-29T13:11:00,23797.35,23798.2,23785.85,23786.1,2735802
1780040520,2026-05-29T13:12:00,23786.6,23790.0,23783.7,23784.35,949533
1780040580,2026-05-29T13:13:00,23784.1,23785.4,23775.05,23775.55,1469490
1780040640,2026-05-29T13:14:00,23775.2,23776.4,23769.15,23769.25,1076433
1780040700,2026-05-29T13:15:00,23769.65,23769.65,23760.25,23761.2,1310893
1780040760,2026-05-29T13:16:00,23761.95,23774.45,23759.55,23773.4,1640712
1780040820,2026-05-29T13:17:00,23773.65,23781.7,23770.45,23781.4,1162696
1780040880,2026-05-29T13:18:00,23780.85,23789.5,23780.85,23788.7,801178
1780040940,2026-05-29T13:19:00,23787.9,23789.4,23779.35,23780.7,827114
1780041000,2026-05-29T13:20:00,23780.45,23782.6,23775.2,23782.35,964515
1780041060,2026-05-29T13:21:00,23781.15,23782.65,23775.95,23780.45,862891
1780041120,2026-05-29T13:22:00,23780.35,23782.0,23769.65,23772.1,1013994
1780041180,2026-05-29T13:23:00,23771.25,23773.2,23760.8,23762.6,1005512
1780041240,2026-05-29T13:24:00,23762.75,23776.6,23761.6,23772.5,1776569
1780041300,2026-05-29T13:25:00,23772.6,23779.45,23771.65,23776.0,753324
1780041360,2026-05-29T13:26:00,23776.8,23778.95,23772.35,23777.95,937689
1780041420,2026-05-29T13:27:00,23777.95,23781.05,23775.7,23776.65,914100
1780041480,2026-05-29T13:28:00,23776.65,23776.85,23765.5,23769.0,1241940
1780041540,2026-05-29T13:29:00,23768.4,23776.95,23768.25,23775.6,1000928
1780041600,2026-05-29T13:30:00,23775.35,23785.55,23774.85,23785.55,1215873
1780041660,2026-05-29T13:31:00,23784.8,23786.05,23778.7,23782.9,896450
1780041720,2026-05-29T13:32:00,23782.85,23783.75,23777.7,23778.3,787428
1780041780,2026-05-29T13:33:00,23778.4,23779.8,23775.05,23776.3,1321208
1780041840,2026-05-29T13:34:00,23776.3,23779.05,23771.9,23772.75,937612
1780041900,2026-05-29T13:35:00,23773.05,23777.7,23771.5,23776.55,857729
1780041960,2026-05-29T13:36:00,23776.9,23777.3,23765.95,23767.9,766161
1780042020,2026-05-29T13:37:00,23767.75,23776.65,23767.25,23775.75,831921
1780042080,2026-05-29T13:38:00,23776.0,23779.4,23775.0,23776.25,992548
1780042140,2026-05-29T13:39:00,23776.15,23776.95,23768.9,23769.4,790909
1780042200,2026-05-29T13:40:00,23769.35,23777.8,23767.2,23777.05,1599182
1780042260,2026-05-29T13:41:00,23776.1,23778.75,23771.25,23777.3,846800
1780042320,2026-05-29T13:42:00,23776.65,23780.3,23775.0,23777.15,1148560
1780042380,2026-05-29T13:43:00,23777.4,23778.05,23773.5,23774.35,1061824
1780042440,2026-05-29T13:44:00,23774.65,23777.3,23771.0,23773.4,1048934
1780042500,2026-05-29T13:45:00,23773.15,23775.1,23769.1,23771.45,1104751
1780042560,2026-05-29T13:46:00,23770.65,23773.55,23765.95,23773.15,1101165
1780042620,2026-05-29T13:47:00,23772.9,23773.4,23765.4,23765.95,1077037
1780042680,2026-05-29T13:48:00,23765.65,23766.7,23758.1,23763.15,979938
1780042740,2026-05-29T13:49:00,23763.1,23764.95,23751.65,23754.1,939156
1780042800,2026-05-29T13:50:00,23753.9,23762.45,23751.25,23762.3,951524
1780042860,2026-05-29T13:51:00,23762.45,23762.95,23749.35,23749.95,911795
1780042920,2026-05-29T13:52:00,23749.9,23750.9,23741.6,23744.95,1129583
1780042980,2026-05-29T13:53:00,23745.15,23749.65,23743.1,23745.75,930665
1780043040,2026-05-29T13:54:00,23745.3,23748.75,23739.7,23746.05,738472
1780043100,2026-05-29T13:55:00,23746.35,23749.4,23743.55,23748.55,803356
1780043160,2026-05-29T13:56:00,23748.5,23753.3,23746.3,23752.25,579407
1780043220,2026-05-29T13:57:00,23752.5,23763.4,23752.0,23763.3,913014
1780043280,2026-05-29T13:58:00,23763.45,23765.35,23755.1,23756.1,690314
1780043340,2026-05-29T13:59:00,23756.05,23759.1,23753.7,23757.65,612555
1780043400,2026-05-29T14:00:00,23758.05,23759.5,23750.75,23751.25,569543
1780043460,2026-05-29T14:01:00,23751.45,23751.6,23742.5,23743.15,654856
1780043520,2026-05-29T14:02:00,23743.55,23753.05,23742.8,23749.45,658681
1780043580,2026-05-29T14:03:00,23749.35,23753.6,23743.2,23744.7,774772
1780043640,2026-05-29T14:04:00,23744.5,23749.15,23743.25,23747.15,822100
1780043700,2026-05-29T14:05:00,23747.5,23748.0,23731.25,23733.0,1211624
1780043760,2026-05-29T14:06:00,23732.1,23748.2,23731.5,23742.9,1083059
1780043820,2026-05-29T14:07:00,23743.95,23746.45,23742.0,23745.3,786783
1780043880,2026-05-29T14:08:00,23744.95,23751.3,23744.45,23750.95,926908
1780043940,2026-05-29T14:09:00,23751.5,23751.9,23743.9,23744.2,878417
1780044000,2026-05-29T14:10:00,23744.6,23747.15,23742.0,23744.1,718130
1780044060,2026-05-29T14:11:00,23744.0,23746.6,23743.6,23745.85,595066
1780044120,2026-05-29T14:12:00,23746.6,23747.65,23743.5,23745.7,574432
1780044180,2026-05-29T14:13:00,23744.9,23746.65,23743.65,23746.6,758519
1780044240,2026-05-29T14:14:00,23746.3,23751.4,23744.3,23744.45,939005
1780044300,2026-05-29T14:15:00,23743.8,23745.05,23739.7,23740.35,933358
1780044360,2026-05-29T14:16:00,23740.05,23740.95,23736.2,23736.8,983138
1780044420,2026-05-29T14:17:00,23736.45,23744.3,23734.55,23742.95,910069
1780044480,2026-05-29T14:18:00,23743.05,23747.85,23741.7,23742.5,961877
1780044540,2026-05-29T14:19:00,23743.15,23744.05,23734.95,23736.8,866761
1780044600,2026-05-29T14:20:00,23736.0,23742.1,23732.65,23733.95,931071
1780044660,2026-05-29T14:21:00,23733.8,23743.75,23731.55,23742.6,1226620
1780044720,2026-05-29T14:22:00,23743.65,23747.9,23741.45,23745.15,715264
1780044780,2026-05-29T14:23:00,23744.8,23752.4,23743.85,23752.1,793204
1780044840,2026-05-29T14:24:00,23752.25,23753.2,23746.35,23749.35,724758
1780044900,2026-05-29T14:25:00,23749.15,23751.05,23742.8,23745.55,848097
1780044960,2026-05-29T14:26:00,23745.55,23751.25,23745.3,23747.25,726246
1780045020,2026-05-29T14:27:00,23746.75,23754.95,23746.75,23754.65,895523
1780045080,2026-05-29T14:28:00,23754.35,23759.55,23749.8,23758.1,858229
1780045140,2026-05-29T14:29:00,23758.1,23762.25,23757.35,23760.1,936572
1780045200,2026-05-29T14:30:00,23759.55,23779.1,23759.55,23775.55,1062013
1780045260,2026-05-29T14:31:00,23775.75,23777.1,23768.0,23774.85,780934
1780045320,2026-05-29T14:32:00,23774.65,23786.2,23774.1,23786.2,789619
1780045380,2026-05-29T14:33:00,23785.45,23799.25,23785.45,23798.65,1051252
1780045440,2026-05-29T14:34:00,23798.05,23802.05,23791.2,23792.55,992271
1780045500,2026-05-29T14:35:00,23792.65,23798.8,23792.4,23793.15,953875
1780045560,2026-05-29T14:36:00,23793.05,23795.55,23791.25,23794.15,792813
1780045620,2026-05-29T14:37:00,23794.0,23800.05,23787.15,23787.95,1074983
1780045680,2026-05-29T14:38:00,23787.3,23788.5,23782.3,23786.6,1087489
1780045740,2026-05-29T14:39:00,23786.7,23792.65,23784.2,23789.6,798405
1780045800,2026-05-29T14:40:00,23789.25,23790.1,23782.9,23784.35,1120875
1780045860,2026-05-29T14:41:00,23783.85,23788.6,23781.2,23785.15,1101692
1780045920,2026-05-29T14:42:00,23785.55,23795.05,23782.3,23791.35,1146748
1780045980,2026-05-29T14:43:00,23791.3,23794.25,23786.35,23786.35,978286
1780046040,2026-05-29T14:44:00,23786.2,23788.6,23782.6,23786.1,863057
1780046100,2026-05-29T14:45:00,23786.75,23788.85,23780.5,23782.1,974985
1780046160,2026-05-29T14:46:00,23781.6,23795.3,23778.05,23791.75,1567265
1780046220,2026-05-29T14:47:00,23792.25,23793.3,23781.5,23783.35,1086049
1780046280,2026-05-29T14:48:00,23783.6,23785.05,23779.35,23783.3,1202501
1780046340,2026-05-29T14:49:00,23783.15,23789.25,23783.15,23785.45,1237868
1780046400,2026-05-29T14:50:00,23785.75,23787.9,23781.1,23782.35,1271190
1780046460,2026-05-29T14:51:00,23781.95,23781.95,23768.3,23776.8,2208967
1780046520,2026-05-29T14:52:00,23776.9,23778.35,23772.9,23773.8,1697895
1780046580,2026-05-29T14:53:00,23773.3,23781.05,23772.35,23776.6,1073421
1780046640,2026-05-29T14:54:00,23777.4,23778.9,23771.7,23776.6,1251830
1780046700,2026-05-29T14:55:00,23775.65,23779.05,23765.4,23766.35,1425177
1780046760,2026-05-29T14:56:00,23766.2,23770.75,23766.15,23768.7,1064577
1780046820,2026-05-29T14:57:00,23769.7,23777.95,23766.85,23776.15,1076880
1780046880,2026-05-29T14:58:00,23776.7,23787.25,23773.8,23774.45,1352425
1780046940,2026-05-29T14:59:00,23775.0,23775.75,23752.25,23773.35,2655927
1780047000,2026-05-29T15:00:00,23773.3,23773.3,23682.5,23684.9,40828878
1780047060,2026-05-29T15:01:00,23685.4,23685.4,23639.2,23640.55,28784361
1780047120,2026-05-29T15:02:00,23640.65,23640.65,23605.65,23610.45,26268167
1780047180,2026-05-29T15:03:00,23611.1,23611.1,23584.35,23588.95,27134520
1780047240,2026-05-29T15:04:00,23587.75,23589.55,23566.1,23569.4,24614601
1780047300,2026-05-29T15:05:00,23570.6,23571.15,23549.8,23556.5,25718512
1780047360,2026-05-29T15:06:00,23556.05,23559.95,23544.3,23547.2,27929653
1780047420,2026-05-29T15:07:00,23546.55,23550.6,23530.1,23530.25,26033987
1780047480,2026-05-29T15:08:00,23532.85,23533.75,23515.7,23521.1,25170419
1780047540,2026-05-29T15:09:00,23522.9,23525.35,23511.05,23512.75,25344065
1780047600,2026-05-29T15:10:00,23512.85,23521.15,23505.6,23517.6,23711713
1780047660,2026-05-29T15:11:00,23518.4,23528.75,23516.4,23523.15,24097162
1780047720,2026-05-29T15:12:00,23522.25,23526.85,23515.05,23522.45,29803623
1780047780,2026-05-29T15:13:00,23522.95,23525.25,23513.25,23523.9,24446816
1780047840,2026-05-29T15:14:00,23523.65,23529.35,23522.05,23528.7,25952619
1780047900,2026-05-29T15:15:00,23527.2,23556.7,23525.4,23556.2,27809076
1780047960,2026-05-29T15:16:00,23556.15,23560.8,23541.35,23545.1,24597086
1780048020,2026-05-29T15:17:00,23542.95,23549.1,23539.6,23547.35,22978421
1780048080,2026-05-29T15:18:00,23547.7,23553.3,23545.1,23547.2,24879952
1780048140,2026-05-29T15:19:00,23547.5,23554.05,23538.35,23538.35,21401384
1780048200,2026-05-29T15:20:00,23539.7,23540.8,23524.4,23528.7,23272946
1780048260,2026-05-29T15:21:00,23527.4,23532.05,23516.9,23524.2,22892926
1780048320,2026-05-29T15:22:00,23521.95,23523.8,23514.75,23519.25,21498376
1780048380,2026-05-29T15:23:00,23518.85,23523.35,23500.6,23503.15,25558299
1780048440,2026-05-29T15:24:00,23502.75,23503.6,23486.85,23490.5,24594014
1780048500,2026-05-29T15:25:00,23490.8,23506.55,23484.75,23496.65,27441555
1780048560,2026-05-29T15:26:00,23496.25,23502.2,23491.1,23499.35,21025707
1780048620,2026-05-29T15:27:00,23499.9,23526.1,23496.4,23525.2,25258932
1780048680,2026-05-29T15:28:00,23525.95,23576.75,23514.65,23569.2,15012957
1780048740,2026-05-29T15:29:00,23572.65,23618.0,23571.2,23609.3,6480341
