Epoch,Timestamp,Open,High,Low,Close
1788493500,2026-09-04T09:15:00,23915.45,23948.35,23914.8,23938.85
1788493515,2026-09-04T09:15:15,23941.1,23941.1,23928.05,23928.95
1788493530,2026-09-04T09:15:30,23928.65,23929.1,23911.7,23914.8
1788493545,2026-09-04T09:15:45,23916.75,23916.75,23903.15,23906.8
1788493560,2026-09-04T09:16:00,23908.3,23917.8,23907.55,23917.5
1788493575,2026-09-04T09:16:15,23919.15,23934.05,23919.15,23934.05
1788493590,2026-09-04T09:16:30,23933.9,23934.7,23930.3,23931.4
1788493605,2026-09-04T09:16:45,23931.95,23932.5,23925.5,23928.25
1788493620,2026-09-04T09:17:00,23931.1,23931.1,23923.5,23924.55
1788493635,2026-09-04T09:17:15,23923.9,23924.35,23916,23921.35
1788493650,2026-09-04T09:17:30,23922.4,23924.55,23921.45,23923.35
1788493665,2026-09-04T09:17:45,23923.15,23924.45,23919.9,23922.3
1788493680,2026-09-04T09:18:00,23922.9,23924.85,23921.55,23922.85
1788493695,2026-09-04T09:18:15,23922.65,23924.65,23917.4,23924.65
1788493710,2026-09-04T09:18:30,23924.55,23926.55,23921.75,23922
1788493725,2026-09-04T09:18:45,23922.2,23928.8,23922.1,23928.4
1788493740,2026-09-04T09:19:00,23928.1,23932.15,23928.1,23930.55
1788493755,2026-09-04T09:19:15,23932.3,23936.45,23930.45,23930.7
1788493770,2026-09-04T09:19:30,23931.05,23931.05,23925.8,23927.35
1788493785,2026-09-04T09:19:45,23926.6,23928.6,23925.2,23927.2
1788493800,2026-09-04T09:20:00,23928.1,23931.3,23927.45,23928.7
1788493815,2026-09-04T09:20:15,23928.4,23929.15,23924.15,23928
1788493830,2026-09-04T09:20:30,23928.3,23929.1,23925.6,23925.6
1788493845,2026-09-04T09:20:45,23926.75,23926.75,23923.75,23923.9
1788493860,2026-09-04T09:21:00,23924.25,23926.95,23919.95,23920.6
1788493875,2026-09-04T09:21:15,23920.45,23923.1,23919.35,23920.2
1788493890,2026-09-04T09:21:30,23920.2,23922.75,23916.6,23916.95
1788493905,2026-09-04T09:21:45,23916.3,23917.5,23913.8,23916.35
1788493920,2026-09-04T09:22:00,23916.75,23917.2,23910.6,23912.7
1788493935,2026-09-04T09:22:15,23912.65,23916.25,23911.1,23913.25
1788493950,2026-09-04T09:22:30,23913.85,23915.25,23910.3,23912.45
1788493965,2026-09-04T09:22:45,23912.1,23913.55,23910.75,23912.05
1788493980,2026-09-04T09:23:00,23912.4,23916.05,23910.7,23913.45
1788493995,2026-09-04T09:23:15,23913.7,23914.05,23910.05,23913.35
1788494010,2026-09-04T09:23:30,23912.85,23914.6,23911.95,23911.95
1788494025,2026-09-04T09:23:45,23912.15,23916.5,23912.1,23916.05
1788494040,2026-09-04T09:24:00,23916.65,23920.65,23916.1,23920.25
1788494055,2026-09-04T09:24:15,23920.4,23922.35,23918.35,23920.35
1788494070,2026-09-04T09:24:30,23919.95,23920.9,23915.95,23916.2
1788494085,2026-09-04T09:24:45,23916.1,23917.75,23914.5,23915.3
1788494100,2026-09-04T09:25:00,23916.55,23920.05,23916.45,23919.4
1788494115,2026-09-04T09:25:15,23918.9,23921.8,23918.7,23920.65
1788494130,2026-09-04T09:25:30,23921.15,23923.35,23920.85,23923.1
1788494145,2026-09-04T09:25:45,23922.8,23923.2,23920.1,23920.35
1788494160,2026-09-04T09:26:00,23920.8,23922.05,23917.9,23918.15
1788494175,2026-09-04T09:26:15,23917.7,23919.55,23915.65,23916.75
1788494190,2026-09-04T09:26:30,23917.9,23917.9,23914.3,23916.3
1788494205,2026-09-04T09:26:45,23915.55,23916.65,23912.8,23913.35
1788494220,2026-09-04T09:27:00,23913.5,23914.65,23911.45,23912
1788494235,2026-09-04T09:27:15,23912.3,23912.45,23908.3,23910.2
1788494250,2026-09-04T09:27:30,23910.8,23910.8,23906.25,23907.6
1788494265,2026-09-04T09:27:45,23907.8,23908.4,23903.25,23903.25
1788494280,2026-09-04T09:28:00,23904.15,23905.65,23900.25,23901.7
1788494295,2026-09-04T09:28:15,23901.65,23904.5,23900.2,23902.45
1788494310,2026-09-04T09:28:30,23903.7,23907.05,23902.5,23907.05
1788494325,2026-09-04T09:28:45,23906.7,23909.05,23905.95,23907.7
1788494340,2026-09-04T09:29:00,23909.2,23909.45,23907.2,23908.2
1788494355,2026-09-04T09:29:15,23908.4,23909.3,23906.1,23906.85
1788494370,2026-09-04T09:29:30,23907.75,23911.25,23906.95,23909.7
1788494385,2026-09-04T09:29:45,23909.35,23912.7,23907.5,23908.35
1788494400,2026-09-04T09:30:00,23908.7,23910.6,23908,23910.45
1788494415,2026-09-04T09:30:15,23910.7,23912.45,23907.2,23907.3
1788494430,2026-09-04T09:30:30,23908.45,23909.75,23907.1,23908.95
1788494445,2026-09-04T09:30:45,23908.85,23909.05,23904.6,23905.6
1788494460,2026-09-04T09:31:00,23904.8,23906.25,23902.4,23903.85
1788494475,2026-09-04T09:31:15,23902.85,23903.15,23898.85,23900.7
1788494490,2026-09-04T09:31:30,23901.85,23901.85,23899.5,23900.75
1788494505,2026-09-04T09:31:45,23899.85,23901,23898.35,23899.6
1788494520,2026-09-04T09:32:00,23900.15,23904.2,23900.15,23903.05
1788494535,2026-09-04T09:32:15,23902.05,23904,23901.15,23901.8
1788494550,2026-09-04T09:32:30,23903.5,23903.5,23901.05,23902
1788494565,2026-09-04T09:32:45,23901.3,23903,23899.95,23899.95
1788494580,2026-09-04T09:33:00,23901.15,23903.9,23901.15,23902.95
1788494595,2026-09-04T09:33:15,23903.2,23903.8,23902.7,23903.55
1788494610,2026-09-04T09:33:30,23903.7,23904.8,23902.4,23904.8
1788494625,2026-09-04T09:33:45,23905.3,23907.35,23904.5,23905.4
1788494640,2026-09-04T09:34:00,23907.3,23916.3,23907,23914.15
1788494655,2026-09-04T09:34:15,23913.45,23915.05,23912.9,23914.5
1788494670,2026-09-04T09:34:30,23914.9,23916,23912.1,23912.45
1788494685,2026-09-04T09:34:45,23913.35,23913.35,23906.95,23907.2
1788494700,2026-09-04T09:35:00,23907.35,23908.95,23901.5,23901.6
1788494715,2026-09-04T09:35:15,23901.8,23903.7,23901.75,23903.4
1788494730,2026-09-04T09:35:30,23904.6,23904.6,23902.05,23902.05
1788494745,2026-09-04T09:35:45,23901.25,23903.25,23900.3,23901.4
1788494760,2026-09-04T09:36:00,23901.25,23901.85,23899.3,23900.05
1788494775,2026-09-04T09:36:15,23899.95,23901.2,23897.75,23898.25
1788494790,2026-09-04T09:36:30,23899.05,23900.35,23896,23896.8
1788494805,2026-09-04T09:36:45,23897.25,23900.1,23896.1,23900.1
1788494820,2026-09-04T09:37:00,23900.8,23905.05,23900.05,23903.8
1788494835,2026-09-04T09:37:15,23903.95,23904.25,23901.7,23903.1
1788494850,2026-09-04T09:37:30,23904.15,23905,23903.15,23904.95
1788494865,2026-09-04T09:37:45,23904.9,23905.25,23903.6,23904.1
1788494880,2026-09-04T09:38:00,23904.85,23906.2,23903.45,23905
1788494895,2026-09-04T09:38:15,23905.4,23906.95,23902.45,23902.45
1788494910,2026-09-04T09:38:30,23904,23904,23900.6,23901.4
1788494925,2026-09-04T09:38:45,23901.4,23901.7,23898.35,23900.1
1788494940,2026-09-04T09:39:00,23900.45,23902.35,23898.45,23902.35
1788494955,2026-09-04T09:39:15,23902.45,23904.5,23901.05,23902.5
1788494970,2026-09-04T09:39:30,23902.6,23903.75,23900.7,23902.15
1788494985,2026-09-04T09:39:45,23902.5,23905.05,23902.05,23904
1788495000,2026-09-04T09:40:00,23904.05,23907.1,23903.4,23906.7
1788495015,2026-09-04T09:40:15,23906.6,23908.75,23906.1,23908.55
1788495030,2026-09-04T09:40:30,23909.6,23913.9,23909,23913.35
1788495045,2026-09-04T09:40:45,23913.25,23913.25,23910.45,23911.85
1788495060,2026-09-04T09:41:00,23911.6,23913,23908.95,23909.65
1788495075,2026-09-04T09:41:15,23909.7,23910.75,23907.25,23908
1788495090,2026-09-04T09:41:30,23908.65,23909.7,23906.55,23907.8
1788495105,2026-09-04T09:41:45,23907.6,23907.8,23905.7,23906.05
1788495120,2026-09-04T09:42:00,23906.4,23908.7,23906.05,23906.15
1788495135,2026-09-04T09:42:15,23906.45,23907,23904.65,23905.75
1788495150,2026-09-04T09:42:30,23906.8,23907,23903.7,23905.05
1788495165,2026-09-04T09:42:45,23905.25,23905.8,23903.8,23904.7
1788495180,2026-09-04T09:43:00,23904.35,23907.55,23903.95,23905.9
1788495195,2026-09-04T09:43:15,23905.4,23906.85,23904.7,23905.2
1788495210,2026-09-04T09:43:30,23907.5,23908.6,23906,23908.15
1788495225,2026-09-04T09:43:45,23908.3,23908.9,23907.05,23908.5
1788495240,2026-09-04T09:44:00,23908.35,23911.05,23908.35,23908.95
1788495255,2026-09-04T09:44:15,23909.3,23912.25,23909.25,23912.1
1788495270,2026-09-04T09:44:30,23912.7,23913.6,23910.95,23911.5
1788495285,2026-09-04T09:44:45,23912.05,23912.85,23910,23910.55
1788495300,2026-09-04T09:45:00,23912.5,23914.55,23910.6,23914.55
1788495315,2026-09-04T09:45:15,23914.65,23918,23913.9,23918
1788495330,2026-09-04T09:45:30,23918.3,23921.75,23917.4,23921.25
1788495345,2026-09-04T09:45:45,23921.35,23926,23921.15,23924.75
1788495360,2026-09-04T09:46:00,23925.1,23929.6,23925.1,23928.65
1788495375,2026-09-04T09:46:15,23928.45,23929.65,23926.5,23926.5
1788495390,2026-09-04T09:46:30,23926.35,23928.15,23924.95,23926.05
1788495405,2026-09-04T09:46:45,23926.15,23927.55,23924.95,23925.85
1788495420,2026-09-04T09:47:00,23926.25,23927.85,23924.15,23924.9
1788495435,2026-09-04T09:47:15,23924.8,23925.75,23921.4,23922.25
1788495450,2026-09-04T09:47:30,23921.9,23926.05,23921.9,23925.3
1788495465,2026-09-04T09:47:45,23926.25,23926.4,23922.75,23924.45
1788495480,2026-09-04T09:48:00,23924.8,23926.45,23924.4,23924.8
1788495495,2026-09-04T09:48:15,23924.85,23927.1,23924.8,23927.1
1788495510,2026-09-04T09:48:30,23927.7,23929.05,23922.8,23924.15
1788495525,2026-09-04T09:48:45,23923.95,23924.55,23921.7,23922.9
1788495540,2026-09-04T09:49:00,23923.25,23927.45,23922.6,23927.45
1788495555,2026-09-04T09:49:15,23927.55,23928.05,23925.95,23926.95
1788495570,2026-09-04T09:49:30,23927.1,23928.25,23924.3,23924.95
1788495585,2026-09-04T09:49:45,23923.7,23927.05,23923.7,23925.45
1788495600,2026-09-04T09:50:00,23926.25,23928.7,23925.2,23928.7
1788495615,2026-09-04T09:50:15,23927.7,23929.45,23925.85,23927.95
1788495630,2026-09-04T09:50:30,23928.6,23930.05,23927.55,23929.9
1788495645,2026-09-04T09:50:45,23929.85,23932.2,23928.95,23930.55
1788495660,2026-09-04T09:51:00,23931.65,23932.75,23928.65,23929.85
1788495675,2026-09-04T09:51:15,23929.7,23932.7,23929,23930.05
1788495690,2026-09-04T09:51:30,23931.25,23936.75,23930.4,23934.1
1788495705,2026-09-04T09:51:45,23934.25,23938.35,23931.35,23936.8
1788495720,2026-09-04T09:52:00,23936.85,23938.85,23935.65,23937.15
1788495735,2026-09-04T09:52:15,23937.45,23940.2,23936.5,23939.35
1788495750,2026-09-04T09:52:30,23941.25,23941.25,23938.6,23939.55
1788495765,2026-09-04T09:52:45,23940.15,23943.4,23938.55,23943.4
1788495780,2026-09-04T09:53:00,23943.6,23947,23942.6,23943.25
1788495795,2026-09-04T09:53:15,23942.35,23945.5,23941.7,23945.25
1788495810,2026-09-04T09:53:30,23947.55,23947.55,23943.75,23944.35
1788495825,2026-09-04T09:53:45,23944.75,23945.75,23943.5,23945.6
1788495840,2026-09-04T09:54:00,23945.5,23946.8,23942.2,23943.25
1788495855,2026-09-04T09:54:15,23942,23944.4,23942,23943.8
1788495870,2026-09-04T09:54:30,23944.5,23945.05,23941.9,23942.1
1788495885,2026-09-04T09:54:45,23942.35,23946,23941.75,23945.15
1788495900,2026-09-04T09:55:00,23946,23948.95,23945.95,23947.25
1788495915,2026-09-04T09:55:15,23947.25,23951.15,23946.7,23950.35
1788495930,2026-09-04T09:55:30,23951.45,23952.3,23949.75,23951.75
1788495945,2026-09-04T09:55:45,23951.3,23951.6,23947.8,23948.65
1788495960,2026-09-04T09:56:00,23949.9,23951.1,23948.9,23949.95
1788495975,2026-09-04T09:56:15,23949.85,23950.5,23946,23947.25
1788495990,2026-09-04T09:56:30,23947.6,23950.85,23946.55,23950.2
1788496005,2026-09-04T09:56:45,23950.75,23950.75,23948.25,23948.75
1788496020,2026-09-04T09:57:00,23949.7,23950.3,23947.65,23949.25
1788496035,2026-09-04T09:57:15,23949.2,23951.35,23947.85,23949.9
1788496050,2026-09-04T09:57:30,23950.3,23951.5,23948.75,23950.05
1788496065,2026-09-04T09:57:45,23950.3,23951.35,23948.65,23950
1788496080,2026-09-04T09:58:00,23950.45,23952.9,23949.65,23949.75
1788496095,2026-09-04T09:58:15,23950,23953.3,23950,23953.2
1788496110,2026-09-04T09:58:30,23954.65,23954.65,23951.5,23953.4
1788496125,2026-09-04T09:58:45,23953.7,23954.9,23952.05,23952.05
1788496140,2026-09-04T09:59:00,23952.8,23954.3,23952,23953.1
1788496155,2026-09-04T09:59:15,23953.5,23954.6,23948.75,23949.4
1788496170,2026-09-04T09:59:30,23950.85,23951.75,23946.1,23947
1788496185,2026-09-04T09:59:45,23947.45,23950,23946.4,23948.4
1788496200,2026-09-04T10:00:00,23948.7,23950.55,23947.6,23948.75
1788496215,2026-09-04T10:00:15,23949.15,23949.7,23947.15,23947.15
1788496230,2026-09-04T10:00:30,23947.3,23950.2,23947.3,23949.9
1788496245,2026-09-04T10:00:45,23950.35,23952.8,23948.95,23952.4
1788496260,2026-09-04T10:01:00,23953.5,23960.8,23952.05,23960
1788496275,2026-09-04T10:01:15,23959.7,23960.9,23957.4,23958.5
1788496290,2026-09-04T10:01:30,23958.7,23959.7,23957.7,23958.35
1788496305,2026-09-04T10:01:45,23958.55,23959.8,23955.5,23956.6
1788496320,2026-09-04T10:02:00,23957.15,23959.55,23957,23958.75
1788496335,2026-09-04T10:02:15,23959.95,23959.95,23956.7,23956.7
1788496350,2026-09-04T10:02:30,23958,23958.45,23954.45,23954.45
1788496365,2026-09-04T10:02:45,23955.1,23957.65,23954.8,23956.15
1788496380,2026-09-04T10:03:00,23957.95,23960.7,23957.1,23959.8
1788496395,2026-09-04T10:03:15,23959.85,23961.25,23958.9,23960.05
1788496410,2026-09-04T10:03:30,23960.5,23962.15,23959.55,23959.9
1788496425,2026-09-04T10:03:45,23960.25,23960.45,23958.05,23959.7
1788496440,2026-09-04T10:04:00,23959.7,23962.45,23959.7,23961.55
1788496455,2026-09-04T10:04:15,23961.55,23961.55,23958.45,23958.7
1788496470,2026-09-04T10:04:30,23959.05,23962.25,23958.5,23959.1
1788496485,2026-09-04T10:04:45,23959.2,23961.2,23958.95,23959.3
1788496500,2026-09-04T10:05:00,23959.05,23961.2,23958.5,23959.6
1788496515,2026-09-04T10:05:15,23959.85,23959.85,23955.05,23955.55
1788496530,2026-09-04T10:05:30,23956.85,23956.85,23952.8,23953.65
1788496545,2026-09-04T10:05:45,23953.15,23954.6,23950.85,23951.5
1788496560,2026-09-04T10:06:00,23952,23953.7,23951.8,23952.4
1788496575,2026-09-04T10:06:15,23952.6,23952.85,23950.2,23952.5
1788496590,2026-09-04T10:06:30,23952.95,23954.15,23951.25,23952.5
1788496605,2026-09-04T10:06:45,23952.55,23953.25,23951.55,23952.65
1788496620,2026-09-04T10:07:00,23953.95,23954.15,23950,23951.55
1788496635,2026-09-04T10:07:15,23950.85,23952.05,23949.45,23951.3
1788496650,2026-09-04T10:07:30,23951.3,23953.4,23949.95,23952.65
1788496665,2026-09-04T10:07:45,23952.85,23952.85,23950.75,23950.8
1788496680,2026-09-04T10:08:00,23950.95,23953.3,23949.9,23951.65
1788496695,2026-09-04T10:08:15,23951.8,23952.1,23949.9,23951
1788496710,2026-09-04T10:08:30,23951.25,23951.9,23949.9,23951.9
1788496725,2026-09-04T10:08:45,23951.75,23952.4,23950.65,23950.7
1788496740,2026-09-04T10:09:00,23950.95,23952,23946.2,23946.4
1788496755,2026-09-04T10:09:15,23946.4,23948.05,23945.95,23947.25
1788496770,2026-09-04T10:09:30,23947.8,23949.2,23945.5,23945.85
1788496785,2026-09-04T10:09:45,23945.75,23947.65,23945.75,23945.9
1788496800,2026-09-04T10:10:00,23948.25,23948.5,23945.9,23946.35
1788496815,2026-09-04T10:10:15,23946.6,23947.55,23944.5,23945.5
1788496830,2026-09-04T10:10:30,23945.9,23946.55,23943.15,23943.45
1788496845,2026-09-04T10:10:45,23943.75,23943.75,23941.55,23942.05
1788496860,2026-09-04T10:11:00,23942.4,23944.8,23942.05,23943.3
1788496875,2026-09-04T10:11:15,23942.75,23945.2,23942.75,23944.95
1788496890,2026-09-04T10:11:30,23947.05,23947.05,23943.7,23944.45
1788496905,2026-09-04T10:11:45,23943.9,23944.85,23941.8,23942
1788496920,2026-09-04T10:12:00,23943.95,23945.5,23942.9,23945.2
1788496935,2026-09-04T10:12:15,23945.05,23946.25,23944.4,23945.4
1788496950,2026-09-04T10:12:30,23946.7,23946.8,23942.05,23942.25
1788496965,2026-09-04T10:12:45,23942.65,23943.6,23941.7,23941.7
1788496980,2026-09-04T10:13:00,23942.05,23942.95,23940.6,23941.1
1788496995,2026-09-04T10:13:15,23941,23941.1,23936.95,23937.65
1788497010,2026-09-04T10:13:30,23937.75,23938.85,23937.05,23937.15
1788497025,2026-09-04T10:13:45,23937.25,23937.45,23936.05,23936.85
1788497040,2026-09-04T10:14:00,23937.65,23938.65,23936.5,23937.6
1788497055,2026-09-04T10:14:15,23937.75,23939.6,23936.25,23938.8
1788497070,2026-09-04T10:14:30,23939.15,23940.6,23938,23939.9
1788497085,2026-09-04T10:14:45,23939.3,23940.85,23939.2,23939.45
1788497100,2026-09-04T10:15:00,23939.55,23940.95,23938.35,23939.3
1788497115,2026-09-04T10:15:15,23938.75,23939.2,23937.1,23937.75
1788497130,2026-09-04T10:15:30,23938.35,23940,23937.2,23938.45
1788497145,2026-09-04T10:15:45,23938.5,23939.95,23936.45,23936.6
1788497160,2026-09-04T10:16:00,23937.1,23940.55,23937.1,23938.55
1788497175,2026-09-04T10:16:15,23938.5,23941.35,23938.15,23940.95
1788497190,2026-09-04T10:16:30,23942,23944.1,23942,23942.95
1788497205,2026-09-04T10:16:45,23943.2,23944.1,23942.55,23943.9
1788497220,2026-09-04T10:17:00,23944,23947,23944,23946.05
1788497235,2026-09-04T10:17:15,23946.1,23947.7,23945.65,23946.05
1788497250,2026-09-04T10:17:30,23946.25,23947.85,23944.25,23946.2
1788497265,2026-09-04T10:17:45,23946.1,23946.85,23944.1,23944.1
1788497280,2026-09-04T10:18:00,23944.05,23946.25,23942.95,23946.25
1788497295,2026-09-04T10:18:15,23946.2,23947.65,23944.95,23947.4
1788497310,2026-09-04T10:18:30,23948.4,23949.85,23947.55,23948.95
1788497325,2026-09-04T10:18:45,23949,23952.7,23948.45,23951.45
1788497340,2026-09-04T10:19:00,23951.55,23952.4,23950.1,23951.45
1788497355,2026-09-04T10:19:15,23951,23951.75,23948.65,23948.65
1788497370,2026-09-04T10:19:30,23949.3,23949.75,23945.45,23946.95
1788497385,2026-09-04T10:19:45,23947.05,23948.15,23945.65,23946.15
1788497400,2026-09-04T10:20:00,23946.1,23948.35,23945.85,23948.3
1788497415,2026-09-04T10:20:15,23948,23950.05,23946.3,23949.65
1788497430,2026-09-04T10:20:30,23950,23950.65,23947.9,23949.85
1788497445,2026-09-04T10:20:45,23949.95,23951.65,23948.6,23951.65
1788497460,2026-09-04T10:21:00,23952.15,23952.45,23950.45,23951.5
1788497475,2026-09-04T10:21:15,23951.2,23952.85,23950.05,23951.15
1788497490,2026-09-04T10:21:30,23951.15,23953.15,23951.15,23952.85
1788497505,2026-09-04T10:21:45,23952.75,23955,23951.8,23954.2
1788497520,2026-09-04T10:22:00,23954.55,23954.95,23952.2,23953.35
1788497535,2026-09-04T10:22:15,23953.4,23955.3,23953.4,23955.3
1788497550,2026-09-04T10:22:30,23955.8,23955.8,23952.8,23953.8
1788497565,2026-09-04T10:22:45,23954.4,23956.05,23952.8,23954.55
1788497580,2026-09-04T10:23:00,23955.05,23956.4,23953.35,23954.45
1788497595,2026-09-04T10:23:15,23954.25,23955.15,23952.2,23952.2
1788497610,2026-09-04T10:23:30,23952.55,23953.8,23951.9,23952.8
1788497625,2026-09-04T10:23:45,23952.75,23953.7,23951.3,23952.15
1788497640,2026-09-04T10:24:00,23952.55,23953.25,23950.65,23951.4
1788497655,2026-09-04T10:24:15,23951.55,23952.9,23951.15,23952.25
1788497670,2026-09-04T10:24:30,23952.75,23953.55,23950.3,23951.9
1788497685,2026-09-04T10:24:45,23951.95,23952.85,23951.45,23951.85
1788497700,2026-09-04T10:25:00,23952.35,23955.05,23951.4,23954.6
1788497715,2026-09-04T10:25:15,23954.45,23956.65,23953.95,23956.1
1788497730,2026-09-04T10:25:30,23956.65,23958.25,23955.85,23956.7
1788497745,2026-09-04T10:25:45,23956.6,23957.4,23955.55,23956.05
1788497760,2026-09-04T10:26:00,23956.4,23958,23955.3,23956.9
1788497775,2026-09-04T10:26:15,23956.6,23956.8,23955,23955.75
1788497790,2026-09-04T10:26:30,23955.9,23957.5,23954.8,23954.95
1788497805,2026-09-04T10:26:45,23955.6,23956.05,23954,23954.35
1788497820,2026-09-04T10:27:00,23955.5,23957.9,23954.8,23956.2
1788497835,2026-09-04T10:27:15,23956.35,23957.65,23956.35,23956.95
1788497850,2026-09-04T10:27:30,23957.2,23958.1,23955.55,23956.95
1788497865,2026-09-04T10:27:45,23956.95,23958.2,23955.45,23957
1788497880,2026-09-04T10:28:00,23958.15,23959.35,23956.55,23959.25
1788497895,2026-09-04T10:28:15,23959.35,23960.3,23958.2,23960.15
1788497910,2026-09-04T10:28:30,23961.6,23961.6,23958.75,23958.85
1788497925,2026-09-04T10:28:45,23959.65,23959.8,23957.8,23959.05
1788497940,2026-09-04T10:29:00,23958.65,23960.7,23958.65,23959
1788497955,2026-09-04T10:29:15,23959.2,23961.25,23959.2,23960.35
1788497970,2026-09-04T10:29:30,23961.7,23962.85,23961.1,23961.6
1788497985,2026-09-04T10:29:45,23961.6,23964.7,23961.6,23963.8
1788498000,2026-09-04T10:30:00,23964.35,23968.9,23963.4,23968.9
1788498015,2026-09-04T10:30:15,23969,23971.15,23968,23970
1788498030,2026-09-04T10:30:30,23970.5,23970.75,23966.95,23966.95
1788498045,2026-09-04T10:30:45,23967.05,23967.1,23964.95,23965.35
1788498060,2026-09-04T10:31:00,23965.1,23966.05,23961.95,23962.05
1788498075,2026-09-04T10:31:15,23962.25,23964.35,23960.1,23963.7
1788498090,2026-09-04T10:31:30,23964.1,23965.75,23963.45,23963.9
1788498105,2026-09-04T10:31:45,23964.35,23968.25,23964.05,23966.75
1788498120,2026-09-04T10:32:00,23966.15,23969.4,23965.45,23967.55
1788498135,2026-09-04T10:32:15,23967.5,23968.25,23964.95,23965.05
1788498150,2026-09-04T10:32:30,23966.25,23968.15,23964.85,23965.7
1788498165,2026-09-04T10:32:45,23965.85,23966.95,23965.15,23965.35
1788498180,2026-09-04T10:33:00,23966,23967.3,23964.65,23966.5
1788498195,2026-09-04T10:33:15,23966.35,23966.6,23964,23964.55
1788498210,2026-09-04T10:33:30,23965,23966.15,23962.1,23962.65
1788498225,2026-09-04T10:33:45,23962.8,23962.8,23960,23960.6
1788498240,2026-09-04T10:34:00,23961.3,23962.8,23960.55,23960.65
1788498255,2026-09-04T10:34:15,23961,23962.25,23959.85,23960.75
1788498270,2026-09-04T10:34:30,23962.75,23963.45,23961,23961.6
1788498285,2026-09-04T10:34:45,23961.25,23962.45,23959.95,23959.95
1788498300,2026-09-04T10:35:00,23960.8,23962.65,23960.4,23960.85
1788498315,2026-09-04T10:35:15,23960.85,23961.65,23960.2,23960.25
1788498330,2026-09-04T10:35:30,23962.25,23962.25,23958.7,23959.45
1788498345,2026-09-04T10:35:45,23959.25,23959.25,23956.2,23956.7
1788498360,2026-09-04T10:36:00,23957.55,23958,23955.45,23956.6
1788498375,2026-09-04T10:36:15,23956.55,23956.85,23953.9,23954.25
1788498390,2026-09-04T10:36:30,23954.3,23956.05,23952.85,23953.85
1788498405,2026-09-04T10:36:45,23953.5,23955.15,23953.2,23954.7
1788498420,2026-09-04T10:37:00,23954.9,23956.9,23954.6,23956.4
1788498435,2026-09-04T10:37:15,23957,23957.55,23955.7,23956.3
1788498450,2026-09-04T10:37:30,23956.7,23958.2,23956.05,23958
1788498465,2026-09-04T10:37:45,23957.15,23959.75,23956.55,23958.45
1788498480,2026-09-04T10:38:00,23959.3,23963.1,23958.8,23962.9
1788498495,2026-09-04T10:38:15,23961.95,23963.85,23961.05,23962.5
1788498510,2026-09-04T10:38:30,23962.75,23963.3,23960.3,23961.6
1788498525,2026-09-04T10:38:45,23961.55,23961.7,23959.1,23960.4
1788498540,2026-09-04T10:39:00,23962.2,23964.45,23960.4,23962.9
1788498555,2026-09-04T10:39:15,23963.05,23963.15,23960.9,23961.4
1788498570,2026-09-04T10:39:30,23961.9,23962.6,23959.6,23960.3
1788498585,2026-09-04T10:39:45,23960.55,23961.1,23959.9,23960.6
1788498600,2026-09-04T10:40:00,23961.3,23963.3,23960.8,23961.3
1788498615,2026-09-04T10:40:15,23961.15,23962.7,23960.95,23962.2
1788498630,2026-09-04T10:40:30,23962.85,23963.85,23961.3,23962.35
1788498645,2026-09-04T10:40:45,23962.3,23962.4,23960.4,23961
1788498660,2026-09-04T10:41:00,23960.6,23961.75,23954.6,23955.15
1788498675,2026-09-04T10:41:15,23955.25,23956,23953.1,23954.75
1788498690,2026-09-04T10:41:30,23954.75,23957,23954.25,23955.4
1788498705,2026-09-04T10:41:45,23955.8,23956.45,23954.35,23955.05
1788498720,2026-09-04T10:42:00,23955.35,23956.6,23954,23956.5
1788498735,2026-09-04T10:42:15,23956.15,23957.25,23954.2,23954.2
1788498750,2026-09-04T10:42:30,23956.5,23956.55,23953.75,23954.15
1788498765,2026-09-04T10:42:45,23954.45,23954.6,23953.3,23953.7
1788498780,2026-09-04T10:43:00,23953.75,23956,23953.7,23954.9
1788498795,2026-09-04T10:43:15,23954.9,23955.15,23953.6,23953.8
1788498810,2026-09-04T10:43:30,23954.35,23955.45,23953.55,23954.55
1788498825,2026-09-04T10:43:45,23954.5,23955.65,23953.05,23955.65
1788498840,2026-09-04T10:44:00,23955.95,23956.15,23953.85,23955.25
1788498855,2026-09-04T10:44:15,23955.15,23955.35,23953.6,23955.25
1788498870,2026-09-04T10:44:30,23955.2,23956.55,23953.35,23954.4
1788498885,2026-09-04T10:44:45,23954.4,23954.9,23952.45,23953.2
1788498900,2026-09-04T10:45:00,23954.2,23955,23952.15,23953.3
1788498915,2026-09-04T10:45:15,23953,23954.15,23951.85,23952.5
1788498930,2026-09-04T10:45:30,23953.4,23954.4,23952.05,23952.5
1788498945,2026-09-04T10:45:45,23952.1,23954.9,23952.1,23953.3
1788498960,2026-09-04T10:46:00,23953.55,23956.65,23951.8,23954.8
1788498975,2026-09-04T10:46:15,23954.95,23955.65,23953.6,23955.15
1788498990,2026-09-04T10:46:30,23955.6,23955.6,23953.3,23953.75
1788499005,2026-09-04T10:46:45,23953.75,23958.55,23953.2,23958.2
1788499020,2026-09-04T10:47:00,23957.25,23958.8,23956.3,23956.65
1788499035,2026-09-04T10:47:15,23956.75,23959.25,23956.75,23957.75
1788499050,2026-09-04T10:47:30,23959.1,23959.55,23957.3,23957.3
1788499065,2026-09-04T10:47:45,23957.6,23958.6,23956.4,23957.55
1788499080,2026-09-04T10:48:00,23958.05,23958.55,23956.55,23957.65
1788499095,2026-09-04T10:48:15,23957.6,23960.75,23956.7,23960.1
1788499110,2026-09-04T10:48:30,23960.55,23960.55,23958.2,23958.6
1788499125,2026-09-04T10:48:45,23959.05,23959.35,23958,23958.75
1788499140,2026-09-04T10:49:00,23958.7,23960.6,23958.15,23958.6
1788499155,2026-09-04T10:49:15,23958.1,23959.7,23957.55,23957.65
1788499170,2026-09-04T10:49:30,23958.05,23959.35,23957.4,23957.4
1788499185,2026-09-04T10:49:45,23957.75,23960.45,23957.75,23959.15
1788499200,2026-09-04T10:50:00,23959.3,23961.25,23958.15,23959.15
1788499215,2026-09-04T10:50:15,23959.3,23959.75,23957.35,23958.4
1788499230,2026-09-04T10:50:30,23959.1,23960.4,23956.25,23957.4
1788499245,2026-09-04T10:50:45,23956.95,23957.3,23955.55,23956.2
1788499260,2026-09-04T10:51:00,23956.2,23957.95,23956.2,23957.45
1788499275,2026-09-04T10:51:15,23956.55,23957.1,23955.35,23956.05
1788499290,2026-09-04T10:51:30,23956.25,23957.85,23955.45,23956.6
1788499305,2026-09-04T10:51:45,23955.95,23958.6,23955.65,23958.55
1788499320,2026-09-04T10:52:00,23958.3,23959.9,23956.95,23957.55
1788499335,2026-09-04T10:52:15,23957.45,23959.4,23957.4,23957.9
1788499350,2026-09-04T10:52:30,23958.4,23960.7,23958.2,23958.75
1788499365,2026-09-04T10:52:45,23958.85,23959.35,23956.75,23957.6
1788499380,2026-09-04T10:53:00,23958.4,23960.05,23957.1,23958.4
1788499395,2026-09-04T10:53:15,23958.25,23958.95,23956.8,23956.9
1788499410,2026-09-04T10:53:30,23957.8,23959.3,23957.1,23958.9
1788499425,2026-09-04T10:53:45,23958.9,23959.95,23958.15,23958.4
1788499440,2026-09-04T10:54:00,23958.65,23960.95,23958.05,23960
1788499455,2026-09-04T10:54:15,23960.4,23964,23959.3,23964
1788499470,2026-09-04T10:54:30,23964.2,23965.2,23961.8,23962
1788499485,2026-09-04T10:54:45,23961.95,23965,23961.95,23963.05
1788499500,2026-09-04T10:55:00,23964.3,23965.55,23963.05,23963.45
1788499515,2026-09-04T10:55:15,23962.95,23965.1,23962.75,23963.95
1788499530,2026-09-04T10:55:30,23965.25,23966.1,23964.6,23965.45
1788499545,2026-09-04T10:55:45,23965.25,23965.85,23963.9,23964
1788499560,2026-09-04T10:56:00,23964.9,23966.45,23962.7,23963.55
1788499575,2026-09-04T10:56:15,23963.55,23963.6,23959.85,23961.15
1788499590,2026-09-04T10:56:30,23961.35,23963.35,23959.85,23963.35
1788499605,2026-09-04T10:56:45,23963.05,23964.45,23961.5,23961.8
1788499620,2026-09-04T10:57:00,23961.9,23964.65,23961.65,23962.95
1788499635,2026-09-04T10:57:15,23963.1,23963.65,23961.6,23962.75
1788499650,2026-09-04T10:57:30,23962.65,23964.05,23961.55,23963
1788499665,2026-09-04T10:57:45,23963.5,23965.4,23962.05,23962.1
1788499680,2026-09-04T10:58:00,23963,23964.15,23961.1,23963
1788499695,2026-09-04T10:58:15,23962.65,23963.1,23961.05,23962.25
1788499710,2026-09-04T10:58:30,23962.15,23963.25,23960.65,23962.3
1788499725,2026-09-04T10:58:45,23961.65,23962,23960.5,23961.4
1788499740,2026-09-04T10:59:00,23961.6,23965.1,23961.05,23963.95
1788499755,2026-09-04T10:59:15,23964.1,23965.1,23963.05,23964.5
1788499770,2026-09-04T10:59:30,23966.7,23967.1,23964.55,23966.85
1788499785,2026-09-04T10:59:45,23966.6,23967.25,23965.85,23967.05
1788499800,2026-09-04T11:00:00,23967.3,23968.75,23966.15,23967.6
1788499815,2026-09-04T11:00:15,23967.45,23969.15,23966.5,23968.4
1788499830,2026-09-04T11:00:30,23969.25,23971.45,23969,23971.15
1788499845,2026-09-04T11:00:45,23971.15,23971.55,23969.7,23970.9
1788499860,2026-09-04T11:01:00,23970.75,23971.9,23968.55,23969.15
1788499875,2026-09-04T11:01:15,23969.05,23971.65,23967.55,23969.05
1788499890,2026-09-04T11:01:30,23969.45,23970.25,23968.25,23968.25
1788499905,2026-09-04T11:01:45,23968.7,23969.05,23966.95,23967.05
1788499920,2026-09-04T11:02:00,23967.5,23968.9,23961.75,23966.05
1788499935,2026-09-04T11:02:15,23966.45,23966.85,23957.85,23962.7
1788499950,2026-09-04T11:02:30,23963.4,23965.25,23962.6,23963.8
1788499965,2026-09-04T11:02:45,23963.4,23964.65,23959.8,23961.35
1788499980,2026-09-04T11:03:00,23962.05,23964.7,23960.55,23964.15
1788499995,2026-09-04T11:03:15,23963.9,23963.9,23962.65,23963.6
1788500010,2026-09-04T11:03:30,23964.45,23964.6,23962.25,23963.35
1788500025,2026-09-04T11:03:45,23962.75,23964.05,23961.7,23962.6
1788500040,2026-09-04T11:04:00,23962.7,23965.65,23962.2,23964.55
1788500055,2026-09-04T11:04:15,23964.5,23967.85,23964.05,23966.65
1788500070,2026-09-04T11:04:30,23966.9,23968.15,23965.25,23967
1788500085,2026-09-04T11:04:45,23967.2,23967.45,23964.95,23965.35
1788500100,2026-09-04T11:05:00,23966.85,23968.4,23964.8,23967.85
1788500115,2026-09-04T11:05:15,23967.35,23968.55,23965.7,23966.25
1788500130,2026-09-04T11:05:30,23967.95,23967.95,23963.9,23963.95
1788500145,2026-09-04T11:05:45,23964.55,23965.75,23963.55,23965.75
1788500160,2026-09-04T11:06:00,23965.55,23966.3,23963.95,23964.7
1788500175,2026-09-04T11:06:15,23964.7,23966.15,23962.35,23962.85
1788500190,2026-09-04T11:06:30,23963.6,23964.4,23962.1,23962.55
1788500205,2026-09-04T11:06:45,23962.1,23963.8,23961.8,23962.9
1788500220,2026-09-04T11:07:00,23963.1,23965.5,23962.6,23964.1
1788500235,2026-09-04T11:07:15,23964,23967.65,23963.2,23967.65
1788500250,2026-09-04T11:07:30,23968.1,23969.2,23965.15,23967.35
1788500265,2026-09-04T11:07:45,23967.45,23968.3,23966.15,23968.15
1788500280,2026-09-04T11:08:00,23968.35,23971.05,23967.6,23969.9
1788500295,2026-09-04T11:08:15,23969.85,23969.85,23967.15,23968.7
1788500310,2026-09-04T11:08:30,23968.8,23971.65,23967.4,23968.75
1788500325,2026-09-04T11:08:45,23968.4,23969.6,23967.4,23968.9
1788500340,2026-09-04T11:09:00,23968.55,23971.35,23967.9,23969.9
1788500355,2026-09-04T11:09:15,23969.95,23973.05,23969.8,23972.6
1788500370,2026-09-04T11:09:30,23974.05,23974.05,23970.8,23972
1788500385,2026-09-04T11:09:45,23971.75,23972.3,23970.45,23971.65
1788500400,2026-09-04T11:10:00,23972.7,23972.7,23970.75,23971.05
1788500415,2026-09-04T11:10:15,23970.85,23972.25,23969.35,23971.55
1788500430,2026-09-04T11:10:30,23972.5,23974.4,23971.55,23971.6
1788500445,2026-09-04T11:10:45,23971.45,23972.95,23970.55,23972
1788500460,2026-09-04T11:11:00,23972.05,23975.5,23971.6,23973.85
1788500475,2026-09-04T11:11:15,23973.55,23975.75,23972.8,23972.8
1788500490,2026-09-04T11:11:30,23973.5,23974,23971.1,23972.75
1788500505,2026-09-04T11:11:45,23973.15,23973.15,23969,23969
1788500520,2026-09-04T11:12:00,23970.25,23971.55,23968.6,23970
1788500535,2026-09-04T11:12:15,23969.7,23970.65,23967.85,23969.5
1788500550,2026-09-04T11:12:30,23970,23971.2,23968.6,23969.15
1788500565,2026-09-04T11:12:45,23968.8,23969.35,23966.45,23967.25
1788500580,2026-09-04T11:13:00,23967.95,23968.35,23965.6,23966
1788500595,2026-09-04T11:13:15,23966.3,23966.3,23963.9,23963.9
1788500610,2026-09-04T11:13:30,23965.2,23966.65,23963.45,23964.75
1788500625,2026-09-04T11:13:45,23964.25,23964.8,23963,23963.3
1788500640,2026-09-04T11:14:00,23963.85,23964.95,23962.95,23964.2
1788500655,2026-09-04T11:14:15,23964.5,23964.6,23963.35,23963.95
1788500670,2026-09-04T11:14:30,23964.5,23965.8,23963.75,23965.75
1788500685,2026-09-04T11:14:45,23965.75,23966.05,23963.95,23965.05
1788500700,2026-09-04T11:15:00,23965.25,23965.9,23962.25,23962.85
1788500715,2026-09-04T11:15:15,23963.3,23963.3,23960.95,23961.5
1788500730,2026-09-04T11:15:30,23962.35,23964.85,23961.05,23963.7
1788500745,2026-09-04T11:15:45,23963.7,23964.7,23962.5,23964.6
1788500760,2026-09-04T11:16:00,23964.35,23967.5,23964.35,23966.3
1788500775,2026-09-04T11:16:15,23966.45,23967.55,23964.95,23965.4
1788500790,2026-09-04T11:16:30,23966.05,23967.05,23961.45,23963.55
1788500805,2026-09-04T11:16:45,23963.2,23964.7,23963.05,23963.15
1788500820,2026-09-04T11:17:00,23963.6,23965.3,23962.45,23964.7
1788500835,2026-09-04T11:17:15,23964.6,23965.5,23962.45,23964.35
1788500850,2026-09-04T11:17:30,23964.75,23966.35,23964,23964.45
1788500865,2026-09-04T11:17:45,23964.45,23966.15,23964.25,23964.9
1788500880,2026-09-04T11:18:00,23965.75,23968.45,23965.6,23966.55
1788500895,2026-09-04T11:18:15,23966.85,23969.7,23965.35,23968.55
1788500910,2026-09-04T11:18:30,23969.45,23970.75,23967.7,23969.95
1788500925,2026-09-04T11:18:45,23970.05,23970.25,23968.25,23969.1
1788500940,2026-09-04T11:19:00,23969.35,23970.95,23968.8,23970.75
1788500955,2026-09-04T11:19:15,23970.6,23971.75,23969.45,23970.85
1788500970,2026-09-04T11:19:30,23971.45,23973.45,23971.4,23973.2
1788500985,2026-09-04T11:19:45,23973,23974.95,23971.95,23974.7
1788501000,2026-09-04T11:20:00,23975.25,23976.1,23973.25,23975.35
1788501015,2026-09-04T11:20:15,23974.9,23977.1,23974.4,23974.85
1788501030,2026-09-04T11:20:30,23976.7,23976.7,23971.2,23972.85
1788501045,2026-09-04T11:20:45,23972.9,23976.05,23972.1,23974.65
1788501060,2026-09-04T11:21:00,23975.25,23977.4,23974.65,23976.5
1788501075,2026-09-04T11:21:15,23976.7,23978.45,23975.7,23976.95
1788501090,2026-09-04T11:21:30,23977.6,23979.3,23976.45,23977.6
1788501105,2026-09-04T11:21:45,23977.55,23980.8,23977.55,23979.8
1788501120,2026-09-04T11:22:00,23981.35,23982.45,23979.55,23981
1788501135,2026-09-04T11:22:15,23981.5,23982.65,23980.5,23981.85
1788501150,2026-09-04T11:22:30,23982.15,23986.2,23981.7,23983.9
1788501165,2026-09-04T11:22:45,23984.15,23985.1,23982,23983.65
1788501180,2026-09-04T11:23:00,23984.2,23987.7,23983.65,23983.8
1788501195,2026-09-04T11:23:15,23983.75,23984.55,23982.3,23983.95
1788501210,2026-09-04T11:23:30,23984.05,23985.65,23982.55,23984.45
1788501225,2026-09-04T11:23:45,23983.7,23984.25,23982.15,23983.3
1788501240,2026-09-04T11:24:00,23983.95,23987.1,23983.1,23983.65
1788501255,2026-09-04T11:24:15,23983.2,23983.9,23979.85,23980.7
1788501270,2026-09-04T11:24:30,23981.3,23982.75,23978.85,23979.85
1788501285,2026-09-04T11:24:45,23979.95,23980.45,23978.85,23979.9
1788501300,2026-09-04T11:25:00,23980.4,23982,23977.35,23977.75
1788501315,2026-09-04T11:25:15,23977.6,23981.15,23977.55,23981.05
1788501330,2026-09-04T11:25:30,23981.5,23983.65,23978.95,23983.6
1788501345,2026-09-04T11:25:45,23983.65,23985.65,23982.8,23984.55
1788501360,2026-09-04T11:26:00,23985.3,23986.7,23983.9,23983.9
1788501375,2026-09-04T11:26:15,23983.8,23986.25,23983.6,23985.75
1788501390,2026-09-04T11:26:30,23986.25,23987.9,23985,23987.15
1788501405,2026-09-04T11:26:45,23987.2,23987.25,23985.2,23986.25
1788501420,2026-09-04T11:27:00,23987,23988.75,23985.9,23988
1788501435,2026-09-04T11:27:15,23987.95,23987.95,23984.45,23985.05
1788501450,2026-09-04T11:27:30,23985.25,23988.55,23984.85,23987
1788501465,2026-09-04T11:27:45,23987.05,23988.25,23986.35,23988
1788501480,2026-09-04T11:28:00,23987.8,23989.55,23985.25,23986.45
1788501495,2026-09-04T11:28:15,23986.15,23987.95,23985.45,23987.05
1788501510,2026-09-04T11:28:30,23987.1,23989.35,23985.8,23985.85
1788501525,2026-09-04T11:28:45,23985.8,23986.75,23983.2,23986.45
1788501540,2026-09-04T11:29:00,23985.3,23985.75,23982.8,23983.1
1788501555,2026-09-04T11:29:15,23982.55,23982.95,23981.45,23982.45
1788501570,2026-09-04T11:29:30,23982.65,23984.1,23982.35,23983.5
1788501585,2026-09-04T11:29:45,23983,23985.2,23982.15,23982.15
1788501600,2026-09-04T11:30:00,23982.85,23986.35,23982.75,23984.55
1788501615,2026-09-04T11:30:15,23984.5,23986.1,23984,23985.15
1788501630,2026-09-04T11:30:30,23985.75,23987.45,23985.2,23987.15
1788501645,2026-09-04T11:30:45,23986.05,23987.25,23984.35,23984.8
1788501660,2026-09-04T11:31:00,23985.5,23987.65,23984.3,23987.65
1788501675,2026-09-04T11:31:15,23987.55,23987.85,23985.8,23985.85
1788501690,2026-09-04T11:31:30,23986.2,23987.4,23984.5,23984.85
1788501705,2026-09-04T11:31:45,23984.6,23987.15,23984.5,23985.25
1788501720,2026-09-04T11:32:00,23986,23988.35,23985.65,23985.7
1788501735,2026-09-04T11:32:15,23985.75,23986.65,23985.25,23985.75
1788501750,2026-09-04T11:32:30,23986,23987.65,23985.5,23986.3
1788501765,2026-09-04T11:32:45,23986.25,23988.5,23986.25,23987.6
1788501780,2026-09-04T11:33:00,23988.65,23989.95,23987.65,23987.65
1788501795,2026-09-04T11:33:15,23987.5,23988.3,23986.25,23988
1788501810,2026-09-04T11:33:30,23988,23988.85,23987.15,23988.7
1788501825,2026-09-04T11:33:45,23988.3,23988.9,23986.75,23988.1
1788501840,2026-09-04T11:34:00,23988.25,23989.55,23987.1,23987.6
1788501855,2026-09-04T11:34:15,23987.5,23989.55,23985.8,23987.35
1788501870,2026-09-04T11:34:30,23989.2,23989.2,23985.75,23986.9
1788501885,2026-09-04T11:34:45,23987.4,23988.3,23986.95,23987.6
1788501900,2026-09-04T11:35:00,23987.6,23989.45,23986.6,23986.85
1788501915,2026-09-04T11:35:15,23986.75,23988.35,23986.55,23987.1
1788501930,2026-09-04T11:35:30,23987.45,23988.8,23987.2,23988.45
1788501945,2026-09-04T11:35:45,23988.6,23989.35,23986.95,23987.25
1788501960,2026-09-04T11:36:00,23987.1,23987.95,23986.2,23987.1
1788501975,2026-09-04T11:36:15,23987.45,23987.55,23986.05,23987.05
1788501990,2026-09-04T11:36:30,23987.7,23988.75,23986.2,23988.1
1788502005,2026-09-04T11:36:45,23988.15,23989,23986.05,23987.8
1788502020,2026-09-04T11:37:00,23987.5,23989.5,23986.75,23987.35
1788502035,2026-09-04T11:37:15,23987.45,23988.25,23985.8,23987.05
1788502050,2026-09-04T11:37:30,23987.5,23989.2,23986.2,23986.4
1788502065,2026-09-04T11:37:45,23986.5,23987,23984.85,23986.2
1788502080,2026-09-04T11:38:00,23986.5,23990.95,23986.5,23990.25
1788502095,2026-09-04T11:38:15,23990.3,23995.85,23989.65,23994.6
1788502110,2026-09-04T11:38:30,23994.3,23995.3,23992.65,23992.8
1788502125,2026-09-04T11:38:45,23993.95,23998.05,23993.3,23996.65
1788502140,2026-09-04T11:39:00,23998.55,24001.7,23997.4,24000.5
1788502155,2026-09-04T11:39:15,24001.55,24003.5,23999.4,24000.65
1788502170,2026-09-04T11:39:30,24002.65,24004.85,24000.3,24001.4
1788502185,2026-09-04T11:39:45,24003.45,24003.45,23999.05,23999.05
1788502200,2026-09-04T11:40:00,24001.3,24002.25,23998.8,24000.4
1788502215,2026-09-04T11:40:15,24000.15,24004.2,23998.35,24000.55
1788502230,2026-09-04T11:40:30,24003.55,24003.55,23998.85,23999.2
1788502245,2026-09-04T11:40:45,24000.65,24000.65,23998,23998
1788502260,2026-09-04T11:41:00,24000.15,24000.15,23996.55,23997.45
1788502275,2026-09-04T11:41:15,23998,23998,23994.7,23995.15
1788502290,2026-09-04T11:41:30,23999.05,23999.05,23993.65,23994.5
1788502305,2026-09-04T11:41:45,23994.7,23994.95,23991.85,23993.15
1788502320,2026-09-04T11:42:00,23993.7,23993.75,23989.95,23990.35
1788502335,2026-09-04T11:42:15,23990.8,23990.8,23986,23986.85
1788502350,2026-09-04T11:42:30,23986.85,23987.75,23984.2,23984.2
1788502365,2026-09-04T11:42:45,23986.2,23986.5,23983.55,23985.75
1788502380,2026-09-04T11:43:00,23986.05,23987.05,23983.75,23984.5
1788502395,2026-09-04T11:43:15,23984.35,23986.35,23982.35,23984.95
1788502410,2026-09-04T11:43:30,23985.1,23985.9,23982.9,23983.5
1788502425,2026-09-04T11:43:45,23983.6,23987.1,23983.15,23983.5
1788502440,2026-09-04T11:44:00,23984.95,23986.3,23982.1,23983.15
1788502455,2026-09-04T11:44:15,23984.05,23985.1,23982.15,23983.75
1788502470,2026-09-04T11:44:30,23984.15,23985.15,23981.6,23982.95
1788502485,2026-09-04T11:44:45,23982.55,23984.4,23980.3,23981.5
1788502500,2026-09-04T11:45:00,23981.85,23983.3,23980.85,23983.3
1788502515,2026-09-04T11:45:15,23983.35,23983.7,23981.65,23983.45
1788502530,2026-09-04T11:45:30,23982.85,23983.9,23981.05,23981.75
1788502545,2026-09-04T11:45:45,23981.55,23982.7,23980.65,23981.3
1788502560,2026-09-04T11:46:00,23983.15,23983.45,23981.15,23981.35
1788502575,2026-09-04T11:46:15,23981.75,23983.75,23981.1,23982.4
1788502590,2026-09-04T11:46:30,23982.95,23985.25,23982.1,23982.95
1788502605,2026-09-04T11:46:45,23983.35,23983.5,23981.9,23982.4
1788502620,2026-09-04T11:47:00,23982.35,23984.25,23981.5,23982.8
1788502635,2026-09-04T11:47:15,23982.85,23984.7,23980.95,23981.5
1788502650,2026-09-04T11:47:30,23982.6,23984.65,23981.65,23982.35
1788502665,2026-09-04T11:47:45,23981.95,23983.15,23981.2,23982.15
1788502680,2026-09-04T11:48:00,23983,23984.95,23981.55,23984.8
1788502695,2026-09-04T11:48:15,23984.25,23987.75,23981.2,23981.4
1788502710,2026-09-04T11:48:30,23982.1,23983.2,23979.4,23979.85
1788502725,2026-09-04T11:48:45,23979.95,23982.25,23978.1,23981.25
1788502740,2026-09-04T11:49:00,23981.4,23985.6,23981.4,23983.9
1788502755,2026-09-04T11:49:15,23983.65,23985.65,23983.3,23983.9
1788502770,2026-09-04T11:49:30,23984.4,23985.75,23983.3,23983.8
1788502785,2026-09-04T11:49:45,23983.35,23984.9,23983.2,23984.15
1788502800,2026-09-04T11:50:00,23984.45,23987.55,23984.45,23987.05
1788502815,2026-09-04T11:50:15,23987.05,23990,23986.25,23989.6
1788502830,2026-09-04T11:50:30,23989.85,23991.5,23988.7,23989.75
1788502845,2026-09-04T11:50:45,23989.55,23989.95,23987.65,23987.9
1788502860,2026-09-04T11:51:00,23988.45,23991.75,23988.45,23990.05
1788502875,2026-09-04T11:51:15,23990.3,23991.05,23988.75,23988.85
1788502890,2026-09-04T11:51:30,23989,23990.75,23987.45,23987.95
1788502905,2026-09-04T11:51:45,23987.85,23989.1,23986.9,23988.45
1788502920,2026-09-04T11:52:00,23989.35,23991.1,23988.8,23990.2
1788502935,2026-09-04T11:52:15,23989.95,23990.2,23988.05,23989
1788502950,2026-09-04T11:52:30,23989.4,23990.35,23986.8,23987.6
1788502965,2026-09-04T11:52:45,23987.05,23989,23985.7,23986.35
1788502980,2026-09-04T11:53:00,23986.4,23987.2,23984.25,23985.2
1788502995,2026-09-04T11:53:15,23985.15,23985.55,23983.3,23983.7
1788503010,2026-09-04T11:53:30,23984,23985.6,23982.3,23982.4
1788503025,2026-09-04T11:53:45,23982.8,23985.65,23982.3,23985
1788503040,2026-09-04T11:54:00,23985.15,23988,23985.15,23986.95
1788503055,2026-09-04T11:54:15,23987,23987.55,23985.55,23985.65
1788503070,2026-09-04T11:54:30,23986.65,23988.5,23984.3,23985.9
1788503085,2026-09-04T11:54:45,23986,23986.75,23984.65,23985.25
1788503100,2026-09-04T11:55:00,23986,23987.8,23984.7,23986.6
1788503115,2026-09-04T11:55:15,23986.55,23987.25,23984.85,23986.2
1788503130,2026-09-04T11:55:30,23987,23987.6,23984.9,23986.6
1788503145,2026-09-04T11:55:45,23986.65,23986.85,23984.8,23986
1788503160,2026-09-04T11:56:00,23986,23987.45,23984.65,23985.95
1788503175,2026-09-04T11:56:15,23986,23986.8,23984.75,23985.55
1788503190,2026-09-04T11:56:30,23985.9,23987.2,23984,23985.7
1788503205,2026-09-04T11:56:45,23984.7,23986.5,23983.75,23984.65
1788503220,2026-09-04T11:57:00,23985.8,23988.1,23983.1,23988.1
1788503235,2026-09-04T11:57:15,23987.75,23988.6,23986.5,23987.25
1788503250,2026-09-04T11:57:30,23987.55,23988.25,23984.6,23984.65
1788503265,2026-09-04T11:57:45,23984.9,23986.3,23983,23985.25
1788503280,2026-09-04T11:58:00,23985,23988.65,23983,23983.9
1788503295,2026-09-04T11:58:15,23986.65,23986.65,23982.4,23982.4
1788503310,2026-09-04T11:58:30,23983.4,23985.7,23981.65,23981.75
1788503325,2026-09-04T11:58:45,23981.9,23982.65,23980.35,23981.6
1788503340,2026-09-04T11:59:00,23982.15,23983.55,23981.05,23981.15
1788503355,2026-09-04T11:59:15,23980.95,23981.75,23979.65,23980
1788503370,2026-09-04T11:59:30,23981.3,23982.15,23979.4,23980.5
1788503385,2026-09-04T11:59:45,23979.65,23980.3,23977.35,23978.65
1788503400,2026-09-04T12:00:00,23979.7,23979.7,23976.45,23976.85
1788503415,2026-09-04T12:00:15,23977.4,23979,23975.35,23977.15
1788503430,2026-09-04T12:00:30,23976.9,23978.25,23974.75,23975.05
1788503445,2026-09-04T12:00:45,23976,23976.05,23973.6,23973.65
1788503460,2026-09-04T12:01:00,23974.35,23976.1,23973.6,23974.9
1788503475,2026-09-04T12:01:15,23974.35,23975.65,23973.95,23975
1788503490,2026-09-04T12:01:30,23976.2,23976.2,23973.65,23973.65
1788503505,2026-09-04T12:01:45,23973.45,23973.9,23971.2,23971.25
1788503520,2026-09-04T12:02:00,23973,23973,23969.5,23970.15
1788503535,2026-09-04T12:02:15,23970.25,23970.8,23968.2,23969.5
1788503550,2026-09-04T12:02:30,23970.5,23971.1,23968,23968.45
1788503565,2026-09-04T12:02:45,23968,23969.65,23968,23968.65
1788503580,2026-09-04T12:03:00,23968.8,23970.65,23968.65,23969.25
1788503595,2026-09-04T12:03:15,23969.4,23970.45,23966.9,23967.85
1788503610,2026-09-04T12:03:30,23967.85,23968.95,23964.7,23965.25
1788503625,2026-09-04T12:03:45,23965.6,23965.75,23962.85,23963.45
1788503640,2026-09-04T12:04:00,23963.6,23964.75,23962.75,23964.25
1788503655,2026-09-04T12:04:15,23963.55,23966.45,23962.7,23963.55
1788503670,2026-09-04T12:04:30,23964.15,23965.15,23959.2,23960.6
1788503685,2026-09-04T12:04:45,23960.9,23961,23958.7,23959.1
1788503700,2026-09-04T12:05:00,23959.3,23961.25,23958.35,23959.9
1788503715,2026-09-04T12:05:15,23959.45,23960.4,23957.7,23957.7
1788503730,2026-09-04T12:05:30,23958.35,23959.6,23957.5,23959.3
1788503745,2026-09-04T12:05:45,23958.8,23960.5,23958.5,23959.65
1788503760,2026-09-04T12:06:00,23959.8,23962.55,23959.15,23961.5
1788503775,2026-09-04T12:06:15,23961.55,23961.65,23960.35,23960.9
1788503790,2026-09-04T12:06:30,23961,23962.15,23960.1,23960.65
1788503805,2026-09-04T12:06:45,23960.75,23961.2,23958.4,23958.6
1788503820,2026-09-04T12:07:00,23958.45,23960.45,23957.5,23958.05
1788503835,2026-09-04T12:07:15,23959.1,23959.6,23957.95,23959.35
1788503850,2026-09-04T12:07:30,23959.8,23959.9,23957.15,23957.45
1788503865,2026-09-04T12:07:45,23957.6,23958.8,23957.05,23958.4
1788503880,2026-09-04T12:08:00,23958.45,23962.35,23958.3,23961.35
1788503895,2026-09-04T12:08:15,23960.2,23961.45,23959.7,23959.7
1788503910,2026-09-04T12:08:30,23960.15,23961.2,23959.35,23961
1788503925,2026-09-04T12:08:45,23960.9,23964,23960.55,23963.8
1788503940,2026-09-04T12:09:00,23963.4,23965.75,23963.35,23965.05
1788503955,2026-09-04T12:09:15,23964.85,23965.15,23962.8,23963.55
1788503970,2026-09-04T12:09:30,23965.05,23966.6,23964.15,23965.6
1788503985,2026-09-04T12:09:45,23965.1,23966.65,23964.15,23964.5
1788504000,2026-09-04T12:10:00,23965.3,23965.45,23962.7,23964.05
1788504015,2026-09-04T12:10:15,23963.35,23965.7,23963.05,23964.95
1788504030,2026-09-04T12:10:30,23964.35,23965.7,23958.7,23958.7
1788504045,2026-09-04T12:10:45,23958.75,23959.25,23953.45,23954.85
1788504060,2026-09-04T12:11:00,23955.9,23955.9,23953.35,23954.55
1788504075,2026-09-04T12:11:15,23954.45,23954.5,23952,23952.55
1788504090,2026-09-04T12:11:30,23953.15,23955.3,23952.5,23952.65
1788504105,2026-09-04T12:11:45,23952.7,23953.7,23951.6,23951.95
1788504120,2026-09-04T12:12:00,23952.25,23954.6,23952,23952.45
1788504135,2026-09-04T12:12:15,23952.45,23955.2,23951.65,23952.75
1788504150,2026-09-04T12:12:30,23952.95,23956.45,23952.2,23952.25
1788504165,2026-09-04T12:12:45,23952.7,23953.55,23951.05,23952.2
1788504180,2026-09-04T12:13:00,23952.2,23953.15,23950.6,23950.8
1788504195,2026-09-04T12:13:15,23951,23952.15,23948.1,23948.65
1788504210,2026-09-04T12:13:30,23948.45,23949,23947.2,23947.9
1788504225,2026-09-04T12:13:45,23947.8,23949.05,23946.8,23948.25
1788504240,2026-09-04T12:14:00,23948.7,23949.8,23947.9,23948.55
1788504255,2026-09-04T12:14:15,23949.6,23949.8,23947.85,23949.25
1788504270,2026-09-04T12:14:30,23950.3,23951.1,23948.6,23950.85
1788504285,2026-09-04T12:14:45,23949.9,23952.85,23949.15,23952.85
1788504300,2026-09-04T12:15:00,23951.7,23953.6,23950.35,23952.15
1788504315,2026-09-04T12:15:15,23952.2,23953.5,23950.45,23952.15
1788504330,2026-09-04T12:15:30,23952.45,23953.1,23948.05,23948.95
1788504345,2026-09-04T12:15:45,23949,23949.05,23947.05,23948
1788504360,2026-09-04T12:16:00,23948.1,23949.65,23945.1,23945.3
1788504375,2026-09-04T12:16:15,23944.85,23945.95,23944,23944.1
1788504390,2026-09-04T12:16:30,23944.35,23945.8,23943.7,23943.85
1788504405,2026-09-04T12:16:45,23944.25,23945.15,23943.15,23945.15
1788504420,2026-09-04T12:17:00,23944.8,23948.2,23944.8,23947.5
1788504435,2026-09-04T12:17:15,23946.85,23947.6,23945.8,23946.65
1788504450,2026-09-04T12:17:30,23948.4,23949.35,23945.7,23948.45
1788504465,2026-09-04T12:17:45,23948.25,23949.7,23947.6,23948.55
1788504480,2026-09-04T12:18:00,23949.9,23953.05,23948.9,23952.25
1788504495,2026-09-04T12:18:15,23952.15,23953.65,23951.9,23952.85
1788504510,2026-09-04T12:18:30,23953.2,23953.9,23952.25,23952.55
1788504525,2026-09-04T12:18:45,23952.4,23954.15,23952.3,23952.95
1788504540,2026-09-04T12:19:00,23952.8,23954.35,23950.5,23950.75
1788504555,2026-09-04T12:19:15,23950.3,23952.3,23949.65,23949.85
1788504570,2026-09-04T12:19:30,23950.1,23952,23947.9,23948.15
1788504585,2026-09-04T12:19:45,23948.15,23949.65,23947.45,23948.55
1788504600,2026-09-04T12:20:00,23948.35,23949.6,23947.35,23947.4
1788504615,2026-09-04T12:20:15,23947.3,23947.75,23945.25,23945.55
1788504630,2026-09-04T12:20:30,23945.85,23947.05,23942.75,23942.85
1788504645,2026-09-04T12:20:45,23943.05,23945.4,23943.05,23944.9
1788504660,2026-09-04T12:21:00,23946.45,23946.55,23942.8,23942.8
1788504675,2026-09-04T12:21:15,23942.9,23945.5,23942.7,23945.5
1788504690,2026-09-04T12:21:30,23945.5,23945.55,23944.15,23945
1788504705,2026-09-04T12:21:45,23945.25,23947.1,23943.95,23945.2
1788504720,2026-09-04T12:22:00,23944.95,23946.3,23943.4,23944.8
1788504735,2026-09-04T12:22:15,23944.55,23945.1,23943.65,23944.5
1788504750,2026-09-04T12:22:30,23944.7,23945.65,23942.05,23942.4
1788504765,2026-09-04T12:22:45,23942.6,23943.4,23941.35,23942.25
1788504780,2026-09-04T12:23:00,23944.25,23944.25,23941.65,23942.9
1788504795,2026-09-04T12:23:15,23943,23945.55,23942.05,23945.55
1788504810,2026-09-04T12:23:30,23946.2,23946.35,23944.65,23945.1
1788504825,2026-09-04T12:23:45,23944.75,23946,23943.85,23944.25
1788504840,2026-09-04T12:24:00,23944.65,23947.75,23943.75,23946.3
1788504855,2026-09-04T12:24:15,23946.3,23946.95,23944.8,23945.2
1788504870,2026-09-04T12:24:30,23945.75,23946.55,23945.1,23946.05
1788504885,2026-09-04T12:24:45,23945.55,23945.9,23940.4,23940.5
1788504900,2026-09-04T12:25:00,23941.3,23941.35,23937.75,23939.8
1788504915,2026-09-04T12:25:15,23939.3,23939.6,23937.95,23938.8
1788504930,2026-09-04T12:25:30,23939.5,23940.8,23937.55,23938.1
1788504945,2026-09-04T12:25:45,23938.2,23941.35,23938,23941.35
1788504960,2026-09-04T12:26:00,23941.3,23943.8,23940.2,23943.1
1788504975,2026-09-04T12:26:15,23942.7,23944.6,23941.25,23944.6
1788504990,2026-09-04T12:26:30,23944.85,23945.25,23942.05,23945
1788505005,2026-09-04T12:26:45,23944.65,23945.95,23944,23944.9
1788505020,2026-09-04T12:27:00,23946.75,23946.75,23943.45,23944.9
1788505035,2026-09-04T12:27:15,23944.85,23944.9,23942.25,23942.7
1788505050,2026-09-04T12:27:30,23944.85,23944.85,23942.35,23943.1
1788505065,2026-09-04T12:27:45,23943.05,23943.55,23942.15,23942.65
1788505080,2026-09-04T12:28:00,23945.35,23948.35,23943.65,23947.7
1788505095,2026-09-04T12:28:15,23947.3,23950.3,23947.3,23949.45
1788505110,2026-09-04T12:28:30,23951.55,23951.55,23947.8,23949.35
1788505125,2026-09-04T12:28:45,23949.75,23950.1,23947.85,23949.3
1788505140,2026-09-04T12:29:00,23950.4,23950.65,23948.65,23949.6
1788505155,2026-09-04T12:29:15,23949.75,23950.3,23947.3,23948.25
1788505170,2026-09-04T12:29:30,23950.05,23950.05,23947.6,23947.95
1788505185,2026-09-04T12:29:45,23947.45,23949.05,23946,23947
1788505200,2026-09-04T12:30:00,23948.55,23948.55,23944.4,23944.85
1788505215,2026-09-04T12:30:15,23944.95,23945.65,23942.65,23943.15
1788505230,2026-09-04T12:30:30,23945.4,23945.4,23942.4,23942.85
1788505245,2026-09-04T12:30:45,23943,23943.65,23942.2,23943.65
1788505260,2026-09-04T12:31:00,23945.4,23945.4,23943.4,23944.25
1788505275,2026-09-04T12:31:15,23944,23946.75,23943.85,23945.15
1788505290,2026-09-04T12:31:30,23947.25,23947.25,23944.55,23944.85
1788505305,2026-09-04T12:31:45,23945.35,23946.1,23944.25,23944.55
1788505320,2026-09-04T12:32:00,23947.55,23947.55,23944.5,23944.7
1788505335,2026-09-04T12:32:15,23944.85,23948.3,23944.25,23946.2
1788505350,2026-09-04T12:32:30,23948.85,23948.85,23945.95,23947.3
1788505365,2026-09-04T12:32:45,23946.85,23949.2,23946.55,23948.3
1788505380,2026-09-04T12:33:00,23950.4,23950.4,23946.75,23947.15
1788505395,2026-09-04T12:33:15,23947.75,23948.1,23946.1,23947.1
1788505410,2026-09-04T12:33:30,23949,23949.15,23946.75,23946.85
1788505425,2026-09-04T12:33:45,23946.8,23947.2,23945.4,23946.25
1788505440,2026-09-04T12:34:00,23948.25,23948.25,23945.6,23946.05
1788505455,2026-09-04T12:34:15,23945.6,23946.35,23943.8,23945.6
1788505470,2026-09-04T12:34:30,23947.9,23947.9,23944.3,23945.25
1788505485,2026-09-04T12:34:45,23945.3,23946.2,23944.45,23944.95
1788505500,2026-09-04T12:35:00,23947.2,23947.35,23945.35,23946.6
1788505515,2026-09-04T12:35:15,23946.65,23947.35,23944.95,23945.55
1788505530,2026-09-04T12:35:30,23947.5,23947.5,23943.6,23945.15
1788505545,2026-09-04T12:35:45,23944.8,23945.65,23943.65,23945.65
1788505560,2026-09-04T12:36:00,23947.25,23947.25,23944.3,23944.5
1788505575,2026-09-04T12:36:15,23944.35,23944.35,23941.4,23942.7
1788505590,2026-09-04T12:36:30,23944.45,23944.45,23940.2,23941.15
1788505605,2026-09-04T12:36:45,23941.45,23941.75,23940.2,23941.05
1788505620,2026-09-04T12:37:00,23942.5,23942.5,23939.4,23939.8
1788505635,2026-09-04T12:37:15,23939.15,23940.55,23938.55,23939.75
1788505650,2026-09-04T12:37:30,23941.5,23941.5,23937.15,23937.65
1788505665,2026-09-04T12:37:45,23937.8,23939.05,23937.4,23937.75
1788505680,2026-09-04T12:38:00,23940.35,23940.35,23937.95,23938.6
1788505695,2026-09-04T12:38:15,23938.65,23939.3,23937.7,23939
1788505710,2026-09-04T12:38:30,23940,23940,23937.55,23938.8
1788505725,2026-09-04T12:38:45,23938.55,23940.35,23938.2,23939.9
1788505740,2026-09-04T12:39:00,23942,23943.2,23939.8,23940.8
1788505755,2026-09-04T12:39:15,23940.65,23942.25,23940.45,23941.3
1788505770,2026-09-04T12:39:30,23942.65,23943,23940.45,23942.1
1788505785,2026-09-04T12:39:45,23942,23943.25,23941.4,23942.3
1788505800,2026-09-04T12:40:00,23944.3,23944.45,23941.95,23944
1788505815,2026-09-04T12:40:15,23943.5,23945.75,23943.4,23944.85
1788505830,2026-09-04T12:40:30,23946,23946.4,23943.65,23945.35
1788505845,2026-09-04T12:40:45,23946,23946.1,23943.95,23944.75
1788505860,2026-09-04T12:41:00,23946.7,23946.7,23943.75,23945.25
1788505875,2026-09-04T12:41:15,23945.25,23945.45,23943.15,23943.65
1788505890,2026-09-04T12:41:30,23946.3,23946.3,23943.7,23944.95
1788505905,2026-09-04T12:41:45,23944.35,23945.6,23942.4,23942.4
1788505920,2026-09-04T12:42:00,23944.4,23944.4,23942.3,23943.5
1788505935,2026-09-04T12:42:15,23943.35,23943.35,23941,23942.5
1788505950,2026-09-04T12:42:30,23944.15,23944.15,23941.2,23941.85
1788505965,2026-09-04T12:42:45,23941.6,23941.8,23940.6,23941.55
1788505980,2026-09-04T12:43:00,23943.5,23943.9,23941.8,23942.55
1788505995,2026-09-04T12:43:15,23942.6,23943.5,23941.4,23942.5
1788506010,2026-09-04T12:43:30,23944.55,23944.55,23940,23940.1
1788506025,2026-09-04T12:43:45,23939.8,23941.5,23939.2,23939.65
1788506040,2026-09-04T12:44:00,23941.4,23941.4,23939.3,23939.45
1788506055,2026-09-04T12:44:15,23939.55,23940.55,23938.8,23938.95
1788506070,2026-09-04T12:44:30,23941.3,23941.3,23938.75,23939
1788506085,2026-09-04T12:44:45,23938.8,23939.8,23938,23938.6
1788506100,2026-09-04T12:45:00,23940.15,23940.15,23937.9,23938.2
1788506115,2026-09-04T12:45:15,23938.45,23941.3,23938,23940
1788506130,2026-09-04T12:45:30,23941.8,23941.8,23938.9,23939.2
1788506145,2026-09-04T12:45:45,23939.55,23940.5,23938.5,23938.5
1788506160,2026-09-04T12:46:00,23940.4,23940.6,23938.1,23939.8
1788506175,2026-09-04T12:46:15,23939.45,23939.65,23937.2,23938.3
1788506190,2026-09-04T12:46:30,23939.15,23939.15,23936.45,23937.3
1788506205,2026-09-04T12:46:45,23936.75,23937.4,23935.3,23936.15
1788506220,2026-09-04T12:47:00,23938,23938,23935,23935.85
1788506235,2026-09-04T12:47:15,23935.85,23936.25,23934.8,23935.1
1788506250,2026-09-04T12:47:30,23937.45,23938.15,23935.15,23936.6
1788506265,2026-09-04T12:47:45,23936.45,23936.95,23935.9,23936.25
1788506280,2026-09-04T12:48:00,23938.2,23938.9,23936.65,23937.1
1788506295,2026-09-04T12:48:15,23936.9,23938.9,23936.9,23938.6
1788506310,2026-09-04T12:48:30,23940.85,23940.85,23938.05,23938.05
1788506325,2026-09-04T12:48:45,23938.3,23941.05,23938.2,23940.8
1788506340,2026-09-04T12:49:00,23942.8,23942.8,23940.15,23941
1788506355,2026-09-04T12:49:15,23941,23941.6,23939.35,23940.65
1788506370,2026-09-04T12:49:30,23942.65,23942.65,23939.15,23939.45
1788506385,2026-09-04T12:49:45,23939.4,23942.3,23938.65,23940.4
1788506400,2026-09-04T12:50:00,23942.3,23942.3,23939.5,23941.75
1788506415,2026-09-04T12:50:15,23941.8,23942.05,23940.25,23940.25
1788506430,2026-09-04T12:50:30,23943.25,23943.25,23940.4,23940.4
1788506445,2026-09-04T12:50:45,23940.35,23941.45,23939.45,23940.1
1788506460,2026-09-04T12:51:00,23941.15,23941.15,23938.4,23938.6
1788506475,2026-09-04T12:51:15,23938.85,23939.7,23938.45,23938.95
1788506490,2026-09-04T12:51:30,23941.3,23941.3,23939.15,23939.8
1788506505,2026-09-04T12:51:45,23939.5,23940.6,23939.1,23939.45
1788506520,2026-09-04T12:52:00,23941.85,23941.95,23939.35,23939.75
1788506535,2026-09-04T12:52:15,23939.35,23942.55,23938.9,23942.25
1788506550,2026-09-04T12:52:30,23944.25,23944.55,23942.5,23944.1
1788506565,2026-09-04T12:52:45,23944.25,23945.3,23943.55,23943.8
1788506580,2026-09-04T12:53:00,23945.8,23945.8,23944.05,23944.1
1788506595,2026-09-04T12:53:15,23944.2,23945.1,23943.55,23944.7
1788506610,2026-09-04T12:53:30,23946.7,23946.7,23943.4,23944.7
1788506625,2026-09-04T12:53:45,23944.5,23945.4,23943.65,23945.35
1788506640,2026-09-04T12:54:00,23946.4,23946.4,23942.6,23943.15
1788506655,2026-09-04T12:54:15,23943.5,23943.5,23941.7,23942.45
1788506670,2026-09-04T12:54:30,23944.45,23944.45,23940.85,23942.4
1788506685,2026-09-04T12:54:45,23942.8,23945.15,23941.75,23942.25
1788506700,2026-09-04T12:55:00,23944.05,23944.05,23940.05,23940.55
1788506715,2026-09-04T12:55:15,23940.5,23941.65,23937.9,23938.3
1788506730,2026-09-04T12:55:30,23940.5,23940.5,23937.3,23937.85
1788506745,2026-09-04T12:55:45,23937.9,23938.75,23936.95,23937.85
1788506760,2026-09-04T12:56:00,23939.95,23939.95,23937.35,23938.9
1788506775,2026-09-04T12:56:15,23938.75,23939.5,23936.95,23937.35
1788506790,2026-09-04T12:56:30,23939.3,23939.3,23936.85,23936.95
1788506805,2026-09-04T12:56:45,23935.75,23937.65,23935.25,23935.4
1788506820,2026-09-04T12:57:00,23937.45,23937.45,23932.05,23932.95
1788506835,2026-09-04T12:57:15,23932.45,23933.2,23931.05,23931.25
1788506850,2026-09-04T12:57:30,23933.55,23933.55,23927.9,23928.75
1788506865,2026-09-04T12:57:45,23928.05,23929.8,23927.25,23928.85
1788506880,2026-09-04T12:58:00,23931.05,23931.05,23928.15,23929.25
1788506895,2026-09-04T12:58:15,23929.35,23932.15,23929.35,23932.15
1788506910,2026-09-04T12:58:30,23934.2,23934.2,23931.25,23932.15
1788506925,2026-09-04T12:58:45,23932.65,23932.95,23930.5,23931.6
1788506940,2026-09-04T12:59:00,23933.6,23934.45,23931.5,23932.9
1788506955,2026-09-04T12:59:15,23933.3,23934.9,23932.3,23934.4
1788506970,2026-09-04T12:59:30,23936.55,23936.55,23932.45,23934.55
1788506985,2026-09-04T12:59:45,23934.95,23935.8,23933.95,23935.1
1788507000,2026-09-04T13:00:00,23936.95,23936.95,23934.35,23936.3
1788507015,2026-09-04T13:00:15,23936.15,23936.85,23935.45,23936.85
1788507030,2026-09-04T13:00:30,23938.65,23938.65,23936.7,23937.6
1788507045,2026-09-04T13:00:45,23937.75,23939.65,23937.05,23938.95
1788507060,2026-09-04T13:01:00,23940.85,23941.75,23939.2,23941.5
1788507075,2026-09-04T13:01:15,23941.2,23941.65,23939.05,23939.05
1788507090,2026-09-04T13:01:30,23941,23941,23938.5,23939.1
1788507105,2026-09-04T13:01:45,23939.15,23941.35,23936.05,23937.5
1788507120,2026-09-04T13:02:00,23940.35,23940.35,23936.15,23937.75
1788507135,2026-09-04T13:02:15,23937.65,23938.65,23936.35,23936.95
1788507150,2026-09-04T13:02:30,23939.35,23939.35,23935.5,23937.05
1788507165,2026-09-04T13:02:45,23935.8,23937.25,23934.8,23935
1788507180,2026-09-04T13:03:00,23937.55,23937.55,23935,23935
1788507195,2026-09-04T13:03:15,23934.75,23935.7,23933.55,23935.7
1788507210,2026-09-04T13:03:30,23937,23938.3,23935.25,23937.6
1788507225,2026-09-04T13:03:45,23937.5,23937.55,23935.75,23936.5
1788507240,2026-09-04T13:04:00,23938.1,23938.1,23935,23935.35
1788507255,2026-09-04T13:04:15,23935.25,23936.45,23934.6,23935.55
1788507270,2026-09-04T13:04:30,23937.45,23937.45,23934.1,23935.3
1788507285,2026-09-04T13:04:45,23935.1,23935.8,23933.95,23935.3
1788507300,2026-09-04T13:05:00,23936.7,23937.4,23935.1,23936.5
1788507315,2026-09-04T13:05:15,23936.95,23937.25,23935.1,23935.7
1788507330,2026-09-04T13:05:30,23937.75,23937.75,23935.15,23935.75
1788507345,2026-09-04T13:05:45,23935.55,23936.95,23934.9,23935.55
1788507360,2026-09-04T13:06:00,23938.15,23938.15,23935.2,23936.45
1788507375,2026-09-04T13:06:15,23936.6,23936.9,23933.65,23934.85
1788507390,2026-09-04T13:06:30,23937.6,23937.6,23934.25,23934.75
1788507405,2026-09-04T13:06:45,23935.35,23936.85,23934.35,23935.7
1788507420,2026-09-04T13:07:00,23937.1,23937.15,23934.5,23935.45
1788507435,2026-09-04T13:07:15,23935.9,23936.7,23934.9,23935.65
1788507450,2026-09-04T13:07:30,23938.1,23938.1,23935.2,23935.5
1788507465,2026-09-04T13:07:45,23935.6,23937.25,23934.75,23935.2
1788507480,2026-09-04T13:08:00,23938.45,23938.85,23935.85,23938.35
1788507495,2026-09-04T13:08:15,23938.6,23940.05,23936.25,23938.85
1788507510,2026-09-04T13:08:30,23940.9,23940.95,23938.7,23940.25
1788507525,2026-09-04T13:08:45,23939.75,23941.75,23938.55,23939.75
1788507540,2026-09-04T13:09:00,23941.55,23941.55,23939.3,23939.65
1788507555,2026-09-04T13:09:15,23939.85,23941.05,23939.25,23940.35
1788507570,2026-09-04T13:09:30,23942.85,23944.45,23940.6,23943.35
1788507585,2026-09-04T13:09:45,23943.6,23944.6,23941.95,23943.75
1788507600,2026-09-04T13:10:00,23945.9,23945.9,23943.45,23944.75
1788507615,2026-09-04T13:10:15,23943.8,23947.2,23943.25,23946.7
1788507630,2026-09-04T13:10:30,23949.45,23949.45,23947.7,23948.25
1788507645,2026-09-04T13:10:45,23948.3,23952.65,23948.15,23949.35
1788507660,2026-09-04T13:11:00,23952.2,23952.2,23948.25,23948.75
1788507675,2026-09-04T13:11:15,23948.9,23949.05,23947.35,23947.85
1788507690,2026-09-04T13:11:30,23949.1,23949.1,23946.95,23947.7
1788507705,2026-09-04T13:11:45,23947.25,23949.7,23946.85,23948.4
1788507720,2026-09-04T13:12:00,23950,23950,23946.8,23948.05
1788507735,2026-09-04T13:12:15,23948,23948.7,23946.55,23947.55
1788507750,2026-09-04T13:12:30,23949.6,23949.6,23947.25,23947.7
1788507765,2026-09-04T13:12:45,23947.45,23949.1,23946.45,23947.55
1788507780,2026-09-04T13:13:00,23949.35,23949.35,23947.05,23947.85
1788507795,2026-09-04T13:13:15,23946.75,23949.3,23946.65,23948.2
1788507810,2026-09-04T13:13:30,23949.8,23950.05,23946.15,23946.4
1788507825,2026-09-04T13:13:45,23946.85,23949.65,23946.7,23947.95
1788507840,2026-09-04T13:14:00,23949.05,23949.15,23946.6,23948.75
1788507855,2026-09-04T13:14:15,23948.55,23948.85,23946.35,23946.55
1788507870,2026-09-04T13:14:30,23948.8,23948.8,23946.1,23946.45
1788507885,2026-09-04T13:14:45,23945.55,23947.35,23945.05,23946.35
1788507900,2026-09-04T13:15:00,23948.45,23948.45,23945,23946.75
1788507915,2026-09-04T13:15:15,23947.45,23948.5,23946.05,23946.55
1788507930,2026-09-04T13:15:30,23949.8,23949.8,23947,23948.95
1788507945,2026-09-04T13:15:45,23948.45,23949.75,23947.15,23948.2
1788507960,2026-09-04T13:16:00,23950.9,23950.9,23947.4,23949.1
1788507975,2026-09-04T13:16:15,23948.75,23951.6,23948.75,23950.8
1788507990,2026-09-04T13:16:30,23952.8,23953.1,23950.8,23952.6
1788508005,2026-09-04T13:16:45,23953.1,23953.7,23951.65,23952.55
1788508020,2026-09-04T13:17:00,23954.1,23956.9,23952.8,23955.35
1788508035,2026-09-04T13:17:15,23955.3,23956.9,23954.25,23955.25
1788508050,2026-09-04T13:17:30,23957.1,23957.1,23953.55,23955.75
1788508065,2026-09-04T13:17:45,23955.35,23957.9,23955.35,23955.75
1788508080,2026-09-04T13:18:00,23957.85,23957.85,23955.25,23955.7
1788508095,2026-09-04T13:18:15,23955.7,23956.6,23954.9,23955.75
1788508110,2026-09-04T13:18:30,23957,23957,23953.85,23954.2
1788508125,2026-09-04T13:18:45,23954.45,23955.15,23951.65,23951.8
1788508140,2026-09-04T13:19:00,23954,23954.45,23951.5,23953.1
1788508155,2026-09-04T13:19:15,23952.45,23953.25,23950.65,23951.25
1788508170,2026-09-04T13:19:30,23953.6,23953.6,23950.35,23950.65
1788508185,2026-09-04T13:19:45,23950.75,23951.75,23949.65,23951.1
1788508200,2026-09-04T13:20:00,23952.65,23952.65,23950.25,23951.8
1788508215,2026-09-04T13:20:15,23951.55,23951.9,23949.1,23949.65
1788508230,2026-09-04T13:20:30,23952.5,23953.4,23950.35,23950.35
1788508245,2026-09-04T13:20:45,23949.6,23951.8,23949.5,23950.45
1788508260,2026-09-04T13:21:00,23953.2,23953.2,23950.35,23951.1
1788508275,2026-09-04T13:21:15,23950.65,23951.6,23950.05,23951.45
1788508290,2026-09-04T13:21:30,23953.25,23953.25,23950.55,23951.35
1788508305,2026-09-04T13:21:45,23951.2,23951.45,23948.1,23949.25
1788508320,2026-09-04T13:22:00,23951.9,23951.9,23947.95,23948.95
1788508335,2026-09-04T13:22:15,23948.25,23952.6,23948.1,23952.4
1788508350,2026-09-04T13:22:30,23954.35,23954.35,23951.8,23951.95
1788508365,2026-09-04T13:22:45,23952.1,23955.5,23951.65,23953.95
1788508380,2026-09-04T13:23:00,23956.05,23956.05,23952.05,23952.05
1788508395,2026-09-04T13:23:15,23950.85,23952.55,23948.8,23949
1788508410,2026-09-04T13:23:30,23952.85,23952.85,23948.2,23950.65
1788508425,2026-09-04T13:23:45,23949.45,23951.15,23948.2,23949.55
1788508440,2026-09-04T13:24:00,23951.5,23951.7,23948.55,23949.45
1788508455,2026-09-04T13:24:15,23949.9,23951.6,23948.95,23951.05
1788508470,2026-09-04T13:24:30,23952.85,23955.2,23950.85,23953.8
1788508485,2026-09-04T13:24:45,23954.1,23954.5,23951.7,23953.4
1788508500,2026-09-04T13:25:00,23956.2,23956.2,23952.3,23953.45
1788508515,2026-09-04T13:25:15,23953.15,23954.8,23947.15,23947.55
1788508530,2026-09-04T13:25:30,23949.8,23949.8,23946,23946.7
1788508545,2026-09-04T13:25:45,23946.65,23947.75,23944.45,23945.6
1788508560,2026-09-04T13:26:00,23947.65,23948.4,23945.2,23947.85
1788508575,2026-09-04T13:26:15,23947.1,23949.55,23945.95,23948.45
1788508590,2026-09-04T13:26:30,23950.75,23951.65,23948.65,23950.45
1788508605,2026-09-04T13:26:45,23949.5,23950.45,23947.45,23948.1
1788508620,2026-09-04T13:27:00,23950.7,23950.7,23945.95,23946.6
1788508635,2026-09-04T13:27:15,23946.4,23946.9,23944.4,23946.05
1788508650,2026-09-04T13:27:30,23947.65,23947.65,23941.1,23942
1788508665,2026-09-04T13:27:45,23942.25,23942.6,23940.65,23941.25
1788508680,2026-09-04T13:28:00,23942.5,23942.5,23940.1,23941.35
1788508695,2026-09-04T13:28:15,23941,23941.95,23939.8,23940.6
1788508710,2026-09-04T13:28:30,23942,23942,23939.85,23940.55
1788508725,2026-09-04T13:28:45,23940.6,23941.5,23939.9,23939.9
1788508740,2026-09-04T13:29:00,23942.5,23942.5,23937.1,23938.15
1788508755,2026-09-04T13:29:15,23938.5,23938.8,23935.65,23938.8
1788508770,2026-09-04T13:29:30,23941.45,23941.45,23937.5,23939.35
1788508785,2026-09-04T13:29:45,23938.85,23940.25,23937.65,23939.4
1788508800,2026-09-04T13:30:00,23940.9,23940.9,23937.45,23937.6
1788508815,2026-09-04T13:30:15,23937.45,23938.5,23936.65,23938.15
1788508830,2026-09-04T13:30:30,23939.95,23940.4,23937.75,23940.4
1788508845,2026-09-04T13:30:45,23940.25,23940.25,23938.05,23938.25
1788508860,2026-09-04T13:31:00,23941.05,23941.25,23938.45,23939
1788508875,2026-09-04T13:31:15,23939.05,23941.05,23938.6,23939.1
1788508890,2026-09-04T13:31:30,23941.75,23941.75,23938.2,23939.4
1788508905,2026-09-04T13:31:45,23939.5,23940.25,23935.95,23936.35
1788508920,2026-09-04T13:32:00,23938.15,23938.15,23932.9,23933.3
1788508935,2026-09-04T13:32:15,23933.2,23934.05,23932,23932.55
1788508950,2026-09-04T13:32:30,23935.35,23935.35,23931.65,23932.4
1788508965,2026-09-04T13:32:45,23932.85,23933.95,23931.7,23931.8
1788508980,2026-09-04T13:33:00,23934.3,23934.85,23931.85,23934.45
1788508995,2026-09-04T13:33:15,23935.65,23937.95,23934.25,23937.95
1788509010,2026-09-04T13:33:30,23938.95,23939.1,23936.9,23938.2
1788509025,2026-09-04T13:33:45,23938.3,23940.1,23937.7,23939.7
1788509040,2026-09-04T13:34:00,23941,23941,23935.75,23935.75
1788509055,2026-09-04T13:34:15,23935.1,23937.05,23934.7,23934.75
1788509070,2026-09-04T13:34:30,23936.8,23936.8,23932.25,23932.25
1788509085,2026-09-04T13:34:45,23933.05,23934.15,23932.45,23933.7
1788509100,2026-09-04T13:35:00,23935,23938.45,23933.5,23937.55
1788509115,2026-09-04T13:35:15,23937.15,23938.25,23935.75,23935.75
1788509130,2026-09-04T13:35:30,23938.05,23938.05,23935.35,23937.05
1788509145,2026-09-04T13:35:45,23936.45,23938.25,23935.75,23938
1788509160,2026-09-04T13:36:00,23939.95,23939.95,23937.2,23938
1788509175,2026-09-04T13:36:15,23938.2,23939.45,23937.25,23938.45
1788509190,2026-09-04T13:36:30,23940.7,23940.7,23938.45,23938.65
1788509205,2026-09-04T13:36:45,23938.75,23939.1,23937.55,23938.3
1788509220,2026-09-04T13:37:00,23940.35,23941.35,23938.1,23940.45
1788509235,2026-09-04T13:37:15,23939.85,23942.55,23938.15,23941.5
1788509250,2026-09-04T13:37:30,23943.05,23943.05,23939.5,23939.5
1788509265,2026-09-04T13:37:45,23939.7,23943.35,23939.6,23940.6
1788509280,2026-09-04T13:38:00,23942.35,23942.35,23939.6,23940.4
1788509295,2026-09-04T13:38:15,23940.7,23941.4,23938.7,23939.75
1788509310,2026-09-04T13:38:30,23942.05,23942.05,23938,23938.2
1788509325,2026-09-04T13:38:45,23937.85,23940.4,23937.05,23940.25
1788509340,2026-09-04T13:39:00,23942.35,23942.6,23939.9,23941.85
1788509355,2026-09-04T13:39:15,23942.15,23942.45,23940.05,23940.7
1788509370,2026-09-04T13:39:30,23942.1,23942.1,23940.25,23941.65
1788509385,2026-09-04T13:39:45,23941.75,23943,23940.1,23942.2
1788509400,2026-09-04T13:40:00,23944.2,23944.2,23941.35,23942.55
1788509415,2026-09-04T13:40:15,23942.75,23943.7,23940,23941.85
1788509430,2026-09-04T13:40:30,23943.65,23943.75,23941,23942.6
1788509445,2026-09-04T13:40:45,23943.15,23943.7,23941.4,23941.65
1788509460,2026-09-04T13:41:00,23945.1,23945.1,23939.85,23941.4
1788509475,2026-09-04T13:41:15,23941.95,23941.95,23936.7,23936.7
1788509490,2026-09-04T13:41:30,23939.5,23939.5,23936.7,23937.65
1788509505,2026-09-04T13:41:45,23938,23943.8,23937.55,23943.8
1788509520,2026-09-04T13:42:00,23945.1,23945.1,23941.2,23942.45
1788509535,2026-09-04T13:42:15,23942,23943.9,23941.1,23942.7
1788509550,2026-09-04T13:42:30,23944.95,23944.95,23942.5,23943
1788509565,2026-09-04T13:42:45,23944.6,23948.25,23942.65,23947.8
1788509580,2026-09-04T13:43:00,23948.7,23950.2,23946.5,23947.7
1788509595,2026-09-04T13:43:15,23946.95,23948.95,23946.25,23948.95
1788509610,2026-09-04T13:43:30,23950.25,23951.7,23947.75,23951.2
1788509625,2026-09-04T13:43:45,23949.8,23951.3,23942.8,23944.45
1788509640,2026-09-04T13:44:00,23946.6,23946.6,23943.4,23945.3
1788509655,2026-09-04T13:44:15,23944.5,23946.25,23943.1,23944.7
1788509670,2026-09-04T13:44:30,23946.4,23946.4,23943.4,23943.55
1788509685,2026-09-04T13:44:45,23943.4,23944.35,23942.4,23944.35
1788509700,2026-09-04T13:45:00,23946.4,23948.2,23944.4,23947.2
1788509715,2026-09-04T13:45:15,23947.5,23948.6,23946.15,23947.35
1788509730,2026-09-04T13:45:30,23948.8,23948.8,23946.3,23946.3
1788509745,2026-09-04T13:45:45,23946.2,23949.2,23944.3,23948.7
1788509760,2026-09-04T13:46:00,23951,23951,23948.55,23949.35
1788509775,2026-09-04T13:46:15,23949.5,23950.1,23948,23949
1788509790,2026-09-04T13:46:30,23950.9,23950.9,23947.95,23950.15
1788509805,2026-09-04T13:46:45,23950.45,23950.95,23948.6,23948.85
1788509820,2026-09-04T13:47:00,23951.3,23953.75,23949.7,23952.6
1788509835,2026-09-04T13:47:15,23952.1,23952.75,23950.15,23950.6
1788509850,2026-09-04T13:47:30,23953.45,23953.45,23950.1,23951.35
1788509865,2026-09-04T13:47:45,23950.85,23953.15,23950.25,23951.95
1788509880,2026-09-04T13:48:00,23953.1,23953.1,23950.1,23950.1
1788509895,2026-09-04T13:48:15,23950.05,23951.05,23948.6,23949.9
1788509910,2026-09-04T13:48:30,23951.65,23951.65,23947.95,23949.1
1788509925,2026-09-04T13:48:45,23948.6,23949.3,23947.4,23948.95
1788509940,2026-09-04T13:49:00,23950.1,23950.1,23946.35,23948.5
1788509955,2026-09-04T13:49:15,23948.3,23949.1,23946.5,23947.45
1788509970,2026-09-04T13:49:30,23949.55,23949.55,23945.9,23946.35
1788509985,2026-09-04T13:49:45,23946.25,23949.35,23945.65,23948.75
1788510000,2026-09-04T13:50:00,23950.9,23950.9,23947.15,23947.75
1788510015,2026-09-04T13:50:15,23947.45,23948.65,23947,23948.65
1788510030,2026-09-04T13:50:30,23950.4,23950.4,23943.35,23944.9
1788510045,2026-09-04T13:50:45,23944.15,23947.6,23943.3,23947.6
1788510060,2026-09-04T13:51:00,23948.8,23948.8,23939.15,23940.7
1788510075,2026-09-04T13:51:15,23940.55,23943.6,23937.85,23942.35
1788510090,2026-09-04T13:51:30,23944.5,23944.5,23941.05,23943.2
1788510105,2026-09-04T13:51:45,23943.05,23943.05,23938.25,23938.6
1788510120,2026-09-04T13:52:00,23941.2,23941.2,23938.35,23939.85
1788510135,2026-09-04T13:52:15,23938.85,23940.6,23937.1,23938.35
1788510150,2026-09-04T13:52:30,23940.45,23940.45,23937.1,23938.45
1788510165,2026-09-04T13:52:45,23938.2,23940.15,23937.5,23939.3
1788510180,2026-09-04T13:53:00,23941.45,23942.85,23940,23941.4
1788510195,2026-09-04T13:53:15,23941.3,23942.6,23940.85,23942.2
1788510210,2026-09-04T13:53:30,23944.2,23944.2,23941.4,23942.45
1788510225,2026-09-04T13:53:45,23941.5,23943,23940.95,23942.05
1788510240,2026-09-04T13:54:00,23943.9,23943.9,23939.3,23940.45
1788510255,2026-09-04T13:54:15,23940,23942.5,23939.4,23940.4
1788510270,2026-09-04T13:54:30,23942.95,23942.95,23940.8,23941.65
1788510285,2026-09-04T13:54:45,23941.5,23941.75,23940.25,23941.6
1788510300,2026-09-04T13:55:00,23942.85,23942.85,23940.85,23941.05
1788510315,2026-09-04T13:55:15,23940.85,23942.45,23940.55,23941.2
1788510330,2026-09-04T13:55:30,23942.7,23942.7,23938.75,23939.8
1788510345,2026-09-04T13:55:45,23939.65,23941.2,23938.5,23940.4
1788510360,2026-09-04T13:56:00,23942.3,23943.15,23940.5,23942.65
1788510375,2026-09-04T13:56:15,23942.3,23943.05,23941.75,23942.7
1788510390,2026-09-04T13:56:30,23944.4,23944.4,23941,23941.95
1788510405,2026-09-04T13:56:45,23941.75,23943.7,23940.8,23943.25
1788510420,2026-09-04T13:57:00,23944.65,23946.6,23942.85,23945.75
1788510435,2026-09-04T13:57:15,23945.75,23946.35,23943.95,23945.25
1788510450,2026-09-04T13:57:30,23946.5,23946.5,23943.75,23944.6
1788510465,2026-09-04T13:57:45,23944.85,23945.5,23943.6,23944.35
1788510480,2026-09-04T13:58:00,23946.7,23946.7,23943.95,23945.15
1788510495,2026-09-04T13:58:15,23944.4,23945.25,23943,23943.8
1788510510,2026-09-04T13:58:30,23946.6,23946.6,23941.5,23942.6
1788510525,2026-09-04T13:58:45,23942.85,23942.85,23940.25,23940.8
1788510540,2026-09-04T13:59:00,23943.25,23943.25,23940.75,23942.4
1788510555,2026-09-04T13:59:15,23942.8,23942.8,23939.35,23939.8
1788510570,2026-09-04T13:59:30,23942.65,23942.65,23939.35,23939.95
1788510585,2026-09-04T13:59:45,23939.25,23940.85,23938.4,23939.15
1788510600,2026-09-04T14:00:00,23942.2,23942.2,23939.3,23940.4
1788510615,2026-09-04T14:00:15,23941.35,23941.85,23939.7,23941.15
1788510630,2026-09-04T14:00:30,23943.4,23943.4,23940.3,23940.5
1788510645,2026-09-04T14:00:45,23940.2,23941.55,23939.85,23941.05
1788510660,2026-09-04T14:01:00,23942.5,23942.65,23940.2,23940.9
1788510675,2026-09-04T14:01:15,23941.05,23941.8,23938.65,23939.5
1788510690,2026-09-04T14:01:30,23942.3,23942.3,23939.25,23940.95
1788510705,2026-09-04T14:01:45,23941.05,23941.85,23939.8,23941.65
1788510720,2026-09-04T14:02:00,23942.5,23943.55,23940.1,23943
1788510735,2026-09-04T14:02:15,23943.1,23943.35,23941.6,23942
1788510750,2026-09-04T14:02:30,23944.45,23944.45,23940.1,23940.95
1788510765,2026-09-04T14:02:45,23940.8,23941.85,23938.9,23940.9
1788510780,2026-09-04T14:03:00,23943.05,23943.05,23939.65,23941.25
1788510795,2026-09-04T14:03:15,23941.2,23942.6,23940.7,23941.5
1788510810,2026-09-04T14:03:30,23943.9,23943.9,23940.85,23942.8
1788510825,2026-09-04T14:03:45,23941.95,23942.15,23939.85,23941.45
1788510840,2026-09-04T14:04:00,23943.55,23943.55,23940.15,23943.1
1788510855,2026-09-04T14:04:15,23942.7,23945.2,23942.1,23943.9
1788510870,2026-09-04T14:04:30,23946.25,23946.25,23943.3,23944.4
1788510885,2026-09-04T14:04:45,23944,23944.65,23942.85,23943.15
1788510900,2026-09-04T14:05:00,23945.1,23947.4,23944.1,23945.8
1788510915,2026-09-04T14:05:15,23945.95,23946.55,23944.7,23946.15
1788510930,2026-09-04T14:05:30,23947.3,23947.3,23945.1,23946.15
1788510945,2026-09-04T14:05:45,23946.25,23946.4,23945.15,23945.3
1788510960,2026-09-04T14:06:00,23947.85,23948.25,23945.75,23946.4
1788510975,2026-09-04T14:06:15,23945.95,23946.2,23944.55,23945.55
1788510990,2026-09-04T14:06:30,23947.75,23947.75,23945.1,23946.9
1788511005,2026-09-04T14:06:45,23946.3,23948.9,23946,23946.9
1788511020,2026-09-04T14:07:00,23949.65,23949.75,23946.6,23949.75
1788511035,2026-09-04T14:07:15,23949.4,23949.6,23946.95,23948.7
1788511050,2026-09-04T14:07:30,23950,23950,23946.95,23947.15
1788511065,2026-09-04T14:07:45,23946.6,23948.1,23945.65,23946.4
1788511080,2026-09-04T14:08:00,23948.65,23948.65,23940.2,23941.4
1788511095,2026-09-04T14:08:15,23941.3,23943.25,23940.45,23941.7
1788511110,2026-09-04T14:08:30,23943.95,23943.95,23940.95,23941.6
1788511125,2026-09-04T14:08:45,23941.1,23943.45,23941.1,23942.95
1788511140,2026-09-04T14:09:00,23944.6,23944.6,23942.5,23944.25
1788511155,2026-09-04T14:09:15,23944.4,23944.55,23942.4,23942.85
1788511170,2026-09-04T14:09:30,23945.1,23945.1,23942.2,23942.35
1788511185,2026-09-04T14:09:45,23942.7,23943.8,23941.6,23942.8
1788511200,2026-09-04T14:10:00,23944.9,23945.25,23942.45,23944.35
1788511215,2026-09-04T14:10:15,23944.55,23945.15,23944,23944.4
1788511230,2026-09-04T14:10:30,23946.85,23946.95,23944.2,23946.75
1788511245,2026-09-04T14:10:45,23946.25,23946.5,23944.75,23945.9
1788511260,2026-09-04T14:11:00,23947.8,23947.8,23945.6,23946.35
1788511275,2026-09-04T14:11:15,23946.75,23947.3,23944.6,23944.85
1788511290,2026-09-04T14:11:30,23949,23949,23945.2,23947.3
1788511305,2026-09-04T14:11:45,23947.9,23948.7,23946.05,23947.95
1788511320,2026-09-04T14:12:00,23949.55,23950,23947.65,23948.95
1788511335,2026-09-04T14:12:15,23948.55,23948.95,23946.8,23948
1788511350,2026-09-04T14:12:30,23949.75,23949.75,23946.8,23947.1
1788511365,2026-09-04T14:12:45,23947.1,23948.15,23946.3,23947.55
1788511380,2026-09-04T14:13:00,23950.15,23950.15,23947.1,23949.25
1788511395,2026-09-04T14:13:15,23948.5,23949.9,23948.2,23948.75
1788511410,2026-09-04T14:13:30,23950.65,23950.65,23948.1,23949
1788511425,2026-09-04T14:13:45,23948.9,23950.75,23947.95,23949.2
1788511440,2026-09-04T14:14:00,23950.65,23951.15,23948.9,23950.75
1788511455,2026-09-04T14:14:15,23950.85,23951.2,23949.15,23949.65
1788511470,2026-09-04T14:14:30,23951.3,23951.3,23947.45,23947.9
1788511485,2026-09-04T14:14:45,23947.95,23949.1,23947.55,23948.2
1788511500,2026-09-04T14:15:00,23950.05,23950.05,23946.65,23947.5
1788511515,2026-09-04T14:15:15,23947.35,23947.55,23945.5,23945.5
1788511530,2026-09-04T14:15:30,23947.75,23947.75,23945.65,23946.7
1788511545,2026-09-04T14:15:45,23946.4,23947.05,23945,23946.05
1788511560,2026-09-04T14:16:00,23947.8,23947.8,23943.9,23945.15
1788511575,2026-09-04T14:16:15,23945.2,23946,23943.35,23944.2
1788511590,2026-09-04T14:16:30,23946.35,23946.35,23943.4,23944.15
1788511605,2026-09-04T14:16:45,23944.1,23944.15,23942.75,23943.7
1788511620,2026-09-04T14:17:00,23945.8,23945.8,23943.55,23943.95
1788511635,2026-09-04T14:17:15,23943.85,23945.15,23943.15,23944.5
1788511650,2026-09-04T14:17:30,23945.95,23945.95,23943.8,23944.8
1788511665,2026-09-04T14:17:45,23944.2,23944.35,23942.95,23943.45
1788511680,2026-09-04T14:18:00,23945.3,23945.3,23942.1,23943.9
1788511695,2026-09-04T14:18:15,23943.6,23946.4,23943.2,23945.4
1788511710,2026-09-04T14:18:30,23946.4,23946.4,23943.7,23945.45
1788511725,2026-09-04T14:18:45,23944.9,23946.45,23944.05,23944.8
1788511740,2026-09-04T14:19:00,23946.55,23946.55,23944.05,23944.95
1788511755,2026-09-04T14:19:15,23945.35,23947.5,23944.15,23944.6
1788511770,2026-09-04T14:19:30,23947.3,23947.3,23944.7,23945.3
1788511785,2026-09-04T14:19:45,23945.4,23947.75,23945.05,23946.35
1788511800,2026-09-04T14:20:00,23947.2,23948.7,23946.2,23948
1788511815,2026-09-04T14:20:15,23948.05,23948.35,23946.7,23947.65
1788511830,2026-09-04T14:20:30,23949.55,23949.55,23947.1,23948.6
1788511845,2026-09-04T14:20:45,23948.4,23950.1,23947.05,23948.9
1788511860,2026-09-04T14:21:00,23951,23951.25,23949.15,23950.5
1788511875,2026-09-04T14:21:15,23950.65,23950.65,23947.85,23948.55
1788511890,2026-09-04T14:21:30,23951.35,23951.35,23947.6,23949.7
1788511905,2026-09-04T14:21:45,23949.9,23950.85,23949.15,23949.15
1788511920,2026-09-04T14:22:00,23951.3,23953,23950.2,23951.7
1788511935,2026-09-04T14:22:15,23952.05,23952.75,23951.45,23952.4
1788511950,2026-09-04T14:22:30,23954,23954,23949.65,23950.55
1788511965,2026-09-04T14:22:45,23949.9,23950.25,23948,23949.05
1788511980,2026-09-04T14:23:00,23950.45,23950.45,23947.4,23947.85
1788511995,2026-09-04T14:23:15,23947.6,23948.75,23946.55,23947.65
1788512010,2026-09-04T14:23:30,23949.4,23949.4,23946.2,23946.25
1788512025,2026-09-04T14:23:45,23945.85,23947.5,23943.8,23945.45
1788512040,2026-09-04T14:24:00,23946,23947.3,23944.7,23947.3
1788512055,2026-09-04T14:24:15,23947.25,23948.05,23945.45,23946.55
1788512070,2026-09-04T14:24:30,23949.4,23949.4,23946.5,23947.4
1788512085,2026-09-04T14:24:45,23946.85,23950.05,23946.45,23947.45
1788512100,2026-09-04T14:25:00,23950.75,23950.75,23947.15,23949.25
1788512115,2026-09-04T14:25:15,23949.05,23954.5,23947.65,23953.95
1788512130,2026-09-04T14:25:30,23955.85,23955.85,23952.5,23953.95
1788512145,2026-09-04T14:25:45,23954.3,23954.65,23952.45,23953.25
1788512160,2026-09-04T14:26:00,23955.5,23955.65,23952.6,23955.4
1788512175,2026-09-04T14:26:15,23955.1,23956.45,23953.6,23954.65
1788512190,2026-09-04T14:26:30,23956.05,23956.4,23954.3,23956
1788512205,2026-09-04T14:26:45,23955.4,23958.8,23955.15,23956.2
1788512220,2026-09-04T14:27:00,23958.2,23960.05,23956.8,23959.2
1788512235,2026-09-04T14:27:15,23960.1,23960.9,23958.05,23959.25
1788512250,2026-09-04T14:27:30,23961.1,23961.1,23957.1,23958.6
1788512265,2026-09-04T14:27:45,23958.35,23958.75,23956.6,23957.5
1788512280,2026-09-04T14:28:00,23958.6,23958.6,23956.55,23957.9
1788512295,2026-09-04T14:28:15,23957.65,23958.2,23955.5,23956.5
1788512310,2026-09-04T14:28:30,23957.9,23958.15,23956,23957.5
1788512325,2026-09-04T14:28:45,23957.2,23958.95,23957.2,23958.4
1788512340,2026-09-04T14:29:00,23960.15,23960.15,23958.65,23959.7
1788512355,2026-09-04T14:29:15,23959.8,23960.5,23958.35,23959.9
1788512370,2026-09-04T14:29:30,23961.1,23961.1,23957.1,23958.9
1788512385,2026-09-04T14:29:45,23957.8,23959.55,23956.85,23957.6
1788512400,2026-09-04T14:30:00,23958.95,23960.2,23957.65,23959.8
1788512415,2026-09-04T14:30:15,23959.75,23960.75,23958.5,23958.55
1788512430,2026-09-04T14:30:30,23960.5,23960.5,23957.95,23958.9
1788512445,2026-09-04T14:30:45,23958.4,23960.4,23958.4,23959.8
1788512460,2026-09-04T14:31:00,23961.5,23962.55,23959.85,23962.2
1788512475,2026-09-04T14:31:15,23962.25,23962.65,23960.25,23960.25
1788512490,2026-09-04T14:31:30,23961.7,23962.4,23959.7,23962.2
1788512505,2026-09-04T14:31:45,23961.5,23965.05,23961.4,23962.9
1788512520,2026-09-04T14:32:00,23964.5,23964.55,23962.1,23964.1
1788512535,2026-09-04T14:32:15,23963.6,23965.15,23962.2,23962.95
1788512550,2026-09-04T14:32:30,23964.45,23964.5,23962.3,23962.3
1788512565,2026-09-04T14:32:45,23962.35,23966.35,23962.35,23963.6
1788512580,2026-09-04T14:33:00,23964.6,23964.6,23961.9,23962.8
1788512595,2026-09-04T14:33:15,23962.75,23962.8,23959.8,23960.7
1788512610,2026-09-04T14:33:30,23962.3,23962.3,23958.85,23959.4
1788512625,2026-09-04T14:33:45,23959.05,23962.05,23958.7,23959.5
1788512640,2026-09-04T14:34:00,23960.65,23960.65,23958.35,23959.55
1788512655,2026-09-04T14:34:15,23959.4,23959.9,23958.05,23958.45
1788512670,2026-09-04T14:34:30,23959.75,23959.75,23957.6,23957.8
1788512685,2026-09-04T14:34:45,23958.5,23958.65,23956.35,23956.35
1788512700,2026-09-04T14:35:00,23958.35,23958.5,23956.8,23958.35
1788512715,2026-09-04T14:35:15,23958.6,23958.85,23956.25,23956.45
1788512730,2026-09-04T14:35:30,23958.55,23958.55,23955.75,23955.75
1788512745,2026-09-04T14:35:45,23956.45,23957.85,23954.5,23957.85
1788512760,2026-09-04T14:36:00,23958.85,23960.45,23957.5,23959.85
1788512775,2026-09-04T14:36:15,23959.35,23959.6,23955.4,23956.5
1788512790,2026-09-04T14:36:30,23959.15,23959.15,23956.05,23956.6
1788512805,2026-09-04T14:36:45,23956.45,23957.05,23951.05,23951.3
1788512820,2026-09-04T14:37:00,23951.85,23952.05,23948.1,23948.9
1788512835,2026-09-04T14:37:15,23948.95,23950.1,23948.5,23949.65
1788512850,2026-09-04T14:37:30,23951.15,23951.3,23949.15,23950.55
1788512865,2026-09-04T14:37:45,23950.65,23950.9,23949.2,23949.55
1788512880,2026-09-04T14:38:00,23951.45,23952,23949.4,23951.9
1788512895,2026-09-04T14:38:15,23951.55,23951.95,23944.85,23944.85
1788512910,2026-09-04T14:38:30,23947.05,23947.05,23943.7,23945.35
1788512925,2026-09-04T14:38:45,23946.15,23946.55,23943.5,23943.9
1788512940,2026-09-04T14:39:00,23946.05,23946.75,23944.05,23945.85
1788512955,2026-09-04T14:39:15,23945.9,23946.65,23941.6,23941.6
1788512970,2026-09-04T14:39:30,23943.45,23943.45,23939.4,23940.55
1788512985,2026-09-04T14:39:45,23940.55,23941.95,23940,23941.65
1788513000,2026-09-04T14:40:00,23943.45,23943.45,23940.4,23943
1788513015,2026-09-04T14:40:15,23943.15,23943.9,23941.4,23943.25
1788513030,2026-09-04T14:40:30,23945.35,23945.35,23942,23943.6
1788513045,2026-09-04T14:40:45,23943.05,23945.15,23942.5,23943.85
1788513060,2026-09-04T14:41:00,23946.25,23948.25,23944.75,23948.05
1788513075,2026-09-04T14:41:15,23948.15,23948.15,23944.5,23944.65
1788513090,2026-09-04T14:41:30,23946.45,23947.3,23944.05,23945.65
1788513105,2026-09-04T14:41:45,23945.4,23947.1,23944.9,23946.25
1788513120,2026-09-04T14:42:00,23947.65,23947.65,23943.65,23944.9
1788513135,2026-09-04T14:42:15,23945.15,23946.4,23943.25,23944.8
1788513150,2026-09-04T14:42:30,23945.8,23945.8,23942.95,23943.95
1788513165,2026-09-04T14:42:45,23944.35,23945.05,23941.5,23943.2
1788513180,2026-09-04T14:43:00,23944.8,23944.8,23940.9,23942.1
1788513195,2026-09-04T14:43:15,23941.8,23942.6,23939.15,23941.5
1788513210,2026-09-04T14:43:30,23942.9,23942.9,23939.95,23940.85
1788513225,2026-09-04T14:43:45,23941.15,23941.45,23937.85,23939.2
1788513240,2026-09-04T14:44:00,23939.35,23939.6,23937.05,23939.6
1788513255,2026-09-04T14:44:15,23939.25,23941.2,23938.2,23939.3
1788513270,2026-09-04T14:44:30,23941.25,23941.55,23938.7,23938.7
1788513285,2026-09-04T14:44:45,23938.3,23939.55,23937.05,23937.25
1788513300,2026-09-04T14:45:00,23937.7,23939.8,23937.2,23939.3
1788513315,2026-09-04T14:45:15,23937.7,23938.9,23936.45,23937.35
1788513330,2026-09-04T14:45:30,23936.85,23937.75,23935.1,23935.2
1788513345,2026-09-04T14:45:45,23934.55,23936.85,23934.45,23935.3
1788513360,2026-09-04T14:46:00,23937.35,23939,23934,23936.45
1788513375,2026-09-04T14:46:15,23935.5,23937.35,23934.3,23935.95
1788513390,2026-09-04T14:46:30,23935.8,23937.15,23934.85,23935.8
1788513405,2026-09-04T14:46:45,23934.45,23936.8,23934.45,23936.6
1788513420,2026-09-04T14:47:00,23937.9,23939.3,23936,23937.8
1788513435,2026-09-04T14:47:15,23936.35,23938.55,23936.35,23936.75
1788513450,2026-09-04T14:47:30,23936.85,23937.9,23936.1,23937
1788513465,2026-09-04T14:47:45,23935.75,23937.85,23935.75,23937.4
1788513480,2026-09-04T14:48:00,23938.3,23940.85,23937.1,23939.7
1788513495,2026-09-04T14:48:15,23938.3,23939.5,23938,23938.65
1788513510,2026-09-04T14:48:30,23938.85,23940.05,23938.35,23939.35
1788513525,2026-09-04T14:48:45,23938.1,23939.95,23937.55,23937.65
1788513540,2026-09-04T14:49:00,23938.95,23939.75,23937.2,23938.8
1788513555,2026-09-04T14:49:15,23936.9,23939.95,23936.9,23939.6
1788513570,2026-09-04T14:49:30,23939.5,23939.95,23938.25,23939.05
1788513585,2026-09-04T14:49:45,23937.8,23940.7,23937.8,23939.95
1788513600,2026-09-04T14:50:00,23939.95,23942.75,23939.2,23942.3
1788513615,2026-09-04T14:50:15,23941.1,23944.2,23941.1,23943.8
1788513630,2026-09-04T14:50:30,23942.65,23944.75,23936.75,23937.15
1788513645,2026-09-04T14:50:45,23935.9,23938.85,23935.9,23938.8
1788513660,2026-09-04T14:51:00,23938.75,23942.3,23938.05,23941.95
1788513675,2026-09-04T14:51:15,23940.9,23943.3,23940.9,23941.7
1788513690,2026-09-04T14:51:30,23942.35,23943.1,23941.65,23942.45
1788513705,2026-09-04T14:51:45,23940.7,23943.75,23940.15,23941.55
1788513720,2026-09-04T14:52:00,23943,23943.95,23940.65,23942.6
1788513735,2026-09-04T14:52:15,23940.3,23943.55,23939.5,23939.75
1788513750,2026-09-04T14:52:30,23941.35,23941.35,23937.7,23939.45
1788513765,2026-09-04T14:52:45,23938.25,23943.05,23936.9,23939.5
1788513780,2026-09-04T14:53:00,23939.65,23939.85,23937.3,23937.95
1788513795,2026-09-04T14:53:15,23936.1,23939.5,23935.2,23936.25
1788513810,2026-09-04T14:53:30,23937,23937.4,23935.15,23936.4
1788513825,2026-09-04T14:53:45,23934.35,23937.5,23934.35,23937.05
1788513840,2026-09-04T14:54:00,23938.6,23939.85,23936.95,23939.85
1788513855,2026-09-04T14:54:15,23938.2,23941.35,23937.9,23940.2
1788513870,2026-09-04T14:54:30,23940.75,23941.85,23939.3,23940.7
1788513885,2026-09-04T14:54:45,23939.1,23942.25,23939.1,23940.55
1788513900,2026-09-04T14:55:00,23941.25,23941.35,23938,23938
1788513915,2026-09-04T14:55:15,23938.7,23939.5,23936.3,23936.8
1788513930,2026-09-04T14:55:30,23937.65,23938.95,23936,23937.3
1788513945,2026-09-04T14:55:45,23935.1,23937.95,23935.1,23936.9
1788513960,2026-09-04T14:56:00,23936.95,23940.75,23935.5,23939.9
1788513975,2026-09-04T14:56:15,23938.9,23940.8,23938.1,23939.2
1788513990,2026-09-04T14:56:30,23939.9,23940.55,23937.75,23938.15
1788514005,2026-09-04T14:56:45,23937.25,23939.55,23937.25,23938.35
1788514020,2026-09-04T14:57:00,23938.7,23939.1,23937.15,23938.55
1788514035,2026-09-04T14:57:15,23937.9,23938.8,23936.8,23937.55
1788514050,2026-09-04T14:57:30,23937.85,23938.55,23936.65,23937.85
1788514065,2026-09-04T14:57:45,23937.15,23939.3,23937,23937.3
1788514080,2026-09-04T14:58:00,23937.35,23939.45,23936.4,23938.85
1788514095,2026-09-04T14:58:15,23937.9,23942.4,23937.2,23941.35
1788514110,2026-09-04T14:58:30,23943.3,23943.3,23940.35,23940.85
1788514125,2026-09-04T14:58:45,23940.35,23940.7,23938.35,23939.6
1788514140,2026-09-04T14:59:00,23938.75,23939.4,23936.8,23938.45
1788514155,2026-09-04T14:59:15,23937.7,23940.05,23937.7,23939
1788514170,2026-09-04T14:59:30,23938.55,23940.5,23937.65,23937.75
1788514185,2026-09-04T14:59:45,23936.95,23938.9,23936.95,23938.1
1788514200,2026-09-04T15:00:00,23936.8,23940.45,23936.8,23937.8
1788514215,2026-09-04T15:00:15,23936.7,23940.05,23936.7,23939.05
1788514230,2026-09-04T15:00:30,23938.05,23940.25,23938.05,23939.15
1788514245,2026-09-04T15:00:45,23937.8,23942.15,23937.8,23941.7
1788514260,2026-09-04T15:01:00,23941.15,23942.95,23939.4,23939.75
1788514275,2026-09-04T15:01:15,23938.05,23940.3,23936.55,23937.35
1788514290,2026-09-04T15:01:30,23936.65,23938.2,23935.85,23936.15
1788514305,2026-09-04T15:01:45,23935.7,23936.75,23934.3,23935.25
1788514320,2026-09-04T15:02:00,23934.8,23937.35,23934.65,23936.3
1788514335,2026-09-04T15:02:15,23936.3,23939.4,23936.3,23938.05
1788514350,2026-09-04T15:02:30,23937.75,23939.25,23937.35,23937.4
1788514365,2026-09-04T15:02:45,23936.95,23939.7,23936.95,23938.3
1788514380,2026-09-04T15:03:00,23937.65,23939.7,23937.65,23938
1788514395,2026-09-04T15:03:15,23937.55,23940.1,23937.55,23937.75
1788514410,2026-09-04T15:03:30,23937.25,23938.85,23934.55,23935.7
1788514425,2026-09-04T15:03:45,23934.25,23936.8,23934.25,23935.2
1788514440,2026-09-04T15:04:00,23934.6,23937.25,23932.35,23933.45
1788514455,2026-09-04T15:04:15,23932.3,23935.6,23932.3,23932.7
1788514470,2026-09-04T15:04:30,23932.35,23934.7,23931.3,23932.15
1788514485,2026-09-04T15:04:45,23930.9,23933.55,23929.6,23931
1788514500,2026-09-04T15:05:00,23930,23932.05,23928.9,23930.5
1788514515,2026-09-04T15:05:15,23928.75,23933.4,23928.75,23931.4
1788514530,2026-09-04T15:05:30,23931.15,23932.75,23930.65,23932.2
1788514545,2026-09-04T15:05:45,23930.9,23937.6,23930.9,23935.75
1788514560,2026-09-04T15:06:00,23935.45,23938.05,23934.35,23935.1
1788514575,2026-09-04T15:06:15,23934.45,23938.6,23934.45,23936.3
1788514590,2026-09-04T15:06:30,23934.95,23938.75,23934.95,23936.05
1788514605,2026-09-04T15:06:45,23935.65,23937.95,23935.6,23935.6
1788514620,2026-09-04T15:07:00,23935.35,23937.7,23934.95,23935.9
1788514635,2026-09-04T15:07:15,23935.4,23937.3,23934.7,23936.3
1788514650,2026-09-04T15:07:30,23935.05,23938.2,23935.05,23937.75
1788514665,2026-09-04T15:07:45,23936.95,23938.7,23936.9,23937.7
1788514680,2026-09-04T15:08:00,23938.05,23939.95,23937.5,23938.35
1788514695,2026-09-04T15:08:15,23938.3,23940.05,23938.15,23938.2
1788514710,2026-09-04T15:08:30,23937.1,23939.5,23934.95,23935.2
1788514725,2026-09-04T15:08:45,23935.4,23937.25,23934.65,23935.15
1788514740,2026-09-04T15:09:00,23935.5,23937.75,23932.4,23935.6
1788514755,2026-09-04T15:09:15,23935.15,23937.75,23935.15,23935.2
1788514770,2026-09-04T15:09:30,23935.65,23937.55,23935.05,23935.65
1788514785,2026-09-04T15:09:45,23935.3,23938.6,23935.2,23938.6
1788514800,2026-09-04T15:10:00,23937,23938.6,23935.55,23935.55
1788514815,2026-09-04T15:10:15,23935.7,23936.95,23933.9,23934.25
1788514830,2026-09-04T15:10:30,23933.6,23936.75,23933.6,23935.2
1788514845,2026-09-04T15:10:45,23934.7,23936.85,23934.7,23935.55
1788514860,2026-09-04T15:11:00,23935.45,23937.3,23935.1,23935.45
1788514875,2026-09-04T15:11:15,23934.8,23936.85,23933.95,23934.65
1788514890,2026-09-04T15:11:30,23934.3,23936.25,23932.85,23933.9
1788514905,2026-09-04T15:11:45,23933.1,23936.4,23933.1,23934.9
1788514920,2026-09-04T15:12:00,23935.05,23936.45,23931.05,23932.6
1788514935,2026-09-04T15:12:15,23932.5,23940,23932.5,23934.4
1788514950,2026-09-04T15:12:30,23934.95,23944.4,23934.95,23938.5
1788514965,2026-09-04T15:12:45,23938.15,23942.85,23934.95,23935.6
1788514980,2026-09-04T15:13:00,23934.75,23941.15,23933.35,23937.6
1788514995,2026-09-04T15:13:15,23936.5,23942.4,23935.3,23939.65
1788515010,2026-09-04T15:13:30,23939.05,23942.05,23937.9,23937.95
1788515025,2026-09-04T15:13:45,23936.85,23939.85,23934.45,23936.95
1788515040,2026-09-04T15:14:00,23935.95,23938.4,23933.5,23934.85
1788515055,2026-09-04T15:14:15,23934.2,23936.15,23930.7,23935.25
1788515070,2026-09-04T15:14:30,23934.45,23935.25,23928.25,23933
1788515085,2026-09-04T15:14:45,23934.3,23939.3,23929.55,23938.4
1788515100,2026-09-04T15:15:00,23937.9,23937.9,23937.9,23937.9
1788515115,2026-09-04T15:15:15,23937.9,23937.9,23937.9,23937.9
1788515130,2026-09-04T15:15:30,23937.9,23937.9,23937.9,23937.9
1788515145,2026-09-04T15:15:45,23937.9,23937.9,23937.9,23937.9
1788515160,2026-09-04T15:16:00,23937.9,23937.9,23937.9,23937.9
1788515175,2026-09-04T15:16:15,23937.9,23937.9,23937.9,23937.9
1788515190,2026-09-04T15:16:30,23937.9,23937.9,23937.9,23937.9
1788515205,2026-09-04T15:16:45,23937.9,23937.9,23937.9,23937.9
1788515220,2026-09-04T15:17:00,23937.9,23937.9,23937.9,23937.9
1788515235,2026-09-04T15:17:15,23937.9,23937.9,23937.9,23937.9
1788515250,2026-09-04T15:17:30,23937.9,23937.9,23937.9,23937.9
1788515265,2026-09-04T15:17:45,23937.9,23937.9,23937.9,23937.9
1788515280,2026-09-04T15:18:00,23937.9,23937.9,23937.9,23937.9
1788515295,2026-09-04T15:18:15,23937.9,23937.9,23937.9,23937.9
1788515310,2026-09-04T15:18:30,23937.9,23937.9,23937.9,23937.9
1788515325,2026-09-04T15:18:45,23937.9,23937.9,23937.9,23937.9
1788515340,2026-09-04T15:19:00,23937.9,23937.9,23937.9,23937.9
1788515355,2026-09-04T15:19:15,23937.9,23937.9,23937.9,23937.9
1788515370,2026-09-04T15:19:30,23937.9,23937.9,23937.9,23937.9
1788515385,2026-09-04T15:19:45,23937.9,23937.9,23937.9,23937.9
1788515400,2026-09-04T15:20:00,23937.9,23937.9,23937.9,23937.9
1788515415,2026-09-04T15:20:15,23937.9,23937.9,23937.9,23937.9
1788515430,2026-09-04T15:20:30,23937.9,23937.9,23937.9,23937.9
1788515445,2026-09-04T15:20:45,23937.9,23937.9,23937.9,23937.9
1788515460,2026-09-04T15:21:00,23937.9,23937.9,23937.9,23937.9
1788515475,2026-09-04T15:21:15,23937.9,23937.9,23937.9,23937.9
1788515490,2026-09-04T15:21:30,23937.9,23937.9,23937.9,23937.9
1788515505,2026-09-04T15:21:45,23937.9,23937.9,23937.9,23937.9
1788515520,2026-09-04T15:22:00,23937.9,23937.9,23937.9,23937.9
1788515535,2026-09-04T15:22:15,23937.9,23937.9,23937.9,23937.9
1788515550,2026-09-04T15:22:30,23937.9,23937.9,23937.9,23937.9
1788515565,2026-09-04T15:22:45,23937.9,23937.9,23937.9,23937.9
1788515580,2026-09-04T15:23:00,23937.9,23937.9,23937.9,23937.9
1788515595,2026-09-04T15:23:15,23937.9,23937.9,23937.9,23937.9
1788515610,2026-09-04T15:23:30,23937.9,23937.9,23937.9,23937.9
1788515625,2026-09-04T15:23:45,23937.9,23937.9,23937.9,23937.9
1788515640,2026-09-04T15:24:00,23937.9,23937.9,23937.9,23937.9
1788515655,2026-09-04T15:24:15,23937.9,23937.9,23937.9,23937.9
1788515670,2026-09-04T15:24:30,23937.9,23937.9,23937.9,23937.9
1788515685,2026-09-04T15:24:45,23937.9,23937.9,23937.9,23937.9
1788515700,2026-09-04T15:25:00,23937.9,23937.9,23937.9,23937.9
1788515715,2026-09-04T15:25:15,23937.9,23937.9,23937.9,23937.9
1788515730,2026-09-04T15:25:30,23937.9,23937.9,23937.9,23937.9
1788515745,2026-09-04T15:25:45,23937.9,23937.9,23937.9,23937.9
1788515760,2026-09-04T15:26:00,23937.9,23937.9,23937.9,23937.9
1788515775,2026-09-04T15:26:15,23937.9,23937.9,23937.9,23937.9
1788515790,2026-09-04T15:26:30,23937.9,23937.9,23937.9,23937.9
1788515805,2026-09-04T15:26:45,23937.9,23937.9,23937.9,23937.9
1788515820,2026-09-04T15:27:00,23937.9,23937.9,23937.9,23937.9
1788515835,2026-09-04T15:27:15,23937.9,23937.9,23937.9,23937.9
1788515850,2026-09-04T15:27:30,23937.9,23937.9,23937.9,23937.9
1788515865,2026-09-04T15:27:45,23937.9,23937.9,23937.9,23937.9
1788515880,2026-09-04T15:28:00,23937.9,23937.9,23937.9,23937.9
1788515895,2026-09-04T15:28:15,23937.9,23937.9,23897.7,23897.7
1788515910,2026-09-04T15:28:30,23897.7,23897.7,23897.7,23897.7
1788515925,2026-09-04T15:28:45,23897.7,23897.7,23897.7,23897.7
1788515940,2026-09-04T15:29:00,23897.7,23897.7,23897.7,23897.7
1788515955,2026-09-04T15:29:15,23897.7,23897.7,23897.7,23897.7
1788515970,2026-09-04T15:29:30,23897.7,23897.7,23897.7,23897.7
1788515985,2026-09-04T15:29:45,23897.7,23897.7,23897.7,23897.7
1788752700,2026-09-07T09:15:00,23879.55,23888.8,23859.3,23862.2
1788752715,2026-09-07T09:15:15,23860.5,23878.45,23860.5,23874.65
1788752730,2026-09-07T09:15:30,23874.55,23874.55,23847.55,23849.55
1788752745,2026-09-07T09:15:45,23846.5,23847.6,23838.1,23838.4
1788752760,2026-09-07T09:16:00,23837.3,23837.3,23826.25,23827.3
1788752775,2026-09-07T09:16:15,23828.05,23829.75,23819.15,23825.7
1788752790,2026-09-07T09:16:30,23822.5,23839.25,23822.5,23838.65
1788752805,2026-09-07T09:16:45,23837.55,23846.6,23836.9,23845
1788752820,2026-09-07T09:17:00,23846.75,23854.5,23846.3,23853.1
1788752835,2026-09-07T09:17:15,23853.3,23853.3,23843.05,23846.55
1788752850,2026-09-07T09:17:30,23846.4,23849.4,23841.75,23846.1
1788752865,2026-09-07T09:17:45,23846.45,23851.5,23844.4,23845.5
1788752880,2026-09-07T09:18:00,23846.1,23851.95,23843,23851.25
1788752895,2026-09-07T09:18:15,23851.7,23853,23849.8,23851.85
1788752910,2026-09-07T09:18:30,23851.9,23855.2,23850.25,23855.2
1788752925,2026-09-07T09:18:45,23854.2,23858.25,23851.5,23856.7
1788752940,2026-09-07T09:19:00,23858.7,23859.5,23854.8,23856.7
1788752955,2026-09-07T09:19:15,23857.55,23859.95,23855.85,23856
1788752970,2026-09-07T09:19:30,23856.95,23858.55,23854.75,23858.1
1788752985,2026-09-07T09:19:45,23858.7,23862.6,23858.05,23858.8
1788753000,2026-09-07T09:20:00,23859.35,23859.35,23847.55,23847.85
1788753015,2026-09-07T09:20:15,23849,23853.05,23848.55,23851.1
1788753030,2026-09-07T09:20:30,23850.4,23855,23850.4,23850.9
1788753045,2026-09-07T09:20:45,23850.4,23852.2,23846,23847.35
1788753060,2026-09-07T09:21:00,23847.8,23852.95,23846.4,23852.1
1788753075,2026-09-07T09:21:15,23851.3,23858.35,23850.9,23857.4
1788753090,2026-09-07T09:21:30,23857,23857.75,23848.65,23849.9
1788753105,2026-09-07T09:21:45,23849.35,23853.05,23848,23850.8
1788753120,2026-09-07T09:22:00,23852.85,23853.15,23848.95,23849.95
1788753135,2026-09-07T09:22:15,23849.9,23852.6,23848.55,23851.5
1788753150,2026-09-07T09:22:30,23851.15,23856.95,23851.15,23854.15
1788753165,2026-09-07T09:22:45,23853.3,23857.75,23852.65,23857.75
1788753180,2026-09-07T09:23:00,23859.3,23861.3,23855.45,23856
1788753195,2026-09-07T09:23:15,23855.7,23857.15,23849.15,23853.05
1788753210,2026-09-07T09:23:30,23851.7,23854.2,23851.7,23853.1
1788753225,2026-09-07T09:23:45,23853.05,23854.9,23851.3,23851.4
1788753240,2026-09-07T09:24:00,23853.45,23853.7,23849.75,23849.8
1788753255,2026-09-07T09:24:15,23849.5,23850.2,23845.25,23847.95
1788753270,2026-09-07T09:24:30,23848.55,23848.55,23841.35,23842.8
1788753285,2026-09-07T09:24:45,23842.2,23843.65,23838.25,23838.25
1788753300,2026-09-07T09:25:00,23841.75,23841.75,23836.55,23836.6
1788753315,2026-09-07T09:25:15,23836.2,23837.6,23833.9,23834.15
1788753330,2026-09-07T09:25:30,23833.3,23835.5,23831.05,23832.85
1788753345,2026-09-07T09:25:45,23834.55,23835.95,23832.9,23834.5
1788753360,2026-09-07T09:26:00,23837.95,23837.95,23832.85,23834.65
1788753375,2026-09-07T09:26:15,23834.5,23837.5,23832.75,23835.85
1788753390,2026-09-07T09:26:30,23835.9,23838,23834.7,23835.65
1788753405,2026-09-07T09:26:45,23834.8,23837.9,23833.9,23835.15
1788753420,2026-09-07T09:27:00,23835.9,23835.9,23833,23834.3
1788753435,2026-09-07T09:27:15,23833.6,23834.35,23830.7,23832.65
1788753450,2026-09-07T09:27:30,23832.3,23833.45,23830.9,23830.95
1788753465,2026-09-07T09:27:45,23831.15,23831.75,23828.35,23830.15
1788753480,2026-09-07T09:28:00,23831.35,23831.9,23828.65,23829.65
1788753495,2026-09-07T09:28:15,23828.9,23830.05,23827.25,23828.7
1788753510,2026-09-07T09:28:30,23826.65,23829.8,23826.65,23828.85
1788753525,2026-09-07T09:28:45,23828.45,23833,23827.75,23831.25
1788753540,2026-09-07T09:29:00,23834,23834,23831.4,23833.1
1788753555,2026-09-07T09:29:15,23832.75,23833.8,23828.75,23829.4
1788753570,2026-09-07T09:29:30,23829.55,23831.7,23828.95,23830.35
1788753585,2026-09-07T09:29:45,23831.4,23831.9,23828.65,23828.65
1788753600,2026-09-07T09:30:00,23830.95,23831.9,23828.25,23831.1
1788753615,2026-09-07T09:30:15,23830.95,23834.9,23830.85,23833.4
1788753630,2026-09-07T09:30:30,23834.6,23839.55,23834.6,23839.55
1788753645,2026-09-07T09:30:45,23839.2,23840.9,23836.85,23836.85
1788753660,2026-09-07T09:31:00,23840.5,23840.5,23835.85,23838.5
1788753675,2026-09-07T09:31:15,23838.25,23841.05,23837.25,23838.85
1788753690,2026-09-07T09:31:30,23838.1,23840.45,23835.1,23835.4
1788753705,2026-09-07T09:31:45,23835.55,23835.9,23832.95,23833.15
1788753720,2026-09-07T09:32:00,23835.3,23835.3,23832.9,23833.65
1788753735,2026-09-07T09:32:15,23833.5,23834.7,23832,23833.6
1788753750,2026-09-07T09:32:30,23833.65,23835.3,23832.1,23833.35
1788753765,2026-09-07T09:32:45,23833.25,23835.7,23833.15,23834.85
1788753780,2026-09-07T09:33:00,23836.35,23837.25,23833.75,23835.8
1788753795,2026-09-07T09:33:15,23835.45,23840.4,23834.4,23837.3
1788753810,2026-09-07T09:33:30,23836.5,23838.05,23835.45,23836.4
1788753825,2026-09-07T09:33:45,23835.95,23837.75,23835,23836.3
1788753840,2026-09-07T09:34:00,23837.85,23838.1,23832.1,23832.45
1788753855,2026-09-07T09:34:15,23832.25,23834.35,23831.15,23834.35
1788753870,2026-09-07T09:34:30,23834.9,23840,23833.75,23838.65
1788753885,2026-09-07T09:34:45,23839.45,23840,23836.65,23839.2
1788753900,2026-09-07T09:35:00,23840.5,23840.5,23837.15,23837.6
1788753915,2026-09-07T09:35:15,23837.3,23837.6,23834.8,23835.65
1788753930,2026-09-07T09:35:30,23835.45,23835.9,23833.85,23834.8
1788753945,2026-09-07T09:35:45,23834.7,23836.9,23834.7,23836.9
1788753960,2026-09-07T09:36:00,23838.65,23842.8,23837.95,23842.5
1788753975,2026-09-07T09:36:15,23842.4,23844.95,23841.35,23843
1788753990,2026-09-07T09:36:30,23843.35,23844.7,23841.75,23842.6
1788754005,2026-09-07T09:36:45,23842.45,23844.95,23841.8,23842.65
1788754020,2026-09-07T09:37:00,23843.6,23845,23842.25,23843.3
1788754035,2026-09-07T09:37:15,23843.35,23844.65,23839.5,23841.7
1788754050,2026-09-07T09:37:30,23841.4,23841.55,23837.3,23837.5
1788754065,2026-09-07T09:37:45,23837.5,23838.5,23835.95,23838.45
1788754080,2026-09-07T09:38:00,23839.3,23840.05,23837.25,23839.05
1788754095,2026-09-07T09:38:15,23838.95,23839,23836.6,23837.25
1788754110,2026-09-07T09:38:30,23836.95,23840.3,23835.95,23839.9
1788754125,2026-09-07T09:38:45,23840.2,23840.8,23836.25,23836.25
1788754140,2026-09-07T09:39:00,23838.5,23839.9,23836.9,23837.85
1788754155,2026-09-07T09:39:15,23837.4,23839.6,23836.3,23837.8
1788754170,2026-09-07T09:39:30,23838.4,23840.35,23837.65,23837.9
1788754185,2026-09-07T09:39:45,23838.1,23838.8,23835.7,23838
1788754200,2026-09-07T09:40:00,23839.25,23841.2,23838.1,23840.4
1788754215,2026-09-07T09:40:15,23840.5,23843,23839.75,23841.3
1788754230,2026-09-07T09:40:30,23841.25,23844,23840.8,23841
1788754245,2026-09-07T09:40:45,23841.15,23842.7,23839.4,23840.9
1788754260,2026-09-07T09:41:00,23842.15,23842.65,23839.65,23842.25
1788754275,2026-09-07T09:41:15,23842.5,23842.65,23838.75,23839.9
1788754290,2026-09-07T09:41:30,23839.15,23839.15,23835.85,23837.35
1788754305,2026-09-07T09:41:45,23837.35,23838.6,23836,23837.6
1788754320,2026-09-07T09:42:00,23837.85,23837.85,23835.55,23836.8
1788754335,2026-09-07T09:42:15,23836.35,23838.6,23835.85,23837.15
1788754350,2026-09-07T09:42:30,23837.05,23839.6,23836.7,23839.1
1788754365,2026-09-07T09:42:45,23838.8,23842.5,23838.65,23841.5
1788754380,2026-09-07T09:43:00,23841.8,23845.2,23841.3,23843.1
1788754395,2026-09-07T09:43:15,23843.05,23845.65,23841.6,23842.65
1788754410,2026-09-07T09:43:30,23841.85,23843.55,23840.45,23842.05
1788754425,2026-09-07T09:43:45,23841.5,23841.55,23838.95,23840.15
1788754440,2026-09-07T09:44:00,23840.85,23840.85,23837.5,23837.75
1788754455,2026-09-07T09:44:15,23837.8,23838,23834.45,23834.45
1788754470,2026-09-07T09:44:30,23834.3,23835.75,23833.65,23833.65
1788754485,2026-09-07T09:44:45,23834.05,23836.35,23833.5,23835.85
1788754500,2026-09-07T09:45:00,23837.65,23839.4,23836.35,23837.95
1788754515,2026-09-07T09:45:15,23838,23839.15,23837.4,23838.45
1788754530,2026-09-07T09:45:30,23838.65,23841.15,23837.8,23839.9
1788754545,2026-09-07T09:45:45,23840.6,23841.8,23838.05,23838.5
1788754560,2026-09-07T09:46:00,23840.1,23840.1,23836.85,23838.3
1788754575,2026-09-07T09:46:15,23838.25,23841.5,23838,23839.95
1788754590,2026-09-07T09:46:30,23839.85,23840.35,23838.2,23838.75
1788754605,2026-09-07T09:46:45,23838.35,23838.55,23835.4,23836.2
1788754620,2026-09-07T09:47:00,23837.25,23838.05,23835.75,23837.05
1788754635,2026-09-07T09:47:15,23837.05,23838.1,23835.85,23836.75
1788754650,2026-09-07T09:47:30,23837,23837.7,23833.7,23834
1788754665,2026-09-07T09:47:45,23834.5,23835.55,23833.45,23834.35
1788754680,2026-09-07T09:48:00,23835.45,23836.1,23833.55,23834.55
1788754695,2026-09-07T09:48:15,23834.05,23834.65,23831.25,23832.2
1788754710,2026-09-07T09:48:30,23832.4,23832.8,23830.1,23830.1
1788754725,2026-09-07T09:48:45,23830.05,23830.9,23827.85,23829.35
1788754740,2026-09-07T09:49:00,23830.1,23830.5,23827.7,23830.1
1788754755,2026-09-07T09:49:15,23830.15,23831.1,23828.65,23829.4
1788754770,2026-09-07T09:49:30,23829.3,23829.85,23828.25,23829.05
1788754785,2026-09-07T09:49:45,23829.2,23830.2,23828.35,23829.25
1788754800,2026-09-07T09:50:00,23830.45,23832.3,23829.4,23830.05
1788754815,2026-09-07T09:50:15,23829.65,23830.6,23828.6,23828.65
1788754830,2026-09-07T09:50:30,23828.5,23829.6,23826.05,23826.7
1788754845,2026-09-07T09:50:45,23827.25,23827.95,23825.95,23827.75
1788754860,2026-09-07T09:51:00,23829.3,23832.25,23828.7,23830.85
1788754875,2026-09-07T09:51:15,23829.6,23833.3,23828.8,23830.6
1788754890,2026-09-07T09:51:30,23830.35,23831.1,23828.45,23830.3
1788754905,2026-09-07T09:51:45,23830.4,23832.2,23829.65,23830.7
1788754920,2026-09-07T09:52:00,23832,23832.4,23830.4,23830.55
1788754935,2026-09-07T09:52:15,23830.7,23830.7,23827.35,23828.35
1788754950,2026-09-07T09:52:30,23828.15,23828.6,23826,23826.65
1788754965,2026-09-07T09:52:45,23826.45,23827.25,23825.2,23825.2
1788754980,2026-09-07T09:53:00,23826.75,23826.75,23824.85,23825.25
1788754995,2026-09-07T09:53:15,23825.75,23826,23824.2,23825.85
1788755010,2026-09-07T09:53:30,23825.75,23827.45,23824.4,23826.45
1788755025,2026-09-07T09:53:45,23826,23826.4,23824.45,23824.65
1788755040,2026-09-07T09:54:00,23826,23826.35,23822,23822.4
1788755055,2026-09-07T09:54:15,23822.2,23824,23821.3,23821.95
1788755070,2026-09-07T09:54:30,23821.95,23822.5,23818.2,23819.25
1788755085,2026-09-07T09:54:45,23818.9,23819.5,23815,23817.15
1788755100,2026-09-07T09:55:00,23818.15,23818.55,23815.35,23815.65
1788755115,2026-09-07T09:55:15,23816.5,23818.4,23815.75,23818.2
1788755130,2026-09-07T09:55:30,23818.75,23820.05,23811.75,23811.75
1788755145,2026-09-07T09:55:45,23811.15,23815.95,23810.35,23815.55
1788755160,2026-09-07T09:56:00,23816.65,23818.95,23814.4,23818.45
1788755175,2026-09-07T09:56:15,23817.9,23820.8,23815.9,23818.05
1788755190,2026-09-07T09:56:30,23817.45,23819.4,23817,23818.4
1788755205,2026-09-07T09:56:45,23818.15,23822.4,23818.15,23822.4
1788755220,2026-09-07T09:57:00,23823.45,23827.8,23822.3,23826.8
1788755235,2026-09-07T09:57:15,23827.65,23827.65,23823.85,23826.2
1788755250,2026-09-07T09:57:30,23826.25,23826.7,23824.95,23826.7
1788755265,2026-09-07T09:57:45,23826.65,23827.4,23822,23822.8
1788755280,2026-09-07T09:58:00,23823.45,23823.8,23817.55,23817.55
1788755295,2026-09-07T09:58:15,23817.45,23818.55,23816.7,23818.2
1788755310,2026-09-07T09:58:30,23818.05,23820.35,23816.7,23818.1
1788755325,2026-09-07T09:58:45,23817.95,23818.7,23815.65,23817.1
1788755340,2026-09-07T09:59:00,23818.15,23819.3,23816.45,23817.7
1788755355,2026-09-07T09:59:15,23818.45,23819.6,23817.7,23818.2
1788755370,2026-09-07T09:59:30,23818.25,23820.6,23817.55,23819
1788755385,2026-09-07T09:59:45,23819.05,23820.05,23815.55,23815.95
1788755400,2026-09-07T10:00:00,23817.05,23821.1,23816.85,23820.55
1788755415,2026-09-07T10:00:15,23820.6,23821.8,23818.15,23819.35
1788755430,2026-09-07T10:00:30,23818.95,23820.15,23817.3,23817.55
1788755445,2026-09-07T10:00:45,23817.5,23819.1,23817.5,23817.75
1788755460,2026-09-07T10:01:00,23819,23819.65,23815.25,23815.7
1788755475,2026-09-07T10:01:15,23814.05,23817.75,23812.7,23813.55
1788755490,2026-09-07T10:01:30,23813.75,23815.4,23812.1,23813.2
1788755505,2026-09-07T10:01:45,23813.25,23817.45,23813.25,23817.45
1788755520,2026-09-07T10:02:00,23818.25,23819.05,23816.95,23817.95
1788755535,2026-09-07T10:02:15,23817.85,23821.5,23817.8,23821.2
1788755550,2026-09-07T10:02:30,23821,23825.5,23820,23822.4
1788755565,2026-09-07T10:02:45,23823.15,23824.25,23820.95,23821.7
1788755580,2026-09-07T10:03:00,23823.1,23823.75,23821.55,23823.05
1788755595,2026-09-07T10:03:15,23822.4,23826.8,23822.2,23826.2
1788755610,2026-09-07T10:03:30,23825.4,23827.05,23823.75,23824.95
1788755625,2026-09-07T10:03:45,23824.65,23824.7,23821.8,23822.55
1788755640,2026-09-07T10:04:00,23822.45,23823.85,23821.4,23821.7
1788755655,2026-09-07T10:04:15,23821.45,23823.2,23818.25,23822
1788755670,2026-09-07T10:04:30,23820.6,23822.5,23819.75,23821.15
1788755685,2026-09-07T10:04:45,23821.35,23824.35,23821.35,23822.15
1788755700,2026-09-07T10:05:00,23823.55,23823.55,23820.85,23821.9
1788755715,2026-09-07T10:05:15,23821.55,23821.95,23816.5,23818.4
1788755730,2026-09-07T10:05:30,23817.3,23819.55,23816.65,23818.1
1788755745,2026-09-07T10:05:45,23818.75,23820.2,23818.1,23819.15
1788755760,2026-09-07T10:06:00,23820.2,23820.45,23816.7,23817.7
1788755775,2026-09-07T10:06:15,23817.6,23818.3,23816.15,23817.7
1788755790,2026-09-07T10:06:30,23817.5,23819.25,23817.15,23818.8
1788755805,2026-09-07T10:06:45,23818.7,23821,23818.1,23818.85
1788755820,2026-09-07T10:07:00,23819.7,23819.9,23818.25,23819
1788755835,2026-09-07T10:07:15,23819.25,23820.7,23818.2,23818.95
1788755850,2026-09-07T10:07:30,23817.85,23818.95,23817.3,23818.3
1788755865,2026-09-07T10:07:45,23818.3,23820.25,23817.75,23818.9
1788755880,2026-09-07T10:08:00,23820.3,23820.3,23816.9,23817.3
1788755895,2026-09-07T10:08:15,23817.35,23819.15,23817.05,23817.85
1788755910,2026-09-07T10:08:30,23818.3,23820.8,23817,23820.75
1788755925,2026-09-07T10:08:45,23821.5,23821.75,23819.5,23820.1
1788755940,2026-09-07T10:09:00,23821.65,23821.95,23819.9,23821.15
1788755955,2026-09-07T10:09:15,23820.85,23822,23819.8,23820.85
1788755970,2026-09-07T10:09:30,23820.7,23823.1,23819.05,23819.35
1788755985,2026-09-07T10:09:45,23819.05,23819.2,23816.7,23816.95
1788756000,2026-09-07T10:10:00,23819.45,23820.65,23817.7,23819
1788756015,2026-09-07T10:10:15,23818.65,23819.55,23816.65,23817.45
1788756030,2026-09-07T10:10:30,23817.45,23818.15,23816.25,23816.5
1788756045,2026-09-07T10:10:45,23816.3,23817.7,23814.55,23814.9
1788756060,2026-09-07T10:11:00,23816.45,23817.3,23814.9,23815.45
1788756075,2026-09-07T10:11:15,23815.4,23815.85,23813.85,23814.25
1788756090,2026-09-07T10:11:30,23814.5,23815.75,23814.45,23814.75
1788756105,2026-09-07T10:11:45,23814.95,23815.4,23814.35,23814.65
1788756120,2026-09-07T10:12:00,23815.85,23816.9,23814.6,23815.15
1788756135,2026-09-07T10:12:15,23815.75,23815.85,23813.4,23814.35
1788756150,2026-09-07T10:12:30,23814.25,23816.55,23813.85,23814.55
1788756165,2026-09-07T10:12:45,23814.7,23815.6,23813.65,23815.15
1788756180,2026-09-07T10:13:00,23816.2,23816.5,23813.7,23815.2
1788756195,2026-09-07T10:13:15,23815.05,23816.7,23814.25,23814.55
1788756210,2026-09-07T10:13:30,23814.4,23814.4,23811,23811.7
1788756225,2026-09-07T10:13:45,23811.4,23812.8,23808.95,23809.6
1788756240,2026-09-07T10:14:00,23810.75,23812.9,23809.85,23810.85
1788756255,2026-09-07T10:14:15,23810.95,23812.1,23808.55,23808.55
1788756270,2026-09-07T10:14:30,23808.45,23809.1,23807.8,23808.2
1788756285,2026-09-07T10:14:45,23808.3,23809.35,23806.2,23806.45
1788756300,2026-09-07T10:15:00,23808.1,23809.4,23806.35,23808.25
1788756315,2026-09-07T10:15:15,23807.9,23809.9,23807.4,23808.5
1788756330,2026-09-07T10:15:30,23808.35,23811.15,23808.05,23808.1
1788756345,2026-09-07T10:15:45,23808.4,23808.5,23805.95,23806.05
1788756360,2026-09-07T10:16:00,23807.4,23807.4,23801.75,23802.35
1788756375,2026-09-07T10:16:15,23802.5,23803.35,23798.05,23798.7
1788756390,2026-09-07T10:16:30,23798.7,23799,23796.15,23797.35
1788756405,2026-09-07T10:16:45,23797,23798.05,23792.55,23792.9
1788756420,2026-09-07T10:17:00,23793.55,23793.7,23790.4,23791.2
1788756435,2026-09-07T10:17:15,23791.6,23792.25,23790.15,23790.65
1788756450,2026-09-07T10:17:30,23790.9,23792.05,23789.5,23791.25
1788756465,2026-09-07T10:17:45,23791.6,23793.6,23790.15,23791.65
1788756480,2026-09-07T10:18:00,23792.95,23793.6,23791.1,23792.8
1788756495,2026-09-07T10:18:15,23792.95,23795.6,23791.3,23794.8
1788756510,2026-09-07T10:18:30,23793.95,23796.95,23792.8,23795.55
1788756525,2026-09-07T10:18:45,23795.4,23798.8,23795.15,23796.7
1788756540,2026-09-07T10:19:00,23798.5,23798.85,23796.55,23798.15
1788756555,2026-09-07T10:19:15,23798.05,23799.05,23796.45,23797.8
1788756570,2026-09-07T10:19:30,23796.95,23798.05,23795.85,23796.8
1788756585,2026-09-07T10:19:45,23796.7,23798.65,23795.75,23796.55
1788756600,2026-09-07T10:20:00,23797.75,23799.25,23795.7,23799.1
1788756615,2026-09-07T10:20:15,23798.7,23801.2,23798.35,23799.8
1788756630,2026-09-07T10:20:30,23799,23800.15,23798.05,23798.8
1788756645,2026-09-07T10:20:45,23799.25,23799.45,23797.5,23798.65
1788756660,2026-09-07T10:21:00,23799.7,23800.45,23797.9,23799
1788756675,2026-09-07T10:21:15,23798.5,23801.7,23797.7,23799.55
1788756690,2026-09-07T10:21:30,23799.4,23800.5,23797.85,23800.1
1788756705,2026-09-07T10:21:45,23800.1,23802.3,23799.95,23801.35
1788756720,2026-09-07T10:22:00,23802.2,23804,23801.55,23802.3
1788756735,2026-09-07T10:22:15,23802.4,23805.95,23802.05,23804.85
1788756750,2026-09-07T10:22:30,23804.45,23807.75,23804.45,23806.95
1788756765,2026-09-07T10:22:45,23807,23809.15,23805.65,23806.95
1788756780,2026-09-07T10:23:00,23808.1,23808.9,23806.55,23808.55
1788756795,2026-09-07T10:23:15,23808.35,23809.45,23806.9,23807.95
1788756810,2026-09-07T10:23:30,23807.55,23808.45,23805.1,23806
1788756825,2026-09-07T10:23:45,23805.85,23806.2,23804.3,23804.5
1788756840,2026-09-07T10:24:00,23806,23806,23804.25,23804.7
1788756855,2026-09-07T10:24:15,23804.65,23805.3,23803.6,23804.15
1788756870,2026-09-07T10:24:30,23803.7,23805.05,23802.65,23802.85
1788756885,2026-09-07T10:24:45,23803.3,23803.6,23801.4,23801.6
1788756900,2026-09-07T10:25:00,23802.4,23804.05,23801.65,23802.85
1788756915,2026-09-07T10:25:15,23803.05,23803.05,23801.45,23802.45
1788756930,2026-09-07T10:25:30,23802.3,23804.2,23802.2,23802.7
1788756945,2026-09-07T10:25:45,23802.6,23803.6,23801.9,23802.75
1788756960,2026-09-07T10:26:00,23803.75,23804.7,23802.45,23803.55
1788756975,2026-09-07T10:26:15,23803.1,23803.65,23801.45,23801.45
1788756990,2026-09-07T10:26:30,23801.1,23802.65,23800.95,23800.95
1788757005,2026-09-07T10:26:45,23801.7,23802.7,23800.6,23801.35
1788757020,2026-09-07T10:27:00,23802.55,23802.95,23801.1,23801.65
1788757035,2026-09-07T10:27:15,23801.85,23803.45,23800.9,23803.35
1788757050,2026-09-07T10:27:30,23803.3,23804.8,23802.9,23804.05
1788757065,2026-09-07T10:27:45,23803.85,23806,23803.85,23804.85
1788757080,2026-09-07T10:28:00,23804.95,23804.95,23802.2,23802.2
1788757095,2026-09-07T10:28:15,23802.75,23802.85,23800.8,23801.75
1788757110,2026-09-07T10:28:30,23800.35,23801.6,23799.6,23799.8
1788757125,2026-09-07T10:28:45,23799.55,23800.45,23798.6,23800.45
1788757140,2026-09-07T10:29:00,23801,23803.65,23800.15,23802.95
1788757155,2026-09-07T10:29:15,23803.6,23804,23802.4,23802.45
1788757170,2026-09-07T10:29:30,23802.6,23802.8,23798.4,23798.85
1788757185,2026-09-07T10:29:45,23799.4,23801.3,23798.8,23799.6
1788757200,2026-09-07T10:30:00,23801.1,23804.25,23800.35,23802.9
1788757215,2026-09-07T10:30:15,23803.05,23803.9,23799.9,23800.75
1788757230,2026-09-07T10:30:30,23800.55,23801.75,23799.4,23800.8
1788757245,2026-09-07T10:30:45,23801.8,23802.05,23800.45,23800.9
1788757260,2026-09-07T10:31:00,23802.3,23804.35,23802.1,23803.2
1788757275,2026-09-07T10:31:15,23802.95,23803.75,23800.7,23801.55
1788757290,2026-09-07T10:31:30,23800.55,23803.95,23800,23802.85
1788757305,2026-09-07T10:31:45,23802.75,23805.45,23802.4,23803.65
1788757320,2026-09-07T10:32:00,23804.95,23805.3,23802.35,23804.15
1788757335,2026-09-07T10:32:15,23804.2,23804.6,23802.1,23803.6
1788757350,2026-09-07T10:32:30,23803.2,23803.85,23802.15,23802.5
1788757365,2026-09-07T10:32:45,23802.7,23803.1,23801.45,23802.05
1788757380,2026-09-07T10:33:00,23802.1,23802.15,23799.8,23800.25
1788757395,2026-09-07T10:33:15,23800.45,23801.15,23799.1,23800
1788757410,2026-09-07T10:33:30,23799.25,23800.65,23798.9,23799.2
1788757425,2026-09-07T10:33:45,23799.35,23801.7,23798.5,23799.35
1788757440,2026-09-07T10:34:00,23800.35,23800.95,23799.3,23800.3
1788757455,2026-09-07T10:34:15,23800.2,23800.9,23799.65,23800.25
1788757470,2026-09-07T10:34:30,23800.05,23801.4,23799.5,23800.15
1788757485,2026-09-07T10:34:45,23799.9,23800.2,23799.05,23799.1
1788757500,2026-09-07T10:35:00,23800.85,23800.95,23798.95,23800.2
1788757515,2026-09-07T10:35:15,23799.75,23800.3,23798.45,23799.9
1788757530,2026-09-07T10:35:30,23798.9,23799.5,23798.25,23798.85
1788757545,2026-09-07T10:35:45,23798.75,23799.1,23797.55,23798.35
1788757560,2026-09-07T10:36:00,23799.7,23800.25,23797.85,23799.7
1788757575,2026-09-07T10:36:15,23799.6,23800.35,23798.25,23798.95
1788757590,2026-09-07T10:36:30,23798.65,23799.7,23797.5,23797.95
1788757605,2026-09-07T10:36:45,23797.9,23797.9,23795.1,23795.85
1788757620,2026-09-07T10:37:00,23797.6,23799.5,23796.25,23797
1788757635,2026-09-07T10:37:15,23797.4,23801.7,23797.2,23800.6
1788757650,2026-09-07T10:37:30,23799.9,23801.75,23799.65,23801.1
1788757665,2026-09-07T10:37:45,23800.85,23804.05,23800.85,23801.1
1788757680,2026-09-07T10:38:00,23802.3,23802.95,23801.05,23802.35
1788757695,2026-09-07T10:38:15,23803.05,23803.05,23800.6,23801.95
1788757710,2026-09-07T10:38:30,23801.45,23802.2,23800.05,23800.65
1788757725,2026-09-07T10:38:45,23800.45,23801.4,23799.45,23799.45
1788757740,2026-09-07T10:39:00,23801.1,23801.5,23799.55,23801.1
1788757755,2026-09-07T10:39:15,23800.75,23801.75,23799.8,23799.8
1788757770,2026-09-07T10:39:30,23799.9,23801.3,23799.55,23800.55
1788757785,2026-09-07T10:39:45,23800.1,23800.65,23798.55,23799.15
1788757800,2026-09-07T10:40:00,23800.7,23800.7,23798.05,23798.25
1788757815,2026-09-07T10:40:15,23798,23798.9,23797.05,23798.25
1788757830,2026-09-07T10:40:30,23797.65,23799.85,23796.9,23797.65
1788757845,2026-09-07T10:40:45,23797.5,23798.1,23796.1,23797
1788757860,2026-09-07T10:41:00,23798.65,23798.65,23796.15,23797.5
1788757875,2026-09-07T10:41:15,23797.05,23798.3,23796.45,23796.65
1788757890,2026-09-07T10:41:30,23797.3,23798.5,23796.65,23796.95
1788757905,2026-09-07T10:41:45,23797.6,23798.7,23796.75,23797.45
1788757920,2026-09-07T10:42:00,23799.3,23799.3,23796.8,23797.7
1788757935,2026-09-07T10:42:15,23797.15,23799.35,23796.9,23798.25
1788757950,2026-09-07T10:42:30,23797.85,23798.05,23796.5,23797.7
1788757965,2026-09-07T10:42:45,23797.85,23800.6,23797.75,23800.6
1788757980,2026-09-07T10:43:00,23800.75,23802.8,23800.05,23802.55
1788757995,2026-09-07T10:43:15,23801.45,23802.35,23800.3,23800.75
1788758010,2026-09-07T10:43:30,23800.95,23801.65,23799.6,23800.05
1788758025,2026-09-07T10:43:45,23799.95,23801.05,23799.05,23801.05
1788758040,2026-09-07T10:44:00,23802.2,23802.2,23799.15,23799.65
1788758055,2026-09-07T10:44:15,23799.95,23799.95,23798.45,23799.25
1788758070,2026-09-07T10:44:30,23798.3,23799.9,23797.5,23797.5
1788758085,2026-09-07T10:44:45,23797.45,23802.3,23797.45,23802.05
1788758100,2026-09-07T10:45:00,23803.05,23803.9,23802.3,23803
1788758115,2026-09-07T10:45:15,23802.8,23803.6,23801.7,23802.75
1788758130,2026-09-07T10:45:30,23801.8,23802.9,23798.9,23798.95
1788758145,2026-09-07T10:45:45,23798.3,23800,23797.4,23799.7
1788758160,2026-09-07T10:46:00,23799.9,23800.3,23798.2,23798.65
1788758175,2026-09-07T10:46:15,23798.75,23799.75,23797.75,23798.75
1788758190,2026-09-07T10:46:30,23798,23801.35,23797.55,23799.85
1788758205,2026-09-07T10:46:45,23800.05,23800.6,23798.1,23798.7
1788758220,2026-09-07T10:47:00,23799.8,23800.15,23797.25,23798.2
1788758235,2026-09-07T10:47:15,23798.05,23800.15,23797.3,23798
1788758250,2026-09-07T10:47:30,23798.1,23799.6,23797.35,23798.15
1788758265,2026-09-07T10:47:45,23798.05,23799,23797.45,23797.95
1788758280,2026-09-07T10:48:00,23799.05,23799.3,23796.8,23797.75
1788758295,2026-09-07T10:48:15,23798.1,23798.8,23797.1,23797.4
1788758310,2026-09-07T10:48:30,23797.35,23798.05,23796,23796.35
1788758325,2026-09-07T10:48:45,23796.35,23796.35,23794.55,23794.6
1788758340,2026-09-07T10:49:00,23796.5,23797.45,23795.35,23796
1788758355,2026-09-07T10:49:15,23795.65,23795.75,23793.55,23793.95
1788758370,2026-09-07T10:49:30,23793.3,23794.45,23791.75,23793.1
1788758385,2026-09-07T10:49:45,23792.95,23795.9,23792.75,23794.3
1788758400,2026-09-07T10:50:00,23795.7,23795.7,23792.8,23793.95
1788758415,2026-09-07T10:50:15,23793.7,23794.4,23792.35,23792.35
1788758430,2026-09-07T10:50:30,23792.7,23797,23792.45,23797
1788758445,2026-09-07T10:50:45,23796.85,23799.8,23796,23797.4
1788758460,2026-09-07T10:51:00,23798.15,23798.4,23796.65,23796.9
1788758475,2026-09-07T10:51:15,23797.05,23798.05,23796.4,23796.55
1788758490,2026-09-07T10:51:30,23796.3,23796.75,23791.7,23791.7
1788758505,2026-09-07T10:51:45,23792.3,23793.5,23790.7,23793.45
1788758520,2026-09-07T10:52:00,23793.9,23794.4,23792.4,23793.15
1788758535,2026-09-07T10:52:15,23793.4,23794.25,23792.1,23794
1788758550,2026-09-07T10:52:30,23793.95,23795.1,23793.45,23793.45
1788758565,2026-09-07T10:52:45,23793.25,23794.85,23792.95,23794.65
1788758580,2026-09-07T10:53:00,23796,23796.4,23793.55,23794.95
1788758595,2026-09-07T10:53:15,23795,23795.5,23793.15,23793.65
1788758610,2026-09-07T10:53:30,23793.75,23794.6,23791.9,23791.9
1788758625,2026-09-07T10:53:45,23791.9,23792.5,23790.35,23790.7
1788758640,2026-09-07T10:54:00,23791.85,23791.85,23789.7,23790.65
1788758655,2026-09-07T10:54:15,23790.65,23791.25,23789.1,23789.5
1788758670,2026-09-07T10:54:30,23789.05,23791.65,23788.05,23790.45
1788758685,2026-09-07T10:54:45,23789.9,23791.75,23788.65,23789
1788758700,2026-09-07T10:55:00,23790.6,23790.6,23788,23788.95
1788758715,2026-09-07T10:55:15,23788.85,23789.95,23788.15,23788.35
1788758730,2026-09-07T10:55:30,23788.05,23789.25,23787,23787.5
1788758745,2026-09-07T10:55:45,23787.1,23788.55,23785.7,23787.35
1788758760,2026-09-07T10:56:00,23789.4,23792.9,23787.95,23791.25
1788758775,2026-09-07T10:56:15,23791.35,23794.4,23791.2,23793.55
1788758790,2026-09-07T10:56:30,23793.35,23795.35,23793.05,23793.2
1788758805,2026-09-07T10:56:45,23793.6,23793.6,23788.15,23789.5
1788758820,2026-09-07T10:57:00,23790.8,23791.1,23788.6,23789.4
1788758835,2026-09-07T10:57:15,23789.6,23790.1,23788.1,23789.3
1788758850,2026-09-07T10:57:30,23788,23789.95,23787.9,23789
1788758865,2026-09-07T10:57:45,23788.65,23789.3,23787.2,23789.1
1788758880,2026-09-07T10:58:00,23790.25,23791.05,23788.25,23788.45
1788758895,2026-09-07T10:58:15,23787.55,23789.65,23787.1,23789.15
1788758910,2026-09-07T10:58:30,23788.35,23789.05,23787.45,23788.2
1788758925,2026-09-07T10:58:45,23788.15,23789.95,23787.55,23789.3
1788758940,2026-09-07T10:59:00,23790.85,23790.85,23788.55,23788.95
1788758955,2026-09-07T10:59:15,23788.5,23789.8,23788.4,23788.95
1788758970,2026-09-07T10:59:30,23788.5,23790.6,23788.5,23788.75
1788758985,2026-09-07T10:59:45,23788.55,23790.3,23787.1,23788.15
1788759000,2026-09-07T11:00:00,23789.2,23789.2,23786.25,23786.75
1788759015,2026-09-07T11:00:15,23786.8,23787.4,23783.15,23784.55
1788759030,2026-09-07T11:00:30,23784.6,23787.3,23784.45,23785.6
1788759045,2026-09-07T11:00:45,23785.9,23786.6,23784.3,23785.4
1788759060,2026-09-07T11:01:00,23786.85,23786.9,23784.45,23785.1
1788759075,2026-09-07T11:01:15,23785.75,23786.3,23784.4,23785
1788759090,2026-09-07T11:01:30,23784.15,23787.35,23784.15,23785.6
1788759105,2026-09-07T11:01:45,23785.7,23786.45,23784.05,23784.05
1788759120,2026-09-07T11:02:00,23786.45,23786.45,23784.2,23784.5
1788759135,2026-09-07T11:02:15,23784.45,23784.85,23781.85,23782.15
1788759150,2026-09-07T11:02:30,23780.6,23782.2,23779.6,23780.7
1788759165,2026-09-07T11:02:45,23780.8,23782.75,23780.25,23781.35
1788759180,2026-09-07T11:03:00,23783.2,23784.4,23781.45,23782.1
1788759195,2026-09-07T11:03:15,23782.25,23783.15,23781.2,23782.45
1788759210,2026-09-07T11:03:30,23780.9,23782.3,23780.45,23781.2
1788759225,2026-09-07T11:03:45,23781.15,23782.6,23780.4,23780.75
1788759240,2026-09-07T11:04:00,23781.3,23781.3,23776.5,23776.55
1788759255,2026-09-07T11:04:15,23776.4,23777.35,23772.85,23775.05
1788759270,2026-09-07T11:04:30,23774.1,23775.35,23772.75,23773.3
1788759285,2026-09-07T11:04:45,23772.7,23775,23772.3,23774.1
1788759300,2026-09-07T11:05:00,23775.35,23775.7,23773.35,23774.25
1788759315,2026-09-07T11:05:15,23774.45,23775.55,23773,23773.4
1788759330,2026-09-07T11:05:30,23772.85,23775.25,23772.65,23773.55
1788759345,2026-09-07T11:05:45,23773.65,23777.3,23773.6,23775.95
1788759360,2026-09-07T11:06:00,23778.25,23778.25,23774.5,23774.5
1788759375,2026-09-07T11:06:15,23774.55,23777.45,23774,23775.55
1788759390,2026-09-07T11:06:30,23774.2,23776,23773.2,23773.45
1788759405,2026-09-07T11:06:45,23772.8,23774.4,23772.75,23774.4
1788759420,2026-09-07T11:07:00,23775.5,23775.5,23772.75,23774.2
1788759435,2026-09-07T11:07:15,23773.4,23775.45,23772.1,23775.15
1788759450,2026-09-07T11:07:30,23774.35,23775.25,23773.5,23773.85
1788759465,2026-09-07T11:07:45,23773.5,23774.1,23770.35,23771.75
1788759480,2026-09-07T11:08:00,23774.05,23774.05,23771.65,23773.05
1788759495,2026-09-07T11:08:15,23772.4,23772.85,23770.85,23771.45
1788759510,2026-09-07T11:08:30,23770.95,23772,23769.9,23770.45
1788759525,2026-09-07T11:08:45,23770.9,23774.05,23769.35,23772.5
1788759540,2026-09-07T11:09:00,23773.8,23774.05,23771.05,23771.35
1788759555,2026-09-07T11:09:15,23770.75,23773.8,23770.65,23773.15
1788759570,2026-09-07T11:09:30,23771.75,23772.15,23769.15,23770
1788759585,2026-09-07T11:09:45,23769.9,23770.85,23768.8,23770.2
1788759600,2026-09-07T11:10:00,23771.2,23772.15,23770.4,23771.7
1788759615,2026-09-07T11:10:15,23771.1,23772,23769.45,23772
1788759630,2026-09-07T11:10:30,23771.5,23773.6,23771.15,23772.2
1788759645,2026-09-07T11:10:45,23772.25,23772.55,23769,23770.3
1788759660,2026-09-07T11:11:00,23771.25,23771.6,23769.55,23770.1
1788759675,2026-09-07T11:11:15,23770.25,23773.2,23769.65,23770.9
1788759690,2026-09-07T11:11:30,23770.75,23774.9,23770.1,23773.2
1788759705,2026-09-07T11:11:45,23773.6,23775.15,23771.6,23773.5
1788759720,2026-09-07T11:12:00,23775.1,23775.1,23772.7,23772.9
1788759735,2026-09-07T11:12:15,23773.15,23773.8,23771.3,23772.05
1788759750,2026-09-07T11:12:30,23771.25,23772.25,23770.25,23770.3
1788759765,2026-09-07T11:12:45,23770.2,23772.05,23769.7,23771.45
1788759780,2026-09-07T11:13:00,23773.5,23773.75,23770.1,23770.35
1788759795,2026-09-07T11:13:15,23770.4,23771.75,23766.6,23767.4
1788759810,2026-09-07T11:13:30,23767.5,23768.7,23764.45,23764.45
1788759825,2026-09-07T11:13:45,23764.2,23767,23764.05,23764.75
1788759840,2026-09-07T11:14:00,23764.9,23771.9,23764.9,23768.75
1788759855,2026-09-07T11:14:15,23768.3,23769.3,23766.35,23767
1788759870,2026-09-07T11:14:30,23766.35,23769.2,23766.35,23769.05
1788759885,2026-09-07T11:14:45,23768.25,23769.3,23767.3,23769.15
1788759900,2026-09-07T11:15:00,23770.25,23771.1,23767.55,23768.15
1788759915,2026-09-07T11:15:15,23768.1,23769.15,23766.05,23768.3
1788759930,2026-09-07T11:15:30,23767.65,23768.45,23766.35,23767
1788759945,2026-09-07T11:15:45,23766.7,23766.9,23764.2,23764.2
1788759960,2026-09-07T11:16:00,23766.15,23768.65,23764,23766.95
1788759975,2026-09-07T11:16:15,23766.9,23767.25,23763.35,23763.65
1788759990,2026-09-07T11:16:30,23762.95,23769.2,23762.95,23767
1788760005,2026-09-07T11:16:45,23766.75,23768.55,23766.2,23767.7
1788760020,2026-09-07T11:17:00,23769.25,23769.9,23767,23769.25
1788760035,2026-09-07T11:17:15,23768.75,23771.25,23766.95,23766.95
1788760050,2026-09-07T11:17:30,23767,23769.3,23766.55,23769.3
1788760065,2026-09-07T11:17:45,23768.8,23772.05,23767.55,23770.55
1788760080,2026-09-07T11:18:00,23771.05,23771.05,23768.1,23769.8
1788760095,2026-09-07T11:18:15,23770,23771.05,23769.3,23769.75
1788760110,2026-09-07T11:18:30,23769.65,23769.7,23768.15,23768.8
1788760125,2026-09-07T11:18:45,23768.65,23770.15,23767.9,23769.35
1788760140,2026-09-07T11:19:00,23770.45,23770.45,23766.75,23767.4
1788760155,2026-09-07T11:19:15,23767.35,23767.85,23763.55,23765.85
1788760170,2026-09-07T11:19:30,23764.95,23766.5,23763.8,23764.95
1788760185,2026-09-07T11:19:45,23764.35,23769.6,23764.35,23769.3
1788760200,2026-09-07T11:20:00,23769.5,23770.5,23766.95,23768.4
1788760215,2026-09-07T11:20:15,23768.1,23771.9,23767.8,23770.05
1788760230,2026-09-07T11:20:30,23769.8,23771.9,23769.8,23771
1788760245,2026-09-07T11:20:45,23771.2,23773.6,23770.7,23773.6
1788760260,2026-09-07T11:21:00,23774.1,23774.8,23773.3,23773.9
1788760275,2026-09-07T11:21:15,23773.8,23774.1,23772.1,23773.4
1788760290,2026-09-07T11:21:30,23773.15,23774.15,23771.95,23773.6
1788760305,2026-09-07T11:21:45,23773.7,23775.5,23773.1,23773.95
1788760320,2026-09-07T11:22:00,23775.4,23775.45,23773.45,23773.45
1788760335,2026-09-07T11:22:15,23773.1,23774.8,23772.95,23773.5
1788760350,2026-09-07T11:22:30,23774.05,23776.6,23773.55,23775.3
1788760365,2026-09-07T11:22:45,23774.7,23776.4,23774.7,23776.05
1788760380,2026-09-07T11:23:00,23777.65,23777.65,23775.15,23775.3
1788760395,2026-09-07T11:23:15,23775,23776.2,23774.7,23775.85
1788760410,2026-09-07T11:23:30,23774.8,23776.2,23773.9,23774.5
1788760425,2026-09-07T11:23:45,23774.1,23777.3,23773.45,23774.2
1788760440,2026-09-07T11:24:00,23776.4,23776.4,23773.15,23773.9
1788760455,2026-09-07T11:24:15,23773.5,23774.6,23772.75,23772.85
1788760470,2026-09-07T11:24:30,23772.3,23773.1,23771.3,23771.45
1788760485,2026-09-07T11:24:45,23771.2,23771.75,23769.2,23770.3
1788760500,2026-09-07T11:25:00,23770.95,23770.95,23768.4,23769.85
1788760515,2026-09-07T11:25:15,23769.6,23770.35,23768.6,23769.45
1788760530,2026-09-07T11:25:30,23768.65,23770.25,23765.8,23767.7
1788760545,2026-09-07T11:25:45,23767.75,23769.1,23766.15,23768.45
1788760560,2026-09-07T11:26:00,23768.4,23768.8,23766.85,23767.35
1788760575,2026-09-07T11:26:15,23767,23768.5,23766.75,23768.3
1788760590,2026-09-07T11:26:30,23767.75,23769.8,23767.65,23769.1
1788760605,2026-09-07T11:26:45,23769.25,23769.25,23766.35,23767.7
1788760620,2026-09-07T11:27:00,23769.8,23769.8,23765.2,23765.2
1788760635,2026-09-07T11:27:15,23765,23767.15,23764.45,23766.75
1788760650,2026-09-07T11:27:30,23766.55,23767.9,23766.1,23766.4
1788760665,2026-09-07T11:27:45,23766.65,23768.1,23766,23768
1788760680,2026-09-07T11:28:00,23769.45,23769.9,23765.9,23766
1788760695,2026-09-07T11:28:15,23766.05,23770.4,23765.85,23769.05
1788760710,2026-09-07T11:28:30,23768.9,23770.6,23767.7,23769.2
1788760725,2026-09-07T11:28:45,23769.05,23771.45,23767.9,23767.9
1788760740,2026-09-07T11:29:00,23770.3,23770.75,23768.9,23770.35
1788760755,2026-09-07T11:29:15,23770.45,23770.45,23765.5,23766.05
1788760770,2026-09-07T11:29:30,23765.7,23769.95,23765.7,23766.8
1788760785,2026-09-07T11:29:45,23766.6,23767.05,23765.5,23766.6
1788760800,2026-09-07T11:30:00,23767.5,23772.25,23766.7,23772.25
1788760815,2026-09-07T11:30:15,23771.2,23771.2,23767.1,23768
1788760830,2026-09-07T11:30:30,23767.25,23769.05,23765.3,23765.3
1788760845,2026-09-07T11:30:45,23765.35,23767.2,23765.1,23766.15
1788760860,2026-09-07T11:31:00,23766.7,23766.7,23764.25,23765.15
1788760875,2026-09-07T11:31:15,23765.15,23766.7,23764.25,23765.9
1788760890,2026-09-07T11:31:30,23765.5,23769.7,23765.4,23766.65
1788760905,2026-09-07T11:31:45,23766.35,23766.8,23765.45,23765.45
1788760920,2026-09-07T11:32:00,23767.65,23768,23765.35,23765.95
1788760935,2026-09-07T11:32:15,23766.4,23767.9,23765.45,23767.9
1788760950,2026-09-07T11:32:30,23767.6,23769.25,23766.9,23768.6
1788760965,2026-09-07T11:32:45,23768.85,23769.15,23768.05,23768.3
1788760980,2026-09-07T11:33:00,23770.05,23770.05,23767.65,23767.8
1788760995,2026-09-07T11:33:15,23767.8,23768.7,23766.2,23767.2
1788761010,2026-09-07T11:33:30,23767,23768.95,23765.65,23767.95
1788761025,2026-09-07T11:33:45,23767.95,23768.45,23766.55,23768.15
1788761040,2026-09-07T11:34:00,23769.55,23769.55,23766.9,23767.45
1788761055,2026-09-07T11:34:15,23767.2,23769.2,23766.4,23767.15
1788761070,2026-09-07T11:34:30,23766.15,23769.05,23766.15,23768.1
1788761085,2026-09-07T11:34:45,23768.1,23768.8,23766.95,23767.15
1788761100,2026-09-07T11:35:00,23768.25,23768.3,23766.75,23767.3
1788761115,2026-09-07T11:35:15,23766.85,23767.9,23763.5,23764.9
1788761130,2026-09-07T11:35:30,23763.95,23765.7,23763.7,23765.35
1788761145,2026-09-07T11:35:45,23765.3,23766.35,23764.7,23765.25
1788761160,2026-09-07T11:36:00,23766.75,23767.45,23766.1,23766.25
1788761175,2026-09-07T11:36:15,23766.3,23766.35,23763.85,23764.65
1788761190,2026-09-07T11:36:30,23764.15,23765.4,23763.3,23764.55
1788761205,2026-09-07T11:36:45,23764.6,23765.2,23762.55,23763.6
1788761220,2026-09-07T11:37:00,23765.3,23767,23764.1,23766.2
1788761235,2026-09-07T11:37:15,23765.8,23766.65,23765.15,23766.05
1788761250,2026-09-07T11:37:30,23765.85,23766.95,23765.45,23766.1
1788761265,2026-09-07T11:37:45,23766.1,23766.1,23764.7,23765.8
1788761280,2026-09-07T11:38:00,23766.85,23766.95,23763.25,23765.3
1788761295,2026-09-07T11:38:15,23765.05,23766.55,23764.3,23765.3
1788761310,2026-09-07T11:38:30,23764.4,23765.95,23762.95,23763.6
1788761325,2026-09-07T11:38:45,23763.45,23766.5,23763.45,23764.55
1788761340,2026-09-07T11:39:00,23766.7,23766.7,23762.6,23763.7
1788761355,2026-09-07T11:39:15,23763.15,23765.3,23762.8,23763.2
1788761370,2026-09-07T11:39:30,23762.6,23765,23762.45,23764.25
1788761385,2026-09-07T11:39:45,23763.75,23765.7,23763.35,23764.5
1788761400,2026-09-07T11:40:00,23765.05,23765.05,23762.5,23762.7
1788761415,2026-09-07T11:40:15,23762.75,23763.2,23760.5,23760.5
1788761430,2026-09-07T11:40:30,23760.75,23764.5,23760.05,23760.35
1788761445,2026-09-07T11:40:45,23760.4,23760.4,23757.8,23758.1
1788761460,2026-09-07T11:41:00,23760.7,23760.7,23758.25,23759.6
1788761475,2026-09-07T11:41:15,23758.95,23760.05,23757.8,23759.25
1788761490,2026-09-07T11:41:30,23758.9,23760.55,23758.75,23759.75
1788761505,2026-09-07T11:41:45,23759.65,23763.05,23759.65,23761.65
1788761520,2026-09-07T11:42:00,23763.25,23765,23761.2,23764.75
1788761535,2026-09-07T11:42:15,23763.8,23765.9,23762.8,23764.9
1788761550,2026-09-07T11:42:30,23765.45,23767.65,23764.7,23767.05
1788761565,2026-09-07T11:42:45,23767.1,23769.1,23766.45,23767.55
1788761580,2026-09-07T11:43:00,23768.5,23769.9,23767.8,23768.35
1788761595,2026-09-07T11:43:15,23768.05,23769.05,23767.3,23768.35
1788761610,2026-09-07T11:43:30,23767.65,23768.9,23767.1,23767.4
1788761625,2026-09-07T11:43:45,23767.7,23771.6,23767.35,23769
1788761640,2026-09-07T11:44:00,23771.05,23771.85,23769.1,23770.85
1788761655,2026-09-07T11:44:15,23770.5,23771.5,23770.15,23770.55
1788761670,2026-09-07T11:44:30,23770.45,23771.6,23769.9,23771.15
1788761685,2026-09-07T11:44:45,23771.15,23773.1,23771,23771.9
1788761700,2026-09-07T11:45:00,23773.75,23774.25,23771.85,23773.4
1788761715,2026-09-07T11:45:15,23772.9,23774.95,23772.9,23774.25
1788761730,2026-09-07T11:45:30,23773.85,23775,23773.25,23773.4
1788761745,2026-09-07T11:45:45,23773.1,23773.2,23771.45,23772.15
1788761760,2026-09-07T11:46:00,23773,23773.2,23770.4,23770.7
1788761775,2026-09-07T11:46:15,23770.5,23772.45,23769.15,23769.25
1788761790,2026-09-07T11:46:30,23768.8,23770.75,23768.8,23770.25
1788761805,2026-09-07T11:46:45,23769.85,23773.65,23769.5,23772.1
1788761820,2026-09-07T11:47:00,23773.75,23774.4,23771.65,23772.85
1788761835,2026-09-07T11:47:15,23773,23773.75,23772.25,23772.75
1788761850,2026-09-07T11:47:30,23772,23774.35,23771.85,23773.5
1788761865,2026-09-07T11:47:45,23773,23774.15,23771,23772.65
1788761880,2026-09-07T11:48:00,23774.7,23774.7,23770.05,23770.45
1788761895,2026-09-07T11:48:15,23769.9,23770.8,23769,23769.25
1788761910,2026-09-07T11:48:30,23768.55,23770.1,23768.45,23769.8
1788761925,2026-09-07T11:48:45,23769.65,23770.55,23768.4,23770.3
1788761940,2026-09-07T11:49:00,23771.1,23771.1,23767.9,23769.75
1788761955,2026-09-07T11:49:15,23769.2,23772.65,23768.65,23770.75
1788761970,2026-09-07T11:49:30,23771.05,23772.75,23770.3,23771.35
1788761985,2026-09-07T11:49:45,23771.05,23772.3,23768.7,23768.85
1788762000,2026-09-07T11:50:00,23771.85,23773.55,23770.35,23771.05
1788762015,2026-09-07T11:50:15,23770.85,23772.15,23770.45,23771.6
1788762030,2026-09-07T11:50:30,23771.6,23772.5,23770.15,23770.15
1788762045,2026-09-07T11:50:45,23770.45,23770.6,23768.75,23769.2
1788762060,2026-09-07T11:51:00,23770.45,23773.25,23770,23772
1788762075,2026-09-07T11:51:15,23771.75,23771.95,23770,23770.4
1788762090,2026-09-07T11:51:30,23770.7,23771.6,23769.65,23770
1788762105,2026-09-07T11:51:45,23770.35,23771.05,23768.5,23768.8
1788762120,2026-09-07T11:52:00,23771.3,23773.75,23770.25,23771.95
1788762135,2026-09-07T11:52:15,23771.8,23774.65,23771.2,23774.2
1788762150,2026-09-07T11:52:30,23773.6,23774.45,23773.15,23774.05
1788762165,2026-09-07T11:52:45,23773.75,23773.9,23772.55,23773.55
1788762180,2026-09-07T11:53:00,23774.85,23774.85,23771.6,23771.85
1788762195,2026-09-07T11:53:15,23771.55,23772,23770.8,23771.7
1788762210,2026-09-07T11:53:30,23771.4,23774.85,23771.3,23774.85
1788762225,2026-09-07T11:53:45,23774.95,23775.05,23772.95,23774.05
1788762240,2026-09-07T11:54:00,23776.2,23777.7,23774.9,23777.4
1788762255,2026-09-07T11:54:15,23777.25,23779.35,23776.35,23776.85
1788762270,2026-09-07T11:54:30,23776.95,23777.95,23776.15,23777.15
1788762285,2026-09-07T11:54:45,23777.1,23777.4,23774.8,23775.5
1788762300,2026-09-07T11:55:00,23777.15,23777.15,23774.05,23774.05
1788762315,2026-09-07T11:55:15,23774.45,23775.55,23773.6,23774.85
1788762330,2026-09-07T11:55:30,23774.2,23776.95,23773.85,23776.1
1788762345,2026-09-07T11:55:45,23776.1,23777.2,23773.8,23773.9
1788762360,2026-09-07T11:56:00,23775.75,23775.9,23773.05,23774.5
1788762375,2026-09-07T11:56:15,23774.55,23775.6,23772.55,23774.05
1788762390,2026-09-07T11:56:30,23773.9,23776.7,23771.85,23774.1
1788762405,2026-09-07T11:56:45,23773.25,23773.8,23770.3,23770.45
1788762420,2026-09-07T11:57:00,23773.25,23773.25,23770.95,23771.85
1788762435,2026-09-07T11:57:15,23771.85,23774.55,23771.5,23773.6
1788762450,2026-09-07T11:57:30,23772.85,23774.6,23772,23772.3
1788762465,2026-09-07T11:57:45,23772.35,23773.8,23770.35,23771.8
1788762480,2026-09-07T11:58:00,23772.65,23773.05,23770.85,23770.95
1788762495,2026-09-07T11:58:15,23771.2,23775,23770.55,23773.65
1788762510,2026-09-07T11:58:30,23772.85,23774.45,23772.35,23773
1788762525,2026-09-07T11:58:45,23772.75,23775.8,23772.75,23774.35
1788762540,2026-09-07T11:59:00,23776.25,23776.35,23774.2,23775.85
1788762555,2026-09-07T11:59:15,23775.15,23776.75,23774.75,23775.05
1788762570,2026-09-07T11:59:30,23774.5,23775.6,23774.25,23775.1
1788762585,2026-09-07T11:59:45,23774.45,23775.6,23773.9,23774.75
1788762600,2026-09-07T12:00:00,23776.1,23776.5,23774.75,23775.45
1788762615,2026-09-07T12:00:15,23775.35,23776.15,23773.95,23774.35
1788762630,2026-09-07T12:00:30,23774.1,23774.3,23772.05,23772.3
1788762645,2026-09-07T12:00:45,23772.45,23774.2,23772.25,23773.85
1788762660,2026-09-07T12:01:00,23774.9,23774.95,23773.3,23773.3
1788762675,2026-09-07T12:01:15,23773.25,23773.95,23771.2,23771.7
1788762690,2026-09-07T12:01:30,23772.25,23772.65,23769.25,23769.6
1788762705,2026-09-07T12:01:45,23769.65,23773.8,23769.35,23773.35
1788762720,2026-09-07T12:02:00,23774.75,23775.4,23773.4,23774.55
1788762735,2026-09-07T12:02:15,23774.45,23775.05,23773.35,23773.45
1788762750,2026-09-07T12:02:30,23773.6,23774.25,23772.8,23773.55
1788762765,2026-09-07T12:02:45,23773.75,23774.4,23772.85,23773.15
1788762780,2026-09-07T12:03:00,23775,23775.55,23772.55,23774.15
1788762795,2026-09-07T12:03:15,23775.35,23775.7,23772.75,23774
1788762810,2026-09-07T12:03:30,23774.25,23774.45,23772.65,23773
1788762825,2026-09-07T12:03:45,23773.8,23774.5,23772.85,23772.95
1788762840,2026-09-07T12:04:00,23775.8,23775.8,23772.95,23774.05
1788762855,2026-09-07T12:04:15,23774.25,23776.8,23773.9,23775.9
1788762870,2026-09-07T12:04:30,23776.25,23777,23775,23775.2
1788762885,2026-09-07T12:04:45,23775.1,23776.15,23774.1,23774.8
1788762900,2026-09-07T12:05:00,23776.25,23776.25,23772.4,23773.5
1788762915,2026-09-07T12:05:15,23773.7,23775.05,23771.75,23773.95
1788762930,2026-09-07T12:05:30,23773.35,23775.6,23771.45,23771.95
1788762945,2026-09-07T12:05:45,23773,23774.15,23771.75,23774
1788762960,2026-09-07T12:06:00,23776.3,23776.3,23773.2,23775.55
1788762975,2026-09-07T12:06:15,23775.4,23777.75,23774.65,23775.9
1788762990,2026-09-07T12:06:30,23775.65,23777.7,23773.35,23775.8
1788763005,2026-09-07T12:06:45,23775.75,23776.4,23775.1,23776.3
1788763020,2026-09-07T12:07:00,23777.5,23779.15,23776.55,23778.45
1788763035,2026-09-07T12:07:15,23777.95,23779.75,23777.5,23778.35
1788763050,2026-09-07T12:07:30,23779.25,23779.65,23777.8,23779.25
1788763065,2026-09-07T12:07:45,23779.15,23779.85,23778.1,23778.95
1788763080,2026-09-07T12:08:00,23780.25,23781.15,23779.15,23780.05
1788763095,2026-09-07T12:08:15,23780.1,23784.85,23780.05,23783.25
1788763110,2026-09-07T12:08:30,23782.15,23786.8,23782.1,23783.7
1788763125,2026-09-07T12:08:45,23784,23784.35,23781.75,23783.25
1788763140,2026-09-07T12:09:00,23784.7,23786.15,23783.45,23785.5
1788763155,2026-09-07T12:09:15,23785.2,23787.15,23785,23786.8
1788763170,2026-09-07T12:09:30,23786.35,23788.75,23786.35,23787.95
1788763185,2026-09-07T12:09:45,23787.8,23788.15,23784.85,23787.1
1788763200,2026-09-07T12:10:00,23787.75,23787.75,23784.2,23787.25
1788763215,2026-09-07T12:10:15,23786.7,23787.25,23781.7,23781.8
1788763230,2026-09-07T12:10:30,23782.2,23782.8,23780.8,23781.15
1788763245,2026-09-07T12:10:45,23781.65,23782.05,23778.75,23779.7
1788763260,2026-09-07T12:11:00,23781.25,23781.25,23778.4,23779.95
1788763275,2026-09-07T12:11:15,23779.7,23781.6,23779.25,23781.15
1788763290,2026-09-07T12:11:30,23780.75,23782.9,23780.75,23781.65
1788763305,2026-09-07T12:11:45,23781.5,23782.25,23780.7,23782.15
1788763320,2026-09-07T12:12:00,23783.65,23786.55,23782.75,23783.65
1788763335,2026-09-07T12:12:15,23783.85,23785.4,23781.95,23783.9
1788763350,2026-09-07T12:12:30,23783.35,23784.75,23782.45,23783.8
1788763365,2026-09-07T12:12:45,23783.6,23787.15,23783.6,23785.5
1788763380,2026-09-07T12:13:00,23786.9,23786.9,23784.85,23784.85
1788763395,2026-09-07T12:13:15,23784.85,23786.4,23784.45,23784.8
1788763410,2026-09-07T12:13:30,23784.1,23784.85,23781.25,23781.25
1788763425,2026-09-07T12:13:45,23782.2,23782.2,23779.9,23781.45
1788763440,2026-09-07T12:14:00,23782.3,23782.6,23779.85,23781.4
1788763455,2026-09-07T12:14:15,23781.15,23784.35,23781.05,23781.85
1788763470,2026-09-07T12:14:30,23781.8,23785.3,23781.8,23784.05
1788763485,2026-09-07T12:14:45,23784.6,23786.95,23784.5,23785.95
1788763500,2026-09-07T12:15:00,23786.7,23788.4,23785,23785.2
1788763515,2026-09-07T12:15:15,23785.45,23787.2,23784.8,23785
1788763530,2026-09-07T12:15:30,23784.65,23785.35,23782.8,23783.2
1788763545,2026-09-07T12:15:45,23783.2,23784.4,23782.85,23783.6
1788763560,2026-09-07T12:16:00,23784.75,23784.85,23782.85,23782.85
1788763575,2026-09-07T12:16:15,23783.3,23784.25,23781.75,23782.8
1788763590,2026-09-07T12:16:30,23782.45,23782.9,23779.95,23779.95
1788763605,2026-09-07T12:16:45,23780.2,23780.7,23778.7,23778.9
1788763620,2026-09-07T12:17:00,23780.25,23780.25,23778.8,23779.05
1788763635,2026-09-07T12:17:15,23778.6,23780.4,23778.25,23779.4
1788763650,2026-09-07T12:17:30,23779.15,23780.6,23777.45,23777.65
1788763665,2026-09-07T12:17:45,23777.4,23778.4,23775.25,23775.25
1788763680,2026-09-07T12:18:00,23777.7,23778.65,23775.5,23777.75
1788763695,2026-09-07T12:18:15,23778,23778.85,23776.7,23776.7
1788763710,2026-09-07T12:18:30,23776,23776.95,23774.65,23775.1
1788763725,2026-09-07T12:18:45,23774.7,23775.8,23773.65,23773.65
1788763740,2026-09-07T12:19:00,23774.6,23775,23771.95,23772.65
1788763755,2026-09-07T12:19:15,23772.45,23772.9,23769.25,23769.65
1788763770,2026-09-07T12:19:30,23769.95,23771.7,23769.8,23771.45
1788763785,2026-09-07T12:19:45,23771.5,23772,23767.5,23769.4
1788763800,2026-09-07T12:20:00,23769.3,23769.75,23767.65,23769.15
1788763815,2026-09-07T12:20:15,23768.6,23770.05,23766.9,23766.9
1788763830,2026-09-07T12:20:30,23766.45,23768.45,23766.15,23768.25
1788763845,2026-09-07T12:20:45,23768.05,23772.1,23768.05,23771.7
1788763860,2026-09-07T12:21:00,23772.8,23772.8,23770.4,23770.55
1788763875,2026-09-07T12:21:15,23770.15,23771.5,23769.25,23769.25
1788763890,2026-09-07T12:21:30,23768.7,23768.9,23767.6,23768.3
1788763905,2026-09-07T12:21:45,23768.15,23769.05,23767.05,23767.05
1788763920,2026-09-07T12:22:00,23768.95,23768.95,23765.6,23766.2
1788763935,2026-09-07T12:22:15,23766,23767.1,23764.05,23765.25
1788763950,2026-09-07T12:22:30,23764.1,23765.85,23764.1,23765.85
1788763965,2026-09-07T12:22:45,23765.4,23767.35,23764.85,23764.85
1788763980,2026-09-07T12:23:00,23765.55,23765.8,23764.1,23764.75
1788763995,2026-09-07T12:23:15,23763.9,23765.65,23763.85,23764.75
1788764010,2026-09-07T12:23:30,23764.1,23765.9,23764.1,23765.05
1788764025,2026-09-07T12:23:45,23764.6,23765.6,23764.4,23764.7
1788764040,2026-09-07T12:24:00,23765.45,23765.8,23764.5,23765.2
1788764055,2026-09-07T12:24:15,23765.4,23766.65,23764.95,23765.85
1788764070,2026-09-07T12:24:30,23765.35,23766.45,23764.9,23766.25
1788764085,2026-09-07T12:24:45,23766.15,23768.75,23765.8,23767.85
1788764100,2026-09-07T12:25:00,23768.15,23768.55,23766.9,23767.7
1788764115,2026-09-07T12:25:15,23768.05,23768.55,23767.25,23767.9
1788764130,2026-09-07T12:25:30,23766.65,23767.8,23765.9,23767.4
1788764145,2026-09-07T12:25:45,23767.25,23767.85,23765.05,23765.45
1788764160,2026-09-07T12:26:00,23767.15,23767.3,23765.8,23766.8
1788764175,2026-09-07T12:26:15,23766.55,23767.95,23765.7,23766.45
1788764190,2026-09-07T12:26:30,23766.2,23766.95,23764.1,23764.9
1788764205,2026-09-07T12:26:45,23764.55,23765.7,23763,23764.2
1788764220,2026-09-07T12:27:00,23765.65,23765.65,23763.45,23764.1
1788764235,2026-09-07T12:27:15,23763.7,23764.95,23763.2,23763.95
1788764250,2026-09-07T12:27:30,23762.3,23766.05,23762.3,23765
1788764265,2026-09-07T12:27:45,23765.4,23766.15,23764,23764.65
1788764280,2026-09-07T12:28:00,23765.85,23765.85,23762.45,23762.75
1788764295,2026-09-07T12:28:15,23762.85,23765,23762.75,23762.8
1788764310,2026-09-07T12:28:30,23762.5,23764.7,23762.3,23762.7
1788764325,2026-09-07T12:28:45,23762.6,23763.35,23761.75,23762.1
1788764340,2026-09-07T12:29:00,23763.4,23764.2,23761.95,23763.65
1788764355,2026-09-07T12:29:15,23763.7,23765.95,23763.1,23763.9
1788764370,2026-09-07T12:29:30,23763.15,23763.8,23762.3,23762.65
1788764385,2026-09-07T12:29:45,23762.75,23763.25,23759.8,23761.4
1788764400,2026-09-07T12:30:00,23761.9,23761.9,23757.4,23757.75
1788764415,2026-09-07T12:30:15,23757.75,23759.45,23756.6,23757.85
1788764430,2026-09-07T12:30:30,23757.4,23758.75,23756.15,23756.45
1788764445,2026-09-07T12:30:45,23755.95,23757.55,23754.6,23756.45
1788764460,2026-09-07T12:31:00,23757.15,23757.15,23752.9,23754.1
1788764475,2026-09-07T12:31:15,23754.15,23757.35,23753.2,23756.2
1788764490,2026-09-07T12:31:30,23755.5,23756,23753.7,23754.45
1788764505,2026-09-07T12:31:45,23754.65,23756.35,23753.55,23755.3
1788764520,2026-09-07T12:32:00,23756.45,23758.05,23754,23757.2
1788764535,2026-09-07T12:32:15,23757.15,23758.7,23755.45,23758.7
1788764550,2026-09-07T12:32:30,23758.2,23758.65,23756.7,23757.3
1788764565,2026-09-07T12:32:45,23757,23758.1,23756.45,23757.35
1788764580,2026-09-07T12:33:00,23758.95,23760,23757.05,23759.8
1788764595,2026-09-07T12:33:15,23759.4,23761.25,23758.75,23760.3
1788764610,2026-09-07T12:33:30,23759.75,23760.15,23758.6,23759.5
1788764625,2026-09-07T12:33:45,23759.6,23763,23759.6,23762.45
1788764640,2026-09-07T12:34:00,23764,23764,23762.2,23762.8
1788764655,2026-09-07T12:34:15,23762.4,23763.3,23760.9,23762.35
1788764670,2026-09-07T12:34:30,23761.8,23761.9,23759.95,23761.7
1788764685,2026-09-07T12:34:45,23761.6,23762.35,23760.5,23761.4
1788764700,2026-09-07T12:35:00,23762.1,23762.1,23752.2,23752.65
1788764715,2026-09-07T12:35:15,23753.2,23759.05,23751.9,23756.3
1788764730,2026-09-07T12:35:30,23756.2,23758.05,23753.65,23754.25
1788764745,2026-09-07T12:35:45,23755.2,23757.3,23754.3,23757.1
1788764760,2026-09-07T12:36:00,23758.05,23760.45,23755.35,23757.6
1788764775,2026-09-07T12:36:15,23757.3,23757.3,23753.85,23754.6
1788764790,2026-09-07T12:36:30,23754.35,23760.05,23752.85,23757.5
1788764805,2026-09-07T12:36:45,23757.3,23758.8,23755.9,23757.2
1788764820,2026-09-07T12:37:00,23757.85,23757.9,23756.2,23757.6
1788764835,2026-09-07T12:37:15,23756.45,23762.8,23756.45,23760.8
1788764850,2026-09-07T12:37:30,23760.3,23764.75,23760.3,23764.2
1788764865,2026-09-07T12:37:45,23765.6,23766.95,23764.2,23765.15
1788764880,2026-09-07T12:38:00,23765.65,23768.1,23765.2,23766.95
1788764895,2026-09-07T12:38:15,23767.4,23768.15,23765.55,23766
1788764910,2026-09-07T12:38:30,23765.6,23765.95,23761.55,23762.1
1788764925,2026-09-07T12:38:45,23761.9,23765.3,23761.45,23765.15
1788764940,2026-09-07T12:39:00,23766.25,23767.6,23764.15,23765.35
1788764955,2026-09-07T12:39:15,23764.85,23765.05,23759.75,23761.6
1788764970,2026-09-07T12:39:30,23761.15,23763.9,23759.8,23763
1788764985,2026-09-07T12:39:45,23763.8,23764.15,23760.2,23761
1788765000,2026-09-07T12:40:00,23762.45,23763.3,23760,23761.85
1788765015,2026-09-07T12:40:15,23761.15,23763.7,23760.65,23763.15
1788765030,2026-09-07T12:40:30,23762.4,23763.35,23760.5,23762.25
1788765045,2026-09-07T12:40:45,23762.55,23763.45,23759.2,23761.35
1788765060,2026-09-07T12:41:00,23763.1,23763.95,23761,23761.55
1788765075,2026-09-07T12:41:15,23762.15,23762.6,23758.15,23759.25
1788765090,2026-09-07T12:41:30,23759.05,23760.3,23755.45,23758.8
1788765105,2026-09-07T12:41:45,23759.05,23762.65,23758.95,23760.95
1788765120,2026-09-07T12:42:00,23761.85,23763.35,23760.4,23761.8
1788765135,2026-09-07T12:42:15,23761.95,23764,23758.85,23760.6
1788765150,2026-09-07T12:42:30,23760.3,23762.75,23757.6,23758.55
1788765165,2026-09-07T12:42:45,23758.8,23760.1,23756.6,23757.35
1788765180,2026-09-07T12:43:00,23759,23761.5,23757.55,23761.3
1788765195,2026-09-07T12:43:15,23761.25,23761.35,23758.3,23760.3
1788765210,2026-09-07T12:43:30,23760.2,23762.1,23759.15,23759.75
1788765225,2026-09-07T12:43:45,23759.4,23759.95,23757.6,23758.7
1788765240,2026-09-07T12:44:00,23760.65,23761.2,23758.2,23759.15
1788765255,2026-09-07T12:44:15,23758.85,23760.25,23756.95,23758
1788765270,2026-09-07T12:44:30,23757.95,23758.8,23757.55,23757.9
1788765285,2026-09-07T12:44:45,23757.8,23758.95,23757.6,23758.4
1788765300,2026-09-07T12:45:00,23760.45,23760.45,23757.05,23757.45
1788765315,2026-09-07T12:45:15,23757.5,23758.3,23755.85,23755.85
1788765330,2026-09-07T12:45:30,23756.4,23756.95,23755.15,23756.1
1788765345,2026-09-07T12:45:45,23755.95,23757.7,23755.1,23756.85
1788765360,2026-09-07T12:46:00,23758.05,23758.7,23755.4,23755.9
1788765375,2026-09-07T12:46:15,23755.85,23758.25,23755.5,23756.85
1788765390,2026-09-07T12:46:30,23756.65,23757.05,23755.05,23755.6
1788765405,2026-09-07T12:46:45,23754.95,23757.6,23754.95,23756.2
1788765420,2026-09-07T12:47:00,23757.2,23757.45,23752.6,23754.3
1788765435,2026-09-07T12:47:15,23753.8,23754.2,23751.1,23751.8
1788765450,2026-09-07T12:47:30,23751.55,23752.9,23751.3,23752.05
1788765465,2026-09-07T12:47:45,23751.8,23754.9,23751.6,23754.1
1788765480,2026-09-07T12:48:00,23754.5,23754.5,23752.3,23752.45
1788765495,2026-09-07T12:48:15,23753.15,23753.35,23751.55,23752.6
1788765510,2026-09-07T12:48:30,23751.9,23753.1,23750.9,23751.75
1788765525,2026-09-07T12:48:45,23751.3,23753.2,23751.25,23752.45
1788765540,2026-09-07T12:49:00,23753.25,23754.2,23752.15,23752.2
1788765555,2026-09-07T12:49:15,23752.1,23753.7,23751.55,23752.65
1788765570,2026-09-07T12:49:30,23751.6,23754.25,23751.55,23752.65
1788765585,2026-09-07T12:49:45,23752.3,23754.35,23750.8,23752.75
1788765600,2026-09-07T12:50:00,23753.85,23753.85,23751.75,23752.3
1788765615,2026-09-07T12:50:15,23752.1,23753.05,23751.1,23751.2
1788765630,2026-09-07T12:50:30,23750.55,23751,23745.65,23745.95
1788765645,2026-09-07T12:50:45,23745.75,23746.9,23744.75,23746.25
1788765660,2026-09-07T12:51:00,23747.7,23747.7,23742.7,23743.05
1788765675,2026-09-07T12:51:15,23743.25,23745.3,23743,23743.65
1788765690,2026-09-07T12:51:30,23743.1,23745.35,23742.45,23745
1788765705,2026-09-07T12:51:45,23745.2,23748.95,23745,23746.9
1788765720,2026-09-07T12:52:00,23747.5,23747.5,23744.45,23745.2
1788765735,2026-09-07T12:52:15,23745.2,23745.8,23743.6,23744.25
1788765750,2026-09-07T12:52:30,23743.4,23744.1,23742.65,23743.1
1788765765,2026-09-07T12:52:45,23742.8,23743.75,23741.75,23741.9
1788765780,2026-09-07T12:53:00,23743.2,23743.2,23740.6,23742.4
1788765795,2026-09-07T12:53:15,23741.9,23744.6,23741.9,23742.7
1788765810,2026-09-07T12:53:30,23741.95,23744.7,23741.55,23742.3
1788765825,2026-09-07T12:53:45,23742.25,23743.75,23741.95,23742.55
1788765840,2026-09-07T12:54:00,23743.3,23743.7,23739.7,23741
1788765855,2026-09-07T12:54:15,23740.3,23742.75,23739.95,23741.85
1788765870,2026-09-07T12:54:30,23741.55,23743.1,23741.4,23743.1
1788765885,2026-09-07T12:54:45,23742.75,23745.6,23742.05,23744.65
1788765900,2026-09-07T12:55:00,23744.7,23744.7,23741.5,23741.95
1788765915,2026-09-07T12:55:15,23741.75,23742.85,23740.2,23741.25
1788765930,2026-09-07T12:55:30,23740.4,23741.45,23739.6,23739.7
1788765945,2026-09-07T12:55:45,23739.9,23740.8,23739.3,23739.4
1788765960,2026-09-07T12:56:00,23740.7,23741.3,23739.65,23740.2
1788765975,2026-09-07T12:56:15,23740.3,23743.4,23740,23742.4
1788765990,2026-09-07T12:56:30,23742.05,23742.7,23740.7,23742.05
1788766005,2026-09-07T12:56:45,23742,23742.8,23740.75,23741.4
1788766020,2026-09-07T12:57:00,23743.45,23743.65,23741.35,23742.55
1788766035,2026-09-07T12:57:15,23742.65,23743.45,23741.15,23741.35
1788766050,2026-09-07T12:57:30,23740.9,23745.95,23740.9,23744.05
1788766065,2026-09-07T12:57:45,23744.45,23746.4,23743.05,23744.8
1788766080,2026-09-07T12:58:00,23745.1,23746.6,23743.9,23746.15
1788766095,2026-09-07T12:58:15,23746.15,23746.75,23745.2,23746.05
1788766110,2026-09-07T12:58:30,23745.75,23746.7,23744.5,23744.8
1788766125,2026-09-07T12:58:45,23745.1,23745.8,23743.75,23744.9
1788766140,2026-09-07T12:59:00,23745.25,23745.35,23743.8,23744.75
1788766155,2026-09-07T12:59:15,23744.35,23745.45,23743.55,23745
1788766170,2026-09-07T12:59:30,23744.2,23745.3,23743.15,23743.85
1788766185,2026-09-07T12:59:45,23744.05,23744.75,23742.95,23744.45
1788766200,2026-09-07T13:00:00,23744.8,23745.45,23743.15,23744.25
1788766215,2026-09-07T13:00:15,23744.15,23746.55,23743.1,23743.9
1788766230,2026-09-07T13:00:30,23743.45,23744.45,23743.25,23743.8
1788766245,2026-09-07T13:00:45,23743.55,23746,23742.8,23743.1
1788766260,2026-09-07T13:01:00,23744.1,23744.1,23742,23743
1788766275,2026-09-07T13:01:15,23742.5,23743.4,23741.25,23741.45
1788766290,2026-09-07T13:01:30,23741.3,23742.9,23741.05,23742.45
1788766305,2026-09-07T13:01:45,23742.15,23746.1,23742.15,23745.45
1788766320,2026-09-07T13:02:00,23746.45,23747.85,23746.05,23746.95
1788766335,2026-09-07T13:02:15,23746.9,23750.15,23746.8,23749
1788766350,2026-09-07T13:02:30,23748.85,23750.35,23747.3,23747.65
1788766365,2026-09-07T13:02:45,23747.55,23748.15,23746.4,23747.2
1788766380,2026-09-07T13:03:00,23747.85,23747.95,23745.95,23746.65
1788766395,2026-09-07T13:03:15,23745.9,23747.05,23745.25,23745.9
1788766410,2026-09-07T13:03:30,23745.6,23747.45,23745.15,23746.85
1788766425,2026-09-07T13:03:45,23746.2,23746.6,23744.15,23744.15
1788766440,2026-09-07T13:04:00,23745.75,23745.75,23743.05,23743.05
1788766455,2026-09-07T13:04:15,23743.05,23744.5,23741.8,23744.25
1788766470,2026-09-07T13:04:30,23743.9,23745.95,23743.6,23745.35
1788766485,2026-09-07T13:04:45,23745.6,23747,23744.3,23746.25
1788766500,2026-09-07T13:05:00,23747.25,23747.3,23745.7,23746.2
1788766515,2026-09-07T13:05:15,23746.2,23747.95,23745.9,23746.85
1788766530,2026-09-07T13:05:30,23746.25,23750.6,23746.15,23750.35
1788766545,2026-09-07T13:05:45,23750.2,23751.1,23749.2,23749.75
1788766560,2026-09-07T13:06:00,23750.75,23753.1,23749.2,23752.25
1788766575,2026-09-07T13:06:15,23752.35,23753.3,23751.05,23752.35
1788766590,2026-09-07T13:06:30,23752.1,23752.85,23751.4,23752.5
1788766605,2026-09-07T13:06:45,23752.4,23755,23752,23753.4
1788766620,2026-09-07T13:07:00,23754.55,23754.55,23752.65,23752.9
1788766635,2026-09-07T13:07:15,23752.55,23755.85,23752.55,23755.1
1788766650,2026-09-07T13:07:30,23755.1,23755.9,23752.45,23752.45
1788766665,2026-09-07T13:07:45,23752.2,23752.35,23750.65,23751.1
1788766680,2026-09-07T13:08:00,23752.75,23753.75,23750.9,23753.25
1788766695,2026-09-07T13:08:15,23752.55,23752.9,23750.55,23751.1
1788766710,2026-09-07T13:08:30,23751.1,23753.45,23751.05,23752.5
1788766725,2026-09-07T13:08:45,23752.1,23753.25,23751.2,23751.6
1788766740,2026-09-07T13:09:00,23752.8,23753,23750.75,23751.75
1788766755,2026-09-07T13:09:15,23753.05,23753.05,23750.65,23750.65
1788766770,2026-09-07T13:09:30,23750.7,23751.35,23750,23751.15
1788766785,2026-09-07T13:09:45,23751.25,23752.7,23750.45,23751.4
1788766800,2026-09-07T13:10:00,23753.2,23753.3,23751.55,23753
1788766815,2026-09-07T13:10:15,23752.95,23754.25,23752.05,23753.6
1788766830,2026-09-07T13:10:30,23753.15,23754.3,23752.35,23752.7
1788766845,2026-09-07T13:10:45,23753,23754.2,23752.2,23752.35
1788766860,2026-09-07T13:11:00,23753.45,23753.45,23750.65,23751.6
1788766875,2026-09-07T13:11:15,23751.4,23751.7,23749.2,23749.95
1788766890,2026-09-07T13:11:30,23749.35,23751.95,23749.3,23751.05
1788766905,2026-09-07T13:11:45,23751.25,23751.3,23749.5,23749.85
1788766920,2026-09-07T13:12:00,23752.05,23752.05,23749.45,23750.85
1788766935,2026-09-07T13:12:15,23750.35,23751.05,23749.7,23750.95
1788766950,2026-09-07T13:12:30,23750.2,23752.7,23749.85,23751.85
1788766965,2026-09-07T13:12:45,23752.2,23754.4,23751.35,23753.9
1788766980,2026-09-07T13:13:00,23754.9,23754.9,23751.8,23752.8
1788766995,2026-09-07T13:13:15,23752.55,23753.55,23752.2,23752.2
1788767010,2026-09-07T13:13:30,23752.4,23754.65,23751.8,23752.7
1788767025,2026-09-07T13:13:45,23752.5,23753.5,23750.85,23752.75
1788767040,2026-09-07T13:14:00,23754.4,23754.9,23751.9,23751.9
1788767055,2026-09-07T13:14:15,23751.8,23753.65,23751.25,23752.75
1788767070,2026-09-07T13:14:30,23751.95,23753.6,23751,23751.7
1788767085,2026-09-07T13:14:45,23751.65,23751.85,23749.75,23750.15
1788767100,2026-09-07T13:15:00,23751.35,23751.35,23749.45,23750.85
1788767115,2026-09-07T13:15:15,23750.65,23750.95,23749.45,23750.5
1788767130,2026-09-07T13:15:30,23750.15,23753.2,23750.1,23753.15
1788767145,2026-09-07T13:15:45,23752.8,23753.5,23751.7,23751.7
1788767160,2026-09-07T13:16:00,23753.7,23753.7,23751.85,23752.75
1788767175,2026-09-07T13:16:15,23753.85,23753.85,23751.75,23752.7
1788767190,2026-09-07T13:16:30,23752,23754.2,23751.65,23752.15
1788767205,2026-09-07T13:16:45,23752.15,23753.05,23750.2,23750.85
1788767220,2026-09-07T13:17:00,23752.75,23754.3,23750.75,23754.1
1788767235,2026-09-07T13:17:15,23754.25,23757.5,23753.65,23755.95
1788767250,2026-09-07T13:17:30,23755.8,23756,23753.3,23753.8
1788767265,2026-09-07T13:17:45,23753.6,23754.8,23750.95,23752.3
1788767280,2026-09-07T13:18:00,23753.85,23753.85,23750.1,23750.65
1788767295,2026-09-07T13:18:15,23750.75,23751.3,23749.6,23749.6
1788767310,2026-09-07T13:18:30,23749.8,23751.55,23749.2,23749.8
1788767325,2026-09-07T13:18:45,23749.75,23750.3,23747.3,23747.3
1788767340,2026-09-07T13:19:00,23749.45,23752.6,23748.3,23750.95
1788767355,2026-09-07T13:19:15,23750.9,23752.05,23749.5,23749.9
1788767370,2026-09-07T13:19:30,23749.7,23754.5,23749.1,23753.4
1788767385,2026-09-07T13:19:45,23753.35,23754.8,23752.85,23754.05
1788767400,2026-09-07T13:20:00,23755.25,23756.9,23754.15,23756.2
1788767415,2026-09-07T13:20:15,23756.55,23758.3,23755.5,23758.3
1788767430,2026-09-07T13:20:30,23756.5,23756.6,23754.6,23754.9
1788767445,2026-09-07T13:20:45,23755.45,23756.6,23754.75,23755.1
1788767460,2026-09-07T13:21:00,23756.65,23758.75,23755.35,23756.85
1788767475,2026-09-07T13:21:15,23757.2,23757.7,23755.6,23756.45
1788767490,2026-09-07T13:21:30,23756.45,23757.7,23755.8,23757.7
1788767505,2026-09-07T13:21:45,23757.05,23757.85,23756.3,23756.75
1788767520,2026-09-07T13:22:00,23758.55,23759.9,23757,23757.8
1788767535,2026-09-07T13:22:15,23757.5,23761.15,23757.4,23758.7
1788767550,2026-09-07T13:22:30,23758.2,23759.9,23757.85,23758.95
1788767565,2026-09-07T13:22:45,23759.1,23759.9,23758.25,23758.95
1788767580,2026-09-07T13:23:00,23760.65,23760.75,23758.85,23759.25
1788767595,2026-09-07T13:23:15,23759.3,23759.3,23757.35,23757.8
1788767610,2026-09-07T13:23:30,23757.4,23759,23756.7,23756.8
1788767625,2026-09-07T13:23:45,23756.85,23757.5,23754.95,23755.75
1788767640,2026-09-07T13:24:00,23757.05,23757.15,23755.3,23756.55
1788767655,2026-09-07T13:24:15,23756.5,23757.05,23755.05,23756.8
1788767670,2026-09-07T13:24:30,23756.35,23757.45,23755.85,23756.45
1788767685,2026-09-07T13:24:45,23756.35,23759.35,23756.1,23756.55
1788767700,2026-09-07T13:25:00,23759.15,23759.15,23756.1,23757.2
1788767715,2026-09-07T13:25:15,23757.65,23760,23756.6,23758.5
1788767730,2026-09-07T13:25:30,23758.45,23759.05,23757.6,23758.75
1788767745,2026-09-07T13:25:45,23758.25,23762.1,23758.25,23760.7
1788767760,2026-09-07T13:26:00,23761.8,23762.1,23759.95,23760.6
1788767775,2026-09-07T13:26:15,23760.55,23761.1,23758.5,23760.15
1788767790,2026-09-07T13:26:30,23759.4,23762.65,23759.4,23762.65
1788767805,2026-09-07T13:26:45,23762.6,23763.5,23761,23761.7
1788767820,2026-09-07T13:27:00,23763.75,23763.75,23759.9,23760.65
1788767835,2026-09-07T13:27:15,23760.7,23761.3,23759.6,23760.55
1788767850,2026-09-07T13:27:30,23760.05,23761.15,23758.95,23760.05
1788767865,2026-09-07T13:27:45,23760.4,23760.55,23758.3,23758.55
1788767880,2026-09-07T13:28:00,23760.95,23760.95,23758.2,23759
1788767895,2026-09-07T13:28:15,23758.95,23759.85,23758.1,23758.85
1788767910,2026-09-07T13:28:30,23758.95,23759.65,23758.55,23758.9
1788767925,2026-09-07T13:28:45,23758.9,23760.95,23758.35,23758.35
1788767940,2026-09-07T13:29:00,23760.15,23760.2,23756.65,23756.65
1788767955,2026-09-07T13:29:15,23756.65,23758.3,23756.65,23757.75
1788767970,2026-09-07T13:29:30,23757.25,23758.6,23755.35,23756
1788767985,2026-09-07T13:29:45,23756.25,23757.05,23756.05,23756.85
1788768000,2026-09-07T13:30:00,23758,23758.05,23756.35,23757.2
1788768015,2026-09-07T13:30:15,23756.75,23758.3,23756.55,23757.05
1788768030,2026-09-07T13:30:30,23757.1,23757.45,23756.1,23756.45
1788768045,2026-09-07T13:30:45,23756.5,23757,23755.35,23756.45
1788768060,2026-09-07T13:31:00,23756.9,23757.6,23755.45,23756.85
1788768075,2026-09-07T13:31:15,23757.05,23757.6,23755.9,23756.25
1788768090,2026-09-07T13:31:30,23756.3,23757.2,23755.2,23756.65
1788768105,2026-09-07T13:31:45,23756.95,23757.4,23756.05,23757.1
1788768120,2026-09-07T13:32:00,23758.1,23758.1,23755.1,23755.1
1788768135,2026-09-07T13:32:15,23754.1,23757.2,23752.25,23753
1788768150,2026-09-07T13:32:30,23752.4,23753.2,23751.9,23752.5
1788768165,2026-09-07T13:32:45,23752.6,23754.8,23751,23754.1
1788768180,2026-09-07T13:33:00,23755.15,23755.15,23752.8,23753.95
1788768195,2026-09-07T13:33:15,23754.1,23754.1,23751.8,23752.55
1788768210,2026-09-07T13:33:30,23752.65,23758.25,23752.1,23757.7
1788768225,2026-09-07T13:33:45,23757.65,23757.9,23754.95,23756.1
1788768240,2026-09-07T13:34:00,23757.05,23757.25,23755.05,23755.65
1788768255,2026-09-07T13:34:15,23755.9,23756.1,23754.7,23755.6
1788768270,2026-09-07T13:34:30,23755.45,23757.15,23755.15,23755.85
1788768285,2026-09-07T13:34:45,23755.8,23756.65,23754.3,23756.1
1788768300,2026-09-07T13:35:00,23757.65,23757.65,23755.65,23756.7
1788768315,2026-09-07T13:35:15,23753.65,23756.15,23752.85,23755.95
1788768330,2026-09-07T13:35:30,23755.75,23756.5,23754.8,23755.35
1788768345,2026-09-07T13:35:45,23755.35,23756.8,23754,23754
1788768360,2026-09-07T13:36:00,23755.6,23755.7,23754.25,23755.5
1788768375,2026-09-07T13:36:15,23755.25,23757.7,23754.6,23757.45
1788768390,2026-09-07T13:36:30,23756.45,23759.1,23756.1,23758.05
1788768405,2026-09-07T13:36:45,23758.35,23758.8,23756.95,23757.4
1788768420,2026-09-07T13:37:00,23758.3,23758.8,23756.45,23757.95
1788768435,2026-09-07T13:37:15,23757.4,23758.75,23757.05,23758.05
1788768450,2026-09-07T13:37:30,23757,23760.05,23757,23759.65
1788768465,2026-09-07T13:37:45,23759.65,23763.65,23759.25,23762.9
1788768480,2026-09-07T13:38:00,23764.3,23765.35,23762,23763.55
1788768495,2026-09-07T13:38:15,23763.1,23763.75,23761.1,23761.1
1788768510,2026-09-07T13:38:30,23760.85,23761.6,23759.75,23760.25
1788768525,2026-09-07T13:38:45,23760.35,23761.75,23760.05,23761.35
1788768540,2026-09-07T13:39:00,23762.5,23763.15,23760.35,23761.95
1788768555,2026-09-07T13:39:15,23761.7,23761.75,23759.4,23761.6
1788768570,2026-09-07T13:39:30,23760.75,23761.75,23759.4,23759.7
1788768585,2026-09-07T13:39:45,23759.65,23760.7,23759.25,23759.95
1788768600,2026-09-07T13:40:00,23761.3,23761.85,23759.45,23760.05
1788768615,2026-09-07T13:40:15,23760.15,23760.95,23759.1,23759.85
1788768630,2026-09-07T13:40:30,23759.35,23759.75,23758,23758.45
1788768645,2026-09-07T13:40:45,23758.5,23759.4,23758.15,23758.4
1788768660,2026-09-07T13:41:00,23759.65,23760.15,23757.95,23759.15
1788768675,2026-09-07T13:41:15,23759.15,23759.2,23757.3,23758.75
1788768690,2026-09-07T13:41:30,23758.3,23760.85,23757.55,23760.85
1788768705,2026-09-07T13:41:45,23760.25,23761.45,23759.8,23760.7
1788768720,2026-09-07T13:42:00,23762.45,23762.45,23760.4,23761.85
1788768735,2026-09-07T13:42:15,23761.45,23761.95,23760,23760.75
1788768750,2026-09-07T13:42:30,23760.2,23762.5,23759.65,23760.1
1788768765,2026-09-07T13:42:45,23760.35,23760.8,23759.3,23759.55
1788768780,2026-09-07T13:43:00,23761.1,23761.1,23758.5,23759.45
1788768795,2026-09-07T13:43:15,23759.3,23759.35,23757.75,23757.75
1788768810,2026-09-07T13:43:30,23757.65,23758.7,23757.15,23757.95
1788768825,2026-09-07T13:43:45,23758,23759.3,23757.8,23758.55
1788768840,2026-09-07T13:44:00,23759.55,23761.1,23758.3,23761
1788768855,2026-09-07T13:44:15,23760.5,23761.7,23759.75,23759.75
1788768870,2026-09-07T13:44:30,23761.6,23762.75,23760.05,23761.35
1788768885,2026-09-07T13:44:45,23762.4,23763.2,23761.35,23761.8
1788768900,2026-09-07T13:45:00,23763.5,23764.5,23762.1,23763
1788768915,2026-09-07T13:45:15,23762.1,23764.65,23762.05,23763.4
1788768930,2026-09-07T13:45:30,23763.4,23764.45,23759.45,23760.7
1788768945,2026-09-07T13:45:45,23760.65,23761.85,23759.55,23759.55
1788768960,2026-09-07T13:46:00,23762.05,23764.6,23760.85,23764.25
1788768975,2026-09-07T13:46:15,23763.4,23765.8,23763.05,23765.45
1788768990,2026-09-07T13:46:30,23765.9,23766.05,23764.35,23765.8
1788769005,2026-09-07T13:46:45,23765.7,23767.5,23765.55,23766.35
1788769020,2026-09-07T13:47:00,23768.15,23768.2,23766.1,23766.3
1788769035,2026-09-07T13:47:15,23766.25,23767.4,23765.45,23766.4
1788769050,2026-09-07T13:47:30,23765.8,23767.8,23765.8,23766.3
1788769065,2026-09-07T13:47:45,23766.4,23768.95,23764.85,23767.95
1788769080,2026-09-07T13:48:00,23767.65,23770,23765.5,23765.75
1788769095,2026-09-07T13:48:15,23765.5,23766.4,23763.95,23764.8
1788769110,2026-09-07T13:48:30,23763.7,23766.85,23763.35,23765.25
1788769125,2026-09-07T13:48:45,23765.4,23768.3,23763.75,23764.05
1788769140,2026-09-07T13:49:00,23765.7,23766.6,23764.1,23764.85
1788769155,2026-09-07T13:49:15,23765.2,23766.75,23764.75,23765.95
1788769170,2026-09-07T13:49:30,23765.5,23768.2,23763.85,23767.45
1788769185,2026-09-07T13:49:45,23767.05,23768.3,23765.65,23765.95
1788769200,2026-09-07T13:50:00,23767.65,23767.95,23765.2,23765.2
1788769215,2026-09-07T13:50:15,23765.65,23766.25,23764.1,23764.85
1788769230,2026-09-07T13:50:30,23765.5,23766.55,23764.55,23765.6
1788769245,2026-09-07T13:50:45,23765.35,23768.1,23765,23766.2
1788769260,2026-09-07T13:51:00,23768.35,23768.35,23766.15,23766.5
1788769275,2026-09-07T13:51:15,23766.4,23767.05,23765.5,23767.05
1788769290,2026-09-07T13:51:30,23766.8,23768.55,23766.45,23766.85
1788769305,2026-09-07T13:51:45,23766.8,23768.45,23766.55,23767.5
1788769320,2026-09-07T13:52:00,23768.65,23768.75,23765.9,23766.05
1788769335,2026-09-07T13:52:15,23766.55,23767.85,23765.7,23766.55
1788769350,2026-09-07T13:52:30,23767.25,23770.2,23767.15,23769.2
1788769365,2026-09-07T13:52:45,23769.2,23771.7,23768.7,23770.25
1788769380,2026-09-07T13:53:00,23771.2,23779.3,23768.6,23779.15
1788769395,2026-09-07T13:53:15,23780.1,23781.5,23779.4,23779.85
1788769410,2026-09-07T13:53:30,23779.25,23780,23777.8,23779.45
1788769425,2026-09-07T13:53:45,23778.3,23780.55,23778.3,23779.6
1788769440,2026-09-07T13:54:00,23779.95,23780.25,23778.65,23779.05
1788769455,2026-09-07T13:54:15,23779.3,23780,23778.25,23779.55
1788769470,2026-09-07T13:54:30,23779.25,23779.7,23777.2,23778.1
1788769485,2026-09-07T13:54:45,23777.8,23778.9,23776.15,23778.2
1788769500,2026-09-07T13:55:00,23780.05,23781.7,23778.15,23780.75
1788769515,2026-09-07T13:55:15,23780.85,23781.25,23779.35,23780.45
1788769530,2026-09-07T13:55:30,23779.35,23780.35,23778.7,23779.7
1788769545,2026-09-07T13:55:45,23779.65,23780.25,23778.45,23778.8
1788769560,2026-09-07T13:56:00,23779.65,23779.65,23777.5,23778.85
1788769575,2026-09-07T13:56:15,23778.1,23779.25,23777.3,23778.45
1788769590,2026-09-07T13:56:30,23778.6,23779,23777.5,23777.5
1788769605,2026-09-07T13:56:45,23777.65,23778.8,23776.25,23777.3
1788769620,2026-09-07T13:57:00,23777.8,23779,23776.9,23778.35
1788769635,2026-09-07T13:57:15,23778.15,23780.75,23777.75,23778.55
1788769650,2026-09-07T13:57:30,23778.75,23779.65,23777.1,23777.1
1788769665,2026-09-07T13:57:45,23777.75,23779,23777.1,23777.65
1788769680,2026-09-07T13:58:00,23779.55,23779.55,23777.3,23778.3
1788769695,2026-09-07T13:58:15,23778.25,23779.05,23777.5,23777.55
1788769710,2026-09-07T13:58:30,23777.6,23778.4,23776.55,23776.75
1788769725,2026-09-07T13:58:45,23776.65,23777.75,23776.1,23776.35
1788769740,2026-09-07T13:59:00,23777.8,23777.95,23775.8,23776.2
1788769755,2026-09-07T13:59:15,23776.15,23776.8,23775,23775.45
1788769770,2026-09-07T13:59:30,23775.85,23776.9,23775.35,23776
1788769785,2026-09-07T13:59:45,23776.1,23777.05,23774.85,23775.05
1788769800,2026-09-07T14:00:00,23777.65,23778.05,23775.7,23776.75
1788769815,2026-09-07T14:00:15,23776.55,23779.05,23775.5,23777.3
1788769830,2026-09-07T14:00:30,23777.2,23777.65,23776.05,23777.65
1788769845,2026-09-07T14:00:45,23778.2,23778.4,23776.4,23777.65
1788769860,2026-09-07T14:01:00,23778.9,23779.6,23777.6,23778.35
1788769875,2026-09-07T14:01:15,23778.05,23779.3,23777.75,23778.15
1788769890,2026-09-07T14:01:30,23778.1,23779.25,23777.3,23778.1
1788769905,2026-09-07T14:01:45,23778.35,23779.5,23777.8,23778.75
1788769920,2026-09-07T14:02:00,23780.5,23781.2,23778.3,23778.3
1788769935,2026-09-07T14:02:15,23778.85,23780.6,23778.2,23779.45
1788769950,2026-09-07T14:02:30,23779.3,23784.5,23779.3,23782.7
1788769965,2026-09-07T14:02:45,23782.85,23783.75,23781.35,23781.65
1788769980,2026-09-07T14:03:00,23783.65,23784.25,23782.3,23782.55
1788769995,2026-09-07T14:03:15,23782.1,23783.7,23781.95,23782.3
1788770010,2026-09-07T14:03:30,23782.55,23782.8,23777.95,23778.35
1788770025,2026-09-07T14:03:45,23778.85,23781.9,23778.4,23781.65
1788770040,2026-09-07T14:04:00,23782.05,23783.1,23780.85,23780.9
1788770055,2026-09-07T14:04:15,23781.1,23781.7,23779.45,23779.5
1788770070,2026-09-07T14:04:30,23779.85,23782.45,23779.35,23780.1
1788770085,2026-09-07T14:04:45,23779.8,23780.95,23779.15,23780.15
1788770100,2026-09-07T14:05:00,23781.15,23781.15,23778.95,23780.25
1788770115,2026-09-07T14:05:15,23780.4,23781.9,23779.75,23780.65
1788770130,2026-09-07T14:05:30,23780.05,23780.85,23778.5,23778.5
1788770145,2026-09-07T14:05:45,23778.45,23779.65,23776.05,23776.05
1788770160,2026-09-07T14:06:00,23778.4,23778.4,23775.75,23775.95
1788770175,2026-09-07T14:06:15,23775.95,23777.2,23774.9,23774.9
1788770190,2026-09-07T14:06:30,23774.6,23776.85,23774.45,23775.85
1788770205,2026-09-07T14:06:45,23775.75,23776.4,23774.65,23775
1788770220,2026-09-07T14:07:00,23776.1,23776.1,23773.15,23774.55
1788770235,2026-09-07T14:07:15,23774.45,23775.15,23773.35,23774.45
1788770250,2026-09-07T14:07:30,23774.25,23775,23773.35,23774
1788770265,2026-09-07T14:07:45,23773.95,23774.9,23771.85,23772.4
1788770280,2026-09-07T14:08:00,23773.8,23773.8,23771.1,23772
1788770295,2026-09-07T14:08:15,23771.65,23773.45,23771.2,23771.8
1788770310,2026-09-07T14:08:30,23771.6,23773.2,23768.4,23768.4
1788770325,2026-09-07T14:08:45,23768.8,23770.2,23767.5,23767.5
1788770340,2026-09-07T14:09:00,23770,23773.6,23768.6,23772.8
1788770355,2026-09-07T14:09:15,23772.6,23773.4,23771.05,23771.85
1788770370,2026-09-07T14:09:30,23771.3,23772.7,23771.1,23771.4
1788770385,2026-09-07T14:09:45,23771.35,23772.35,23771.1,23771.8
1788770400,2026-09-07T14:10:00,23773.4,23775.35,23772.85,23774.25
1788770415,2026-09-07T14:10:15,23773.65,23776.7,23773.65,23775.1
1788770430,2026-09-07T14:10:30,23775.05,23776.25,23774.4,23774.9
1788770445,2026-09-07T14:10:45,23774.5,23775.95,23773.3,23774.1
1788770460,2026-09-07T14:11:00,23775.75,23775.75,23773.15,23775.25
1788770475,2026-09-07T14:11:15,23774.95,23775.7,23773.25,23774.15
1788770490,2026-09-07T14:11:30,23774.25,23774.7,23772.2,23773
1788770505,2026-09-07T14:11:45,23772.8,23774.2,23772.1,23773.45
1788770520,2026-09-07T14:12:00,23774.55,23774.55,23772.55,23773
1788770535,2026-09-07T14:12:15,23773.2,23775.25,23772.45,23775
1788770550,2026-09-07T14:12:30,23774.4,23776.05,23773.8,23773.95
1788770565,2026-09-07T14:12:45,23773.8,23775.85,23773.55,23773.6
1788770580,2026-09-07T14:13:00,23775.3,23776.7,23774.45,23775.75
1788770595,2026-09-07T14:13:15,23775.6,23777,23774.3,23774.55
1788770610,2026-09-07T14:13:30,23774.85,23776.4,23774.15,23775.55
1788770625,2026-09-07T14:13:45,23775.5,23776.75,23774.9,23775.35
1788770640,2026-09-07T14:14:00,23776.4,23776.85,23775.15,23775.75
1788770655,2026-09-07T14:14:15,23775.6,23776.85,23774.8,23774.9
1788770670,2026-09-07T14:14:30,23774.8,23776.35,23774.2,23775.15
1788770685,2026-09-07T14:14:45,23775,23776.45,23773.55,23774.05
1788770700,2026-09-07T14:15:00,23776,23777.8,23775.5,23775.5
1788770715,2026-09-07T14:15:15,23775.45,23778.8,23775.45,23777.6
1788770730,2026-09-07T14:15:30,23776.55,23778.85,23775.7,23776.55
1788770745,2026-09-07T14:15:45,23776.85,23778.25,23773.45,23773.45
1788770760,2026-09-07T14:16:00,23775.3,23775.35,23773.15,23774.05
1788770775,2026-09-07T14:16:15,23774.3,23774.85,23773,23773.4
1788770790,2026-09-07T14:16:30,23772.9,23774.05,23771.6,23772.3
1788770805,2026-09-07T14:16:45,23771.9,23774.25,23771.9,23772.75
1788770820,2026-09-07T14:17:00,23773.95,23774.2,23771.35,23773.45
1788770835,2026-09-07T14:17:15,23773.5,23775.2,23772.95,23773.1
1788770850,2026-09-07T14:17:30,23772.8,23773.4,23769.45,23770.2
1788770865,2026-09-07T14:17:45,23770.4,23771.95,23769.2,23769.85
1788770880,2026-09-07T14:18:00,23771.4,23773.5,23770.15,23771.5
1788770895,2026-09-07T14:18:15,23771.25,23772.35,23769.5,23769.5
1788770910,2026-09-07T14:18:30,23768.95,23772.1,23768.95,23770.5
1788770925,2026-09-07T14:18:45,23770.8,23773.4,23770.7,23772.05
1788770940,2026-09-07T14:19:00,23773.2,23773.7,23771.5,23772.55
1788770955,2026-09-07T14:19:15,23772.65,23773.2,23770.95,23771.75
1788770970,2026-09-07T14:19:30,23771.4,23772,23770.05,23770.85
1788770985,2026-09-07T14:19:45,23771,23773.15,23770.4,23771.7
1788771000,2026-09-07T14:20:00,23773.05,23774.25,23771.9,23773.45
1788771015,2026-09-07T14:20:15,23773.65,23775.2,23772.6,23773.95
1788771030,2026-09-07T14:20:30,23772.5,23774.95,23772.25,23773.2
1788771045,2026-09-07T14:20:45,23773.7,23775.95,23773.7,23774.5
1788771060,2026-09-07T14:21:00,23776.1,23776.7,23774.5,23775.35
1788771075,2026-09-07T14:21:15,23775.55,23776.95,23774.65,23775.75
1788771090,2026-09-07T14:21:30,23775.3,23777.25,23775,23775.8
1788771105,2026-09-07T14:21:45,23775.4,23776.5,23774.85,23775.35
1788771120,2026-09-07T14:22:00,23777,23777.15,23774.75,23775.5
1788771135,2026-09-07T14:22:15,23775.25,23776.55,23774.95,23775.35
1788771150,2026-09-07T14:22:30,23775.1,23776.85,23774.75,23775.65
1788771165,2026-09-07T14:22:45,23776.05,23776.6,23774.8,23775.05
1788771180,2026-09-07T14:23:00,23777.1,23777.85,23775.65,23777.6
1788771195,2026-09-07T14:23:15,23776.85,23778.35,23776.15,23776.15
1788771210,2026-09-07T14:23:30,23775.7,23778.3,23775.05,23777.3
1788771225,2026-09-07T14:23:45,23777.25,23781.15,23777.25,23779.55
1788771240,2026-09-07T14:24:00,23781.85,23781.85,23779.25,23780.75
1788771255,2026-09-07T14:24:15,23780.3,23782.45,23779.55,23781.5
1788771270,2026-09-07T14:24:30,23781,23782.2,23779.4,23780.55
1788771285,2026-09-07T14:24:45,23780.3,23782.05,23779.7,23780.2
1788771300,2026-09-07T14:25:00,23781,23782.15,23779.35,23779.55
1788771315,2026-09-07T14:25:15,23780.05,23783.7,23779.45,23782.2
1788771330,2026-09-07T14:25:30,23781.8,23783.1,23780.4,23781.3
1788771345,2026-09-07T14:25:45,23781.65,23782.6,23780.5,23781.05
1788771360,2026-09-07T14:26:00,23782.6,23783,23780.8,23781.05
1788771375,2026-09-07T14:26:15,23781.3,23783.4,23780.55,23782.95
1788771390,2026-09-07T14:26:30,23782.85,23784.15,23781.6,23782.25
1788771405,2026-09-07T14:26:45,23781.6,23783.4,23780.85,23781.4
1788771420,2026-09-07T14:27:00,23782.55,23784.45,23781.4,23782
1788771435,2026-09-07T14:27:15,23782.35,23784.55,23782.35,23783.35
1788771450,2026-09-07T14:27:30,23783,23784.65,23782.45,23783.15
1788771465,2026-09-07T14:27:45,23783.15,23784.45,23782.6,23783.05
1788771480,2026-09-07T14:28:00,23784.4,23784.9,23782.6,23782.9
1788771495,2026-09-07T14:28:15,23783.35,23784.55,23782.7,23783.15
1788771510,2026-09-07T14:28:30,23783.05,23784.1,23781,23781
1788771525,2026-09-07T14:28:45,23781.05,23784.2,23781.05,23781.9
1788771540,2026-09-07T14:29:00,23783.85,23784.3,23781.65,23781.65
1788771555,2026-09-07T14:29:15,23781.6,23784.4,23781.6,23782.85
1788771570,2026-09-07T14:29:30,23782.6,23786.3,23782.6,23784.65
1788771585,2026-09-07T14:29:45,23784.9,23786.65,23783.75,23784.15
1788771600,2026-09-07T14:30:00,23784.9,23786.5,23784,23785.95
1788771615,2026-09-07T14:30:15,23785.7,23786.8,23784.6,23786.3
1788771630,2026-09-07T14:30:30,23785.15,23786.05,23783.8,23784.4
1788771645,2026-09-07T14:30:45,23785,23785.6,23783.75,23783.75
1788771660,2026-09-07T14:31:00,23784.95,23784.95,23782.65,23783.3
1788771675,2026-09-07T14:31:15,23783.4,23784.8,23779.9,23779.9
1788771690,2026-09-07T14:31:30,23780.2,23780.25,23776.9,23777
1788771705,2026-09-07T14:31:45,23776.8,23778.95,23776.65,23776.95
1788771720,2026-09-07T14:32:00,23778.75,23781.25,23777.4,23778.9
1788771735,2026-09-07T14:32:15,23778.85,23781.4,23777.7,23779.25
1788771750,2026-09-07T14:32:30,23779.25,23780.6,23777.65,23779.1
1788771765,2026-09-07T14:32:45,23778.6,23780.55,23777.8,23779.7
1788771780,2026-09-07T14:33:00,23781.2,23781.2,23778.35,23779.35
1788771795,2026-09-07T14:33:15,23779.1,23780.4,23778.5,23778.5
1788771810,2026-09-07T14:33:30,23778.75,23780.8,23777.85,23777.85
1788771825,2026-09-07T14:33:45,23778.35,23779.85,23777.65,23777.9
1788771840,2026-09-07T14:34:00,23779.55,23779.55,23776.05,23776.05
1788771855,2026-09-07T14:34:15,23776.3,23777.7,23774.2,23775
1788771870,2026-09-07T14:34:30,23774.9,23777.05,23773.3,23775.15
1788771885,2026-09-07T14:34:45,23775.1,23776.4,23774.1,23774.25
1788771900,2026-09-07T14:35:00,23776.8,23777.75,23775.1,23776.6
1788771915,2026-09-07T14:35:15,23775.9,23779.7,23775.55,23776.45
1788771930,2026-09-07T14:35:30,23777.15,23777.55,23774.25,23774.6
1788771945,2026-09-07T14:35:45,23774.85,23775.85,23774.2,23774.55
1788771960,2026-09-07T14:36:00,23775.95,23775.95,23773.8,23774.55
1788771975,2026-09-07T14:36:15,23774.2,23776.7,23774.2,23775.05
1788771990,2026-09-07T14:36:30,23774.85,23776.1,23773.6,23773.6
1788772005,2026-09-07T14:36:45,23774,23776.3,23773.55,23774.2
1788772020,2026-09-07T14:37:00,23776.05,23776.05,23772.75,23773.1
1788772035,2026-09-07T14:37:15,23773.4,23774.6,23772.6,23773.45
1788772050,2026-09-07T14:37:30,23773,23774,23771.85,23773.05
1788772065,2026-09-07T14:37:45,23773.1,23773.8,23772.05,23772.2
1788772080,2026-09-07T14:38:00,23773.15,23773.5,23771.55,23771.55
1788772095,2026-09-07T14:38:15,23771.35,23772.9,23770.05,23771.75
1788772110,2026-09-07T14:38:30,23771.25,23772.2,23768.3,23768.45
1788772125,2026-09-07T14:38:45,23768.55,23770.8,23768.55,23769.25
1788772140,2026-09-07T14:39:00,23770.05,23770.15,23767.65,23769.05
1788772155,2026-09-07T14:39:15,23768.75,23769.8,23767.8,23768.8
1788772170,2026-09-07T14:39:30,23769.5,23769.5,23766.65,23766.8
1788772185,2026-09-07T14:39:45,23767.1,23768.1,23765.75,23766.5
1788772200,2026-09-07T14:40:00,23767.2,23767.2,23763.2,23764.15
1788772215,2026-09-07T14:40:15,23764.25,23765.25,23763.05,23763.65
1788772230,2026-09-07T14:40:30,23764.05,23765.1,23762.45,23762.6
1788772245,2026-09-07T14:40:45,23762.85,23764,23761,23761.05
1788772260,2026-09-07T14:41:00,23762.55,23762.85,23760,23760.4
1788772275,2026-09-07T14:41:15,23760.55,23762.35,23759.65,23760.75
1788772290,2026-09-07T14:41:30,23760.95,23761,23758.8,23759.15
1788772305,2026-09-07T14:41:45,23759.4,23761.75,23759.15,23760.15
1788772320,2026-09-07T14:42:00,23761.45,23761.55,23759.45,23760.45
1788772335,2026-09-07T14:42:15,23760.7,23763.3,23759.75,23759.75
1788772350,2026-09-07T14:42:30,23760,23763.8,23759.35,23762.05
1788772365,2026-09-07T14:42:45,23762.05,23764.45,23761.2,23761.55
1788772380,2026-09-07T14:43:00,23762.9,23763.2,23761.3,23761.8
1788772395,2026-09-07T14:43:15,23762,23763.25,23761.2,23761.45
1788772410,2026-09-07T14:43:30,23761.85,23763,23760.85,23760.9
1788772425,2026-09-07T14:43:45,23761.3,23762.65,23760.7,23761.15
1788772440,2026-09-07T14:44:00,23761.9,23761.9,23759.7,23760.25
1788772455,2026-09-07T14:44:15,23760.65,23762.6,23760.15,23760.75
1788772470,2026-09-07T14:44:30,23759.85,23761.15,23758.75,23759.25
1788772485,2026-09-07T14:44:45,23759,23760.25,23758.3,23758.7
1788772500,2026-09-07T14:45:00,23759.15,23759.35,23755.4,23755.4
1788772515,2026-09-07T14:45:15,23755.75,23756.8,23754.8,23755.85
1788772530,2026-09-07T14:45:30,23755.25,23757.1,23754.8,23755.95
1788772545,2026-09-07T14:45:45,23756.5,23758.25,23755.8,23756.1
1788772560,2026-09-07T14:46:00,23756.7,23758.25,23755.3,23756.9
1788772575,2026-09-07T14:46:15,23757,23757.8,23755.85,23755.85
1788772590,2026-09-07T14:46:30,23755.85,23757.45,23754.2,23754.6
1788772605,2026-09-07T14:46:45,23754.6,23756.75,23754.6,23755.35
1788772620,2026-09-07T14:47:00,23756.55,23757.35,23754.9,23755.1
1788772635,2026-09-07T14:47:15,23754.65,23757.25,23754.65,23756.05
1788772650,2026-09-07T14:47:30,23755.9,23756.9,23754.6,23755.2
1788772665,2026-09-07T14:47:45,23755.2,23756.45,23754.4,23755.95
1788772680,2026-09-07T14:48:00,23756.55,23759.25,23754.9,23757.8
1788772695,2026-09-07T14:48:15,23758.65,23759.15,23755.95,23755.95
1788772710,2026-09-07T14:48:30,23755.9,23757.2,23755.15,23756.5
1788772725,2026-09-07T14:48:45,23756.65,23757.4,23755.2,23755.4
1788772740,2026-09-07T14:49:00,23757,23757,23754,23755.6
1788772755,2026-09-07T14:49:15,23755.5,23757.5,23754.5,23756.1
1788772770,2026-09-07T14:49:30,23756.65,23758.25,23754.9,23755.1
1788772785,2026-09-07T14:49:45,23755.1,23756.4,23754.4,23754.4
1788772800,2026-09-07T14:50:00,23757.35,23757.35,23751.8,23752.8
1788772815,2026-09-07T14:50:15,23752.65,23756.65,23752.65,23754.6
1788772830,2026-09-07T14:50:30,23755.1,23760.55,23754.7,23760.35
1788772845,2026-09-07T14:50:45,23760.2,23761.9,23758.7,23760.35
1788772860,2026-09-07T14:51:00,23760.75,23761.75,23758.5,23759.7
1788772875,2026-09-07T14:51:15,23759.85,23764.5,23759.2,23763.6
1788772890,2026-09-07T14:51:30,23763.15,23765.5,23762.55,23764.35
1788772905,2026-09-07T14:51:45,23764.3,23765.1,23762.75,23763.15
1788772920,2026-09-07T14:52:00,23764.15,23764.15,23760.1,23760.35
1788772935,2026-09-07T14:52:15,23760.8,23761.1,23756.45,23757.9
1788772950,2026-09-07T14:52:30,23758.35,23758.6,23753.35,23754.25
1788772965,2026-09-07T14:52:45,23754.55,23756.55,23751.05,23752.05
1788772980,2026-09-07T14:53:00,23753,23753.3,23749.8,23750.95
1788772995,2026-09-07T14:53:15,23751.15,23752.75,23750.1,23751.55
1788773010,2026-09-07T14:53:30,23751.5,23752.7,23749.75,23752.25
1788773025,2026-09-07T14:53:45,23752,23753.2,23749.9,23750.05
1788773040,2026-09-07T14:54:00,23753,23753,23749.75,23750.1
1788773055,2026-09-07T14:54:15,23750.4,23752.4,23748.85,23750.25
1788773070,2026-09-07T14:54:30,23749.8,23751.8,23749.05,23751
1788773085,2026-09-07T14:54:45,23750.85,23752.5,23749.55,23750.6
1788773100,2026-09-07T14:55:00,23751.4,23755.1,23750.9,23752.85
1788773115,2026-09-07T14:55:15,23753.25,23755.15,23751.75,23751.75
1788773130,2026-09-07T14:55:30,23752.8,23753.45,23750.85,23751.8
1788773145,2026-09-07T14:55:45,23751.8,23754.7,23751.8,23751.95
1788773160,2026-09-07T14:56:00,23754.25,23756.55,23752.75,23753.6
1788773175,2026-09-07T14:56:15,23753.45,23756,23752.4,23753.5
1788773190,2026-09-07T14:56:30,23753.8,23755.7,23752.85,23753
1788773205,2026-09-07T14:56:45,23753.35,23754.8,23752.3,23752.85
1788773220,2026-09-07T14:57:00,23753.2,23754.65,23752.55,23753.2
1788773235,2026-09-07T14:57:15,23753.15,23754.65,23751.8,23754.25
1788773250,2026-09-07T14:57:30,23753.8,23754.3,23751.9,23752.1
1788773265,2026-09-07T14:57:45,23752.1,23754.25,23752.05,23753.2
1788773280,2026-09-07T14:58:00,23754,23754.2,23751.15,23751.9
1788773295,2026-09-07T14:58:15,23751.95,23753.4,23751.15,23751.55
1788773310,2026-09-07T14:58:30,23752.25,23753.5,23750.95,23751.45
1788773325,2026-09-07T14:58:45,23751.75,23752.25,23748.35,23748.35
1788773340,2026-09-07T14:59:00,23750.2,23750.2,23745.95,23746.35
1788773355,2026-09-07T14:59:15,23749,23751.65,23746.6,23749.8
1788773370,2026-09-07T14:59:30,23748.7,23748.7,23746.1,23746.35
1788773385,2026-09-07T14:59:45,23745.65,23749.65,23745.65,23749.4
1788773400,2026-09-07T15:00:00,23749.35,23749.35,23742.85,23743.8
1788773415,2026-09-07T15:00:15,23743.6,23747.2,23743.6,23745.4
1788773430,2026-09-07T15:00:30,23745.5,23746.95,23743.45,23744.15
1788773445,2026-09-07T15:00:45,23744.9,23748.4,23744.5,23747.8
1788773460,2026-09-07T15:01:00,23748.65,23753,23748.4,23752.5
1788773475,2026-09-07T15:01:15,23752.45,23753.45,23751.3,23752.9
1788773490,2026-09-07T15:01:30,23752.95,23755.2,23751.85,23752.15
1788773505,2026-09-07T15:01:45,23752.15,23753,23751,23751.75
1788773520,2026-09-07T15:02:00,23751.7,23752.6,23750.4,23750.85
1788773535,2026-09-07T15:02:15,23751.1,23753.55,23750.45,23752.15
1788773550,2026-09-07T15:02:30,23752.1,23754.35,23750.65,23752.65
1788773565,2026-09-07T15:02:45,23752.7,23755.95,23752.2,23755.5
1788773580,2026-09-07T15:03:00,23755.8,23757.35,23755.7,23756.45
1788773595,2026-09-07T15:03:15,23757.1,23757.1,23754.55,23755.8
1788773610,2026-09-07T15:03:30,23756.05,23756.6,23754.05,23756.3
1788773625,2026-09-07T15:03:45,23756.5,23756.95,23754.4,23754.8
1788773640,2026-09-07T15:04:00,23754.95,23755.2,23752.55,23753.7
1788773655,2026-09-07T15:04:15,23753.6,23754.8,23751.85,23753.35
1788773670,2026-09-07T15:04:30,23753.5,23754,23750.85,23752
1788773685,2026-09-07T15:04:45,23752.65,23752.65,23747.25,23750.15
1788773700,2026-09-07T15:05:00,23749.95,23750.4,23746.8,23748.15
1788773715,2026-09-07T15:05:15,23748.75,23748.75,23745.75,23746.55
1788773730,2026-09-07T15:05:30,23747.1,23747.95,23745.2,23745.6
1788773745,2026-09-07T15:05:45,23745.8,23747.4,23743.8,23745.1
1788773760,2026-09-07T15:06:00,23747.15,23748.55,23743.6,23745.4
1788773775,2026-09-07T15:06:15,23745.1,23748.95,23745.1,23747.5
1788773790,2026-09-07T15:06:30,23747.85,23749.6,23746.4,23748.2
1788773805,2026-09-07T15:06:45,23745.8,23750.4,23745.8,23750.15
1788773820,2026-09-07T15:07:00,23749.7,23750.25,23746.6,23748.85
1788773835,2026-09-07T15:07:15,23748.35,23750.05,23746.9,23748.2
1788773850,2026-09-07T15:07:30,23749.2,23749.65,23747.55,23749.1
1788773865,2026-09-07T15:07:45,23748.8,23750.35,23747.85,23749.1
1788773880,2026-09-07T15:08:00,23749.45,23750.6,23747.55,23749.85
1788773895,2026-09-07T15:08:15,23751.3,23752.1,23749.05,23751.2
1788773910,2026-09-07T15:08:30,23751.45,23751.7,23748.85,23749.05
1788773925,2026-09-07T15:08:45,23749.3,23750.05,23745.6,23747.05
1788773940,2026-09-07T15:09:00,23747.65,23747.7,23741.25,23744.8
1788773955,2026-09-07T15:09:15,23745.25,23745.65,23742.25,23743.25
1788773970,2026-09-07T15:09:30,23741.6,23744.15,23740.15,23741.15
1788773985,2026-09-07T15:09:45,23740.85,23742.1,23738.05,23740.7
1788774000,2026-09-07T15:10:00,23741.55,23743.85,23740.65,23743.4
1788774015,2026-09-07T15:10:15,23743.95,23744.15,23740.2,23741.9
1788774030,2026-09-07T15:10:30,23741.45,23743.2,23740.9,23742.35
1788774045,2026-09-07T15:10:45,23742.7,23746.15,23741.8,23744.05
1788774060,2026-09-07T15:11:00,23744.95,23745.4,23741.7,23743.8
1788774075,2026-09-07T15:11:15,23743.6,23746.55,23742.2,23746.05
1788774090,2026-09-07T15:11:30,23746.55,23747.6,23742.15,23747.15
1788774105,2026-09-07T15:11:45,23747.1,23748.25,23744.55,23747.2
1788774120,2026-09-07T15:12:00,23747.8,23748.2,23741.8,23747.45
1788774135,2026-09-07T15:12:15,23742.8,23751.15,23742.8,23747.2
1788774150,2026-09-07T15:12:30,23746.6,23749.7,23744.5,23745.75
1788774165,2026-09-07T15:12:45,23745.85,23753.05,23741.85,23747.3
1788774180,2026-09-07T15:13:00,23748.7,23754.3,23746.7,23753.15
1788774195,2026-09-07T15:13:15,23752.35,23753.1,23746.45,23750.55
1788774210,2026-09-07T15:13:30,23752.2,23752.2,23744.3,23751.6
1788774225,2026-09-07T15:13:45,23751.45,23757.85,23750.1,23754.85
1788774240,2026-09-07T15:14:00,23754.95,23760.55,23753,23760.55
1788774255,2026-09-07T15:14:15,23762.2,23762.95,23755.35,23759.45
1788774270,2026-09-07T15:14:30,23758.8,23763.95,23753.45,23760.7
1788774285,2026-09-07T15:14:45,23764.65,23765.7,23753.6,23759.4
1788774300,2026-09-07T15:15:00,23760.3,23760.3,23760.3,23760.3
1788774315,2026-09-07T15:15:15,23760.3,23760.3,23760.3,23760.3
1788774330,2026-09-07T15:15:30,23760.3,23760.3,23760.3,23760.3
1788774345,2026-09-07T15:15:45,23760.3,23760.3,23760.3,23760.3
1788774360,2026-09-07T15:16:00,23760.3,23760.3,23760.3,23760.3
1788774375,2026-09-07T15:16:15,23760.3,23760.3,23760.3,23760.3
1788774390,2026-09-07T15:16:30,23760.3,23760.3,23760.3,23760.3
1788774405,2026-09-07T15:16:45,23760.3,23760.3,23760.3,23760.3
1788774420,2026-09-07T15:17:00,23760.3,23760.3,23760.3,23760.3
1788774435,2026-09-07T15:17:15,23760.3,23760.3,23760.3,23760.3
1788774450,2026-09-07T15:17:30,23760.3,23760.3,23760.3,23760.3
1788774465,2026-09-07T15:17:45,23760.3,23760.3,23760.3,23760.3
1788774480,2026-09-07T15:18:00,23760.3,23760.3,23760.3,23760.3
1788774495,2026-09-07T15:18:15,23760.3,23760.3,23760.3,23760.3
1788774510,2026-09-07T15:18:30,23760.3,23760.3,23760.3,23760.3
1788774525,2026-09-07T15:18:45,23760.3,23760.3,23760.3,23760.3
1788774540,2026-09-07T15:19:00,23760.3,23760.3,23760.3,23760.3
1788774555,2026-09-07T15:19:15,23760.3,23760.3,23760.3,23760.3
1788774570,2026-09-07T15:19:30,23760.3,23760.3,23760.3,23760.3
1788774585,2026-09-07T15:19:45,23760.3,23760.3,23760.3,23760.3
1788774600,2026-09-07T15:20:00,23760.3,23760.3,23760.3,23760.3
1788774615,2026-09-07T15:20:15,23760.3,23760.3,23760.3,23760.3
1788774630,2026-09-07T15:20:30,23760.3,23760.3,23760.3,23760.3
1788774645,2026-09-07T15:20:45,23760.3,23760.3,23760.3,23760.3
1788774660,2026-09-07T15:21:00,23760.3,23760.3,23760.3,23760.3
1788774675,2026-09-07T15:21:15,23760.3,23760.3,23760.3,23760.3
1788774690,2026-09-07T15:21:30,23760.3,23760.3,23760.3,23760.3
1788774705,2026-09-07T15:21:45,23760.3,23760.3,23760.3,23760.3
1788774720,2026-09-07T15:22:00,23760.3,23760.3,23760.3,23760.3
1788774735,2026-09-07T15:22:15,23760.3,23760.3,23760.3,23760.3
1788774750,2026-09-07T15:22:30,23760.3,23760.3,23760.3,23760.3
1788774765,2026-09-07T15:22:45,23760.3,23760.3,23760.3,23760.3
1788774780,2026-09-07T15:23:00,23760.3,23760.3,23760.3,23760.3
1788774795,2026-09-07T15:23:15,23760.3,23760.3,23760.3,23760.3
1788774810,2026-09-07T15:23:30,23760.3,23760.3,23760.3,23760.3
1788774825,2026-09-07T15:23:45,23760.3,23760.3,23760.3,23760.3
1788774840,2026-09-07T15:24:00,23760.3,23760.3,23760.3,23760.3
1788774855,2026-09-07T15:24:15,23760.3,23760.3,23760.3,23760.3
1788774870,2026-09-07T15:24:30,23760.3,23760.3,23760.3,23760.3
1788774885,2026-09-07T15:24:45,23760.3,23760.3,23760.3,23760.3
1788774900,2026-09-07T15:25:00,23760.3,23760.3,23760.3,23760.3
1788774915,2026-09-07T15:25:15,23760.3,23760.3,23760.3,23760.3
1788774930,2026-09-07T15:25:30,23760.3,23760.3,23760.3,23760.3
1788774945,2026-09-07T15:25:45,23760.3,23760.3,23760.3,23760.3
1788774960,2026-09-07T15:26:00,23760.3,23760.3,23760.3,23760.3
1788774975,2026-09-07T15:26:15,23760.3,23760.3,23760.3,23760.3
1788774990,2026-09-07T15:26:30,23760.3,23760.3,23760.3,23760.3
1788775005,2026-09-07T15:26:45,23760.3,23760.3,23760.3,23760.3
1788775020,2026-09-07T15:27:00,23760.3,23760.3,23760.3,23760.3
1788775035,2026-09-07T15:27:15,23760.3,23760.3,23760.3,23760.3
1788775050,2026-09-07T15:27:30,23760.3,23760.3,23760.3,23760.3
1788775065,2026-09-07T15:27:45,23760.3,23760.3,23760.3,23760.3
1788775080,2026-09-07T15:28:00,23760.3,23760.3,23760.3,23760.3
1788775095,2026-09-07T15:28:15,23760.3,23760.3,23760.3,23760.3
1788775110,2026-09-07T15:28:30,23760.3,23760.3,23760.3,23760.3
1788775125,2026-09-07T15:28:45,23760.3,23760.3,23760.3,23760.3
1788775140,2026-09-07T15:29:00,23760.3,23760.3,23760.3,23760.3
1788775155,2026-09-07T15:29:15,23760.3,23760.3,23760.3,23760.3
1788775170,2026-09-07T15:29:30,23760.3,23760.3,23760.3,23760.3
1788775185,2026-09-07T15:29:45,23760.3,23779.15,23760.3,23779.15
1788839100,2026-09-08T09:15:00,23746.75,23755.6,23691.7,23699.9
1788839115,2026-09-08T09:15:15,23699.85,23699.95,23688.4,23696.15
1788839130,2026-09-08T09:15:30,23696.05,23697.75,23685.9,23689.75
1788839145,2026-09-08T09:15:45,23689.5,23694.05,23689.15,23690.1
1788839160,2026-09-08T09:16:00,23691.6,23691.6,23680.8,23687.45
1788839175,2026-09-08T09:16:15,23688.55,23690.55,23686.2,23690.45
1788839190,2026-09-08T09:16:30,23690.3,23693.95,23687.75,23692.25
1788839205,2026-09-08T09:16:45,23693.15,23697.15,23690.7,23691.65
1788839220,2026-09-08T09:17:00,23692.15,23697.2,23689.5,23696.3
1788839235,2026-09-08T09:17:15,23696,23699.75,23694.75,23695.4
1788839250,2026-09-08T09:17:30,23697.8,23700.25,23696.65,23699.7
1788839265,2026-09-08T09:17:45,23699.3,23699.55,23689.9,23690.8
1788839280,2026-09-08T09:18:00,23691.5,23697.75,23691.05,23694.65
1788839295,2026-09-08T09:18:15,23694.75,23694.8,23690.7,23691.35
1788839310,2026-09-08T09:18:30,23692.1,23696.6,23692.05,23694.35
1788839325,2026-09-08T09:18:45,23694.7,23695.2,23692.5,23693.75
1788839340,2026-09-08T09:19:00,23694.75,23695.75,23692.9,23693.2
1788839355,2026-09-08T09:19:15,23693.2,23695.95,23691.95,23695.1
1788839370,2026-09-08T09:19:30,23696.35,23696.45,23692.65,23694.8
1788839385,2026-09-08T09:19:45,23695.2,23695.35,23693.1,23694.15
1788839400,2026-09-08T09:20:00,23693.6,23694.6,23690.9,23693.45
1788839415,2026-09-08T09:20:15,23694.5,23694.5,23691.35,23693.55
1788839430,2026-09-08T09:20:30,23695.4,23695.4,23690.95,23691.4
1788839445,2026-09-08T09:20:45,23693.05,23693.05,23689.85,23690.5
1788839460,2026-09-08T09:21:00,23691.4,23692.65,23689.8,23691.05
1788839475,2026-09-08T09:21:15,23690.35,23691.4,23688.55,23690.95
1788839490,2026-09-08T09:21:30,23691.05,23692.1,23688.05,23689.65
1788839505,2026-09-08T09:21:45,23691,23692.45,23688.95,23690.2
1788839520,2026-09-08T09:22:00,23689.95,23693.15,23689.8,23690.4
1788839535,2026-09-08T09:22:15,23691.85,23693.75,23688.55,23688.55
1788839550,2026-09-08T09:22:30,23688.15,23691.2,23684.35,23689.55
1788839565,2026-09-08T09:22:45,23689.75,23693.35,23689.75,23691.3
1788839580,2026-09-08T09:23:00,23691.75,23692.7,23687.5,23689.05
1788839595,2026-09-08T09:23:15,23689.7,23690.35,23685.9,23687.4
1788839610,2026-09-08T09:23:30,23687.9,23687.9,23681.9,23683.2
1788839625,2026-09-08T09:23:45,23683.3,23684.65,23682,23682.35
1788839640,2026-09-08T09:24:00,23683.95,23683.95,23679.75,23681.15
1788839655,2026-09-08T09:24:15,23682.1,23683.75,23681.15,23682.3
1788839670,2026-09-08T09:24:30,23683.35,23685.1,23682.2,23683.5
1788839685,2026-09-08T09:24:45,23684.05,23684.1,23679.1,23679.5
1788839700,2026-09-08T09:25:00,23680.6,23680.6,23677.5,23678.35
1788839715,2026-09-08T09:25:15,23679.9,23680.6,23678.05,23678.55
1788839730,2026-09-08T09:25:30,23679.5,23683.6,23678.25,23682.45
1788839745,2026-09-08T09:25:45,23683.6,23684.7,23681.65,23682.7
1788839760,2026-09-08T09:26:00,23682.3,23685.05,23681.5,23682.7
1788839775,2026-09-08T09:26:15,23683.2,23683.2,23680.5,23680.85
1788839790,2026-09-08T09:26:30,23681.75,23681.9,23679.55,23680.55
1788839805,2026-09-08T09:26:45,23681.9,23683.2,23679.85,23681.8
1788839820,2026-09-08T09:27:00,23681.9,23683.05,23680.35,23680.7
1788839835,2026-09-08T09:27:15,23682.15,23683.05,23680,23680.1
1788839850,2026-09-08T09:27:30,23681.25,23681.35,23675.75,23676.7
1788839865,2026-09-08T09:27:45,23677.3,23679.2,23676,23677
1788839880,2026-09-08T09:28:00,23677.5,23677.65,23673.65,23674
1788839895,2026-09-08T09:28:15,23674.5,23674.5,23669.7,23672.45
1788839910,2026-09-08T09:28:30,23672.55,23674.85,23670.75,23674.5
1788839925,2026-09-08T09:28:45,23674.2,23675,23671.85,23674.45
1788839940,2026-09-08T09:29:00,23674.1,23674.25,23671.2,23673.1
1788839955,2026-09-08T09:29:15,23672.5,23675.55,23670.95,23672.9
1788839970,2026-09-08T09:29:30,23672.05,23674.65,23670.05,23670.75
1788839985,2026-09-08T09:29:45,23670.95,23674.65,23669.95,23672.5
1788840000,2026-09-08T09:30:00,23670.85,23673.2,23669.85,23673.2
1788840015,2026-09-08T09:30:15,23672.05,23674.05,23669.85,23671.4
1788840030,2026-09-08T09:30:30,23671.7,23673,23670.35,23670.9
1788840045,2026-09-08T09:30:45,23670.3,23673.2,23669.85,23672.5
1788840060,2026-09-08T09:31:00,23671.8,23675.9,23670.85,23675
1788840075,2026-09-08T09:31:15,23674.15,23680.05,23673.55,23678.05
1788840090,2026-09-08T09:31:30,23678.1,23678.95,23676.3,23678
1788840105,2026-09-08T09:31:45,23677.95,23678.4,23672.5,23674.5
1788840120,2026-09-08T09:32:00,23674.3,23678.4,23673.9,23677.8
1788840135,2026-09-08T09:32:15,23677.1,23678.25,23673.2,23675
1788840150,2026-09-08T09:32:30,23675.65,23676.7,23673.4,23674.65
1788840165,2026-09-08T09:32:45,23674.65,23675.35,23673.05,23674
1788840180,2026-09-08T09:33:00,23674.25,23675.8,23672.9,23673.55
1788840195,2026-09-08T09:33:15,23673.8,23674.35,23671.8,23672
1788840210,2026-09-08T09:33:30,23672.65,23674.45,23671.95,23672.05
1788840225,2026-09-08T09:33:45,23672.4,23675.9,23671.65,23674.7
1788840240,2026-09-08T09:34:00,23674.95,23677.15,23672,23673.35
1788840255,2026-09-08T09:34:15,23673.2,23675.3,23672.45,23673.7
1788840270,2026-09-08T09:34:30,23674.3,23674.6,23672.75,23673.55
1788840285,2026-09-08T09:34:45,23674.95,23676.65,23673.75,23676
1788840300,2026-09-08T09:35:00,23676.4,23676.85,23674.6,23676.75
1788840315,2026-09-08T09:35:15,23676.4,23681.85,23676.4,23680.7
1788840330,2026-09-08T09:35:30,23680.9,23683.6,23680.85,23683.05
1788840345,2026-09-08T09:35:45,23683.85,23683.95,23680.95,23682
1788840360,2026-09-08T09:36:00,23682.75,23682.75,23678.9,23682.1
1788840375,2026-09-08T09:36:15,23681.5,23684.6,23681,23683.8
1788840390,2026-09-08T09:36:30,23684.2,23685.55,23682.45,23684.95
1788840405,2026-09-08T09:36:45,23684.9,23686.95,23684.5,23684.95
1788840420,2026-09-08T09:37:00,23684.9,23685.5,23682.45,23683.55
1788840435,2026-09-08T09:37:15,23684.1,23685.15,23682.75,23684.35
1788840450,2026-09-08T09:37:30,23684.55,23685.6,23683.15,23685.25
1788840465,2026-09-08T09:37:45,23685.5,23690.2,23684.9,23689.85
1788840480,2026-09-08T09:38:00,23690.75,23691.6,23689.35,23690.6
1788840495,2026-09-08T09:38:15,23690.65,23692.45,23689.6,23691.05
1788840510,2026-09-08T09:38:30,23690.65,23692,23687.9,23688.15
1788840525,2026-09-08T09:38:45,23688.75,23690.35,23687.9,23688.95
1788840540,2026-09-08T09:39:00,23690.7,23691.1,23689,23689.75
1788840555,2026-09-08T09:39:15,23689.4,23689.6,23684.85,23687.5
1788840570,2026-09-08T09:39:30,23687.9,23688,23684.85,23685.95
1788840585,2026-09-08T09:39:45,23686.3,23687.65,23685.9,23686.7
1788840600,2026-09-08T09:40:00,23688.3,23688.45,23683.9,23684.45
1788840615,2026-09-08T09:40:15,23685.3,23685.85,23682.6,23683.6
1788840630,2026-09-08T09:40:30,23683.3,23684.25,23680,23681.25
1788840645,2026-09-08T09:40:45,23681.8,23682.1,23680.1,23681.2
1788840660,2026-09-08T09:41:00,23681.45,23685.55,23681.05,23684.25
1788840675,2026-09-08T09:41:15,23684.85,23686.15,23683.6,23686
1788840690,2026-09-08T09:41:30,23686.45,23690.7,23682.3,23688.35
1788840705,2026-09-08T09:41:45,23687.55,23687.75,23685.55,23685.6
1788840720,2026-09-08T09:42:00,23686.8,23687.15,23682.7,23683.6
1788840735,2026-09-08T09:42:15,23683.3,23683.3,23677.9,23678.4
1788840750,2026-09-08T09:42:30,23679.1,23679.1,23676,23676.35
1788840765,2026-09-08T09:42:45,23676.5,23679.25,23675.3,23676.4
1788840780,2026-09-08T09:43:00,23676.7,23679.45,23676.25,23677.35
1788840795,2026-09-08T09:43:15,23677.65,23677.95,23674.75,23675.25
1788840810,2026-09-08T09:43:30,23675.25,23676.55,23673.85,23674.9
1788840825,2026-09-08T09:43:45,23674.8,23675.65,23671.4,23671.45
1788840840,2026-09-08T09:44:00,23672.05,23675.2,23669.65,23672
1788840855,2026-09-08T09:44:15,23672.45,23676.6,23670.2,23672.9
1788840870,2026-09-08T09:44:30,23673,23673.3,23671.7,23672.15
1788840885,2026-09-08T09:44:45,23673.25,23675.85,23671.65,23674.35
1788840900,2026-09-08T09:45:00,23673.9,23675.35,23671.85,23673.1
1788840915,2026-09-08T09:45:15,23674.35,23676.05,23672.5,23675.7
1788840930,2026-09-08T09:45:30,23675.35,23676.4,23673.45,23674.4
1788840945,2026-09-08T09:45:45,23674.6,23675.5,23672.45,23674.85
1788840960,2026-09-08T09:46:00,23675,23676.75,23673.85,23676.5
1788840975,2026-09-08T09:46:15,23677.05,23678.85,23674.65,23677.8
1788840990,2026-09-08T09:46:30,23678.45,23678.95,23677.15,23678.6
1788841005,2026-09-08T09:46:45,23679.3,23681.25,23677.3,23680.45
1788841020,2026-09-08T09:47:00,23680.7,23681.8,23677.3,23677.6
1788841035,2026-09-08T09:47:15,23678.15,23679.4,23677.2,23679
1788841050,2026-09-08T09:47:30,23679.55,23679.8,23678.45,23679.65
1788841065,2026-09-08T09:47:45,23679.9,23682,23679.55,23680.45
1788841080,2026-09-08T09:48:00,23681.35,23681.35,23679,23680.55
1788841095,2026-09-08T09:48:15,23681.3,23681.3,23678.95,23678.95
1788841110,2026-09-08T09:48:30,23680.35,23682.65,23679.35,23679.35
1788841125,2026-09-08T09:48:45,23680.15,23680.95,23678.8,23679.8
1788841140,2026-09-08T09:49:00,23680.65,23681.2,23679.8,23679.95
1788841155,2026-09-08T09:49:15,23680.95,23685.25,23680.7,23684.05
1788841170,2026-09-08T09:49:30,23685.45,23688.7,23684.65,23688.5
1788841185,2026-09-08T09:49:45,23689.15,23689.45,23685.9,23686.45
1788841200,2026-09-08T09:50:00,23687.2,23690.9,23686.6,23689.7
1788841215,2026-09-08T09:50:15,23690.7,23691.45,23689.35,23690.5
1788841230,2026-09-08T09:50:30,23690.9,23691.3,23689.5,23690.65
1788841245,2026-09-08T09:50:45,23691.2,23691.2,23688,23689.9
1788841260,2026-09-08T09:51:00,23690.45,23690.45,23686.85,23688.25
1788841275,2026-09-08T09:51:15,23688.35,23691.6,23687.65,23689.95
1788841290,2026-09-08T09:51:30,23689.85,23690.05,23684.2,23684.9
1788841305,2026-09-08T09:51:45,23685.25,23687.5,23683.45,23683.75
1788841320,2026-09-08T09:52:00,23684.7,23684.7,23681.95,23683.1
1788841335,2026-09-08T09:52:15,23683.45,23684,23681.65,23682.2
1788841350,2026-09-08T09:52:30,23682.3,23685.55,23681,23681.8
1788841365,2026-09-08T09:52:45,23683.05,23683.35,23678.75,23678.8
1788841380,2026-09-08T09:53:00,23680.75,23680.75,23675.25,23676.05
1788841395,2026-09-08T09:53:15,23675.75,23679.4,23674.5,23676.1
1788841410,2026-09-08T09:53:30,23676.65,23679.9,23675.25,23678.25
1788841425,2026-09-08T09:53:45,23678.15,23679.6,23677.3,23677.7
1788841440,2026-09-08T09:54:00,23678.15,23681.65,23678.15,23680.45
1788841455,2026-09-08T09:54:15,23680.85,23681.4,23678.4,23678.45
1788841470,2026-09-08T09:54:30,23679.95,23681.1,23677.25,23678.2
1788841485,2026-09-08T09:54:45,23678.65,23679.15,23677.5,23678.55
1788841500,2026-09-08T09:55:00,23679.55,23679.6,23675.4,23676.1
1788841515,2026-09-08T09:55:15,23676.9,23678,23674.3,23675.95
1788841530,2026-09-08T09:55:30,23676.2,23676.8,23674.5,23674.6
1788841545,2026-09-08T09:55:45,23676,23676.4,23673.55,23674.6
1788841560,2026-09-08T09:56:00,23675.4,23676.15,23674.05,23674.25
1788841575,2026-09-08T09:56:15,23675.2,23675.25,23672.95,23673.65
1788841590,2026-09-08T09:56:30,23674.65,23675.1,23672.95,23673.1
1788841605,2026-09-08T09:56:45,23674.8,23675,23673.1,23673.8
1788841620,2026-09-08T09:57:00,23674.8,23675.75,23673.3,23673.45
1788841635,2026-09-08T09:57:15,23673.3,23673.4,23670.6,23671.55
1788841650,2026-09-08T09:57:30,23672.65,23672.85,23670.9,23672.45
1788841665,2026-09-08T09:57:45,23673.3,23673.45,23670.7,23670.95
1788841680,2026-09-08T09:58:00,23671.9,23674.55,23671.65,23672.45
1788841695,2026-09-08T09:58:15,23673.5,23673.5,23670.85,23671.25
1788841710,2026-09-08T09:58:30,23672.3,23674.15,23669.3,23669.3
1788841725,2026-09-08T09:58:45,23670.2,23670.3,23667.2,23668.15
1788841740,2026-09-08T09:59:00,23667.7,23667.75,23664.9,23664.9
1788841755,2026-09-08T09:59:15,23666.25,23667.85,23664.95,23666.5
1788841770,2026-09-08T09:59:30,23666.8,23668.4,23664.85,23666.95
1788841785,2026-09-08T09:59:45,23667.4,23670.4,23666.65,23666.95
1788841800,2026-09-08T10:00:00,23666.95,23669.9,23666.65,23668.75
1788841815,2026-09-08T10:00:15,23669.3,23669.3,23667.75,23668.85
1788841830,2026-09-08T10:00:30,23669.4,23672.7,23668.35,23671.8
1788841845,2026-09-08T10:00:45,23672.8,23673.8,23670.75,23673.8
1788841860,2026-09-08T10:01:00,23674.85,23674.85,23670.75,23671.9
1788841875,2026-09-08T10:01:15,23672.9,23673.1,23668.1,23669.8
1788841890,2026-09-08T10:01:30,23670.15,23674.65,23670.05,23671.9
1788841905,2026-09-08T10:01:45,23673.15,23673.9,23670.15,23670.85
1788841920,2026-09-08T10:02:00,23671.5,23672.35,23668.55,23669
1788841935,2026-09-08T10:02:15,23669.8,23670.4,23668.45,23669.3
1788841950,2026-09-08T10:02:30,23670.5,23670.5,23667.65,23669.25
1788841965,2026-09-08T10:02:45,23669.75,23670,23665.8,23666
1788841980,2026-09-08T10:03:00,23665.55,23665.55,23662.55,23664.05
1788841995,2026-09-08T10:03:15,23664.2,23665.1,23662.25,23662.25
1788842010,2026-09-08T10:03:30,23663.85,23663.85,23660.3,23660.9
1788842025,2026-09-08T10:03:45,23661.15,23662.55,23659.15,23660.95
1788842040,2026-09-08T10:04:00,23662.05,23663.85,23661.45,23663.35
1788842055,2026-09-08T10:04:15,23663.85,23663.85,23661.05,23661.45
1788842070,2026-09-08T10:04:30,23662.35,23662.45,23660,23660.7
1788842085,2026-09-08T10:04:45,23661.75,23662.25,23659.25,23659.7
1788842100,2026-09-08T10:05:00,23661.3,23662.35,23660.15,23661
1788842115,2026-09-08T10:05:15,23661.85,23663.25,23661,23662.15
1788842130,2026-09-08T10:05:30,23663.15,23663.15,23660.3,23660.7
1788842145,2026-09-08T10:05:45,23661.95,23661.95,23657.2,23659.4
1788842160,2026-09-08T10:06:00,23659.8,23664.55,23658.85,23664.4
1788842175,2026-09-08T10:06:15,23664.2,23665.05,23662.3,23663.9
1788842190,2026-09-08T10:06:30,23664.4,23667.25,23663.8,23666.95
1788842205,2026-09-08T10:06:45,23666.6,23668.05,23666.35,23667.1
1788842220,2026-09-08T10:07:00,23667.7,23673,23666.5,23672.55
1788842235,2026-09-08T10:07:15,23672.65,23675.2,23672.45,23674.9
1788842250,2026-09-08T10:07:30,23674.95,23678.65,23674.05,23678.15
1788842265,2026-09-08T10:07:45,23678.9,23679.3,23677.4,23678.35
1788842280,2026-09-08T10:08:00,23679.45,23679.45,23677.05,23677.35
1788842295,2026-09-08T10:08:15,23678.05,23681.55,23677.65,23680.75
1788842310,2026-09-08T10:08:30,23681.75,23682.35,23680.2,23681.6
1788842325,2026-09-08T10:08:45,23682.65,23682.9,23681.4,23681.7
1788842340,2026-09-08T10:09:00,23682.6,23682.6,23679.9,23680.3
1788842355,2026-09-08T10:09:15,23681.6,23681.6,23679,23679.35
1788842370,2026-09-08T10:09:30,23680,23681.75,23678.9,23681.75
1788842385,2026-09-08T10:09:45,23681.55,23683.25,23680.5,23681.65
1788842400,2026-09-08T10:10:00,23681.85,23682.75,23681.2,23682.6
1788842415,2026-09-08T10:10:15,23683,23683.55,23680.85,23681.55
1788842430,2026-09-08T10:10:30,23682.7,23682.95,23680.25,23680.5
1788842445,2026-09-08T10:10:45,23681.35,23681.8,23678.85,23680.35
1788842460,2026-09-08T10:11:00,23680.15,23682.9,23679.05,23682.05
1788842475,2026-09-08T10:11:15,23683.2,23683.5,23681.65,23682.85
1788842490,2026-09-08T10:11:30,23683.3,23683.3,23681.5,23682.4
1788842505,2026-09-08T10:11:45,23683.15,23683.4,23681.6,23681.7
1788842520,2026-09-08T10:12:00,23682.3,23683.7,23680.75,23683.3
1788842535,2026-09-08T10:12:15,23683.6,23685.2,23682.75,23683.4
1788842550,2026-09-08T10:12:30,23683.95,23685.6,23682.7,23684.05
1788842565,2026-09-08T10:12:45,23684.9,23691.45,23684.2,23689.45
1788842580,2026-09-08T10:13:00,23690.45,23698.25,23689.55,23698.25
1788842595,2026-09-08T10:13:15,23699.2,23699.7,23697.65,23699.2
1788842610,2026-09-08T10:13:30,23699.4,23701.9,23698.9,23701.35
1788842625,2026-09-08T10:13:45,23701.95,23701.95,23698.35,23698.8
1788842640,2026-09-08T10:14:00,23699.1,23699.2,23697.9,23698.9
1788842655,2026-09-08T10:14:15,23698.9,23699.2,23697.05,23698.2
1788842670,2026-09-08T10:14:30,23698.75,23701.1,23697.55,23700.9
1788842685,2026-09-08T10:14:45,23701.2,23708.5,23701.2,23707.9
1788842700,2026-09-08T10:15:00,23708.75,23717.25,23707.8,23716.7
1788842715,2026-09-08T10:15:15,23716.8,23716.95,23713.15,23714.1
1788842730,2026-09-08T10:15:30,23713.7,23713.7,23708,23708.4
1788842745,2026-09-08T10:15:45,23708.7,23708.85,23705.95,23706.75
1788842760,2026-09-08T10:16:00,23708.4,23708.4,23705,23705.3
1788842775,2026-09-08T10:16:15,23706.2,23707.65,23705.2,23707.15
1788842790,2026-09-08T10:16:30,23707.85,23707.85,23705.85,23707.25
1788842805,2026-09-08T10:16:45,23708.05,23708.1,23706.35,23707.1
1788842820,2026-09-08T10:17:00,23707.25,23709,23706.65,23706.95
1788842835,2026-09-08T10:17:15,23707.2,23708.05,23706.55,23707.55
1788842850,2026-09-08T10:17:30,23707.9,23707.9,23706.4,23707.9
1788842865,2026-09-08T10:17:45,23707.95,23708.4,23704.15,23704.2
1788842880,2026-09-08T10:18:00,23704.15,23704.45,23698.4,23698.4
1788842895,2026-09-08T10:18:15,23699.05,23700.35,23698.2,23698.75
1788842910,2026-09-08T10:18:30,23698.9,23698.9,23695.35,23695.55
1788842925,2026-09-08T10:18:45,23696.2,23698.55,23695.5,23698.45
1788842940,2026-09-08T10:19:00,23699,23702.05,23697.95,23701.6
1788842955,2026-09-08T10:19:15,23702.55,23703.6,23701.85,23703.6
1788842970,2026-09-08T10:19:30,23703.2,23704.65,23702.15,23703.95
1788842985,2026-09-08T10:19:45,23704.5,23705.05,23703.45,23703.65
1788843000,2026-09-08T10:20:00,23704.65,23705.95,23703.65,23704.1
1788843015,2026-09-08T10:20:15,23704.35,23707.3,23704.35,23705.55
1788843030,2026-09-08T10:20:30,23705.6,23708.85,23704.6,23704.6
1788843045,2026-09-08T10:20:45,23704.85,23706.5,23704.7,23705.3
1788843060,2026-09-08T10:21:00,23705.2,23705.85,23702.4,23702.65
1788843075,2026-09-08T10:21:15,23702.4,23703.1,23698.8,23699.5
1788843090,2026-09-08T10:21:30,23699.35,23703.05,23699.3,23702.4
1788843105,2026-09-08T10:21:45,23702.45,23704.1,23701.9,23701.9
1788843120,2026-09-08T10:22:00,23702,23703.4,23701.75,23702.2
1788843135,2026-09-08T10:22:15,23702.3,23703.4,23700.85,23701.4
1788843150,2026-09-08T10:22:30,23701.55,23701.85,23699.55,23701.85
1788843165,2026-09-08T10:22:45,23701.9,23705.3,23701.2,23701.6
1788843180,2026-09-08T10:23:00,23701.9,23703.05,23701.4,23702
1788843195,2026-09-08T10:23:15,23702.15,23703.6,23702.15,23702.75
1788843210,2026-09-08T10:23:30,23702.75,23705.7,23702.75,23704.6
1788843225,2026-09-08T10:23:45,23704.35,23705.55,23702.5,23702.5
1788843240,2026-09-08T10:24:00,23702.75,23703.35,23700.25,23701.9
1788843255,2026-09-08T10:24:15,23702.45,23702.45,23697.45,23697.5
1788843270,2026-09-08T10:24:30,23697.95,23698.65,23696.2,23698.4
1788843285,2026-09-08T10:24:45,23698.9,23699.35,23696.85,23698.25
1788843300,2026-09-08T10:25:00,23699.1,23699.1,23691.4,23691.8
1788843315,2026-09-08T10:25:15,23693.15,23693.15,23688.05,23688.05
1788843330,2026-09-08T10:25:30,23688.3,23688.65,23686.6,23687.25
1788843345,2026-09-08T10:25:45,23687.7,23690.65,23687.5,23690
1788843360,2026-09-08T10:26:00,23691.1,23691.35,23689.25,23690.55
1788843375,2026-09-08T10:26:15,23691.45,23692.95,23691.1,23692.6
1788843390,2026-09-08T10:26:30,23693.2,23693.65,23690.05,23690.05
1788843405,2026-09-08T10:26:45,23691.7,23691.7,23688.75,23690.45
1788843420,2026-09-08T10:27:00,23690.4,23695.15,23689.7,23694.9
1788843435,2026-09-08T10:27:15,23695.45,23697.6,23695,23696.3
1788843450,2026-09-08T10:27:30,23697.6,23700.6,23696.9,23698.9
1788843465,2026-09-08T10:27:45,23699.95,23699.95,23698.05,23698.2
1788843480,2026-09-08T10:28:00,23699.5,23700.5,23697.2,23697.45
1788843495,2026-09-08T10:28:15,23698.5,23698.5,23694.8,23695.05
1788843510,2026-09-08T10:28:30,23695.8,23698.05,23692.85,23696.65
1788843525,2026-09-08T10:28:45,23697.15,23697.15,23694.5,23695.5
1788843540,2026-09-08T10:29:00,23696.35,23696.95,23694.55,23695.1
1788843555,2026-09-08T10:29:15,23695.95,23696.75,23692.2,23694.4
1788843570,2026-09-08T10:29:30,23696.15,23696.15,23692.6,23693.7
1788843585,2026-09-08T10:29:45,23694.5,23695.8,23692.65,23693.9
1788843600,2026-09-08T10:30:00,23694.6,23696.1,23694,23695.8
1788843615,2026-09-08T10:30:15,23696.35,23697.25,23695.2,23695.2
1788843630,2026-09-08T10:30:30,23696.45,23697.4,23694.9,23696.1
1788843645,2026-09-08T10:30:45,23696.2,23696.25,23693.6,23695.7
1788843660,2026-09-08T10:31:00,23696.45,23701.15,23695.75,23700.75
1788843675,2026-09-08T10:31:15,23701.6,23701.6,23697.35,23697.45
1788843690,2026-09-08T10:31:30,23698.2,23698.2,23692.95,23692.95
1788843705,2026-09-08T10:31:45,23694.2,23694.2,23689.9,23689.9
1788843720,2026-09-08T10:32:00,23690.6,23692.75,23690.6,23691.7
1788843735,2026-09-08T10:32:15,23692.7,23693.2,23690.7,23691.35
1788843750,2026-09-08T10:32:30,23692,23692,23688.9,23689.5
1788843765,2026-09-08T10:32:45,23690.2,23690.3,23688.45,23688.45
1788843780,2026-09-08T10:33:00,23690.1,23690.7,23689.2,23690.15
1788843795,2026-09-08T10:33:15,23690.7,23690.7,23689.1,23689.6
1788843810,2026-09-08T10:33:30,23690,23692,23687.95,23690.7
1788843825,2026-09-08T10:33:45,23691.25,23691.25,23688.85,23689.95
1788843840,2026-09-08T10:34:00,23690.8,23693.9,23690.15,23691.1
1788843855,2026-09-08T10:34:15,23692.65,23692.65,23689.3,23689.35
1788843870,2026-09-08T10:34:30,23690.85,23692.45,23689,23691.85
1788843885,2026-09-08T10:34:45,23692.95,23695,23691.6,23692.35
1788843900,2026-09-08T10:35:00,23693,23693,23687.25,23687.25
1788843915,2026-09-08T10:35:15,23688.75,23688.75,23686.1,23687.4
1788843930,2026-09-08T10:35:30,23688.05,23688.05,23686.4,23687.9
1788843945,2026-09-08T10:35:45,23688.65,23688.7,23687.4,23687.45
1788843960,2026-09-08T10:36:00,23687.3,23687.3,23681.85,23683.5
1788843975,2026-09-08T10:36:15,23685.75,23685.75,23680.25,23680.6
1788843990,2026-09-08T10:36:30,23681.7,23681.8,23679.4,23680
1788844005,2026-09-08T10:36:45,23680.85,23680.85,23675.45,23675.45
1788844020,2026-09-08T10:37:00,23675.9,23675.9,23673.2,23673.95
1788844035,2026-09-08T10:37:15,23673.95,23676.95,23673.75,23676.7
1788844050,2026-09-08T10:37:30,23676.9,23677.65,23675.95,23676.2
1788844065,2026-09-08T10:37:45,23677.45,23677.5,23673.6,23674.05
1788844080,2026-09-08T10:38:00,23674.95,23675.5,23671.8,23671.85
1788844095,2026-09-08T10:38:15,23672.9,23673.3,23669.75,23672.05
1788844110,2026-09-08T10:38:30,23672.8,23672.8,23670.9,23671.5
1788844125,2026-09-08T10:38:45,23671.65,23672.15,23669.2,23670.5
1788844140,2026-09-08T10:39:00,23671.9,23673.55,23669.75,23670.6
1788844155,2026-09-08T10:39:15,23671.95,23674.45,23670.55,23671.2
1788844170,2026-09-08T10:39:30,23672.4,23674.15,23670.9,23671.9
1788844185,2026-09-08T10:39:45,23672.65,23672.7,23671.2,23671.85
1788844200,2026-09-08T10:40:00,23673,23673,23670.25,23670.75
1788844215,2026-09-08T10:40:15,23670.9,23671.35,23669.75,23670.35
1788844230,2026-09-08T10:40:30,23671.25,23671.8,23670.5,23671.65
1788844245,2026-09-08T10:40:45,23671.65,23671.65,23668.85,23670.05
1788844260,2026-09-08T10:41:00,23670.8,23671.55,23668.8,23669.15
1788844275,2026-09-08T10:41:15,23670.15,23670.15,23667.75,23668.3
1788844290,2026-09-08T10:41:30,23668.85,23670.55,23668.05,23670.55
1788844305,2026-09-08T10:41:45,23671.9,23673.8,23671.9,23672.4
1788844320,2026-09-08T10:42:00,23673,23674,23671.05,23672.5
1788844335,2026-09-08T10:42:15,23673.4,23673.5,23671.5,23672.8
1788844350,2026-09-08T10:42:30,23673.2,23673.2,23671.6,23672.4
1788844365,2026-09-08T10:42:45,23672.9,23672.9,23669.95,23672.2
1788844380,2026-09-08T10:43:00,23672.5,23673.2,23670.9,23671.25
1788844395,2026-09-08T10:43:15,23672.2,23672.25,23670.7,23670.95
1788844410,2026-09-08T10:43:30,23671.15,23671.15,23669.2,23669.85
1788844425,2026-09-08T10:43:45,23670.15,23670.15,23669.1,23670.15
1788844440,2026-09-08T10:44:00,23670.85,23673.2,23670.5,23672.1
1788844455,2026-09-08T10:44:15,23672.15,23673.25,23668.7,23669
1788844470,2026-09-08T10:44:30,23669.75,23669.75,23668.45,23669.25
1788844485,2026-09-08T10:44:45,23669.85,23669.9,23668.45,23669.3
1788844500,2026-09-08T10:45:00,23669.8,23671.75,23669.55,23671.4
1788844515,2026-09-08T10:45:15,23672,23674.6,23670.65,23673.7
1788844530,2026-09-08T10:45:30,23674.85,23677.15,23673.6,23674.55
1788844545,2026-09-08T10:45:45,23675.4,23675.9,23673.65,23673.65
1788844560,2026-09-08T10:46:00,23674.5,23682.65,23673.75,23682.05
1788844575,2026-09-08T10:46:15,23682.65,23683.55,23681.4,23681.6
1788844590,2026-09-08T10:46:30,23681.65,23682.5,23680.7,23682.2
1788844605,2026-09-08T10:46:45,23683.05,23683.85,23681.85,23683.25
1788844620,2026-09-08T10:47:00,23684.1,23685.1,23682,23682.45
1788844635,2026-09-08T10:47:15,23683.05,23686.15,23681.75,23684.7
1788844650,2026-09-08T10:47:30,23685,23685.3,23683.2,23684.7
1788844665,2026-09-08T10:47:45,23685.65,23686.15,23684.55,23685.45
1788844680,2026-09-08T10:48:00,23686.1,23687.7,23685.55,23687.25
1788844695,2026-09-08T10:48:15,23687.45,23688.1,23686.3,23686.85
1788844710,2026-09-08T10:48:30,23688.1,23688.8,23686.45,23687.05
1788844725,2026-09-08T10:48:45,23687.2,23688.2,23686.7,23686.75
1788844740,2026-09-08T10:49:00,23687.7,23688.55,23686.65,23688.3
1788844755,2026-09-08T10:49:15,23688.4,23689.45,23686.8,23689.1
1788844770,2026-09-08T10:49:30,23689.2,23690.85,23688.1,23690.2
1788844785,2026-09-08T10:49:45,23690.3,23692.15,23687.75,23689.25
1788844800,2026-09-08T10:50:00,23690.2,23692.55,23689.15,23691.15
1788844815,2026-09-08T10:50:15,23691.25,23697,23689.5,23695.7
1788844830,2026-09-08T10:50:30,23696.3,23697.7,23693.95,23697.7
1788844845,2026-09-08T10:50:45,23697.9,23698.6,23695.1,23696.2
1788844860,2026-09-08T10:51:00,23696.4,23696.6,23694.35,23695.15
1788844875,2026-09-08T10:51:15,23695.9,23695.9,23693.45,23693.95
1788844890,2026-09-08T10:51:30,23694.55,23695.85,23693.45,23694.95
1788844905,2026-09-08T10:51:45,23695.45,23695.45,23693,23694.2
1788844920,2026-09-08T10:52:00,23695.05,23695.35,23692.1,23693.25
1788844935,2026-09-08T10:52:15,23693.45,23694.1,23691.6,23693.35
1788844950,2026-09-08T10:52:30,23694.3,23694.7,23692.05,23692.05
1788844965,2026-09-08T10:52:45,23692.35,23692.6,23690.35,23691.5
1788844980,2026-09-08T10:53:00,23692.3,23692.3,23687.95,23688.1
1788844995,2026-09-08T10:53:15,23690.1,23690.1,23687.95,23688.1
1788845010,2026-09-08T10:53:30,23689.4,23689.4,23687.95,23688.75
1788845025,2026-09-08T10:53:45,23689.35,23689.35,23687.2,23687.35
1788845040,2026-09-08T10:54:00,23688.6,23689.25,23687.5,23688.3
1788845055,2026-09-08T10:54:15,23689.1,23691.45,23686.6,23688.4
1788845070,2026-09-08T10:54:30,23689.95,23689.95,23683.15,23684.1
1788845085,2026-09-08T10:54:45,23683.85,23683.85,23681.7,23682.35
1788845100,2026-09-08T10:55:00,23683,23683.3,23676.65,23679.7
1788845115,2026-09-08T10:55:15,23679.9,23680.05,23676.95,23677.55
1788845130,2026-09-08T10:55:30,23677.95,23678.45,23675.3,23676
1788845145,2026-09-08T10:55:45,23677.35,23679.35,23675.55,23678.15
1788845160,2026-09-08T10:56:00,23679.2,23680.45,23677.55,23679.1
1788845175,2026-09-08T10:56:15,23679.75,23679.85,23674.55,23674.55
1788845190,2026-09-08T10:56:30,23675.5,23678.6,23674.7,23676.05
1788845205,2026-09-08T10:56:45,23676.9,23677.25,23674.75,23676.1
1788845220,2026-09-08T10:57:00,23676.6,23676.6,23672.85,23674.65
1788845235,2026-09-08T10:57:15,23675.45,23675.8,23673.7,23674.65
1788845250,2026-09-08T10:57:30,23676,23676,23673.05,23673.1
1788845265,2026-09-08T10:57:45,23674.2,23675.5,23673.1,23674.8
1788845280,2026-09-08T10:58:00,23675.65,23676.4,23674.1,23675.1
1788845295,2026-09-08T10:58:15,23675.8,23675.9,23672,23672.65
1788845310,2026-09-08T10:58:30,23673.3,23674.2,23670.3,23671.3
1788845325,2026-09-08T10:58:45,23671.6,23672.3,23670.45,23670.65
1788845340,2026-09-08T10:59:00,23671.75,23673.4,23670.75,23672.85
1788845355,2026-09-08T10:59:15,23673.35,23673.35,23671.05,23671.45
1788845370,2026-09-08T10:59:30,23672.45,23672.55,23669.3,23670.4
1788845385,2026-09-08T10:59:45,23669.7,23672.15,23669.3,23670.35
1788845400,2026-09-08T11:00:00,23671.05,23671.65,23669.5,23670.55
1788845415,2026-09-08T11:00:15,23671.35,23671.6,23668.9,23671.6
1788845430,2026-09-08T11:00:30,23671.75,23671.75,23669.7,23670.5
1788845445,2026-09-08T11:00:45,23671.2,23671.2,23666.2,23667.6
1788845460,2026-09-08T11:01:00,23667.3,23667.3,23663.4,23663.55
1788845475,2026-09-08T11:01:15,23664.7,23666.7,23663.25,23665.25
1788845490,2026-09-08T11:01:30,23666.4,23668.95,23666.15,23667.6
1788845505,2026-09-08T11:01:45,23668.35,23668.8,23666.15,23666.4
1788845520,2026-09-08T11:02:00,23667.45,23668.2,23666.35,23667.45
1788845535,2026-09-08T11:02:15,23668.1,23668.6,23667.1,23667.3
1788845550,2026-09-08T11:02:30,23668.25,23668.3,23666.8,23667.05
1788845565,2026-09-08T11:02:45,23667.65,23668.45,23666.3,23666.7
1788845580,2026-09-08T11:03:00,23667.6,23667.85,23664.95,23665.3
1788845595,2026-09-08T11:03:15,23665.95,23666.05,23662.95,23666
1788845610,2026-09-08T11:03:30,23666.5,23667.95,23665.75,23666.75
1788845625,2026-09-08T11:03:45,23667.8,23671.25,23666.2,23669.55
1788845640,2026-09-08T11:04:00,23669.7,23671.4,23667.35,23667.35
1788845655,2026-09-08T11:04:15,23668.9,23669.15,23666.3,23668.4
1788845670,2026-09-08T11:04:30,23668.15,23668.9,23665.15,23665.8
1788845685,2026-09-08T11:04:45,23666.15,23666.45,23662.5,23662.6
1788845700,2026-09-08T11:05:00,23663.35,23666.85,23662.1,23664.05
1788845715,2026-09-08T11:05:15,23666,23666.8,23664.3,23664.8
1788845730,2026-09-08T11:05:30,23666.1,23666.7,23664.1,23666.45
1788845745,2026-09-08T11:05:45,23666.95,23668.4,23665.1,23667.15
1788845760,2026-09-08T11:06:00,23667.15,23670,23666.6,23667.85
1788845775,2026-09-08T11:06:15,23669.65,23671.3,23668.35,23669.65
1788845790,2026-09-08T11:06:30,23670.15,23670.3,23666.85,23668.05
1788845805,2026-09-08T11:06:45,23668.45,23670.2,23667.95,23669.95
1788845820,2026-09-08T11:07:00,23670.5,23671.85,23667.95,23669.85
1788845835,2026-09-08T11:07:15,23670.75,23674.6,23669.2,23673.6
1788845850,2026-09-08T11:07:30,23673.95,23675.45,23671.85,23672.4
1788845865,2026-09-08T11:07:45,23674.05,23674.3,23670.5,23673
1788845880,2026-09-08T11:08:00,23673.1,23675.95,23673,23674.45
1788845895,2026-09-08T11:08:15,23675.35,23677.5,23672.55,23677.5
1788845910,2026-09-08T11:08:30,23677.7,23678,23674.65,23675.3
1788845925,2026-09-08T11:08:45,23676.35,23678.25,23675.3,23677.9
1788845940,2026-09-08T11:09:00,23678.25,23680.4,23677.3,23677.9
1788845955,2026-09-08T11:09:15,23678.3,23678.7,23674.75,23674.75
1788845970,2026-09-08T11:09:30,23674.95,23675.25,23672.95,23674.65
1788845985,2026-09-08T11:09:45,23675.1,23676.65,23673.9,23676.3
1788846000,2026-09-08T11:10:00,23676.9,23681.1,23675.3,23676.75
1788846015,2026-09-08T11:10:15,23678.4,23678.7,23674.55,23674.6
1788846030,2026-09-08T11:10:30,23675.5,23675.85,23673.4,23673.75
1788846045,2026-09-08T11:10:45,23674.15,23674.7,23672,23672.25
1788846060,2026-09-08T11:11:00,23673.1,23673.55,23670,23673.2
1788846075,2026-09-08T11:11:15,23673.85,23676.25,23672.7,23672.95
1788846090,2026-09-08T11:11:30,23673.9,23675.25,23672.7,23674.3
1788846105,2026-09-08T11:11:45,23675.15,23677.45,23673.85,23676
1788846120,2026-09-08T11:12:00,23676.1,23677.55,23674.9,23675.5
1788846135,2026-09-08T11:12:15,23677,23677.35,23675.4,23675.4
1788846150,2026-09-08T11:12:30,23676.05,23676.15,23673.6,23674.9
1788846165,2026-09-08T11:12:45,23675.4,23676.15,23672.4,23673.15
1788846180,2026-09-08T11:13:00,23674.75,23674.95,23671.05,23672.95
1788846195,2026-09-08T11:13:15,23674.1,23675.25,23672.4,23673.95
1788846210,2026-09-08T11:13:30,23673.65,23677.55,23673.45,23676.8
1788846225,2026-09-08T11:13:45,23677.4,23678.05,23676,23677.85
1788846240,2026-09-08T11:14:00,23678.3,23678.3,23673.35,23675.35
1788846255,2026-09-08T11:14:15,23676.3,23677.55,23674.25,23675.15
1788846270,2026-09-08T11:14:30,23676.2,23677.9,23675.5,23676.9
1788846285,2026-09-08T11:14:45,23678.1,23678.5,23676.5,23677.65
1788846300,2026-09-08T11:15:00,23678.25,23678.25,23673.55,23675.2
1788846315,2026-09-08T11:15:15,23675.75,23677.15,23673.9,23674
1788846330,2026-09-08T11:15:30,23675.1,23677.05,23674.75,23676.2
1788846345,2026-09-08T11:15:45,23676.75,23677.05,23674.25,23674.65
1788846360,2026-09-08T11:16:00,23675.5,23675.5,23672.1,23672.1
1788846375,2026-09-08T11:16:15,23673.45,23674.35,23671.3,23674.35
1788846390,2026-09-08T11:16:30,23675,23679.9,23675,23679.55
1788846405,2026-09-08T11:16:45,23679.9,23679.9,23677.4,23678.75
1788846420,2026-09-08T11:17:00,23678.7,23681.65,23676.95,23681
1788846435,2026-09-08T11:17:15,23681.1,23681.9,23678.7,23679.5
1788846450,2026-09-08T11:17:30,23678.7,23681.3,23677.35,23677.85
1788846465,2026-09-08T11:17:45,23678.85,23679.35,23677.3,23678.2
1788846480,2026-09-08T11:18:00,23679.3,23681,23678.1,23679.95
1788846495,2026-09-08T11:18:15,23680.4,23683.9,23680.25,23681.25
1788846510,2026-09-08T11:18:30,23682.55,23683.05,23681.4,23681.4
1788846525,2026-09-08T11:18:45,23682.3,23683.6,23681.6,23681.85
1788846540,2026-09-08T11:19:00,23682.35,23682.9,23681.2,23681.35
1788846555,2026-09-08T11:19:15,23682.5,23683.9,23681.65,23683.3
1788846570,2026-09-08T11:19:30,23684.15,23685.3,23683.4,23683.85
1788846585,2026-09-08T11:19:45,23685,23685,23683.15,23684.35
1788846600,2026-09-08T11:20:00,23685,23685,23682.25,23683.25
1788846615,2026-09-08T11:20:15,23683.1,23683.4,23681.6,23681.95
1788846630,2026-09-08T11:20:30,23682.7,23684.45,23681.3,23684.15
1788846645,2026-09-08T11:20:45,23684.35,23684.35,23680.65,23681.3
1788846660,2026-09-08T11:21:00,23682.15,23683.95,23681.3,23683.15
1788846675,2026-09-08T11:21:15,23684.2,23684.2,23680.4,23681.45
1788846690,2026-09-08T11:21:30,23681.8,23682.4,23679.15,23679.15
1788846705,2026-09-08T11:21:45,23679.65,23680.05,23678.05,23679.8
1788846720,2026-09-08T11:22:00,23680.35,23680.35,23676.6,23677
1788846735,2026-09-08T11:22:15,23678.35,23678.4,23674.7,23675.55
1788846750,2026-09-08T11:22:30,23676.3,23677.3,23674.65,23675
1788846765,2026-09-08T11:22:45,23675.4,23676.3,23672.15,23674
1788846780,2026-09-08T11:23:00,23673.95,23674.5,23673.1,23673.15
1788846795,2026-09-08T11:23:15,23673.95,23677.2,23673.7,23676.65
1788846810,2026-09-08T11:23:30,23677.35,23677.75,23676,23677.1
1788846825,2026-09-08T11:23:45,23677.8,23677.8,23675,23676
1788846840,2026-09-08T11:24:00,23677.1,23677.5,23672.8,23673.9
1788846855,2026-09-08T11:24:15,23674.95,23674.95,23670.65,23670.65
1788846870,2026-09-08T11:24:30,23672.4,23674.1,23671.45,23672.15
1788846885,2026-09-08T11:24:45,23673.55,23674.05,23671.7,23672.55
1788846900,2026-09-08T11:25:00,23673.15,23675.15,23671.45,23673.5
1788846915,2026-09-08T11:25:15,23674.9,23676.35,23673.55,23676.3
1788846930,2026-09-08T11:25:30,23676.95,23680.55,23676.5,23679.55
1788846945,2026-09-08T11:25:45,23680.05,23680.25,23678.05,23679.7
1788846960,2026-09-08T11:26:00,23681,23687.6,23679.5,23686.4
1788846975,2026-09-08T11:26:15,23686.65,23686.65,23681.1,23681.25
1788846990,2026-09-08T11:26:30,23681.9,23682.1,23679.7,23680.1
1788847005,2026-09-08T11:26:45,23681.55,23681.55,23679.45,23679.9
1788847020,2026-09-08T11:27:00,23681.45,23681.5,23679.8,23679.8
1788847035,2026-09-08T11:27:15,23681.75,23682.9,23680.3,23681
1788847050,2026-09-08T11:27:30,23681.35,23681.8,23680.2,23680.55
1788847065,2026-09-08T11:27:45,23681.45,23682.1,23678.8,23679.5
1788847080,2026-09-08T11:28:00,23680.25,23681.95,23679.65,23681.95
1788847095,2026-09-08T11:28:15,23682.3,23682.35,23680.3,23680.7
1788847110,2026-09-08T11:28:30,23681.25,23681.85,23675.05,23677.1
1788847125,2026-09-08T11:28:45,23677.9,23677.9,23673.6,23673.6
1788847140,2026-09-08T11:29:00,23675,23675.45,23670.95,23673.6
1788847155,2026-09-08T11:29:15,23673.05,23675.9,23671.95,23674.65
1788847170,2026-09-08T11:29:30,23675.15,23676.05,23672.25,23672.6
1788847185,2026-09-08T11:29:45,23674,23674.6,23671.7,23672.9
1788847200,2026-09-08T11:30:00,23673.85,23680.65,23673.4,23680.65
1788847215,2026-09-08T11:30:15,23680.7,23680.7,23670.8,23672.85
1788847230,2026-09-08T11:30:30,23672.95,23675.45,23671.35,23674.5
1788847245,2026-09-08T11:30:45,23675.05,23675.25,23670.5,23670.5
1788847260,2026-09-08T11:31:00,23671.9,23671.9,23667.55,23668.8
1788847275,2026-09-08T11:31:15,23669.05,23669.85,23666.9,23666.9
1788847290,2026-09-08T11:31:30,23667.9,23672.65,23666.25,23669.9
1788847305,2026-09-08T11:31:45,23671.25,23671.3,23669.45,23670.9
1788847320,2026-09-08T11:32:00,23671.35,23672.95,23670.75,23672.25
1788847335,2026-09-08T11:32:15,23672.45,23672.75,23670.2,23671.3
1788847350,2026-09-08T11:32:30,23670.95,23672,23669.75,23671.45
1788847365,2026-09-08T11:32:45,23671.95,23672.9,23670.05,23670.05
1788847380,2026-09-08T11:33:00,23670.85,23670.85,23664.9,23666.35
1788847395,2026-09-08T11:33:15,23666.65,23666.9,23663.7,23665.95
1788847410,2026-09-08T11:33:30,23665.75,23667.9,23664.25,23665.95
1788847425,2026-09-08T11:33:45,23667.25,23669.05,23665.6,23668.2
1788847440,2026-09-08T11:34:00,23668.3,23668.55,23664.95,23665.3
1788847455,2026-09-08T11:34:15,23665.95,23667.55,23665.05,23665.95
1788847470,2026-09-08T11:34:30,23666.55,23668.15,23664.2,23666.95
1788847485,2026-09-08T11:34:45,23667.65,23668.65,23665.75,23667.55
1788847500,2026-09-08T11:35:00,23669.25,23674.35,23668.3,23672
1788847515,2026-09-08T11:35:15,23671.75,23672,23668.25,23669.85
1788847530,2026-09-08T11:35:30,23670.25,23670.35,23668.15,23668.15
1788847545,2026-09-08T11:35:45,23668.65,23670.45,23666.75,23667.6
1788847560,2026-09-08T11:36:00,23668.4,23672.35,23667.25,23671.35
1788847575,2026-09-08T11:36:15,23671.65,23672.5,23668.85,23668.85
1788847590,2026-09-08T11:36:30,23669.05,23670.8,23668.25,23669.5
1788847605,2026-09-08T11:36:45,23669.95,23671.25,23669.4,23670.25
1788847620,2026-09-08T11:37:00,23671.1,23672,23669.1,23671.1
1788847635,2026-09-08T11:37:15,23672.5,23672.5,23670.7,23671.5
1788847650,2026-09-08T11:37:30,23672.05,23674.05,23671.4,23672.45
1788847665,2026-09-08T11:37:45,23672.45,23672.45,23669.55,23670.75
1788847680,2026-09-08T11:38:00,23671.35,23672.5,23670.1,23670.65
1788847695,2026-09-08T11:38:15,23671.65,23672.65,23671.05,23671.25
1788847710,2026-09-08T11:38:30,23672.25,23674.5,23671,23672.85
1788847725,2026-09-08T11:38:45,23673.2,23674,23671.8,23672.8
1788847740,2026-09-08T11:39:00,23673.85,23673.85,23670.25,23670.25
1788847755,2026-09-08T11:39:15,23671.25,23672.65,23670.25,23671.45
1788847770,2026-09-08T11:39:30,23672.35,23673,23670.6,23672.4
1788847785,2026-09-08T11:39:45,23672.7,23673.6,23671,23672.25
1788847800,2026-09-08T11:40:00,23674,23675,23671.15,23675
1788847815,2026-09-08T11:40:15,23675,23675.8,23673.1,23674.1
1788847830,2026-09-08T11:40:30,23675.1,23676.25,23673.65,23675.15
1788847845,2026-09-08T11:40:45,23676.05,23676.45,23673.3,23675.25
1788847860,2026-09-08T11:41:00,23675.9,23676.8,23675.15,23675.6
1788847875,2026-09-08T11:41:15,23676.1,23676.4,23674.85,23676.1
1788847890,2026-09-08T11:41:30,23676.45,23676.45,23673.8,23674.5
1788847905,2026-09-08T11:41:45,23676,23676.1,23673.8,23674.15
1788847920,2026-09-08T11:42:00,23675.35,23676.1,23672.7,23673.15
1788847935,2026-09-08T11:42:15,23673.8,23675.7,23672.5,23672.9
1788847950,2026-09-08T11:42:30,23673.9,23673.9,23670.85,23672.2
1788847965,2026-09-08T11:42:45,23672.6,23672.85,23671.1,23672
1788847980,2026-09-08T11:43:00,23672.65,23674,23671.75,23673.45
1788847995,2026-09-08T11:43:15,23673.5,23674.3,23670.35,23671.35
1788848010,2026-09-08T11:43:30,23672,23672,23669.25,23670.25
1788848025,2026-09-08T11:43:45,23670.85,23670.85,23668.65,23669.15
1788848040,2026-09-08T11:44:00,23668.6,23672.9,23667.9,23672.3
1788848055,2026-09-08T11:44:15,23672.75,23672.9,23670.9,23671.45
1788848070,2026-09-08T11:44:30,23672.05,23676.4,23672.05,23675.85
1788848085,2026-09-08T11:44:45,23676.3,23676.3,23672.25,23673.35
1788848100,2026-09-08T11:45:00,23673.3,23674.15,23670.55,23673.05
1788848115,2026-09-08T11:45:15,23673.85,23674.35,23672.1,23674.25
1788848130,2026-09-08T11:45:30,23675.3,23676.4,23673.55,23675.3
1788848145,2026-09-08T11:45:45,23675.75,23676.35,23674.15,23674.55
1788848160,2026-09-08T11:46:00,23675.8,23676.1,23674.35,23675.4
1788848175,2026-09-08T11:46:15,23675.8,23675.8,23672.1,23672.45
1788848190,2026-09-08T11:46:30,23673.1,23674.75,23668.95,23674.45
1788848205,2026-09-08T11:46:45,23674.4,23674.7,23671.4,23673
1788848220,2026-09-08T11:47:00,23674.2,23674.2,23669.7,23671.65
1788848235,2026-09-08T11:47:15,23672.3,23674.7,23668.25,23674.15
1788848250,2026-09-08T11:47:30,23674.4,23674.4,23668.8,23672.6
1788848265,2026-09-08T11:47:45,23671.55,23673.5,23668.45,23670.85
1788848280,2026-09-08T11:48:00,23671.8,23677.2,23669.85,23675.3
1788848295,2026-09-08T11:48:15,23675.55,23676.65,23673.65,23675.05
1788848310,2026-09-08T11:48:30,23676,23676,23672.4,23674.55
1788848325,2026-09-08T11:48:45,23674.9,23674.9,23670.8,23671.05
1788848340,2026-09-08T11:49:00,23671.85,23671.85,23665.15,23666.8
1788848355,2026-09-08T11:49:15,23668.25,23668.65,23661.45,23666.1
1788848370,2026-09-08T11:49:30,23666.95,23668.05,23661.95,23665.35
1788848385,2026-09-08T11:49:45,23666.55,23667.4,23662.15,23662.85
1788848400,2026-09-08T11:50:00,23663.6,23663.8,23653.2,23655.2
1788848415,2026-09-08T11:50:15,23656.1,23657.95,23655.2,23655.95
1788848430,2026-09-08T11:50:30,23657.4,23658.55,23655.95,23657.95
1788848445,2026-09-08T11:50:45,23658.8,23659.5,23657.7,23659.4
1788848460,2026-09-08T11:51:00,23660.4,23661.5,23657.95,23660.75
1788848475,2026-09-08T11:51:15,23661.8,23662.1,23659.7,23661.35
1788848490,2026-09-08T11:51:30,23661.5,23662.25,23660.8,23661.2
1788848505,2026-09-08T11:51:45,23661.85,23665.3,23661.65,23664.7
1788848520,2026-09-08T11:52:00,23665.55,23666.25,23663.15,23663.75
1788848535,2026-09-08T11:52:15,23664.9,23664.9,23660.75,23661.15
1788848550,2026-09-08T11:52:30,23662.1,23665.55,23660.5,23665.55
1788848565,2026-09-08T11:52:45,23665.65,23669.15,23664.05,23667.95
1788848580,2026-09-08T11:53:00,23668.7,23669.05,23663.65,23665.8
1788848595,2026-09-08T11:53:15,23666.85,23667.65,23663.95,23664.1
1788848610,2026-09-08T11:53:30,23665.75,23666.1,23664.05,23665.75
1788848625,2026-09-08T11:53:45,23666.55,23670.1,23663.25,23665.45
1788848640,2026-09-08T11:54:00,23668.2,23668.2,23661.35,23667.7
1788848655,2026-09-08T11:54:15,23668.15,23669.15,23666.4,23669.15
1788848670,2026-09-08T11:54:30,23669.25,23671.45,23662.6,23665.3
1788848685,2026-09-08T11:54:45,23666.8,23669,23661.8,23668.75
1788848700,2026-09-08T11:55:00,23669.1,23670.5,23665.45,23666.45
1788848715,2026-09-08T11:55:15,23668.75,23670.55,23664.55,23666.35
1788848730,2026-09-08T11:55:30,23666.95,23668.55,23662.75,23665.45
1788848745,2026-09-08T11:55:45,23666.55,23666.9,23663.7,23665.15
1788848760,2026-09-08T11:56:00,23666.35,23666.35,23660.7,23665.05
1788848775,2026-09-08T11:56:15,23664.6,23666.1,23662.95,23663.2
1788848790,2026-09-08T11:56:30,23664.4,23664.55,23662.7,23663.9
1788848805,2026-09-08T11:56:45,23664.25,23664.25,23659.3,23659.45
1788848820,2026-09-08T11:57:00,23659.95,23664.3,23659.7,23663.2
1788848835,2026-09-08T11:57:15,23663.25,23663.55,23661.55,23661.85
1788848850,2026-09-08T11:57:30,23662.4,23662.4,23660.55,23661.35
1788848865,2026-09-08T11:57:45,23661.85,23661.85,23658.2,23661.2
1788848880,2026-09-08T11:58:00,23661.25,23662.5,23653.55,23661.25
1788848895,2026-09-08T11:58:15,23662.4,23662.5,23661.45,23661.9
1788848910,2026-09-08T11:58:30,23662.75,23663.15,23657.75,23660.2
1788848925,2026-09-08T11:58:45,23661.05,23662.6,23659.15,23659.8
1788848940,2026-09-08T11:59:00,23660.45,23661.05,23659.6,23659.85
1788848955,2026-09-08T11:59:15,23660.8,23662.05,23656.6,23658.85
1788848970,2026-09-08T11:59:30,23659.6,23659.6,23654.85,23657.8
1788848985,2026-09-08T11:59:45,23658.5,23658.6,23656.85,23657.25
1788849000,2026-09-08T12:00:00,23658,23658.15,23655.9,23656.65
1788849015,2026-09-08T12:00:15,23658.3,23658.5,23655.4,23656.3
1788849030,2026-09-08T12:00:30,23657.25,23657.25,23652.85,23653.85
1788849045,2026-09-08T12:00:45,23654.55,23655.5,23653.6,23654.45
1788849060,2026-09-08T12:01:00,23655.35,23655.55,23653.55,23653.95
1788849075,2026-09-08T12:01:15,23654.95,23655.45,23649.9,23650.35
1788849090,2026-09-08T12:01:30,23651.55,23651.85,23650.75,23651.2
1788849105,2026-09-08T12:01:45,23652.05,23654.05,23650.4,23651.2
1788849120,2026-09-08T12:02:00,23652.45,23654.15,23651.4,23652.75
1788849135,2026-09-08T12:02:15,23654,23658.55,23653.9,23655.55
1788849150,2026-09-08T12:02:30,23655.75,23655.75,23654.65,23655.35
1788849165,2026-09-08T12:02:45,23656.4,23657,23655.05,23655.35
1788849180,2026-09-08T12:03:00,23656.85,23656.85,23653.5,23653.6
1788849195,2026-09-08T12:03:15,23654.35,23655.55,23652.75,23654.5
1788849210,2026-09-08T12:03:30,23655.4,23656.6,23654.1,23655.5
1788849225,2026-09-08T12:03:45,23656.1,23656.1,23651.65,23651.65
1788849240,2026-09-08T12:04:00,23654.1,23654.1,23650.9,23651.3
1788849255,2026-09-08T12:04:15,23651.9,23653.45,23650,23652.35
1788849270,2026-09-08T12:04:30,23652.75,23652.75,23650,23650.65
1788849285,2026-09-08T12:04:45,23651.5,23651.5,23648.8,23649.1
1788849300,2026-09-08T12:05:00,23649.65,23649.65,23641.2,23641.85
1788849315,2026-09-08T12:05:15,23642.5,23647.05,23641,23645.65
1788849330,2026-09-08T12:05:30,23646.7,23648.8,23644.85,23646.25
1788849345,2026-09-08T12:05:45,23647.45,23647.7,23645.2,23646.1
1788849360,2026-09-08T12:06:00,23647.35,23647.75,23644.2,23644.45
1788849375,2026-09-08T12:06:15,23645.3,23646.2,23643.4,23643.7
1788849390,2026-09-08T12:06:30,23644.1,23644.8,23643.05,23643.8
1788849405,2026-09-08T12:06:45,23644.9,23645.1,23643.4,23643.5
1788849420,2026-09-08T12:07:00,23644.3,23647.9,23643.55,23645.55
1788849435,2026-09-08T12:07:15,23645.7,23646.35,23644.7,23645.65
1788849450,2026-09-08T12:07:30,23646.25,23646.95,23645.45,23646.05
1788849465,2026-09-08T12:07:45,23647.1,23647.15,23645.5,23646.7
1788849480,2026-09-08T12:08:00,23646.95,23647.65,23645.85,23647.3
1788849495,2026-09-08T12:08:15,23647.7,23647.7,23644.55,23645.15
1788849510,2026-09-08T12:08:30,23646.05,23646.2,23641.75,23642.3
1788849525,2026-09-08T12:08:45,23643.55,23643.55,23638.2,23641.6
1788849540,2026-09-08T12:09:00,23642.1,23642.6,23639.25,23642.35
1788849555,2026-09-08T12:09:15,23642.15,23644,23641.3,23642.35
1788849570,2026-09-08T12:09:30,23643.1,23647.6,23640.7,23646.75
1788849585,2026-09-08T12:09:45,23647.1,23647.15,23643.9,23644.35
1788849600,2026-09-08T12:10:00,23645.25,23645.35,23643.45,23644.55
1788849615,2026-09-08T12:10:15,23644.95,23646.8,23643.85,23646.4
1788849630,2026-09-08T12:10:30,23647.95,23650.15,23647.75,23649.45
1788849645,2026-09-08T12:10:45,23650.25,23650.25,23648.3,23649.6
1788849660,2026-09-08T12:11:00,23650.65,23651.4,23649.05,23650.05
1788849675,2026-09-08T12:11:15,23650.4,23650.4,23648.95,23649
1788849690,2026-09-08T12:11:30,23650.4,23650.4,23648.15,23648.55
1788849705,2026-09-08T12:11:45,23649.3,23651.85,23647.7,23647.7
1788849720,2026-09-08T12:12:00,23649.15,23649.55,23647,23647.7
1788849735,2026-09-08T12:12:15,23648.45,23648.85,23646.15,23647.3
1788849750,2026-09-08T12:12:30,23648.7,23651.25,23647.25,23650.55
1788849765,2026-09-08T12:12:45,23650.95,23652,23649.7,23651.6
1788849780,2026-09-08T12:13:00,23652.35,23653.95,23651.4,23653.65
1788849795,2026-09-08T12:13:15,23654.05,23654.05,23649.85,23650.65
1788849810,2026-09-08T12:13:30,23651.1,23651.1,23648.95,23649.15
1788849825,2026-09-08T12:13:45,23649.85,23651.6,23648.55,23649.85
1788849840,2026-09-08T12:14:00,23650.65,23651.95,23649.3,23651.85
1788849855,2026-09-08T12:14:15,23651.25,23651.95,23648.25,23649.8
1788849870,2026-09-08T12:14:30,23650.2,23650.2,23648.3,23648.3
1788849885,2026-09-08T12:14:45,23649.45,23650.4,23648.75,23649.7
1788849900,2026-09-08T12:15:00,23650.6,23650.6,23648.2,23649
1788849915,2026-09-08T12:15:15,23649.6,23649.6,23644.35,23644.35
1788849930,2026-09-08T12:15:30,23645.65,23648.2,23644.2,23648.2
1788849945,2026-09-08T12:15:45,23648.3,23648.3,23646.85,23647.2
1788849960,2026-09-08T12:16:00,23647.85,23648.75,23646.3,23648
1788849975,2026-09-08T12:16:15,23648.2,23650.9,23647.3,23648.05
1788849990,2026-09-08T12:16:30,23649.5,23651.35,23647.6,23650.7
1788850005,2026-09-08T12:16:45,23651.35,23651.35,23649.8,23650.75
1788850020,2026-09-08T12:17:00,23650.95,23652.55,23649.85,23650.5
1788850035,2026-09-08T12:17:15,23651.25,23651.25,23648.75,23649.3
1788850050,2026-09-08T12:17:30,23649.4,23650.85,23648.4,23650.3
1788850065,2026-09-08T12:17:45,23650.5,23651.1,23649.15,23649.65
1788850080,2026-09-08T12:18:00,23650.85,23651.05,23649.2,23649.6
1788850095,2026-09-08T12:18:15,23650.1,23651.2,23648.55,23650.35
1788850110,2026-09-08T12:18:30,23650.85,23651.6,23649.05,23650.4
1788850125,2026-09-08T12:18:45,23651.3,23651.4,23649.6,23651.3
1788850140,2026-09-08T12:19:00,23651.4,23652.15,23649.8,23650.15
1788850155,2026-09-08T12:19:15,23651.05,23651.05,23649,23650.1
1788850170,2026-09-08T12:19:30,23650.5,23654.65,23648.05,23654.65
1788850185,2026-09-08T12:19:45,23653.85,23654.55,23650.3,23651.7
1788850200,2026-09-08T12:20:00,23652.3,23652.85,23651.1,23652.55
1788850215,2026-09-08T12:20:15,23652.9,23653.1,23649.4,23649.4
1788850230,2026-09-08T12:20:30,23650.85,23652.8,23647.4,23652.5
1788850245,2026-09-08T12:20:45,23652.5,23654.95,23652.05,23654.45
1788850260,2026-09-08T12:21:00,23655.2,23655.2,23652.7,23653.65
1788850275,2026-09-08T12:21:15,23653.85,23653.85,23651.1,23651.15
1788850290,2026-09-08T12:21:30,23652.25,23652.4,23649.65,23649.9
1788850305,2026-09-08T12:21:45,23650.5,23651.05,23648.65,23649.65
1788850320,2026-09-08T12:22:00,23650.7,23651.65,23649.25,23650.8
1788850335,2026-09-08T12:22:15,23651,23652.6,23650.6,23652.1
1788850350,2026-09-08T12:22:30,23652.5,23653.1,23650.7,23651.45
1788850365,2026-09-08T12:22:45,23651.7,23652.6,23650.8,23651.45
1788850380,2026-09-08T12:23:00,23652.75,23653.75,23650.9,23651.65
1788850395,2026-09-08T12:23:15,23652.55,23653.85,23651.55,23653.4
1788850410,2026-09-08T12:23:30,23654,23655.8,23652.45,23654.6
1788850425,2026-09-08T12:23:45,23655.2,23659.95,23654.05,23656.2
1788850440,2026-09-08T12:24:00,23657.05,23659.05,23655.9,23658.15
1788850455,2026-09-08T12:24:15,23658.65,23661.45,23656.9,23659.8
1788850470,2026-09-08T12:24:30,23659.15,23659.35,23656.7,23657.3
1788850485,2026-09-08T12:24:45,23659.15,23659.65,23657.25,23658.85
1788850500,2026-09-08T12:25:00,23659.45,23661.95,23658,23660.45
1788850515,2026-09-08T12:25:15,23661,23661.55,23660.2,23660.75
1788850530,2026-09-08T12:25:30,23661.65,23661.65,23658.95,23659.8
1788850545,2026-09-08T12:25:45,23660.55,23661,23659.4,23659.85
1788850560,2026-09-08T12:26:00,23660.75,23660.75,23659.15,23659.35
1788850575,2026-09-08T12:26:15,23659.85,23660.2,23658.1,23658.4
1788850590,2026-09-08T12:26:30,23659.45,23659.45,23656.4,23657.75
1788850605,2026-09-08T12:26:45,23658.2,23658.2,23655.85,23656.45
1788850620,2026-09-08T12:27:00,23657.1,23658.95,23655.45,23657.7
1788850635,2026-09-08T12:27:15,23658.2,23658.2,23656.8,23656.95
1788850650,2026-09-08T12:27:30,23657.65,23658.3,23655.8,23656.4
1788850665,2026-09-08T12:27:45,23656.65,23657.55,23655,23655.75
1788850680,2026-09-08T12:28:00,23656.15,23656.75,23654.3,23654.95
1788850695,2026-09-08T12:28:15,23655.35,23657.95,23654.65,23656
1788850710,2026-09-08T12:28:30,23656.5,23656.75,23654.65,23655.6
1788850725,2026-09-08T12:28:45,23656.1,23656.1,23654.5,23655
1788850740,2026-09-08T12:29:00,23656.45,23657.45,23654.35,23657.2
1788850755,2026-09-08T12:29:15,23657.55,23659.55,23654.65,23659.55
1788850770,2026-09-08T12:29:30,23659.9,23661.7,23658.35,23661.7
1788850785,2026-09-08T12:29:45,23661.7,23663,23660.65,23662.6
1788850800,2026-09-08T12:30:00,23662.95,23665.25,23662.2,23664
1788850815,2026-09-08T12:30:15,23664.25,23664.5,23662.6,23662.6
1788850830,2026-09-08T12:30:30,23663.1,23664.1,23662.1,23663.75
1788850845,2026-09-08T12:30:45,23663.8,23664.3,23662.2,23663.6
1788850860,2026-09-08T12:31:00,23664.55,23668.1,23663.15,23668.1
1788850875,2026-09-08T12:31:15,23668.4,23669.2,23665.5,23665.85
1788850890,2026-09-08T12:31:30,23666.65,23666.9,23662.1,23663.05
1788850905,2026-09-08T12:31:45,23664,23664,23660.3,23660.4
1788850920,2026-09-08T12:32:00,23661.45,23663.3,23657.3,23663.15
1788850935,2026-09-08T12:32:15,23662.95,23666.85,23659.55,23665.05
1788850950,2026-09-08T12:32:30,23666.1,23666.5,23661.35,23664.75
1788850965,2026-09-08T12:32:45,23664.95,23665.2,23658.95,23659.2
1788850980,2026-09-08T12:33:00,23660.4,23661.5,23658.15,23658.7
1788850995,2026-09-08T12:33:15,23659.45,23660.85,23659.2,23659.4
1788851010,2026-09-08T12:33:30,23660.1,23660.35,23658.75,23659.15
1788851025,2026-09-08T12:33:45,23661.45,23663.9,23661.05,23663.55
1788851040,2026-09-08T12:34:00,23664,23665.3,23662.95,23663.9
1788851055,2026-09-08T12:34:15,23664.45,23664.45,23662.8,23662.8
1788851070,2026-09-08T12:34:30,23663.7,23665,23662.45,23664.1
1788851085,2026-09-08T12:34:45,23664.55,23664.6,23662.1,23663.8
1788851100,2026-09-08T12:35:00,23665,23668.6,23663.8,23668.05
1788851115,2026-09-08T12:35:15,23668.35,23670.75,23666.75,23669.05
1788851130,2026-09-08T12:35:30,23669.25,23669.85,23667.6,23669.3
1788851145,2026-09-08T12:35:45,23669.95,23670.8,23666.5,23666.6
1788851160,2026-09-08T12:36:00,23667.15,23671.35,23665.7,23671.35
1788851175,2026-09-08T12:36:15,23671.7,23672.6,23670.65,23670.8
1788851190,2026-09-08T12:36:30,23671.6,23671.65,23670.1,23671.05
1788851205,2026-09-08T12:36:45,23671.45,23672.1,23670.6,23671.05
1788851220,2026-09-08T12:37:00,23670.9,23672.5,23670.2,23671.8
1788851235,2026-09-08T12:37:15,23672.4,23672.55,23670.25,23671.45
1788851250,2026-09-08T12:37:30,23671.6,23673.5,23670.8,23672.9
1788851265,2026-09-08T12:37:45,23673.55,23673.65,23671.25,23672.55
1788851280,2026-09-08T12:38:00,23673.55,23675.1,23672.4,23672.75
1788851295,2026-09-08T12:38:15,23672.8,23672.8,23670.3,23670.95
1788851310,2026-09-08T12:38:30,23671.1,23672.05,23670.05,23670.2
1788851325,2026-09-08T12:38:45,23671.25,23673.15,23670.1,23673.15
1788851340,2026-09-08T12:39:00,23673.15,23673.25,23668.75,23668.8
1788851355,2026-09-08T12:39:15,23669.65,23670.15,23667.2,23667.65
1788851370,2026-09-08T12:39:30,23669.1,23670.3,23667.5,23670
1788851385,2026-09-08T12:39:45,23670.4,23670.4,23667.4,23667.95
1788851400,2026-09-08T12:40:00,23668.9,23670.05,23667.35,23668
1788851415,2026-09-08T12:40:15,23668.95,23668.95,23664.3,23664.3
1788851430,2026-09-08T12:40:30,23664.85,23667.1,23664.05,23664.45
1788851445,2026-09-08T12:40:45,23665.3,23667.55,23663.55,23664.25
1788851460,2026-09-08T12:41:00,23665.9,23669.65,23664.85,23668.2
1788851475,2026-09-08T12:41:15,23667.4,23669.3,23666.65,23666.85
1788851490,2026-09-08T12:41:30,23668.1,23671.3,23667.2,23669.8
1788851505,2026-09-08T12:41:45,23669.35,23671.65,23667.85,23669.15
1788851520,2026-09-08T12:42:00,23669.45,23669.45,23666.6,23666.9
1788851535,2026-09-08T12:42:15,23667.4,23667.75,23665.2,23667.2
1788851550,2026-09-08T12:42:30,23666.9,23668.8,23666.15,23667.25
1788851565,2026-09-08T12:42:45,23667.7,23668.15,23665.9,23666.65
1788851580,2026-09-08T12:43:00,23667.75,23667.75,23665.45,23666.75
1788851595,2026-09-08T12:43:15,23667.1,23667.25,23663.8,23664.05
1788851610,2026-09-08T12:43:30,23664.95,23665.1,23661.9,23663.1
1788851625,2026-09-08T12:43:45,23663.5,23664.15,23660.6,23661.5
1788851640,2026-09-08T12:44:00,23662.1,23663.4,23661.2,23661.85
1788851655,2026-09-08T12:44:15,23662.7,23662.95,23661.25,23661.35
1788851670,2026-09-08T12:44:30,23661.95,23663.9,23661.05,23662.75
1788851685,2026-09-08T12:44:45,23662.95,23663.45,23659.95,23660.65
1788851700,2026-09-08T12:45:00,23660.8,23660.8,23656.2,23656.2
1788851715,2026-09-08T12:45:15,23656.5,23657.75,23654.8,23655.55
1788851730,2026-09-08T12:45:30,23655.5,23657.5,23654.1,23656.2
1788851745,2026-09-08T12:45:45,23656.95,23657.55,23654.95,23655.85
1788851760,2026-09-08T12:46:00,23656.35,23656.9,23655.15,23656.05
1788851775,2026-09-08T12:46:15,23656.5,23656.55,23654.65,23656.2
1788851790,2026-09-08T12:46:30,23656.1,23656.85,23654.2,23654.9
1788851805,2026-09-08T12:46:45,23656.5,23656.6,23655,23655.95
1788851820,2026-09-08T12:47:00,23656.9,23657.85,23655.45,23656.35
1788851835,2026-09-08T12:47:15,23657.25,23657.25,23654.5,23655.65
1788851850,2026-09-08T12:47:30,23656,23656.05,23654.7,23654.7
1788851865,2026-09-08T12:47:45,23655.25,23655.45,23653.6,23653.6
1788851880,2026-09-08T12:48:00,23654.1,23654.95,23652.6,23652.85
1788851895,2026-09-08T12:48:15,23653.25,23653.3,23650.85,23651.65
1788851910,2026-09-08T12:48:30,23652.15,23652.15,23649.5,23651.6
1788851925,2026-09-08T12:48:45,23651.55,23651.55,23649.7,23650
1788851940,2026-09-08T12:49:00,23650.65,23651.05,23649.5,23650.7
1788851955,2026-09-08T12:49:15,23651.1,23653.15,23649.4,23651.7
1788851970,2026-09-08T12:49:30,23652.45,23655.75,23651.4,23653.8
1788851985,2026-09-08T12:49:45,23654.2,23655.3,23652.55,23654.75
1788852000,2026-09-08T12:50:00,23654.65,23655.1,23653.35,23654.05
1788852015,2026-09-08T12:50:15,23654.35,23654.65,23652.9,23654.05
1788852030,2026-09-08T12:50:30,23654.55,23654.6,23652.8,23653.75
1788852045,2026-09-08T12:50:45,23654.6,23655.45,23653.5,23653.95
1788852060,2026-09-08T12:51:00,23654.6,23655.6,23653.3,23655.35
1788852075,2026-09-08T12:51:15,23655.4,23657.1,23653.8,23654.75
1788852090,2026-09-08T12:51:30,23655.65,23656.95,23655.1,23655.45
1788852105,2026-09-08T12:51:45,23657.15,23657.15,23652.45,23653.25
1788852120,2026-09-08T12:52:00,23653.8,23653.8,23651.35,23652.1
1788852135,2026-09-08T12:52:15,23653.85,23653.95,23650.95,23650.95
1788852150,2026-09-08T12:52:30,23652.15,23653.3,23650.4,23650.95
1788852165,2026-09-08T12:52:45,23652,23653,23650.5,23651.2
1788852180,2026-09-08T12:53:00,23651.6,23655.3,23650.55,23654.9
1788852195,2026-09-08T12:53:15,23655.55,23655.55,23650,23650
1788852210,2026-09-08T12:53:30,23650.85,23653.4,23648.35,23651.5
1788852225,2026-09-08T12:53:45,23652.25,23654,23651.15,23654
1788852240,2026-09-08T12:54:00,23654.1,23657.25,23653.15,23656.45
1788852255,2026-09-08T12:54:15,23657.7,23657.75,23655.65,23656.4
1788852270,2026-09-08T12:54:30,23655.95,23657.65,23654.45,23655.55
1788852285,2026-09-08T12:54:45,23656.8,23656.8,23654.2,23656.6
1788852300,2026-09-08T12:55:00,23656.55,23657.5,23655.6,23657.3
1788852315,2026-09-08T12:55:15,23657.95,23661.7,23656.65,23660.55
1788852330,2026-09-08T12:55:30,23661,23661.05,23659.45,23659.6
1788852345,2026-09-08T12:55:45,23660.95,23660.95,23659,23660.55
1788852360,2026-09-08T12:56:00,23660.55,23661.65,23659.35,23659.95
1788852375,2026-09-08T12:56:15,23660.25,23661.05,23658.15,23658.8
1788852390,2026-09-08T12:56:30,23659.3,23660.2,23658.05,23659.65
1788852405,2026-09-08T12:56:45,23659.9,23660.75,23658.1,23658.7
1788852420,2026-09-08T12:57:00,23659.1,23661.15,23658.1,23661.1
1788852435,2026-09-08T12:57:15,23661.2,23662.75,23659.6,23660.35
1788852450,2026-09-08T12:57:30,23660.85,23662.4,23660.2,23660.6
1788852465,2026-09-08T12:57:45,23661.05,23661.45,23660.05,23660.05
1788852480,2026-09-08T12:58:00,23661.05,23663.85,23659.95,23661.05
1788852495,2026-09-08T12:58:15,23661.5,23662.7,23659.6,23660.1
1788852510,2026-09-08T12:58:30,23660.7,23660.7,23658,23658.65
1788852525,2026-09-08T12:58:45,23659.3,23661.05,23658.3,23660.3
1788852540,2026-09-08T12:59:00,23660.65,23663.4,23660.1,23660.95
1788852555,2026-09-08T12:59:15,23661.2,23661.65,23657.7,23657.7
1788852570,2026-09-08T12:59:30,23658.8,23658.8,23655.95,23656
1788852585,2026-09-08T12:59:45,23656.35,23657.55,23654.9,23655.1
1788852600,2026-09-08T13:00:00,23655.75,23658.1,23655.1,23657.6
1788852615,2026-09-08T13:00:15,23658.55,23658.7,23655.8,23656.4
1788852630,2026-09-08T13:00:30,23657.05,23657.5,23655.9,23657.5
1788852645,2026-09-08T13:00:45,23657.85,23657.85,23653.05,23654.8
1788852660,2026-09-08T13:01:00,23654.3,23655.6,23653.15,23653.6
1788852675,2026-09-08T13:01:15,23654.3,23655.2,23653.15,23655.2
1788852690,2026-09-08T13:01:30,23655.3,23655.35,23653.55,23654.7
1788852705,2026-09-08T13:01:45,23655.3,23655.85,23654.1,23655.1
1788852720,2026-09-08T13:02:00,23655.95,23656.1,23654.9,23655.95
1788852735,2026-09-08T13:02:15,23656.05,23656.45,23654.35,23655.55
1788852750,2026-09-08T13:02:30,23655.85,23660.5,23654.6,23658.9
1788852765,2026-09-08T13:02:45,23660.5,23660.65,23657.7,23658.3
1788852780,2026-09-08T13:03:00,23659.15,23660.8,23658.65,23659.6
1788852795,2026-09-08T13:03:15,23659.9,23660.5,23657.85,23657.85
1788852810,2026-09-08T13:03:30,23658.75,23658.85,23653.55,23654.55
1788852825,2026-09-08T13:03:45,23655.55,23655.95,23654.15,23654.15
1788852840,2026-09-08T13:04:00,23655,23655,23650.8,23651.75
1788852855,2026-09-08T13:04:15,23651.95,23652.15,23650.15,23650.55
1788852870,2026-09-08T13:04:30,23651.25,23652.45,23650.2,23650.85
1788852885,2026-09-08T13:04:45,23651.45,23651.45,23649.4,23650.45
1788852900,2026-09-08T13:05:00,23651.25,23651.95,23650.15,23650.75
1788852915,2026-09-08T13:05:15,23651.65,23651.65,23649.6,23650.5
1788852930,2026-09-08T13:05:30,23651.3,23653,23649.95,23650.9
1788852945,2026-09-08T13:05:45,23651.55,23651.55,23649.2,23650.2
1788852960,2026-09-08T13:06:00,23650.75,23650.75,23649.5,23649.65
1788852975,2026-09-08T13:06:15,23650.35,23651.05,23649.8,23650.7
1788852990,2026-09-08T13:06:30,23651.5,23651.65,23649.15,23650.3
1788853005,2026-09-08T13:06:45,23651,23652.65,23650.25,23652.65
1788853020,2026-09-08T13:07:00,23653.25,23655.5,23651.65,23653.4
1788853035,2026-09-08T13:07:15,23654.45,23655.2,23653.35,23653.55
1788853050,2026-09-08T13:07:30,23654.65,23654.65,23652.9,23653.3
1788853065,2026-09-08T13:07:45,23653.95,23654.9,23653.4,23654.2
1788853080,2026-09-08T13:08:00,23654.95,23656.6,23653.85,23654.85
1788853095,2026-09-08T13:08:15,23655.55,23655.6,23652.85,23652.85
1788853110,2026-09-08T13:08:30,23653.8,23655.65,23652.5,23654
1788853125,2026-09-08T13:08:45,23654.25,23654.65,23653.05,23653.2
1788853140,2026-09-08T13:09:00,23653.8,23654.15,23652.9,23653.6
1788853155,2026-09-08T13:09:15,23654.25,23654.3,23652.6,23652.6
1788853170,2026-09-08T13:09:30,23654,23654.7,23652.9,23654.05
1788853185,2026-09-08T13:09:45,23654.8,23654.8,23653.6,23653.6
1788853200,2026-09-08T13:10:00,23654.8,23655.25,23653.5,23654.15
1788853215,2026-09-08T13:10:15,23655.4,23655.7,23654.3,23655.35
1788853230,2026-09-08T13:10:30,23656.2,23656.25,23654.85,23655.5
1788853245,2026-09-08T13:10:45,23656.1,23656.25,23654.3,23655.25
1788853260,2026-09-08T13:11:00,23656.05,23656.15,23654.25,23655.5
1788853275,2026-09-08T13:11:15,23656.65,23656.65,23655,23655.75
1788853290,2026-09-08T13:11:30,23656.15,23656.15,23653.65,23655
1788853305,2026-09-08T13:11:45,23655.5,23655.5,23653.8,23654.55
1788853320,2026-09-08T13:12:00,23655.5,23655.85,23652.55,23652.55
1788853335,2026-09-08T13:12:15,23653.2,23653.2,23651.5,23652.7
1788853350,2026-09-08T13:12:30,23653,23653.8,23651.9,23653.05
1788853365,2026-09-08T13:12:45,23653.45,23654.05,23652.45,23652.85
1788853380,2026-09-08T13:13:00,23653.8,23655.7,23653.3,23655.05
1788853395,2026-09-08T13:13:15,23655.85,23655.85,23653.65,23655
1788853410,2026-09-08T13:13:30,23655.75,23655.75,23653.55,23654.55
1788853425,2026-09-08T13:13:45,23655.2,23656,23653.4,23655.85
1788853440,2026-09-08T13:14:00,23656.85,23656.85,23655.1,23655.9
1788853455,2026-09-08T13:14:15,23656.85,23658.45,23655.45,23655.8
1788853470,2026-09-08T13:14:30,23656.75,23657.5,23655,23656.9
1788853485,2026-09-08T13:14:45,23657.7,23662.25,23656.95,23661.3
1788853500,2026-09-08T13:15:00,23661.7,23662.1,23659.35,23660.75
1788853515,2026-09-08T13:15:15,23661.15,23661.8,23660.4,23661.55
1788853530,2026-09-08T13:15:30,23662.05,23662.85,23658.85,23660.45
1788853545,2026-09-08T13:15:45,23661.2,23661.2,23656.3,23658.1
1788853560,2026-09-08T13:16:00,23658.15,23658.15,23652.5,23654.85
1788853575,2026-09-08T13:16:15,23655.7,23658.8,23655.7,23657.95
1788853590,2026-09-08T13:16:30,23658.6,23660.4,23657.25,23659.2
1788853605,2026-09-08T13:16:45,23659.55,23659.55,23657.8,23658.95
1788853620,2026-09-08T13:17:00,23659.4,23659.4,23656.85,23657.75
1788853635,2026-09-08T13:17:15,23658.5,23658.5,23656.6,23656.75
1788853650,2026-09-08T13:17:30,23657.65,23658.7,23656.75,23657.9
1788853665,2026-09-08T13:17:45,23658.35,23658.6,23656.25,23657.3
1788853680,2026-09-08T13:18:00,23658.2,23658.2,23655.35,23656.15
1788853695,2026-09-08T13:18:15,23656.55,23656.55,23653.7,23654.55
1788853710,2026-09-08T13:18:30,23655,23656.45,23653.9,23656.3
1788853725,2026-09-08T13:18:45,23657.15,23657.15,23654.05,23654.55
1788853740,2026-09-08T13:19:00,23654.85,23656.5,23653.9,23656
1788853755,2026-09-08T13:19:15,23656.55,23656.7,23654.2,23655.8
1788853770,2026-09-08T13:19:30,23656.65,23657.85,23655.5,23656.7
1788853785,2026-09-08T13:19:45,23657.3,23657.3,23655.6,23655.6
1788853800,2026-09-08T13:20:00,23656.9,23658.15,23654.7,23657.25
1788853815,2026-09-08T13:20:15,23656.9,23656.9,23654.45,23655.65
1788853830,2026-09-08T13:20:30,23656.35,23657,23655.35,23655.9
1788853845,2026-09-08T13:20:45,23656.65,23656.65,23654.75,23655
1788853860,2026-09-08T13:21:00,23655.55,23656.6,23654.75,23655.4
1788853875,2026-09-08T13:21:15,23656.05,23656.05,23653.75,23653.75
1788853890,2026-09-08T13:21:30,23654.25,23656.85,23653.1,23655.35
1788853905,2026-09-08T13:21:45,23656.15,23656.8,23655.3,23655.9
1788853920,2026-09-08T13:22:00,23656.5,23657.3,23654.05,23654.7
1788853935,2026-09-08T13:22:15,23655.5,23656.35,23653.5,23654.05
1788853950,2026-09-08T13:22:30,23654.35,23656.3,23653.15,23654.25
1788853965,2026-09-08T13:22:45,23655.2,23656.05,23652.4,23653.9
1788853980,2026-09-08T13:23:00,23654.25,23654.25,23652.7,23652.9
1788853995,2026-09-08T13:23:15,23653.8,23654.15,23652.15,23652.65
1788854010,2026-09-08T13:23:30,23652.85,23654.1,23651.9,23653.05
1788854025,2026-09-08T13:23:45,23653.55,23653.55,23651.6,23652.85
1788854040,2026-09-08T13:24:00,23653.45,23653.95,23652,23653.35
1788854055,2026-09-08T13:24:15,23653.95,23653.95,23651.6,23652.35
1788854070,2026-09-08T13:24:30,23652.95,23654.75,23651.05,23653.05
1788854085,2026-09-08T13:24:45,23653.85,23653.85,23652.1,23652.75
1788854100,2026-09-08T13:25:00,23653.7,23653.85,23651.95,23652.95
1788854115,2026-09-08T13:25:15,23653.3,23653.3,23649.75,23650.4
1788854130,2026-09-08T13:25:30,23650.9,23651.7,23649.8,23649.95
1788854145,2026-09-08T13:25:45,23650.55,23650.55,23648.95,23650.25
1788854160,2026-09-08T13:26:00,23650.55,23651,23649.3,23650.3
1788854175,2026-09-08T13:26:15,23650.6,23650.95,23648.8,23649.45
1788854190,2026-09-08T13:26:30,23650.05,23651.8,23648.4,23649.8
1788854205,2026-09-08T13:26:45,23650.15,23650.3,23648.8,23649.5
1788854220,2026-09-08T13:27:00,23650.35,23650.35,23646.5,23647.9
1788854235,2026-09-08T13:27:15,23648.3,23648.3,23645.6,23647.15
1788854250,2026-09-08T13:27:30,23647.45,23650,23646.7,23650
1788854265,2026-09-08T13:27:45,23649.95,23650.9,23648.45,23649.25
1788854280,2026-09-08T13:28:00,23650.05,23651.1,23648.55,23650.7
1788854295,2026-09-08T13:28:15,23651.55,23651.55,23649.5,23650.4
1788854310,2026-09-08T13:28:30,23651.2,23652.4,23649.55,23650.9
1788854325,2026-09-08T13:28:45,23651.6,23652.85,23648.7,23648.7
1788854340,2026-09-08T13:29:00,23650.1,23650.9,23648.3,23650.75
1788854355,2026-09-08T13:29:15,23650.8,23650.8,23648.9,23649.8
1788854370,2026-09-08T13:29:30,23650.4,23652.4,23649,23649.7
1788854385,2026-09-08T13:29:45,23650.3,23650.3,23646.85,23647.05
1788854400,2026-09-08T13:30:00,23648.45,23649.15,23646.8,23646.95
1788854415,2026-09-08T13:30:15,23647.7,23651.3,23647.2,23649.65
1788854430,2026-09-08T13:30:30,23649.75,23650.75,23648.3,23648.5
1788854445,2026-09-08T13:30:45,23649.7,23651.15,23647.6,23649.35
1788854460,2026-09-08T13:31:00,23649.9,23650.85,23648.15,23649.25
1788854475,2026-09-08T13:31:15,23649.95,23650.95,23648.8,23649.45
1788854490,2026-09-08T13:31:30,23650,23650.25,23647.15,23649.35
1788854505,2026-09-08T13:31:45,23649.8,23650.15,23648.5,23648.65
1788854520,2026-09-08T13:32:00,23649.2,23649.2,23644.25,23644.6
1788854535,2026-09-08T13:32:15,23645.1,23645.35,23642.85,23644.2
1788854550,2026-09-08T13:32:30,23645,23647.95,23644,23644.3
1788854565,2026-09-08T13:32:45,23644.95,23645.95,23643.35,23644.5
1788854580,2026-09-08T13:33:00,23645.55,23645.7,23643.55,23644.15
1788854595,2026-09-08T13:33:15,23645.6,23645.6,23638.65,23640.85
1788854610,2026-09-08T13:33:30,23640.8,23642.35,23639.05,23640.95
1788854625,2026-09-08T13:33:45,23641.55,23641.55,23639.45,23641.3
1788854640,2026-09-08T13:34:00,23642.3,23645.8,23640.6,23644.3
1788854655,2026-09-08T13:34:15,23644.45,23644.45,23642.05,23643.45
1788854670,2026-09-08T13:34:30,23643.7,23644.1,23641.2,23642.7
1788854685,2026-09-08T13:34:45,23643.75,23643.75,23640.85,23642.65
1788854700,2026-09-08T13:35:00,23643.65,23646.5,23642.25,23645.45
1788854715,2026-09-08T13:35:15,23646.55,23649.1,23644.5,23649.1
1788854730,2026-09-08T13:35:30,23650.2,23653.7,23649.3,23650.9
1788854745,2026-09-08T13:35:45,23650.45,23650.95,23647.8,23648.8
1788854760,2026-09-08T13:36:00,23650.85,23653.2,23648.95,23650.7
1788854775,2026-09-08T13:36:15,23651.4,23651.45,23648.2,23648.8
1788854790,2026-09-08T13:36:30,23649.95,23651.75,23648,23650.2
1788854805,2026-09-08T13:36:45,23651.4,23652.45,23649.95,23650.8
1788854820,2026-09-08T13:37:00,23651.65,23653.45,23649.1,23650.05
1788854835,2026-09-08T13:37:15,23651.2,23651.2,23646.8,23648.25
1788854850,2026-09-08T13:37:30,23649.2,23653.95,23647.35,23650.95
1788854865,2026-09-08T13:37:45,23651.95,23652.5,23649.95,23649.95
1788854880,2026-09-08T13:38:00,23651,23653.55,23649.05,23650.65
1788854895,2026-09-08T13:38:15,23653.3,23653.3,23646.6,23647.65
1788854910,2026-09-08T13:38:30,23648.4,23649.85,23646.6,23646.75
1788854925,2026-09-08T13:38:45,23647.2,23649.05,23643.25,23644.5
1788854940,2026-09-08T13:39:00,23645.7,23645.7,23641.9,23642.7
1788854955,2026-09-08T13:39:15,23643.85,23644.15,23641.8,23642.45
1788854970,2026-09-08T13:39:30,23642.6,23646.3,23641.15,23645
1788854985,2026-09-08T13:39:45,23644.5,23646.7,23642.6,23644.85
1788855000,2026-09-08T13:40:00,23644.55,23647.9,23643.4,23646.9
1788855015,2026-09-08T13:40:15,23647.75,23649.2,23646.15,23648.4
1788855030,2026-09-08T13:40:30,23648.55,23650.1,23645.05,23646.4
1788855045,2026-09-08T13:40:45,23646.4,23648,23645.45,23646
1788855060,2026-09-08T13:41:00,23646.45,23646.45,23643.3,23643.8
1788855075,2026-09-08T13:41:15,23644.25,23644.7,23641.8,23643.45
1788855090,2026-09-08T13:41:30,23644.25,23644.25,23639.95,23639.95
1788855105,2026-09-08T13:41:45,23640.4,23644.4,23639.25,23641.95
1788855120,2026-09-08T13:42:00,23643.05,23643.2,23639.85,23642.2
1788855135,2026-09-08T13:42:15,23643.5,23644.3,23641.6,23642.95
1788855150,2026-09-08T13:42:30,23643.15,23646.75,23642.3,23643.8
1788855165,2026-09-08T13:42:45,23644.6,23644.85,23642.55,23642.8
1788855180,2026-09-08T13:43:00,23644.65,23646.05,23642.95,23644.55
1788855195,2026-09-08T13:43:15,23645.4,23648.1,23644.1,23644.9
1788855210,2026-09-08T13:43:30,23645.85,23646.85,23643.75,23645.25
1788855225,2026-09-08T13:43:45,23646.05,23646.05,23643.8,23644.5
1788855240,2026-09-08T13:44:00,23645.5,23645.5,23642.1,23642.65
1788855255,2026-09-08T13:44:15,23643.3,23643.3,23640.3,23641
1788855270,2026-09-08T13:44:30,23641.95,23642.95,23639.05,23640.25
1788855285,2026-09-08T13:44:45,23641,23641.15,23638.1,23638.55
1788855300,2026-09-08T13:45:00,23640.25,23641.35,23637.4,23639.85
1788855315,2026-09-08T13:45:15,23640.7,23642.05,23637.45,23637.55
1788855330,2026-09-08T13:45:30,23639.4,23639.4,23636.1,23636.95
1788855345,2026-09-08T13:45:45,23637.7,23642.8,23637.05,23640.3
1788855360,2026-09-08T13:46:00,23641.7,23643.3,23639.5,23641.05
1788855375,2026-09-08T13:46:15,23641.7,23642.25,23639.85,23640
1788855390,2026-09-08T13:46:30,23640.9,23643.6,23640.4,23642.9
1788855405,2026-09-08T13:46:45,23643.65,23643.65,23641.4,23641.65
1788855420,2026-09-08T13:47:00,23643.2,23643.4,23641.6,23642.8
1788855435,2026-09-08T13:47:15,23643.3,23643.75,23640.2,23641.25
1788855450,2026-09-08T13:47:30,23641.75,23643.65,23640.8,23642.6
1788855465,2026-09-08T13:47:45,23643.6,23643.6,23641.15,23643.4
1788855480,2026-09-08T13:48:00,23644.15,23644.25,23641.4,23643.5
1788855495,2026-09-08T13:48:15,23644.1,23644.7,23641.95,23643.9
1788855510,2026-09-08T13:48:30,23645,23645.65,23641.95,23642
1788855525,2026-09-08T13:48:45,23643.4,23643.6,23641.45,23642.05
1788855540,2026-09-08T13:49:00,23642.7,23643.35,23640.25,23641.3
1788855555,2026-09-08T13:49:15,23642.4,23642.4,23639.7,23641
1788855570,2026-09-08T13:49:30,23641.7,23642.2,23639.6,23642.05
1788855585,2026-09-08T13:49:45,23642.8,23642.8,23639.55,23639.75
1788855600,2026-09-08T13:50:00,23641.5,23641.5,23639.4,23639.6
1788855615,2026-09-08T13:50:15,23640.85,23641.15,23638.6,23638.6
1788855630,2026-09-08T13:50:30,23640,23642.5,23638.4,23640.25
1788855645,2026-09-08T13:50:45,23640.7,23640.7,23637,23637.15
1788855660,2026-09-08T13:51:00,23637.95,23638.15,23635.4,23635.5
1788855675,2026-09-08T13:51:15,23636.15,23636.15,23627.8,23627.8
1788855690,2026-09-08T13:51:30,23629.6,23629.6,23623.4,23624.05
1788855705,2026-09-08T13:51:45,23625.45,23626.3,23623.25,23624.45
1788855720,2026-09-08T13:52:00,23625.2,23627.65,23624.3,23627.5
1788855735,2026-09-08T13:52:15,23627.6,23628.45,23626.05,23627
1788855750,2026-09-08T13:52:30,23627.7,23629.35,23626.35,23628.4
1788855765,2026-09-08T13:52:45,23629.15,23629.6,23627.15,23627.35
1788855780,2026-09-08T13:53:00,23628.15,23629.8,23627,23629.1
1788855795,2026-09-08T13:53:15,23630.3,23630.6,23628.2,23629.25
1788855810,2026-09-08T13:53:30,23630,23633.75,23628.4,23632.75
1788855825,2026-09-08T13:53:45,23633.15,23633.15,23630.85,23631.85
1788855840,2026-09-08T13:54:00,23633.05,23633.7,23631.85,23633.45
1788855855,2026-09-08T13:54:15,23634.1,23634.5,23630.4,23630.9
1788855870,2026-09-08T13:54:30,23631.6,23632.35,23629.25,23630.85
1788855885,2026-09-08T13:54:45,23631.95,23632.05,23629.65,23631.7
1788855900,2026-09-08T13:55:00,23632.25,23634.5,23631.2,23632.5
1788855915,2026-09-08T13:55:15,23633.6,23633.6,23631.75,23632.35
1788855930,2026-09-08T13:55:30,23632.65,23634.75,23631.05,23633.6
1788855945,2026-09-08T13:55:45,23634.2,23634.2,23631.4,23632.7
1788855960,2026-09-08T13:56:00,23633.45,23635.05,23631.65,23634.35
1788855975,2026-09-08T13:56:15,23635,23636.35,23633.2,23633.6
1788855990,2026-09-08T13:56:30,23634.4,23635.55,23633.25,23635.25
1788856005,2026-09-08T13:56:45,23635.8,23635.8,23633.5,23634.9
1788856020,2026-09-08T13:57:00,23635.15,23635.2,23632.5,23633.25
1788856035,2026-09-08T13:57:15,23633.8,23635.25,23631.75,23633.45
1788856050,2026-09-08T13:57:30,23634.15,23634.95,23632.15,23634.95
1788856065,2026-09-08T13:57:45,23635.35,23637.55,23634.5,23636.35
1788856080,2026-09-08T13:58:00,23637.7,23637.7,23634.05,23635.4
1788856095,2026-09-08T13:58:15,23636.2,23636.2,23633.05,23634.8
1788856110,2026-09-08T13:58:30,23635.75,23637.1,23632.75,23635.1
1788856125,2026-09-08T13:58:45,23635.6,23635.9,23633.5,23634.9
1788856140,2026-09-08T13:59:00,23635.2,23636.15,23633.65,23634.55
1788856155,2026-09-08T13:59:15,23635.25,23635.95,23632.95,23633.7
1788856170,2026-09-08T13:59:30,23634.6,23635.55,23632.85,23635
1788856185,2026-09-08T13:59:45,23635.5,23636.1,23633.15,23633.75
1788856200,2026-09-08T14:00:00,23634.8,23635.4,23633,23634.9
1788856215,2026-09-08T14:00:15,23635.7,23637.7,23634.05,23636.6
1788856230,2026-09-08T14:00:30,23637.15,23639.4,23635.3,23638.2
1788856245,2026-09-08T14:00:45,23638.2,23638.2,23635.15,23635.95
1788856260,2026-09-08T14:01:00,23636.6,23638.65,23636.1,23637.6
1788856275,2026-09-08T14:01:15,23638.5,23638.55,23635.05,23636.95
1788856290,2026-09-08T14:01:30,23638,23639.55,23635.75,23638.35
1788856305,2026-09-08T14:01:45,23639,23639.4,23636.65,23638.6
1788856320,2026-09-08T14:02:00,23639.7,23640.05,23637.9,23639.6
1788856335,2026-09-08T14:02:15,23639.6,23639.6,23635.15,23635.3
1788856350,2026-09-08T14:02:30,23636.1,23637.6,23635.35,23637.4
1788856365,2026-09-08T14:02:45,23637.9,23637.9,23634.3,23634.4
1788856380,2026-09-08T14:03:00,23635.2,23637.5,23634.35,23637.15
1788856395,2026-09-08T14:03:15,23637.95,23640.85,23636.45,23639.95
1788856410,2026-09-08T14:03:30,23640.65,23643.4,23638.8,23643.4
1788856425,2026-09-08T14:03:45,23643.9,23645.05,23642.35,23643.45
1788856440,2026-09-08T14:04:00,23643.9,23646.5,23642.45,23644.65
1788856455,2026-09-08T14:04:15,23645.8,23645.8,23642.25,23642.45
1788856470,2026-09-08T14:04:30,23643.65,23644.65,23642.05,23643.3
1788856485,2026-09-08T14:04:45,23643.85,23645.4,23643.7,23644.85
1788856500,2026-09-08T14:05:00,23645.55,23649.9,23645.2,23649.2
1788856515,2026-09-08T14:05:15,23648.95,23650.75,23647.75,23650.2
1788856530,2026-09-08T14:05:30,23649.7,23653.15,23648.85,23653.15
1788856545,2026-09-08T14:05:45,23653.9,23656.3,23653.6,23655.25
1788856560,2026-09-08T14:06:00,23655.25,23656.65,23653.15,23655.65
1788856575,2026-09-08T14:06:15,23654.6,23656.4,23649.8,23650.05
1788856590,2026-09-08T14:06:30,23650.05,23652.9,23648.45,23650.75
1788856605,2026-09-08T14:06:45,23651.3,23651.55,23648.8,23649.25
1788856620,2026-09-08T14:07:00,23649.8,23652.1,23648.1,23650.15
1788856635,2026-09-08T14:07:15,23650.9,23650.9,23645.75,23647.5
1788856650,2026-09-08T14:07:30,23648.2,23649,23644.1,23645.5
1788856665,2026-09-08T14:07:45,23645.6,23646.4,23643.8,23644.4
1788856680,2026-09-08T14:08:00,23645.4,23645.95,23643.55,23645.15
1788856695,2026-09-08T14:08:15,23646.1,23647.95,23644.1,23647.4
1788856710,2026-09-08T14:08:30,23647.7,23647.85,23644.35,23645.55
1788856725,2026-09-08T14:08:45,23646.25,23647,23644,23646.5
1788856740,2026-09-08T14:09:00,23646.85,23648.95,23646.05,23648.2
1788856755,2026-09-08T14:09:15,23648.55,23649.3,23647.05,23647.2
1788856770,2026-09-08T14:09:30,23647.75,23650.35,23646.6,23650.35
1788856785,2026-09-08T14:09:45,23650.95,23651.4,23647.85,23648.15
1788856800,2026-09-08T14:10:00,23649.55,23650.95,23648.7,23649.3
1788856815,2026-09-08T14:10:15,23649.9,23649.9,23646,23646.55
1788856830,2026-09-08T14:10:30,23647.55,23649.55,23646.05,23646.35
1788856845,2026-09-08T14:10:45,23647,23651.35,23646.9,23649.5
1788856860,2026-09-08T14:11:00,23650.15,23650.6,23648.6,23650.2
1788856875,2026-09-08T14:11:15,23650.75,23652.55,23649.85,23651.15
1788856890,2026-09-08T14:11:30,23652.7,23653.15,23649.25,23651.3
1788856905,2026-09-08T14:11:45,23652.7,23652.7,23649.7,23650.55
1788856920,2026-09-08T14:12:00,23651.9,23654.75,23650.6,23652.8
1788856935,2026-09-08T14:12:15,23653.4,23656.9,23651.6,23653.75
1788856950,2026-09-08T14:12:30,23654.05,23655,23651.65,23653.15
1788856965,2026-09-08T14:12:45,23654.2,23654.35,23651.5,23652.4
1788856980,2026-09-08T14:13:00,23653.8,23655.25,23652.6,23654.95
1788856995,2026-09-08T14:13:15,23655.85,23655.85,23652.45,23653.3
1788857010,2026-09-08T14:13:30,23655,23656.75,23653.05,23655
1788857025,2026-09-08T14:13:45,23655.65,23656.9,23653.65,23653.65
1788857040,2026-09-08T14:14:00,23654.2,23656.3,23653.35,23655.2
1788857055,2026-09-08T14:14:15,23655.35,23656.1,23653.4,23653.4
1788857070,2026-09-08T14:14:30,23653.65,23654.7,23649.7,23649.7
1788857085,2026-09-08T14:14:45,23651.05,23651.05,23647.7,23649.1
1788857100,2026-09-08T14:15:00,23649.9,23650.2,23647.15,23650.1
1788857115,2026-09-08T14:15:15,23649.2,23650.05,23646.7,23647.8
1788857130,2026-09-08T14:15:30,23648.4,23650.1,23646.95,23647.65
1788857145,2026-09-08T14:15:45,23648.8,23652.55,23648.8,23650.9
1788857160,2026-09-08T14:16:00,23652.75,23653,23650.5,23652.2
1788857175,2026-09-08T14:16:15,23653.25,23654.35,23651.55,23653.05
1788857190,2026-09-08T14:16:30,23653.55,23655.7,23651.7,23655.65
1788857205,2026-09-08T14:16:45,23655.9,23656.4,23654.2,23654.75
1788857220,2026-09-08T14:17:00,23654.6,23657.25,23653.35,23655.85
1788857235,2026-09-08T14:17:15,23656.65,23657.1,23655.05,23655.4
1788857250,2026-09-08T14:17:30,23656.35,23657.6,23655.25,23656.1
1788857265,2026-09-08T14:17:45,23657.05,23657.2,23655.45,23657.2
1788857280,2026-09-08T14:18:00,23658,23659.25,23657,23658.3
1788857295,2026-09-08T14:18:15,23658.8,23659.25,23655.85,23655.95
1788857310,2026-09-08T14:18:30,23656.15,23657.1,23654.65,23655.8
1788857325,2026-09-08T14:18:45,23656.45,23656.45,23652.95,23653.35
1788857340,2026-09-08T14:19:00,23654.65,23654.65,23652.35,23653.8
1788857355,2026-09-08T14:19:15,23654.2,23654.65,23652.6,23653
1788857370,2026-09-08T14:19:30,23654.25,23657.95,23652.85,23654.55
1788857385,2026-09-08T14:19:45,23654.75,23654.75,23652.2,23653.2
1788857400,2026-09-08T14:20:00,23654.15,23655.4,23653.35,23655.4
1788857415,2026-09-08T14:20:15,23656,23656.8,23654.7,23655.1
1788857430,2026-09-08T14:20:30,23655.85,23655.85,23653.7,23653.9
1788857445,2026-09-08T14:20:45,23654.95,23655.15,23653.15,23653.15
1788857460,2026-09-08T14:21:00,23654.8,23654.8,23652.05,23652.9
1788857475,2026-09-08T14:21:15,23653.6,23655.3,23652.55,23652.7
1788857490,2026-09-08T14:21:30,23652.8,23654.35,23651.85,23653.95
1788857505,2026-09-08T14:21:45,23654.2,23654.2,23650.95,23652.45
1788857520,2026-09-08T14:22:00,23652.7,23653,23651.25,23652.2
1788857535,2026-09-08T14:22:15,23653.2,23653.7,23650.2,23651.9
1788857550,2026-09-08T14:22:30,23653.1,23654.15,23651.3,23653.5
1788857565,2026-09-08T14:22:45,23654.05,23654.35,23651.25,23652.8
1788857580,2026-09-08T14:23:00,23654.1,23655.1,23652.35,23653.25
1788857595,2026-09-08T14:23:15,23653.4,23654.3,23651.05,23653.3
1788857610,2026-09-08T14:23:30,23653.95,23654.5,23652.05,23654.05
1788857625,2026-09-08T14:23:45,23654.15,23654.15,23649.7,23649.7
1788857640,2026-09-08T14:24:00,23651,23651,23649,23650.55
1788857655,2026-09-08T14:24:15,23650.4,23651.15,23648.6,23650.7
1788857670,2026-09-08T14:24:30,23650.75,23652.75,23649.95,23651.9
1788857685,2026-09-08T14:24:45,23652.9,23653.65,23649.05,23650.6
1788857700,2026-09-08T14:25:00,23651.65,23651.75,23649.8,23649.95
1788857715,2026-09-08T14:25:15,23650.4,23650.4,23647.75,23648.1
1788857730,2026-09-08T14:25:30,23648.7,23649.3,23645.85,23647.15
1788857745,2026-09-08T14:25:45,23647.95,23647.95,23644.15,23644.15
1788857760,2026-09-08T14:26:00,23644.5,23644.5,23642.85,23643.65
1788857775,2026-09-08T14:26:15,23644.2,23647.55,23642.7,23645.55
1788857790,2026-09-08T14:26:30,23645.35,23649,23644.15,23647.45
1788857805,2026-09-08T14:26:45,23647.5,23648.25,23645.2,23647.55
1788857820,2026-09-08T14:27:00,23647.5,23651.9,23647.25,23650.35
1788857835,2026-09-08T14:27:15,23650.4,23651.25,23648.4,23648.45
1788857850,2026-09-08T14:27:30,23649.35,23651.6,23648.2,23650.45
1788857865,2026-09-08T14:27:45,23650.65,23652.7,23649.9,23650.5
1788857880,2026-09-08T14:28:00,23653,23653.5,23649.55,23652.4
1788857895,2026-09-08T14:28:15,23653.3,23653.3,23650.1,23650.3
1788857910,2026-09-08T14:28:30,23651.5,23653.6,23649.85,23653.1
1788857925,2026-09-08T14:28:45,23653.4,23653.85,23652,23652.7
1788857940,2026-09-08T14:29:00,23654.1,23656.15,23652.5,23654.75
1788857955,2026-09-08T14:29:15,23655.95,23656.15,23653.8,23653.85
1788857970,2026-09-08T14:29:30,23653.4,23655.5,23652.4,23654.75
1788857985,2026-09-08T14:29:45,23655.85,23656.05,23653.45,23654
1788858000,2026-09-08T14:30:00,23654.95,23656.05,23653.15,23655.05
1788858015,2026-09-08T14:30:15,23655.1,23655.1,23652.95,23653.5
1788858030,2026-09-08T14:30:30,23653.8,23654.35,23651.7,23652.1
1788858045,2026-09-08T14:30:45,23653.6,23653.65,23650,23650.3
1788858060,2026-09-08T14:31:00,23651.3,23651.7,23648.3,23651.05
1788858075,2026-09-08T14:31:15,23651.7,23653.95,23650.2,23652
1788858090,2026-09-08T14:31:30,23653.3,23653.95,23651.2,23651.85
1788858105,2026-09-08T14:31:45,23653.05,23653.25,23651.05,23652.3
1788858120,2026-09-08T14:32:00,23652.95,23653.55,23651.25,23652.9
1788858135,2026-09-08T14:32:15,23653.85,23654.5,23652.1,23652.25
1788858150,2026-09-08T14:32:30,23653.75,23655.15,23652.1,23654
1788858165,2026-09-08T14:32:45,23654,23654.85,23652.95,23653.95
1788858180,2026-09-08T14:33:00,23655.75,23657.75,23653.95,23657.3
1788858195,2026-09-08T14:33:15,23657.6,23657.9,23655.55,23656.3
1788858210,2026-09-08T14:33:30,23656.75,23657.1,23653.25,23654.95
1788858225,2026-09-08T14:33:45,23655.65,23656.4,23652.65,23654.7
1788858240,2026-09-08T14:34:00,23656.15,23657.4,23654.1,23655.35
1788858255,2026-09-08T14:34:15,23655.8,23657.05,23654.95,23654.95
1788858270,2026-09-08T14:34:30,23655.65,23656.85,23654.15,23656.15
1788858285,2026-09-08T14:34:45,23657.25,23658.3,23655.05,23656.65
1788858300,2026-09-08T14:35:00,23657.2,23658.8,23655.6,23658
1788858315,2026-09-08T14:35:15,23658.85,23658.85,23655.8,23656.55
1788858330,2026-09-08T14:35:30,23657.4,23657.5,23654.75,23654.75
1788858345,2026-09-08T14:35:45,23655.85,23657.2,23655.25,23655.75
1788858360,2026-09-08T14:36:00,23657.5,23657.5,23654.55,23655.65
1788858375,2026-09-08T14:36:15,23655.85,23657.25,23654.55,23655.3
1788858390,2026-09-08T14:36:30,23656.55,23657.6,23654.65,23655.9
1788858405,2026-09-08T14:36:45,23657,23657.4,23654.65,23655.15
1788858420,2026-09-08T14:37:00,23655.8,23656.35,23653.5,23654.35
1788858435,2026-09-08T14:37:15,23654.85,23654.85,23651.85,23652.95
1788858450,2026-09-08T14:37:30,23654.2,23654.2,23651.6,23653.1
1788858465,2026-09-08T14:37:45,23653.2,23653.95,23650.55,23652.2
1788858480,2026-09-08T14:38:00,23652.75,23653.85,23651.25,23653.35
1788858495,2026-09-08T14:38:15,23653,23653.55,23650.1,23650.35
1788858510,2026-09-08T14:38:30,23651.15,23653,23649.9,23649.9
1788858525,2026-09-08T14:38:45,23649.9,23650.1,23645.85,23646.8
1788858540,2026-09-08T14:39:00,23647.45,23649.55,23646.05,23648.9
1788858555,2026-09-08T14:39:15,23649.45,23649.8,23647.15,23648.75
1788858570,2026-09-08T14:39:30,23649.6,23649.95,23647.8,23649.3
1788858585,2026-09-08T14:39:45,23649.4,23650.2,23647.1,23649
1788858600,2026-09-08T14:40:00,23649.4,23650,23647.35,23649.25
1788858615,2026-09-08T14:40:15,23649.85,23650.1,23647.05,23647.9
1788858630,2026-09-08T14:40:30,23648.1,23648.1,23645.95,23647
1788858645,2026-09-08T14:40:45,23647.45,23648.35,23645.5,23647.05
1788858660,2026-09-08T14:41:00,23647.9,23649.05,23646.1,23647.85
1788858675,2026-09-08T14:41:15,23648.6,23651.15,23647.7,23649
1788858690,2026-09-08T14:41:30,23650.85,23651.1,23648.3,23649.65
1788858705,2026-09-08T14:41:45,23650.4,23651.5,23647.55,23651.5
1788858720,2026-09-08T14:42:00,23650.4,23652.75,23648.85,23652.75
1788858735,2026-09-08T14:42:15,23653.45,23654.75,23651.9,23652.1
1788858750,2026-09-08T14:42:30,23652.9,23652.9,23650.6,23651.55
1788858765,2026-09-08T14:42:45,23651.55,23652.4,23648.45,23649.5
1788858780,2026-09-08T14:43:00,23649.6,23649.95,23647.95,23648.25
1788858795,2026-09-08T14:43:15,23649.35,23649.7,23647,23648.8
1788858810,2026-09-08T14:43:30,23648.9,23649.5,23647.4,23648.7
1788858825,2026-09-08T14:43:45,23650.15,23650.15,23648.55,23649.05
1788858840,2026-09-08T14:44:00,23648.9,23651.2,23648.1,23649.7
1788858855,2026-09-08T14:44:15,23650.7,23650.7,23647.9,23648.6
1788858870,2026-09-08T14:44:30,23649.7,23650.55,23648.2,23649.4
1788858885,2026-09-08T14:44:45,23650.3,23650.3,23647.8,23648.15
1788858900,2026-09-08T14:45:00,23648.7,23648.75,23644.9,23647.25
1788858915,2026-09-08T14:45:15,23647.75,23648.85,23646.6,23648.35
1788858930,2026-09-08T14:45:30,23649.05,23649.15,23646.5,23647.6
1788858945,2026-09-08T14:45:45,23648.15,23648.7,23646.3,23647.85
1788858960,2026-09-08T14:46:00,23649,23649,23644.45,23645.9
1788858975,2026-09-08T14:46:15,23646.45,23649.2,23644.7,23647.85
1788858990,2026-09-08T14:46:30,23648.45,23648.45,23644.95,23645.2
1788859005,2026-09-08T14:46:45,23645.85,23646.3,23643.65,23644.7
1788859020,2026-09-08T14:47:00,23644.75,23646.05,23643.5,23645.7
1788859035,2026-09-08T14:47:15,23645.85,23645.85,23641.3,23641.3
1788859050,2026-09-08T14:47:30,23642.85,23643.45,23641.25,23643.3
1788859065,2026-09-08T14:47:45,23644.4,23646.45,23642.4,23645.75
1788859080,2026-09-08T14:48:00,23646.45,23646.65,23643.3,23645
1788859095,2026-09-08T14:48:15,23645.35,23645.7,23643.25,23643.85
1788859110,2026-09-08T14:48:30,23643.95,23647.5,23643.55,23646.35
1788859125,2026-09-08T14:48:45,23646.7,23647.4,23644.55,23645.1
1788859140,2026-09-08T14:49:00,23646.05,23646.2,23643.75,23645.25
1788859155,2026-09-08T14:49:15,23646,23646,23642.85,23643.7
1788859170,2026-09-08T14:49:30,23644.6,23645.4,23641.7,23641.75
1788859185,2026-09-08T14:49:45,23642.95,23643.1,23640.65,23641.3
1788859200,2026-09-08T14:50:00,23642.8,23643.85,23640.05,23643.25
1788859215,2026-09-08T14:50:15,23643.85,23644.15,23640.6,23640.6
1788859230,2026-09-08T14:50:30,23642.55,23642.55,23640.05,23641.65
1788859245,2026-09-08T14:50:45,23642.45,23643.3,23640.45,23641.35
1788859260,2026-09-08T14:51:00,23642.5,23644.15,23641.25,23642.7
1788859275,2026-09-08T14:51:15,23642.55,23644.45,23641.55,23643.35
1788859290,2026-09-08T14:51:30,23644.7,23644.8,23642.6,23643.55
1788859305,2026-09-08T14:51:45,23644.5,23644.95,23642.15,23643.85
1788859320,2026-09-08T14:52:00,23643.95,23644.25,23640.75,23641.05
1788859335,2026-09-08T14:52:15,23641.35,23641.55,23639.5,23640.65
1788859350,2026-09-08T14:52:30,23641.75,23641.9,23639.5,23641.15
1788859365,2026-09-08T14:52:45,23641.15,23641.8,23639.1,23639.75
1788859380,2026-09-08T14:53:00,23640.65,23641.9,23638.8,23641.2
1788859395,2026-09-08T14:53:15,23641.65,23641.65,23638.85,23638.95
1788859410,2026-09-08T14:53:30,23639.9,23641,23637.5,23638.45
1788859425,2026-09-08T14:53:45,23639.1,23639.85,23638.05,23638.55
1788859440,2026-09-08T14:54:00,23639.2,23639.9,23638.1,23639.25
1788859455,2026-09-08T14:54:15,23639.7,23641.95,23637.8,23640.9
1788859470,2026-09-08T14:54:30,23641.2,23647.05,23641.2,23646.7
1788859485,2026-09-08T14:54:45,23646.7,23647.85,23645.05,23647.85
1788859500,2026-09-08T14:55:00,23647.4,23648.15,23645.3,23647.9
1788859515,2026-09-08T14:55:15,23648,23648,23644.25,23644.65
1788859530,2026-09-08T14:55:30,23645.6,23645.6,23640.85,23641.15
1788859545,2026-09-08T14:55:45,23642.25,23644.35,23641.95,23642.65
1788859560,2026-09-08T14:56:00,23643.4,23645.1,23641.55,23644.05
1788859575,2026-09-08T14:56:15,23644.45,23644.8,23641.75,23642
1788859590,2026-09-08T14:56:30,23643.5,23643.9,23640.05,23641.05
1788859605,2026-09-08T14:56:45,23641,23641.75,23639.7,23639.7
1788859620,2026-09-08T14:57:00,23641.15,23641.15,23638.25,23638.5
1788859635,2026-09-08T14:57:15,23639.25,23643.65,23638.3,23642
1788859650,2026-09-08T14:57:30,23643.7,23645.4,23642.35,23644.95
1788859665,2026-09-08T14:57:45,23645.75,23646.55,23644,23644.7
1788859680,2026-09-08T14:58:00,23645.55,23646.45,23643.85,23645.65
1788859695,2026-09-08T14:58:15,23646.55,23648.3,23645.15,23647
1788859710,2026-09-08T14:58:30,23647.75,23647.75,23645.75,23647.2
1788859725,2026-09-08T14:58:45,23647.2,23647.5,23645.75,23646.05
1788859740,2026-09-08T14:59:00,23646.7,23646.7,23643.35,23645
1788859755,2026-09-08T14:59:15,23644.55,23645.3,23643.65,23643.95
1788859770,2026-09-08T14:59:30,23643.8,23646,23643.7,23645.8
1788859785,2026-09-08T14:59:45,23646.05,23646.85,23643.85,23644.55
1788859800,2026-09-08T15:00:00,23642.75,23642.75,23639.15,23639.6
1788859815,2026-09-08T15:00:15,23638.9,23643,23638.75,23641.75
1788859830,2026-09-08T15:00:30,23641.75,23643.25,23640.65,23641.6
1788859845,2026-09-08T15:00:45,23641.7,23643.5,23641.2,23643.3
1788859860,2026-09-08T15:01:00,23642.7,23642.95,23641.5,23641.95
1788859875,2026-09-08T15:01:15,23642.15,23644.15,23640.7,23643
1788859890,2026-09-08T15:01:30,23643.15,23647,23643,23646.6
1788859905,2026-09-08T15:01:45,23646.45,23648.45,23646.1,23647.8
1788859920,2026-09-08T15:02:00,23647.3,23649.4,23647.1,23648.2
1788859935,2026-09-08T15:02:15,23648.35,23649.55,23648.15,23648.95
1788859950,2026-09-08T15:02:30,23648.3,23648.4,23644.4,23644.8
1788859965,2026-09-08T15:02:45,23644.7,23645.95,23642.4,23643.1
1788859980,2026-09-08T15:03:00,23643.15,23644.75,23642.55,23643.35
1788859995,2026-09-08T15:03:15,23643.8,23644.05,23642.15,23643.05
1788860010,2026-09-08T15:03:30,23642.45,23643.1,23641.15,23641.9
1788860025,2026-09-08T15:03:45,23642.2,23642.4,23640.85,23641.4
1788860040,2026-09-08T15:04:00,23641.15,23642.75,23640.95,23641.5
1788860055,2026-09-08T15:04:15,23641.55,23643.65,23640.9,23643.1
1788860070,2026-09-08T15:04:30,23642.65,23643.65,23641.55,23642.9
1788860085,2026-09-08T15:04:45,23643.25,23643.55,23642.1,23642.25
1788860100,2026-09-08T15:05:00,23642.25,23643.55,23638.95,23640
1788860115,2026-09-08T15:05:15,23639.7,23641,23639.3,23640.6
1788860130,2026-09-08T15:05:30,23640.65,23641.2,23639.3,23640.9
1788860145,2026-09-08T15:05:45,23641,23641.8,23639.75,23640
1788860160,2026-09-08T15:06:00,23640.65,23642.75,23639.55,23642.55
1788860175,2026-09-08T15:06:15,23641.85,23643.3,23640.55,23641.45
1788860190,2026-09-08T15:06:30,23641.3,23642.25,23640,23641.7
1788860205,2026-09-08T15:06:45,23641.95,23642.35,23639.95,23640.85
1788860220,2026-09-08T15:07:00,23640.5,23643.5,23640.5,23643.45
1788860235,2026-09-08T15:07:15,23643.05,23644.15,23642,23643.6
1788860250,2026-09-08T15:07:30,23644.2,23644.2,23641.95,23642
1788860265,2026-09-08T15:07:45,23642.5,23643.05,23641.2,23641.35
1788860280,2026-09-08T15:08:00,23641.95,23641.95,23639.7,23640.25
1788860295,2026-09-08T15:08:15,23640.7,23640.8,23638.9,23639.2
1788860310,2026-09-08T15:08:30,23639.95,23640.45,23638.05,23639.15
1788860325,2026-09-08T15:08:45,23639.4,23640.2,23638.35,23639.6
1788860340,2026-09-08T15:09:00,23639.65,23641.05,23637,23639.85
1788860355,2026-09-08T15:09:15,23639.85,23641.6,23639.35,23640.25
1788860370,2026-09-08T15:09:30,23640.85,23645.4,23640.45,23644.8
1788860385,2026-09-08T15:09:45,23645.8,23647.3,23644.15,23647.3
1788860400,2026-09-08T15:10:00,23646,23647.3,23644.65,23645.7
1788860415,2026-09-08T15:10:15,23647.1,23657,23647.1,23652.7
1788860430,2026-09-08T15:10:30,23653,23653.5,23650.25,23650.75
1788860445,2026-09-08T15:10:45,23650.75,23658.4,23650.7,23656.9
1788860460,2026-09-08T15:11:00,23656.35,23656.8,23653.7,23655
1788860475,2026-09-08T15:11:15,23655.35,23659.1,23654,23656.95
1788860490,2026-09-08T15:11:30,23658.35,23658.45,23654.25,23654.4
1788860505,2026-09-08T15:11:45,23656.05,23656.05,23653.8,23654.55
1788860520,2026-09-08T15:12:00,23655.25,23655.25,23648.05,23650.35
1788860535,2026-09-08T15:12:15,23652.95,23657.5,23649,23653.4
1788860550,2026-09-08T15:12:30,23653.7,23659.3,23651.7,23653.3
1788860565,2026-09-08T15:12:45,23654.4,23656.95,23650.6,23654.2
1788860580,2026-09-08T15:13:00,23654.15,23655.5,23647.45,23647.85
1788860595,2026-09-08T15:13:15,23648.4,23649.7,23641.3,23641.3
1788860610,2026-09-08T15:13:30,23642.05,23645.75,23638.7,23645.75
1788860625,2026-09-08T15:13:45,23645.5,23645.8,23640.35,23643.9
1788860640,2026-09-08T15:14:00,23640.95,23643.35,23634.9,23638.9
1788860655,2026-09-08T15:14:15,23639.3,23647.65,23634.1,23643.15
1788860670,2026-09-08T15:14:30,23644.4,23651.1,23641.45,23647.1
1788860685,2026-09-08T15:14:45,23646.8,23649.1,23634.55,23641.1
1788860700,2026-09-08T15:15:00,23640.05,23640.05,23640.05,23640.05
1788860715,2026-09-08T15:15:15,23640.05,23640.05,23640.05,23640.05
1788860730,2026-09-08T15:15:30,23640.05,23640.05,23640.05,23640.05
1788860745,2026-09-08T15:15:45,23640.05,23640.05,23640.05,23640.05
1788860760,2026-09-08T15:16:00,23640.05,23640.05,23640.05,23640.05
1788860775,2026-09-08T15:16:15,23640.05,23640.05,23640.05,23640.05
1788860790,2026-09-08T15:16:30,23640.05,23640.05,23640.05,23640.05
1788860805,2026-09-08T15:16:45,23640.05,23640.05,23640.05,23640.05
1788860820,2026-09-08T15:17:00,23640.05,23640.05,23640.05,23640.05
1788860835,2026-09-08T15:17:15,23640.05,23640.05,23640.05,23640.05
1788860850,2026-09-08T15:17:30,23640.05,23640.05,23640.05,23640.05
1788860865,2026-09-08T15:17:45,23640.05,23640.05,23640.05,23640.05
1788860880,2026-09-08T15:18:00,23640.05,23640.05,23640.05,23640.05
1788860895,2026-09-08T15:18:15,23640.05,23640.05,23640.05,23640.05
1788860910,2026-09-08T15:18:30,23640.05,23640.05,23640.05,23640.05
1788860925,2026-09-08T15:18:45,23640.05,23640.05,23640.05,23640.05
1788860940,2026-09-08T15:19:00,23640.05,23640.05,23640.05,23640.05
1788860955,2026-09-08T15:19:15,23640.05,23640.05,23640.05,23640.05
1788860970,2026-09-08T15:19:30,23640.05,23640.05,23640.05,23640.05
1788860985,2026-09-08T15:19:45,23640.05,23640.05,23640.05,23640.05
1788861000,2026-09-08T15:20:00,23640.05,23640.05,23640.05,23640.05
1788861015,2026-09-08T15:20:15,23640.05,23640.05,23640.05,23640.05
1788861030,2026-09-08T15:20:30,23640.05,23640.05,23640.05,23640.05
1788861045,2026-09-08T15:20:45,23640.05,23640.05,23640.05,23640.05
1788861060,2026-09-08T15:21:00,23640.05,23640.05,23640.05,23640.05
1788861075,2026-09-08T15:21:15,23640.05,23640.05,23640.05,23640.05
1788861090,2026-09-08T15:21:30,23640.05,23640.05,23640.05,23640.05
1788861105,2026-09-08T15:21:45,23640.05,23640.05,23640.05,23640.05
1788861120,2026-09-08T15:22:00,23640.05,23640.05,23640.05,23640.05
1788861135,2026-09-08T15:22:15,23640.05,23640.05,23640.05,23640.05
1788861150,2026-09-08T15:22:30,23640.05,23640.05,23640.05,23640.05
1788861165,2026-09-08T15:22:45,23640.05,23640.05,23640.05,23640.05
1788861180,2026-09-08T15:23:00,23640.05,23640.05,23640.05,23640.05
1788861195,2026-09-08T15:23:15,23640.05,23640.05,23640.05,23640.05
1788861210,2026-09-08T15:23:30,23640.05,23640.05,23640.05,23640.05
1788861225,2026-09-08T15:23:45,23640.05,23640.05,23640.05,23640.05
1788861240,2026-09-08T15:24:00,23640.05,23640.05,23640.05,23640.05
1788861255,2026-09-08T15:24:15,23640.05,23640.05,23640.05,23640.05
1788861270,2026-09-08T15:24:30,23640.05,23640.05,23640.05,23640.05
1788861285,2026-09-08T15:24:45,23640.05,23640.05,23640.05,23640.05
1788861300,2026-09-08T15:25:00,23640.05,23640.05,23640.05,23640.05
1788861315,2026-09-08T15:25:15,23640.05,23640.05,23640.05,23640.05
1788861330,2026-09-08T15:25:30,23640.05,23640.05,23640.05,23640.05
1788861345,2026-09-08T15:25:45,23640.05,23640.05,23640.05,23640.05
1788861360,2026-09-08T15:26:00,23640.05,23640.05,23640.05,23640.05
1788861375,2026-09-08T15:26:15,23640.05,23640.05,23640.05,23640.05
1788861390,2026-09-08T15:26:30,23640.05,23640.05,23640.05,23640.05
1788861405,2026-09-08T15:26:45,23640.05,23640.05,23640.05,23640.05
1788861420,2026-09-08T15:27:00,23640.05,23640.05,23640.05,23640.05
1788861435,2026-09-08T15:27:15,23640.05,23640.05,23640.05,23640.05
1788861450,2026-09-08T15:27:30,23640.05,23640.05,23640.05,23640.05
1788861465,2026-09-08T15:27:45,23640.05,23640.05,23640.05,23640.05
1788861480,2026-09-08T15:28:00,23640.05,23640.05,23640.05,23640.05
1788861495,2026-09-08T15:28:15,23640.05,23640.05,23640.05,23640.05
1788861510,2026-09-08T15:28:30,23640.05,23640.05,23640.05,23640.05
1788861525,2026-09-08T15:28:45,23640.05,23640.05,23640.05,23640.05
1788861540,2026-09-08T15:29:00,23640.05,23640.05,23640.05,23640.05
1788861555,2026-09-08T15:29:15,23640.05,23640.05,23635.1,23635.1
1788861570,2026-09-08T15:29:30,23635.1,23635.1,23635.1,23635.1
1788861585,2026-09-08T15:29:45,23635.1,23635.1,23635.1,23635.1
