Epoch,Timestamp,Open,High,Low,Close
1790826300,2026-10-01T09:15:00,22554.5,22557.7,22523.55,22545.7
1790826315,2026-10-01T09:15:15,22547.55,22554.2,22536.65,22546.55
1790826330,2026-10-01T09:15:30,22548.05,22552.75,22539.3,22550.85
1790826345,2026-10-01T09:15:45,22552.1,22555.2,22545.65,22552.0
1790826360,2026-10-01T09:16:00,22551.95,22568.7,22548.95,22563.6
1790826375,2026-10-01T09:16:15,22563.8,22583.2,22561.8,22583.05
1790826390,2026-10-01T09:16:30,22584.0,22584.0,22575.65,22579.5
1790826405,2026-10-01T09:16:45,22580.05,22589.35,22579.05,22581.75
1790826420,2026-10-01T09:17:00,22582.15,22587.0,22579.3,22585.4
1790826435,2026-10-01T09:17:15,22586.4,22586.4,22551.75,22556.0
1790826450,2026-10-01T09:17:30,22556.1,22573.8,22554.95,22569.75
1790826465,2026-10-01T09:17:45,22569.5,22571.5,22565.65,22569.85
1790826480,2026-10-01T09:18:00,22569.3,22580.85,22569.3,22580.85
1790826495,2026-10-01T09:18:15,22580.95,22582.45,22573.45,22575.9
1790826510,2026-10-01T09:18:30,22575.55,22577.75,22570.9,22573.4
1790826525,2026-10-01T09:18:45,22573.7,22575.15,22566.4,22570.75
1790826540,2026-10-01T09:19:00,22571.1,22571.1,22554.9,22556.8
1790826555,2026-10-01T09:19:15,22556.45,22564.15,22555.7,22560.1
1790826570,2026-10-01T09:19:30,22559.55,22566.35,22556.9,22565.1
1790826585,2026-10-01T09:19:45,22565.55,22568.25,22548.35,22556.05
1790826600,2026-10-01T09:20:00,22554.5,22560.0,22551.45,22557.65
1790826615,2026-10-01T09:20:15,22557.6,22563.65,22553.9,22558.0
1790826630,2026-10-01T09:20:30,22557.9,22558.3,22546.1,22546.4
1790826645,2026-10-01T09:20:45,22546.4,22549.65,22544.55,22546.35
1790826660,2026-10-01T09:21:00,22546.2,22548.3,22541.0,22543.45
1790826675,2026-10-01T09:21:15,22543.65,22551.2,22542.7,22547.9
1790826690,2026-10-01T09:21:30,22547.7,22547.7,22539.5,22540.95
1790826705,2026-10-01T09:21:45,22540.4,22541.6,22535.8,22540.75
1790826720,2026-10-01T09:22:00,22539.6,22543.25,22535.35,22536.6
1790826735,2026-10-01T09:22:15,22536.8,22538.25,22531.05,22532.6
1790826750,2026-10-01T09:22:30,22532.55,22535.45,22530.8,22533.2
1790826765,2026-10-01T09:22:45,22533.2,22534.55,22529.95,22530.55
1790826780,2026-10-01T09:23:00,22530.95,22530.95,22523.75,22524.9
1790826795,2026-10-01T09:23:15,22524.4,22527.8,22520.4,22521.45
1790826810,2026-10-01T09:23:30,22521.35,22523.35,22519.3,22520.6
1790826825,2026-10-01T09:23:45,22521.2,22526.15,22518.6,22520.3
1790826840,2026-10-01T09:24:00,22520.3,22521.15,22515.4,22515.4
1790826855,2026-10-01T09:24:15,22515.65,22515.65,22509.45,22512.45
1790826870,2026-10-01T09:24:30,22512.45,22515.45,22509.2,22514.65
1790826885,2026-10-01T09:24:45,22514.6,22515.25,22511.25,22513.45
1790826900,2026-10-01T09:25:00,22512.65,22513.65,22508.35,22512.1
1790826915,2026-10-01T09:25:15,22512.1,22519.3,22512.1,22516.95
1790826930,2026-10-01T09:25:30,22516.3,22521.4,22513.6,22518.2
1790826945,2026-10-01T09:25:45,22518.5,22519.5,22514.3,22516.15
1790826960,2026-10-01T09:26:00,22515.75,22527.4,22514.45,22526.75
1790826975,2026-10-01T09:26:15,22526.85,22530.45,22521.8,22528.6
1790826990,2026-10-01T09:26:30,22528.25,22528.95,22520.4,22526.65
1790827005,2026-10-01T09:26:45,22527.15,22528.25,22519.7,22522.05
1790827020,2026-10-01T09:27:00,22522.2,22523.25,22514.2,22516.7
1790827035,2026-10-01T09:27:15,22518.5,22518.9,22511.5,22516.35
1790827050,2026-10-01T09:27:30,22515.25,22521.35,22514.0,22521.15
1790827065,2026-10-01T09:27:45,22521.15,22526.1,22520.1,22522.75
1790827080,2026-10-01T09:28:00,22522.8,22525.95,22520.8,22525.6
1790827095,2026-10-01T09:28:15,22525.85,22533.15,22524.35,22533.15
1790827110,2026-10-01T09:28:30,22533.1,22536.3,22530.75,22532.85
1790827125,2026-10-01T09:28:45,22533.05,22537.5,22532.8,22536.8
1790827140,2026-10-01T09:29:00,22537.3,22537.3,22531.35,22536.25
1790827155,2026-10-01T09:29:15,22536.35,22540.75,22535.75,22540.05
1790827170,2026-10-01T09:29:30,22539.35,22542.85,22538.9,22541.15
1790827185,2026-10-01T09:29:45,22540.45,22541.2,22538.2,22539.8
1790827200,2026-10-01T09:30:00,22540.15,22545.85,22537.3,22545.85
1790827215,2026-10-01T09:30:15,22546.05,22549.45,22545.0,22549.45
1790827230,2026-10-01T09:30:30,22549.8,22557.5,22549.4,22556.9
1790827245,2026-10-01T09:30:45,22557.1,22567.85,22557.0,22567.4
1790827260,2026-10-01T09:31:00,22567.6,22573.0,22563.9,22573.0
1790827275,2026-10-01T09:31:15,22573.05,22577.25,22571.0,22572.2
1790827290,2026-10-01T09:31:30,22571.4,22577.6,22564.55,22564.85
1790827305,2026-10-01T09:31:45,22564.65,22565.85,22560.65,22564.3
1790827320,2026-10-01T09:32:00,22564.35,22568.4,22563.2,22567.35
1790827335,2026-10-01T09:32:15,22567.0,22574.1,22566.8,22573.6
1790827350,2026-10-01T09:32:30,22572.25,22576.85,22570.75,22576.75
1790827365,2026-10-01T09:32:45,22577.1,22578.5,22566.4,22567.0
1790827380,2026-10-01T09:33:00,22566.85,22576.15,22566.65,22574.95
1790827395,2026-10-01T09:33:15,22575.2,22576.35,22573.35,22574.75
1790827410,2026-10-01T09:33:30,22574.5,22575.4,22569.55,22571.2
1790827425,2026-10-01T09:33:45,22571.5,22573.45,22569.75,22570.7
1790827440,2026-10-01T09:34:00,22570.4,22570.9,22558.6,22560.0
1790827455,2026-10-01T09:34:15,22560.05,22562.2,22555.05,22557.6
1790827470,2026-10-01T09:34:30,22557.7,22558.0,22544.05,22544.15
1790827485,2026-10-01T09:34:45,22543.95,22544.85,22537.9,22538.0
1790827500,2026-10-01T09:35:00,22538.05,22546.65,22538.05,22544.4
1790827515,2026-10-01T09:35:15,22544.95,22547.8,22542.35,22546.85
1790827530,2026-10-01T09:35:30,22547.05,22548.65,22543.15,22545.2
1790827545,2026-10-01T09:35:45,22545.45,22546.0,22541.7,22542.95
1790827560,2026-10-01T09:36:00,22542.8,22545.4,22541.4,22544.5
1790827575,2026-10-01T09:36:15,22544.55,22547.75,22542.8,22544.95
1790827590,2026-10-01T09:36:30,22544.4,22546.2,22536.65,22540.15
1790827605,2026-10-01T09:36:45,22539.5,22547.2,22539.5,22545.1
1790827620,2026-10-01T09:37:00,22544.65,22546.55,22540.2,22543.9
1790827635,2026-10-01T09:37:15,22543.5,22544.1,22538.0,22540.8
1790827650,2026-10-01T09:37:30,22540.55,22544.1,22539.0,22542.35
1790827665,2026-10-01T09:37:45,22543.35,22548.5,22541.25,22547.95
1790827680,2026-10-01T09:38:00,22547.55,22547.7,22545.55,22547.05
1790827695,2026-10-01T09:38:15,22546.85,22548.2,22544.75,22547.5
1790827710,2026-10-01T09:38:30,22547.55,22551.6,22546.8,22550.6
1790827725,2026-10-01T09:38:45,22550.2,22550.25,22543.75,22544.45
1790827740,2026-10-01T09:39:00,22544.45,22552.6,22542.2,22552.4
1790827755,2026-10-01T09:39:15,22552.4,22561.3,22552.05,22559.75
1790827770,2026-10-01T09:39:30,22559.95,22562.3,22559.1,22561.65
1790827785,2026-10-01T09:39:45,22561.85,22565.35,22558.15,22564.5
1790827800,2026-10-01T09:40:00,22564.4,22567.0,22561.35,22561.7
1790827815,2026-10-01T09:40:15,22561.55,22562.1,22557.95,22558.85
1790827830,2026-10-01T09:40:30,22558.45,22563.1,22557.65,22563.1
1790827845,2026-10-01T09:40:45,22563.0,22566.9,22561.6,22565.15
1790827860,2026-10-01T09:41:00,22564.05,22565.95,22559.6,22564.4
1790827875,2026-10-01T09:41:15,22564.65,22565.7,22561.15,22562.1
1790827890,2026-10-01T09:41:30,22562.0,22562.65,22558.0,22559.7
1790827905,2026-10-01T09:41:45,22559.55,22561.45,22555.05,22556.35
1790827920,2026-10-01T09:42:00,22556.0,22557.1,22554.05,22557.1
1790827935,2026-10-01T09:42:15,22556.75,22562.55,22556.05,22561.05
1790827950,2026-10-01T09:42:30,22560.95,22565.0,22560.5,22564.3
1790827965,2026-10-01T09:42:45,22564.15,22566.5,22563.5,22566.5
1790827980,2026-10-01T09:43:00,22565.9,22565.9,22561.9,22562.3
1790827995,2026-10-01T09:43:15,22562.55,22563.9,22558.1,22561.8
1790828010,2026-10-01T09:43:30,22562.15,22562.8,22558.4,22560.05
1790828025,2026-10-01T09:43:45,22560.4,22561.4,22556.85,22557.05
1790828040,2026-10-01T09:44:00,22557.35,22557.8,22555.55,22555.7
1790828055,2026-10-01T09:44:15,22555.75,22556.0,22547.95,22548.2
1790828070,2026-10-01T09:44:30,22547.7,22556.25,22547.3,22555.8
1790828085,2026-10-01T09:44:45,22555.55,22559.65,22551.15,22551.2
1790828100,2026-10-01T09:45:00,22551.2,22551.2,22546.35,22549.45
1790828115,2026-10-01T09:45:15,22549.1,22550.25,22536.25,22537.65
1790828130,2026-10-01T09:45:30,22537.05,22545.75,22534.85,22544.9
1790828145,2026-10-01T09:45:45,22546.0,22551.6,22545.65,22551.2
1790828160,2026-10-01T09:46:00,22551.05,22555.85,22551.05,22552.85
1790828175,2026-10-01T09:46:15,22552.8,22557.3,22552.45,22556.25
1790828190,2026-10-01T09:46:30,22555.85,22557.8,22555.2,22557.1
1790828205,2026-10-01T09:46:45,22556.8,22556.85,22552.0,22552.85
1790828220,2026-10-01T09:47:00,22553.45,22561.7,22552.2,22561.15
1790828235,2026-10-01T09:47:15,22561.15,22563.75,22560.05,22563.5
1790828250,2026-10-01T09:47:30,22562.15,22563.95,22560.0,22560.45
1790828265,2026-10-01T09:47:45,22560.75,22564.5,22559.1,22562.9
1790828280,2026-10-01T09:48:00,22562.75,22562.95,22558.3,22560.05
1790828295,2026-10-01T09:48:15,22560.35,22560.35,22556.1,22556.2
1790828310,2026-10-01T09:48:30,22556.25,22558.9,22554.7,22558.9
1790828325,2026-10-01T09:48:45,22558.7,22566.05,22558.65,22562.75
1790828340,2026-10-01T09:49:00,22562.75,22570.65,22562.05,22567.4
1790828355,2026-10-01T09:49:15,22566.95,22568.25,22563.0,22563.7
1790828370,2026-10-01T09:49:30,22564.1,22566.95,22558.25,22559.4
1790828385,2026-10-01T09:49:45,22559.35,22559.9,22555.5,22558.65
1790828400,2026-10-01T09:50:00,22558.5,22560.8,22558.5,22559.9
1790828415,2026-10-01T09:50:15,22559.85,22563.1,22559.65,22562.0
1790828430,2026-10-01T09:50:30,22561.75,22562.35,22558.85,22560.75
1790828445,2026-10-01T09:50:45,22560.75,22563.65,22560.75,22563.0
1790828460,2026-10-01T09:51:00,22562.6,22562.6,22559.45,22561.5
1790828475,2026-10-01T09:51:15,22561.3,22563.7,22559.05,22559.2
1790828490,2026-10-01T09:51:30,22558.2,22560.25,22552.35,22553.05
1790828505,2026-10-01T09:51:45,22551.75,22557.85,22551.15,22554.35
1790828520,2026-10-01T09:52:00,22553.8,22556.65,22552.95,22556.0
1790828535,2026-10-01T09:52:15,22556.7,22558.0,22555.8,22556.7
1790828550,2026-10-01T09:52:30,22556.15,22558.5,22556.15,22556.25
1790828565,2026-10-01T09:52:45,22556.45,22563.4,22556.35,22563.1
1790828580,2026-10-01T09:53:00,22562.65,22563.2,22552.0,22553.25
1790828595,2026-10-01T09:53:15,22553.3,22554.05,22549.0,22550.1
1790828610,2026-10-01T09:53:30,22549.6,22549.8,22545.05,22547.6
1790828625,2026-10-01T09:53:45,22547.1,22548.5,22544.5,22547.0
1790828640,2026-10-01T09:54:00,22546.05,22549.1,22543.8,22547.95
1790828655,2026-10-01T09:54:15,22548.0,22548.0,22544.3,22546.95
1790828670,2026-10-01T09:54:30,22546.75,22547.35,22542.9,22543.8
1790828685,2026-10-01T09:54:45,22543.65,22543.65,22538.5,22538.7
1790828700,2026-10-01T09:55:00,22539.2,22540.15,22533.7,22534.75
1790828715,2026-10-01T09:55:15,22533.65,22546.55,22532.55,22545.9
1790828730,2026-10-01T09:55:30,22545.7,22547.7,22545.2,22545.4
1790828745,2026-10-01T09:55:45,22544.25,22549.85,22544.0,22548.45
1790828760,2026-10-01T09:56:00,22547.6,22549.05,22544.7,22545.3
1790828775,2026-10-01T09:56:15,22545.1,22546.75,22538.95,22545.3
1790828790,2026-10-01T09:56:30,22545.1,22551.1,22544.85,22549.8
1790828805,2026-10-01T09:56:45,22549.85,22558.45,22549.85,22557.5
1790828820,2026-10-01T09:57:00,22557.45,22557.5,22552.0,22552.95
1790828835,2026-10-01T09:57:15,22552.35,22552.5,22544.95,22547.15
1790828850,2026-10-01T09:57:30,22547.1,22549.35,22546.2,22548.7
1790828865,2026-10-01T09:57:45,22548.6,22551.3,22547.6,22551.2
1790828880,2026-10-01T09:58:00,22550.75,22552.0,22547.3,22551.7
1790828895,2026-10-01T09:58:15,22551.2,22552.8,22549.35,22552.05
1790828910,2026-10-01T09:58:30,22551.2,22557.0,22551.0,22556.85
1790828925,2026-10-01T09:58:45,22556.85,22559.95,22555.95,22558.7
1790828940,2026-10-01T09:59:00,22558.0,22564.8,22556.9,22564.5
1790828955,2026-10-01T09:59:15,22564.45,22568.9,22563.7,22567.85
1790828970,2026-10-01T09:59:30,22568.15,22570.85,22566.35,22568.65
1790828985,2026-10-01T09:59:45,22568.25,22571.1,22568.2,22570.25
1790829000,2026-10-01T10:00:00,22570.45,22574.05,22567.6,22573.95
1790829015,2026-10-01T10:00:15,22574.85,22579.05,22574.85,22578.1
1790829030,2026-10-01T10:00:30,22577.7,22581.55,22576.3,22581.35
1790829045,2026-10-01T10:00:45,22581.3,22583.8,22580.5,22583.65
1790829060,2026-10-01T10:01:00,22583.6,22592.3,22582.6,22591.95
1790829075,2026-10-01T10:01:15,22591.7,22595.4,22591.7,22595.05
1790829090,2026-10-01T10:01:30,22594.4,22596.3,22591.0,22592.0
1790829105,2026-10-01T10:01:45,22591.85,22595.8,22590.3,22593.9
1790829120,2026-10-01T10:02:00,22593.45,22594.9,22591.25,22593.55
1790829135,2026-10-01T10:02:15,22593.6,22600.55,22593.6,22599.1
1790829150,2026-10-01T10:02:30,22599.1,22601.8,22598.0,22598.4
1790829165,2026-10-01T10:02:45,22597.65,22598.2,22592.45,22593.65
1790829180,2026-10-01T10:03:00,22593.6,22595.45,22586.85,22587.25
1790829195,2026-10-01T10:03:15,22587.05,22590.9,22585.75,22590.65
1790829210,2026-10-01T10:03:30,22591.1,22592.1,22588.35,22590.55
1790829225,2026-10-01T10:03:45,22590.65,22599.75,22589.35,22592.7
1790829240,2026-10-01T10:04:00,22592.35,22595.25,22590.35,22595.15
1790829255,2026-10-01T10:04:15,22595.35,22598.55,22594.5,22597.55
1790829270,2026-10-01T10:04:30,22597.75,22598.9,22595.25,22596.45
1790829285,2026-10-01T10:04:45,22596.85,22601.8,22595.8,22599.55
1790829300,2026-10-01T10:05:00,22599.5,22599.75,22596.4,22599.3
1790829315,2026-10-01T10:05:15,22599.55,22601.5,22597.25,22600.3
1790829330,2026-10-01T10:05:30,22599.45,22602.3,22598.9,22600.15
1790829345,2026-10-01T10:05:45,22600.45,22602.9,22599.4,22602.4
1790829360,2026-10-01T10:06:00,22601.55,22605.35,22601.35,22605.0
1790829375,2026-10-01T10:06:15,22604.85,22606.05,22602.9,22604.0
1790829390,2026-10-01T10:06:30,22604.05,22606.65,22603.1,22604.05
1790829405,2026-10-01T10:06:45,22604.45,22606.55,22602.7,22606.55
1790829420,2026-10-01T10:07:00,22605.5,22605.9,22602.4,22604.1
1790829435,2026-10-01T10:07:15,22603.75,22606.75,22602.2,22605.35
1790829450,2026-10-01T10:07:30,22605.45,22609.75,22605.05,22608.6
1790829465,2026-10-01T10:07:45,22608.65,22610.55,22606.7,22609.15
1790829480,2026-10-01T10:08:00,22608.25,22608.7,22600.05,22600.25
1790829495,2026-10-01T10:08:15,22600.65,22602.75,22598.45,22600.75
1790829510,2026-10-01T10:08:30,22600.3,22601.6,22594.55,22595.8
1790829525,2026-10-01T10:08:45,22595.9,22596.5,22582.75,22586.8
1790829540,2026-10-01T10:09:00,22586.4,22586.75,22582.8,22584.45
1790829555,2026-10-01T10:09:15,22584.25,22591.55,22583.15,22590.2
1790829570,2026-10-01T10:09:30,22589.75,22590.8,22584.2,22584.85
1790829585,2026-10-01T10:09:45,22584.75,22588.5,22582.9,22583.55
1790829600,2026-10-01T10:10:00,22583.65,22583.65,22572.55,22574.6
1790829615,2026-10-01T10:10:15,22574.5,22583.95,22574.0,22581.7
1790829630,2026-10-01T10:10:30,22581.7,22581.7,22577.4,22580.25
1790829645,2026-10-01T10:10:45,22580.05,22587.5,22578.55,22587.2
1790829660,2026-10-01T10:11:00,22587.4,22589.6,22585.75,22588.9
1790829675,2026-10-01T10:11:15,22588.45,22590.55,22588.45,22590.35
1790829690,2026-10-01T10:11:30,22590.25,22593.1,22589.05,22592.35
1790829705,2026-10-01T10:11:45,22592.15,22592.15,22579.15,22580.6
1790829720,2026-10-01T10:12:00,22580.2,22580.55,22573.05,22573.05
1790829735,2026-10-01T10:12:15,22572.55,22574.45,22570.3,22570.85
1790829750,2026-10-01T10:12:30,22570.8,22573.35,22568.95,22572.3
1790829765,2026-10-01T10:12:45,22573.0,22574.3,22570.7,22573.35
1790829780,2026-10-01T10:13:00,22572.8,22574.25,22571.5,22572.65
1790829795,2026-10-01T10:13:15,22571.65,22573.55,22567.1,22571.95
1790829810,2026-10-01T10:13:30,22571.5,22572.0,22568.2,22568.95
1790829825,2026-10-01T10:13:45,22568.95,22569.85,22566.0,22568.95
1790829840,2026-10-01T10:14:00,22568.95,22570.05,22565.1,22565.1
1790829855,2026-10-01T10:14:15,22565.3,22570.9,22565.3,22569.95
1790829870,2026-10-01T10:14:30,22570.0,22573.0,22568.9,22572.3
1790829885,2026-10-01T10:14:45,22572.3,22575.35,22571.05,22574.65
1790829900,2026-10-01T10:15:00,22574.15,22574.6,22572.4,22573.2
1790829915,2026-10-01T10:15:15,22573.7,22575.2,22570.5,22573.3
1790829930,2026-10-01T10:15:30,22573.2,22576.6,22572.75,22575.1
1790829945,2026-10-01T10:15:45,22575.2,22575.2,22570.1,22571.4
1790829960,2026-10-01T10:16:00,22570.75,22571.0,22569.25,22570.2
1790829975,2026-10-01T10:16:15,22570.25,22578.35,22570.2,22577.0
1790829990,2026-10-01T10:16:30,22577.05,22580.9,22575.1,22580.9
1790830005,2026-10-01T10:16:45,22580.7,22583.3,22580.3,22580.75
1790830020,2026-10-01T10:17:00,22580.5,22580.5,22572.15,22574.7
1790830035,2026-10-01T10:17:15,22574.75,22575.8,22568.5,22569.95
1790830050,2026-10-01T10:17:30,22569.95,22571.95,22567.65,22570.55
1790830065,2026-10-01T10:17:45,22570.4,22572.85,22568.85,22572.75
1790830080,2026-10-01T10:18:00,22572.65,22578.4,22572.25,22578.05
1790830095,2026-10-01T10:18:15,22577.85,22580.9,22577.3,22580.05
1790830110,2026-10-01T10:18:30,22579.6,22579.6,22573.55,22577.95
1790830125,2026-10-01T10:18:45,22578.0,22578.75,22574.8,22576.0
1790830140,2026-10-01T10:19:00,22575.75,22576.25,22573.95,22574.15
1790830155,2026-10-01T10:19:15,22574.0,22575.25,22571.35,22572.1
1790830170,2026-10-01T10:19:30,22572.15,22574.4,22571.3,22573.9
1790830185,2026-10-01T10:19:45,22574.0,22574.15,22568.55,22568.75
1790830200,2026-10-01T10:20:00,22567.65,22569.35,22565.1,22567.95
1790830215,2026-10-01T10:20:15,22568.4,22571.0,22567.35,22570.6
1790830230,2026-10-01T10:20:30,22570.25,22570.25,22566.0,22566.8
1790830245,2026-10-01T10:20:45,22566.75,22567.75,22565.2,22567.45
1790830260,2026-10-01T10:21:00,22566.75,22572.05,22566.25,22571.2
1790830275,2026-10-01T10:21:15,22571.6,22572.1,22567.4,22568.0
1790830290,2026-10-01T10:21:30,22567.6,22569.7,22567.15,22567.15
1790830305,2026-10-01T10:21:45,22567.4,22568.0,22564.4,22567.15
1790830320,2026-10-01T10:22:00,22567.3,22570.7,22566.45,22569.65
1790830335,2026-10-01T10:22:15,22569.5,22570.65,22568.0,22570.2
1790830350,2026-10-01T10:22:30,22570.1,22570.75,22566.8,22567.3
1790830365,2026-10-01T10:22:45,22567.6,22568.8,22562.45,22562.55
1790830380,2026-10-01T10:23:00,22561.25,22564.25,22560.45,22563.85
1790830395,2026-10-01T10:23:15,22564.2,22568.25,22564.2,22566.95
1790830410,2026-10-01T10:23:30,22566.2,22566.6,22564.4,22565.7
1790830425,2026-10-01T10:23:45,22565.65,22567.15,22564.7,22566.6
1790830440,2026-10-01T10:24:00,22565.8,22566.1,22561.2,22561.3
1790830455,2026-10-01T10:24:15,22561.55,22562.45,22557.3,22561.95
1790830470,2026-10-01T10:24:30,22562.05,22564.55,22558.9,22559.7
1790830485,2026-10-01T10:24:45,22559.85,22562.3,22558.25,22560.55
1790830500,2026-10-01T10:25:00,22560.55,22563.95,22558.85,22563.95
1790830515,2026-10-01T10:25:15,22564.45,22567.6,22564.45,22566.2
1790830530,2026-10-01T10:25:30,22566.0,22566.0,22562.1,22562.1
1790830545,2026-10-01T10:25:45,22562.0,22565.35,22562.0,22564.0
1790830560,2026-10-01T10:26:00,22563.8,22564.1,22560.4,22561.8
1790830575,2026-10-01T10:26:15,22562.05,22562.6,22559.5,22560.1
1790830590,2026-10-01T10:26:30,22560.1,22560.7,22557.9,22558.9
1790830605,2026-10-01T10:26:45,22559.1,22559.5,22552.9,22554.25
1790830620,2026-10-01T10:27:00,22553.1,22553.8,22549.65,22550.45
1790830635,2026-10-01T10:27:15,22550.6,22552.5,22549.8,22552.45
1790830650,2026-10-01T10:27:30,22552.1,22556.5,22552.1,22555.3
1790830665,2026-10-01T10:27:45,22554.65,22556.1,22551.5,22552.05
1790830680,2026-10-01T10:28:00,22551.4,22552.05,22548.5,22549.4
1790830695,2026-10-01T10:28:15,22549.25,22549.7,22543.0,22544.05
1790830710,2026-10-01T10:28:30,22543.2,22548.85,22543.2,22548.6
1790830725,2026-10-01T10:28:45,22548.8,22556.2,22548.75,22555.5
1790830740,2026-10-01T10:29:00,22555.4,22558.9,22555.4,22556.9
1790830755,2026-10-01T10:29:15,22557.45,22558.1,22552.95,22556.75
1790830770,2026-10-01T10:29:30,22556.6,22557.65,22555.0,22556.8
1790830785,2026-10-01T10:29:45,22556.7,22561.6,22556.65,22561.15
1790830800,2026-10-01T10:30:00,22560.55,22561.45,22558.0,22558.95
1790830815,2026-10-01T10:30:15,22559.0,22561.2,22558.75,22559.55
1790830830,2026-10-01T10:30:30,22559.65,22564.2,22558.65,22563.75
1790830845,2026-10-01T10:30:45,22563.8,22569.15,22563.8,22568.1
1790830860,2026-10-01T10:31:00,22568.3,22572.9,22567.75,22572.55
1790830875,2026-10-01T10:31:15,22572.45,22573.0,22568.6,22569.65
1790830890,2026-10-01T10:31:30,22569.35,22573.05,22568.6,22572.85
1790830905,2026-10-01T10:31:45,22572.65,22579.35,22572.65,22579.15
1790830920,2026-10-01T10:32:00,22579.45,22580.0,22577.5,22578.8
1790830935,2026-10-01T10:32:15,22578.85,22579.15,22576.5,22577.65
1790830950,2026-10-01T10:32:30,22577.2,22579.5,22576.55,22579.0
1790830965,2026-10-01T10:32:45,22579.0,22587.35,22577.9,22586.7
1790830980,2026-10-01T10:33:00,22586.75,22592.25,22583.95,22591.2
1790830995,2026-10-01T10:33:15,22591.7,22592.6,22588.7,22588.85
1790831010,2026-10-01T10:33:30,22588.2,22588.7,22585.25,22585.25
1790831025,2026-10-01T10:33:45,22585.3,22585.3,22581.1,22581.2
1790831040,2026-10-01T10:34:00,22580.95,22580.95,22576.2,22576.5
1790831055,2026-10-01T10:34:15,22576.75,22579.45,22575.75,22578.65
1790831070,2026-10-01T10:34:30,22578.3,22582.3,22577.0,22579.85
1790831085,2026-10-01T10:34:45,22580.55,22581.65,22579.15,22579.55
1790831100,2026-10-01T10:35:00,22579.25,22580.35,22578.15,22579.35
1790831115,2026-10-01T10:35:15,22579.1,22584.65,22577.55,22584.65
1790831130,2026-10-01T10:35:30,22584.45,22584.9,22581.9,22582.15
1790831145,2026-10-01T10:35:45,22582.55,22585.2,22580.55,22584.7
1790831160,2026-10-01T10:36:00,22584.7,22585.45,22583.25,22585.45
1790831175,2026-10-01T10:36:15,22585.4,22592.55,22585.0,22591.2
1790831190,2026-10-01T10:36:30,22591.05,22594.4,22590.4,22593.45
1790831205,2026-10-01T10:36:45,22593.6,22594.0,22588.35,22588.35
1790831220,2026-10-01T10:37:00,22588.35,22589.5,22584.95,22585.15
1790831235,2026-10-01T10:37:15,22585.35,22590.05,22584.05,22589.25
1790831250,2026-10-01T10:37:30,22588.3,22590.6,22587.95,22590.1
1790831265,2026-10-01T10:37:45,22589.65,22591.3,22585.5,22585.5
1790831280,2026-10-01T10:38:00,22584.8,22585.25,22575.85,22576.9
1790831295,2026-10-01T10:38:15,22575.95,22581.1,22575.65,22580.7
1790831310,2026-10-01T10:38:30,22580.25,22583.9,22578.8,22583.9
1790831325,2026-10-01T10:38:45,22584.05,22585.15,22580.15,22583.05
1790831340,2026-10-01T10:39:00,22583.0,22583.65,22580.65,22583.15
1790831355,2026-10-01T10:39:15,22583.2,22583.25,22578.2,22578.35
1790831370,2026-10-01T10:39:30,22578.45,22579.75,22577.35,22579.0
1790831385,2026-10-01T10:39:45,22579.3,22581.3,22577.95,22580.95
1790831400,2026-10-01T10:40:00,22580.3,22582.5,22575.7,22576.5
1790831415,2026-10-01T10:40:15,22576.3,22576.3,22573.5,22574.8
1790831430,2026-10-01T10:40:30,22574.6,22577.65,22573.3,22577.3
1790831445,2026-10-01T10:40:45,22577.3,22577.3,22575.0,22576.15
1790831460,2026-10-01T10:41:00,22575.45,22577.35,22574.9,22576.4
1790831475,2026-10-01T10:41:15,22576.4,22577.05,22575.1,22575.5
1790831490,2026-10-01T10:41:30,22575.6,22577.0,22574.25,22577.0
1790831505,2026-10-01T10:41:45,22576.9,22577.1,22574.15,22576.15
1790831520,2026-10-01T10:42:00,22575.15,22578.15,22574.3,22576.1
1790831535,2026-10-01T10:42:15,22576.05,22579.3,22575.8,22578.7
1790831550,2026-10-01T10:42:30,22578.65,22578.85,22573.35,22574.5
1790831565,2026-10-01T10:42:45,22574.5,22574.65,22568.9,22569.75
1790831580,2026-10-01T10:43:00,22569.8,22570.9,22568.8,22570.6
1790831595,2026-10-01T10:43:15,22571.05,22573.9,22570.8,22571.6
1790831610,2026-10-01T10:43:30,22571.5,22574.4,22570.2,22573.55
1790831625,2026-10-01T10:43:45,22573.55,22573.75,22569.0,22572.5
1790831640,2026-10-01T10:44:00,22571.2,22571.95,22567.05,22568.45
1790831655,2026-10-01T10:44:15,22569.1,22569.25,22565.5,22566.45
1790831670,2026-10-01T10:44:30,22566.1,22566.25,22564.25,22565.7
1790831685,2026-10-01T10:44:45,22565.55,22565.85,22562.75,22563.05
1790831700,2026-10-01T10:45:00,22562.95,22563.85,22562.2,22562.8
1790831715,2026-10-01T10:45:15,22563.2,22563.95,22559.35,22559.85
1790831730,2026-10-01T10:45:30,22558.95,22559.05,22551.85,22552.45
1790831745,2026-10-01T10:45:45,22552.05,22562.95,22552.05,22562.95
1790831760,2026-10-01T10:46:00,22562.9,22565.85,22561.25,22565.35
1790831775,2026-10-01T10:46:15,22565.45,22566.2,22561.85,22563.65
1790831790,2026-10-01T10:46:30,22563.95,22564.95,22560.7,22560.7
1790831805,2026-10-01T10:46:45,22560.9,22561.5,22557.8,22560.15
1790831820,2026-10-01T10:47:00,22559.85,22560.6,22557.6,22559.55
1790831835,2026-10-01T10:47:15,22559.5,22559.5,22555.95,22556.5
1790831850,2026-10-01T10:47:30,22556.9,22558.4,22554.45,22555.6
1790831865,2026-10-01T10:47:45,22555.6,22557.55,22555.6,22557.55
1790831880,2026-10-01T10:48:00,22557.2,22557.6,22551.55,22554.05
1790831895,2026-10-01T10:48:15,22554.2,22554.2,22549.1,22550.55
1790831910,2026-10-01T10:48:30,22550.2,22552.8,22547.9,22552.8
1790831925,2026-10-01T10:48:45,22552.9,22558.1,22552.8,22557.75
1790831940,2026-10-01T10:49:00,22557.35,22558.6,22555.7,22557.45
1790831955,2026-10-01T10:49:15,22556.7,22558.9,22555.75,22558.15
1790831970,2026-10-01T10:49:30,22557.7,22558.85,22554.3,22555.85
1790831985,2026-10-01T10:49:45,22555.7,22556.75,22553.6,22554.8
1790832000,2026-10-01T10:50:00,22555.3,22556.85,22553.75,22556.4
1790832015,2026-10-01T10:50:15,22558.15,22569.05,22558.15,22564.2
1790832030,2026-10-01T10:50:30,22564.25,22568.9,22562.35,22567.3
1790832045,2026-10-01T10:50:45,22567.8,22574.4,22567.65,22573.0
1790832060,2026-10-01T10:51:00,22572.45,22573.0,22569.25,22569.5
1790832075,2026-10-01T10:51:15,22569.6,22569.6,22565.95,22568.05
1790832090,2026-10-01T10:51:30,22567.45,22576.05,22567.4,22575.95
1790832105,2026-10-01T10:51:45,22575.65,22580.55,22575.05,22578.95
1790832120,2026-10-01T10:52:00,22578.95,22581.45,22574.1,22575.5
1790832135,2026-10-01T10:52:15,22575.2,22576.55,22568.4,22570.55
1790832150,2026-10-01T10:52:30,22570.6,22572.95,22567.15,22572.95
1790832165,2026-10-01T10:52:45,22573.05,22573.05,22567.8,22568.25
1790832180,2026-10-01T10:53:00,22567.65,22570.8,22565.55,22567.2
1790832195,2026-10-01T10:53:15,22566.85,22567.8,22561.8,22562.55
1790832210,2026-10-01T10:53:30,22562.25,22568.0,22561.25,22566.6
1790832225,2026-10-01T10:53:45,22567.15,22573.4,22565.9,22571.45
1790832240,2026-10-01T10:54:00,22571.0,22571.7,22565.55,22568.05
1790832255,2026-10-01T10:54:15,22567.95,22568.0,22557.9,22560.8
1790832270,2026-10-01T10:54:30,22560.0,22561.15,22558.05,22559.95
1790832285,2026-10-01T10:54:45,22560.1,22560.45,22554.75,22556.95
1790832300,2026-10-01T10:55:00,22556.85,22563.85,22554.95,22563.05
1790832315,2026-10-01T10:55:15,22563.05,22566.1,22562.15,22564.2
1790832330,2026-10-01T10:55:30,22563.6,22564.45,22559.9,22560.2
1790832345,2026-10-01T10:55:45,22560.55,22561.8,22553.65,22558.55
1790832360,2026-10-01T10:56:00,22558.5,22558.5,22553.7,22554.95
1790832375,2026-10-01T10:56:15,22554.9,22557.35,22554.35,22556.75
1790832390,2026-10-01T10:56:30,22556.8,22562.25,22554.75,22561.6
1790832405,2026-10-01T10:56:45,22561.4,22561.65,22558.6,22558.6
1790832420,2026-10-01T10:57:00,22559.05,22559.05,22553.2,22557.7
1790832435,2026-10-01T10:57:15,22558.3,22561.65,22558.2,22558.85
1790832450,2026-10-01T10:57:30,22559.25,22559.6,22554.25,22556.8
1790832465,2026-10-01T10:57:45,22557.15,22558.6,22556.5,22558.4
1790832480,2026-10-01T10:58:00,22558.4,22558.4,22553.6,22554.1
1790832495,2026-10-01T10:58:15,22554.0,22556.45,22552.1,22555.45
1790832510,2026-10-01T10:58:30,22555.6,22555.95,22553.15,22554.85
1790832525,2026-10-01T10:58:45,22554.65,22559.8,22554.5,22558.05
1790832540,2026-10-01T10:59:00,22557.8,22563.9,22556.35,22563.9
1790832555,2026-10-01T10:59:15,22564.05,22568.5,22563.55,22567.75
1790832570,2026-10-01T10:59:30,22566.85,22567.3,22561.3,22562.35
1790832585,2026-10-01T10:59:45,22562.25,22563.65,22561.25,22562.3
1790832600,2026-10-01T11:00:00,22561.85,22563.1,22558.45,22558.5
1790832615,2026-10-01T11:00:15,22558.65,22559.85,22555.6,22558.35
1790832630,2026-10-01T11:00:30,22558.7,22560.6,22556.7,22558.65
1790832645,2026-10-01T11:00:45,22559.4,22559.5,22558.05,22558.3
1790832660,2026-10-01T11:01:00,22557.9,22558.55,22556.2,22556.55
1790832675,2026-10-01T11:01:15,22556.75,22558.05,22553.9,22555.65
1790832690,2026-10-01T11:01:30,22555.1,22555.9,22552.85,22553.05
1790832705,2026-10-01T11:01:45,22553.4,22553.55,22551.45,22552.55
1790832720,2026-10-01T11:02:00,22552.65,22555.55,22552.0,22554.15
1790832735,2026-10-01T11:02:15,22554.15,22556.15,22553.4,22554.35
1790832750,2026-10-01T11:02:30,22553.9,22554.9,22553.2,22554.4
1790832765,2026-10-01T11:02:45,22553.15,22554.45,22551.8,22552.8
1790832780,2026-10-01T11:03:00,22552.65,22553.05,22545.55,22545.55
1790832795,2026-10-01T11:03:15,22544.8,22548.15,22543.75,22547.5
1790832810,2026-10-01T11:03:30,22547.05,22548.5,22545.95,22547.25
1790832825,2026-10-01T11:03:45,22547.25,22547.7,22544.65,22547.45
1790832840,2026-10-01T11:04:00,22547.45,22547.95,22545.55,22547.85
1790832855,2026-10-01T11:04:15,22546.6,22552.9,22546.25,22551.9
1790832870,2026-10-01T11:04:30,22551.85,22552.45,22549.8,22551.95
1790832885,2026-10-01T11:04:45,22551.0,22552.85,22547.45,22547.95
1790832900,2026-10-01T11:05:00,22547.35,22548.0,22542.7,22543.8
1790832915,2026-10-01T11:05:15,22543.15,22545.6,22541.5,22541.85
1790832930,2026-10-01T11:05:30,22542.0,22549.85,22541.95,22549.75
1790832945,2026-10-01T11:05:45,22548.95,22549.9,22546.0,22548.1
1790832960,2026-10-01T11:06:00,22547.75,22550.6,22547.7,22549.95
1790832975,2026-10-01T11:06:15,22549.85,22554.8,22548.3,22554.5
1790832990,2026-10-01T11:06:30,22553.7,22555.2,22551.25,22553.55
1790833005,2026-10-01T11:06:45,22553.5,22557.3,22553.5,22556.95
1790833020,2026-10-01T11:07:00,22555.8,22555.85,22550.8,22552.45
1790833035,2026-10-01T11:07:15,22552.65,22553.9,22549.4,22550.5
1790833050,2026-10-01T11:07:30,22549.7,22551.6,22544.65,22546.5
1790833065,2026-10-01T11:07:45,22546.55,22548.35,22543.15,22546.65
1790833080,2026-10-01T11:08:00,22546.4,22549.05,22545.85,22548.05
1790833095,2026-10-01T11:08:15,22547.1,22547.7,22542.2,22546.05
1790833110,2026-10-01T11:08:30,22546.2,22546.35,22543.25,22545.25
1790833125,2026-10-01T11:08:45,22545.1,22545.65,22539.7,22541.1
1790833140,2026-10-01T11:09:00,22540.7,22540.85,22538.05,22540.75
1790833155,2026-10-01T11:09:15,22539.65,22541.15,22538.5,22540.2
1790833170,2026-10-01T11:09:30,22540.3,22540.65,22536.3,22537.2
1790833185,2026-10-01T11:09:45,22535.7,22536.9,22532.65,22535.15
1790833200,2026-10-01T11:10:00,22534.6,22537.4,22533.1,22537.1
1790833215,2026-10-01T11:10:15,22536.35,22540.1,22536.25,22539.65
1790833230,2026-10-01T11:10:30,22539.0,22540.5,22537.3,22537.35
1790833245,2026-10-01T11:10:45,22536.75,22539.6,22535.2,22539.55
1790833260,2026-10-01T11:11:00,22539.2,22545.9,22538.45,22545.3
1790833275,2026-10-01T11:11:15,22543.9,22546.4,22541.45,22544.25
1790833290,2026-10-01T11:11:30,22544.2,22545.8,22543.65,22544.4
1790833305,2026-10-01T11:11:45,22544.15,22546.3,22543.6,22545.75
1790833320,2026-10-01T11:12:00,22545.85,22549.2,22544.45,22547.65
1790833335,2026-10-01T11:12:15,22546.2,22548.85,22545.7,22545.95
1790833350,2026-10-01T11:12:30,22544.9,22546.5,22542.3,22542.7
1790833365,2026-10-01T11:12:45,22542.3,22543.85,22541.65,22543.2
1790833380,2026-10-01T11:13:00,22543.2,22545.45,22543.0,22545.1
1790833395,2026-10-01T11:13:15,22543.6,22547.1,22543.2,22546.0
1790833410,2026-10-01T11:13:30,22545.95,22547.9,22542.2,22546.6
1790833425,2026-10-01T11:13:45,22546.15,22548.35,22545.65,22547.65
1790833440,2026-10-01T11:14:00,22547.6,22547.75,22544.6,22546.45
1790833455,2026-10-01T11:14:15,22546.4,22547.75,22542.35,22543.25
1790833470,2026-10-01T11:14:30,22542.5,22546.4,22542.0,22545.4
1790833485,2026-10-01T11:14:45,22544.85,22547.35,22544.4,22546.55
1790833500,2026-10-01T11:15:00,22546.0,22549.3,22546.0,22548.75
1790833515,2026-10-01T11:15:15,22548.9,22553.65,22547.8,22552.65
1790833530,2026-10-01T11:15:30,22552.15,22553.4,22547.2,22548.45
1790833545,2026-10-01T11:15:45,22548.5,22552.95,22547.25,22552.2
1790833560,2026-10-01T11:16:00,22552.0,22553.2,22550.45,22551.15
1790833575,2026-10-01T11:16:15,22550.15,22554.2,22549.3,22553.15
1790833590,2026-10-01T11:16:30,22553.4,22556.95,22553.4,22554.45
1790833605,2026-10-01T11:16:45,22554.2,22556.0,22552.7,22556.0
1790833620,2026-10-01T11:17:00,22555.8,22558.9,22554.55,22558.55
1790833635,2026-10-01T11:17:15,22557.65,22563.45,22557.3,22563.45
1790833650,2026-10-01T11:17:30,22562.55,22565.65,22561.9,22563.85
1790833665,2026-10-01T11:17:45,22562.75,22563.7,22558.2,22559.35
1790833680,2026-10-01T11:18:00,22559.1,22563.9,22557.55,22563.05
1790833695,2026-10-01T11:18:15,22564.2,22564.95,22561.55,22564.8
1790833710,2026-10-01T11:18:30,22564.8,22564.95,22561.6,22561.6
1790833725,2026-10-01T11:18:45,22561.9,22562.5,22557.5,22559.1
1790833740,2026-10-01T11:19:00,22559.3,22560.0,22558.25,22558.45
1790833755,2026-10-01T11:19:15,22558.65,22559.5,22552.65,22554.75
1790833770,2026-10-01T11:19:30,22554.75,22554.75,22549.9,22550.4
1790833785,2026-10-01T11:19:45,22550.2,22558.95,22549.2,22558.2
1790833800,2026-10-01T11:20:00,22557.85,22561.95,22557.8,22561.1
1790833815,2026-10-01T11:20:15,22561.05,22561.45,22558.85,22560.0
1790833830,2026-10-01T11:20:30,22559.2,22560.5,22556.5,22558.35
1790833845,2026-10-01T11:20:45,22557.4,22559.3,22556.5,22557.6
1790833860,2026-10-01T11:21:00,22557.25,22557.55,22545.25,22547.7
1790833875,2026-10-01T11:21:15,22548.55,22551.05,22545.65,22548.05
1790833890,2026-10-01T11:21:30,22547.6,22551.7,22547.2,22550.9
1790833905,2026-10-01T11:21:45,22549.55,22554.55,22549.2,22554.05
1790833920,2026-10-01T11:22:00,22552.9,22553.35,22549.8,22549.8
1790833935,2026-10-01T11:22:15,22549.0,22552.4,22546.15,22548.0
1790833950,2026-10-01T11:22:30,22547.7,22547.7,22543.1,22544.1
1790833965,2026-10-01T11:22:45,22544.3,22544.3,22539.7,22540.7
1790833980,2026-10-01T11:23:00,22540.2,22542.1,22539.35,22542.1
1790833995,2026-10-01T11:23:15,22541.75,22542.0,22537.35,22538.95
1790834010,2026-10-01T11:23:30,22538.8,22540.1,22531.9,22533.7
1790834025,2026-10-01T11:23:45,22532.7,22534.9,22531.5,22534.9
1790834040,2026-10-01T11:24:00,22534.15,22535.55,22532.75,22533.15
1790834055,2026-10-01T11:24:15,22532.45,22534.0,22531.65,22531.9
1790834070,2026-10-01T11:24:30,22531.55,22533.45,22531.0,22533.45
1790834085,2026-10-01T11:24:45,22532.7,22537.0,22532.25,22535.35
1790834100,2026-10-01T11:25:00,22535.0,22535.75,22529.7,22530.45
1790834115,2026-10-01T11:25:15,22530.05,22535.25,22530.05,22534.6
1790834130,2026-10-01T11:25:30,22534.85,22536.3,22532.65,22534.65
1790834145,2026-10-01T11:25:45,22534.85,22537.85,22533.9,22536.9
1790834160,2026-10-01T11:26:00,22537.0,22540.9,22536.95,22540.2
1790834175,2026-10-01T11:26:15,22538.3,22542.5,22538.3,22542.1
1790834190,2026-10-01T11:26:30,22541.65,22542.55,22539.75,22540.3
1790834205,2026-10-01T11:26:45,22538.95,22544.55,22538.55,22544.55
1790834220,2026-10-01T11:27:00,22544.1,22544.1,22541.2,22542.25
1790834235,2026-10-01T11:27:15,22542.5,22545.1,22538.6,22540.0
1790834250,2026-10-01T11:27:30,22540.0,22540.5,22538.65,22539.1
1790834265,2026-10-01T11:27:45,22539.15,22541.65,22539.15,22541.55
1790834280,2026-10-01T11:28:00,22540.75,22541.5,22539.55,22539.8
1790834295,2026-10-01T11:28:15,22538.75,22539.7,22535.95,22538.4
1790834310,2026-10-01T11:28:30,22538.4,22538.75,22536.25,22536.25
1790834325,2026-10-01T11:28:45,22535.75,22540.15,22535.45,22539.45
1790834340,2026-10-01T11:29:00,22539.15,22542.85,22538.65,22541.55
1790834355,2026-10-01T11:29:15,22541.9,22542.55,22540.25,22541.55
1790834370,2026-10-01T11:29:30,22541.15,22541.65,22539.35,22540.65
1790834385,2026-10-01T11:29:45,22540.15,22544.5,22540.1,22543.85
1790834400,2026-10-01T11:30:00,22544.15,22545.25,22541.6,22544.55
1790834415,2026-10-01T11:30:15,22544.6,22547.8,22544.05,22547.5
1790834430,2026-10-01T11:30:30,22547.35,22548.9,22546.1,22548.3
1790834445,2026-10-01T11:30:45,22547.9,22550.8,22547.85,22550.65
1790834460,2026-10-01T11:31:00,22550.3,22550.35,22546.15,22546.15
1790834475,2026-10-01T11:31:15,22546.3,22547.65,22545.3,22546.9
1790834490,2026-10-01T11:31:30,22546.7,22547.0,22544.85,22546.75
1790834505,2026-10-01T11:31:45,22546.75,22548.65,22542.15,22546.2
1790834520,2026-10-01T11:32:00,22545.55,22546.0,22539.05,22540.0
1790834535,2026-10-01T11:32:15,22540.45,22541.1,22537.6,22539.0
1790834550,2026-10-01T11:32:30,22538.7,22539.35,22536.3,22536.4
1790834565,2026-10-01T11:32:45,22535.8,22539.85,22535.8,22538.1
1790834580,2026-10-01T11:33:00,22537.95,22542.75,22536.9,22539.9
1790834595,2026-10-01T11:33:15,22537.55,22541.65,22536.45,22541.0
1790834610,2026-10-01T11:33:30,22539.75,22541.2,22537.25,22541.0
1790834625,2026-10-01T11:33:45,22538.65,22541.8,22538.65,22540.75
1790834640,2026-10-01T11:34:00,22540.25,22540.8,22537.65,22539.3
1790834655,2026-10-01T11:34:15,22539.75,22541.35,22537.05,22539.35
1790834670,2026-10-01T11:34:30,22539.35,22539.35,22536.05,22537.4
1790834685,2026-10-01T11:34:45,22537.25,22544.1,22536.85,22543.8
1790834700,2026-10-01T11:35:00,22544.15,22548.5,22542.15,22548.5
1790834715,2026-10-01T11:35:15,22547.6,22549.35,22547.15,22548.8
1790834730,2026-10-01T11:35:30,22548.95,22548.95,22546.3,22548.7
1790834745,2026-10-01T11:35:45,22547.7,22550.0,22547.55,22549.55
1790834760,2026-10-01T11:36:00,22549.45,22552.15,22548.15,22551.65
1790834775,2026-10-01T11:36:15,22551.55,22557.2,22551.05,22556.3
1790834790,2026-10-01T11:36:30,22556.25,22559.8,22555.35,22558.55
1790834805,2026-10-01T11:36:45,22558.35,22560.75,22557.45,22559.7
1790834820,2026-10-01T11:37:00,22559.0,22561.25,22558.1,22560.35
1790834835,2026-10-01T11:37:15,22560.3,22560.65,22557.6,22558.45
1790834850,2026-10-01T11:37:30,22558.45,22562.5,22557.05,22562.0
1790834865,2026-10-01T11:37:45,22562.05,22563.95,22560.4,22562.25
1790834880,2026-10-01T11:38:00,22561.3,22562.5,22556.55,22557.15
1790834895,2026-10-01T11:38:15,22556.85,22560.5,22556.85,22558.15
1790834910,2026-10-01T11:38:30,22557.05,22558.6,22555.4,22556.75
1790834925,2026-10-01T11:38:45,22556.05,22556.3,22553.3,22553.3
1790834940,2026-10-01T11:39:00,22553.45,22553.55,22549.3,22549.8
1790834955,2026-10-01T11:39:15,22549.4,22553.4,22548.75,22553.05
1790834970,2026-10-01T11:39:30,22551.65,22555.1,22551.35,22554.7
1790834985,2026-10-01T11:39:45,22554.3,22559.5,22554.3,22558.75
1790835000,2026-10-01T11:40:00,22558.6,22559.0,22556.0,22556.4
1790835015,2026-10-01T11:40:15,22555.1,22558.95,22554.5,22558.0
1790835030,2026-10-01T11:40:30,22558.0,22558.0,22555.6,22556.95
1790835045,2026-10-01T11:40:45,22556.3,22558.5,22555.05,22558.2
1790835060,2026-10-01T11:41:00,22558.05,22559.05,22557.45,22558.4
1790835075,2026-10-01T11:41:15,22557.5,22559.85,22556.6,22559.5
1790835090,2026-10-01T11:41:30,22559.4,22561.1,22558.75,22560.25
1790835105,2026-10-01T11:41:45,22559.25,22562.75,22558.45,22562.55
1790835120,2026-10-01T11:42:00,22562.2,22568.15,22561.4,22567.5
1790835135,2026-10-01T11:42:15,22567.2,22573.25,22567.2,22572.35
1790835150,2026-10-01T11:42:30,22572.5,22572.5,22569.35,22570.05
1790835165,2026-10-01T11:42:45,22568.8,22570.1,22567.35,22567.9
1790835180,2026-10-01T11:43:00,22568.3,22568.3,22565.4,22566.75
1790835195,2026-10-01T11:43:15,22566.75,22568.3,22565.8,22567.7
1790835210,2026-10-01T11:43:30,22567.0,22567.15,22565.25,22566.5
1790835225,2026-10-01T11:43:45,22565.65,22568.05,22565.15,22567.15
1790835240,2026-10-01T11:44:00,22567.2,22572.35,22565.85,22571.95
1790835255,2026-10-01T11:44:15,22570.3,22572.85,22569.9,22571.25
1790835270,2026-10-01T11:44:30,22571.2,22572.15,22570.0,22571.5
1790835285,2026-10-01T11:44:45,22570.65,22573.7,22570.65,22571.8
1790835300,2026-10-01T11:45:00,22571.95,22572.65,22568.7,22570.0
1790835315,2026-10-01T11:45:15,22568.8,22571.55,22566.45,22568.15
1790835330,2026-10-01T11:45:30,22567.7,22567.85,22565.65,22566.4
1790835345,2026-10-01T11:45:45,22565.75,22567.85,22562.95,22564.6
1790835360,2026-10-01T11:46:00,22564.1,22565.0,22562.65,22563.8
1790835375,2026-10-01T11:46:15,22563.85,22565.35,22560.2,22561.0
1790835390,2026-10-01T11:46:30,22561.0,22561.0,22556.05,22556.45
1790835405,2026-10-01T11:46:45,22556.05,22561.75,22555.65,22560.9
1790835420,2026-10-01T11:47:00,22560.5,22565.4,22560.1,22565.4
1790835435,2026-10-01T11:47:15,22564.45,22565.95,22561.4,22565.0
1790835450,2026-10-01T11:47:30,22564.75,22565.95,22563.4,22565.75
1790835465,2026-10-01T11:47:45,22565.2,22568.0,22563.9,22563.9
1790835480,2026-10-01T11:48:00,22563.8,22563.8,22559.05,22561.75
1790835495,2026-10-01T11:48:15,22561.65,22564.0,22560.85,22561.0
1790835510,2026-10-01T11:48:30,22560.3,22561.45,22557.45,22558.1
1790835525,2026-10-01T11:48:45,22556.65,22557.45,22554.2,22554.95
1790835540,2026-10-01T11:49:00,22554.85,22555.35,22552.4,22553.4
1790835555,2026-10-01T11:49:15,22552.8,22556.95,22552.65,22556.75
1790835570,2026-10-01T11:49:30,22556.65,22557.3,22552.5,22552.5
1790835585,2026-10-01T11:49:45,22551.9,22553.4,22548.1,22552.85
1790835600,2026-10-01T11:50:00,22551.7,22552.3,22547.05,22547.65
1790835615,2026-10-01T11:50:15,22546.1,22547.7,22544.85,22545.0
1790835630,2026-10-01T11:50:30,22544.85,22547.05,22543.95,22546.5
1790835645,2026-10-01T11:50:45,22546.8,22549.4,22545.85,22548.45
1790835660,2026-10-01T11:51:00,22548.25,22550.75,22546.25,22550.5
1790835675,2026-10-01T11:51:15,22549.9,22552.0,22549.5,22551.4
1790835690,2026-10-01T11:51:30,22551.0,22553.95,22550.7,22553.55
1790835705,2026-10-01T11:51:45,22553.25,22553.65,22546.1,22547.85
1790835720,2026-10-01T11:52:00,22547.5,22549.5,22546.4,22548.65
1790835735,2026-10-01T11:52:15,22548.15,22551.15,22547.4,22548.75
1790835750,2026-10-01T11:52:30,22548.75,22550.6,22548.3,22549.9
1790835765,2026-10-01T11:52:45,22549.85,22550.1,22547.35,22548.9
1790835780,2026-10-01T11:53:00,22548.8,22551.65,22547.35,22550.85
1790835795,2026-10-01T11:53:15,22550.9,22554.45,22549.85,22554.3
1790835810,2026-10-01T11:53:30,22553.95,22554.6,22553.15,22553.75
1790835825,2026-10-01T11:53:45,22553.2,22554.15,22551.35,22552.75
1790835840,2026-10-01T11:54:00,22552.15,22552.15,22548.1,22549.0
1790835855,2026-10-01T11:54:15,22548.6,22549.05,22545.95,22546.55
1790835870,2026-10-01T11:54:30,22546.15,22547.35,22544.9,22545.95
1790835885,2026-10-01T11:54:45,22545.95,22550.1,22545.3,22548.3
1790835900,2026-10-01T11:55:00,22548.15,22549.65,22547.9,22549.15
1790835915,2026-10-01T11:55:15,22548.3,22550.65,22548.15,22550.1
1790835930,2026-10-01T11:55:30,22549.7,22552.65,22549.15,22552.35
1790835945,2026-10-01T11:55:45,22551.75,22552.6,22550.35,22552.2
1790835960,2026-10-01T11:56:00,22552.05,22556.7,22550.7,22556.55
1790835975,2026-10-01T11:56:15,22556.3,22558.75,22556.3,22557.15
1790835990,2026-10-01T11:56:30,22556.7,22556.7,22554.0,22554.0
1790836005,2026-10-01T11:56:45,22553.65,22558.45,22553.5,22558.35
1790836020,2026-10-01T11:57:00,22558.4,22559.75,22556.6,22558.95
1790836035,2026-10-01T11:57:15,22558.55,22560.6,22556.05,22558.1
1790836050,2026-10-01T11:57:30,22558.05,22558.05,22555.15,22556.1
1790836065,2026-10-01T11:57:45,22555.05,22557.2,22554.2,22557.1
1790836080,2026-10-01T11:58:00,22557.0,22558.85,22555.25,22558.6
1790836095,2026-10-01T11:58:15,22557.6,22558.65,22554.1,22555.55
1790836110,2026-10-01T11:58:30,22555.35,22556.65,22552.95,22556.3
1790836125,2026-10-01T11:58:45,22556.25,22557.1,22553.8,22556.8
1790836140,2026-10-01T11:59:00,22556.75,22562.95,22555.5,22562.95
1790836155,2026-10-01T11:59:15,22562.55,22566.7,22559.7,22565.0
1790836170,2026-10-01T11:59:30,22564.4,22565.25,22562.95,22563.45
1790836185,2026-10-01T11:59:45,22563.95,22568.4,22563.1,22567.35
1790836200,2026-10-01T12:00:00,22567.3,22567.35,22564.7,22565.15
1790836215,2026-10-01T12:00:15,22565.2,22567.55,22564.1,22567.55
1790836230,2026-10-01T12:00:30,22567.0,22574.25,22567.0,22574.0
1790836245,2026-10-01T12:00:45,22573.8,22573.8,22570.3,22572.3
1790836260,2026-10-01T12:01:00,22572.1,22572.65,22564.65,22565.5
1790836275,2026-10-01T12:01:15,22563.95,22565.55,22562.15,22565.1
1790836290,2026-10-01T12:01:30,22564.65,22565.65,22561.8,22562.55
1790836305,2026-10-01T12:01:45,22562.75,22563.05,22558.25,22558.4
1790836320,2026-10-01T12:02:00,22558.3,22560.25,22557.85,22560.15
1790836335,2026-10-01T12:02:15,22560.15,22561.45,22558.6,22559.75
1790836350,2026-10-01T12:02:30,22559.65,22559.85,22554.4,22554.75
1790836365,2026-10-01T12:02:45,22553.65,22554.6,22549.35,22550.25
1790836380,2026-10-01T12:03:00,22549.3,22553.9,22549.05,22552.6
1790836395,2026-10-01T12:03:15,22553.0,22553.2,22549.3,22550.65
1790836410,2026-10-01T12:03:30,22550.0,22550.0,22545.45,22548.45
1790836425,2026-10-01T12:03:45,22548.15,22552.6,22547.35,22551.95
1790836440,2026-10-01T12:04:00,22552.05,22552.05,22546.8,22548.8
1790836455,2026-10-01T12:04:15,22547.4,22549.95,22547.1,22549.35
1790836470,2026-10-01T12:04:30,22549.15,22549.2,22543.8,22545.35
1790836485,2026-10-01T12:04:45,22544.15,22546.45,22542.85,22544.1
1790836500,2026-10-01T12:05:00,22543.75,22544.95,22542.6,22544.0
1790836515,2026-10-01T12:05:15,22543.75,22545.6,22543.05,22543.4
1790836530,2026-10-01T12:05:30,22543.4,22543.4,22540.8,22542.8
1790836545,2026-10-01T12:05:45,22541.45,22546.3,22541.45,22545.9
1790836560,2026-10-01T12:06:00,22545.45,22545.75,22543.8,22544.35
1790836575,2026-10-01T12:06:15,22544.25,22546.15,22540.45,22540.65
1790836590,2026-10-01T12:06:30,22540.0,22540.95,22537.65,22538.45
1790836605,2026-10-01T12:06:45,22538.55,22539.7,22536.55,22539.0
1790836620,2026-10-01T12:07:00,22538.25,22539.25,22534.75,22536.8
1790836635,2026-10-01T12:07:15,22536.95,22537.15,22533.7,22534.9
1790836650,2026-10-01T12:07:30,22534.6,22537.6,22534.3,22535.35
1790836665,2026-10-01T12:07:45,22535.0,22535.25,22526.65,22532.0
1790836680,2026-10-01T12:08:00,22531.55,22534.4,22530.65,22532.15
1790836695,2026-10-01T12:08:15,22532.0,22532.95,22530.7,22532.5
1790836710,2026-10-01T12:08:30,22531.75,22535.15,22530.65,22535.15
1790836725,2026-10-01T12:08:45,22534.8,22537.6,22534.65,22536.6
1790836740,2026-10-01T12:09:00,22536.1,22536.8,22532.95,22533.75
1790836755,2026-10-01T12:09:15,22534.1,22535.35,22529.35,22531.05
1790836770,2026-10-01T12:09:30,22531.15,22532.8,22528.65,22530.0
1790836785,2026-10-01T12:09:45,22530.0,22532.75,22529.45,22532.3
1790836800,2026-10-01T12:10:00,22532.3,22532.3,22507.35,22510.75
1790836815,2026-10-01T12:10:15,22508.8,22512.4,22507.7,22510.4
1790836830,2026-10-01T12:10:30,22510.5,22513.75,22509.75,22511.8
1790836845,2026-10-01T12:10:45,22511.5,22511.7,22507.05,22507.4
1790836860,2026-10-01T12:11:00,22506.0,22507.15,22500.8,22506.7
1790836875,2026-10-01T12:11:15,22506.95,22512.3,22506.25,22510.25
1790836890,2026-10-01T12:11:30,22510.6,22513.3,22510.1,22512.95
1790836905,2026-10-01T12:11:45,22512.3,22515.3,22510.95,22514.5
1790836920,2026-10-01T12:12:00,22514.4,22514.8,22513.0,22513.0
1790836935,2026-10-01T12:12:15,22512.75,22513.45,22510.65,22512.35
1790836950,2026-10-01T12:12:30,22513.2,22524.5,22511.7,22524.25
1790836965,2026-10-01T12:12:45,22523.35,22525.6,22522.7,22523.65
1790836980,2026-10-01T12:13:00,22523.55,22530.95,22522.05,22530.5
1790836995,2026-10-01T12:13:15,22530.15,22530.15,22525.75,22527.1
1790837010,2026-10-01T12:13:30,22526.65,22528.95,22525.3,22527.7
1790837025,2026-10-01T12:13:45,22527.6,22529.6,22525.4,22525.9
1790837040,2026-10-01T12:14:00,22525.9,22525.9,22521.75,22521.75
1790837055,2026-10-01T12:14:15,22521.35,22522.1,22518.8,22520.6
1790837070,2026-10-01T12:14:30,22520.85,22520.85,22518.35,22518.7
1790837085,2026-10-01T12:14:45,22518.4,22521.1,22518.35,22520.45
1790837100,2026-10-01T12:15:00,22520.2,22520.2,22513.45,22515.75
1790837115,2026-10-01T12:15:15,22515.5,22517.4,22514.25,22515.7
1790837130,2026-10-01T12:15:30,22515.2,22517.55,22514.0,22517.5
1790837145,2026-10-01T12:15:45,22517.45,22518.25,22516.1,22517.55
1790837160,2026-10-01T12:16:00,22517.05,22529.1,22517.05,22526.75
1790837175,2026-10-01T12:16:15,22526.8,22529.3,22526.2,22528.9
1790837190,2026-10-01T12:16:30,22528.55,22528.55,22525.0,22527.35
1790837205,2026-10-01T12:16:45,22527.05,22527.05,22517.95,22518.85
1790837220,2026-10-01T12:17:00,22518.7,22518.7,22513.85,22515.45
1790837235,2026-10-01T12:17:15,22514.85,22518.7,22514.75,22517.95
1790837250,2026-10-01T12:17:30,22517.8,22522.25,22517.15,22521.7
1790837265,2026-10-01T12:17:45,22521.25,22521.25,22516.55,22517.35
1790837280,2026-10-01T12:18:00,22516.7,22516.7,22511.5,22512.65
1790837295,2026-10-01T12:18:15,22512.65,22512.65,22506.8,22508.1
1790837310,2026-10-01T12:18:30,22507.55,22511.95,22507.1,22510.9
1790837325,2026-10-01T12:18:45,22510.35,22511.0,22509.65,22510.5
1790837340,2026-10-01T12:19:00,22509.9,22512.1,22509.55,22510.6
1790837355,2026-10-01T12:19:15,22510.65,22513.9,22509.8,22511.95
1790837370,2026-10-01T12:19:30,22512.3,22512.3,22501.25,22501.45
1790837385,2026-10-01T12:19:45,22500.25,22501.4,22499.3,22501.05
1790837400,2026-10-01T12:20:00,22500.3,22503.45,22499.85,22503.0
1790837415,2026-10-01T12:20:15,22502.75,22504.45,22501.45,22503.85
1790837430,2026-10-01T12:20:30,22503.75,22506.4,22502.65,22504.55
1790837445,2026-10-01T12:20:45,22504.05,22506.35,22502.7,22506.35
1790837460,2026-10-01T12:21:00,22506.35,22507.45,22505.15,22505.85
1790837475,2026-10-01T12:21:15,22505.0,22508.65,22504.75,22508.15
1790837490,2026-10-01T12:21:30,22508.3,22510.65,22507.7,22509.75
1790837505,2026-10-01T12:21:45,22509.25,22509.45,22501.2,22501.7
1790837520,2026-10-01T12:22:00,22501.25,22502.65,22499.55,22502.45
1790837535,2026-10-01T12:22:15,22501.65,22503.75,22500.1,22501.4
1790837550,2026-10-01T12:22:30,22501.4,22501.65,22496.5,22496.5
1790837565,2026-10-01T12:22:45,22495.5,22496.75,22492.6,22493.05
1790837580,2026-10-01T12:23:00,22492.8,22493.3,22490.25,22491.4
1790837595,2026-10-01T12:23:15,22490.7,22491.3,22486.6,22489.1
1790837610,2026-10-01T12:23:30,22488.9,22489.35,22485.35,22485.75
1790837625,2026-10-01T12:23:45,22485.2,22485.3,22481.9,22483.3
1790837640,2026-10-01T12:24:00,22482.6,22483.3,22479.8,22481.5
1790837655,2026-10-01T12:24:15,22480.65,22482.65,22479.6,22482.3
1790837670,2026-10-01T12:24:30,22481.95,22486.75,22481.05,22485.9
1790837685,2026-10-01T12:24:45,22484.7,22486.6,22484.25,22485.7
1790837700,2026-10-01T12:25:00,22485.7,22487.8,22484.25,22487.2
1790837715,2026-10-01T12:25:15,22487.05,22488.15,22484.0,22487.65
1790837730,2026-10-01T12:25:30,22486.9,22487.55,22485.35,22486.15
1790837745,2026-10-01T12:25:45,22484.65,22486.05,22480.85,22480.85
1790837760,2026-10-01T12:26:00,22480.9,22481.95,22476.6,22480.15
1790837775,2026-10-01T12:26:15,22480.25,22481.95,22478.55,22480.75
1790837790,2026-10-01T12:26:30,22480.2,22480.5,22477.55,22479.4
1790837805,2026-10-01T12:26:45,22479.25,22483.3,22478.85,22482.7
1790837820,2026-10-01T12:27:00,22482.6,22482.85,22477.9,22477.9
1790837835,2026-10-01T12:27:15,22477.0,22480.0,22475.85,22476.55
1790837850,2026-10-01T12:27:30,22476.5,22476.8,22472.0,22475.2
1790837865,2026-10-01T12:27:45,22474.85,22483.4,22474.5,22481.75
1790837880,2026-10-01T12:28:00,22481.1,22482.25,22476.95,22479.9
1790837895,2026-10-01T12:28:15,22479.8,22479.8,22473.5,22473.65
1790837910,2026-10-01T12:28:30,22472.6,22473.35,22470.35,22470.95
1790837925,2026-10-01T12:28:45,22469.7,22470.9,22463.9,22464.75
1790837940,2026-10-01T12:29:00,22464.4,22465.6,22460.55,22460.8
1790837955,2026-10-01T12:29:15,22461.55,22463.65,22459.55,22461.2
1790837970,2026-10-01T12:29:30,22462.0,22466.85,22459.4,22466.65
1790837985,2026-10-01T12:29:45,22466.6,22472.3,22465.75,22471.15
1790838000,2026-10-01T12:30:00,22471.1,22471.15,22460.2,22461.05
1790838015,2026-10-01T12:30:15,22460.95,22462.5,22458.15,22461.25
1790838030,2026-10-01T12:30:30,22460.9,22467.55,22460.75,22465.7
1790838045,2026-10-01T12:30:45,22464.4,22467.6,22462.25,22467.6
1790838060,2026-10-01T12:31:00,22467.7,22468.35,22463.85,22463.95
1790838075,2026-10-01T12:31:15,22463.6,22467.5,22463.1,22463.65
1790838090,2026-10-01T12:31:30,22463.75,22467.35,22462.95,22467.35
1790838105,2026-10-01T12:31:45,22466.5,22468.4,22464.65,22467.65
1790838120,2026-10-01T12:32:00,22467.1,22470.45,22467.1,22469.35
1790838135,2026-10-01T12:32:15,22468.95,22476.55,22468.95,22475.6
1790838150,2026-10-01T12:32:30,22475.0,22481.25,22475.0,22480.55
1790838165,2026-10-01T12:32:45,22480.25,22481.9,22479.6,22480.85
1790838180,2026-10-01T12:33:00,22480.65,22480.9,22474.0,22474.45
1790838195,2026-10-01T12:33:15,22473.15,22481.3,22473.15,22480.6
1790838210,2026-10-01T12:33:30,22480.45,22480.8,22477.3,22478.15
1790838225,2026-10-01T12:33:45,22478.3,22484.45,22477.55,22483.1
1790838240,2026-10-01T12:34:00,22482.95,22487.25,22482.7,22486.6
1790838255,2026-10-01T12:34:15,22486.85,22486.85,22479.75,22482.45
1790838270,2026-10-01T12:34:30,22482.05,22483.1,22480.75,22481.95
1790838285,2026-10-01T12:34:45,22480.95,22480.95,22474.45,22475.6
1790838300,2026-10-01T12:35:00,22476.5,22479.85,22475.05,22478.4
1790838315,2026-10-01T12:35:15,22478.05,22480.5,22477.3,22478.7
1790838330,2026-10-01T12:35:30,22479.45,22482.4,22479.15,22479.45
1790838345,2026-10-01T12:35:45,22479.4,22483.2,22476.75,22478.05
1790838360,2026-10-01T12:36:00,22475.05,22478.8,22475.05,22475.4
1790838375,2026-10-01T12:36:15,22475.15,22477.55,22473.6,22477.05
1790838390,2026-10-01T12:36:30,22476.8,22478.55,22475.8,22478.55
1790838405,2026-10-01T12:36:45,22477.6,22479.95,22476.7,22478.85
1790838420,2026-10-01T12:37:00,22477.95,22480.7,22476.95,22476.95
1790838435,2026-10-01T12:37:15,22476.95,22477.75,22474.4,22476.05
1790838450,2026-10-01T12:37:30,22475.85,22478.95,22474.25,22478.05
1790838465,2026-10-01T12:37:45,22477.85,22478.8,22475.35,22475.6
1790838480,2026-10-01T12:38:00,22474.9,22476.2,22473.4,22475.65
1790838495,2026-10-01T12:38:15,22474.85,22475.9,22473.45,22475.75
1790838510,2026-10-01T12:38:30,22475.25,22477.3,22474.95,22476.35
1790838525,2026-10-01T12:38:45,22476.4,22476.85,22473.25,22474.35
1790838540,2026-10-01T12:39:00,22473.55,22475.15,22472.7,22474.15
1790838555,2026-10-01T12:39:15,22473.4,22478.25,22472.95,22476.7
1790838570,2026-10-01T12:39:30,22476.35,22478.45,22475.85,22477.55
1790838585,2026-10-01T12:39:45,22476.7,22479.4,22474.55,22478.1
1790838600,2026-10-01T12:40:00,22478.2,22479.4,22475.35,22477.15
1790838615,2026-10-01T12:40:15,22476.8,22480.7,22476.2,22479.95
1790838630,2026-10-01T12:40:30,22479.9,22480.55,22478.8,22479.6
1790838645,2026-10-01T12:40:45,22479.45,22479.45,22477.3,22478.2
1790838660,2026-10-01T12:41:00,22479.9,22481.95,22477.7,22481.6
1790838675,2026-10-01T12:41:15,22481.55,22485.4,22480.7,22484.5
1790838690,2026-10-01T12:41:30,22481.1,22481.1,22474.55,22476.55
1790838705,2026-10-01T12:41:45,22475.45,22478.5,22472.35,22475.45
1790838720,2026-10-01T12:42:00,22474.95,22475.5,22473.2,22473.55
1790838735,2026-10-01T12:42:15,22473.35,22476.75,22472.35,22475.1
1790838750,2026-10-01T12:42:30,22475.15,22476.75,22471.25,22471.25
1790838765,2026-10-01T12:42:45,22471.15,22471.55,22466.05,22466.85
1790838780,2026-10-01T12:43:00,22466.2,22468.25,22463.55,22467.35
1790838795,2026-10-01T12:43:15,22467.4,22467.95,22463.8,22465.8
1790838810,2026-10-01T12:43:30,22465.35,22466.0,22459.65,22459.65
1790838825,2026-10-01T12:43:45,22458.05,22460.75,22454.35,22456.4
1790838840,2026-10-01T12:44:00,22455.75,22455.85,22450.8,22451.75
1790838855,2026-10-01T12:44:15,22451.6,22451.8,22447.9,22449.15
1790838870,2026-10-01T12:44:30,22448.35,22448.35,22442.25,22443.05
1790838885,2026-10-01T12:44:45,22442.95,22442.95,22433.05,22433.8
1790838900,2026-10-01T12:45:00,22433.7,22433.7,22424.05,22430.1
1790838915,2026-10-01T12:45:15,22429.4,22429.6,22423.95,22426.35
1790838930,2026-10-01T12:45:30,22426.25,22426.25,22419.5,22422.15
1790838945,2026-10-01T12:45:45,22421.55,22423.8,22415.4,22416.0
1790838960,2026-10-01T12:46:00,22416.4,22416.5,22410.55,22411.75
1790838975,2026-10-01T12:46:15,22412.55,22412.55,22404.45,22407.95
1790838990,2026-10-01T12:46:30,22407.5,22411.5,22405.5,22408.95
1790839005,2026-10-01T12:46:45,22408.1,22414.05,22408.1,22413.75
1790839020,2026-10-01T12:47:00,22413.4,22413.4,22402.45,22405.85
1790839035,2026-10-01T12:47:15,22405.95,22408.2,22402.45,22402.85
1790839050,2026-10-01T12:47:30,22402.95,22404.7,22395.05,22397.25
1790839065,2026-10-01T12:47:45,22397.1,22400.35,22394.4,22395.35
1790839080,2026-10-01T12:48:00,22395.55,22397.2,22392.75,22394.85
1790839095,2026-10-01T12:48:15,22394.9,22402.85,22393.3,22401.2
1790839110,2026-10-01T12:48:30,22400.4,22408.85,22397.8,22406.95
1790839125,2026-10-01T12:48:45,22405.6,22406.15,22397.1,22400.05
1790839140,2026-10-01T12:49:00,22400.95,22401.5,22392.95,22393.05
1790839155,2026-10-01T12:49:15,22393.0,22393.15,22375.4,22379.2
1790839170,2026-10-01T12:49:30,22378.7,22382.8,22376.1,22376.65
1790839185,2026-10-01T12:49:45,22375.8,22381.45,22374.15,22378.25
1790839200,2026-10-01T12:50:00,22378.0,22380.55,22376.6,22379.8
1790839215,2026-10-01T12:50:15,22379.75,22379.85,22374.45,22375.85
1790839230,2026-10-01T12:50:30,22375.35,22380.0,22373.3,22373.3
1790839245,2026-10-01T12:50:45,22373.05,22373.3,22363.7,22370.5
1790839260,2026-10-01T12:51:00,22370.55,22374.5,22370.0,22374.1
1790839275,2026-10-01T12:51:15,22373.2,22377.65,22370.9,22371.1
1790839290,2026-10-01T12:51:30,22371.0,22371.0,22364.2,22364.95
1790839305,2026-10-01T12:51:45,22363.5,22369.4,22363.25,22367.5
1790839320,2026-10-01T12:52:00,22367.5,22372.45,22366.8,22371.25
1790839335,2026-10-01T12:52:15,22370.8,22372.8,22368.6,22368.6
1790839350,2026-10-01T12:52:30,22368.0,22369.45,22366.7,22368.65
1790839365,2026-10-01T12:52:45,22367.8,22369.9,22361.25,22361.65
1790839380,2026-10-01T12:53:00,22360.8,22361.35,22355.25,22358.7
1790839395,2026-10-01T12:53:15,22357.55,22359.4,22355.9,22357.25
1790839410,2026-10-01T12:53:30,22357.25,22361.9,22357.05,22358.75
1790839425,2026-10-01T12:53:45,22358.65,22360.25,22355.9,22356.95
1790839440,2026-10-01T12:54:00,22356.5,22356.5,22350.9,22352.35
1790839455,2026-10-01T12:54:15,22351.2,22353.25,22344.8,22345.8
1790839470,2026-10-01T12:54:30,22346.25,22353.1,22345.15,22351.9
1790839485,2026-10-01T12:54:45,22351.7,22354.45,22349.45,22350.4
1790839500,2026-10-01T12:55:00,22350.6,22351.7,22345.45,22345.45
1790839515,2026-10-01T12:55:15,22344.35,22347.25,22342.05,22345.35
1790839530,2026-10-01T12:55:30,22345.4,22345.5,22340.6,22341.0
1790839545,2026-10-01T12:55:45,22340.45,22341.75,22336.85,22337.15
1790839560,2026-10-01T12:56:00,22339.85,22341.1,22335.6,22341.1
1790839575,2026-10-01T12:56:15,22340.8,22341.55,22333.85,22334.75
1790839590,2026-10-01T12:56:30,22334.9,22336.25,22330.25,22331.2
1790839605,2026-10-01T12:56:45,22330.75,22331.1,22324.95,22326.05
1790839620,2026-10-01T12:57:00,22325.2,22335.1,22324.7,22335.0
1790839635,2026-10-01T12:57:15,22335.4,22337.65,22328.75,22331.4
1790839650,2026-10-01T12:57:30,22330.5,22332.7,22325.15,22327.45
1790839665,2026-10-01T12:57:45,22326.15,22332.6,22326.0,22329.5
1790839680,2026-10-01T12:58:00,22329.9,22333.7,22329.05,22333.5
1790839695,2026-10-01T12:58:15,22333.8,22333.8,22312.0,22312.0
1790839710,2026-10-01T12:58:30,22311.5,22311.5,22305.4,22309.5
1790839725,2026-10-01T12:58:45,22310.6,22323.15,22301.5,22301.5
1790839740,2026-10-01T12:59:00,22302.1,22319.25,22301.45,22315.8
1790839755,2026-10-01T12:59:15,22315.7,22332.0,22313.8,22331.7
1790839770,2026-10-01T12:59:30,22330.8,22337.7,22328.4,22332.75
1790839785,2026-10-01T12:59:45,22332.55,22333.0,22323.35,22324.8
1790839800,2026-10-01T13:00:00,22324.0,22337.1,22317.8,22336.9
1790839815,2026-10-01T13:00:15,22337.15,22337.95,22327.95,22331.15
1790839830,2026-10-01T13:00:30,22331.2,22332.4,22328.65,22330.6
1790839845,2026-10-01T13:00:45,22329.8,22338.85,22329.8,22338.1
1790839860,2026-10-01T13:01:00,22338.4,22338.55,22333.1,22334.25
1790839875,2026-10-01T13:01:15,22333.3,22337.75,22331.55,22337.0
1790839890,2026-10-01T13:01:30,22337.15,22338.35,22334.55,22337.35
1790839905,2026-10-01T13:01:45,22337.2,22339.65,22333.6,22339.65
1790839920,2026-10-01T13:02:00,22338.9,22359.6,22338.75,22357.15
1790839935,2026-10-01T13:02:15,22356.8,22364.1,22354.5,22354.5
1790839950,2026-10-01T13:02:30,22355.3,22357.1,22350.65,22354.05
1790839965,2026-10-01T13:02:45,22354.35,22361.8,22353.55,22359.15
1790839980,2026-10-01T13:03:00,22358.7,22368.5,22355.65,22368.5
1790839995,2026-10-01T13:03:15,22367.3,22371.55,22366.95,22371.15
1790840010,2026-10-01T13:03:30,22370.75,22371.35,22368.05,22368.05
1790840025,2026-10-01T13:03:45,22368.25,22369.1,22365.2,22365.2
1790840040,2026-10-01T13:04:00,22365.15,22371.1,22362.95,22370.1
1790840055,2026-10-01T13:04:15,22369.75,22371.5,22363.95,22366.65
1790840070,2026-10-01T13:04:30,22366.75,22372.6,22364.3,22371.55
1790840085,2026-10-01T13:04:45,22371.55,22380.45,22371.55,22378.55
1790840100,2026-10-01T13:05:00,22378.7,22378.7,22366.4,22366.95
1790840115,2026-10-01T13:05:15,22366.85,22370.35,22366.05,22368.95
1790840130,2026-10-01T13:05:30,22368.6,22371.3,22366.95,22370.95
1790840145,2026-10-01T13:05:45,22371.0,22374.85,22369.65,22371.0
1790840160,2026-10-01T13:06:00,22371.75,22371.75,22360.85,22362.1
1790840175,2026-10-01T13:06:15,22361.8,22362.15,22358.4,22358.75
1790840190,2026-10-01T13:06:30,22358.9,22364.1,22357.5,22362.0
1790840205,2026-10-01T13:06:45,22361.75,22367.0,22361.25,22366.7
1790840220,2026-10-01T13:07:00,22366.0,22366.65,22354.45,22357.7
1790840235,2026-10-01T13:07:15,22357.65,22368.35,22356.05,22365.5
1790840250,2026-10-01T13:07:30,22366.3,22369.35,22365.05,22369.15
1790840265,2026-10-01T13:07:45,22369.15,22376.4,22366.95,22376.35
1790840280,2026-10-01T13:08:00,22376.45,22379.9,22374.55,22378.5
1790840295,2026-10-01T13:08:15,22378.4,22383.65,22377.25,22382.65
1790840310,2026-10-01T13:08:30,22383.35,22383.95,22379.75,22383.35
1790840325,2026-10-01T13:08:45,22383.35,22388.1,22383.3,22387.5
1790840340,2026-10-01T13:09:00,22387.55,22388.3,22380.3,22380.9
1790840355,2026-10-01T13:09:15,22381.65,22381.65,22374.55,22376.3
1790840370,2026-10-01T13:09:30,22375.6,22378.95,22374.6,22377.2
1790840385,2026-10-01T13:09:45,22377.35,22383.95,22376.3,22381.55
1790840400,2026-10-01T13:10:00,22381.8,22381.8,22373.2,22376.65
1790840415,2026-10-01T13:10:15,22376.8,22377.9,22374.75,22375.85
1790840430,2026-10-01T13:10:30,22375.55,22381.75,22375.3,22380.35
1790840445,2026-10-01T13:10:45,22380.45,22381.0,22372.35,22373.15
1790840460,2026-10-01T13:11:00,22373.1,22373.15,22371.15,22373.15
1790840475,2026-10-01T13:11:15,22372.95,22376.6,22372.05,22374.9
1790840490,2026-10-01T13:11:30,22374.95,22381.55,22374.1,22380.9
1790840505,2026-10-01T13:11:45,22381.0,22383.3,22380.45,22381.4
1790840520,2026-10-01T13:12:00,22381.55,22384.85,22380.4,22381.5
1790840535,2026-10-01T13:12:15,22380.85,22383.7,22380.1,22380.7
1790840550,2026-10-01T13:12:30,22380.25,22383.6,22376.2,22376.2
1790840565,2026-10-01T13:12:45,22376.0,22376.75,22372.35,22374.6
1790840580,2026-10-01T13:13:00,22374.4,22378.3,22373.25,22377.45
1790840595,2026-10-01T13:13:15,22377.5,22378.7,22375.45,22377.0
1790840610,2026-10-01T13:13:30,22377.0,22377.05,22374.75,22375.45
1790840625,2026-10-01T13:13:45,22375.45,22375.45,22371.1,22371.9
1790840640,2026-10-01T13:14:00,22371.45,22371.85,22366.6,22366.65
1790840655,2026-10-01T13:14:15,22366.15,22381.95,22364.25,22379.4
1790840670,2026-10-01T13:14:30,22379.85,22380.5,22373.15,22373.15
1790840685,2026-10-01T13:14:45,22373.25,22376.25,22367.85,22372.8
1790840700,2026-10-01T13:15:00,22372.8,22372.8,22355.25,22356.55
1790840715,2026-10-01T13:15:15,22356.2,22361.65,22355.2,22359.75
1790840730,2026-10-01T13:15:30,22358.65,22361.45,22357.1,22358.55
1790840745,2026-10-01T13:15:45,22357.65,22362.5,22356.1,22361.35
1790840760,2026-10-01T13:16:00,22361.05,22361.65,22356.4,22356.45
1790840775,2026-10-01T13:16:15,22355.65,22355.65,22350.7,22352.6
1790840790,2026-10-01T13:16:30,22352.55,22353.8,22349.55,22353.15
1790840805,2026-10-01T13:16:45,22352.6,22353.8,22350.9,22352.8
1790840820,2026-10-01T13:17:00,22352.4,22353.65,22350.7,22352.2
1790840835,2026-10-01T13:17:15,22352.25,22352.7,22348.65,22350.95
1790840850,2026-10-01T13:17:30,22351.0,22351.0,22344.8,22344.8
1790840865,2026-10-01T13:17:45,22344.65,22350.2,22342.9,22348.3
1790840880,2026-10-01T13:18:00,22347.6,22348.85,22338.85,22341.65
1790840895,2026-10-01T13:18:15,22341.3,22346.4,22340.95,22345.55
1790840910,2026-10-01T13:18:30,22345.5,22345.9,22339.15,22339.3
1790840925,2026-10-01T13:18:45,22339.25,22339.25,22331.95,22332.9
1790840940,2026-10-01T13:19:00,22332.8,22333.4,22329.9,22330.95
1790840955,2026-10-01T13:19:15,22330.6,22334.05,22329.45,22332.7
1790840970,2026-10-01T13:19:30,22332.55,22335.4,22331.25,22335.05
1790840985,2026-10-01T13:19:45,22334.6,22340.2,22334.6,22335.7
1790841000,2026-10-01T13:20:00,22335.35,22337.3,22333.5,22333.5
1790841015,2026-10-01T13:20:15,22333.6,22337.0,22333.35,22334.6
1790841030,2026-10-01T13:20:30,22334.7,22342.5,22333.2,22342.5
1790841045,2026-10-01T13:20:45,22341.75,22343.5,22339.9,22340.75
1790841060,2026-10-01T13:21:00,22340.1,22346.4,22340.1,22344.6
1790841075,2026-10-01T13:21:15,22344.35,22349.0,22343.9,22347.9
1790841090,2026-10-01T13:21:30,22346.9,22348.1,22344.4,22344.65
1790841105,2026-10-01T13:21:45,22345.0,22345.75,22338.75,22339.35
1790841120,2026-10-01T13:22:00,22339.35,22339.35,22331.6,22331.6
1790841135,2026-10-01T13:22:15,22331.15,22332.4,22326.35,22327.45
1790841150,2026-10-01T13:22:30,22326.65,22328.1,22324.45,22324.9
1790841165,2026-10-01T13:22:45,22324.8,22328.25,22324.45,22326.25
1790841180,2026-10-01T13:23:00,22325.8,22329.3,22324.55,22328.8
1790841195,2026-10-01T13:23:15,22328.6,22328.6,22326.45,22327.85
1790841210,2026-10-01T13:23:30,22327.8,22331.35,22327.0,22331.35
1790841225,2026-10-01T13:23:45,22330.45,22334.8,22329.8,22333.6
1790841240,2026-10-01T13:24:00,22333.25,22333.95,22331.35,22332.3
1790841255,2026-10-01T13:24:15,22331.35,22335.35,22331.35,22332.15
1790841270,2026-10-01T13:24:30,22332.25,22332.85,22330.5,22330.85
1790841285,2026-10-01T13:24:45,22330.75,22330.85,22326.0,22328.4
1790841300,2026-10-01T13:25:00,22328.0,22330.8,22326.3,22330.05
1790841315,2026-10-01T13:25:15,22330.05,22330.95,22326.15,22329.45
1790841330,2026-10-01T13:25:30,22329.0,22331.15,22327.1,22330.55
1790841345,2026-10-01T13:25:45,22329.75,22342.25,22329.75,22342.25
1790841360,2026-10-01T13:26:00,22341.35,22345.05,22339.95,22343.45
1790841375,2026-10-01T13:26:15,22343.2,22344.3,22338.6,22342.8
1790841390,2026-10-01T13:26:30,22341.35,22342.4,22335.0,22338.45
1790841405,2026-10-01T13:26:45,22336.6,22338.0,22331.65,22333.2
1790841420,2026-10-01T13:27:00,22332.3,22332.6,22327.75,22327.75
1790841435,2026-10-01T13:27:15,22327.8,22328.15,22323.7,22324.15
1790841450,2026-10-01T13:27:30,22322.75,22329.8,22322.75,22329.2
1790841465,2026-10-01T13:27:45,22329.35,22336.2,22328.25,22335.65
1790841480,2026-10-01T13:28:00,22335.55,22338.65,22333.4,22335.85
1790841495,2026-10-01T13:28:15,22335.95,22341.15,22335.5,22337.1
1790841510,2026-10-01T13:28:30,22336.9,22340.3,22335.15,22335.15
1790841525,2026-10-01T13:28:45,22335.2,22335.2,22330.8,22331.4
1790841540,2026-10-01T13:29:00,22331.35,22333.35,22328.45,22328.45
1790841555,2026-10-01T13:29:15,22329.55,22330.75,22327.1,22327.25
1790841570,2026-10-01T13:29:30,22327.15,22327.2,22321.9,22323.2
1790841585,2026-10-01T13:29:45,22323.15,22324.4,22321.85,22323.35
1790841600,2026-10-01T13:30:00,22323.2,22324.1,22319.25,22319.65
1790841615,2026-10-01T13:30:15,22319.1,22320.45,22312.15,22314.4
1790841630,2026-10-01T13:30:30,22313.9,22319.05,22312.65,22316.1
1790841645,2026-10-01T13:30:45,22315.5,22330.4,22315.35,22328.5
1790841660,2026-10-01T13:31:00,22328.4,22336.0,22328.25,22334.95
1790841675,2026-10-01T13:31:15,22335.2,22337.3,22333.45,22334.2
1790841690,2026-10-01T13:31:30,22333.65,22335.65,22326.0,22326.0
1790841705,2026-10-01T13:31:45,22326.25,22327.7,22320.6,22321.35
1790841720,2026-10-01T13:32:00,22320.5,22327.5,22320.45,22325.55
1790841735,2026-10-01T13:32:15,22325.2,22333.35,22323.85,22332.65
1790841750,2026-10-01T13:32:30,22332.65,22337.0,22332.0,22334.2
1790841765,2026-10-01T13:32:45,22333.45,22334.05,22330.1,22331.4
1790841780,2026-10-01T13:33:00,22330.9,22334.55,22330.85,22331.25
1790841795,2026-10-01T13:33:15,22330.45,22341.25,22330.45,22340.05
1790841810,2026-10-01T13:33:30,22339.95,22350.7,22339.9,22348.95
1790841825,2026-10-01T13:33:45,22349.25,22356.9,22347.35,22354.15
1790841840,2026-10-01T13:34:00,22353.4,22361.65,22353.2,22361.4
1790841855,2026-10-01T13:34:15,22361.25,22363.55,22356.25,22356.75
1790841870,2026-10-01T13:34:30,22356.75,22360.85,22347.95,22354.9
1790841885,2026-10-01T13:34:45,22354.45,22358.2,22350.95,22356.1
1790841900,2026-10-01T13:35:00,22356.05,22361.95,22355.1,22360.45
1790841915,2026-10-01T13:35:15,22359.2,22360.05,22352.0,22354.1
1790841930,2026-10-01T13:35:30,22352.05,22355.25,22351.8,22352.65
1790841945,2026-10-01T13:35:45,22352.8,22352.8,22346.9,22346.9
1790841960,2026-10-01T13:36:00,22347.6,22349.9,22342.4,22342.55
1790841975,2026-10-01T13:36:15,22341.8,22343.6,22338.2,22339.8
1790841990,2026-10-01T13:36:30,22340.05,22340.05,22334.6,22336.1
1790842005,2026-10-01T13:36:45,22336.15,22337.0,22334.25,22335.5
1790842020,2026-10-01T13:37:00,22335.35,22338.05,22333.55,22335.15
1790842035,2026-10-01T13:37:15,22334.85,22335.5,22329.95,22333.05
1790842050,2026-10-01T13:37:30,22333.25,22336.25,22331.55,22332.2
1790842065,2026-10-01T13:37:45,22332.2,22341.9,22331.25,22340.8
1790842080,2026-10-01T13:38:00,22340.1,22341.65,22335.65,22336.15
1790842095,2026-10-01T13:38:15,22335.0,22336.1,22331.1,22334.1
1790842110,2026-10-01T13:38:30,22333.9,22339.45,22333.9,22335.55
1790842125,2026-10-01T13:38:45,22335.65,22336.05,22333.3,22334.95
1790842140,2026-10-01T13:39:00,22334.95,22335.05,22331.3,22332.15
1790842155,2026-10-01T13:39:15,22332.15,22335.7,22331.15,22333.1
1790842170,2026-10-01T13:39:30,22332.75,22332.8,22328.7,22332.8
1790842185,2026-10-01T13:39:45,22332.4,22335.7,22330.75,22335.1
1790842200,2026-10-01T13:40:00,22334.0,22335.8,22331.55,22335.3
1790842215,2026-10-01T13:40:15,22334.0,22336.55,22333.4,22333.75
1790842230,2026-10-01T13:40:30,22334.45,22338.15,22334.15,22336.7
1790842245,2026-10-01T13:40:45,22335.7,22337.7,22327.65,22327.65
1790842260,2026-10-01T13:41:00,22327.65,22329.55,22321.35,22322.4
1790842275,2026-10-01T13:41:15,22319.75,22321.1,22311.55,22313.45
1790842290,2026-10-01T13:41:30,22312.45,22313.65,22309.3,22309.85
1790842305,2026-10-01T13:41:45,22312.1,22312.1,22305.4,22306.3
1790842320,2026-10-01T13:42:00,22305.55,22305.85,22297.6,22302.2
1790842335,2026-10-01T13:42:15,22300.5,22303.1,22298.35,22298.85
1790842350,2026-10-01T13:42:30,22298.7,22301.8,22296.15,22296.15
1790842365,2026-10-01T13:42:45,22295.6,22296.65,22291.1,22293.15
1790842380,2026-10-01T13:43:00,22293.25,22295.65,22291.25,22295.65
1790842395,2026-10-01T13:43:15,22295.85,22295.85,22285.65,22285.65
1790842410,2026-10-01T13:43:30,22285.8,22286.9,22274.25,22274.3
1790842425,2026-10-01T13:43:45,22274.45,22281.8,22273.7,22277.7
1790842440,2026-10-01T13:44:00,22277.65,22289.85,22276.5,22289.85
1790842455,2026-10-01T13:44:15,22289.8,22293.5,22287.85,22288.95
1790842470,2026-10-01T13:44:30,22290.3,22290.5,22286.5,22289.55
1790842485,2026-10-01T13:44:45,22289.4,22295.7,22287.1,22295.65
1790842500,2026-10-01T13:45:00,22295.45,22296.35,22285.1,22288.75
1790842515,2026-10-01T13:45:15,22288.6,22295.4,22288.6,22294.6
1790842530,2026-10-01T13:45:30,22295.0,22296.25,22291.85,22295.75
1790842545,2026-10-01T13:45:45,22294.65,22295.85,22286.5,22289.3
1790842560,2026-10-01T13:46:00,22288.45,22293.1,22287.55,22292.8
1790842575,2026-10-01T13:46:15,22290.05,22296.85,22289.9,22295.45
1790842590,2026-10-01T13:46:30,22295.55,22303.35,22295.55,22302.85
1790842605,2026-10-01T13:46:45,22302.35,22304.0,22299.85,22300.15
1790842620,2026-10-01T13:47:00,22299.95,22300.05,22288.75,22292.65
1790842635,2026-10-01T13:47:15,22292.7,22295.35,22289.7,22293.6
1790842650,2026-10-01T13:47:30,22293.25,22293.75,22287.45,22288.0
1790842665,2026-10-01T13:47:45,22287.4,22287.4,22284.05,22285.35
1790842680,2026-10-01T13:48:00,22285.3,22286.8,22279.3,22286.35
1790842695,2026-10-01T13:48:15,22286.05,22291.55,22286.05,22289.9
1790842710,2026-10-01T13:48:30,22290.25,22292.9,22289.2,22290.9
1790842725,2026-10-01T13:48:45,22290.2,22294.45,22290.05,22290.55
1790842740,2026-10-01T13:49:00,22290.55,22292.0,22280.1,22285.4
1790842755,2026-10-01T13:49:15,22283.8,22286.85,22283.05,22284.6
1790842770,2026-10-01T13:49:30,22284.45,22284.45,22280.8,22282.1
1790842785,2026-10-01T13:49:45,22282.05,22284.4,22280.7,22282.95
1790842800,2026-10-01T13:50:00,22282.9,22284.65,22281.05,22281.7
1790842815,2026-10-01T13:50:15,22280.5,22281.85,22277.95,22280.6
1790842830,2026-10-01T13:50:30,22279.6,22285.6,22278.6,22285.6
1790842845,2026-10-01T13:50:45,22285.35,22288.6,22283.35,22283.7
1790842860,2026-10-01T13:51:00,22282.65,22288.05,22279.15,22286.8
1790842875,2026-10-01T13:51:15,22287.85,22288.7,22285.4,22287.05
1790842890,2026-10-01T13:51:30,22286.75,22288.35,22285.6,22287.55
1790842905,2026-10-01T13:51:45,22287.4,22288.4,22280.9,22281.75
1790842920,2026-10-01T13:52:00,22281.8,22283.1,22280.35,22282.05
1790842935,2026-10-01T13:52:15,22282.1,22282.5,22272.15,22272.8
1790842950,2026-10-01T13:52:30,22272.9,22276.85,22270.55,22275.8
1790842965,2026-10-01T13:52:45,22275.65,22281.7,22274.75,22279.35
1790842980,2026-10-01T13:53:00,22278.8,22284.4,22277.95,22282.9
1790842995,2026-10-01T13:53:15,22281.7,22286.4,22281.1,22284.05
1790843010,2026-10-01T13:53:30,22283.45,22284.35,22281.9,22282.8
1790843025,2026-10-01T13:53:45,22283.05,22283.2,22278.95,22280.75
1790843040,2026-10-01T13:54:00,22280.65,22282.0,22278.75,22279.35
1790843055,2026-10-01T13:54:15,22278.65,22283.6,22277.0,22282.45
1790843070,2026-10-01T13:54:30,22282.2,22282.95,22276.8,22277.8
1790843085,2026-10-01T13:54:45,22278.4,22280.95,22275.35,22278.85
1790843100,2026-10-01T13:55:00,22278.95,22285.2,22277.5,22283.0
1790843115,2026-10-01T13:55:15,22283.0,22285.1,22277.15,22279.3
1790843130,2026-10-01T13:55:30,22279.25,22279.85,22276.6,22277.55
1790843145,2026-10-01T13:55:45,22277.3,22279.7,22276.7,22278.9
1790843160,2026-10-01T13:56:00,22278.85,22279.45,22274.4,22275.65
1790843175,2026-10-01T13:56:15,22275.15,22277.85,22274.65,22275.9
1790843190,2026-10-01T13:56:30,22274.65,22275.6,22272.3,22274.1
1790843205,2026-10-01T13:56:45,22273.5,22274.15,22268.55,22270.05
1790843220,2026-10-01T13:57:00,22270.3,22275.55,22268.8,22271.2
1790843235,2026-10-01T13:57:15,22270.05,22275.3,22270.05,22274.1
1790843250,2026-10-01T13:57:30,22273.85,22275.6,22270.35,22271.75
1790843265,2026-10-01T13:57:45,22271.8,22272.5,22269.25,22271.35
1790843280,2026-10-01T13:58:00,22271.2,22272.8,22268.25,22270.35
1790843295,2026-10-01T13:58:15,22268.55,22269.9,22258.3,22258.5
1790843310,2026-10-01T13:58:30,22257.85,22258.1,22254.55,22255.65
1790843325,2026-10-01T13:58:45,22255.35,22262.5,22255.05,22257.65
1790843340,2026-10-01T13:59:00,22257.05,22257.95,22252.5,22257.15
1790843355,2026-10-01T13:59:15,22256.65,22258.05,22249.35,22250.4
1790843370,2026-10-01T13:59:30,22250.45,22255.35,22249.65,22253.55
1790843385,2026-10-01T13:59:45,22253.6,22254.65,22247.45,22248.4
1790843400,2026-10-01T14:00:00,22247.5,22253.8,22244.65,22251.35
1790843415,2026-10-01T14:00:15,22250.4,22252.1,22244.0,22244.1
1790843430,2026-10-01T14:00:30,22242.55,22242.7,22236.35,22237.5
1790843445,2026-10-01T14:00:45,22236.95,22244.15,22236.65,22241.25
1790843460,2026-10-01T14:01:00,22240.55,22243.7,22239.05,22240.25
1790843475,2026-10-01T14:01:15,22240.25,22242.2,22236.95,22239.05
1790843490,2026-10-01T14:01:30,22239.05,22239.5,22235.1,22235.95
1790843505,2026-10-01T14:01:45,22234.85,22236.85,22233.3,22234.0
1790843520,2026-10-01T14:02:00,22233.4,22234.3,22230.9,22232.5
1790843535,2026-10-01T14:02:15,22231.9,22234.0,22225.9,22228.5
1790843550,2026-10-01T14:02:30,22228.0,22228.1,22222.2,22224.75
1790843565,2026-10-01T14:02:45,22224.75,22226.95,22222.7,22224.45
1790843580,2026-10-01T14:03:00,22222.95,22224.7,22221.6,22224.35
1790843595,2026-10-01T14:03:15,22223.7,22231.65,22221.7,22229.8
1790843610,2026-10-01T14:03:30,22230.45,22231.7,22224.05,22224.3
1790843625,2026-10-01T14:03:45,22222.75,22227.0,22221.55,22227.0
1790843640,2026-10-01T14:04:00,22226.85,22227.3,22224.5,22225.8
1790843655,2026-10-01T14:04:15,22225.65,22227.65,22224.05,22226.05
1790843670,2026-10-01T14:04:30,22226.0,22228.75,22221.15,22221.85
1790843685,2026-10-01T14:04:45,22222.55,22223.7,22219.4,22219.4
1790843700,2026-10-01T14:05:00,22219.55,22223.3,22217.65,22221.75
1790843715,2026-10-01T14:05:15,22221.8,22222.9,22219.7,22221.1
1790843730,2026-10-01T14:05:30,22221.0,22238.5,22219.85,22237.75
1790843745,2026-10-01T14:05:45,22237.15,22238.6,22235.2,22235.2
1790843760,2026-10-01T14:06:00,22234.65,22237.7,22233.8,22234.05
1790843775,2026-10-01T14:06:15,22234.2,22235.35,22232.45,22233.7
1790843790,2026-10-01T14:06:30,22233.7,22234.8,22228.2,22228.2
1790843805,2026-10-01T14:06:45,22228.35,22242.65,22226.35,22242.3
1790843820,2026-10-01T14:07:00,22242.25,22252.35,22241.25,22251.65
1790843835,2026-10-01T14:07:15,22251.55,22251.55,22244.9,22251.05
1790843850,2026-10-01T14:07:30,22251.95,22271.35,22251.3,22270.5
1790843865,2026-10-01T14:07:45,22270.3,22270.3,22257.7,22263.45
1790843880,2026-10-01T14:08:00,22263.45,22266.75,22258.7,22259.8
1790843895,2026-10-01T14:08:15,22259.7,22261.15,22256.15,22259.7
1790843910,2026-10-01T14:08:30,22259.75,22266.1,22259.05,22264.2
1790843925,2026-10-01T14:08:45,22264.15,22266.7,22259.8,22261.95
1790843940,2026-10-01T14:09:00,22262.05,22272.1,22261.4,22271.35
1790843955,2026-10-01T14:09:15,22271.55,22278.1,22270.05,22277.05
1790843970,2026-10-01T14:09:30,22277.25,22277.25,22272.4,22276.05
1790843985,2026-10-01T14:09:45,22275.95,22276.35,22265.95,22272.9
1790844000,2026-10-01T14:10:00,22272.8,22277.2,22268.9,22268.9
1790844015,2026-10-01T14:10:15,22268.95,22274.95,22267.7,22272.95
1790844030,2026-10-01T14:10:30,22272.8,22274.6,22271.55,22274.6
1790844045,2026-10-01T14:10:45,22273.65,22276.05,22273.25,22274.5
1790844060,2026-10-01T14:11:00,22273.7,22276.95,22271.05,22276.9
1790844075,2026-10-01T14:11:15,22275.9,22277.9,22275.55,22275.85
1790844090,2026-10-01T14:11:30,22275.8,22277.55,22272.2,22273.25
1790844105,2026-10-01T14:11:45,22273.15,22275.7,22271.95,22274.7
1790844120,2026-10-01T14:12:00,22274.7,22276.7,22272.35,22272.55
1790844135,2026-10-01T14:12:15,22272.55,22273.8,22268.2,22270.85
1790844150,2026-10-01T14:12:30,22272.4,22274.85,22270.45,22274.2
1790844165,2026-10-01T14:12:45,22274.15,22276.95,22271.8,22276.0
1790844180,2026-10-01T14:13:00,22276.45,22278.2,22274.15,22275.4
1790844195,2026-10-01T14:13:15,22273.5,22281.1,22273.5,22280.55
1790844210,2026-10-01T14:13:30,22280.5,22285.65,22280.3,22283.8
1790844225,2026-10-01T14:13:45,22283.85,22283.85,22275.75,22280.85
1790844240,2026-10-01T14:14:00,22281.15,22292.3,22280.75,22292.05
1790844255,2026-10-01T14:14:15,22293.0,22294.65,22291.7,22293.25
1790844270,2026-10-01T14:14:30,22292.75,22299.4,22292.75,22299.2
1790844285,2026-10-01T14:14:45,22299.5,22305.15,22295.9,22296.15
1790844300,2026-10-01T14:15:00,22295.8,22297.05,22291.8,22295.2
1790844315,2026-10-01T14:15:15,22295.15,22295.15,22279.9,22279.9
1790844330,2026-10-01T14:15:30,22280.15,22282.35,22279.1,22280.7
1790844345,2026-10-01T14:15:45,22280.0,22280.95,22273.6,22273.6
1790844360,2026-10-01T14:16:00,22273.5,22273.95,22268.65,22269.4
1790844375,2026-10-01T14:16:15,22267.6,22269.85,22266.8,22267.25
1790844390,2026-10-01T14:16:30,22267.25,22273.35,22266.9,22272.1
1790844405,2026-10-01T14:16:45,22272.1,22273.15,22269.0,22272.6
1790844420,2026-10-01T14:17:00,22272.35,22272.35,22267.25,22268.25
1790844435,2026-10-01T14:17:15,22266.8,22271.05,22266.4,22269.65
1790844450,2026-10-01T14:17:30,22268.6,22272.2,22267.2,22272.2
1790844465,2026-10-01T14:17:45,22272.2,22272.6,22270.05,22271.3
1790844480,2026-10-01T14:18:00,22271.75,22278.5,22270.1,22278.5
1790844495,2026-10-01T14:18:15,22277.85,22279.9,22270.9,22273.7
1790844510,2026-10-01T14:18:30,22272.85,22276.55,22272.55,22274.65
1790844525,2026-10-01T14:18:45,22274.8,22276.65,22271.5,22276.65
1790844540,2026-10-01T14:19:00,22276.4,22278.05,22275.35,22277.35
1790844555,2026-10-01T14:19:15,22275.85,22277.7,22272.1,22273.7
1790844570,2026-10-01T14:19:30,22273.65,22274.9,22272.15,22274.4
1790844585,2026-10-01T14:19:45,22274.75,22275.5,22272.6,22274.6
1790844600,2026-10-01T14:20:00,22273.0,22276.9,22272.75,22276.35
1790844615,2026-10-01T14:20:15,22275.25,22278.5,22275.25,22277.8
1790844630,2026-10-01T14:20:30,22276.9,22282.25,22276.75,22281.5
1790844645,2026-10-01T14:20:45,22281.5,22282.25,22278.2,22278.2
1790844660,2026-10-01T14:21:00,22278.2,22280.95,22275.7,22277.15
1790844675,2026-10-01T14:21:15,22275.6,22276.7,22273.75,22274.7
1790844690,2026-10-01T14:21:30,22274.3,22278.35,22270.75,22278.1
1790844705,2026-10-01T14:21:45,22278.15,22280.55,22277.6,22280.2
1790844720,2026-10-01T14:22:00,22280.1,22282.65,22278.45,22280.65
1790844735,2026-10-01T14:22:15,22280.75,22283.25,22279.4,22283.1
1790844750,2026-10-01T14:22:30,22282.4,22286.85,22282.1,22286.45
1790844765,2026-10-01T14:22:45,22286.85,22286.85,22282.9,22285.75
1790844780,2026-10-01T14:23:00,22285.7,22287.35,22280.4,22280.7
1790844795,2026-10-01T14:23:15,22279.5,22282.35,22279.5,22281.1
1790844810,2026-10-01T14:23:30,22280.15,22281.65,22278.15,22280.75
1790844825,2026-10-01T14:23:45,22280.75,22280.75,22277.05,22280.0
1790844840,2026-10-01T14:24:00,22279.6,22283.05,22279.1,22281.05
1790844855,2026-10-01T14:24:15,22281.05,22281.8,22278.8,22280.9
1790844870,2026-10-01T14:24:30,22279.65,22281.45,22273.1,22273.35
1790844885,2026-10-01T14:24:45,22272.35,22275.45,22271.25,22274.75
1790844900,2026-10-01T14:25:00,22274.65,22279.55,22274.15,22279.05
1790844915,2026-10-01T14:25:15,22279.0,22283.8,22277.8,22282.2
1790844930,2026-10-01T14:25:30,22283.0,22284.35,22281.9,22283.4
1790844945,2026-10-01T14:25:45,22282.85,22284.9,22281.55,22283.75
1790844960,2026-10-01T14:26:00,22283.3,22288.0,22282.2,22287.15
1790844975,2026-10-01T14:26:15,22286.05,22290.35,22286.05,22290.35
1790844990,2026-10-01T14:26:30,22290.35,22291.6,22284.85,22291.6
1790845005,2026-10-01T14:26:45,22292.1,22300.1,22292.0,22299.3
1790845020,2026-10-01T14:27:00,22299.45,22307.1,22298.65,22306.6
1790845035,2026-10-01T14:27:15,22306.55,22307.65,22304.85,22306.6
1790845050,2026-10-01T14:27:30,22306.15,22311.65,22306.15,22311.65
1790845065,2026-10-01T14:27:45,22311.5,22314.15,22301.15,22301.15
1790845080,2026-10-01T14:28:00,22300.1,22300.6,22296.0,22300.3
1790845095,2026-10-01T14:28:15,22298.65,22299.65,22293.45,22294.45
1790845110,2026-10-01T14:28:30,22293.5,22297.35,22287.05,22287.05
1790845125,2026-10-01T14:28:45,22287.0,22291.85,22285.05,22291.05
1790845140,2026-10-01T14:29:00,22290.9,22294.5,22290.7,22292.8
1790845155,2026-10-01T14:29:15,22292.75,22306.2,22291.35,22304.45
1790845170,2026-10-01T14:29:30,22304.45,22306.9,22303.3,22306.4
1790845185,2026-10-01T14:29:45,22306.05,22308.75,22304.2,22308.0
1790845200,2026-10-01T14:30:00,22307.6,22316.6,22307.2,22315.65
1790845215,2026-10-01T14:30:15,22315.6,22315.75,22309.65,22311.65
1790845230,2026-10-01T14:30:30,22311.1,22322.25,22309.25,22322.25
1790845245,2026-10-01T14:30:45,22322.5,22335.75,22322.05,22334.65
1790845260,2026-10-01T14:31:00,22334.05,22338.35,22331.95,22332.35
1790845275,2026-10-01T14:31:15,22330.4,22336.1,22330.05,22335.4
1790845290,2026-10-01T14:31:30,22335.55,22338.65,22333.6,22336.65
1790845305,2026-10-01T14:31:45,22338.7,22343.3,22337.7,22341.95
1790845320,2026-10-01T14:32:00,22341.3,22342.6,22331.05,22332.1
1790845335,2026-10-01T14:32:15,22330.5,22333.6,22329.5,22331.25
1790845350,2026-10-01T14:32:30,22331.2,22332.4,22325.6,22325.7
1790845365,2026-10-01T14:32:45,22325.2,22332.45,22320.65,22331.65
1790845380,2026-10-01T14:33:00,22331.25,22332.3,22325.5,22325.95
1790845395,2026-10-01T14:33:15,22326.1,22329.9,22320.55,22329.9
1790845410,2026-10-01T14:33:30,22331.15,22346.15,22331.15,22346.15
1790845425,2026-10-01T14:33:45,22345.7,22361.9,22345.7,22360.05
1790845440,2026-10-01T14:34:00,22360.85,22369.45,22359.2,22367.0
1790845455,2026-10-01T14:34:15,22367.05,22371.9,22365.7,22370.6
1790845470,2026-10-01T14:34:30,22370.45,22371.8,22357.15,22361.65
1790845485,2026-10-01T14:34:45,22360.9,22364.35,22359.9,22362.15
1790845500,2026-10-01T14:35:00,22362.1,22362.45,22352.0,22354.55
1790845515,2026-10-01T14:35:15,22352.25,22356.2,22345.0,22348.15
1790845530,2026-10-01T14:35:30,22348.25,22359.55,22346.5,22359.2
1790845545,2026-10-01T14:35:45,22358.7,22368.15,22358.7,22366.05
1790845560,2026-10-01T14:36:00,22365.55,22365.55,22362.0,22364.4
1790845575,2026-10-01T14:36:15,22363.6,22365.75,22359.8,22363.25
1790845590,2026-10-01T14:36:30,22363.0,22364.15,22359.85,22362.1
1790845605,2026-10-01T14:36:45,22362.65,22371.0,22362.65,22370.1
1790845620,2026-10-01T14:37:00,22369.25,22370.35,22367.9,22370.2
1790845635,2026-10-01T14:37:15,22370.0,22377.55,22368.9,22376.15
1790845650,2026-10-01T14:37:30,22376.6,22378.05,22372.3,22378.05
1790845665,2026-10-01T14:37:45,22377.8,22378.45,22371.75,22373.45
1790845680,2026-10-01T14:38:00,22373.55,22374.2,22369.6,22372.2
1790845695,2026-10-01T14:38:15,22372.2,22378.15,22371.95,22374.4
1790845710,2026-10-01T14:38:30,22374.45,22375.25,22368.4,22369.3
1790845725,2026-10-01T14:38:45,22369.2,22370.4,22361.45,22364.6
1790845740,2026-10-01T14:39:00,22364.65,22366.6,22362.8,22363.2
1790845755,2026-10-01T14:39:15,22362.85,22362.85,22353.2,22355.25
1790845770,2026-10-01T14:39:30,22354.7,22355.4,22341.65,22349.65
1790845785,2026-10-01T14:39:45,22348.2,22353.95,22346.9,22352.95
1790845800,2026-10-01T14:40:00,22353.2,22357.4,22349.85,22356.1
1790845815,2026-10-01T14:40:15,22356.3,22357.8,22354.1,22355.7
1790845830,2026-10-01T14:40:30,22355.9,22360.55,22354.0,22359.7
1790845845,2026-10-01T14:40:45,22359.4,22361.25,22356.3,22359.35
1790845860,2026-10-01T14:41:00,22359.25,22361.8,22357.15,22361.65
1790845875,2026-10-01T14:41:15,22361.8,22362.4,22356.05,22358.1
1790845890,2026-10-01T14:41:30,22358.2,22364.5,22357.5,22364.45
1790845905,2026-10-01T14:41:45,22364.25,22365.9,22362.15,22362.75
1790845920,2026-10-01T14:42:00,22362.25,22362.3,22348.5,22348.7
1790845935,2026-10-01T14:42:15,22348.75,22351.65,22342.5,22350.7
1790845950,2026-10-01T14:42:30,22350.5,22357.45,22349.2,22357.4
1790845965,2026-10-01T14:42:45,22357.7,22357.85,22351.4,22355.75
1790845980,2026-10-01T14:43:00,22355.55,22359.8,22355.0,22358.75
1790845995,2026-10-01T14:43:15,22358.95,22360.15,22356.7,22357.3
1790846010,2026-10-01T14:43:30,22357.2,22357.45,22354.45,22355.45
1790846025,2026-10-01T14:43:45,22355.9,22358.55,22354.25,22358.15
1790846040,2026-10-01T14:44:00,22358.25,22358.25,22353.25,22354.45
1790846055,2026-10-01T14:44:15,22354.4,22357.2,22353.25,22355.8
1790846070,2026-10-01T14:44:30,22355.8,22356.05,22352.75,22355.55
1790846085,2026-10-01T14:44:45,22355.65,22358.8,22353.1,22358.15
1790846100,2026-10-01T14:45:00,22358.45,22363.7,22358.05,22361.1
1790846115,2026-10-01T14:45:15,22361.05,22361.05,22351.1,22353.5
1790846130,2026-10-01T14:45:30,22353.5,22355.05,22352.45,22354.75
1790846145,2026-10-01T14:45:45,22355.2,22357.2,22354.25,22356.05
1790846160,2026-10-01T14:46:00,22355.85,22358.6,22354.3,22354.3
1790846175,2026-10-01T14:46:15,22354.25,22355.45,22352.35,22354.7
1790846190,2026-10-01T14:46:30,22354.6,22357.95,22353.85,22354.85
1790846205,2026-10-01T14:46:45,22357.15,22357.15,22350.65,22350.65
1790846220,2026-10-01T14:47:00,22350.85,22358.75,22347.8,22358.1
1790846235,2026-10-01T14:47:15,22358.2,22361.75,22358.1,22360.0
1790846250,2026-10-01T14:47:30,22359.95,22360.2,22357.0,22359.7
1790846265,2026-10-01T14:47:45,22359.7,22364.25,22359.2,22360.75
1790846280,2026-10-01T14:48:00,22360.65,22364.45,22359.65,22364.0
1790846295,2026-10-01T14:48:15,22364.1,22364.1,22359.6,22359.85
1790846310,2026-10-01T14:48:30,22359.95,22361.45,22359.2,22360.6
1790846325,2026-10-01T14:48:45,22360.75,22361.0,22355.65,22356.5
1790846340,2026-10-01T14:49:00,22356.45,22362.1,22355.95,22362.05
1790846355,2026-10-01T14:49:15,22362.05,22363.9,22360.55,22362.05
1790846370,2026-10-01T14:49:30,22361.9,22364.3,22358.15,22358.25
1790846385,2026-10-01T14:49:45,22358.5,22359.15,22354.15,22358.25
1790846400,2026-10-01T14:50:00,22358.15,22371.75,22357.8,22371.75
1790846415,2026-10-01T14:50:15,22371.7,22378.7,22371.45,22378.2
1790846430,2026-10-01T14:50:30,22378.45,22379.15,22375.3,22376.25
1790846445,2026-10-01T14:50:45,22377.05,22383.25,22375.55,22381.25
1790846460,2026-10-01T14:51:00,22382.2,22382.5,22368.45,22370.9
1790846475,2026-10-01T14:51:15,22370.8,22371.8,22367.35,22368.6
1790846490,2026-10-01T14:51:30,22368.2,22386.05,22366.0,22384.6
1790846505,2026-10-01T14:51:45,22384.35,22385.45,22375.6,22381.55
1790846520,2026-10-01T14:52:00,22381.65,22382.4,22379.25,22380.5
1790846535,2026-10-01T14:52:15,22380.4,22387.25,22378.7,22385.6
1790846550,2026-10-01T14:52:30,22384.5,22386.35,22380.65,22385.7
1790846565,2026-10-01T14:52:45,22385.75,22389.15,22383.55,22388.5
1790846580,2026-10-01T14:53:00,22388.15,22396.25,22387.65,22395.25
1790846595,2026-10-01T14:53:15,22395.25,22397.65,22393.2,22396.75
1790846610,2026-10-01T14:53:30,22398.45,22399.65,22396.5,22399.0
1790846625,2026-10-01T14:53:45,22399.3,22402.85,22398.7,22401.35
1790846640,2026-10-01T14:54:00,22401.5,22403.95,22400.6,22403.5
1790846655,2026-10-01T14:54:15,22403.75,22410.4,22402.7,22407.65
1790846670,2026-10-01T14:54:30,22408.35,22410.15,22407.25,22407.35
1790846685,2026-10-01T14:54:45,22406.5,22406.6,22403.25,22404.65
1790846700,2026-10-01T14:55:00,22404.5,22408.0,22400.8,22408.0
1790846715,2026-10-01T14:55:15,22408.1,22411.15,22406.4,22410.5
1790846730,2026-10-01T14:55:30,22410.2,22413.3,22409.5,22412.75
1790846745,2026-10-01T14:55:45,22412.6,22412.75,22408.95,22410.45
1790846760,2026-10-01T14:56:00,22410.2,22410.2,22402.45,22409.5
1790846775,2026-10-01T14:56:15,22409.65,22418.45,22408.45,22416.75
1790846790,2026-10-01T14:56:30,22415.25,22418.7,22411.8,22416.4
1790846805,2026-10-01T14:56:45,22416.8,22416.8,22409.25,22413.9
1790846820,2026-10-01T14:57:00,22414.0,22418.6,22413.05,22414.95
1790846835,2026-10-01T14:57:15,22415.4,22419.25,22413.6,22417.4
1790846850,2026-10-01T14:57:30,22417.45,22417.45,22409.0,22412.0
1790846865,2026-10-01T14:57:45,22409.05,22410.0,22402.5,22404.7
1790846880,2026-10-01T14:58:00,22404.7,22411.85,22404.6,22411.2
1790846895,2026-10-01T14:58:15,22411.05,22411.65,22406.7,22406.75
1790846910,2026-10-01T14:58:30,22407.05,22409.75,22406.25,22407.8
1790846925,2026-10-01T14:58:45,22407.95,22408.4,22404.4,22406.55
1790846940,2026-10-01T14:59:00,22407.1,22409.55,22405.8,22407.25
1790846955,2026-10-01T14:59:15,22407.2,22407.2,22402.85,22403.0
1790846970,2026-10-01T14:59:30,22402.95,22404.85,22400.95,22401.25
1790846985,2026-10-01T14:59:45,22400.45,22401.05,22398.05,22398.8
1790847000,2026-10-01T15:00:00,22398.45,22400.25,22391.6,22398.95
1790847015,2026-10-01T15:00:15,22398.35,22398.5,22392.3,22395.0
1790847030,2026-10-01T15:00:30,22394.75,22395.65,22391.35,22392.35
1790847045,2026-10-01T15:00:45,22392.5,22393.45,22390.75,22391.2
1790847060,2026-10-01T15:01:00,22390.65,22393.1,22388.55,22392.3
1790847075,2026-10-01T15:01:15,22391.95,22397.05,22391.75,22396.7
1790847090,2026-10-01T15:01:30,22397.9,22401.15,22396.75,22398.75
1790847105,2026-10-01T15:01:45,22398.75,22398.75,22390.2,22390.95
1790847120,2026-10-01T15:02:00,22390.2,22390.8,22384.85,22384.9
1790847135,2026-10-01T15:02:15,22384.55,22389.65,22383.55,22387.8
1790847150,2026-10-01T15:02:30,22386.65,22387.3,22383.85,22384.1
1790847165,2026-10-01T15:02:45,22384.5,22387.55,22383.15,22387.55
1790847180,2026-10-01T15:03:00,22387.75,22389.65,22386.85,22389.0
1790847195,2026-10-01T15:03:15,22388.5,22393.5,22387.0,22392.8
1790847210,2026-10-01T15:03:30,22393.4,22394.0,22390.35,22394.0
1790847225,2026-10-01T15:03:45,22394.15,22394.15,22390.85,22391.1
1790847240,2026-10-01T15:04:00,22391.65,22393.65,22389.8,22392.2
1790847255,2026-10-01T15:04:15,22392.85,22398.6,22392.55,22396.15
1790847270,2026-10-01T15:04:30,22396.65,22396.65,22390.8,22392.0
1790847285,2026-10-01T15:04:45,22391.85,22394.25,22390.4,22393.05
1790847300,2026-10-01T15:05:00,22393.35,22407.15,22393.35,22406.55
1790847315,2026-10-01T15:05:15,22405.2,22417.8,22405.15,22417.4
1790847330,2026-10-01T15:05:30,22416.8,22419.95,22414.95,22418.55
1790847345,2026-10-01T15:05:45,22418.9,22422.3,22418.35,22421.0
1790847360,2026-10-01T15:06:00,22421.3,22426.15,22418.8,22426.15
1790847375,2026-10-01T15:06:15,22425.95,22432.2,22425.2,22430.95
1790847390,2026-10-01T15:06:30,22432.75,22433.15,22427.55,22429.05
1790847405,2026-10-01T15:06:45,22428.95,22429.55,22424.2,22425.2
1790847420,2026-10-01T15:07:00,22425.5,22425.5,22418.5,22420.2
1790847435,2026-10-01T15:07:15,22419.4,22425.0,22419.4,22423.8
1790847450,2026-10-01T15:07:30,22424.35,22426.85,22422.65,22425.3
1790847465,2026-10-01T15:07:45,22425.35,22426.15,22421.15,22421.3
1790847480,2026-10-01T15:08:00,22421.55,22423.05,22420.1,22421.45
1790847495,2026-10-01T15:08:15,22420.7,22420.85,22416.9,22419.05
1790847510,2026-10-01T15:08:30,22419.55,22419.8,22417.8,22418.5
1790847525,2026-10-01T15:08:45,22418.55,22418.75,22415.2,22415.2
1790847540,2026-10-01T15:09:00,22415.15,22416.3,22407.2,22409.6
1790847555,2026-10-01T15:09:15,22409.3,22411.15,22406.95,22409.7
1790847570,2026-10-01T15:09:30,22410.1,22412.5,22408.9,22412.2
1790847585,2026-10-01T15:09:45,22413.15,22418.1,22412.4,22417.15
1790847600,2026-10-01T15:10:00,22417.15,22422.65,22417.15,22422.45
1790847615,2026-10-01T15:10:15,22422.0,22426.8,22421.35,22425.15
1790847630,2026-10-01T15:10:30,22424.95,22427.45,22423.7,22427.15
1790847645,2026-10-01T15:10:45,22426.8,22427.95,22425.85,22427.35
1790847660,2026-10-01T15:11:00,22428.5,22433.4,22425.75,22433.15
1790847675,2026-10-01T15:11:15,22433.15,22437.9,22431.85,22433.0
1790847690,2026-10-01T15:11:30,22432.75,22438.0,22431.9,22435.65
1790847705,2026-10-01T15:11:45,22435.6,22436.9,22431.5,22436.25
1790847720,2026-10-01T15:12:00,22438.2,22438.2,22428.55,22434.15
1790847735,2026-10-01T15:12:15,22433.75,22438.05,22432.75,22435.1
1790847750,2026-10-01T15:12:30,22437.75,22437.9,22427.75,22431.55
1790847765,2026-10-01T15:12:45,22431.15,22433.65,22428.55,22429.85
1790847780,2026-10-01T15:13:00,22431.9,22434.55,22428.05,22433.6
1790847795,2026-10-01T15:13:15,22434.35,22434.7,22428.3,22429.4
1790847810,2026-10-01T15:13:30,22429.45,22429.55,22420.95,22425.35
1790847825,2026-10-01T15:13:45,22425.35,22426.65,22422.45,22425.85
1790847840,2026-10-01T15:14:00,22424.3,22432.65,22423.35,22431.0
1790847855,2026-10-01T15:14:15,22432.1,22436.2,22429.5,22436.1
1790847870,2026-10-01T15:14:30,22438.25,22444.1,22431.0,22439.3
1790847885,2026-10-01T15:14:45,22435.4,22448.5,22434.95,22445.6
1790847900,2026-10-01T15:15:00,22446.0,22446.0,22446.0,22446.0
1790847915,2026-10-01T15:15:15,22446.0,22446.0,22446.0,22446.0
1790847930,2026-10-01T15:15:30,22446.0,22446.0,22446.0,22446.0
1790847945,2026-10-01T15:15:45,22446.0,22446.0,22446.0,22446.0
1790847960,2026-10-01T15:16:00,22446.0,22446.0,22446.0,22446.0
1790847975,2026-10-01T15:16:15,22446.0,22446.0,22446.0,22446.0
1790847990,2026-10-01T15:16:30,22446.0,22446.0,22446.0,22446.0
1790848005,2026-10-01T15:16:45,22446.0,22446.0,22446.0,22446.0
1790848020,2026-10-01T15:17:00,22446.0,22446.0,22446.0,22446.0
1790848035,2026-10-01T15:17:15,22446.0,22446.0,22446.0,22446.0
1790848050,2026-10-01T15:17:30,22446.0,22446.0,22446.0,22446.0
1790848065,2026-10-01T15:17:45,22446.0,22446.0,22446.0,22446.0
1790848080,2026-10-01T15:18:00,22446.0,22446.0,22446.0,22446.0
1790848095,2026-10-01T15:18:15,22446.0,22446.0,22446.0,22446.0
1790848110,2026-10-01T15:18:30,22446.0,22446.0,22446.0,22446.0
1790848125,2026-10-01T15:18:45,22446.0,22446.0,22446.0,22446.0
1790848140,2026-10-01T15:19:00,22446.0,22446.0,22446.0,22446.0
1790848155,2026-10-01T15:19:15,22446.0,22446.0,22446.0,22446.0
1790848170,2026-10-01T15:19:30,22446.0,22446.0,22446.0,22446.0
1790848185,2026-10-01T15:19:45,22446.0,22446.0,22446.0,22446.0
1790848200,2026-10-01T15:20:00,22446.0,22446.0,22446.0,22446.0
1790848215,2026-10-01T15:20:15,22446.0,22446.0,22446.0,22446.0
1790848230,2026-10-01T15:20:30,22446.0,22446.0,22446.0,22446.0
1790848245,2026-10-01T15:20:45,22446.0,22446.0,22446.0,22446.0
1790848260,2026-10-01T15:21:00,22446.0,22446.0,22446.0,22446.0
1790848275,2026-10-01T15:21:15,22446.0,22446.0,22446.0,22446.0
1790848290,2026-10-01T15:21:30,22446.0,22446.0,22446.0,22446.0
1790848305,2026-10-01T15:21:45,22446.0,22446.0,22446.0,22446.0
1790848320,2026-10-01T15:22:00,22446.0,22446.0,22446.0,22446.0
1790848335,2026-10-01T15:22:15,22446.0,22446.0,22446.0,22446.0
1790848350,2026-10-01T15:22:30,22446.0,22446.0,22446.0,22446.0
1790848365,2026-10-01T15:22:45,22446.0,22446.0,22446.0,22446.0
1790848380,2026-10-01T15:23:00,22446.0,22446.0,22446.0,22446.0
1790848395,2026-10-01T15:23:15,22446.0,22446.0,22446.0,22446.0
1790848410,2026-10-01T15:23:30,22446.0,22446.0,22446.0,22446.0
1790848425,2026-10-01T15:23:45,22446.0,22446.0,22446.0,22446.0
1790848440,2026-10-01T15:24:00,22446.0,22446.0,22446.0,22446.0
1790848455,2026-10-01T15:24:15,22446.0,22446.0,22446.0,22446.0
1790848470,2026-10-01T15:24:30,22446.0,22446.0,22446.0,22446.0
1790848485,2026-10-01T15:24:45,22446.0,22446.0,22446.0,22446.0
1790848500,2026-10-01T15:25:00,22446.0,22446.0,22446.0,22446.0
1790848515,2026-10-01T15:25:15,22446.0,22446.0,22446.0,22446.0
1790848530,2026-10-01T15:25:30,22446.0,22446.0,22446.0,22446.0
1790848545,2026-10-01T15:25:45,22446.0,22446.0,22446.0,22446.0
1790848560,2026-10-01T15:26:00,22446.0,22446.0,22446.0,22446.0
1790848575,2026-10-01T15:26:15,22446.0,22446.0,22446.0,22446.0
1790848590,2026-10-01T15:26:30,22446.0,22446.0,22446.0,22446.0
1790848605,2026-10-01T15:26:45,22446.0,22446.0,22446.0,22446.0
1790848620,2026-10-01T15:27:00,22446.0,22446.0,22446.0,22446.0
1790848635,2026-10-01T15:27:15,22446.0,22446.0,22446.0,22446.0
1790848650,2026-10-01T15:27:30,22446.0,22446.0,22446.0,22446.0
1790848665,2026-10-01T15:27:45,22446.0,22446.0,22446.0,22446.0
1790848680,2026-10-01T15:28:00,22446.0,22446.0,22446.0,22446.0
1790848695,2026-10-01T15:28:15,22446.0,22446.0,22446.0,22446.0
1790848710,2026-10-01T15:28:30,22446.0,22446.0,22446.0,22446.0
1790848725,2026-10-01T15:28:45,22446.0,22446.0,22446.0,22446.0
1790848740,2026-10-01T15:29:00,22446.0,22446.0,22421.95,22421.95
1790848755,2026-10-01T15:29:15,22421.95,22421.95,22421.95,22421.95
1790848770,2026-10-01T15:29:30,22421.95,22421.95,22421.95,22421.95
1790848785,2026-10-01T15:29:45,22421.95,22421.95,22421.95,22421.95
1791171900,2026-10-05T09:15:00,22531.4,22544.85,22507.55,22537.15
1791171915,2026-10-05T09:15:15,22539.6,22552.35,22536.85,22547.8
1791171930,2026-10-05T09:15:30,22546.75,22546.8,22537.45,22538
1791171945,2026-10-05T09:15:45,22538.55,22547.4,22534.1,22544.5
1791171960,2026-10-05T09:16:00,22545.6,22550.65,22532.45,22540.3
1791171975,2026-10-05T09:16:15,22541.1,22542.2,22527.4,22528.45
1791171990,2026-10-05T09:16:30,22529.05,22530.1,22522.55,22529.3
1791172005,2026-10-05T09:16:45,22532.15,22545.6,22529.6,22544.45
1791172020,2026-10-05T09:17:00,22546.2,22552.1,22542.9,22552.1
1791172035,2026-10-05T09:17:15,22552.75,22560.55,22549.85,22560.55
1791172050,2026-10-05T09:17:30,22562.1,22563.3,22552.6,22559.6
1791172065,2026-10-05T09:17:45,22559.05,22563.2,22555,22560.65
1791172080,2026-10-05T09:18:00,22562.2,22563.2,22551.1,22551.55
1791172095,2026-10-05T09:18:15,22552.35,22556.1,22546.95,22552.7
1791172110,2026-10-05T09:18:30,22554.85,22561.9,22554.3,22556.85
1791172125,2026-10-05T09:18:45,22560.5,22562.6,22554.25,22557.05
1791172140,2026-10-05T09:19:00,22557.4,22557.8,22549.15,22549.9
1791172155,2026-10-05T09:19:15,22550.35,22553.25,22546.1,22550.6
1791172170,2026-10-05T09:19:30,22550.55,22552.6,22540.45,22542.7
1791172185,2026-10-05T09:19:45,22543.3,22553.55,22542.4,22553
1791172200,2026-10-05T09:20:00,22554.3,22556.7,22550.7,22553.6
1791172215,2026-10-05T09:20:15,22555.95,22556.25,22548.3,22553.65
1791172230,2026-10-05T09:20:30,22554.15,22556.65,22547.2,22547.9
1791172245,2026-10-05T09:20:45,22547.8,22549.4,22539.05,22541.25
1791172260,2026-10-05T09:21:00,22541.15,22541.3,22529.7,22533.8
1791172275,2026-10-05T09:21:15,22534.15,22534.15,22512,22512
1791172290,2026-10-05T09:21:30,22512,22522.9,22509.65,22513.8
1791172305,2026-10-05T09:21:45,22514.6,22519.3,22512.4,22517.8
1791172320,2026-10-05T09:22:00,22517.5,22519.45,22511.25,22514.8
1791172335,2026-10-05T09:22:15,22514.75,22522.95,22512.55,22522.95
1791172350,2026-10-05T09:22:30,22523.35,22528,22523.1,22524.8
1791172365,2026-10-05T09:22:45,22524.6,22527.1,22520.85,22523.95
1791172380,2026-10-05T09:23:00,22524.65,22535.95,22523.75,22535.4
1791172395,2026-10-05T09:23:15,22535.25,22539.9,22534.65,22538.15
1791172410,2026-10-05T09:23:30,22539.3,22539.3,22531.35,22537.25
1791172425,2026-10-05T09:23:45,22536.2,22540.85,22533.45,22540.2
1791172440,2026-10-05T09:24:00,22539.85,22541.4,22534.15,22537.4
1791172455,2026-10-05T09:24:15,22536.9,22543.2,22536.9,22538.9
1791172470,2026-10-05T09:24:30,22538.1,22540.95,22532.5,22540.5
1791172485,2026-10-05T09:24:45,22540.55,22544.35,22539.5,22544.35
1791172500,2026-10-05T09:25:00,22544.35,22554.1,22542.4,22553.85
1791172515,2026-10-05T09:25:15,22554.1,22555.4,22546.1,22546.1
1791172530,2026-10-05T09:25:30,22547.45,22549.6,22544.5,22547.9
1791172545,2026-10-05T09:25:45,22547.7,22548.45,22543,22544.1
1791172560,2026-10-05T09:26:00,22544.3,22548.25,22539.4,22539.65
1791172575,2026-10-05T09:26:15,22539.85,22539.85,22532.5,22534.3
1791172590,2026-10-05T09:26:30,22534.15,22537.25,22532.45,22536
1791172605,2026-10-05T09:26:45,22536.85,22544.25,22536.6,22543.7
1791172620,2026-10-05T09:27:00,22544.25,22550.25,22543.75,22549.75
1791172635,2026-10-05T09:27:15,22550.85,22552.9,22548.9,22552.25
1791172650,2026-10-05T09:27:30,22553.5,22559.85,22553.1,22559.85
1791172665,2026-10-05T09:27:45,22560.15,22563.1,22557.55,22561.35
1791172680,2026-10-05T09:28:00,22562.6,22567.75,22561.45,22567.55
1791172695,2026-10-05T09:28:15,22568.45,22570.65,22567.55,22570.65
1791172710,2026-10-05T09:28:30,22570.15,22571.05,22563.75,22567.1
1791172725,2026-10-05T09:28:45,22568.85,22570.2,22559.25,22564.85
1791172740,2026-10-05T09:29:00,22565.8,22565.95,22558.3,22559.55
1791172755,2026-10-05T09:29:15,22560.45,22566.25,22559,22563.25
1791172770,2026-10-05T09:29:30,22564.35,22569.85,22563.65,22569.15
1791172785,2026-10-05T09:29:45,22569.85,22570.25,22565.65,22568.85
1791172800,2026-10-05T09:30:00,22568.95,22574.35,22568.4,22572
1791172815,2026-10-05T09:30:15,22572.05,22576.1,22569.8,22574.35
1791172830,2026-10-05T09:30:30,22573.35,22580.7,22573.1,22579.25
1791172845,2026-10-05T09:30:45,22579.2,22582.25,22577.3,22581.5
1791172860,2026-10-05T09:31:00,22581.45,22582.25,22574.25,22579.35
1791172875,2026-10-05T09:31:15,22574.95,22581.85,22574.9,22580.6
1791172890,2026-10-05T09:31:30,22580.65,22581.2,22577.15,22578.25
1791172905,2026-10-05T09:31:45,22578.5,22581.15,22576.8,22580.35
1791172920,2026-10-05T09:32:00,22580.5,22584.95,22578.3,22582.95
1791172935,2026-10-05T09:32:15,22583,22591.25,22583,22590.25
1791172950,2026-10-05T09:32:30,22590.8,22591.55,22585.85,22588.1
1791172965,2026-10-05T09:32:45,22587.8,22591.9,22586.85,22588.4
1791172980,2026-10-05T09:33:00,22587.8,22594.05,22586.95,22591.35
1791172995,2026-10-05T09:33:15,22590.4,22591.5,22583.1,22585.35
1791173010,2026-10-05T09:33:30,22586.7,22586.7,22580.9,22581.1
1791173025,2026-10-05T09:33:45,22582,22586.65,22581.05,22585.3
1791173040,2026-10-05T09:34:00,22585.85,22589.1,22584.3,22586.6
1791173055,2026-10-05T09:34:15,22586.7,22594.45,22586.7,22594.45
1791173070,2026-10-05T09:34:30,22595.1,22595.1,22591.3,22594.65
1791173085,2026-10-05T09:34:45,22594.9,22595,22587.35,22590.1
1791173100,2026-10-05T09:35:00,22589.2,22590.2,22584.15,22587.9
1791173115,2026-10-05T09:35:15,22589.5,22590.3,22585.7,22586.2
1791173130,2026-10-05T09:35:30,22586.2,22586.65,22577.55,22578.35
1791173145,2026-10-05T09:35:45,22580.15,22582.5,22576.5,22576.8
1791173160,2026-10-05T09:36:00,22578.3,22578.3,22570.75,22573.6
1791173175,2026-10-05T09:36:15,22574,22574.65,22570.4,22572.8
1791173190,2026-10-05T09:36:30,22573.35,22584.45,22571.35,22583.95
1791173205,2026-10-05T09:36:45,22584.05,22584.35,22579.7,22581.05
1791173220,2026-10-05T09:37:00,22583.25,22583.25,22571.9,22571.9
1791173235,2026-10-05T09:37:15,22574.2,22575.25,22570.95,22573.95
1791173250,2026-10-05T09:37:30,22573.6,22576.1,22563.1,22566.1
1791173265,2026-10-05T09:37:45,22567.3,22567.3,22560.75,22562.1
1791173280,2026-10-05T09:38:00,22562.8,22568.45,22561.5,22565.5
1791173295,2026-10-05T09:38:15,22565.4,22573.65,22565.4,22567.4
1791173310,2026-10-05T09:38:30,22567.2,22572.6,22564.25,22570.7
1791173325,2026-10-05T09:38:45,22571.3,22575.65,22569.4,22570.1
1791173340,2026-10-05T09:39:00,22571.9,22576.2,22570.95,22576.2
1791173355,2026-10-05T09:39:15,22577.3,22579.6,22575.25,22578.45
1791173370,2026-10-05T09:39:30,22579.6,22583.2,22577.35,22583.1
1791173385,2026-10-05T09:39:45,22583.85,22585,22581.95,22584.05
1791173400,2026-10-05T09:40:00,22584.15,22585.75,22581.35,22582.1
1791173415,2026-10-05T09:40:15,22582.8,22583.65,22575.15,22575.95
1791173430,2026-10-05T09:40:30,22577.7,22578.3,22572.55,22578.3
1791173445,2026-10-05T09:40:45,22578.3,22579.3,22570.65,22571.25
1791173460,2026-10-05T09:41:00,22570.8,22580.9,22570.8,22580.9
1791173475,2026-10-05T09:41:15,22580.95,22582.9,22579.7,22580.6
1791173490,2026-10-05T09:41:30,22580.85,22582.3,22576.9,22581.4
1791173505,2026-10-05T09:41:45,22581.4,22586.95,22579.15,22586.55
1791173520,2026-10-05T09:42:00,22587.2,22587.2,22575.5,22576.95
1791173535,2026-10-05T09:42:15,22576.45,22583.9,22576.15,22582.75
1791173550,2026-10-05T09:42:30,22584.65,22587.05,22581.7,22583.2
1791173565,2026-10-05T09:42:45,22584.1,22584.1,22578.2,22580.15
1791173580,2026-10-05T09:43:00,22579.85,22583.25,22578.7,22580.85
1791173595,2026-10-05T09:43:15,22581.6,22582.85,22579.15,22580.65
1791173610,2026-10-05T09:43:30,22581.65,22582.55,22579.5,22581.5
1791173625,2026-10-05T09:43:45,22581.65,22583.6,22580.55,22581.65
1791173640,2026-10-05T09:44:00,22581.7,22582.55,22577,22577.85
1791173655,2026-10-05T09:44:15,22578.4,22579.2,22574.75,22578.25
1791173670,2026-10-05T09:44:30,22579.5,22581.65,22577.05,22578.4
1791173685,2026-10-05T09:44:45,22579.65,22582.8,22577.7,22582.5
1791173700,2026-10-05T09:45:00,22583.3,22586.9,22580.8,22586.45
1791173715,2026-10-05T09:45:15,22587.1,22592.35,22586.1,22590.85
1791173730,2026-10-05T09:45:30,22591.55,22593.1,22588.55,22591.45
1791173745,2026-10-05T09:45:45,22591.8,22592.3,22589.1,22591.1
1791173760,2026-10-05T09:46:00,22592.05,22601.95,22590.05,22601.35
1791173775,2026-10-05T09:46:15,22600.15,22605.7,22600.15,22604.5
1791173790,2026-10-05T09:46:30,22605.5,22607,22603.5,22605.75
1791173805,2026-10-05T09:46:45,22607.05,22608.95,22605.75,22606.8
1791173820,2026-10-05T09:47:00,22607,22610.85,22606.15,22610.45
1791173835,2026-10-05T09:47:15,22610.7,22610.7,22608.15,22608.15
1791173850,2026-10-05T09:47:30,22608.65,22611.8,22607.95,22611.15
1791173865,2026-10-05T09:47:45,22613.1,22613.1,22607.7,22608.35
1791173880,2026-10-05T09:48:00,22608.3,22609.7,22604.7,22605.95
1791173895,2026-10-05T09:48:15,22608.3,22608.3,22604.05,22607.35
1791173910,2026-10-05T09:48:30,22607.5,22610,22607.05,22609.15
1791173925,2026-10-05T09:48:45,22609.05,22614.55,22608.35,22613.35
1791173940,2026-10-05T09:49:00,22613,22615.05,22611.45,22613.25
1791173955,2026-10-05T09:49:15,22613.3,22615.3,22609.5,22612.6
1791173970,2026-10-05T09:49:30,22613.8,22615.5,22610.25,22612.9
1791173985,2026-10-05T09:49:45,22613.6,22613.6,22608.75,22610.25
1791174000,2026-10-05T09:50:00,22611.2,22613.8,22609.1,22613.55
1791174015,2026-10-05T09:50:15,22614.7,22619.35,22613.6,22619.05
1791174030,2026-10-05T09:50:30,22619.1,22621.8,22617.2,22619.85
1791174045,2026-10-05T09:50:45,22620.75,22620.75,22615.95,22617.25
1791174060,2026-10-05T09:51:00,22616.95,22617.65,22612.95,22614.2
1791174075,2026-10-05T09:51:15,22614.75,22615.6,22610.25,22613.25
1791174090,2026-10-05T09:51:30,22614.45,22615.2,22612.9,22615.1
1791174105,2026-10-05T09:51:45,22615.1,22615.65,22611.15,22611.7
1791174120,2026-10-05T09:52:00,22611.5,22612.95,22608,22610.3
1791174135,2026-10-05T09:52:15,22610.75,22611.45,22608.4,22609.7
1791174150,2026-10-05T09:52:30,22610.65,22610.85,22607.15,22609.15
1791174165,2026-10-05T09:52:45,22610.05,22612,22608.7,22609
1791174180,2026-10-05T09:53:00,22610.85,22610.85,22606,22609.75
1791174195,2026-10-05T09:53:15,22610.85,22610.85,22601.8,22604.55
1791174210,2026-10-05T09:53:30,22604.2,22608,22604.2,22607.5
1791174225,2026-10-05T09:53:45,22608.9,22609.55,22602.85,22603.25
1791174240,2026-10-05T09:54:00,22603.6,22604.2,22601.55,22603.5
1791174255,2026-10-05T09:54:15,22604.7,22604.8,22597.05,22597.5
1791174270,2026-10-05T09:54:30,22598.4,22600,22595,22598.8
1791174285,2026-10-05T09:54:45,22600.55,22603.5,22598.75,22603.3
1791174300,2026-10-05T09:55:00,22604.2,22607.8,22602.45,22604.45
1791174315,2026-10-05T09:55:15,22604.4,22610.45,22604.4,22609.05
1791174330,2026-10-05T09:55:30,22609.25,22613.55,22608.85,22613.05
1791174345,2026-10-05T09:55:45,22614.4,22614.4,22611.9,22612.65
1791174360,2026-10-05T09:56:00,22613.65,22613.65,22607.9,22613.25
1791174375,2026-10-05T09:56:15,22613.05,22614.35,22607,22610.95
1791174390,2026-10-05T09:56:30,22611.05,22613.1,22608.55,22611.35
1791174405,2026-10-05T09:56:45,22612.3,22613.45,22609.3,22609.9
1791174420,2026-10-05T09:57:00,22610.3,22610.85,22604.1,22607.35
1791174435,2026-10-05T09:57:15,22609.25,22610.9,22602.15,22602.15
1791174450,2026-10-05T09:57:30,22604.6,22604.6,22599.95,22601.1
1791174465,2026-10-05T09:57:45,22602.2,22602.25,22595.2,22596.9
1791174480,2026-10-05T09:58:00,22597.1,22597.1,22593.15,22596.25
1791174495,2026-10-05T09:58:15,22597.55,22602,22596.2,22601.8
1791174510,2026-10-05T09:58:30,22602.5,22602.75,22594.9,22597.8
1791174525,2026-10-05T09:58:45,22598.75,22599.2,22584.15,22584.7
1791174540,2026-10-05T09:59:00,22584.5,22585,22578.3,22579.3
1791174555,2026-10-05T09:59:15,22578.55,22581.1,22573.15,22573.7
1791174570,2026-10-05T09:59:30,22573.85,22575.9,22568.15,22568.7
1791174585,2026-10-05T09:59:45,22570.4,22570.4,22566.65,22566.9
1791174600,2026-10-05T10:00:00,22568.25,22568.5,22562,22567.75
1791174615,2026-10-05T10:00:15,22567.85,22576.25,22567.85,22575.05
1791174630,2026-10-05T10:00:30,22574.65,22575.75,22565.35,22566.25
1791174645,2026-10-05T10:00:45,22566.25,22569.3,22565.8,22569.3
1791174660,2026-10-05T10:01:00,22570,22575.4,22568.7,22575.15
1791174675,2026-10-05T10:01:15,22577,22577,22565.55,22566.2
1791174690,2026-10-05T10:01:30,22566.4,22567.55,22553.6,22556.4
1791174705,2026-10-05T10:01:45,22557.8,22562.65,22554.65,22560.3
1791174720,2026-10-05T10:02:00,22561.7,22562.75,22557.15,22560.35
1791174735,2026-10-05T10:02:15,22562.6,22562.6,22555.75,22556.8
1791174750,2026-10-05T10:02:30,22556.7,22561.1,22555.8,22557
1791174765,2026-10-05T10:02:45,22556.85,22558.65,22555.45,22556.9
1791174780,2026-10-05T10:03:00,22556.95,22567.5,22556.95,22566.5
1791174795,2026-10-05T10:03:15,22568.35,22568.35,22563.75,22566.05
1791174810,2026-10-05T10:03:30,22566.4,22566.4,22559.6,22560.8
1791174825,2026-10-05T10:03:45,22561.95,22562.4,22558.25,22559.6
1791174840,2026-10-05T10:04:00,22560.3,22560.3,22555.1,22555.25
1791174855,2026-10-05T10:04:15,22555.3,22556,22553.25,22554.7
1791174870,2026-10-05T10:04:30,22556.5,22556.6,22549.95,22551.2
1791174885,2026-10-05T10:04:45,22551.4,22552.9,22548.05,22550.9
1791174900,2026-10-05T10:05:00,22551.25,22552.1,22548.85,22549.65
1791174915,2026-10-05T10:05:15,22550.05,22550.05,22544.9,22544.9
1791174930,2026-10-05T10:05:30,22544.95,22546.5,22532.6,22536.85
1791174945,2026-10-05T10:05:45,22536.4,22537.95,22531.95,22533.15
1791174960,2026-10-05T10:06:00,22533.2,22546.3,22533.2,22544.45
1791174975,2026-10-05T10:06:15,22544.25,22547.95,22543.6,22547.1
1791174990,2026-10-05T10:06:30,22548.8,22548.8,22541.15,22542.15
1791175005,2026-10-05T10:06:45,22543.3,22551.65,22541.55,22551.65
1791175020,2026-10-05T10:07:00,22551.4,22555,22551.4,22554.5
1791175035,2026-10-05T10:07:15,22554.6,22556.4,22548.15,22549.15
1791175050,2026-10-05T10:07:30,22549.65,22555.15,22548.7,22553.25
1791175065,2026-10-05T10:07:45,22555.25,22555.25,22551.75,22552.85
1791175080,2026-10-05T10:08:00,22554.2,22554.6,22547.65,22550.5
1791175095,2026-10-05T10:08:15,22551.35,22551.35,22546.45,22547.75
1791175110,2026-10-05T10:08:30,22548.25,22551.55,22546.05,22549.15
1791175125,2026-10-05T10:08:45,22551.4,22552.05,22548.2,22550.15
1791175140,2026-10-05T10:09:00,22550.25,22554.95,22548.5,22553.2
1791175155,2026-10-05T10:09:15,22554.55,22559.3,22553.15,22559.15
1791175170,2026-10-05T10:09:30,22559.65,22562.9,22558.2,22560.8
1791175185,2026-10-05T10:09:45,22561.95,22564.25,22559.75,22562.65
1791175200,2026-10-05T10:10:00,22562.6,22565.05,22560.65,22561.65
1791175215,2026-10-05T10:10:15,22562.85,22564.35,22560.1,22561.6
1791175230,2026-10-05T10:10:30,22562.65,22563.3,22557.25,22557.85
1791175245,2026-10-05T10:10:45,22558.1,22559.3,22555.4,22556.45
1791175260,2026-10-05T10:11:00,22556.25,22556.9,22551.25,22554.1
1791175275,2026-10-05T10:11:15,22555.3,22558.7,22554.15,22558.7
1791175290,2026-10-05T10:11:30,22558.4,22558.5,22554.6,22555.4
1791175305,2026-10-05T10:11:45,22556.9,22557.2,22552.4,22555.15
1791175320,2026-10-05T10:12:00,22555.85,22555.85,22552.05,22553.55
1791175335,2026-10-05T10:12:15,22554.25,22558.8,22552.25,22557.45
1791175350,2026-10-05T10:12:30,22557.25,22559.05,22555.25,22556.1
1791175365,2026-10-05T10:12:45,22555.7,22555.7,22549.25,22552.65
1791175380,2026-10-05T10:13:00,22553.65,22557.45,22549.9,22551.2
1791175395,2026-10-05T10:13:15,22550.4,22555.5,22549.85,22554.2
1791175410,2026-10-05T10:13:30,22554.8,22557.15,22553.7,22555.9
1791175425,2026-10-05T10:13:45,22556.6,22558.35,22553.95,22555.15
1791175440,2026-10-05T10:14:00,22555.35,22559.35,22553.95,22558.4
1791175455,2026-10-05T10:14:15,22558.1,22560.3,22548.6,22548.9
1791175470,2026-10-05T10:14:30,22549.25,22550.65,22544.35,22546.65
1791175485,2026-10-05T10:14:45,22547.45,22547.65,22541.65,22543.75
1791175500,2026-10-05T10:15:00,22543.65,22546,22541.05,22541.05
1791175515,2026-10-05T10:15:15,22541.95,22544.45,22539.8,22539.8
1791175530,2026-10-05T10:15:30,22541.7,22541.7,22536,22537.65
1791175545,2026-10-05T10:15:45,22538.6,22539.7,22536.15,22538.35
1791175560,2026-10-05T10:16:00,22538.15,22542.55,22538.15,22542.4
1791175575,2026-10-05T10:16:15,22542.4,22543.05,22539.8,22542
1791175590,2026-10-05T10:16:30,22541.85,22543.7,22540.4,22542.6
1791175605,2026-10-05T10:16:45,22542.65,22546.05,22541.65,22545.25
1791175620,2026-10-05T10:17:00,22546.2,22555.45,22543.2,22555.35
1791175635,2026-10-05T10:17:15,22556.05,22557.45,22552.9,22553.4
1791175650,2026-10-05T10:17:30,22554.55,22560.5,22553.1,22558.35
1791175665,2026-10-05T10:17:45,22558.35,22559.2,22552.55,22552.55
1791175680,2026-10-05T10:18:00,22552.65,22557.3,22549.5,22556.15
1791175695,2026-10-05T10:18:15,22556.35,22557.2,22551.1,22552.7
1791175710,2026-10-05T10:18:30,22553.9,22554.05,22550.05,22550.4
1791175725,2026-10-05T10:18:45,22550.35,22552.4,22550.3,22550.7
1791175740,2026-10-05T10:19:00,22552.2,22552.7,22550.15,22551.5
1791175755,2026-10-05T10:19:15,22551.75,22555.55,22550.7,22555.5
1791175770,2026-10-05T10:19:30,22555.6,22556,22552.15,22552.55
1791175785,2026-10-05T10:19:45,22553.3,22555.65,22552.35,22552.4
1791175800,2026-10-05T10:20:00,22553.95,22554.75,22546.2,22546.7
1791175815,2026-10-05T10:20:15,22547.6,22548.55,22545.6,22548.05
1791175830,2026-10-05T10:20:30,22547.9,22550.45,22546.5,22546.5
1791175845,2026-10-05T10:20:45,22547.45,22548.1,22545.4,22546.65
1791175860,2026-10-05T10:21:00,22547.2,22547.2,22540.05,22540.35
1791175875,2026-10-05T10:21:15,22541.5,22541.5,22535.2,22535.2
1791175890,2026-10-05T10:21:30,22534.5,22537.85,22533.85,22536.5
1791175905,2026-10-05T10:21:45,22537.65,22539,22536.1,22536.55
1791175920,2026-10-05T10:22:00,22536.8,22538.2,22528.9,22529.25
1791175935,2026-10-05T10:22:15,22530.4,22530.4,22524.5,22526.6
1791175950,2026-10-05T10:22:30,22527.45,22529.15,22523.8,22524.25
1791175965,2026-10-05T10:22:45,22525.4,22526,22518.8,22519.3
1791175980,2026-10-05T10:23:00,22518.6,22522.7,22518.4,22522.15
1791175995,2026-10-05T10:23:15,22522.15,22525.1,22522.15,22525.05
1791176010,2026-10-05T10:23:30,22525.2,22528.35,22519.2,22523.05
1791176025,2026-10-05T10:23:45,22524.25,22530.65,22522.6,22529.5
1791176040,2026-10-05T10:24:00,22529.9,22532.8,22525.3,22525.85
1791176055,2026-10-05T10:24:15,22526.75,22526.75,22522.4,22522.85
1791176070,2026-10-05T10:24:30,22523.75,22523.75,22514,22515.25
1791176085,2026-10-05T10:24:45,22515,22515.2,22503.95,22504.8
1791176100,2026-10-05T10:25:00,22506.1,22506.1,22497.95,22498.7
1791176115,2026-10-05T10:25:15,22499.75,22499.75,22493.25,22494.6
1791176130,2026-10-05T10:25:30,22493.95,22494.1,22488.15,22491.2
1791176145,2026-10-05T10:25:45,22492.55,22492.55,22487.75,22487.75
1791176160,2026-10-05T10:26:00,22487.1,22487.1,22474.05,22485.05
1791176175,2026-10-05T10:26:15,22486.45,22489.4,22484.2,22486.15
1791176190,2026-10-05T10:26:30,22485.95,22491.5,22484.85,22487.65
1791176205,2026-10-05T10:26:45,22488.25,22488.95,22485.15,22488.1
1791176220,2026-10-05T10:27:00,22488.2,22489.6,22479.8,22481.3
1791176235,2026-10-05T10:27:15,22481.6,22483.3,22479.7,22479.7
1791176250,2026-10-05T10:27:30,22481.6,22481.6,22474.95,22477.3
1791176265,2026-10-05T10:27:45,22477.1,22504.15,22477.1,22500.8
1791176280,2026-10-05T10:28:00,22500.95,22509.55,22498.35,22508.35
1791176295,2026-10-05T10:28:15,22508.35,22521.65,22508,22521.65
1791176310,2026-10-05T10:28:30,22521.85,22522.75,22514.85,22518.75
1791176325,2026-10-05T10:28:45,22520.05,22520.5,22516.9,22518.45
1791176340,2026-10-05T10:29:00,22520.35,22522.9,22513.65,22513.65
1791176355,2026-10-05T10:29:15,22514.1,22514.1,22509.15,22509.6
1791176370,2026-10-05T10:29:30,22510.15,22519.95,22508.1,22518.8
1791176385,2026-10-05T10:29:45,22520.05,22521.25,22512.95,22512.95
1791176400,2026-10-05T10:30:00,22514.95,22520.95,22512.75,22517.8
1791176415,2026-10-05T10:30:15,22517.55,22518.6,22515.55,22517.35
1791176430,2026-10-05T10:30:30,22518.75,22519.3,22516.65,22517.5
1791176445,2026-10-05T10:30:45,22517.75,22518,22515.95,22515.95
1791176460,2026-10-05T10:31:00,22516.05,22519.35,22515.4,22519.1
1791176475,2026-10-05T10:31:15,22519.3,22521.85,22518.25,22521.2
1791176490,2026-10-05T10:31:30,22521.15,22523.9,22518.45,22523.8
1791176505,2026-10-05T10:31:45,22525.2,22526.05,22522.35,22522.85
1791176520,2026-10-05T10:32:00,22523.4,22526.95,22523.4,22525.65
1791176535,2026-10-05T10:32:15,22525.55,22531.75,22525.5,22531
1791176550,2026-10-05T10:32:30,22532.25,22534.3,22531.5,22533.4
1791176565,2026-10-05T10:32:45,22533.4,22533.75,22527.6,22528.9
1791176580,2026-10-05T10:33:00,22529.65,22530.6,22528.1,22530.1
1791176595,2026-10-05T10:33:15,22530.35,22531.15,22527.25,22527.45
1791176610,2026-10-05T10:33:30,22528.6,22528.85,22524.75,22526.6
1791176625,2026-10-05T10:33:45,22527.45,22531.25,22526.9,22530.8
1791176640,2026-10-05T10:34:00,22532.35,22532.35,22529.55,22530
1791176655,2026-10-05T10:34:15,22530.1,22531.35,22529.05,22530.85
1791176670,2026-10-05T10:34:30,22531.7,22533.4,22531.1,22532.8
1791176685,2026-10-05T10:34:45,22533.15,22534.35,22530.85,22531.4
1791176700,2026-10-05T10:35:00,22532.3,22532.3,22523.65,22524.2
1791176715,2026-10-05T10:35:15,22523.95,22525.55,22516.25,22518.1
1791176730,2026-10-05T10:35:30,22519,22519,22511.75,22512.6
1791176745,2026-10-05T10:35:45,22513.95,22514.55,22502.6,22507.95
1791176760,2026-10-05T10:36:00,22509.3,22511.05,22505.65,22508.45
1791176775,2026-10-05T10:36:15,22507.05,22509.65,22503.6,22507.15
1791176790,2026-10-05T10:36:30,22507.65,22510.4,22507.65,22508.95
1791176805,2026-10-05T10:36:45,22509.3,22514.8,22509.3,22514.75
1791176820,2026-10-05T10:37:00,22515.4,22517.2,22513.65,22515.1
1791176835,2026-10-05T10:37:15,22516.2,22516.2,22508.45,22508.45
1791176850,2026-10-05T10:37:30,22508.45,22511,22508.15,22510
1791176865,2026-10-05T10:37:45,22511.15,22511.15,22506.15,22506.35
1791176880,2026-10-05T10:38:00,22506,22506.7,22498.85,22498.85
1791176895,2026-10-05T10:38:15,22499.2,22500.4,22495.45,22498.5
1791176910,2026-10-05T10:38:30,22498.55,22500.85,22494.65,22495.35
1791176925,2026-10-05T10:38:45,22496.7,22496.7,22485.65,22486.3
1791176940,2026-10-05T10:39:00,22485.8,22487.8,22481.2,22481.9
1791176955,2026-10-05T10:39:15,22482.3,22483.5,22477.75,22480.3
1791176970,2026-10-05T10:39:30,22480.55,22480.9,22478.3,22479.1
1791176985,2026-10-05T10:39:45,22480.45,22480.55,22473.55,22474.45
1791177000,2026-10-05T10:40:00,22475.15,22475.15,22468.75,22471.9
1791177015,2026-10-05T10:40:15,22472,22486.55,22471.65,22486.55
1791177030,2026-10-05T10:40:30,22486.8,22487.95,22484.55,22485.8
1791177045,2026-10-05T10:40:45,22487.1,22488.5,22483.4,22483.4
1791177060,2026-10-05T10:41:00,22484.4,22485.45,22480.65,22482.6
1791177075,2026-10-05T10:41:15,22483.3,22483.5,22479.8,22480.95
1791177090,2026-10-05T10:41:30,22482.5,22488.3,22481.25,22486.95
1791177105,2026-10-05T10:41:45,22488.25,22490.6,22487.4,22489.2
1791177120,2026-10-05T10:42:00,22489.8,22492.7,22488.35,22492.05
1791177135,2026-10-05T10:42:15,22493.15,22496.5,22491.85,22492.3
1791177150,2026-10-05T10:42:30,22493.7,22493.7,22490.35,22491.1
1791177165,2026-10-05T10:42:45,22491.6,22492.35,22489.2,22490.45
1791177180,2026-10-05T10:43:00,22491.5,22493.9,22491.25,22493.5
1791177195,2026-10-05T10:43:15,22494.65,22498.5,22493.25,22498.3
1791177210,2026-10-05T10:43:30,22498.55,22500.5,22489.8,22490.25
1791177225,2026-10-05T10:43:45,22491.15,22491.3,22489.05,22490.75
1791177240,2026-10-05T10:44:00,22491.1,22491.3,22483.9,22483.9
1791177255,2026-10-05T10:44:15,22484.85,22485.25,22483.25,22484.65
1791177270,2026-10-05T10:44:30,22484.35,22491.05,22484.35,22489.55
1791177285,2026-10-05T10:44:45,22489.8,22490.85,22486.8,22487.5
1791177300,2026-10-05T10:45:00,22487.25,22491,22485.75,22486.45
1791177315,2026-10-05T10:45:15,22486.85,22491.3,22484.1,22491.2
1791177330,2026-10-05T10:45:30,22492,22492.2,22486.8,22487.95
1791177345,2026-10-05T10:45:45,22488.7,22489.2,22484.85,22484.85
1791177360,2026-10-05T10:46:00,22485.7,22485.7,22478.75,22480.05
1791177375,2026-10-05T10:46:15,22481.1,22481.1,22477.2,22479.7
1791177390,2026-10-05T10:46:30,22480.55,22481.55,22478.75,22480.7
1791177405,2026-10-05T10:46:45,22481.65,22481.9,22478.7,22478.95
1791177420,2026-10-05T10:47:00,22478.95,22480.15,22477.1,22479.4
1791177435,2026-10-05T10:47:15,22480.8,22484.8,22478.7,22484.45
1791177450,2026-10-05T10:47:30,22484.45,22486.35,22482.85,22484.4
1791177465,2026-10-05T10:47:45,22484.65,22484.75,22478.9,22484.25
1791177480,2026-10-05T10:48:00,22484.05,22490.7,22484.05,22490.7
1791177495,2026-10-05T10:48:15,22491.3,22491.3,22488.7,22489.6
1791177510,2026-10-05T10:48:30,22490.2,22490.2,22487.45,22489.15
1791177525,2026-10-05T10:48:45,22488.85,22489.75,22486.75,22488.4
1791177540,2026-10-05T10:49:00,22488.3,22492.45,22488.05,22491.3
1791177555,2026-10-05T10:49:15,22492.5,22492.55,22490.25,22491
1791177570,2026-10-05T10:49:30,22490.85,22492,22487.2,22489.45
1791177585,2026-10-05T10:49:45,22490.45,22490.45,22486.95,22487.85
1791177600,2026-10-05T10:50:00,22488.55,22490.4,22488.25,22488.5
1791177615,2026-10-05T10:50:15,22488.4,22490.85,22483.95,22484.8
1791177630,2026-10-05T10:50:30,22485.5,22488.35,22483.95,22484.7
1791177645,2026-10-05T10:50:45,22486.3,22488.25,22485.15,22486.6
1791177660,2026-10-05T10:51:00,22486.75,22488.85,22484.75,22487.55
1791177675,2026-10-05T10:51:15,22489.6,22489.8,22487.8,22488.95
1791177690,2026-10-05T10:51:30,22490.3,22490.45,22487.85,22489.6
1791177705,2026-10-05T10:51:45,22490.65,22490.65,22488.6,22489.85
1791177720,2026-10-05T10:52:00,22491,22491.25,22479.2,22482.35
1791177735,2026-10-05T10:52:15,22483.7,22484.5,22480.9,22482.25
1791177750,2026-10-05T10:52:30,22483.1,22484.5,22480.9,22481.85
1791177765,2026-10-05T10:52:45,22482,22482.8,22479,22481.55
1791177780,2026-10-05T10:53:00,22482.95,22486.5,22482.35,22484.1
1791177795,2026-10-05T10:53:15,22485,22485,22481.7,22483.1
1791177810,2026-10-05T10:53:30,22483.6,22483.6,22478.95,22479.7
1791177825,2026-10-05T10:53:45,22480.15,22483,22478.7,22480.15
1791177840,2026-10-05T10:54:00,22480.25,22481.3,22478.7,22479.55
1791177855,2026-10-05T10:54:15,22478.85,22480.95,22477.15,22478.65
1791177870,2026-10-05T10:54:30,22479.4,22479.4,22477.05,22477.5
1791177885,2026-10-05T10:54:45,22478.45,22478.45,22472.4,22472.4
1791177900,2026-10-05T10:55:00,22473.15,22473.15,22466.25,22466.85
1791177915,2026-10-05T10:55:15,22466.45,22467.25,22462.1,22462.65
1791177930,2026-10-05T10:55:30,22463.15,22464.35,22460.8,22463.6
1791177945,2026-10-05T10:55:45,22463.65,22471.45,22463.65,22471.45
1791177960,2026-10-05T10:56:00,22471.8,22477.25,22471.2,22477.1
1791177975,2026-10-05T10:56:15,22478.7,22483.1,22477.1,22483.1
1791177990,2026-10-05T10:56:30,22483.75,22487.6,22482.1,22487.6
1791178005,2026-10-05T10:56:45,22487.6,22489.05,22485.35,22487.95
1791178020,2026-10-05T10:57:00,22488.2,22490.4,22484.95,22485.75
1791178035,2026-10-05T10:57:15,22487.2,22492.1,22484.75,22490.65
1791178050,2026-10-05T10:57:30,22492.05,22499.45,22491.3,22499.15
1791178065,2026-10-05T10:57:45,22499.75,22500.05,22495.9,22497.35
1791178080,2026-10-05T10:58:00,22497.75,22500.95,22495.55,22500.95
1791178095,2026-10-05T10:58:15,22501.65,22501.9,22496.85,22500.1
1791178110,2026-10-05T10:58:30,22500.7,22501.8,22498.45,22499.05
1791178125,2026-10-05T10:58:45,22499.5,22502.65,22496.5,22502.5
1791178140,2026-10-05T10:59:00,22502.95,22510.85,22501.55,22510.2
1791178155,2026-10-05T10:59:15,22511.1,22511.9,22503.85,22504.9
1791178170,2026-10-05T10:59:30,22506.2,22506.2,22502.5,22503.45
1791178185,2026-10-05T10:59:45,22504.05,22504.15,22500.85,22502.5
1791178200,2026-10-05T11:00:00,22503.85,22504.15,22500.95,22501.65
1791178215,2026-10-05T11:00:15,22501.85,22505.3,22500.6,22505.1
1791178230,2026-10-05T11:00:30,22505.1,22506.95,22503.05,22506.6
1791178245,2026-10-05T11:00:45,22506.7,22508.8,22506.1,22506.6
1791178260,2026-10-05T11:01:00,22507.2,22507.2,22498.65,22500.15
1791178275,2026-10-05T11:01:15,22500.35,22504,22499.1,22503.4
1791178290,2026-10-05T11:01:30,22503.4,22504.8,22501.2,22503.55
1791178305,2026-10-05T11:01:45,22503.35,22507.55,22502.75,22504.85
1791178320,2026-10-05T11:02:00,22504.05,22505.95,22499.3,22501.7
1791178335,2026-10-05T11:02:15,22503.1,22503.1,22500.55,22502.1
1791178350,2026-10-05T11:02:30,22501.4,22503.45,22498.25,22499.05
1791178365,2026-10-05T11:02:45,22499.3,22506.1,22499.3,22503.95
1791178380,2026-10-05T11:03:00,22504.05,22505.65,22501.85,22502.65
1791178395,2026-10-05T11:03:15,22503.3,22504.8,22498.45,22499.3
1791178410,2026-10-05T11:03:30,22499.8,22501.65,22498.8,22500.45
1791178425,2026-10-05T11:03:45,22501.6,22502.2,22499.65,22500.95
1791178440,2026-10-05T11:04:00,22500.75,22501.4,22497.65,22498.45
1791178455,2026-10-05T11:04:15,22499.55,22501.55,22496.85,22497.75
1791178470,2026-10-05T11:04:30,22497.9,22498.6,22496.65,22497.1
1791178485,2026-10-05T11:04:45,22498.75,22500.25,22496.9,22499.75
1791178500,2026-10-05T11:05:00,22499.7,22500.25,22497.85,22500.1
1791178515,2026-10-05T11:05:15,22499.5,22500.95,22497.35,22498.4
1791178530,2026-10-05T11:05:30,22497.85,22499.4,22497.3,22498.6
1791178545,2026-10-05T11:05:45,22500.35,22500.35,22498,22498.85
1791178560,2026-10-05T11:06:00,22499.15,22499.75,22493.75,22494.05
1791178575,2026-10-05T11:06:15,22494.3,22496.25,22493.95,22494.45
1791178590,2026-10-05T11:06:30,22494.4,22496.2,22492,22496
1791178605,2026-10-05T11:06:45,22496.35,22499.4,22495.4,22498
1791178620,2026-10-05T11:07:00,22499,22499.65,22496.65,22497.85
1791178635,2026-10-05T11:07:15,22498.3,22499.3,22496.7,22498.5
1791178650,2026-10-05T11:07:30,22498.8,22499.25,22496.85,22497.4
1791178665,2026-10-05T11:07:45,22497.25,22498.6,22496.35,22497.7
1791178680,2026-10-05T11:08:00,22498.05,22498.8,22494.25,22495.6
1791178695,2026-10-05T11:08:15,22497,22497.05,22493.9,22495.15
1791178710,2026-10-05T11:08:30,22496.15,22496.15,22489.75,22490.75
1791178725,2026-10-05T11:08:45,22491.75,22493.8,22489.95,22491.8
1791178740,2026-10-05T11:09:00,22492.95,22492.95,22489.25,22489.85
1791178755,2026-10-05T11:09:15,22490.7,22491.3,22488.8,22490.6
1791178770,2026-10-05T11:09:30,22490.55,22493.9,22487.9,22493.5
1791178785,2026-10-05T11:09:45,22494.1,22495.55,22492.55,22495.5
1791178800,2026-10-05T11:10:00,22495.95,22496.4,22494.6,22495.35
1791178815,2026-10-05T11:10:15,22495.95,22499.6,22493.95,22498.95
1791178830,2026-10-05T11:10:30,22499.75,22499.75,22496.7,22497.55
1791178845,2026-10-05T11:10:45,22497.95,22499.5,22496.4,22496.9
1791178860,2026-10-05T11:11:00,22496.85,22497.55,22486.45,22488.25
1791178875,2026-10-05T11:11:15,22489.4,22491.6,22486.75,22489.65
1791178890,2026-10-05T11:11:30,22490.3,22493.4,22488.45,22491.95
1791178905,2026-10-05T11:11:45,22493.1,22493.45,22491.7,22493.15
1791178920,2026-10-05T11:12:00,22494,22494,22488.65,22488.9
1791178935,2026-10-05T11:12:15,22489.4,22492.95,22489.1,22489.1
1791178950,2026-10-05T11:12:30,22489.6,22494.15,22489.6,22493.5
1791178965,2026-10-05T11:12:45,22493.8,22495,22492.85,22495
1791178980,2026-10-05T11:13:00,22495.75,22497.6,22494.9,22496.05
1791178995,2026-10-05T11:13:15,22498.1,22498.1,22496,22497.45
1791179010,2026-10-05T11:13:30,22498,22502.15,22497.55,22500.95
1791179025,2026-10-05T11:13:45,22501.6,22501.75,22499,22499.55
1791179040,2026-10-05T11:14:00,22500.3,22500.3,22494.3,22494.3
1791179055,2026-10-05T11:14:15,22496,22496,22489.6,22490.05
1791179070,2026-10-05T11:14:30,22491.65,22491.65,22487.55,22488.8
1791179085,2026-10-05T11:14:45,22489.4,22489.6,22485.9,22487.55
1791179100,2026-10-05T11:15:00,22487.6,22491.05,22485.95,22486.4
1791179115,2026-10-05T11:15:15,22487.25,22487.7,22485.2,22486.55
1791179130,2026-10-05T11:15:30,22486.5,22487.3,22483.9,22487.3
1791179145,2026-10-05T11:15:45,22487.4,22488.85,22486.6,22487.45
1791179160,2026-10-05T11:16:00,22487.65,22487.65,22478,22478.6
1791179175,2026-10-05T11:16:15,22478.8,22480,22476.5,22477.1
1791179190,2026-10-05T11:16:30,22478.95,22478.95,22474.65,22474.65
1791179205,2026-10-05T11:16:45,22475.8,22476.5,22474.3,22476
1791179220,2026-10-05T11:17:00,22476.05,22478.35,22474.3,22477.45
1791179235,2026-10-05T11:17:15,22478.5,22478.5,22474.05,22474.75
1791179250,2026-10-05T11:17:30,22474.45,22475.8,22470.95,22471.9
1791179265,2026-10-05T11:17:45,22472.5,22474.45,22470.8,22474.25
1791179280,2026-10-05T11:18:00,22474.2,22475.4,22472.2,22473
1791179295,2026-10-05T11:18:15,22472.95,22481.6,22472.3,22480.85
1791179310,2026-10-05T11:18:30,22483.45,22487.2,22481.6,22487.2
1791179325,2026-10-05T11:18:45,22487.15,22494.6,22487.15,22490.9
1791179340,2026-10-05T11:19:00,22491.85,22491.9,22485.45,22486.65
1791179355,2026-10-05T11:19:15,22487.4,22488.5,22485.7,22486.55
1791179370,2026-10-05T11:19:30,22486.5,22487.35,22483.8,22484.1
1791179385,2026-10-05T11:19:45,22485.65,22485.7,22481.75,22482.45
1791179400,2026-10-05T11:20:00,22482.4,22488.1,22481.35,22488.1
1791179415,2026-10-05T11:20:15,22488.45,22494.3,22487.45,22494.3
1791179430,2026-10-05T11:20:30,22494.3,22495.3,22492.45,22493.55
1791179445,2026-10-05T11:20:45,22493.2,22494.5,22491.75,22493.05
1791179460,2026-10-05T11:21:00,22493.8,22493.8,22489.2,22489.4
1791179475,2026-10-05T11:21:15,22489.4,22490.15,22485.2,22485.2
1791179490,2026-10-05T11:21:30,22485.05,22486.1,22482,22482.2
1791179505,2026-10-05T11:21:45,22483.25,22484.95,22482.05,22483.55
1791179520,2026-10-05T11:22:00,22484.2,22484.2,22480.75,22483.45
1791179535,2026-10-05T11:22:15,22483.95,22485.75,22482.5,22482.8
1791179550,2026-10-05T11:22:30,22482.8,22483.65,22478.55,22478.55
1791179565,2026-10-05T11:22:45,22480.05,22480.05,22476.85,22477.5
1791179580,2026-10-05T11:23:00,22477.55,22477.55,22462.15,22462.75
1791179595,2026-10-05T11:23:15,22463.6,22463.6,22458.75,22458.95
1791179610,2026-10-05T11:23:30,22460.6,22460.6,22453.25,22454.4
1791179625,2026-10-05T11:23:45,22455.1,22460.5,22451.95,22459.85
1791179640,2026-10-05T11:24:00,22460.95,22463.85,22458.25,22462.15
1791179655,2026-10-05T11:24:15,22463.45,22465.05,22462.45,22463.6
1791179670,2026-10-05T11:24:30,22463.7,22469.1,22463.7,22468.3
1791179685,2026-10-05T11:24:45,22469.4,22472,22468.15,22471.75
1791179700,2026-10-05T11:25:00,22472.8,22472.85,22468.25,22471.1
1791179715,2026-10-05T11:25:15,22471.5,22475.05,22469.6,22474.05
1791179730,2026-10-05T11:25:30,22475.1,22480.7,22473.8,22480.65
1791179745,2026-10-05T11:25:45,22480.7,22483.8,22479,22479.25
1791179760,2026-10-05T11:26:00,22479.15,22479.15,22472.25,22473
1791179775,2026-10-05T11:26:15,22473.15,22476.4,22471.3,22474.3
1791179790,2026-10-05T11:26:30,22475.55,22475.55,22472.65,22474.3
1791179805,2026-10-05T11:26:45,22474.3,22475.5,22471.85,22472.1
1791179820,2026-10-05T11:27:00,22472,22472.7,22469.6,22472.25
1791179835,2026-10-05T11:27:15,22472.95,22474,22471.45,22472.8
1791179850,2026-10-05T11:27:30,22472.45,22474,22471.35,22473.55
1791179865,2026-10-05T11:27:45,22474.6,22474.65,22472.55,22473.1
1791179880,2026-10-05T11:28:00,22473.9,22473.9,22469.9,22472.95
1791179895,2026-10-05T11:28:15,22474.15,22479.7,22473,22479
1791179910,2026-10-05T11:28:30,22480.4,22482.6,22479.45,22482.6
1791179925,2026-10-05T11:28:45,22483,22485.75,22482.85,22484.55
1791179940,2026-10-05T11:29:00,22484.65,22485.65,22481.35,22481.35
1791179955,2026-10-05T11:29:15,22483.05,22493.2,22482.85,22492.55
1791179970,2026-10-05T11:29:30,22493.4,22497,22492.15,22495.9
1791179985,2026-10-05T11:29:45,22497.05,22498.6,22495.65,22498.35
1791180000,2026-10-05T11:30:00,22498.55,22500.35,22497.65,22497.65
1791180015,2026-10-05T11:30:15,22497.85,22498.95,22494.3,22496.05
1791180030,2026-10-05T11:30:30,22497.4,22499.85,22496.35,22499.85
1791180045,2026-10-05T11:30:45,22500.15,22503.85,22499.6,22500.95
1791180060,2026-10-05T11:31:00,22501,22501.2,22497.35,22499.3
1791180075,2026-10-05T11:31:15,22499.65,22503.25,22496.7,22500.9
1791180090,2026-10-05T11:31:30,22501.55,22502.3,22498.05,22498.3
1791180105,2026-10-05T11:31:45,22498.5,22500.9,22497.85,22500.5
1791180120,2026-10-05T11:32:00,22500.75,22502.8,22499.8,22502.45
1791180135,2026-10-05T11:32:15,22503.7,22509.05,22502.95,22508.5
1791180150,2026-10-05T11:32:30,22509.65,22511.25,22506.95,22511.25
1791180165,2026-10-05T11:32:45,22511.85,22515.25,22511,22514.15
1791180180,2026-10-05T11:33:00,22515.75,22517.1,22513.5,22516.05
1791180195,2026-10-05T11:33:15,22516.35,22519.8,22514.3,22519.35
1791180210,2026-10-05T11:33:30,22520.4,22522.75,22519.6,22520.45
1791180225,2026-10-05T11:33:45,22520.85,22523.45,22517.8,22517.85
1791180240,2026-10-05T11:34:00,22517.35,22517.35,22507.5,22510.6
1791180255,2026-10-05T11:34:15,22511.65,22514.4,22511.65,22512.85
1791180270,2026-10-05T11:34:30,22512.85,22515.9,22511.65,22514.8
1791180285,2026-10-05T11:34:45,22514.2,22515.65,22506.3,22507.15
1791180300,2026-10-05T11:35:00,22507.25,22507.75,22500.85,22503.35
1791180315,2026-10-05T11:35:15,22503.95,22504.2,22500.05,22500.85
1791180330,2026-10-05T11:35:30,22502.1,22502.1,22498,22498.25
1791180345,2026-10-05T11:35:45,22498.2,22499.35,22496.9,22497.45
1791180360,2026-10-05T11:36:00,22497.35,22497.35,22485.15,22485.15
1791180375,2026-10-05T11:36:15,22486.45,22488.9,22484.9,22488.3
1791180390,2026-10-05T11:36:30,22489.5,22492.15,22488.95,22490.05
1791180405,2026-10-05T11:36:45,22492.2,22492.2,22487.95,22490
1791180420,2026-10-05T11:37:00,22489.5,22493.05,22486.45,22492.9
1791180435,2026-10-05T11:37:15,22492.2,22493.55,22489.6,22490.7
1791180450,2026-10-05T11:37:30,22490.55,22491.65,22486.7,22486.7
1791180465,2026-10-05T11:37:45,22488.25,22489.9,22486.1,22489.7
1791180480,2026-10-05T11:38:00,22489.3,22489.3,22485.3,22485.95
1791180495,2026-10-05T11:38:15,22486.6,22488,22485.4,22488
1791180510,2026-10-05T11:38:30,22489.45,22489.8,22486.1,22487.45
1791180525,2026-10-05T11:38:45,22488.2,22488.2,22483.9,22483.95
1791180540,2026-10-05T11:39:00,22483.85,22483.85,22477.35,22478.15
1791180555,2026-10-05T11:39:15,22479.65,22479.65,22474.8,22474.85
1791180570,2026-10-05T11:39:30,22475.85,22475.9,22472.95,22473.65
1791180585,2026-10-05T11:39:45,22474.75,22476.3,22472.9,22476.3
1791180600,2026-10-05T11:40:00,22477.05,22477.45,22474,22476.4
1791180615,2026-10-05T11:40:15,22476.9,22477.65,22472,22473.15
1791180630,2026-10-05T11:40:30,22474.35,22476,22473.15,22475.75
1791180645,2026-10-05T11:40:45,22475.7,22480.7,22474.95,22480.45
1791180660,2026-10-05T11:41:00,22481.35,22482.6,22479.8,22481.6
1791180675,2026-10-05T11:41:15,22483.05,22489.8,22481.85,22487.2
1791180690,2026-10-05T11:41:30,22489.05,22491.4,22487,22490
1791180705,2026-10-05T11:41:45,22490.4,22491.65,22486.65,22487.1
1791180720,2026-10-05T11:42:00,22488.05,22491.9,22485.6,22491.4
1791180735,2026-10-05T11:42:15,22491.6,22492.5,22483.5,22484.45
1791180750,2026-10-05T11:42:30,22485.6,22485.6,22480.3,22482.1
1791180765,2026-10-05T11:42:45,22483,22483,22479.6,22480.65
1791180780,2026-10-05T11:43:00,22480.65,22483.45,22474.55,22478.9
1791180795,2026-10-05T11:43:15,22478.9,22481.3,22478.15,22480.4
1791180810,2026-10-05T11:43:30,22480.15,22481.55,22478.55,22478.9
1791180825,2026-10-05T11:43:45,22479.9,22479.9,22476.65,22476.9
1791180840,2026-10-05T11:44:00,22478.05,22478.8,22475.1,22476.2
1791180855,2026-10-05T11:44:15,22477.35,22477.35,22471.65,22472.45
1791180870,2026-10-05T11:44:30,22473.7,22473.7,22471,22471.4
1791180885,2026-10-05T11:44:45,22472.55,22472.55,22467.6,22468.35
1791180900,2026-10-05T11:45:00,22467.65,22467.8,22463,22464.2
1791180915,2026-10-05T11:45:15,22464.7,22464.7,22460.75,22461.05
1791180930,2026-10-05T11:45:30,22462.35,22462.55,22459.05,22459.75
1791180945,2026-10-05T11:45:45,22460.85,22463.9,22459.25,22463.15
1791180960,2026-10-05T11:46:00,22463.35,22464.9,22461.65,22462
1791180975,2026-10-05T11:46:15,22463.25,22463.6,22461.05,22462.2
1791180990,2026-10-05T11:46:30,22463.2,22463.4,22459.15,22463.4
1791181005,2026-10-05T11:46:45,22464.6,22472.65,22464.55,22470.85
1791181020,2026-10-05T11:47:00,22472.8,22474.5,22471,22473.45
1791181035,2026-10-05T11:47:15,22474.2,22474.4,22470.55,22471.25
1791181050,2026-10-05T11:47:30,22471.8,22471.8,22465.65,22466.45
1791181065,2026-10-05T11:47:45,22466.45,22467.1,22461.15,22461.95
1791181080,2026-10-05T11:48:00,22462.3,22462.65,22459.25,22461.9
1791181095,2026-10-05T11:48:15,22462.65,22463.25,22461.5,22462.45
1791181110,2026-10-05T11:48:30,22462.95,22463.9,22461.45,22461.45
1791181125,2026-10-05T11:48:45,22461.5,22465.4,22461.1,22462
1791181140,2026-10-05T11:49:00,22463.1,22463.1,22455.65,22455.75
1791181155,2026-10-05T11:49:15,22457.2,22459.5,22455.6,22459.45
1791181170,2026-10-05T11:49:30,22460.3,22464.35,22459.2,22461.9
1791181185,2026-10-05T11:49:45,22463.65,22463.7,22459.6,22460.5
1791181200,2026-10-05T11:50:00,22461.3,22461.35,22452.95,22454.15
1791181215,2026-10-05T11:50:15,22455.15,22455.15,22447.15,22447.15
1791181230,2026-10-05T11:50:30,22447.65,22447.65,22440.1,22440.7
1791181245,2026-10-05T11:50:45,22440.7,22450.55,22440.7,22449.85
1791181260,2026-10-05T11:51:00,22450.7,22451.7,22448.35,22450.7
1791181275,2026-10-05T11:51:15,22451.9,22456.95,22450.15,22450.5
1791181290,2026-10-05T11:51:30,22451,22452.75,22449.2,22449.4
1791181305,2026-10-05T11:51:45,22451.05,22451.2,22446.25,22447
1791181320,2026-10-05T11:52:00,22445.85,22447.3,22443.15,22443.45
1791181335,2026-10-05T11:52:15,22445.1,22445.1,22441.55,22442.95
1791181350,2026-10-05T11:52:30,22443.05,22451.3,22442.95,22447.85
1791181365,2026-10-05T11:52:45,22448.5,22451.6,22447.7,22451.6
1791181380,2026-10-05T11:53:00,22451.1,22460.6,22451.1,22460.3
1791181395,2026-10-05T11:53:15,22460.45,22462.45,22459.35,22460.95
1791181410,2026-10-05T11:53:30,22461.2,22461.2,22453.95,22455.7
1791181425,2026-10-05T11:53:45,22457.3,22465.45,22457.05,22464.9
1791181440,2026-10-05T11:54:00,22466.1,22466.1,22463.2,22464.3
1791181455,2026-10-05T11:54:15,22465.4,22466.8,22463.75,22466.6
1791181470,2026-10-05T11:54:30,22467.05,22468.4,22464.75,22467.5
1791181485,2026-10-05T11:54:45,22468.6,22468.6,22459.5,22459.5
1791181500,2026-10-05T11:55:00,22461.65,22461.65,22457.5,22460.95
1791181515,2026-10-05T11:55:15,22460.95,22471.55,22460.95,22471.2
1791181530,2026-10-05T11:55:30,22471.4,22473.05,22469.6,22469.6
1791181545,2026-10-05T11:55:45,22469.75,22471.35,22465.6,22466.3
1791181560,2026-10-05T11:56:00,22467.15,22467.15,22462.7,22464.3
1791181575,2026-10-05T11:56:15,22463.8,22466.25,22463.4,22464.75
1791181590,2026-10-05T11:56:30,22465.6,22465.6,22461.1,22462.6
1791181605,2026-10-05T11:56:45,22463.9,22463.95,22460.15,22460.15
1791181620,2026-10-05T11:57:00,22460.1,22464.35,22457.65,22464.15
1791181635,2026-10-05T11:57:15,22465.6,22467.8,22463.6,22467.55
1791181650,2026-10-05T11:57:30,22468.3,22468.45,22463.3,22464.1
1791181665,2026-10-05T11:57:45,22464.95,22464.95,22461.9,22463.35
1791181680,2026-10-05T11:58:00,22463.75,22465.2,22462.1,22465.05
1791181695,2026-10-05T11:58:15,22465.05,22467.5,22464.05,22464.05
1791181710,2026-10-05T11:58:30,22464.15,22465.1,22450,22450
1791181725,2026-10-05T11:58:45,22451.25,22451.25,22446.5,22447.5
1791181740,2026-10-05T11:59:00,22446.8,22448.3,22443.25,22443.4
1791181755,2026-10-05T11:59:15,22445.1,22445.1,22441.75,22441.8
1791181770,2026-10-05T11:59:30,22442.45,22442.7,22434.3,22435.1
1791181785,2026-10-05T11:59:45,22436.5,22436.7,22433.4,22434.15
1791181800,2026-10-05T12:00:00,22435.4,22435.4,22421.55,22423.6
1791181815,2026-10-05T12:00:15,22423.9,22425.4,22421.7,22422.6
1791181830,2026-10-05T12:00:30,22424.05,22424.05,22415.6,22416.65
1791181845,2026-10-05T12:00:45,22417.75,22423,22416.25,22418.9
1791181860,2026-10-05T12:01:00,22419.4,22422.7,22415.45,22422.15
1791181875,2026-10-05T12:01:15,22423.05,22423.05,22418.45,22420.7
1791181890,2026-10-05T12:01:30,22422.5,22422.5,22415.7,22417.15
1791181905,2026-10-05T12:01:45,22418.4,22420.8,22416.5,22420.8
1791181920,2026-10-05T12:02:00,22420.85,22440.7,22420.85,22439.05
1791181935,2026-10-05T12:02:15,22439.15,22441.5,22429.45,22429.9
1791181950,2026-10-05T12:02:30,22429.65,22431.55,22427.7,22430.7
1791181965,2026-10-05T12:02:45,22430.8,22436.55,22430.8,22436.15
1791181980,2026-10-05T12:03:00,22437.45,22439.5,22436.3,22438.85
1791181995,2026-10-05T12:03:15,22439.6,22443.9,22437.55,22441.15
1791182010,2026-10-05T12:03:30,22442.35,22444.1,22440.15,22443.85
1791182025,2026-10-05T12:03:45,22445.2,22446.3,22443.4,22444.3
1791182040,2026-10-05T12:04:00,22444.4,22446.5,22442.3,22443.8
1791182055,2026-10-05T12:04:15,22445.6,22451.3,22444.9,22450.6
1791182070,2026-10-05T12:04:30,22452.45,22452.45,22446.55,22446.95
1791182085,2026-10-05T12:04:45,22447.1,22450.2,22446.25,22449.75
1791182100,2026-10-05T12:05:00,22451,22451,22442.7,22443.65
1791182115,2026-10-05T12:05:15,22444.55,22444.55,22434.4,22434.45
1791182130,2026-10-05T12:05:30,22434.25,22437.9,22433.15,22437.55
1791182145,2026-10-05T12:05:45,22438.3,22438.7,22434.95,22435.1
1791182160,2026-10-05T12:06:00,22436.25,22436.55,22431.25,22432
1791182175,2026-10-05T12:06:15,22433.45,22433.45,22427.7,22428.65
1791182190,2026-10-05T12:06:30,22430.15,22430.15,22427.45,22427.95
1791182205,2026-10-05T12:06:45,22429.35,22429.35,22419,22419.4
1791182220,2026-10-05T12:07:00,22420.25,22420.25,22410.65,22411.75
1791182235,2026-10-05T12:07:15,22413.6,22413.7,22405.05,22405.3
1791182250,2026-10-05T12:07:30,22407.65,22407.65,22400.3,22403.6
1791182265,2026-10-05T12:07:45,22404.05,22415.45,22404.05,22412.05
1791182280,2026-10-05T12:08:00,22413.7,22414.8,22398.8,22398.9
1791182295,2026-10-05T12:08:15,22400.55,22400.95,22397.5,22400.95
1791182310,2026-10-05T12:08:30,22400.85,22407.8,22400.85,22406.9
1791182325,2026-10-05T12:08:45,22406.15,22406.8,22402.1,22404.15
1791182340,2026-10-05T12:09:00,22404.95,22406.5,22401.5,22405.75
1791182355,2026-10-05T12:09:15,22406.65,22408.55,22404.6,22407.7
1791182370,2026-10-05T12:09:30,22409.3,22410.4,22407.05,22408.55
1791182385,2026-10-05T12:09:45,22408.7,22416,22408.7,22415.25
1791182400,2026-10-05T12:10:00,22415.15,22416.45,22410.3,22411.2
1791182415,2026-10-05T12:10:15,22412.15,22414.2,22410.3,22413.65
1791182430,2026-10-05T12:10:30,22414.3,22417.2,22412.65,22417.2
1791182445,2026-10-05T12:10:45,22418,22418.1,22415.4,22417.85
1791182460,2026-10-05T12:11:00,22418.55,22423.9,22416.95,22423.8
1791182475,2026-10-05T12:11:15,22424.1,22426.9,22422.15,22426.4
1791182490,2026-10-05T12:11:30,22426.25,22427.9,22424.2,22425.75
1791182505,2026-10-05T12:11:45,22426,22426,22421.2,22424.9
1791182520,2026-10-05T12:12:00,22426.15,22428.85,22424.7,22428.65
1791182535,2026-10-05T12:12:15,22428.65,22430.45,22427.75,22429.9
1791182550,2026-10-05T12:12:30,22431.85,22432,22424.8,22424.8
1791182565,2026-10-05T12:12:45,22425.85,22426,22420.45,22420.95
1791182580,2026-10-05T12:13:00,22420.9,22422.3,22416.5,22416.6
1791182595,2026-10-05T12:13:15,22418.05,22418.15,22413,22413
1791182610,2026-10-05T12:13:30,22415,22418.4,22413.8,22414.95
1791182625,2026-10-05T12:13:45,22414.95,22416.4,22413.45,22414.5
1791182640,2026-10-05T12:14:00,22415.15,22415.65,22413.95,22415.6
1791182655,2026-10-05T12:14:15,22415.2,22417.45,22415.1,22416.75
1791182670,2026-10-05T12:14:30,22417.95,22417.95,22415.65,22416.6
1791182685,2026-10-05T12:14:45,22417.65,22421.15,22416.6,22419.95
1791182700,2026-10-05T12:15:00,22419.4,22421.65,22416.85,22420
1791182715,2026-10-05T12:15:15,22420.25,22420.4,22417.45,22418.35
1791182730,2026-10-05T12:15:30,22418.55,22426.15,22417.65,22426
1791182745,2026-10-05T12:15:45,22426.9,22429.9,22425.3,22427.95
1791182760,2026-10-05T12:16:00,22427.75,22429.9,22426.2,22426.2
1791182775,2026-10-05T12:16:15,22428.3,22428.3,22424.1,22427.4
1791182790,2026-10-05T12:16:30,22428.7,22428.95,22426.35,22427.15
1791182805,2026-10-05T12:16:45,22427.05,22428.35,22424.65,22425.05
1791182820,2026-10-05T12:17:00,22425.9,22426.25,22423.65,22424.2
1791182835,2026-10-05T12:17:15,22424.2,22428.8,22423.6,22427.5
1791182850,2026-10-05T12:17:30,22427.2,22431.25,22427.2,22430.8
1791182865,2026-10-05T12:17:45,22430.55,22431.6,22429.6,22430
1791182880,2026-10-05T12:18:00,22431.55,22433.1,22429.55,22433.1
1791182895,2026-10-05T12:18:15,22434.1,22435.55,22433.25,22434.05
1791182910,2026-10-05T12:18:30,22435.1,22435.7,22433.5,22434.4
1791182925,2026-10-05T12:18:45,22435.85,22436,22430.7,22431.4
1791182940,2026-10-05T12:19:00,22432.4,22432.95,22430.9,22432.45
1791182955,2026-10-05T12:19:15,22432.3,22433.65,22430,22430.25
1791182970,2026-10-05T12:19:30,22431.25,22433.05,22430.8,22432.05
1791182985,2026-10-05T12:19:45,22433.3,22433.35,22428.5,22430
1791183000,2026-10-05T12:20:00,22431.05,22434.4,22429.7,22434.3
1791183015,2026-10-05T12:20:15,22435.7,22439.65,22434,22437.05
1791183030,2026-10-05T12:20:30,22437.6,22438.4,22436.5,22437.3
1791183045,2026-10-05T12:20:45,22438.15,22438.15,22436.2,22436.6
1791183060,2026-10-05T12:21:00,22436.85,22437.9,22435.3,22437
1791183075,2026-10-05T12:21:15,22437.9,22438.85,22435.5,22438.85
1791183090,2026-10-05T12:21:30,22438.85,22441,22436.3,22436.75
1791183105,2026-10-05T12:21:45,22437.8,22438.8,22435.75,22437.95
1791183120,2026-10-05T12:22:00,22438.15,22439,22436.6,22438.35
1791183135,2026-10-05T12:22:15,22438.3,22444.45,22437.85,22444.4
1791183150,2026-10-05T12:22:30,22445.45,22445.45,22441.65,22443.35
1791183165,2026-10-05T12:22:45,22444.3,22445.25,22442.4,22444.15
1791183180,2026-10-05T12:23:00,22445.7,22448.1,22444.3,22447.05
1791183195,2026-10-05T12:23:15,22447.35,22451.7,22446.3,22451.7
1791183210,2026-10-05T12:23:30,22451.7,22452.7,22448,22449
1791183225,2026-10-05T12:23:45,22449.45,22450.15,22445.55,22447.4
1791183240,2026-10-05T12:24:00,22447.55,22453.9,22446.95,22453.45
1791183255,2026-10-05T12:24:15,22453.35,22457.25,22453.35,22455.25
1791183270,2026-10-05T12:24:30,22455.4,22456.35,22447.8,22447.95
1791183285,2026-10-05T12:24:45,22448.85,22448.85,22436.8,22438.7
1791183300,2026-10-05T12:25:00,22439.55,22445.75,22436.7,22444.85
1791183315,2026-10-05T12:25:15,22444.95,22450.85,22443.9,22447.6
1791183330,2026-10-05T12:25:30,22448.05,22448.05,22444.95,22446.1
1791183345,2026-10-05T12:25:45,22446.2,22450.25,22446.2,22448.85
1791183360,2026-10-05T12:26:00,22450.55,22451.9,22448.3,22449.2
1791183375,2026-10-05T12:26:15,22449.85,22449.85,22439.95,22441.2
1791183390,2026-10-05T12:26:30,22442.9,22444.5,22442.4,22444.35
1791183405,2026-10-05T12:26:45,22445.75,22445.75,22440.85,22441.05
1791183420,2026-10-05T12:27:00,22442.5,22442.5,22435.4,22436.5
1791183435,2026-10-05T12:27:15,22438.25,22438.25,22434.95,22437.5
1791183450,2026-10-05T12:27:30,22439.4,22444.85,22438.95,22443.15
1791183465,2026-10-05T12:27:45,22445.1,22446.8,22442.6,22445.75
1791183480,2026-10-05T12:28:00,22446.95,22449.3,22445.1,22449.3
1791183495,2026-10-05T12:28:15,22449.35,22451.75,22449,22451.05
1791183510,2026-10-05T12:28:30,22450.95,22455.35,22450.45,22453.75
1791183525,2026-10-05T12:28:45,22453.75,22454.6,22450,22452.05
1791183540,2026-10-05T12:29:00,22451.8,22454.4,22449.15,22454.15
1791183555,2026-10-05T12:29:15,22455.35,22464.35,22453.85,22461.4
1791183570,2026-10-05T12:29:30,22462.85,22462.85,22459.45,22460.95
1791183585,2026-10-05T12:29:45,22462.4,22462.5,22457.4,22458.8
1791183600,2026-10-05T12:30:00,22458.8,22459.85,22450.9,22452.05
1791183615,2026-10-05T12:30:15,22453.15,22456.55,22452.2,22455.7
1791183630,2026-10-05T12:30:30,22457.15,22462.95,22456.15,22462.35
1791183645,2026-10-05T12:30:45,22463.95,22464.5,22459.8,22460.15
1791183660,2026-10-05T12:31:00,22461.55,22461.55,22453.85,22455.05
1791183675,2026-10-05T12:31:15,22456.8,22456.9,22453.15,22454.45
1791183690,2026-10-05T12:31:30,22454.95,22455.95,22448.2,22449.15
1791183705,2026-10-05T12:31:45,22450.3,22450.95,22446.85,22449.5
1791183720,2026-10-05T12:32:00,22450.2,22452.1,22445.65,22445.65
1791183735,2026-10-05T12:32:15,22447.85,22452.05,22446.3,22450.45
1791183750,2026-10-05T12:32:30,22449.9,22453.3,22448.8,22452.3
1791183765,2026-10-05T12:32:45,22452.35,22453.6,22448.9,22449.55
1791183780,2026-10-05T12:33:00,22451.5,22451.75,22447.15,22449.1
1791183795,2026-10-05T12:33:15,22449,22453.85,22448.3,22452.9
1791183810,2026-10-05T12:33:30,22453.1,22453.1,22450.3,22451
1791183825,2026-10-05T12:33:45,22452.8,22453.2,22449.55,22449.75
1791183840,2026-10-05T12:34:00,22450.2,22450.4,22447.6,22447.6
1791183855,2026-10-05T12:34:15,22448.45,22448.45,22445.75,22446.55
1791183870,2026-10-05T12:34:30,22447.1,22447.1,22445.15,22446.05
1791183885,2026-10-05T12:34:45,22447.3,22448.05,22443.75,22443.75
1791183900,2026-10-05T12:35:00,22444.5,22445.55,22441.2,22442.35
1791183915,2026-10-05T12:35:15,22444.35,22444.55,22442.45,22443.45
1791183930,2026-10-05T12:35:30,22444.35,22454.75,22442.9,22453.6
1791183945,2026-10-05T12:35:45,22455.1,22457.45,22454.2,22454.2
1791183960,2026-10-05T12:36:00,22455,22455.1,22451.7,22452.2
1791183975,2026-10-05T12:36:15,22452.6,22457.1,22452.5,22456.2
1791183990,2026-10-05T12:36:30,22457.45,22457.5,22450.25,22450.45
1791184005,2026-10-05T12:36:45,22450.55,22453.4,22450.45,22451.25
1791184020,2026-10-05T12:37:00,22452.1,22452.1,22449.35,22449.7
1791184035,2026-10-05T12:37:15,22450.6,22451.35,22448.2,22448.25
1791184050,2026-10-05T12:37:30,22449.95,22449.95,22447.05,22447.95
1791184065,2026-10-05T12:37:45,22448.1,22450.2,22447.9,22449.5
1791184080,2026-10-05T12:38:00,22451.05,22455.3,22450.8,22453.85
1791184095,2026-10-05T12:38:15,22454.95,22455.55,22451.85,22452
1791184110,2026-10-05T12:38:30,22452,22453.2,22449.85,22451.4
1791184125,2026-10-05T12:38:45,22452.75,22452.75,22446.55,22448.2
1791184140,2026-10-05T12:39:00,22450.25,22450.4,22446.05,22447.8
1791184155,2026-10-05T12:39:15,22448.6,22449.3,22447,22448.5
1791184170,2026-10-05T12:39:30,22448.4,22449.55,22447.05,22449.05
1791184185,2026-10-05T12:39:45,22450.35,22450.35,22446.25,22446.6
1791184200,2026-10-05T12:40:00,22447,22447,22443.85,22444.25
1791184215,2026-10-05T12:40:15,22444.15,22448.6,22444.15,22448.6
1791184230,2026-10-05T12:40:30,22448.95,22455.75,22448.95,22454.85
1791184245,2026-10-05T12:40:45,22455.4,22455.5,22449.9,22450.65
1791184260,2026-10-05T12:41:00,22451.8,22453.3,22450.35,22451.8
1791184275,2026-10-05T12:41:15,22452.85,22454.8,22451.45,22453.5
1791184290,2026-10-05T12:41:30,22454.7,22454.7,22452.6,22452.8
1791184305,2026-10-05T12:41:45,22452.9,22454.4,22452.3,22453.7
1791184320,2026-10-05T12:42:00,22453.25,22460.2,22451.8,22458.4
1791184335,2026-10-05T12:42:15,22458.45,22460.05,22455.45,22456.15
1791184350,2026-10-05T12:42:30,22457.05,22457.05,22453.7,22454.3
1791184365,2026-10-05T12:42:45,22454.3,22460.8,22454.3,22460.75
1791184380,2026-10-05T12:43:00,22461,22462.2,22460.1,22461.5
1791184395,2026-10-05T12:43:15,22462.1,22463.35,22460.2,22460.25
1791184410,2026-10-05T12:43:30,22460.3,22461.45,22456.4,22457.45
1791184425,2026-10-05T12:43:45,22458.75,22458.95,22457.05,22458.85
1791184440,2026-10-05T12:44:00,22459.7,22459.7,22456.45,22456.8
1791184455,2026-10-05T12:44:15,22457.4,22458.85,22454.6,22457.4
1791184470,2026-10-05T12:44:30,22458,22458,22454.15,22454.85
1791184485,2026-10-05T12:44:45,22455.55,22456.15,22453.55,22454.6
1791184500,2026-10-05T12:45:00,22455.2,22455.3,22453.75,22455
1791184515,2026-10-05T12:45:15,22455.6,22458,22454.55,22457.35
1791184530,2026-10-05T12:45:30,22458.8,22458.8,22456.35,22457.15
1791184545,2026-10-05T12:45:45,22457.35,22457.9,22454.85,22456.6
1791184560,2026-10-05T12:46:00,22456.45,22457.35,22454.75,22455.8
1791184575,2026-10-05T12:46:15,22457.2,22466.55,22456,22466.5
1791184590,2026-10-05T12:46:30,22466.5,22469.35,22466.5,22468.1
1791184605,2026-10-05T12:46:45,22468.9,22468.95,22465.95,22466.35
1791184620,2026-10-05T12:47:00,22467.6,22467.6,22464.75,22466.9
1791184635,2026-10-05T12:47:15,22468.4,22471.35,22466.55,22469.6
1791184650,2026-10-05T12:47:30,22469.6,22472.6,22469.4,22470.3
1791184665,2026-10-05T12:47:45,22470.3,22471.15,22469.05,22469.9
1791184680,2026-10-05T12:48:00,22469.9,22471.7,22468.5,22469.35
1791184695,2026-10-05T12:48:15,22469.75,22475.5,22469.75,22474.25
1791184710,2026-10-05T12:48:30,22475.75,22478.15,22474.75,22475.5
1791184725,2026-10-05T12:48:45,22475.05,22476.8,22474.15,22474.3
1791184740,2026-10-05T12:49:00,22474.1,22476.35,22470.65,22471.85
1791184755,2026-10-05T12:49:15,22473.6,22473.85,22470.55,22472.15
1791184770,2026-10-05T12:49:30,22472.95,22473.1,22464.6,22464.85
1791184785,2026-10-05T12:49:45,22465.9,22465.9,22460.6,22462.4
1791184800,2026-10-05T12:50:00,22464.3,22471.05,22461.65,22469.15
1791184815,2026-10-05T12:50:15,22471.35,22471.6,22468.8,22470.3
1791184830,2026-10-05T12:50:30,22471.15,22472.05,22469.45,22470.6
1791184845,2026-10-05T12:50:45,22470.65,22472.85,22470.65,22471.95
1791184860,2026-10-05T12:51:00,22472.8,22473.15,22470.9,22472.6
1791184875,2026-10-05T12:51:15,22474.1,22480.1,22472.75,22478.6
1791184890,2026-10-05T12:51:30,22480.45,22481.05,22477.8,22479.55
1791184905,2026-10-05T12:51:45,22480.55,22480.55,22474.7,22474.75
1791184920,2026-10-05T12:52:00,22476.3,22476.3,22467.95,22468.45
1791184935,2026-10-05T12:52:15,22469.35,22469.35,22462.05,22462.55
1791184950,2026-10-05T12:52:30,22463.35,22463.35,22460.95,22462.35
1791184965,2026-10-05T12:52:45,22463.4,22463.4,22458.3,22458.6
1791184980,2026-10-05T12:53:00,22459.95,22461.7,22457.55,22460.75
1791184995,2026-10-05T12:53:15,22461.45,22462.5,22457.1,22457.15
1791185010,2026-10-05T12:53:30,22456.8,22458.3,22455.15,22457.1
1791185025,2026-10-05T12:53:45,22458.3,22458.3,22449.35,22449.45
1791185040,2026-10-05T12:54:00,22449.1,22449.2,22440.55,22441.55
1791185055,2026-10-05T12:54:15,22442.7,22442.7,22435.05,22435.2
1791185070,2026-10-05T12:54:30,22436.4,22442.25,22434.8,22441.2
1791185085,2026-10-05T12:54:45,22441.1,22444.75,22439.35,22444.6
1791185100,2026-10-05T12:55:00,22444.65,22449.35,22444.35,22445.15
1791185115,2026-10-05T12:55:15,22445.05,22448.55,22444.75,22447.6
1791185130,2026-10-05T12:55:30,22448.3,22452.65,22446.95,22450.85
1791185145,2026-10-05T12:55:45,22451.6,22453.65,22449.4,22449.8
1791185160,2026-10-05T12:56:00,22450.7,22455.95,22448.95,22455.95
1791185175,2026-10-05T12:56:15,22456.3,22456.55,22443.7,22443.95
1791185190,2026-10-05T12:56:30,22445.9,22447.1,22442.5,22445.4
1791185205,2026-10-05T12:56:45,22446.45,22450,22445.65,22448.6
1791185220,2026-10-05T12:57:00,22450.25,22454.65,22448.6,22454.65
1791185235,2026-10-05T12:57:15,22454.6,22460.45,22452.5,22460
1791185250,2026-10-05T12:57:30,22462.15,22464,22460.75,22462.45
1791185265,2026-10-05T12:57:45,22463.35,22465.05,22458.35,22458.9
1791185280,2026-10-05T12:58:00,22460.4,22460.45,22457,22459.4
1791185295,2026-10-05T12:58:15,22460.05,22465.35,22458.95,22464.85
1791185310,2026-10-05T12:58:30,22465.2,22465.5,22457.8,22458.4
1791185325,2026-10-05T12:58:45,22459.7,22461,22451.55,22452
1791185340,2026-10-05T12:59:00,22452.5,22452.7,22448.8,22449.85
1791185355,2026-10-05T12:59:15,22450.5,22452.6,22448.25,22452.6
1791185370,2026-10-05T12:59:30,22452.6,22454.25,22452.45,22452.75
1791185385,2026-10-05T12:59:45,22453.2,22455.55,22451.65,22453.75
1791185400,2026-10-05T13:00:00,22453.7,22454.95,22453.05,22454.1
1791185415,2026-10-05T13:00:15,22454.2,22454.5,22447.95,22449.8
1791185430,2026-10-05T13:00:30,22449.75,22450.55,22447.3,22447.45
1791185445,2026-10-05T13:00:45,22447.45,22449.4,22443.25,22444.35
1791185460,2026-10-05T13:01:00,22445.35,22453.15,22444.15,22451.85
1791185475,2026-10-05T13:01:15,22453.15,22453.85,22451.8,22453.85
1791185490,2026-10-05T13:01:30,22453.85,22456.6,22453.85,22455.8
1791185505,2026-10-05T13:01:45,22456.5,22458.45,22450.8,22451.5
1791185520,2026-10-05T13:02:00,22452.4,22452.4,22449.6,22450.3
1791185535,2026-10-05T13:02:15,22451.25,22453.05,22450.05,22452.5
1791185550,2026-10-05T13:02:30,22453.6,22455.1,22453.05,22454.15
1791185565,2026-10-05T13:02:45,22454.1,22458.75,22454.1,22458.35
1791185580,2026-10-05T13:03:00,22458.45,22462.25,22457.85,22460.8
1791185595,2026-10-05T13:03:15,22460.6,22463.3,22457.8,22457.8
1791185610,2026-10-05T13:03:30,22457.8,22462.35,22457.8,22460.25
1791185625,2026-10-05T13:03:45,22460.25,22464.2,22460.25,22461.65
1791185640,2026-10-05T13:04:00,22462.15,22463.9,22460.2,22461.3
1791185655,2026-10-05T13:04:15,22463.05,22463.05,22458.65,22458.65
1791185670,2026-10-05T13:04:30,22458.9,22461.6,22458.2,22460.35
1791185685,2026-10-05T13:04:45,22461.55,22465.2,22460.95,22463.95
1791185700,2026-10-05T13:05:00,22464.25,22464.95,22462.8,22463.35
1791185715,2026-10-05T13:05:15,22464.2,22465.6,22462.6,22464.9
1791185730,2026-10-05T13:05:30,22465.8,22468.15,22464.6,22467.9
1791185745,2026-10-05T13:05:45,22469.65,22471,22468.15,22468.45
1791185760,2026-10-05T13:06:00,22469.4,22469.6,22468,22469.3
1791185775,2026-10-05T13:06:15,22469.95,22469.95,22461.5,22463.3
1791185790,2026-10-05T13:06:30,22464.65,22464.75,22463.3,22464.75
1791185805,2026-10-05T13:06:45,22465.55,22475.05,22465.55,22473.7
1791185820,2026-10-05T13:07:00,22473.2,22474.45,22472.5,22473.9
1791185835,2026-10-05T13:07:15,22474.75,22474.75,22469.4,22469.5
1791185850,2026-10-05T13:07:30,22470.4,22470.45,22464.75,22464.8
1791185865,2026-10-05T13:07:45,22464.85,22467.15,22461.1,22461.35
1791185880,2026-10-05T13:08:00,22462.25,22462.35,22460.05,22460.2
1791185895,2026-10-05T13:08:15,22461,22463.15,22459.3,22461.85
1791185910,2026-10-05T13:08:30,22461.85,22463.5,22461.4,22461.6
1791185925,2026-10-05T13:08:45,22462.85,22464.35,22460.95,22461.8
1791185940,2026-10-05T13:09:00,22461.75,22464.4,22461.15,22463.85
1791185955,2026-10-05T13:09:15,22463.95,22468,22463.55,22464.95
1791185970,2026-10-05T13:09:30,22465.85,22466.2,22460.6,22460.8
1791185985,2026-10-05T13:09:45,22462.8,22464.1,22460.65,22462.4
1791186000,2026-10-05T13:10:00,22462.4,22462.9,22459.3,22460.5
1791186015,2026-10-05T13:10:15,22460.5,22462.6,22460.5,22461.85
1791186030,2026-10-05T13:10:30,22463,22463.55,22461.65,22462.15
1791186045,2026-10-05T13:10:45,22463.35,22468.9,22462.1,22468.2
1791186060,2026-10-05T13:11:00,22469.75,22472.1,22467.25,22472.1
1791186075,2026-10-05T13:11:15,22473,22474.7,22469.75,22472.95
1791186090,2026-10-05T13:11:30,22473.5,22475.25,22472.15,22472.4
1791186105,2026-10-05T13:11:45,22474.15,22474.15,22467.85,22468
1791186120,2026-10-05T13:12:00,22468.05,22469.9,22465.95,22467.85
1791186135,2026-10-05T13:12:15,22469.5,22469.5,22463.6,22463.6
1791186150,2026-10-05T13:12:30,22463.5,22464.9,22459.85,22459.85
1791186165,2026-10-05T13:12:45,22461.15,22461.15,22457.6,22459.75
1791186180,2026-10-05T13:13:00,22460.25,22461.6,22458.7,22459.25
1791186195,2026-10-05T13:13:15,22460.05,22467,22459.45,22466.2
1791186210,2026-10-05T13:13:30,22467.55,22467.6,22465,22466.3
1791186225,2026-10-05T13:13:45,22467.55,22468,22465.45,22467
1791186240,2026-10-05T13:14:00,22467.6,22468.8,22464.55,22465.1
1791186255,2026-10-05T13:14:15,22465.45,22468.65,22465.05,22465.5
1791186270,2026-10-05T13:14:30,22465.55,22467.1,22464.45,22465
1791186285,2026-10-05T13:14:45,22465.25,22470.5,22465.25,22470.5
1791186300,2026-10-05T13:15:00,22470.45,22475.2,22470.45,22474.85
1791186315,2026-10-05T13:15:15,22475.5,22479.4,22474.45,22478
1791186330,2026-10-05T13:15:30,22479.45,22479.45,22476.65,22477.65
1791186345,2026-10-05T13:15:45,22477.15,22478.75,22474.55,22474.65
1791186360,2026-10-05T13:16:00,22474.4,22475.9,22471,22472.55
1791186375,2026-10-05T13:16:15,22472.8,22477,22472.5,22474.65
1791186390,2026-10-05T13:16:30,22475.25,22475.3,22471.8,22472.95
1791186405,2026-10-05T13:16:45,22472.95,22473.9,22467.6,22467.8
1791186420,2026-10-05T13:17:00,22468.85,22468.85,22464.25,22466.3
1791186435,2026-10-05T13:17:15,22466.55,22466.65,22464.15,22464.35
1791186450,2026-10-05T13:17:30,22464.4,22468.05,22464.4,22468
1791186465,2026-10-05T13:17:45,22468.05,22468.65,22467,22468.15
1791186480,2026-10-05T13:18:00,22468.6,22470.75,22467.85,22470.4
1791186495,2026-10-05T13:18:15,22471.75,22476.15,22470.5,22474.95
1791186510,2026-10-05T13:18:30,22476.4,22476.4,22474.4,22475.75
1791186525,2026-10-05T13:18:45,22475.6,22477.4,22473.55,22475.8
1791186540,2026-10-05T13:19:00,22475.8,22481.95,22475.6,22480.7
1791186555,2026-10-05T13:19:15,22482.45,22484,22478.65,22479.85
1791186570,2026-10-05T13:19:30,22481.15,22481.75,22478.6,22478.6
1791186585,2026-10-05T13:19:45,22478.55,22480.4,22477.05,22478.35
1791186600,2026-10-05T13:20:00,22480,22480.05,22477.55,22478.45
1791186615,2026-10-05T13:20:15,22479.2,22479.2,22475.35,22476.65
1791186630,2026-10-05T13:20:30,22476.45,22477.55,22475.3,22476.35
1791186645,2026-10-05T13:20:45,22477.2,22477.2,22471.6,22471.9
1791186660,2026-10-05T13:21:00,22472.85,22472.85,22467.1,22467.8
1791186675,2026-10-05T13:21:15,22468.9,22472.45,22467.15,22471.2
1791186690,2026-10-05T13:21:30,22473.55,22475.85,22472.35,22475.6
1791186705,2026-10-05T13:21:45,22475.45,22479.05,22473.9,22477.75
1791186720,2026-10-05T13:22:00,22480.6,22485.1,22480.2,22482.9
1791186735,2026-10-05T13:22:15,22483.8,22483.8,22480.95,22481.7
1791186750,2026-10-05T13:22:30,22482.85,22483.45,22480.65,22481.3
1791186765,2026-10-05T13:22:45,22482,22482.15,22479.75,22480.55
1791186780,2026-10-05T13:23:00,22481.55,22481.55,22479.05,22480
1791186795,2026-10-05T13:23:15,22481.35,22481.35,22477.45,22478.1
1791186810,2026-10-05T13:23:30,22479.25,22479.25,22476.55,22476.75
1791186825,2026-10-05T13:23:45,22478.6,22478.6,22474.65,22475.65
1791186840,2026-10-05T13:24:00,22476.1,22476.1,22472.55,22473.2
1791186855,2026-10-05T13:24:15,22474.55,22475.55,22473.35,22473.9
1791186870,2026-10-05T13:24:30,22475.1,22475.1,22472.8,22473.25
1791186885,2026-10-05T13:24:45,22473.85,22473.9,22467.1,22467.35
1791186900,2026-10-05T13:25:00,22468.7,22468.7,22465.65,22466.4
1791186915,2026-10-05T13:25:15,22467.45,22467.95,22465.3,22465.75
1791186930,2026-10-05T13:25:30,22466.8,22467.55,22464.7,22466.85
1791186945,2026-10-05T13:25:45,22466.9,22469.45,22466.15,22468.15
1791186960,2026-10-05T13:26:00,22469.05,22469.05,22461.7,22461.85
1791186975,2026-10-05T13:26:15,22463.95,22464.15,22461.2,22461.3
1791186990,2026-10-05T13:26:30,22461.65,22462.45,22459.15,22460.1
1791187005,2026-10-05T13:26:45,22460,22461.1,22456.2,22456.75
1791187020,2026-10-05T13:27:00,22458.5,22458.5,22454.4,22456.35
1791187035,2026-10-05T13:27:15,22456.4,22457.1,22454.85,22455.25
1791187050,2026-10-05T13:27:30,22457.1,22457.35,22454.55,22455.15
1791187065,2026-10-05T13:27:45,22455.3,22456.45,22452.7,22454.65
1791187080,2026-10-05T13:28:00,22454.65,22457.25,22453.35,22456.8
1791187095,2026-10-05T13:28:15,22457.6,22460.3,22455.65,22459.3
1791187110,2026-10-05T13:28:30,22460.8,22460.85,22458.7,22460.85
1791187125,2026-10-05T13:28:45,22461.25,22462.65,22459.9,22461.6
1791187140,2026-10-05T13:29:00,22463.2,22463.2,22458.4,22459.65
1791187155,2026-10-05T13:29:15,22459.85,22463.75,22459.35,22462.55
1791187170,2026-10-05T13:29:30,22462.7,22463.75,22460.95,22461.2
1791187185,2026-10-05T13:29:45,22462,22465.05,22461.1,22463.8
1791187200,2026-10-05T13:30:00,22465.8,22465.8,22463.35,22464.45
1791187215,2026-10-05T13:30:15,22465.1,22468.2,22463.8,22466.3
1791187230,2026-10-05T13:30:30,22466.3,22467.15,22463.8,22466.2
1791187245,2026-10-05T13:30:45,22466.95,22467.85,22464.35,22465.15
1791187260,2026-10-05T13:31:00,22467.55,22467.55,22461.75,22462.3
1791187275,2026-10-05T13:31:15,22462.2,22466.25,22461.8,22465.15
1791187290,2026-10-05T13:31:30,22466.05,22467.8,22464.4,22467.75
1791187305,2026-10-05T13:31:45,22468.1,22471.35,22466.4,22469.4
1791187320,2026-10-05T13:32:00,22471.3,22474.5,22469.15,22474.3
1791187335,2026-10-05T13:32:15,22474.7,22476.5,22473.7,22474.45
1791187350,2026-10-05T13:32:30,22476.4,22476.4,22469.25,22469.65
1791187365,2026-10-05T13:32:45,22469.65,22470.35,22466.65,22468.25
1791187380,2026-10-05T13:33:00,22469.45,22469.45,22466.75,22468.2
1791187395,2026-10-05T13:33:15,22468.45,22469.2,22466.7,22467.8
1791187410,2026-10-05T13:33:30,22468.8,22471.6,22467.6,22470.95
1791187425,2026-10-05T13:33:45,22471.7,22472.1,22468.45,22469.25
1791187440,2026-10-05T13:34:00,22469.6,22469.85,22467,22467.4
1791187455,2026-10-05T13:34:15,22467.4,22471.85,22467.1,22471.35
1791187470,2026-10-05T13:34:30,22472.85,22472.95,22471,22472.55
1791187485,2026-10-05T13:34:45,22473.15,22474.5,22471.35,22474.3
1791187500,2026-10-05T13:35:00,22474.25,22475.4,22473.5,22473.5
1791187515,2026-10-05T13:35:15,22474.85,22477.7,22473.5,22475.9
1791187530,2026-10-05T13:35:30,22476.05,22478.95,22476.05,22478.2
1791187545,2026-10-05T13:35:45,22479.35,22479.35,22476.45,22477.45
1791187560,2026-10-05T13:36:00,22478.3,22486.25,22477.15,22485.95
1791187575,2026-10-05T13:36:15,22486.1,22494.5,22486.1,22491.6
1791187590,2026-10-05T13:36:30,22492.85,22494.85,22490.45,22493.15
1791187605,2026-10-05T13:36:45,22494.5,22495.35,22492.3,22492.75
1791187620,2026-10-05T13:37:00,22494.35,22498.95,22492.85,22495.25
1791187635,2026-10-05T13:37:15,22495.35,22496.85,22491.6,22492.25
1791187650,2026-10-05T13:37:30,22493.85,22496.25,22492.1,22493.95
1791187665,2026-10-05T13:37:45,22495.45,22496.8,22493.3,22493.95
1791187680,2026-10-05T13:38:00,22494.3,22494.95,22491.9,22492
1791187695,2026-10-05T13:38:15,22492.85,22492.85,22488.95,22491
1791187710,2026-10-05T13:38:30,22489.8,22492.3,22489.8,22492.05
1791187725,2026-10-05T13:38:45,22493.65,22496.45,22490.8,22494.5
1791187740,2026-10-05T13:39:00,22494.3,22497.2,22492.45,22496.7
1791187755,2026-10-05T13:39:15,22496.75,22500.95,22496.5,22500.55
1791187770,2026-10-05T13:39:30,22501.6,22503.95,22499.55,22503.95
1791187785,2026-10-05T13:39:45,22503.8,22508.4,22502.4,22506.95
1791187800,2026-10-05T13:40:00,22508.75,22519.45,22508.25,22519.4
1791187815,2026-10-05T13:40:15,22519.1,22531.7,22517.45,22531.7
1791187830,2026-10-05T13:40:30,22531.65,22538.9,22531.65,22538.9
1791187845,2026-10-05T13:40:45,22538.75,22545.6,22537.65,22540.2
1791187860,2026-10-05T13:41:00,22540.35,22550.05,22540.35,22548.25
1791187875,2026-10-05T13:41:15,22549.95,22550,22543.4,22547.25
1791187890,2026-10-05T13:41:30,22547.1,22553.05,22546.1,22551.6
1791187905,2026-10-05T13:41:45,22552.75,22557.3,22550.8,22556.35
1791187920,2026-10-05T13:42:00,22556.45,22557,22546.3,22546.8
1791187935,2026-10-05T13:42:15,22548.7,22548.7,22540.2,22546.7
1791187950,2026-10-05T13:42:30,22548.5,22557.8,22545.4,22553.85
1791187965,2026-10-05T13:42:45,22553.95,22559.05,22552.25,22554.85
1791187980,2026-10-05T13:43:00,22554.4,22557.1,22547.85,22550.45
1791187995,2026-10-05T13:43:15,22550.25,22553.95,22548.35,22548.35
1791188010,2026-10-05T13:43:30,22550.2,22552.2,22545.95,22550.15
1791188025,2026-10-05T13:43:45,22550.3,22552.25,22546.05,22549.7
1791188040,2026-10-05T13:44:00,22549.7,22552.35,22536.65,22538.85
1791188055,2026-10-05T13:44:15,22540.3,22541.6,22536.8,22539.05
1791188070,2026-10-05T13:44:30,22539.65,22547.15,22538.9,22545.2
1791188085,2026-10-05T13:44:45,22546.7,22555.65,22544.35,22555.4
1791188100,2026-10-05T13:45:00,22557.75,22565.45,22555.9,22565.45
1791188115,2026-10-05T13:45:15,22566.5,22569.3,22564.05,22567.95
1791188130,2026-10-05T13:45:30,22568.7,22569.4,22564.95,22564.95
1791188145,2026-10-05T13:45:45,22567.35,22567.35,22555.5,22555.55
1791188160,2026-10-05T13:46:00,22555.5,22556.7,22549.55,22549.55
1791188175,2026-10-05T13:46:15,22551.6,22553.4,22548.7,22550.1
1791188190,2026-10-05T13:46:30,22550.2,22551.45,22546.65,22549.6
1791188205,2026-10-05T13:46:45,22549.1,22550.75,22547.15,22548.65
1791188220,2026-10-05T13:47:00,22549.5,22549.55,22543.35,22545.5
1791188235,2026-10-05T13:47:15,22545.7,22546,22543.05,22544.15
1791188250,2026-10-05T13:47:30,22546.65,22549.15,22543.25,22548.15
1791188265,2026-10-05T13:47:45,22550.5,22553.4,22548.65,22551.35
1791188280,2026-10-05T13:48:00,22551.95,22552,22547.7,22549.05
1791188295,2026-10-05T13:48:15,22549.8,22550.8,22544.55,22544.65
1791188310,2026-10-05T13:48:30,22544.65,22546.55,22542.6,22542.8
1791188325,2026-10-05T13:48:45,22543.05,22545.1,22541.25,22541.95
1791188340,2026-10-05T13:49:00,22543.25,22543.35,22532.4,22535.05
1791188355,2026-10-05T13:49:15,22535,22545.45,22534.05,22544.5
1791188370,2026-10-05T13:49:30,22545.25,22548.45,22543.5,22543.55
1791188385,2026-10-05T13:49:45,22544.9,22546.65,22541.55,22541.65
1791188400,2026-10-05T13:50:00,22543.6,22543.6,22539.45,22542.65
1791188415,2026-10-05T13:50:15,22543.15,22543.4,22539.15,22540.75
1791188430,2026-10-05T13:50:30,22542.35,22546.4,22541.2,22546.4
1791188445,2026-10-05T13:50:45,22546.4,22548.9,22545.3,22547.85
1791188460,2026-10-05T13:51:00,22548,22549.9,22547.35,22549.3
1791188475,2026-10-05T13:51:15,22550,22550.4,22547.2,22549.35
1791188490,2026-10-05T13:51:30,22549.7,22552.6,22548,22552.15
1791188505,2026-10-05T13:51:45,22552.45,22553.85,22550.2,22551.95
1791188520,2026-10-05T13:52:00,22552.45,22554.95,22550.75,22554.45
1791188535,2026-10-05T13:52:15,22554.45,22557.55,22553.6,22553.6
1791188550,2026-10-05T13:52:30,22554.45,22560.55,22551.2,22559.35
1791188565,2026-10-05T13:52:45,22560.9,22561.1,22555.25,22555.55
1791188580,2026-10-05T13:53:00,22556.6,22557.85,22553.65,22556.3
1791188595,2026-10-05T13:53:15,22556.3,22558.55,22555.35,22555.8
1791188610,2026-10-05T13:53:30,22556.55,22560.8,22556.15,22559.65
1791188625,2026-10-05T13:53:45,22560.35,22560.45,22556.75,22556.75
1791188640,2026-10-05T13:54:00,22557.9,22558.4,22555.1,22558.1
1791188655,2026-10-05T13:54:15,22559.7,22560.4,22557.45,22557.9
1791188670,2026-10-05T13:54:30,22560.7,22561.4,22556.35,22558.9
1791188685,2026-10-05T13:54:45,22559.55,22561.9,22557.75,22560.65
1791188700,2026-10-05T13:55:00,22561.4,22561.5,22553.45,22554.6
1791188715,2026-10-05T13:55:15,22554.6,22556.8,22553.3,22555.7
1791188730,2026-10-05T13:55:30,22555.55,22558.2,22554.7,22556.3
1791188745,2026-10-05T13:55:45,22556.6,22558.05,22554.45,22556
1791188760,2026-10-05T13:56:00,22555.9,22557.35,22553.6,22553.7
1791188775,2026-10-05T13:56:15,22555.5,22555.5,22546.85,22549.45
1791188790,2026-10-05T13:56:30,22550.4,22551.5,22547.55,22550.8
1791188805,2026-10-05T13:56:45,22551.15,22556.85,22551.15,22555.4
1791188820,2026-10-05T13:57:00,22555,22559.6,22553.3,22553.6
1791188835,2026-10-05T13:57:15,22553.4,22555.2,22549.6,22549.95
1791188850,2026-10-05T13:57:30,22551.95,22553.6,22550.05,22553.5
1791188865,2026-10-05T13:57:45,22555.2,22555.25,22552.05,22552.9
1791188880,2026-10-05T13:58:00,22553.65,22553.85,22551.2,22553.2
1791188895,2026-10-05T13:58:15,22554.05,22555.15,22551.3,22551.3
1791188910,2026-10-05T13:58:30,22553.45,22553.45,22545.75,22547.4
1791188925,2026-10-05T13:58:45,22547.45,22548.7,22537.3,22540.6
1791188940,2026-10-05T13:59:00,22540.55,22542.45,22537.85,22541.8
1791188955,2026-10-05T13:59:15,22541.8,22549.1,22541.8,22547
1791188970,2026-10-05T13:59:30,22547,22547.6,22541.7,22543.95
1791188985,2026-10-05T13:59:45,22543.6,22544.5,22540.1,22542.1
1791189000,2026-10-05T14:00:00,22542.4,22542.85,22539.2,22542.05
1791189015,2026-10-05T14:00:15,22543.4,22545.4,22542.05,22544.05
1791189030,2026-10-05T14:00:30,22545.05,22545.85,22542.7,22543.4
1791189045,2026-10-05T14:00:45,22543.3,22545.4,22541.85,22543.45
1791189060,2026-10-05T14:01:00,22543.3,22547.75,22542.8,22543.9
1791189075,2026-10-05T14:01:15,22545.65,22545.95,22541.15,22543.15
1791189090,2026-10-05T14:01:30,22543.55,22546.6,22542.95,22546.55
1791189105,2026-10-05T14:01:45,22546.5,22547.15,22545.2,22546.1
1791189120,2026-10-05T14:02:00,22546.6,22546.6,22543,22543.2
1791189135,2026-10-05T14:02:15,22544.15,22547.4,22541.1,22546.4
1791189150,2026-10-05T14:02:30,22547,22548,22545.25,22547.85
1791189165,2026-10-05T14:02:45,22547.95,22550.65,22547.05,22549
1791189180,2026-10-05T14:03:00,22548.95,22550.75,22547.05,22548.85
1791189195,2026-10-05T14:03:15,22548.9,22553.9,22548.1,22553.3
1791189210,2026-10-05T14:03:30,22553.3,22553.85,22544.85,22545.35
1791189225,2026-10-05T14:03:45,22546.35,22546.35,22540.55,22541.9
1791189240,2026-10-05T14:04:00,22541.3,22542.75,22532.55,22532.65
1791189255,2026-10-05T14:04:15,22532.55,22532.55,22515,22517.7
1791189270,2026-10-05T14:04:30,22517.4,22521.1,22499.5,22500.1
1791189285,2026-10-05T14:04:45,22502.4,22519.1,22499.65,22516.95
1791189300,2026-10-05T14:05:00,22518.2,22523.85,22516.2,22523.45
1791189315,2026-10-05T14:05:15,22523.75,22525.5,22516.65,22516.65
1791189330,2026-10-05T14:05:30,22517.65,22517.65,22510.8,22512.4
1791189345,2026-10-05T14:05:45,22512.1,22513.2,22509.9,22512.15
1791189360,2026-10-05T14:06:00,22513.8,22514.55,22509.75,22509.8
1791189375,2026-10-05T14:06:15,22510.6,22510.6,22496,22497.65
1791189390,2026-10-05T14:06:30,22499.45,22499.65,22493.5,22494.25
1791189405,2026-10-05T14:06:45,22494.2,22497.6,22492.95,22496.7
1791189420,2026-10-05T14:07:00,22497.55,22498.75,22493.85,22498.55
1791189435,2026-10-05T14:07:15,22498.05,22501.05,22496.85,22501.05
1791189450,2026-10-05T14:07:30,22501.6,22501.65,22496.35,22501.05
1791189465,2026-10-05T14:07:45,22501.9,22513.5,22501.9,22510.6
1791189480,2026-10-05T14:08:00,22510.3,22515.75,22509.9,22514.7
1791189495,2026-10-05T14:08:15,22517.75,22518.7,22514.6,22518.55
1791189510,2026-10-05T14:08:30,22518.9,22519.7,22516.3,22518.45
1791189525,2026-10-05T14:08:45,22518.55,22519.25,22516.3,22517.8
1791189540,2026-10-05T14:09:00,22518.85,22527.6,22518.15,22526.2
1791189555,2026-10-05T14:09:15,22526.85,22527.3,22524.1,22524.7
1791189570,2026-10-05T14:09:30,22524.8,22525.5,22517.5,22519.1
1791189585,2026-10-05T14:09:45,22520.95,22521.1,22515.85,22519.25
1791189600,2026-10-05T14:10:00,22520.4,22521.4,22518.25,22521.4
1791189615,2026-10-05T14:10:15,22520.9,22534.45,22520.9,22533.45
1791189630,2026-10-05T14:10:30,22533.45,22534.25,22528.9,22529.65
1791189645,2026-10-05T14:10:45,22529.35,22531,22526.95,22528.5
1791189660,2026-10-05T14:11:00,22529.05,22531.3,22527.95,22530.45
1791189675,2026-10-05T14:11:15,22530.3,22531.15,22525.1,22528.05
1791189690,2026-10-05T14:11:30,22528.35,22529.1,22523.75,22524.9
1791189705,2026-10-05T14:11:45,22525.95,22529.4,22523.8,22528.05
1791189720,2026-10-05T14:12:00,22529.25,22530.25,22526.25,22527.9
1791189735,2026-10-05T14:12:15,22529.6,22530.2,22527.45,22528.3
1791189750,2026-10-05T14:12:30,22529.85,22531.9,22527.45,22530.95
1791189765,2026-10-05T14:12:45,22531.15,22531.55,22524.75,22526.35
1791189780,2026-10-05T14:13:00,22527.45,22527.45,22520.8,22526.6
1791189795,2026-10-05T14:13:15,22527.35,22532,22524.2,22531.25
1791189810,2026-10-05T14:13:30,22532.25,22532.7,22529.35,22530.4
1791189825,2026-10-05T14:13:45,22532.25,22562.55,22530.45,22561.6
1791189840,2026-10-05T14:14:00,22561.5,22563.85,22558.6,22558.85
1791189855,2026-10-05T14:14:15,22558.65,22560.1,22545.1,22548.3
1791189870,2026-10-05T14:14:30,22548.4,22550.85,22545.55,22549.65
1791189885,2026-10-05T14:14:45,22549.25,22551.1,22543.6,22545.9
1791189900,2026-10-05T14:15:00,22547.15,22547.55,22536.25,22536.6
1791189915,2026-10-05T14:15:15,22537.4,22538.85,22532.55,22532.85
1791189930,2026-10-05T14:15:30,22532.65,22533.95,22527.15,22528.2
1791189945,2026-10-05T14:15:45,22528.05,22530.55,22525.7,22526.7
1791189960,2026-10-05T14:16:00,22527.1,22527.9,22524.7,22526.9
1791189975,2026-10-05T14:16:15,22527.7,22527.7,22525.15,22525.6
1791189990,2026-10-05T14:16:30,22527.3,22529.75,22524.3,22529.2
1791190005,2026-10-05T14:16:45,22530.05,22530.95,22525.75,22526.35
1791190020,2026-10-05T14:17:00,22527.55,22527.55,22521.75,22524.6
1791190035,2026-10-05T14:17:15,22525.4,22528.65,22522.75,22528
1791190050,2026-10-05T14:17:30,22528.8,22528.8,22525,22525
1791190065,2026-10-05T14:17:45,22526,22526.25,22522,22522
1791190080,2026-10-05T14:18:00,22524.25,22525.45,22522.2,22524.5
1791190095,2026-10-05T14:18:15,22524.85,22527,22522.95,22526.55
1791190110,2026-10-05T14:18:30,22527.7,22528.7,22524.9,22526.7
1791190125,2026-10-05T14:18:45,22527.75,22529.75,22525.4,22529.25
1791190140,2026-10-05T14:19:00,22529.3,22544.85,22529.3,22544.75
1791190155,2026-10-05T14:19:15,22545.75,22550.45,22544.35,22550.4
1791190170,2026-10-05T14:19:30,22550.95,22552.45,22549.8,22552.4
1791190185,2026-10-05T14:19:45,22553.1,22554.55,22550.7,22554.25
1791190200,2026-10-05T14:20:00,22552.3,22554.65,22549.45,22550.3
1791190215,2026-10-05T14:20:15,22551.2,22554.85,22548.15,22548.95
1791190230,2026-10-05T14:20:30,22549.35,22553.25,22549.2,22551.8
1791190245,2026-10-05T14:20:45,22552.15,22555.9,22551.35,22555.15
1791190260,2026-10-05T14:21:00,22555.9,22555.9,22553.4,22554.75
1791190275,2026-10-05T14:21:15,22555.85,22559.3,22553.55,22557.95
1791190290,2026-10-05T14:21:30,22557.85,22558.95,22555.15,22556.4
1791190305,2026-10-05T14:21:45,22556.05,22557.85,22554.7,22556.5
1791190320,2026-10-05T14:22:00,22557.2,22557.2,22551.05,22552
1791190335,2026-10-05T14:22:15,22553.5,22555.45,22551.55,22553.85
1791190350,2026-10-05T14:22:30,22555,22555.55,22552.7,22553.9
1791190365,2026-10-05T14:22:45,22555.6,22555.7,22550.9,22551.9
1791190380,2026-10-05T14:23:00,22551.85,22552.9,22550.55,22550.85
1791190395,2026-10-05T14:23:15,22550.85,22552.05,22547.4,22547.4
1791190410,2026-10-05T14:23:30,22549.1,22551.05,22546.1,22546.1
1791190425,2026-10-05T14:23:45,22547.35,22547.65,22545.25,22546.45
1791190440,2026-10-05T14:24:00,22548.4,22550.6,22546.6,22548.4
1791190455,2026-10-05T14:24:15,22549.7,22551.65,22545.4,22547.1
1791190470,2026-10-05T14:24:30,22547.5,22547.75,22541.7,22545.1
1791190485,2026-10-05T14:24:45,22546,22546.55,22541.95,22542.9
1791190500,2026-10-05T14:25:00,22542.9,22544.6,22540.7,22542.4
1791190515,2026-10-05T14:25:15,22544.25,22546.8,22542.6,22546.15
1791190530,2026-10-05T14:25:30,22546.75,22549.75,22544.05,22548.65
1791190545,2026-10-05T14:25:45,22549.75,22551.35,22544.4,22546.1
1791190560,2026-10-05T14:26:00,22548.3,22549.65,22545.55,22547.5
1791190575,2026-10-05T14:26:15,22549.3,22549.3,22545.15,22547
1791190590,2026-10-05T14:26:30,22546.75,22548.65,22545.75,22547.45
1791190605,2026-10-05T14:26:45,22548.4,22549.95,22545.95,22548.5
1791190620,2026-10-05T14:27:00,22548.2,22551.3,22547.2,22548.35
1791190635,2026-10-05T14:27:15,22549.5,22552.15,22548.45,22550.25
1791190650,2026-10-05T14:27:30,22552.3,22553.6,22549.85,22552
1791190665,2026-10-05T14:27:45,22552.75,22553.65,22550,22550.85
1791190680,2026-10-05T14:28:00,22550.85,22553.6,22548.9,22549.4
1791190695,2026-10-05T14:28:15,22549.4,22552.2,22548.85,22549.15
1791190710,2026-10-05T14:28:30,22551.35,22552,22548.2,22551.1
1791190725,2026-10-05T14:28:45,22551.35,22553.3,22548.75,22550.95
1791190740,2026-10-05T14:29:00,22551.55,22552,22549.1,22551.45
1791190755,2026-10-05T14:29:15,22552.25,22554.45,22551.95,22553.65
1791190770,2026-10-05T14:29:30,22553.45,22556.3,22553.25,22555.6
1791190785,2026-10-05T14:29:45,22556.95,22558.5,22555.2,22555.6
1791190800,2026-10-05T14:30:00,22555.2,22558.75,22555.2,22557.25
1791190815,2026-10-05T14:30:15,22558.5,22558.5,22554.85,22555.7
1791190830,2026-10-05T14:30:30,22556.4,22557.3,22553.15,22553.45
1791190845,2026-10-05T14:30:45,22553.05,22554.9,22550.65,22551.35
1791190860,2026-10-05T14:31:00,22551.05,22552.25,22546.2,22547.85
1791190875,2026-10-05T14:31:15,22548.55,22548.75,22545.55,22547.5
1791190890,2026-10-05T14:31:30,22547.85,22547.85,22544.6,22545.35
1791190905,2026-10-05T14:31:45,22545.9,22546.7,22542,22545.75
1791190920,2026-10-05T14:32:00,22546.75,22549.05,22545.4,22548.75
1791190935,2026-10-05T14:32:15,22548.75,22557.2,22548.75,22556.65
1791190950,2026-10-05T14:32:30,22558.05,22558.05,22554.8,22556.5
1791190965,2026-10-05T14:32:45,22557.6,22558.7,22555.55,22557.6
1791190980,2026-10-05T14:33:00,22557.6,22559.2,22553.85,22554
1791190995,2026-10-05T14:33:15,22555.55,22555.55,22552.9,22553.8
1791191010,2026-10-05T14:33:30,22555.9,22556.4,22553.4,22553.65
1791191025,2026-10-05T14:33:45,22556.9,22557.75,22553.4,22556.7
1791191040,2026-10-05T14:34:00,22556.75,22557.8,22552.55,22552.9
1791191055,2026-10-05T14:34:15,22552.9,22554.45,22550.9,22551.5
1791191070,2026-10-05T14:34:30,22552.5,22556.35,22550,22553.35
1791191085,2026-10-05T14:34:45,22554.85,22555.15,22551.9,22553.1
1791191100,2026-10-05T14:35:00,22553.1,22554.1,22551.5,22552
1791191115,2026-10-05T14:35:15,22552.1,22553.8,22549.85,22550.85
1791191130,2026-10-05T14:35:30,22552.95,22552.95,22549.65,22551.05
1791191145,2026-10-05T14:35:45,22551.75,22552.6,22549.8,22552.05
1791191160,2026-10-05T14:36:00,22552.4,22552.4,22547.8,22549.6
1791191175,2026-10-05T14:36:15,22550.55,22553.05,22549.6,22552.85
1791191190,2026-10-05T14:36:30,22554.3,22554.55,22552.05,22553.4
1791191205,2026-10-05T14:36:45,22554.4,22556,22552.7,22555.15
1791191220,2026-10-05T14:37:00,22555.45,22557.15,22552.55,22552.6
1791191235,2026-10-05T14:37:15,22553.8,22553.95,22551.15,22551.95
1791191250,2026-10-05T14:37:30,22552.85,22554.05,22550.35,22552.5
1791191265,2026-10-05T14:37:45,22553.2,22554.9,22551.75,22554
1791191280,2026-10-05T14:38:00,22554,22555.8,22552.8,22555.05
1791191295,2026-10-05T14:38:15,22555.05,22556.5,22554,22555.65
1791191310,2026-10-05T14:38:30,22555.65,22556.75,22551.45,22552.2
1791191325,2026-10-05T14:38:45,22552.1,22555.05,22550.65,22551.9
1791191340,2026-10-05T14:39:00,22552.55,22552.55,22547.55,22547.9
1791191355,2026-10-05T14:39:15,22549.15,22549.15,22546.2,22547.45
1791191370,2026-10-05T14:39:30,22548.4,22548.4,22545.3,22547.4
1791191385,2026-10-05T14:39:45,22548.35,22548.85,22541.15,22541.8
1791191400,2026-10-05T14:40:00,22541.75,22542.9,22539.75,22541.05
1791191415,2026-10-05T14:40:15,22541.9,22543.15,22539.9,22541.35
1791191430,2026-10-05T14:40:30,22542.35,22542.95,22540.35,22542.65
1791191445,2026-10-05T14:40:45,22542.15,22542.65,22539.3,22540.15
1791191460,2026-10-05T14:41:00,22540.15,22541.75,22536.9,22538.1
1791191475,2026-10-05T14:41:15,22538.2,22540.25,22537.3,22537.85
1791191490,2026-10-05T14:41:30,22539.85,22540.4,22537.75,22538.85
1791191505,2026-10-05T14:41:45,22539.35,22540.05,22537.65,22538
1791191520,2026-10-05T14:42:00,22538.85,22540.35,22537,22539.75
1791191535,2026-10-05T14:42:15,22540.5,22543.2,22539.3,22541.9
1791191550,2026-10-05T14:42:30,22543.35,22546.7,22541.85,22546.4
1791191565,2026-10-05T14:42:45,22547.9,22553.35,22546.8,22552.1
1791191580,2026-10-05T14:43:00,22552,22552.6,22549.5,22551.65
1791191595,2026-10-05T14:43:15,22551.95,22552.95,22549.5,22550.85
1791191610,2026-10-05T14:43:30,22552.4,22553.35,22550.25,22551.2
1791191625,2026-10-05T14:43:45,22552.4,22553.1,22549,22551.35
1791191640,2026-10-05T14:44:00,22552.2,22552.7,22550.6,22551.05
1791191655,2026-10-05T14:44:15,22551.35,22551.8,22548.65,22550.55
1791191670,2026-10-05T14:44:30,22551.55,22552.6,22549.85,22551.95
1791191685,2026-10-05T14:44:45,22551.85,22553.8,22551.65,22553.35
1791191700,2026-10-05T14:45:00,22553.9,22555,22552.6,22553.85
1791191715,2026-10-05T14:45:15,22555.8,22557.85,22554.3,22556.95
1791191730,2026-10-05T14:45:30,22556.6,22558.1,22552.25,22552.75
1791191745,2026-10-05T14:45:45,22554.1,22554.55,22551.15,22551.25
1791191760,2026-10-05T14:46:00,22552.85,22552.85,22545.85,22546.55
1791191775,2026-10-05T14:46:15,22546.85,22548.35,22544.9,22546
1791191790,2026-10-05T14:46:30,22548.05,22548.05,22544.6,22546.05
1791191805,2026-10-05T14:46:45,22547.25,22548.7,22544.15,22545.5
1791191820,2026-10-05T14:47:00,22546.2,22548.2,22543.85,22544.2
1791191835,2026-10-05T14:47:15,22544.2,22546.3,22543.55,22545.75
1791191850,2026-10-05T14:47:30,22546.45,22547.55,22545.05,22546.7
1791191865,2026-10-05T14:47:45,22547.4,22547.4,22544.6,22544.8
1791191880,2026-10-05T14:48:00,22546.7,22546.7,22539.85,22540.7
1791191895,2026-10-05T14:48:15,22541.5,22541.95,22539.15,22541.65
1791191910,2026-10-05T14:48:30,22541.95,22546.25,22541.35,22544.8
1791191925,2026-10-05T14:48:45,22546.5,22548.9,22544.95,22547.35
1791191940,2026-10-05T14:49:00,22548.7,22549.15,22546.35,22548.4
1791191955,2026-10-05T14:49:15,22549,22551.8,22547.6,22548.9
1791191970,2026-10-05T14:49:30,22550,22550.15,22546.6,22546.85
1791191985,2026-10-05T14:49:45,22548.55,22548.55,22535.6,22537.15
1791192000,2026-10-05T14:50:00,22538.7,22538.7,22535.6,22538.65
1791192015,2026-10-05T14:50:15,22539.25,22541.75,22537.85,22541.1
1791192030,2026-10-05T14:50:30,22540.9,22542.9,22539.05,22540
1791192045,2026-10-05T14:50:45,22541.35,22543.3,22540.2,22542.25
1791192060,2026-10-05T14:51:00,22543.25,22543.8,22540.45,22541.15
1791192075,2026-10-05T14:51:15,22542.1,22542.1,22540,22541.75
1791192090,2026-10-05T14:51:30,22543,22543.7,22541.3,22543
1791192105,2026-10-05T14:51:45,22544.3,22545,22542.45,22543.2
1791192120,2026-10-05T14:52:00,22543.15,22545.05,22542.7,22544.5
1791192135,2026-10-05T14:52:15,22545.1,22545.1,22541.35,22542.9
1791192150,2026-10-05T14:52:30,22544.65,22544.65,22533.85,22534.3
1791192165,2026-10-05T14:52:45,22534.3,22536,22533.4,22535.35
1791192180,2026-10-05T14:53:00,22537.35,22541.3,22535.7,22541.25
1791192195,2026-10-05T14:53:15,22541.5,22546.95,22541.05,22546.15
1791192210,2026-10-05T14:53:30,22545.9,22549.55,22545.9,22548
1791192225,2026-10-05T14:53:45,22548.25,22549.35,22545.4,22546.55
1791192240,2026-10-05T14:54:00,22546.7,22549,22545.4,22547.85
1791192255,2026-10-05T14:54:15,22547.65,22553.05,22547.65,22551.4
1791192270,2026-10-05T14:54:30,22552.65,22553.5,22550.5,22552.15
1791192285,2026-10-05T14:54:45,22552.05,22554.9,22551.15,22553.6
1791192300,2026-10-05T14:55:00,22553.45,22554.8,22548.85,22549.2
1791192315,2026-10-05T14:55:15,22549.45,22550.65,22546.6,22547.1
1791192330,2026-10-05T14:55:30,22548.4,22548.85,22543.95,22545.55
1791192345,2026-10-05T14:55:45,22545.6,22547.7,22545.05,22546.4
1791192360,2026-10-05T14:56:00,22546.5,22548.7,22543.85,22544.5
1791192375,2026-10-05T14:56:15,22544.5,22546,22542.45,22543.45
1791192390,2026-10-05T14:56:30,22543.6,22545.6,22541.15,22545.6
1791192405,2026-10-05T14:56:45,22546,22547.3,22544.65,22545.15
1791192420,2026-10-05T14:57:00,22545.15,22547.5,22543.35,22544.05
1791192435,2026-10-05T14:57:15,22544.4,22545.95,22538.4,22538.4
1791192450,2026-10-05T14:57:30,22540,22542.35,22537.4,22538
1791192465,2026-10-05T14:57:45,22537.75,22540,22536.95,22539.3
1791192480,2026-10-05T14:58:00,22539.2,22543.35,22539.2,22541.95
1791192495,2026-10-05T14:58:15,22542.05,22542.2,22539.7,22541.05
1791192510,2026-10-05T14:58:30,22542.2,22542.3,22536.85,22537.3
1791192525,2026-10-05T14:58:45,22538.15,22538.15,22533.8,22535.4
1791192540,2026-10-05T14:59:00,22535.4,22536.55,22534,22534.8
1791192555,2026-10-05T14:59:15,22534.8,22536.65,22534.05,22535.8
1791192570,2026-10-05T14:59:30,22535.5,22539,22535.5,22536.5
1791192585,2026-10-05T14:59:45,22537.05,22537.7,22535.3,22537.25
1791192600,2026-10-05T15:00:00,22537.25,22538.75,22534.15,22538.55
1791192615,2026-10-05T15:00:15,22538.95,22540.5,22537.8,22539.95
1791192630,2026-10-05T15:00:30,22540.6,22540.6,22538.15,22538.3
1791192645,2026-10-05T15:00:45,22538.6,22538.6,22534,22534.25
1791192660,2026-10-05T15:01:00,22534.05,22534.45,22524,22525.45
1791192675,2026-10-05T15:01:15,22525.55,22526.15,22522.35,22523.7
1791192690,2026-10-05T15:01:30,22524.1,22524.9,22520.5,22523.05
1791192705,2026-10-05T15:01:45,22523.05,22524.15,22521.5,22522.3
1791192720,2026-10-05T15:02:00,22523.5,22524.15,22521.4,22523.45
1791192735,2026-10-05T15:02:15,22523.7,22524.55,22521.9,22522.95
1791192750,2026-10-05T15:02:30,22523.8,22523.8,22521.05,22523.25
1791192765,2026-10-05T15:02:45,22523.35,22523.95,22521.7,22523.2
1791192780,2026-10-05T15:03:00,22523.4,22527.35,22523.4,22525.55
1791192795,2026-10-05T15:03:15,22525.9,22525.9,22520.95,22521.85
1791192810,2026-10-05T15:03:30,22522.2,22522.8,22517.65,22519.1
1791192825,2026-10-05T15:03:45,22519.25,22519.9,22516.25,22517.2
1791192840,2026-10-05T15:04:00,22517.8,22522.45,22516.3,22522.35
1791192855,2026-10-05T15:04:15,22522.65,22524.3,22520.85,22523.45
1791192870,2026-10-05T15:04:30,22524.25,22526.1,22522.3,22525.5
1791192885,2026-10-05T15:04:45,22525.5,22525.95,22519.25,22519.35
1791192900,2026-10-05T15:05:00,22519.5,22524.75,22519.1,22524.55
1791192915,2026-10-05T15:05:15,22525,22526.75,22523.35,22525.3
1791192930,2026-10-05T15:05:30,22525.35,22527.15,22524.6,22526.5
1791192945,2026-10-05T15:05:45,22526.55,22528.25,22524.9,22526.95
1791192960,2026-10-05T15:06:00,22527.25,22527.45,22524.4,22526.45
1791192975,2026-10-05T15:06:15,22526.8,22526.8,22523.8,22524.75
1791192990,2026-10-05T15:06:30,22524.85,22527,22523.95,22526.45
1791193005,2026-10-05T15:06:45,22526.55,22528.85,22524.65,22527.75
1791193020,2026-10-05T15:07:00,22527.9,22531.65,22527.35,22530.9
1791193035,2026-10-05T15:07:15,22531.5,22532.4,22530,22531.7
1791193050,2026-10-05T15:07:30,22531.65,22533.5,22530.8,22532.1
1791193065,2026-10-05T15:07:45,22532.15,22532.15,22529.95,22531.25
1791193080,2026-10-05T15:08:00,22530.95,22531.3,22522.55,22523.7
1791193095,2026-10-05T15:08:15,22523.8,22524.1,22521,22522.55
1791193110,2026-10-05T15:08:30,22523.3,22523.55,22521.1,22522.05
1791193125,2026-10-05T15:08:45,22522.3,22523.1,22518.15,22519.45
1791193140,2026-10-05T15:09:00,22521.15,22521.15,22514.9,22519.4
1791193155,2026-10-05T15:09:15,22519.6,22520.75,22517.2,22520.25
1791193170,2026-10-05T15:09:30,22520.25,22521.2,22518.35,22521.15
1791193185,2026-10-05T15:09:45,22521,22523.05,22519.1,22521.3
1791193200,2026-10-05T15:10:00,22521.25,22528.4,22521.25,22527.1
1791193215,2026-10-05T15:10:15,22528.1,22531.75,22527.3,22531.1
1791193230,2026-10-05T15:10:30,22531.2,22533.7,22530.4,22533.15
1791193245,2026-10-05T15:10:45,22533.75,22535.2,22532.5,22534.1
1791193260,2026-10-05T15:11:00,22534.05,22534.95,22526.45,22528.45
1791193275,2026-10-05T15:11:15,22528.4,22530.4,22527.7,22528.5
1791193290,2026-10-05T15:11:30,22529.15,22531.4,22528.1,22530.55
1791193305,2026-10-05T15:11:45,22530.45,22531.25,22526.65,22528.1
1791193320,2026-10-05T15:12:00,22528.65,22531.75,22522.95,22525.95
1791193335,2026-10-05T15:12:15,22527.85,22532.25,22525.25,22530.7
1791193350,2026-10-05T15:12:30,22532.5,22532.65,22520.55,22525.3
1791193365,2026-10-05T15:12:45,22525.15,22534.6,22523.85,22533.85
1791193380,2026-10-05T15:13:00,22533.8,22535.05,22530.65,22533.85
1791193395,2026-10-05T15:13:15,22533.7,22537.05,22529.95,22533.2
1791193410,2026-10-05T15:13:30,22532.65,22537.95,22530.4,22537.75
1791193425,2026-10-05T15:13:45,22538.05,22539.55,22532.75,22534.5
1791193440,2026-10-05T15:14:00,22533.45,22540.1,22532.5,22537.25
1791193455,2026-10-05T15:14:15,22537,22541.95,22535.85,22539.35
1791193470,2026-10-05T15:14:30,22541.8,22545.1,22537.7,22542.75
1791193485,2026-10-05T15:14:45,22541.1,22551.9,22535.3,22535.3
1791193500,2026-10-05T15:15:00,22535.45,22535.45,22535.45,22535.45
1791193515,2026-10-05T15:15:15,22535.45,22535.45,22535.45,22535.45
1791193530,2026-10-05T15:15:30,22535.45,22535.45,22535.45,22535.45
1791193545,2026-10-05T15:15:45,22535.45,22535.45,22535.45,22535.45
1791193560,2026-10-05T15:16:00,22535.45,22535.45,22535.45,22535.45
1791193575,2026-10-05T15:16:15,22535.45,22535.45,22535.45,22535.45
1791193590,2026-10-05T15:16:30,22535.45,22535.45,22535.45,22535.45
1791193605,2026-10-05T15:16:45,22535.45,22535.45,22535.45,22535.45
1791193620,2026-10-05T15:17:00,22535.45,22535.45,22535.45,22535.45
1791193635,2026-10-05T15:17:15,22535.45,22535.45,22535.45,22535.45
1791193650,2026-10-05T15:17:30,22535.45,22535.45,22535.45,22535.45
1791193665,2026-10-05T15:17:45,22535.45,22535.45,22535.45,22535.45
1791193680,2026-10-05T15:18:00,22535.45,22535.45,22535.45,22535.45
1791193695,2026-10-05T15:18:15,22535.45,22535.45,22535.45,22535.45
1791193710,2026-10-05T15:18:30,22535.45,22535.45,22535.45,22535.45
1791193725,2026-10-05T15:18:45,22535.45,22535.45,22535.45,22535.45
1791193740,2026-10-05T15:19:00,22535.45,22535.45,22535.45,22535.45
1791193755,2026-10-05T15:19:15,22535.45,22535.45,22535.45,22535.45
1791193770,2026-10-05T15:19:30,22535.45,22535.45,22535.45,22535.45
1791193785,2026-10-05T15:19:45,22535.45,22535.45,22535.45,22535.45
1791193800,2026-10-05T15:20:00,22535.45,22535.45,22535.45,22535.45
1791193815,2026-10-05T15:20:15,22535.45,22535.45,22535.45,22535.45
1791193830,2026-10-05T15:20:30,22535.45,22535.45,22535.45,22535.45
1791193845,2026-10-05T15:20:45,22535.45,22535.45,22535.45,22535.45
1791193860,2026-10-05T15:21:00,22535.45,22535.45,22535.45,22535.45
1791193875,2026-10-05T15:21:15,22535.45,22535.45,22535.45,22535.45
1791193890,2026-10-05T15:21:30,22535.45,22535.45,22535.45,22535.45
1791193905,2026-10-05T15:21:45,22535.45,22535.45,22535.45,22535.45
1791193920,2026-10-05T15:22:00,22535.45,22535.45,22535.45,22535.45
1791193935,2026-10-05T15:22:15,22535.45,22535.45,22535.45,22535.45
1791193950,2026-10-05T15:22:30,22535.45,22535.45,22535.45,22535.45
1791193965,2026-10-05T15:22:45,22535.45,22535.45,22535.45,22535.45
1791193980,2026-10-05T15:23:00,22535.45,22535.45,22535.45,22535.45
1791193995,2026-10-05T15:23:15,22535.45,22535.45,22535.45,22535.45
1791194010,2026-10-05T15:23:30,22535.45,22535.45,22535.45,22535.45
1791194025,2026-10-05T15:23:45,22535.45,22535.45,22535.45,22535.45
1791194040,2026-10-05T15:24:00,22535.45,22535.45,22535.45,22535.45
1791194055,2026-10-05T15:24:15,22535.45,22535.45,22535.45,22535.45
1791194070,2026-10-05T15:24:30,22535.45,22535.45,22535.45,22535.45
1791194085,2026-10-05T15:24:45,22535.45,22535.45,22535.45,22535.45
1791194100,2026-10-05T15:25:00,22535.45,22535.45,22535.45,22535.45
1791194115,2026-10-05T15:25:15,22535.45,22535.45,22535.45,22535.45
1791194130,2026-10-05T15:25:30,22535.45,22535.45,22535.45,22535.45
1791194145,2026-10-05T15:25:45,22535.45,22535.45,22535.45,22535.45
1791194160,2026-10-05T15:26:00,22535.45,22535.45,22535.45,22535.45
1791194175,2026-10-05T15:26:15,22535.45,22535.45,22535.45,22535.45
1791194190,2026-10-05T15:26:30,22535.45,22535.45,22535.45,22535.45
1791194205,2026-10-05T15:26:45,22535.45,22535.45,22535.45,22535.45
1791194220,2026-10-05T15:27:00,22535.45,22535.45,22535.45,22535.45
1791194235,2026-10-05T15:27:15,22535.45,22535.45,22535.45,22535.45
1791194250,2026-10-05T15:27:30,22535.45,22535.45,22535.45,22535.45
1791194265,2026-10-05T15:27:45,22535.45,22535.45,22535.45,22535.45
1791194280,2026-10-05T15:28:00,22535.45,22535.45,22535.45,22535.45
1791194295,2026-10-05T15:28:15,22535.45,22535.45,22535.45,22535.45
1791194310,2026-10-05T15:28:30,22535.45,22535.45,22535.45,22535.45
1791194325,2026-10-05T15:28:45,22535.45,22535.45,22535.45,22535.45
1791194340,2026-10-05T15:29:00,22535.45,22535.45,22535.45,22535.45
1791194355,2026-10-05T15:29:15,22535.45,22535.45,22535.45,22535.45
1791194370,2026-10-05T15:29:30,22535.45,22535.45,22535.45,22535.45
1791194385,2026-10-05T15:29:45,22535.45,22555.75,22535.45,22555.75
1791258300,2026-10-06T09:15:00,22611.1,22624.05,22594,22594.65
1791258315,2026-10-06T09:15:15,22596.35,22597.15,22586.3,22587.45
1791258330,2026-10-06T09:15:30,22585.75,22590.5,22582.1,22583.7
1791258345,2026-10-06T09:15:45,22583.15,22583.15,22572.4,22572.4
1791258360,2026-10-06T09:16:00,22572.5,22572.95,22566.2,22569.85
1791258375,2026-10-06T09:16:15,22570.2,22570.65,22561.8,22566.9
1791258390,2026-10-06T09:16:30,22566.45,22580.05,22565.6,22579.65
1791258405,2026-10-06T09:16:45,22578.75,22581.45,22577.05,22580.55
1791258420,2026-10-06T09:17:00,22579.45,22586.25,22577.75,22583
1791258435,2026-10-06T09:17:15,22582.95,22586.25,22579.3,22580.2
1791258450,2026-10-06T09:17:30,22581.3,22584.5,22580.05,22581.05
1791258465,2026-10-06T09:17:45,22581.4,22591.25,22581.05,22590.2
1791258480,2026-10-06T09:18:00,22590.3,22595.15,22590.3,22593.95
1791258495,2026-10-06T09:18:15,22593.3,22598.85,22593.3,22598.35
1791258510,2026-10-06T09:18:30,22598.4,22598.4,22590.35,22596.5
1791258525,2026-10-06T09:18:45,22596.25,22597,22592.1,22593.55
1791258540,2026-10-06T09:19:00,22593.05,22593.3,22577.6,22579.85
1791258555,2026-10-06T09:19:15,22581.35,22587.85,22581.35,22586.2
1791258570,2026-10-06T09:19:30,22585.95,22586.05,22580.45,22585.05
1791258585,2026-10-06T09:19:45,22585.3,22586.1,22583.2,22585
1791258600,2026-10-06T09:20:00,22584.75,22587.6,22581.9,22584.65
1791258615,2026-10-06T09:20:15,22584.85,22585.4,22580.3,22583.1
1791258630,2026-10-06T09:20:30,22583,22584.25,22580.85,22582.55
1791258645,2026-10-06T09:20:45,22581.4,22582.55,22567.5,22569.35
1791258660,2026-10-06T09:21:00,22569.1,22573.15,22566.85,22571.5
1791258675,2026-10-06T09:21:15,22571.25,22577.75,22571.1,22571.75
1791258690,2026-10-06T09:21:30,22572.5,22578.55,22572,22576.45
1791258705,2026-10-06T09:21:45,22577.25,22577.7,22572.95,22573.65
1791258720,2026-10-06T09:22:00,22573.55,22581.45,22572.05,22580.6
1791258735,2026-10-06T09:22:15,22580.25,22587.25,22580.15,22585.3
1791258750,2026-10-06T09:22:30,22586,22589.6,22583.25,22587.95
1791258765,2026-10-06T09:22:45,22588.4,22590.1,22584.75,22586
1791258780,2026-10-06T09:23:00,22586.1,22587.25,22583.85,22584.4
1791258795,2026-10-06T09:23:15,22584.3,22585.5,22581.65,22583.95
1791258810,2026-10-06T09:23:30,22583.45,22588.5,22582.55,22588.05
1791258825,2026-10-06T09:23:45,22587.8,22589.85,22586.1,22589.05
1791258840,2026-10-06T09:24:00,22588.75,22590.6,22586.95,22589.25
1791258855,2026-10-06T09:24:15,22589.1,22595.1,22587.15,22593.05
1791258870,2026-10-06T09:24:30,22593.3,22599.35,22592.55,22599.25
1791258885,2026-10-06T09:24:45,22599.25,22601.95,22598.4,22600.1
1791258900,2026-10-06T09:25:00,22600.15,22601.35,22596.35,22599.75
1791258915,2026-10-06T09:25:15,22599.7,22599.7,22595.55,22597.35
1791258930,2026-10-06T09:25:30,22597.45,22597.45,22591.85,22593.4
1791258945,2026-10-06T09:25:45,22593.5,22597.2,22591.65,22596.55
1791258960,2026-10-06T09:26:00,22596.3,22597.4,22595.2,22596.4
1791258975,2026-10-06T09:26:15,22596.6,22599.15,22595.5,22599.15
1791258990,2026-10-06T09:26:30,22597.8,22598.25,22595,22596.25
1791259005,2026-10-06T09:26:45,22596.5,22597.95,22595.3,22595.3
1791259020,2026-10-06T09:27:00,22595.65,22595.85,22590.05,22591.6
1791259035,2026-10-06T09:27:15,22591.55,22599.9,22591.55,22599.25
1791259050,2026-10-06T09:27:30,22598.5,22600,22597.25,22598.7
1791259065,2026-10-06T09:27:45,22599.35,22599.35,22595.2,22598.55
1791259080,2026-10-06T09:28:00,22598.1,22601.05,22597.15,22598.65
1791259095,2026-10-06T09:28:15,22599.55,22600.3,22597.7,22598.75
1791259110,2026-10-06T09:28:30,22598.75,22600.15,22596.4,22598.05
1791259125,2026-10-06T09:28:45,22598.65,22598.9,22594.5,22597.6
1791259140,2026-10-06T09:29:00,22597.6,22598.8,22594.8,22595.45
1791259155,2026-10-06T09:29:15,22595.45,22597.15,22594.1,22594.35
1791259170,2026-10-06T09:29:30,22595.35,22596.65,22593.15,22593.55
1791259185,2026-10-06T09:29:45,22593.55,22596.85,22593.35,22595.9
1791259200,2026-10-06T09:30:00,22595.85,22601.75,22593.55,22601.4
1791259215,2026-10-06T09:30:15,22600.7,22606.15,22599.25,22603.35
1791259230,2026-10-06T09:30:30,22603.45,22604.85,22600.95,22604.85
1791259245,2026-10-06T09:30:45,22605,22605,22600.6,22601.7
1791259260,2026-10-06T09:31:00,22601.65,22603.5,22598.6,22599
1791259275,2026-10-06T09:31:15,22599.1,22601.45,22598.55,22599.05
1791259290,2026-10-06T09:31:30,22599.05,22599.75,22594.05,22596.3
1791259305,2026-10-06T09:31:45,22595.5,22596.1,22591.25,22591.25
1791259320,2026-10-06T09:32:00,22591.15,22592.9,22590.1,22592.9
1791259335,2026-10-06T09:32:15,22592.85,22592.85,22589.55,22591.95
1791259350,2026-10-06T09:32:30,22592.3,22595.35,22591.65,22595.35
1791259365,2026-10-06T09:32:45,22594.95,22605.55,22594.95,22604.8
1791259380,2026-10-06T09:33:00,22604.6,22606.75,22603.55,22605.5
1791259395,2026-10-06T09:33:15,22605.65,22606.9,22604.25,22606.4
1791259410,2026-10-06T09:33:30,22606.25,22609.15,22604.95,22606.85
1791259425,2026-10-06T09:33:45,22607.2,22610.65,22607.05,22607.55
1791259440,2026-10-06T09:34:00,22607.5,22614.2,22607.5,22613.95
1791259455,2026-10-06T09:34:15,22613.85,22615.95,22612.75,22612.75
1791259470,2026-10-06T09:34:30,22611.9,22612.05,22608.15,22610.3
1791259485,2026-10-06T09:34:45,22610.3,22613.3,22609.2,22611.75
1791259500,2026-10-06T09:35:00,22611.8,22613.95,22609.55,22611.85
1791259515,2026-10-06T09:35:15,22611.65,22612.9,22609.45,22611.6
1791259530,2026-10-06T09:35:30,22611.75,22611.75,22607,22607.3
1791259545,2026-10-06T09:35:45,22607.4,22612.7,22606.1,22611.6
1791259560,2026-10-06T09:36:00,22611.65,22612.15,22606.2,22607.35
1791259575,2026-10-06T09:36:15,22607.6,22607.6,22603.2,22605.6
1791259590,2026-10-06T09:36:30,22606.1,22606.1,22602.85,22604.25
1791259605,2026-10-06T09:36:45,22604.35,22605.55,22601.85,22604.65
1791259620,2026-10-06T09:37:00,22604.35,22609,22602.8,22608.95
1791259635,2026-10-06T09:37:15,22608.9,22611.35,22608.35,22609.95
1791259650,2026-10-06T09:37:30,22610.05,22613.85,22609.4,22613.45
1791259665,2026-10-06T09:37:45,22613.2,22618.95,22613.15,22618.1
1791259680,2026-10-06T09:38:00,22617.7,22619.35,22615.85,22617
1791259695,2026-10-06T09:38:15,22617.1,22617.6,22613.4,22614.25
1791259710,2026-10-06T09:38:30,22614.25,22617.95,22614.25,22617.5
1791259725,2026-10-06T09:38:45,22617.5,22617.5,22613.55,22614.65
1791259740,2026-10-06T09:39:00,22614.65,22616.95,22612.35,22616.05
1791259755,2026-10-06T09:39:15,22615.7,22616.35,22613.5,22614.7
1791259770,2026-10-06T09:39:30,22614.65,22617.1,22614.3,22616.25
1791259785,2026-10-06T09:39:45,22615.6,22621.2,22615.35,22620.45
1791259800,2026-10-06T09:40:00,22620.2,22628.1,22620.2,22627.85
1791259815,2026-10-06T09:40:15,22627.45,22629.6,22626.4,22628.05
1791259830,2026-10-06T09:40:30,22627.8,22629.65,22627.7,22628.5
1791259845,2026-10-06T09:40:45,22628.65,22629.55,22625.95,22626.05
1791259860,2026-10-06T09:41:00,22626.25,22627.1,22624.9,22625.9
1791259875,2026-10-06T09:41:15,22625.95,22626.6,22623.65,22623.7
1791259890,2026-10-06T09:41:30,22623.65,22626.4,22621.95,22625
1791259905,2026-10-06T09:41:45,22624.85,22626.3,22623.05,22624.55
1791259920,2026-10-06T09:42:00,22624.8,22624.85,22621.6,22622.35
1791259935,2026-10-06T09:42:15,22622.35,22623.3,22614.3,22616.65
1791259950,2026-10-06T09:42:30,22616.55,22617,22614.1,22616.8
1791259965,2026-10-06T09:42:45,22616.7,22618.65,22615,22617.15
1791259980,2026-10-06T09:43:00,22617.3,22618.6,22615.55,22617.2
1791259995,2026-10-06T09:43:15,22616.95,22620.7,22615.1,22619.25
1791260010,2026-10-06T09:43:30,22619.3,22622.25,22619.15,22621.25
1791260025,2026-10-06T09:43:45,22621.25,22623,22620.5,22621.5
1791260040,2026-10-06T09:44:00,22621.5,22621.55,22616.35,22616.35
1791260055,2026-10-06T09:44:15,22616.2,22617,22613.2,22613.5
1791260070,2026-10-06T09:44:30,22614.35,22615.4,22611.4,22612.9
1791260085,2026-10-06T09:44:45,22612.75,22614.7,22610.35,22613.35
1791260100,2026-10-06T09:45:00,22612.7,22615.8,22611.75,22615.8
1791260115,2026-10-06T09:45:15,22615.85,22619.4,22614.9,22617.35
1791260130,2026-10-06T09:45:30,22617.55,22618.75,22616.05,22617.2
1791260145,2026-10-06T09:45:45,22617.05,22620.45,22616.85,22620.35
1791260160,2026-10-06T09:46:00,22620.2,22626.25,22619.7,22625.5
1791260175,2026-10-06T09:46:15,22625.2,22627.3,22623.75,22625.6
1791260190,2026-10-06T09:46:30,22625.95,22625.95,22621.95,22621.95
1791260205,2026-10-06T09:46:45,22622.2,22622.8,22620.05,22621.8
1791260220,2026-10-06T09:47:00,22621.85,22622.05,22618.75,22619.75
1791260235,2026-10-06T09:47:15,22619.4,22623,22618.85,22623
1791260250,2026-10-06T09:47:30,22623.4,22630.15,22622.85,22629.75
1791260265,2026-10-06T09:47:45,22629.65,22635.7,22629.5,22635.35
1791260280,2026-10-06T09:48:00,22634.5,22636.65,22633.25,22635.1
1791260295,2026-10-06T09:48:15,22634.95,22636.7,22631.7,22635.55
1791260310,2026-10-06T09:48:30,22635.1,22637.7,22633.55,22635.05
1791260325,2026-10-06T09:48:45,22635.35,22637.35,22634.05,22636.75
1791260340,2026-10-06T09:49:00,22636.7,22636.7,22629.75,22632.15
1791260355,2026-10-06T09:49:15,22632.95,22632.95,22630.35,22632.6
1791260370,2026-10-06T09:49:30,22632.45,22633.1,22630.75,22631.3
1791260385,2026-10-06T09:49:45,22632.05,22635.4,22630.75,22633.45
1791260400,2026-10-06T09:50:00,22633.15,22634.65,22631.75,22634
1791260415,2026-10-06T09:50:15,22633.9,22635.1,22632.45,22634.25
1791260430,2026-10-06T09:50:30,22634.4,22639.5,22633.95,22637.6
1791260445,2026-10-06T09:50:45,22637.5,22639.05,22635.8,22637.25
1791260460,2026-10-06T09:51:00,22636.25,22637.05,22633.8,22635
1791260475,2026-10-06T09:51:15,22635.05,22635.35,22630.75,22631.5
1791260490,2026-10-06T09:51:30,22630.45,22634.95,22630.45,22634.3
1791260505,2026-10-06T09:51:45,22634.65,22635.1,22630.2,22630.2
1791260520,2026-10-06T09:52:00,22630.1,22631.5,22624.6,22626.35
1791260535,2026-10-06T09:52:15,22626.75,22627,22623.6,22624.55
1791260550,2026-10-06T09:52:30,22624.45,22627.35,22623.45,22626.25
1791260565,2026-10-06T09:52:45,22625.85,22631.85,22625.85,22630.25
1791260580,2026-10-06T09:53:00,22630.25,22633.75,22629.65,22632.25
1791260595,2026-10-06T09:53:15,22631.9,22634.85,22631.9,22632.85
1791260610,2026-10-06T09:53:30,22632.6,22633.2,22626.5,22629.7
1791260625,2026-10-06T09:53:45,22630.45,22635.75,22629.9,22633.85
1791260640,2026-10-06T09:54:00,22633.3,22636.05,22632.65,22635.45
1791260655,2026-10-06T09:54:15,22635.4,22636.05,22634.2,22635.05
1791260670,2026-10-06T09:54:30,22634.9,22637.3,22633.75,22636.1
1791260685,2026-10-06T09:54:45,22635.9,22642.5,22635.75,22642.5
1791260700,2026-10-06T09:55:00,22642.5,22650.05,22642.1,22649.1
1791260715,2026-10-06T09:55:15,22649.15,22651.55,22648.65,22651
1791260730,2026-10-06T09:55:30,22651,22652.45,22650.15,22650.95
1791260745,2026-10-06T09:55:45,22651.05,22651.5,22648.25,22649.35
1791260760,2026-10-06T09:56:00,22649.45,22657.15,22649.05,22655.9
1791260775,2026-10-06T09:56:15,22656.6,22660.45,22656.35,22657.8
1791260790,2026-10-06T09:56:30,22657.35,22659.95,22656.55,22658.45
1791260805,2026-10-06T09:56:45,22658.05,22663.7,22658.05,22662.65
1791260820,2026-10-06T09:57:00,22662.9,22666.25,22661.3,22664.9
1791260835,2026-10-06T09:57:15,22665.05,22667.35,22664.1,22665.5
1791260850,2026-10-06T09:57:30,22665.4,22666.6,22663.25,22664.15
1791260865,2026-10-06T09:57:45,22663.8,22663.8,22661.45,22661.85
1791260880,2026-10-06T09:58:00,22662.05,22663.05,22660.7,22661.35
1791260895,2026-10-06T09:58:15,22660.8,22662.3,22659.2,22660.65
1791260910,2026-10-06T09:58:30,22660.75,22661.2,22658.65,22658.95
1791260925,2026-10-06T09:58:45,22658.95,22660.55,22656.8,22660.35
1791260940,2026-10-06T09:59:00,22660.2,22662.65,22659.4,22661.75
1791260955,2026-10-06T09:59:15,22661.5,22663.25,22659.4,22662.5
1791260970,2026-10-06T09:59:30,22662.45,22663.75,22660.05,22660.6
1791260985,2026-10-06T09:59:45,22660.55,22661.35,22656.85,22658.15
1791261000,2026-10-06T10:00:00,22658.1,22665.4,22658.1,22664.8
1791261015,2026-10-06T10:00:15,22664.5,22665.35,22662.15,22664.55
1791261030,2026-10-06T10:00:30,22664.65,22664.65,22661.1,22663.05
1791261045,2026-10-06T10:00:45,22663.6,22664.8,22660.2,22660.75
1791261060,2026-10-06T10:01:00,22660.7,22661.35,22655.7,22657.15
1791261075,2026-10-06T10:01:15,22656.6,22658.45,22653.95,22656.55
1791261090,2026-10-06T10:01:30,22656.9,22657.65,22654.55,22656.75
1791261105,2026-10-06T10:01:45,22656.25,22658.4,22654.7,22658.2
1791261120,2026-10-06T10:02:00,22658.2,22659.15,22657.05,22658.4
1791261135,2026-10-06T10:02:15,22658.15,22660.25,22657.4,22658.2
1791261150,2026-10-06T10:02:30,22658.15,22659.2,22651.2,22654.2
1791261165,2026-10-06T10:02:45,22654.5,22655.35,22653.05,22654.65
1791261180,2026-10-06T10:03:00,22654.45,22655.1,22652.9,22654.3
1791261195,2026-10-06T10:03:15,22654.35,22654.45,22651.6,22652.5
1791261210,2026-10-06T10:03:30,22652.5,22653.5,22650.95,22652.05
1791261225,2026-10-06T10:03:45,22652.2,22653.1,22647.7,22648.6
1791261240,2026-10-06T10:04:00,22648.2,22649.25,22645.65,22646.7
1791261255,2026-10-06T10:04:15,22646.65,22647.55,22645.45,22647.05
1791261270,2026-10-06T10:04:30,22646.85,22650.7,22646.65,22650
1791261285,2026-10-06T10:04:45,22650.05,22653,22649.6,22651.65
1791261300,2026-10-06T10:05:00,22651.65,22653.55,22651.1,22652.1
1791261315,2026-10-06T10:05:15,22652.1,22653.5,22650.85,22652.8
1791261330,2026-10-06T10:05:30,22653.15,22653.15,22649.85,22651
1791261345,2026-10-06T10:05:45,22650.55,22650.55,22645.45,22646.65
1791261360,2026-10-06T10:06:00,22646.6,22646.6,22643.35,22646.1
1791261375,2026-10-06T10:06:15,22645.9,22648,22644.4,22645.05
1791261390,2026-10-06T10:06:30,22645,22645,22640.5,22642.75
1791261405,2026-10-06T10:06:45,22642.7,22649.25,22642.7,22648.2
1791261420,2026-10-06T10:07:00,22648.65,22649.75,22647.7,22649.65
1791261435,2026-10-06T10:07:15,22649.55,22649.9,22648.4,22648.45
1791261450,2026-10-06T10:07:30,22648.4,22648.4,22638.85,22639.4
1791261465,2026-10-06T10:07:45,22639.3,22640.05,22636.15,22638
1791261480,2026-10-06T10:08:00,22637.6,22640.05,22634.85,22638.8
1791261495,2026-10-06T10:08:15,22638.45,22641.95,22638.45,22640.65
1791261510,2026-10-06T10:08:30,22640.45,22642.85,22639.75,22641.5
1791261525,2026-10-06T10:08:45,22641.55,22641.95,22636.2,22636.2
1791261540,2026-10-06T10:09:00,22636.55,22638.1,22631.9,22632.95
1791261555,2026-10-06T10:09:15,22632.95,22635.15,22626,22626.3
1791261570,2026-10-06T10:09:30,22626.5,22627.05,22622.4,22625.9
1791261585,2026-10-06T10:09:45,22625.85,22629.35,22625.45,22627.8
1791261600,2026-10-06T10:10:00,22627.35,22628.25,22625.65,22627.7
1791261615,2026-10-06T10:10:15,22627.25,22627.95,22616.2,22616.55
1791261630,2026-10-06T10:10:30,22616.55,22630,22616.2,22629.85
1791261645,2026-10-06T10:10:45,22629.7,22637.1,22629.7,22636.35
1791261660,2026-10-06T10:11:00,22636.25,22637.1,22632.8,22633.75
1791261675,2026-10-06T10:11:15,22633.95,22637.5,22633.05,22637.35
1791261690,2026-10-06T10:11:30,22637.05,22637.3,22634.3,22634.85
1791261705,2026-10-06T10:11:45,22634.7,22634.9,22630.95,22632.05
1791261720,2026-10-06T10:12:00,22632.1,22633.15,22631.7,22632.45
1791261735,2026-10-06T10:12:15,22632.4,22638.05,22632.4,22638
1791261750,2026-10-06T10:12:30,22638,22638.2,22635.65,22635.65
1791261765,2026-10-06T10:12:45,22636,22638.2,22635.2,22637.8
1791261780,2026-10-06T10:13:00,22637.55,22638.95,22636.65,22638.35
1791261795,2026-10-06T10:13:15,22638.4,22642.85,22638.05,22641.25
1791261810,2026-10-06T10:13:30,22641.2,22643.95,22640.25,22643.1
1791261825,2026-10-06T10:13:45,22643.35,22643.8,22641.5,22642.5
1791261840,2026-10-06T10:14:00,22642.6,22646.75,22641.45,22645.55
1791261855,2026-10-06T10:14:15,22645.9,22650.4,22645.9,22648.9
1791261870,2026-10-06T10:14:30,22648.75,22651.1,22648.05,22650.4
1791261885,2026-10-06T10:14:45,22650.65,22653,22648.9,22651.95
1791261900,2026-10-06T10:15:00,22652.35,22654.85,22651.25,22653.7
1791261915,2026-10-06T10:15:15,22653.9,22655.4,22652.8,22653.05
1791261930,2026-10-06T10:15:30,22653.6,22660.45,22653,22659.95
1791261945,2026-10-06T10:15:45,22659.35,22659.9,22657.2,22658.65
1791261960,2026-10-06T10:16:00,22658.65,22659.35,22655.7,22656.35
1791261975,2026-10-06T10:16:15,22656.35,22656.7,22652.55,22654.55
1791261990,2026-10-06T10:16:30,22654.3,22654.6,22652.15,22654.15
1791262005,2026-10-06T10:16:45,22654.15,22656.45,22653.15,22655.65
1791262020,2026-10-06T10:17:00,22655.9,22663.8,22654.85,22662.65
1791262035,2026-10-06T10:17:15,22663.2,22663.9,22660.8,22660.95
1791262050,2026-10-06T10:17:30,22661,22663.3,22660.4,22660.65
1791262065,2026-10-06T10:17:45,22660.5,22661.25,22656.4,22658.65
1791262080,2026-10-06T10:18:00,22658.9,22659.85,22657.1,22657.7
1791262095,2026-10-06T10:18:15,22658.2,22661.25,22657.35,22661.05
1791262110,2026-10-06T10:18:30,22660.55,22660.9,22656.85,22659.6
1791262125,2026-10-06T10:18:45,22659.2,22660.6,22658,22658.5
1791262140,2026-10-06T10:19:00,22658.7,22660.8,22658.2,22660.35
1791262155,2026-10-06T10:19:15,22659.7,22661.85,22655.05,22655.95
1791262170,2026-10-06T10:19:30,22656.55,22658.55,22651.15,22651.9
1791262185,2026-10-06T10:19:45,22652,22653.45,22645.25,22645.7
1791262200,2026-10-06T10:20:00,22646.25,22646.95,22642.5,22645.3
1791262215,2026-10-06T10:20:15,22645.4,22646.5,22641.05,22642.9
1791262230,2026-10-06T10:20:30,22642.95,22648.4,22642.95,22648.05
1791262245,2026-10-06T10:20:45,22648.05,22648.85,22643.7,22645.3
1791262260,2026-10-06T10:21:00,22645.3,22646.65,22644.6,22646.3
1791262275,2026-10-06T10:21:15,22645.45,22647,22644.6,22644.7
1791262290,2026-10-06T10:21:30,22644.3,22644.95,22642.55,22643.5
1791262305,2026-10-06T10:21:45,22643.35,22645.2,22641.55,22642.8
1791262320,2026-10-06T10:22:00,22643,22643.95,22640.3,22642.15
1791262335,2026-10-06T10:22:15,22641.9,22645.45,22641.35,22645
1791262350,2026-10-06T10:22:30,22644.95,22647.55,22643.05,22647.4
1791262365,2026-10-06T10:22:45,22647.4,22650.25,22647.4,22649.35
1791262380,2026-10-06T10:23:00,22648.85,22648.85,22643.35,22646.85
1791262395,2026-10-06T10:23:15,22646.85,22648.75,22646,22646.4
1791262410,2026-10-06T10:23:30,22646.6,22646.65,22642.9,22645.75
1791262425,2026-10-06T10:23:45,22646,22649.4,22645.25,22649.15
1791262440,2026-10-06T10:24:00,22649.15,22653.45,22648.9,22653.15
1791262455,2026-10-06T10:24:15,22653.05,22655,22651.75,22653.25
1791262470,2026-10-06T10:24:30,22653.7,22654.3,22651.3,22652.9
1791262485,2026-10-06T10:24:45,22652.85,22652.85,22649.05,22650
1791262500,2026-10-06T10:25:00,22650.1,22651.95,22648.55,22649.1
1791262515,2026-10-06T10:25:15,22649.9,22653.05,22649.35,22651.45
1791262530,2026-10-06T10:25:30,22651.1,22653.95,22651,22653.35
1791262545,2026-10-06T10:25:45,22653.35,22654.9,22651.8,22654.05
1791262560,2026-10-06T10:26:00,22653.85,22655.15,22652.15,22653.45
1791262575,2026-10-06T10:26:15,22653.3,22653.65,22650.7,22652.1
1791262590,2026-10-06T10:26:30,22651.95,22653.2,22649.95,22652.85
1791262605,2026-10-06T10:26:45,22652.75,22653.35,22649.45,22649.8
1791262620,2026-10-06T10:27:00,22649.25,22649.95,22644.9,22647.3
1791262635,2026-10-06T10:27:15,22647.1,22648.3,22644.35,22645.45
1791262650,2026-10-06T10:27:30,22645.7,22646.5,22644,22645.2
1791262665,2026-10-06T10:27:45,22645.15,22645.3,22641.25,22643.4
1791262680,2026-10-06T10:28:00,22643.5,22646.8,22641.75,22645.9
1791262695,2026-10-06T10:28:15,22645.9,22645.9,22642,22644.7
1791262710,2026-10-06T10:28:30,22644.55,22648.35,22644.4,22647.7
1791262725,2026-10-06T10:28:45,22647.7,22648.7,22646.55,22647.6
1791262740,2026-10-06T10:29:00,22647.45,22648.05,22644.9,22645.65
1791262755,2026-10-06T10:29:15,22646.25,22647.95,22645.9,22646.65
1791262770,2026-10-06T10:29:30,22646.6,22650.3,22646.6,22650.05
1791262785,2026-10-06T10:29:45,22650.05,22651.1,22646.4,22650.35
1791262800,2026-10-06T10:30:00,22650,22650.85,22648.8,22650.1
1791262815,2026-10-06T10:30:15,22650.1,22650.3,22648.2,22650.3
1791262830,2026-10-06T10:30:30,22650.25,22650.65,22648.5,22649.45
1791262845,2026-10-06T10:30:45,22649.3,22649.8,22647.4,22648.35
1791262860,2026-10-06T10:31:00,22648.2,22651.85,22647.8,22651.15
1791262875,2026-10-06T10:31:15,22651.1,22654.5,22650.9,22654.4
1791262890,2026-10-06T10:31:30,22654.25,22654.45,22653.05,22653.9
1791262905,2026-10-06T10:31:45,22654.05,22654.45,22650.6,22651
1791262920,2026-10-06T10:32:00,22650.75,22653.15,22650.45,22652.3
1791262935,2026-10-06T10:32:15,22652.5,22653.75,22650.75,22651.5
1791262950,2026-10-06T10:32:30,22651.35,22652,22643.9,22646.05
1791262965,2026-10-06T10:32:45,22645.75,22647.1,22644.05,22645.1
1791262980,2026-10-06T10:33:00,22645,22646.85,22644.4,22645.75
1791262995,2026-10-06T10:33:15,22646.6,22650.45,22646.25,22650.1
1791263010,2026-10-06T10:33:30,22649.5,22652.5,22649.25,22651.7
1791263025,2026-10-06T10:33:45,22651.4,22653.1,22650.95,22652.1
1791263040,2026-10-06T10:34:00,22652.4,22657.15,22652.15,22656.65
1791263055,2026-10-06T10:34:15,22656.75,22660.4,22656.75,22659.15
1791263070,2026-10-06T10:34:30,22658.75,22662.65,22658.65,22662.05
1791263085,2026-10-06T10:34:45,22662.05,22662.05,22658.95,22659.6
1791263100,2026-10-06T10:35:00,22659.1,22659.8,22656.15,22659.7
1791263115,2026-10-06T10:35:15,22659.7,22660.85,22658.35,22659.75
1791263130,2026-10-06T10:35:30,22659.75,22662.4,22659.75,22662.2
1791263145,2026-10-06T10:35:45,22662.1,22664.35,22662.1,22663.7
1791263160,2026-10-06T10:36:00,22663.65,22663.65,22660.45,22661.05
1791263175,2026-10-06T10:36:15,22661,22661.55,22658.1,22658.85
1791263190,2026-10-06T10:36:30,22658.85,22663.65,22658.85,22663
1791263205,2026-10-06T10:36:45,22663,22665.4,22662.1,22663.95
1791263220,2026-10-06T10:37:00,22664.15,22665.8,22663.05,22665.25
1791263235,2026-10-06T10:37:15,22665.3,22667.9,22664.45,22666.5
1791263250,2026-10-06T10:37:30,22666.7,22669.35,22666.1,22669.3
1791263265,2026-10-06T10:37:45,22669,22670.55,22667.45,22668.65
1791263280,2026-10-06T10:38:00,22668.35,22671.35,22668.35,22669.85
1791263295,2026-10-06T10:38:15,22670,22670.75,22667.95,22668.25
1791263310,2026-10-06T10:38:30,22669.05,22671,22668,22669.5
1791263325,2026-10-06T10:38:45,22669.5,22670.7,22668.1,22668.1
1791263340,2026-10-06T10:39:00,22668.4,22672.05,22668.05,22671.6
1791263355,2026-10-06T10:39:15,22671.45,22671.55,22668.95,22670.05
1791263370,2026-10-06T10:39:30,22670.15,22671.7,22669.8,22671.35
1791263385,2026-10-06T10:39:45,22671.25,22672.15,22670.3,22670.3
1791263400,2026-10-06T10:40:00,22670.95,22672.35,22669.85,22670.85
1791263415,2026-10-06T10:40:15,22670.95,22671.15,22662.85,22663.5
1791263430,2026-10-06T10:40:30,22663.5,22665.1,22662.3,22663.9
1791263445,2026-10-06T10:40:45,22663.9,22666.45,22663.55,22665.05
1791263460,2026-10-06T10:41:00,22665.15,22665.2,22661.75,22664.05
1791263475,2026-10-06T10:41:15,22664.1,22664.45,22662.1,22663.5
1791263490,2026-10-06T10:41:30,22663.45,22664.75,22662.15,22664.35
1791263505,2026-10-06T10:41:45,22664.45,22667.15,22664.4,22666.2
1791263520,2026-10-06T10:42:00,22666.4,22669.2,22666.05,22668.6
1791263535,2026-10-06T10:42:15,22668.9,22669.4,22666.15,22668.75
1791263550,2026-10-06T10:42:30,22669.05,22669.7,22667.55,22669.2
1791263565,2026-10-06T10:42:45,22669.4,22670.75,22667.5,22669.45
1791263580,2026-10-06T10:43:00,22669.75,22671.8,22668.8,22668.95
1791263595,2026-10-06T10:43:15,22669.5,22671.15,22667.5,22668.95
1791263610,2026-10-06T10:43:30,22669.15,22670.65,22668.35,22670.35
1791263625,2026-10-06T10:43:45,22670.05,22675.55,22670.05,22674.05
1791263640,2026-10-06T10:44:00,22674.15,22674.4,22670.15,22670.55
1791263655,2026-10-06T10:44:15,22670.4,22673.4,22669.15,22672.5
1791263670,2026-10-06T10:44:30,22672.7,22675.65,22672.7,22674.85
1791263685,2026-10-06T10:44:45,22675.15,22677.95,22674.25,22675.55
1791263700,2026-10-06T10:45:00,22675.65,22677.1,22673.8,22676.95
1791263715,2026-10-06T10:45:15,22676.85,22676.85,22669.9,22670.45
1791263730,2026-10-06T10:45:30,22670.45,22671.65,22665.9,22668.9
1791263745,2026-10-06T10:45:45,22669,22671.2,22666.55,22668.3
1791263760,2026-10-06T10:46:00,22668.4,22671.3,22667.8,22670.9
1791263775,2026-10-06T10:46:15,22670.95,22671.75,22668.05,22669.2
1791263790,2026-10-06T10:46:30,22669.15,22669.5,22665,22666.55
1791263805,2026-10-06T10:46:45,22666.6,22667.85,22664.75,22666.05
1791263820,2026-10-06T10:47:00,22665.9,22667.65,22661.45,22661.45
1791263835,2026-10-06T10:47:15,22661.4,22665.3,22658.8,22664.25
1791263850,2026-10-06T10:47:30,22664.3,22665.35,22663,22664.25
1791263865,2026-10-06T10:47:45,22664.55,22665.8,22663.35,22664.8
1791263880,2026-10-06T10:48:00,22664.65,22667.1,22664.65,22666.35
1791263895,2026-10-06T10:48:15,22666.4,22668.7,22664.6,22667.85
1791263910,2026-10-06T10:48:30,22668.1,22669.2,22666.1,22668.95
1791263925,2026-10-06T10:48:45,22668.95,22669.55,22666.85,22666.9
1791263940,2026-10-06T10:49:00,22667,22670.35,22666.75,22669.65
1791263955,2026-10-06T10:49:15,22669.55,22671.15,22667.9,22669.9
1791263970,2026-10-06T10:49:30,22669.65,22671.4,22666.1,22668.65
1791263985,2026-10-06T10:49:45,22669.05,22671.35,22666.45,22670.4
1791264000,2026-10-06T10:50:00,22670.3,22671.6,22667.6,22671.5
1791264015,2026-10-06T10:50:15,22670.2,22670.75,22667.75,22667.9
1791264030,2026-10-06T10:50:30,22667.9,22668.75,22665.05,22665.4
1791264045,2026-10-06T10:50:45,22665.55,22665.85,22663.9,22664.45
1791264060,2026-10-06T10:51:00,22664.55,22665.25,22662.85,22664.15
1791264075,2026-10-06T10:51:15,22663.3,22665.7,22663.3,22664.2
1791264090,2026-10-06T10:51:30,22664.2,22666.55,22663.5,22663.8
1791264105,2026-10-06T10:51:45,22663.45,22665.25,22662.05,22663.5
1791264120,2026-10-06T10:52:00,22663.55,22663.55,22659.2,22659.9
1791264135,2026-10-06T10:52:15,22660.1,22661.6,22659.15,22661.35
1791264150,2026-10-06T10:52:30,22661.4,22663.85,22659.6,22663.35
1791264165,2026-10-06T10:52:45,22663.05,22667.9,22663.05,22666.6
1791264180,2026-10-06T10:53:00,22666.45,22667.25,22663.15,22664.95
1791264195,2026-10-06T10:53:15,22664.8,22669.05,22664.8,22667.4
1791264210,2026-10-06T10:53:30,22667.9,22668.75,22666.3,22666.5
1791264225,2026-10-06T10:53:45,22666.1,22666.75,22661.4,22661.95
1791264240,2026-10-06T10:54:00,22661.9,22662.3,22659.65,22660.55
1791264255,2026-10-06T10:54:15,22660.5,22663.4,22660.35,22662.45
1791264270,2026-10-06T10:54:30,22662.7,22663.95,22661.45,22662.9
1791264285,2026-10-06T10:54:45,22662.75,22664.5,22661,22662.9
1791264300,2026-10-06T10:55:00,22662.9,22665.25,22661.4,22664.45
1791264315,2026-10-06T10:55:15,22664.7,22667,22662,22664.15
1791264330,2026-10-06T10:55:30,22664.35,22666.2,22662.45,22663.55
1791264345,2026-10-06T10:55:45,22663.8,22665.65,22661.95,22662.9
1791264360,2026-10-06T10:56:00,22662.9,22665.7,22661.75,22664.05
1791264375,2026-10-06T10:56:15,22664.95,22665.35,22661.65,22663.7
1791264390,2026-10-06T10:56:30,22663.75,22664.5,22661.85,22663.7
1791264405,2026-10-06T10:56:45,22663.3,22663.3,22657.85,22659.3
1791264420,2026-10-06T10:57:00,22659.05,22659.65,22655.55,22657.5
1791264435,2026-10-06T10:57:15,22659.9,22659.9,22654.4,22655.2
1791264450,2026-10-06T10:57:30,22655.25,22657.55,22653.9,22656.55
1791264465,2026-10-06T10:57:45,22656.05,22658.25,22654.65,22656.7
1791264480,2026-10-06T10:58:00,22656.6,22659.1,22656.6,22658.45
1791264495,2026-10-06T10:58:15,22658.4,22658.6,22656,22657.2
1791264510,2026-10-06T10:58:30,22657.85,22658.1,22652.4,22654.45
1791264525,2026-10-06T10:58:45,22654.5,22654.5,22651.4,22652.85
1791264540,2026-10-06T10:59:00,22652.8,22656.05,22652.4,22655.25
1791264555,2026-10-06T10:59:15,22655.4,22657.1,22655,22656.45
1791264570,2026-10-06T10:59:30,22656.2,22660,22656.05,22658.9
1791264585,2026-10-06T10:59:45,22659.25,22662.2,22659.05,22661.2
1791264600,2026-10-06T11:00:00,22661.1,22668.1,22661.1,22666.65
1791264615,2026-10-06T11:00:15,22666.95,22668.6,22664.05,22664.1
1791264630,2026-10-06T11:00:30,22663.85,22665.4,22662.65,22663.05
1791264645,2026-10-06T11:00:45,22663.05,22663.55,22660.6,22662
1791264660,2026-10-06T11:01:00,22662,22663.1,22659.3,22662.8
1791264675,2026-10-06T11:01:15,22662.6,22667.6,22660.75,22666.15
1791264690,2026-10-06T11:01:30,22668,22668.45,22665.95,22667.45
1791264705,2026-10-06T11:01:45,22667.35,22669,22666.35,22667.75
1791264720,2026-10-06T11:02:00,22667.55,22670.8,22664.1,22668.8
1791264735,2026-10-06T11:02:15,22667.95,22669.95,22666.2,22668.75
1791264750,2026-10-06T11:02:30,22668.15,22672.1,22668.15,22671
1791264765,2026-10-06T11:02:45,22671.3,22672.4,22668.9,22672.4
1791264780,2026-10-06T11:03:00,22672.3,22676.15,22671.95,22675.3
1791264795,2026-10-06T11:03:15,22675.15,22677.7,22674.3,22676.35
1791264810,2026-10-06T11:03:30,22675.9,22676.8,22672.85,22672.85
1791264825,2026-10-06T11:03:45,22674.05,22674.45,22670.3,22673.45
1791264840,2026-10-06T11:04:00,22673.6,22676.4,22671.9,22674.95
1791264855,2026-10-06T11:04:15,22675.15,22676.5,22673.25,22675
1791264870,2026-10-06T11:04:30,22675,22676,22673.95,22676
1791264885,2026-10-06T11:04:45,22676,22678.8,22674.35,22677.1
1791264900,2026-10-06T11:05:00,22677.1,22679.6,22676.65,22678.35
1791264915,2026-10-06T11:05:15,22678.7,22688.15,22677.35,22687.45
1791264930,2026-10-06T11:05:30,22687.65,22689.65,22686.25,22687.7
1791264945,2026-10-06T11:05:45,22687.8,22690.6,22684.95,22689.25
1791264960,2026-10-06T11:06:00,22689.15,22692.85,22688.8,22690.7
1791264975,2026-10-06T11:06:15,22691.05,22692.35,22689.35,22690.65
1791264990,2026-10-06T11:06:30,22690.6,22692.1,22686.65,22687.6
1791265005,2026-10-06T11:06:45,22688.05,22688.15,22682.8,22686
1791265020,2026-10-06T11:07:00,22686.6,22686.7,22683.45,22685.2
1791265035,2026-10-06T11:07:15,22685.15,22685.75,22681.35,22681.4
1791265050,2026-10-06T11:07:30,22682.25,22682.8,22679.8,22682.2
1791265065,2026-10-06T11:07:45,22682.15,22682.25,22678.7,22678.9
1791265080,2026-10-06T11:08:00,22678.95,22679.4,22675.5,22676.85
1791265095,2026-10-06T11:08:15,22676.95,22681.55,22676.8,22679.1
1791265110,2026-10-06T11:08:30,22679.05,22683.45,22678.1,22682.55
1791265125,2026-10-06T11:08:45,22682.55,22683.95,22681.25,22682.2
1791265140,2026-10-06T11:09:00,22681.65,22683.25,22679.9,22682.9
1791265155,2026-10-06T11:09:15,22683.05,22685,22680.95,22684.25
1791265170,2026-10-06T11:09:30,22683.75,22685.3,22683.2,22685
1791265185,2026-10-06T11:09:45,22684.95,22685.4,22681.25,22682.95
1791265200,2026-10-06T11:10:00,22682.65,22685.55,22680.95,22683.65
1791265215,2026-10-06T11:10:15,22683.45,22684.2,22678.55,22678.55
1791265230,2026-10-06T11:10:30,22679.2,22682.45,22679.2,22681.75
1791265245,2026-10-06T11:10:45,22681.3,22684.85,22680.9,22683.75
1791265260,2026-10-06T11:11:00,22683.85,22685.7,22682.25,22685.55
1791265275,2026-10-06T11:11:15,22685.45,22685.45,22680.65,22682.6
1791265290,2026-10-06T11:11:30,22682.8,22683.85,22681.15,22683.2
1791265305,2026-10-06T11:11:45,22683.25,22683.8,22680.5,22681.7
1791265320,2026-10-06T11:12:00,22681.8,22682.4,22680,22681.8
1791265335,2026-10-06T11:12:15,22681.7,22684.15,22681.35,22683.35
1791265350,2026-10-06T11:12:30,22683.6,22683.6,22680.85,22682.05
1791265365,2026-10-06T11:12:45,22682,22682,22676.45,22677.95
1791265380,2026-10-06T11:13:00,22678.1,22678.2,22672.65,22674.45
1791265395,2026-10-06T11:13:15,22674.65,22674.65,22670.65,22673.85
1791265410,2026-10-06T11:13:30,22674.1,22679.85,22673.65,22679.1
1791265425,2026-10-06T11:13:45,22679.15,22681.9,22678.4,22681.25
1791265440,2026-10-06T11:14:00,22681.2,22682.45,22680.5,22681.2
1791265455,2026-10-06T11:14:15,22681.25,22681.55,22678.5,22679.75
1791265470,2026-10-06T11:14:30,22679.8,22680.7,22676.75,22678.45
1791265485,2026-10-06T11:14:45,22678.7,22679,22676.8,22678
1791265500,2026-10-06T11:15:00,22678.95,22683.45,22678.7,22683.05
1791265515,2026-10-06T11:15:15,22683.4,22685.9,22682.6,22684.5
1791265530,2026-10-06T11:15:30,22684.45,22686,22683.85,22685.2
1791265545,2026-10-06T11:15:45,22685.35,22685.45,22683.05,22684.25
1791265560,2026-10-06T11:16:00,22684.15,22684.95,22681.9,22682.95
1791265575,2026-10-06T11:16:15,22682.55,22682.9,22678.35,22678.8
1791265590,2026-10-06T11:16:30,22678.55,22679.7,22676.45,22677.25
1791265605,2026-10-06T11:16:45,22677.6,22678.35,22674.9,22676.35
1791265620,2026-10-06T11:17:00,22676.3,22680.25,22676.2,22679.55
1791265635,2026-10-06T11:17:15,22679.5,22679.9,22678.2,22679.75
1791265650,2026-10-06T11:17:30,22679.85,22682.9,22678.8,22681.7
1791265665,2026-10-06T11:17:45,22681.5,22682.1,22678.5,22679.85
1791265680,2026-10-06T11:18:00,22680.25,22680.25,22678,22679.3
1791265695,2026-10-06T11:18:15,22679.4,22681.45,22678.2,22681.2
1791265710,2026-10-06T11:18:30,22680.95,22684.2,22680.9,22682.55
1791265725,2026-10-06T11:18:45,22682.6,22684.9,22680.6,22683.15
1791265740,2026-10-06T11:19:00,22683.1,22686.85,22683.1,22685.7
1791265755,2026-10-06T11:19:15,22685.75,22686.85,22684.7,22685.35
1791265770,2026-10-06T11:19:30,22685.4,22687.35,22684.5,22686.4
1791265785,2026-10-06T11:19:45,22686.35,22686.65,22683.95,22684.75
1791265800,2026-10-06T11:20:00,22685.05,22688.7,22685.05,22688.45
1791265815,2026-10-06T11:20:15,22688.9,22690,22687.85,22688.25
1791265830,2026-10-06T11:20:30,22688.75,22689.1,22685.65,22686.4
1791265845,2026-10-06T11:20:45,22686.4,22686.4,22682.8,22683.45
1791265860,2026-10-06T11:21:00,22683.65,22683.65,22679.7,22681
1791265875,2026-10-06T11:21:15,22680.85,22681.8,22679.45,22680.15
1791265890,2026-10-06T11:21:30,22680.25,22681.95,22679.55,22681.8
1791265905,2026-10-06T11:21:45,22681.9,22682.45,22680.15,22681
1791265920,2026-10-06T11:22:00,22681.2,22681.35,22678.65,22678.65
1791265935,2026-10-06T11:22:15,22678.8,22680.15,22677.6,22678.35
1791265950,2026-10-06T11:22:30,22678.2,22679.35,22676.65,22677.45
1791265965,2026-10-06T11:22:45,22677.45,22678.85,22676,22676.25
1791265980,2026-10-06T11:23:00,22676.4,22677.25,22674.5,22675.9
1791265995,2026-10-06T11:23:15,22675.85,22678.05,22674.65,22677.55
1791266010,2026-10-06T11:23:30,22677.5,22677.75,22675.9,22676.4
1791266025,2026-10-06T11:23:45,22676.6,22677.25,22674.75,22676
1791266040,2026-10-06T11:24:00,22675.95,22677.15,22674.8,22675.8
1791266055,2026-10-06T11:24:15,22675.8,22678.15,22674.9,22677.3
1791266070,2026-10-06T11:24:30,22677.6,22679.75,22676.45,22678.5
1791266085,2026-10-06T11:24:45,22678.6,22679.95,22677.25,22678.2
1791266100,2026-10-06T11:25:00,22678.2,22678.9,22675.4,22677.05
1791266115,2026-10-06T11:25:15,22677,22677.55,22672.3,22676.2
1791266130,2026-10-06T11:25:30,22676.2,22678.7,22671.7,22678.7
1791266145,2026-10-06T11:25:45,22678.85,22679.85,22677.3,22679.1
1791266160,2026-10-06T11:26:00,22679.25,22679.6,22674.85,22677.55
1791266175,2026-10-06T11:26:15,22677.55,22677.55,22673.8,22674.4
1791266190,2026-10-06T11:26:30,22674.6,22677.45,22674.6,22677
1791266205,2026-10-06T11:26:45,22677.05,22678.55,22675.05,22677.6
1791266220,2026-10-06T11:27:00,22677.7,22677.9,22675.55,22676.4
1791266235,2026-10-06T11:27:15,22676.8,22677.55,22675.65,22675.95
1791266250,2026-10-06T11:27:30,22675.95,22677.6,22675.1,22676.95
1791266265,2026-10-06T11:27:45,22677.3,22678.6,22676,22676
1791266280,2026-10-06T11:28:00,22676.15,22678.8,22676.05,22677.9
1791266295,2026-10-06T11:28:15,22677.8,22682.4,22677.8,22680.55
1791266310,2026-10-06T11:28:30,22680.5,22681.35,22677.9,22680.95
1791266325,2026-10-06T11:28:45,22680.95,22681.6,22678.35,22679.25
1791266340,2026-10-06T11:29:00,22679.35,22680.5,22672.35,22672.95
1791266355,2026-10-06T11:29:15,22672.95,22676.05,22672.85,22673.7
1791266370,2026-10-06T11:29:30,22673.8,22675.9,22673.8,22674.85
1791266385,2026-10-06T11:29:45,22674.8,22676.35,22673.05,22675.3
1791266400,2026-10-06T11:30:00,22675.15,22675.9,22673.75,22674.3
1791266415,2026-10-06T11:30:15,22674.5,22676.55,22674.5,22676
1791266430,2026-10-06T11:30:30,22675.7,22676.05,22673.95,22675.35
1791266445,2026-10-06T11:30:45,22675.25,22676.05,22673.6,22674.95
1791266460,2026-10-06T11:31:00,22675.6,22676.1,22674.25,22674.35
1791266475,2026-10-06T11:31:15,22674.4,22675.35,22673.1,22674.65
1791266490,2026-10-06T11:31:30,22674.75,22675.1,22672.8,22673.3
1791266505,2026-10-06T11:31:45,22673.6,22674.55,22671.9,22673.25
1791266520,2026-10-06T11:32:00,22673.3,22673.45,22670.85,22671.55
1791266535,2026-10-06T11:32:15,22671.75,22672.15,22670.85,22671.15
1791266550,2026-10-06T11:32:30,22671.15,22672.7,22670.15,22672.4
1791266565,2026-10-06T11:32:45,22672.4,22673.55,22670.75,22672.7
1791266580,2026-10-06T11:33:00,22672.3,22675.5,22672.2,22674.25
1791266595,2026-10-06T11:33:15,22673.95,22675.5,22673.4,22675.3
1791266610,2026-10-06T11:33:30,22675,22675.9,22673.4,22674.8
1791266625,2026-10-06T11:33:45,22675.05,22675.05,22671.8,22672.9
1791266640,2026-10-06T11:34:00,22673,22675.05,22672.5,22674.25
1791266655,2026-10-06T11:34:15,22674.35,22677.6,22673.85,22676.95
1791266670,2026-10-06T11:34:30,22677.25,22679.45,22677.05,22678.9
1791266685,2026-10-06T11:34:45,22678.9,22679.45,22677.6,22678.75
1791266700,2026-10-06T11:35:00,22678.85,22678.85,22675.5,22675.5
1791266715,2026-10-06T11:35:15,22675.75,22678.05,22674.3,22677
1791266730,2026-10-06T11:35:30,22676.45,22678.25,22673.5,22673.55
1791266745,2026-10-06T11:35:45,22673.55,22674.4,22670.5,22671.5
1791266760,2026-10-06T11:36:00,22671.95,22672.2,22668,22669.25
1791266775,2026-10-06T11:36:15,22669.45,22673.35,22669.45,22670.85
1791266790,2026-10-06T11:36:30,22671.4,22673.3,22669.9,22672.15
1791266805,2026-10-06T11:36:45,22672.45,22674.1,22671.1,22672.75
1791266820,2026-10-06T11:37:00,22672.4,22673.65,22671.45,22672.3
1791266835,2026-10-06T11:37:15,22672.7,22673.25,22669.7,22671.85
1791266850,2026-10-06T11:37:30,22672.1,22677.5,22671.2,22677.05
1791266865,2026-10-06T11:37:45,22677.2,22678.75,22675.25,22678.45
1791266880,2026-10-06T11:38:00,22678.55,22681.05,22678.4,22680.55
1791266895,2026-10-06T11:38:15,22680.55,22682.55,22679.6,22681.4
1791266910,2026-10-06T11:38:30,22681.5,22682.45,22680.25,22681.45
1791266925,2026-10-06T11:38:45,22681.55,22681.95,22678.1,22680.15
1791266940,2026-10-06T11:39:00,22680.2,22681.3,22678.3,22679.6
1791266955,2026-10-06T11:39:15,22679.55,22680.9,22677.75,22680.8
1791266970,2026-10-06T11:39:30,22680.85,22682.35,22679.95,22682.2
1791266985,2026-10-06T11:39:45,22682.4,22682.6,22679.1,22681.2
1791267000,2026-10-06T11:40:00,22681.55,22682.75,22679.65,22681.95
1791267015,2026-10-06T11:40:15,22682.05,22682.95,22680.45,22680.9
1791267030,2026-10-06T11:40:30,22680.65,22681.75,22680.05,22680.9
1791267045,2026-10-06T11:40:45,22681,22682.9,22680.4,22682.2
1791267060,2026-10-06T11:41:00,22682.35,22682.65,22680.6,22681
1791267075,2026-10-06T11:41:15,22681.2,22685.4,22680.7,22684.3
1791267090,2026-10-06T11:41:30,22684.5,22685,22683.2,22683.2
1791267105,2026-10-06T11:41:45,22683.7,22684.35,22679.95,22680.25
1791267120,2026-10-06T11:42:00,22680.25,22680.25,22677.65,22677.65
1791267135,2026-10-06T11:42:15,22678.35,22681.55,22677.95,22680.8
1791267150,2026-10-06T11:42:30,22680.75,22683.5,22680,22682.9
1791267165,2026-10-06T11:42:45,22683.05,22683.55,22681.3,22683
1791267180,2026-10-06T11:43:00,22683.05,22683.8,22681,22682.45
1791267195,2026-10-06T11:43:15,22682.45,22684.45,22681.35,22683.7
1791267210,2026-10-06T11:43:30,22683.85,22686.15,22682.85,22685.15
1791267225,2026-10-06T11:43:45,22685.45,22685.75,22683.75,22684.35
1791267240,2026-10-06T11:44:00,22684.35,22684.95,22682.55,22683.85
1791267255,2026-10-06T11:44:15,22684.4,22688.5,22684.35,22688.1
1791267270,2026-10-06T11:44:30,22688.45,22692,22687.4,22691.9
1791267285,2026-10-06T11:44:45,22691.65,22691.65,22688.8,22689.8
1791267300,2026-10-06T11:45:00,22689.8,22692.35,22687.2,22691.85
1791267315,2026-10-06T11:45:15,22691.8,22696.05,22691.8,22695
1791267330,2026-10-06T11:45:30,22694.75,22697.65,22694.25,22696.8
1791267345,2026-10-06T11:45:45,22696.8,22698.95,22696.1,22696.8
1791267360,2026-10-06T11:46:00,22696.8,22697.35,22693.15,22694.45
1791267375,2026-10-06T11:46:15,22694.85,22694.95,22692.3,22693.45
1791267390,2026-10-06T11:46:30,22693.55,22694.55,22692.15,22694.3
1791267405,2026-10-06T11:46:45,22694.35,22695.6,22694,22694.15
1791267420,2026-10-06T11:47:00,22694.3,22697.55,22693.2,22696.3
1791267435,2026-10-06T11:47:15,22696.35,22697.25,22695.35,22696.35
1791267450,2026-10-06T11:47:30,22696.05,22696.7,22694.4,22695.45
1791267465,2026-10-06T11:47:45,22695.85,22696.5,22693.8,22694.5
1791267480,2026-10-06T11:48:00,22694.7,22697.1,22694.4,22695.45
1791267495,2026-10-06T11:48:15,22696,22696.8,22694.1,22696.35
1791267510,2026-10-06T11:48:30,22696.35,22697.1,22695.5,22696
1791267525,2026-10-06T11:48:45,22695.8,22698.05,22695.8,22697.85
1791267540,2026-10-06T11:49:00,22698,22698.6,22696.65,22697.45
1791267555,2026-10-06T11:49:15,22697.3,22699.4,22697.1,22698.5
1791267570,2026-10-06T11:49:30,22698.15,22700.7,22698.15,22699.75
1791267585,2026-10-06T11:49:45,22699.75,22700.2,22697.95,22699.5
1791267600,2026-10-06T11:50:00,22699.15,22699.15,22694.1,22694.3
1791267615,2026-10-06T11:50:15,22694,22694,22691.6,22691.6
1791267630,2026-10-06T11:50:30,22691.95,22692.75,22687.85,22688.3
1791267645,2026-10-06T11:50:45,22687.55,22688.85,22685.45,22686
1791267660,2026-10-06T11:51:00,22686.4,22686.55,22683.85,22684.5
1791267675,2026-10-06T11:51:15,22684.5,22685.45,22682.15,22682.2
1791267690,2026-10-06T11:51:30,22682.1,22683.45,22677.6,22678.4
1791267705,2026-10-06T11:51:45,22678.15,22682.1,22678.15,22681.25
1791267720,2026-10-06T11:52:00,22681.2,22683.4,22680.15,22682.2
1791267735,2026-10-06T11:52:15,22682.15,22682.55,22678.45,22678.75
1791267750,2026-10-06T11:52:30,22678.65,22679.2,22676.65,22677.45
1791267765,2026-10-06T11:52:45,22677.6,22678.75,22675.85,22677.8
1791267780,2026-10-06T11:53:00,22677.8,22678.4,22676.1,22676.75
1791267795,2026-10-06T11:53:15,22676.8,22680.6,22676.6,22680.05
1791267810,2026-10-06T11:53:30,22680.1,22685.25,22680.1,22684.65
1791267825,2026-10-06T11:53:45,22684.9,22686.95,22684.35,22686.05
1791267840,2026-10-06T11:54:00,22686.1,22687.4,22684.8,22687.4
1791267855,2026-10-06T11:54:15,22686.85,22688.65,22685.65,22686.75
1791267870,2026-10-06T11:54:30,22686.75,22687.1,22683.95,22684.3
1791267885,2026-10-06T11:54:45,22684.15,22685,22680.1,22680.6
1791267900,2026-10-06T11:55:00,22680.85,22680.85,22677.8,22678.85
1791267915,2026-10-06T11:55:15,22678.7,22679.65,22677.45,22679.05
1791267930,2026-10-06T11:55:30,22679.05,22680.65,22678,22678.9
1791267945,2026-10-06T11:55:45,22678.95,22680.7,22678.95,22679.15
1791267960,2026-10-06T11:56:00,22679.15,22682.8,22679.1,22682.2
1791267975,2026-10-06T11:56:15,22682.2,22685.65,22682.05,22685.1
1791267990,2026-10-06T11:56:30,22685.15,22685.75,22683.75,22685.6
1791268005,2026-10-06T11:56:45,22685.6,22686.4,22684.2,22684.55
1791268020,2026-10-06T11:57:00,22684.4,22686.85,22684.15,22685.2
1791268035,2026-10-06T11:57:15,22685.35,22686,22683.7,22684.9
1791268050,2026-10-06T11:57:30,22684.9,22685.9,22684.2,22684.95
1791268065,2026-10-06T11:57:45,22684.9,22685.25,22683.65,22684.6
1791268080,2026-10-06T11:58:00,22684.55,22685.6,22683.15,22684.85
1791268095,2026-10-06T11:58:15,22684.8,22686.7,22684.3,22685.15
1791268110,2026-10-06T11:58:30,22685.35,22686.3,22683.4,22684.65
1791268125,2026-10-06T11:58:45,22684.7,22685.7,22681.8,22683.3
1791268140,2026-10-06T11:59:00,22683.2,22685.05,22682.15,22684.75
1791268155,2026-10-06T11:59:15,22685.05,22685.45,22683.65,22684.6
1791268170,2026-10-06T11:59:30,22684.5,22685.9,22683.05,22684.6
1791268185,2026-10-06T11:59:45,22684.4,22687.65,22684.4,22686.45
1791268200,2026-10-06T12:00:00,22686.5,22687.1,22684.9,22685.7
1791268215,2026-10-06T12:00:15,22685.6,22686,22681.5,22682.25
1791268230,2026-10-06T12:00:30,22682.3,22683.5,22680.75,22680.75
1791268245,2026-10-06T12:00:45,22680.9,22683.05,22679.9,22681.9
1791268260,2026-10-06T12:01:00,22682.05,22685.85,22682.05,22684.45
1791268275,2026-10-06T12:01:15,22684.95,22687.4,22683.65,22686.5
1791268290,2026-10-06T12:01:30,22686.45,22692.5,22685.85,22692.5
1791268305,2026-10-06T12:01:45,22691.9,22695.8,22691.25,22694.6
1791268320,2026-10-06T12:02:00,22694.65,22697.1,22693.65,22696.35
1791268335,2026-10-06T12:02:15,22696.6,22696.65,22690.9,22692.55
1791268350,2026-10-06T12:02:30,22692.4,22693.1,22690.3,22692.8
1791268365,2026-10-06T12:02:45,22692.8,22693.6,22690.3,22692.5
1791268380,2026-10-06T12:03:00,22692.35,22693.2,22689.15,22690.75
1791268395,2026-10-06T12:03:15,22690.95,22693.4,22689.45,22691.55
1791268410,2026-10-06T12:03:30,22691.6,22692.65,22688.8,22691.25
1791268425,2026-10-06T12:03:45,22691.35,22692.1,22688.3,22689.6
1791268440,2026-10-06T12:04:00,22689.65,22692.3,22689.65,22691.25
1791268455,2026-10-06T12:04:15,22691.2,22693.4,22690.95,22693.4
1791268470,2026-10-06T12:04:30,22693.4,22695.1,22691.7,22693.35
1791268485,2026-10-06T12:04:45,22693.3,22697.4,22692.9,22695.75
1791268500,2026-10-06T12:05:00,22695.65,22699.25,22694.95,22698.1
1791268515,2026-10-06T12:05:15,22698.2,22699.6,22696.7,22698.75
1791268530,2026-10-06T12:05:30,22698.8,22699.5,22696.75,22698.6
1791268545,2026-10-06T12:05:45,22698.45,22699,22691.7,22691.8
1791268560,2026-10-06T12:06:00,22691.65,22693.7,22689.25,22690.6
1791268575,2026-10-06T12:06:15,22690.55,22690.65,22685.2,22686.45
1791268590,2026-10-06T12:06:30,22686.45,22686.8,22680.1,22680.1
1791268605,2026-10-06T12:06:45,22680.15,22682.65,22678.35,22679.4
1791268620,2026-10-06T12:07:00,22679.35,22680.3,22677.65,22678.15
1791268635,2026-10-06T12:07:15,22678.25,22681.25,22677.6,22680.55
1791268650,2026-10-06T12:07:30,22680.2,22682.95,22678.75,22681.15
1791268665,2026-10-06T12:07:45,22681.45,22682.8,22679.9,22680.45
1791268680,2026-10-06T12:08:00,22680.65,22684.1,22679.7,22683.4
1791268695,2026-10-06T12:08:15,22682.7,22685.25,22682.7,22684.35
1791268710,2026-10-06T12:08:30,22684.35,22685.75,22681.75,22683.95
1791268725,2026-10-06T12:08:45,22684.05,22685,22682.05,22684.4
1791268740,2026-10-06T12:09:00,22684.4,22685.55,22682.25,22682.8
1791268755,2026-10-06T12:09:15,22682.3,22683.75,22681.2,22682.45
1791268770,2026-10-06T12:09:30,22682.45,22682.8,22680.1,22681.25
1791268785,2026-10-06T12:09:45,22681.65,22682.05,22675.95,22676.6
1791268800,2026-10-06T12:10:00,22676.65,22677.45,22674.1,22675.1
1791268815,2026-10-06T12:10:15,22675.5,22676.95,22673.75,22675.45
1791268830,2026-10-06T12:10:30,22675.4,22676.95,22673,22673.6
1791268845,2026-10-06T12:10:45,22674.05,22678.75,22674.05,22677.7
1791268860,2026-10-06T12:11:00,22678.1,22678.7,22674.55,22675.4
1791268875,2026-10-06T12:11:15,22675.4,22675.5,22672.1,22674.7
1791268890,2026-10-06T12:11:30,22674.75,22677.75,22672.2,22676.05
1791268905,2026-10-06T12:11:45,22675.95,22676.5,22672.4,22673.15
1791268920,2026-10-06T12:12:00,22673.5,22674.45,22668.65,22669.45
1791268935,2026-10-06T12:12:15,22669.65,22671.5,22668.2,22670.6
1791268950,2026-10-06T12:12:30,22670.6,22671.15,22668.3,22668.5
1791268965,2026-10-06T12:12:45,22668.8,22671.05,22667.25,22668.4
1791268980,2026-10-06T12:13:00,22668.5,22670.55,22667.35,22669.8
1791268995,2026-10-06T12:13:15,22669.7,22671.55,22668.8,22670.95
1791269010,2026-10-06T12:13:30,22671,22671.55,22667.1,22668.35
1791269025,2026-10-06T12:13:45,22668.6,22669.2,22666.9,22667.75
1791269040,2026-10-06T12:14:00,22667.85,22669.45,22666.75,22668.6
1791269055,2026-10-06T12:14:15,22668.55,22671,22668.25,22670.7
1791269070,2026-10-06T12:14:30,22670.7,22671.95,22669.75,22670.8
1791269085,2026-10-06T12:14:45,22670.65,22672.7,22668.45,22670.45
1791269100,2026-10-06T12:15:00,22670.55,22674.1,22669.6,22670.4
1791269115,2026-10-06T12:15:15,22670.45,22673.05,22670.45,22672.15
1791269130,2026-10-06T12:15:30,22672.05,22675.4,22671.45,22674.35
1791269145,2026-10-06T12:15:45,22674.15,22676.45,22674.15,22675.5
1791269160,2026-10-06T12:16:00,22675.7,22678.75,22674.85,22678.75
1791269175,2026-10-06T12:16:15,22678.8,22681,22677.5,22680.6
1791269190,2026-10-06T12:16:30,22680.75,22681.7,22677.4,22677.65
1791269205,2026-10-06T12:16:45,22677.45,22678.25,22675.3,22676.2
1791269220,2026-10-06T12:17:00,22676.1,22679.55,22675.4,22678.95
1791269235,2026-10-06T12:17:15,22679.15,22684.85,22678.6,22684.05
1791269250,2026-10-06T12:17:30,22683.45,22685.1,22682.45,22683.75
1791269265,2026-10-06T12:17:45,22684,22686.6,22683.65,22684.75
1791269280,2026-10-06T12:18:00,22684.9,22688.4,22684.65,22687.4
1791269295,2026-10-06T12:18:15,22687.35,22687.9,22683.55,22684.3
1791269310,2026-10-06T12:18:30,22683.7,22684.75,22679.05,22681.75
1791269325,2026-10-06T12:18:45,22681.7,22682.8,22679.3,22681.95
1791269340,2026-10-06T12:19:00,22682.05,22687.05,22681.45,22686.95
1791269355,2026-10-06T12:19:15,22687.1,22688.35,22685.75,22687.75
1791269370,2026-10-06T12:19:30,22687.7,22689.2,22685.75,22686.4
1791269385,2026-10-06T12:19:45,22686.35,22687.35,22683.15,22684.6
1791269400,2026-10-06T12:20:00,22684.6,22685.8,22683.9,22685.1
1791269415,2026-10-06T12:20:15,22684.95,22687,22684.15,22685.7
1791269430,2026-10-06T12:20:30,22685.35,22688.35,22685.1,22686.25
1791269445,2026-10-06T12:20:45,22686,22688.35,22686,22687.75
1791269460,2026-10-06T12:21:00,22688.05,22688.45,22684.7,22686.1
1791269475,2026-10-06T12:21:15,22686.35,22688.45,22686,22686
1791269490,2026-10-06T12:21:30,22686.05,22687.1,22685,22685.9
1791269505,2026-10-06T12:21:45,22685.65,22686.8,22685.45,22686.1
1791269520,2026-10-06T12:22:00,22686,22686.35,22682.55,22683.25
1791269535,2026-10-06T12:22:15,22682.85,22684.35,22682.25,22683.65
1791269550,2026-10-06T12:22:30,22683.65,22685.7,22682.2,22685.2
1791269565,2026-10-06T12:22:45,22685.1,22687.4,22684.2,22685.9
1791269580,2026-10-06T12:23:00,22686.15,22687.95,22685.05,22687.05
1791269595,2026-10-06T12:23:15,22686.9,22687.8,22685,22686.15
1791269610,2026-10-06T12:23:30,22685.85,22686.9,22684.9,22686.75
1791269625,2026-10-06T12:23:45,22686.6,22689.5,22686.4,22688.15
1791269640,2026-10-06T12:24:00,22688.3,22688.85,22686.25,22686.55
1791269655,2026-10-06T12:24:15,22687.2,22690.9,22686.15,22689.3
1791269670,2026-10-06T12:24:30,22690.2,22693.75,22689.45,22692.7
1791269685,2026-10-06T12:24:45,22692.8,22694.4,22691.45,22693.35
1791269700,2026-10-06T12:25:00,22693.1,22695.15,22690.8,22690.8
1791269715,2026-10-06T12:25:15,22691,22692.15,22686.65,22687.5
1791269730,2026-10-06T12:25:30,22686.7,22687.95,22684.55,22684.55
1791269745,2026-10-06T12:25:45,22684.6,22687.95,22684.6,22686.05
1791269760,2026-10-06T12:26:00,22685.9,22688.15,22684.85,22685.35
1791269775,2026-10-06T12:26:15,22685.95,22688.25,22682.95,22686.9
1791269790,2026-10-06T12:26:30,22687.05,22688.5,22684.5,22686.7
1791269805,2026-10-06T12:26:45,22687.35,22688,22685.05,22686
1791269820,2026-10-06T12:27:00,22686.05,22686.85,22684.8,22685.2
1791269835,2026-10-06T12:27:15,22685.55,22688,22685.2,22686.3
1791269850,2026-10-06T12:27:30,22686.75,22687.4,22683.85,22686.15
1791269865,2026-10-06T12:27:45,22686.2,22687.8,22685.2,22685.75
1791269880,2026-10-06T12:28:00,22686.1,22687.95,22685.35,22686.65
1791269895,2026-10-06T12:28:15,22686.8,22689.05,22686.7,22688.8
1791269910,2026-10-06T12:28:30,22688.3,22689.7,22687.45,22688.1
1791269925,2026-10-06T12:28:45,22688.5,22688.95,22686.9,22687.65
1791269940,2026-10-06T12:29:00,22687.9,22689.55,22686.35,22686.5
1791269955,2026-10-06T12:29:15,22687.1,22689.45,22686.7,22687.85
1791269970,2026-10-06T12:29:30,22687.75,22689.1,22687,22687.9
1791269985,2026-10-06T12:29:45,22687.9,22689.45,22687.45,22687.45
1791270000,2026-10-06T12:30:00,22687.8,22689.4,22686.8,22689
1791270015,2026-10-06T12:30:15,22688.45,22691.5,22688.25,22690.05
1791270030,2026-10-06T12:30:30,22690.1,22693.75,22689.6,22693
1791270045,2026-10-06T12:30:45,22693.15,22696.1,22692.25,22693.65
1791270060,2026-10-06T12:31:00,22694.05,22696.55,22692.7,22693.85
1791270075,2026-10-06T12:31:15,22694.35,22695.55,22691.55,22693.7
1791270090,2026-10-06T12:31:30,22693.35,22695.8,22693.2,22695.1
1791270105,2026-10-06T12:31:45,22695.6,22696.85,22693.65,22695.05
1791270120,2026-10-06T12:32:00,22695.1,22696.75,22693.05,22693.35
1791270135,2026-10-06T12:32:15,22693.6,22696.15,22692.05,22696.15
1791270150,2026-10-06T12:32:30,22695.8,22696.05,22691.1,22691.15
1791270165,2026-10-06T12:32:45,22690.95,22691.6,22687.6,22687.85
1791270180,2026-10-06T12:33:00,22687.7,22688.95,22686.2,22687.95
1791270195,2026-10-06T12:33:15,22688.2,22691.4,22687.75,22689.2
1791270210,2026-10-06T12:33:30,22689.65,22690.35,22687.45,22688.2
1791270225,2026-10-06T12:33:45,22688.05,22691.55,22687.55,22690.3
1791270240,2026-10-06T12:34:00,22690.25,22693.5,22690.25,22692.3
1791270255,2026-10-06T12:34:15,22691.95,22692.95,22690.5,22691.1
1791270270,2026-10-06T12:34:30,22691.1,22692.05,22689.7,22690.9
1791270285,2026-10-06T12:34:45,22691.15,22692.4,22690.1,22691.05
1791270300,2026-10-06T12:35:00,22691,22692.6,22689.85,22691.4
1791270315,2026-10-06T12:35:15,22691.4,22692.25,22690.25,22691.3
1791270330,2026-10-06T12:35:30,22691.25,22692.1,22689.95,22690.8
1791270345,2026-10-06T12:35:45,22691.25,22692.55,22690.4,22690.75
1791270360,2026-10-06T12:36:00,22691.1,22692.3,22690.35,22691.1
1791270375,2026-10-06T12:36:15,22691.1,22693.25,22690.5,22691.8
1791270390,2026-10-06T12:36:30,22691.85,22693.6,22691.45,22692.85
1791270405,2026-10-06T12:36:45,22692.85,22693.4,22691.1,22692.45
1791270420,2026-10-06T12:37:00,22692.4,22693.9,22691,22692.75
1791270435,2026-10-06T12:37:15,22693.15,22696.4,22692.95,22695.35
1791270450,2026-10-06T12:37:30,22696,22699,22695.05,22697.6
1791270465,2026-10-06T12:37:45,22698.3,22699.5,22696.55,22698.55
1791270480,2026-10-06T12:38:00,22698.7,22700.4,22698.35,22698.75
1791270495,2026-10-06T12:38:15,22699,22699.85,22698,22699.4
1791270510,2026-10-06T12:38:30,22699.55,22702,22699.2,22700.95
1791270525,2026-10-06T12:38:45,22701.15,22711.35,22701.15,22709.25
1791270540,2026-10-06T12:39:00,22709.45,22714.95,22709.4,22713.95
1791270555,2026-10-06T12:39:15,22714.15,22716,22712.1,22712.75
1791270570,2026-10-06T12:39:30,22712.75,22713.45,22707.1,22708.15
1791270585,2026-10-06T12:39:45,22708.45,22711.35,22708.1,22711.1
1791270600,2026-10-06T12:40:00,22710.95,22714,22710.3,22710.65
1791270615,2026-10-06T12:40:15,22711.4,22713.2,22711.35,22712.2
1791270630,2026-10-06T12:40:30,22712.3,22713.5,22711.1,22711.35
1791270645,2026-10-06T12:40:45,22711.6,22712.5,22708.6,22709.1
1791270660,2026-10-06T12:41:00,22709.85,22709.95,22707.4,22707.4
1791270675,2026-10-06T12:41:15,22707.3,22709.45,22706.2,22706.95
1791270690,2026-10-06T12:41:30,22706.95,22708.05,22705.8,22707.75
1791270705,2026-10-06T12:41:45,22707.8,22709.4,22705.8,22708.5
1791270720,2026-10-06T12:42:00,22708.35,22713.05,22707.75,22711.5
1791270735,2026-10-06T12:42:15,22711.4,22712.95,22711.15,22711.55
1791270750,2026-10-06T12:42:30,22711.45,22713.35,22710.7,22712.15
1791270765,2026-10-06T12:42:45,22712.25,22714.1,22711.8,22711.8
1791270780,2026-10-06T12:43:00,22712.35,22714,22710.65,22713.25
1791270795,2026-10-06T12:43:15,22713.6,22714.85,22712.85,22713.9
1791270810,2026-10-06T12:43:30,22713.85,22715.25,22713.25,22714.4
1791270825,2026-10-06T12:43:45,22714,22723.4,22713.85,22723.1
1791270840,2026-10-06T12:44:00,22723.55,22728.05,22723.3,22727.35
1791270855,2026-10-06T12:44:15,22727.1,22727.45,22723.45,22724.2
1791270870,2026-10-06T12:44:30,22724.05,22724.6,22721.25,22721.4
1791270885,2026-10-06T12:44:45,22721.55,22722.65,22719.3,22719.35
1791270900,2026-10-06T12:45:00,22719.35,22724.45,22718.65,22722.6
1791270915,2026-10-06T12:45:15,22723.5,22723.85,22720.1,22720.25
1791270930,2026-10-06T12:45:30,22720.45,22723.2,22720.45,22722.05
1791270945,2026-10-06T12:45:45,22722.45,22723.8,22718.65,22719.2
1791270960,2026-10-06T12:46:00,22720.4,22722.55,22717.15,22717.7
1791270975,2026-10-06T12:46:15,22717.95,22723.25,22717.95,22722.4
1791270990,2026-10-06T12:46:30,22722.05,22724.3,22721.15,22723.05
1791271005,2026-10-06T12:46:45,22723.45,22725.3,22720.95,22723.8
1791271020,2026-10-06T12:47:00,22723.7,22725.15,22722.05,22724.85
1791271035,2026-10-06T12:47:15,22724.85,22724.85,22720.45,22721.75
1791271050,2026-10-06T12:47:30,22722.25,22724,22720.95,22722.9
1791271065,2026-10-06T12:47:45,22722.8,22724.2,22721.4,22722.9
1791271080,2026-10-06T12:48:00,22723,22725.4,22722.95,22725.05
1791271095,2026-10-06T12:48:15,22724.85,22728.1,22724.35,22726.7
1791271110,2026-10-06T12:48:30,22726.65,22726.65,22722.25,22723.55
1791271125,2026-10-06T12:48:45,22723.6,22724.55,22722.75,22723
1791271140,2026-10-06T12:49:00,22723,22723.65,22720.15,22720.15
1791271155,2026-10-06T12:49:15,22720.8,22721.4,22716.3,22716.5
1791271170,2026-10-06T12:49:30,22716.65,22719.2,22713.5,22716.4
1791271185,2026-10-06T12:49:45,22716.45,22717.9,22712.75,22714.75
1791271200,2026-10-06T12:50:00,22714.6,22715.8,22713.5,22714.15
1791271215,2026-10-06T12:50:15,22714.05,22715.25,22712.15,22713.2
1791271230,2026-10-06T12:50:30,22713.75,22714.8,22711.5,22714.05
1791271245,2026-10-06T12:50:45,22714.6,22715,22713.05,22714.05
1791271260,2026-10-06T12:51:00,22714.4,22715.1,22711.9,22713.8
1791271275,2026-10-06T12:51:15,22713.85,22714.85,22712.35,22712.8
1791271290,2026-10-06T12:51:30,22712.55,22714.85,22712.5,22713.65
1791271305,2026-10-06T12:51:45,22713.55,22714.85,22710.05,22711.1
1791271320,2026-10-06T12:52:00,22710.65,22713.15,22709.75,22712.05
1791271335,2026-10-06T12:52:15,22711.9,22712.3,22707.75,22708.55
1791271350,2026-10-06T12:52:30,22708.65,22711.5,22707.9,22711.25
1791271365,2026-10-06T12:52:45,22711.3,22715.1,22710.75,22714.95
1791271380,2026-10-06T12:53:00,22714.65,22718.65,22714.65,22716.3
1791271395,2026-10-06T12:53:15,22716.55,22717,22713.4,22714.55
1791271410,2026-10-06T12:53:30,22714.55,22714.75,22711.8,22712.2
1791271425,2026-10-06T12:53:45,22712.25,22713.35,22711.3,22712.2
1791271440,2026-10-06T12:54:00,22712.25,22713.6,22710.8,22711.85
1791271455,2026-10-06T12:54:15,22711.75,22713.75,22710.8,22711.9
1791271470,2026-10-06T12:54:30,22711.4,22712.15,22709.65,22710.3
1791271485,2026-10-06T12:54:45,22710.35,22711.55,22708.15,22708.8
1791271500,2026-10-06T12:55:00,22708.75,22709.25,22706.55,22707
1791271515,2026-10-06T12:55:15,22707.2,22708.45,22706.3,22707.25
1791271530,2026-10-06T12:55:30,22707,22707.85,22703.95,22704.4
1791271545,2026-10-06T12:55:45,22704.4,22705.65,22701.95,22703.9
1791271560,2026-10-06T12:56:00,22703.95,22705.3,22703.1,22703.8
1791271575,2026-10-06T12:56:15,22703.8,22704.7,22701.55,22702.7
1791271590,2026-10-06T12:56:30,22702.85,22707.45,22702.85,22706.1
1791271605,2026-10-06T12:56:45,22706.2,22708.9,22705.45,22708.25
1791271620,2026-10-06T12:57:00,22708.55,22709.75,22708.1,22709.2
1791271635,2026-10-06T12:57:15,22709.25,22711.65,22708.9,22709.75
1791271650,2026-10-06T12:57:30,22709.7,22711.4,22708.9,22709.8
1791271665,2026-10-06T12:57:45,22709.8,22713.4,22709.8,22710.8
1791271680,2026-10-06T12:58:00,22711.35,22712.85,22708.45,22708.45
1791271695,2026-10-06T12:58:15,22708.55,22712.45,22708.35,22711.75
1791271710,2026-10-06T12:58:30,22711.85,22712.35,22709.8,22711.25
1791271725,2026-10-06T12:58:45,22711.4,22712.9,22709.9,22711.8
1791271740,2026-10-06T12:59:00,22711.85,22714.65,22711.35,22711.55
1791271755,2026-10-06T12:59:15,22711.75,22713.95,22711.7,22712.5
1791271770,2026-10-06T12:59:30,22712.5,22713.55,22711.3,22712.65
1791271785,2026-10-06T12:59:45,22712.7,22713.25,22711.4,22712.15
1791271800,2026-10-06T13:00:00,22712.15,22712.45,22708.65,22708.8
1791271815,2026-10-06T13:00:15,22709.15,22710,22706.4,22708.5
1791271830,2026-10-06T13:00:30,22708.5,22712.3,22706.85,22711.05
1791271845,2026-10-06T13:00:45,22711.25,22712.55,22710.05,22710.9
1791271860,2026-10-06T13:01:00,22710.9,22712.65,22708.75,22708.8
1791271875,2026-10-06T13:01:15,22709.15,22711.65,22708.05,22710
1791271890,2026-10-06T13:01:30,22709.9,22710.35,22701.6,22701.6
1791271905,2026-10-06T13:01:45,22701.7,22703.15,22696.9,22697.8
1791271920,2026-10-06T13:02:00,22697.75,22698.15,22693.15,22697.8
1791271935,2026-10-06T13:02:15,22697.95,22704.9,22697.95,22703.5
1791271950,2026-10-06T13:02:30,22703.6,22706.2,22700.55,22701.15
1791271965,2026-10-06T13:02:45,22701.05,22701.9,22699.35,22701.4
1791271980,2026-10-06T13:03:00,22701.3,22710.25,22700.55,22708.35
1791271995,2026-10-06T13:03:15,22708.9,22714.2,22708.9,22712.55
1791272010,2026-10-06T13:03:30,22712.6,22713.75,22710.1,22710.55
1791272025,2026-10-06T13:03:45,22710.55,22711.1,22706.8,22706.8
1791272040,2026-10-06T13:04:00,22706.4,22708.05,22705.65,22707.65
1791272055,2026-10-06T13:04:15,22708.1,22709.5,22707.5,22708.15
1791272070,2026-10-06T13:04:30,22708.15,22709.85,22705.6,22708.1
1791272085,2026-10-06T13:04:45,22707.7,22710.4,22707.55,22708.55
1791272100,2026-10-06T13:05:00,22708.6,22709.65,22707.05,22708.95
1791272115,2026-10-06T13:05:15,22708.4,22710.95,22708.4,22709.85
1791272130,2026-10-06T13:05:30,22709.6,22711.85,22708.85,22709.55
1791272145,2026-10-06T13:05:45,22709.9,22710.9,22702.2,22702.2
1791272160,2026-10-06T13:06:00,22702,22703.75,22700.9,22702.55
1791272175,2026-10-06T13:06:15,22702.9,22705.4,22702.2,22703.75
1791272190,2026-10-06T13:06:30,22703.75,22705.7,22702.55,22704.3
1791272205,2026-10-06T13:06:45,22704.35,22705.4,22703.45,22704.5
1791272220,2026-10-06T13:07:00,22704.2,22705,22701.4,22704.4
1791272235,2026-10-06T13:07:15,22704.35,22704.65,22701.1,22701.85
1791272250,2026-10-06T13:07:30,22702,22704.95,22702,22703.6
1791272265,2026-10-06T13:07:45,22703.25,22705.15,22703.25,22703.8
1791272280,2026-10-06T13:08:00,22704,22705.45,22703.2,22703.4
1791272295,2026-10-06T13:08:15,22703.45,22704.35,22702.7,22703.7
1791272310,2026-10-06T13:08:30,22703.65,22706.85,22703.5,22706.6
1791272325,2026-10-06T13:08:45,22706.75,22709.7,22706.3,22708.6
1791272340,2026-10-06T13:09:00,22708.7,22709.1,22706.7,22707.75
1791272355,2026-10-06T13:09:15,22707.8,22709.4,22707.1,22707.3
1791272370,2026-10-06T13:09:30,22707.8,22709.8,22707.25,22707.75
1791272385,2026-10-06T13:09:45,22708.6,22712.25,22708.1,22711.05
1791272400,2026-10-06T13:10:00,22711.1,22711.35,22708.05,22708.35
1791272415,2026-10-06T13:10:15,22708.45,22710.15,22707.6,22707.6
1791272430,2026-10-06T13:10:30,22707.8,22709.05,22705.7,22706.8
1791272445,2026-10-06T13:10:45,22706.65,22708.5,22706.2,22706.65
1791272460,2026-10-06T13:11:00,22706.85,22709.8,22706.35,22708.7
1791272475,2026-10-06T13:11:15,22708.65,22712.1,22708.65,22709.65
1791272490,2026-10-06T13:11:30,22710.1,22712.25,22710.05,22711.45
1791272505,2026-10-06T13:11:45,22711.35,22714.35,22710.9,22712.7
1791272520,2026-10-06T13:12:00,22713.1,22713.6,22711.5,22712.05
1791272535,2026-10-06T13:12:15,22712.15,22712.95,22711,22711.15
1791272550,2026-10-06T13:12:30,22711.15,22711.7,22709.85,22710.2
1791272565,2026-10-06T13:12:45,22710.2,22712.4,22709.35,22711.85
1791272580,2026-10-06T13:13:00,22712.2,22712.45,22710.05,22711.55
1791272595,2026-10-06T13:13:15,22711.5,22712.75,22709.95,22711.6
1791272610,2026-10-06T13:13:30,22711.6,22713.05,22711.15,22711.85
1791272625,2026-10-06T13:13:45,22711.75,22713,22710.7,22710.7
1791272640,2026-10-06T13:14:00,22711.15,22712.55,22709.85,22711.2
1791272655,2026-10-06T13:14:15,22711.35,22711.65,22708.65,22709.9
1791272670,2026-10-06T13:14:30,22711.3,22711.8,22709.2,22710.95
1791272685,2026-10-06T13:14:45,22710.95,22713.6,22709.75,22711.95
1791272700,2026-10-06T13:15:00,22711.85,22713.7,22710.6,22712.8
1791272715,2026-10-06T13:15:15,22712.55,22716.9,22711.55,22715.4
1791272730,2026-10-06T13:15:30,22716.1,22716.45,22713.65,22714.1
1791272745,2026-10-06T13:15:45,22713.95,22715.45,22713,22714.5
1791272760,2026-10-06T13:16:00,22713.85,22714.6,22712.25,22712.95
1791272775,2026-10-06T13:16:15,22713,22713.95,22711.8,22712.4
1791272790,2026-10-06T13:16:30,22712.25,22713.2,22709.4,22710.3
1791272805,2026-10-06T13:16:45,22710.25,22711.95,22709.6,22710.8
1791272820,2026-10-06T13:17:00,22710.95,22712.4,22710.2,22711.7
1791272835,2026-10-06T13:17:15,22711.75,22714.2,22711.55,22713
1791272850,2026-10-06T13:17:30,22713.05,22714.55,22712.1,22712.7
1791272865,2026-10-06T13:17:45,22712.7,22713.9,22711.75,22712.85
1791272880,2026-10-06T13:18:00,22712.95,22715.65,22712.35,22713.9
1791272895,2026-10-06T13:18:15,22714.05,22715.05,22712.25,22714.95
1791272910,2026-10-06T13:18:30,22714.6,22715.05,22711.45,22712.95
1791272925,2026-10-06T13:18:45,22712.85,22715.5,22710.75,22711.8
1791272940,2026-10-06T13:19:00,22711.9,22713.15,22710,22710.5
1791272955,2026-10-06T13:19:15,22710.5,22712.85,22710.15,22711.05
1791272970,2026-10-06T13:19:30,22711.65,22712.95,22710.05,22711.65
1791272985,2026-10-06T13:19:45,22711.6,22711.9,22710.2,22711.05
1791273000,2026-10-06T13:20:00,22711.1,22714.95,22710.15,22713.9
1791273015,2026-10-06T13:20:15,22712.85,22715.55,22712.15,22714.8
1791273030,2026-10-06T13:20:30,22714.8,22716.05,22713.8,22714.65
1791273045,2026-10-06T13:20:45,22714.75,22716.45,22714.1,22715.85
1791273060,2026-10-06T13:21:00,22716.05,22716.1,22712.15,22712.35
1791273075,2026-10-06T13:21:15,22712.35,22714.25,22710.65,22711.5
1791273090,2026-10-06T13:21:30,22711.35,22713.25,22710.8,22711.95
1791273105,2026-10-06T13:21:45,22711.6,22714.2,22711.5,22713.8
1791273120,2026-10-06T13:22:00,22713.85,22714.65,22712,22713.3
1791273135,2026-10-06T13:22:15,22713.1,22716.25,22713.1,22714.45
1791273150,2026-10-06T13:22:30,22714.45,22715.65,22712.95,22714.25
1791273165,2026-10-06T13:22:45,22714.35,22715.2,22713.3,22713.4
1791273180,2026-10-06T13:23:00,22713.7,22714.4,22711.9,22712.95
1791273195,2026-10-06T13:23:15,22712.95,22714.5,22712.45,22712.9
1791273210,2026-10-06T13:23:30,22713.25,22714,22711.4,22712.65
1791273225,2026-10-06T13:23:45,22712.6,22713.45,22710.5,22712.05
1791273240,2026-10-06T13:24:00,22712.4,22713,22710.4,22711.65
1791273255,2026-10-06T13:24:15,22711.8,22712.15,22708.55,22709.35
1791273270,2026-10-06T13:24:30,22709.8,22710.7,22707.75,22709.25
1791273285,2026-10-06T13:24:45,22708.9,22711.1,22707.05,22709.9
1791273300,2026-10-06T13:25:00,22709.85,22711.55,22708.8,22709.35
1791273315,2026-10-06T13:25:15,22709.15,22710.75,22708.3,22709.5
1791273330,2026-10-06T13:25:30,22709.15,22710.1,22706.3,22707.1
1791273345,2026-10-06T13:25:45,22707.1,22707.75,22704.6,22706
1791273360,2026-10-06T13:26:00,22705.9,22706.35,22703,22703
1791273375,2026-10-06T13:26:15,22703.25,22707.75,22703.25,22705.3
1791273390,2026-10-06T13:26:30,22705.35,22707.6,22701.35,22701.55
1791273405,2026-10-06T13:26:45,22701.45,22702.35,22697.65,22697.75
1791273420,2026-10-06T13:27:00,22697.8,22698.45,22695.6,22696.9
1791273435,2026-10-06T13:27:15,22696.9,22702.45,22696.9,22701.8
1791273450,2026-10-06T13:27:30,22701.95,22703.2,22696.7,22697.4
1791273465,2026-10-06T13:27:45,22697.45,22699.15,22694.9,22697
1791273480,2026-10-06T13:28:00,22696.8,22698.3,22693.2,22693.9
1791273495,2026-10-06T13:28:15,22693.65,22695,22691.25,22693.6
1791273510,2026-10-06T13:28:30,22693.65,22694.9,22691.4,22693.45
1791273525,2026-10-06T13:28:45,22693.4,22697.9,22692.6,22695.55
1791273540,2026-10-06T13:29:00,22695.55,22698.1,22695.45,22697
1791273555,2026-10-06T13:29:15,22697.2,22700.3,22697.05,22698.85
1791273570,2026-10-06T13:29:30,22698.8,22699.7,22696.3,22697.55
1791273585,2026-10-06T13:29:45,22697.65,22699.3,22696.6,22698.85
1791273600,2026-10-06T13:30:00,22698.75,22698.8,22696.7,22697.1
1791273615,2026-10-06T13:30:15,22697.6,22701.75,22697.6,22700.7
1791273630,2026-10-06T13:30:30,22700.85,22703.45,22700.85,22702.55
1791273645,2026-10-06T13:30:45,22702.3,22705.05,22702,22703.65
1791273660,2026-10-06T13:31:00,22703.7,22706.55,22703.7,22705.7
1791273675,2026-10-06T13:31:15,22705.7,22706.2,22703.6,22704.6
1791273690,2026-10-06T13:31:30,22704.6,22708.1,22704.5,22707.7
1791273705,2026-10-06T13:31:45,22707.15,22707.75,22705.95,22706.65
1791273720,2026-10-06T13:32:00,22706.75,22707.55,22705.3,22706.35
1791273735,2026-10-06T13:32:15,22705.4,22706.45,22701.5,22701.5
1791273750,2026-10-06T13:32:30,22701.95,22702.8,22700.15,22700.45
1791273765,2026-10-06T13:32:45,22700.5,22703.95,22700.5,22701.65
1791273780,2026-10-06T13:33:00,22701.7,22702.5,22700,22700.45
1791273795,2026-10-06T13:33:15,22700.45,22704.4,22695.3,22701.6
1791273810,2026-10-06T13:33:30,22702.15,22703.35,22700.15,22700.5
1791273825,2026-10-06T13:33:45,22700.65,22707.8,22700.65,22707.5
1791273840,2026-10-06T13:34:00,22707.45,22708.75,22704.85,22708.1
1791273855,2026-10-06T13:34:15,22707.85,22708.35,22705.65,22707
1791273870,2026-10-06T13:34:30,22707,22707.85,22704.2,22704.85
1791273885,2026-10-06T13:34:45,22704.55,22704.85,22700,22700.8
1791273900,2026-10-06T13:35:00,22700.75,22705.45,22699.55,22703.15
1791273915,2026-10-06T13:35:15,22703.45,22705.35,22702.9,22704.05
1791273930,2026-10-06T13:35:30,22703.9,22705.55,22702.75,22704.45
1791273945,2026-10-06T13:35:45,22704.3,22708.4,22704,22707.1
1791273960,2026-10-06T13:36:00,22707.2,22710.15,22706.6,22709.5
1791273975,2026-10-06T13:36:15,22709.55,22710.5,22708.65,22708.9
1791273990,2026-10-06T13:36:30,22708.75,22709.95,22707.15,22707.3
1791274005,2026-10-06T13:36:45,22707.2,22708.25,22705,22706.5
1791274020,2026-10-06T13:37:00,22706.5,22709.15,22706.25,22708.45
1791274035,2026-10-06T13:37:15,22708.5,22711.05,22708.5,22710.6
1791274050,2026-10-06T13:37:30,22710.55,22711.05,22709,22709.65
1791274065,2026-10-06T13:37:45,22709.5,22712,22709.2,22710.85
1791274080,2026-10-06T13:38:00,22710.95,22713.35,22710.55,22711.5
1791274095,2026-10-06T13:38:15,22711.55,22713.4,22708.1,22712.7
1791274110,2026-10-06T13:38:30,22712.2,22713.75,22711.35,22712.75
1791274125,2026-10-06T13:38:45,22712.7,22717,22712.7,22715.2
1791274140,2026-10-06T13:39:00,22715.55,22716.5,22712.05,22712.1
1791274155,2026-10-06T13:39:15,22712.05,22713,22707.7,22710.55
1791274170,2026-10-06T13:39:30,22710.3,22712.05,22709.3,22709.95
1791274185,2026-10-06T13:39:45,22709.85,22713.35,22709.85,22710.95
1791274200,2026-10-06T13:40:00,22710.85,22714.5,22710.85,22714.4
1791274215,2026-10-06T13:40:15,22714.3,22716.45,22713.7,22714.3
1791274230,2026-10-06T13:40:30,22714.1,22716.9,22713.1,22714.95
1791274245,2026-10-06T13:40:45,22715.2,22717.15,22714.7,22715.6
1791274260,2026-10-06T13:41:00,22715.55,22721,22715.25,22718.45
1791274275,2026-10-06T13:41:15,22718.65,22721.5,22717.95,22719.65
1791274290,2026-10-06T13:41:30,22719.5,22721.55,22718.9,22720.15
1791274305,2026-10-06T13:41:45,22720.3,22720.55,22713.1,22715.6
1791274320,2026-10-06T13:42:00,22714.85,22716.45,22713.05,22714.3
1791274335,2026-10-06T13:42:15,22713.85,22716.45,22712.9,22714.6
1791274350,2026-10-06T13:42:30,22714.55,22716.8,22713.4,22713.65
1791274365,2026-10-06T13:42:45,22713.55,22713.75,22705.85,22706.8
1791274380,2026-10-06T13:43:00,22706.45,22707.45,22703.25,22703.6
1791274395,2026-10-06T13:43:15,22703.65,22708.75,22703.65,22707.35
1791274410,2026-10-06T13:43:30,22707.6,22708.1,22701.65,22701.9
1791274425,2026-10-06T13:43:45,22701.7,22702.95,22700.9,22701.3
1791274440,2026-10-06T13:44:00,22701.2,22705.75,22700.6,22705.35
1791274455,2026-10-06T13:44:15,22705.4,22708.45,22705.4,22706.95
1791274470,2026-10-06T13:44:30,22706.95,22707.5,22705,22705.4
1791274485,2026-10-06T13:44:45,22705.5,22707.1,22704.05,22704.35
1791274500,2026-10-06T13:45:00,22704.25,22705.15,22699.5,22699.85
1791274515,2026-10-06T13:45:15,22700,22701.5,22698.4,22700.75
1791274530,2026-10-06T13:45:30,22700.7,22705.2,22700.7,22704.25
1791274545,2026-10-06T13:45:45,22704.35,22706.8,22704.25,22704.55
1791274560,2026-10-06T13:46:00,22704.95,22707.5,22704.6,22706.5
1791274575,2026-10-06T13:46:15,22706.55,22710.25,22706.05,22710.05
1791274590,2026-10-06T13:46:30,22710.05,22712.1,22709.4,22711.05
1791274605,2026-10-06T13:46:45,22710.95,22711.85,22708.9,22709
1791274620,2026-10-06T13:47:00,22709.05,22709.9,22704,22704.8
1791274635,2026-10-06T13:47:15,22704.65,22705.65,22703.2,22704.65
1791274650,2026-10-06T13:47:30,22704.5,22707.5,22703.7,22706.65
1791274665,2026-10-06T13:47:45,22706.65,22709.6,22706.45,22707.7
1791274680,2026-10-06T13:48:00,22707.75,22711.45,22707.3,22709.95
1791274695,2026-10-06T13:48:15,22710,22712.4,22708.55,22708.55
1791274710,2026-10-06T13:48:30,22708.8,22709.45,22705.3,22705.85
1791274725,2026-10-06T13:48:45,22705.75,22706.95,22705.25,22705.75
1791274740,2026-10-06T13:49:00,22705.9,22709.9,22705.7,22708.85
1791274755,2026-10-06T13:49:15,22708.8,22710.75,22707.75,22708.85
1791274770,2026-10-06T13:49:30,22708.95,22710.65,22708.45,22709.5
1791274785,2026-10-06T13:49:45,22709.5,22712.3,22708.45,22710.05
1791274800,2026-10-06T13:50:00,22710.55,22713,22709.45,22711.65
1791274815,2026-10-06T13:50:15,22711.85,22714.85,22711.4,22713.8
1791274830,2026-10-06T13:50:30,22714.1,22717.25,22714.1,22716
1791274845,2026-10-06T13:50:45,22716,22717,22713.4,22713.8
1791274860,2026-10-06T13:51:00,22713.9,22715,22711.8,22712.85
1791274875,2026-10-06T13:51:15,22712.85,22713.35,22709.2,22709.75
1791274890,2026-10-06T13:51:30,22709.8,22711.5,22709.5,22710
1791274905,2026-10-06T13:51:45,22710,22711.5,22709.75,22710.2
1791274920,2026-10-06T13:52:00,22710.05,22713.4,22710.05,22711.35
1791274935,2026-10-06T13:52:15,22711.75,22713.5,22711.4,22712.05
1791274950,2026-10-06T13:52:30,22712.3,22712.9,22708.6,22708.8
1791274965,2026-10-06T13:52:45,22708.85,22710.15,22707.6,22708.45
1791274980,2026-10-06T13:53:00,22708.45,22709.75,22707.6,22709.3
1791274995,2026-10-06T13:53:15,22709.3,22710.55,22707.8,22709
1791275010,2026-10-06T13:53:30,22708.85,22710.9,22707.95,22710.45
1791275025,2026-10-06T13:53:45,22709.8,22712.05,22709.75,22711
1791275040,2026-10-06T13:54:00,22710.8,22712.8,22710.5,22711.2
1791275055,2026-10-06T13:54:15,22711.25,22712.6,22710.15,22711.55
1791275070,2026-10-06T13:54:30,22711.45,22713.5,22710.1,22712.85
1791275085,2026-10-06T13:54:45,22713,22714.1,22711.3,22712.5
1791275100,2026-10-06T13:55:00,22712.3,22714.6,22711.25,22713.65
1791275115,2026-10-06T13:55:15,22713.6,22715.35,22712.9,22714.2
1791275130,2026-10-06T13:55:30,22714.2,22716.35,22713.85,22714.4
1791275145,2026-10-06T13:55:45,22715.1,22716.1,22714,22715.05
1791275160,2026-10-06T13:56:00,22715,22715.55,22711.55,22712.65
1791275175,2026-10-06T13:56:15,22712.65,22714.1,22712,22712.15
1791275190,2026-10-06T13:56:30,22712.05,22714.9,22712,22713.8
1791275205,2026-10-06T13:56:45,22713.85,22715.7,22712.3,22712.3
1791275220,2026-10-06T13:57:00,22712.1,22713.25,22708.9,22712.5
1791275235,2026-10-06T13:57:15,22712.4,22713.15,22709.6,22711.35
1791275250,2026-10-06T13:57:30,22711.45,22714.7,22710.9,22713.3
1791275265,2026-10-06T13:57:45,22713.15,22713.8,22711.15,22712.8
1791275280,2026-10-06T13:58:00,22712.15,22715.8,22711.35,22713.85
1791275295,2026-10-06T13:58:15,22713.8,22714.7,22712,22712.95
1791275310,2026-10-06T13:58:30,22712.8,22714.35,22712.05,22712.85
1791275325,2026-10-06T13:58:45,22712.95,22716.25,22711.75,22713.3
1791275340,2026-10-06T13:59:00,22713.8,22716.25,22712.75,22715.4
1791275355,2026-10-06T13:59:15,22715.35,22717.25,22714.55,22715.55
1791275370,2026-10-06T13:59:30,22715.9,22716.65,22713.7,22713.8
1791275385,2026-10-06T13:59:45,22714,22715.1,22712.9,22714.55
1791275400,2026-10-06T14:00:00,22714.5,22715.7,22713.4,22714.55
1791275415,2026-10-06T14:00:15,22714.4,22715.5,22712.7,22713.4
1791275430,2026-10-06T14:00:30,22713.35,22714.1,22711.6,22713.05
1791275445,2026-10-06T14:00:45,22713.1,22715.55,22712.2,22712.85
1791275460,2026-10-06T14:01:00,22712.9,22715.05,22712.3,22713.55
1791275475,2026-10-06T14:01:15,22713.5,22719.4,22713,22718.25
1791275490,2026-10-06T14:01:30,22718.15,22721.5,22715.35,22720.5
1791275505,2026-10-06T14:01:45,22720.35,22721.5,22719.1,22719.55
1791275520,2026-10-06T14:02:00,22719.3,22719.6,22717.35,22718.3
1791275535,2026-10-06T14:02:15,22718.25,22719.75,22717.8,22718.1
1791275550,2026-10-06T14:02:30,22718.1,22719.5,22717.3,22718.45
1791275565,2026-10-06T14:02:45,22718.5,22720.2,22717.45,22718.8
1791275580,2026-10-06T14:03:00,22718.85,22721,22718.4,22719.6
1791275595,2026-10-06T14:03:15,22719.4,22720.15,22716.45,22717.05
1791275610,2026-10-06T14:03:30,22717.55,22724.5,22717.35,22723.25
1791275625,2026-10-06T14:03:45,22723.45,22726.75,22723.45,22725.85
1791275640,2026-10-06T14:04:00,22725.8,22727.4,22724.1,22725.6
1791275655,2026-10-06T14:04:15,22725.3,22726.05,22722.25,22722.5
1791275670,2026-10-06T14:04:30,22722.5,22722.85,22720,22720.85
1791275685,2026-10-06T14:04:45,22720.7,22721.6,22719.55,22720
1791275700,2026-10-06T14:05:00,22720.5,22722.6,22719.85,22721.85
1791275715,2026-10-06T14:05:15,22722.15,22726.35,22721.85,22724.85
1791275730,2026-10-06T14:05:30,22724.8,22725.9,22723,22724.5
1791275745,2026-10-06T14:05:45,22724.45,22725.75,22723,22723.7
1791275760,2026-10-06T14:06:00,22723.8,22723.9,22716.9,22717.8
1791275775,2026-10-06T14:06:15,22718,22718.7,22716.95,22716.95
1791275790,2026-10-06T14:06:30,22717.15,22722.4,22717.15,22721.95
1791275805,2026-10-06T14:06:45,22721.45,22726.55,22721.2,22725.55
1791275820,2026-10-06T14:07:00,22725.45,22731.75,22724.7,22729.75
1791275835,2026-10-06T14:07:15,22729.9,22731.1,22727.95,22730.45
1791275850,2026-10-06T14:07:30,22730.45,22731.2,22725.85,22726.15
1791275865,2026-10-06T14:07:45,22726.2,22726.75,22723.75,22725
1791275880,2026-10-06T14:08:00,22725,22726.5,22723.6,22725.9
1791275895,2026-10-06T14:08:15,22725.9,22729.5,22724.65,22727.45
1791275910,2026-10-06T14:08:30,22726.15,22728.75,22724.9,22727.45
1791275925,2026-10-06T14:08:45,22727.4,22729.45,22726.45,22727.5
1791275940,2026-10-06T14:09:00,22727.3,22729.4,22726.7,22727.55
1791275955,2026-10-06T14:09:15,22727.4,22730.3,22727.05,22727.15
1791275970,2026-10-06T14:09:30,22727.45,22727.65,22725.1,22725.8
1791275985,2026-10-06T14:09:45,22725.85,22728.95,22725.6,22727.55
1791276000,2026-10-06T14:10:00,22727.5,22729.4,22727.15,22728.25
1791276015,2026-10-06T14:10:15,22727.9,22729.4,22726.25,22727.95
1791276030,2026-10-06T14:10:30,22727.85,22728.15,22724.2,22724.6
1791276045,2026-10-06T14:10:45,22724.55,22727,22723,22724.75
1791276060,2026-10-06T14:11:00,22724.75,22726.1,22723.55,22724.55
1791276075,2026-10-06T14:11:15,22724.4,22726.95,22723.95,22725.5
1791276090,2026-10-06T14:11:30,22725.2,22725.7,22718.65,22723.55
1791276105,2026-10-06T14:11:45,22723,22724.9,22720.45,22720.85
1791276120,2026-10-06T14:12:00,22720.85,22723.3,22720.2,22722.7
1791276135,2026-10-06T14:12:15,22723,22726.75,22722.35,22726.25
1791276150,2026-10-06T14:12:30,22726.15,22728.65,22725,22725
1791276165,2026-10-06T14:12:45,22725,22727.55,22724.15,22724.15
1791276180,2026-10-06T14:13:00,22724.1,22727.6,22723.35,22725.8
1791276195,2026-10-06T14:13:15,22724.65,22727.2,22724.1,22724.2
1791276210,2026-10-06T14:13:30,22724.15,22729.4,22723.7,22727.5
1791276225,2026-10-06T14:13:45,22726.9,22728.95,22724.05,22725
1791276240,2026-10-06T14:14:00,22725.1,22726.85,22723.3,22725.7
1791276255,2026-10-06T14:14:15,22724.35,22726.1,22723.15,22723.9
1791276270,2026-10-06T14:14:30,22724.2,22725.2,22722.6,22724.55
1791276285,2026-10-06T14:14:45,22724.2,22724.85,22722.5,22722.8
1791276300,2026-10-06T14:15:00,22722.8,22723.15,22719.75,22720.9
1791276315,2026-10-06T14:15:15,22720.75,22722.1,22719.55,22720.1
1791276330,2026-10-06T14:15:30,22720.2,22720.45,22715.8,22716.7
1791276345,2026-10-06T14:15:45,22716.6,22719.45,22716.6,22718.95
1791276360,2026-10-06T14:16:00,22718.75,22722.3,22718.4,22721.45
1791276375,2026-10-06T14:16:15,22721.05,22722.55,22720.75,22721.9
1791276390,2026-10-06T14:16:30,22721.9,22723.7,22716.55,22721
1791276405,2026-10-06T14:16:45,22720.9,22721.2,22717.6,22718.4
1791276420,2026-10-06T14:17:00,22718.35,22719.3,22716.3,22716.95
1791276435,2026-10-06T14:17:15,22716.5,22718.3,22713.45,22713.5
1791276450,2026-10-06T14:17:30,22713.75,22714.75,22711,22713.95
1791276465,2026-10-06T14:17:45,22713.85,22715.05,22711.7,22712.3
1791276480,2026-10-06T14:18:00,22711.6,22712.75,22708.2,22709.1
1791276495,2026-10-06T14:18:15,22708.8,22713.35,22707.8,22712.45
1791276510,2026-10-06T14:18:30,22712.55,22716.9,22712.55,22716.9
1791276525,2026-10-06T14:18:45,22716.5,22717.6,22714.55,22716.35
1791276540,2026-10-06T14:19:00,22716.25,22717.3,22713.35,22714.35
1791276555,2026-10-06T14:19:15,22713.95,22715.7,22713,22715.35
1791276570,2026-10-06T14:19:30,22715.05,22716.05,22712.55,22714.75
1791276585,2026-10-06T14:19:45,22714.6,22716.35,22712.3,22715.15
1791276600,2026-10-06T14:20:00,22714.9,22715,22708.25,22710.5
1791276615,2026-10-06T14:20:15,22710.25,22713.9,22710.25,22712.3
1791276630,2026-10-06T14:20:30,22713.75,22718.55,22711.55,22718.55
1791276645,2026-10-06T14:20:45,22718.45,22721.25,22717.75,22720.45
1791276660,2026-10-06T14:21:00,22719.85,22721.2,22715.35,22718
1791276675,2026-10-06T14:21:15,22718,22718.55,22709.5,22709.9
1791276690,2026-10-06T14:21:30,22710.25,22712.45,22708.35,22711.6
1791276705,2026-10-06T14:21:45,22711.55,22711.9,22708.6,22710
1791276720,2026-10-06T14:22:00,22709.95,22715.05,22709.5,22714.15
1791276735,2026-10-06T14:22:15,22713.75,22715.35,22712.4,22714.95
1791276750,2026-10-06T14:22:30,22714.5,22714.6,22710.85,22711.5
1791276765,2026-10-06T14:22:45,22711.25,22712.5,22708.9,22710.15
1791276780,2026-10-06T14:23:00,22709.55,22710.5,22706.9,22709.75
1791276795,2026-10-06T14:23:15,22709.7,22712.1,22709.6,22710.8
1791276810,2026-10-06T14:23:30,22710.95,22712.45,22709.5,22711
1791276825,2026-10-06T14:23:45,22710.95,22712.7,22709.05,22710.9
1791276840,2026-10-06T14:24:00,22711.15,22711.15,22708.55,22709.95
1791276855,2026-10-06T14:24:15,22709.8,22711.65,22709.1,22710.1
1791276870,2026-10-06T14:24:30,22709.95,22711.35,22709,22709.3
1791276885,2026-10-06T14:24:45,22708.85,22710.35,22707.8,22709.1
1791276900,2026-10-06T14:25:00,22708.75,22709.35,22706.55,22706.7
1791276915,2026-10-06T14:25:15,22707.05,22711.7,22705.35,22711.7
1791276930,2026-10-06T14:25:30,22711.1,22712.5,22707.7,22708.8
1791276945,2026-10-06T14:25:45,22708.5,22709.3,22705.35,22705.5
1791276960,2026-10-06T14:26:00,22705.65,22709.9,22705.65,22708.65
1791276975,2026-10-06T14:26:15,22708.75,22709.35,22703.55,22703.55
1791276990,2026-10-06T14:26:30,22703.25,22703.55,22699.9,22700
1791277005,2026-10-06T14:26:45,22699.8,22701,22696.45,22698.2
1791277020,2026-10-06T14:27:00,22697.15,22698.35,22688.45,22690.1
1791277035,2026-10-06T14:27:15,22689.1,22689.65,22685.25,22686.25
1791277050,2026-10-06T14:27:30,22686.4,22697,22684.65,22696.4
1791277065,2026-10-06T14:27:45,22696.5,22699.2,22695.95,22698
1791277080,2026-10-06T14:28:00,22697.9,22698.4,22695.5,22696.3
1791277095,2026-10-06T14:28:15,22696,22698,22686.35,22687.05
1791277110,2026-10-06T14:28:30,22687.1,22689.75,22685.25,22689.05
1791277125,2026-10-06T14:28:45,22688.95,22688.95,22685.7,22686.8
1791277140,2026-10-06T14:29:00,22686.5,22691.45,22686.5,22691.3
1791277155,2026-10-06T14:29:15,22691.1,22692.25,22688.65,22689.05
1791277170,2026-10-06T14:29:30,22688.85,22694.7,22688.7,22693.45
1791277185,2026-10-06T14:29:45,22693.8,22694.6,22688.5,22689.75
1791277200,2026-10-06T14:30:00,22688.9,22692.3,22688.9,22690.8
1791277215,2026-10-06T14:30:15,22690.95,22693.05,22689.3,22691.3
1791277230,2026-10-06T14:30:30,22691.15,22693.5,22689.95,22692.7
1791277245,2026-10-06T14:30:45,22692.5,22693.75,22687.3,22688.8
1791277260,2026-10-06T14:31:00,22687.7,22693.6,22687.35,22692.95
1791277275,2026-10-06T14:31:15,22693.15,22693.55,22689.25,22691.2
1791277290,2026-10-06T14:31:30,22691.25,22693.25,22689.75,22692.1
1791277305,2026-10-06T14:31:45,22692.1,22692.9,22690.2,22690.55
1791277320,2026-10-06T14:32:00,22690.5,22695.35,22690.4,22695
1791277335,2026-10-06T14:32:15,22694.7,22697.3,22694.45,22695.95
1791277350,2026-10-06T14:32:30,22696.05,22699.9,22694.85,22698.75
1791277365,2026-10-06T14:32:45,22698.8,22699.6,22694.4,22696.15
1791277380,2026-10-06T14:33:00,22695.65,22696.65,22691.4,22691.4
1791277395,2026-10-06T14:33:15,22691.4,22694.4,22690.5,22693.45
1791277410,2026-10-06T14:33:30,22693.65,22693.85,22689.6,22689.6
1791277425,2026-10-06T14:33:45,22689.65,22693.85,22689.35,22692.6
1791277440,2026-10-06T14:34:00,22692.7,22693.2,22689.2,22689.2
1791277455,2026-10-06T14:34:15,22689.25,22690.45,22686.65,22687.1
1791277470,2026-10-06T14:34:30,22687.2,22695.55,22685.85,22694.7
1791277485,2026-10-06T14:34:45,22694.95,22695.45,22692.55,22694.15
1791277500,2026-10-06T14:35:00,22694.2,22695.2,22690.3,22690.3
1791277515,2026-10-06T14:35:15,22690.15,22693.3,22689.1,22692.55
1791277530,2026-10-06T14:35:30,22692.35,22694.9,22690.85,22694.15
1791277545,2026-10-06T14:35:45,22693.9,22694.4,22689.35,22689.95
1791277560,2026-10-06T14:36:00,22690,22691.65,22689,22691.1
1791277575,2026-10-06T14:36:15,22690.95,22695.15,22690.6,22694.4
1791277590,2026-10-06T14:36:30,22694.2,22695.5,22692.25,22694.6
1791277605,2026-10-06T14:36:45,22694.45,22694.85,22693.3,22694.45
1791277620,2026-10-06T14:37:00,22694.35,22694.35,22688.1,22688.4
1791277635,2026-10-06T14:37:15,22688.7,22690.1,22686.15,22689.6
1791277650,2026-10-06T14:37:30,22689.7,22690.05,22688.05,22688.85
1791277665,2026-10-06T14:37:45,22688.8,22692.55,22687.75,22692.55
1791277680,2026-10-06T14:38:00,22692.7,22696.7,22691.95,22695.7
1791277695,2026-10-06T14:38:15,22696,22697.6,22695.55,22696
1791277710,2026-10-06T14:38:30,22696.35,22698.35,22694.85,22698.05
1791277725,2026-10-06T14:38:45,22698,22698.95,22693.4,22693.4
1791277740,2026-10-06T14:39:00,22693.45,22695.1,22693.1,22694.65
1791277755,2026-10-06T14:39:15,22694.5,22701.05,22694.4,22699.65
1791277770,2026-10-06T14:39:30,22699.45,22702.05,22696.3,22701.8
1791277785,2026-10-06T14:39:45,22701.4,22703.15,22700.35,22700.35
1791277800,2026-10-06T14:40:00,22700.35,22701.15,22697.45,22697.55
1791277815,2026-10-06T14:40:15,22697.8,22699.45,22695.2,22698.85
1791277830,2026-10-06T14:40:30,22698.8,22703.5,22698.15,22700.9
1791277845,2026-10-06T14:40:45,22700.8,22704,22700.4,22703.1
1791277860,2026-10-06T14:41:00,22703.2,22704.05,22701.6,22701.6
1791277875,2026-10-06T14:41:15,22701.55,22702.5,22700.2,22701.95
1791277890,2026-10-06T14:41:30,22701.95,22703.7,22699.65,22702.3
1791277905,2026-10-06T14:41:45,22702.4,22714.9,22701,22714.15
1791277920,2026-10-06T14:42:00,22714.15,22715.25,22712.15,22712.9
1791277935,2026-10-06T14:42:15,22712.95,22713.4,22709.2,22709.35
1791277950,2026-10-06T14:42:30,22709.5,22709.9,22707,22707.35
1791277965,2026-10-06T14:42:45,22707.45,22708.1,22706.35,22707.15
1791277980,2026-10-06T14:43:00,22707.1,22707.9,22701.85,22702.55
1791277995,2026-10-06T14:43:15,22702.2,22703.4,22698.35,22702.85
1791278010,2026-10-06T14:43:30,22702.85,22703.3,22700.55,22701.1
1791278025,2026-10-06T14:43:45,22701.1,22702.7,22700.05,22700.95
1791278040,2026-10-06T14:44:00,22700.9,22700.9,22698.8,22699.45
1791278055,2026-10-06T14:44:15,22699.25,22700.2,22697.85,22698.8
1791278070,2026-10-06T14:44:30,22698.9,22704.8,22698.75,22703.45
1791278085,2026-10-06T14:44:45,22703.4,22705.3,22702.55,22702.55
1791278100,2026-10-06T14:45:00,22702.7,22705.3,22701.7,22703.55
1791278115,2026-10-06T14:45:15,22703.65,22705.85,22703.2,22704.4
1791278130,2026-10-06T14:45:30,22704.35,22706.95,22703.7,22706.5
1791278145,2026-10-06T14:45:45,22706.6,22708.75,22705.55,22706.85
1791278160,2026-10-06T14:46:00,22706.55,22708.8,22704.9,22708.35
1791278175,2026-10-06T14:46:15,22708.5,22708.8,22705.3,22706.15
1791278190,2026-10-06T14:46:30,22705.75,22708.65,22705.1,22708.1
1791278205,2026-10-06T14:46:45,22707.4,22707.9,22704.9,22706.35
1791278220,2026-10-06T14:47:00,22706.35,22707,22703.85,22705.95
1791278235,2026-10-06T14:47:15,22705.85,22708.6,22704.85,22708.1
1791278250,2026-10-06T14:47:30,22708.05,22710.1,22707.6,22708.65
1791278265,2026-10-06T14:47:45,22707.85,22710.9,22707.4,22709.75
1791278280,2026-10-06T14:48:00,22709.75,22712.45,22708.65,22711.8
1791278295,2026-10-06T14:48:15,22712.25,22715.1,22711.8,22712.4
1791278310,2026-10-06T14:48:30,22712.45,22713.4,22709.45,22711.3
1791278325,2026-10-06T14:48:45,22711.05,22714.75,22710.95,22712.1
1791278340,2026-10-06T14:49:00,22712.1,22712.9,22708.45,22710.55
1791278355,2026-10-06T14:49:15,22710.65,22712,22706.95,22709.05
1791278370,2026-10-06T14:49:30,22708.95,22711,22707.5,22711
1791278385,2026-10-06T14:49:45,22710.95,22711.65,22709.4,22710.5
1791278400,2026-10-06T14:50:00,22710.3,22711.1,22706.65,22707.1
1791278415,2026-10-06T14:50:15,22707.5,22710.05,22706.1,22707.8
1791278430,2026-10-06T14:50:30,22707.9,22709,22705.95,22707.2
1791278445,2026-10-06T14:50:45,22707.05,22710,22706.2,22708.35
1791278460,2026-10-06T14:51:00,22708.15,22711.75,22707.6,22710.15
1791278475,2026-10-06T14:51:15,22709.95,22711.35,22708.5,22708.8
1791278490,2026-10-06T14:51:30,22708.8,22709.75,22707.35,22708.65
1791278505,2026-10-06T14:51:45,22708.95,22711.15,22708.5,22709.45
1791278520,2026-10-06T14:52:00,22709.35,22710.35,22707.75,22708.8
1791278535,2026-10-06T14:52:15,22708.9,22709.95,22707.05,22708.45
1791278550,2026-10-06T14:52:30,22708.65,22709.6,22705.5,22706.4
1791278565,2026-10-06T14:52:45,22706.15,22708,22705.9,22707.25
1791278580,2026-10-06T14:53:00,22707.45,22709.1,22706.65,22707.8
1791278595,2026-10-06T14:53:15,22707.8,22708.45,22703.5,22703.7
1791278610,2026-10-06T14:53:30,22703.55,22706.1,22702.65,22705.6
1791278625,2026-10-06T14:53:45,22705.65,22708.3,22704.15,22708.3
1791278640,2026-10-06T14:54:00,22708.3,22708.8,22705.9,22707.95
1791278655,2026-10-06T14:54:15,22707.7,22708.3,22703.85,22705.1
1791278670,2026-10-06T14:54:30,22705.45,22705.75,22702.05,22703.55
1791278685,2026-10-06T14:54:45,22703.3,22704.95,22702.2,22703.05
1791278700,2026-10-06T14:55:00,22705,22708.1,22703,22707.55
1791278715,2026-10-06T14:55:15,22707.8,22711.7,22707.45,22711.2
1791278730,2026-10-06T14:55:30,22711.35,22714.25,22711.2,22713.2
1791278745,2026-10-06T14:55:45,22713.4,22713.9,22710.7,22711.6
1791278760,2026-10-06T14:56:00,22711.6,22713.3,22710.15,22711.85
1791278775,2026-10-06T14:56:15,22711.95,22714.1,22709.4,22712.3
1791278790,2026-10-06T14:56:30,22712.3,22714.2,22711.4,22713.05
1791278805,2026-10-06T14:56:45,22712.55,22713.3,22710.45,22712.7
1791278820,2026-10-06T14:57:00,22712.65,22712.95,22708.2,22709
1791278835,2026-10-06T14:57:15,22708.75,22710.65,22708.45,22708.85
1791278850,2026-10-06T14:57:30,22708.7,22709.2,22706.1,22706.15
1791278865,2026-10-06T14:57:45,22706.25,22709.15,22705.4,22708.2
1791278880,2026-10-06T14:58:00,22708.15,22708.85,22706.1,22706.35
1791278895,2026-10-06T14:58:15,22706.2,22708.05,22705.05,22707.2
1791278910,2026-10-06T14:58:30,22707.35,22708.75,22706.3,22706.85
1791278925,2026-10-06T14:58:45,22706.85,22707.8,22704.85,22705.9
1791278940,2026-10-06T14:59:00,22705.65,22708.5,22705,22707.35
1791278955,2026-10-06T14:59:15,22707.05,22708.3,22705.95,22707.55
1791278970,2026-10-06T14:59:30,22707.75,22708.65,22705.25,22706.1
1791278985,2026-10-06T14:59:45,22706.35,22707.15,22704.95,22705.65
1791279000,2026-10-06T15:00:00,22705.75,22705.75,22698.75,22698.8
1791279015,2026-10-06T15:00:15,22699.75,22699.75,22696.35,22696.65
1791279030,2026-10-06T15:00:30,22697.85,22698.95,22695.5,22698.4
1791279045,2026-10-06T15:00:45,22698.5,22702.6,22696.9,22702.15
1791279060,2026-10-06T15:01:00,22702.7,22707.4,22701.85,22706.55
1791279075,2026-10-06T15:01:15,22706.6,22707.05,22702.8,22704.8
1791279090,2026-10-06T15:01:30,22704.9,22705.55,22702.9,22703.4
1791279105,2026-10-06T15:01:45,22703.55,22705.1,22702.3,22703.4
1791279120,2026-10-06T15:02:00,22703.25,22703.65,22700.8,22701.6
1791279135,2026-10-06T15:02:15,22701.9,22703.6,22700.8,22702.65
1791279150,2026-10-06T15:02:30,22702.85,22703.9,22698.25,22699.5
1791279165,2026-10-06T15:02:45,22698.75,22699.45,22697.1,22699.3
1791279180,2026-10-06T15:03:00,22698.5,22701.1,22697.4,22701
1791279195,2026-10-06T15:03:15,22701.25,22702.25,22699.65,22701.35
1791279210,2026-10-06T15:03:30,22701.4,22701.9,22698.7,22698.7
1791279225,2026-10-06T15:03:45,22698.55,22701.1,22697,22699.95
1791279240,2026-10-06T15:04:00,22699.4,22701.5,22698.35,22699.35
1791279255,2026-10-06T15:04:15,22699.7,22702.4,22697.25,22702.4
1791279270,2026-10-06T15:04:30,22702.55,22704.55,22701.25,22704.45
1791279285,2026-10-06T15:04:45,22704.35,22704.35,22702,22703.35
1791279300,2026-10-06T15:05:00,22703.55,22709.4,22702.75,22708.35
1791279315,2026-10-06T15:05:15,22709.1,22710.8,22707.65,22709.5
1791279330,2026-10-06T15:05:30,22709.4,22709.65,22705.5,22706.1
1791279345,2026-10-06T15:05:45,22706.3,22707.9,22705.5,22707.2
1791279360,2026-10-06T15:06:00,22707.2,22711.75,22706.8,22711.6
1791279375,2026-10-06T15:06:15,22711.7,22713.45,22710.9,22712.5
1791279390,2026-10-06T15:06:30,22712.65,22713.45,22711.3,22711.8
1791279405,2026-10-06T15:06:45,22711.9,22711.9,22708.2,22709.75
1791279420,2026-10-06T15:07:00,22708.9,22711,22707.6,22710.5
1791279435,2026-10-06T15:07:15,22710.75,22710.85,22707.65,22709.4
1791279450,2026-10-06T15:07:30,22709,22710.95,22707.3,22707.5
1791279465,2026-10-06T15:07:45,22707.65,22708.15,22705.5,22707.6
1791279480,2026-10-06T15:08:00,22707.4,22711,22705.4,22710.05
1791279495,2026-10-06T15:08:15,22709.8,22713.3,22708.15,22711.75
1791279510,2026-10-06T15:08:30,22711.5,22712.5,22708.5,22710.05
1791279525,2026-10-06T15:08:45,22709.95,22712.15,22708.2,22711.25
1791279540,2026-10-06T15:09:00,22710.3,22712.25,22706.6,22710.2
1791279555,2026-10-06T15:09:15,22711.05,22712.05,22708.65,22710.7
1791279570,2026-10-06T15:09:30,22710.65,22712.35,22707.4,22708.1
1791279585,2026-10-06T15:09:45,22709.55,22710.15,22707.4,22709.55
1791279600,2026-10-06T15:10:00,22708.9,22711,22707.55,22709.9
1791279615,2026-10-06T15:10:15,22709.75,22712.65,22708.75,22710.95
1791279630,2026-10-06T15:10:30,22711.45,22713.05,22709.5,22712.75
1791279645,2026-10-06T15:10:45,22712.75,22713.8,22711.15,22713.15
1791279660,2026-10-06T15:11:00,22713.2,22714.8,22711.5,22714.3
1791279675,2026-10-06T15:11:15,22714.3,22716.9,22712.55,22715.85
1791279690,2026-10-06T15:11:30,22715.75,22717.9,22711.65,22714.3
1791279705,2026-10-06T15:11:45,22714.45,22715.85,22711.9,22713.3
1791279720,2026-10-06T15:12:00,22712.9,22713.95,22707.7,22708.45
1791279735,2026-10-06T15:12:15,22709.8,22715.35,22709.45,22713.45
1791279750,2026-10-06T15:12:30,22713.5,22715.05,22706.3,22711.65
1791279765,2026-10-06T15:12:45,22711.35,22712.4,22704.8,22711.8
1791279780,2026-10-06T15:13:00,22711.45,22713.3,22708.1,22710.65
1791279795,2026-10-06T15:13:15,22710.85,22714.5,22709.2,22713.55
1791279810,2026-10-06T15:13:30,22711.25,22714.5,22709.3,22711
1791279825,2026-10-06T15:13:45,22710.7,22713.9,22709.25,22713.3
1791279840,2026-10-06T15:14:00,22710.05,22714.85,22708.3,22712.75
1791279855,2026-10-06T15:14:15,22712.05,22719.25,22712.05,22717.65
1791279870,2026-10-06T15:14:30,22717.8,22720.35,22714,22717.75
1791279885,2026-10-06T15:14:45,22717.65,22721.75,22713.85,22717.4
1791279900,2026-10-06T15:15:00,22717.7,22717.7,22717.7,22717.7
1791279915,2026-10-06T15:15:15,22717.7,22717.7,22717.7,22717.7
1791279930,2026-10-06T15:15:30,22717.7,22717.7,22717.7,22717.7
1791279945,2026-10-06T15:15:45,22717.7,22717.7,22717.7,22717.7
1791279960,2026-10-06T15:16:00,22717.7,22717.7,22717.7,22717.7
1791279975,2026-10-06T15:16:15,22717.7,22717.7,22717.7,22717.7
1791279990,2026-10-06T15:16:30,22717.7,22717.7,22717.7,22717.7
1791280005,2026-10-06T15:16:45,22717.7,22717.7,22717.7,22717.7
1791280020,2026-10-06T15:17:00,22717.7,22717.7,22717.7,22717.7
1791280035,2026-10-06T15:17:15,22717.7,22717.7,22717.7,22717.7
1791280050,2026-10-06T15:17:30,22717.7,22717.7,22717.7,22717.7
1791280065,2026-10-06T15:17:45,22717.7,22717.7,22717.7,22717.7
1791280080,2026-10-06T15:18:00,22717.7,22717.7,22717.7,22717.7
1791280095,2026-10-06T15:18:15,22717.7,22717.7,22717.7,22717.7
1791280110,2026-10-06T15:18:30,22717.7,22717.7,22717.7,22717.7
1791280125,2026-10-06T15:18:45,22717.7,22717.7,22717.7,22717.7
1791280140,2026-10-06T15:19:00,22717.7,22717.7,22717.7,22717.7
1791280155,2026-10-06T15:19:15,22717.7,22717.7,22717.7,22717.7
1791280170,2026-10-06T15:19:30,22717.7,22717.7,22717.7,22717.7
1791280185,2026-10-06T15:19:45,22717.7,22717.7,22717.7,22717.7
1791280200,2026-10-06T15:20:00,22717.7,22717.7,22717.7,22717.7
1791280215,2026-10-06T15:20:15,22717.7,22717.7,22717.7,22717.7
1791280230,2026-10-06T15:20:30,22717.7,22717.7,22717.7,22717.7
1791280245,2026-10-06T15:20:45,22717.7,22717.7,22717.7,22717.7
1791280260,2026-10-06T15:21:00,22717.7,22717.7,22717.7,22717.7
1791280275,2026-10-06T15:21:15,22717.7,22717.7,22717.7,22717.7
1791280290,2026-10-06T15:21:30,22717.7,22717.7,22717.7,22717.7
1791280305,2026-10-06T15:21:45,22717.7,22717.7,22717.7,22717.7
1791280320,2026-10-06T15:22:00,22717.7,22717.7,22717.7,22717.7
1791280335,2026-10-06T15:22:15,22717.7,22717.7,22717.7,22717.7
1791280350,2026-10-06T15:22:30,22717.7,22717.7,22717.7,22717.7
1791280365,2026-10-06T15:22:45,22717.7,22717.7,22717.7,22717.7
1791280380,2026-10-06T15:23:00,22717.7,22717.7,22717.7,22717.7
1791280395,2026-10-06T15:23:15,22717.7,22717.7,22717.7,22717.7
1791280410,2026-10-06T15:23:30,22717.7,22717.7,22717.7,22717.7
1791280425,2026-10-06T15:23:45,22717.7,22717.7,22717.7,22717.7
1791280440,2026-10-06T15:24:00,22717.7,22717.7,22717.7,22717.7
1791280455,2026-10-06T15:24:15,22717.7,22717.7,22717.7,22717.7
1791280470,2026-10-06T15:24:30,22717.7,22717.7,22717.7,22717.7
1791280485,2026-10-06T15:24:45,22717.7,22717.7,22717.7,22717.7
1791280500,2026-10-06T15:25:00,22717.7,22717.7,22717.7,22717.7
1791280515,2026-10-06T15:25:15,22717.7,22717.7,22717.7,22717.7
1791280530,2026-10-06T15:25:30,22717.7,22717.7,22717.7,22717.7
1791280545,2026-10-06T15:25:45,22717.7,22717.7,22717.7,22717.7
1791280560,2026-10-06T15:26:00,22717.7,22717.7,22717.7,22717.7
1791280575,2026-10-06T15:26:15,22717.7,22717.7,22717.7,22717.7
1791280590,2026-10-06T15:26:30,22717.7,22717.7,22717.7,22717.7
1791280605,2026-10-06T15:26:45,22717.7,22717.7,22717.7,22717.7
1791280620,2026-10-06T15:27:00,22717.7,22717.7,22717.7,22717.7
1791280635,2026-10-06T15:27:15,22717.7,22717.7,22717.7,22717.7
1791280650,2026-10-06T15:27:30,22717.7,22717.7,22717.7,22717.7
1791280665,2026-10-06T15:27:45,22717.7,22717.7,22717.7,22717.7
1791280680,2026-10-06T15:28:00,22717.7,22717.7,22717.7,22717.7
1791280695,2026-10-06T15:28:15,22717.7,22717.7,22717.7,22717.7
1791280710,2026-10-06T15:28:30,22717.7,22717.7,22717.7,22717.7
1791280725,2026-10-06T15:28:45,22717.7,22717.7,22717.7,22717.7
1791280740,2026-10-06T15:29:00,22717.7,22776.1,22717.7,22776.1
1791280755,2026-10-06T15:29:15,22776.1,22776.1,22776.1,22776.1
1791280770,2026-10-06T15:29:30,22776.1,22776.1,22776.1,22776.1
1791280785,2026-10-06T15:29:45,22776.1,22776.1,22776.1,22776.1
1791344700,2026-10-07T09:15:00,22684.55,22686.5,22642.45,22642.8
1791344715,2026-10-07T09:15:15,22642.9,22647.55,22633.9,22645.05
1791344730,2026-10-07T09:15:30,22645.15,22645.65,22610.2,22613.65
1791344745,2026-10-07T09:15:45,22613.6,22619.7,22606.95,22613.85
1791344760,2026-10-07T09:16:00,22616.15,22621.05,22607.4,22620.4
1791344775,2026-10-07T09:16:15,22618.55,22620.75,22609.1,22610.5
1791344790,2026-10-07T09:16:30,22613.3,22614.85,22607.2,22612.1
1791344805,2026-10-07T09:16:45,22611.85,22613.95,22603.75,22608.05
1791344820,2026-10-07T09:17:00,22610.85,22610.85,22602.95,22603.05
1791344835,2026-10-07T09:17:15,22602.15,22610.15,22602.1,22607.85
1791344850,2026-10-07T09:17:30,22609.85,22614.45,22606.8,22610.4
1791344865,2026-10-07T09:17:45,22609.15,22611.5,22605.3,22610.8
1791344880,2026-10-07T09:18:00,22612.9,22621,22610,22619.65
1791344895,2026-10-07T09:18:15,22619.15,22622.65,22617.65,22622.15
1791344910,2026-10-07T09:18:30,22624.05,22624.05,22614.7,22615.1
1791344925,2026-10-07T09:18:45,22615.2,22619.3,22612.85,22617.85
1791344940,2026-10-07T09:19:00,22620.95,22626.45,22618.55,22623.4
1791344955,2026-10-07T09:19:15,22623.4,22628.15,22622.7,22626.75
1791344970,2026-10-07T09:19:30,22629,22629,22622.55,22624.95
1791344985,2026-10-07T09:19:45,22624.35,22626,22621.25,22622.7
1791345000,2026-10-07T09:20:00,22623.65,22623.65,22619.1,22621.35
1791345015,2026-10-07T09:20:15,22621,22623.85,22619.45,22621.55
1791345030,2026-10-07T09:20:30,22623.45,22623.45,22613.45,22613.45
1791345045,2026-10-07T09:20:45,22614,22615.2,22609.1,22610.7
1791345060,2026-10-07T09:21:00,22612.95,22613.2,22610.65,22611.5
1791345075,2026-10-07T09:21:15,22612.1,22615.5,22610.85,22614.65
1791345090,2026-10-07T09:21:30,22616,22616,22611.4,22612.65
1791345105,2026-10-07T09:21:45,22613.3,22617.4,22612.85,22615.65
1791345120,2026-10-07T09:22:00,22617.4,22621.85,22617.35,22620.95
1791345135,2026-10-07T09:22:15,22620.3,22623.85,22618.7,22623.8
1791345150,2026-10-07T09:22:30,22626.45,22626.45,22621.95,22625.5
1791345165,2026-10-07T09:22:45,22624.95,22625.05,22616.55,22617.5
1791345180,2026-10-07T09:23:00,22619.1,22619.1,22614.85,22616.9
1791345195,2026-10-07T09:23:15,22616.2,22616.45,22611.3,22612.4
1791345210,2026-10-07T09:23:30,22614.2,22614.2,22610.25,22612.95
1791345225,2026-10-07T09:23:45,22612.9,22614.75,22610.7,22611.7
1791345240,2026-10-07T09:24:00,22612.9,22615.8,22610.85,22611.85
1791345255,2026-10-07T09:24:15,22612,22616.75,22611.9,22614.3
1791345270,2026-10-07T09:24:30,22617,22618.5,22614.05,22617.95
1791345285,2026-10-07T09:24:45,22617.5,22619.15,22615,22618.25
1791345300,2026-10-07T09:25:00,22619.55,22619.7,22614.15,22614.65
1791345315,2026-10-07T09:25:15,22614.55,22616.25,22612.3,22614.5
1791345330,2026-10-07T09:25:30,22615.4,22615.4,22610.2,22611.1
1791345345,2026-10-07T09:25:45,22611.4,22613.35,22610.5,22611.85
1791345360,2026-10-07T09:26:00,22612.65,22612.65,22606.75,22607.5
1791345375,2026-10-07T09:26:15,22607.45,22611.15,22606.15,22610.4
1791345390,2026-10-07T09:26:30,22611.6,22611.9,22609.15,22610.1
1791345405,2026-10-07T09:26:45,22610.15,22610.85,22607.85,22609.3
1791345420,2026-10-07T09:27:00,22609.95,22612.2,22608.15,22611.8
1791345435,2026-10-07T09:27:15,22611.9,22615.45,22611.5,22615.2
1791345450,2026-10-07T09:27:30,22616,22618.3,22614.6,22617.05
1791345465,2026-10-07T09:27:45,22617.55,22618.8,22616.2,22618.75
1791345480,2026-10-07T09:28:00,22619.9,22619.95,22618.15,22618.9
1791345495,2026-10-07T09:28:15,22618.95,22622,22618.4,22620.2
1791345510,2026-10-07T09:28:30,22621.7,22622.05,22617.8,22619.45
1791345525,2026-10-07T09:28:45,22619.75,22626.8,22619.45,22626.8
1791345540,2026-10-07T09:29:00,22627.25,22629.65,22624.7,22624.7
1791345555,2026-10-07T09:29:15,22625.5,22626.2,22623.35,22625.45
1791345570,2026-10-07T09:29:30,22626.6,22627.8,22624.7,22625.25
1791345585,2026-10-07T09:29:45,22625.1,22628.15,22623.7,22624
1791345600,2026-10-07T09:30:00,22624.95,22625,22617.1,22619.35
1791345615,2026-10-07T09:30:15,22619.6,22622.45,22617.2,22619.75
1791345630,2026-10-07T09:30:30,22620.6,22623,22619.05,22623
1791345645,2026-10-07T09:30:45,22623.05,22623.1,22619.2,22622.45
1791345660,2026-10-07T09:31:00,22624.15,22626.75,22622.7,22626.75
1791345675,2026-10-07T09:31:15,22627.05,22628.9,22624,22626.15
1791345690,2026-10-07T09:31:30,22628.9,22632.3,22627.5,22631.75
1791345705,2026-10-07T09:31:45,22631.8,22634.3,22630.75,22632.5
1791345720,2026-10-07T09:32:00,22634.1,22634.1,22626.05,22628.2
1791345735,2026-10-07T09:32:15,22628.15,22630.8,22627.65,22629.1
1791345750,2026-10-07T09:32:30,22630.6,22631.8,22628.15,22631.5
1791345765,2026-10-07T09:32:45,22631.8,22632.55,22626.6,22626.6
1791345780,2026-10-07T09:33:00,22627.8,22629.05,22625.15,22627.15
1791345795,2026-10-07T09:33:15,22626.95,22629.8,22626.35,22627.9
1791345810,2026-10-07T09:33:30,22627.95,22629.25,22624.8,22625.65
1791345825,2026-10-07T09:33:45,22625.05,22625.1,22620.25,22620.4
1791345840,2026-10-07T09:34:00,22621,22621.3,22619,22620.1
1791345855,2026-10-07T09:34:15,22619.65,22620.45,22618.45,22619.3
1791345870,2026-10-07T09:34:30,22620.05,22620.05,22616.4,22617.05
1791345885,2026-10-07T09:34:45,22617.15,22618.75,22613.65,22613.65
1791345900,2026-10-07T09:35:00,22615.7,22616.25,22612.65,22612.75
1791345915,2026-10-07T09:35:15,22612.6,22612.95,22610.8,22611.35
1791345930,2026-10-07T09:35:30,22612.3,22613.9,22609.65,22613
1791345945,2026-10-07T09:35:45,22613.05,22613.4,22609.7,22611.1
1791345960,2026-10-07T09:36:00,22612.5,22612.85,22609.15,22610.45
1791345975,2026-10-07T09:36:15,22610.5,22612.7,22609.85,22612.55
1791345990,2026-10-07T09:36:30,22612.55,22612.7,22609.05,22610.25
1791346005,2026-10-07T09:36:45,22610.4,22612.2,22610,22610.65
1791346020,2026-10-07T09:37:00,22611.95,22612.4,22610.65,22611.8
1791346035,2026-10-07T09:37:15,22611.45,22611.85,22606.45,22606.75
1791346050,2026-10-07T09:37:30,22608.8,22608.8,22605.35,22607.4
1791346065,2026-10-07T09:37:45,22607.25,22607.25,22604.3,22606.75
1791346080,2026-10-07T09:38:00,22608.3,22608.3,22601.35,22602.15
1791346095,2026-10-07T09:38:15,22602.2,22603.8,22601.8,22603.4
1791346110,2026-10-07T09:38:30,22605.55,22605.55,22602.85,22604.25
1791346125,2026-10-07T09:38:45,22604.3,22604.45,22602.05,22603.35
1791346140,2026-10-07T09:39:00,22604.65,22605.8,22596.2,22596.9
1791346155,2026-10-07T09:39:15,22597.75,22597.75,22592.35,22592.7
1791346170,2026-10-07T09:39:30,22594.85,22594.85,22588.2,22589.75
1791346185,2026-10-07T09:39:45,22589.95,22591.05,22587.05,22588
1791346200,2026-10-07T09:40:00,22587.6,22591.45,22586.6,22589.25
1791346215,2026-10-07T09:40:15,22589.1,22592.35,22588.65,22589.05
1791346230,2026-10-07T09:40:30,22591.55,22591.55,22585.9,22587.2
1791346245,2026-10-07T09:40:45,22587.95,22589.75,22585.4,22588.5
1791346260,2026-10-07T09:41:00,22591.05,22592.4,22587.95,22588.6
1791346275,2026-10-07T09:41:15,22588.2,22592.3,22588.1,22591.4
1791346290,2026-10-07T09:41:30,22592.4,22597.25,22590.55,22595.9
1791346305,2026-10-07T09:41:45,22597.15,22602.25,22596.45,22601.45
1791346320,2026-10-07T09:42:00,22603.2,22608.3,22601.85,22607.3
1791346335,2026-10-07T09:42:15,22607.2,22611.55,22607.2,22611.55
1791346350,2026-10-07T09:42:30,22613.6,22613.6,22611.25,22613
1791346365,2026-10-07T09:42:45,22613.2,22613.95,22611.35,22612.95
1791346380,2026-10-07T09:43:00,22613.95,22621.7,22612.45,22620.55
1791346395,2026-10-07T09:43:15,22620.65,22622.35,22618.8,22622.35
1791346410,2026-10-07T09:43:30,22623.5,22625.8,22621.65,22623.5
1791346425,2026-10-07T09:43:45,22623.15,22625.9,22622.55,22622.75
1791346440,2026-10-07T09:44:00,22624.6,22625.85,22621.65,22622.75
1791346455,2026-10-07T09:44:15,22622.75,22623.5,22620.1,22622.25
1791346470,2026-10-07T09:44:30,22622.25,22622.7,22619.85,22622.45
1791346485,2026-10-07T09:44:45,22622.25,22623.05,22616.75,22617.1
1791346500,2026-10-07T09:45:00,22617.7,22620.8,22615.45,22619.85
1791346515,2026-10-07T09:45:15,22619.9,22619.95,22615.2,22615.2
1791346530,2026-10-07T09:45:30,22618.55,22621.4,22616.85,22621.4
1791346545,2026-10-07T09:45:45,22620.55,22622.25,22620.25,22620.4
1791346560,2026-10-07T09:46:00,22621.85,22622.3,22619.15,22619.15
1791346575,2026-10-07T09:46:15,22619.15,22621.05,22613.4,22613.65
1791346590,2026-10-07T09:46:30,22615.3,22615.3,22610.7,22611.8
1791346605,2026-10-07T09:46:45,22611.95,22613.05,22610.6,22611.45
1791346620,2026-10-07T09:47:00,22613.1,22613.7,22611.1,22611.1
1791346635,2026-10-07T09:47:15,22611,22613.05,22610.3,22611.55
1791346650,2026-10-07T09:47:30,22613.25,22613.25,22606.75,22607.05
1791346665,2026-10-07T09:47:45,22606.5,22607.6,22605.8,22606.7
1791346680,2026-10-07T09:48:00,22608.1,22609.4,22606.6,22608.25
1791346695,2026-10-07T09:48:15,22608.3,22610.8,22607.9,22609.8
1791346710,2026-10-07T09:48:30,22611.95,22611.95,22609.8,22610.75
1791346725,2026-10-07T09:48:45,22611.15,22612.15,22609.25,22611.55
1791346740,2026-10-07T09:49:00,22613.45,22613.45,22609.9,22610.75
1791346755,2026-10-07T09:49:15,22610.75,22611.15,22606.75,22608.05
1791346770,2026-10-07T09:49:30,22609.9,22611.95,22608,22611.95
1791346785,2026-10-07T09:49:45,22611.75,22613.1,22610.1,22612.55
1791346800,2026-10-07T09:50:00,22613.25,22617.8,22612.85,22616.85
1791346815,2026-10-07T09:50:15,22616.8,22620.65,22616.6,22619.75
1791346830,2026-10-07T09:50:30,22622.4,22622.4,22620.25,22620.65
1791346845,2026-10-07T09:50:45,22620.65,22621.4,22617.8,22618.25
1791346860,2026-10-07T09:51:00,22620.15,22621.45,22618.6,22621.3
1791346875,2026-10-07T09:51:15,22621.05,22625.1,22619.8,22622.95
1791346890,2026-10-07T09:51:30,22625.2,22625.2,22621.2,22623.15
1791346905,2026-10-07T09:51:45,22622.85,22623.35,22620.6,22620.95
1791346920,2026-10-07T09:52:00,22622.6,22622.65,22620.5,22621.45
1791346935,2026-10-07T09:52:15,22621.25,22623.45,22618.85,22622.6
1791346950,2026-10-07T09:52:30,22624.75,22624.75,22621.65,22622.45
1791346965,2026-10-07T09:52:45,22622.25,22623.25,22620.8,22621
1791346980,2026-10-07T09:53:00,22622.85,22623.15,22621.05,22622.7
1791346995,2026-10-07T09:53:15,22622.7,22624.65,22622.3,22624.45
1791347010,2026-10-07T09:53:30,22625.4,22625.65,22624.15,22625.25
1791347025,2026-10-07T09:53:45,22625.15,22626.75,22624.25,22625.7
1791347040,2026-10-07T09:54:00,22627.35,22627.35,22624.55,22624.9
1791347055,2026-10-07T09:54:15,22624.55,22627.05,22624.05,22625.05
1791347070,2026-10-07T09:54:30,22627.1,22627.3,22616.45,22616.65
1791347085,2026-10-07T09:54:45,22616.55,22616.7,22613.1,22614.1
1791347100,2026-10-07T09:55:00,22615.55,22615.55,22611.8,22612.85
1791347115,2026-10-07T09:55:15,22612.6,22614.6,22610.15,22613.1
1791347130,2026-10-07T09:55:30,22615.55,22615.55,22610.6,22611.7
1791347145,2026-10-07T09:55:45,22611.65,22611.9,22609.7,22610.95
1791347160,2026-10-07T09:56:00,22611.8,22612.2,22610.5,22611.3
1791347175,2026-10-07T09:56:15,22611.25,22613,22609.5,22609.6
1791347190,2026-10-07T09:56:30,22611.6,22611.6,22608.7,22610.7
1791347205,2026-10-07T09:56:45,22610.75,22613.1,22610.4,22611.45
1791347220,2026-10-07T09:57:00,22612.85,22613.7,22611,22611.95
1791347235,2026-10-07T09:57:15,22611.6,22613.9,22611.45,22611.95
1791347250,2026-10-07T09:57:30,22613.9,22613.9,22609.9,22610.1
1791347265,2026-10-07T09:57:45,22610.05,22610.25,22607.75,22609.05
1791347280,2026-10-07T09:58:00,22609.15,22610.95,22605.85,22606.85
1791347295,2026-10-07T09:58:15,22606.75,22608,22605.15,22605.55
1791347310,2026-10-07T09:58:30,22606.7,22608.75,22604.1,22607
1791347325,2026-10-07T09:58:45,22606.3,22607.7,22604.45,22606.7
1791347340,2026-10-07T09:59:00,22607.9,22608.8,22606.05,22607.2
1791347355,2026-10-07T09:59:15,22606.75,22609.3,22606.25,22608.6
1791347370,2026-10-07T09:59:30,22610.35,22610.9,22607.9,22608.45
1791347385,2026-10-07T09:59:45,22608.25,22610.15,22607.4,22609.4
1791347400,2026-10-07T10:00:00,22610.4,22613.45,22609,22612.75
1791347415,2026-10-07T10:00:15,22612.65,22616.4,22611.55,22616.15
1791347430,2026-10-07T10:00:30,22618.05,22618.55,22616.2,22618.25
1791347445,2026-10-07T10:00:45,22618.2,22619.85,22616.4,22618.2
1791347460,2026-10-07T10:01:00,22618.8,22619.15,22611.1,22611.65
1791347475,2026-10-07T10:01:15,22611.7,22611.75,22605.15,22605.7
1791347490,2026-10-07T10:01:30,22606.75,22607,22602.3,22604.15
1791347505,2026-10-07T10:01:45,22603.75,22604.4,22600.55,22601.5
1791347520,2026-10-07T10:02:00,22603.7,22603.7,22600.9,22600.9
1791347535,2026-10-07T10:02:15,22601.25,22602.4,22598.8,22599.8
1791347550,2026-10-07T10:02:30,22601.25,22601.25,22598,22598.45
1791347565,2026-10-07T10:02:45,22599.15,22599.35,22582.3,22585.35
1791347580,2026-10-07T10:03:00,22588,22588,22580.45,22581.35
1791347595,2026-10-07T10:03:15,22581,22582.1,22578.35,22580.9
1791347610,2026-10-07T10:03:30,22582.75,22590.2,22582.7,22590.2
1791347625,2026-10-07T10:03:45,22589.6,22596.25,22589.05,22594.95
1791347640,2026-10-07T10:04:00,22597.6,22599.4,22594.3,22595.9
1791347655,2026-10-07T10:04:15,22595.5,22600.6,22595.1,22600.15
1791347670,2026-10-07T10:04:30,22601.6,22601.6,22596.75,22600.05
1791347685,2026-10-07T10:04:45,22600.15,22609.4,22598.1,22608.9
1791347700,2026-10-07T10:05:00,22610.6,22610.75,22605.6,22608.7
1791347715,2026-10-07T10:05:15,22608.8,22612.95,22607.95,22612
1791347730,2026-10-07T10:05:30,22614.65,22618.3,22613.2,22617.85
1791347745,2026-10-07T10:05:45,22617.6,22621.45,22615.7,22621.45
1791347760,2026-10-07T10:06:00,22622.7,22625.9,22618.9,22625.3
1791347775,2026-10-07T10:06:15,22626.05,22628.8,22623.35,22623.5
1791347790,2026-10-07T10:06:30,22627.4,22627.45,22622.75,22624.6
1791347805,2026-10-07T10:06:45,22624.6,22624.6,22618.75,22619.45
1791347820,2026-10-07T10:07:00,22620.25,22620.25,22613.2,22614.4
1791347835,2026-10-07T10:07:15,22614.45,22614.6,22607.15,22608
1791347850,2026-10-07T10:07:30,22611.05,22615.05,22608.05,22610.15
1791347865,2026-10-07T10:07:45,22609.15,22610.3,22603.15,22606.55
1791347880,2026-10-07T10:08:00,22609.4,22609.5,22601.8,22604.95
1791347895,2026-10-07T10:08:15,22604.25,22607,22601.65,22606.5
1791347910,2026-10-07T10:08:30,22607.95,22608.85,22604.3,22608.65
1791347925,2026-10-07T10:08:45,22608.6,22617.35,22607.6,22615.35
1791347940,2026-10-07T10:09:00,22617.45,22618.2,22614.25,22616.1
1791347955,2026-10-07T10:09:15,22615.55,22620,22611.7,22612.7
1791347970,2026-10-07T10:09:30,22613.7,22623.4,22613.7,22623.2
1791347985,2026-10-07T10:09:45,22622.95,22622.95,22619.35,22622.8
1791348000,2026-10-07T10:10:00,22623.15,22623.25,22612.6,22613.75
1791348015,2026-10-07T10:10:15,22613.2,22617.2,22612.35,22617.1
1791348030,2026-10-07T10:10:30,22617.9,22618.9,22616.15,22618.8
1791348045,2026-10-07T10:10:45,22618.55,22619.5,22612.2,22613.2
1791348060,2026-10-07T10:11:00,22614.3,22615.45,22611.6,22614.8
1791348075,2026-10-07T10:11:15,22614.9,22619.2,22613.8,22618.75
1791348090,2026-10-07T10:11:30,22620.55,22621.6,22619.05,22620.15
1791348105,2026-10-07T10:11:45,22620.45,22625.8,22618.4,22619.6
1791348120,2026-10-07T10:12:00,22620.8,22621.6,22617.95,22619.5
1791348135,2026-10-07T10:12:15,22618.55,22622.95,22618.55,22620.55
1791348150,2026-10-07T10:12:30,22621.5,22622.5,22619.2,22621.85
1791348165,2026-10-07T10:12:45,22621.35,22622.6,22617.3,22619.75
1791348180,2026-10-07T10:13:00,22619.4,22621.9,22618.45,22620.8
1791348195,2026-10-07T10:13:15,22620.75,22623.6,22620.35,22622.45
1791348210,2026-10-07T10:13:30,22623.85,22623.85,22617.1,22619.5
1791348225,2026-10-07T10:13:45,22619.45,22620.45,22616.45,22618.15
1791348240,2026-10-07T10:14:00,22620.15,22620.15,22613.6,22615.05
1791348255,2026-10-07T10:14:15,22615.1,22617.35,22613.5,22615.85
1791348270,2026-10-07T10:14:30,22617,22618.9,22607.75,22608.65
1791348285,2026-10-07T10:14:45,22608.6,22611.75,22607.15,22611.5
1791348300,2026-10-07T10:15:00,22613.15,22620.3,22612.1,22615.55
1791348315,2026-10-07T10:15:15,22616.6,22619.3,22615.5,22617.3
1791348330,2026-10-07T10:15:30,22619,22619,22612,22612
1791348345,2026-10-07T10:15:45,22614.8,22615.3,22612.2,22614.9
1791348360,2026-10-07T10:16:00,22615.9,22619.95,22614.95,22619.95
1791348375,2026-10-07T10:16:15,22619.6,22626.5,22619.35,22625.95
1791348390,2026-10-07T10:16:30,22626.9,22647.85,22625.55,22644.6
1791348405,2026-10-07T10:16:45,22643.95,22646,22640.95,22641.1
1791348420,2026-10-07T10:17:00,22643.7,22645.6,22640.8,22643.55
1791348435,2026-10-07T10:17:15,22643.6,22647.9,22643.2,22646.7
1791348450,2026-10-07T10:17:30,22648.15,22648.15,22646.1,22647.45
1791348465,2026-10-07T10:17:45,22647.5,22653.5,22647.4,22650.3
1791348480,2026-10-07T10:18:00,22651.5,22654.7,22646.15,22654.05
1791348495,2026-10-07T10:18:15,22654.2,22660.25,22654.2,22659.6
1791348510,2026-10-07T10:18:30,22661.65,22677.1,22660.45,22676.6
1791348525,2026-10-07T10:18:45,22676.85,22678.85,22676.1,22677.2
1791348540,2026-10-07T10:19:00,22678.4,22682.75,22666.9,22667.65
1791348555,2026-10-07T10:19:15,22667.2,22670.1,22659.3,22662.05
1791348570,2026-10-07T10:19:30,22663.4,22663.4,22653.95,22657.85
1791348585,2026-10-07T10:19:45,22657.85,22663,22656.15,22656.15
1791348600,2026-10-07T10:20:00,22660,22667.85,22659.4,22664.55
1791348615,2026-10-07T10:20:15,22664.2,22671.7,22664.2,22671.2
1791348630,2026-10-07T10:20:30,22673.15,22673.15,22667.1,22669.75
1791348645,2026-10-07T10:20:45,22670.5,22671.65,22668.2,22671.65
1791348660,2026-10-07T10:21:00,22672.25,22679.7,22670.95,22676.2
1791348675,2026-10-07T10:21:15,22676.2,22683.9,22676.2,22683.1
1791348690,2026-10-07T10:21:30,22685.15,22686,22683.85,22684.95
1791348705,2026-10-07T10:21:45,22684.3,22684.3,22680.1,22682.85
1791348720,2026-10-07T10:22:00,22683.85,22685.05,22681.45,22682.65
1791348735,2026-10-07T10:22:15,22682.6,22683.65,22677.85,22678.85
1791348750,2026-10-07T10:22:30,22681.3,22683.2,22666.85,22667.3
1791348765,2026-10-07T10:22:45,22667.6,22672.45,22664.9,22665.4
1791348780,2026-10-07T10:23:00,22667.45,22667.45,22660.6,22660.6
1791348795,2026-10-07T10:23:15,22660.8,22666.75,22659.2,22662.75
1791348810,2026-10-07T10:23:30,22664.8,22665.6,22661.5,22661.65
1791348825,2026-10-07T10:23:45,22661.85,22664.8,22661.35,22664.2
1791348840,2026-10-07T10:24:00,22665.7,22673.45,22664.9,22670.4
1791348855,2026-10-07T10:24:15,22670.1,22673.5,22669.35,22672.95
1791348870,2026-10-07T10:24:30,22674.25,22675,22670.45,22674.85
1791348885,2026-10-07T10:24:45,22674.6,22675.45,22666.5,22667.4
1791348900,2026-10-07T10:25:00,22669.4,22670.8,22667.45,22667.65
1791348915,2026-10-07T10:25:15,22667.25,22675.55,22667.15,22674.75
1791348930,2026-10-07T10:25:30,22676.45,22679.35,22675.5,22676.1
1791348945,2026-10-07T10:25:45,22676.3,22678.1,22674.2,22677.5
1791348960,2026-10-07T10:26:00,22678.7,22679.3,22676.65,22677.25
1791348975,2026-10-07T10:26:15,22677.25,22680.05,22676.25,22676.6
1791348990,2026-10-07T10:26:30,22678.05,22678.6,22675.9,22677.25
1791349005,2026-10-07T10:26:45,22677.1,22679.25,22676.8,22678.85
1791349020,2026-10-07T10:27:00,22680.4,22681.4,22677.1,22680.5
1791349035,2026-10-07T10:27:15,22680,22683.7,22676.75,22678.2
1791349050,2026-10-07T10:27:30,22680.3,22683.75,22676.9,22683.15
1791349065,2026-10-07T10:27:45,22683.15,22683.75,22679.85,22679.85
1791349080,2026-10-07T10:28:00,22680.9,22680.9,22676,22677.25
1791349095,2026-10-07T10:28:15,22676.8,22681.45,22676.8,22679.15
1791349110,2026-10-07T10:28:30,22680.65,22680.95,22677.3,22680.55
1791349125,2026-10-07T10:28:45,22680.5,22682.5,22678.65,22680.35
1791349140,2026-10-07T10:29:00,22682.4,22688.8,22681.9,22688.8
1791349155,2026-10-07T10:29:15,22688.3,22689.55,22684.25,22685.25
1791349170,2026-10-07T10:29:30,22686.9,22700.65,22685.75,22699
1791349185,2026-10-07T10:29:45,22699.2,22701.6,22696.95,22697.9
1791349200,2026-10-07T10:30:00,22700.2,22700.55,22692.4,22693.1
1791349215,2026-10-07T10:30:15,22693,22694,22690.05,22690.85
1791349230,2026-10-07T10:30:30,22692.9,22694.9,22690.3,22691.1
1791349245,2026-10-07T10:30:45,22691.4,22693.05,22686.25,22686.6
1791349260,2026-10-07T10:31:00,22687.95,22696.5,22686.4,22695.1
1791349275,2026-10-07T10:31:15,22695.75,22696.75,22692.05,22693.5
1791349290,2026-10-07T10:31:30,22695.15,22695.8,22692.35,22692.95
1791349305,2026-10-07T10:31:45,22692.75,22693.4,22687.7,22689.75
1791349320,2026-10-07T10:32:00,22690.1,22690.1,22685.6,22687.85
1791349335,2026-10-07T10:32:15,22687.95,22689.55,22684.45,22686.75
1791349350,2026-10-07T10:32:30,22688.15,22692.15,22685.8,22689.3
1791349365,2026-10-07T10:32:45,22689.7,22690.15,22685.4,22686.85
1791349380,2026-10-07T10:33:00,22689.3,22689.3,22683.15,22684.1
1791349395,2026-10-07T10:33:15,22684.05,22690.15,22682.9,22683.95
1791349410,2026-10-07T10:33:30,22686.45,22686.45,22679.55,22681
1791349425,2026-10-07T10:33:45,22681.2,22681.45,22675.75,22676.4
1791349440,2026-10-07T10:34:00,22678.2,22678.2,22672.05,22672.75
1791349455,2026-10-07T10:34:15,22673.3,22673.3,22669.15,22669.85
1791349470,2026-10-07T10:34:30,22671.45,22671.45,22660.6,22661.6
1791349485,2026-10-07T10:34:45,22661.7,22663.9,22657.8,22657.85
1791349500,2026-10-07T10:35:00,22659.25,22664.35,22657.25,22660.75
1791349515,2026-10-07T10:35:15,22660.85,22661.3,22657.6,22660.75
1791349530,2026-10-07T10:35:30,22661.85,22661.85,22657.4,22657.4
1791349545,2026-10-07T10:35:45,22657.6,22657.6,22650.25,22652.6
1791349560,2026-10-07T10:36:00,22652.25,22654.15,22650.25,22651.7
1791349575,2026-10-07T10:36:15,22652.05,22653.3,22650.95,22651.7
1791349590,2026-10-07T10:36:30,22653.6,22653.6,22644.8,22644.8
1791349605,2026-10-07T10:36:45,22644.8,22644.9,22630.05,22630.05
1791349620,2026-10-07T10:37:00,22631.5,22631.5,22624.5,22625.8
1791349635,2026-10-07T10:37:15,22626.05,22629.25,22623.25,22629.1
1791349650,2026-10-07T10:37:30,22631.85,22636.5,22630.15,22636.45
1791349665,2026-10-07T10:37:45,22636.3,22639.6,22635.05,22638
1791349680,2026-10-07T10:38:00,22640,22645.95,22639.6,22644.15
1791349695,2026-10-07T10:38:15,22644.2,22646.35,22642.05,22642.3
1791349710,2026-10-07T10:38:30,22644.45,22648.1,22642.7,22648.05
1791349725,2026-10-07T10:38:45,22648.15,22650.05,22647.1,22648.1
1791349740,2026-10-07T10:39:00,22649.7,22652.2,22648.15,22652.2
1791349755,2026-10-07T10:39:15,22651.1,22655,22651.1,22651.75
1791349770,2026-10-07T10:39:30,22653.2,22653.4,22644.6,22645.15
1791349785,2026-10-07T10:39:45,22645.6,22645.95,22640.25,22641.8
1791349800,2026-10-07T10:40:00,22643.55,22643.7,22641.4,22643.05
1791349815,2026-10-07T10:40:15,22642.25,22645.95,22640.9,22645.95
1791349830,2026-10-07T10:40:30,22646.8,22646.8,22643.1,22645.5
1791349845,2026-10-07T10:40:45,22645.55,22646.5,22642.8,22644
1791349860,2026-10-07T10:41:00,22646.15,22649.45,22643.9,22649.45
1791349875,2026-10-07T10:41:15,22649.5,22650,22647.55,22649.45
1791349890,2026-10-07T10:41:30,22651.65,22653.6,22648.8,22652.85
1791349905,2026-10-07T10:41:45,22653.65,22656,22651.6,22655.2
1791349920,2026-10-07T10:42:00,22656.75,22658.5,22655.9,22657.25
1791349935,2026-10-07T10:42:15,22657.6,22659.6,22657.5,22659.6
1791349950,2026-10-07T10:42:30,22660.85,22660.85,22653.65,22653.65
1791349965,2026-10-07T10:42:45,22653.55,22660,22652.8,22657.85
1791349980,2026-10-07T10:43:00,22660.4,22660.4,22653.65,22655.6
1791349995,2026-10-07T10:43:15,22655.65,22658.35,22653.7,22655.95
1791350010,2026-10-07T10:43:30,22657.8,22657.8,22653.55,22654.3
1791350025,2026-10-07T10:43:45,22654.5,22654.5,22651.7,22653.2
1791350040,2026-10-07T10:44:00,22654.05,22660.1,22653.15,22659.65
1791350055,2026-10-07T10:44:15,22658.9,22666.05,22658.6,22659.95
1791350070,2026-10-07T10:44:30,22661.2,22663.75,22658.15,22663.45
1791350085,2026-10-07T10:44:45,22663.5,22664.55,22658,22659.55
1791350100,2026-10-07T10:45:00,22660.2,22660.3,22656.1,22657.95
1791350115,2026-10-07T10:45:15,22657.9,22657.9,22653.5,22654.45
1791350130,2026-10-07T10:45:30,22656,22656.7,22652.65,22652.95
1791350145,2026-10-07T10:45:45,22652.8,22652.85,22650.1,22650.75
1791350160,2026-10-07T10:46:00,22652.75,22654.8,22651.5,22653.85
1791350175,2026-10-07T10:46:15,22653.85,22654.9,22652.4,22654.15
1791350190,2026-10-07T10:46:30,22655.55,22657.2,22653.65,22654.3
1791350205,2026-10-07T10:46:45,22653.5,22655.35,22653.05,22654.5
1791350220,2026-10-07T10:47:00,22655.9,22655.9,22651.55,22652.7
1791350235,2026-10-07T10:47:15,22652.5,22653.45,22650.15,22651.6
1791350250,2026-10-07T10:47:30,22653.95,22656.95,22652.65,22656.45
1791350265,2026-10-07T10:47:45,22655.75,22657.4,22653.95,22655.45
1791350280,2026-10-07T10:48:00,22657.2,22660.7,22656.3,22659.45
1791350295,2026-10-07T10:48:15,22658.95,22663.65,22658.55,22663.65
1791350310,2026-10-07T10:48:30,22664.8,22664.85,22662.95,22664.2
1791350325,2026-10-07T10:48:45,22663.85,22663.85,22659.6,22659.6
1791350340,2026-10-07T10:49:00,22659.55,22661.95,22657.7,22660.25
1791350355,2026-10-07T10:49:15,22659.9,22661.75,22658.6,22659.35
1791350370,2026-10-07T10:49:30,22660.7,22660.75,22656.75,22658.95
1791350385,2026-10-07T10:49:45,22659,22661.8,22658.3,22661.6
1791350400,2026-10-07T10:50:00,22662.95,22662.95,22659.85,22659.85
1791350415,2026-10-07T10:50:15,22660,22660.4,22658.4,22658.4
1791350430,2026-10-07T10:50:30,22660.9,22661.25,22658.6,22659.4
1791350445,2026-10-07T10:50:45,22659.55,22661.75,22658.95,22661.75
1791350460,2026-10-07T10:51:00,22662.15,22663.55,22660.6,22663.55
1791350475,2026-10-07T10:51:15,22663.35,22664.45,22662.2,22664.1
1791350490,2026-10-07T10:51:30,22664.7,22664.95,22662.7,22663.85
1791350505,2026-10-07T10:51:45,22664.2,22666.75,22663.65,22664.45
1791350520,2026-10-07T10:52:00,22666.45,22668.75,22665.2,22668.3
1791350535,2026-10-07T10:52:15,22668,22668.85,22665.75,22666.6
1791350550,2026-10-07T10:52:30,22667.75,22667.75,22665.9,22666.5
1791350565,2026-10-07T10:52:45,22666.55,22667.4,22659.75,22661
1791350580,2026-10-07T10:53:00,22662.05,22662.15,22659.4,22660.75
1791350595,2026-10-07T10:53:15,22660.9,22664.3,22660.65,22662.7
1791350610,2026-10-07T10:53:30,22664.3,22664.3,22661,22661.35
1791350625,2026-10-07T10:53:45,22661.35,22666.6,22661.25,22665.75
1791350640,2026-10-07T10:54:00,22666.85,22670.45,22665.65,22669.9
1791350655,2026-10-07T10:54:15,22669.65,22673.85,22669,22673.75
1791350670,2026-10-07T10:54:30,22675.85,22678.65,22674.2,22677.05
1791350685,2026-10-07T10:54:45,22677.05,22680.25,22677.05,22680.25
1791350700,2026-10-07T10:55:00,22681.2,22681.85,22678.8,22680.3
1791350715,2026-10-07T10:55:15,22680.1,22684.4,22678.75,22680.1
1791350730,2026-10-07T10:55:30,22683.9,22684.1,22678.05,22679.4
1791350745,2026-10-07T10:55:45,22679.45,22683.25,22678.2,22682
1791350760,2026-10-07T10:56:00,22683.75,22686.15,22680.75,22685.55
1791350775,2026-10-07T10:56:15,22685.5,22685.9,22684.6,22685.65
1791350790,2026-10-07T10:56:30,22687.35,22690.3,22685.15,22688.7
1791350805,2026-10-07T10:56:45,22689,22693.35,22688.6,22692.1
1791350820,2026-10-07T10:57:00,22692.95,22693.35,22691.25,22691.35
1791350835,2026-10-07T10:57:15,22691.7,22692.5,22690.15,22692.5
1791350850,2026-10-07T10:57:30,22693.95,22696.7,22692.15,22696.25
1791350865,2026-10-07T10:57:45,22696.7,22698.1,22694.95,22696
1791350880,2026-10-07T10:58:00,22697.65,22698.6,22696.05,22697.1
1791350895,2026-10-07T10:58:15,22697.25,22697.65,22695.9,22697.65
1791350910,2026-10-07T10:58:30,22699.35,22699.35,22695.25,22697
1791350925,2026-10-07T10:58:45,22697.05,22698.45,22694.9,22694.9
1791350940,2026-10-07T10:59:00,22697,22698,22695.95,22697.7
1791350955,2026-10-07T10:59:15,22697.65,22703.4,22697.35,22702.95
1791350970,2026-10-07T10:59:30,22705.1,22705.35,22701.45,22702.65
1791350985,2026-10-07T10:59:45,22702.75,22705.2,22701.65,22705.1
1791351000,2026-10-07T11:00:00,22705.35,22706.15,22699.1,22700.15
1791351015,2026-10-07T11:00:15,22700.2,22701.25,22698.55,22699
1791351030,2026-10-07T11:00:30,22700.05,22700.95,22698.75,22699.55
1791351045,2026-10-07T11:00:45,22699.65,22700.55,22693.75,22693.75
1791351060,2026-10-07T11:01:00,22696.8,22696.8,22692.65,22693.95
1791351075,2026-10-07T11:01:15,22693.5,22693.9,22690.95,22690.95
1791351090,2026-10-07T11:01:30,22692.2,22692.3,22690.25,22691
1791351105,2026-10-07T11:01:45,22690.95,22693.75,22690.35,22692.45
1791351120,2026-10-07T11:02:00,22693.45,22694.55,22691.85,22692.55
1791351135,2026-10-07T11:02:15,22692.8,22694,22691.35,22693.8
1791351150,2026-10-07T11:02:30,22695.15,22695.15,22693,22693.6
1791351165,2026-10-07T11:02:45,22693.3,22693.8,22690.25,22691.35
1791351180,2026-10-07T11:03:00,22692.25,22694.2,22691.4,22693.25
1791351195,2026-10-07T11:03:15,22693.15,22693.8,22690.45,22690.75
1791351210,2026-10-07T11:03:30,22693.35,22693.35,22690.85,22691.85
1791351225,2026-10-07T11:03:45,22692,22693.4,22691,22692.5
1791351240,2026-10-07T11:04:00,22693.6,22695.15,22693.05,22694.4
1791351255,2026-10-07T11:04:15,22694.45,22705.6,22691.05,22702.8
1791351270,2026-10-07T11:04:30,22704.3,22704.3,22697,22699.1
1791351285,2026-10-07T11:04:45,22699.3,22699.35,22693.6,22693.85
1791351300,2026-10-07T11:05:00,22695.2,22695.2,22690.85,22693.75
1791351315,2026-10-07T11:05:15,22693.95,22697,22691.15,22696.55
1791351330,2026-10-07T11:05:30,22698,22698,22694.2,22695.75
1791351345,2026-10-07T11:05:45,22695.25,22701.35,22694.1,22701
1791351360,2026-10-07T11:06:00,22702.3,22705.1,22700.95,22704
1791351375,2026-10-07T11:06:15,22703.95,22704,22699.75,22702.25
1791351390,2026-10-07T11:06:30,22703.05,22703.05,22699.85,22701.45
1791351405,2026-10-07T11:06:45,22701.3,22703.1,22700.4,22702.1
1791351420,2026-10-07T11:07:00,22703,22710.5,22701.8,22710.5
1791351435,2026-10-07T11:07:15,22709.65,22710.45,22707.45,22709.45
1791351450,2026-10-07T11:07:30,22710.45,22710.7,22706.95,22708.2
1791351465,2026-10-07T11:07:45,22708.15,22708.95,22704.15,22706.1
1791351480,2026-10-07T11:08:00,22706.55,22706.55,22701.95,22703
1791351495,2026-10-07T11:08:15,22703.85,22703.85,22700.75,22702.6
1791351510,2026-10-07T11:08:30,22702.85,22702.85,22700.9,22701.85
1791351525,2026-10-07T11:08:45,22701.65,22702.8,22700.25,22701.55
1791351540,2026-10-07T11:09:00,22701.55,22703.85,22700.15,22702.8
1791351555,2026-10-07T11:09:15,22703,22703.9,22699.8,22700.5
1791351570,2026-10-07T11:09:30,22702.45,22702.7,22699.5,22699.65
1791351585,2026-10-07T11:09:45,22700.05,22700.05,22696.55,22697.95
1791351600,2026-10-07T11:10:00,22700.05,22700.1,22694.1,22695.4
1791351615,2026-10-07T11:10:15,22695.55,22696.1,22693.55,22693.8
1791351630,2026-10-07T11:10:30,22695.05,22696.15,22692.9,22694.9
1791351645,2026-10-07T11:10:45,22695.85,22696.05,22691.05,22691.65
1791351660,2026-10-07T11:11:00,22692.85,22694.8,22691.9,22694.65
1791351675,2026-10-07T11:11:15,22694.9,22695.6,22692.7,22692.7
1791351690,2026-10-07T11:11:30,22694.55,22694.75,22693.25,22694.55
1791351705,2026-10-07T11:11:45,22694.9,22696.3,22694.1,22695.35
1791351720,2026-10-07T11:12:00,22696.2,22699.95,22695.45,22699.95
1791351735,2026-10-07T11:12:15,22699.8,22700.85,22698.65,22700.5
1791351750,2026-10-07T11:12:30,22701.3,22701.3,22695.35,22695.35
1791351765,2026-10-07T11:12:45,22695.3,22696.3,22693.95,22694.6
1791351780,2026-10-07T11:13:00,22696.05,22696.5,22694.55,22695.9
1791351795,2026-10-07T11:13:15,22695.9,22698.2,22695.7,22697.05
1791351810,2026-10-07T11:13:30,22698.45,22698.45,22695.8,22697.15
1791351825,2026-10-07T11:13:45,22697.15,22697.55,22695.8,22696.45
1791351840,2026-10-07T11:14:00,22697.5,22697.5,22689.6,22690.9
1791351855,2026-10-07T11:14:15,22690.95,22693.4,22690.1,22691.3
1791351870,2026-10-07T11:14:30,22692.25,22692.6,22690.35,22691.65
1791351885,2026-10-07T11:14:45,22691.85,22692.25,22690.15,22690.6
1791351900,2026-10-07T11:15:00,22691.45,22691.5,22688.15,22689.65
1791351915,2026-10-07T11:15:15,22689.65,22691.6,22688.25,22691.4
1791351930,2026-10-07T11:15:30,22693.2,22693.2,22689.1,22689.85
1791351945,2026-10-07T11:15:45,22689.85,22690.95,22687.6,22690.05
1791351960,2026-10-07T11:16:00,22690.1,22692.4,22689.3,22691.15
1791351975,2026-10-07T11:16:15,22691.05,22692.4,22690.4,22691.75
1791351990,2026-10-07T11:16:30,22692.5,22692.5,22690.1,22690.5
1791352005,2026-10-07T11:16:45,22690.15,22691,22688.85,22690.4
1791352020,2026-10-07T11:17:00,22691.65,22693.55,22690.55,22691.6
1791352035,2026-10-07T11:17:15,22692.3,22695.35,22691.9,22694.55
1791352050,2026-10-07T11:17:30,22696.6,22697.55,22692.05,22692.35
1791352065,2026-10-07T11:17:45,22692.6,22692.9,22689.2,22690.55
1791352080,2026-10-07T11:18:00,22691.55,22692.8,22689.25,22692.15
1791352095,2026-10-07T11:18:15,22691.95,22692.1,22689.4,22690.75
1791352110,2026-10-07T11:18:30,22692.1,22692.1,22688.05,22688.8
1791352125,2026-10-07T11:18:45,22688.5,22689.4,22685,22686.2
1791352140,2026-10-07T11:19:00,22687.35,22687.55,22681.85,22681.85
1791352155,2026-10-07T11:19:15,22681.6,22683.85,22680.4,22681.7
1791352170,2026-10-07T11:19:30,22682,22683.1,22678.45,22679.4
1791352185,2026-10-07T11:19:45,22679.35,22679.8,22677.3,22678.4
1791352200,2026-10-07T11:20:00,22680.45,22680.45,22673.55,22674.4
1791352215,2026-10-07T11:20:15,22674.4,22676.8,22673.55,22676.3
1791352230,2026-10-07T11:20:30,22677.55,22683.4,22676.3,22682.35
1791352245,2026-10-07T11:20:45,22682.45,22682.9,22679.05,22679.45
1791352260,2026-10-07T11:21:00,22680.4,22684.2,22679.35,22683.5
1791352275,2026-10-07T11:21:15,22683.75,22684.6,22682.05,22684
1791352290,2026-10-07T11:21:30,22684.6,22684.65,22682.3,22682.4
1791352305,2026-10-07T11:21:45,22682.3,22682.85,22681,22681.5
1791352320,2026-10-07T11:22:00,22682.55,22682.55,22679.95,22680.6
1791352335,2026-10-07T11:22:15,22680.35,22680.5,22678.65,22679.8
1791352350,2026-10-07T11:22:30,22681,22681.75,22680.1,22681.15
1791352365,2026-10-07T11:22:45,22681.25,22681.45,22679.1,22681.05
1791352380,2026-10-07T11:23:00,22681.3,22682.8,22680.55,22680.55
1791352395,2026-10-07T11:23:15,22680.25,22681.25,22678.6,22680.5
1791352410,2026-10-07T11:23:30,22682.6,22683.3,22680.95,22681.65
1791352425,2026-10-07T11:23:45,22681.75,22683.5,22680.95,22681.1
1791352440,2026-10-07T11:24:00,22682.45,22684.15,22681.1,22683.85
1791352455,2026-10-07T11:24:15,22683.9,22684.75,22682.7,22683.45
1791352470,2026-10-07T11:24:30,22684.8,22685,22682.8,22684.25
1791352485,2026-10-07T11:24:45,22684.25,22686.25,22683.55,22684.35
1791352500,2026-10-07T11:25:00,22685.55,22685.7,22683.4,22684.1
1791352515,2026-10-07T11:25:15,22684.2,22684.2,22680.25,22682.5
1791352530,2026-10-07T11:25:30,22684.3,22686.3,22682.65,22684.95
1791352545,2026-10-07T11:25:45,22684.95,22686.2,22683.75,22685.4
1791352560,2026-10-07T11:26:00,22687,22689.8,22686.6,22689.15
1791352575,2026-10-07T11:26:15,22689.25,22689.3,22687.85,22688.6
1791352590,2026-10-07T11:26:30,22689.5,22691.7,22688.75,22691.3
1791352605,2026-10-07T11:26:45,22691.15,22691.65,22688,22689.7
1791352620,2026-10-07T11:27:00,22690.2,22691,22688.95,22689.5
1791352635,2026-10-07T11:27:15,22689.5,22690.3,22686.7,22688.35
1791352650,2026-10-07T11:27:30,22689.05,22689.05,22685.2,22685.45
1791352665,2026-10-07T11:27:45,22685.05,22685.5,22681.05,22681.95
1791352680,2026-10-07T11:28:00,22682.9,22685.6,22682.1,22685.4
1791352695,2026-10-07T11:28:15,22685.25,22693.8,22685,22692.45
1791352710,2026-10-07T11:28:30,22694.6,22694.75,22691.15,22694.25
1791352725,2026-10-07T11:28:45,22694.25,22694.35,22691.3,22691.4
1791352740,2026-10-07T11:29:00,22692.75,22692.75,22688.25,22689
1791352755,2026-10-07T11:29:15,22689.05,22689.3,22682.15,22683.35
1791352770,2026-10-07T11:29:30,22685.65,22685.65,22682.9,22683.25
1791352785,2026-10-07T11:29:45,22682.65,22686.1,22682.35,22685.2
1791352800,2026-10-07T11:30:00,22685.75,22687.05,22684.3,22685
1791352815,2026-10-07T11:30:15,22684.85,22684.85,22679.6,22681.8
1791352830,2026-10-07T11:30:30,22683.75,22683.75,22675.3,22678.15
1791352845,2026-10-07T11:30:45,22677.75,22678.35,22672.65,22673.25
1791352860,2026-10-07T11:31:00,22674.15,22676.05,22672.9,22674.9
1791352875,2026-10-07T11:31:15,22675.15,22675.15,22671.7,22671.95
1791352890,2026-10-07T11:31:30,22673.55,22673.55,22669,22669.25
1791352905,2026-10-07T11:31:45,22669,22669.95,22665.35,22665.35
1791352920,2026-10-07T11:32:00,22666.05,22667,22662.6,22663.75
1791352935,2026-10-07T11:32:15,22663.65,22664,22659.85,22660.75
1791352950,2026-10-07T11:32:30,22661.8,22661.8,22659.05,22660
1791352965,2026-10-07T11:32:45,22660.05,22667.5,22659.3,22667.5
1791352980,2026-10-07T11:33:00,22667.4,22671.05,22666.15,22671.05
1791352995,2026-10-07T11:33:15,22670.75,22671.3,22669.25,22670.85
1791353010,2026-10-07T11:33:30,22671.65,22671.65,22666.65,22669.2
1791353025,2026-10-07T11:33:45,22669.35,22672.1,22668.55,22671.55
1791353040,2026-10-07T11:34:00,22672.7,22674.85,22671.5,22673.2
1791353055,2026-10-07T11:34:15,22672.95,22674.2,22669.6,22671.35
1791353070,2026-10-07T11:34:30,22671.45,22671.45,22668.25,22669.95
1791353085,2026-10-07T11:34:45,22670.6,22671.65,22669.85,22671.35
1791353100,2026-10-07T11:35:00,22671.9,22677.45,22670.6,22675.3
1791353115,2026-10-07T11:35:15,22675.45,22676.65,22674.25,22676.15
1791353130,2026-10-07T11:35:30,22676.7,22676.7,22672.5,22672.7
1791353145,2026-10-07T11:35:45,22672.95,22675.85,22672.6,22673.7
1791353160,2026-10-07T11:36:00,22675.45,22679.25,22674.05,22678.65
1791353175,2026-10-07T11:36:15,22678.6,22681,22678.35,22680.35
1791353190,2026-10-07T11:36:30,22681.8,22682.7,22679.8,22681.05
1791353205,2026-10-07T11:36:45,22681.3,22683.2,22680.45,22682.7
1791353220,2026-10-07T11:37:00,22683.7,22685.15,22682.15,22685.1
1791353235,2026-10-07T11:37:15,22685.05,22686.5,22683.6,22685.95
1791353250,2026-10-07T11:37:30,22687.8,22687.8,22685.95,22686.7
1791353265,2026-10-07T11:37:45,22686.7,22689.1,22684.4,22687
1791353280,2026-10-07T11:38:00,22687.65,22688.85,22685.7,22688.85
1791353295,2026-10-07T11:38:15,22688.9,22689.6,22687.8,22688.75
1791353310,2026-10-07T11:38:30,22690.1,22691.15,22689.55,22690.45
1791353325,2026-10-07T11:38:45,22690.95,22694.45,22690.55,22692.45
1791353340,2026-10-07T11:39:00,22694.35,22696.7,22693.25,22695.95
1791353355,2026-10-07T11:39:15,22695.95,22696.05,22692.8,22694.85
1791353370,2026-10-07T11:39:30,22695.2,22695.45,22693.55,22694
1791353385,2026-10-07T11:39:45,22694,22695.25,22689.05,22690.05
1791353400,2026-10-07T11:40:00,22691.25,22691.25,22688.6,22689
1791353415,2026-10-07T11:40:15,22689,22689.55,22686.25,22686.65
1791353430,2026-10-07T11:40:30,22688.1,22690.35,22686.75,22690.15
1791353445,2026-10-07T11:40:45,22690.3,22690.55,22688.9,22690.05
1791353460,2026-10-07T11:41:00,22690.7,22692.85,22688.45,22691.1
1791353475,2026-10-07T11:41:15,22691.75,22692.75,22689.1,22690.1
1791353490,2026-10-07T11:41:30,22692.1,22692.15,22687.1,22687.85
1791353505,2026-10-07T11:41:45,22687.75,22688.1,22684.25,22684.8
1791353520,2026-10-07T11:42:00,22685.9,22685.9,22682.5,22682.85
1791353535,2026-10-07T11:42:15,22683.5,22684.35,22679.8,22680
1791353550,2026-10-07T11:42:30,22681.45,22681.45,22676.95,22679.4
1791353565,2026-10-07T11:42:45,22679.4,22679.45,22676.75,22678.1
1791353580,2026-10-07T11:43:00,22679.15,22680,22677.35,22677.95
1791353595,2026-10-07T11:43:15,22678.35,22679.5,22677.2,22678.35
1791353610,2026-10-07T11:43:30,22679.55,22679.65,22676.85,22677.6
1791353625,2026-10-07T11:43:45,22677.35,22677.35,22673.2,22673.45
1791353640,2026-10-07T11:44:00,22675.45,22675.65,22670.65,22670.8
1791353655,2026-10-07T11:44:15,22671.1,22672.65,22669.2,22670.9
1791353670,2026-10-07T11:44:30,22671.2,22672.5,22669.85,22671.05
1791353685,2026-10-07T11:44:45,22670.8,22673.2,22670.25,22673.2
1791353700,2026-10-07T11:45:00,22674.3,22674.3,22671.6,22672.45
1791353715,2026-10-07T11:45:15,22672.65,22672.7,22669.95,22670.65
1791353730,2026-10-07T11:45:30,22670.8,22673.3,22668.2,22673.3
1791353745,2026-10-07T11:45:45,22673.3,22674.2,22671.8,22672.95
1791353760,2026-10-07T11:46:00,22674.5,22684.95,22673.75,22681.2
1791353775,2026-10-07T11:46:15,22680.9,22682.05,22678.2,22681.95
1791353790,2026-10-07T11:46:30,22682.95,22682.95,22677.8,22677.8
1791353805,2026-10-07T11:46:45,22677.8,22680.5,22674.4,22675.4
1791353820,2026-10-07T11:47:00,22678.25,22678.25,22675.7,22676.7
1791353835,2026-10-07T11:47:15,22676.7,22680.25,22676,22679.4
1791353850,2026-10-07T11:47:30,22680.6,22681.9,22679.2,22681.75
1791353865,2026-10-07T11:47:45,22681.6,22681.75,22679.85,22680.35
1791353880,2026-10-07T11:48:00,22681.6,22681.6,22679.85,22681.4
1791353895,2026-10-07T11:48:15,22681.4,22683.35,22680.75,22682.75
1791353910,2026-10-07T11:48:30,22683.95,22683.95,22681.6,22683.3
1791353925,2026-10-07T11:48:45,22683.1,22684.4,22681.45,22683.75
1791353940,2026-10-07T11:49:00,22684.55,22685.1,22681.45,22683.6
1791353955,2026-10-07T11:49:15,22683.85,22684.9,22683.4,22684.4
1791353970,2026-10-07T11:49:30,22685.75,22686.35,22684.15,22685.5
1791353985,2026-10-07T11:49:45,22685.45,22686.55,22684.05,22685.65
1791354000,2026-10-07T11:50:00,22687.05,22688.15,22685.5,22686.85
1791354015,2026-10-07T11:50:15,22687.15,22687.6,22684.55,22685.1
1791354030,2026-10-07T11:50:30,22686.55,22686.55,22682.2,22682.2
1791354045,2026-10-07T11:50:45,22682.15,22684.9,22681.9,22684.8
1791354060,2026-10-07T11:51:00,22685.7,22685.7,22683.25,22685.5
1791354075,2026-10-07T11:51:15,22684.2,22687.5,22684.15,22686.7
1791354090,2026-10-07T11:51:30,22688.1,22689.65,22686.05,22689.4
1791354105,2026-10-07T11:51:45,22689,22689.75,22687.5,22688
1791354120,2026-10-07T11:52:00,22688.5,22688.7,22685.1,22686.05
1791354135,2026-10-07T11:52:15,22685.45,22686.2,22683.5,22683.7
1791354150,2026-10-07T11:52:30,22684.9,22685.35,22681.95,22683.45
1791354165,2026-10-07T11:52:45,22683.35,22685.1,22682.8,22684.5
1791354180,2026-10-07T11:53:00,22685.85,22688.05,22685.3,22687.8
1791354195,2026-10-07T11:53:15,22687.45,22687.95,22686.2,22687.65
1791354210,2026-10-07T11:53:30,22688.5,22688.5,22685.75,22685.75
1791354225,2026-10-07T11:53:45,22686,22687,22681.45,22683.15
1791354240,2026-10-07T11:54:00,22684.4,22684.4,22679.75,22681.75
1791354255,2026-10-07T11:54:15,22681.95,22682.95,22680.85,22682.75
1791354270,2026-10-07T11:54:30,22683.85,22686.2,22683.6,22685.75
1791354285,2026-10-07T11:54:45,22685.75,22688.6,22684.95,22687.85
1791354300,2026-10-07T11:55:00,22690.05,22690.05,22686.9,22689.05
1791354315,2026-10-07T11:55:15,22688.8,22689.2,22685.9,22688.6
1791354330,2026-10-07T11:55:30,22689.7,22692.45,22688.1,22692.35
1791354345,2026-10-07T11:55:45,22692.35,22695.05,22690.95,22694.65
1791354360,2026-10-07T11:56:00,22695.55,22695.55,22691.15,22692.8
1791354375,2026-10-07T11:56:15,22692.75,22693.4,22688.55,22692.3
1791354390,2026-10-07T11:56:30,22692.95,22692.95,22688.45,22689.25
1791354405,2026-10-07T11:56:45,22688.9,22689.25,22683,22683.6
1791354420,2026-10-07T11:57:00,22684.5,22687.5,22683,22687
1791354435,2026-10-07T11:57:15,22686.95,22687.55,22684.65,22685.65
1791354450,2026-10-07T11:57:30,22687,22687,22684.7,22686.6
1791354465,2026-10-07T11:57:45,22686.3,22687.55,22685.65,22686.3
1791354480,2026-10-07T11:58:00,22688.05,22688.95,22687.4,22688.5
1791354495,2026-10-07T11:58:15,22688.4,22691.65,22687.25,22691
1791354510,2026-10-07T11:58:30,22692.3,22693.2,22688.25,22688.85
1791354525,2026-10-07T11:58:45,22688.7,22689,22686.9,22688.45
1791354540,2026-10-07T11:59:00,22689.1,22689.1,22684.8,22686.4
1791354555,2026-10-07T11:59:15,22686.45,22687.9,22686,22687.8
1791354570,2026-10-07T11:59:30,22688.55,22689.85,22686.45,22689.5
1791354585,2026-10-07T11:59:45,22689.6,22689.95,22686.45,22686.8
1791354600,2026-10-07T12:00:00,22688.05,22689.35,22687,22687.6
1791354615,2026-10-07T12:00:15,22687.9,22688.45,22686,22687.8
1791354630,2026-10-07T12:00:30,22688.75,22688.75,22686.45,22687.3
1791354645,2026-10-07T12:00:45,22686.95,22691.4,22686.6,22691.3
1791354660,2026-10-07T12:01:00,22691.85,22692.9,22690.85,22692
1791354675,2026-10-07T12:01:15,22692.6,22694.4,22689.1,22690
1791354690,2026-10-07T12:01:30,22690.85,22694.2,22690.45,22693.45
1791354705,2026-10-07T12:01:45,22693.6,22695.35,22693.25,22694.7
1791354720,2026-10-07T12:02:00,22695.7,22697.75,22694.7,22696.3
1791354735,2026-10-07T12:02:15,22696.2,22701.2,22694.8,22700.25
1791354750,2026-10-07T12:02:30,22701.3,22701.65,22698.2,22699.6
1791354765,2026-10-07T12:02:45,22699.1,22699.25,22695.65,22695.65
1791354780,2026-10-07T12:03:00,22696.9,22699.6,22696.65,22697.35
1791354795,2026-10-07T12:03:15,22697.55,22699,22695.95,22699
1791354810,2026-10-07T12:03:30,22699.45,22702.2,22699,22701.8
1791354825,2026-10-07T12:03:45,22701.95,22702.5,22700.25,22701.55
1791354840,2026-10-07T12:04:00,22702.8,22705.1,22702.7,22704.8
1791354855,2026-10-07T12:04:15,22704.85,22707.25,22704.8,22705.65
1791354870,2026-10-07T12:04:30,22706.55,22716.6,22705.25,22715.25
1791354885,2026-10-07T12:04:45,22715.55,22717.25,22713,22714.2
1791354900,2026-10-07T12:05:00,22715.4,22715.4,22710.5,22710.55
1791354915,2026-10-07T12:05:15,22711.35,22711.9,22708.95,22711.6
1791354930,2026-10-07T12:05:30,22712.75,22713.3,22709.75,22710.65
1791354945,2026-10-07T12:05:45,22710.25,22713.2,22709.8,22710.5
1791354960,2026-10-07T12:06:00,22711.75,22712.75,22710.5,22711.25
1791354975,2026-10-07T12:06:15,22711.4,22713.2,22710.65,22711.9
1791354990,2026-10-07T12:06:30,22712.5,22712.7,22706.9,22708.95
1791355005,2026-10-07T12:06:45,22709.05,22709.25,22705,22707.8
1791355020,2026-10-07T12:07:00,22708.3,22711,22707,22709.9
1791355035,2026-10-07T12:07:15,22709.85,22709.85,22706.85,22707.8
1791355050,2026-10-07T12:07:30,22708.2,22708.55,22705.9,22706.1
1791355065,2026-10-07T12:07:45,22706.85,22707.55,22703,22704.4
1791355080,2026-10-07T12:08:00,22705.1,22705.15,22700.9,22701.95
1791355095,2026-10-07T12:08:15,22701.45,22703.5,22696.1,22698.15
1791355110,2026-10-07T12:08:30,22698.75,22699.5,22696.45,22697.5
1791355125,2026-10-07T12:08:45,22696.25,22699,22696.25,22697.65
1791355140,2026-10-07T12:09:00,22698.3,22699.55,22696.6,22698.15
1791355155,2026-10-07T12:09:15,22698.2,22698.2,22692,22694.5
1791355170,2026-10-07T12:09:30,22695.3,22696.1,22694.15,22695.75
1791355185,2026-10-07T12:09:45,22695.6,22696.65,22693.95,22696
1791355200,2026-10-07T12:10:00,22696.9,22697,22695.1,22696.8
1791355215,2026-10-07T12:10:15,22696.55,22697.05,22695.05,22695.7
1791355230,2026-10-07T12:10:30,22697.45,22697.7,22694.15,22695.1
1791355245,2026-10-07T12:10:45,22695.35,22695.55,22691.35,22692.35
1791355260,2026-10-07T12:11:00,22692.4,22692.7,22689.8,22690.5
1791355275,2026-10-07T12:11:15,22689.75,22690.45,22685.95,22687.15
1791355290,2026-10-07T12:11:30,22688.2,22688.2,22681.2,22682.1
1791355305,2026-10-07T12:11:45,22682.35,22683.8,22680.2,22680.2
1791355320,2026-10-07T12:12:00,22681.95,22682.2,22678.1,22678.3
1791355335,2026-10-07T12:12:15,22678.65,22678.9,22675.05,22676.85
1791355350,2026-10-07T12:12:30,22678.55,22678.75,22675.7,22677.5
1791355365,2026-10-07T12:12:45,22677.9,22679.2,22675.95,22676.8
1791355380,2026-10-07T12:13:00,22677.55,22677.55,22674.35,22674.95
1791355395,2026-10-07T12:13:15,22674.55,22675.65,22672.55,22672.55
1791355410,2026-10-07T12:13:30,22673.65,22673.65,22665.15,22666.75
1791355425,2026-10-07T12:13:45,22666.95,22669.65,22666.45,22669.65
1791355440,2026-10-07T12:14:00,22670.7,22672.9,22670.05,22672.15
1791355455,2026-10-07T12:14:15,22672.35,22673.2,22670.25,22672.35
1791355470,2026-10-07T12:14:30,22674.05,22674.05,22670.75,22672.1
1791355485,2026-10-07T12:14:45,22671.7,22674.9,22671.1,22674.75
1791355500,2026-10-07T12:15:00,22676.3,22678.9,22674.35,22677.85
1791355515,2026-10-07T12:15:15,22677.55,22678.6,22676.1,22676.8
1791355530,2026-10-07T12:15:30,22677.45,22677.45,22674.25,22675.9
1791355545,2026-10-07T12:15:45,22676.35,22677.65,22674.95,22677.2
1791355560,2026-10-07T12:16:00,22677.8,22684.8,22677.3,22683.1
1791355575,2026-10-07T12:16:15,22683,22684.35,22680.15,22680.95
1791355590,2026-10-07T12:16:30,22681.7,22682.2,22679.7,22681.45
1791355605,2026-10-07T12:16:45,22680.8,22683.3,22680.3,22683.05
1791355620,2026-10-07T12:17:00,22683.5,22684.15,22681.75,22683.5
1791355635,2026-10-07T12:17:15,22683.6,22684.2,22682.25,22684
1791355650,2026-10-07T12:17:30,22684.6,22684.6,22679.1,22680
1791355665,2026-10-07T12:17:45,22680,22681.05,22678.7,22680.75
1791355680,2026-10-07T12:18:00,22680.9,22681,22675.1,22676
1791355695,2026-10-07T12:18:15,22676.25,22678.1,22672.85,22673.35
1791355710,2026-10-07T12:18:30,22674.3,22674.3,22668.35,22669.5
1791355725,2026-10-07T12:18:45,22669.95,22670.65,22667.4,22668.15
1791355740,2026-10-07T12:19:00,22669,22669.1,22664.45,22665.3
1791355755,2026-10-07T12:19:15,22665.3,22670.75,22664.2,22669.9
1791355770,2026-10-07T12:19:30,22670.7,22672.8,22669.5,22670.8
1791355785,2026-10-07T12:19:45,22670.65,22671.45,22668.3,22670.95
1791355800,2026-10-07T12:20:00,22671.3,22671.8,22670.25,22671.15
1791355815,2026-10-07T12:20:15,22671.6,22671.65,22667.9,22669.35
1791355830,2026-10-07T12:20:30,22670.3,22672.55,22669.55,22671.85
1791355845,2026-10-07T12:20:45,22672.1,22672.15,22670.8,22671.2
1791355860,2026-10-07T12:21:00,22671.95,22672,22669.8,22671.1
1791355875,2026-10-07T12:21:15,22671.15,22672.7,22670.5,22672.15
1791355890,2026-10-07T12:21:30,22672.95,22676.1,22671.25,22675.65
1791355905,2026-10-07T12:21:45,22675.8,22676.5,22674.15,22676.15
1791355920,2026-10-07T12:22:00,22676.95,22676.95,22672.5,22672.5
1791355935,2026-10-07T12:22:15,22672.35,22673.3,22670.35,22670.7
1791355950,2026-10-07T12:22:30,22672.35,22672.35,22669.5,22671.65
1791355965,2026-10-07T12:22:45,22671.5,22672.05,22667.35,22668.75
1791355980,2026-10-07T12:23:00,22669.55,22669.55,22666.95,22668.55
1791355995,2026-10-07T12:23:15,22668.25,22670,22667.85,22669.3
1791356010,2026-10-07T12:23:30,22670.9,22671.3,22669.55,22670.9
1791356025,2026-10-07T12:23:45,22670.8,22671.05,22668.65,22669.45
1791356040,2026-10-07T12:24:00,22669.95,22670.1,22665.6,22666.15
1791356055,2026-10-07T12:24:15,22666.55,22668.45,22665.75,22668.4
1791356070,2026-10-07T12:24:30,22669.7,22669.7,22664.85,22666
1791356085,2026-10-07T12:24:45,22665.75,22665.9,22662.85,22664.2
1791356100,2026-10-07T12:25:00,22665.25,22665.25,22663.05,22663.4
1791356115,2026-10-07T12:25:15,22663.35,22665,22661.85,22662.6
1791356130,2026-10-07T12:25:30,22663.8,22664.45,22661.3,22664.05
1791356145,2026-10-07T12:25:45,22664.05,22666.05,22661.95,22665.3
1791356160,2026-10-07T12:26:00,22665.55,22666,22662.55,22663.2
1791356175,2026-10-07T12:26:15,22662.9,22664.5,22662.3,22663.95
1791356190,2026-10-07T12:26:30,22665.4,22665.4,22657.6,22658.4
1791356205,2026-10-07T12:26:45,22658.2,22658.3,22654.75,22654.95
1791356220,2026-10-07T12:27:00,22656.3,22656.65,22653.85,22654.55
1791356235,2026-10-07T12:27:15,22654.6,22655.35,22650.45,22651.4
1791356250,2026-10-07T12:27:30,22653.1,22655.15,22651.6,22654.05
1791356265,2026-10-07T12:27:45,22654.45,22655.9,22652.9,22654.35
1791356280,2026-10-07T12:28:00,22655.2,22655.2,22652.75,22653.85
1791356295,2026-10-07T12:28:15,22653.8,22654,22648.6,22650.45
1791356310,2026-10-07T12:28:30,22651.5,22651.55,22649,22650.65
1791356325,2026-10-07T12:28:45,22650.7,22650.75,22646.85,22648.8
1791356340,2026-10-07T12:29:00,22648.9,22649.75,22647.85,22648.2
1791356355,2026-10-07T12:29:15,22647.75,22649.1,22646.5,22648
1791356370,2026-10-07T12:29:30,22649.05,22649.05,22645.9,22647.75
1791356385,2026-10-07T12:29:45,22647,22649.75,22646.25,22648.9
1791356400,2026-10-07T12:30:00,22650.3,22650.45,22646.45,22647.1
1791356415,2026-10-07T12:30:15,22647.95,22649.9,22646.75,22649.85
1791356430,2026-10-07T12:30:30,22650.7,22653.05,22648.55,22652.45
1791356445,2026-10-07T12:30:45,22652.05,22653.6,22650,22652.35
1791356460,2026-10-07T12:31:00,22653.25,22656.35,22652.25,22654.75
1791356475,2026-10-07T12:31:15,22654.65,22655.25,22652.7,22654.45
1791356490,2026-10-07T12:31:30,22655.75,22655.75,22652,22652.3
1791356505,2026-10-07T12:31:45,22652.45,22654.35,22651.6,22652.75
1791356520,2026-10-07T12:32:00,22654.9,22654.9,22652.5,22653.4
1791356535,2026-10-07T12:32:15,22653.6,22653.6,22650.3,22651.05
1791356550,2026-10-07T12:32:30,22651.1,22651.4,22648.4,22648.55
1791356565,2026-10-07T12:32:45,22649.4,22652.15,22649.05,22652
1791356580,2026-10-07T12:33:00,22652.95,22654.05,22651.8,22653.3
1791356595,2026-10-07T12:33:15,22653.25,22653.3,22648.5,22649.2
1791356610,2026-10-07T12:33:30,22649.65,22649.9,22647.65,22648.85
1791356625,2026-10-07T12:33:45,22649.1,22650.25,22647.65,22648.5
1791356640,2026-10-07T12:34:00,22649.5,22653.05,22648.3,22652.9
1791356655,2026-10-07T12:34:15,22652.9,22656.35,22652.4,22655.75
1791356670,2026-10-07T12:34:30,22657.45,22660.85,22655.3,22660.75
1791356685,2026-10-07T12:34:45,22660.7,22661.05,22658.85,22660.25
1791356700,2026-10-07T12:35:00,22661.7,22662.75,22660.3,22661.15
1791356715,2026-10-07T12:35:15,22661.15,22663.9,22660.75,22662.45
1791356730,2026-10-07T12:35:30,22663.45,22666.15,22662.3,22665.95
1791356745,2026-10-07T12:35:45,22665.75,22666.4,22663.85,22665.55
1791356760,2026-10-07T12:36:00,22666.3,22666.95,22664,22666.4
1791356775,2026-10-07T12:36:15,22666.25,22666.3,22662.25,22662.7
1791356790,2026-10-07T12:36:30,22664.35,22664.35,22658.3,22659.3
1791356805,2026-10-07T12:36:45,22659,22659.85,22657.25,22659.3
1791356820,2026-10-07T12:37:00,22660.2,22660.5,22657.1,22657.9
1791356835,2026-10-07T12:37:15,22658.05,22658.75,22656.55,22657.4
1791356850,2026-10-07T12:37:30,22659.3,22660.35,22657.5,22658.9
1791356865,2026-10-07T12:37:45,22658.45,22659.9,22657.5,22658.55
1791356880,2026-10-07T12:38:00,22658.95,22658.95,22656.9,22658.2
1791356895,2026-10-07T12:38:15,22657.45,22659.05,22656.1,22657.75
1791356910,2026-10-07T12:38:30,22657.85,22659.3,22654.05,22656.8
1791356925,2026-10-07T12:38:45,22656.4,22661.35,22656.2,22659.8
1791356940,2026-10-07T12:39:00,22661,22661.2,22658.7,22660.75
1791356955,2026-10-07T12:39:15,22660.8,22661.65,22659,22660.3
1791356970,2026-10-07T12:39:30,22661.35,22662.05,22659.45,22661.85
1791356985,2026-10-07T12:39:45,22661.9,22663.8,22660.6,22661.65
1791357000,2026-10-07T12:40:00,22662.75,22663.15,22661.25,22662.5
1791357015,2026-10-07T12:40:15,22662.35,22664.55,22660.7,22662.45
1791357030,2026-10-07T12:40:30,22663.65,22664.65,22662.05,22664.05
1791357045,2026-10-07T12:40:45,22663.95,22664.9,22663.05,22664.2
1791357060,2026-10-07T12:41:00,22665.5,22665.65,22662.6,22664.3
1791357075,2026-10-07T12:41:15,22664,22664.7,22662.15,22664.55
1791357090,2026-10-07T12:41:30,22665.3,22665.3,22660.45,22663.65
1791357105,2026-10-07T12:41:45,22663.55,22664.3,22661.8,22663.15
1791357120,2026-10-07T12:42:00,22664.15,22670.5,22663.35,22669.5
1791357135,2026-10-07T12:42:15,22668.7,22669.3,22667.15,22668.05
1791357150,2026-10-07T12:42:30,22669.15,22669.35,22666.4,22669.35
1791357165,2026-10-07T12:42:45,22668.6,22669.9,22666.9,22668.7
1791357180,2026-10-07T12:43:00,22669.75,22671.45,22668,22670.45
1791357195,2026-10-07T12:43:15,22670.55,22671.9,22669.55,22670.7
1791357210,2026-10-07T12:43:30,22671.3,22672.45,22669.75,22671.1
1791357225,2026-10-07T12:43:45,22671.7,22673.3,22670.05,22672.5
1791357240,2026-10-07T12:44:00,22673.85,22675,22672.5,22673.15
1791357255,2026-10-07T12:44:15,22672.9,22674.15,22671.85,22672.55
1791357270,2026-10-07T12:44:30,22672.65,22673.5,22670.55,22671.95
1791357285,2026-10-07T12:44:45,22671.4,22671.85,22667,22667.15
1791357300,2026-10-07T12:45:00,22667.85,22668,22666.5,22667.8
1791357315,2026-10-07T12:45:15,22667.95,22668.75,22665.35,22665.95
1791357330,2026-10-07T12:45:30,22666.65,22667.2,22665.1,22666.95
1791357345,2026-10-07T12:45:45,22666.75,22666.8,22663.65,22663.65
1791357360,2026-10-07T12:46:00,22665.4,22666.6,22661.9,22662.5
1791357375,2026-10-07T12:46:15,22662.4,22663.65,22658.6,22662.6
1791357390,2026-10-07T12:46:30,22664.45,22664.65,22662.45,22662.55
1791357405,2026-10-07T12:46:45,22662.8,22665.55,22661.6,22665
1791357420,2026-10-07T12:47:00,22665.45,22666.5,22664.3,22664.3
1791357435,2026-10-07T12:47:15,22664.25,22664.75,22660.6,22661.55
1791357450,2026-10-07T12:47:30,22662.85,22664,22661.65,22662.8
1791357465,2026-10-07T12:47:45,22662.5,22663.25,22660.4,22661.65
1791357480,2026-10-07T12:48:00,22662.35,22662.9,22658.2,22659.25
1791357495,2026-10-07T12:48:15,22659.7,22660.05,22657.55,22659.1
1791357510,2026-10-07T12:48:30,22659.7,22659.7,22654.8,22654.8
1791357525,2026-10-07T12:48:45,22654.95,22657.25,22654.1,22655.65
1791357540,2026-10-07T12:49:00,22656.3,22659.25,22655,22659.25
1791357555,2026-10-07T12:49:15,22659.3,22661.35,22658.5,22659.15
1791357570,2026-10-07T12:49:30,22659.15,22660.35,22655.95,22658.25
1791357585,2026-10-07T12:49:45,22657.8,22658.35,22655.3,22655.35
1791357600,2026-10-07T12:50:00,22656.5,22656.5,22652.3,22654.05
1791357615,2026-10-07T12:50:15,22654,22654.8,22652.75,22654.45
1791357630,2026-10-07T12:50:30,22655.35,22655.35,22652.65,22653.15
1791357645,2026-10-07T12:50:45,22652.85,22653.9,22650.6,22651.3
1791357660,2026-10-07T12:51:00,22652.6,22652.95,22650.6,22651.05
1791357675,2026-10-07T12:51:15,22651.7,22651.7,22644.25,22645.2
1791357690,2026-10-07T12:51:30,22646.95,22646.95,22642.7,22644.05
1791357705,2026-10-07T12:51:45,22644,22644.35,22642.1,22643.75
1791357720,2026-10-07T12:52:00,22644.75,22645.4,22642.5,22644.85
1791357735,2026-10-07T12:52:15,22644.75,22645.75,22642.65,22643.8
1791357750,2026-10-07T12:52:30,22643.8,22645.05,22642.8,22643.25
1791357765,2026-10-07T12:52:45,22643.35,22649.8,22643.35,22649.2
1791357780,2026-10-07T12:53:00,22648.8,22651.2,22648.2,22650.9
1791357795,2026-10-07T12:53:15,22650.3,22652.85,22648.9,22652.25
1791357810,2026-10-07T12:53:30,22653.75,22654.2,22650.7,22654.2
1791357825,2026-10-07T12:53:45,22654.05,22656.5,22652.8,22655.55
1791357840,2026-10-07T12:54:00,22655,22657.85,22654.45,22657.05
1791357855,2026-10-07T12:54:15,22656.05,22658.75,22655.3,22658.65
1791357870,2026-10-07T12:54:30,22658.35,22659.55,22655.2,22656.35
1791357885,2026-10-07T12:54:45,22656.8,22656.8,22652.4,22652.4
1791357900,2026-10-07T12:55:00,22655.15,22655.3,22653.55,22654.85
1791357915,2026-10-07T12:55:15,22654.75,22654.75,22651.8,22653.9
1791357930,2026-10-07T12:55:30,22653.85,22654.65,22649.75,22651.4
1791357945,2026-10-07T12:55:45,22651.45,22652,22650.25,22651
1791357960,2026-10-07T12:56:00,22651.3,22651.8,22646.5,22646.9
1791357975,2026-10-07T12:56:15,22646.6,22647.5,22643.35,22644.95
1791357990,2026-10-07T12:56:30,22646.45,22648.05,22643.7,22647.65
1791358005,2026-10-07T12:56:45,22647.65,22648.15,22644.75,22647.1
1791358020,2026-10-07T12:57:00,22647.05,22647.55,22643.1,22644.2
1791358035,2026-10-07T12:57:15,22644.05,22644.2,22641.55,22642.25
1791358050,2026-10-07T12:57:30,22642.7,22642.7,22638.4,22638.75
1791358065,2026-10-07T12:57:45,22639.15,22639.15,22629.4,22631.35
1791358080,2026-10-07T12:58:00,22632.5,22633.65,22630.6,22631.5
1791358095,2026-10-07T12:58:15,22631.45,22631.6,22628.25,22629.55
1791358110,2026-10-07T12:58:30,22629.95,22631.6,22627.9,22631.6
1791358125,2026-10-07T12:58:45,22631.6,22631.6,22627.9,22629.7
1791358140,2026-10-07T12:59:00,22630.55,22630.55,22624.05,22625.55
1791358155,2026-10-07T12:59:15,22625.5,22626.25,22623.4,22625.75
1791358170,2026-10-07T12:59:30,22626.25,22626.35,22623.4,22624.45
1791358185,2026-10-07T12:59:45,22625.05,22625.05,22621.65,22621.8
1791358200,2026-10-07T13:00:00,22621.55,22622.3,22615.5,22616.55
1791358215,2026-10-07T13:00:15,22616.2,22617.85,22615.75,22616.3
1791358230,2026-10-07T13:00:30,22617.05,22617.05,22614.5,22615.1
1791358245,2026-10-07T13:00:45,22615,22616.85,22613.35,22616.05
1791358260,2026-10-07T13:01:00,22616.2,22621.95,22615.4,22621.75
1791358275,2026-10-07T13:01:15,22621.55,22625.4,22621.55,22624.6
1791358290,2026-10-07T13:01:30,22625.6,22625.6,22622.9,22624.35
1791358305,2026-10-07T13:01:45,22624.25,22628.2,22623.65,22627.05
1791358320,2026-10-07T13:02:00,22628.5,22629.3,22626.75,22628.15
1791358335,2026-10-07T13:02:15,22628.15,22628.15,22622.85,22623
1791358350,2026-10-07T13:02:30,22622.85,22624.45,22622.15,22622.45
1791358365,2026-10-07T13:02:45,22621.95,22622.6,22619.3,22620.75
1791358380,2026-10-07T13:03:00,22621.05,22622,22619.75,22621.25
1791358395,2026-10-07T13:03:15,22621.25,22621.65,22619.1,22621.3
1791358410,2026-10-07T13:03:30,22622.2,22622.2,22618,22619.4
1791358425,2026-10-07T13:03:45,22619.4,22621.05,22618.1,22619.65
1791358440,2026-10-07T13:04:00,22620.7,22621.7,22617.75,22619.3
1791358455,2026-10-07T13:04:15,22619.2,22620.7,22616.3,22616.3
1791358470,2026-10-07T13:04:30,22616.3,22619.1,22615.65,22615.65
1791358485,2026-10-07T13:04:45,22616.75,22617.2,22611.85,22612.75
1791358500,2026-10-07T13:05:00,22613.9,22613.9,22607.75,22609.5
1791358515,2026-10-07T13:05:15,22609.2,22610.6,22606,22609.15
1791358530,2026-10-07T13:05:30,22610.2,22610.2,22607.75,22609.3
1791358545,2026-10-07T13:05:45,22609.4,22609.8,22602.9,22604.15
1791358560,2026-10-07T13:06:00,22605.35,22605.35,22600.25,22601.3
1791358575,2026-10-07T13:06:15,22600.7,22600.85,22593.2,22594.1
1791358590,2026-10-07T13:06:30,22595.25,22596.9,22593.25,22593.5
1791358605,2026-10-07T13:06:45,22593.45,22594.25,22592.45,22593.25
1791358620,2026-10-07T13:07:00,22594.1,22594.1,22591.7,22592.2
1791358635,2026-10-07T13:07:15,22591.6,22593.7,22590,22593.7
1791358650,2026-10-07T13:07:30,22594.75,22595.15,22593.55,22594.15
1791358665,2026-10-07T13:07:45,22594.35,22594.5,22589.4,22590.05
1791358680,2026-10-07T13:08:00,22591.55,22592.4,22589.2,22590.8
1791358695,2026-10-07T13:08:15,22590.95,22591.1,22584.55,22585.2
1791358710,2026-10-07T13:08:30,22586.5,22586.5,22579.95,22580.55
1791358725,2026-10-07T13:08:45,22580.5,22581.75,22578.9,22579.6
1791358740,2026-10-07T13:09:00,22580.55,22580.9,22564.2,22565.15
1791358755,2026-10-07T13:09:15,22564.7,22567.85,22564.6,22566.7
1791358770,2026-10-07T13:09:30,22568,22568,22564.4,22565.75
1791358785,2026-10-07T13:09:45,22565.6,22565.9,22563.85,22565.65
1791358800,2026-10-07T13:10:00,22566.15,22566.15,22560.45,22562
1791358815,2026-10-07T13:10:15,22561.8,22562.95,22558.55,22558.9
1791358830,2026-10-07T13:10:30,22559.85,22559.85,22555.8,22556.85
1791358845,2026-10-07T13:10:45,22557.2,22557.2,22552.6,22552.75
1791358860,2026-10-07T13:11:00,22553.7,22568.95,22552.9,22568.65
1791358875,2026-10-07T13:11:15,22568.8,22574.2,22567.7,22572.1
1791358890,2026-10-07T13:11:30,22574.9,22575.05,22561.7,22565.05
1791358905,2026-10-07T13:11:45,22564.8,22568.8,22563.6,22567.85
1791358920,2026-10-07T13:12:00,22567.9,22569.3,22565.65,22567
1791358935,2026-10-07T13:12:15,22567.5,22570.65,22566.7,22566.8
1791358950,2026-10-07T13:12:30,22569.2,22579.35,22567.85,22578.6
1791358965,2026-10-07T13:12:45,22578.95,22581.2,22577.3,22580.75
1791358980,2026-10-07T13:13:00,22580.55,22582.85,22578.3,22582.1
1791358995,2026-10-07T13:13:15,22581.7,22583.2,22580.9,22582.6
1791359010,2026-10-07T13:13:30,22583.65,22584.5,22580.65,22584.1
1791359025,2026-10-07T13:13:45,22584.2,22585.9,22582.8,22583
1791359040,2026-10-07T13:14:00,22584.85,22584.85,22580.15,22581.5
1791359055,2026-10-07T13:14:15,22582,22582.65,22578.1,22579.95
1791359070,2026-10-07T13:14:30,22580.95,22581.2,22579.55,22580.05
1791359085,2026-10-07T13:14:45,22580.45,22580.45,22576.1,22578
1791359100,2026-10-07T13:15:00,22579.5,22580.9,22578.45,22579.05
1791359115,2026-10-07T13:15:15,22579.45,22580.5,22573.4,22573.7
1791359130,2026-10-07T13:15:30,22574.65,22578.25,22573.95,22577.6
1791359145,2026-10-07T13:15:45,22577.55,22578.8,22575.35,22577.2
1791359160,2026-10-07T13:16:00,22578.5,22580.65,22577.15,22579.25
1791359175,2026-10-07T13:16:15,22579.1,22582.35,22578.6,22582.05
1791359190,2026-10-07T13:16:30,22582.9,22582.9,22580.5,22581.1
1791359205,2026-10-07T13:16:45,22581.5,22584.5,22580.6,22584.5
1791359220,2026-10-07T13:17:00,22585.05,22585.05,22582,22582.45
1791359235,2026-10-07T13:17:15,22582.6,22584.4,22581.85,22584.05
1791359250,2026-10-07T13:17:30,22585.45,22588.9,22583.1,22588.75
1791359265,2026-10-07T13:17:45,22588.55,22595.15,22586.85,22594.5
1791359280,2026-10-07T13:18:00,22595.5,22596.35,22593.4,22596.35
1791359295,2026-10-07T13:18:15,22596.3,22596.3,22592.3,22594.15
1791359310,2026-10-07T13:18:30,22594.05,22595.4,22591.6,22593.45
1791359325,2026-10-07T13:18:45,22593.7,22593.9,22588.85,22589.65
1791359340,2026-10-07T13:19:00,22590.15,22590.75,22587.8,22587.8
1791359355,2026-10-07T13:19:15,22587.75,22588.5,22585.8,22588.4
1791359370,2026-10-07T13:19:30,22589.05,22589.1,22586.2,22587.1
1791359385,2026-10-07T13:19:45,22587.25,22587.45,22582.4,22583.4
1791359400,2026-10-07T13:20:00,22584.05,22584.05,22582.25,22582.8
1791359415,2026-10-07T13:20:15,22583.45,22585.2,22583.1,22583.45
1791359430,2026-10-07T13:20:30,22585.45,22585.45,22581.05,22581.45
1791359445,2026-10-07T13:20:45,22581.4,22581.8,22580,22580.1
1791359460,2026-10-07T13:21:00,22581.6,22581.65,22576.5,22576.5
1791359475,2026-10-07T13:21:15,22575.9,22576.2,22569.9,22569.95
1791359490,2026-10-07T13:21:30,22571.15,22574.1,22569.75,22573.2
1791359505,2026-10-07T13:21:45,22573.4,22576.25,22572.15,22575.55
1791359520,2026-10-07T13:22:00,22576.4,22581.5,22575.45,22581.1
1791359535,2026-10-07T13:22:15,22581.05,22581.65,22578.55,22578.85
1791359550,2026-10-07T13:22:30,22579.9,22579.9,22573.05,22573.6
1791359565,2026-10-07T13:22:45,22574.1,22575.7,22571.6,22575.1
1791359580,2026-10-07T13:23:00,22575.9,22575.95,22572.4,22573.9
1791359595,2026-10-07T13:23:15,22574.9,22575.6,22571.6,22573.9
1791359610,2026-10-07T13:23:30,22574.7,22574.7,22571.7,22572.1
1791359625,2026-10-07T13:23:45,22571.9,22574.8,22571.2,22574.2
1791359640,2026-10-07T13:24:00,22575.25,22575.35,22571.4,22572.95
1791359655,2026-10-07T13:24:15,22572.6,22574.45,22570.6,22573.8
1791359670,2026-10-07T13:24:30,22575.3,22575.3,22571.3,22572.4
1791359685,2026-10-07T13:24:45,22572.1,22572.95,22568.05,22571.6
1791359700,2026-10-07T13:25:00,22572.55,22572.55,22570.5,22571.05
1791359715,2026-10-07T13:25:15,22571.1,22572,22567.25,22570.4
1791359730,2026-10-07T13:25:30,22572.05,22572.65,22568.6,22569.4
1791359745,2026-10-07T13:25:45,22569.65,22571.8,22568.3,22571
1791359760,2026-10-07T13:26:00,22571.95,22572.2,22569.4,22570.3
1791359775,2026-10-07T13:26:15,22570.65,22571.7,22568.95,22569.8
1791359790,2026-10-07T13:26:30,22570.25,22570.8,22568.55,22570.35
1791359805,2026-10-07T13:26:45,22570.95,22576,22569.9,22575.55
1791359820,2026-10-07T13:27:00,22575.65,22578.95,22575.15,22577.85
1791359835,2026-10-07T13:27:15,22578.05,22580.6,22577.45,22579.9
1791359850,2026-10-07T13:27:30,22581.05,22582.3,22579.25,22581.7
1791359865,2026-10-07T13:27:45,22581.9,22584.25,22579.85,22582.35
1791359880,2026-10-07T13:28:00,22582.35,22584.45,22582.35,22583.35
1791359895,2026-10-07T13:28:15,22583.25,22584.9,22582.05,22583.35
1791359910,2026-10-07T13:28:30,22585.15,22585.15,22583.35,22584.2
1791359925,2026-10-07T13:28:45,22584.2,22586.45,22583.9,22585.75
1791359940,2026-10-07T13:29:00,22586.55,22587.25,22585.15,22586.6
1791359955,2026-10-07T13:29:15,22586.1,22590.95,22584.85,22590.95
1791359970,2026-10-07T13:29:30,22592.7,22594.9,22590.3,22594.9
1791359985,2026-10-07T13:29:45,22595.1,22599.35,22592.95,22593.7
1791360000,2026-10-07T13:30:00,22593.7,22594.6,22589.6,22590.15
1791360015,2026-10-07T13:30:15,22590.25,22591.45,22588.4,22590.5
1791360030,2026-10-07T13:30:30,22592.15,22592.15,22586.9,22589.2
1791360045,2026-10-07T13:30:45,22589.45,22594.7,22587.65,22594.25
1791360060,2026-10-07T13:31:00,22594.8,22595.05,22587,22587
1791360075,2026-10-07T13:31:15,22587.5,22589.65,22585.8,22588.5
1791360090,2026-10-07T13:31:30,22590.3,22592.15,22588.85,22591.8
1791360105,2026-10-07T13:31:45,22591.85,22593.25,22590.1,22591.65
1791360120,2026-10-07T13:32:00,22592.6,22595.5,22591.4,22593.7
1791360135,2026-10-07T13:32:15,22593.7,22594.55,22590.55,22592.5
1791360150,2026-10-07T13:32:30,22592.5,22597.9,22592.5,22597.5
1791360165,2026-10-07T13:32:45,22596.95,22598.6,22595.85,22597.35
1791360180,2026-10-07T13:33:00,22598.8,22599.2,22583,22588.3
1791360195,2026-10-07T13:33:15,22588.1,22590.65,22587.35,22589.95
1791360210,2026-10-07T13:33:30,22591,22594.25,22589.3,22593.5
1791360225,2026-10-07T13:33:45,22593.55,22594,22591.8,22592.95
1791360240,2026-10-07T13:34:00,22594,22594,22590.4,22591.5
1791360255,2026-10-07T13:34:15,22591.35,22592.95,22590.3,22592.3
1791360270,2026-10-07T13:34:30,22592.35,22594.35,22591.45,22592.25
1791360285,2026-10-07T13:34:45,22592.45,22593.95,22591.05,22593.5
1791360300,2026-10-07T13:35:00,22593.25,22595.7,22593.15,22594.9
1791360315,2026-10-07T13:35:15,22594.8,22601.5,22594.7,22601.15
1791360330,2026-10-07T13:35:30,22603.5,22603.75,22600.15,22603.75
1791360345,2026-10-07T13:35:45,22603.45,22603.8,22600.45,22600.8
1791360360,2026-10-07T13:36:00,22603.05,22604.5,22601.45,22601.55
1791360375,2026-10-07T13:36:15,22601.65,22603.55,22597.35,22598.55
1791360390,2026-10-07T13:36:30,22598.65,22600.15,22597.8,22598.9
1791360405,2026-10-07T13:36:45,22599.05,22599.15,22597.35,22598
1791360420,2026-10-07T13:37:00,22599.3,22599.3,22596.9,22597.45
1791360435,2026-10-07T13:37:15,22597.55,22598.7,22596.55,22598.55
1791360450,2026-10-07T13:37:30,22598.55,22600.5,22597.5,22598
1791360465,2026-10-07T13:37:45,22598.15,22599.15,22597.2,22598.5
1791360480,2026-10-07T13:38:00,22600.75,22600.75,22598.25,22598.8
1791360495,2026-10-07T13:38:15,22598.95,22600.6,22598.6,22599.5
1791360510,2026-10-07T13:38:30,22601.2,22601.2,22596.7,22597.05
1791360525,2026-10-07T13:38:45,22597.15,22599.15,22597.05,22597.5
1791360540,2026-10-07T13:39:00,22597.85,22599.1,22594.5,22594.95
1791360555,2026-10-07T13:39:15,22595.05,22595.75,22593.7,22594.85
1791360570,2026-10-07T13:39:30,22596.65,22596.65,22594.55,22594.65
1791360585,2026-10-07T13:39:45,22594.95,22597.05,22594.9,22595.65
1791360600,2026-10-07T13:40:00,22597.25,22597.55,22594.3,22594.3
1791360615,2026-10-07T13:40:15,22594.55,22597,22594.25,22596.2
1791360630,2026-10-07T13:40:30,22596,22597.8,22595.3,22596.15
1791360645,2026-10-07T13:40:45,22596.7,22598.7,22595.75,22596.75
1791360660,2026-10-07T13:41:00,22597.1,22598.55,22596.15,22598.55
1791360675,2026-10-07T13:41:15,22598.3,22598.45,22596.25,22596.95
1791360690,2026-10-07T13:41:30,22598.05,22598.05,22594.6,22597.1
1791360705,2026-10-07T13:41:45,22597.4,22600.2,22596.3,22599.7
1791360720,2026-10-07T13:42:00,22600.5,22600.55,22598.65,22599.4
1791360735,2026-10-07T13:42:15,22598.85,22600.85,22598,22600.85
1791360750,2026-10-07T13:42:30,22601.55,22601.55,22599.4,22600.6
1791360765,2026-10-07T13:42:45,22600.55,22604,22600.2,22603
1791360780,2026-10-07T13:43:00,22603.3,22604.55,22600.25,22600.4
1791360795,2026-10-07T13:43:15,22600.6,22603.15,22600,22602.3
1791360810,2026-10-07T13:43:30,22602.3,22603.05,22597.15,22599.15
1791360825,2026-10-07T13:43:45,22599.25,22601.4,22598.6,22599.45
1791360840,2026-10-07T13:44:00,22601.4,22602.05,22599.7,22600.3
1791360855,2026-10-07T13:44:15,22600.55,22600.7,22596.75,22599.1
1791360870,2026-10-07T13:44:30,22600.6,22602.7,22598.65,22601.8
1791360885,2026-10-07T13:44:45,22602.1,22604.1,22601.6,22603.65
1791360900,2026-10-07T13:45:00,22603.6,22604.65,22601.6,22602.65
1791360915,2026-10-07T13:45:15,22602.5,22603.7,22600.4,22601.15
1791360930,2026-10-07T13:45:30,22602.15,22602.15,22598,22598.35
1791360945,2026-10-07T13:45:45,22598.15,22599.55,22597.5,22598.9
1791360960,2026-10-07T13:46:00,22598.9,22601.15,22597.35,22597.5
1791360975,2026-10-07T13:46:15,22598.7,22599.1,22594.85,22597.1
1791360990,2026-10-07T13:46:30,22599.25,22600.75,22597.05,22600.65
1791361005,2026-10-07T13:46:45,22601,22602.45,22599.75,22601.3
1791361020,2026-10-07T13:47:00,22601.3,22604.95,22601.3,22604.65
1791361035,2026-10-07T13:47:15,22604.55,22604.85,22600.65,22600.65
1791361050,2026-10-07T13:47:30,22602,22602,22597.9,22598.3
1791361065,2026-10-07T13:47:45,22598.55,22602,22597.75,22601.35
1791361080,2026-10-07T13:48:00,22601.65,22601.65,22598.7,22600.45
1791361095,2026-10-07T13:48:15,22600.9,22602.55,22600,22601.75
1791361110,2026-10-07T13:48:30,22602.25,22602.65,22599.35,22601.85
1791361125,2026-10-07T13:48:45,22601.7,22604.95,22601.05,22603.35
1791361140,2026-10-07T13:49:00,22604.7,22604.7,22601.85,22602.6
1791361155,2026-10-07T13:49:15,22602.9,22604.6,22601.85,22604.15
1791361170,2026-10-07T13:49:30,22605.55,22605.55,22601.95,22603.9
1791361185,2026-10-07T13:49:45,22603.9,22605.8,22603.25,22605.1
1791361200,2026-10-07T13:50:00,22605.8,22606.75,22604.25,22605.05
1791361215,2026-10-07T13:50:15,22604.7,22605.35,22602.1,22602.65
1791361230,2026-10-07T13:50:30,22603.7,22603.7,22601.05,22602
1791361245,2026-10-07T13:50:45,22601.9,22604,22600.8,22603.45
1791361260,2026-10-07T13:51:00,22604.05,22605.9,22602.4,22604.8
1791361275,2026-10-07T13:51:15,22604.6,22606.15,22604,22605.05
1791361290,2026-10-07T13:51:30,22605.95,22606.05,22600.45,22600.85
1791361305,2026-10-07T13:51:45,22600.9,22602.35,22597.9,22598.85
1791361320,2026-10-07T13:52:00,22599.6,22599.6,22597.1,22598.05
1791361335,2026-10-07T13:52:15,22597.8,22598.4,22596,22596
1791361350,2026-10-07T13:52:30,22598.25,22598.25,22591.1,22591.35
1791361365,2026-10-07T13:52:45,22591.05,22592.7,22587.35,22588.25
1791361380,2026-10-07T13:53:00,22589.1,22589.6,22585.7,22588.05
1791361395,2026-10-07T13:53:15,22588.1,22588.25,22580,22580
1791361410,2026-10-07T13:53:30,22582.65,22582.65,22574.65,22577.1
1791361425,2026-10-07T13:53:45,22577.1,22578.85,22576.25,22577.5
1791361440,2026-10-07T13:54:00,22578.65,22578.8,22571,22571.8
1791361455,2026-10-07T13:54:15,22571.25,22573.65,22569.8,22572.05
1791361470,2026-10-07T13:54:30,22572.05,22573.2,22570.15,22570.6
1791361485,2026-10-07T13:54:45,22571.2,22577.3,22570.75,22575.8
1791361500,2026-10-07T13:55:00,22575.6,22580.8,22575.6,22580.2
1791361515,2026-10-07T13:55:15,22580.35,22583.6,22578.35,22581.9
1791361530,2026-10-07T13:55:30,22582.8,22583.7,22579,22579.8
1791361545,2026-10-07T13:55:45,22579.65,22586.3,22577.95,22585.95
1791361560,2026-10-07T13:56:00,22586.35,22586.35,22578.95,22580.7
1791361575,2026-10-07T13:56:15,22581.25,22581.25,22575.65,22576.35
1791361590,2026-10-07T13:56:30,22578,22578,22572.6,22573.1
1791361605,2026-10-07T13:56:45,22573.25,22574.05,22571.5,22572.3
1791361620,2026-10-07T13:57:00,22573.7,22573.75,22570.7,22572.05
1791361635,2026-10-07T13:57:15,22573.15,22573.15,22570.15,22571.55
1791361650,2026-10-07T13:57:30,22572.7,22572.8,22570.3,22570.75
1791361665,2026-10-07T13:57:45,22571.9,22571.9,22567.85,22570.1
1791361680,2026-10-07T13:58:00,22571.05,22572.45,22568.9,22570.55
1791361695,2026-10-07T13:58:15,22570.7,22570.7,22566.6,22567.55
1791361710,2026-10-07T13:58:30,22568.45,22568.45,22565.25,22566.45
1791361725,2026-10-07T13:58:45,22566.35,22566.35,22561.3,22561.55
1791361740,2026-10-07T13:59:00,22561.95,22562.7,22560.55,22561.9
1791361755,2026-10-07T13:59:15,22561.75,22562.6,22559.15,22560.5
1791361770,2026-10-07T13:59:30,22561.2,22561.2,22558.65,22560
1791361785,2026-10-07T13:59:45,22560.05,22563.1,22559.05,22563.05
1791361800,2026-10-07T14:00:00,22563.1,22564.9,22561.8,22563.5
1791361815,2026-10-07T14:00:15,22563,22565.45,22556,22556.05
1791361830,2026-10-07T14:00:30,22556.3,22556.3,22547.65,22548.05
1791361845,2026-10-07T14:00:45,22548.25,22552.35,22546.55,22551.1
1791361860,2026-10-07T14:01:00,22551.25,22557.2,22551.25,22556.25
1791361875,2026-10-07T14:01:15,22556.4,22557.75,22553.85,22556.9
1791361890,2026-10-07T14:01:30,22558.05,22563.2,22556.2,22563.2
1791361905,2026-10-07T14:01:45,22563.3,22566.6,22562.55,22565.5
1791361920,2026-10-07T14:02:00,22567.2,22569.35,22564.85,22568.9
1791361935,2026-10-07T14:02:15,22568.65,22572.2,22566.7,22571.8
1791361950,2026-10-07T14:02:30,22572.35,22573.5,22569.45,22573.1
1791361965,2026-10-07T14:02:45,22573.2,22574.7,22571.95,22572.35
1791361980,2026-10-07T14:03:00,22573.8,22575.3,22570.95,22573.95
1791361995,2026-10-07T14:03:15,22573.9,22575.1,22571.85,22572.7
1791362010,2026-10-07T14:03:30,22574.3,22574.3,22568.6,22569.25
1791362025,2026-10-07T14:03:45,22569.35,22572.95,22568.05,22571.1
1791362040,2026-10-07T14:04:00,22571.8,22572.9,22568.95,22572.8
1791362055,2026-10-07T14:04:15,22572.95,22574.5,22572.1,22572.5
1791362070,2026-10-07T14:04:30,22573.8,22573.8,22569.55,22570.55
1791362085,2026-10-07T14:04:45,22570.9,22571.65,22568.25,22571
1791362100,2026-10-07T14:05:00,22572.75,22572.75,22570,22571.35
1791362115,2026-10-07T14:05:15,22571.5,22571.7,22568.65,22570.1
1791362130,2026-10-07T14:05:30,22571.75,22573.75,22570.05,22570.95
1791362145,2026-10-07T14:05:45,22571.2,22573.55,22569.85,22573.5
1791362160,2026-10-07T14:06:00,22573.4,22574.3,22569.25,22570.3
1791362175,2026-10-07T14:06:15,22570.25,22571.2,22568.95,22570.55
1791362190,2026-10-07T14:06:30,22571.35,22571.35,22569.35,22570.3
1791362205,2026-10-07T14:06:45,22570.55,22574.15,22569,22573.6
1791362220,2026-10-07T14:07:00,22574.3,22577,22572.4,22575.6
1791362235,2026-10-07T14:07:15,22575.45,22578.55,22574.25,22575.45
1791362250,2026-10-07T14:07:30,22578,22578,22573.85,22576.65
1791362265,2026-10-07T14:07:45,22576.7,22577.7,22572.3,22574.35
1791362280,2026-10-07T14:08:00,22576.25,22577.65,22573.65,22577.05
1791362295,2026-10-07T14:08:15,22576.95,22577.4,22573.45,22575.6
1791362310,2026-10-07T14:08:30,22576.5,22576.7,22573.4,22575
1791362325,2026-10-07T14:08:45,22574.85,22577.25,22574.25,22575.45
1791362340,2026-10-07T14:09:00,22576.8,22576.8,22570.15,22570.75
1791362355,2026-10-07T14:09:15,22570.85,22571.75,22568.95,22571.45
1791362370,2026-10-07T14:09:30,22572.9,22572.9,22567.5,22568.75
1791362385,2026-10-07T14:09:45,22569.2,22569.2,22565.7,22566.05
1791362400,2026-10-07T14:10:00,22568.35,22569,22563.85,22565.05
1791362415,2026-10-07T14:10:15,22565.5,22566.7,22564.15,22565.25
1791362430,2026-10-07T14:10:30,22567.9,22567.9,22562.05,22563.05
1791362445,2026-10-07T14:10:45,22563.05,22566.55,22562.3,22563.25
1791362460,2026-10-07T14:11:00,22564.35,22564.35,22561.65,22562.55
1791362475,2026-10-07T14:11:15,22562.55,22565.1,22560.75,22561.1
1791362490,2026-10-07T14:11:30,22563.75,22563.75,22560.35,22562.7
1791362505,2026-10-07T14:11:45,22562.85,22562.85,22559,22559
1791362520,2026-10-07T14:12:00,22560.25,22560.25,22556.65,22559.6
1791362535,2026-10-07T14:12:15,22559.4,22562.65,22559.15,22560.85
1791362550,2026-10-07T14:12:30,22562.35,22562.35,22557.05,22557.65
1791362565,2026-10-07T14:12:45,22557.9,22560.25,22556.55,22560.25
1791362580,2026-10-07T14:13:00,22561.05,22561.05,22558.35,22560.5
1791362595,2026-10-07T14:13:15,22560.9,22562.2,22559.3,22560.7
1791362610,2026-10-07T14:13:30,22561.75,22561.75,22558.65,22560
1791362625,2026-10-07T14:13:45,22560.15,22560.8,22558.65,22560.4
1791362640,2026-10-07T14:14:00,22560.3,22563.25,22559.15,22561.85
1791362655,2026-10-07T14:14:15,22562.05,22562.3,22558.05,22559.3
1791362670,2026-10-07T14:14:30,22560,22560,22557.55,22558.2
1791362685,2026-10-07T14:14:45,22557.75,22559.65,22556.6,22559.3
1791362700,2026-10-07T14:15:00,22560.2,22561.65,22558.4,22561.35
1791362715,2026-10-07T14:15:15,22561.4,22565.65,22559.8,22565.25
1791362730,2026-10-07T14:15:30,22566.4,22568.45,22564.45,22568.25
1791362745,2026-10-07T14:15:45,22568.2,22570.1,22566.05,22569.05
1791362760,2026-10-07T14:16:00,22570.2,22570.45,22566.1,22566.9
1791362775,2026-10-07T14:16:15,22566.9,22570.55,22565.85,22570.4
1791362790,2026-10-07T14:16:30,22570.25,22571.25,22569,22571
1791362805,2026-10-07T14:16:45,22571.35,22573.5,22570.75,22571.65
1791362820,2026-10-07T14:17:00,22571.95,22573.9,22570.9,22573.2
1791362835,2026-10-07T14:17:15,22573.1,22574.25,22572.35,22573.4
1791362850,2026-10-07T14:17:30,22574.65,22574.65,22570.9,22571.9
1791362865,2026-10-07T14:17:45,22571.9,22575.3,22571.15,22574.65
1791362880,2026-10-07T14:18:00,22574.95,22577.9,22573.6,22577.55
1791362895,2026-10-07T14:18:15,22577.8,22581.85,22577.35,22581.6
1791362910,2026-10-07T14:18:30,22581.1,22584.75,22581.05,22582
1791362925,2026-10-07T14:18:45,22581.35,22581.45,22578.15,22578.85
1791362940,2026-10-07T14:19:00,22579.65,22580.35,22577.55,22579.75
1791362955,2026-10-07T14:19:15,22579.9,22581,22578.95,22580.1
1791362970,2026-10-07T14:19:30,22580.95,22580.95,22578.55,22580.3
1791362985,2026-10-07T14:19:45,22580.6,22582.75,22578.3,22578.8
1791363000,2026-10-07T14:20:00,22579.8,22582.3,22577.45,22582
1791363015,2026-10-07T14:20:15,22582.3,22590.75,22581.15,22588.35
1791363030,2026-10-07T14:20:30,22588.4,22589.8,22584.7,22585.35
1791363045,2026-10-07T14:20:45,22585.65,22585.65,22581.8,22584.1
1791363060,2026-10-07T14:21:00,22584.5,22584.55,22579.7,22580.85
1791363075,2026-10-07T14:21:15,22580.7,22584.65,22579.95,22582.25
1791363090,2026-10-07T14:21:30,22583.15,22583.15,22578.4,22580.15
1791363105,2026-10-07T14:21:45,22580.2,22583,22578.65,22582.05
1791363120,2026-10-07T14:22:00,22583.95,22584.75,22580.1,22583.4
1791363135,2026-10-07T14:22:15,22583.7,22585.9,22583.05,22584.8
1791363150,2026-10-07T14:22:30,22585.2,22585.2,22579.9,22580.35
1791363165,2026-10-07T14:22:45,22580.45,22580.45,22577.35,22578.9
1791363180,2026-10-07T14:23:00,22578.7,22580.95,22578.5,22580.7
1791363195,2026-10-07T14:23:15,22580.9,22583.45,22579.9,22580
1791363210,2026-10-07T14:23:30,22581.95,22581.95,22578.85,22579.8
1791363225,2026-10-07T14:23:45,22579.95,22583,22577.85,22581.9
1791363240,2026-10-07T14:24:00,22582.45,22587.55,22581.55,22586.4
1791363255,2026-10-07T14:24:15,22586.35,22587.5,22585.35,22587.15
1791363270,2026-10-07T14:24:30,22588.4,22588.4,22583.6,22584.05
1791363285,2026-10-07T14:24:45,22584.65,22586.05,22582.7,22585.1
1791363300,2026-10-07T14:25:00,22585.25,22590.85,22584.6,22590.8
1791363315,2026-10-07T14:25:15,22590.9,22593.85,22589.35,22592.9
1791363330,2026-10-07T14:25:30,22593.55,22593.55,22589.1,22590.3
1791363345,2026-10-07T14:25:45,22590.75,22594.95,22589.75,22594.1
1791363360,2026-10-07T14:26:00,22595.25,22596.2,22591.7,22593.3
1791363375,2026-10-07T14:26:15,22593.6,22603.25,22592.2,22602.6
1791363390,2026-10-07T14:26:30,22604.35,22607.5,22602.25,22607.1
1791363405,2026-10-07T14:26:45,22607.55,22609.65,22606,22608.1
1791363420,2026-10-07T14:27:00,22611.85,22618.85,22608.85,22618.85
1791363435,2026-10-07T14:27:15,22619.35,22619.7,22610.55,22610.55
1791363450,2026-10-07T14:27:30,22612.95,22616.2,22609.2,22614.8
1791363465,2026-10-07T14:27:45,22614.9,22621.8,22611.95,22620.9
1791363480,2026-10-07T14:28:00,22622.9,22633,22620.5,22630.85
1791363495,2026-10-07T14:28:15,22631,22634.3,22630.5,22633.15
1791363510,2026-10-07T14:28:30,22635.95,22635.95,22627.35,22628.2
1791363525,2026-10-07T14:28:45,22628.65,22633.55,22627.85,22632.85
1791363540,2026-10-07T14:29:00,22633.75,22637.5,22629.35,22637.5
1791363555,2026-10-07T14:29:15,22637.75,22648.8,22637.75,22645.65
1791363570,2026-10-07T14:29:30,22647.65,22647.65,22635.25,22639.15
1791363585,2026-10-07T14:29:45,22638.45,22641.25,22637.15,22639.85
1791363600,2026-10-07T14:30:00,22642.15,22643.35,22634.7,22635.7
1791363615,2026-10-07T14:30:15,22635.9,22640.9,22634.85,22640.1
1791363630,2026-10-07T14:30:30,22641.95,22641.95,22637.85,22639.15
1791363645,2026-10-07T14:30:45,22639.15,22640.6,22636.8,22636.9
1791363660,2026-10-07T14:31:00,22637.35,22639.3,22635.7,22638.4
1791363675,2026-10-07T14:31:15,22639.1,22645.55,22637.5,22644.25
1791363690,2026-10-07T14:31:30,22646.8,22646.8,22632.2,22632.2
1791363705,2026-10-07T14:31:45,22633,22639.25,22631.75,22637.35
1791363720,2026-10-07T14:32:00,22638.1,22638.25,22628.7,22631.85
1791363735,2026-10-07T14:32:15,22632.25,22634.5,22630,22634
1791363750,2026-10-07T14:32:30,22635.65,22636.5,22633.9,22635.2
1791363765,2026-10-07T14:32:45,22635.4,22637.9,22634.2,22637.25
1791363780,2026-10-07T14:33:00,22640.25,22644.15,22638.8,22642.4
1791363795,2026-10-07T14:33:15,22640.55,22641.6,22636.65,22637.5
1791363810,2026-10-07T14:33:30,22637.4,22637.65,22633.3,22633.65
1791363825,2026-10-07T14:33:45,22634,22638.25,22633.65,22637.45
1791363840,2026-10-07T14:34:00,22637.75,22637.75,22631.65,22632.9
1791363855,2026-10-07T14:34:15,22633.4,22634.9,22631.4,22633.6
1791363870,2026-10-07T14:34:30,22633.5,22635.7,22628.9,22629.35
1791363885,2026-10-07T14:34:45,22630.45,22631.85,22628.95,22629.35
1791363900,2026-10-07T14:35:00,22629.4,22632.2,22628.65,22629.5
1791363915,2026-10-07T14:35:15,22630.1,22630.1,22622,22625.05
1791363930,2026-10-07T14:35:30,22625.85,22625.85,22620.8,22621
1791363945,2026-10-07T14:35:45,22621.15,22625.55,22619.3,22624.95
1791363960,2026-10-07T14:36:00,22625.1,22625.35,22620.3,22620.65
1791363975,2026-10-07T14:36:15,22621.15,22622.05,22615.6,22616.55
1791363990,2026-10-07T14:36:30,22618.75,22618.9,22614.9,22615.25
1791364005,2026-10-07T14:36:45,22615.25,22619.15,22612.55,22618.65
1791364020,2026-10-07T14:37:00,22620.9,22622.5,22617.45,22621.65
1791364035,2026-10-07T14:37:15,22621.8,22621.9,22616.75,22617.2
1791364050,2026-10-07T14:37:30,22617.05,22617.35,22612.8,22616.15
1791364065,2026-10-07T14:37:45,22616.6,22619.1,22615.65,22617.75
1791364080,2026-10-07T14:38:00,22617.75,22620,22612.35,22612.35
1791364095,2026-10-07T14:38:15,22613,22618.7,22612.4,22617.5
1791364110,2026-10-07T14:38:30,22617.75,22617.75,22613.15,22614.55
1791364125,2026-10-07T14:38:45,22614.5,22615.65,22612.85,22615
1791364140,2026-10-07T14:39:00,22615.2,22616.5,22613.4,22615.5
1791364155,2026-10-07T14:39:15,22615.25,22617.05,22613.85,22614.5
1791364170,2026-10-07T14:39:30,22617.35,22617.35,22611.2,22612.75
1791364185,2026-10-07T14:39:45,22613,22613.15,22607.7,22609.8
1791364200,2026-10-07T14:40:00,22612.15,22612.9,22609.25,22612.15
1791364215,2026-10-07T14:40:15,22612.6,22613.8,22610.55,22611.4
1791364230,2026-10-07T14:40:30,22612.3,22612.3,22607.1,22607.9
1791364245,2026-10-07T14:40:45,22607.8,22610.15,22606.35,22609.8
1791364260,2026-10-07T14:41:00,22612.3,22613.25,22610.75,22612.6
1791364275,2026-10-07T14:41:15,22612.5,22613.9,22610.75,22613.1
1791364290,2026-10-07T14:41:30,22613.9,22613.9,22610.25,22610.25
1791364305,2026-10-07T14:41:45,22610.15,22614.35,22609.4,22614.35
1791364320,2026-10-07T14:42:00,22614.4,22617.05,22614.05,22614.8
1791364335,2026-10-07T14:42:15,22616.9,22618.65,22614.8,22617.2
1791364350,2026-10-07T14:42:30,22617.05,22619.65,22615.45,22615.75
1791364365,2026-10-07T14:42:45,22615.55,22617.55,22614.75,22615.95
1791364380,2026-10-07T14:43:00,22617.1,22619.4,22616.3,22618.45
1791364395,2026-10-07T14:43:15,22619.2,22619.75,22617.1,22617.7
1791364410,2026-10-07T14:43:30,22617.7,22619.8,22617.7,22618.55
1791364425,2026-10-07T14:43:45,22618.55,22619.25,22615.15,22616
1791364440,2026-10-07T14:44:00,22616.7,22618.35,22614.95,22618
1791364455,2026-10-07T14:44:15,22617.95,22619.8,22616.2,22618.45
1791364470,2026-10-07T14:44:30,22620.15,22620.45,22618.15,22618.75
1791364485,2026-10-07T14:44:45,22619.15,22620.85,22618.3,22620.3
1791364500,2026-10-07T14:45:00,22621.65,22621.65,22618.95,22620.15
1791364515,2026-10-07T14:45:15,22620.15,22622.75,22617.55,22617.65
1791364530,2026-10-07T14:45:30,22619.5,22620.3,22618.15,22618.9
1791364545,2026-10-07T14:45:45,22619.45,22620.8,22617.9,22618.35
1791364560,2026-10-07T14:46:00,22618.3,22619,22616.3,22618.35
1791364575,2026-10-07T14:46:15,22618.65,22620.15,22616.4,22619.65
1791364590,2026-10-07T14:46:30,22620.9,22621,22618.75,22619.15
1791364605,2026-10-07T14:46:45,22619.25,22620.8,22617.75,22617.75
1791364620,2026-10-07T14:47:00,22619.1,22619.1,22616.25,22617.55
1791364635,2026-10-07T14:47:15,22617.7,22619.3,22616.7,22617.1
1791364650,2026-10-07T14:47:30,22618.45,22618.45,22611.4,22611.45
1791364665,2026-10-07T14:47:45,22611.1,22611.65,22607.75,22607.75
1791364680,2026-10-07T14:48:00,22609.15,22609.15,22604.35,22604.35
1791364695,2026-10-07T14:48:15,22604.6,22606.4,22603.25,22603.5
1791364710,2026-10-07T14:48:30,22605.5,22605.5,22601,22603.6
1791364725,2026-10-07T14:48:45,22603.4,22606.8,22602.75,22605.7
1791364740,2026-10-07T14:49:00,22607.4,22610.95,22606.35,22610.3
1791364755,2026-10-07T14:49:15,22610.35,22613.2,22609.7,22612.8
1791364770,2026-10-07T14:49:30,22613.85,22615.9,22612.7,22613.4
1791364785,2026-10-07T14:49:45,22613.3,22614.1,22610.75,22612.25
1791364800,2026-10-07T14:50:00,22614.05,22614.3,22609.2,22610
1791364815,2026-10-07T14:50:15,22609.55,22610.5,22606,22606.55
1791364830,2026-10-07T14:50:30,22607.85,22607.85,22603.7,22604.3
1791364845,2026-10-07T14:50:45,22604.5,22604.95,22601.35,22602.2
1791364860,2026-10-07T14:51:00,22603,22603,22592.65,22595.7
1791364875,2026-10-07T14:51:15,22595.6,22595.9,22591.65,22592.65
1791364890,2026-10-07T14:51:30,22593.9,22593.9,22588.2,22589.3
1791364905,2026-10-07T14:51:45,22588.85,22589.85,22582,22583.65
1791364920,2026-10-07T14:52:00,22584.15,22590.25,22582.85,22588.85
1791364935,2026-10-07T14:52:15,22589,22590.7,22586.6,22590.7
1791364950,2026-10-07T14:52:30,22590.45,22593.4,22589.5,22590.65
1791364965,2026-10-07T14:52:45,22590.2,22591.9,22588.9,22590.9
1791364980,2026-10-07T14:53:00,22592.35,22593.45,22590.4,22591.7
1791364995,2026-10-07T14:53:15,22590.85,22592.95,22588.05,22589.8
1791365010,2026-10-07T14:53:30,22591.55,22598.15,22588.95,22597.85
1791365025,2026-10-07T14:53:45,22597.2,22597.65,22595.55,22596.45
1791365040,2026-10-07T14:54:00,22598.2,22601,22596.25,22600.65
1791365055,2026-10-07T14:54:15,22600.9,22601.95,22599,22599.5
1791365070,2026-10-07T14:54:30,22602.55,22602.55,22600.15,22600.5
1791365085,2026-10-07T14:54:45,22600.2,22603.3,22600.15,22602.2
1791365100,2026-10-07T14:55:00,22602.55,22607.1,22602.4,22605.9
1791365115,2026-10-07T14:55:15,22606.4,22607.65,22601.8,22602.4
1791365130,2026-10-07T14:55:30,22604.6,22606.85,22602.3,22605.6
1791365145,2026-10-07T14:55:45,22605.85,22607.35,22604.8,22605.75
1791365160,2026-10-07T14:56:00,22606.9,22608.15,22605.15,22607.25
1791365175,2026-10-07T14:56:15,22607.3,22608.8,22603.95,22604.6
1791365190,2026-10-07T14:56:30,22604.65,22605.75,22603.75,22604.45
1791365205,2026-10-07T14:56:45,22604.05,22604.95,22601.85,22602.05
1791365220,2026-10-07T14:57:00,22603,22607,22601.7,22605.25
1791365235,2026-10-07T14:57:15,22605.2,22606.45,22602.5,22603.3
1791365250,2026-10-07T14:57:30,22604.55,22604.55,22600.4,22601.6
1791365265,2026-10-07T14:57:45,22601.65,22603,22599.55,22601
1791365280,2026-10-07T14:58:00,22600.65,22603.3,22599.75,22602.8
1791365295,2026-10-07T14:58:15,22603.15,22604.2,22599.85,22600.6
1791365310,2026-10-07T14:58:30,22602.95,22605.45,22601.5,22604.85
1791365325,2026-10-07T14:58:45,22604.75,22605.8,22602.35,22604
1791365340,2026-10-07T14:59:00,22603.6,22605.45,22601,22601.9
1791365355,2026-10-07T14:59:15,22602.5,22603.25,22600.35,22601.45
1791365370,2026-10-07T14:59:30,22601.25,22602.8,22599.4,22599.8
1791365385,2026-10-07T14:59:45,22599.55,22600.7,22593.5,22593.5
1791365400,2026-10-07T15:00:00,22593.75,22595.15,22591.15,22592.15
1791365415,2026-10-07T15:00:15,22591.95,22595.45,22590.1,22595.15
1791365430,2026-10-07T15:00:30,22594.65,22595.25,22592,22592.45
1791365445,2026-10-07T15:00:45,22592.45,22592.55,22589.3,22591.25
1791365460,2026-10-07T15:01:00,22591.1,22593.55,22590.75,22592.7
1791365475,2026-10-07T15:01:15,22591.9,22595.2,22591.45,22594.35
1791365490,2026-10-07T15:01:30,22593.7,22595,22592.35,22593.35
1791365505,2026-10-07T15:01:45,22593.1,22594.7,22592.15,22593.4
1791365520,2026-10-07T15:02:00,22593.05,22594.8,22590.7,22591.4
1791365535,2026-10-07T15:02:15,22590.9,22592.4,22589.7,22590.85
1791365550,2026-10-07T15:02:30,22590.75,22591.8,22589.15,22590.6
1791365565,2026-10-07T15:02:45,22590.5,22593.75,22590.25,22591.95
1791365580,2026-10-07T15:03:00,22591.85,22595.15,22591.05,22593.5
1791365595,2026-10-07T15:03:15,22593.1,22596.9,22592.8,22596.85
1791365610,2026-10-07T15:03:30,22595.55,22596.7,22594.35,22595.8
1791365625,2026-10-07T15:03:45,22595.45,22596.85,22593.5,22596.6
1791365640,2026-10-07T15:04:00,22595.45,22598.65,22595.45,22596.1
1791365655,2026-10-07T15:04:15,22595.95,22597.4,22594.8,22596
1791365670,2026-10-07T15:04:30,22595.2,22596.85,22594.15,22595.65
1791365685,2026-10-07T15:04:45,22595.15,22596.8,22594.7,22596.15
1791365700,2026-10-07T15:05:00,22595.25,22596.5,22590.9,22590.9
1791365715,2026-10-07T15:05:15,22591.3,22592.05,22589.2,22591.65
1791365730,2026-10-07T15:05:30,22591.9,22592.55,22588.25,22589.05
1791365745,2026-10-07T15:05:45,22589.5,22589.75,22586.4,22588.1
1791365760,2026-10-07T15:06:00,22588.1,22589,22582.05,22582.5
1791365775,2026-10-07T15:06:15,22582.75,22585.25,22582.15,22584.25
1791365790,2026-10-07T15:06:30,22584,22585.7,22583.05,22583.65
1791365805,2026-10-07T15:06:45,22583.85,22586.85,22583.85,22585.65
1791365820,2026-10-07T15:07:00,22585.75,22586.65,22581.6,22582.1
1791365835,2026-10-07T15:07:15,22582,22585.2,22582,22583.5
1791365850,2026-10-07T15:07:30,22584.25,22584.95,22581.85,22584.55
1791365865,2026-10-07T15:07:45,22584.4,22585.2,22582.3,22584.5
1791365880,2026-10-07T15:08:00,22584.5,22585.1,22582.1,22582.3
1791365895,2026-10-07T15:08:15,22583.5,22583.5,22581.1,22581.85
1791365910,2026-10-07T15:08:30,22581.55,22582.15,22579.2,22579.8
1791365925,2026-10-07T15:08:45,22579.75,22580.4,22577.75,22579.1
1791365940,2026-10-07T15:09:00,22577.9,22580,22574.4,22578.95
1791365955,2026-10-07T15:09:15,22580.7,22580.7,22577.1,22579.85
1791365970,2026-10-07T15:09:30,22579.3,22580.65,22578.6,22580.2
1791365985,2026-10-07T15:09:45,22580.35,22583.6,22579.5,22583.05
1791366000,2026-10-07T15:10:00,22582.8,22583.1,22579.5,22581.7
1791366015,2026-10-07T15:10:15,22583.3,22585.05,22582.3,22583.45
1791366030,2026-10-07T15:10:30,22582.7,22586.45,22581.95,22585.95
1791366045,2026-10-07T15:10:45,22585.25,22586.45,22583.2,22584
1791366060,2026-10-07T15:11:00,22582.95,22585.1,22582.45,22584.85
1791366075,2026-10-07T15:11:15,22587.1,22588.4,22585.25,22587.1
1791366090,2026-10-07T15:11:30,22587.2,22587.7,22581.7,22584.75
1791366105,2026-10-07T15:11:45,22584.9,22586.45,22583.9,22585.65
1791366120,2026-10-07T15:12:00,22585.3,22587.45,22580.05,22586.35
1791366135,2026-10-07T15:12:15,22587.1,22589.1,22584.2,22585.9
1791366150,2026-10-07T15:12:30,22584.55,22589.15,22578.95,22581.8
1791366165,2026-10-07T15:12:45,22580.6,22586.85,22580.25,22585.8
1791366180,2026-10-07T15:13:00,22584,22588.5,22584,22587.65
1791366195,2026-10-07T15:13:15,22587.6,22590.05,22586.35,22588.3
1791366210,2026-10-07T15:13:30,22588.1,22590.8,22587.25,22590.5
1791366225,2026-10-07T15:13:45,22590.15,22593.2,22588.05,22588.25
1791366240,2026-10-07T15:14:00,22588.35,22590.35,22586.3,22589.95
1791366255,2026-10-07T15:14:15,22592.05,22592.45,22588.5,22591.4
1791366270,2026-10-07T15:14:30,22591,22602.5,22588.85,22597.15
1791366285,2026-10-07T15:14:45,22598.55,22615.45,22596.45,22615.45
1791366300,2026-10-07T15:15:00,22615.45,22615.45,22615.45,22615.45
1791366315,2026-10-07T15:15:15,22615.45,22615.45,22615.45,22615.45
1791366330,2026-10-07T15:15:30,22615.45,22615.45,22615.45,22615.45
1791366345,2026-10-07T15:15:45,22615.45,22615.45,22615.45,22615.45
1791366360,2026-10-07T15:16:00,22615.45,22615.45,22615.45,22615.45
1791366375,2026-10-07T15:16:15,22615.45,22615.45,22615.45,22615.45
1791366390,2026-10-07T15:16:30,22615.45,22615.45,22615.45,22615.45
1791366405,2026-10-07T15:16:45,22615.45,22615.45,22615.45,22615.45
1791366420,2026-10-07T15:17:00,22615.45,22615.45,22615.45,22615.45
1791366435,2026-10-07T15:17:15,22615.45,22615.45,22615.45,22615.45
1791366450,2026-10-07T15:17:30,22615.45,22615.45,22615.45,22615.45
1791366465,2026-10-07T15:17:45,22615.45,22615.45,22615.45,22615.45
1791366480,2026-10-07T15:18:00,22615.45,22615.45,22615.45,22615.45
1791366495,2026-10-07T15:18:15,22615.45,22615.45,22615.45,22615.45
1791366510,2026-10-07T15:18:30,22615.45,22615.45,22615.45,22615.45
1791366525,2026-10-07T15:18:45,22615.45,22615.45,22615.45,22615.45
1791366540,2026-10-07T15:19:00,22615.45,22615.45,22615.45,22615.45
1791366555,2026-10-07T15:19:15,22615.45,22615.45,22615.45,22615.45
1791366570,2026-10-07T15:19:30,22615.45,22615.45,22615.45,22615.45
1791366585,2026-10-07T15:19:45,22615.45,22615.45,22615.45,22615.45
1791366600,2026-10-07T15:20:00,22615.45,22615.45,22615.45,22615.45
1791366615,2026-10-07T15:20:15,22615.45,22615.45,22615.45,22615.45
1791366630,2026-10-07T15:20:30,22615.45,22615.45,22615.45,22615.45
1791366645,2026-10-07T15:20:45,22615.45,22615.45,22615.45,22615.45
1791366660,2026-10-07T15:21:00,22615.45,22615.45,22615.45,22615.45
1791366675,2026-10-07T15:21:15,22615.45,22615.45,22615.45,22615.45
1791366690,2026-10-07T15:21:30,22615.45,22615.45,22615.45,22615.45
1791366705,2026-10-07T15:21:45,22615.45,22615.45,22615.45,22615.45
1791366720,2026-10-07T15:22:00,22615.45,22615.45,22615.45,22615.45
1791366735,2026-10-07T15:22:15,22615.45,22615.45,22615.45,22615.45
1791366750,2026-10-07T15:22:30,22615.45,22615.45,22615.45,22615.45
1791366765,2026-10-07T15:22:45,22615.45,22615.45,22615.45,22615.45
1791366780,2026-10-07T15:23:00,22615.45,22615.45,22615.45,22615.45
1791366795,2026-10-07T15:23:15,22615.45,22615.45,22615.45,22615.45
1791366810,2026-10-07T15:23:30,22615.45,22615.45,22615.45,22615.45
1791366825,2026-10-07T15:23:45,22615.45,22615.45,22615.45,22615.45
1791366840,2026-10-07T15:24:00,22615.45,22615.45,22615.45,22615.45
1791366855,2026-10-07T15:24:15,22615.45,22615.45,22615.45,22615.45
1791366870,2026-10-07T15:24:30,22615.45,22615.45,22615.45,22615.45
1791366885,2026-10-07T15:24:45,22615.45,22615.45,22615.45,22615.45
1791366900,2026-10-07T15:25:00,22615.45,22615.45,22615.45,22615.45
1791366915,2026-10-07T15:25:15,22615.45,22615.45,22615.45,22615.45
1791366930,2026-10-07T15:25:30,22615.45,22615.45,22615.45,22615.45
1791366945,2026-10-07T15:25:45,22615.45,22615.45,22615.45,22615.45
1791366960,2026-10-07T15:26:00,22615.45,22615.45,22615.45,22615.45
1791366975,2026-10-07T15:26:15,22615.45,22615.45,22615.45,22615.45
1791366990,2026-10-07T15:26:30,22615.45,22615.45,22615.45,22615.45
1791367005,2026-10-07T15:26:45,22615.45,22615.45,22615.45,22615.45
1791367020,2026-10-07T15:27:00,22615.45,22615.45,22615.45,22615.45
1791367035,2026-10-07T15:27:15,22615.45,22615.45,22615.45,22615.45
1791367050,2026-10-07T15:27:30,22615.45,22615.45,22615.45,22615.45
1791367065,2026-10-07T15:27:45,22615.45,22615.45,22615.45,22615.45
1791367080,2026-10-07T15:28:00,22615.45,22615.45,22615.45,22615.45
1791367095,2026-10-07T15:28:15,22615.45,22615.45,22615.45,22615.45
1791367110,2026-10-07T15:28:30,22615.45,22615.45,22615.45,22615.45
1791367125,2026-10-07T15:28:45,22615.45,22615.45,22615.45,22615.45
1791367140,2026-10-07T15:29:00,22615.45,22615.45,22615.45,22615.45
1791367155,2026-10-07T15:29:15,22615.45,22615.45,22603.05,22603.05
1791367170,2026-10-07T15:29:30,22603.05,22603.05,22603.05,22603.05
1791367185,2026-10-07T15:29:45,22603.05,22603.05,22603.05,22603.05